time,[BMS] Auxillary Battery Voltage (V),[BMS] Battery Current (A),[BMS] Battery DC Voltage (V),[BMS] Battery Fan Duty Feedback (%),[BMS] Battery Fan Feedback (Hz),[BMS] Battery Fan Status (),[BMS] Battery management (),[BMS] Battery Pack B01 (℉),[BMS] Battery Pack B02 (℉),[BMS] Battery Pack B03 (℉),[BMS] Battery Pack B04 (℉),[BMS] Battery Pack B05 (℉),[BMS] Battery Power (kW),[BMS] Battery temperature at WCS input (℉),[BMS] Battery temperature PRA (℉),[BMS] Battery work time total (h) (h),[BMS] Battery work time total (sec.) (sec.),[BMS] BMS Ignition (),[BMS] BMS Main Relay (),[BMS] CALC Average Cell Voltage 58kWh (V),[BMS] CALC Average Cell Voltage 72kWh (V),[BMS] CALC Average Cell Voltage 77kWh (V),[BMS] Cumulative Charge Current (Ah),[BMS] Cumulative Discharge Current (Ah),[BMS] Cumulative Energy Charged (kWh),[BMS] Cumulative Energy Discharged (kWh),[BMS] DATC A/C Compressor operation RPM var.1 (rpm),[BMS] Drive Motor Speed 1 (rpm),[BMS] Drive Motor Speed 2 (rpm),[BMS] HV_Charging (),[BMS] Inverter Capacitor Voltage (V),[BMS] Isolation Resistance (kOhm),[BMS] Maximum Cell Voltage (V),[BMS] Maximum Cell Voltage No (),[BMS] Minimum Cell Voltage (V),[BMS] Minimum Cell Voltage No (),[BMS] Normal Charge Port (),[BMS] Operating Time (Hours),[BMS] Rapid Charge Port (),[BMS] State of Charge BMS (%),[HVAC] Coolant temperature #1 (℉),[HVAC] Evaporator Temperature (℉),[HVAC] Humidity sensor for automatic defogger (%),[HVAC] Interior temperature: driver legs vent (℉),[HVAC] Interior temperature: driver vent (℉),[HVAC] Interior temperature: front (℉),[HVAC] Outside temperature (℉),[ICCU] Aux. Battery Current (A),[ICCU] Aux. Battery State of Charge (%),[ICCU] Aux. Battery Voltage (V),[ICCU] LDC Input Voltage (V),[ICCU] LDC Output Current (A),[ICCU] LDC Output Voltage (V),[ICCU] OBC AC Current A (RMS) (A),[ICCU] OBC AC Current B (RMS) (A),[ICCU] OBC AC Frequency (Hz),[ICCU] OBC AC Input Current Sensor A Signal Voltage (V),[ICCU] OBC AC Input Current Sensor B Signal Voltage (V),[ICCU] OBC AC Total Current (RMS) (A),[ICCU] OBC AC Voltage A (RMS) (V),[ICCU] OBC AC Voltage B (RMS) (V),[ICCU] OBC DC Current A (RMS) (A),[ICCU] OBC DC Current B (RMS) (A),[ICCU] OBC DC Current Total (RMS) (A),[ICCU] OBC DC Voltage (V),[PS] Absolute wheels turn angle (°),[PS] MDPS motor current (A),[VCMS] 400V Relay On/Off request (),[VCMS] 400V Relay Status (),[VCMS] AC Charger current (A),[VCMS] AC Charging Counter (),[VCMS] AC Charging Time (Hours),[VCMS] AC Charging Time after plug-in (min),[VCMS] AC Inlet temperature 1 (℉),[VCMS] Battery main relay status (),[VCMS] BMS Target current (A),[VCMS] BMS Target voltage (V),[VCMS] Charging socket connected (),[VCMS] CP duty cycle (%),[VCMS] CP voltage (V),[VCMS] Cumulative DC Charging time (h),[VCMS] DC Charger current capability (A),[VCMS] DC Charging counter (),[VCMS] DC Charging time after plug-in (min),[VCMS] DC Inlet Temperature 1 (℉),[VCMS] DC Inlet Temperature 2 (℉),[VCMS] EV Max Current (A),[VCMS] EV Max Voltage (V),[VCMS] EVSE Current regulation tolerance Value (A),[VCMS] EVSE Delivered Power Value (Wh),[VCMS] EVSE Main Power (kW),[VCMS] EVSE Maximum Current Value (A),[VCMS] EVSE Maximum Power value (W),[VCMS] EVSE Maximum Voltage Value (V),[VCMS] EVSE Minimum Current Value (A),[VCMS] EVSE Minimum Voltage Value (V),[VCMS] EVSE Output Current (A),[VCMS] EVSE Output Voltage (V),[VCMS] EVSE Target Current (A),[VCMS] EVSE Target Voltage (V),[VCMS] HV Battery SoC (%),[VCMS] HV Battery Voltage (V),[VCMS] PD voltage (V),[VCS] Accelerator pedal position (%),[VCS] Aux. battery voltage (V),Average speed (mph),DC Charger Power (kW),Distance travelled (Today) (miles),Distance travelled (Week) (miles),Energy costs ($),Energy used (kWh),EV Instant Energy Consumption (distance/kWh) (km/kWh),EV Instant Energy Consumption (kWh) (kWh),EV Instant Energy Consumption (kWh/distance) (mi/kWh),HV EV Battery Power (kW),Hybrid/EV Charger Power (kW),Vehicle acceleration (g),[BMS] Battery Inlet Temperature (℃),[BMS] Battery Max Temperature (℃),[BMS] Battery Min Temperature (℃),[BMS] Coolant temperature 2 (℃),[HVAC] Coolant temperature 1 (℃),[HVAC] Indoor Temperature (℃),[HVAC] Inverter temperature (℃),[HVAC] Outdoor Temperature (℃),[ICCU] Aux. Battery Temperature (℃),[ICCU] LDC Temperature (℃),[ICCU] OBC Temperature A (℃),[ICCU] OBC Temperature B (℃),[VCS] Vehicle speed (high res.) (km/h),[HVAC] Real Vehicle Speed (km/h),Distance travelled (km),Distance travelled (total) (km),12V device load (A)
0.0,,,,0.0,,,23.0,,,,,,,48.2,57.2,,,,,,,,,,,,800.0,,,,,,,,,,,,,,,,,,,,,,,,,,,,,,,,,,,,,,,,,,,,,,,,,,,,,,,,,,,,,,,,,,,,,,,,,,,,,,,,,,,,,,,,,,,,,,9.000000000000002,,,,,,,,,,,,,
1.0,14.1,0.0,750.1,0.0,0.0,0.0,23.0,50.0,50.0,50.0,50.0,50.0,0.0,48.2,57.2,11299.104722222222,40676777.0,0.0,0.0,5.20902777777778,4.16722222222222,3.90677083333333,25036.1,24773.0,18453.8,17865.9,800.0,0.0,0.0,0.0,750.0,2423.0,3.9,3.0,3.9,17.0,0.0,11299.1047222222,0.0,69.0,,45.5,51.0,90.5,85.1,65.30000000000001,48.2,,,,,,,,,,,,,,,,,,,,,,,,,,,,,,,,,,,,,,,,,,,,,,,,,,,,,,,,,0.0,14.4805365,,,,,,,,,,0.0,,,9.000000000000002,10.999999999999998,10.0,9.000000000000002,,18.500000000000007,,9.000000000000002,,,,,0.0,0.0,,,
2.0,14.1,0.0,750.1,0.0,0.0,0.0,23.0,50.0,50.0,50.0,50.0,50.0,0.0,48.2,57.2,11299.104722222222,40676777.0,0.0,0.0,5.20902777777778,4.16722222222222,3.90677083333333,25036.1,24773.0,18453.8,17865.9,800.0,0.0,0.0,0.0,750.0,2423.0,3.9,3.0,3.9,17.0,0.0,11299.1047222222,0.0,69.0,,45.5,51.0,90.5,85.1,65.30000000000001,48.2,,,,,,,,,,,,,,,,,,,,,0.0,0.0,3.4,908.0,2857.0,28.0,53.6,1.0,0.0,825.6,0.0,56.7,5.800000000000001,13.0,0.0,41.0,0.0,51.8,51.8,350.0,825.6,-50.0,0.0,0.0,0.0,0.0,400.0,0.0,0.0,0.0,0.0,0.0,0.0,70.0,750.1,1.49,0.0,14.4805365,,0.0,,,,,,,,0.0,0.0,,9.000000000000002,10.999999999999998,10.0,9.000000000000002,,18.500000000000007,,9.000000000000002,,,,,0.0,0.0,,,
3.0,14.1,0.0,750.0,0.0,0.0,0.0,23.0,50.0,50.0,50.0,50.0,50.0,0.0,48.2,57.2,11299.10527777778,40676779.0,0.0,0.0,5.20833333333333,4.16666666666667,3.90625,25036.1,24773.0,18453.8,17865.9,780.0,0.0,0.0,0.0,750.0,2423.0,3.9,40.0,3.9,17.0,0.0,11299.1052777778,0.0,69.0,103.1,45.5,51.0,90.5,85.1,65.30000000000001,48.2,0.0900000000000318,100.0,14.5,747.0,22.57,14.651,2.48,2.62,60.0,2.58,2.5500000000000003,5.09,246.0,0.0,1.4,0.0,1.4,747.2,,,0.0,0.0,3.4,908.0,2857.0,28.0,53.6,1.0,0.0,825.6,0.0,56.7,5.800000000000001,13.0,0.0,41.0,0.0,51.8,51.8,350.0,825.6,-50.0,0.0,0.0,0.0,0.0,400.0,0.0,0.0,0.0,0.0,0.0,0.0,70.0,750.1,1.49,0.0,14.4805365,0.0,0.0,0.0,28.388993279249185,0.0,0.0,,0.0,,0.0,0.0,,9.000000000000002,10.999999999999998,10.0,9.000000000000002,39.5,18.500000000000007,47.0,9.000000000000002,12.5,16.0,19.0,17.0,0.0,0.0,0.0,115.22332955291098,22.47999999999997
4.0,14.1,0.0,750.0,0.0,0.0,0.0,23.0,50.0,50.0,50.0,50.0,50.0,0.0,48.2,57.2,11299.10527777778,40676779.0,0.0,0.0,5.20833333333333,4.16666666666667,3.90625,25036.1,24773.0,18453.8,17865.9,780.0,0.0,0.0,0.0,750.0,2423.0,3.9,40.0,3.9,17.0,0.0,11299.1052777778,0.0,69.0,103.1,45.5,51.0,90.5,85.1,65.30000000000001,48.2,0.0900000000000318,100.0,14.5,747.0,22.57,14.651,2.48,2.62,60.0,2.58,2.5500000000000003,5.09,246.0,0.0,1.4,0.0,1.4,747.2,,,0.0,0.0,3.4,908.0,2857.0,28.0,53.6,1.0,0.0,825.6,0.0,56.7,5.800000000000001,13.0,0.0,41.0,0.0,51.8,51.8,350.0,825.6,-50.0,0.0,0.0,0.0,0.0,400.0,0.0,0.0,0.0,0.0,0.0,0.0,70.0,750.1,1.49,0.0,14.4898142,0.0,0.0,0.0,28.388993279249185,0.0,0.0,,0.0,,0.0,0.0,,9.000000000000002,10.999999999999998,10.0,9.000000000000002,39.5,18.500000000000007,47.0,9.000000000000002,12.5,16.0,19.0,17.0,0.0,0.0,0.0,115.22332955291098,22.47999999999997
5.0,14.1,0.0,750.1,0.0,0.0,0.0,23.0,50.0,50.0,50.0,50.0,50.0,0.0,48.2,57.2,11299.10611111111,40676782.0,0.0,0.0,5.20902777777778,4.16722222222222,3.90677083333333,25036.1,24773.0,18453.8,17865.9,780.0,0.0,0.0,0.0,750.0,2423.0,3.9,3.0,3.9,17.0,0.0,11299.1061111111,0.0,69.0,103.1,45.5,51.0,90.5,85.1,65.30000000000001,48.2,0.0900000000000318,100.0,14.5,747.0,22.57,14.651,2.49,2.62,60.0,2.51,2.49,5.11,246.1,0.0,1.4,0.0,1.4,748.3000000000001,,,0.0,0.0,3.4,908.0,2857.0,28.0,53.6,1.0,0.0,825.6,0.0,56.7,5.800000000000001,13.0,0.0,41.0,0.0,51.8,51.8,350.0,825.6,-50.0,0.0,0.0,0.0,0.0,400.0,0.0,0.0,0.0,0.0,0.0,0.0,70.0,750.1,1.491,0.0,14.4898142,0.0,0.0,0.0,28.388993279249185,0.0,0.0,0.0,0.0,,0.0,0.0,,9.000000000000002,10.999999999999998,10.0,9.000000000000002,39.5,18.500000000000007,47.0,9.000000000000002,12.5,16.0,19.0,17.0,0.0,0.0,0.0,115.22332955291098,22.47999999999997
6.0,14.1,0.0,750.1,0.0,0.0,0.0,23.0,50.0,50.0,50.0,50.0,50.0,0.0,48.2,57.2,11299.10611111111,40676782.0,0.0,0.0,5.20902777777778,4.16722222222222,3.90677083333333,25036.1,24773.0,18453.8,17865.9,780.0,0.0,0.0,0.0,750.0,2423.0,3.9,3.0,3.9,17.0,0.0,11299.1061111111,0.0,69.0,103.1,45.5,51.0,90.5,85.1,65.30000000000001,48.2,0.0900000000000318,100.0,14.5,747.0,22.57,14.651,2.49,2.62,60.0,2.51,2.49,5.11,246.1,0.0,1.4,0.0,1.4,748.3000000000001,,,0.0,0.0,3.4,908.0,2857.0,28.0,53.6,1.0,0.0,825.6,0.0,56.7,5.800000000000001,13.0,0.0,41.0,0.0,51.8,51.8,350.0,825.6,-50.0,0.0,0.0,0.0,0.0,400.0,0.0,0.0,0.0,0.0,0.0,0.0,70.0,750.1,1.491,0.0,14.4893259,0.0,0.0,0.0,28.388993279249185,0.0,0.0,0.0,0.0,,0.0,0.0,,9.000000000000002,10.999999999999998,10.0,9.000000000000002,39.5,18.500000000000007,47.0,9.000000000000002,12.5,16.0,19.0,17.0,0.0,0.0,0.0,115.22332955291098,22.47999999999997
7.0,14.1,0.0,750.1,0.0,0.0,0.0,23.0,50.0,50.0,50.0,50.0,50.0,0.0,48.2,57.2,11299.10638888889,40676783.0,0.0,0.0,5.20902777777778,4.16722222222222,3.90677083333333,25036.1,24773.0,18453.8,17865.9,800.0,0.0,0.0,0.0,750.0,2423.0,3.9,2.0,3.9,17.0,0.0,11299.1063888889,0.0,69.0,103.1,45.5,51.0,90.5,85.1,65.30000000000001,48.2,0.0900000000000318,100.0,14.5,747.0,22.57,14.651,2.48,2.62,60.0,2.61,2.56,5.1000000000000005,246.1,0.0,1.4,0.0,1.4,747.2,,,0.0,0.0,3.4,908.0,2857.0,28.0,53.6,1.0,0.0,825.6,0.0,56.7,5.800000000000001,13.0,0.0,41.0,0.0,51.8,51.8,350.0,825.6,-50.0,0.0,0.0,0.0,0.0,400.0,0.0,0.0,0.0,0.0,0.0,0.0,70.0,750.1,1.491,0.0,14.4893259,0.0,0.0,0.0,28.388993279249185,0.0,0.0,0.0,0.0,,0.0,0.0,,9.000000000000002,10.999999999999998,10.0,9.000000000000002,39.5,18.500000000000007,47.0,9.000000000000002,12.5,16.0,19.0,17.0,0.0,0.0,0.0,115.22332955291098,22.47999999999997
8.0,14.1,0.0,750.1,0.0,0.0,0.0,23.0,50.0,50.0,50.0,50.0,50.0,0.0,48.2,57.2,11299.10638888889,40676783.0,0.0,0.0,5.20902777777778,4.16722222222222,3.90677083333333,25036.1,24773.0,18453.8,17865.9,800.0,0.0,0.0,0.0,750.0,2423.0,3.9,2.0,3.9,17.0,0.0,11299.1063888889,0.0,69.0,103.1,45.5,51.0,90.5,85.1,65.30000000000001,48.2,0.0900000000000318,100.0,14.5,747.0,22.57,14.651,2.48,2.62,60.0,2.61,2.56,5.1000000000000005,246.1,0.0,1.4,0.0,1.4,747.2,,,0.0,0.0,3.4,908.0,2857.0,28.0,53.6,1.0,0.0,825.6,0.0,56.7,5.800000000000001,13.0,0.0,41.0,0.0,51.8,51.8,350.0,825.6,-50.0,0.0,0.0,0.0,0.0,400.0,0.0,0.0,0.0,0.0,0.0,0.0,70.0,750.1,1.49,0.0,14.4815131,0.0,0.0,0.0,28.388993279249185,0.0,0.0,0.0,0.0,,0.0,0.0,,9.000000000000002,10.999999999999998,10.0,9.000000000000002,39.5,18.500000000000007,47.0,9.000000000000002,12.5,16.0,19.0,17.0,0.0,0.0,0.0,115.22332955291098,22.47999999999997
9.0,14.1,0.0,750.1,0.0,0.0,0.0,23.0,50.0,50.0,50.0,50.0,50.0,0.0,48.2,57.2,11299.106944444444,40676785.0,0.0,0.0,5.20902777777778,4.16722222222222,3.90677083333333,25036.1,24773.0,18453.8,17865.9,780.0,0.0,0.0,0.0,750.0,2423.0,3.9,44.0,3.9,17.0,0.0,11299.1069444444,0.0,69.0,103.1,45.5,51.0,90.5,85.1,65.30000000000001,48.2,,,,,,,2.48,2.61,60.0,2.52,2.5,5.09,246.1,0.0,1.4,0.0,1.4,747.3000000000001,,,0.0,0.0,3.4,908.0,2857.0,28.0,53.6,1.0,0.0,825.6,0.0,56.7,5.800000000000001,13.0,0.0,41.0,0.0,51.8,51.8,350.0,825.6,-50.0,0.0,0.0,0.0,0.0,400.0,0.0,0.0,0.0,0.0,0.0,0.0,70.0,750.1,1.49,0.0,14.4815131,0.0,0.0,0.0,28.388993279249185,0.0,0.0,0.0,0.0,,0.0,0.0,,9.000000000000002,10.999999999999998,10.0,9.000000000000002,39.5,18.500000000000007,47.0,9.000000000000002,,,19.0,18.000000000000004,0.0,0.0,0.0,115.22332955291098,
10.0,14.1,0.0,750.1,0.0,0.0,0.0,23.0,50.0,50.0,50.0,50.0,50.0,0.0,48.2,57.2,11299.106944444444,40676785.0,0.0,0.0,5.20902777777778,4.16722222222222,3.90677083333333,25036.1,24773.0,18453.8,17865.9,780.0,0.0,0.0,0.0,750.0,2423.0,3.9,44.0,3.9,17.0,0.0,11299.1069444444,0.0,69.0,103.1,45.5,51.0,90.5,85.1,65.30000000000001,48.2,,,,,,,2.48,2.61,60.0,2.52,2.5,5.09,246.1,0.0,1.4,0.0,1.4,747.3000000000001,,,0.0,0.0,3.4,908.0,2857.0,28.0,53.6,1.0,0.0,825.6,0.0,56.7,5.800000000000001,13.0,0.0,41.0,0.0,51.8,51.8,350.0,825.6,-50.0,0.0,0.0,0.0,0.0,400.0,0.0,0.0,0.0,0.0,0.0,0.0,70.0,750.1,1.489,0.0,14.4805365,0.0,0.0,0.0,28.388993279249185,0.0,0.0,0.0,0.0,,0.0,0.0,,9.000000000000002,10.999999999999998,10.0,9.000000000000002,39.5,18.500000000000007,47.0,9.000000000000002,,,19.0,18.000000000000004,0.0,0.0,0.0,115.22332955291098,
11.0,14.1,0.0,750.1,0.0,0.0,0.0,23.0,50.0,50.0,50.0,50.0,50.0,0.0,48.2,57.2,11299.1075,40676787.0,0.0,0.0,5.20902777777778,4.16722222222222,3.90677083333333,25036.1,24773.0,18453.8,17865.9,800.0,0.0,0.0,0.0,750.0,2423.0,3.9,8.0,3.9,17.0,0.0,11299.1075,0.0,69.0,103.1,,,,,,,,,,,,,2.47,2.6,60.0,2.5,2.48,5.07,246.1,0.0,1.4,0.0,1.4,747.3000000000001,,,0.0,0.0,3.4,908.0,2857.0,28.0,53.6,1.0,0.0,825.6,0.0,56.7,5.800000000000001,13.0,0.0,41.0,0.0,51.8,51.8,350.0,825.6,-50.0,0.0,0.0,0.0,0.0,400.0,0.0,0.0,0.0,0.0,0.0,0.0,70.0,750.1,1.489,0.0,14.4805365,,0.0,,,0.0,0.0,0.0,0.0,,0.0,0.0,,9.000000000000002,10.999999999999998,10.0,9.000000000000002,39.5,,47.0,,,,19.0,18.000000000000004,0.0,,,,
12.0,14.1,0.0,750.1,0.0,0.0,0.0,23.0,50.0,50.0,50.0,50.0,50.0,0.0,48.2,57.2,11299.1075,40676787.0,0.0,0.0,5.20902777777778,4.16722222222222,3.90677083333333,25036.1,24773.0,18453.8,17865.9,800.0,0.0,0.0,0.0,750.0,2423.0,3.9,8.0,3.9,17.0,0.0,11299.1075,0.0,69.0,103.1,,,,,,,,,,,,,2.47,2.6,60.0,2.5,2.48,5.07,246.1,0.0,1.4,0.0,1.4,747.3000000000001,,,0.0,0.0,3.4,908.0,2857.0,28.0,53.6,1.0,0.0,825.6,0.0,56.7,5.800000000000001,13.0,0.0,41.0,0.0,51.8,51.8,350.0,825.6,-50.0,0.0,0.0,0.0,0.0,400.0,0.0,0.0,0.0,0.0,0.0,0.0,70.0,750.1,1.491,0.0,14.4907908,,0.0,,,0.0,0.0,0.0,0.0,,0.0,0.0,,9.000000000000002,10.999999999999998,10.0,9.000000000000002,39.5,,47.0,,,,19.0,18.000000000000004,0.0,,,,
13.0,14.1,0.0,750.1,0.0,0.0,0.0,23.0,50.0,50.0,50.0,50.0,50.0,0.0,48.2,57.2,11299.108055555556,40676789.0,0.0,0.0,5.20902777777778,4.16722222222222,3.90677083333333,25036.1,24773.0,18453.8,17865.9,780.0,0.0,0.0,0.0,750.0,2423.0,3.9,183.0,3.9,17.0,0.0,11299.1080555556,0.0,69.0,103.1,,,,,,,,,,,,,2.47,2.62,60.0,2.49,2.48,5.09,246.0,0.0,1.4,0.0,1.4,747.7,,,0.0,0.0,3.4,908.0,2857.0,28.0,53.6,1.0,0.0,825.6,0.0,56.7,5.800000000000001,13.0,0.0,41.0,0.0,51.8,51.8,350.0,825.6,-50.0,0.0,0.0,0.0,0.0,400.0,0.0,0.0,0.0,0.0,0.0,0.0,70.0,750.1,1.491,0.0,14.4805365,,0.0,,,0.0,0.0,0.0,0.0,,0.0,0.0,,9.000000000000002,10.999999999999998,10.0,9.000000000000002,39.5,,47.0,,,,19.0,17.0,0.0,,,,
14.0,14.1,0.0,750.1,0.0,0.0,0.0,23.0,50.0,50.0,50.0,50.0,50.0,0.0,48.2,57.2,11299.108055555556,40676789.0,0.0,0.0,5.20902777777778,4.16722222222222,3.90677083333333,25036.1,24773.0,18453.8,17865.9,780.0,0.0,0.0,0.0,750.0,2423.0,3.9,183.0,3.9,17.0,0.0,11299.1080555556,0.0,69.0,103.1,,,,,,,,,,,,,2.47,2.61,60.0,2.44,2.4,5.09,246.0,0.0,1.4,0.0,1.4,748.6,,,0.0,0.0,3.4,908.0,2857.0,28.0,53.6,1.0,0.0,825.6,0.0,56.7,5.800000000000001,13.0,0.0,41.0,0.0,51.8,51.8,350.0,825.6,-50.0,0.0,0.0,0.0,0.0,400.0,0.0,0.0,0.0,0.0,0.0,0.0,70.0,750.1,1.492,0.0,14.4805365,,0.0,,,0.0,0.0,,0.0,,0.0,0.0,,9.000000000000002,10.999999999999998,10.0,9.000000000000002,39.5,,47.0,,,,19.0,17.0,0.0,,,,
15.0,14.1,0.0,750.1,0.0,0.0,0.0,23.0,50.0,50.0,50.0,50.0,50.0,0.0,48.2,57.2,11299.10861111111,40676791.0,0.0,0.0,5.20902777777778,4.16722222222222,3.90677083333333,25036.1,24773.0,18453.8,17865.9,780.0,0.0,0.0,0.0,750.0,2424.0,3.9,18.0,3.9,17.0,0.0,11299.1086111111,0.0,69.0,103.1,,,,,,,,,,,,,2.47,2.61,60.0,2.44,2.4,5.09,246.0,0.0,1.4,0.0,1.4,748.6,,,0.0,0.0,3.4,908.0,2857.0,28.0,53.6,1.0,0.0,825.6,0.0,56.7,5.800000000000001,13.0,0.0,41.0,0.0,51.8,51.8,350.0,825.6,-50.0,0.0,0.0,0.0,0.0,400.0,0.0,0.0,0.0,0.0,0.0,0.0,70.0,750.1,1.492,0.0,14.4898142,,0.0,,,0.0,0.0,,0.0,,0.0,0.0,,9.000000000000002,10.999999999999998,10.0,9.000000000000002,39.5,,47.0,,,,19.0,17.0,0.0,,,,
16.0,14.1,0.0,750.1,0.0,0.0,0.0,23.0,50.0,50.0,50.0,50.0,50.0,0.0,48.2,57.2,11299.10861111111,40676791.0,0.0,0.0,5.20902777777778,4.16722222222222,3.90677083333333,25036.1,24773.0,18453.8,17865.9,800.0,0.0,0.0,0.0,750.0,2424.0,3.9,18.0,3.9,17.0,0.0,11299.1086111111,0.0,69.0,103.1,,,,,,,,,,,,,2.48,2.63,60.0,2.52,2.49,5.11,246.1,0.0,1.4,0.0,1.4,747.1,,,0.0,0.0,3.4,908.0,2857.0,29.0,53.6,1.0,0.0,825.6,0.0,56.7,5.800000000000001,13.0,0.0,41.0,0.0,51.8,51.8,350.0,825.6,-50.0,0.0,0.0,0.0,0.0,400.0,0.0,0.0,0.0,0.0,0.0,0.0,70.0,750.1,1.492,0.0,14.4898142,,0.0,,,0.0,0.0,,0.0,,0.0,0.0,,9.000000000000002,10.999999999999998,10.0,9.000000000000002,39.5,,47.0,,,,19.0,17.0,0.0,,,,
17.0,14.1,0.0,750.1,0.0,0.0,0.0,23.0,50.0,50.0,50.0,50.0,50.0,0.0,48.2,57.2,11299.109166666669,40676793.0,0.0,0.0,5.20902777777778,4.16722222222222,3.90677083333333,25036.1,24773.0,18453.8,17865.9,800.0,0.0,0.0,0.0,750.0,2424.0,3.9,2.0,3.9,17.0,0.0,11299.1091666667,0.0,69.0,103.1,,,,,,,,,,,,,2.48,2.63,60.0,2.52,2.49,5.11,246.1,0.0,1.4,0.0,1.4,747.1,,,0.0,0.0,3.4,908.0,2857.0,29.0,53.6,1.0,0.0,825.6,0.0,56.7,5.800000000000001,13.0,0.0,41.0,0.0,51.8,51.8,350.0,825.6,-50.0,0.0,0.0,0.0,0.0,400.0,0.0,0.0,0.0,0.0,0.0,0.0,70.0,750.1,1.492,0.0,14.4805365,,0.0,,,0.0,0.0,,0.0,,0.0,0.0,,9.000000000000002,10.999999999999998,10.0,9.000000000000002,39.5,,47.0,,,,19.0,17.0,0.0,,,,
18.0,14.1,0.0,750.1,0.0,0.0,0.0,23.0,50.0,50.0,50.0,50.0,50.0,0.0,48.2,57.2,11299.109722222222,40676795.0,0.0,0.0,5.20902777777778,4.16722222222222,3.90677083333333,25036.1,24773.0,18453.8,17865.9,780.0,0.0,0.0,0.0,750.0,2424.0,3.9,3.0,3.9,17.0,0.0,11299.1097222222,0.0,69.0,103.1,,,,,,,,,,,,,2.48,2.61,60.0,2.48,2.45,5.1000000000000005,246.1,0.0,1.4,-0.01,1.4,747.3000000000001,,,0.0,0.0,3.4,908.0,2857.0,29.0,53.6,1.0,0.0,825.6,0.0,56.6,5.800000000000001,13.0,0.0,41.0,0.0,51.8,51.8,350.0,825.6,-50.0,0.0,0.0,0.0,0.0,400.0,0.0,0.0,0.0,0.0,0.0,0.0,70.0,750.1,1.491,0.0,14.4805365,,0.0,,,0.0,0.0,,0.0,,0.0,0.0,,9.000000000000002,10.999999999999998,10.0,9.000000000000002,39.5,,47.0,,,,19.0,17.0,0.0,,,,
19.0,14.1,0.0,750.1,0.0,0.0,0.0,23.0,50.0,50.0,50.0,50.0,50.0,0.0,48.2,57.2,11299.109722222222,40676795.0,0.0,0.0,5.20902777777778,4.16722222222222,3.90677083333333,25036.1,24773.0,18453.8,17865.9,780.0,0.0,0.0,0.0,750.0,2424.0,3.9,3.0,3.9,17.0,0.0,11299.1097222222,0.0,69.0,103.1,45.5,51.0,90.5,85.1,64.4,48.2,,,,,,,2.48,2.61,60.0,2.48,2.45,5.1000000000000005,246.1,0.0,1.4,-0.01,1.4,747.3000000000001,,,0.0,0.0,3.4,908.0,2857.0,29.0,53.6,1.0,0.0,825.6,0.0,56.6,5.800000000000001,13.0,0.0,41.0,0.0,51.8,51.8,350.0,825.6,-50.0,0.0,0.0,0.0,0.0,400.0,0.0,0.0,0.0,0.0,0.0,0.0,70.0,750.1,1.491,0.0,14.4805365,0.0,0.0,0.0,28.388993279249185,0.0,0.0,,0.0,,0.0,0.0,,9.000000000000002,10.999999999999998,10.0,9.000000000000002,39.5,18.000000000000004,47.0,9.000000000000002,,,19.0,17.0,0.0,0.0,0.0,115.22332955291098,
20.0,14.1,0.0,750.1,0.0,0.0,0.0,23.0,50.0,50.0,50.0,50.0,50.0,0.0,48.2,57.2,11299.110277777778,40676797.0,0.0,0.0,5.20902777777778,4.16722222222222,3.90677083333333,25036.1,24773.0,18453.8,17865.9,780.0,0.0,0.0,0.0,750.0,2424.0,3.9,182.0,3.9,17.0,0.0,11299.1102777778,0.0,69.0,103.1,45.5,51.0,90.5,85.1,64.4,48.2,,,,,,,2.48,2.61,60.0,2.39,2.37,5.09,246.1,0.0,1.4,-0.01,1.4,747.1,,,0.0,0.0,3.4,908.0,2857.0,29.0,53.6,1.0,0.0,825.6,0.0,56.7,5.800000000000001,13.0,0.0,41.0,0.0,51.8,51.8,350.0,825.6,-50.0,0.0,0.0,0.0,0.0,400.0,0.0,0.0,0.0,0.0,0.0,0.0,70.0,750.1,1.491,0.0,14.4805365,0.0,0.0,0.0,28.388993279249185,0.0,0.0,0.0,0.0,,0.0,0.0,,9.000000000000002,10.999999999999998,10.0,9.000000000000002,39.5,18.000000000000004,47.0,9.000000000000002,,,19.0,18.000000000000004,0.0,0.0,0.0,115.22332955291098,
21.0,14.1,0.0,750.1,0.0,0.0,0.0,23.0,50.0,50.0,50.0,50.0,50.0,0.0,48.2,57.2,11299.110277777778,40676797.0,0.0,0.0,5.20902777777778,4.16722222222222,3.90677083333333,25036.1,24773.0,18453.8,17865.9,780.0,0.0,0.0,0.0,750.0,2424.0,3.9,182.0,3.9,17.0,0.0,11299.1102777778,0.0,69.0,103.1,45.5,51.0,90.5,85.1,64.4,48.2,,,,,,,2.48,2.61,60.0,2.39,2.37,5.09,246.1,0.0,1.4,-0.01,1.4,747.1,,,0.0,0.0,3.4,908.0,2857.0,29.0,53.6,1.0,0.0,825.6,0.0,56.7,5.800000000000001,13.0,0.0,41.0,0.0,51.8,51.8,350.0,825.6,-50.0,0.0,0.0,0.0,0.0,400.0,0.0,0.0,0.0,0.0,0.0,0.0,70.0,750.1,1.491,0.0,14.4805365,0.0,0.0,0.0,28.388993279249185,0.0,0.0,0.0,0.0,,0.0,0.0,,9.000000000000002,10.999999999999998,10.0,9.000000000000002,39.5,18.000000000000004,47.0,9.000000000000002,,,19.0,18.000000000000004,0.0,0.0,0.0,115.22332955291098,
22.0,14.1,0.0,750.1,0.0,0.0,0.0,23.0,50.0,50.0,50.0,50.0,50.0,0.0,48.2,57.2,11299.110555555557,40676798.0,0.0,0.0,5.20902777777778,4.16722222222222,3.90677083333333,25036.1,24773.0,18453.8,17865.9,800.0,0.0,0.0,0.0,750.0,2424.0,3.9,2.0,3.9,17.0,0.0,11299.1105555556,0.0,69.0,103.1,45.5,51.0,90.5,85.1,64.4,48.2,,,,,,,2.48,2.61,60.0,2.39,2.37,5.09,246.1,0.0,1.4,-0.01,1.4,747.1,,,0.0,0.0,3.4,908.0,2857.0,29.0,53.6,1.0,0.0,825.6,0.0,56.7,5.800000000000001,13.0,0.0,41.0,0.0,51.8,51.8,350.0,825.6,-50.0,0.0,0.0,0.0,0.0,400.0,0.0,0.0,0.0,0.0,0.0,0.0,70.0,750.1,1.491,0.0,14.4805365,0.0,0.0,0.0,28.388993279249185,0.0,0.0,0.0,0.0,,0.0,0.0,0.0,9.000000000000002,10.999999999999998,10.0,9.000000000000002,39.5,18.000000000000004,47.0,9.000000000000002,,,19.0,18.000000000000004,0.0,0.0,0.0,115.22332955291098,
23.0,14.1,0.0,750.1,0.0,0.0,0.0,23.0,50.0,50.0,50.0,50.0,50.0,0.0,48.2,57.2,11299.110555555557,40676798.0,0.0,0.0,5.20902777777778,4.16722222222222,3.90677083333333,25036.1,24773.0,18453.8,17865.9,800.0,0.0,0.0,0.0,750.0,2424.0,3.9,2.0,3.9,17.0,0.0,11299.1105555556,0.0,69.0,103.1,45.5,51.0,90.5,85.1,64.4,48.2,0.1800000000000068,100.0,14.501,747.9000000000001,23.25,14.651,2.48,2.61,60.0,2.39,2.37,5.09,246.1,0.0,1.4,-0.01,1.4,747.1,,,0.0,0.0,3.4,908.0,2857.0,29.0,53.6,1.0,0.0,825.6,0.0,56.7,5.800000000000001,13.0,0.0,41.0,0.0,51.8,51.8,350.0,825.6,-50.0,0.0,0.0,0.0,0.0,400.0,0.0,0.0,0.0,0.0,0.0,0.0,70.0,750.1,1.491,0.0,14.4907908,0.0,0.0,0.0,28.388993279249185,0.0,0.0,0.0,0.0,,0.0,0.0,0.0,9.000000000000002,10.999999999999998,10.0,9.000000000000002,39.5,18.000000000000004,47.0,9.000000000000002,12.5,16.0,19.0,18.000000000000004,0.0,0.0,0.0,115.22332955291098,23.069999999999993
24.0,14.1,0.0,750.1,0.0,0.0,0.0,23.0,50.0,50.0,50.0,50.0,50.0,0.0,48.2,57.2,11299.110555555557,40676798.0,0.0,0.0,5.20902777777778,4.16722222222222,3.90677083333333,25036.1,24773.0,18453.8,17865.9,800.0,0.0,0.0,0.0,750.0,2424.0,3.9,2.0,3.9,17.0,0.0,11299.1105555556,0.0,69.0,103.1,45.5,51.0,90.5,85.1,64.4,48.2,0.1800000000000068,100.0,14.501,747.9000000000001,23.25,14.651,2.48,2.61,60.0,2.39,2.37,5.09,246.1,0.0,1.4,-0.01,1.4,747.1,,,0.0,0.0,3.44,908.0,2857.0,0.0,53.6,0.0,0.0,825.6,1.0,57.400000000000006,8.9,13.0,0.0,41.0,0.0,51.8,51.8,350.0,0.0,-50.0,0.0,0.0,0.0,0.0,400.0,0.0,0.0,0.0,0.0,0.0,0.0,70.0,750.0,1.49,0.0,14.4907908,0.0,0.0,0.0,28.388993279249185,0.0,0.0,0.0,0.0,,0.0,0.0,0.0,9.000000000000002,10.999999999999998,10.0,9.000000000000002,39.5,18.000000000000004,47.0,9.000000000000002,12.5,16.0,19.0,18.000000000000004,0.0,0.0,0.0,115.22332955291098,23.069999999999993
25.0,14.1,0.0,750.0,0.0,0.0,0.0,23.0,50.0,50.0,50.0,50.0,50.0,0.0,50.0,57.2,11299.111111111111,40676800.0,0.0,0.0,5.20833333333333,4.16666666666667,3.90625,25036.1,24773.0,18453.8,17865.9,0.0,0.0,0.0,0.0,589.0,3000.0,3.9,53.0,3.9,17.0,0.0,11299.1111111111,0.0,69.0,99.5,45.5,51.0,90.5,85.1,64.4,48.2,-12.199999999999989,99.0,14.282,572.6,0.0,14.234,0.0,0.0,0.0,2.49,2.49,0.0,0.0,0.0,0.0,0.0,0.0,597.8000000000001,,,0.0,0.0,3.44,908.0,2857.0,0.0,53.6,0.0,0.0,825.6,1.0,57.400000000000006,8.9,13.0,0.0,41.0,0.0,51.8,51.8,350.0,0.0,-50.0,0.0,0.0,0.0,0.0,400.0,0.0,0.0,0.0,0.0,0.0,0.0,70.0,750.0,1.49,0.0,14.4907908,0.0,0.0,0.0,28.388993279249185,0.0,0.0,0.0,0.0,,0.0,0.0,0.0,9.000000000000002,10.0,9.000000000000002,10.0,37.5,18.000000000000004,41.0,9.000000000000002,12.5,16.0,19.0,18.000000000000004,0.0,0.0,0.0,115.22332955291098,12.199999999999989
26.0,14.1,0.0,750.0,0.0,0.0,0.0,23.0,50.0,50.0,50.0,50.0,50.0,0.0,50.0,57.2,11299.111111111111,40676800.0,0.0,0.0,5.20833333333333,4.16666666666667,3.90625,25036.1,24773.0,18453.8,17865.9,0.0,0.0,0.0,0.0,589.0,3000.0,3.9,53.0,3.9,17.0,0.0,11299.1111111111,0.0,69.0,99.5,45.5,51.0,90.5,85.1,64.4,48.2,-12.199999999999989,99.0,14.282,572.6,0.0,14.234,0.0,0.0,0.0,2.49,2.49,0.0,0.0,0.0,0.0,0.0,0.0,597.8000000000001,,,0.0,0.0,3.44,908.0,2857.0,0.0,53.6,0.0,0.0,825.6,0.0,57.400000000000006,8.9,13.0,0.0,41.0,0.0,51.8,51.8,350.0,0.0,-50.0,0.0,0.0,0.0,0.0,400.0,0.0,0.0,0.0,0.0,0.0,0.0,70.0,750.0,1.49,0.0,14.1607,0.0,0.0,0.0,28.388993279249185,0.0,0.0,0.0,0.0,,0.0,0.0,0.0,9.000000000000002,10.0,9.000000000000002,10.0,37.5,18.000000000000004,41.0,9.000000000000002,12.5,16.0,19.0,18.000000000000004,0.0,0.0,0.0,115.22332955291098,12.199999999999989
27.0,14.1,0.0,750.0,0.0,0.0,0.0,23.0,50.0,50.0,50.0,50.0,50.0,0.0,50.0,57.2,11299.111111111111,40676800.0,0.0,0.0,5.20833333333333,4.16666666666667,3.90625,25036.1,24773.0,18453.8,17865.9,0.0,0.0,0.0,0.0,589.0,3000.0,3.9,53.0,3.9,17.0,0.0,11299.1111111111,0.0,69.0,99.5,45.5,51.0,90.5,85.1,64.4,48.2,-12.199999999999989,99.0,14.282,572.6,0.0,14.234,0.0,0.0,0.0,2.49,2.49,0.0,0.0,0.0,0.0,0.0,0.0,597.8000000000001,,,0.0,0.0,3.44,908.0,2857.0,0.0,53.6,0.0,0.0,825.6,0.0,57.400000000000006,8.9,13.0,0.0,41.0,0.0,51.8,51.8,350.0,825.6,-50.0,0.0,0.0,0.0,0.0,400.0,0.0,0.0,0.0,0.0,0.0,0.0,70.0,750.0,1.489,0.0,14.1607,0.0,0.0,0.0,28.388993279249185,0.0,0.0,0.0,0.0,,0.0,0.0,0.0,9.000000000000002,10.0,9.000000000000002,10.0,37.5,18.000000000000004,41.0,9.000000000000002,12.5,16.0,19.0,18.000000000000004,0.0,0.0,0.0,115.22332955291098,12.199999999999989
28.0,13.9,0.0,750.0,0.0,0.0,0.0,23.0,50.0,50.0,50.0,50.0,50.0,0.0,50.0,57.2,11299.111944444445,40676803.0,0.0,0.0,5.20833333333333,4.16666666666667,3.90625,25036.1,24773.0,18453.8,17865.9,0.0,0.0,0.0,0.0,503.0,3000.0,3.9,2.0,3.9,17.0,0.0,11299.1119444444,0.0,69.0,99.5,45.5,51.0,90.5,85.1,64.4,48.2,-12.199999999999989,99.0,14.282,572.6,0.0,14.234,0.0,0.0,0.0,2.49,2.49,0.0,0.0,0.0,0.0,0.0,0.0,597.8000000000001,,,0.0,0.0,3.44,908.0,2857.0,0.0,53.6,0.0,0.0,825.6,0.0,57.400000000000006,8.9,13.0,0.0,41.0,0.0,51.8,51.8,350.0,825.6,-50.0,0.0,0.0,0.0,0.0,400.0,0.0,0.0,0.0,0.0,0.0,0.0,70.0,750.0,1.489,0.0,14.1607,0.0,0.0,0.0,28.388993279249185,0.0,0.0,0.0,0.0,,0.0,0.0,0.0,9.000000000000002,10.0,9.000000000000002,10.0,37.5,18.000000000000004,41.0,9.000000000000002,12.5,16.0,19.0,18.000000000000004,0.0,0.0,0.0,115.22332955291098,12.199999999999989
29.0,13.9,0.0,750.0,0.0,0.0,0.0,23.0,50.0,50.0,50.0,50.0,50.0,0.0,50.0,57.2,11299.111944444445,40676803.0,0.0,0.0,5.20833333333333,4.16666666666667,3.90625,25036.1,24773.0,18453.8,17865.9,0.0,0.0,0.0,0.0,503.0,3000.0,3.9,2.0,3.9,17.0,0.0,11299.1119444444,0.0,69.0,99.5,45.5,51.0,90.5,85.1,64.4,48.2,-12.199999999999989,99.0,14.282,572.6,0.0,14.234,0.0,0.0,0.0,2.49,2.49,0.0,0.0,0.0,0.0,0.0,0.0,597.8000000000001,,,0.0,0.0,3.44,908.0,2857.0,0.0,53.6,0.0,0.0,825.6,0.0,57.400000000000006,8.9,13.0,0.0,41.0,0.0,51.8,51.8,350.0,825.6,-50.0,0.0,0.0,0.0,0.0,400.0,0.0,0.0,0.0,0.0,0.0,0.0,70.0,750.0,1.489,0.0,14.1607,0.0,0.0,0.0,28.388993279249185,0.0,0.0,0.0,0.0,,0.0,0.0,0.0,9.000000000000002,10.0,9.000000000000002,10.0,37.5,18.000000000000004,41.0,9.000000000000002,12.5,16.0,19.0,18.000000000000004,0.0,0.0,0.0,115.22332955291098,12.199999999999989
30.0,13.9,0.0,750.0,0.0,0.0,0.0,23.0,50.0,50.0,50.0,50.0,50.0,0.0,50.0,57.2,11299.111944444445,40676803.0,0.0,0.0,5.20833333333333,4.16666666666667,3.90625,25036.1,24773.0,18453.8,17865.9,0.0,0.0,0.0,0.0,503.0,3000.0,3.9,2.0,3.9,17.0,0.0,11299.1119444444,0.0,69.0,99.5,45.5,51.0,90.5,85.1,64.4,48.2,-12.199999999999989,99.0,14.282,572.6,0.0,14.234,0.0,0.0,0.0,2.49,2.49,0.0,0.0,0.0,0.0,0.0,0.0,597.8000000000001,,,0.0,0.0,3.44,908.0,2857.0,0.0,53.6,0.0,0.0,825.6,0.0,57.400000000000006,8.9,13.0,0.0,41.0,0.0,51.8,51.8,350.0,825.6,-50.0,0.0,0.0,0.0,0.0,400.0,0.0,0.0,0.0,0.0,0.0,0.0,70.0,750.0,1.489,0.0,14.1607,0.0,0.0,0.0,28.388993279249185,0.0,0.0,0.0,0.0,,0.0,0.0,0.0,9.000000000000002,10.0,9.000000000000002,10.0,37.5,18.000000000000004,41.0,9.000000000000002,12.5,16.0,19.0,18.000000000000004,0.0,0.0,0.0,115.22332955291098,12.199999999999989
31.0,13.9,0.0,750.0,0.0,0.0,0.0,23.0,50.0,50.0,50.0,50.0,50.0,0.0,50.0,57.2,11299.111944444445,40676803.0,0.0,0.0,5.20833333333333,4.16666666666667,3.90625,25036.1,24773.0,18453.8,17865.9,0.0,0.0,0.0,0.0,503.0,3000.0,3.9,2.0,3.9,17.0,0.0,11299.1119444444,0.0,69.0,99.5,45.5,51.0,90.5,85.1,64.4,48.2,-12.199999999999989,99.0,14.282,572.6,0.0,14.234,0.0,0.0,0.0,2.49,2.49,0.0,0.0,0.0,0.0,0.0,0.0,597.8000000000001,,,0.0,0.0,3.44,908.0,2857.0,0.0,53.6,0.0,0.0,825.6,0.0,57.400000000000006,8.9,13.0,0.0,41.0,0.0,51.8,51.8,350.0,825.6,-50.0,0.0,0.0,0.0,0.0,400.0,0.0,0.0,0.0,0.0,0.0,0.0,70.0,750.0,1.489,0.0,13.9204564,0.0,0.0,0.0,28.388993279249185,0.0,0.0,0.0,0.0,,0.0,0.0,0.0,9.000000000000002,10.0,9.000000000000002,10.0,37.5,18.000000000000004,41.0,9.000000000000002,12.5,16.0,19.0,18.000000000000004,0.0,0.0,0.0,115.22332955291098,12.199999999999989
32.0,13.9,0.0,750.0,0.0,0.0,0.0,23.0,50.0,50.0,50.0,50.0,50.0,0.0,50.0,57.2,11299.111944444445,40676803.0,0.0,0.0,5.20833333333333,4.16666666666667,3.90625,25036.1,24773.0,18453.8,17865.9,0.0,0.0,0.0,0.0,503.0,3000.0,3.9,2.0,3.9,17.0,0.0,11299.1119444444,0.0,69.0,99.5,45.5,51.0,90.5,85.1,64.4,48.2,-12.199999999999989,99.0,14.282,572.6,0.0,14.234,0.0,0.0,0.0,2.49,2.49,0.0,0.0,0.0,0.0,0.0,0.0,597.8000000000001,,,0.0,0.0,3.44,908.0,2857.0,0.0,53.6,0.0,0.0,825.6,0.0,57.400000000000006,8.9,13.0,0.0,41.0,0.0,51.8,51.8,350.0,825.6,-50.0,0.0,0.0,0.0,0.0,400.0,0.0,0.0,0.0,0.0,0.0,0.0,70.0,750.0,1.489,0.0,13.9204564,0.0,0.0,0.0,28.388993279249185,0.0,0.0,0.0,0.0,,0.0,0.0,0.0,9.000000000000002,10.0,9.000000000000002,10.0,37.5,18.000000000000004,41.0,9.000000000000002,12.5,16.0,19.0,18.000000000000004,0.0,0.0,0.0,115.22332955291098,12.199999999999989
33.0,13.9,0.0,750.0,0.0,0.0,0.0,23.0,50.0,50.0,50.0,50.0,50.0,0.0,50.0,57.2,11299.111944444445,40676803.0,0.0,0.0,5.20833333333333,4.16666666666667,3.90625,25036.1,24773.0,18453.8,17865.9,0.0,0.0,0.0,0.0,503.0,3000.0,3.9,2.0,3.9,17.0,0.0,11299.1119444444,0.0,69.0,99.5,45.5,51.0,90.5,85.1,64.4,48.2,-12.199999999999989,99.0,14.282,572.6,0.0,14.234,0.0,0.0,0.0,2.49,2.49,0.0,0.0,0.0,0.0,0.0,0.0,597.8000000000001,,,0.0,0.0,3.44,908.0,2857.0,0.0,53.6,0.0,0.0,825.6,0.0,57.400000000000006,8.9,13.0,0.0,41.0,0.0,51.8,51.8,350.0,825.6,-50.0,0.0,0.0,0.0,0.0,400.0,0.0,0.0,0.0,0.0,0.0,0.0,70.0,750.0,1.489,0.0,13.9204564,0.0,0.0,0.0,28.388993279249185,0.0,0.0,0.0,0.0,,0.0,0.0,0.0,9.000000000000002,10.0,9.000000000000002,10.0,37.5,18.000000000000004,41.0,9.000000000000002,12.5,16.0,19.0,18.000000000000004,0.0,0.0,0.0,115.22332955291098,12.199999999999989
34.0,13.9,0.0,750.0,0.0,0.0,0.0,23.0,50.0,50.0,50.0,50.0,50.0,0.0,50.0,57.2,11299.111944444445,40676803.0,0.0,0.0,5.20833333333333,4.16666666666667,3.90625,25036.1,24773.0,18453.8,17865.9,0.0,0.0,0.0,0.0,503.0,3000.0,3.9,2.0,3.9,17.0,0.0,11299.1119444444,0.0,69.0,99.5,45.5,51.0,90.5,85.1,64.4,48.2,-12.199999999999989,99.0,14.282,572.6,0.0,14.234,0.0,0.0,0.0,2.49,2.49,0.0,0.0,0.0,0.0,0.0,0.0,597.8000000000001,,,0.0,0.0,3.44,908.0,2857.0,0.0,53.6,0.0,0.0,825.6,0.0,57.400000000000006,8.9,13.0,0.0,41.0,0.0,51.8,51.8,350.0,825.6,-50.0,0.0,0.0,0.0,0.0,400.0,0.0,0.0,0.0,0.0,0.0,0.0,70.0,750.0,1.489,0.0,13.9204564,0.0,0.0,0.0,28.388993279249185,0.0,0.0,0.0,0.0,,0.0,0.0,0.0,9.000000000000002,10.0,9.000000000000002,10.0,37.5,18.000000000000004,41.0,9.000000000000002,12.5,16.0,19.0,18.000000000000004,0.0,0.0,0.0,115.22332955291098,12.199999999999989
35.0,13.7,0.0,750.0,0.0,0.0,0.0,23.0,50.0,50.0,50.0,50.0,50.0,0.0,50.0,57.2,11299.113888888887,40676810.0,0.0,0.0,5.20833333333333,4.16666666666667,3.90625,25036.1,24773.0,18453.8,17865.9,0.0,0.0,0.0,0.0,352.0,3000.0,3.9,3.0,3.9,17.0,0.0,11299.1138888889,0.0,69.0,99.5,45.5,51.0,90.5,85.1,64.4,48.2,-12.199999999999989,99.0,14.282,572.6,0.0,14.234,0.0,0.0,0.0,2.49,2.49,0.0,0.0,0.0,0.0,0.0,0.0,597.8000000000001,,,0.0,0.0,3.44,908.0,2857.0,0.0,53.6,0.0,0.0,825.6,0.0,57.400000000000006,8.9,13.0,0.0,41.0,0.0,51.8,51.8,350.0,825.6,-50.0,0.0,0.0,0.0,0.0,400.0,0.0,0.0,0.0,0.0,0.0,0.0,70.0,750.0,1.489,0.0,13.9204564,0.0,0.0,0.0,28.388993279249185,0.0,0.0,0.0,0.0,,0.0,0.0,0.0,9.000000000000002,10.0,9.000000000000002,10.0,37.5,18.000000000000004,41.0,9.000000000000002,12.5,16.0,19.0,18.000000000000004,0.0,0.0,0.0,115.22332955291098,12.199999999999989
36.0,13.7,0.0,750.0,0.0,0.0,0.0,23.0,50.0,50.0,50.0,50.0,50.0,0.0,50.0,57.2,11299.113888888887,40676810.0,0.0,0.0,5.20833333333333,4.16666666666667,3.90625,25036.1,24773.0,18453.8,17865.9,0.0,0.0,0.0,0.0,352.0,3000.0,3.9,3.0,3.9,17.0,0.0,11299.1138888889,0.0,69.0,99.5,45.5,51.0,90.5,85.1,64.4,48.2,-12.199999999999989,99.0,14.282,572.6,0.0,14.234,0.0,0.0,0.0,2.49,2.49,0.0,0.0,0.0,0.0,0.0,0.0,597.8000000000001,,,0.0,0.0,3.44,908.0,2857.0,0.0,53.6,0.0,0.0,825.6,0.0,57.400000000000006,8.9,13.0,0.0,41.0,0.0,51.8,51.8,350.0,825.6,-50.0,0.0,0.0,0.0,0.0,400.0,0.0,0.0,0.0,0.0,0.0,0.0,70.0,750.0,1.489,0.0,13.9204564,0.0,0.0,0.0,28.388993279249185,0.0,0.0,0.0,0.0,,0.0,0.0,0.0,9.000000000000002,10.0,9.000000000000002,10.0,37.5,18.000000000000004,41.0,9.000000000000002,12.5,16.0,19.0,18.000000000000004,0.0,0.0,0.0,115.22332955291098,12.199999999999989
37.0,13.7,0.0,750.0,0.0,0.0,0.0,23.0,50.0,50.0,50.0,50.0,50.0,0.0,50.0,57.2,11299.113888888887,40676810.0,0.0,0.0,5.20833333333333,4.16666666666667,3.90625,25036.1,24773.0,18453.8,17865.9,0.0,0.0,0.0,0.0,352.0,3000.0,3.9,3.0,3.9,17.0,0.0,11299.1138888889,0.0,69.0,99.5,45.5,51.0,90.5,85.1,64.4,48.2,-12.199999999999989,99.0,14.282,572.6,0.0,14.234,0.0,0.0,0.0,2.49,2.49,0.0,0.0,0.0,0.0,0.0,0.0,597.8000000000001,,,0.0,0.0,3.44,908.0,2857.0,0.0,53.6,0.0,0.0,825.6,0.0,57.400000000000006,8.9,13.0,0.0,41.0,0.0,51.8,51.8,350.0,825.6,-50.0,0.0,0.0,0.0,0.0,400.0,0.0,0.0,0.0,0.0,0.0,0.0,70.0,750.0,1.489,0.0,13.9204564,0.0,0.0,0.0,28.388993279249185,0.0,0.0,0.0,0.0,,0.0,0.0,0.0,9.000000000000002,10.0,9.000000000000002,10.0,37.5,18.000000000000004,41.0,9.000000000000002,12.5,16.0,19.0,18.000000000000004,0.0,0.0,0.0,115.22332955291098,12.199999999999989
38.0,13.7,0.0,750.0,0.0,0.0,0.0,23.0,50.0,50.0,50.0,50.0,50.0,0.0,50.0,57.2,11299.113888888887,40676810.0,0.0,0.0,5.20833333333333,4.16666666666667,3.90625,25036.1,24773.0,18453.8,17865.9,0.0,0.0,0.0,0.0,352.0,3000.0,3.9,3.0,3.9,17.0,0.0,11299.1138888889,0.0,69.0,99.5,45.5,51.0,90.5,85.1,64.4,48.2,-12.199999999999989,99.0,14.282,572.6,0.0,14.234,0.0,0.0,0.0,2.49,2.49,0.0,0.0,0.0,0.0,0.0,0.0,597.8000000000001,,,0.0,0.0,3.44,908.0,2857.0,0.0,53.6,0.0,0.0,825.6,0.0,57.400000000000006,8.9,13.0,0.0,41.0,0.0,51.8,51.8,350.0,825.6,-50.0,0.0,0.0,0.0,0.0,400.0,0.0,0.0,0.0,0.0,0.0,0.0,70.0,750.0,1.489,0.0,13.9204564,0.0,0.0,0.0,28.388993279249185,0.0,0.0,0.0,0.0,,0.0,0.0,0.0,9.000000000000002,10.0,9.000000000000002,10.0,37.5,18.000000000000004,41.0,9.000000000000002,12.5,16.0,19.0,18.000000000000004,0.0,0.0,0.0,115.22332955291098,12.199999999999989
39.0,13.7,0.0,750.0,0.0,0.0,0.0,23.0,50.0,50.0,50.0,50.0,50.0,0.0,50.0,57.2,11299.113888888887,40676810.0,0.0,0.0,5.20833333333333,4.16666666666667,3.90625,25036.1,24773.0,18453.8,17865.9,0.0,0.0,0.0,0.0,352.0,3000.0,3.9,3.0,3.9,17.0,0.0,11299.1138888889,0.0,69.0,99.5,45.5,51.0,90.5,85.1,64.4,48.2,-12.199999999999989,99.0,14.282,572.6,0.0,14.234,0.0,0.0,0.0,2.49,2.49,0.0,0.0,0.0,0.0,0.0,0.0,597.8000000000001,,,0.0,0.0,3.44,908.0,2857.0,0.0,53.6,0.0,0.0,825.6,0.0,57.400000000000006,8.9,13.0,0.0,41.0,0.0,51.8,51.8,350.0,825.6,-50.0,0.0,0.0,0.0,0.0,400.0,0.0,0.0,0.0,0.0,0.0,0.0,70.0,750.0,1.489,0.0,13.9204564,0.0,0.0,0.0,28.388993279249185,0.0,0.0,0.0,0.0,,0.0,0.0,0.0,9.000000000000002,10.0,9.000000000000002,10.0,37.5,18.000000000000004,41.0,9.000000000000002,12.5,16.0,19.0,18.000000000000004,0.0,0.0,0.0,115.22332955291098,12.199999999999989
40.0,13.7,0.0,750.0,0.0,0.0,0.0,23.0,50.0,50.0,50.0,50.0,50.0,0.0,50.0,57.2,11299.113888888887,40676810.0,0.0,0.0,5.20833333333333,4.16666666666667,3.90625,25036.1,24773.0,18453.8,17865.9,0.0,0.0,0.0,0.0,352.0,3000.0,3.9,3.0,3.9,17.0,0.0,11299.1138888889,0.0,69.0,99.5,45.5,51.0,90.5,85.1,64.4,48.2,-12.199999999999989,99.0,14.282,572.6,0.0,14.234,0.0,0.0,0.0,2.49,2.49,0.0,0.0,0.0,0.0,0.0,0.0,597.8000000000001,,,0.0,0.0,3.44,908.0,2857.0,0.0,53.6,0.0,0.0,825.6,0.0,57.400000000000006,8.9,13.0,0.0,41.0,0.0,51.8,51.8,350.0,825.6,-50.0,0.0,0.0,0.0,0.0,400.0,0.0,0.0,0.0,0.0,0.0,0.0,70.0,750.0,1.489,0.0,13.9204564,0.0,0.0,0.0,28.388993279249185,0.0,0.0,0.0,0.0,,0.0,0.0,0.0,9.000000000000002,10.0,9.000000000000002,10.0,37.5,18.000000000000004,41.0,9.000000000000002,12.5,16.0,19.0,18.000000000000004,0.0,0.0,0.0,115.22332955291098,12.199999999999989
41.0,13.7,0.0,750.0,0.0,0.0,0.0,23.0,50.0,50.0,50.0,50.0,50.0,0.0,50.0,57.2,11299.113888888887,40676810.0,0.0,0.0,5.20833333333333,4.16666666666667,3.90625,25036.1,24773.0,18453.8,17865.9,0.0,0.0,0.0,0.0,352.0,3000.0,3.9,3.0,3.9,17.0,0.0,11299.1138888889,0.0,69.0,99.5,45.5,51.0,90.5,85.1,64.4,48.2,-12.199999999999989,99.0,14.282,572.6,0.0,14.234,0.0,0.0,0.0,2.49,2.49,0.0,0.0,0.0,0.0,0.0,0.0,597.8000000000001,,,0.0,0.0,3.44,908.0,2857.0,0.0,53.6,0.0,0.0,825.6,0.0,57.400000000000006,8.9,13.0,0.0,41.0,0.0,51.8,51.8,350.0,825.6,-50.0,0.0,0.0,0.0,0.0,400.0,0.0,0.0,0.0,0.0,0.0,0.0,70.0,750.0,1.489,0.0,13.9204564,0.0,0.0,0.0,28.388993279249185,0.0,0.0,0.0,0.0,,0.0,0.0,0.0,9.000000000000002,10.0,9.000000000000002,10.0,37.5,18.000000000000004,41.0,9.000000000000002,12.5,16.0,19.0,18.000000000000004,0.0,0.0,0.0,115.22332955291098,12.199999999999989
42.0,13.7,0.0,750.0,0.0,0.0,0.0,23.0,50.0,50.0,50.0,50.0,50.0,0.0,50.0,57.2,11299.113888888887,40676810.0,0.0,0.0,5.20833333333333,4.16666666666667,3.90625,25036.1,24773.0,18453.8,17865.9,0.0,0.0,0.0,0.0,352.0,3000.0,3.9,3.0,3.9,17.0,0.0,11299.1138888889,0.0,69.0,99.5,45.5,51.0,90.5,85.1,64.4,48.2,-12.199999999999989,99.0,14.282,572.6,0.0,14.234,0.0,0.0,0.0,2.49,2.49,0.0,0.0,0.0,0.0,0.0,0.0,597.8000000000001,,,0.0,0.0,3.44,908.0,2857.0,0.0,53.6,0.0,0.0,825.6,0.0,57.400000000000006,8.9,13.0,0.0,41.0,0.0,51.8,51.8,350.0,825.6,-50.0,0.0,0.0,0.0,0.0,400.0,0.0,0.0,0.0,0.0,0.0,0.0,70.0,750.0,1.489,0.0,13.9204564,0.0,0.0,0.0,28.388993279249185,0.0,0.0,0.0,0.0,,0.0,0.0,0.0,9.000000000000002,10.0,9.000000000000002,10.0,37.5,18.000000000000004,41.0,9.000000000000002,12.5,16.0,19.0,18.000000000000004,0.0,0.0,0.0,115.22332955291098,12.199999999999989
43.0,13.7,0.0,750.0,0.0,0.0,0.0,23.0,50.0,50.0,50.0,50.0,50.0,0.0,50.0,57.2,11299.113888888887,40676810.0,0.0,0.0,5.20833333333333,4.16666666666667,3.90625,25036.1,24773.0,18453.8,17865.9,0.0,0.0,0.0,0.0,352.0,3000.0,3.9,3.0,3.9,17.0,0.0,11299.1138888889,0.0,69.0,99.5,45.5,51.0,90.5,85.1,64.4,48.2,-12.199999999999989,99.0,14.282,572.6,0.0,14.234,0.0,0.0,0.0,2.49,2.49,0.0,0.0,0.0,0.0,0.0,0.0,597.8000000000001,,,0.0,0.0,3.44,908.0,2857.0,0.0,53.6,0.0,0.0,825.6,0.0,57.400000000000006,8.9,13.0,0.0,41.0,0.0,51.8,51.8,350.0,825.6,-50.0,0.0,0.0,0.0,0.0,400.0,0.0,0.0,0.0,0.0,0.0,0.0,70.0,750.0,1.489,0.0,13.9204564,0.0,0.0,0.0,28.388993279249185,0.0,0.0,0.0,0.0,,0.0,0.0,0.0,9.000000000000002,10.0,9.000000000000002,10.0,37.5,18.000000000000004,41.0,9.000000000000002,12.5,16.0,19.0,18.000000000000004,0.0,0.0,0.0,115.22332955291098,12.199999999999989
44.0,13.7,0.0,750.0,0.0,0.0,0.0,23.0,50.0,50.0,50.0,50.0,50.0,0.0,50.0,57.2,11299.113888888887,40676810.0,0.0,0.0,5.20833333333333,4.16666666666667,3.90625,25036.1,24773.0,18453.8,17865.9,0.0,0.0,0.0,0.0,352.0,3000.0,3.9,3.0,3.9,17.0,0.0,11299.1138888889,0.0,69.0,99.5,45.5,51.0,90.5,85.1,64.4,48.2,-12.199999999999989,99.0,14.282,572.6,0.0,14.234,0.0,0.0,0.0,2.49,2.49,0.0,0.0,0.0,0.0,0.0,0.0,597.8000000000001,,,0.0,0.0,3.44,908.0,2857.0,0.0,53.6,0.0,0.0,825.6,0.0,57.400000000000006,8.9,13.0,0.0,41.0,0.0,51.8,51.8,350.0,825.6,-50.0,0.0,0.0,0.0,0.0,400.0,0.0,0.0,0.0,0.0,0.0,0.0,70.0,750.0,1.489,0.0,13.9204564,0.0,0.0,0.0,28.388993279249185,0.0,0.0,0.0,0.0,,0.0,0.0,0.0,9.000000000000002,10.0,9.000000000000002,10.0,37.5,18.000000000000004,41.0,9.000000000000002,12.5,16.0,19.0,18.000000000000004,0.0,0.0,0.0,115.22332955291098,12.199999999999989
45.0,13.7,0.0,750.0,0.0,0.0,0.0,23.0,50.0,50.0,50.0,50.0,50.0,0.0,50.0,57.2,11299.113888888887,40676810.0,0.0,0.0,5.20833333333333,4.16666666666667,3.90625,25036.1,24773.0,18453.8,17865.9,0.0,0.0,0.0,0.0,352.0,3000.0,3.9,3.0,3.9,17.0,0.0,11299.1138888889,0.0,69.0,99.5,45.5,51.0,90.5,85.1,64.4,48.2,-12.199999999999989,99.0,14.282,572.6,0.0,14.234,0.0,0.0,0.0,2.49,2.49,0.0,0.0,0.0,0.0,0.0,0.0,597.8000000000001,,,0.0,0.0,3.44,908.0,2857.0,0.0,53.6,0.0,0.0,825.6,0.0,57.400000000000006,8.9,13.0,0.0,41.0,0.0,51.8,51.8,350.0,825.6,-50.0,0.0,0.0,0.0,0.0,400.0,0.0,0.0,0.0,0.0,0.0,0.0,70.0,750.0,1.489,0.0,13.9204564,0.0,0.0,0.0,28.388993279249185,0.0,0.0,0.0,0.0,,0.0,0.0,0.0,9.000000000000002,10.0,9.000000000000002,10.0,37.5,18.000000000000004,41.0,9.000000000000002,12.5,16.0,19.0,18.000000000000004,0.0,0.0,0.0,115.22332955291098,12.199999999999989
46.0,13.7,0.0,750.0,0.0,0.0,0.0,23.0,50.0,50.0,50.0,50.0,50.0,0.0,50.0,57.2,11299.113888888887,40676810.0,0.0,0.0,5.20833333333333,4.16666666666667,3.90625,25036.1,24773.0,18453.8,17865.9,0.0,0.0,0.0,0.0,352.0,3000.0,3.9,3.0,3.9,17.0,0.0,11299.1138888889,0.0,69.0,99.5,45.5,51.0,90.5,85.1,64.4,48.2,-12.199999999999989,99.0,14.282,572.6,0.0,14.234,0.0,0.0,0.0,2.49,2.49,0.0,0.0,0.0,0.0,0.0,0.0,597.8000000000001,,,0.0,0.0,3.44,908.0,2857.0,0.0,53.6,0.0,0.0,825.6,0.0,57.400000000000006,8.9,13.0,0.0,41.0,0.0,51.8,51.8,350.0,825.6,-50.0,0.0,0.0,0.0,0.0,400.0,0.0,0.0,0.0,0.0,0.0,0.0,70.0,750.0,1.489,0.0,13.9204564,0.0,0.0,0.0,28.388993279249185,0.0,0.0,0.0,0.0,,0.0,0.0,0.0,9.000000000000002,10.0,9.000000000000002,10.0,37.5,18.000000000000004,41.0,9.000000000000002,12.5,16.0,19.0,18.000000000000004,0.0,0.0,0.0,115.22332955291098,12.199999999999989
47.0,13.7,0.0,750.0,0.0,0.0,0.0,23.0,50.0,50.0,50.0,50.0,50.0,0.0,50.0,57.2,11299.113888888887,40676810.0,0.0,0.0,5.20833333333333,4.16666666666667,3.90625,25036.1,24773.0,18453.8,17865.9,0.0,0.0,0.0,0.0,352.0,3000.0,3.9,3.0,3.9,17.0,0.0,11299.1138888889,0.0,69.0,99.5,45.5,51.0,90.5,85.1,64.4,48.2,-12.199999999999989,99.0,14.282,572.6,0.0,14.234,0.0,0.0,0.0,2.49,2.49,0.0,0.0,0.0,0.0,0.0,0.0,597.8000000000001,,,0.0,0.0,3.44,908.0,2857.0,0.0,53.6,0.0,0.0,825.6,0.0,57.400000000000006,8.9,13.0,0.0,41.0,0.0,51.8,51.8,350.0,825.6,-50.0,0.0,0.0,0.0,0.0,400.0,0.0,0.0,0.0,0.0,0.0,0.0,70.0,750.0,1.489,0.0,13.9204564,0.0,0.0,0.0,28.388993279249185,0.0,0.0,0.0,0.0,,0.0,0.0,0.0,9.000000000000002,10.0,9.000000000000002,10.0,37.5,18.000000000000004,41.0,9.000000000000002,12.5,16.0,19.0,18.000000000000004,0.0,0.0,0.0,115.22332955291098,12.199999999999989
48.0,13.7,0.0,750.0,0.0,0.0,0.0,23.0,50.0,50.0,50.0,50.0,50.0,0.0,50.0,57.2,11299.113888888887,40676810.0,0.0,0.0,5.20833333333333,4.16666666666667,3.90625,25036.1,24773.0,18453.8,17865.9,0.0,0.0,0.0,0.0,352.0,3000.0,3.9,3.0,3.9,17.0,0.0,11299.1138888889,0.0,69.0,99.5,45.5,51.0,90.5,85.1,64.4,48.2,-12.199999999999989,99.0,14.282,572.6,0.0,14.234,0.0,0.0,0.0,2.49,2.49,0.0,0.0,0.0,0.0,0.0,0.0,597.8000000000001,,,0.0,0.0,3.44,908.0,2857.0,0.0,53.6,0.0,0.0,825.6,0.0,57.400000000000006,8.9,13.0,0.0,41.0,0.0,51.8,51.8,350.0,825.6,-50.0,0.0,0.0,0.0,0.0,400.0,0.0,0.0,0.0,0.0,0.0,0.0,70.0,750.0,1.489,0.0,13.9204564,0.0,0.0,0.0,28.388993279249185,0.0,0.0,0.0,0.0,,0.0,0.0,0.0,9.000000000000002,10.0,9.000000000000002,10.0,37.5,18.000000000000004,41.0,9.000000000000002,12.5,16.0,19.0,18.000000000000004,0.0,0.0,0.0,115.22332955291098,12.199999999999989
49.0,13.7,0.0,750.0,0.0,0.0,0.0,23.0,50.0,50.0,50.0,50.0,50.0,0.0,50.0,57.2,11299.113888888887,40676810.0,0.0,0.0,5.20833333333333,4.16666666666667,3.90625,25036.1,24773.0,18453.8,17865.9,0.0,0.0,0.0,0.0,352.0,3000.0,3.9,3.0,3.9,17.0,0.0,11299.1138888889,0.0,69.0,99.5,45.5,51.0,90.5,85.1,64.4,48.2,-12.199999999999989,99.0,14.282,572.6,0.0,14.234,0.0,0.0,0.0,2.49,2.49,0.0,0.0,0.0,0.0,0.0,0.0,597.8000000000001,,,0.0,0.0,3.44,908.0,2857.0,0.0,53.6,0.0,0.0,825.6,0.0,57.400000000000006,8.9,13.0,0.0,41.0,0.0,51.8,51.8,350.0,825.6,-50.0,0.0,0.0,0.0,0.0,400.0,0.0,0.0,0.0,0.0,0.0,0.0,70.0,750.0,1.489,0.0,13.9204564,0.0,0.0,0.0,28.388993279249185,0.0,0.0,0.0,0.0,,0.0,0.0,0.0,9.000000000000002,10.0,9.000000000000002,10.0,37.5,18.000000000000004,41.0,9.000000000000002,12.5,16.0,19.0,18.000000000000004,0.0,0.0,0.0,115.22332955291098,12.199999999999989
50.0,13.7,0.0,750.0,0.0,0.0,0.0,23.0,50.0,50.0,50.0,50.0,50.0,0.0,50.0,57.2,11299.113888888887,40676810.0,0.0,0.0,5.20833333333333,4.16666666666667,3.90625,25036.1,24773.0,18453.8,17865.9,0.0,0.0,0.0,0.0,352.0,3000.0,3.9,3.0,3.9,17.0,0.0,11299.1138888889,0.0,69.0,99.5,45.5,51.0,90.5,85.1,64.4,48.2,-12.199999999999989,99.0,14.282,572.6,0.0,14.234,0.0,0.0,0.0,2.49,2.49,0.0,0.0,0.0,0.0,0.0,0.0,597.8000000000001,,,0.0,0.0,3.44,908.0,2857.0,0.0,53.6,0.0,0.0,825.6,0.0,57.400000000000006,8.9,13.0,0.0,41.0,0.0,51.8,51.8,350.0,825.6,-50.0,0.0,0.0,0.0,0.0,400.0,0.0,0.0,0.0,0.0,0.0,0.0,70.0,750.0,1.489,0.0,13.9204564,0.0,0.0,0.0,28.388993279249185,0.0,0.0,0.0,0.0,,0.0,0.0,0.0,9.000000000000002,10.0,9.000000000000002,10.0,37.5,18.000000000000004,41.0,9.000000000000002,12.5,16.0,19.0,18.000000000000004,0.0,0.0,0.0,115.22332955291098,12.199999999999989
51.0,13.7,0.0,750.0,0.0,0.0,0.0,23.0,50.0,50.0,50.0,50.0,50.0,0.0,50.0,57.2,11299.113888888887,40676810.0,0.0,0.0,5.20833333333333,4.16666666666667,3.90625,25036.1,24773.0,18453.8,17865.9,0.0,0.0,0.0,0.0,352.0,3000.0,3.9,3.0,3.9,17.0,0.0,11299.1138888889,0.0,69.0,99.5,45.5,51.0,90.5,85.1,64.4,48.2,-12.199999999999989,99.0,14.282,572.6,0.0,14.234,0.0,0.0,0.0,2.49,2.49,0.0,0.0,0.0,0.0,0.0,0.0,597.8000000000001,,,0.0,0.0,3.44,908.0,2857.0,0.0,53.6,0.0,0.0,825.6,0.0,57.400000000000006,8.9,13.0,0.0,41.0,0.0,51.8,51.8,350.0,825.6,-50.0,0.0,0.0,0.0,0.0,400.0,0.0,0.0,0.0,0.0,0.0,0.0,70.0,750.0,1.489,0.0,13.9204564,0.0,0.0,0.0,28.388993279249185,0.0,0.0,0.0,0.0,,0.0,0.0,0.0,9.000000000000002,10.0,9.000000000000002,10.0,37.5,18.000000000000004,41.0,9.000000000000002,12.5,16.0,19.0,18.000000000000004,0.0,0.0,0.0,115.22332955291098,12.199999999999989
52.0,13.7,0.0,750.0,0.0,0.0,0.0,23.0,50.0,50.0,50.0,50.0,50.0,0.0,50.0,57.2,11299.113888888887,40676810.0,0.0,0.0,5.20833333333333,4.16666666666667,3.90625,25036.1,24773.0,18453.8,17865.9,0.0,0.0,0.0,0.0,352.0,3000.0,3.9,3.0,3.9,17.0,0.0,11299.1138888889,0.0,69.0,99.5,45.5,51.0,90.5,85.1,64.4,48.2,-12.199999999999989,99.0,14.282,572.6,0.0,14.234,0.0,0.0,0.0,2.49,2.49,0.0,0.0,0.0,0.0,0.0,0.0,597.8000000000001,,,0.0,0.0,3.44,908.0,2857.0,0.0,53.6,0.0,0.0,825.6,0.0,57.400000000000006,8.9,13.0,0.0,41.0,0.0,51.8,51.8,350.0,825.6,-50.0,0.0,0.0,0.0,0.0,400.0,0.0,0.0,0.0,0.0,0.0,0.0,70.0,750.0,1.489,0.0,13.9204564,0.0,0.0,0.0,28.388993279249185,0.0,0.0,0.0,0.0,,0.0,0.0,0.0,9.000000000000002,10.0,9.000000000000002,10.0,37.5,18.000000000000004,41.0,9.000000000000002,12.5,16.0,19.0,18.000000000000004,0.0,0.0,0.0,115.22332955291098,12.199999999999989
53.0,13.7,0.0,750.0,0.0,0.0,0.0,23.0,50.0,50.0,50.0,50.0,50.0,0.0,50.0,57.2,11299.113888888887,40676810.0,0.0,0.0,5.20833333333333,4.16666666666667,3.90625,25036.1,24773.0,18453.8,17865.9,0.0,0.0,0.0,0.0,352.0,3000.0,3.9,3.0,3.9,17.0,0.0,11299.1138888889,0.0,69.0,99.5,45.5,51.0,90.5,85.1,64.4,48.2,-12.199999999999989,99.0,14.282,572.6,0.0,14.234,0.0,0.0,0.0,2.49,2.49,0.0,0.0,0.0,0.0,0.0,0.0,597.8000000000001,,,0.0,0.0,3.44,908.0,2857.0,0.0,53.6,0.0,0.0,825.6,0.0,57.400000000000006,8.9,13.0,0.0,41.0,0.0,51.8,51.8,350.0,825.6,-50.0,0.0,0.0,0.0,0.0,400.0,0.0,0.0,0.0,0.0,0.0,0.0,70.0,750.0,1.489,0.0,13.9204564,0.0,0.0,0.0,28.388993279249185,0.0,0.0,0.0,0.0,,0.0,0.0,0.0,9.000000000000002,10.0,9.000000000000002,10.0,37.5,18.000000000000004,41.0,9.000000000000002,12.5,16.0,19.0,18.000000000000004,0.0,0.0,0.0,115.22332955291098,12.199999999999989
54.0,13.7,0.0,750.0,0.0,0.0,0.0,23.0,50.0,50.0,50.0,50.0,50.0,0.0,50.0,57.2,11299.113888888887,40676810.0,0.0,0.0,5.20833333333333,4.16666666666667,3.90625,25036.1,24773.0,18453.8,17865.9,0.0,0.0,0.0,0.0,352.0,3000.0,3.9,3.0,3.9,17.0,0.0,11299.1138888889,0.0,69.0,99.5,45.5,51.0,90.5,85.1,64.4,48.2,-12.199999999999989,99.0,14.282,572.6,0.0,14.234,0.0,0.0,0.0,2.49,2.49,0.0,0.0,0.0,0.0,0.0,0.0,597.8000000000001,,,0.0,0.0,3.44,908.0,2857.0,0.0,53.6,0.0,0.0,825.6,0.0,57.400000000000006,8.9,13.0,0.0,41.0,0.0,51.8,51.8,350.0,825.6,-50.0,0.0,0.0,0.0,0.0,400.0,0.0,0.0,0.0,0.0,0.0,0.0,70.0,750.0,1.489,0.0,13.9204564,0.0,0.0,0.0,28.388993279249185,0.0,0.0,0.0,0.0,,0.0,0.0,0.0,9.000000000000002,10.0,9.000000000000002,10.0,37.5,18.000000000000004,41.0,9.000000000000002,12.5,16.0,19.0,18.000000000000004,0.0,0.0,0.0,115.22332955291098,12.199999999999989
55.0,,,,,,,,,,,,,,,,,,,,,,,,,,,,,,,,,,,,,,,,,,,,,,,,,,,,,,,,,,,,,,,,,,,,,,,,,,,,,,,,,,,,,,,,,,,,,,,,,,,,,,,,,,,,,,,,,,,,,,,,,,,,,,,,,,,,,,
56.0,,,,,,,,,,,,,,,,,,,,,,,,,,,,,,,,,,,,,,,,,,,,,,,,,,,,,,,,,,,,,,,,,,,,,,,,,,,,,,,,,,,,,,,,,,,,,,,,,,,,,,,,,,,,,,,,,,,,,,,,,,,,,,,,,,,,,,
57.0,,,,,,,,,,,,,,,,,,,,,,,,,,,,,,,,,,,,,,,,,,,,,,,,,,,,,,,,,,,,,,,,,,,,,,,,,,,,,,,,,,,,,,,,,,,,,,,,,,,,,,,,,,,,,,,,,,,,,,,,,,,,,,,,,,,,,,
58.0,,,,,,,,,,,,,,,,,,,,,,,,,,,,,,,,,,,,,,,,,,,,,,,,,,,,,,,,,,,,,,,,,,,,,,,,,,,,,,,,,,,,,,,,,,,,,,,,,,,,,,,,,,,,,,,,,,,,,,,,,,,,,,,,,,,,,,
59.0,,,,,,,,,,,,,,,,,,,,,,,,,,,,,,,,,,,,,,,,,,,,,,,,,,,,,,,,,,,,,,,,,,,,,,,,,,,,,,,,,,,,,,,,,,,,,,,,,,,,,,,,,,,,,,,,,,,,,,,,,,,,,,,,,,,,,,
60.0,,,,,,,,,,,,,,,,,,,,,,,,,,,,,,,,,,,,,,,,,,,,,,,,,,,,,,,,,,,,,,,,,,,,,,,,,,,,,,,,,,,,,,,,,,,,,,,,,,,,,,,,,,,,,,,,,,,,,,,,,,,,,,,,,,,,,,
61.0,,,,,,,,,,,,,,,,,,,,,,,,,,,,,,,,,,,,,,,,,,,,,,,,,,,,,,,,,,,,,,,,,,,,,,,,,,,,,,,,,,,,,,,,,,,,,,,,,,,,,,,,,,,,,,,,,,,,,,,,,,,,,,,,,,,,,,
62.0,,,,,,,,,,,,,,,,,,,,,,,,,,,,,,,,,,,,,,,,,,,,,,,,,,,,,,,,,,,,,,,,,,,,,,,,,,,,,,,,,,,,,,,,,,,,,,,,,,,,,,,,,,,,,,,,,,,,,,,,,,,,,,,,,,,,,,
63.0,,,,,,,,,,,,,,,,,,,,,,,,,,,,,,,,,,,,,,,,,,,,,,,,,,,,,,,,,,,,,,,,,,,,,,,,,,,,,,,,,,,,,,,,,,,,,,,,,,,,,,,,,,,,,,,,,,,,,,,,,,,,,,,,,,,,,,
64.0,,,,,,,,,,,,,,,,,,,,,,,,,,,,,,,,,,,,,,,,,,,,,,,,,,,,,,,,,,,,,,,,,,,,,,,,,,,,,,,,,,,,,,,,,,,,,,,,,,,,,,,,,,,,,,,,,,,,,,,,,,,,,,,,,,,,,,
65.0,,,,,,,,,,,,,,,,,,,,,,,,,,,,,,,,,,,,,,,,,,,,,,,,,,,,,,,,,,,,,,,,,,,,,,,,,,,,,,,,,,,,,,,,,,,,,,,,,,,,,,,,,,,,,,,,,,,,,,,,,,,,,,,,,,,,,,
66.0,13.1,0.0,750.0,0.0,0.0,0.0,23.0,50.0,50.0,50.0,50.0,50.0,0.0,50.0,57.2,11299.128333333334,40676862.0,0.0,0.0,5.20833333333333,4.16666666666667,3.90625,25036.1,24773.0,18453.8,17865.9,0.0,0.0,0.0,0.0,24.0,3000.0,3.9,2.0,3.9,17.0,0.0,11299.1283333333,0.0,69.0,99.5,,,,,,,-12.199999999999989,99.0,14.282,572.6,0.0,14.234,0.0,0.0,0.0,2.49,2.49,0.0,0.0,0.0,0.0,0.0,0.0,597.8000000000001,,,0.0,0.0,3.44,908.0,2857.0,0.0,53.6,0.0,0.0,825.6,0.0,57.400000000000006,8.9,13.0,0.0,41.0,0.0,51.8,51.8,350.0,825.6,-50.0,0.0,0.0,0.0,0.0,400.0,0.0,0.0,0.0,0.0,0.0,0.0,70.0,750.0,1.489,0.0,13.9204564,,0.0,,,0.0,0.0,0.0,0.0,,0.0,0.0,,9.000000000000002,10.0,9.000000000000002,10.0,37.5,,41.0,,12.5,16.0,19.0,18.000000000000004,0.0,,,,12.199999999999989
67.0,13.1,0.0,750.0,0.0,0.0,0.0,23.0,50.0,50.0,50.0,50.0,50.0,0.0,50.0,57.2,11299.128333333334,40676862.0,0.0,0.0,5.20833333333333,4.16666666666667,3.90625,25036.1,24773.0,18453.8,17865.9,0.0,0.0,0.0,0.0,24.0,3000.0,3.9,2.0,3.9,17.0,0.0,11299.1283333333,0.0,69.0,99.5,,,,,,,-12.199999999999989,99.0,14.282,572.6,0.0,14.234,0.0,0.0,0.0,2.49,2.49,0.0,0.0,0.0,0.0,0.0,0.0,597.8000000000001,,,0.0,0.0,3.44,908.0,2857.0,0.0,53.6,0.0,0.0,825.6,0.0,57.400000000000006,8.9,13.0,0.0,41.0,0.0,51.8,51.8,350.0,825.6,-50.0,0.0,0.0,0.0,0.0,400.0,0.0,0.0,0.0,0.0,0.0,0.0,70.0,750.0,1.489,0.0,13.9204564,,0.0,,,0.0,0.0,0.0,0.0,,0.0,0.0,,9.000000000000002,10.0,9.000000000000002,10.0,37.5,,41.0,,12.5,16.0,19.0,18.000000000000004,0.0,,,,12.199999999999989
68.0,13.1,0.0,750.0,0.0,0.0,0.0,23.0,50.0,50.0,50.0,50.0,50.0,0.0,50.0,57.2,11299.128333333334,40676862.0,0.0,0.0,5.20833333333333,4.16666666666667,3.90625,25036.1,24773.0,18453.8,17865.9,0.0,0.0,0.0,0.0,24.0,3000.0,3.9,2.0,3.9,17.0,0.0,11299.1283333333,0.0,69.0,99.5,,,,,,,-12.199999999999989,99.0,14.282,572.6,0.0,14.234,0.0,0.0,0.0,2.49,2.49,0.0,0.0,0.0,0.0,0.0,0.0,597.8000000000001,,,0.0,0.0,3.44,908.0,2857.0,0.0,53.6,0.0,0.0,825.6,0.0,57.400000000000006,8.9,13.0,0.0,41.0,0.0,51.8,51.8,350.0,825.6,-50.0,0.0,0.0,0.0,0.0,400.0,0.0,0.0,0.0,0.0,0.0,0.0,70.0,750.0,1.489,0.0,13.9204564,,0.0,,,0.0,0.0,0.0,0.0,,0.0,0.0,,9.000000000000002,10.0,9.000000000000002,10.0,37.5,,41.0,,12.5,16.0,19.0,18.000000000000004,0.0,,,,12.199999999999989
69.0,13.1,0.0,750.0,0.0,0.0,0.0,23.0,50.0,50.0,50.0,50.0,50.0,0.0,50.0,57.2,11299.128333333334,40676862.0,0.0,0.0,5.20833333333333,4.16666666666667,3.90625,25036.1,24773.0,18453.8,17865.9,0.0,0.0,0.0,0.0,24.0,3000.0,3.9,2.0,3.9,17.0,0.0,11299.1283333333,0.0,69.0,99.5,,,,,,,-12.199999999999989,99.0,14.282,572.6,0.0,14.234,0.0,0.0,0.0,2.49,2.49,0.0,0.0,0.0,0.0,0.0,0.0,597.8000000000001,,,0.0,0.0,3.44,908.0,2857.0,0.0,53.6,0.0,0.0,825.6,0.0,57.400000000000006,8.9,13.0,0.0,41.0,0.0,51.8,51.8,350.0,825.6,-50.0,0.0,0.0,0.0,0.0,400.0,0.0,0.0,0.0,0.0,0.0,0.0,70.0,750.0,1.489,0.0,13.9204564,,0.0,,,0.0,0.0,0.0,0.0,,0.0,0.0,,9.000000000000002,10.0,9.000000000000002,10.0,37.5,,41.0,,12.5,16.0,19.0,18.000000000000004,0.0,,,,12.199999999999989
70.0,13.1,0.0,750.0,0.0,0.0,0.0,23.0,50.0,50.0,50.0,50.0,50.0,0.0,50.0,57.2,11299.128333333334,40676862.0,0.0,0.0,5.20833333333333,4.16666666666667,3.90625,25036.1,24773.0,18453.8,17865.9,0.0,0.0,0.0,0.0,24.0,3000.0,3.9,2.0,3.9,17.0,0.0,11299.1283333333,0.0,69.0,99.5,,,,,,,-12.199999999999989,99.0,14.282,572.6,0.0,14.234,0.0,0.0,0.0,2.49,2.49,0.0,0.0,0.0,0.0,0.0,0.0,597.8000000000001,,,0.0,0.0,3.44,908.0,2857.0,0.0,53.6,0.0,0.0,825.6,0.0,57.400000000000006,8.9,13.0,0.0,41.0,0.0,51.8,51.8,350.0,825.6,-50.0,0.0,0.0,0.0,0.0,400.0,0.0,0.0,0.0,0.0,0.0,0.0,70.0,750.0,1.489,0.0,13.9204564,,0.0,,,0.0,0.0,0.0,0.0,,0.0,0.0,,9.000000000000002,10.0,9.000000000000002,10.0,37.5,,41.0,,12.5,16.0,19.0,18.000000000000004,0.0,,,,12.199999999999989
71.0,13.0,0.0,750.0,0.0,0.0,0.0,23.0,50.0,50.0,50.0,50.0,50.0,0.0,50.0,57.2,11299.13,40676868.0,0.0,0.0,5.20833333333333,4.16666666666667,3.90625,25036.1,24773.0,18453.8,17865.9,0.0,0.0,0.0,0.0,18.0,3000.0,3.9,3.0,3.9,17.0,0.0,11299.13,0.0,69.0,99.5,,,,,,,-12.199999999999989,99.0,14.282,572.6,0.0,14.234,0.0,0.0,0.0,2.49,2.49,0.0,0.0,0.0,0.0,0.0,0.0,597.8000000000001,,,0.0,0.0,3.44,908.0,2857.0,0.0,53.6,0.0,0.0,825.6,0.0,57.400000000000006,8.9,13.0,0.0,41.0,0.0,51.8,51.8,350.0,825.6,-50.0,0.0,0.0,0.0,0.0,400.0,0.0,0.0,0.0,0.0,0.0,0.0,70.0,750.0,1.489,0.0,13.9204564,,0.0,,,0.0,0.0,0.0,0.0,,0.0,0.0,,9.000000000000002,10.0,9.000000000000002,10.0,37.5,,41.0,,12.5,16.0,19.0,18.000000000000004,0.0,,,,12.199999999999989
72.0,13.0,0.0,750.0,0.0,0.0,0.0,23.0,50.0,50.0,50.0,50.0,50.0,0.0,50.0,57.2,11299.13,40676868.0,0.0,0.0,5.20833333333333,4.16666666666667,3.90625,25036.1,24773.0,18453.8,17865.9,0.0,0.0,0.0,0.0,18.0,3000.0,3.9,3.0,3.9,17.0,0.0,11299.13,0.0,69.0,99.5,,,,,,,-12.199999999999989,99.0,14.282,572.6,0.0,14.234,0.0,0.0,0.0,2.49,2.49,0.0,0.0,0.0,0.0,0.0,0.0,597.8000000000001,,,0.0,0.0,3.44,908.0,2857.0,0.0,53.6,0.0,0.0,825.6,0.0,57.400000000000006,8.9,13.0,0.0,41.0,0.0,51.8,51.8,350.0,825.6,-50.0,0.0,0.0,0.0,0.0,400.0,0.0,0.0,0.0,0.0,0.0,0.0,70.0,750.0,1.489,0.0,13.9204564,,0.0,,,0.0,0.0,0.0,0.0,,0.0,0.0,,9.000000000000002,10.0,9.000000000000002,10.0,37.5,,41.0,,12.5,16.0,19.0,18.000000000000004,0.0,,,,12.199999999999989
73.0,13.0,0.0,750.0,0.0,0.0,0.0,23.0,50.0,50.0,50.0,50.0,50.0,0.0,50.0,57.2,11299.13,40676868.0,0.0,0.0,5.20833333333333,4.16666666666667,3.90625,25036.1,24773.0,18453.8,17865.9,0.0,0.0,0.0,0.0,18.0,3000.0,3.9,3.0,3.9,17.0,0.0,11299.13,0.0,69.0,99.5,,,,,,,-12.199999999999989,99.0,14.282,572.6,0.0,14.234,0.0,0.0,0.0,2.49,2.49,0.0,0.0,0.0,0.0,0.0,0.0,597.8000000000001,,,0.0,0.0,3.44,908.0,2857.0,0.0,53.6,0.0,0.0,825.6,0.0,57.400000000000006,8.9,13.0,0.0,41.0,0.0,51.8,51.8,350.0,825.6,-50.0,0.0,0.0,0.0,0.0,400.0,0.0,0.0,0.0,0.0,0.0,0.0,70.0,750.0,1.489,0.0,13.9204564,,0.0,,,0.0,0.0,0.0,0.0,,0.0,0.0,,9.000000000000002,10.0,9.000000000000002,10.0,37.5,,41.0,,12.5,16.0,19.0,18.000000000000004,0.0,,,,12.199999999999989
74.0,13.0,0.0,750.0,0.0,0.0,0.0,23.0,50.0,50.0,50.0,50.0,50.0,0.0,50.0,57.2,11299.13,40676868.0,0.0,0.0,5.20833333333333,4.16666666666667,3.90625,25036.1,24773.0,18453.8,17865.9,0.0,0.0,0.0,0.0,18.0,3000.0,3.9,3.0,3.9,17.0,0.0,11299.13,0.0,69.0,99.5,,,,,,,-12.199999999999989,99.0,14.282,572.6,0.0,14.234,0.0,0.0,0.0,2.49,2.49,0.0,0.0,0.0,0.0,0.0,0.0,597.8000000000001,,,0.0,0.0,3.44,908.0,2857.0,0.0,53.6,0.0,0.0,825.6,0.0,57.400000000000006,8.9,13.0,0.0,41.0,0.0,51.8,51.8,350.0,825.6,-50.0,0.0,0.0,0.0,0.0,400.0,0.0,0.0,0.0,0.0,0.0,0.0,70.0,750.0,1.489,0.0,13.9204564,,0.0,,,0.0,0.0,0.0,0.0,,0.0,0.0,,9.000000000000002,10.0,9.000000000000002,10.0,37.5,,41.0,,12.5,16.0,19.0,18.000000000000004,0.0,,,,12.199999999999989
75.0,13.0,0.0,750.0,0.0,0.0,0.0,23.0,50.0,50.0,50.0,50.0,50.0,0.0,50.0,57.2,11299.13,40676868.0,0.0,0.0,5.20833333333333,4.16666666666667,3.90625,25036.1,24773.0,18453.8,17865.9,0.0,0.0,0.0,0.0,18.0,3000.0,3.9,3.0,3.9,17.0,0.0,11299.13,0.0,69.0,99.5,,,,,,,-12.199999999999989,99.0,14.282,572.6,0.0,14.234,0.0,0.0,0.0,2.49,2.49,0.0,0.0,0.0,0.0,0.0,0.0,597.8000000000001,,,0.0,0.0,3.44,908.0,2857.0,0.0,53.6,0.0,0.0,825.6,0.0,57.400000000000006,8.9,13.0,0.0,41.0,0.0,51.8,51.8,350.0,825.6,-50.0,0.0,0.0,0.0,0.0,400.0,0.0,0.0,0.0,0.0,0.0,0.0,70.0,750.0,1.489,0.0,13.9204564,,0.0,,,0.0,0.0,0.0,0.0,,0.0,0.0,,9.000000000000002,10.0,9.000000000000002,10.0,37.5,,41.0,,12.5,16.0,19.0,18.000000000000004,0.0,,,,12.199999999999989
76.0,13.0,0.0,750.0,0.0,0.0,0.0,23.0,50.0,50.0,50.0,50.0,50.0,0.0,50.0,57.2,11299.13,40676868.0,0.0,0.0,5.20833333333333,4.16666666666667,3.90625,25036.1,24773.0,18453.8,17865.9,0.0,0.0,0.0,0.0,18.0,3000.0,3.9,3.0,3.9,17.0,0.0,11299.13,0.0,69.0,99.5,,,,,,,-12.199999999999989,99.0,14.282,572.6,0.0,14.234,0.0,0.0,0.0,2.49,2.49,0.0,0.0,0.0,0.0,0.0,0.0,597.8000000000001,,,0.0,0.0,3.44,908.0,2857.0,0.0,53.6,0.0,0.0,825.6,0.0,57.400000000000006,8.9,13.0,0.0,41.0,0.0,51.8,51.8,350.0,825.6,-50.0,0.0,0.0,0.0,0.0,400.0,0.0,0.0,0.0,0.0,0.0,0.0,70.0,750.0,1.489,0.0,13.9204564,,0.0,,,0.0,0.0,0.0,0.0,,0.0,0.0,,9.000000000000002,10.0,9.000000000000002,10.0,37.5,,41.0,,12.5,16.0,19.0,18.000000000000004,0.0,,,,12.199999999999989
77.0,13.0,0.0,750.0,0.0,0.0,0.0,23.0,50.0,50.0,50.0,50.0,50.0,0.0,50.0,57.2,11299.131388888887,40676873.0,0.0,0.0,5.20833333333333,4.16666666666667,3.90625,25036.1,24773.0,18453.8,17865.9,0.0,0.0,0.0,0.0,14.0,3000.0,3.9,2.0,3.9,17.0,0.0,11299.1313888889,0.0,69.0,99.5,,,,,,,-12.199999999999989,99.0,14.282,572.6,0.0,14.234,0.0,0.0,0.0,2.49,2.49,0.0,0.0,0.0,0.0,0.0,0.0,597.8000000000001,,,0.0,0.0,3.44,908.0,2857.0,0.0,53.6,0.0,0.0,825.6,0.0,57.400000000000006,8.9,13.0,0.0,41.0,0.0,51.8,51.8,350.0,825.6,-50.0,0.0,0.0,0.0,0.0,400.0,0.0,0.0,0.0,0.0,0.0,0.0,70.0,750.0,1.489,0.0,13.9204564,,0.0,,,0.0,0.0,0.0,0.0,,0.0,0.0,,9.000000000000002,10.0,9.000000000000002,10.0,37.5,,41.0,,12.5,16.0,19.0,18.000000000000004,0.0,,,,12.199999999999989
78.0,13.0,0.0,750.0,0.0,0.0,0.0,23.0,50.0,50.0,50.0,50.0,50.0,0.0,50.0,57.2,11299.131388888887,40676873.0,0.0,0.0,5.20833333333333,4.16666666666667,3.90625,25036.1,24773.0,18453.8,17865.9,0.0,0.0,0.0,0.0,14.0,3000.0,3.9,2.0,3.9,17.0,0.0,11299.1313888889,0.0,69.0,99.5,,,,,,,-12.199999999999989,99.0,14.282,572.6,0.0,14.234,0.0,0.0,0.0,2.49,2.49,0.0,0.0,0.0,0.0,0.0,0.0,597.8000000000001,,,0.0,0.0,3.44,908.0,2857.0,0.0,53.6,0.0,0.0,825.6,0.0,57.400000000000006,8.9,13.0,0.0,41.0,0.0,51.8,51.8,350.0,825.6,-50.0,0.0,0.0,0.0,0.0,400.0,0.0,0.0,0.0,0.0,0.0,0.0,70.0,750.0,1.489,0.0,13.9204564,,0.0,,,0.0,0.0,0.0,0.0,,0.0,0.0,,9.000000000000002,10.0,9.000000000000002,10.0,37.5,,41.0,,12.5,16.0,19.0,18.000000000000004,0.0,,,,12.199999999999989
79.0,13.0,0.0,750.0,0.0,0.0,0.0,23.0,50.0,50.0,50.0,50.0,50.0,0.0,50.0,57.2,11299.131388888887,40676873.0,0.0,0.0,5.20833333333333,4.16666666666667,3.90625,25036.1,24773.0,18453.8,17865.9,0.0,0.0,0.0,0.0,14.0,3000.0,3.9,2.0,3.9,17.0,0.0,11299.1313888889,0.0,69.0,99.5,,,,,,,-12.199999999999989,99.0,14.282,572.6,0.0,14.234,0.0,0.0,0.0,2.49,2.49,0.0,0.0,0.0,0.0,0.0,0.0,597.8000000000001,,,0.0,0.0,3.44,908.0,2857.0,0.0,53.6,0.0,0.0,825.6,0.0,57.400000000000006,8.9,13.0,0.0,41.0,0.0,51.8,51.8,350.0,825.6,-50.0,0.0,0.0,0.0,0.0,400.0,0.0,0.0,0.0,0.0,0.0,0.0,70.0,750.0,1.489,0.0,13.9204564,,0.0,,,0.0,0.0,0.0,0.0,,0.0,0.0,,9.000000000000002,10.0,9.000000000000002,10.0,37.5,,41.0,,12.5,16.0,19.0,18.000000000000004,0.0,,,,12.199999999999989
80.0,13.0,0.0,750.0,0.0,0.0,0.0,23.0,50.0,50.0,50.0,50.0,50.0,0.0,50.0,57.2,11299.131388888887,40676873.0,0.0,0.0,5.20833333333333,4.16666666666667,3.90625,25036.1,24773.0,18453.8,17865.9,0.0,0.0,0.0,0.0,14.0,3000.0,3.9,2.0,3.9,17.0,0.0,11299.1313888889,0.0,69.0,99.5,,,,,,,-12.199999999999989,99.0,14.282,572.6,0.0,14.234,0.0,0.0,0.0,2.49,2.49,0.0,0.0,0.0,0.0,0.0,0.0,597.8000000000001,,,0.0,0.0,3.44,908.0,2857.0,0.0,53.6,0.0,0.0,825.6,0.0,57.400000000000006,8.9,13.0,0.0,41.0,0.0,51.8,51.8,350.0,825.6,-50.0,0.0,0.0,0.0,0.0,400.0,0.0,0.0,0.0,0.0,0.0,0.0,70.0,750.0,1.489,0.0,13.9204564,,0.0,,,0.0,0.0,0.0,0.0,,0.0,0.0,,9.000000000000002,10.0,9.000000000000002,10.0,37.5,,41.0,,12.5,16.0,19.0,18.000000000000004,0.0,,,,12.199999999999989
81.0,13.0,0.0,750.0,0.0,0.0,0.0,23.0,50.0,50.0,50.0,50.0,50.0,0.0,50.0,57.2,11299.131388888887,40676873.0,0.0,0.0,5.20833333333333,4.16666666666667,3.90625,25036.1,24773.0,18453.8,17865.9,0.0,0.0,0.0,0.0,14.0,3000.0,3.9,2.0,3.9,17.0,0.0,11299.1313888889,0.0,69.0,99.5,,,,,,,-12.199999999999989,99.0,14.282,572.6,0.0,14.234,0.0,0.0,0.0,2.49,2.49,0.0,0.0,0.0,0.0,0.0,0.0,597.8000000000001,,,0.0,0.0,3.44,908.0,2857.0,0.0,53.6,0.0,0.0,825.6,0.0,57.400000000000006,8.9,13.0,0.0,41.0,0.0,51.8,51.8,350.0,825.6,-50.0,0.0,0.0,0.0,0.0,400.0,0.0,0.0,0.0,0.0,0.0,0.0,70.0,750.0,1.489,0.0,13.9204564,,0.0,,,0.0,0.0,0.0,0.0,,0.0,0.0,,9.000000000000002,10.0,9.000000000000002,10.0,37.5,,41.0,,12.5,16.0,19.0,18.000000000000004,0.0,,,,12.199999999999989
82.0,13.0,0.0,750.0,0.0,0.0,0.0,23.0,50.0,50.0,50.0,50.0,50.0,0.0,50.0,57.2,11299.133055555556,40676879.0,0.0,0.0,5.20833333333333,4.16666666666667,3.90625,25036.1,24773.0,18453.8,17865.9,0.0,0.0,0.0,0.0,10.0,3000.0,3.9,3.0,3.9,17.0,0.0,11299.1330555556,0.0,69.0,99.5,,,,,,,-12.199999999999989,99.0,14.282,572.6,0.0,14.234,,,,,,,,,,,,,,,0.0,0.0,3.44,908.0,2857.0,0.0,53.6,0.0,0.0,825.6,0.0,57.400000000000006,8.9,13.0,0.0,41.0,0.0,51.8,51.8,350.0,825.6,-50.0,0.0,0.0,0.0,0.0,400.0,0.0,0.0,0.0,0.0,0.0,0.0,70.0,750.0,1.489,0.0,13.9204564,,0.0,,,0.0,0.0,0.0,0.0,,0.0,0.0,,9.000000000000002,10.0,9.000000000000002,10.0,37.5,,41.0,,12.5,16.0,,,0.0,,,,12.199999999999989
83.0,13.0,0.0,750.0,0.0,0.0,0.0,23.0,50.0,50.0,50.0,50.0,50.0,0.0,50.0,57.2,11299.133055555556,40676879.0,0.0,0.0,5.20833333333333,4.16666666666667,3.90625,25036.1,24773.0,18453.8,17865.9,0.0,0.0,0.0,0.0,10.0,3000.0,3.9,3.0,3.9,17.0,0.0,11299.1330555556,0.0,69.0,99.5,,,,,,,-12.199999999999989,99.0,14.282,572.6,0.0,14.234,,,,,,,,,,,,,,,0.0,0.0,3.44,908.0,2857.0,0.0,53.6,0.0,0.0,825.6,0.0,57.400000000000006,8.9,13.0,0.0,41.0,0.0,51.8,51.8,350.0,825.6,-50.0,0.0,0.0,0.0,0.0,400.0,0.0,0.0,0.0,0.0,0.0,0.0,70.0,750.0,1.489,0.0,13.9204564,,0.0,,,0.0,0.0,0.0,0.0,,0.0,0.0,,9.000000000000002,10.0,9.000000000000002,10.0,37.5,,41.0,,12.5,16.0,,,0.0,,,,12.199999999999989
84.0,13.0,0.0,750.0,0.0,0.0,0.0,23.0,50.0,50.0,50.0,50.0,50.0,0.0,50.0,57.2,11299.133055555556,40676879.0,0.0,0.0,5.20833333333333,4.16666666666667,3.90625,25036.1,24773.0,18453.8,17865.9,0.0,0.0,0.0,0.0,10.0,3000.0,3.9,3.0,3.9,17.0,0.0,11299.1330555556,0.0,69.0,99.5,,,,,,,-12.199999999999989,99.0,14.282,572.6,0.0,14.234,,,,,,,,,,,,,,,0.0,0.0,3.44,908.0,2857.0,0.0,53.6,0.0,0.0,825.6,0.0,57.400000000000006,8.9,13.0,0.0,41.0,0.0,51.8,51.8,350.0,825.6,-50.0,0.0,0.0,0.0,0.0,400.0,0.0,0.0,0.0,0.0,0.0,0.0,70.0,750.0,1.489,0.0,13.9204564,,0.0,,,0.0,0.0,0.0,0.0,,0.0,0.0,,9.000000000000002,10.0,9.000000000000002,10.0,37.5,,41.0,,12.5,16.0,,,0.0,,,,12.199999999999989
85.0,13.0,0.0,750.0,0.0,0.0,0.0,23.0,50.0,50.0,50.0,50.0,50.0,0.0,50.0,57.2,11299.133055555556,40676879.0,0.0,0.0,5.20833333333333,4.16666666666667,3.90625,25036.1,24773.0,18453.8,17865.9,0.0,0.0,0.0,0.0,10.0,3000.0,3.9,3.0,3.9,17.0,0.0,11299.1330555556,0.0,69.0,99.5,,,,,,,-12.199999999999989,99.0,14.282,572.6,0.0,14.234,,,,,,,,,,,,,,,0.0,0.0,3.44,908.0,2857.0,0.0,53.6,0.0,0.0,825.6,0.0,57.400000000000006,8.9,13.0,0.0,41.0,0.0,51.8,51.8,350.0,825.6,-50.0,0.0,0.0,0.0,0.0,400.0,0.0,0.0,0.0,0.0,0.0,0.0,70.0,750.0,1.489,0.0,13.9204564,,0.0,,,0.0,0.0,0.0,0.0,,0.0,0.0,,9.000000000000002,10.0,9.000000000000002,10.0,37.5,,41.0,,12.5,16.0,,,0.0,,,,12.199999999999989
86.0,13.0,0.0,750.0,0.0,0.0,0.0,23.0,50.0,50.0,50.0,50.0,50.0,0.0,50.0,57.2,11299.133055555556,40676879.0,0.0,0.0,5.20833333333333,4.16666666666667,3.90625,25036.1,24773.0,18453.8,17865.9,0.0,0.0,0.0,0.0,10.0,3000.0,3.9,3.0,3.9,17.0,0.0,11299.1330555556,0.0,69.0,99.5,,,,,,,-12.199999999999989,99.0,14.282,572.6,0.0,14.234,,,,,,,,,,,,,,,0.0,0.0,3.44,908.0,2857.0,0.0,53.6,0.0,0.0,825.6,0.0,57.400000000000006,8.9,13.0,0.0,41.0,0.0,51.8,51.8,350.0,825.6,-50.0,0.0,0.0,0.0,0.0,400.0,0.0,0.0,0.0,0.0,0.0,0.0,70.0,750.0,1.489,0.0,13.9204564,,0.0,,,0.0,0.0,0.0,0.0,,0.0,0.0,,9.000000000000002,10.0,9.000000000000002,10.0,37.5,,41.0,,12.5,16.0,,,0.0,,,,12.199999999999989
87.0,13.0,0.0,750.0,0.0,0.0,0.0,23.0,50.0,50.0,50.0,50.0,50.0,0.0,50.0,57.2,11299.133055555556,40676879.0,0.0,0.0,5.20833333333333,4.16666666666667,3.90625,25036.1,24773.0,18453.8,17865.9,0.0,0.0,0.0,0.0,10.0,3000.0,3.9,3.0,3.9,17.0,0.0,11299.1330555556,0.0,69.0,99.5,,,,,,,-12.199999999999989,99.0,14.282,572.6,0.0,14.234,,,,,,,,,,,,,,,0.0,0.0,3.44,908.0,2857.0,0.0,53.6,0.0,0.0,825.6,0.0,57.400000000000006,8.9,13.0,0.0,41.0,0.0,51.8,51.8,350.0,825.6,-50.0,0.0,0.0,0.0,0.0,400.0,0.0,0.0,0.0,0.0,0.0,0.0,70.0,750.0,1.489,0.0,13.9204564,,0.0,,,0.0,0.0,0.0,0.0,,0.0,0.0,,9.000000000000002,10.0,9.000000000000002,10.0,37.5,,41.0,,12.5,16.0,,,0.0,,,,12.199999999999989
88.0,13.0,0.0,750.0,0.0,0.0,0.0,23.0,50.0,50.0,50.0,50.0,50.0,0.0,50.0,57.2,11299.134444444444,40676884.0,0.0,0.0,5.20833333333333,4.16666666666667,3.90625,25036.1,24773.0,18453.8,17865.9,0.0,0.0,0.0,0.0,8.0,3000.0,3.9,94.0,3.9,17.0,0.0,11299.1344444444,0.0,69.0,99.5,,,,,,,-12.199999999999989,99.0,14.282,572.6,0.0,14.234,,,,,,,,,,,,,,,0.0,0.0,3.44,908.0,2857.0,0.0,53.6,0.0,0.0,825.6,0.0,57.400000000000006,8.9,13.0,0.0,41.0,0.0,51.8,51.8,350.0,825.6,-50.0,0.0,0.0,0.0,0.0,400.0,0.0,0.0,0.0,0.0,0.0,0.0,70.0,750.0,1.489,0.0,13.9204564,,0.0,,,0.0,0.0,,0.0,,0.0,0.0,,9.000000000000002,10.0,9.000000000000002,10.0,37.5,,41.0,,12.5,16.0,,,0.0,,,,12.199999999999989
89.0,13.0,0.0,750.0,0.0,0.0,0.0,23.0,50.0,50.0,50.0,50.0,50.0,0.0,50.0,57.2,11299.134444444444,40676884.0,0.0,0.0,5.20833333333333,4.16666666666667,3.90625,25036.1,24773.0,18453.8,17865.9,0.0,0.0,0.0,0.0,8.0,3000.0,3.9,94.0,3.9,17.0,0.0,11299.1344444444,0.0,69.0,,,,,,,,-327.0,0.0,6.0,10.6,0.0,13.1,,,,,,,,,,,,,,,0.0,0.0,3.44,908.0,2857.0,0.0,53.6,0.0,0.0,825.6,0.0,57.400000000000006,8.9,13.0,0.0,41.0,0.0,51.8,51.8,350.0,825.6,-50.0,0.0,0.0,0.0,0.0,400.0,0.0,0.0,0.0,0.0,0.0,0.0,70.0,750.0,1.489,0.0,13.9204564,,0.0,,,0.0,0.0,,0.0,,0.0,0.0,,9.000000000000002,10.0,9.000000000000002,10.0,,,,,-40.0,14.000000000000002,,,0.0,,,,327.0
90.0,13.0,0.0,750.0,0.0,0.0,0.0,23.0,50.0,50.0,50.0,50.0,50.0,0.0,50.0,57.2,11299.134444444444,40676884.0,0.0,0.0,5.20833333333333,4.16666666666667,3.90625,25036.1,24773.0,18453.8,17865.9,0.0,0.0,0.0,0.0,8.0,3000.0,3.9,94.0,3.9,17.0,0.0,11299.1344444444,0.0,69.0,,,,,,,,-327.0,0.0,6.0,10.6,0.0,13.1,,,,,,,,,,,,,,,0.0,0.0,3.44,908.0,2857.0,0.0,51.8,0.0,0.0,825.6,0.0,57.400000000000006,8.9,13.0,0.0,41.0,0.0,50.0,50.0,350.0,825.6,-50.0,0.0,0.0,0.0,0.0,400.0,0.0,0.0,0.0,0.0,0.0,0.0,70.0,750.0,1.489,0.0,13.110366699999998,,0.0,,,0.0,0.0,,0.0,,0.0,0.0,,9.000000000000002,10.0,9.000000000000002,10.0,,,,,-40.0,14.000000000000002,,,0.0,,,,327.0
91.0,13.0,0.0,750.0,0.0,0.0,0.0,23.0,50.0,50.0,50.0,50.0,50.0,0.0,50.0,57.2,11299.134444444444,40676884.0,0.0,0.0,5.20833333333333,4.16666666666667,3.90625,25036.1,24773.0,18453.8,17865.9,0.0,0.0,0.0,0.0,8.0,3000.0,3.9,94.0,3.9,17.0,0.0,11299.1344444444,0.0,69.0,,,,,,,,-327.0,0.0,6.0,10.6,0.0,13.1,,,,,,,,,,,,,,,0.0,0.0,0.0,908.0,2857.0,0.0,51.8,0.0,0.0,825.6,0.0,0.0,0.6000000000000001,13.0,0.0,41.0,0.0,50.0,50.0,350.0,825.6,-50.0,0.0,0.0,0.0,0.0,400.0,0.0,0.0,0.0,0.0,0.0,0.0,70.0,750.0,4.442,0.0,13.110366699999998,,0.0,,,0.0,0.0,,0.0,,0.0,0.0,,9.000000000000002,10.0,9.000000000000002,10.0,,,,,-40.0,14.000000000000002,,,0.0,,,,327.0
92.0,13.0,0.0,750.0,0.0,0.0,0.0,23.0,50.0,50.0,50.0,50.0,50.0,0.0,50.0,57.2,11299.135277777776,40676887.0,0.0,0.0,5.20833333333333,4.16666666666667,3.90625,25036.1,24773.0,18453.8,17865.9,0.0,0.0,0.0,0.0,6.0,3000.0,3.9,56.0,3.9,17.0,0.0,11299.1352777778,0.0,69.0,,,,,,,,-327.0,0.0,6.0,10.6,0.0,13.1,,,,,,,,,,,,,,,0.0,0.0,0.0,908.0,2857.0,0.0,51.8,0.0,0.0,825.6,0.0,0.0,0.6000000000000001,13.0,0.0,41.0,0.0,50.0,50.0,350.0,825.6,-50.0,0.0,0.0,0.0,0.0,400.0,0.0,0.0,0.0,0.0,0.0,0.0,70.0,750.0,4.442,0.0,13.110366699999998,,0.0,,,0.0,0.0,,0.0,,0.0,0.0,,9.000000000000002,10.0,9.000000000000002,10.0,,,,,-40.0,14.000000000000002,,,0.0,,,,327.0
93.0,13.0,0.0,750.0,0.0,0.0,0.0,23.0,50.0,50.0,50.0,50.0,50.0,0.0,50.0,57.2,11299.135277777776,40676887.0,0.0,0.0,5.20833333333333,4.16666666666667,3.90625,25036.1,24773.0,18453.8,17865.9,0.0,0.0,0.0,0.0,6.0,3000.0,3.9,56.0,3.9,17.0,0.0,11299.1352777778,0.0,69.0,,,,,,,,-327.0,0.0,6.0,10.6,0.0,13.1,,,,,,,,,,,,,,,0.0,0.0,0.0,908.0,2857.0,0.0,51.8,0.0,0.0,825.6,0.0,0.0,0.6000000000000001,13.0,0.0,41.0,0.0,50.0,50.0,350.0,825.6,-50.0,0.0,0.0,0.0,0.0,400.0,0.0,0.0,0.0,0.0,0.0,0.0,70.0,750.0,4.442,0.0,13.110366699999998,,0.0,,,0.0,0.0,,0.0,,0.0,0.0,,9.000000000000002,10.0,9.000000000000002,10.0,,,,,-40.0,14.000000000000002,,,0.0,,,,327.0
94.0,13.0,0.0,750.0,0.0,0.0,0.0,23.0,50.0,50.0,50.0,50.0,50.0,0.0,50.0,57.2,11299.135277777776,40676887.0,0.0,0.0,5.20833333333333,4.16666666666667,3.90625,25036.1,24773.0,18453.8,17865.9,0.0,0.0,0.0,0.0,6.0,3000.0,3.9,56.0,3.9,17.0,0.0,11299.1352777778,0.0,69.0,,,,,,,,-327.0,0.0,6.0,10.6,0.0,13.1,,,,,,,,,,,,,,,0.0,0.0,0.0,908.0,2857.0,0.0,51.8,0.0,0.0,825.6,0.0,0.0,0.6000000000000001,13.0,0.0,41.0,0.0,50.0,50.0,350.0,825.6,-50.0,0.0,0.0,0.0,0.0,400.0,0.0,0.0,0.0,0.0,0.0,0.0,70.0,750.0,4.442,0.0,13.110366699999998,,0.0,,,0.0,0.0,,0.0,,0.0,0.0,,9.000000000000002,10.0,9.000000000000002,10.0,,,,,-40.0,14.000000000000002,,,0.0,,,,327.0
95.0,13.0,0.0,750.0,0.0,0.0,0.0,23.0,50.0,50.0,50.0,50.0,50.0,0.0,50.0,57.2,11299.135277777776,40676887.0,0.0,0.0,5.20833333333333,4.16666666666667,3.90625,25036.1,24773.0,18453.8,17865.9,0.0,0.0,0.0,0.0,6.0,3000.0,3.9,56.0,3.9,17.0,0.0,11299.1352777778,0.0,69.0,,,,,,,,-327.0,0.0,6.0,10.6,0.0,13.1,,,,,,,,,,,,,,,0.0,0.0,0.0,908.0,2857.0,0.0,51.8,0.0,0.0,825.6,0.0,0.0,0.6000000000000001,13.0,0.0,41.0,0.0,51.8,51.8,350.0,825.6,-50.0,0.0,0.0,0.0,0.0,400.0,0.0,0.0,0.0,0.0,0.0,0.0,70.0,750.0,4.441,0.0,13.110366699999998,,0.0,,,0.0,0.0,,0.0,,0.0,0.0,,9.000000000000002,10.0,9.000000000000002,10.0,,,,,-40.0,14.000000000000002,,,0.0,,,,327.0
96.0,13.0,0.0,750.0,0.0,0.0,0.0,23.0,50.0,50.0,50.0,50.0,50.0,0.0,50.0,57.2,11299.136666666667,40676892.0,0.0,0.0,5.20833333333333,4.16666666666667,3.90625,25036.1,24773.0,18453.8,17865.9,0.0,0.0,0.0,0.0,5.0,3000.0,3.9,18.0,3.9,17.0,0.0,11299.1366666667,0.0,69.0,,,,,,,,-327.0,0.0,6.0,10.6,0.0,13.1,,,,,,,,,,,,,,,0.0,0.0,0.0,908.0,2857.0,0.0,51.8,0.0,0.0,825.6,0.0,0.0,0.6000000000000001,13.0,0.0,41.0,0.0,51.8,51.8,350.0,825.6,-50.0,0.0,0.0,0.0,0.0,400.0,0.0,0.0,0.0,0.0,0.0,0.0,70.0,750.0,4.441,0.0,13.110366699999998,,0.0,,,0.0,0.0,,0.0,,0.0,0.0,,9.000000000000002,10.0,9.000000000000002,10.0,,,,,-40.0,14.000000000000002,,,0.0,,,,327.0
97.0,13.0,0.0,750.0,0.0,0.0,0.0,23.0,50.0,50.0,50.0,50.0,50.0,0.0,50.0,57.2,11299.136666666667,40676892.0,0.0,0.0,5.20833333333333,4.16666666666667,3.90625,25036.1,24773.0,18453.8,17865.9,0.0,0.0,0.0,0.0,5.0,3000.0,3.9,18.0,3.9,17.0,0.0,11299.1366666667,0.0,69.0,,,,,,,,-327.0,0.0,6.0,10.6,0.0,13.1,,,,,,,,,,,,,,,0.0,0.0,0.0,908.0,2857.0,0.0,51.8,0.0,0.0,825.6,0.0,0.0,0.6000000000000001,13.0,0.0,41.0,0.0,51.8,51.8,350.0,825.6,-50.0,0.0,0.0,0.0,0.0,400.0,0.0,0.0,0.0,0.0,0.0,0.0,70.0,750.0,4.441,0.0,13.110366699999998,,0.0,,,0.0,0.0,,0.0,,0.0,0.0,,9.000000000000002,10.0,9.000000000000002,10.0,,,,,-40.0,14.000000000000002,,,0.0,,,,327.0
98.0,13.0,0.0,750.0,0.0,0.0,0.0,23.0,50.0,50.0,50.0,50.0,50.0,0.0,50.0,57.2,11299.136666666667,40676892.0,0.0,0.0,5.20833333333333,4.16666666666667,3.90625,25036.1,24773.0,18453.8,17865.9,0.0,0.0,0.0,0.0,5.0,3000.0,3.9,18.0,3.9,17.0,0.0,11299.1366666667,0.0,69.0,,,,,,,,-327.0,0.0,6.0,10.6,0.0,13.1,,,,,,,,,,,,,,,0.0,0.0,0.0,908.0,2857.0,0.0,51.8,0.0,0.0,825.6,0.0,0.0,0.6000000000000001,13.0,0.0,41.0,0.0,51.8,51.8,350.0,825.6,-50.0,0.0,0.0,0.0,0.0,400.0,0.0,0.0,0.0,0.0,0.0,0.0,70.0,750.0,4.441,0.0,13.110366699999998,,0.0,,,0.0,0.0,,0.0,,0.0,0.0,,9.000000000000002,10.0,9.000000000000002,10.0,,,,,-40.0,14.000000000000002,,,0.0,,,,327.0
99.0,13.0,0.0,750.0,0.0,0.0,0.0,23.0,50.0,50.0,50.0,50.0,50.0,0.0,50.0,57.2,11299.136666666667,40676892.0,0.0,0.0,5.20833333333333,4.16666666666667,3.90625,25036.1,24773.0,18453.8,17865.9,0.0,0.0,0.0,0.0,5.0,3000.0,3.9,18.0,3.9,17.0,0.0,11299.1366666667,0.0,69.0,,,,,,,,-327.0,0.0,6.0,10.6,0.0,13.1,,,,,,,,,,,,,,,0.0,0.0,0.0,908.0,2857.0,0.0,51.8,0.0,0.0,825.6,0.0,0.0,0.6000000000000001,13.0,0.0,41.0,0.0,51.8,51.8,350.0,825.6,-50.0,0.0,0.0,0.0,0.0,400.0,0.0,0.0,0.0,0.0,0.0,0.0,70.0,750.0,4.441,0.0,13.1006007,,0.0,,,0.0,0.0,,0.0,,0.0,0.0,,9.000000000000002,10.0,9.000000000000002,10.0,,,,,-40.0,14.000000000000002,,,0.0,,,,327.0
100.0,13.0,0.0,750.0,0.0,0.0,0.0,23.0,50.0,50.0,50.0,50.0,50.0,0.0,50.0,57.2,11299.136666666667,40676892.0,0.0,0.0,5.20833333333333,4.16666666666667,3.90625,25036.1,24773.0,18453.8,17865.9,0.0,0.0,0.0,0.0,5.0,3000.0,3.9,18.0,3.9,17.0,0.0,11299.1366666667,0.0,69.0,,,,,,,,-327.0,0.0,6.0,10.6,0.0,13.1,,,,,,,,,,,,,,,0.0,0.0,0.0,908.0,2857.0,0.0,51.8,0.0,0.0,825.6,0.0,0.0,0.6000000000000001,13.0,0.0,41.0,0.0,51.8,51.8,350.0,825.6,-50.0,0.0,0.0,0.0,0.0,400.0,0.0,0.0,0.0,0.0,0.0,0.0,70.0,750.0,4.441,0.0,13.1006007,,0.0,,,0.0,0.0,,0.0,,0.0,0.0,,9.000000000000002,10.0,9.000000000000002,10.0,,,,,-40.0,14.000000000000002,,,0.0,,,,327.0
101.0,13.0,0.0,750.0,0.0,0.0,0.0,23.0,50.0,50.0,50.0,50.0,50.0,0.0,50.0,57.2,11299.136666666667,40676892.0,0.0,0.0,5.20833333333333,4.16666666666667,3.90625,25036.1,24773.0,18453.8,17865.9,0.0,0.0,0.0,0.0,5.0,3000.0,3.9,18.0,3.9,17.0,0.0,11299.1366666667,0.0,69.0,,,,,,,,-327.0,0.0,6.0,10.6,0.0,13.1,,,,,,,,,,,,,,,0.0,0.0,0.0,908.0,2857.0,0.0,51.8,0.0,0.0,825.6,0.0,0.0,0.6000000000000001,13.0,0.0,41.0,0.0,51.8,51.8,350.0,825.6,-50.0,0.0,0.0,0.0,0.0,400.0,0.0,0.0,0.0,0.0,0.0,0.0,70.0,750.0,4.441,0.0,13.1006007,,0.0,,,0.0,0.0,,0.0,,0.0,0.0,,9.000000000000002,10.0,9.000000000000002,10.0,,,,,-40.0,14.000000000000002,,,0.0,,,,327.0
102.0,13.0,0.0,750.0,0.0,0.0,0.0,23.0,50.0,50.0,50.0,50.0,50.0,0.0,50.0,57.2,11299.138055555555,40676897.0,0.0,0.0,5.20833333333333,4.16666666666667,3.90625,25036.1,24773.0,18453.8,17865.9,0.0,0.0,0.0,0.0,4.0,3000.0,3.9,56.0,3.9,17.0,0.0,11299.1380555556,0.0,69.0,,,,,,,,-327.0,0.0,6.0,10.6,0.0,13.1,,,,,,,,,,,,,,,0.0,0.0,0.0,908.0,2857.0,0.0,51.8,0.0,0.0,825.6,0.0,0.0,0.6000000000000001,13.0,0.0,41.0,0.0,51.8,51.8,350.0,825.6,-50.0,0.0,0.0,0.0,0.0,400.0,0.0,0.0,0.0,0.0,0.0,0.0,70.0,750.0,4.441,0.0,13.1006007,,0.0,,,0.0,0.0,,0.0,,0.0,0.0,,9.000000000000002,10.0,9.000000000000002,10.0,,,,,-40.0,14.000000000000002,,,0.0,,,,327.0
103.0,13.0,0.0,750.0,0.0,0.0,0.0,23.0,50.0,50.0,50.0,50.0,50.0,0.0,50.0,57.2,11299.138055555555,40676897.0,0.0,0.0,5.20833333333333,4.16666666666667,3.90625,25036.1,24773.0,18453.8,17865.9,0.0,0.0,0.0,0.0,4.0,3000.0,3.9,56.0,3.9,17.0,0.0,11299.1380555556,0.0,69.0,,,,,,,,-327.0,0.0,6.0,10.6,0.0,13.1,,,,,,,,,,,,,,,0.0,0.0,0.0,908.0,2857.0,0.0,51.8,0.0,0.0,825.6,0.0,0.0,0.6000000000000001,13.0,0.0,41.0,0.0,51.8,51.8,350.0,825.6,-50.0,0.0,0.0,0.0,0.0,400.0,0.0,0.0,0.0,0.0,0.0,0.0,70.0,750.0,4.441,0.0,13.1006007,,0.0,,,0.0,0.0,,0.0,,0.0,0.0,,9.000000000000002,10.0,9.000000000000002,10.0,,,,,-40.0,14.000000000000002,,,0.0,,,,327.0
104.0,13.0,0.0,750.0,0.0,0.0,0.0,23.0,50.0,50.0,50.0,50.0,50.0,0.0,50.0,57.2,11299.138055555555,40676897.0,0.0,0.0,5.20833333333333,4.16666666666667,3.90625,25036.1,24773.0,18453.8,17865.9,0.0,0.0,0.0,0.0,4.0,3000.0,3.9,56.0,3.9,17.0,0.0,11299.1380555556,0.0,69.0,,,,,,,,-327.0,0.0,6.0,10.6,0.0,13.1,,,,,,,,,,,,,,,0.0,0.0,0.0,908.0,2857.0,0.0,51.8,0.0,0.0,825.6,0.0,0.0,0.6000000000000001,13.0,0.0,41.0,0.0,51.8,51.8,350.0,825.6,-50.0,0.0,0.0,0.0,0.0,400.0,0.0,0.0,0.0,0.0,0.0,0.0,70.0,750.0,4.441,0.0,13.1006007,,0.0,,,0.0,0.0,,0.0,,0.0,0.0,,9.000000000000002,10.0,9.000000000000002,10.0,,,,,-40.0,14.000000000000002,,,0.0,,,,327.0
105.0,13.0,0.0,750.0,0.0,0.0,0.0,23.0,50.0,50.0,50.0,50.0,50.0,0.0,50.0,57.2,11299.138055555555,40676897.0,0.0,0.0,5.20833333333333,4.16666666666667,3.90625,25036.1,24773.0,18453.8,17865.9,0.0,0.0,0.0,0.0,4.0,3000.0,3.9,56.0,3.9,17.0,0.0,11299.1380555556,0.0,69.0,,,,,,,,-327.0,0.0,6.0,10.6,0.0,13.1,,,,,,,,,,,,,,,0.0,0.0,0.0,908.0,2857.0,0.0,51.8,0.0,0.0,825.6,0.0,0.0,0.6000000000000001,13.0,0.0,41.0,0.0,51.8,51.8,350.0,825.6,-50.0,0.0,0.0,0.0,0.0,400.0,0.0,0.0,0.0,0.0,0.0,0.0,70.0,750.0,4.441,0.0,13.110366699999998,,0.0,,,0.0,0.0,,0.0,,0.0,0.0,,9.000000000000002,10.0,9.000000000000002,10.0,,,,,-40.0,14.000000000000002,,,0.0,,,,327.0
106.0,13.0,0.0,750.0,0.0,0.0,0.0,23.0,50.0,50.0,50.0,50.0,50.0,0.0,50.0,57.2,11299.138055555555,40676897.0,0.0,0.0,5.20833333333333,4.16666666666667,3.90625,25036.1,24773.0,18453.8,17865.9,0.0,0.0,0.0,0.0,4.0,3000.0,3.9,56.0,3.9,17.0,0.0,11299.1380555556,0.0,69.0,,,,,,,,-327.0,0.0,6.0,10.6,0.0,13.1,,,,,,,,,,,,,,,0.0,0.0,0.0,908.0,2857.0,0.0,51.8,0.0,0.0,825.6,0.0,0.0,0.6000000000000001,13.0,0.0,41.0,0.0,51.8,51.8,350.0,825.6,-50.0,0.0,0.0,0.0,0.0,400.0,0.0,0.0,0.0,0.0,0.0,0.0,70.0,750.0,4.441,0.0,13.110366699999998,,0.0,,,0.0,0.0,,0.0,,0.0,0.0,,9.000000000000002,10.0,9.000000000000002,10.0,,,,,-40.0,14.000000000000002,,,0.0,,,,327.0
107.0,13.0,0.0,750.0,0.0,0.0,0.0,23.0,50.0,50.0,50.0,50.0,50.0,0.0,50.0,57.2,11299.138055555555,40676897.0,0.0,0.0,5.20833333333333,4.16666666666667,3.90625,25036.1,24773.0,18453.8,17865.9,0.0,0.0,0.0,0.0,4.0,3000.0,3.9,56.0,3.9,17.0,0.0,11299.1380555556,0.0,69.0,,,,,,,,-327.0,0.0,6.0,10.6,0.0,13.1,,,,,,,,,,,,,,,0.0,0.0,0.0,908.0,2857.0,0.0,51.8,0.0,0.0,825.6,0.0,0.0,0.6000000000000001,13.0,0.0,41.0,0.0,51.8,51.8,350.0,825.6,-50.0,0.0,0.0,0.0,0.0,400.0,0.0,0.0,0.0,0.0,0.0,0.0,70.0,750.0,4.441,0.0,13.110366699999998,,0.0,,,0.0,0.0,,0.0,,0.0,0.0,,9.000000000000002,10.0,9.000000000000002,10.0,,,,,-40.0,14.000000000000002,,,0.0,,,,327.0
108.0,13.0,0.0,750.0,0.0,0.0,0.0,23.0,50.0,50.0,50.0,50.0,50.0,0.0,50.0,57.2,11299.139722222222,40676903.0,0.0,0.0,5.20833333333333,4.16666666666667,3.90625,25036.1,24773.0,18453.8,17865.9,0.0,0.0,0.0,0.0,3.0,3000.0,3.9,2.0,3.9,17.0,0.0,11299.1397222222,0.0,69.0,,,,,,,,-327.0,0.0,6.0,10.6,0.0,13.1,,,,,,,,,,,,,,,0.0,0.0,0.0,908.0,2857.0,0.0,51.8,0.0,0.0,825.6,0.0,0.0,0.6000000000000001,13.0,0.0,41.0,0.0,51.8,51.8,350.0,825.6,-50.0,0.0,0.0,0.0,0.0,400.0,0.0,0.0,0.0,0.0,0.0,0.0,70.0,750.0,4.441,0.0,13.110366699999998,,0.0,,,0.0,0.0,,0.0,,0.0,0.0,,9.000000000000002,10.0,9.000000000000002,10.0,,,,,-40.0,14.000000000000002,,,0.0,,,,327.0
109.0,13.0,0.0,750.0,0.0,0.0,0.0,23.0,50.0,50.0,50.0,50.0,50.0,0.0,50.0,57.2,11299.139722222222,40676903.0,0.0,0.0,5.20833333333333,4.16666666666667,3.90625,25036.1,24773.0,18453.8,17865.9,0.0,0.0,0.0,0.0,3.0,3000.0,3.9,2.0,3.9,17.0,0.0,11299.1397222222,0.0,69.0,,,,,,,,-327.0,0.0,6.0,10.6,0.0,13.1,,,,,,,,,,,,,,,0.0,0.0,0.0,908.0,2857.0,0.0,51.8,0.0,0.0,825.6,0.0,0.0,0.6000000000000001,13.0,0.0,41.0,0.0,51.8,51.8,350.0,825.6,-50.0,0.0,0.0,0.0,0.0,400.0,0.0,0.0,0.0,0.0,0.0,0.0,70.0,750.0,4.441,0.0,13.110366699999998,,0.0,,,0.0,0.0,,0.0,,0.0,0.0,,9.000000000000002,10.0,9.000000000000002,10.0,,,,,-40.0,14.000000000000002,,,0.0,,,,327.0
110.0,13.0,0.0,750.0,0.0,0.0,0.0,23.0,50.0,50.0,50.0,50.0,50.0,0.0,50.0,57.2,11299.139722222222,40676903.0,0.0,0.0,5.20833333333333,4.16666666666667,3.90625,25036.1,24773.0,18453.8,17865.9,0.0,0.0,0.0,0.0,3.0,3000.0,3.9,2.0,3.9,17.0,0.0,11299.1397222222,0.0,69.0,,,,,,,,-327.0,0.0,6.0,10.6,0.0,13.1,,,,,,,,,,,,,,,0.0,0.0,0.0,908.0,2857.0,0.0,51.8,0.0,0.0,825.6,0.0,0.0,0.6000000000000001,13.0,0.0,41.0,0.0,51.8,51.8,350.0,825.6,-50.0,0.0,0.0,0.0,0.0,400.0,0.0,0.0,0.0,0.0,0.0,0.0,70.0,750.0,4.441,0.0,13.110366699999998,,0.0,,,0.0,0.0,,0.0,,0.0,0.0,,9.000000000000002,10.0,9.000000000000002,10.0,,,,,-40.0,14.000000000000002,,,0.0,,,,327.0
111.0,13.0,0.0,750.0,0.0,0.0,0.0,23.0,50.0,50.0,50.0,50.0,50.0,0.0,50.0,57.2,11299.139722222222,40676903.0,0.0,0.0,5.20833333333333,4.16666666666667,3.90625,25036.1,24773.0,18453.8,17865.9,0.0,0.0,0.0,0.0,3.0,3000.0,3.9,2.0,3.9,17.0,0.0,11299.1397222222,0.0,69.0,,,,,,,,-327.0,0.0,6.0,10.6,0.0,13.1,,,,,,,,,,,,,,,0.0,0.0,0.0,908.0,2857.0,0.0,51.8,0.0,0.0,825.6,0.0,0.0,0.6000000000000001,13.0,0.0,41.0,0.0,51.8,51.8,350.0,825.6,-50.0,0.0,0.0,0.0,0.0,400.0,0.0,0.0,0.0,0.0,0.0,0.0,70.0,750.0,4.441,0.0,13.110366699999998,,0.0,,,0.0,0.0,,0.0,,0.0,0.0,,9.000000000000002,10.0,9.000000000000002,10.0,,,,,-40.0,14.000000000000002,,,0.0,,,,327.0
112.0,13.0,0.0,750.0,0.0,0.0,0.0,23.0,50.0,50.0,50.0,50.0,50.0,0.0,50.0,57.2,11299.139722222222,40676903.0,0.0,0.0,5.20833333333333,4.16666666666667,3.90625,25036.1,24773.0,18453.8,17865.9,0.0,0.0,0.0,0.0,3.0,3000.0,3.9,2.0,3.9,17.0,0.0,11299.1397222222,0.0,69.0,,,,,,,,-327.0,0.0,6.0,10.6,0.0,13.1,,,,,,,,,,,,,,,0.0,0.0,0.0,908.0,2857.0,0.0,51.8,0.0,0.0,825.6,0.0,0.0,0.6000000000000001,13.0,0.0,41.0,0.0,51.8,51.8,350.0,825.6,-50.0,0.0,0.0,0.0,0.0,400.0,0.0,0.0,0.0,0.0,0.0,0.0,70.0,750.0,4.441,0.0,13.110366699999998,,0.0,,,0.0,0.0,,0.0,,0.0,0.0,,9.000000000000002,10.0,9.000000000000002,10.0,,,,,-40.0,14.000000000000002,,,0.0,,,,327.0
113.0,13.0,0.0,750.0,0.0,0.0,0.0,23.0,50.0,50.0,50.0,50.0,50.0,0.0,50.0,57.2,11299.14138888889,40676909.0,0.0,0.0,5.20833333333333,4.16666666666667,3.90625,25036.1,24773.0,18453.8,17865.9,0.0,0.0,0.0,0.0,2.0,3000.0,3.9,3.0,3.9,17.0,0.0,11299.1413888889,0.0,69.0,,,,,,,,-327.0,0.0,6.0,10.6,0.0,13.1,,,,,,,,,,,,,,,0.0,0.0,0.0,908.0,2857.0,0.0,51.8,0.0,0.0,825.6,0.0,0.0,0.6000000000000001,13.0,0.0,41.0,0.0,51.8,51.8,350.0,825.6,-50.0,0.0,0.0,0.0,0.0,400.0,0.0,0.0,0.0,0.0,0.0,0.0,70.0,750.0,4.441,0.0,13.110366699999998,,0.0,,,0.0,0.0,,0.0,,0.0,0.0,,9.000000000000002,10.0,9.000000000000002,10.0,,,,,-40.0,14.000000000000002,,,0.0,,,,327.0
114.0,13.0,0.0,750.0,0.0,0.0,0.0,23.0,50.0,50.0,50.0,50.0,50.0,0.0,50.0,57.2,11299.14138888889,40676909.0,0.0,0.0,5.20833333333333,4.16666666666667,3.90625,25036.1,24773.0,18453.8,17865.9,0.0,0.0,0.0,0.0,2.0,3000.0,3.9,3.0,3.9,17.0,0.0,11299.1413888889,0.0,69.0,,,,,,,,-327.0,0.0,6.0,10.6,0.0,13.1,,,,,,,,,,,,,,,0.0,0.0,0.0,908.0,2857.0,0.0,51.8,0.0,0.0,825.6,0.0,0.0,0.6000000000000001,13.0,0.0,41.0,0.0,51.8,51.8,350.0,825.6,-50.0,0.0,0.0,0.0,0.0,400.0,0.0,0.0,0.0,0.0,0.0,0.0,70.0,750.0,4.441,0.0,13.110366699999998,,0.0,,,0.0,0.0,,0.0,,0.0,0.0,,9.000000000000002,10.0,9.000000000000002,10.0,,,,,-40.0,14.000000000000002,,,0.0,,,,327.0
115.0,13.0,0.0,750.0,0.0,0.0,0.0,23.0,50.0,50.0,50.0,50.0,50.0,0.0,50.0,57.2,11299.14138888889,40676909.0,0.0,0.0,5.20833333333333,4.16666666666667,3.90625,25036.1,24773.0,18453.8,17865.9,0.0,0.0,0.0,0.0,2.0,3000.0,3.9,3.0,3.9,17.0,0.0,11299.1413888889,0.0,69.0,,,,,,,,-327.0,0.0,6.0,10.6,0.0,13.1,,,,,,,,,,,,,,,0.0,0.0,0.0,908.0,2857.0,0.0,51.8,0.0,0.0,825.6,0.0,0.0,0.6000000000000001,13.0,0.0,41.0,0.0,51.8,51.8,350.0,825.6,-50.0,0.0,0.0,0.0,0.0,400.0,0.0,0.0,0.0,0.0,0.0,0.0,70.0,750.0,4.441,0.0,13.110366699999998,,0.0,,,0.0,0.0,,0.0,,0.0,0.0,,9.000000000000002,10.0,9.000000000000002,10.0,,,,,-40.0,14.000000000000002,,,0.0,,,,327.0
116.0,13.0,0.0,750.0,0.0,0.0,0.0,23.0,50.0,50.0,50.0,50.0,50.0,0.0,50.0,57.2,11299.14138888889,40676909.0,0.0,0.0,5.20833333333333,4.16666666666667,3.90625,25036.1,24773.0,18453.8,17865.9,0.0,0.0,0.0,0.0,2.0,3000.0,3.9,3.0,3.9,17.0,0.0,11299.1413888889,0.0,69.0,,,,,,,,-327.0,0.0,6.0,10.6,0.0,13.1,,,,,,,,,,,,,,,0.0,0.0,0.0,908.0,2857.0,0.0,51.8,0.0,0.0,825.6,0.0,0.0,0.6000000000000001,13.0,0.0,41.0,0.0,51.8,51.8,350.0,825.6,-50.0,0.0,0.0,0.0,0.0,400.0,0.0,0.0,0.0,0.0,0.0,0.0,70.0,750.0,4.441,0.0,13.0805804,,0.0,,,0.0,0.0,,0.0,,0.0,0.0,,9.000000000000002,10.0,9.000000000000002,10.0,,,,,-40.0,14.000000000000002,,,0.0,,,,327.0
117.0,13.0,0.0,750.0,0.0,0.0,0.0,23.0,50.0,50.0,50.0,50.0,50.0,0.0,50.0,57.2,11299.14138888889,40676909.0,0.0,0.0,5.20833333333333,4.16666666666667,3.90625,25036.1,24773.0,18453.8,17865.9,0.0,0.0,0.0,0.0,2.0,3000.0,3.9,3.0,3.9,17.0,0.0,11299.1413888889,0.0,69.0,,,,,,,,-327.0,0.0,6.0,10.6,0.0,13.1,,,,,,,,,,,,,,,0.0,0.0,0.0,908.0,2857.0,0.0,51.8,0.0,0.0,825.6,0.0,0.0,0.6000000000000001,13.0,0.0,41.0,0.0,51.8,51.8,350.0,825.6,-50.0,0.0,0.0,0.0,0.0,400.0,0.0,0.0,0.0,0.0,0.0,0.0,70.0,750.0,4.441,0.0,13.0805804,,0.0,,,0.0,0.0,,0.0,,0.0,0.0,,9.000000000000002,10.0,9.000000000000002,10.0,,,,,-40.0,14.000000000000002,,,0.0,,,,327.0
118.0,13.0,0.0,750.0,0.0,0.0,0.0,23.0,50.0,50.0,50.0,50.0,50.0,0.0,50.0,57.2,11299.14138888889,40676909.0,0.0,0.0,5.20833333333333,4.16666666666667,3.90625,25036.1,24773.0,18453.8,17865.9,0.0,0.0,0.0,0.0,2.0,3000.0,3.9,3.0,3.9,17.0,0.0,11299.1413888889,0.0,69.0,,,,,,,,-327.0,0.0,6.0,10.6,0.0,13.1,,,,,,,,,,,,,,,0.0,0.0,0.0,908.0,2857.0,0.0,51.8,0.0,0.0,825.6,0.0,0.0,0.6000000000000001,13.0,0.0,41.0,0.0,51.8,51.8,350.0,825.6,-50.0,0.0,0.0,0.0,0.0,400.0,0.0,0.0,0.0,0.0,0.0,0.0,70.0,750.0,4.441,0.0,13.0805804,,0.0,,,0.0,0.0,,0.0,,0.0,0.0,,9.000000000000002,10.0,9.000000000000002,10.0,,,,,-40.0,14.000000000000002,,,0.0,,,,327.0
119.0,13.0,0.0,750.0,0.0,0.0,0.0,23.0,50.0,50.0,50.0,50.0,50.0,0.0,50.0,57.2,11299.142777777775,40676914.0,0.0,0.0,5.20833333333333,4.16666666666667,3.90625,25036.1,24773.0,18453.8,17865.9,0.0,0.0,0.0,0.0,2.0,3000.0,3.9,2.0,3.9,17.0,0.0,11299.1427777778,0.0,69.0,,,,,,,,,,,,,,,,,,,,,,,,,,,,0.0,0.0,0.0,908.0,2857.0,0.0,51.8,0.0,0.0,825.6,0.0,0.0,0.6000000000000001,13.0,0.0,41.0,0.0,51.8,51.8,350.0,825.6,-50.0,0.0,0.0,0.0,0.0,400.0,0.0,0.0,0.0,0.0,0.0,0.0,70.0,750.0,4.441,0.0,13.0805804,,0.0,,,0.0,0.0,,0.0,,0.0,0.0,,9.000000000000002,10.0,9.000000000000002,10.0,,,,,,,,,0.0,,,,
120.0,13.0,0.0,750.0,0.0,0.0,0.0,23.0,50.0,50.0,50.0,50.0,50.0,0.0,50.0,57.2,11299.142777777775,40676914.0,0.0,0.0,5.20833333333333,4.16666666666667,3.90625,25036.1,24773.0,18453.8,17865.9,0.0,0.0,0.0,0.0,2.0,3000.0,3.9,2.0,3.9,17.0,0.0,11299.1427777778,0.0,69.0,,,,,,,,,,,,,,,,,,,,,,,,,,,,0.0,0.0,0.0,908.0,2857.0,0.0,51.8,0.0,0.0,825.6,0.0,0.0,0.6000000000000001,13.0,0.0,41.0,0.0,51.8,51.8,350.0,825.6,-50.0,0.0,0.0,0.0,0.0,400.0,0.0,0.0,0.0,0.0,0.0,0.0,70.0,750.0,4.441,0.0,13.0805804,,0.0,,,0.0,0.0,,0.0,,0.0,0.0,,9.000000000000002,10.0,9.000000000000002,10.0,,,,,,,,,0.0,,,,
121.0,13.0,0.0,750.0,0.0,0.0,0.0,23.0,50.0,50.0,50.0,50.0,50.0,0.0,50.0,57.2,11299.142777777775,40676914.0,0.0,0.0,5.20833333333333,4.16666666666667,3.90625,25036.1,24773.0,18453.8,17865.9,0.0,0.0,0.0,0.0,2.0,3000.0,3.9,2.0,3.9,17.0,0.0,11299.1427777778,0.0,69.0,,,,,,,,,,,,,,,,,,,,,,,,,,,,0.0,0.0,0.0,908.0,2857.0,0.0,51.8,0.0,0.0,825.6,0.0,0.0,0.6000000000000001,13.0,0.0,41.0,0.0,51.8,51.8,350.0,825.6,-50.0,0.0,0.0,0.0,0.0,400.0,0.0,0.0,0.0,0.0,0.0,0.0,70.0,750.0,4.441,0.0,13.0805804,,0.0,,,0.0,0.0,,0.0,,0.0,0.0,,9.000000000000002,10.0,9.000000000000002,10.0,,,,,,,,,0.0,,,,
122.0,13.0,0.0,750.0,0.0,0.0,0.0,23.0,50.0,50.0,50.0,50.0,50.0,0.0,50.0,57.2,11299.142777777775,40676914.0,0.0,0.0,5.20833333333333,4.16666666666667,3.90625,25036.1,24773.0,18453.8,17865.9,0.0,0.0,0.0,0.0,2.0,3000.0,3.9,2.0,3.9,17.0,0.0,11299.1427777778,0.0,69.0,,,,,,,,,,,,,,,,,,,,,,,,,,,,0.0,0.0,0.0,908.0,2857.0,0.0,51.8,0.0,0.0,825.6,0.0,0.0,0.6000000000000001,13.0,0.0,41.0,0.0,51.8,51.8,350.0,825.6,-50.0,0.0,0.0,0.0,0.0,400.0,0.0,0.0,0.0,0.0,0.0,0.0,70.0,750.0,4.441,0.0,13.0805804,,0.0,,,0.0,0.0,,0.0,,0.0,0.0,,9.000000000000002,10.0,9.000000000000002,10.0,,,,,,,,,0.0,,,,
123.0,13.0,0.0,750.0,0.0,0.0,0.0,23.0,50.0,50.0,50.0,50.0,50.0,0.0,50.0,57.2,11299.142777777775,40676914.0,0.0,0.0,5.20833333333333,4.16666666666667,3.90625,25036.1,24773.0,18453.8,17865.9,0.0,0.0,0.0,0.0,2.0,3000.0,3.9,2.0,3.9,17.0,0.0,11299.1427777778,0.0,69.0,,,,,,,,,,,,,,,,,,,,,,,,,,,,0.0,0.0,0.0,908.0,2857.0,0.0,51.8,0.0,0.0,825.6,0.0,0.0,0.6000000000000001,13.0,0.0,41.0,0.0,51.8,51.8,350.0,825.6,-50.0,0.0,0.0,0.0,0.0,400.0,0.0,0.0,0.0,0.0,0.0,0.0,70.0,750.0,4.441,0.0,13.0805804,,0.0,,,0.0,0.0,,0.0,,0.0,0.0,,9.000000000000002,10.0,9.000000000000002,10.0,,,,,,,,,0.0,,,,
124.0,13.0,0.0,750.0,0.0,0.0,0.0,23.0,50.0,50.0,50.0,50.0,50.0,0.0,50.0,57.2,11299.142777777775,40676914.0,0.0,0.0,5.20833333333333,4.16666666666667,3.90625,25036.1,24773.0,18453.8,17865.9,0.0,0.0,0.0,0.0,2.0,3000.0,3.9,2.0,3.9,17.0,0.0,11299.1427777778,0.0,69.0,,,,,,,,,,,,,,,,,,,,,,,,,,,,0.0,0.0,0.0,908.0,2857.0,0.0,51.8,0.0,0.0,825.6,0.0,0.0,0.6000000000000001,13.0,0.0,41.0,0.0,51.8,51.8,350.0,825.6,-50.0,0.0,0.0,0.0,0.0,400.0,0.0,0.0,0.0,0.0,0.0,0.0,70.0,750.0,4.441,0.0,13.0805804,,0.0,,,0.0,0.0,,0.0,,0.0,0.0,,9.000000000000002,10.0,9.000000000000002,10.0,,,,,,,,,0.0,,,,
125.0,13.0,0.0,750.0,0.0,0.0,0.0,23.0,50.0,50.0,50.0,50.0,50.0,0.0,50.0,57.2,11299.144444444444,40676920.0,0.0,0.0,5.20833333333333,4.16666666666667,3.90625,25036.1,24773.0,18453.8,17865.9,0.0,0.0,0.0,0.0,1.0,3000.0,3.9,56.0,3.9,17.0,0.0,11299.1444444444,0.0,69.0,,,,,,,,,,,,,,,,,,,,,,,,,,,,0.0,0.0,0.0,908.0,2857.0,0.0,51.8,0.0,0.0,825.6,0.0,0.0,0.6000000000000001,13.0,0.0,41.0,0.0,51.8,51.8,350.0,825.6,-50.0,0.0,0.0,0.0,0.0,400.0,0.0,0.0,0.0,0.0,0.0,0.0,70.0,750.0,4.441,0.0,13.0805804,,0.0,,,0.0,0.0,,0.0,,0.0,0.0,,9.000000000000002,10.0,9.000000000000002,10.0,,,,,,,,,0.0,,,,
126.0,13.0,0.0,750.0,0.0,0.0,0.0,23.0,50.0,50.0,50.0,50.0,50.0,0.0,50.0,57.2,11299.144444444444,40676920.0,0.0,0.0,5.20833333333333,4.16666666666667,3.90625,25036.1,24773.0,18453.8,17865.9,0.0,0.0,0.0,0.0,1.0,3000.0,3.9,56.0,3.9,17.0,0.0,11299.1444444444,0.0,69.0,,,,,,,,,,,,,,,,,,,,,,,,,,,,0.0,0.0,0.0,908.0,2857.0,0.0,51.8,0.0,0.0,825.6,0.0,0.0,0.6000000000000001,13.0,0.0,41.0,0.0,51.8,51.8,350.0,825.6,-50.0,0.0,0.0,0.0,0.0,400.0,0.0,0.0,0.0,0.0,0.0,0.0,70.0,750.0,4.441,0.0,13.0805804,,0.0,,,0.0,0.0,,0.0,,0.0,0.0,,9.000000000000002,10.0,9.000000000000002,10.0,,,,,,,,,0.0,,,,
127.0,13.0,0.0,750.0,0.0,0.0,0.0,23.0,50.0,50.0,50.0,50.0,50.0,0.0,50.0,57.2,11299.144444444444,40676920.0,0.0,0.0,5.20833333333333,4.16666666666667,3.90625,25036.1,24773.0,18453.8,17865.9,0.0,0.0,0.0,0.0,1.0,3000.0,3.9,56.0,3.9,17.0,0.0,11299.1444444444,0.0,69.0,,,,,,,,,,,,,,,,,,,,,,,,,,,,0.0,0.0,0.0,908.0,2857.0,0.0,51.8,0.0,0.0,825.6,0.0,0.0,0.6000000000000001,13.0,0.0,41.0,0.0,51.8,51.8,350.0,825.6,-50.0,0.0,0.0,0.0,0.0,400.0,0.0,0.0,0.0,0.0,0.0,0.0,70.0,750.0,4.441,0.0,13.0796038,,0.0,,,0.0,0.0,,0.0,,0.0,0.0,,9.000000000000002,10.0,9.000000000000002,10.0,,,,,,,,,0.0,,,,
128.0,13.0,0.0,750.0,0.0,0.0,0.0,23.0,50.0,50.0,50.0,50.0,50.0,0.0,50.0,57.2,11299.144444444444,40676920.0,0.0,0.0,5.20833333333333,4.16666666666667,3.90625,25036.1,24773.0,18453.8,17865.9,0.0,0.0,0.0,0.0,1.0,3000.0,3.9,56.0,3.9,17.0,0.0,11299.1444444444,0.0,69.0,,,,,,,,,,,,,,,,,,,,,,,,,,,,0.0,0.0,0.0,908.0,2857.0,0.0,51.8,0.0,0.0,825.6,0.0,0.0,0.6000000000000001,13.0,0.0,41.0,0.0,51.8,51.8,350.0,825.6,-50.0,0.0,0.0,0.0,0.0,400.0,0.0,0.0,0.0,0.0,0.0,0.0,70.0,750.0,4.441,0.0,13.0796038,,0.0,,,0.0,0.0,,0.0,,0.0,0.0,,9.000000000000002,10.0,9.000000000000002,10.0,,,,,,,,,0.0,,,,
129.0,13.0,0.0,750.0,0.0,0.0,0.0,23.0,50.0,50.0,50.0,50.0,50.0,0.0,50.0,57.2,11299.144444444444,40676920.0,0.0,0.0,5.20833333333333,4.16666666666667,3.90625,25036.1,24773.0,18453.8,17865.9,0.0,0.0,0.0,0.0,1.0,3000.0,3.9,56.0,3.9,17.0,0.0,11299.1444444444,0.0,69.0,,,,,,,,,,,,,,,,,,,,,,,,,,,,0.0,0.0,0.0,908.0,2857.0,0.0,51.8,0.0,0.0,825.6,0.0,0.0,0.6000000000000001,13.0,0.0,41.0,0.0,51.8,51.8,350.0,825.6,-50.0,0.0,0.0,0.0,0.0,400.0,0.0,0.0,0.0,0.0,0.0,0.0,70.0,750.0,4.441,0.0,13.0796038,,0.0,,,0.0,0.0,,0.0,,0.0,0.0,,9.000000000000002,10.0,9.000000000000002,10.0,,,,,,,,,0.0,,,,
130.0,12.9,0.0,750.0,0.0,0.0,0.0,23.0,50.0,50.0,50.0,50.0,50.0,0.0,50.0,57.2,11299.146111111111,40676926.0,0.0,0.0,5.20833333333333,4.16666666666667,3.90625,25036.1,24773.0,18453.8,17865.9,0.0,0.0,0.0,0.0,1.0,3000.0,3.9,50.0,3.9,17.0,0.0,11299.1461111111,0.0,69.0,,,,,,,,,,,,,,,,,,,,,,,,,,,,,,0.0,908.0,2857.0,0.0,,,0.0,825.6,,0.0,0.6000000000000001,13.0,0.0,41.0,0.0,,,350.0,825.6,-50.0,0.0,0.0,0.0,0.0,400.0,0.0,0.0,0.0,0.0,0.0,0.0,70.0,750.0,4.441,0.0,13.0796038,,0.0,,,0.0,0.0,,0.0,,0.0,0.0,,9.000000000000002,10.0,9.000000000000002,10.0,,,,,,,,,0.0,,,,
131.0,12.9,0.0,750.0,0.0,0.0,0.0,23.0,50.0,50.0,50.0,50.0,50.0,0.0,50.0,57.2,11299.146111111111,40676926.0,0.0,0.0,5.20833333333333,4.16666666666667,3.90625,25036.1,24773.0,18453.8,17865.9,0.0,0.0,0.0,0.0,1.0,3000.0,3.9,50.0,3.9,17.0,0.0,11299.1461111111,0.0,69.0,,,,,,,,,,,,,,,,,,,,,,,,,,,,,,0.0,908.0,2857.0,0.0,,,0.0,825.6,,0.0,0.6000000000000001,13.0,0.0,41.0,0.0,,,350.0,825.6,-50.0,0.0,0.0,0.0,0.0,400.0,0.0,0.0,0.0,0.0,0.0,0.0,70.0,750.0,4.441,0.0,13.0796038,,0.0,,,0.0,0.0,,0.0,,0.0,0.0,,9.000000000000002,10.0,9.000000000000002,10.0,,,,,,,,,0.0,,,,
132.0,12.9,0.0,750.0,0.0,0.0,0.0,23.0,50.0,50.0,50.0,50.0,50.0,0.0,50.0,57.2,11299.146111111111,40676926.0,0.0,0.0,5.20833333333333,4.16666666666667,3.90625,25036.1,24773.0,18453.8,17865.9,0.0,0.0,0.0,0.0,1.0,3000.0,3.9,50.0,3.9,17.0,0.0,11299.1461111111,0.0,69.0,,,,,,,,-327.0,0.0,6.0,4.9,0.0,12.952,,,,,,,,,,,,,0.0,0.0,0.0,0.0,,,,,51.8,1.0,,,0.0,,,,,,,50.0,51.8,,,-50.0,0.0,0.0,0.0,0.0,400.0,0.0,0.0,0.0,0.0,,,,,,0.0,12.949716,,0.0,,,0.0,0.0,,0.0,,0.0,0.0,,9.000000000000002,10.0,9.000000000000002,10.0,,,,,-40.0,14.000000000000002,,,0.06248664051936678,,,,327.0
133.0,13.0,1.0,749.8,0.0,0.0,0.0,23.0,50.0,50.0,50.0,50.0,50.0,0.7498,50.0,57.2,11299.146388888888,40676927.0,0.0,0.0,5.20694444444444,4.16555555555556,3.90520833333333,25036.1,24773.0,18453.8,17865.9,0.0,0.0,0.0,0.0,750.0,3000.0,3.9,3.0,3.9,17.0,0.0,11299.1463888889,0.0,69.0,,50.0,51.0,77.0,79.7,65.30000000000001,49.1,-327.0,0.0,6.0,4.9,0.0,12.952,0.15,0.25,0.0,2.49,2.49,0.0,0.5,0.0,0.46,-0.03,0.0,746.2,0.0,0.0,0.0,0.0,0.0,908.0,2857.0,0.0,51.8,1.0,0.0,825.6,0.0,0.0,0.7000000000000001,13.0,0.0,41.0,0.0,50.0,51.8,350.0,825.6,-50.0,0.0,0.0,0.0,0.0,400.0,0.0,0.0,0.0,0.0,0.0,0.0,70.0,750.0,4.439,0.0,12.949716,,0.0,,,0.0006223894002226,0.0006162271289333,,0.0006162271289333,,0.7497999999999999,0.0,0.0,9.000000000000002,10.0,9.000000000000002,10.0,,18.500000000000007,,9.5,-40.0,14.000000000000002,15.0,15.0,0.06248664051936678,0.0,,,327.0
134.0,13.0,1.0,749.8,0.0,0.0,0.0,23.0,50.0,50.0,50.0,50.0,50.0,0.7498,50.0,57.2,11299.146388888888,40676927.0,0.0,0.0,5.20694444444444,4.16555555555556,3.90520833333333,25036.1,24773.0,18453.8,17865.9,0.0,0.0,0.0,0.0,750.0,3000.0,3.9,3.0,3.9,17.0,0.0,11299.1463888889,0.0,69.0,,50.0,51.0,77.0,79.7,65.30000000000001,49.1,30.370000000000005,99.0,13.43,745.6,53.49,13.784,0.15,0.25,0.0,2.49,2.49,0.0,0.5,0.0,0.46,-0.03,0.0,746.2,0.0,3.0,0.0,0.0,0.0,908.0,2857.0,0.0,51.8,1.0,0.0,825.6,0.0,0.0,0.7000000000000001,13.0,0.0,41.0,0.0,50.0,51.8,350.0,825.6,-50.0,0.0,0.0,0.0,0.0,400.0,0.0,0.0,0.0,0.0,0.0,0.0,70.0,750.0,4.439,0.0,12.949716,,0.0,,,0.0006223894002226,0.0006162271289333,,0.0006162271289333,,0.7497999999999999,0.0,0.0,9.000000000000002,10.0,9.000000000000002,10.0,,18.500000000000007,,9.5,12.5,14.000000000000002,15.0,15.0,0.06248664051936678,0.0,,,23.119999999999997
135.0,13.0,1.1,749.8,0.0,0.0,0.0,23.0,50.0,50.0,50.0,50.0,50.0,0.82478,50.0,57.2,11299.146944444445,40676929.0,0.0,0.0,5.20694444444444,4.16555555555556,3.90520833333333,25036.1,24773.0,18453.8,17865.9,0.0,0.0,0.0,0.0,750.0,3000.0,3.9,3.0,3.9,17.0,0.0,11299.1469444444,0.0,69.0,92.3,50.0,51.0,77.0,79.7,65.30000000000001,49.1,30.370000000000005,99.0,13.43,745.6,53.49,13.784,0.0,0.0,0.0,0.0,0.0,0.0,0.0,0.0,0.0,0.0,0.0,746.1,0.0,3.0,0.0,0.0,0.0,908.0,2857.0,0.0,51.8,1.0,0.0,825.6,0.0,0.0,0.7000000000000001,13.0,0.0,41.0,0.0,50.0,51.8,350.0,825.6,-50.0,0.0,0.0,0.0,0.0,400.0,0.0,0.0,0.0,0.0,0.0,0.0,70.0,749.8000000000001,4.442,0.0,12.949716,0.0,0.0,0.0,28.388993279249185,0.0010723287720942,0.0010617116555388,0.0,0.0004454845266055,,0.82478,0.0,0.0,9.000000000000002,10.0,9.000000000000002,10.0,33.5,18.500000000000007,19.0,9.5,12.5,14.000000000000002,15.0,15.0,0.06248664051936678,0.0,0.0,115.22332955291098,23.119999999999997
136.0,13.0,1.1,749.8,0.0,0.0,0.0,23.0,50.0,50.0,50.0,50.0,50.0,0.82478,50.0,57.2,11299.146944444445,40676929.0,0.0,0.0,5.20694444444444,4.16555555555556,3.90520833333333,25036.1,24773.0,18453.8,17865.9,0.0,0.0,0.0,0.0,750.0,3000.0,3.9,3.0,3.9,17.0,0.0,11299.1469444444,0.0,69.0,92.3,50.0,51.0,77.0,79.7,65.30000000000001,49.1,25.329999999999984,99.0,13.43,745.5,53.69,13.799,0.0,0.0,0.0,0.0,0.0,0.0,0.0,0.0,0.0,0.0,0.0,746.1,0.5,3.0,0.0,0.0,0.0,908.0,2857.0,0.0,51.8,1.0,0.0,825.6,0.0,0.0,0.7000000000000001,13.0,0.0,41.0,0.0,50.0,51.8,350.0,825.6,-50.0,0.0,0.0,0.0,0.0,400.0,0.0,0.0,0.0,0.0,0.0,0.0,70.0,749.8000000000001,4.445,0.0,13.5586261,0.0,0.0,0.0,28.388993279249185,0.0010723287720942,0.0010617116555388,0.0,0.0004454845266055,,0.82478,0.0,0.0,9.000000000000002,10.0,9.000000000000002,10.0,33.5,18.500000000000007,19.0,9.5,12.5,14.000000000000002,15.0,15.0,0.0,0.0,0.0,115.22332955291098,28.360000000000014
137.0,13.3,1.4,749.7,0.0,0.0,0.0,23.0,50.0,50.0,50.0,50.0,50.0,1.04958,50.0,57.2,11299.1475,40676931.0,0.0,0.0,5.20625,4.165,3.9046875,25036.1,24773.0,18453.8,17865.9,0.0,0.0,0.0,0.0,750.0,3000.0,3.9,107.0,3.9,17.0,0.0,11299.1475,0.0,69.0,92.3,50.0,51.0,77.0,79.7,65.30000000000001,49.1,42.76999999999998,99.0,13.619,745.5,72.45,14.081,0.0,0.0,0.0,0.0,0.0,0.0,0.0,0.0,0.0,0.0,0.0,745.9000000000001,0.5,3.0,0.0,0.0,0.0,908.0,2857.0,0.0,51.8,1.0,0.0,825.6,0.0,0.0,0.7000000000000001,13.0,0.0,41.0,0.0,50.0,51.8,350.0,825.6,-50.0,0.0,0.0,0.0,0.0,400.0,0.0,0.0,0.0,0.0,0.0,0.0,70.0,749.8000000000001,4.445,0.0,13.5586261,0.0,0.0,0.0,28.388993279249185,0.0016280244228454,0.0016119053691538,0.0,0.0005501937136149,,1.04958,0.0,0.0,9.000000000000002,10.0,9.000000000000002,10.0,33.5,18.500000000000007,19.0,9.5,12.5,14.000000000000002,15.0,15.0,0.0,0.0,0.0,115.22332955291098,29.68000000000002
138.0,13.3,1.4,749.7,0.0,0.0,0.0,23.0,50.0,50.0,50.0,50.0,50.0,1.04958,50.0,57.2,11299.1475,40676931.0,0.0,0.0,5.20625,4.165,3.9046875,25036.1,24773.0,18453.8,17865.9,0.0,0.0,0.0,0.0,750.0,3000.0,3.9,107.0,3.9,17.0,0.0,11299.1475,0.0,69.0,92.3,50.0,51.0,77.0,79.7,65.30000000000001,49.1,42.76999999999998,99.0,13.619,745.5,72.45,14.081,0.0,0.0,0.0,0.0,0.0,0.0,0.0,0.0,0.0,0.0,0.0,745.9000000000001,0.6000000000000001,3.0,0.0,0.0,0.0,908.0,2857.0,0.0,51.8,1.0,0.0,825.6,0.0,0.0,0.7000000000000001,13.0,0.0,41.0,0.0,51.8,51.8,350.0,825.6,-50.0,0.0,0.0,0.0,0.0,400.0,0.0,0.0,0.0,0.0,0.0,0.0,70.0,749.8000000000001,4.445,0.0,13.682166,0.0,0.0,0.0,28.388993279249185,0.0016280244228454,0.0016119053691538,0.0,0.0005501937136149,,1.04958,0.0,0.0,9.000000000000002,10.0,9.000000000000002,10.0,33.5,18.500000000000007,19.0,9.5,12.5,14.000000000000002,15.0,15.0,0.0,0.0,0.0,115.22332955291098,29.68000000000002
139.0,13.3,1.7,749.6,0.0,0.0,0.0,23.0,50.0,50.0,50.0,50.0,50.0,1.27432,50.0,57.2,11299.148055555555,40676933.0,0.0,0.0,5.20555555555556,4.16444444444444,3.90416666666667,25036.1,24773.0,18453.8,17865.9,0.0,0.0,0.0,0.0,750.0,3000.0,3.9,3.0,3.9,17.0,0.0,11299.1480555556,0.0,69.0,92.3,50.0,51.0,79.7,80.6,65.30000000000001,49.1,42.76999999999998,99.0,13.619,745.5,72.45,14.081,0.0,0.0,0.0,0.0,0.0,0.0,0.0,0.0,0.0,0.0,0.0,746.2,0.6000000000000001,3.0,0.0,0.0,0.0,908.0,2857.0,0.0,51.8,1.0,0.0,825.6,0.0,0.0,0.7000000000000001,13.0,0.0,41.0,0.0,51.8,51.8,350.0,825.6,-50.0,0.0,0.0,0.0,0.0,400.0,0.0,0.0,0.0,0.0,0.0,0.0,70.0,749.7,4.44,0.0,13.682166,0.0,0.0,0.0,28.388993279249185,0.0024024967560641,0.0023787096594694,0.0,0.0007668042903155,,1.27432,0.0,0.0,9.000000000000002,10.0,9.000000000000002,10.0,33.5,18.500000000000007,26.000000000000007,9.5,12.5,14.000000000000002,15.0,15.0,0.0,0.0,0.0,115.22332955291098,29.68000000000002
140.0,13.3,1.7,749.6,0.0,0.0,0.0,23.0,50.0,50.0,50.0,50.0,50.0,1.27432,50.0,57.2,11299.148055555555,40676933.0,0.0,0.0,5.20555555555556,4.16444444444444,3.90416666666667,25036.1,24773.0,18453.8,17865.9,0.0,0.0,0.0,0.0,750.0,3000.0,3.9,3.0,3.9,17.0,0.0,11299.1480555556,0.0,69.0,92.3,50.0,51.0,79.7,80.6,65.30000000000001,49.1,41.78000000000003,99.0,13.665,745.6,76.17,14.153,0.0,0.0,0.0,0.0,0.0,0.0,0.0,0.0,0.0,0.0,0.0,746.2,0.6000000000000001,3.0,0.0,0.0,0.0,908.0,2857.0,0.0,51.8,1.0,0.0,825.6,0.0,0.0,0.7000000000000001,13.0,0.0,41.0,0.0,51.8,51.8,350.0,825.6,-50.0,0.0,0.0,0.0,0.0,400.0,0.0,0.0,0.0,0.0,0.0,0.0,70.0,749.7,4.44,0.0,13.7295311,0.0,0.0,0.0,28.388993279249185,0.0024024967560641,0.0023787096594694,0.0,0.0007668042903155,,1.27432,0.0,0.0,9.000000000000002,10.0,9.000000000000002,10.0,33.5,18.500000000000007,26.000000000000007,9.5,12.5,15.0,15.0,15.0,0.0,0.0,0.0,115.22332955291098,34.38999999999997
141.0,13.4,2.0,749.6,0.0,0.0,0.0,23.0,50.0,50.0,50.0,50.0,50.0,1.4992,50.0,57.2,11299.148888888889,40676936.0,0.0,0.0,5.20555555555556,4.16444444444444,3.90416666666667,25036.1,24773.0,18453.8,17865.9,960.0,0.0,0.0,0.0,750.0,3000.0,3.9,2.0,3.9,17.0,0.0,11299.1488888889,0.0,69.0,92.3,50.0,51.0,80.6,80.6,65.30000000000001,49.1,41.78000000000003,99.0,13.665,745.6,76.17,14.153,0.0,0.0,0.0,0.0,0.0,0.0,0.0,0.0,0.0,0.0,0.0,746.6,0.6000000000000001,3.0,0.0,0.0,0.0,908.0,2857.0,0.0,51.8,1.0,0.0,825.6,0.0,0.0,0.7000000000000001,13.0,0.0,41.0,0.0,51.8,51.8,350.0,825.6,-50.0,0.0,0.0,0.0,0.0,400.0,0.0,0.0,0.0,0.0,0.0,0.0,70.0,749.6,4.442,0.0,13.7295311,0.0,0.0,0.0,28.388993279249185,0.0032850132794241,0.0032524883954694,0.0,0.000873778736,,1.4992,0.0,0.0,9.000000000000002,10.0,9.000000000000002,10.0,33.5,18.500000000000007,34.0,9.5,12.5,15.0,15.0,15.0,0.0,0.0,0.0,115.22332955291098,34.38999999999997
142.0,13.4,2.0,749.6,0.0,0.0,0.0,23.0,50.0,50.0,50.0,50.0,50.0,1.4992,50.0,57.2,11299.148888888889,40676936.0,0.0,0.0,5.20555555555556,4.16444444444444,3.90416666666667,25036.1,24773.0,18453.8,17865.9,960.0,0.0,0.0,0.0,750.0,3000.0,3.9,2.0,3.9,17.0,0.0,11299.1488888889,0.0,69.0,92.3,50.0,51.0,80.6,80.6,65.30000000000001,49.1,42.84000000000003,99.0,13.72,745.2,77.48,14.211,0.0,0.0,0.0,0.0,0.0,0.0,0.0,0.0,0.0,0.0,0.0,746.6,0.4,3.0,0.0,0.0,0.0,908.0,2857.0,0.0,51.8,1.0,0.0,825.6,0.0,0.0,0.7000000000000001,13.0,0.0,41.0,0.0,51.8,51.8,350.0,825.6,-50.0,0.0,0.0,0.0,0.0,400.0,0.0,0.0,0.0,0.0,0.0,0.0,70.0,749.6,4.442,0.0,13.7295311,0.0,0.0,0.0,28.388993279249185,0.0032850132794241,0.0032524883954694,0.0,0.000873778736,,1.4992,0.0,0.0,9.000000000000002,10.0,9.000000000000002,10.0,33.5,18.500000000000007,34.0,9.5,12.5,15.0,15.0,15.0,0.0,0.0,0.0,115.22332955291098,34.63999999999997
143.0,13.4,2.1,749.5,0.0,0.0,0.0,23.0,50.0,50.0,50.0,50.0,50.0,1.57395,50.0,57.2,11299.149444444443,40676938.0,0.0,0.0,5.20486111111111,4.16388888888889,3.90364583333333,25036.1,24773.0,18453.8,17865.9,1140.0,0.0,0.0,0.0,750.0,3000.0,3.9,2.0,3.9,17.0,0.0,11299.1494444444,0.0,69.0,92.3,50.0,51.0,81.5,80.6,65.30000000000001,49.1,42.84000000000003,99.0,13.72,745.2,77.48,14.211,0.0,0.0,0.0,0.0,0.0,0.0,0.0,0.0,0.0,0.0,0.0,746.0,0.4,3.0,0.0,0.0,0.0,908.0,2857.0,0.0,51.8,1.0,0.0,825.6,0.0,0.0,0.7000000000000001,13.0,0.0,41.0,0.0,51.8,51.8,350.0,825.6,-50.0,0.0,0.0,0.0,0.0,400.0,0.0,0.0,0.0,0.0,0.0,0.0,70.0,749.5,4.443,0.0,13.7295311,0.0,0.0,0.0,28.388993279249185,0.0041519360968855,0.0041108278186986,0.0,0.0008583394232291,,1.57395,0.0,0.0,9.000000000000002,10.0,9.000000000000002,10.0,33.5,18.500000000000007,34.0,9.5,12.5,15.0,15.0,15.0,0.0,0.0,0.0,115.22332955291098,34.63999999999997
144.0,13.4,2.1,749.5,0.0,0.0,0.0,23.0,50.0,50.0,50.0,50.0,50.0,1.57395,50.0,57.2,11299.149444444443,40676938.0,0.0,0.0,5.20486111111111,4.16388888888889,3.90364583333333,25036.1,24773.0,18453.8,17865.9,1140.0,0.0,0.0,0.0,750.0,3000.0,3.9,2.0,3.9,17.0,0.0,11299.1494444444,0.0,69.0,92.3,50.0,51.0,81.5,80.6,65.30000000000001,49.1,41.59000000000003,99.0,13.757,745.6,76.76,14.23,0.0,0.0,0.0,0.0,0.0,0.0,0.0,0.0,0.0,0.0,0.0,746.0,0.6000000000000001,3.0,0.0,0.0,0.0,908.0,2857.0,0.0,53.6,1.0,0.0,825.6,0.0,0.0,0.7000000000000001,13.0,0.0,41.0,0.0,51.8,51.8,350.0,825.6,-50.0,0.0,0.0,0.0,0.0,400.0,0.0,0.0,0.0,0.0,0.0,0.0,70.0,749.5,4.441,,,0.0,0.0,0.0,28.388993279249185,0.0041519360968855,0.0041108278186986,0.0,0.0008583394232291,,1.57395,0.0,0.0,9.000000000000002,10.0,9.000000000000002,10.0,33.5,18.500000000000007,34.0,9.5,12.5,16.0,15.0,15.0,,0.0,0.0,115.22332955291098,35.16999999999997
145.0,13.4,2.2,749.5,0.0,0.0,0.0,23.0,50.0,50.0,50.0,50.0,50.0,1.6489,50.0,57.2,11299.149722222222,40676939.0,0.0,0.0,5.20486111111111,4.16388888888889,3.90364583333333,25036.1,24773.0,18453.8,17865.9,1280.0,0.0,0.0,0.0,750.0,3000.0,3.9,2.0,3.9,17.0,0.0,11299.1497222222,0.0,69.0,93.2,50.0,51.0,81.5,80.6,65.30000000000001,49.1,41.59000000000003,99.0,13.757,745.6,76.76,14.23,0.0,0.0,0.0,0.0,0.0,0.0,0.0,0.0,0.0,0.0,0.0,746.8000000000001,0.4,3.0,0.0,0.0,0.0,908.0,2857.0,0.0,53.6,1.0,0.0,825.6,0.0,0.0,0.7000000000000001,13.0,0.0,41.0,0.0,51.8,51.8,350.0,825.6,-50.0,0.0,0.0,0.0,0.0,400.0,0.0,0.0,0.0,0.0,0.0,0.0,70.0,749.5,4.441,,,0.0,0.0,0.0,28.388993279249185,0.0050155435012427,0.0049658846546958,0.0,0.0008550568359972,,1.6489,0.0,0.0,9.000000000000002,10.0,9.000000000000002,10.0,34.0,18.500000000000007,43.0,9.5,12.5,16.0,15.0,15.0,,0.0,0.0,115.22332955291098,35.16999999999997
146.0,13.4,2.2,749.5,0.0,0.0,0.0,23.0,50.0,50.0,50.0,50.0,50.0,1.6489,50.0,57.2,11299.149722222222,40676939.0,0.0,0.0,5.20486111111111,4.16388888888889,3.90364583333333,25036.1,24773.0,18453.8,17865.9,1280.0,0.0,0.0,0.0,750.0,3000.0,3.9,2.0,3.9,17.0,0.0,11299.1497222222,0.0,69.0,93.2,50.0,51.0,81.5,80.6,65.30000000000001,49.1,41.59000000000003,99.0,13.757,745.6,76.76,14.23,0.0,0.0,0.0,0.0,0.0,0.0,0.0,0.0,0.0,0.0,0.0,746.8000000000001,0.4,3.0,0.0,0.0,0.0,908.0,2857.0,0.0,53.6,1.0,0.0,825.6,0.0,0.0,0.7000000000000001,13.0,0.0,41.0,0.0,51.8,51.8,350.0,825.6,-50.0,0.0,0.0,0.0,0.0,400.0,0.0,0.0,0.0,0.0,0.0,0.0,70.0,749.5,4.439,0.0,13.8393986,0.0,0.0,0.0,28.388993279249185,0.0050155435012427,0.0049658846546958,0.0,0.0008550568359972,,1.6489,0.0,0.0,9.000000000000002,10.0,9.000000000000002,10.0,34.0,18.500000000000007,43.0,9.5,12.5,16.0,15.0,15.0,0.0,0.0,0.0,115.22332955291098,35.16999999999997
147.0,13.4,2.2,749.5,0.0,0.0,0.0,23.0,50.0,50.0,50.0,50.0,50.0,1.6489,50.0,57.2,11299.15027777778,40676941.0,0.0,0.0,5.20486111111111,4.16388888888889,3.90364583333333,25036.1,24773.0,18453.8,17865.9,1280.0,0.0,0.0,0.0,749.0,3000.0,3.9,2.0,3.9,17.0,0.0,11299.1502777778,0.0,69.0,93.2,50.0,51.0,81.5,80.6,65.30000000000001,49.1,39.01999999999998,99.0,13.83,745.2,73.68,14.283,0.0,0.0,0.0,0.0,0.0,0.0,0.0,0.0,0.0,0.0,0.0,745.9000000000001,0.4,3.0,0.0,0.0,0.0,908.0,2857.0,0.0,53.6,1.0,0.0,825.6,0.0,0.0,0.7000000000000001,13.0,0.0,41.0,0.0,51.8,51.8,350.0,825.6,-50.0,0.0,0.0,0.0,0.0,400.0,0.0,0.0,0.0,0.0,0.0,0.0,70.0,749.5,4.439,0.0,13.8393986,0.0,0.0,0.0,28.388993279249185,0.0058528780988224,0.0057949288107152,0.0,0.0008290441560194,,1.6489,0.0,0.0,9.000000000000002,10.0,9.000000000000002,10.0,34.0,18.500000000000007,43.0,9.5,12.5,16.0,15.0,15.0,0.0,0.0,0.0,115.22332955291098,34.660000000000025
148.0,13.4,2.2,749.5,0.0,0.0,0.0,23.0,50.0,50.0,50.0,50.0,50.0,1.6489,50.0,57.2,11299.15027777778,40676941.0,0.0,0.0,5.20486111111111,4.16388888888889,3.90364583333333,25036.1,24773.0,18453.8,17865.9,1280.0,0.0,0.0,0.0,749.0,3000.0,3.9,2.0,3.9,17.0,0.0,11299.1502777778,0.0,69.0,93.2,50.0,51.0,81.5,80.6,65.30000000000001,49.1,39.01999999999998,99.0,13.83,745.2,73.68,14.283,0.0,0.0,0.0,0.0,0.0,0.0,0.0,0.0,0.0,0.0,0.0,745.9000000000001,0.3,3.0,0.0,0.0,0.0,908.0,2857.0,0.0,53.6,1.0,0.0,825.6,0.0,0.0,0.7000000000000001,13.0,0.0,41.0,0.0,51.8,51.8,350.0,825.6,-50.0,0.0,0.0,0.0,0.0,400.0,0.0,0.0,0.0,0.0,0.0,0.0,70.0,749.5,4.441,0.0,13.8393986,0.0,0.0,0.0,28.388993279249185,0.0058528780988224,0.0057949288107152,0.0,0.0008290441560194,,1.6489,0.0,0.0,9.000000000000002,10.0,9.000000000000002,10.0,34.0,18.500000000000007,43.0,9.5,12.5,16.0,15.0,15.0,0.0,0.0,0.0,115.22332955291098,34.660000000000025
149.0,13.5,2.2,749.5,0.0,0.0,0.0,23.0,50.0,50.0,50.0,50.0,50.0,1.6489,50.0,57.2,11299.150833333331,40676943.0,0.0,0.0,5.20486111111111,4.16388888888889,3.90364583333333,25036.1,24773.0,18453.8,17865.9,1280.0,0.0,0.0,0.0,749.0,3000.0,3.9,3.0,3.9,17.0,0.0,11299.1508333333,0.0,69.0,103.1,50.0,51.0,82.4,80.6,65.30000000000001,49.1,35.629999999999995,99.0,13.851,745.5,66.65,14.264,0.0,0.0,0.0,0.0,0.0,0.0,0.0,0.0,0.0,0.0,0.0,745.8000000000001,0.3,3.0,0.0,0.0,0.0,908.0,2857.0,0.0,53.6,1.0,0.0,825.6,0.0,0.0,0.7000000000000001,13.0,0.0,41.0,0.0,51.8,51.8,350.0,825.6,-50.0,0.0,0.0,0.0,0.0,400.0,0.0,0.0,0.0,0.0,0.0,0.0,70.0,749.5,4.441,0.0,13.8393986,0.0,0.0,0.0,28.388993279249185,0.006797099259115,0.0067298012466486,0.0,0.0009348724359333,,1.6489,0.0,0.0,9.000000000000002,10.0,9.000000000000002,10.0,39.5,18.500000000000007,49.0,9.5,12.5,17.0,15.0,15.0,0.0,0.0,0.0,115.22332955291098,31.02000000000001
150.0,13.5,2.2,749.5,0.0,0.0,0.0,23.0,50.0,50.0,50.0,50.0,50.0,1.6489,50.0,57.2,11299.150833333331,40676943.0,0.0,0.0,5.20486111111111,4.16388888888889,3.90364583333333,25036.1,24773.0,18453.8,17865.9,1280.0,0.0,0.0,0.0,749.0,3000.0,3.9,3.0,3.9,17.0,0.0,11299.1508333333,0.0,69.0,103.1,50.0,51.0,82.4,80.6,65.30000000000001,49.1,35.629999999999995,99.0,13.851,745.5,66.65,14.264,0.0,0.0,0.0,0.0,0.0,0.0,0.0,0.0,0.0,0.0,0.0,745.8000000000001,0.3,3.0,0.0,0.0,0.0,908.0,2857.0,0.0,53.6,1.0,0.0,825.6,0.0,0.0,0.7000000000000001,13.0,0.0,41.0,0.0,51.8,51.8,350.0,825.6,-50.0,0.0,0.0,0.0,0.0,400.0,0.0,0.0,0.0,0.0,0.0,0.0,70.0,749.5,4.441,,,0.0,0.0,0.0,28.388993279249185,0.006797099259115,0.0067298012466486,0.0,0.0009348724359333,,1.6489,0.0,0.0,9.000000000000002,10.0,9.000000000000002,10.0,39.5,18.500000000000007,49.0,9.5,12.5,17.0,15.0,15.0,,0.0,0.0,115.22332955291098,31.02000000000001
151.0,13.5,2.3,749.5,0.0,0.0,0.0,23.0,50.0,50.0,50.0,50.0,50.0,1.72385,50.0,57.2,11299.15138888889,40676945.0,0.0,0.0,5.20486111111111,4.16388888888889,3.90364583333333,25036.1,24773.0,18453.8,17865.9,1280.0,0.0,0.0,0.0,749.0,3000.0,3.9,188.0,3.9,17.0,0.0,11299.1513888889,0.0,69.0,105.8,50.0,51.0,82.4,80.6,65.30000000000001,49.1,31.819999999999993,99.0,13.866,745.2,61.1,14.271,0.0,0.0,0.0,0.0,0.0,0.0,0.0,0.0,0.0,0.0,0.0,745.7,0.3,3.0,0.0,0.0,0.0,908.0,2857.0,0.0,53.6,1.0,0.0,825.6,0.0,0.0,0.7000000000000001,13.0,0.0,41.0,0.0,51.8,51.8,350.0,825.6,-50.0,0.0,0.0,0.0,0.0,400.0,0.0,0.0,0.0,0.0,0.0,0.0,70.0,749.5,4.441,,,0.0,0.0,0.0,28.388993279249185,0.0077625967206403,0.0076857393273666,0.0,0.000955938080718,,1.72385,0.0,0.0,9.000000000000002,10.0,9.000000000000002,10.0,41.0,18.500000000000007,51.0,9.5,12.5,17.0,15.0,15.0,,0.0,0.0,115.22332955291098,29.28000000000001
152.0,13.5,2.3,749.5,0.0,0.0,0.0,23.0,50.0,50.0,50.0,50.0,50.0,1.72385,50.0,57.2,11299.15138888889,40676945.0,0.0,0.0,5.20486111111111,4.16388888888889,3.90364583333333,25036.1,24773.0,18453.8,17865.9,1280.0,0.0,0.0,0.0,749.0,3000.0,3.9,188.0,3.9,17.0,0.0,11299.1513888889,0.0,69.0,105.8,50.0,51.0,82.4,80.6,65.30000000000001,49.1,31.819999999999993,99.0,13.866,745.2,61.1,14.271,0.0,0.0,0.0,0.0,0.0,0.0,0.0,0.0,0.0,0.0,0.0,745.7,-0.1,3.0,0.0,0.0,0.0,908.0,2857.0,0.0,53.6,1.0,0.0,825.6,0.0,0.0,0.7000000000000001,13.0,0.0,41.0,0.0,51.8,51.8,350.0,825.6,-50.0,0.0,0.0,0.0,0.0,400.0,0.0,0.0,0.0,0.0,0.0,0.0,70.0,749.4000000000001,4.441,0.0,13.8916467,0.0,0.0,0.0,28.388993279249185,0.0077625967206403,0.0076857393273666,0.0,0.000955938080718,,1.72385,0.0,0.0,9.000000000000002,10.0,9.000000000000002,10.0,41.0,18.500000000000007,51.0,9.5,12.5,17.0,15.0,15.0,0.0,0.0,0.0,115.22332955291098,29.28000000000001
153.0,13.5,2.1,749.4,0.0,0.0,0.0,23.0,50.0,50.0,50.0,50.0,50.0,1.57374,50.0,57.2,11299.151944444444,40676947.0,0.0,0.0,5.20416666666667,4.16333333333333,3.903125,25036.1,24773.0,18453.8,17865.9,1280.0,0.0,0.0,0.0,749.0,3000.0,3.9,3.0,3.9,17.0,0.0,11299.1519444444,0.0,69.0,108.5,49.1,51.0,83.30000000000001,80.6,65.30000000000001,49.1,30.44999999999999,99.0,13.904,745.9000000000001,64.07,14.313,0.0,0.0,0.0,0.0,0.0,0.0,0.0,0.0,0.0,0.0,0.0,746.3000000000001,0.3,3.0,0.0,0.0,0.0,908.0,2857.0,0.0,53.6,1.0,0.0,825.6,0.0,0.0,0.7000000000000001,13.0,0.0,41.0,0.0,51.8,51.8,350.0,825.6,-50.0,0.0,0.0,0.0,0.0,400.0,0.0,0.0,0.0,0.0,0.0,0.0,70.0,749.4000000000001,4.441,0.0,13.8916467,0.0,0.0,0.0,28.388993279249185,0.0086073349047777,0.0085221137671066,0.0,0.00083637443974,,1.57374,0.0,0.0,9.000000000000002,10.0,9.000000000000002,10.0,42.5,18.500000000000007,53.0,9.5,12.5,18.000000000000004,15.0,15.0,0.0,0.0,0.0,115.22332955291098,33.620000000000005
154.0,13.5,2.1,749.4,0.0,0.0,0.0,23.0,50.0,50.0,50.0,50.0,50.0,1.57374,50.0,57.2,11299.151944444444,40676947.0,0.0,0.0,5.20416666666667,4.16333333333333,3.903125,25036.1,24773.0,18453.8,17865.9,1280.0,0.0,0.0,0.0,749.0,3000.0,3.9,3.0,3.9,17.0,0.0,11299.1519444444,0.0,69.0,108.5,49.1,51.0,83.30000000000001,80.6,65.30000000000001,49.1,30.44999999999999,99.0,13.904,745.9000000000001,64.07,14.313,0.0,0.0,0.0,0.0,0.0,0.0,0.0,0.0,0.0,0.0,0.0,747.1,0.3,3.0,0.0,0.0,0.0,908.0,2857.0,0.0,53.6,1.0,0.0,825.6,0.0,0.0,0.7000000000000001,13.0,0.0,41.0,0.0,51.8,51.8,350.0,825.6,-50.0,0.0,0.0,0.0,0.0,400.0,0.0,0.0,0.0,0.0,0.0,0.0,70.0,749.4000000000001,4.438,0.0,13.9307107,0.0,0.0,0.0,28.388993279249185,0.0086073349047777,0.0085221137671066,0.0,0.00083637443974,,1.57374,0.0,0.0,9.000000000000002,10.0,9.000000000000002,10.0,42.5,18.500000000000007,53.0,9.5,12.5,18.000000000000004,15.0,15.0,0.0,0.0,0.0,115.22332955291098,33.620000000000005
155.0,13.6,2.2,749.4,0.0,0.0,0.0,23.0,50.0,50.0,50.0,50.0,50.0,1.64868,50.0,57.2,11299.1525,40676949.0,0.0,0.0,5.20416666666667,4.16333333333333,3.903125,25036.1,24773.0,18453.8,17865.9,1280.0,0.0,0.0,0.0,749.0,2500.0,3.9,3.0,3.9,17.0,0.0,11299.1525,0.0,69.0,111.2,49.1,51.0,83.30000000000001,80.6,64.4,49.1,30.44999999999999,99.0,13.904,745.9000000000001,64.07,14.313,0.0,0.0,0.0,0.0,0.0,0.0,0.0,0.0,0.0,0.0,0.0,747.1,0.3,3.0,0.0,0.0,0.0,908.0,2857.0,0.0,53.6,1.0,0.0,825.6,0.0,0.0,0.7000000000000001,13.0,0.0,41.0,0.0,51.8,51.8,350.0,825.6,-50.0,0.0,0.0,0.0,0.0,400.0,0.0,0.0,0.0,0.0,0.0,0.0,70.0,749.4000000000001,4.438,0.0,13.9307107,0.0,0.0,0.0,28.388993279249185,0.0094685699510673,0.0093748217337299,0.0,0.0008527079666233,,1.64868,0.0,0.0,9.000000000000002,10.0,9.000000000000002,10.0,44.0,18.000000000000004,55.0,9.5,12.5,18.000000000000004,15.0,15.0,0.0,0.0,0.0,115.22332955291098,33.620000000000005
156.0,13.6,2.1,749.4,0.0,0.0,0.0,23.0,50.0,50.0,50.0,50.0,50.0,1.57374,50.0,57.2,11299.153055555556,40676951.0,0.0,0.0,5.20416666666667,4.16333333333333,3.903125,25036.1,24773.0,18453.8,17865.9,1280.0,0.0,0.0,0.0,750.0,2500.0,3.9,2.0,3.9,17.0,0.0,11299.1530555556,0.0,69.0,111.2,49.1,51.0,83.30000000000001,80.6,64.4,49.1,30.44999999999999,99.0,13.904,745.9000000000001,64.07,14.313,0.0,0.0,0.0,0.0,0.0,0.0,0.0,0.0,0.0,0.0,0.0,745.7,0.3,3.0,0.0,0.0,0.0,908.0,2857.0,0.0,53.6,1.0,0.0,825.6,0.0,0.0,0.7000000000000001,13.0,0.0,41.0,0.0,51.8,51.8,350.0,825.6,-50.0,0.0,0.0,0.0,0.0,400.0,0.0,0.0,0.0,0.0,0.0,0.0,70.0,749.2,4.441,0.0,13.9307107,0.0,0.0,0.0,28.388993279249185,0.0102549353282762,0.0101534013151249,0.0,0.000778579581395,,1.57374,0.0,0.0,9.000000000000002,10.0,9.000000000000002,10.0,44.0,18.000000000000004,55.0,9.5,12.5,18.000000000000004,15.0,15.0,0.0,0.0,0.0,115.22332955291098,33.620000000000005
157.0,13.6,2.1,749.4,0.0,0.0,0.0,23.0,50.0,50.0,50.0,50.0,50.0,1.57374,50.0,57.2,11299.153055555556,40676951.0,0.0,0.0,5.20416666666667,4.16333333333333,3.903125,25036.1,24773.0,18453.8,17865.9,1280.0,0.0,0.0,0.0,750.0,2500.0,3.9,2.0,3.9,17.0,0.0,11299.1530555556,0.0,69.0,111.2,48.2,50.0,83.30000000000001,80.6,64.4,49.1,30.44999999999999,99.0,13.904,745.9000000000001,64.07,14.313,0.0,0.0,0.0,0.0,0.0,0.0,0.0,0.0,0.0,0.0,0.0,745.7,0.3,3.0,0.0,0.0,0.0,908.0,2857.0,0.0,53.6,1.0,0.0,825.6,0.0,0.0,0.7000000000000001,13.0,0.0,41.0,0.0,51.8,51.8,350.0,825.6,-50.0,0.0,0.0,0.0,0.0,400.0,0.0,0.0,0.0,0.0,0.0,0.0,70.0,749.2,4.441,0.0,13.9307107,0.0,0.0,0.0,28.388993279249185,0.0102549353282762,0.0101534013151249,0.0,0.000778579581395,,1.57374,0.0,0.0,9.000000000000002,10.0,9.000000000000002,10.0,44.0,18.000000000000004,55.0,9.5,12.5,18.000000000000004,15.0,15.0,0.0,0.0,0.0,115.22332955291098,33.620000000000005
158.0,13.6,2.4,749.4,0.0,0.0,0.0,23.0,50.0,50.0,50.0,50.0,50.0,1.79856,50.0,57.2,11299.15361111111,40676953.0,0.0,0.0,5.20416666666667,4.16333333333333,3.903125,25036.1,24773.0,18453.8,17865.9,1280.0,0.0,0.0,0.0,749.0,2500.0,3.9,20.0,3.9,17.0,0.0,11299.1536111111,0.0,69.0,113.9,48.2,50.0,83.30000000000001,80.6,64.4,49.1,,,,,,,0.0,0.0,0.0,0.0,0.0,0.0,0.0,0.0,0.0,0.0,0.0,745.8000000000001,,,0.0,0.0,0.0,908.0,2857.0,0.0,53.6,1.0,0.0,825.6,0.0,0.0,0.7000000000000001,13.0,0.0,41.0,0.0,51.8,51.8,350.0,825.6,-50.0,0.0,0.0,0.0,0.0,400.0,0.0,0.0,0.0,0.0,0.0,0.0,70.0,749.4000000000001,4.44,0.0,13.9307107,0.0,0.0,0.0,28.388993279249185,0.0111688987096662,0.0110583155541249,0.0,0.0009049142389999,,1.79856,0.0,0.0,9.000000000000002,10.0,9.000000000000002,10.0,45.5,18.000000000000004,58.0,9.5,,,15.0,15.0,0.0,0.0,0.0,115.22332955291098,
159.0,13.6,2.4,749.4,0.0,0.0,0.0,23.0,50.0,50.0,50.0,50.0,50.0,1.79856,50.0,57.2,11299.15361111111,40676953.0,0.0,0.0,5.20416666666667,4.16333333333333,3.903125,25036.1,24773.0,18453.8,17865.9,1280.0,0.0,0.0,0.0,749.0,2500.0,3.9,20.0,3.9,17.0,0.0,11299.1536111111,0.0,69.0,113.9,48.2,50.0,83.30000000000001,80.6,64.4,49.1,,,,,,,0.0,0.0,0.0,0.0,0.0,0.0,0.0,0.0,0.0,0.0,0.0,745.8000000000001,,,0.0,0.0,0.0,908.0,2857.0,0.0,53.6,1.0,0.0,825.6,0.0,0.0,0.7000000000000001,13.0,0.0,41.0,0.0,51.8,51.8,350.0,825.6,-50.0,0.0,0.0,0.0,0.0,400.0,0.0,0.0,0.0,0.0,0.0,0.0,70.0,749.4000000000001,4.44,0.0,14.0303239,0.0,0.0,0.0,28.388993279249185,0.0111688987096662,0.0110583155541249,0.0,0.0009049142389999,,1.79856,0.0,0.0,9.000000000000002,10.0,9.000000000000002,10.0,45.5,18.000000000000004,58.0,9.5,,,15.0,15.0,0.0,0.0,0.0,115.22332955291098,
160.0,13.6,2.0,749.4,0.0,0.0,0.0,23.0,50.0,50.0,50.0,50.0,50.0,1.4988,50.0,57.2,11299.153888888888,40676954.0,0.0,0.0,5.20416666666667,4.16333333333333,3.903125,25036.1,24773.0,18453.8,17865.9,1280.0,0.0,0.0,0.0,749.0,2500.0,3.9,3.0,3.9,17.0,0.0,11299.1538888889,0.0,69.0,115.7,46.4,50.0,84.2,80.6,64.4,49.1,,,,,,,0.0,0.0,0.0,0.0,0.0,0.0,0.0,0.0,0.0,0.0,0.0,745.7,,,0.0,0.0,0.0,908.0,2857.0,0.0,53.6,1.0,0.0,825.6,0.0,0.0,0.7000000000000001,13.0,0.0,41.0,0.0,51.8,51.8,350.0,825.6,-50.0,0.0,0.0,0.0,0.0,400.0,0.0,0.0,0.0,0.0,0.0,0.0,70.0,749.4000000000001,4.442,0.0,14.0303239,0.0,0.0,0.0,28.388993279249185,0.0119545100669699,0.0118361485811583,0.0,0.0007778330270333,,1.4988,0.0,0.0,9.000000000000002,10.0,9.000000000000002,10.0,46.5,18.000000000000004,59.0,9.5,,,15.0,15.0,0.0,0.0,0.0,115.22332955291098,
161.0,13.6,2.0,749.4,0.0,0.0,0.0,23.0,50.0,50.0,50.0,50.0,50.0,1.4988,50.0,57.2,11299.153888888888,40676954.0,0.0,0.0,5.20416666666667,4.16333333333333,3.903125,25036.1,24773.0,18453.8,17865.9,1280.0,0.0,0.0,0.0,749.0,2500.0,3.9,3.0,3.9,17.0,0.0,11299.1538888889,0.0,69.0,115.7,46.4,50.0,84.2,80.6,64.4,49.1,,,,,,,0.0,0.0,0.0,0.0,0.0,0.0,0.0,0.0,0.0,0.0,0.0,745.7,,,0.0,0.0,0.0,908.0,2857.0,0.0,53.6,1.0,0.0,825.6,0.0,0.0,0.7000000000000001,13.0,0.0,41.0,0.0,51.8,51.8,350.0,825.6,-50.0,0.0,0.0,0.0,0.0,400.0,0.0,0.0,0.0,0.0,0.0,0.0,70.0,749.4000000000001,4.439,0.0,14.0303239,0.0,0.0,0.0,28.388993279249185,0.0119545100669699,0.0118361485811583,0.0,0.0007778330270333,,1.4988,0.0,0.0,9.000000000000002,10.0,9.000000000000002,10.0,46.5,18.000000000000004,59.0,9.5,,,15.0,15.0,0.0,0.0,0.0,115.22332955291098,
162.0,13.6,2.6,749.4,0.0,0.0,0.0,23.0,50.0,50.0,50.0,50.0,50.0,1.94844,50.0,57.2,11299.154444444444,40676956.0,0.0,0.0,5.20416666666667,4.16333333333333,3.903125,25036.1,24773.0,18453.8,17865.9,1280.0,0.0,0.0,0.0,749.0,2500.0,3.9,182.0,3.9,17.0,0.0,11299.1544444444,0.0,69.0,116.6,46.4,50.0,85.1,80.6,64.4,49.1,,,,,,,0.0,0.0,0.0,0.0,0.0,0.0,0.0,0.0,0.0,0.0,0.0,746.4000000000001,,,0.0,0.0,0.0,908.0,2857.0,0.0,53.6,1.0,0.0,825.6,0.0,0.0,0.7000000000000001,13.0,0.0,41.0,0.0,51.8,51.8,350.0,825.6,-50.0,0.0,0.0,0.0,0.0,400.0,0.0,0.0,0.0,0.0,0.0,0.0,70.0,749.4000000000001,4.439,0.0,14.0303239,0.0,0.0,0.0,28.388993279249185,0.0129650490859919,0.0128366822633583,0.0,0.0010005336822,,1.94844,0.0,0.0,9.000000000000002,10.0,9.000000000000002,10.0,47.0,18.000000000000004,59.0,9.5,,,15.0,15.0,0.0,0.0,0.0,115.22332955291098,
163.0,13.6,2.6,749.4,0.0,0.0,0.0,23.0,50.0,50.0,50.0,50.0,50.0,1.94844,50.0,57.2,11299.154444444444,40676956.0,0.0,0.0,5.20416666666667,4.16333333333333,3.903125,25036.1,24773.0,18453.8,17865.9,1280.0,0.0,0.0,0.0,749.0,2500.0,3.9,182.0,3.9,17.0,0.0,11299.1544444444,0.0,69.0,116.6,46.4,50.0,85.1,80.6,64.4,49.1,,,,,,,0.0,0.0,0.0,0.0,0.0,0.0,0.0,0.0,0.0,0.0,0.0,746.4000000000001,,,0.0,0.0,0.0,908.0,2857.0,0.0,53.6,1.0,0.0,825.6,0.0,0.0,0.7000000000000001,13.0,0.0,41.0,0.0,51.8,51.8,350.0,825.6,-50.0,0.0,0.0,0.0,0.0,400.0,0.0,0.0,0.0,0.0,0.0,0.0,70.0,749.4000000000001,4.439,0.0,14.0215345,0.0,0.0,0.0,28.388993279249185,0.0129650490859919,0.0128366822633583,0.0,0.0010005336822,,1.94844,0.0,0.0,9.000000000000002,10.0,9.000000000000002,10.0,47.0,18.000000000000004,59.0,9.5,,,15.0,15.0,0.0,0.0,0.0,115.22332955291098,
164.0,13.6,1.9,749.4,0.0,0.0,0.0,23.0,50.0,50.0,50.0,50.0,50.0,1.42386,50.0,57.2,11299.155,40676958.0,0.0,0.0,5.20416666666667,4.16333333333333,3.903125,25036.1,24773.0,18453.8,17865.9,1280.0,0.0,0.0,0.0,749.0,2404.0,3.9,3.0,3.9,17.0,0.0,11299.155,0.0,69.0,118.4,46.4,50.0,85.1,80.6,64.4,49.1,9.720000000000027,99.0,14.013,745.5,55.36,14.298,0.0,0.0,0.0,0.0,0.0,0.0,0.0,0.0,0.0,0.0,0.0,747.0,0.1,3.0,0.0,0.0,0.0,908.0,2857.0,0.0,53.6,1.0,0.0,825.6,0.0,0.0,0.7000000000000001,13.0,0.0,41.0,0.0,51.8,51.8,350.0,825.6,-50.0,0.0,0.0,0.0,0.0,400.0,0.0,0.0,0.0,0.0,0.0,0.0,70.0,749.4000000000001,4.439,0.0,14.0215345,0.0,0.0,0.0,28.388993279249185,0.0136787048371397,0.0135432721159799,0.0,0.0007065898526216,,1.42386,0.0,0.0,9.000000000000002,10.0,9.000000000000002,10.0,48.0,18.000000000000004,60.0,9.5,12.5,19.0,15.0,15.0,0.0,0.0,0.0,115.22332955291098,45.63999999999997
165.0,13.6,1.9,749.4,0.0,0.0,0.0,23.0,50.0,50.0,50.0,50.0,50.0,1.42386,50.0,57.2,11299.155,40676958.0,0.0,0.0,5.20416666666667,4.16333333333333,3.903125,25036.1,24773.0,18453.8,17865.9,1280.0,0.0,0.0,0.0,749.0,2404.0,3.9,3.0,3.9,17.0,0.0,11299.155,0.0,69.0,118.4,46.4,50.0,85.1,80.6,64.4,49.1,9.720000000000027,99.0,14.013,745.5,55.36,14.298,0.0,0.0,0.0,0.0,0.0,0.0,0.0,0.0,0.0,0.0,0.0,747.0,0.1,3.0,0.0,0.0,0.0,908.0,2857.0,0.0,53.6,1.0,0.0,825.6,0.0,0.0,0.7000000000000001,13.0,0.0,41.0,0.0,51.8,51.8,350.0,825.6,-50.0,0.0,0.0,0.0,0.0,400.0,0.0,0.0,0.0,0.0,0.0,0.0,70.0,749.4000000000001,4.439,0.0,13.9697747,0.0,0.0,0.0,28.388993279249185,0.0136787048371397,0.0135432721159799,0.0,0.0007065898526216,,1.42386,0.0,0.0,9.000000000000002,10.0,9.000000000000002,10.0,48.0,18.000000000000004,60.0,9.5,12.5,19.0,15.0,15.0,0.0,0.0,0.0,115.22332955291098,45.63999999999997
166.0,13.6,2.1,749.4,0.0,0.0,0.0,23.0,50.0,50.0,50.0,50.0,50.0,1.57374,50.0,57.2,11299.155555555555,40676960.0,0.0,0.0,5.20416666666667,4.16333333333333,3.903125,25036.1,24773.0,18453.8,17865.9,1280.0,0.0,0.0,0.0,749.0,2404.0,3.9,69.0,3.9,17.0,0.0,11299.1555555556,0.0,69.0,119.3,46.4,50.0,85.1,80.6,64.4,49.1,6.170000000000016,99.0,13.977,745.2,54.48,14.293,0.0,0.0,0.0,0.0,0.0,0.0,0.0,0.0,0.0,0.0,0.0,745.6,0.1,3.0,0.0,0.0,0.0,908.0,2857.0,0.0,53.6,1.0,0.0,825.6,0.0,0.0,0.7000000000000001,13.0,0.0,41.0,0.0,51.8,51.8,350.0,825.6,-50.0,0.0,0.0,0.0,0.0,400.0,0.0,0.0,0.0,0.0,0.0,0.0,70.0,749.4000000000001,4.439,0.0,13.9697747,0.0,0.0,0.0,28.388993279249185,0.0145849202541764,0.0144405151031449,0.0,0.0008972429871649,,1.57374,0.0,0.0,9.000000000000002,10.0,9.000000000000002,10.0,48.5,18.000000000000004,61.0,9.5,12.5,20.0,15.0,15.0,0.0,0.0,0.0,115.22332955291098,48.30999999999998
167.0,13.6,2.1,749.4,0.0,0.0,0.0,23.0,50.0,50.0,50.0,50.0,50.0,1.57374,50.0,57.2,11299.155555555555,40676960.0,0.0,0.0,5.20416666666667,4.16333333333333,3.903125,25036.1,24773.0,18453.8,17865.9,1280.0,0.0,0.0,0.0,749.0,2404.0,3.9,69.0,3.9,17.0,0.0,11299.1555555556,0.0,69.0,119.3,,,,,,,6.170000000000016,99.0,13.977,745.2,54.48,14.293,0.0,0.0,0.0,0.0,0.0,0.0,0.0,0.0,0.0,0.0,0.0,745.6,0.1,3.0,0.0,0.0,0.0,908.0,2857.0,0.0,53.6,1.0,0.0,825.6,0.0,0.0,0.7000000000000001,13.0,0.0,41.0,0.0,51.8,51.8,350.0,825.6,-50.0,0.0,0.0,0.0,0.0,400.0,0.0,0.0,0.0,0.0,0.0,0.0,70.0,749.4000000000001,4.443,0.0,13.9697747,,0.0,,,0.0145849202541764,0.0144405151031449,0.0,0.0008972429871649,,1.57374,0.0,,9.000000000000002,10.0,9.000000000000002,10.0,48.5,,61.0,,12.5,20.0,15.0,15.0,0.0,,,,48.30999999999998
168.0,13.6,2.0,749.4,0.0,0.0,0.0,23.0,50.0,50.0,50.0,50.0,50.0,1.4988,50.0,57.2,11299.156111111111,40676962.0,0.0,0.0,5.20416666666667,4.16333333333333,3.903125,25036.1,24773.0,18453.8,17865.9,1280.0,0.0,0.0,0.0,750.0,2404.0,3.9,56.0,3.88,17.0,0.0,11299.1561111111,0.0,69.0,120.2,44.6,50.0,86.0,81.5,64.4,49.1,6.170000000000016,99.0,13.977,745.2,54.48,14.293,0.0,0.0,0.0,0.0,0.0,0.0,0.0,0.0,0.0,0.0,0.0,746.1,0.1,3.0,0.0,0.0,0.0,908.0,2857.0,0.0,53.6,1.0,0.0,825.6,0.0,0.0,0.7000000000000001,13.0,0.0,41.0,0.0,51.8,51.8,350.0,825.6,-50.0,0.0,0.0,0.0,0.0,400.0,0.0,0.0,0.0,0.0,0.0,0.0,70.0,749.4000000000001,4.443,0.0,13.9697747,0.0,0.0,0.0,28.388993279249185,0.0155035971929514,0.0153500962306449,0.0,0.0009095811274999,,1.4988,0.0,0.0,9.000000000000002,10.0,9.000000000000002,10.0,49.0,18.000000000000004,62.000000000000014,9.5,12.5,20.0,15.0,15.0,0.0,0.0,0.0,115.22332955291098,48.30999999999998
169.0,13.6,2.0,749.4,0.0,0.0,0.0,23.0,50.0,50.0,50.0,50.0,50.0,1.4988,50.0,57.2,11299.156111111111,40676962.0,0.0,0.0,5.20416666666667,4.16333333333333,3.903125,25036.1,24773.0,18453.8,17865.9,1280.0,0.0,0.0,0.0,750.0,2404.0,3.9,56.0,3.88,17.0,0.0,11299.1561111111,0.0,69.0,120.2,44.6,50.0,86.0,81.5,64.4,49.1,6.170000000000016,99.0,13.977,745.2,54.48,14.293,0.0,0.0,0.0,0.0,0.0,0.0,0.0,0.0,0.0,0.0,0.0,746.1,0.1,3.0,0.0,0.0,0.0,908.0,2857.0,0.0,53.6,1.0,0.0,825.6,0.0,0.0,0.7000000000000001,13.0,0.0,41.0,0.0,51.8,51.8,350.0,825.6,-50.0,0.0,0.0,0.0,0.0,400.0,0.0,0.0,0.0,0.0,0.0,0.0,70.0,749.3000000000001,4.443,0.0,13.9697747,0.0,0.0,0.0,28.388993279249185,0.0155035971929514,0.0153500962306449,0.0,0.0009095811274999,,1.4988,0.0,0.0,9.000000000000002,10.0,9.000000000000002,10.0,49.0,18.000000000000004,62.000000000000014,9.5,12.5,20.0,15.0,15.0,0.0,0.0,0.0,115.22332955291098,48.30999999999998
170.0,13.6,2.0,749.4,0.0,0.0,0.0,23.0,50.0,50.0,50.0,50.0,50.0,1.4988,50.0,57.2,11299.156666666666,40676964.0,0.0,0.0,5.20416666666667,4.16333333333333,3.903125,25036.1,24773.0,18453.8,17865.9,1280.0,0.0,0.0,0.0,749.0,2404.0,3.9,3.0,3.9,17.0,0.0,11299.1566666667,0.0,69.0,121.1,44.6,50.0,86.9,81.5,64.4,49.1,6.170000000000016,99.0,13.977,745.2,54.48,14.293,0.0,0.0,0.0,0.0,0.0,0.0,0.0,0.0,0.0,0.0,0.0,745.9000000000001,0.1,3.0,0.0,0.0,0.0,908.0,2857.0,0.0,53.6,1.0,0.0,825.6,0.0,0.0,0.7000000000000001,13.0,0.0,41.0,0.0,51.8,51.8,350.0,825.6,-50.0,0.0,0.0,0.0,0.0,400.0,0.0,0.0,0.0,0.0,0.0,0.0,70.0,749.3000000000001,4.443,0.0,13.9707513,0.0,0.0,0.0,28.388993279249185,0.0162485212507387,0.0160876448027116,0.0,0.0007375485720666,,1.4988,0.0,0.0,9.000000000000002,10.0,9.000000000000002,10.0,49.5,18.000000000000004,63.0,9.5,12.5,20.0,15.0,15.0,0.0,0.0,0.0,115.22332955291098,48.30999999999998
171.0,13.6,2.0,749.4,0.0,0.0,0.0,23.0,50.0,50.0,50.0,50.0,50.0,1.4988,50.0,57.2,11299.156666666666,40676964.0,0.0,0.0,5.20416666666667,4.16333333333333,3.903125,25036.1,24773.0,18453.8,17865.9,1280.0,0.0,0.0,0.0,749.0,2404.0,3.9,3.0,3.9,17.0,0.0,11299.1566666667,0.0,69.0,121.1,44.6,50.0,86.9,81.5,64.4,49.1,,,,,,,0.0,0.0,0.0,0.0,0.0,0.0,0.0,0.0,0.0,0.0,0.0,746.7,,,0.0,0.0,0.0,908.0,2857.0,0.0,53.6,1.0,0.0,825.6,0.0,0.0,0.7000000000000001,13.0,0.0,41.0,0.0,51.8,51.8,350.0,825.6,-50.0,0.0,0.0,0.0,0.0,400.0,0.0,0.0,0.0,0.0,0.0,0.0,70.0,749.4000000000001,4.438,0.0,13.9707513,0.0,0.0,0.0,28.388993279249185,0.0162485212507387,0.0160876448027116,0.0,0.0007375485720666,,1.4988,0.0,0.0,9.000000000000002,10.0,9.000000000000002,10.0,49.5,18.000000000000004,63.0,9.5,,,15.0,15.0,0.0,0.0,0.0,115.22332955291098,
172.0,13.6,2.0,749.4,0.0,0.0,0.0,23.0,50.0,50.0,50.0,50.0,50.0,1.4988,50.0,57.2,11299.157222222222,40676966.0,0.0,0.0,5.20416666666667,4.16333333333333,3.903125,25036.1,24773.0,18453.8,17865.9,1280.0,0.0,0.0,0.0,749.0,2404.0,3.9,69.0,3.9,17.0,0.0,11299.1572222222,0.0,69.0,122.0,44.6,50.0,86.9,81.5,64.4,49.1,,,,,,,0.0,0.0,0.0,0.0,0.0,0.0,0.0,0.0,0.0,0.0,0.0,746.7,-0.1,3.0,0.0,0.0,0.0,908.0,2857.0,0.0,53.6,1.0,0.0,825.6,0.0,0.0,0.7000000000000001,13.0,0.0,41.0,0.0,51.8,51.8,350.0,825.6,-50.0,0.0,0.0,0.0,0.0,400.0,0.0,0.0,0.0,0.0,0.0,0.0,70.0,749.4000000000001,4.438,0.0,13.9614736,0.0,0.0,0.0,28.388993279249185,0.0170256449669251,0.0168570742246783,0.0,0.0007694294219666,,1.4988,0.0,0.0,9.000000000000002,10.0,9.000000000000002,10.0,50.0,18.000000000000004,64.0,9.5,,,15.0,15.0,0.0,0.0,0.0,115.22332955291098,
173.0,13.6,2.0,749.4,0.0,0.0,0.0,23.0,50.0,50.0,50.0,50.0,50.0,1.4988,50.0,57.2,11299.157222222222,40676966.0,0.0,0.0,5.20416666666667,4.16333333333333,3.903125,25036.1,24773.0,18453.8,17865.9,1280.0,0.0,0.0,0.0,749.0,2404.0,3.9,69.0,3.9,17.0,0.0,11299.1572222222,0.0,69.0,122.0,44.6,50.0,86.9,81.5,64.4,49.1,,,,,,,0.0,0.0,0.0,0.0,0.0,0.0,0.0,0.0,0.0,0.0,0.0,746.0,-0.1,3.0,0.0,0.0,0.0,908.0,2857.0,0.0,53.6,1.0,0.0,825.6,0.0,0.0,0.7000000000000001,13.0,0.0,41.0,0.0,51.8,51.8,350.0,825.6,-50.0,0.0,0.0,0.0,0.0,400.0,0.0,0.0,0.0,0.0,0.0,0.0,70.0,749.4000000000001,4.441,0.0,13.9614736,0.0,0.0,0.0,28.388993279249185,0.0170256449669251,0.0168570742246783,0.0,0.0007694294219666,,1.4988,0.0,0.0,9.000000000000002,10.0,9.000000000000002,10.0,50.0,18.000000000000004,64.0,9.5,,,15.0,15.0,0.0,0.0,0.0,115.22332955291098,
174.0,13.6,3.0,749.4,0.0,0.0,0.0,23.0,50.0,50.0,50.0,50.0,50.0,2.2482,50.0,57.2,11299.157777777778,40676968.0,0.0,0.0,5.20416666666667,4.16333333333333,3.903125,25036.1,24773.0,18453.8,17865.9,1280.0,0.0,0.0,0.0,749.0,2401.0,3.9,56.0,3.9,17.0,0.0,11299.1577777778,0.0,69.0,122.9,44.6,50.0,86.9,81.5,64.4,49.1,,,,,,,0.0,0.0,0.0,0.0,0.0,0.0,0.0,0.0,0.0,0.0,0.0,746.0,0.7000000000000001,3.0,0.0,0.0,0.0,908.0,2857.0,0.0,53.6,1.0,0.0,825.6,0.0,0.0,0.7000000000000001,13.0,0.0,41.0,0.0,51.8,51.8,350.0,825.6,-50.0,0.0,0.0,0.0,0.0,400.0,0.0,0.0,0.0,0.0,0.0,0.0,70.0,749.4000000000001,4.441,0.0,13.9614736,0.0,0.0,0.0,28.388993279249185,0.0182570008722521,0.0180762384873783,0.0,0.0012191642627,,2.2482,0.0,0.0,9.000000000000002,10.0,9.000000000000002,10.0,50.5,18.000000000000004,64.0,9.5,,,15.0,15.0,0.0,0.0,0.0,115.22332955291098,
175.0,13.6,2.0,749.4,0.0,0.0,0.0,23.0,50.0,50.0,50.0,50.0,50.0,1.4988,50.0,57.2,11299.158333333333,40676970.0,0.0,0.0,5.20416666666667,4.16333333333333,3.903125,25036.1,24773.0,18453.8,17865.9,1280.0,0.0,0.0,0.0,749.0,2401.0,3.9,135.0,3.9,17.0,0.0,11299.1583333333,0.0,69.0,122.9,,,,,,,,,,,,,0.0,0.0,0.0,0.0,0.0,0.0,0.0,0.0,0.0,0.0,0.0,745.7,0.7000000000000001,3.0,0.0,0.0,0.0,908.0,2857.0,0.0,53.6,1.0,0.0,825.6,0.0,0.0,0.7000000000000001,13.0,0.0,41.0,0.0,51.8,51.8,350.0,825.6,-50.0,0.0,0.0,0.0,0.0,400.0,0.0,0.0,0.0,0.0,0.0,0.0,70.0,749.4000000000001,4.44,0.0,13.9614736,,0.0,,,0.0190186814278584,0.0188303776513449,0.0,0.0007541391639666,,1.4988,0.0,,9.000000000000002,10.0,9.000000000000002,10.0,50.5,,64.0,,,,15.0,15.0,0.0,,,,
176.0,13.6,2.0,749.4,0.0,0.0,0.0,23.0,50.0,50.0,50.0,50.0,50.0,1.4988,50.0,57.2,11299.158333333333,40676970.0,0.0,0.0,5.20416666666667,4.16333333333333,3.903125,25036.1,24773.0,18453.8,17865.9,1280.0,0.0,0.0,0.0,749.0,2401.0,3.9,135.0,3.9,17.0,0.0,11299.1583333333,0.0,69.0,122.9,43.7,50.0,88.7,81.5,64.4,49.1,3.769999999999982,99.0,13.977,745.2,50.25,14.278,0.0,0.0,0.0,0.0,0.0,0.0,0.0,0.0,0.0,0.0,0.0,745.7,0.7000000000000001,3.0,0.0,0.0,0.0,908.0,2857.0,0.0,53.6,1.0,0.0,825.6,0.0,0.0,0.7000000000000001,13.0,0.0,41.0,0.0,51.8,51.8,350.0,825.6,-50.0,0.0,0.0,0.0,0.0,400.0,0.0,0.0,0.0,0.0,0.0,0.0,70.0,749.4000000000001,4.44,0.0,13.9595204,0.0,0.0,0.0,28.388993279249185,0.0190186814278584,0.0188303776513449,0.0,0.0007541391639666,,1.4988,0.0,0.0,9.000000000000002,10.0,9.000000000000002,10.0,50.5,18.000000000000004,65.0,9.5,12.5,20.0,15.0,15.0,0.0,0.0,0.0,115.22332955291098,46.48000000000002
177.0,13.6,2.0,749.4,0.0,0.0,0.0,23.0,50.0,50.0,50.0,50.0,50.0,1.4988,50.0,57.2,11299.15888888889,40676972.0,0.0,0.0,5.20416666666667,4.16333333333333,3.903125,25036.1,24773.0,18453.8,17865.9,1280.0,0.0,0.0,0.0,749.0,2401.0,3.9,182.0,3.9,17.0,0.0,11299.1588888889,0.0,69.0,122.9,43.7,50.0,88.7,81.5,64.4,49.1,3.769999999999982,99.0,13.977,745.2,50.25,14.278,0.0,0.0,0.0,0.0,0.0,0.0,0.0,0.0,0.0,0.0,0.0,745.9000000000001,0.7000000000000001,3.0,0.0,0.0,0.0,908.0,2857.0,0.0,53.6,1.0,0.0,825.6,0.0,0.0,0.7000000000000001,13.0,0.0,41.0,0.0,51.8,51.8,350.0,825.6,-50.0,0.0,0.0,0.0,0.0,400.0,0.0,0.0,0.0,0.0,0.0,0.0,70.0,749.4000000000001,4.441,0.0,13.9595204,0.0,0.0,0.0,28.388993279249185,0.0198818000763514,0.0196849505706449,0.0,0.0008545729192999,,1.4988,0.0,0.0,9.000000000000002,10.0,9.000000000000002,10.0,50.5,18.000000000000004,65.0,9.5,12.5,20.0,14.000000000000002,15.0,0.0,0.0,0.0,115.22332955291098,46.48000000000002
178.0,13.6,2.0,749.4,0.0,0.0,0.0,23.0,50.0,50.0,50.0,50.0,50.0,1.4988,50.0,57.2,11299.15888888889,40676972.0,0.0,0.0,5.20416666666667,4.16333333333333,3.903125,25036.1,24773.0,18453.8,17865.9,1280.0,0.0,0.0,0.0,749.0,2401.0,3.9,182.0,3.9,17.0,0.0,11299.1588888889,0.0,69.0,123.8,43.7,50.0,88.7,81.5,64.4,49.1,3.769999999999982,99.0,13.977,745.2,50.25,14.278,0.0,0.0,0.0,0.0,0.0,0.0,0.0,0.0,0.0,0.0,0.0,745.9000000000001,0.7000000000000001,3.0,0.0,0.0,0.0,908.0,2857.0,0.0,53.6,1.0,0.0,825.6,0.0,0.0,0.7000000000000001,13.0,0.0,41.0,0.0,51.8,51.8,350.0,825.6,-50.0,0.0,0.0,0.0,0.0,400.0,0.0,0.0,0.0,0.0,0.0,0.0,70.0,749.4000000000001,4.441,0.0,13.960497,0.0,0.0,0.0,28.388993279249185,0.0198818000763514,0.0196849505706449,0.0,0.0008545729192999,,1.4988,0.0,0.0,9.000000000000002,10.0,9.000000000000002,10.0,51.0,18.000000000000004,65.0,9.5,12.5,20.0,14.000000000000002,15.0,0.0,0.0,0.0,115.22332955291098,46.48000000000002
179.0,13.6,3.1,749.2,0.0,0.0,0.0,23.0,50.0,50.0,50.0,50.0,50.0,2.32252,50.0,57.2,11299.159444444444,40676974.0,0.0,0.0,5.20277777777778,4.16222222222222,3.90208333333333,25036.1,24773.0,18453.8,17865.9,1280.0,0.0,0.0,0.0,750.0,2401.0,3.9,3.0,3.9,17.0,0.0,11299.1594444444,0.0,69.0,123.8,43.7,50.0,88.7,81.5,64.4,49.1,3.769999999999982,99.0,13.977,745.2,50.25,14.278,0.0,0.0,0.0,0.0,0.0,0.0,0.0,0.0,0.0,0.0,0.0,746.1,0.7000000000000001,3.0,0.0,0.0,0.0,908.0,2857.0,0.0,53.6,1.0,0.0,825.6,0.0,0.0,0.7000000000000001,13.0,0.0,41.0,0.0,51.8,51.8,350.0,825.6,-50.0,0.0,0.0,0.0,0.0,400.0,0.0,0.0,0.0,0.0,0.0,0.0,70.0,749.3000000000001,4.445,0.0,13.960497,0.0,0.0,0.0,28.388993279249185,0.0210693262208178,0.0208607190305127,0.0,0.0011757684598677,,2.32252,0.0,0.0,9.000000000000002,10.0,9.000000000000002,10.0,51.0,18.000000000000004,65.0,9.5,12.5,20.0,14.000000000000002,15.0,0.0,0.0,0.0,115.22332955291098,46.48000000000002
180.0,13.6,3.1,749.2,0.0,0.0,0.0,23.0,50.0,50.0,50.0,50.0,50.0,2.32252,50.0,57.2,11299.159444444444,40676974.0,0.0,0.0,5.20277777777778,4.16222222222222,3.90208333333333,25036.1,24773.0,18453.8,17865.9,1280.0,0.0,0.0,0.0,750.0,2401.0,3.9,3.0,3.9,17.0,0.0,11299.1594444444,0.0,69.0,123.8,43.7,50.0,88.7,81.5,64.4,49.1,3.769999999999982,99.0,13.977,745.2,50.25,14.278,0.0,0.0,0.0,0.0,0.0,0.0,0.0,0.0,0.0,0.0,0.0,746.1,0.7000000000000001,3.0,0.0,0.0,0.0,908.0,2857.0,0.0,53.6,1.0,0.0,825.6,0.0,0.0,0.7000000000000001,13.0,0.0,41.0,0.0,51.8,51.8,350.0,825.6,-50.0,0.0,0.0,0.0,0.0,400.0,0.0,0.0,0.0,0.0,0.0,0.0,70.0,749.3000000000001,4.445,0.0,13.960497,0.0,0.0,0.0,28.388993279249185,0.0210693262208178,0.0208607190305127,0.0,0.0011757684598677,,2.32252,0.0,0.0,9.000000000000002,10.0,9.000000000000002,10.0,51.0,18.000000000000004,65.0,9.5,12.5,20.0,14.000000000000002,15.0,0.0,0.0,0.0,115.22332955291098,46.48000000000002
181.0,13.6,2.1,749.3,0.0,0.0,0.0,23.0,50.0,50.0,50.0,50.0,50.0,1.57353,50.0,57.2,11299.159722222224,40676975.0,0.0,0.0,5.20347222222222,4.16277777777778,3.90260416666667,25036.1,24773.0,18453.8,17865.9,1280.0,0.0,0.0,0.0,749.0,2401.0,3.9,182.0,3.9,17.0,0.0,11299.1597222222,0.0,69.0,125.6,,,,,,,,,,,,,0.0,0.0,0.0,0.0,0.0,0.0,0.0,0.0,0.0,0.0,0.0,746.8000000000001,,,0.0,0.0,0.0,908.0,2857.0,0.0,53.6,1.0,0.0,825.6,0.0,0.0,0.7000000000000001,13.0,0.0,41.0,0.0,51.8,51.8,350.0,825.6,-50.0,0.0,0.0,0.0,0.0,400.0,0.0,0.0,0.0,0.0,0.0,0.0,70.0,749.3000000000001,4.44,0.0,13.960497,,0.0,,,0.0218890761935204,0.0216723526668519,0.0,0.0008116336363391,,1.57353,0.0,,9.000000000000002,10.0,9.000000000000002,10.0,52.0,,66.0,,,,14.000000000000002,15.0,0.0,,,,
182.0,13.6,2.1,749.3,0.0,0.0,0.0,23.0,50.0,50.0,50.0,50.0,50.0,1.57353,50.0,57.2,11299.159722222224,40676975.0,0.0,0.0,5.20347222222222,4.16277777777778,3.90260416666667,25036.1,24773.0,18453.8,17865.9,1280.0,0.0,0.0,0.0,749.0,2401.0,3.9,182.0,3.9,17.0,0.0,11299.1597222222,0.0,69.0,125.6,,,,,,,2.569999999999993,99.0,13.975,746.1,45.96,14.26,0.0,0.0,0.0,0.0,0.0,0.0,0.0,0.0,0.0,0.0,0.0,746.8000000000001,0.4,3.0,0.0,0.0,0.0,908.0,2857.0,0.0,53.6,1.0,0.0,825.6,0.0,0.0,0.7000000000000001,13.0,0.0,41.0,0.0,51.8,51.8,350.0,825.6,-50.0,0.0,0.0,0.0,0.0,400.0,0.0,0.0,0.0,0.0,0.0,0.0,70.0,749.3000000000001,4.44,0.0,13.9687981,,0.0,,,0.0218890761935204,0.0216723526668519,0.0,0.0008116336363391,,1.57353,0.0,,9.000000000000002,10.0,9.000000000000002,10.0,52.0,,66.0,,12.5,20.0,14.000000000000002,15.0,0.0,,,,43.39000000000001
183.0,13.6,2.0,749.3,0.0,0.0,0.0,23.0,50.0,50.0,50.0,50.0,50.0,1.4986,50.0,57.2,11299.160555555556,40676978.0,0.0,0.0,5.20347222222222,4.16277777777778,3.90260416666667,25036.1,24773.0,18453.8,17865.9,1280.0,0.0,0.0,0.0,749.0,2401.0,3.9,2.0,3.9,17.0,0.0,11299.1605555556,0.0,69.0,125.6,,,,,,,2.569999999999993,99.0,13.975,746.1,45.96,14.26,0.0,0.0,0.0,0.0,0.0,0.0,0.0,0.0,0.0,0.0,0.0,745.6,0.4,3.0,0.0,0.0,0.0,908.0,2857.0,0.0,53.6,1.0,0.0,825.6,0.0,0.0,0.7000000000000001,13.0,0.0,41.0,0.0,51.8,51.8,350.0,825.6,-50.0,0.0,0.0,0.0,0.0,400.0,0.0,0.0,0.0,0.0,0.0,0.0,70.0,749.3000000000001,4.442,0.0,13.9687981,,0.0,,,0.0228597576469692,0.0226334234128408,0.0,0.0009610707459888,,1.4986,0.0,,9.000000000000002,10.0,9.000000000000002,10.0,52.0,,66.0,,12.5,20.0,14.000000000000002,15.0,0.0,,,,43.39000000000001
184.0,13.6,2.0,749.3,0.0,0.0,0.0,23.0,50.0,50.0,50.0,50.0,50.0,1.4986,50.0,57.2,11299.160555555556,40676978.0,0.0,0.0,5.20347222222222,4.16277777777778,3.90260416666667,25036.1,24773.0,18453.8,17865.9,1280.0,0.0,0.0,0.0,749.0,2401.0,3.9,2.0,3.9,17.0,0.0,11299.1605555556,0.0,69.0,125.6,,,,,,,2.569999999999993,99.0,13.975,746.1,45.96,14.26,0.0,0.0,0.0,0.0,0.0,0.0,0.0,0.0,0.0,0.0,0.0,745.6,0.4,3.0,0.0,0.0,0.0,908.0,2857.0,0.0,53.6,1.0,0.0,825.6,0.0,0.0,0.7000000000000001,13.0,0.0,41.0,0.0,51.8,51.8,350.0,825.6,-50.0,0.0,0.0,0.0,0.0,400.0,0.0,0.0,0.0,0.0,0.0,0.0,70.0,749.3000000000001,4.442,0.0,13.9687981,,0.0,,,0.0228597576469692,0.0226334234128408,0.0,0.0009610707459888,,1.4986,0.0,,9.000000000000002,10.0,9.000000000000002,10.0,52.0,,66.0,,12.5,20.0,14.000000000000002,15.0,0.0,,,,43.39000000000001
185.0,13.5,2.0,749.3,0.0,0.0,0.0,23.0,50.0,50.0,50.0,50.0,50.0,1.4986,50.0,57.2,11299.16111111111,40676980.0,0.0,0.0,5.20347222222222,4.16277777777778,3.90260416666667,25036.1,24773.0,18453.8,17865.9,1280.0,0.0,0.0,0.0,749.0,2401.0,3.9,135.0,3.9,17.0,0.0,11299.1611111111,0.0,69.0,126.5,,,,,,,2.569999999999993,99.0,13.975,746.1,45.96,14.26,0.0,0.0,0.0,0.0,0.0,0.0,0.0,0.0,0.0,0.0,0.0,745.9000000000001,0.4,3.0,0.0,0.0,0.0,908.0,2857.0,0.0,53.6,1.0,0.0,825.6,0.0,0.0,0.7000000000000001,13.0,0.0,41.0,0.0,51.8,51.8,350.0,825.6,-50.0,0.0,0.0,0.0,0.0,400.0,0.0,0.0,0.0,0.0,0.0,0.0,70.0,749.3000000000001,4.44,0.0,13.9687981,,0.0,,,0.0236330869103716,0.023399095950863,,0.0007656725380222,,1.4986,0.0,,9.000000000000002,10.0,9.000000000000002,10.0,52.5,,68.0,,12.5,20.0,14.000000000000002,14.000000000000002,0.0,,,,43.39000000000001
186.0,13.5,2.0,749.3,0.0,0.0,0.0,23.0,50.0,50.0,50.0,50.0,50.0,1.4986,50.0,57.2,11299.16111111111,40676980.0,0.0,0.0,5.20347222222222,4.16277777777778,3.90260416666667,25036.1,24773.0,18453.8,17865.9,1280.0,0.0,0.0,0.0,749.0,2401.0,3.9,135.0,3.9,17.0,0.0,11299.1611111111,0.0,69.0,126.5,,,,,,,2.009999999999991,99.0,13.973,745.6,46.37,14.253,0.0,0.0,0.0,0.0,0.0,0.0,0.0,0.0,0.0,0.0,0.0,745.9000000000001,0.2,3.0,0.0,0.0,0.0,908.0,2857.0,0.0,53.6,1.0,0.0,825.6,0.0,0.0,0.7000000000000001,13.0,0.0,41.0,0.0,51.8,51.8,350.0,825.6,-50.0,0.0,0.0,0.0,0.0,400.0,0.0,0.0,0.0,0.0,0.0,0.0,70.0,749.3000000000001,4.44,0.0,13.960497,,0.0,,,0.0236330869103716,0.023399095950863,,0.0007656725380222,,1.4986,0.0,,9.000000000000002,10.0,9.000000000000002,10.0,52.5,,68.0,,12.5,21.000000000000007,14.000000000000002,14.000000000000002,0.0,,,,44.36000000000001
187.0,13.6,2.0,749.3,0.0,0.0,0.0,23.0,50.0,50.0,50.0,50.0,50.0,1.4986,50.0,57.2,11299.161666666669,40676982.0,0.0,0.0,5.20347222222222,4.16277777777778,3.90260416666667,25036.1,24773.0,18453.8,17865.9,1280.0,0.0,0.0,0.0,749.0,2401.0,3.9,2.0,3.9,17.0,0.0,11299.1616666667,0.0,69.0,126.5,,,,,,,2.009999999999991,99.0,13.973,745.6,46.37,14.253,0.0,0.0,0.0,0.0,0.0,0.0,0.0,0.0,0.0,0.0,0.0,745.7,0.2,3.0,0.0,0.0,0.0,908.0,2857.0,0.0,53.6,1.0,0.0,825.6,0.0,0.0,0.7000000000000001,13.0,0.0,41.0,0.0,51.8,51.8,350.0,825.6,-50.0,0.0,0.0,0.0,0.0,400.0,0.0,0.0,0.0,0.0,0.0,0.0,70.0,748.1,4.439,0.0,13.960497,,0.0,,,0.0245077466782007,0.0242650957209908,,0.0008659997701277,,1.4986,0.0,,9.000000000000002,10.0,9.000000000000002,10.0,52.5,,68.0,,12.5,21.000000000000007,14.000000000000002,14.000000000000002,0.0,,,,44.36000000000001
188.0,13.6,2.0,749.3,0.0,0.0,0.0,23.0,50.0,50.0,50.0,50.0,50.0,1.4986,50.0,57.2,11299.161666666669,40676982.0,0.0,0.0,5.20347222222222,4.16277777777778,3.90260416666667,25036.1,24773.0,18453.8,17865.9,1280.0,0.0,0.0,0.0,749.0,2401.0,3.9,2.0,3.9,17.0,0.0,11299.1616666667,0.0,69.0,127.4,42.8,50.0,93.2,82.4,64.4,49.1,1.840000000000032,99.0,13.972,745.3000000000001,49.35,14.259,0.0,0.0,0.0,0.0,0.0,0.0,0.0,0.0,0.0,0.0,0.0,745.7,0.6000000000000001,3.0,0.0,0.0,0.0,908.0,2857.0,0.0,53.6,1.0,0.0,825.6,0.0,0.0,0.7000000000000001,13.0,0.0,41.0,0.0,51.8,51.8,350.0,825.6,-50.0,0.0,0.0,0.0,0.0,400.0,0.0,0.0,0.0,0.0,0.0,0.0,70.0,748.1,4.439,0.0,13.9595204,0.0,0.0,0.0,28.388993279249185,0.0245077466782007,0.0242650957209908,,0.0008659997701277,,1.4986,0.0,0.0,9.000000000000002,10.0,9.000000000000002,10.0,53.0,18.000000000000004,68.0,9.5,12.5,21.000000000000007,14.000000000000002,14.000000000000002,0.0,0.0,0.0,115.22332955291098,47.50999999999997
189.0,13.6,2.0,749.3,0.0,0.0,0.0,23.0,50.0,50.0,50.0,50.0,50.0,1.4986,50.0,57.2,11299.161666666669,40676982.0,0.0,0.0,5.20347222222222,4.16277777777778,3.90260416666667,25036.1,24773.0,18453.8,17865.9,1280.0,0.0,0.0,0.0,749.0,2401.0,3.9,2.0,3.9,17.0,0.0,11299.1616666667,0.0,69.0,127.4,42.8,50.0,93.2,82.4,64.4,49.1,1.840000000000032,99.0,13.972,745.3000000000001,49.35,14.259,0.0,0.0,0.0,0.0,0.0,0.0,0.0,0.0,0.0,0.0,0.0,746.6,0.6000000000000001,3.0,0.0,0.0,0.0,908.0,2857.0,0.0,53.6,1.0,0.0,825.6,0.0,0.0,0.7000000000000001,13.0,0.0,41.0,0.0,51.8,51.8,350.0,825.6,-50.0,0.0,0.0,0.0,0.0,400.0,0.0,0.0,0.0,0.0,0.0,0.0,70.0,749.3000000000001,4.439,0.0,13.9595204,0.0,0.0,0.0,28.388993279249185,0.0245077466782007,0.0242650957209908,,0.0008659997701277,,1.4986,0.0,0.0,9.000000000000002,10.0,9.000000000000002,10.0,53.0,18.000000000000004,68.0,9.5,12.5,21.000000000000007,14.000000000000002,14.000000000000002,0.0,0.0,0.0,115.22332955291098,47.50999999999997
190.0,13.6,3.3,749.2,0.0,0.0,0.0,23.0,50.0,50.0,50.0,50.0,50.0,2.47236,50.0,57.2,11299.16222222222,40676984.0,0.0,0.0,5.20277777777778,4.16222222222222,3.90208333333333,25036.1,24773.0,18453.8,17865.9,1280.0,0.0,0.0,0.0,749.0,2401.0,3.9,140.0,3.88,17.0,0.0,11299.1622222222,0.0,69.0,127.4,41.9,50.0,94.1,83.30000000000001,64.4,49.1,1.840000000000032,99.0,13.972,745.3000000000001,49.35,14.259,0.0,0.0,0.0,0.0,0.0,0.0,0.0,0.0,0.0,0.0,0.0,746.6,0.4,3.0,0.0,0.0,0.0,908.0,2857.0,0.0,53.6,1.0,0.0,825.6,0.0,0.0,0.7000000000000001,13.0,0.0,41.0,0.0,51.8,51.8,350.0,825.6,-50.0,0.0,0.0,0.0,0.0,400.0,0.0,0.0,0.0,0.0,0.0,0.0,70.0,749.3000000000001,4.439,0.0,13.9595204,0.0,0.0,0.0,28.388993279249185,0.0260306155160497,0.0257728866495541,0.0,0.0015077909285633,,2.47236,0.0,0.0,9.000000000000002,10.0,9.000000000000002,10.0,53.0,18.000000000000004,69.0,9.5,12.5,21.000000000000007,14.000000000000002,14.000000000000002,0.0,0.0,0.0,115.22332955291098,47.50999999999997
191.0,13.6,2.8,749.3,0.0,0.0,0.0,23.0,50.0,50.0,50.0,50.0,50.0,2.09804,50.0,57.2,11299.162777777778,40676986.0,0.0,0.0,5.20347222222222,4.16277777777778,3.90260416666667,25036.1,24773.0,18453.8,17865.9,1280.0,0.0,0.0,0.0,749.0,2399.0,3.9,3.0,3.9,17.0,0.0,11299.1627777778,0.0,69.0,127.4,41.9,50.0,94.1,83.30000000000001,64.4,49.1,1.840000000000032,99.0,13.972,745.3000000000001,49.35,14.259,0.0,0.0,0.0,0.0,0.0,0.0,0.0,0.0,0.0,0.0,0.0,745.9000000000001,0.4,3.0,0.0,0.0,0.0,908.0,2857.0,0.0,53.6,1.0,0.0,825.6,0.0,0.0,0.7000000000000001,13.0,0.0,41.0,0.0,51.8,51.8,350.0,825.6,-50.0,0.0,0.0,0.0,0.0,400.0,0.0,0.0,0.0,0.0,0.0,0.0,70.0,749.3000000000001,4.441,0.0,13.9595204,0.0,0.0,0.0,28.388993279249185,0.0271477741957868,0.0268789843522641,0.0,0.00110609770271,,2.09804,0.0,0.0,9.000000000000002,10.0,9.000000000000002,10.0,53.0,18.000000000000004,69.0,9.5,12.5,21.000000000000007,14.000000000000002,14.000000000000002,0.0,0.0,0.0,115.22332955291098,47.50999999999997
192.0,13.6,2.8,749.3,0.0,0.0,0.0,23.0,50.0,50.0,50.0,50.0,50.0,2.09804,50.0,57.2,11299.162777777778,40676986.0,0.0,0.0,5.20347222222222,4.16277777777778,3.90260416666667,25036.1,24773.0,18453.8,17865.9,1280.0,0.0,0.0,0.0,749.0,2399.0,3.9,3.0,3.9,17.0,0.0,11299.1627777778,0.0,69.0,128.3,41.9,50.0,94.1,83.30000000000001,64.4,49.1,1.5400000000000205,99.0,13.971,745.1,44.21,14.247,0.0,0.0,0.0,0.0,0.0,0.0,0.0,0.0,0.0,0.0,0.0,745.9000000000001,0.6000000000000001,3.0,0.0,0.0,0.0,908.0,2857.0,0.0,53.6,1.0,0.0,825.6,0.0,0.0,0.7000000000000001,13.0,0.0,41.0,0.0,51.8,51.8,350.0,825.6,-50.0,0.0,0.0,0.0,0.0,400.0,0.0,0.0,0.0,0.0,0.0,0.0,70.0,749.3000000000001,4.441,0.0,13.9595204,0.0,0.0,0.0,28.388993279249185,0.0271477741957868,0.0268789843522641,0.0,0.00110609770271,,2.09804,0.0,0.0,9.000000000000002,10.0,9.000000000000002,10.0,53.50000000000001,18.000000000000004,69.0,9.5,12.5,21.000000000000007,14.000000000000002,14.000000000000002,0.0,0.0,0.0,115.22332955291098,42.66999999999998
193.0,13.6,2.8,749.3,0.0,0.0,0.0,23.0,50.0,50.0,50.0,50.0,50.0,2.09804,50.0,57.2,11299.162777777778,40676986.0,0.0,0.0,5.20347222222222,4.16277777777778,3.90260416666667,25036.1,24773.0,18453.8,17865.9,1280.0,0.0,0.0,0.0,749.0,2399.0,3.9,3.0,3.9,17.0,0.0,11299.1627777778,0.0,69.0,128.3,41.9,50.0,94.1,83.30000000000001,64.4,49.1,1.5400000000000205,99.0,13.971,745.1,44.21,14.247,0.0,0.0,0.0,0.0,0.0,0.0,0.0,0.0,0.0,0.0,0.0,745.6,0.6000000000000001,3.0,0.0,0.0,0.0,908.0,2857.0,0.0,53.6,1.0,0.0,825.6,0.0,0.0,0.7000000000000001,13.0,0.0,41.0,0.0,51.8,51.8,350.0,825.6,-50.0,0.0,0.0,0.0,0.0,400.0,0.0,0.0,0.0,0.0,0.0,0.0,70.0,749.3000000000001,4.44,0.0,13.9595204,0.0,0.0,0.0,28.388993279249185,0.0271477741957868,0.0268789843522641,0.0,0.00110609770271,,2.09804,0.0,0.0,9.000000000000002,10.0,9.000000000000002,10.0,53.50000000000001,18.000000000000004,69.0,9.5,12.5,21.000000000000007,14.000000000000002,14.000000000000002,0.0,0.0,0.0,115.22332955291098,42.66999999999998
194.0,13.6,2.0,749.3,0.0,0.0,0.0,23.0,50.0,50.0,50.0,50.0,50.0,1.4986,50.0,57.2,11299.163333333334,40676988.0,0.0,0.0,5.20347222222222,4.16277777777778,3.90260416666667,25036.1,24773.0,18453.8,17865.9,1280.0,0.0,0.0,0.0,749.0,2399.0,3.9,3.0,3.9,17.0,0.0,11299.1633333333,0.0,69.0,128.3,41.9,50.0,95.9,83.30000000000001,64.4,49.1,1.410000000000025,99.0,13.97,745.3000000000001,44.98,14.248,0.0,0.0,0.0,0.0,0.0,0.0,0.0,0.0,0.0,0.0,0.0,745.6,0.6000000000000001,3.0,0.0,0.0,0.0,908.0,2857.0,0.0,53.6,1.0,0.0,825.6,0.0,0.0,0.7000000000000001,13.0,0.0,41.0,0.0,51.8,51.8,350.0,825.6,-50.0,0.0,0.0,0.0,0.0,400.0,0.0,0.0,0.0,0.0,0.0,0.0,70.0,749.3000000000001,4.44,0.0,13.9595204,0.0,0.0,0.0,28.388993279249185,0.0281135982994972,0.0278352458410863,0.0,0.0009562614888222,,1.4986,0.0,0.0,9.000000000000002,10.0,9.000000000000002,10.0,53.50000000000001,18.000000000000004,69.0,9.5,12.5,21.000000000000007,14.000000000000002,14.000000000000002,0.0,0.0,0.0,115.22332955291098,43.56999999999997
195.0,13.6,2.0,749.3,0.0,0.0,0.0,23.0,50.0,50.0,50.0,50.0,50.0,1.4986,50.0,57.2,11299.163333333334,40676988.0,0.0,0.0,5.20347222222222,4.16277777777778,3.90260416666667,25036.1,24773.0,18453.8,17865.9,1280.0,0.0,0.0,0.0,749.0,2399.0,3.9,3.0,3.9,17.0,0.0,11299.1633333333,0.0,69.0,128.3,41.9,50.0,95.9,83.30000000000001,64.4,49.1,1.410000000000025,99.0,13.97,745.3000000000001,44.98,14.248,0.0,0.0,0.0,0.0,0.0,0.0,0.0,0.0,0.0,0.0,0.0,745.6,0.4,3.0,0.0,0.0,0.0,908.0,2857.0,0.0,53.6,1.0,0.0,825.6,0.0,0.0,0.7000000000000001,13.0,0.0,41.0,0.0,51.8,51.8,350.0,825.6,-50.0,0.0,0.0,0.0,0.0,400.0,0.0,0.0,0.0,0.0,0.0,0.0,70.0,749.3000000000001,4.441,0.0,13.9497544,0.0,0.0,0.0,28.388993279249185,0.0281135982994972,0.0278352458410863,0.0,0.0009562614888222,,1.4986,0.0,0.0,9.000000000000002,10.0,9.000000000000002,10.0,53.50000000000001,18.000000000000004,69.0,9.5,12.5,21.000000000000007,14.000000000000002,14.000000000000002,0.0,0.0,0.0,115.22332955291098,43.56999999999997
196.0,13.5,2.0,749.3,0.0,0.0,0.0,23.0,50.0,50.0,50.0,50.0,50.0,1.4986,50.0,57.2,11299.163888888888,40676990.0,0.0,0.0,5.20347222222222,4.16277777777778,3.90260416666667,25036.1,24773.0,18453.8,17865.9,1280.0,0.0,0.0,0.0,749.0,2399.0,3.9,186.0,3.9,17.0,0.0,11299.1638888889,0.0,69.0,129.2,41.9,50.0,96.8,84.2,65.30000000000001,49.1,1.1800000000000068,99.0,13.967,745.1,49.49,14.247,0.0,0.0,0.0,0.0,0.0,0.0,0.0,0.0,0.0,0.0,0.0,745.6,0.4,3.0,0.0,0.0,0.0,908.0,2857.0,0.0,53.6,1.0,0.0,825.6,0.0,0.0,0.7000000000000001,13.0,0.0,41.0,0.0,51.8,51.8,350.0,825.6,-50.0,0.0,0.0,0.0,0.0,400.0,0.0,0.0,0.0,0.0,0.0,0.0,70.0,749.3000000000001,4.441,0.0,13.9497544,0.0,0.0,0.0,28.388993279249185,0.0290671586146867,0.0287793649650363,0.0,0.0009441191239499,,1.4986,0.0,0.0,9.000000000000002,10.0,9.000000000000002,10.0,53.99999999999999,18.500000000000007,70.0,9.5,12.5,21.000000000000007,14.000000000000002,14.000000000000002,0.0,0.0,0.0,115.22332955291098,48.309999999999995
197.0,13.5,2.0,749.3,0.0,0.0,0.0,23.0,50.0,50.0,50.0,50.0,50.0,1.4986,50.0,57.2,11299.163888888888,40676990.0,0.0,0.0,5.20347222222222,4.16277777777778,3.90260416666667,25036.1,24773.0,18453.8,17865.9,1280.0,0.0,0.0,0.0,749.0,2399.0,3.9,186.0,3.9,17.0,0.0,11299.1638888889,0.0,69.0,129.2,41.9,50.0,96.8,84.2,65.30000000000001,49.1,1.1800000000000068,99.0,13.967,745.1,49.49,14.247,0.0,0.0,0.0,0.0,0.0,0.0,0.0,0.0,0.0,0.0,0.0,745.6,0.6000000000000001,3.0,0.0,0.0,0.0,908.0,2857.0,0.0,53.6,1.0,0.0,825.6,0.0,0.0,0.7000000000000001,13.0,0.0,41.0,0.0,51.8,51.8,350.0,825.6,-50.0,0.0,0.0,0.0,0.0,400.0,0.0,0.0,0.0,0.0,0.0,0.0,70.0,749.3000000000001,4.444,0.0,13.9590321,0.0,0.0,0.0,28.388993279249185,0.0290671586146867,0.0287793649650363,0.0,0.0009441191239499,,1.4986,0.0,0.0,9.000000000000002,10.0,9.000000000000002,10.0,53.99999999999999,18.500000000000007,70.0,9.5,12.5,21.000000000000007,14.000000000000002,14.000000000000002,0.0,0.0,0.0,115.22332955291098,48.309999999999995
198.0,13.6,2.0,749.3,0.0,0.0,0.0,23.0,50.0,50.0,50.0,50.0,50.0,1.4986,50.0,57.2,11299.164444444445,40676992.0,0.0,0.0,5.20347222222222,4.16277777777778,3.90260416666667,25036.1,24773.0,18453.8,17865.9,1280.0,0.0,0.0,0.0,749.0,2399.0,3.9,182.0,3.9,17.0,0.0,11299.1644444444,0.0,69.0,129.2,41.9,50.0,97.7,84.2,65.30000000000001,49.1,1.2099999999999795,99.0,13.967,745.9000000000001,46.05,14.241,0.0,0.0,0.0,0.0,0.0,0.0,0.0,0.0,0.0,0.0,0.0,746.3000000000001,0.6000000000000001,3.0,0.0,0.0,0.0,908.0,2857.0,0.0,53.6,1.0,0.0,825.6,0.0,0.0,0.7000000000000001,13.0,0.0,41.0,0.0,51.8,51.8,350.0,825.6,-50.0,0.0,0.0,0.0,0.0,400.0,0.0,0.0,0.0,0.0,0.0,0.0,70.0,749.3000000000001,4.444,0.0,13.9590321,0.0,0.0,0.0,28.388993279249185,0.0299017868918115,0.029605729595853,0.0,0.0008263646308166,,1.4986,0.0,0.0,9.000000000000002,10.0,9.000000000000002,10.0,53.99999999999999,18.500000000000007,70.0,9.5,12.5,21.000000000000007,14.000000000000002,14.000000000000002,0.0,0.0,0.0,115.22332955291098,44.84000000000002
199.0,13.6,2.0,749.3,0.0,0.0,0.0,23.0,50.0,50.0,50.0,50.0,50.0,1.4986,50.0,57.2,11299.164444444445,40676992.0,0.0,0.0,5.20347222222222,4.16277777777778,3.90260416666667,25036.1,24773.0,18453.8,17865.9,1280.0,0.0,0.0,0.0,749.0,2399.0,3.9,182.0,3.9,17.0,0.0,11299.1644444444,0.0,69.0,129.2,41.9,50.0,97.7,84.2,65.30000000000001,49.1,1.2099999999999795,99.0,13.967,745.9000000000001,46.05,14.241,0.0,0.0,0.0,0.0,0.0,0.0,0.0,0.0,0.0,0.0,0.0,746.3000000000001,0.2,3.0,0.0,0.0,0.0,908.0,2857.0,0.0,53.6,1.0,0.0,825.6,0.0,0.0,0.7000000000000001,13.0,0.0,41.0,0.0,51.8,51.8,350.0,825.6,-50.0,0.0,0.0,0.0,0.0,400.0,0.0,0.0,0.0,0.0,0.0,0.0,70.0,749.3000000000001,4.441,0.0,13.9419416,0.0,0.0,0.0,28.388993279249185,0.0299017868918115,0.029605729595853,0.0,0.0008263646308166,,1.4986,0.0,0.0,9.000000000000002,10.0,9.000000000000002,10.0,53.99999999999999,18.500000000000007,70.0,9.5,12.5,21.000000000000007,14.000000000000002,14.000000000000002,0.0,0.0,0.0,115.22332955291098,44.84000000000002
200.0,13.5,2.1,749.3,0.0,0.0,0.0,23.0,50.0,50.0,50.0,50.0,50.0,1.57353,50.0,57.2,11299.165,40676994.0,0.0,0.0,5.20347222222222,4.16277777777778,3.90260416666667,25036.1,24773.0,18453.8,17865.9,1280.0,0.0,0.0,0.0,749.0,2400.0,3.9,3.0,3.88,17.0,0.0,11299.165,0.0,69.0,129.2,41.9,50.0,98.6,84.2,65.30000000000001,49.1,1.1800000000000068,99.0,13.967,745.4000000000001,44.82,14.246,0.0,0.0,0.0,0.0,0.0,0.0,0.0,0.0,0.0,0.0,0.0,746.6,0.2,3.0,0.0,0.0,0.0,908.0,2857.0,0.0,53.6,1.0,0.0,825.6,0.0,0.0,0.7000000000000001,13.0,0.0,41.0,0.0,51.8,51.8,350.0,825.6,-50.0,0.0,0.0,0.0,0.0,400.0,0.0,0.0,0.0,0.0,0.0,0.0,70.0,749.3000000000001,4.441,0.0,13.9419416,0.0,0.0,0.0,28.388993279249185,0.0307757387575706,0.0304710284728422,0.0,0.0008652988769891,,1.57353,0.0,0.0,9.000000000000002,10.0,9.000000000000002,10.0,53.99999999999999,18.500000000000007,70.0,9.5,12.5,21.000000000000007,14.000000000000002,14.000000000000002,0.0,0.0,0.0,115.22332955291098,43.63999999999999
201.0,13.5,2.1,749.3,0.0,0.0,0.0,23.0,50.0,50.0,50.0,50.0,50.0,1.57353,50.0,57.2,11299.165,40676994.0,0.0,0.0,5.20347222222222,4.16277777777778,3.90260416666667,25036.1,24773.0,18453.8,17865.9,1280.0,0.0,0.0,0.0,749.0,2400.0,3.9,3.0,3.88,17.0,0.0,11299.165,0.0,69.0,129.2,41.9,50.0,98.6,84.2,65.30000000000001,49.1,1.1800000000000068,99.0,13.967,745.4000000000001,44.82,14.246,0.0,0.0,0.0,0.0,0.0,0.0,0.0,0.0,0.0,0.0,0.0,746.6,0.5,3.0,0.0,0.0,0.0,908.0,2857.0,0.0,53.6,1.0,0.0,825.6,0.0,0.0,0.7000000000000001,13.0,0.0,41.0,0.0,51.8,51.8,350.0,825.6,-50.0,0.0,0.0,0.0,0.0,400.0,0.0,0.0,0.0,0.0,0.0,0.0,70.0,749.3000000000001,4.441,0.0,13.950731,0.0,0.0,0.0,28.388993279249185,0.0307757387575706,0.0304710284728422,0.0,0.0008652988769891,,1.57353,0.0,0.0,9.000000000000002,10.0,9.000000000000002,10.0,53.99999999999999,18.500000000000007,70.0,9.5,12.5,21.000000000000007,14.000000000000002,14.000000000000002,0.0,0.0,0.0,115.22332955291098,43.63999999999999
202.0,13.6,2.0,749.2,0.0,0.0,0.0,23.0,50.0,50.0,50.0,50.0,50.0,1.4984,50.0,57.2,11299.165555555555,40676996.0,0.0,0.0,5.20277777777778,4.16222222222222,3.90208333333333,25036.1,24773.0,18453.8,17865.9,1280.0,0.0,0.0,0.0,749.0,2400.0,3.9,2.0,3.88,17.0,0.0,11299.1655555556,0.0,69.0,129.2,41.9,50.0,98.6,85.1,65.30000000000001,49.1,1.1800000000000068,99.0,13.967,745.4000000000001,44.82,14.246,0.0,0.0,0.0,0.0,0.0,0.0,0.0,0.0,0.0,0.0,0.0,745.0,0.5,3.0,0.0,0.0,0.0,908.0,2857.0,0.0,53.6,1.0,0.0,825.6,0.0,0.0,0.7000000000000001,13.0,0.0,41.0,0.0,51.8,51.8,350.0,825.6,-50.0,0.0,0.0,0.0,0.0,400.0,0.0,0.0,0.0,0.0,0.0,0.0,70.0,749.3000000000001,4.441,0.0,13.950731,0.0,0.0,0.0,28.388993279249185,0.0316516252597566,0.0313382428314422,0.0,0.0008672143586,,1.4984000000000002,0.0,0.0,9.000000000000002,10.0,9.000000000000002,10.0,53.99999999999999,18.500000000000007,71.0,9.5,12.5,21.000000000000007,14.000000000000002,14.000000000000002,0.0,0.0,0.0,115.22332955291098,43.63999999999999
203.0,13.6,2.0,749.2,0.0,0.0,0.0,23.0,50.0,50.0,50.0,50.0,50.0,1.4984,50.0,57.2,11299.165555555555,40676996.0,0.0,0.0,5.20277777777778,4.16222222222222,3.90208333333333,25036.1,24773.0,18453.8,17865.9,1280.0,0.0,0.0,0.0,749.0,2400.0,3.9,2.0,3.88,17.0,0.0,11299.1655555556,0.0,69.0,129.2,41.9,50.0,98.6,85.1,65.30000000000001,49.1,1.1299999999999957,99.0,13.968,745.2,49.33,14.245,0.0,0.0,0.0,0.0,0.0,0.0,0.0,0.0,0.0,0.0,0.0,745.0,0.3,3.0,0.0,0.0,0.0,908.0,2857.0,0.0,53.6,1.0,0.0,825.6,0.0,0.0,0.7000000000000001,13.0,0.0,41.0,0.0,51.8,51.8,350.0,825.6,-50.0,0.0,0.0,0.0,0.0,400.0,0.0,0.0,0.0,0.0,0.0,0.0,70.0,749.3000000000001,4.441,0.0,13.9517076,0.0,0.0,0.0,28.388993279249185,0.0316516252597566,0.0313382428314422,0.0,0.0008672143586,,1.4984000000000002,0.0,0.0,9.000000000000002,10.0,9.000000000000002,10.0,53.99999999999999,18.500000000000007,71.0,9.5,12.5,21.000000000000007,14.000000000000002,14.000000000000002,0.0,0.0,0.0,115.22332955291098,48.2
204.0,13.5,2.0,749.3,0.0,0.0,0.0,23.0,50.0,50.0,50.0,50.0,50.0,1.4986,50.0,57.2,11299.166111111112,40676998.0,0.0,0.0,5.20347222222222,4.16277777777778,3.90260416666667,25036.1,24773.0,18453.8,17865.9,1280.0,0.0,0.0,0.0,749.0,2400.0,3.9,3.0,3.88,17.0,0.0,11299.1661111111,0.0,69.0,129.2,41.9,50.0,98.6,85.1,65.30000000000001,49.1,1.1299999999999957,99.0,13.968,745.2,49.33,14.245,0.0,0.0,0.0,0.0,0.0,0.0,0.0,0.0,0.0,0.0,0.0,746.0,0.3,3.0,0.0,0.0,0.0,908.0,2857.0,0.0,53.6,1.0,0.0,825.6,0.0,0.0,0.7000000000000001,13.0,0.0,41.0,0.0,51.8,51.8,350.0,825.6,-50.0,0.0,0.0,0.0,0.0,400.0,0.0,0.0,0.0,0.0,0.0,0.0,70.0,749.3000000000001,4.44,0.0,13.9517076,0.0,0.0,0.0,28.388993279249185,0.03249929047354,0.0321775153203366,0.0,0.0008392724888944,,1.4986,0.0,0.0,9.000000000000002,10.0,9.000000000000002,10.0,53.99999999999999,18.500000000000007,71.0,9.5,12.5,21.000000000000007,14.000000000000002,14.000000000000002,0.0,0.0,0.0,115.22332955291098,48.2
205.0,13.5,2.0,749.3,0.0,0.0,0.0,23.0,50.0,50.0,50.0,50.0,50.0,1.4986,50.0,57.2,11299.166111111112,40676998.0,0.0,0.0,5.20347222222222,4.16277777777778,3.90260416666667,25036.1,24773.0,18453.8,17865.9,1280.0,0.0,0.0,0.0,749.0,2400.0,3.9,3.0,3.88,17.0,0.0,11299.1661111111,0.0,69.0,129.2,41.9,50.0,98.6,85.1,65.30000000000001,49.1,0.9599999999999796,99.0,13.967,745.2,44.96,14.241,0.0,0.0,0.0,0.0,0.0,0.0,0.0,0.0,0.0,0.0,0.0,746.0,0.4,3.0,0.0,0.0,0.0,908.0,2857.0,0.0,53.6,1.0,0.0,825.6,0.0,0.0,0.7000000000000001,13.0,0.0,41.0,0.0,51.8,51.8,350.0,825.6,-50.0,0.0,0.0,0.0,0.0,400.0,0.0,0.0,0.0,0.0,0.0,0.0,70.0,749.3000000000001,4.44,0.0,13.950731,0.0,0.0,0.0,28.388993279249185,0.03249929047354,0.0321775153203366,0.0,0.0008392724888944,,1.4986,0.0,0.0,9.000000000000002,10.0,9.000000000000002,10.0,53.99999999999999,18.500000000000007,71.0,9.5,12.5,21.000000000000007,14.000000000000002,14.000000000000002,0.0,0.0,0.0,115.22332955291098,44.00000000000002
206.0,13.5,3.7,749.2,0.0,0.0,0.0,23.0,50.0,50.0,50.0,50.0,50.0,2.77204,50.0,57.2,11299.166944444443,40677001.0,0.0,0.0,5.20277777777778,4.16222222222222,3.90208333333333,25036.1,24773.0,18453.8,17865.9,1280.0,0.0,0.0,0.0,749.0,2400.0,3.9,2.0,3.88,17.0,0.0,11299.1669444444,0.0,69.0,129.2,41.9,50.0,98.6,85.1,65.30000000000001,49.1,0.9599999999999796,99.0,13.967,745.2,44.96,14.241,0.0,0.0,0.0,0.0,0.0,0.0,0.0,0.0,0.0,0.0,0.0,745.9000000000001,0.4,3.0,0.0,0.0,0.0,908.0,2857.0,0.0,53.6,1.0,0.0,825.6,0.0,0.0,0.7000000000000001,13.0,0.0,41.0,0.0,51.8,51.8,350.0,825.6,-50.0,0.0,0.0,0.0,0.0,400.0,0.0,0.0,0.0,0.0,0.0,0.0,70.0,749.2,4.44,0.0,13.950731,0.0,0.0,0.0,28.388993279249185,0.0343403207538001,0.0340003175780199,0.0,0.0018228022576833,,2.7720400000000005,0.0,0.0,9.000000000000002,10.0,9.000000000000002,10.0,53.99999999999999,18.500000000000007,71.0,9.5,12.5,21.000000000000007,14.000000000000002,14.000000000000002,0.0,0.0,0.0,115.22332955291098,44.00000000000002
207.0,13.5,3.7,749.2,0.0,0.0,0.0,23.0,50.0,50.0,50.0,50.0,50.0,2.77204,50.0,57.2,11299.166944444443,40677001.0,0.0,0.0,5.20277777777778,4.16222222222222,3.90208333333333,25036.1,24773.0,18453.8,17865.9,1280.0,0.0,0.0,0.0,749.0,2400.0,3.9,2.0,3.88,17.0,0.0,11299.1669444444,0.0,69.0,,41.0,50.0,100.4,85.1,65.30000000000001,49.1,0.9300000000000068,99.0,13.967,745.9000000000001,45.78,14.248,0.0,0.0,0.0,0.0,0.0,0.0,0.0,0.0,0.0,0.0,0.0,745.9000000000001,0.6000000000000001,3.0,0.0,0.0,0.0,908.0,2857.0,0.0,53.6,1.0,0.0,825.6,0.0,0.0,0.7000000000000001,13.0,0.0,41.0,0.0,51.8,51.8,350.0,825.6,-50.0,0.0,0.0,0.0,0.0,400.0,0.0,0.0,0.0,0.0,0.0,0.0,70.0,749.2,4.44,0.0,13.950731,0.0,0.0,0.0,28.388993279249185,0.0343403207538001,0.0340003175780199,0.0,0.0018228022576833,,2.7720400000000005,0.0,0.0,9.000000000000002,10.0,9.000000000000002,10.0,,18.500000000000007,,9.5,12.5,21.000000000000007,14.000000000000002,14.000000000000002,0.0,0.0,0.0,115.22332955291098,44.849999999999994
208.0,13.5,3.6,749.2,0.0,0.0,0.0,23.0,50.0,50.0,50.0,50.0,50.0,2.69712,50.0,57.2,11299.1675,40677003.0,0.0,0.0,5.20277777777778,4.16222222222222,3.90208333333333,25036.1,24773.0,18453.8,17865.9,1280.0,0.0,0.0,0.0,749.0,2397.0,3.9,53.0,3.88,17.0,0.0,11299.1675,0.0,69.0,,41.0,50.0,100.4,85.1,65.30000000000001,49.1,0.9300000000000068,99.0,13.967,745.9000000000001,45.78,14.248,0.0,0.0,0.0,0.0,0.0,0.0,0.0,0.0,0.0,0.0,0.0,746.8000000000001,0.6000000000000001,3.0,0.0,0.0,0.0,908.0,2857.0,0.0,53.6,1.0,0.0,825.6,0.0,0.0,0.7000000000000001,13.0,0.0,41.0,0.0,51.8,51.8,350.0,825.6,-50.0,0.0,0.0,0.0,0.0,400.0,0.0,0.0,0.0,0.0,0.0,0.0,70.0,749.2,4.44,0.0,13.950731,0.0,0.0,0.0,28.388993279249185,0.0358269893643941,0.0354722666974199,0.0,0.0014719491194,,2.6971200000000004,0.0,0.0,9.000000000000002,10.0,9.000000000000002,10.0,,18.500000000000007,,9.5,12.5,21.000000000000007,14.000000000000002,14.000000000000002,0.0,0.0,0.0,115.22332955291098,44.849999999999994
209.0,13.5,3.6,749.2,0.0,0.0,0.0,23.0,50.0,50.0,50.0,50.0,50.0,2.69712,50.0,57.2,11299.1675,40677003.0,0.0,0.0,5.20277777777778,4.16222222222222,3.90208333333333,25036.1,24773.0,18453.8,17865.9,1280.0,0.0,0.0,0.0,749.0,2397.0,3.9,53.0,3.88,17.0,0.0,11299.1675,0.0,69.0,130.10000000000002,41.0,50.0,100.4,85.1,65.30000000000001,49.1,0.910000000000025,99.0,13.967,745.9000000000001,43.95,14.243,0.0,0.0,0.0,0.0,0.0,0.0,0.0,0.0,0.0,0.0,0.0,746.8000000000001,0.0,3.0,0.0,0.0,0.0,908.0,2857.0,0.0,53.6,1.0,0.0,825.6,0.0,0.0,0.7000000000000001,13.0,0.0,41.0,0.0,51.8,51.8,350.0,825.6,-50.0,0.0,0.0,0.0,0.0,400.0,0.0,0.0,0.0,0.0,0.0,0.0,70.0,749.2,4.44,0.0,13.950731,0.0,0.0,0.0,28.388993279249185,0.0358269893643941,0.0354722666974199,0.0,0.0014719491194,,2.6971200000000004,0.0,0.0,9.000000000000002,10.0,9.000000000000002,10.0,54.500000000000014,18.500000000000007,71.0,9.5,12.5,21.000000000000007,14.000000000000002,14.000000000000002,0.0,0.0,0.0,115.22332955291098,43.03999999999998
210.0,13.5,3.4,749.2,0.0,0.0,0.0,23.0,50.0,50.0,50.0,50.0,50.0,2.54728,50.0,57.2,11299.168055555556,40677005.0,0.0,0.0,5.20277777777778,4.16222222222222,3.90208333333333,25036.1,24773.0,18453.8,17865.9,1280.0,0.0,0.0,0.0,749.0,2397.0,3.9,7.0,3.88,17.0,0.0,11299.1680555556,0.0,69.0,130.10000000000002,41.0,50.0,100.4,85.1,65.30000000000001,49.1,0.910000000000025,99.0,13.967,745.9000000000001,43.95,14.243,0.0,0.0,0.0,0.0,0.0,0.0,0.0,0.0,0.0,0.0,0.0,745.7,0.0,3.0,0.0,0.0,0.0,908.0,2857.0,0.0,53.6,1.0,0.0,825.6,0.0,0.0,0.7000000000000001,13.0,0.0,41.0,0.0,51.8,51.8,350.0,825.6,-50.0,0.0,0.0,0.0,0.0,400.0,0.0,0.0,0.0,0.0,0.0,0.0,70.0,749.2,4.439,,,0.0,0.0,0.0,28.388993279249185,0.0372771110461722,0.0369080307387844,0.0,0.0014357640413644,,2.54728,0.0,0.0,9.000000000000002,10.0,9.000000000000002,10.0,54.500000000000014,18.500000000000007,71.0,9.5,12.5,21.000000000000007,14.000000000000002,14.000000000000002,,0.0,0.0,115.22332955291098,43.03999999999998
211.0,13.5,3.4,749.2,0.0,0.0,0.0,23.0,50.0,50.0,50.0,50.0,50.0,2.54728,50.0,57.2,11299.168055555556,40677005.0,0.0,0.0,5.20277777777778,4.16222222222222,3.90208333333333,25036.1,24773.0,18453.8,17865.9,1280.0,0.0,0.0,0.0,749.0,2397.0,3.9,7.0,3.88,17.0,0.0,11299.1680555556,0.0,69.0,130.10000000000002,41.0,50.0,102.2,86.0,65.30000000000001,49.1,0.8600000000000136,99.0,13.967,745.2,45.33,14.239,0.0,0.0,0.0,0.0,0.0,0.0,0.0,0.0,0.0,0.0,0.0,745.7,0.2,3.0,0.0,0.0,0.0,908.0,2857.0,0.0,53.6,1.0,0.0,825.6,0.0,0.0,0.7000000000000001,13.0,0.0,41.0,0.0,51.8,51.8,350.0,825.6,-50.0,0.0,0.0,0.0,0.0,400.0,0.0,0.0,0.0,0.0,0.0,0.0,70.0,749.2,4.439,,,0.0,0.0,0.0,28.388993279249185,0.0372771110461722,0.0369080307387844,0.0,0.0014357640413644,,2.54728,0.0,0.0,9.000000000000002,10.0,9.000000000000002,10.0,54.500000000000014,18.500000000000007,71.0,9.5,12.5,21.000000000000007,14.000000000000002,14.000000000000002,,0.0,0.0,115.22332955291098,44.469999999999985
212.0,13.5,3.4,749.2,0.0,0.0,0.0,23.0,50.0,50.0,50.0,50.0,50.0,2.54728,50.0,57.2,11299.168055555556,40677005.0,0.0,0.0,5.20277777777778,4.16222222222222,3.90208333333333,25036.1,24773.0,18453.8,17865.9,1280.0,0.0,0.0,0.0,749.0,2397.0,3.9,7.0,3.88,17.0,0.0,11299.1680555556,0.0,69.0,130.10000000000002,41.0,50.0,102.2,86.0,65.30000000000001,49.1,0.8600000000000136,99.0,13.967,745.2,45.33,14.239,0.0,0.0,0.0,0.0,0.0,0.0,0.0,0.0,0.0,0.0,0.0,746.0,0.2,3.0,0.0,0.0,0.0,908.0,2857.0,0.0,53.6,1.0,0.0,825.6,0.0,0.0,0.7000000000000001,13.0,0.0,41.0,0.0,51.8,51.8,350.0,825.6,-50.0,0.0,0.0,0.0,0.0,400.0,0.0,0.0,0.0,0.0,0.0,0.0,70.0,749.2,4.441,0.0,13.9404767,0.0,0.0,0.0,28.388993279249185,0.0372771110461722,0.0369080307387844,0.0,0.0014357640413644,,2.54728,0.0,0.0,9.000000000000002,10.0,9.000000000000002,10.0,54.500000000000014,18.500000000000007,71.0,9.5,12.5,21.000000000000007,14.000000000000002,14.000000000000002,0.0,0.0,0.0,115.22332955291098,44.469999999999985
213.0,13.5,2.0,749.2,0.0,0.0,0.0,23.0,50.0,50.0,50.0,50.0,50.0,1.4984,50.0,57.2,11299.16861111111,40677007.0,0.0,0.0,5.20277777777778,4.16222222222222,3.90208333333333,25036.1,24773.0,18453.8,17865.9,1280.0,0.0,0.0,0.0,749.0,2397.0,3.9,3.0,3.9,17.0,0.0,11299.1686111111,0.0,69.0,,41.0,50.0,103.1,86.0,65.30000000000001,49.1,0.6899999999999977,99.0,13.966,745.2,47.45,14.247,0.0,0.0,0.0,0.0,0.0,0.0,0.0,0.0,0.0,0.0,0.0,746.0,0.6000000000000001,3.0,0.0,0.0,0.0,908.0,2857.0,0.0,53.6,1.0,0.0,825.6,0.0,0.0,0.7000000000000001,13.0,0.0,41.0,0.0,51.8,51.8,350.0,825.6,-50.0,0.0,0.0,0.0,0.0,400.0,0.0,0.0,0.0,0.0,0.0,0.0,70.0,749.2,4.441,0.0,13.9404767,0.0,0.0,0.0,28.388993279249185,0.0382083017704469,0.0378300017529177,0.0,0.0009219710141333,,1.4984000000000002,0.0,0.0,9.000000000000002,10.0,9.000000000000002,10.0,,18.500000000000007,,9.5,12.5,21.000000000000007,14.000000000000002,14.000000000000002,0.0,0.0,0.0,115.22332955291098,46.760000000000005
214.0,13.5,2.0,749.2,0.0,0.0,0.0,23.0,50.0,50.0,50.0,50.0,50.0,1.4984,50.0,57.2,11299.16861111111,40677007.0,0.0,0.0,5.20277777777778,4.16222222222222,3.90208333333333,25036.1,24773.0,18453.8,17865.9,1280.0,0.0,0.0,0.0,749.0,2397.0,3.9,3.0,3.9,17.0,0.0,11299.1686111111,0.0,69.0,,41.0,50.0,103.1,86.0,65.30000000000001,49.1,0.6899999999999977,99.0,13.966,745.2,47.45,14.247,0.0,0.0,0.0,0.0,0.0,0.0,0.0,0.0,0.0,0.0,0.0,745.8000000000001,0.6000000000000001,3.0,0.0,0.0,0.0,908.0,2857.0,0.0,53.6,1.0,0.0,825.6,0.0,0.0,0.7000000000000001,13.0,0.0,41.0,0.0,51.8,51.8,350.0,825.6,-50.0,0.0,0.0,0.0,0.0,400.0,0.0,0.0,0.0,0.0,0.0,0.0,70.0,749.2,4.441,0.0,13.9404767,0.0,0.0,0.0,28.388993279249185,0.0382083017704469,0.0378300017529177,0.0,0.0009219710141333,,1.4984000000000002,0.0,0.0,9.000000000000002,10.0,9.000000000000002,10.0,,18.500000000000007,,9.5,12.5,21.000000000000007,14.000000000000002,14.000000000000002,0.0,0.0,0.0,115.22332955291098,46.760000000000005
215.0,13.6,2.1,749.2,0.0,0.0,0.0,23.0,50.0,50.0,50.0,50.0,50.0,1.57332,50.0,57.2,11299.169166666668,40677009.0,0.0,0.0,5.20277777777778,4.16222222222222,3.90208333333333,25036.1,24773.0,18453.8,17865.9,1280.0,0.0,0.0,0.0,749.0,2397.0,3.88,3.0,3.88,17.0,0.0,11299.1691666667,0.0,69.0,,41.0,50.0,103.1,86.0,65.30000000000001,49.1,0.6800000000000068,99.0,13.964,745.4000000000001,44.79,14.236,0.0,0.0,0.0,0.0,0.0,0.0,0.0,0.0,0.0,0.0,0.0,745.8000000000001,0.7000000000000001,3.0,0.0,0.0,0.0,908.0,2857.0,0.0,53.6,1.0,0.0,825.6,0.0,0.0,0.7000000000000001,13.0,0.0,41.0,0.0,51.8,51.8,350.0,825.6,-50.0,0.0,0.0,0.0,0.0,400.0,0.0,0.0,0.0,0.0,0.0,0.0,70.0,749.2,4.441,0.0,13.9414533,0.0,0.0,0.0,28.388993279249185,0.0390292325198218,0.038642804475071,0.0,0.0008128027221533,,1.5733200000000005,0.0,0.0,9.000000000000002,10.0,9.000000000000002,10.0,,18.500000000000007,,9.5,12.5,21.000000000000007,14.000000000000002,14.000000000000002,0.0,0.0,0.0,115.22332955291098,44.10999999999999
216.0,13.5,3.4,748.7,0.0,0.0,0.0,23.0,50.0,50.0,50.0,50.0,50.0,2.54558,50.0,57.2,11299.169722222225,40677011.0,0.0,0.0,5.19930555555556,4.15944444444444,3.89947916666667,25036.1,24773.0,18453.8,17865.9,1280.0,0.0,0.0,0.0,749.0,2397.0,3.9,70.0,3.88,17.0,0.0,11299.1697222222,0.0,69.0,,41.0,50.0,103.1,86.0,65.30000000000001,49.1,0.6800000000000068,99.0,13.964,745.4000000000001,44.79,14.236,0.0,0.0,0.0,0.0,0.0,0.0,0.0,0.0,0.0,0.0,0.0,746.5,0.7000000000000001,3.0,0.0,0.0,0.0,908.0,2857.0,0.0,53.6,1.0,0.0,825.6,0.0,0.0,0.7000000000000001,13.0,0.0,41.0,0.0,51.8,51.8,350.0,825.6,-50.0,0.0,0.0,0.0,0.0,400.0,0.0,0.0,0.0,0.0,0.0,0.0,70.0,749.2,4.44,0.0,13.9414533,0.0,0.0,0.0,28.388993279249185,0.0404200704017506,0.0400198716849016,0.0,0.0013770672098305,,2.5455799999999997,0.0,0.0,9.000000000000002,10.0,9.000000000000002,10.0,,18.500000000000007,,9.5,12.5,21.000000000000007,14.000000000000002,14.000000000000002,0.0,0.0,0.0,115.22332955291098,44.10999999999999
217.0,13.5,3.4,748.7,0.0,0.0,0.0,23.0,50.0,50.0,50.0,50.0,50.0,2.54558,50.0,57.2,11299.169722222225,40677011.0,0.0,0.0,5.19930555555556,4.15944444444444,3.89947916666667,25036.1,24773.0,18453.8,17865.9,1280.0,0.0,0.0,0.0,749.0,2397.0,3.9,70.0,3.88,17.0,0.0,11299.1697222222,0.0,69.0,,41.0,50.0,104.9,86.9,65.30000000000001,49.1,0.6899999999999977,99.0,13.965,746.3000000000001,44.22,14.241,0.0,0.0,0.0,0.0,0.0,0.0,0.0,0.0,0.0,0.0,0.0,746.5,0.4,3.0,0.0,0.0,0.0,908.0,2857.0,0.0,53.6,1.0,0.0,825.6,0.0,0.0,0.7000000000000001,13.0,0.0,41.0,0.0,51.8,51.8,350.0,825.6,-50.0,0.0,0.0,0.0,0.0,400.0,0.0,0.0,0.0,0.0,0.0,0.0,70.0,749.2,4.44,0.0,13.9414533,0.0,0.0,0.0,28.388993279249185,0.0404200704017506,0.0400198716849016,0.0,0.0013770672098305,,2.5455799999999997,0.0,0.0,9.000000000000002,10.0,9.000000000000002,10.0,,18.500000000000007,,9.5,12.5,21.000000000000007,14.000000000000002,14.000000000000002,0.0,0.0,0.0,115.22332955291098,43.53
218.0,13.5,3.4,748.7,0.0,0.0,0.0,23.0,50.0,50.0,50.0,50.0,50.0,2.54558,50.0,57.2,11299.169722222225,40677011.0,0.0,0.0,5.19930555555556,4.15944444444444,3.89947916666667,25036.1,24773.0,18453.8,17865.9,1280.0,0.0,0.0,0.0,749.0,2397.0,3.9,70.0,3.88,17.0,0.0,11299.1697222222,0.0,69.0,,41.0,50.0,104.9,86.9,65.30000000000001,49.1,0.6899999999999977,99.0,13.965,746.3000000000001,44.22,14.241,0.0,0.0,0.0,0.0,0.0,0.0,0.0,0.0,0.0,0.0,0.0,746.5,0.4,3.0,0.0,0.0,0.0,908.0,2857.0,0.0,53.6,1.0,0.0,825.6,0.0,0.0,0.7000000000000001,13.0,0.0,41.0,0.0,51.8,51.8,350.0,825.6,-50.0,0.0,0.0,0.0,0.0,400.0,0.0,0.0,0.0,0.0,0.0,0.0,70.0,749.2,4.441,0.0,13.9585438,0.0,0.0,0.0,28.388993279249185,0.0404200704017506,0.0400198716849016,0.0,0.0013770672098305,,2.5455799999999997,0.0,0.0,9.000000000000002,10.0,9.000000000000002,10.0,,18.500000000000007,,9.5,12.5,21.000000000000007,14.000000000000002,14.000000000000002,0.0,0.0,0.0,115.22332955291098,43.53
219.0,13.5,3.9,749.2,0.0,0.0,0.0,23.0,50.0,50.0,50.0,50.0,50.0,2.92188,50.0,57.2,11299.170277777775,40677013.0,0.0,0.0,5.20277777777778,4.16222222222222,3.90208333333333,25036.1,24773.0,18453.8,17865.9,1280.0,0.0,0.0,0.0,749.0,2396.0,3.9,3.0,3.88,17.0,0.0,11299.1702777778,0.0,69.0,,41.0,51.0,104.9,86.9,66.2,49.1,0.6899999999999977,99.0,13.965,746.3000000000001,44.22,14.241,0.0,0.0,0.0,0.0,0.0,0.0,0.0,0.0,0.0,0.0,0.0,745.9000000000001,0.4,3.0,0.0,0.0,0.0,908.0,2857.0,0.0,53.6,1.0,0.0,825.6,0.0,0.0,0.7000000000000001,13.0,0.0,41.0,0.0,51.8,51.8,350.0,825.6,-50.0,0.0,0.0,0.0,0.0,400.0,0.0,0.0,0.0,0.0,0.0,0.0,70.0,749.2,4.441,0.0,13.9585438,0.0,0.0,0.0,28.388993279249185,0.0423072684094127,0.0418883845637749,0.0,0.0018685128788733,,2.9218800000000003,0.0,0.0,9.000000000000002,10.0,9.000000000000002,10.0,,19.0,,9.5,12.5,21.000000000000007,14.000000000000002,14.000000000000002,0.0,0.0,0.0,115.22332955291098,43.53
220.0,13.5,3.9,749.2,0.0,0.0,0.0,23.0,50.0,50.0,50.0,50.0,50.0,2.92188,50.0,57.2,11299.170277777775,40677013.0,0.0,0.0,5.20277777777778,4.16222222222222,3.90208333333333,25036.1,24773.0,18453.8,17865.9,1280.0,0.0,0.0,0.0,749.0,2396.0,3.9,3.0,3.88,17.0,0.0,11299.1702777778,0.0,69.0,,41.0,51.0,104.9,86.9,66.2,49.1,0.6899999999999977,99.0,13.965,746.3000000000001,44.22,14.241,0.0,0.0,0.0,0.0,0.0,0.0,0.0,0.0,0.0,0.0,0.0,745.1,0.4,3.0,0.0,0.0,0.0,908.0,2857.0,0.0,53.6,1.0,0.0,825.6,0.0,0.0,0.7000000000000001,13.0,0.0,41.0,0.0,51.8,51.8,350.0,825.6,-50.0,0.0,0.0,0.0,0.0,400.0,0.0,0.0,0.0,0.0,0.0,0.0,70.0,749.2,4.441,0.0,13.9585438,0.0,0.0,0.0,28.388993279249185,0.0423072684094127,0.0418883845637749,0.0,0.0018685128788733,,2.9218800000000003,0.0,0.0,9.000000000000002,10.0,9.000000000000002,10.0,,19.0,,9.5,12.5,21.000000000000007,14.000000000000002,14.000000000000002,0.0,0.0,0.0,115.22332955291098,43.53
221.0,13.5,2.0,749.2,0.0,0.0,0.0,23.0,50.0,50.0,50.0,50.0,50.0,1.4984,50.0,57.2,11299.170833333334,40677015.0,0.0,0.0,5.20277777777778,4.16222222222222,3.90208333333333,25036.1,24773.0,18453.8,17865.9,1280.0,0.0,0.0,0.0,749.0,2396.0,3.9,52.0,3.88,17.0,0.0,11299.1708333333,0.0,69.0,131.0,41.0,51.0,105.8,87.80000000000001,66.2,49.1,0.6700000000000159,99.0,13.966,745.3000000000001,48.36,14.245,0.0,0.0,0.0,0.0,0.0,0.0,0.0,0.0,0.0,0.0,0.0,745.1,0.5,3.0,0.0,0.0,0.0,908.0,2857.0,0.0,53.6,1.0,0.0,825.6,0.0,0.0,0.7000000000000001,13.0,0.0,41.0,0.0,51.8,51.8,350.0,825.6,-50.0,0.0,0.0,0.0,0.0,400.0,0.0,0.0,0.0,0.0,0.0,0.0,70.0,749.2,4.441,0.0,13.9585438,0.0,0.0,0.0,28.388993279249185,0.0430978733270074,0.0426711617099083,0.0,0.0007827771461333,,1.4984000000000002,0.0,0.0,9.000000000000002,10.0,9.000000000000002,10.0,55.0,19.0,72.0,9.5,12.5,21.000000000000007,14.000000000000002,14.000000000000002,0.0,0.0,0.0,115.22332955291098,47.68999999999998
222.0,13.5,2.0,749.2,0.0,0.0,0.0,23.0,50.0,50.0,50.0,50.0,50.0,1.4984,50.0,57.2,11299.170833333334,40677015.0,0.0,0.0,5.20277777777778,4.16222222222222,3.90208333333333,25036.1,24773.0,18453.8,17865.9,1280.0,0.0,0.0,0.0,749.0,2396.0,3.9,52.0,3.88,17.0,0.0,11299.1708333333,0.0,69.0,131.0,41.0,51.0,105.8,87.80000000000001,66.2,49.1,0.6700000000000159,99.0,13.966,745.3000000000001,48.36,14.245,0.0,0.0,0.0,0.0,0.0,0.0,0.0,0.0,0.0,0.0,0.0,745.6,0.5,3.0,0.0,0.0,0.0,908.0,2857.0,0.0,53.6,1.0,0.0,825.6,0.0,0.0,0.7000000000000001,13.0,0.0,41.0,0.0,51.8,51.8,350.0,825.6,-50.0,0.0,0.0,0.0,0.0,400.0,0.0,0.0,0.0,0.0,0.0,0.0,70.0,749.2,4.44,,,0.0,0.0,0.0,28.388993279249185,0.0430978733270074,0.0426711617099083,0.0,0.0007827771461333,,1.4984000000000002,0.0,0.0,9.000000000000002,10.0,9.000000000000002,10.0,55.0,19.0,72.0,9.5,12.5,21.000000000000007,14.000000000000002,14.000000000000002,,0.0,0.0,115.22332955291098,47.68999999999998
223.0,13.5,2.0,749.2,0.0,0.0,0.0,23.0,50.0,50.0,50.0,50.0,50.0,1.4984,50.0,57.2,11299.171388888888,40677017.0,0.0,0.0,5.20277777777778,4.16222222222222,3.90208333333333,25036.1,24773.0,18453.8,17865.9,1280.0,0.0,0.0,0.0,749.0,2396.0,3.9,2.0,3.88,17.0,0.0,11299.1713888889,0.0,69.0,131.9,41.0,51.0,106.7,87.80000000000001,66.2,49.1,0.660000000000025,99.0,13.967,745.1,43.94,14.241,0.0,0.0,0.0,0.0,0.0,0.0,0.0,0.0,0.0,0.0,0.0,745.6,0.3,3.0,0.0,0.0,0.0,908.0,2857.0,0.0,53.6,1.0,0.0,825.6,0.0,0.0,0.7000000000000001,13.0,0.0,41.0,0.0,51.8,51.8,350.0,825.6,-50.0,0.0,0.0,0.0,0.0,400.0,0.0,0.0,0.0,0.0,0.0,0.0,70.0,749.2,4.44,0.0,13.9497544,0.0,0.0,0.0,28.388993279249185,0.0439427014901302,0.0435076252377527,0.0,0.0008364635278444,,1.4984000000000002,0.0,0.0,9.000000000000002,10.0,9.000000000000002,10.0,55.5,19.0,72.0,9.5,12.5,21.000000000000007,14.000000000000002,14.000000000000002,0.0,0.0,0.0,115.22332955291098,43.27999999999997
224.0,13.5,2.0,749.2,0.0,0.0,0.0,23.0,50.0,50.0,50.0,50.0,50.0,1.4984,50.0,57.2,11299.171388888888,40677017.0,0.0,0.0,5.20277777777778,4.16222222222222,3.90208333333333,25036.1,24773.0,18453.8,17865.9,1280.0,0.0,0.0,0.0,749.0,2396.0,3.9,2.0,3.88,17.0,0.0,11299.1713888889,0.0,69.0,131.9,41.0,51.0,106.7,87.80000000000001,66.2,49.1,0.660000000000025,99.0,13.967,745.1,43.94,14.241,0.0,0.0,0.0,0.0,0.0,0.0,0.0,0.0,0.0,0.0,0.0,746.1,0.3,3.0,0.0,0.0,0.0,908.0,2857.0,0.0,53.6,1.0,0.0,825.6,0.0,0.0,0.7000000000000001,13.0,0.0,41.0,0.0,51.8,51.8,350.0,825.6,-50.0,0.0,0.0,0.0,0.0,400.0,0.0,0.0,0.0,0.0,0.0,0.0,70.0,749.2,4.44,0.0,13.9497544,0.0,0.0,0.0,28.388993279249185,0.0439427014901302,0.0435076252377527,0.0,0.0008364635278444,,1.4984000000000002,0.0,0.0,9.000000000000002,10.0,9.000000000000002,10.0,55.5,19.0,72.0,9.5,12.5,21.000000000000007,14.000000000000002,14.000000000000002,0.0,0.0,0.0,115.22332955291098,43.27999999999997
225.0,13.5,3.9,747.4,0.0,0.0,0.0,23.0,50.0,50.0,50.0,50.0,50.0,2.91486,50.0,57.2,11299.171944444444,40677019.0,0.0,0.0,5.19027777777778,4.15222222222222,3.89270833333333,25036.1,24773.0,18453.8,17865.9,1280.0,0.0,0.0,0.0,749.0,2396.0,3.9,16.0,3.88,63.0,0.0,11299.1719444444,0.0,69.0,131.9,41.9,51.0,106.7,87.80000000000001,66.2,49.1,0.5799999999999841,99.0,13.966,745.9000000000001,48.59,14.238,0.0,0.0,0.0,0.0,0.0,0.0,0.0,0.0,0.0,0.0,0.0,746.1,0.4,3.0,0.0,0.0,0.0,908.0,2857.0,0.0,53.6,1.0,0.0,825.6,0.0,0.0,0.7000000000000001,13.0,0.0,41.0,0.0,51.8,51.8,350.0,825.6,-50.0,0.0,0.0,0.0,0.0,400.0,0.0,0.0,0.0,0.0,0.0,0.0,70.0,749.2,4.44,0.0,13.9497544,0.0,0.0,0.0,28.388993279249185,0.0456117388812563,0.0451601375061944,0.0,0.0016525122684416,,2.9148599999999996,0.0,0.0,9.000000000000002,10.0,9.000000000000002,10.0,55.5,19.0,72.0,9.5,12.5,21.000000000000007,14.000000000000002,14.000000000000002,0.0,0.0,0.0,115.22332955291098,48.01000000000002
226.0,13.5,3.9,747.4,0.0,0.0,0.0,23.0,50.0,50.0,50.0,50.0,50.0,2.91486,50.0,57.2,11299.171944444444,40677019.0,0.0,0.0,5.19027777777778,4.15222222222222,3.89270833333333,25036.1,24773.0,18453.8,17865.9,1280.0,0.0,0.0,0.0,749.0,2396.0,3.9,16.0,3.88,63.0,0.0,11299.1719444444,0.0,69.0,131.9,41.9,51.0,106.7,87.80000000000001,66.2,49.1,0.5799999999999841,99.0,13.966,745.9000000000001,48.59,14.238,0.0,0.0,0.0,0.0,0.0,0.0,0.0,0.0,0.0,0.0,0.0,746.1,0.4,3.0,0.0,0.0,0.0,908.0,2857.0,0.0,53.6,1.0,0.0,825.6,0.0,0.0,0.7000000000000001,13.0,0.0,41.0,0.0,51.8,51.8,350.0,825.6,-50.0,0.0,0.0,0.0,0.0,400.0,0.0,0.0,0.0,0.0,0.0,0.0,70.0,749.2,4.442,0.0,13.950731,0.0,0.0,0.0,28.388993279249185,0.0456117388812563,0.0451601375061944,0.0,0.0016525122684416,,2.9148599999999996,0.0,0.0,9.000000000000002,10.0,9.000000000000002,10.0,55.5,19.0,72.0,9.5,12.5,21.000000000000007,14.000000000000002,14.000000000000002,0.0,0.0,0.0,115.22332955291098,48.01000000000002
227.0,13.5,2.1,749.2,0.0,0.0,0.0,23.0,50.0,50.0,50.0,50.0,50.0,1.57332,50.0,57.2,11299.1725,40677021.0,0.0,0.0,5.20277777777778,4.16222222222222,3.90208333333333,25036.1,24773.0,18453.8,17865.9,1280.0,0.0,0.0,0.0,749.0,2396.0,3.9,182.0,3.88,17.0,0.0,11299.1725,0.0,69.0,131.9,41.9,51.0,107.6,88.7,66.2,49.1,0.5600000000000023,99.0,13.966,745.4000000000001,43.56,14.242,0.0,0.0,0.0,0.0,0.0,0.0,0.0,0.0,0.0,0.0,0.0,746.8000000000001,0.3,3.0,0.0,0.0,0.0,908.0,2857.0,0.0,53.6,1.0,0.0,825.6,0.0,0.0,0.7000000000000001,13.0,0.0,41.0,0.0,51.8,51.8,350.0,825.6,-50.0,0.0,0.0,0.0,0.0,400.0,0.0,0.0,0.0,0.0,0.0,0.0,70.0,749.2,4.442,0.0,13.950731,0.0,0.0,0.0,28.388993279249185,0.0465454161332776,0.0460845704289877,0.0,0.0009244329227933,,1.5733200000000005,0.0,0.0,9.000000000000002,10.0,9.000000000000002,10.0,55.5,19.0,73.0,9.5,12.5,21.000000000000007,14.000000000000002,14.000000000000002,0.0,0.0,0.0,115.22332955291098,43.0
228.0,13.5,2.1,749.2,0.0,0.0,0.0,23.0,50.0,50.0,50.0,50.0,50.0,1.57332,50.0,57.2,11299.1725,40677021.0,0.0,0.0,5.20277777777778,4.16222222222222,3.90208333333333,25036.1,24773.0,18453.8,17865.9,1280.0,0.0,0.0,0.0,749.0,2396.0,3.9,182.0,3.88,17.0,0.0,11299.1725,0.0,69.0,131.9,41.9,51.0,107.6,88.7,66.2,49.1,0.5600000000000023,99.0,13.966,745.4000000000001,43.56,14.242,0.0,0.0,0.0,0.0,0.0,0.0,0.0,0.0,0.0,0.0,0.0,746.8000000000001,0.3,3.0,0.0,0.0,0.0,908.0,2857.0,0.0,53.6,1.0,0.0,825.6,0.0,0.0,0.7000000000000001,13.0,0.0,41.0,0.0,51.8,51.8,350.0,825.6,-50.0,0.0,0.0,0.0,0.0,400.0,0.0,0.0,0.0,0.0,0.0,0.0,70.0,749.2,4.442,0.0,13.9517076,0.0,0.0,0.0,28.388993279249185,0.0465454161332776,0.0460845704289877,0.0,0.0009244329227933,,1.5733200000000005,0.0,0.0,9.000000000000002,10.0,9.000000000000002,10.0,55.5,19.0,73.0,9.5,12.5,21.000000000000007,14.000000000000002,14.000000000000002,0.0,0.0,0.0,115.22332955291098,43.0
229.0,13.5,2.1,749.2,0.0,0.0,0.0,23.0,50.0,50.0,50.0,50.0,50.0,1.57332,50.0,57.2,11299.173055555557,40677023.0,0.0,0.0,5.20277777777778,4.16222222222222,3.90208333333333,25036.1,24773.0,18453.8,17865.9,1280.0,0.0,0.0,0.0,749.0,2396.0,3.9,182.0,3.88,17.0,0.0,11299.1730555556,0.0,69.0,131.9,41.9,51.0,108.5,88.7,66.2,49.1,0.5500000000000114,99.0,13.967,745.1,48.54,14.246,0.0,0.0,0.0,0.0,0.0,0.0,0.0,0.0,0.0,0.0,0.0,745.6,0.3,3.0,0.0,0.0,0.0,908.0,2857.0,0.0,53.6,1.0,0.0,825.6,0.0,0.0,0.7000000000000001,13.0,0.0,41.0,0.0,51.8,51.8,350.0,825.6,-50.0,0.0,0.0,0.0,0.0,400.0,0.0,0.0,0.0,0.0,0.0,0.0,70.0,749.2,4.442,0.0,13.9517076,0.0,0.0,0.0,28.388993279249185,0.0474904100483645,0.0470202079686777,0.0,0.00093563753969,,1.5733200000000005,0.0,0.0,9.000000000000002,10.0,9.000000000000002,10.0,55.5,19.0,73.0,9.5,12.5,21.000000000000007,14.000000000000002,13.000000000000004,0.0,0.0,0.0,115.22332955291098,47.98999999999999
230.0,13.5,2.1,749.2,0.0,0.0,0.0,23.0,50.0,50.0,50.0,50.0,50.0,1.57332,50.0,57.2,11299.173055555557,40677023.0,0.0,0.0,5.20277777777778,4.16222222222222,3.90208333333333,25036.1,24773.0,18453.8,17865.9,1280.0,0.0,0.0,0.0,749.0,2396.0,3.9,182.0,3.88,17.0,0.0,11299.1730555556,0.0,69.0,131.9,41.9,51.0,108.5,88.7,66.2,49.1,0.5500000000000114,99.0,13.967,745.1,48.54,14.246,0.0,0.0,0.0,0.0,0.0,0.0,0.0,0.0,0.0,0.0,0.0,745.6,0.7000000000000001,3.0,0.0,0.0,0.0,908.0,2857.0,0.0,53.6,1.0,0.0,825.6,0.0,0.0,0.7000000000000001,13.0,0.0,41.0,0.0,51.8,51.8,350.0,825.6,-50.0,0.0,0.0,0.0,0.0,400.0,0.0,0.0,0.0,0.0,0.0,0.0,70.0,749.2,4.442,0.0,13.9517076,0.0,0.0,0.0,28.388993279249185,0.0474904100483645,0.0470202079686777,0.0,0.00093563753969,,1.5733200000000005,0.0,0.0,9.000000000000002,10.0,9.000000000000002,10.0,55.5,19.0,73.0,9.5,12.5,21.000000000000007,14.000000000000002,13.000000000000004,0.0,0.0,0.0,115.22332955291098,47.98999999999999
231.0,13.5,2.1,749.2,0.0,0.0,0.0,23.0,50.0,50.0,50.0,50.0,50.0,1.57332,50.0,57.2,11299.173888888889,40677026.0,0.0,0.0,5.20277777777778,4.16222222222222,3.90208333333333,25036.1,24773.0,18453.8,17865.9,1280.0,0.0,0.0,0.0,749.0,2396.0,3.9,2.0,3.88,17.0,0.0,11299.1738888889,0.0,69.0,131.9,41.9,51.0,108.5,88.7,66.2,49.1,0.5500000000000114,99.0,13.967,745.1,48.54,14.246,0.0,0.0,0.0,0.0,0.0,0.0,0.0,0.0,0.0,0.0,0.0,746.0,0.7000000000000001,3.0,0.0,0.0,0.0,908.0,2857.0,0.0,53.6,1.0,0.0,825.6,0.0,0.0,0.7000000000000001,13.0,0.0,41.0,0.0,51.8,51.8,350.0,825.6,-50.0,0.0,0.0,0.0,0.0,400.0,0.0,0.0,0.0,0.0,0.0,0.0,70.0,749.2,4.44,0.0,13.9517076,0.0,0.0,0.0,28.388993279249185,0.0485006933481394,0.0480204884635044,0.0,0.0010002804948266,,1.5733200000000005,0.0,0.0,9.000000000000002,10.0,9.000000000000002,10.0,55.5,19.0,73.0,9.5,12.5,21.000000000000007,14.000000000000002,13.000000000000004,0.0,0.0,0.0,115.22332955291098,47.98999999999999
232.0,13.5,2.1,749.2,0.0,0.0,0.0,23.0,50.0,50.0,50.0,50.0,50.0,1.57332,50.0,57.2,11299.173888888889,40677026.0,0.0,0.0,5.20277777777778,4.16222222222222,3.90208333333333,25036.1,24773.0,18453.8,17865.9,1280.0,0.0,0.0,0.0,749.0,2396.0,3.9,2.0,3.88,17.0,0.0,11299.1738888889,0.0,69.0,131.9,41.9,51.0,108.5,88.7,66.2,49.1,0.4000000000000341,99.0,13.964,745.0,43.1,14.239,0.0,0.0,0.0,0.0,0.0,0.0,0.0,0.0,0.0,0.0,0.0,746.0,0.5,3.0,0.0,0.0,0.0,908.0,2857.0,0.0,53.6,1.0,0.0,825.6,0.0,0.0,0.7000000000000001,13.0,0.0,41.0,0.0,51.8,51.8,350.0,825.6,-50.0,0.0,0.0,0.0,0.0,400.0,0.0,0.0,0.0,0.0,0.0,0.0,70.0,749.2,4.44,0.0,13.9497544,0.0,0.0,0.0,28.388993279249185,0.0485006933481394,0.0480204884635044,0.0,0.0010002804948266,,1.5733200000000005,0.0,0.0,9.000000000000002,10.0,9.000000000000002,10.0,55.5,19.0,73.0,9.5,12.5,21.000000000000007,14.000000000000002,13.000000000000004,0.0,0.0,0.0,115.22332955291098,42.69999999999997
233.0,13.5,2.0,749.2,0.0,0.0,0.0,23.0,50.0,50.0,50.0,50.0,50.0,1.4984,50.0,57.2,11299.174444444445,40677028.0,0.0,0.0,5.20277777777778,4.16222222222222,3.90208333333333,25036.1,24773.0,18453.8,17865.9,1280.0,0.0,0.0,0.0,749.0,2396.0,3.9,182.0,3.88,17.0,0.0,11299.1744444444,0.0,69.0,132.8,41.9,51.0,109.4,88.7,66.2,49.1,0.4000000000000341,99.0,13.964,745.0,43.1,14.239,0.0,0.0,0.0,0.0,0.0,0.0,0.0,0.0,0.0,0.0,0.0,746.0,0.5,3.0,0.0,0.0,0.0,908.0,2857.0,0.0,53.6,1.0,0.0,825.6,0.0,0.0,0.7000000000000001,13.0,0.0,41.0,0.0,51.8,51.8,350.0,825.6,-50.0,0.0,0.0,0.0,0.0,400.0,0.0,0.0,0.0,0.0,0.0,0.0,70.0,749.2,4.44,0.0,13.9497544,0.0,0.0,0.0,28.388993279249185,0.0493478959266814,0.0488593028977044,0.0,0.0008388144342,,1.4984000000000002,0.0,0.0,9.000000000000002,10.0,9.000000000000002,10.0,56.00000000000001,19.0,73.0,9.5,12.5,21.000000000000007,14.000000000000002,13.000000000000004,0.0,0.0,0.0,115.22332955291098,42.69999999999997
234.0,13.5,2.0,749.2,0.0,0.0,0.0,23.0,50.0,50.0,50.0,50.0,50.0,1.4984,50.0,57.2,11299.174444444445,40677028.0,0.0,0.0,5.20277777777778,4.16222222222222,3.90208333333333,25036.1,24773.0,18453.8,17865.9,1280.0,0.0,0.0,0.0,749.0,2396.0,3.9,182.0,3.88,17.0,0.0,11299.1744444444,0.0,69.0,132.8,41.9,51.0,109.4,88.7,66.2,49.1,0.4300000000000068,99.0,13.964,745.8000000000001,44.4,14.238,0.0,0.0,0.0,0.0,0.0,0.0,0.0,0.0,0.0,0.0,0.0,746.0,0.4,3.0,0.0,0.0,0.0,908.0,2857.0,0.0,53.6,1.0,0.0,825.6,0.0,0.0,0.7000000000000001,13.0,0.0,41.0,0.0,51.8,51.8,350.0,825.6,-50.0,0.0,0.0,0.0,0.0,400.0,0.0,0.0,0.0,0.0,0.0,0.0,70.0,749.2,4.44,0.0,13.9404767,0.0,0.0,0.0,28.388993279249185,0.0493478959266814,0.0488593028977044,0.0,0.0008388144342,,1.4984000000000002,0.0,0.0,9.000000000000002,10.0,9.000000000000002,10.0,56.00000000000001,19.0,73.0,9.5,12.5,21.000000000000007,14.000000000000002,13.000000000000004,0.0,0.0,0.0,115.22332955291098,43.96999999999999
235.0,13.5,3.6,749.2,0.0,0.0,0.0,23.0,50.0,50.0,50.0,50.0,50.0,2.69712,50.0,57.2,11299.175,40677030.0,0.0,0.0,5.20277777777778,4.16222222222222,3.90208333333333,25036.1,24773.0,18453.8,17865.9,1280.0,0.0,0.0,0.0,749.0,2396.0,3.9,3.0,3.88,17.0,0.0,11299.175,0.0,69.0,132.8,41.9,51.0,109.4,88.7,66.2,49.1,0.4300000000000068,99.0,13.964,745.8000000000001,44.4,14.238,0.0,0.0,0.0,0.0,0.0,0.0,0.0,0.0,0.0,0.0,0.0,746.7,0.4,3.0,0.0,0.0,0.0,908.0,2857.0,0.0,53.6,1.0,0.0,825.6,0.0,0.0,0.7000000000000001,13.0,0.0,41.0,0.0,51.8,51.8,350.0,825.6,-50.0,0.0,0.0,0.0,0.0,400.0,0.0,0.0,0.0,0.0,0.0,0.0,70.0,749.2,4.44,0.0,13.9404767,0.0,0.0,0.0,28.388993279249185,0.0509067133034146,0.0504026864390244,0.0,0.00154338354132,,2.6971200000000004,0.0,0.0,9.000000000000002,10.0,9.000000000000002,10.0,56.00000000000001,19.0,73.0,9.5,12.5,21.000000000000007,13.000000000000004,13.000000000000004,0.0,0.0,0.0,115.22332955291098,43.96999999999999
236.0,13.5,3.6,749.2,0.0,0.0,0.0,23.0,50.0,50.0,50.0,50.0,50.0,2.69712,50.0,57.2,11299.175,40677030.0,0.0,0.0,5.20277777777778,4.16222222222222,3.90208333333333,25036.1,24773.0,18453.8,17865.9,1280.0,0.0,0.0,0.0,749.0,2396.0,3.9,3.0,3.88,17.0,0.0,11299.175,0.0,69.0,132.8,41.9,51.0,109.4,88.7,66.2,49.1,0.4300000000000068,99.0,13.964,745.8000000000001,44.4,14.238,0.0,0.0,0.0,0.0,0.0,0.0,0.0,0.0,0.0,0.0,0.0,746.7,0.4,3.0,0.0,0.0,0.0,908.0,2857.0,0.0,53.6,1.0,0.0,825.6,0.0,0.0,0.7000000000000001,13.0,0.0,41.0,0.0,51.8,51.8,350.0,825.6,-50.0,0.0,0.0,0.0,0.0,400.0,0.0,0.0,0.0,0.0,0.0,0.0,70.0,749.2,4.44,0.0,13.9404767,0.0,0.0,0.0,28.388993279249185,0.0509067133034146,0.0504026864390244,0.0,0.00154338354132,,2.6971200000000004,0.0,0.0,9.000000000000002,10.0,9.000000000000002,10.0,56.00000000000001,19.0,73.0,9.5,12.5,21.000000000000007,13.000000000000004,13.000000000000004,0.0,0.0,0.0,115.22332955291098,43.96999999999999
237.0,13.5,2.1,749.2,0.0,0.0,0.0,23.0,50.0,50.0,50.0,50.0,50.0,1.57332,50.0,57.2,11299.175277777778,40677031.0,0.0,0.0,5.20277777777778,4.16222222222222,3.90208333333333,25036.1,24773.0,18453.8,17865.9,1280.0,0.0,0.0,0.0,749.0,2396.0,3.9,182.0,3.88,17.0,0.0,11299.1752777778,0.0,69.0,132.8,41.9,51.0,109.4,88.7,66.2,49.1,0.4300000000000068,99.0,13.964,745.8000000000001,44.4,14.238,0.0,0.0,0.0,0.0,0.0,0.0,0.0,0.0,0.0,0.0,0.0,745.6,0.4,3.0,0.0,0.0,0.0,908.0,2857.0,0.0,53.6,1.0,0.0,825.6,0.0,0.0,0.7000000000000001,13.0,0.0,41.0,0.0,51.8,51.8,350.0,825.6,-50.0,0.0,0.0,0.0,0.0,400.0,0.0,0.0,0.0,0.0,0.0,0.0,70.0,749.1,4.439,0.0,13.9404767,0.0,0.0,0.0,28.388993279249185,0.0517338810865995,0.0512216644421777,0.0,0.0008189780031533,,1.5733200000000005,0.0,0.0,9.000000000000002,10.0,9.000000000000002,10.0,56.00000000000001,19.0,73.0,9.5,12.5,21.000000000000007,13.000000000000004,13.000000000000004,0.0,0.0,0.0,115.22332955291098,43.96999999999999
238.0,13.5,2.1,749.2,0.0,0.0,0.0,23.0,50.0,50.0,50.0,50.0,50.0,1.57332,50.0,57.2,11299.175277777778,40677031.0,0.0,0.0,5.20277777777778,4.16222222222222,3.90208333333333,25036.1,24773.0,18453.8,17865.9,1280.0,0.0,0.0,0.0,749.0,2396.0,3.9,182.0,3.88,17.0,0.0,11299.1752777778,0.0,69.0,132.8,41.9,51.0,109.4,88.7,66.2,49.1,0.4200000000000159,99.0,13.964,744.9000000000001,44.35,14.239,0.0,0.0,0.0,0.0,0.0,0.0,0.0,0.0,0.0,0.0,0.0,745.6,-2.1,3.0,0.0,0.0,0.0,908.0,2857.0,0.0,53.6,1.0,0.0,825.6,0.0,0.0,0.7000000000000001,13.0,0.0,41.0,0.0,51.8,51.8,350.0,825.6,-50.0,0.0,0.0,0.0,0.0,400.0,0.0,0.0,0.0,0.0,0.0,0.0,70.0,749.1,4.439,0.0,13.9404767,0.0,0.0,0.0,28.388993279249185,0.0517338810865995,0.0512216644421777,0.0,0.0008189780031533,,1.5733200000000005,0.0,0.0,9.000000000000002,10.0,9.000000000000002,10.0,56.00000000000001,19.0,73.0,9.5,12.5,21.000000000000007,13.000000000000004,13.000000000000004,0.0,0.0,0.0,115.22332955291098,43.929999999999986
239.0,13.5,2.1,749.2,0.0,0.0,0.0,23.0,50.0,50.0,50.0,50.0,50.0,1.57332,50.0,57.2,11299.176111111112,40677034.0,0.0,0.0,5.20277777777778,4.16222222222222,3.90208333333333,25036.1,24773.0,18453.8,17865.9,1280.0,0.0,0.0,0.0,749.0,2396.0,3.9,69.0,3.88,17.0,0.0,11299.1761111111,0.0,69.0,,,,,,,,0.4200000000000159,99.0,13.964,744.9000000000001,44.35,14.239,0.0,0.0,0.0,0.0,0.0,0.0,0.0,0.0,0.0,0.0,0.0,745.8000000000001,-2.1,3.0,0.0,0.0,0.0,908.0,2857.0,0.0,53.6,1.0,0.0,825.6,0.0,0.0,0.7000000000000001,13.0,0.0,41.0,0.0,51.8,51.8,350.0,825.6,-50.0,0.0,0.0,0.0,0.0,400.0,0.0,0.0,0.0,0.0,0.0,0.0,70.0,749.1,4.442,0.0,13.9404767,,0.0,,,0.0527095669021389,0.0521876900021177,0.0,0.00096602555994,,1.5733200000000005,0.0,,9.000000000000002,10.0,9.000000000000002,10.0,,,,,12.5,21.000000000000007,13.000000000000004,13.000000000000004,0.0,,,,43.929999999999986
240.0,13.5,2.1,749.2,0.0,0.0,0.0,23.0,50.0,50.0,50.0,50.0,50.0,1.57332,50.0,57.2,11299.176111111112,40677034.0,0.0,0.0,5.20277777777778,4.16222222222222,3.90208333333333,25036.1,24773.0,18453.8,17865.9,1280.0,0.0,0.0,0.0,749.0,2396.0,3.9,69.0,3.88,17.0,0.0,11299.1761111111,0.0,69.0,132.8,,,,,,,0.4900000000000091,99.0,13.966,745.5,45.08,14.242,0.0,0.0,0.0,0.0,0.0,0.0,0.0,0.0,0.0,0.0,0.0,745.8000000000001,1.8,3.0,0.0,0.0,0.0,908.0,2857.0,0.0,53.6,1.0,0.0,825.6,0.0,0.0,0.7000000000000001,13.0,0.0,41.0,0.0,51.8,51.8,350.0,825.6,-50.0,0.0,0.0,0.0,0.0,400.0,0.0,0.0,0.0,0.0,0.0,0.0,70.0,749.1,4.442,0.0,13.9414533,,0.0,,,0.0527095669021389,0.0521876900021177,0.0,0.00096602555994,,1.5733200000000005,0.0,,9.000000000000002,10.0,9.000000000000002,10.0,56.00000000000001,,74.00000000000001,,12.5,21.000000000000007,13.000000000000004,13.000000000000004,0.0,,,,44.58999999999999
241.0,13.5,2.2,749.1,0.0,0.0,0.0,23.0,50.0,50.0,50.0,50.0,50.0,1.64802,50.0,57.2,11299.176666666666,40677036.0,0.0,0.0,5.20208333333333,4.16166666666667,3.9015625,25036.1,24773.0,18453.8,17865.9,1280.0,0.0,0.0,0.0,749.0,2396.0,3.9,2.0,3.88,17.0,0.0,11299.1766666667,0.0,69.0,132.8,,,,,,,0.4900000000000091,99.0,13.966,745.5,45.08,14.242,0.0,0.0,0.0,0.0,0.0,0.0,0.0,0.0,0.0,0.0,0.0,745.7,1.8,3.0,0.0,0.0,0.0,908.0,2857.0,0.0,53.6,1.0,0.0,825.6,0.0,0.0,0.7000000000000001,13.0,0.0,41.0,0.0,51.8,51.8,350.0,825.6,-50.0,0.0,0.0,0.0,0.0,400.0,0.0,0.0,0.0,0.0,0.0,0.0,70.0,749.1,4.438,0.0,13.9414533,,0.0,,,0.0536621046058422,0.0531307966394477,0.0,0.00094310663733,,1.6480200000000005,0.0,,9.000000000000002,10.0,9.000000000000002,10.0,56.00000000000001,,74.00000000000001,,12.5,21.000000000000007,13.000000000000004,13.000000000000004,0.0,,,,44.58999999999999
242.0,13.5,2.2,749.1,0.0,0.0,0.0,23.0,50.0,50.0,50.0,50.0,50.0,1.64802,50.0,57.2,11299.176666666666,40677036.0,0.0,0.0,5.20208333333333,4.16166666666667,3.9015625,25036.1,24773.0,18453.8,17865.9,1280.0,0.0,0.0,0.0,749.0,2396.0,3.9,2.0,3.88,17.0,0.0,11299.1766666667,0.0,69.0,133.7,41.9,51.0,112.1,90.5,66.2,49.1,-1.6599999999999682,99.0,13.936,745.1,55.5,14.241,0.0,0.0,0.0,0.0,0.0,0.0,0.0,0.0,0.0,0.0,0.0,745.7,154.70000000000002,3.0,0.0,0.0,0.0,908.0,2857.0,0.0,53.6,1.0,0.0,825.6,0.0,0.0,0.7000000000000001,13.0,0.0,41.0,0.0,51.8,51.8,350.0,825.6,-50.0,0.0,0.0,0.0,0.0,400.0,0.0,0.0,0.0,0.0,0.0,0.0,70.0,749.1,4.438,0.0,13.910690400000002,0.0,0.0,0.0,28.388993279249185,0.0536621046058422,0.0531307966394477,,0.00094310663733,,1.6480200000000005,0.0,0.0,9.000000000000002,10.0,9.000000000000002,10.0,56.49999999999999,19.0,74.00000000000001,9.5,12.5,21.000000000000007,13.000000000000004,13.000000000000004,0.0,0.0,0.0,115.22332955291098,57.15999999999997
243.0,13.5,2.2,749.1,0.0,0.0,0.0,23.0,50.0,50.0,50.0,50.0,50.0,1.64802,50.0,57.2,11299.176666666666,40677036.0,0.0,0.0,5.20208333333333,4.16166666666667,3.9015625,25036.1,24773.0,18453.8,17865.9,1280.0,0.0,0.0,0.0,749.0,2396.0,3.9,2.0,3.88,17.0,0.0,11299.1766666667,0.0,69.0,133.7,41.9,51.0,112.1,90.5,66.2,49.1,-1.6599999999999682,99.0,13.936,745.1,55.5,14.241,0.0,0.0,0.0,0.0,0.0,0.0,0.0,0.0,0.0,0.0,0.0,746.0,154.70000000000002,3.0,0.0,0.0,0.0,908.0,2857.0,0.0,53.6,1.0,0.0,825.6,0.0,0.0,0.7000000000000001,13.0,0.0,41.0,0.0,51.8,51.8,350.0,825.6,-50.0,0.0,0.0,0.0,0.0,400.0,0.0,0.0,0.0,0.0,0.0,0.0,70.0,749.1,4.44,0.0,13.910690400000002,0.0,0.0,0.0,28.388993279249185,0.0536621046058422,0.0531307966394477,,0.00094310663733,,1.6480200000000005,0.0,0.0,9.000000000000002,10.0,9.000000000000002,10.0,56.49999999999999,19.0,74.00000000000001,9.5,12.5,21.000000000000007,13.000000000000004,13.000000000000004,0.0,0.0,0.0,115.22332955291098,57.15999999999997
244.0,13.5,4.8,748.8,0.0,0.0,0.0,23.0,50.0,50.0,50.0,50.0,50.0,3.59424,50.0,57.2,11299.177222222224,40677038.0,0.0,0.0,5.2,4.16,3.9,25036.1,24773.0,18453.8,17865.9,1280.0,-96.0,-94.0,0.0,748.0,2396.0,3.9,3.0,3.88,17.0,0.0,11299.1772222222,0.0,69.0,133.7,41.9,51.0,112.1,90.5,66.2,49.1,1.6800000000000068,99.0,13.955,746.0,46.09,14.257,0.0,0.0,0.0,0.0,0.0,0.0,0.0,0.0,0.0,0.0,0.0,746.0,154.70000000000002,3.0,0.0,0.0,0.0,908.0,2857.0,0.0,53.6,1.0,0.0,825.6,0.0,0.0,0.7000000000000001,13.0,0.0,41.0,0.0,51.8,51.8,350.0,825.6,-50.0,0.0,0.0,0.0,0.0,400.0,0.0,0.0,0.0,0.0,0.0,0.0,70.0,749.1,4.44,0.0,13.910690400000002,0.0,0.0,0.0,28.388993279249185,0.0558234117466038,0.0552707046996077,0.0,0.0021399080601599,,3.5942399999999997,0.0,0.0,9.000000000000002,10.0,9.000000000000002,10.0,56.49999999999999,19.0,74.00000000000001,9.5,12.5,21.000000000000007,13.000000000000004,13.000000000000004,0.0,0.0,0.0,115.22332955291098,44.41
245.0,13.5,4.8,748.8,0.0,0.0,0.0,23.0,50.0,50.0,50.0,50.0,50.0,3.59424,50.0,57.2,11299.177222222224,40677038.0,0.0,0.0,5.2,4.16,3.9,25036.1,24773.0,18453.8,17865.9,1280.0,-96.0,-94.0,0.0,748.0,2396.0,3.9,3.0,3.88,17.0,0.0,11299.1772222222,0.0,69.0,133.7,41.9,51.0,112.1,90.5,66.2,49.1,1.6800000000000068,99.0,13.955,746.0,46.09,14.257,0.0,0.0,0.0,0.0,0.0,0.0,0.0,0.0,0.0,0.0,0.0,746.0,-4.2,3.0,0.0,0.0,0.0,908.0,2857.0,0.0,53.6,1.0,0.0,825.6,0.0,0.0,0.7000000000000001,13.0,0.0,41.0,0.0,51.8,51.8,350.0,825.6,-50.0,0.0,0.0,0.0,0.0,400.0,0.0,0.0,0.0,0.0,0.0,0.0,70.0,748.9000000000001,4.443,0.0,13.910690400000002,0.0,0.0,0.0,28.388993279249185,0.0558234117466038,0.0552707046996077,0.0,0.0021399080601599,,3.5942399999999997,0.0,0.0,9.000000000000002,10.0,9.000000000000002,10.0,56.49999999999999,19.0,74.00000000000001,9.5,12.5,21.000000000000007,13.000000000000004,13.000000000000004,0.0,0.0,0.0,115.22332955291098,44.41
246.0,13.5,4.6,748.8,0.0,0.0,0.0,23.0,50.0,50.0,50.0,50.0,50.0,3.44448,50.0,57.2,11299.177777777775,40677040.0,0.0,0.0,5.2,4.16,3.9,25036.1,24773.0,18453.8,17865.9,1280.0,-294.0,-294.0,0.0,748.0,2313.0,3.9,3.0,3.88,17.0,0.0,11299.1777777778,0.0,69.0,133.7,42.8,51.0,112.1,90.5,66.2,49.1,0.1299999999999954,99.0,13.948,744.7,56.44,14.251,0.0,0.0,0.0,0.0,0.0,0.0,0.0,0.0,0.0,0.0,0.0,745.5,-4.2,3.0,0.0,0.0,0.0,908.0,2857.0,0.0,53.6,1.0,0.0,825.6,0.0,0.0,0.7000000000000001,13.0,0.0,41.0,0.0,51.8,51.8,350.0,825.6,-50.0,0.0,0.0,0.0,0.0,400.0,0.0,0.0,0.0,0.0,0.0,0.0,70.0,748.9000000000001,4.443,0.0,13.910690400000002,0.0604067786265495,0.0,0.0022499850870913,28.39124326433628,0.0580339723618486,0.0574593785760877,0.0,0.0021886738764799,,3.4444799999999995,0.0,0.0044578092820869,9.000000000000002,10.0,9.000000000000002,10.0,56.49999999999999,19.0,75.0,9.5,12.5,21.000000000000007,13.000000000000004,13.000000000000004,0.0,2.9993587449296104,0.0036206657444482473,115.22694977891611,56.31
247.0,13.5,4.6,748.8,0.0,0.0,0.0,23.0,50.0,50.0,50.0,50.0,50.0,3.44448,50.0,57.2,11299.177777777775,40677040.0,0.0,0.0,5.2,4.16,3.9,25036.1,24773.0,18453.8,17865.9,1280.0,-294.0,-294.0,0.0,748.0,2313.0,3.9,3.0,3.88,17.0,0.0,11299.1777777778,0.0,69.0,133.7,42.8,51.0,112.1,90.5,66.2,49.1,0.1299999999999954,99.0,13.948,744.7,56.44,14.251,0.0,0.0,0.0,0.0,0.0,0.0,0.0,0.0,0.0,0.0,0.0,745.5,-101.0,3.0,0.0,0.0,0.0,908.0,2857.0,0.0,53.6,1.0,0.0,825.6,0.0,0.0,0.7000000000000001,13.0,0.0,41.0,0.0,51.8,51.8,350.0,825.6,-50.0,0.0,0.0,0.0,0.0,400.0,0.0,0.0,0.0,0.0,0.0,0.0,70.0,749.0,4.44,0.0,13.9204564,0.0604067786265495,0.0,0.0022499850870913,28.39124326433628,0.0580339723618486,0.0574593785760877,0.0,0.0021886738764799,,3.4444799999999995,0.0,0.0044578092820869,9.000000000000002,10.0,9.000000000000002,10.0,56.49999999999999,19.0,75.0,9.5,12.5,21.000000000000007,13.000000000000004,13.000000000000004,-4.389686496485524,2.9993587449296104,0.0036206657444482473,115.22694977891611,56.31
248.0,13.5,3.4,749.1,0.0,0.0,0.0,23.0,50.0,50.0,50.0,50.0,50.0,2.54694,50.0,57.2,11299.178333333331,40677042.0,0.0,0.0,5.20208333333333,4.16166666666667,3.9015625,25036.1,24773.0,18453.8,17865.9,1280.0,-195.0,-195.0,0.0,747.0,2313.0,3.9,3.0,3.88,17.0,0.0,11299.1783333333,0.0,69.0,133.7,42.8,51.0,113.0,90.5,66.2,49.1,0.1299999999999954,99.0,13.948,744.7,56.44,14.251,0.0,0.0,0.0,0.0,0.0,0.0,0.0,0.0,0.0,0.0,0.0,745.4000000000001,-101.0,3.0,0.0,0.0,0.0,908.0,2857.0,0.0,53.6,1.0,0.0,825.6,0.0,0.0,0.7000000000000001,13.0,0.0,41.0,0.0,51.8,51.8,350.0,825.6,-50.0,0.0,0.0,0.0,0.0,400.0,0.0,0.0,0.0,0.0,0.0,0.0,70.0,749.0,4.44,0.0,13.9204564,0.0788929069642239,0.0,0.0029850672075081,28.391978346456693,0.0594893275568852,0.0589003243137477,1.1778840490942073,0.00144094573766,0.7319029894697167,2.54694,0.0,0.0044578092820869,9.000000000000002,10.0,9.000000000000002,10.0,56.49999999999999,19.0,74.00000000000001,9.5,12.5,21.000000000000007,13.000000000000004,13.000000000000004,-4.389686496485524,1.9995724966197406,0.004803797238467523,115.22813252604786,56.31
249.0,13.5,3.4,749.1,0.0,0.0,0.0,23.0,50.0,50.0,50.0,50.0,50.0,2.54694,50.0,57.2,11299.178333333331,40677042.0,0.0,0.0,5.20208333333333,4.16166666666667,3.9015625,25036.1,24773.0,18453.8,17865.9,1280.0,-195.0,-195.0,0.0,747.0,2313.0,3.9,3.0,3.88,17.0,0.0,11299.1783333333,0.0,69.0,133.7,42.8,51.0,113.0,90.5,66.2,49.1,0.1299999999999954,99.0,13.948,744.7,56.44,14.251,0.0,0.0,0.0,0.0,0.0,0.0,0.0,0.0,0.0,0.0,0.0,745.4000000000001,-101.0,3.0,0.0,0.0,0.0,908.0,2857.0,0.0,53.6,1.0,0.0,825.6,0.0,0.0,0.7000000000000001,13.0,0.0,41.0,0.0,51.8,51.8,350.0,825.6,-50.0,0.0,0.0,0.0,0.0,400.0,0.0,0.0,0.0,0.0,0.0,0.0,70.0,748.8000000000001,4.444,0.0,13.9414533,0.0788929069642239,0.0,0.0029850672075081,28.391978346456693,0.0594893275568852,0.0589003243137477,1.1778840490942073,0.00144094573766,0.7319029894697167,2.54694,0.0,0.0044578092820869,9.000000000000002,10.0,9.000000000000002,10.0,56.49999999999999,19.0,74.00000000000001,9.5,12.5,21.000000000000007,13.000000000000004,13.000000000000004,-2.3588706796061003,1.9995724966197406,0.004803797238467523,115.22813252604786,56.31
250.0,13.5,4.5,748.8,0.0,0.0,0.0,23.0,50.0,50.0,50.0,50.0,50.0,3.3696,50.0,57.2,11299.17888888889,40677044.0,0.0,0.0,5.2,4.16,3.9,25036.1,24773.0,18453.8,17865.9,1300.0,-360.0,-366.0,0.0,748.0,2313.0,3.9,2.0,3.88,17.0,0.0,11299.1788888889,0.0,69.0,133.7,42.8,51.0,113.0,91.4,67.1,49.1,1.7099999999999795,99.0,13.967,744.8000000000001,51.16,14.263,0.0,0.0,0.0,0.0,0.0,0.0,0.0,0.0,0.0,0.0,0.0,745.0,-101.0,3.0,0.0,0.0,0.0,908.0,2857.0,0.0,53.6,1.0,0.0,825.6,0.0,0.0,0.7000000000000001,13.0,0.0,41.0,0.0,51.8,51.8,350.0,825.6,-50.0,0.0,0.0,0.0,0.0,400.0,0.0,0.0,0.0,0.0,0.0,0.0,70.0,748.8000000000001,4.444,0.0,13.9414533,0.1122313539844991,0.0,0.0043061023622047,28.39329938161139,0.0613514568453332,0.0607440166785477,0.593542260208927,0.0018436923647999,0.3688099477682811,3.3695999999999997,0.0,0.0044578092820869,9.000000000000002,10.0,9.000000000000002,10.0,56.49999999999999,19.499999999999996,74.00000000000001,9.5,12.5,21.000000000000007,13.000000000000004,13.000000000000004,-2.3588706796061003,3.999144993239481,0.006929776709606069,115.23025807161177,49.45000000000002
251.0,13.5,4.5,748.8,0.0,0.0,0.0,23.0,50.0,50.0,50.0,50.0,50.0,3.3696,50.0,57.2,11299.17888888889,40677044.0,0.0,0.0,5.2,4.16,3.9,25036.1,24773.0,18453.8,17865.9,1300.0,-360.0,-366.0,0.0,748.0,2313.0,3.9,2.0,3.88,17.0,0.0,11299.1788888889,0.0,69.0,133.7,42.8,51.0,113.0,91.4,67.1,49.1,1.7099999999999795,99.0,13.967,744.8000000000001,51.16,14.263,0.0,0.0,0.0,0.0,0.0,0.0,0.0,0.0,0.0,0.0,0.0,745.0,-25.5,3.0,0.0,0.0,0.0,908.0,2857.0,0.0,53.6,1.0,0.0,825.6,0.0,0.0,0.7000000000000001,13.0,0.0,41.0,0.0,51.8,51.8,350.0,825.6,-50.0,0.0,0.0,0.0,0.0,400.0,0.0,0.0,0.0,0.0,0.0,0.0,70.0,749.0,4.441,0.0,13.9414533,0.1122313539844991,0.0,0.0043061023622047,28.39329938161139,0.0613514568453332,0.0607440166785477,0.593542260208927,0.0018436923647999,0.3688099477682811,3.3695999999999997,0.0,,9.000000000000002,10.0,9.000000000000002,10.0,56.49999999999999,19.499999999999996,74.00000000000001,9.5,12.5,21.000000000000007,13.000000000000004,13.000000000000004,-2.3588706796061003,3.999144993239481,0.006929776709606069,115.23025807161177,49.45000000000002
252.0,13.6,2.7,749.0,0.0,0.0,0.0,23.0,50.0,50.0,50.0,50.0,50.0,2.0223,50.0,57.2,11299.179444444444,40677046.0,0.0,0.0,5.20138888888889,4.16111111111111,3.90104166666667,25036.1,24773.0,18453.8,17865.9,1280.0,-453.0,-455.0,0.0,749.0,2313.0,3.9,53.0,3.88,17.0,0.0,11299.1794444444,0.0,69.0,133.7,42.8,51.0,113.0,91.4,67.1,49.1,0.5099999999999909,99.0,13.962,745.5,48.55,14.27,0.0,0.0,0.0,0.0,0.0,0.0,0.0,0.0,0.0,0.0,0.0,745.7,-25.5,3.0,0.0,0.0,0.0,908.0,2857.0,0.0,53.6,1.0,0.0,825.6,0.0,0.0,0.7000000000000001,13.0,0.0,41.0,0.0,51.8,51.8,350.0,825.6,-50.0,0.0,0.0,0.0,0.0,400.0,0.0,0.0,0.0,0.0,0.0,0.0,70.0,749.0,4.441,0.0,13.9414533,0.1122313539844991,0.0,0.0043061023622047,28.39329938161139,0.0624661062982554,0.0618476299982727,1.977945903179548,0.001103613319725,1.229038223804579,2.0223,0.0,,9.000000000000002,10.0,9.000000000000002,10.0,56.49999999999999,19.499999999999996,75.0,9.5,12.5,21.000000000000007,13.000000000000004,13.000000000000004,-2.3588706796061003,3.999144993239481,0.006929776709606069,115.23025807161177,48.040000000000006
253.0,13.6,2.7,749.0,0.0,0.0,0.0,23.0,50.0,50.0,50.0,50.0,50.0,2.0223,50.0,57.2,11299.179444444444,40677046.0,0.0,0.0,5.20138888888889,4.16111111111111,3.90104166666667,25036.1,24773.0,18453.8,17865.9,1280.0,-453.0,-455.0,0.0,749.0,2313.0,3.9,53.0,3.88,17.0,0.0,11299.1794444444,0.0,69.0,133.7,42.8,51.0,113.0,91.4,67.1,49.1,0.5099999999999909,99.0,13.962,745.5,48.55,14.27,0.0,0.0,0.0,0.0,0.0,0.0,0.0,0.0,0.0,0.0,0.0,745.7,11.8,3.0,0.0,0.0,0.0,908.0,2857.0,0.0,53.6,1.0,0.0,825.6,0.0,0.0,0.7000000000000001,13.0,0.0,41.0,0.0,51.8,51.8,350.0,825.6,-50.0,0.0,0.0,0.0,0.0,400.0,0.0,0.0,0.0,0.0,0.0,0.0,70.0,748.9000000000001,4.445,0.0,13.9600087,0.1122313539844991,0.0,0.0043061023622047,28.39329938161139,0.0624661062982554,0.0618476299982727,1.977945903179548,0.001103613319725,1.229038223804579,2.0223,0.0,,9.000000000000002,10.0,9.000000000000002,10.0,56.49999999999999,19.499999999999996,75.0,9.5,12.5,21.000000000000007,13.000000000000004,13.000000000000004,-5.967474169599538,3.999144993239481,0.006929776709606069,115.23025807161177,48.040000000000006
254.0,13.6,3.8,749.0,0.0,0.0,0.0,23.0,50.0,50.0,50.0,50.0,50.0,2.8462,50.0,57.2,11299.18,40677048.0,0.0,0.0,5.20138888888889,4.16111111111111,3.90104166666667,25036.1,24773.0,18453.8,17865.9,1280.0,-523.0,-522.0,0.0,749.0,2246.0,3.9,40.0,3.88,17.0,0.0,11299.18,0.0,69.0,134.60000000000002,42.8,51.0,113.9,91.4,67.1,49.1,1.0500000000000114,99.0,13.976,744.9000000000001,56.63,14.268,0.0,0.0,0.0,0.0,0.0,0.0,0.0,0.0,0.0,0.0,0.0,746.1,11.8,3.0,0.0,0.0,0.0,908.0,2857.0,0.0,53.6,1.0,0.0,825.6,0.0,0.0,0.7000000000000001,13.0,0.0,41.0,0.0,51.8,51.8,350.0,825.6,-50.0,0.0,0.0,0.0,0.0,400.0,0.0,0.0,0.0,0.0,0.0,0.0,70.0,748.9000000000001,4.445,0.0,13.9600087,0.2147243427937608,0.0,0.0084798526604628,28.39747313190965,0.0640860142685304,0.0634514992757727,1.4053826154170477,0.0016038692775,0.8732640011243062,2.8461999999999996,0.0,,9.000000000000002,10.0,9.000000000000002,10.0,57.000000000000014,19.499999999999996,75.0,9.5,12.5,21.000000000000007,13.000000000000004,13.000000000000004,-5.967474169599538,5.998717489859223,0.013645012343089924,115.23697363584168,55.57999999999999
255.0,13.6,3.8,749.0,0.0,0.0,0.0,23.0,50.0,50.0,50.0,50.0,50.0,2.8462,50.0,57.2,11299.18,40677048.0,0.0,0.0,5.20138888888889,4.16111111111111,3.90104166666667,25036.1,24773.0,18453.8,17865.9,1280.0,-523.0,-522.0,0.0,749.0,2246.0,3.9,40.0,3.88,17.0,0.0,11299.18,0.0,69.0,134.60000000000002,42.8,51.0,113.9,91.4,67.1,49.1,1.0500000000000114,99.0,13.976,744.9000000000001,56.63,14.268,0.0,0.0,0.0,0.0,0.0,0.0,0.0,0.0,0.0,0.0,0.0,746.1,192.2,3.0,0.0,0.0,0.0,908.0,2857.0,0.0,53.6,1.0,0.0,825.6,0.0,0.0,0.7000000000000001,13.0,0.0,41.0,0.0,51.8,51.8,350.0,825.6,-50.0,0.0,0.0,0.0,0.0,400.0,0.0,0.0,0.0,0.0,0.0,0.0,70.0,748.9000000000001,4.44,0.0,13.9004361,0.2147243427937608,0.0,0.0084798526604628,28.39747313190965,0.0640860142685304,0.0634514992757727,1.4053826154170477,0.0016038692775,0.8732640011243062,2.8461999999999996,0.0,,9.000000000000002,10.0,9.000000000000002,10.0,57.000000000000014,19.499999999999996,75.0,9.5,12.5,21.000000000000007,13.000000000000004,13.000000000000004,-6.576718914663366,5.998717489859223,0.013645012343089924,115.23697363584168,55.57999999999999
256.0,13.6,3.2,748.8,0.0,0.0,0.0,23.0,50.0,50.0,50.0,50.0,50.0,2.39616,50.0,57.2,11299.180555555557,40677050.0,0.0,0.0,5.2,4.16,3.9,25036.1,24773.0,18453.8,17865.9,1280.0,-445.0,-502.0,0.0,749.0,2246.0,3.9,186.0,3.88,17.0,0.0,11299.1805555556,0.0,69.0,134.60000000000002,42.8,51.0,113.9,91.4,67.1,49.1,1.0500000000000114,99.0,13.976,744.9000000000001,56.63,14.268,0.0,0.0,0.0,0.0,0.0,0.0,0.0,0.0,0.0,0.0,0.0,745.3000000000001,192.2,3.0,0.0,0.0,0.0,908.0,2857.0,0.0,53.6,1.0,0.0,825.6,0.0,0.0,0.7000000000000001,13.0,0.0,41.0,0.0,51.8,51.8,350.0,825.6,-50.0,0.0,0.0,0.0,0.0,400.0,0.0,0.0,0.0,0.0,0.0,0.0,70.0,748.9000000000001,4.44,0.0,13.9004361,0.2572671145292857,0.0,0.0103116549351785,28.399304934184364,0.0655147944992888,0.0648661331676127,2.5040064102564106,0.0014146338918399,1.5559169671474362,2.39616,0.0,,9.000000000000002,10.0,9.000000000000002,10.0,57.000000000000014,19.499999999999996,75.0,9.5,12.5,21.000000000000007,13.000000000000004,13.000000000000004,-6.576718914663366,4.998931241549352,0.016592536336820656,115.23992100570167,55.57999999999999
257.0,13.6,3.2,748.8,0.0,0.0,0.0,23.0,50.0,50.0,50.0,50.0,50.0,2.39616,50.0,57.2,11299.180555555557,40677050.0,0.0,0.0,5.2,4.16,3.9,25036.1,24773.0,18453.8,17865.9,1280.0,-445.0,-502.0,0.0,749.0,2246.0,3.9,186.0,3.88,17.0,0.0,11299.1805555556,0.0,69.0,134.60000000000002,42.8,51.0,113.9,91.4,67.1,49.1,1.410000000000025,99.0,13.958,744.7,47.14,14.272,0.0,0.0,0.0,0.0,0.0,0.0,0.0,0.0,0.0,0.0,0.0,745.3000000000001,186.3,3.0,0.0,0.0,0.0,908.0,2857.0,0.0,53.6,1.0,0.0,825.6,0.0,0.0,0.7000000000000001,13.0,0.0,41.0,0.0,51.8,51.8,350.0,825.6,-50.0,0.0,0.0,0.0,0.0,400.0,0.0,0.0,0.0,0.0,0.0,0.0,70.0,748.9000000000001,4.44,0.0,13.960497,0.2572671145292857,0.0,0.0103116549351785,28.399304934184364,0.0655147944992888,0.0648661331676127,2.5040064102564106,0.0014146338918399,1.5559169671474362,2.39616,0.0,,9.000000000000002,10.0,9.000000000000002,10.0,57.000000000000014,19.499999999999996,75.0,9.5,12.5,21.000000000000007,13.000000000000004,13.000000000000004,-5.17076950297761,4.998931241549352,0.016592536336820656,115.23992100570167,45.729999999999976
258.0,13.5,2.5,749.0,0.0,0.0,0.0,23.0,50.0,50.0,50.0,50.0,50.0,1.8725,50.0,57.2,11299.181111111113,40677052.0,0.0,0.0,5.20138888888889,4.16111111111111,3.90104166666667,25036.1,24773.0,18453.8,17865.9,1280.0,-155.0,-176.0,0.0,749.0,2246.0,3.9,90.0,3.88,17.0,0.0,11299.1811111111,0.0,69.0,134.60000000000002,42.8,51.0,113.9,92.3,67.1,49.1,1.410000000000025,99.0,13.958,744.7,47.14,14.272,0.0,0.0,0.0,0.0,0.0,0.0,0.0,0.0,0.0,0.0,0.0,745.6,186.3,3.0,0.0,0.0,0.0,908.0,2857.0,0.0,53.6,1.0,0.0,825.6,0.0,0.0,0.7000000000000001,13.0,0.0,41.0,0.0,51.8,51.8,350.0,825.6,-50.0,0.0,0.0,0.0,0.0,400.0,0.0,0.0,0.0,0.0,0.0,0.0,70.0,748.8000000000001,4.44,0.0,13.960497,0.2626465581227517,0.0,0.0106850990217131,28.3996783782709,0.0666130730379062,0.0659535376612933,2.67022696929239,0.0010874044936805,1.6592016021361813,1.8725,0.0,,9.000000000000002,10.0,9.000000000000002,10.0,57.000000000000014,19.499999999999996,75.0,9.5,12.5,21.000000000000007,13.000000000000004,13.000000000000004,-5.17076950297761,0.9997862483098703,0.01719351046123272,115.24052187723692,45.729999999999976
259.0,13.5,2.5,749.0,0.0,0.0,0.0,23.0,50.0,50.0,50.0,50.0,50.0,1.8725,50.0,57.2,11299.181111111113,40677052.0,0.0,0.0,5.20138888888889,4.16111111111111,3.90104166666667,25036.1,24773.0,18453.8,17865.9,1280.0,-155.0,-176.0,0.0,749.0,2246.0,3.9,90.0,3.88,17.0,0.0,11299.1811111111,0.0,69.0,134.60000000000002,42.8,51.0,113.9,92.3,67.1,49.1,1.410000000000025,99.0,13.958,744.7,47.14,14.272,0.0,0.0,0.0,0.0,0.0,0.0,0.0,0.0,0.0,0.0,0.0,745.6,186.3,3.0,0.0,0.0,0.0,908.0,2857.0,0.0,53.6,1.0,0.0,825.6,0.0,0.0,0.7000000000000001,13.0,0.0,41.0,0.0,51.8,51.8,350.0,825.6,-50.0,0.0,0.0,0.0,0.0,400.0,0.0,0.0,0.0,0.0,0.0,0.0,70.0,748.4000000000001,4.438,1.8066175,13.910690400000002,0.2626465581227517,0.0,0.0106850990217131,28.3996783782709,0.0666130730379062,0.0659535376612933,2.67022696929239,0.0010874044936805,1.6592016021361813,1.8725,0.0,,9.000000000000002,10.0,9.000000000000002,10.0,57.000000000000014,19.499999999999996,75.0,9.5,12.5,21.000000000000007,13.000000000000004,13.000000000000004,0.390541503246043,0.9997862483098703,0.01719351046123272,115.24052187723692,45.729999999999976
260.0,13.5,10.9,747.5,0.0,0.0,0.0,23.0,50.0,50.0,50.0,50.0,50.0,8.14775,50.0,57.2,11299.181666666667,40677054.0,0.0,0.0,5.19097222222222,4.15277777777778,3.89322916666667,25036.1,24773.0,18453.8,17865.9,1300.0,432.0,442.0,0.0,747.0,2246.0,3.88,52.0,3.88,154.0,0.0,11299.1816666667,0.0,69.0,134.60000000000002,42.8,51.0,113.9,92.3,67.1,49.1,1.410000000000025,99.0,13.958,744.7,47.14,14.272,0.0,0.0,0.0,0.0,0.0,0.0,0.0,0.0,0.0,0.0,0.0,744.2,186.3,3.0,0.0,0.0,0.0,908.0,2857.0,0.0,53.6,1.0,0.0,825.6,0.0,0.0,0.7000000000000001,13.0,0.0,41.0,0.0,51.8,51.8,350.0,825.6,-50.0,0.0,0.0,0.0,0.0,400.0,0.0,0.0,0.0,0.0,0.0,0.0,70.0,748.4000000000001,4.438,1.8066175,13.910690400000002,0.3069150926157362,0.0,0.0126480106179909,28.40164128986718,0.0710685439054424,0.0703648949558835,0.1227332699211438,0.0044113572945902,0.076262894664171,8.14775,0.0,,9.000000000000002,10.0,9.000000000000002,10.0,57.000000000000014,19.499999999999996,74.00000000000001,9.5,12.5,21.000000000000007,13.000000000000004,13.000000000000004,0.390541503246043,5.998717489859223,0.02035140531155687,115.24368020199533,45.729999999999976
261.0,13.5,10.9,747.5,0.0,0.0,0.0,23.0,50.0,50.0,50.0,50.0,50.0,8.14775,50.0,57.2,11299.181666666667,40677054.0,0.0,0.0,5.19097222222222,4.15277777777778,3.89322916666667,25036.1,24773.0,18453.8,17865.9,1300.0,432.0,442.0,0.0,747.0,2246.0,3.88,52.0,3.88,154.0,0.0,11299.1816666667,0.0,69.0,134.60000000000002,42.8,51.0,113.9,92.3,67.1,49.1,,,,,,,0.0,0.0,0.0,0.0,0.0,0.0,0.0,0.0,0.0,0.0,0.0,744.2,-80.9,3.0,0.0,0.0,0.0,908.0,2857.0,0.0,53.6,1.0,0.0,825.6,0.0,0.0,0.7000000000000001,13.0,0.0,41.0,0.0,51.8,51.8,350.0,825.6,-50.0,0.0,0.0,0.0,0.0,400.0,0.0,0.0,0.0,0.0,0.0,0.0,70.0,746.2,4.442,22.411822500000003,13.9785641,0.3069150926157362,0.0,0.0126480106179909,28.40164128986718,0.0710685439054424,0.0703648949558835,0.1227332699211438,0.0044113572945902,0.076262894664171,8.14775,0.0,,9.000000000000002,10.0,9.000000000000002,10.0,57.000000000000014,19.499999999999996,74.00000000000001,9.5,,,13.000000000000004,13.000000000000004,8.092019947258011,5.998717489859223,0.02035140531155687,115.24368020199533,
262.0,13.6,19.9,745.7,0.0,0.0,0.0,23.0,50.0,50.0,50.0,50.0,50.0,14.83943,50.0,57.2,11299.182222222222,40677056.0,0.0,0.0,5.17847222222222,4.14277777777778,3.88385416666667,25036.1,24773.0,18453.8,17865.9,1280.0,1060.0,1073.0,0.0,745.0,2246.0,3.88,16.0,3.88,154.0,0.0,11299.1822222222,0.0,69.0,133.7,42.8,51.0,114.8,92.3,67.1,48.2,,,,,,,0.0,0.0,0.0,0.0,0.0,0.0,0.0,0.0,0.0,0.0,0.0,743.3000000000001,-80.9,3.0,0.0,0.0,0.0,908.0,2857.0,0.0,53.6,1.0,0.0,825.6,0.0,0.0,0.7000000000000001,13.0,0.0,41.0,0.0,51.8,51.8,350.0,825.6,-50.0,0.0,0.0,0.0,0.0,400.0,0.0,0.0,0.0,0.0,0.0,0.0,70.0,746.2,4.442,22.411822500000003,13.9785641,0.4186899559356474,0.0,0.0174872494631352,28.40648052871232,0.0794460844698,0.0786594895740594,0.404328198589838,0.0082945946181758,0.2512378170859662,14.83943,0.0,,9.000000000000002,10.0,9.000000000000002,10.0,56.49999999999999,19.499999999999996,75.0,9.000000000000002,,,13.000000000000004,13.000000000000004,8.092019947258011,13.997007476338183,0.028137909854988416,115.25146653729718,
263.0,13.6,19.9,745.7,0.0,0.0,0.0,23.0,50.0,50.0,50.0,50.0,50.0,14.83943,50.0,57.2,11299.182222222222,40677056.0,0.0,0.0,5.17847222222222,4.14277777777778,3.88385416666667,25036.1,24773.0,18453.8,17865.9,1280.0,1060.0,1073.0,0.0,745.0,2246.0,3.88,16.0,3.88,154.0,0.0,11299.1822222222,0.0,69.0,133.7,42.8,51.0,114.8,92.3,67.1,48.2,2.9499999999999886,99.0,13.988,742.0,50.27,14.277,0.0,0.0,0.0,0.0,0.0,0.0,0.0,0.0,0.0,0.0,0.0,743.3000000000001,-5.4,3.0,0.0,0.0,0.0,908.0,2857.0,0.0,53.6,1.0,0.0,825.6,0.0,0.0,0.7000000000000001,13.0,0.0,41.0,0.0,51.8,51.8,350.0,825.6,-50.0,0.0,0.0,0.0,0.0,400.0,0.0,0.0,0.0,0.0,0.0,0.0,70.0,746.2,4.442,22.411822500000003,13.9785641,0.4186899559356474,0.0,0.0174872494631352,28.40648052871232,0.0794460844698,0.0786594895740594,0.404328198589838,0.0082945946181758,0.2512378170859662,14.83943,0.0,,9.000000000000002,10.0,9.000000000000002,10.0,56.49999999999999,19.499999999999996,75.0,9.000000000000002,12.5,21.000000000000007,13.000000000000004,13.000000000000004,8.092019947258011,13.997007476338183,0.028137909854988416,115.25146653729718,47.320000000000014
264.0,13.6,24.5,744.6,0.0,0.0,0.0,23.0,50.0,50.0,50.0,50.0,50.0,18.2427,50.0,57.2,11299.182777777778,40677058.0,0.0,0.0,5.17083333333333,4.13666666666667,3.878125,25036.1,24773.0,18453.8,17865.9,1300.0,1639.0,1616.0,0.0,744.0,2247.0,3.88,16.0,3.86,93.0,0.0,11299.1827777778,0.0,69.0,133.7,42.8,50.0,114.8,92.3,67.1,48.2,2.9499999999999886,99.0,13.988,742.0,50.27,14.277,0.0,0.0,0.0,0.0,0.0,0.0,0.0,0.0,0.0,0.0,0.0,741.1,-5.4,3.0,0.0,0.0,0.0,908.0,2857.0,0.0,53.6,1.0,0.0,825.6,0.0,0.0,0.7000000000000001,13.0,0.0,41.0,0.0,51.8,51.8,350.0,825.6,-50.0,0.0,0.0,0.0,0.0,400.0,0.0,0.0,0.0,0.0,0.0,0.0,70.0,745.0,4.441,22.411822500000003,13.9785641,0.5845237228110199,0.0,0.0247386512765449,28.41373193052573,0.0899687159560357,0.0890779365901344,0.7674302597751431,0.0104184470160749,0.4768589079467405,18.2427,0.0,,9.000000000000002,10.0,9.000000000000002,10.0,56.49999999999999,19.499999999999996,74.00000000000001,9.000000000000002,12.5,21.000000000000007,13.000000000000004,13.000000000000004,8.092019947258011,20.995511214507275,0.03980535513564322,115.26313404281494,47.320000000000014
265.0,13.6,24.5,744.6,0.0,0.0,0.0,23.0,50.0,50.0,50.0,50.0,50.0,18.2427,50.0,57.2,11299.182777777778,40677058.0,0.0,0.0,5.17083333333333,4.13666666666667,3.878125,25036.1,24773.0,18453.8,17865.9,1300.0,1639.0,1616.0,0.0,744.0,2247.0,3.88,16.0,3.86,93.0,0.0,11299.1827777778,0.0,69.0,133.7,42.8,50.0,114.8,92.3,67.1,48.2,0.3899999999999863,99.0,13.972,740.0,52.49,14.282,0.0,0.0,0.0,0.0,0.0,0.0,0.0,0.0,0.0,0.0,0.0,741.1,-11.4,3.0,0.0,0.0,0.0,908.0,2857.0,0.0,53.6,1.0,0.0,825.6,0.0,0.0,0.7000000000000001,13.0,0.0,41.0,0.0,51.8,51.8,350.0,825.6,-50.0,0.0,0.0,0.0,0.0,400.0,0.0,0.0,0.0,0.0,0.0,0.0,70.0,745.0,4.441,23.04658,13.960497,0.5845237228110199,0.0,0.0247386512765449,28.41373193052573,0.0899687159560357,0.0890779365901344,0.7674302597751431,0.0104184470160749,0.4768589079467405,18.2427,0.0,,9.000000000000002,10.0,9.000000000000002,10.0,56.49999999999999,19.499999999999996,74.00000000000001,9.000000000000002,12.5,21.000000000000007,13.000000000000004,13.000000000000004,22.8388671098286,20.995511214507275,0.03980535513564322,115.26313404281494,52.100000000000016
266.0,13.6,23.1,744.8,0.0,0.0,0.0,23.0,50.0,50.0,50.0,50.0,50.0,17.20488,50.0,57.2,11299.183611111112,40677061.0,0.0,0.0,5.17222222222222,4.13777777777778,3.87916666666667,25036.1,24773.1,18453.8,17865.9,1280.0,2127.0,2033.0,0.0,745.0,2247.0,3.88,16.0,3.86,154.0,0.0,11299.1836111111,0.0,69.0,134.60000000000002,42.8,50.0,114.8,93.2,67.1,48.2,0.3899999999999863,99.0,13.972,740.0,52.49,14.282,0.0,0.0,0.0,0.0,0.0,0.0,0.0,0.0,0.0,0.0,0.0,740.8000000000001,-11.4,3.0,0.0,0.0,0.0,908.0,2857.0,0.0,53.6,1.0,0.0,825.6,0.0,0.0,0.7000000000000001,13.0,0.0,41.0,0.0,51.8,51.8,350.0,825.6,-50.0,0.0,0.0,0.0,0.0,400.0,0.0,0.0,0.0,0.0,0.0,0.0,70.0,744.1,4.439,23.04658,13.960497,0.8129207519826562,0.0,0.0348974488984331,28.42389072814762,0.1000941862389278,0.0991031546920077,1.2205839273508448,0.0100252181018733,0.7584354555219218,17.20488,0.0,0.0913095585314656,9.000000000000002,10.0,9.000000000000002,10.0,57.000000000000014,19.499999999999996,75.0,9.000000000000002,12.5,21.000000000000007,13.000000000000004,13.000000000000004,22.8388671098286,26.994228704366495,0.056150930494298625,115.27947954818856,52.100000000000016
267.0,13.6,23.1,744.8,0.0,0.0,0.0,23.0,50.0,50.0,50.0,50.0,50.0,17.20488,50.0,57.2,11299.183611111112,40677061.0,0.0,0.0,5.17222222222222,4.13777777777778,3.87916666666667,25036.1,24773.1,18453.8,17865.9,1280.0,2127.0,2033.0,0.0,745.0,2247.0,3.88,16.0,3.86,154.0,0.0,11299.1836111111,0.0,69.0,134.60000000000002,42.8,50.0,114.8,93.2,67.1,48.2,0.3899999999999863,99.0,13.972,740.0,52.49,14.282,0.0,0.0,0.0,0.0,0.0,0.0,0.0,0.0,0.0,0.0,0.0,740.8000000000001,6.1000000000000005,3.0,0.0,0.0,0.0,908.0,2857.0,0.0,53.6,1.0,0.0,825.6,0.0,0.0,0.7000000000000001,13.0,0.0,41.0,0.0,51.8,51.8,350.0,825.6,-50.0,0.0,0.0,0.0,0.0,400.0,0.0,0.0,0.0,0.0,0.0,0.0,70.0,744.1,4.439,14.5994225,13.9404767,0.8129207519826562,0.0,0.0348974488984331,28.42389072814762,0.1000941862389278,0.0991031546920077,1.2205839273508448,0.0100252181018733,0.7584354555219218,17.20488,0.0,0.0913095585314656,9.000000000000002,10.0,9.000000000000002,10.0,57.000000000000014,19.499999999999996,75.0,9.000000000000002,12.5,21.000000000000007,13.000000000000004,13.000000000000004,27.77531171085858,26.994228704366495,0.056150930494298625,115.27947954818856,52.100000000000016
268.0,13.6,14.0,746.2,0.0,0.0,0.0,23.0,50.0,50.0,50.0,50.0,50.0,10.4468,50.0,60.8,11299.183888888889,40677062.0,0.0,0.0,5.18194444444444,4.14555555555556,3.88645833333333,25036.1,24773.1,18453.8,17865.9,1280.0,2358.0,301.0,0.0,746.0,2247.0,3.88,52.0,3.88,93.0,0.0,11299.1838888889,0.0,69.0,134.60000000000002,42.8,50.0,114.8,93.2,67.1,48.2,0.3899999999999863,99.0,13.972,740.0,52.49,14.282,0.0,0.0,0.0,0.0,0.0,0.0,0.0,0.0,0.0,0.0,0.0,742.3000000000001,6.1000000000000005,3.0,0.0,0.0,0.0,908.0,2857.0,0.0,53.6,1.0,0.0,825.6,0.0,0.0,0.7000000000000001,13.0,0.0,41.0,0.0,51.8,51.8,350.0,825.6,-50.0,0.0,0.0,0.0,0.0,400.0,0.0,0.0,0.0,0.0,0.0,0.0,70.0,746.1,4.442,14.5994225,13.9404767,1.0311365108189758,0.0,0.0448139117553487,28.433807191004536,0.1058905165220045,0.1048420955663411,2.584523490446835,0.0057389408743333,1.6059479457824404,10.4468,0.0,0.083636365819248,9.000000000000002,10.0,9.000000000000002,10.0,57.000000000000014,19.499999999999996,75.0,9.000000000000002,12.5,21.000000000000007,13.000000000000004,13.000000000000004,27.77531171085858,29.99358744929611,0.07210633760324081,115.29543513692535,52.100000000000016
269.0,13.6,14.0,746.2,0.0,0.0,0.0,23.0,50.0,50.0,50.0,50.0,50.0,10.4468,50.0,60.8,11299.183888888889,40677062.0,0.0,0.0,5.18194444444444,4.14555555555556,3.88645833333333,25036.1,24773.1,18453.8,17865.9,1280.0,2358.0,301.0,0.0,746.0,2247.0,3.88,52.0,3.88,93.0,0.0,11299.1838888889,0.0,69.0,134.60000000000002,42.8,50.0,114.8,93.2,67.1,48.2,,,,,,,0.0,0.0,0.0,0.0,0.0,0.0,0.0,0.0,0.0,0.0,0.0,742.3000000000001,6.1000000000000005,3.0,0.0,0.0,0.0,908.0,2857.0,0.0,53.6,1.0,0.0,825.6,0.0,0.0,0.7000000000000001,13.0,0.0,41.0,0.0,51.8,51.8,350.0,825.6,-50.0,0.0,0.0,0.0,0.0,400.0,0.0,0.0,0.0,0.0,0.0,0.0,70.0,746.1,4.442,12.9392875,13.9497544,1.0311365108189758,0.0,0.0448139117553487,28.433807191004536,0.1058905165220045,0.1048420955663411,2.584523490446835,0.0057389408743333,1.6059479457824404,10.4468,0.0,0.083636365819248,9.000000000000002,10.0,9.000000000000002,10.0,57.000000000000014,19.499999999999996,75.0,9.000000000000002,,,13.000000000000004,13.000000000000004,30.477858913321203,29.99358744929611,0.07210633760324081,115.29543513692535,
270.0,13.6,6.7,747.5,0.0,0.0,0.0,23.0,50.0,50.0,50.0,50.0,50.0,5.00825,50.0,60.8,11299.184444444443,40677064.0,0.0,0.0,5.19097222222222,4.15277777777778,3.89322916666667,25036.1,24773.1,18453.8,17865.9,1280.0,2495.0,103.0,0.0,747.0,2247.0,3.88,69.0,3.88,153.0,0.0,11299.1844444444,0.0,69.0,134.60000000000002,42.8,50.0,114.8,93.2,67.1,48.2,,,,,,,0.0,0.0,0.0,0.0,0.0,0.0,0.0,0.0,0.0,0.0,0.0,743.9000000000001,6.1000000000000005,3.0,0.0,0.0,0.0,908.0,2857.0,0.0,53.6,1.0,0.0,825.6,0.0,0.0,0.7000000000000001,13.0,0.0,41.0,0.0,51.8,51.8,350.0,825.6,-50.0,0.0,0.0,0.0,0.0,400.0,0.0,0.0,0.0,0.0,0.0,0.0,69.5,746.5,4.441,12.9392875,13.9497544,1.2576406826898707,0.0,0.0553455320925793,28.444338811341765,0.108617708480353,0.1075422856241119,5.990116308091648,0.0027001900577708,3.722084560475216,5.00825,0.0,0.0597274067416029,9.000000000000002,10.0,9.000000000000002,10.0,57.000000000000014,19.499999999999996,76.0,9.000000000000002,,,13.000000000000004,13.000000000000004,30.477858913321203,30.993373697605982,0.08905191559956506,115.31238051404794,
271.0,13.6,6.7,747.5,0.0,0.0,0.0,23.0,50.0,50.0,50.0,50.0,50.0,5.00825,50.0,60.8,11299.184444444443,40677064.0,0.0,0.0,5.19097222222222,4.15277777777778,3.89322916666667,25036.1,24773.1,18453.8,17865.9,1280.0,2495.0,103.0,0.0,747.0,2247.0,3.88,69.0,3.88,153.0,0.0,11299.1844444444,0.0,69.0,134.60000000000002,42.8,50.0,114.8,93.2,67.1,48.2,0.3299999999999841,99.0,13.972,744.5,49.4,14.269,0.0,0.0,0.0,0.0,0.0,0.0,0.0,0.0,0.0,0.0,0.0,743.9000000000001,-2.9000000000000004,3.0,0.0,0.0,0.0,908.0,2857.0,0.0,53.6,1.0,0.0,825.6,0.0,0.0,0.7000000000000001,13.0,0.0,41.0,0.0,51.8,51.8,350.0,825.6,-50.0,0.0,0.0,0.0,0.0,400.0,0.0,0.0,0.0,0.0,0.0,0.0,69.5,746.5,4.441,9.96081,13.9307107,1.2576406826898707,0.0,0.0553455320925793,28.444338811341765,0.108617708480353,0.1075422856241119,5.990116308091648,0.0027001900577708,3.722084560475216,5.00825,0.0,0.0597274067416029,9.000000000000002,10.0,9.000000000000002,10.0,57.000000000000014,19.499999999999996,76.0,9.000000000000002,12.5,21.999999999999996,13.000000000000004,13.000000000000004,31.321428560332652,30.993373697605982,0.08905191559956506,115.31238051404794,49.070000000000014
272.0,13.6,6.7,747.6,0.0,0.0,0.0,23.0,50.0,50.0,50.0,50.0,50.0,5.00892,50.0,60.8,11299.18527777778,40677067.0,0.0,0.0,5.19166666666667,4.15333333333333,3.89375,25036.1,24773.1,18453.8,17865.9,1460.0,2454.0,0.0,0.0,747.0,2272.0,3.88,3.0,3.88,153.0,0.0,11299.1852777778,0.0,69.0,135.5,42.8,50.0,114.8,93.2,67.1,47.3,0.3299999999999841,99.0,13.972,744.5,49.4,14.269,0.0,0.0,0.0,0.0,0.0,0.0,0.0,0.0,0.0,0.0,0.0,744.5,-2.9000000000000004,3.0,0.0,0.0,0.0,908.0,2857.0,0.0,53.6,1.0,0.0,825.6,0.0,0.0,0.7000000000000001,13.0,0.0,41.0,0.0,51.8,51.8,350.0,825.6,-50.0,0.0,0.0,0.0,0.0,400.0,0.0,0.0,0.0,0.0,0.0,0.0,69.5,747.6,4.44,9.96081,13.9307107,1.4886562794161378,0.0,0.0663636860733317,28.45535696532252,0.1116221195589051,0.1105169500583219,6.188958897327169,0.0029746644342099,3.845639578991081,5.00892,0.0,0.0348798739745209,9.000000000000002,10.0,9.000000000000002,10.0,57.5,19.499999999999996,77.0,8.499999999999998,12.5,21.999999999999996,13.000000000000004,13.000000000000004,31.321428560332652,30.993373697605982,0.1067798963480012,115.330108723803,49.070000000000014
273.0,13.6,6.7,747.6,0.0,0.0,0.0,23.0,50.0,50.0,50.0,50.0,50.0,5.00892,50.0,60.8,11299.18527777778,40677067.0,0.0,0.0,5.19166666666667,4.15333333333333,3.89375,25036.1,24773.1,18453.8,17865.9,1460.0,2454.0,0.0,0.0,747.0,2272.0,3.88,3.0,3.88,153.0,0.0,11299.1852777778,0.0,69.0,135.5,42.8,50.0,114.8,93.2,67.1,47.3,0.2400000000000091,99.0,13.963,743.5,50.24,14.275,0.0,0.0,0.0,0.0,0.0,0.0,0.0,0.0,0.0,0.0,0.0,744.5,6.800000000000001,3.0,0.0,0.0,0.0,908.0,2857.0,0.0,53.6,1.0,0.0,825.6,0.0,0.0,0.7000000000000001,13.0,0.0,41.0,0.0,51.8,51.8,350.0,825.6,-50.0,0.0,0.0,0.0,0.0,400.0,0.0,0.0,0.0,0.0,0.0,0.0,69.5,747.6,4.44,9.96081,13.9414533,1.4886562794161378,0.0,0.0663636860733317,28.45535696532252,0.1116221195589051,0.1105169500583219,6.188958897327169,0.0029746644342099,3.845639578991081,5.00892,0.0,0.0348798739745209,9.000000000000002,10.0,9.000000000000002,10.0,57.5,19.499999999999996,77.0,8.499999999999998,12.5,21.999999999999996,13.000000000000004,13.000000000000004,31.149590298904396,30.993373697605982,0.1067798963480012,115.330108723803,49.99999999999999
274.0,13.6,6.8,747.6,0.0,0.0,0.0,23.0,50.0,50.0,50.0,50.0,50.0,5.08368,50.0,60.8,11299.185833333331,40677069.0,0.0,0.0,5.19166666666667,4.15333333333333,3.89375,25036.1,24773.1,18453.8,17866.0,1880.0,2440.0,0.0,0.0,747.0,2272.0,3.88,9.0,3.88,93.0,0.0,11299.1858333333,0.0,69.0,137.3,42.8,50.0,114.8,93.2,67.1,47.3,0.2400000000000091,99.0,13.963,743.5,50.24,14.275,0.0,0.0,0.0,0.0,0.0,0.0,0.0,0.0,0.0,0.0,0.0,744.0,6.800000000000001,3.0,0.0,0.0,0.0,908.0,2857.0,0.0,53.6,1.0,0.0,825.6,0.0,0.0,0.7000000000000001,13.0,0.0,41.0,0.0,51.8,51.8,350.0,825.6,-50.0,0.0,0.0,0.0,0.0,400.0,0.0,0.0,0.0,0.0,0.0,0.0,69.5,747.7,4.44,9.96081,13.9414533,1.7057400359075685,0.0,0.0770158524218563,28.46600913167104,0.1145265454178579,0.1133926192256019,6.097944795895886,0.00287566916728,3.789086055770622,5.08368,0.0,0.0348798739745209,8.0,10.0,9.000000000000002,10.0,58.5,19.499999999999996,80.0,8.499999999999998,12.5,21.999999999999996,13.000000000000004,13.000000000000004,31.149590298904396,29.99358744929611,0.12391944612366544,115.34724805945775,49.99999999999999
275.0,13.6,6.8,747.6,0.0,0.0,0.0,23.0,50.0,50.0,50.0,50.0,50.0,5.08368,50.0,60.8,11299.185833333331,40677069.0,0.0,0.0,5.19166666666667,4.15333333333333,3.89375,25036.1,24773.1,18453.8,17866.0,1880.0,2440.0,0.0,0.0,747.0,2272.0,3.88,9.0,3.88,93.0,0.0,11299.1858333333,0.0,69.0,137.3,42.8,50.0,114.8,93.2,67.1,47.3,0.3899999999999863,99.0,13.97,743.8000000000001,47.35,14.266,0.0,0.0,0.0,0.0,0.0,0.0,0.0,0.0,0.0,0.0,0.0,744.0,-19.3,3.0,0.0,0.0,0.0,908.0,2857.0,0.0,53.6,1.0,0.0,825.6,0.0,0.0,0.7000000000000001,13.0,0.0,41.0,0.0,51.8,51.8,350.0,825.6,-50.0,0.0,0.0,0.0,0.0,400.0,0.0,0.0,0.0,0.0,0.0,0.0,69.5,747.7,4.44,9.96081,13.9414533,1.7057400359075685,0.0,0.0770158524218563,28.46600913167104,0.1145265454178579,0.1133926192256019,6.097944795895886,0.00287566916728,3.789086055770622,5.08368,0.0,0.0348798739745209,8.0,10.0,9.000000000000002,10.0,58.5,19.499999999999996,80.0,8.499999999999998,12.5,21.999999999999996,13.000000000000004,13.000000000000004,31.149590298904396,29.99358744929611,0.12391944612366544,115.34724805945775,46.960000000000015
276.0,13.6,6.7,747.6,0.0,0.0,0.0,23.0,50.0,50.0,50.0,50.0,50.0,5.00892,50.0,60.8,11299.18638888889,40677071.0,0.0,0.0,5.19166666666667,4.15333333333333,3.89375,25036.1,24773.1,18453.8,17866.0,1880.0,2414.0,0.0,0.0,747.0,2272.0,3.88,16.0,3.88,93.0,0.0,11299.1863888889,0.0,69.0,140.0,42.8,50.0,114.8,93.2,67.1,47.3,0.3899999999999863,99.0,13.97,743.8000000000001,47.35,14.266,0.0,0.0,0.0,0.0,0.0,0.0,0.0,0.0,0.0,0.0,0.0,744.3000000000001,-19.3,3.0,0.0,0.0,0.0,908.0,2857.0,0.0,53.6,1.0,0.0,825.6,0.0,0.0,0.7000000000000001,13.0,0.0,41.0,0.0,51.8,51.8,350.0,825.6,-50.0,0.0,0.0,0.0,0.0,400.0,0.0,0.0,0.0,0.0,0.0,0.0,69.5,747.6,4.44,9.96081,13.9414533,1.7057400359075685,0.0,0.0770158524218563,28.46600913167104,0.1173209352426729,0.1161593418244286,5.989315061929519,0.0027667225988266,3.721586689346207,5.00892,0.0,0.0348798739745209,8.0,10.0,9.000000000000002,10.0,60.0,19.499999999999996,82.0,8.499999999999998,12.5,21.999999999999996,13.000000000000004,13.000000000000004,31.149590298904396,29.99358744929611,0.12391944612366544,115.34724805945775,46.960000000000015
277.0,13.6,6.7,747.6,0.0,0.0,0.0,23.0,50.0,50.0,50.0,50.0,50.0,5.00892,50.0,60.8,11299.18638888889,40677071.0,0.0,0.0,5.19166666666667,4.15333333333333,3.89375,25036.1,24773.1,18453.8,17866.0,1880.0,2414.0,0.0,0.0,747.0,2272.0,3.88,16.0,3.88,93.0,0.0,11299.1863888889,0.0,69.0,140.0,42.8,50.0,114.8,93.2,67.1,47.3,0.3199999999999932,99.0,13.97,743.5,48.03,14.261,0.0,0.0,0.0,0.0,0.0,0.0,0.0,0.0,0.0,0.0,0.0,744.3000000000001,-6.5,3.0,0.0,0.0,0.0,908.0,2857.0,0.0,53.6,1.0,0.0,825.6,0.0,0.0,0.7000000000000001,13.0,0.0,41.0,0.0,51.8,51.8,350.0,825.6,-50.0,0.0,0.0,0.0,0.0,400.0,0.0,0.0,0.0,0.0,0.0,0.0,69.5,747.6,4.44,9.96081,13.950731,1.7057400359075685,0.0,0.0770158524218563,28.46600913167104,0.1173209352426729,0.1161593418244286,5.989315061929519,0.0027667225988266,3.721586689346207,5.00892,0.0,,8.0,10.0,9.000000000000002,10.0,60.0,19.499999999999996,82.0,8.499999999999998,12.5,21.999999999999996,13.000000000000004,13.000000000000004,30.25915567150342,29.99358744929611,0.12391944612366544,115.34724805945775,47.71000000000001
278.0,13.5,7.3,747.5,0.0,0.0,0.0,23.0,50.0,50.0,50.0,50.0,50.0,5.45675,50.0,60.8,11299.186944444444,40677073.0,0.0,0.0,5.19097222222222,4.15277777777778,3.89322916666667,25036.1,24773.1,18453.8,17866.0,1880.0,2349.0,0.0,0.0,747.0,2272.0,3.88,3.0,3.88,154.0,0.0,11299.1869444444,0.0,69.0,141.8,42.8,50.0,114.8,94.1,67.1,46.4,0.3199999999999932,99.0,13.97,743.5,48.03,14.261,0.0,0.0,0.0,0.0,0.0,0.0,0.0,0.0,0.0,0.0,0.0,744.2,-6.5,3.0,0.0,0.0,0.0,908.0,2857.0,0.0,53.6,1.0,0.0,825.6,0.0,0.0,0.7000000000000001,13.0,0.0,41.0,0.0,51.8,51.8,350.0,825.6,-50.0,0.0,0.0,0.0,0.0,400.0,0.0,0.0,0.0,0.0,0.0,0.0,69.5,747.8000000000001,4.442,9.96081,13.950731,2.115693571064878,0.0,0.0978957885946074,28.48688906784379,0.1204346206593843,0.1192421986726577,5.497777981399183,0.0030828568482291,3.4161598020799926,5.45675,0.0,0.0,8.0,10.0,9.000000000000002,10.0,61.0,19.499999999999996,84.0,8.0,12.5,21.999999999999996,13.000000000000004,13.000000000000004,30.25915567150342,29.99358744929611,0.15751490183626227,115.38084387675971,47.71000000000001
279.0,13.5,7.3,747.5,0.0,0.0,0.0,23.0,50.0,50.0,50.0,50.0,50.0,5.45675,50.0,60.8,11299.186944444444,40677073.0,0.0,0.0,5.19097222222222,4.15277777777778,3.89322916666667,25036.1,24773.1,18453.8,17866.0,1880.0,2349.0,0.0,0.0,747.0,2272.0,3.88,3.0,3.88,154.0,0.0,11299.1869444444,0.0,69.0,141.8,42.8,50.0,114.8,94.1,67.1,46.4,0.1700000000000159,99.0,13.968,743.8000000000001,51.96,14.262,0.0,0.0,0.0,0.0,0.0,0.0,0.0,0.0,0.0,0.0,0.0,744.2,0.3,3.0,0.0,0.0,0.0,908.0,2857.0,0.0,53.6,1.0,0.0,825.6,0.0,0.0,0.7000000000000001,13.0,0.0,41.0,0.0,51.8,51.8,350.0,825.6,-50.0,0.0,0.0,0.0,0.0,400.0,0.0,0.0,0.0,0.0,0.0,0.0,69.5,747.8000000000001,4.442,12.10922,13.9414533,2.115693571064878,0.0,0.0978957885946074,28.48688906784379,0.1204346206593843,0.1192421986726577,5.497777981399183,0.0030828568482291,3.4161598020799926,5.45675,0.0,0.0,8.0,10.0,9.000000000000002,10.0,61.0,19.499999999999996,84.0,8.0,12.5,21.999999999999996,13.000000000000004,13.000000000000004,29.634289266309754,29.99358744929611,0.15751490183626227,115.38084387675971,51.789999999999985
280.0,13.5,18.0,745.4,0.0,0.0,0.0,23.0,50.0,50.0,50.0,50.0,50.0,13.4172,50.0,60.8,11299.1875,40677075.0,0.0,0.0,5.17638888888889,4.14111111111111,3.88229166666667,25036.1,24773.1,18453.8,17866.0,1880.0,2436.0,0.0,0.0,745.0,2343.0,3.88,16.0,3.86,154.0,0.0,11299.1875,0.0,69.0,143.60000000000002,42.8,50.0,114.8,94.1,67.1,46.4,0.1700000000000159,99.0,13.968,743.8000000000001,51.96,14.262,0.0,0.0,0.0,0.0,0.0,0.0,0.0,0.0,0.0,0.0,0.0,743.3000000000001,0.3,3.0,0.0,0.0,0.0,908.0,2857.0,0.0,53.6,1.0,0.0,825.6,0.0,0.0,0.7000000000000001,13.0,0.0,41.0,0.0,51.8,51.8,350.0,825.6,-50.0,0.0,0.0,0.0,0.0,400.0,0.0,0.0,0.0,0.0,0.0,0.0,69.5,745.9000000000001,4.442,12.10922,13.9414533,2.3102679562378854,0.0,0.1081726467430207,28.497165925992206,0.1279524234556363,0.1266855677778577,2.235935962794026,0.0074433691051999,1.389345765137287,13.4172,0.0,-0.0027823500773037,8.0,10.0,9.000000000000002,10.0,62.000000000000014,19.499999999999996,86.0,8.0,12.5,21.999999999999996,13.000000000000004,13.000000000000004,29.634289266309754,29.99358744929611,0.174050414086906,115.3973793415205,51.789999999999985
281.0,13.5,18.0,745.4,0.0,0.0,0.0,23.0,50.0,50.0,50.0,50.0,50.0,13.4172,50.0,60.8,11299.1875,40677075.0,0.0,0.0,5.17638888888889,4.14111111111111,3.88229166666667,25036.1,24773.1,18453.8,17866.0,1880.0,2436.0,0.0,0.0,745.0,2343.0,3.88,16.0,3.86,154.0,0.0,11299.1875,0.0,69.0,143.60000000000002,42.8,50.0,114.8,94.1,67.1,46.4,-0.4900000000000091,99.0,13.958,741.9000000000001,49.46,14.269,0.0,0.0,0.0,0.0,0.0,0.0,0.0,0.0,0.0,0.0,0.0,743.3000000000001,-1.2000000000000002,3.0,0.0,0.0,0.0,908.0,2857.0,0.0,53.6,1.0,0.0,825.6,0.0,0.0,0.7000000000000001,13.0,0.0,41.0,0.0,51.8,51.8,350.0,825.6,-50.0,0.0,0.0,0.0,0.0,400.0,0.0,0.0,0.0,0.0,0.0,0.0,69.5,745.9000000000001,4.442,14.745905,13.9414533,2.3102679562378854,0.0,0.1081726467430207,28.497165925992206,0.1279524234556363,0.1266855677778577,2.235935962794026,0.0074433691051999,1.389345765137287,13.4172,0.0,-0.0027823500773037,8.0,10.0,9.000000000000002,10.0,62.000000000000014,19.499999999999996,86.0,8.0,12.5,21.999999999999996,13.000000000000004,13.000000000000004,31.55575346228029,29.99358744929611,0.174050414086906,115.3973793415205,49.95000000000001
282.0,13.6,18.2,745.4,0.0,0.0,0.0,23.0,50.0,50.0,50.0,50.0,50.0,13.56628,50.0,60.8,11299.188055555556,40677077.0,0.0,0.0,5.17638888888889,4.14111111111111,3.88229166666667,25036.1,24773.1,18453.8,17866.0,1880.0,2576.0,0.0,0.0,745.0,2343.0,3.88,1.0,3.86,93.0,0.0,11299.1880555556,0.0,69.0,143.60000000000002,42.8,50.0,114.8,94.1,67.1,46.4,-0.4900000000000091,99.0,13.958,741.9000000000001,49.46,14.269,0.0,0.0,0.0,0.0,0.0,0.0,0.0,0.0,0.0,0.0,0.0,741.6,-1.2000000000000002,3.0,0.0,0.0,0.0,908.0,2857.0,0.0,53.6,1.0,0.0,825.6,0.0,0.0,0.7000000000000001,13.0,0.0,41.0,0.0,51.8,51.8,350.0,825.6,-50.0,0.0,0.0,0.0,0.0,400.0,0.0,0.0,0.0,0.0,0.0,0.0,69.5,745.4000000000001,4.443,14.745905,13.9414533,2.3102679562378854,0.0,0.1081726467430207,28.497165925992206,0.1357352514253501,0.1343913380449011,2.2113652379281574,0.0077057702670433,1.3740782292566571,13.56628,0.0,-0.0027823500773037,8.0,10.0,9.000000000000002,10.0,62.000000000000014,19.499999999999996,86.0,8.0,12.5,21.999999999999996,13.000000000000004,13.000000000000004,31.55575346228029,29.99358744929611,0.174050414086906,115.3973793415205,49.95000000000001
283.0,13.6,18.2,745.4,0.0,0.0,0.0,23.0,50.0,50.0,50.0,50.0,50.0,13.56628,50.0,60.8,11299.188055555556,40677077.0,0.0,0.0,5.17638888888889,4.14111111111111,3.88229166666667,25036.1,24773.1,18453.8,17866.0,1880.0,2576.0,0.0,0.0,745.0,2343.0,3.88,1.0,3.86,93.0,0.0,11299.1880555556,0.0,69.0,145.4,42.8,50.0,114.8,94.1,67.1,45.5,0.5500000000000114,99.0,13.968,741.1,47.38,14.268,0.0,0.0,0.0,0.0,0.0,0.0,0.0,0.0,0.0,0.0,0.0,741.6,-0.4,3.0,0.0,0.0,0.0,908.0,2857.0,0.0,53.6,1.0,0.0,825.6,0.0,0.0,0.7000000000000001,13.0,0.0,41.0,0.0,51.8,51.8,350.0,825.6,-50.0,0.0,0.0,0.0,0.0,400.0,0.0,0.0,0.0,0.0,0.0,0.0,69.5,745.4000000000001,4.443,14.745905,13.9414533,2.5275226715958516,0.0,0.1198264634534319,28.508819742702617,0.1357352514253501,0.1343913380449011,2.2113652379281574,0.0077057702670433,1.3740782292566571,13.56628,0.0,-0.0027823500773037,8.0,10.0,9.000000000000002,10.0,63.0,19.499999999999996,88.0,7.5,12.5,21.999999999999996,13.000000000000004,13.000000000000004,31.55575346228029,31.99315994591585,0.1928014158383443,115.41613033260755,46.82999999999999
284.0,13.5,18.3,745.2,0.0,0.0,0.0,23.0,50.0,50.0,50.0,50.0,50.0,13.63716,50.0,60.8,11299.18861111111,40677079.0,0.0,0.0,5.175,4.14,3.88125,25036.1,24773.1,18453.8,17866.0,1880.0,2681.0,0.0,0.0,745.0,2343.0,3.88,16.0,3.86,154.0,0.0,11299.1886111111,0.0,69.0,146.3,42.8,50.0,114.8,94.1,67.1,45.5,0.5500000000000114,99.0,13.968,741.1,47.38,14.268,0.0,0.0,0.0,0.0,0.0,0.0,0.0,0.0,0.0,0.0,0.0,741.8000000000001,-0.4,3.0,0.0,0.0,0.0,908.0,2857.0,0.0,53.6,1.0,0.0,825.6,0.0,0.0,0.7000000000000001,13.0,0.0,41.0,0.0,51.8,51.8,350.0,825.6,-50.0,0.0,0.0,0.0,0.0,400.0,0.0,0.0,0.0,0.0,0.0,0.0,69.5,744.4000000000001,4.44,14.745905,13.9414533,2.5275226715958516,0.0,0.1198264634534319,28.508819742702617,0.1432891829923738,0.1418704782102711,2.346529629336313,0.00747914016537,1.4580654623103342,13.637160000000002,0.0,-0.0027823500773037,7.000000000000001,10.0,9.000000000000002,10.0,63.5,19.499999999999996,89.0,7.5,12.5,21.999999999999996,13.000000000000004,13.000000000000004,31.55575346228029,31.99315994591585,0.1928014158383443,115.41613033260755,46.82999999999999
285.0,13.5,18.3,745.2,0.0,0.0,0.0,23.0,50.0,50.0,50.0,50.0,50.0,13.63716,50.0,60.8,11299.18861111111,40677079.0,0.0,0.0,5.175,4.14,3.88125,25036.1,24773.1,18453.8,17866.0,1880.0,2681.0,0.0,0.0,745.0,2343.0,3.88,16.0,3.86,154.0,0.0,11299.1886111111,0.0,69.0,146.3,42.8,50.0,114.8,94.1,67.1,45.5,0.2699999999999818,99.0,13.967,741.3000000000001,50.79,14.256,0.0,0.0,0.0,0.0,0.0,0.0,0.0,0.0,0.0,0.0,0.0,741.8000000000001,12.6,3.0,0.0,0.0,0.0,908.0,2857.0,0.0,53.6,1.0,0.0,825.6,0.0,0.0,0.7000000000000001,13.0,0.0,41.0,0.0,51.8,51.8,350.0,825.6,-50.0,0.0,0.0,0.0,0.0,400.0,0.0,0.0,0.0,0.0,0.0,0.0,69.5,744.4000000000001,4.44,14.745905,13.9414533,2.5275226715958516,0.0,0.1198264634534319,28.508819742702617,0.1432891829923738,0.1418704782102711,2.346529629336313,0.00747914016537,1.4580654623103342,13.637160000000002,0.0,,7.000000000000001,10.0,9.000000000000002,10.0,63.5,19.499999999999996,89.0,7.5,12.5,21.999999999999996,13.000000000000004,13.000000000000004,31.55575346228029,31.99315994591585,0.1928014158383443,115.41613033260755,50.52000000000002
286.0,13.5,14.0,745.9,0.0,0.0,0.0,23.0,50.0,50.0,50.0,50.0,50.0,10.4426,50.0,60.8,11299.189166666669,40677081.0,0.0,0.0,5.17986111111111,4.14388888888889,3.88489583333333,25036.1,24773.1,18453.8,17866.0,1880.0,2730.0,0.0,0.0,746.0,2343.0,3.88,16.0,3.88,93.0,0.0,11299.1891666667,0.0,69.0,147.2,42.8,50.0,114.8,94.1,67.1,45.5,0.2699999999999818,99.0,13.967,741.3000000000001,50.79,14.256,0.0,0.0,0.0,0.0,0.0,0.0,0.0,0.0,0.0,0.0,0.0,742.1,12.6,3.0,0.0,0.0,0.0,908.0,2857.0,0.0,53.6,1.0,0.0,825.6,0.0,0.0,0.7000000000000001,13.0,0.0,41.0,0.0,51.8,51.8,350.0,825.6,-50.0,0.0,0.0,0.0,0.0,400.0,0.0,0.0,0.0,0.0,0.0,0.0,69.5,745.3000000000001,4.44,,,2.5275226715958516,0.0,0.1198264634534319,28.508819742702617,0.1490337323259656,0.1475581508177877,3.0643709421025416,0.0056876726075166,1.9041112366651984,10.4426,0.0,,7.000000000000001,10.0,9.000000000000002,10.0,64.0,19.499999999999996,89.0,7.5,12.5,21.999999999999996,13.000000000000004,13.000000000000004,,31.99315994591585,0.1928014158383443,115.41613033260755,50.52000000000002
287.0,13.5,14.0,745.9,0.0,0.0,0.0,23.0,50.0,50.0,50.0,50.0,50.0,10.4426,50.0,60.8,11299.189166666669,40677081.0,0.0,0.0,5.17986111111111,4.14388888888889,3.88489583333333,25036.1,24773.1,18453.8,17866.0,1880.0,2730.0,0.0,0.0,746.0,2343.0,3.88,16.0,3.88,93.0,0.0,11299.1891666667,0.0,69.0,147.2,,,,,,,0.3299999999999841,99.0,13.967,742.2,48.35,14.257,0.0,0.0,0.0,0.0,0.0,0.0,0.0,0.0,0.0,0.0,0.0,742.1,4.800000000000001,3.0,0.0,0.0,0.0,908.0,2857.0,0.0,53.6,1.0,0.0,825.6,0.0,0.0,0.7000000000000001,13.0,0.0,41.0,0.0,51.8,51.8,350.0,825.6,-50.0,0.0,0.0,0.0,0.0,400.0,0.0,0.0,0.0,0.0,0.0,0.0,69.5,745.3000000000001,4.44,12.9392875,13.9497544,,0.0,,,0.1490337323259656,0.1475581508177877,3.0643709421025416,0.0056876726075166,1.9041112366651984,10.4426,0.0,,7.000000000000001,10.0,9.000000000000002,10.0,64.0,,89.0,,12.5,21.999999999999996,13.000000000000004,13.000000000000004,34.414517266041315,,,,48.02000000000002
288.0,13.5,13.9,745.9,0.0,0.0,0.0,23.0,50.0,50.0,50.0,50.0,50.0,10.36801,50.0,60.8,11299.18972222222,40677083.0,0.0,0.0,5.17986111111111,4.14388888888889,3.88489583333333,25036.1,24773.1,18453.8,17866.0,1880.0,2696.0,0.0,0.0,746.0,2343.0,3.88,16.0,3.88,154.0,0.0,11299.1897222222,0.0,69.0,147.2,,,,,,,0.3299999999999841,99.0,13.967,742.2,48.35,14.257,0.0,0.0,0.0,0.0,0.0,0.0,0.0,0.0,0.0,0.0,0.0,743.1,4.800000000000001,3.0,0.0,0.0,0.0,908.0,2857.0,0.0,53.6,1.0,0.0,825.6,0.0,0.0,0.7000000000000001,13.0,0.0,41.0,0.0,51.8,51.8,350.0,825.6,-50.0,0.0,0.0,0.0,0.0,400.0,0.0,0.0,0.0,0.0,0.0,0.0,69.5,745.8000000000001,4.443,12.9392875,13.9497544,,0.0,,,0.1551655901572946,0.1536292971854402,3.0643709421025416,0.0060711463676525,1.9041112366651984,10.36801,0.0,,7.000000000000001,10.0,9.000000000000002,10.0,64.0,,89.0,,12.5,21.999999999999996,13.000000000000004,13.000000000000004,34.414517266041315,,,,48.02000000000002
289.0,13.5,13.9,745.9,0.0,0.0,0.0,23.0,50.0,50.0,50.0,50.0,50.0,10.36801,50.0,60.8,11299.18972222222,40677083.0,0.0,0.0,5.17986111111111,4.14388888888889,3.88489583333333,25036.1,24773.1,18453.8,17866.0,1880.0,2696.0,0.0,0.0,746.0,2343.0,3.88,16.0,3.88,154.0,0.0,11299.1897222222,0.0,69.0,148.10000000000002,,,,,,,0.2800000000000295,99.0,13.968,742.5,47.93,14.263,0.0,0.0,0.0,0.0,0.0,0.0,0.0,0.0,0.0,0.0,0.0,743.1,0.6000000000000001,3.0,0.0,0.0,0.0,908.0,2857.0,0.0,53.6,1.0,0.0,825.6,0.0,0.0,0.7000000000000001,13.0,0.0,41.0,0.0,51.8,51.8,350.0,825.6,-50.0,0.0,0.0,0.0,0.0,400.0,0.0,0.0,0.0,0.0,0.0,0.0,69.5,745.8000000000001,4.443,13.769355,13.9404767,,0.0,,,0.1551655901572946,0.1536292971854402,3.0643709421025416,0.0060711463676525,1.9041112366651984,10.36801,0.0,,7.000000000000001,10.0,9.000000000000002,10.0,64.50000000000001,,90.0,,12.5,21.999999999999996,13.000000000000004,13.000000000000004,33.46159599812097,,,,47.64999999999997
290.0,13.5,13.9,745.9,0.0,0.0,0.0,23.0,50.0,50.0,50.0,50.0,50.0,10.36801,50.0,60.8,11299.18972222222,40677083.0,0.0,0.0,5.17986111111111,4.14388888888889,3.88489583333333,25036.1,24773.1,18453.8,17866.0,1880.0,2696.0,0.0,0.0,746.0,2343.0,3.88,16.0,3.88,154.0,0.0,11299.1897222222,0.0,69.0,148.10000000000002,,,,,,,0.2800000000000295,99.0,13.968,742.5,47.93,14.263,0.0,0.0,0.0,0.0,0.0,0.0,0.0,0.0,0.0,0.0,0.0,740.9000000000001,0.6000000000000001,3.0,0.0,0.0,0.0,908.0,2857.0,0.0,53.6,1.0,0.0,825.6,0.0,0.0,0.7000000000000001,13.0,0.0,41.0,0.0,51.8,51.8,350.0,825.6,-50.0,0.0,0.0,0.0,0.0,400.0,0.0,0.0,0.0,0.0,0.0,0.0,69.5,745.2,4.439,13.769355,13.9404767,,0.0,,,0.1551655901572946,0.1536292971854402,3.0643709421025416,0.0060711463676525,1.9041112366651984,10.36801,0.0,,7.000000000000001,10.0,9.000000000000002,10.0,64.50000000000001,,90.0,,12.5,21.999999999999996,13.000000000000004,12.0,33.46159599812097,,,,47.64999999999997
291.0,13.5,24.0,744.0,0.0,0.0,0.0,23.0,50.0,50.0,50.0,50.0,50.0,17.856,50.0,60.8,11299.190277777778,40677085.0,0.0,0.0,5.16666666666667,4.13333333333333,3.875,25036.1,24773.1,18453.8,17866.0,1880.0,2675.0,0.0,0.0,744.0,2336.0,3.88,16.0,3.86,154.0,0.0,11299.1902777778,0.0,69.0,148.10000000000002,41.9,49.0,114.8,94.1,68.0,44.6,0.1500000000000341,99.0,13.967,739.3000000000001,52.2,14.264,0.0,0.0,0.0,0.0,0.0,0.0,0.0,0.0,0.0,0.0,0.0,740.9000000000001,0.6000000000000001,3.0,0.0,0.0,0.0,908.0,2857.0,0.0,53.6,1.0,0.0,825.6,0.0,0.0,0.7000000000000001,13.0,0.0,41.0,0.0,51.8,51.8,350.0,825.6,-50.0,0.0,0.0,0.0,0.0,400.0,0.0,0.0,0.0,0.0,0.0,0.0,69.5,745.2,4.439,13.769355,13.9404767,3.3970531724449984,0.0,0.1689483416845621,28.557941620933747,0.1666094763128146,0.1649598775374402,,0.011330580352,,17.856,0.0,0.0068865277421025,7.000000000000001,10.0,9.000000000000002,10.0,64.50000000000001,20.0,90.0,7.000000000000001,12.5,21.999999999999996,13.000000000000004,12.0,33.46159599812097,33.99273244253559,0.27183867532302314,115.49516743468145,52.04999999999997
292.0,13.5,24.0,744.0,0.0,0.0,0.0,23.0,50.0,50.0,50.0,50.0,50.0,17.856,50.0,60.8,11299.190277777778,40677085.0,0.0,0.0,5.16666666666667,4.13333333333333,3.875,25036.1,24773.1,18453.8,17866.0,1880.0,2675.0,0.0,0.0,744.0,2336.0,3.88,16.0,3.86,154.0,0.0,11299.1902777778,0.0,69.0,148.10000000000002,41.9,49.0,114.8,94.1,68.0,44.6,0.1500000000000341,99.0,13.967,739.3000000000001,52.2,14.264,0.0,0.0,0.0,0.0,0.0,0.0,0.0,0.0,0.0,0.0,0.0,740.9000000000001,-3.3000000000000003,3.0,0.0,0.0,0.0,908.0,2857.0,0.0,53.6,1.0,0.0,825.6,0.0,0.0,0.7000000000000001,13.0,0.0,41.0,0.0,51.8,51.8,350.0,825.6,-50.0,0.0,0.0,0.0,0.0,400.0,0.0,0.0,0.0,0.0,0.0,0.0,69.5,743.8000000000001,4.44,17.4314175,13.9404767,3.3970531724449984,0.0,0.1689483416845621,28.557941620933747,0.1666094763128146,0.1649598775374402,,0.011330580352,,17.856,0.0,0.0068865277421025,7.000000000000001,10.0,9.000000000000002,10.0,64.50000000000001,20.0,90.0,7.000000000000001,12.5,21.999999999999996,13.000000000000004,12.0,34.24267900461306,33.99273244253559,0.27183867532302314,115.49516743468145,52.04999999999997
293.0,13.5,25.0,743.7,0.0,0.0,0.0,23.0,50.0,50.0,50.0,50.0,50.0,18.5925,50.0,60.8,11299.190833333334,40677087.0,0.0,0.0,5.16458333333333,4.13166666666667,3.8734375,25036.1,24773.2,18453.8,17866.0,1880.0,2754.0,0.0,0.0,743.0,2336.0,3.86,16.0,3.86,154.0,0.0,11299.1908333333,0.0,69.0,149.0,41.9,49.0,114.8,95.0,68.0,44.6,0.1500000000000341,99.0,13.967,739.3000000000001,52.2,14.264,0.0,0.0,0.0,0.0,0.0,0.0,0.0,0.0,0.0,0.0,0.0,740.0,-3.3000000000000003,3.0,0.0,0.0,0.0,908.0,2857.0,0.0,53.6,1.0,0.0,825.6,0.0,0.0,0.7000000000000001,13.0,0.0,41.0,0.0,51.8,51.8,350.0,825.6,-50.0,0.0,0.0,0.0,0.0,400.0,0.0,0.0,0.0,0.0,0.0,0.0,69.5,743.8000000000001,4.44,17.4314175,13.9404767,3.6217589068155354,0.0,0.1823569106418515,28.57135018989104,0.1787301562618584,0.1769605507543152,5.285502457360885,0.012000673216875,3.28425794743279,18.5925,0.0,0.0096215950720179,7.000000000000001,10.0,9.000000000000002,10.0,65.0,20.0,92.0,7.000000000000001,12.5,21.999999999999996,13.000000000000004,12.0,34.24267900461306,34.99251869084546,0.2934128733713516,115.51674182213372,52.04999999999997
294.0,13.5,25.0,743.7,0.0,0.0,0.0,23.0,50.0,50.0,50.0,50.0,50.0,18.5925,50.0,60.8,11299.190833333334,40677087.0,0.0,0.0,5.16458333333333,4.13166666666667,3.8734375,25036.1,24773.2,18453.8,17866.0,1880.0,2754.0,0.0,0.0,743.0,2336.0,3.86,16.0,3.86,154.0,0.0,11299.1908333333,0.0,69.0,149.0,41.9,49.0,114.8,95.0,68.0,44.6,0.0300000000000295,99.0,13.964,739.5,46.71,14.259,0.0,0.0,0.0,0.0,0.0,0.0,0.0,0.0,0.0,0.0,0.0,740.0,-0.2,3.0,0.0,0.0,0.0,908.0,2857.0,0.0,53.6,1.0,0.0,825.6,0.0,0.0,0.7000000000000001,13.0,0.0,41.0,0.0,51.8,51.8,350.0,825.6,-50.0,0.0,0.0,0.0,0.0,400.0,0.0,0.0,0.0,0.0,0.0,0.0,69.5,743.7,4.441,17.4314175,13.9404767,3.6217589068155354,0.0,0.1823569106418515,28.57135018989104,0.1787301562618584,0.1769605507543152,5.285502457360885,0.012000673216875,3.28425794743279,18.5925,0.0,0.0096215950720179,7.000000000000001,10.0,9.000000000000002,10.0,65.0,20.0,92.0,7.000000000000001,12.5,21.999999999999996,13.000000000000004,12.0,34.24267900461306,34.99251869084546,0.2934128733713516,115.51674182213372,46.67999999999997
295.0,13.6,20.4,744.3,0.0,0.0,0.0,23.0,50.0,50.0,50.0,50.0,50.0,15.18372,50.0,60.8,11299.191388888888,40677089.0,0.0,0.0,5.16875,4.135,3.8765625,25036.1,24773.2,18453.8,17866.0,1880.0,2826.0,0.0,0.0,744.0,2336.0,3.86,16.0,3.86,102.0,0.0,11299.1913888889,0.0,69.0,149.0,41.9,49.0,114.8,95.0,68.0,44.6,0.2800000000000295,99.0,13.967,740.3000000000001,47.53,14.264,0.0,0.0,0.0,0.0,0.0,0.0,0.0,0.0,0.0,0.0,0.0,739.8000000000001,-0.2,3.0,0.0,0.0,0.0,908.0,2857.0,0.0,53.6,1.0,0.0,825.6,0.0,0.0,0.7000000000000001,13.0,0.0,41.0,0.0,51.8,51.8,350.0,825.6,-50.0,0.0,0.0,0.0,0.0,400.0,0.0,0.0,0.0,0.0,0.0,0.0,69.5,743.7,4.441,17.4314175,13.9404767,3.6217589068155354,0.0,0.1823569106418515,28.57135018989104,0.1871053513358634,0.1852528231048152,2.305100462864173,0.0082922723504999,1.4323225797103742,15.183719999999996,0.0,0.0096215950720179,7.000000000000001,10.0,9.000000000000002,10.0,65.0,20.0,92.0,7.000000000000001,12.5,21.999999999999996,13.000000000000004,12.0,34.24267900461306,34.99251869084546,0.2934128733713516,115.51674182213372,47.24999999999997
296.0,13.6,20.4,744.3,0.0,0.0,0.0,23.0,50.0,50.0,50.0,50.0,50.0,15.18372,50.0,60.8,11299.191388888888,40677089.0,0.0,0.0,5.16875,4.135,3.8765625,25036.1,24773.2,18453.8,17866.0,1880.0,2826.0,0.0,0.0,744.0,2336.0,3.86,16.0,3.86,102.0,0.0,11299.1913888889,0.0,69.0,149.0,41.9,49.0,114.8,95.0,68.0,44.6,0.2800000000000295,99.0,13.967,740.3000000000001,47.53,14.264,0.0,0.0,0.0,0.0,0.0,0.0,0.0,0.0,0.0,0.0,0.0,739.8000000000001,-1.2000000000000002,3.0,0.0,0.0,0.0,908.0,2857.0,0.0,53.6,1.0,0.0,825.6,0.0,0.0,0.7000000000000001,13.0,0.0,41.0,0.0,51.8,51.8,350.0,825.6,-50.0,0.0,0.0,0.0,0.0,400.0,0.0,0.0,0.0,0.0,0.0,0.0,69.5,744.5,4.44,14.941215,13.9404767,3.6217589068155354,0.0,0.1823569106418515,28.57135018989104,0.1871053513358634,0.1852528231048152,2.305100462864173,0.0082922723504999,1.4323225797103742,15.183719999999996,0.0,0.0096215950720179,7.000000000000001,10.0,9.000000000000002,10.0,65.0,20.0,92.0,7.000000000000001,12.5,21.999999999999996,13.000000000000004,12.0,35.60176343590929,34.99251869084546,0.2934128733713516,115.51674182213372,47.24999999999997
297.0,13.5,18.8,744.6,0.0,0.0,0.0,23.0,50.0,50.0,50.0,50.0,50.0,13.99848,50.0,60.8,11299.191944444445,40677091.0,0.0,0.0,5.17083333333333,4.13666666666667,3.878125,25036.1,24773.2,18453.8,17866.0,1880.0,2844.0,0.0,0.0,744.0,2336.0,3.88,52.0,3.86,154.0,0.0,11299.1919444444,0.0,69.0,149.9,41.9,49.0,115.7,95.0,68.0,43.7,0.2800000000000295,99.0,13.967,740.3000000000001,47.53,14.264,0.0,0.0,0.0,0.0,0.0,0.0,0.0,0.0,0.0,0.0,0.0,741.3000000000001,-1.2000000000000002,3.0,0.0,0.0,0.0,908.0,2857.0,0.0,53.6,1.0,0.0,825.6,0.0,0.0,0.7000000000000001,13.0,0.0,41.0,0.0,51.8,51.8,350.0,825.6,-50.0,0.0,0.0,0.0,0.0,400.0,0.0,0.0,0.0,0.0,0.0,0.0,69.5,744.5,4.44,14.941215,13.9404767,4.03176987001428,0.0,0.2075398423208462,28.596533121570033,0.1952816200314115,0.1933481386449619,2.5002714580440157,0.0080953155401466,1.5535961761562682,13.99848,0.0,0.0101430426275306,5.999999999999998,10.0,9.000000000000002,10.0,65.5,20.0,93.0,6.500000000000002,12.5,21.999999999999996,13.000000000000004,12.0,35.60176343590929,35.992304939155325,0.3339325883620558,115.55726115920524,47.24999999999997
298.0,13.5,18.8,744.6,0.0,0.0,0.0,23.0,50.0,50.0,50.0,50.0,50.0,13.99848,50.0,60.8,11299.191944444445,40677091.0,0.0,0.0,5.17083333333333,4.13666666666667,3.878125,25036.1,24773.2,18453.8,17866.0,1880.0,2844.0,0.0,0.0,744.0,2336.0,3.88,52.0,3.86,154.0,0.0,11299.1919444444,0.0,69.0,149.9,41.9,49.0,115.7,95.0,68.0,43.7,0.1800000000000068,99.0,13.966,740.8000000000001,46.69,14.258,0.0,0.0,0.0,0.0,0.0,0.0,0.0,0.0,0.0,0.0,0.0,741.3000000000001,6.5,3.0,0.0,0.0,0.0,908.0,2857.0,0.0,53.6,1.0,0.0,825.6,0.0,0.0,0.7000000000000001,13.0,0.0,41.0,0.0,51.8,51.8,350.0,825.6,-50.0,0.0,0.0,0.0,0.0,400.0,0.0,0.0,0.0,0.0,0.0,0.0,69.5,744.5,4.44,14.941215,13.9497544,4.03176987001428,0.0,0.2075398423208462,28.596533121570033,0.1952816200314115,0.1933481386449619,2.5002714580440157,0.0080953155401466,1.5535961761562682,13.99848,0.0,0.0101430426275306,5.999999999999998,10.0,9.000000000000002,10.0,65.5,20.0,93.0,6.500000000000002,12.5,21.999999999999996,13.000000000000004,12.0,36.27349482149248,35.992304939155325,0.3339325883620558,115.55726115920524,46.50999999999999
299.0,13.5,20.1,744.1,0.0,0.0,0.0,23.0,50.0,50.0,50.0,50.0,50.0,14.95641,50.0,60.8,11299.192777777778,40677094.0,0.0,0.0,5.16736111111111,4.13388888888889,3.87552083333333,25036.1,24773.2,18453.8,17866.0,1880.0,2929.0,0.0,0.0,744.0,2335.0,3.88,16.0,3.86,102.0,0.0,11299.1927777778,0.0,69.0,150.8,41.9,49.0,115.7,95.0,68.0,43.7,0.1800000000000068,99.0,13.966,740.8000000000001,46.69,14.258,0.0,0.0,0.0,0.0,0.0,0.0,0.0,0.0,0.0,0.0,0.0,741.1,6.5,3.0,0.0,0.0,0.0,908.0,2857.0,0.0,53.6,1.0,0.0,825.6,0.0,0.0,0.7000000000000001,13.0,0.0,41.0,0.0,51.8,51.8,350.0,825.6,-50.0,0.0,0.0,0.0,0.0,400.0,0.0,0.0,0.0,0.0,0.0,0.0,69.5,744.5,4.446,14.941215,13.9497544,4.03176987001428,0.0,0.2075398423208462,28.596533121570033,0.2041492930152567,0.2021280128863928,2.4069947266757192,0.0087798742414308,1.495636720309219,14.956410000000002,0.0,0.0101430426275306,5.999999999999998,10.0,9.000000000000002,10.0,66.0,20.0,93.0,6.500000000000002,12.5,21.999999999999996,13.000000000000004,12.0,36.27349482149248,35.992304939155325,0.3339325883620558,115.55726115920524,46.50999999999999
300.0,13.5,20.1,744.1,0.0,0.0,0.0,23.0,50.0,50.0,50.0,50.0,50.0,14.95641,50.0,60.8,11299.192777777778,40677094.0,0.0,0.0,5.16736111111111,4.13388888888889,3.87552083333333,25036.1,24773.2,18453.8,17866.0,1880.0,2929.0,0.0,0.0,744.0,2335.0,3.88,16.0,3.86,102.0,0.0,11299.1927777778,0.0,69.0,150.8,41.9,49.0,115.7,95.0,68.0,43.7,0.1700000000000159,99.0,13.965,740.0,51.92,14.264,0.0,0.0,0.0,0.0,0.0,0.0,0.0,0.0,0.0,0.0,0.0,741.1,4.4,3.0,0.0,0.0,0.0,908.0,2857.0,0.0,53.6,1.0,0.0,825.6,0.0,0.0,0.7000000000000001,13.0,0.0,41.0,0.0,51.8,51.8,350.0,825.6,-50.0,0.0,0.0,0.0,0.0,400.0,0.0,0.0,0.0,0.0,0.0,0.0,69.5,744.5,4.446,14.941215,13.9497544,4.03176987001428,0.0,0.2075398423208462,28.596533121570033,0.2041492930152567,0.2021280128863928,2.4069947266757192,0.0087798742414308,1.495636720309219,14.956410000000002,0.0,0.0101430426275306,5.999999999999998,10.0,9.000000000000002,10.0,66.0,20.0,93.0,6.500000000000002,12.5,21.999999999999996,13.000000000000004,12.0,36.27349482149248,35.992304939155325,0.3339325883620558,115.55726115920524,51.749999999999986
301.0,13.5,19.9,744.2,0.0,0.0,0.0,23.0,50.0,50.0,50.0,50.0,50.0,14.80958,50.0,60.8,11299.193333333333,40677096.0,0.0,0.0,5.16805555555556,4.13444444444444,3.87604166666667,25036.1,24773.2,18453.8,17866.0,1880.0,3070.0,0.0,0.0,744.0,2335.0,3.88,16.0,3.86,154.0,0.0,11299.1933333333,0.0,69.0,150.8,41.9,49.0,115.7,95.0,68.0,43.7,0.1700000000000159,99.0,13.965,740.0,51.92,14.264,0.0,0.0,0.0,0.0,0.0,0.0,0.0,0.0,0.0,0.0,0.0,740.5,4.4,3.0,0.0,0.0,0.0,908.0,2857.0,0.0,53.6,1.0,0.0,825.6,0.0,0.0,0.7000000000000001,13.0,0.0,41.0,0.0,51.8,51.8,350.0,825.6,-50.0,0.0,0.0,0.0,0.0,400.0,0.0,0.0,0.0,0.0,0.0,0.0,69.5,744.3000000000001,4.441,14.941215,13.9497544,4.03176987001428,0.0,0.2075398423208462,28.596533121570033,0.2134658725131441,0.211352349022915,2.4308589440078654,0.0092243361365222,1.5104652528971114,14.80958,0.0,0.0101430426275306,5.999999999999998,10.0,9.000000000000002,10.0,66.0,20.0,93.0,6.500000000000002,12.5,21.999999999999996,13.000000000000004,12.0,36.27349482149248,35.992304939155325,0.3339325883620558,115.55726115920524,51.749999999999986
302.0,13.5,19.9,744.2,0.0,0.0,0.0,23.0,50.0,50.0,50.0,50.0,50.0,14.80958,50.0,60.8,11299.193333333333,40677096.0,0.0,0.0,5.16805555555556,4.13444444444444,3.87604166666667,25036.1,24773.2,18453.8,17866.0,1880.0,3070.0,0.0,0.0,744.0,2335.0,3.88,16.0,3.86,154.0,0.0,11299.1933333333,0.0,69.0,151.7,41.0,49.0,115.7,95.0,68.0,43.7,0.1899999999999977,99.0,13.966,740.4000000000001,51.55,14.265,0.0,0.0,0.0,0.0,0.0,0.0,0.0,0.0,0.0,0.0,0.0,740.5,-4.0,3.0,0.0,0.0,0.0,908.0,2857.0,0.0,53.6,1.0,0.0,825.6,0.0,0.0,0.7000000000000001,13.0,0.0,41.0,0.0,51.8,51.8,350.0,825.6,-50.0,0.0,0.0,0.0,0.0,400.0,0.0,0.0,0.0,0.0,0.0,0.0,69.5,744.3000000000001,4.441,15.234180000000002,13.9404767,4.494576377165193,0.0,0.2367877843394575,28.625781063588644,0.2134658725131441,0.211352349022915,2.4308589440078654,0.0092243361365222,1.5104652528971114,14.80958,0.0,0.0104229554413865,5.999999999999998,10.0,9.000000000000002,10.0,66.5,20.0,94.0,6.500000000000002,12.5,21.999999999999996,13.000000000000004,12.0,39.47593514811003,38.99166368408494,0.38099295406204486,115.60432109791319,51.36
303.0,13.5,15.9,744.9,0.0,0.0,0.0,23.0,50.0,50.0,50.0,50.0,50.0,11.84391,50.0,60.8,11299.193888888887,40677098.0,0.0,0.0,5.17291666666667,4.13833333333333,3.8796875,25036.1,24773.2,18453.8,17866.0,1880.0,3176.0,0.0,0.0,745.0,2335.0,3.88,16.0,3.86,154.0,0.0,11299.1938888889,0.0,69.0,151.7,41.0,49.0,115.7,95.0,68.0,43.7,0.1899999999999977,99.0,13.966,740.4000000000001,51.55,14.265,0.0,0.0,0.0,0.0,0.0,0.0,0.0,0.0,0.0,0.0,0.0,741.3000000000001,-4.0,3.0,0.0,0.0,0.0,908.0,2857.0,0.0,53.6,1.0,0.0,825.6,0.0,0.0,0.7000000000000001,13.0,0.0,41.0,0.0,51.8,51.8,350.0,825.6,-50.0,0.0,0.0,0.0,0.0,400.0,0.0,0.0,0.0,0.0,0.0,0.0,69.5,744.5,4.44,15.234180000000002,13.9404767,4.494576377165193,0.0,0.2367877843394575,28.625781063588644,0.2202377048403706,0.2180571335053175,3.292831505811848,0.0067047844824025,2.046070005597814,11.84391,0.0,0.0104229554413865,5.999999999999998,10.0,9.000000000000002,10.0,66.5,20.0,94.0,6.500000000000002,12.5,21.999999999999996,13.000000000000004,12.0,39.47593514811003,38.99166368408494,0.38099295406204486,115.60432109791319,51.36
304.0,13.5,15.9,744.9,0.0,0.0,0.0,23.0,50.0,50.0,50.0,50.0,50.0,11.84391,50.0,60.8,11299.193888888887,40677098.0,0.0,0.0,5.17291666666667,4.13833333333333,3.8796875,25036.1,24773.2,18453.8,17866.0,1880.0,3176.0,0.0,0.0,745.0,2335.0,3.88,16.0,3.86,154.0,0.0,11299.1938888889,0.0,69.0,151.7,41.0,49.0,115.7,95.0,68.0,42.8,0.0099999999999909,99.0,13.963,740.5,48.72,14.265,0.0,0.0,0.0,0.0,0.0,0.0,0.0,0.0,0.0,0.0,0.0,741.3000000000001,15.0,3.0,0.0,0.0,0.0,908.0,2857.0,0.0,53.6,1.0,0.0,825.6,0.0,0.0,0.7000000000000001,13.0,0.0,41.0,0.0,51.8,51.8,350.0,825.6,-50.0,0.0,0.0,0.0,0.0,400.0,0.0,0.0,0.0,0.0,0.0,0.0,69.5,744.5,4.44,12.597495000000002,13.9316873,4.714855340417037,0.0,0.2511097689493358,28.64010304819852,0.2202377048403706,0.2180571335053175,3.292831505811848,0.0067047844824025,2.046070005597814,11.84391,0.0,0.013376060344882,5.999999999999998,10.0,9.000000000000002,10.0,66.5,20.0,94.0,5.999999999999998,12.5,21.999999999999996,13.000000000000004,12.0,40.27263981473197,39.991449932394815,0.4040366962590035,115.62736517115047,48.71000000000001
305.0,13.5,15.9,744.9,0.0,0.0,0.0,23.0,50.0,50.0,50.0,50.0,50.0,11.84391,50.0,60.8,11299.193888888887,40677098.0,0.0,0.0,5.17291666666667,4.13833333333333,3.8796875,25036.1,24773.2,18453.8,17866.0,1800.0,3176.0,0.0,0.0,745.0,2335.0,3.88,16.0,3.86,154.0,0.0,11299.1938888889,0.0,69.0,151.7,41.0,49.0,115.7,95.0,68.0,42.8,0.0099999999999909,99.0,13.963,740.5,48.72,14.265,0.0,0.0,0.0,0.0,0.0,0.0,0.0,0.0,0.0,0.0,0.0,742.8000000000001,15.0,3.0,0.0,0.0,0.0,908.0,2857.0,0.0,53.6,1.0,0.0,825.6,0.0,0.0,0.7000000000000001,13.0,0.0,41.0,0.0,51.8,51.8,350.0,825.6,-50.0,0.0,0.0,0.0,0.0,400.0,0.0,0.0,0.0,0.0,0.0,0.0,69.5,745.3000000000001,4.44,12.597495000000002,13.9316873,4.714855340417037,0.0,0.2511097689493358,28.64010304819852,0.2202377048403706,0.2180571335053175,3.292831505811848,0.0067047844824025,2.046070005597814,11.84391,0.0,0.013376060344882,5.999999999999998,10.0,9.000000000000002,10.0,66.5,20.0,94.0,5.999999999999998,12.5,21.999999999999996,13.000000000000004,12.0,40.27263981473197,39.991449932394815,0.4040366962590035,115.62736517115047,48.71000000000001
306.0,13.5,6.9,746.6,0.0,0.0,0.0,23.0,50.0,50.0,50.0,50.0,50.0,5.15154,50.0,60.8,11299.194444444443,40677100.0,0.0,0.0,5.18472222222222,4.14777777777778,3.88854166666667,25036.1,24773.2,18453.8,17866.0,1800.0,3168.0,0.0,0.0,746.0,2335.0,3.88,16.0,3.88,93.0,0.0,11299.1944444444,0.0,69.0,151.7,41.0,49.0,115.7,95.0,68.0,42.8,0.2900000000000204,99.0,13.964,742.8000000000001,47.17,14.265,0.0,0.0,0.0,0.0,0.0,0.0,0.0,0.0,0.0,0.0,0.0,742.8000000000001,11.3,3.0,0.0,0.0,0.0,908.0,2857.0,0.0,53.6,1.0,0.0,825.6,0.0,0.0,0.7000000000000001,13.0,0.0,41.0,0.0,51.8,51.8,350.0,825.6,-50.0,0.0,0.0,0.0,0.0,400.0,0.0,0.0,0.0,0.0,0.0,0.0,69.5,745.3000000000001,4.44,12.597495000000002,13.9316873,4.936197094975244,0.0,0.2658194891831703,28.654812768432357,0.2233038324349064,0.2210929034008975,7.764668429246399,0.00303576989558,4.824739786549263,5.151540000000001,0.0,0.0112815680479855,5.999999999999998,10.0,9.000000000000002,10.0,66.5,20.0,94.0,5.999999999999998,12.5,21.999999999999996,13.000000000000004,12.0,40.27263981473197,39.991449932394815,0.427704991594798,115.6510331110067,46.87999999999998
307.0,13.5,6.9,746.6,0.0,0.0,0.0,23.0,50.0,50.0,50.0,50.0,50.0,5.15154,50.0,60.8,11299.194444444443,40677100.0,0.0,0.0,5.18472222222222,4.14777777777778,3.88854166666667,25036.1,24773.2,18453.8,17866.0,1640.0,3168.0,0.0,0.0,746.0,2335.0,3.88,16.0,3.88,93.0,0.0,11299.1944444444,0.0,69.0,151.7,41.0,49.0,115.7,95.0,68.0,42.8,0.2900000000000204,99.0,13.964,742.8000000000001,47.17,14.265,0.0,0.0,0.0,0.0,0.0,0.0,0.0,0.0,0.0,0.0,0.0,744.3000000000001,11.3,3.0,0.0,0.0,0.0,908.0,2857.0,0.0,53.6,1.0,0.0,825.6,0.0,0.0,0.7000000000000001,13.0,0.0,41.0,0.0,51.8,51.8,350.0,825.6,-50.0,0.0,0.0,0.0,0.0,400.0,0.0,0.0,0.0,0.0,0.0,0.0,69.5,746.4000000000001,4.441,12.597495000000002,13.9316873,4.936197094975244,0.0,0.2658194891831703,28.654812768432357,0.2233038324349064,0.2210929034008975,7.764668429246399,0.00303576989558,4.824739786549263,5.151540000000001,0.0,0.0112815680479855,5.999999999999998,10.0,9.000000000000002,10.0,66.5,20.0,94.0,5.999999999999998,12.5,21.999999999999996,13.000000000000004,12.0,40.27263981473197,39.991449932394815,0.427704991594798,115.6510331110067,46.87999999999998
308.0,13.5,7.6,746.5,0.0,0.0,0.0,23.0,50.0,50.0,50.0,50.0,50.0,5.6734,50.0,60.8,11299.195,40677102.0,0.0,0.0,5.18402777777778,4.14722222222222,3.88802083333333,25036.1,24773.2,18453.8,17866.1,1640.0,3039.0,0.0,0.0,746.0,2350.0,3.88,3.0,3.88,93.0,0.0,11299.195,0.0,69.0,151.7,41.0,49.0,115.7,95.0,68.0,42.8,0.2400000000000091,99.0,13.965,742.5,51.18,14.256,0.0,0.0,0.0,0.0,0.0,0.0,0.0,0.0,0.0,0.0,0.0,744.3000000000001,0.4,3.0,0.0,0.0,0.0,908.0,2857.0,0.0,53.6,1.0,0.0,825.6,0.0,0.0,0.7000000000000001,13.0,0.0,41.0,0.0,51.8,51.8,350.0,825.6,-50.0,0.0,0.0,0.0,0.0,400.0,0.0,0.0,0.0,0.0,0.0,0.0,69.5,746.4000000000001,4.441,10.5955675,13.9404767,4.936197094975244,0.0,0.2658194891831703,28.654812768432357,0.2264529197342616,0.2242108116180808,7.0504459407057505,0.0031179082171833,4.380942644622273,5.6734,0.0,0.0112815680479855,5.999999999999998,10.0,9.000000000000002,10.0,66.5,20.0,93.0,5.999999999999998,12.5,21.999999999999996,13.000000000000004,12.0,38.35117561876143,39.991449932394815,0.427704991594798,115.6510331110067,50.93999999999999
309.0,13.5,7.6,746.5,0.0,0.0,0.0,23.0,50.0,50.0,50.0,50.0,50.0,5.6734,50.0,60.8,11299.195,40677102.0,0.0,0.0,5.18402777777778,4.14722222222222,3.88802083333333,25036.1,24773.2,18453.8,17866.1,1480.0,3039.0,0.0,0.0,746.0,2350.0,3.88,3.0,3.88,93.0,0.0,11299.195,0.0,69.0,151.7,41.0,49.0,115.7,95.0,68.0,42.8,0.2400000000000091,99.0,13.965,742.5,51.18,14.256,0.0,0.0,0.0,0.0,0.0,0.0,0.0,0.0,0.0,0.0,0.0,742.8000000000001,0.4,3.0,0.0,0.0,0.0,908.0,2857.0,0.0,53.6,1.0,0.0,825.6,0.0,0.0,0.7000000000000001,13.0,0.0,41.0,0.0,51.8,51.8,350.0,825.6,-50.0,0.0,0.0,0.0,0.0,400.0,0.0,0.0,0.0,0.0,0.0,0.0,69.5,746.4000000000001,4.439,10.5955675,13.9404767,4.936197094975244,0.0,0.2658194891831703,28.654812768432357,0.2264529197342616,0.2242108116180808,7.0504459407057505,0.0031179082171833,4.380942644622273,5.6734,0.0,0.0112815680479855,5.999999999999998,10.0,9.000000000000002,10.0,66.5,20.0,93.0,5.999999999999998,12.5,21.999999999999996,13.000000000000004,12.0,38.35117561876143,39.991449932394815,0.427704991594798,115.6510331110067,50.93999999999999
310.0,13.5,8.0,746.4,0.0,0.0,0.0,23.0,50.0,50.0,50.0,50.0,50.0,5.9712,50.0,60.8,11299.195555555556,40677104.0,0.0,0.0,5.18333333333333,4.14666666666667,3.8875,25036.1,24773.2,18453.8,17866.1,1480.0,2946.0,0.0,0.0,746.0,2350.0,3.88,16.0,3.88,17.0,0.0,11299.1955555556,0.0,69.0,150.8,41.0,49.0,115.7,95.0,68.0,41.9,0.1999999999999886,99.0,13.966,742.4000000000001,48.69,14.258,0.0,0.0,0.0,0.0,0.0,0.0,0.0,0.0,0.0,0.0,0.0,742.8000000000001,-4.1000000000000005,3.0,0.0,0.0,0.0,908.0,2857.0,0.0,53.6,1.0,0.0,825.6,0.0,0.0,0.7000000000000001,13.0,0.0,41.0,0.0,51.8,51.8,350.0,825.6,-50.0,0.0,0.0,0.0,0.0,400.0,0.0,0.0,0.0,0.0,0.0,0.0,69.5,746.4000000000001,4.439,10.5955675,13.9404767,5.294001188091381,0.0,0.2908520490336435,28.679845328282827,0.2297704197221283,0.2274954650714141,6.698821007502681,0.0032846534533333,4.162453108252948,5.9712,0.0,,5.999999999999998,10.0,9.000000000000002,10.0,66.0,20.0,91.0,5.499999999999999,12.5,21.999999999999996,13.000000000000004,12.0,38.35117561876143,36.99209118746519,0.4679819691765712,115.69131049980611,48.49000000000001
311.0,13.5,8.0,746.4,0.0,0.0,0.0,23.0,50.0,50.0,50.0,50.0,50.0,5.9712,50.0,60.8,11299.195555555556,40677104.0,0.0,0.0,5.18333333333333,4.14666666666667,3.8875,25036.1,24773.2,18453.8,17866.1,1320.0,2946.0,0.0,0.0,746.0,2350.0,3.88,16.0,3.88,17.0,0.0,11299.1955555556,0.0,69.0,150.8,41.0,49.0,115.7,95.0,68.0,41.9,0.1999999999999886,99.0,13.966,742.4000000000001,48.69,14.258,0.0,0.0,0.0,0.0,0.0,0.0,0.0,0.0,0.0,0.0,0.0,742.4000000000001,-4.1000000000000005,3.0,0.0,0.0,0.0,908.0,2857.0,0.0,53.6,1.0,0.0,825.6,0.0,0.0,0.7000000000000001,13.0,0.0,41.0,0.0,51.8,51.8,350.0,825.6,-50.0,0.0,0.0,0.0,0.0,400.0,0.0,0.0,0.0,0.0,0.0,0.0,69.5,746.1,4.441,10.5955675,13.9404767,5.294001188091381,0.0,0.2908520490336435,28.679845328282827,0.2297704197221283,0.2274954650714141,6.698821007502681,0.0032846534533333,4.162453108252948,5.9712,0.0,,5.999999999999998,10.0,9.000000000000002,10.0,66.0,20.0,91.0,5.499999999999999,12.5,21.999999999999996,13.000000000000004,12.0,38.35117561876143,36.99209118746519,0.4679819691765712,115.69131049980611,48.49000000000001
312.0,13.5,11.4,745.8,0.0,0.0,0.0,23.0,50.0,50.0,50.0,50.0,50.0,8.50212,50.0,60.8,11299.19611111111,40677106.0,0.0,0.0,5.17916666666667,4.14333333333333,3.884375,25036.1,24773.2,18453.8,17866.1,1320.0,2932.0,0.0,0.0,746.0,2350.0,3.88,52.0,3.88,93.0,0.0,11299.1961111111,0.0,69.0,149.0,41.0,49.0,115.7,95.0,68.0,41.9,0.1500000000000341,99.0,13.964,742.0,52.71,14.27,0.0,0.0,0.0,0.0,0.0,0.0,0.0,0.0,0.0,0.0,0.0,742.4000000000001,-8.700000000000001,3.0,0.0,0.0,0.0,908.0,2857.0,0.0,53.6,1.0,0.0,825.6,0.0,0.0,0.7000000000000001,13.0,0.0,41.0,0.0,51.8,51.8,350.0,825.6,-50.0,0.0,0.0,0.0,0.0,400.0,0.0,0.0,0.0,0.0,0.0,0.0,69.5,746.1,4.441,11.91391,13.9404767,5.46714860494103,0.0,0.3033329108009226,28.692326190050107,0.2344586744142163,0.2321373014002141,4.351855772442638,0.0046418363288,2.7041169731784547,8.50212,0.0,-0.0056202963105048,5.0,10.0,9.000000000000002,10.0,65.0,20.0,89.0,5.499999999999999,12.5,21.999999999999996,13.000000000000004,12.0,37.33576771032172,36.99209118746519,0.48806322966105364,115.71139220638968,52.55999999999997
313.0,13.5,11.4,745.8,0.0,0.0,0.0,23.0,50.0,50.0,50.0,50.0,50.0,8.50212,50.0,60.8,11299.19611111111,40677106.0,0.0,0.0,5.17916666666667,4.14333333333333,3.884375,25036.1,24773.2,18453.8,17866.1,1160.0,2932.0,0.0,0.0,746.0,2350.0,3.88,52.0,3.88,93.0,0.0,11299.1961111111,0.0,69.0,149.0,41.0,49.0,115.7,95.0,68.0,41.9,0.1500000000000341,99.0,13.964,742.0,52.71,14.27,0.0,0.0,0.0,0.0,0.0,0.0,0.0,0.0,0.0,0.0,0.0,742.6,-8.700000000000001,3.0,0.0,0.0,0.0,908.0,2857.0,0.0,53.6,1.0,0.0,825.6,0.0,0.0,0.7000000000000001,13.0,0.0,41.0,0.0,51.8,51.8,350.0,825.6,-50.0,0.0,0.0,0.0,0.0,400.0,0.0,0.0,0.0,0.0,0.0,0.0,69.5,745.9000000000001,4.442,11.91391,13.9404767,5.46714860494103,0.0,0.3033329108009226,28.692326190050107,0.2344586744142163,0.2321373014002141,4.351855772442638,0.0046418363288,2.7041169731784547,8.50212,0.0,-0.0056202963105048,5.0,10.0,9.000000000000002,10.0,65.0,20.0,89.0,5.499999999999999,12.5,21.999999999999996,13.000000000000004,12.0,37.33576771032172,36.99209118746519,0.48806322966105364,115.71139220638968,52.55999999999997
314.0,13.5,8.0,746.4,0.0,0.0,0.0,23.0,50.0,50.0,50.0,50.0,50.0,5.9712,50.0,60.8,11299.196666666669,40677108.0,0.0,0.0,5.18333333333333,4.14666666666667,3.8875,25036.1,24773.2,18453.8,17866.1,1160.0,2994.0,0.0,0.0,746.0,2350.0,3.88,16.0,3.88,93.0,0.0,11299.1966666667,0.0,69.0,146.3,41.0,49.0,115.7,95.9,68.0,41.9,0.1500000000000341,99.0,13.964,742.0,52.71,14.27,0.0,0.0,0.0,0.0,0.0,0.0,0.0,0.0,0.0,0.0,0.0,742.6,-8.700000000000001,3.0,0.0,0.0,0.0,908.0,2857.0,0.0,53.6,1.0,0.0,825.6,0.0,0.0,0.7000000000000001,13.0,0.0,41.0,0.0,51.8,51.8,350.0,825.6,-50.0,0.0,0.0,0.0,0.0,400.0,0.0,0.0,0.0,0.0,0.0,0.0,69.5,745.9000000000001,4.442,9.96081,13.9404767,5.659158802797251,0.0,0.3173442098146822,28.70633748906387,0.2378409624793949,0.2354861014647475,6.196409431939978,0.0033488000645333,3.850269125133976,5.9712,0.0,-0.0056202963105048,5.0,10.0,9.000000000000002,10.0,63.5,20.0,85.0,5.499999999999999,12.5,21.999999999999996,13.000000000000004,12.0,38.06998573642428,37.99187743577507,0.5106076192294119,115.73393638650282,52.55999999999997
315.0,13.5,8.0,746.4,0.0,0.0,0.0,23.0,50.0,50.0,50.0,50.0,50.0,5.9712,50.0,60.8,11299.196666666669,40677108.0,0.0,0.0,5.18333333333333,4.14666666666667,3.8875,25036.1,24773.2,18453.8,17866.1,1000.0,2994.0,0.0,0.0,746.0,2350.0,3.88,16.0,3.88,93.0,0.0,11299.1966666667,0.0,69.0,146.3,41.0,49.0,115.7,95.9,68.0,41.9,0.1500000000000341,99.0,13.964,742.0,52.71,14.27,0.0,0.0,0.0,0.0,0.0,0.0,0.0,0.0,0.0,0.0,0.0,744.3000000000001,-8.700000000000001,3.0,0.0,0.0,0.0,908.0,2857.0,0.0,53.6,1.0,0.0,825.6,0.0,0.0,0.7000000000000001,13.0,0.0,41.0,0.0,51.8,51.8,350.0,825.6,-50.0,0.0,0.0,0.0,0.0,400.0,0.0,0.0,0.0,0.0,0.0,0.0,69.5,746.9000000000001,4.441,9.96081,13.9404767,5.659158802797251,0.0,0.3173442098146822,28.70633748906387,0.2378409624793949,0.2354861014647475,6.196409431939978,0.0033488000645333,3.850269125133976,5.9712,0.0,-0.0056202963105048,5.0,10.0,9.000000000000002,10.0,63.5,20.0,85.0,5.499999999999999,12.5,21.999999999999996,13.000000000000004,12.0,38.06998573642428,37.99187743577507,0.5106076192294119,115.73393638650282,52.55999999999997
316.0,13.5,4.7,747.1,0.0,0.0,0.0,23.0,50.0,50.0,50.0,50.0,50.0,3.51137,50.0,60.8,11299.197222222225,40677110.0,0.0,0.0,5.18819444444444,4.15055555555556,3.89114583333333,25036.1,24773.2,18453.8,17866.1,1000.0,3061.0,0.0,0.0,747.0,2350.0,3.88,16.0,3.88,93.0,0.0,11299.1972222222,0.0,69.0,144.5,41.0,49.0,115.7,95.9,68.0,41.9,-0.4800000000000182,99.0,13.956,743.9000000000001,49.39,14.26,0.0,0.0,0.0,0.0,0.0,0.0,0.0,0.0,0.0,0.0,0.0,744.3000000000001,-4.9,3.0,0.0,0.0,0.0,908.0,2857.0,0.0,53.6,1.0,0.0,825.6,0.0,0.0,0.7000000000000001,13.0,0.0,41.0,0.0,51.8,51.8,350.0,825.6,-50.0,0.0,0.0,0.0,0.0,400.0,0.0,0.0,0.0,0.0,0.0,0.0,69.5,746.9000000000001,4.441,9.96081,13.9404767,5.832540036920744,0.0,0.3301488059731169,28.719142085222305,0.2398408286768758,0.2374661670068077,10.82198685982964,0.0019800655420602,6.724468797079204,3.5113700000000003,0.0,,5.0,10.0,9.000000000000002,10.0,62.5,20.0,81.0,5.499999999999999,12.5,21.999999999999996,13.000000000000004,12.0,38.06998573642428,38.99166368408494,0.5312098048692336,115.75453898172174,49.87000000000002
317.0,13.5,4.7,747.1,0.0,0.0,0.0,23.0,50.0,50.0,50.0,50.0,50.0,3.51137,50.0,60.8,11299.197222222225,40677110.0,0.0,0.0,5.18819444444444,4.15055555555556,3.89114583333333,25036.1,24773.2,18453.8,17866.1,1000.0,3061.0,0.0,0.0,747.0,2350.0,3.88,16.0,3.88,93.0,0.0,11299.1972222222,0.0,69.0,144.5,41.0,49.0,115.7,95.9,68.0,41.9,-0.4800000000000182,99.0,13.956,743.9000000000001,49.39,14.26,0.0,0.0,0.0,0.0,0.0,0.0,0.0,0.0,0.0,0.0,0.0,744.3000000000001,-4.9,3.0,0.0,0.0,0.0,908.0,2857.0,0.0,53.6,1.0,0.0,825.6,0.0,0.0,0.7000000000000001,13.0,0.0,41.0,0.0,51.8,51.8,350.0,825.6,-50.0,0.0,0.0,0.0,0.0,400.0,0.0,0.0,0.0,0.0,0.0,0.0,69.5,748.5,4.439,7.9588825,13.9404767,5.832540036920744,0.0,0.3301488059731169,28.719142085222305,0.2398408286768758,0.2374661670068077,10.82198685982964,0.0019800655420602,6.724468797079204,3.5113700000000003,0.0,,5.0,10.0,9.000000000000002,10.0,62.5,20.0,81.0,5.499999999999999,12.5,21.999999999999996,13.000000000000004,12.0,39.42907016772051,38.99166368408494,0.5312098048692336,115.75453898172174,49.87000000000002
318.0,13.5,-2.5,748.5,0.0,0.0,0.0,23.0,50.0,50.0,50.0,50.0,50.0,-1.87125,50.0,60.8,11299.197777777776,40677112.0,0.0,0.0,5.19791666666667,4.15833333333333,3.8984375,25036.1,24773.2,18453.8,17866.1,800.0,3072.0,0.0,0.0,748.0,2363.0,3.9,18.0,3.88,17.0,0.0,11299.1977777778,0.0,69.0,143.60000000000002,41.0,49.0,115.7,95.9,68.0,41.9,0.5500000000000114,99.0,13.967,744.2,48.15,14.264,0.0,0.0,0.0,0.0,0.0,0.0,0.0,0.0,0.0,0.0,0.0,745.0,-16.0,3.0,0.0,0.0,0.0,908.0,2857.0,0.0,53.6,1.0,0.0,825.6,0.0,0.0,0.7000000000000001,13.0,0.0,41.0,0.0,51.8,51.8,350.0,825.6,-50.0,0.0,0.0,0.0,0.0,400.0,0.0,0.0,0.0,0.0,0.0,0.0,69.5,748.5,4.439,7.9588825,13.9404767,6.02709392431408,0.0,0.344936197605981,28.733929476855167,0.2386710489347518,0.2363079692423286,-20.841683366733463,-0.0011581977644791,-12.950417635270538,-1.87125,0.0,,5.0,10.0,9.000000000000002,10.0,62.000000000000014,20.0,76.0,5.499999999999999,12.5,21.000000000000007,12.0,12.0,39.42907016772051,37.99187743577507,0.5550023183697309,115.77833189485901,47.59999999999999
319.0,13.5,-2.5,748.5,0.0,0.0,0.0,23.0,50.0,50.0,50.0,50.0,50.0,-1.87125,50.0,60.8,11299.197777777776,40677112.0,0.0,0.0,5.19791666666667,4.15833333333333,3.8984375,25036.1,24773.2,18453.8,17866.1,800.0,3072.0,0.0,0.0,748.0,2363.0,3.9,18.0,3.88,17.0,0.0,11299.1977777778,0.0,69.0,143.60000000000002,41.0,49.0,115.7,95.9,68.0,41.9,0.5500000000000114,99.0,13.967,744.2,48.15,14.264,0.0,0.0,0.0,0.0,0.0,0.0,0.0,0.0,0.0,0.0,0.0,745.0,-16.0,3.0,0.0,0.0,0.0,908.0,2857.0,0.0,53.6,1.0,0.0,825.6,0.0,0.0,0.7000000000000001,13.0,0.0,41.0,0.0,51.8,51.8,350.0,825.6,-50.0,0.0,0.0,0.0,0.0,400.0,0.0,0.0,0.0,0.0,0.0,0.0,69.5,748.6,4.443,6.298747500000001,13.9404767,6.02709392431408,0.0,0.344936197605981,28.733929476855167,0.2386710489347518,0.2363079692423286,-20.841683366733463,-0.0011581977644791,-12.950417635270538,-1.87125,0.0,,5.0,10.0,9.000000000000002,10.0,62.000000000000014,20.0,76.0,5.499999999999999,12.5,21.000000000000007,12.0,12.0,38.80420376252684,37.99187743577507,0.5550023183697309,115.77833189485901,47.59999999999999
320.0,13.5,-4.1,748.9,0.0,0.0,0.0,23.0,50.0,50.0,50.0,50.0,50.0,-3.07049,50.0,60.8,11299.198333333334,40677114.0,0.0,0.0,5.20069444444444,4.16055555555556,3.90052083333333,25036.1,24773.2,18453.8,17866.1,800.0,2975.0,0.0,0.0,749.0,2363.0,3.9,18.0,3.88,17.0,0.0,11299.1983333333,0.0,69.0,141.8,41.0,49.0,115.7,95.9,68.0,41.9,0.1899999999999977,99.0,13.964,745.1,51.92,14.258,0.0,0.0,0.0,0.0,0.0,0.0,0.0,0.0,0.0,0.0,0.0,745.1,6.1000000000000005,3.0,0.0,0.0,0.0,908.0,2857.0,0.0,53.6,1.0,0.0,825.6,0.0,0.0,0.7000000000000001,13.0,0.0,41.0,0.0,51.8,51.8,350.0,825.6,-50.0,0.0,0.0,0.0,0.0,400.0,0.0,0.0,0.0,0.0,0.0,0.0,69.5,748.6,4.443,6.298747500000001,13.9404767,6.02709392431408,0.0,0.344936197605981,28.733929476855167,0.2369233126598854,0.2345775372870152,-12.375874860364306,-0.0017304319553133,-7.69000973785943,-3.07049,0.0,,5.0,10.0,9.000000000000002,10.0,61.0,20.0,72.0,5.499999999999999,12.5,21.000000000000007,12.0,12.0,38.80420376252684,37.99187743577507,0.5550023183697309,115.77833189485901,51.730000000000004
321.0,13.5,-4.1,748.9,0.0,0.0,0.0,23.0,50.0,50.0,50.0,50.0,50.0,-3.07049,50.0,60.8,11299.198333333334,40677114.0,0.0,0.0,5.20069444444444,4.16055555555556,3.90052083333333,25036.1,24773.2,18453.8,17866.1,800.0,2975.0,0.0,0.0,749.0,2363.0,3.9,18.0,3.88,17.0,0.0,11299.1983333333,0.0,69.0,141.8,41.0,49.0,115.7,95.9,68.0,41.9,0.1899999999999977,99.0,13.964,745.1,51.92,14.258,0.0,0.0,0.0,0.0,0.0,0.0,0.0,0.0,0.0,0.0,0.0,745.1,6.1000000000000005,3.0,0.0,0.0,0.0,908.0,2857.0,0.0,53.6,1.0,0.0,825.6,0.0,0.0,0.7000000000000001,13.0,0.0,41.0,0.0,51.8,51.8,350.0,825.6,-50.0,0.0,0.0,0.0,0.0,400.0,0.0,0.0,0.0,0.0,0.0,0.0,69.5,748.9000000000001,4.441,5.6151625,13.939500099999998,6.02709392431408,0.0,0.344936197605981,28.733929476855167,0.2369233126598854,0.2345775372870152,-12.375874860364306,-0.0017304319553133,-7.69000973785943,-3.07049,0.0,,5.0,10.0,9.000000000000002,10.0,61.0,20.0,72.0,5.499999999999999,12.5,21.000000000000007,12.0,12.0,37.054577827984566,37.99187743577507,0.5550023183697309,115.77833189485901,51.730000000000004
322.0,13.5,-3.5,748.9,0.0,0.0,0.0,23.0,50.0,50.0,50.0,50.0,50.0,-2.62115,50.0,60.8,11299.198888888888,40677116.0,0.0,0.0,5.20069444444444,4.16055555555556,3.90052083333333,25036.1,24773.2,18453.8,17866.1,800.0,2795.0,0.0,0.0,749.0,2363.0,3.9,90.0,3.88,17.0,0.0,11299.1988888889,0.0,69.0,140.9,,,,,,,0.3600000000000136,99.0,13.967,744.9000000000001,51.16,14.27,0.0,0.0,0.0,0.0,0.0,0.0,0.0,0.0,0.0,0.0,0.0,745.3000000000001,6.1000000000000005,3.0,0.0,0.0,0.0,908.0,2857.0,0.0,53.6,1.0,0.0,825.6,0.0,0.0,0.7000000000000001,13.0,0.0,41.0,0.0,51.8,51.8,350.0,825.6,-50.0,0.0,0.0,0.0,0.0,400.0,0.0,0.0,0.0,0.0,0.0,0.0,69.5,748.9000000000001,4.441,5.6151625,13.939500099999998,,0.0,,,0.2354210098701356,0.2330901087823125,-14.497453407855334,-0.0014874285047027,-9.008297121492475,-2.62115,0.0,,5.0,10.0,9.000000000000002,10.0,60.5,,68.0,,12.5,21.000000000000007,12.0,12.0,37.054577827984566,,,,50.79999999999998
323.0,13.5,-3.5,748.9,0.0,0.0,0.0,23.0,50.0,50.0,50.0,50.0,50.0,-2.62115,50.0,60.8,11299.198888888888,40677116.0,0.0,0.0,5.20069444444444,4.16055555555556,3.90052083333333,25036.1,24773.2,18453.8,17866.1,800.0,2795.0,0.0,0.0,749.0,2363.0,3.9,90.0,3.88,17.0,0.0,11299.1988888889,0.0,69.0,140.9,,,,,,,0.3600000000000136,99.0,13.967,744.9000000000001,51.16,14.27,0.0,0.0,0.0,0.0,0.0,0.0,0.0,0.0,0.0,0.0,0.0,745.3000000000001,3.0,3.0,0.0,0.0,0.0,908.0,2857.0,0.0,53.6,1.0,0.0,825.6,0.0,0.0,0.7000000000000001,13.0,0.0,41.0,0.0,51.8,51.8,350.0,825.6,-50.0,0.0,0.0,0.0,0.0,400.0,0.0,0.0,0.0,0.0,0.0,0.0,69.5,748.9000000000001,4.441,5.6151625,13.9316873,,0.0,,,0.2354210098701356,0.2330901087823125,-14.497453407855334,-0.0014874285047027,-9.008297121492475,-2.62115,0.0,,5.0,10.0,9.000000000000002,10.0,60.5,,68.0,,12.5,21.000000000000007,12.0,12.0,34.36765228565179,,,,50.79999999999998
324.0,13.5,-3.7,749.0,0.0,0.0,0.0,23.0,50.0,50.0,50.0,50.0,50.0,-2.7713,50.0,60.8,11299.199444444444,40677118.0,0.0,0.0,5.20138888888889,4.16111111111111,3.90104166666667,25036.1,24773.2,18453.8,17866.1,800.0,2573.0,0.0,0.0,749.0,2363.0,3.9,2.0,3.88,17.0,0.0,11299.1994444444,0.0,69.0,139.10000000000002,41.9,49.0,115.7,95.9,68.0,41.0,0.3600000000000136,99.0,13.967,744.9000000000001,51.16,14.27,0.0,0.0,0.0,0.0,0.0,0.0,0.0,0.0,0.0,0.0,0.0,745.9000000000001,3.0,3.0,0.0,0.0,0.0,908.0,2857.0,0.0,53.6,1.0,0.0,825.6,0.0,0.0,0.7000000000000001,13.0,0.0,41.0,0.0,51.8,51.8,350.0,825.6,-50.0,0.0,0.0,0.0,0.0,400.0,0.0,0.0,0.0,0.0,0.0,0.0,69.5,748.9000000000001,4.441,5.6151625,13.9316873,6.439925453769202,0.0,0.3798808707150242,28.76887414996421,0.2336941787816284,0.2313803750313152,-14.497453407855334,-0.0017097337509972,-9.008297121492475,-2.7713,0.0,,5.0,10.0,9.000000000000002,10.0,59.500000000000014,20.0,65.0,5.0,12.5,21.000000000000007,12.0,12.0,34.36765228565179,31.99315994591585,0.6112278814911023,115.83455787389146,50.79999999999998
325.0,13.5,-3.7,749.0,0.0,0.0,0.0,23.0,50.0,50.0,50.0,50.0,50.0,-2.7713,50.0,60.8,11299.199444444444,40677118.0,0.0,0.0,5.20138888888889,4.16111111111111,3.90104166666667,25036.1,24773.2,18453.8,17866.1,800.0,2573.0,0.0,0.0,749.0,2363.0,3.9,2.0,3.88,17.0,0.0,11299.1994444444,0.0,69.0,139.10000000000002,41.9,49.0,115.7,95.9,68.0,41.0,0.3600000000000136,99.0,13.967,744.9000000000001,51.16,14.27,0.0,0.0,0.0,0.0,0.0,0.0,0.0,0.0,0.0,0.0,0.0,745.9000000000001,3.0,3.0,0.0,0.0,0.0,908.0,2857.0,0.0,53.6,1.0,0.0,825.6,0.0,0.0,0.7000000000000001,13.0,0.0,41.0,0.0,51.8,51.8,350.0,825.6,-50.0,0.0,0.0,0.0,0.0,400.0,0.0,0.0,0.0,0.0,0.0,0.0,69.5,750.0,4.441,5.6151625,13.9316873,6.439925453769202,0.0,0.3798808707150242,28.76887414996421,0.2336941787816284,0.2313803750313152,-14.497453407855334,-0.0017097337509972,-9.008297121492475,-2.7713,0.0,,5.0,10.0,9.000000000000002,10.0,59.500000000000014,20.0,65.0,5.0,12.5,21.000000000000007,12.0,12.0,34.36765228565179,31.99315994591585,0.6112278814911023,115.83455787389146,50.79999999999998
326.0,13.6,-7.0,749.7,0.0,0.0,0.0,23.0,50.0,50.0,50.0,50.0,50.0,-5.2479,50.0,60.8,11299.2,40677120.0,0.0,0.0,5.20625,4.165,3.9046875,25036.1,24773.2,18453.8,17866.1,800.0,2283.0,0.0,0.0,750.0,2350.0,3.9,150.0,3.9,17.0,0.0,11299.2,0.0,69.0,138.2,41.9,49.0,115.7,95.9,68.0,41.0,0.6700000000000159,99.0,13.967,745.6,48.73,14.271,0.0,0.0,0.0,0.0,0.0,0.0,0.0,0.0,0.0,0.0,0.0,747.4000000000001,3.0,3.0,0.0,0.0,0.0,908.0,2857.0,0.0,53.6,1.0,0.0,825.6,0.0,0.0,0.7000000000000001,13.0,0.0,41.0,0.0,51.8,51.8,350.0,825.6,-50.0,0.0,0.0,0.0,0.0,400.0,0.0,0.0,0.0,0.0,0.0,0.0,69.5,750.0,4.441,5.6151625,13.9316873,6.531445817681503,0.0,0.3885241439990455,28.77751742324823,0.2310152278056142,0.2287279483223903,-13.54073732272498,-0.002652426708925,-8.413821490958941,-5.2479000000000005,0.0,-0.0228906802701369,5.0,10.0,9.000000000000002,10.0,59.0,20.0,63.0,5.0,12.5,21.000000000000007,12.0,12.0,34.36765228565179,27.994014952676366,0.6251351432659482,115.84846490060545,48.05999999999998
327.0,13.6,-7.0,749.7,0.0,0.0,0.0,23.0,50.0,50.0,50.0,50.0,50.0,-5.2479,50.0,60.8,11299.2,40677120.0,0.0,0.0,5.20625,4.165,3.9046875,25036.1,24773.2,18453.8,17866.1,800.0,2283.0,0.0,0.0,750.0,2350.0,3.9,150.0,3.9,17.0,0.0,11299.2,0.0,69.0,138.2,41.9,49.0,115.7,95.9,68.0,41.0,0.6700000000000159,99.0,13.967,745.6,48.73,14.271,0.0,0.0,0.0,0.0,0.0,0.0,0.0,0.0,0.0,0.0,0.0,747.4000000000001,1.3,3.0,0.0,0.0,0.0,908.0,2857.0,0.0,53.6,1.0,0.0,825.6,0.0,0.0,0.7000000000000001,13.0,0.0,41.0,0.0,51.8,51.8,350.0,825.6,-50.0,0.0,0.0,0.0,0.0,400.0,0.0,0.0,0.0,0.0,0.0,0.0,69.5,749.2,4.44,3.4667525,13.9590321,6.531445817681503,0.0,0.3885241439990455,28.77751742324823,0.2310152278056142,0.2287279483223903,-13.54073732272498,-0.002652426708925,-8.413821490958941,-5.2479000000000005,0.0,-0.0228906802701369,5.0,10.0,9.000000000000002,10.0,59.0,20.0,63.0,5.0,12.5,21.000000000000007,12.0,12.0,27.619095109560167,27.994014952676366,0.6251351432659482,115.84846490060545,48.05999999999998
328.0,13.6,-3.2,749.1,0.0,0.0,0.0,23.0,50.0,50.0,50.0,50.0,50.0,-2.39712,50.0,60.8,11299.200555555555,40677122.0,0.0,0.0,5.20208333333333,4.16166666666667,3.9015625,25036.1,24773.2,18453.8,17866.1,800.0,2030.0,0.0,0.0,749.0,2350.0,3.9,2.0,3.88,17.0,0.0,11299.2005555556,0.0,69.0,138.2,41.9,48.0,115.7,95.9,68.0,41.0,0.6700000000000159,99.0,13.967,745.6,48.73,14.271,0.0,0.0,0.0,0.0,0.0,0.0,0.0,0.0,0.0,0.0,0.0,745.5,1.3,3.0,0.0,0.0,0.0,908.0,2857.0,0.0,53.6,1.0,0.0,825.6,0.0,0.0,0.7000000000000001,13.0,0.0,41.0,0.0,51.8,51.8,350.0,825.6,-50.0,0.0,0.0,0.0,0.0,400.0,0.0,0.0,0.0,0.0,0.0,0.0,69.5,749.2,4.44,3.4667525,13.9590321,6.618062371538378,0.0,0.3975010936132983,28.786494372862485,0.2296321348691846,0.2273585493754303,-11.680683486850889,-0.00136939894696,-7.258037978908024,-2.39712,0.0,-0.0318844280221524,5.0,10.0,9.000000000000002,10.0,59.0,20.0,63.0,5.0,12.5,21.000000000000007,12.0,12.0,27.619095109560167,24.994656207746758,0.6395787601194786,115.86290881253478,48.05999999999998
329.0,13.6,-3.2,749.1,0.0,0.0,0.0,23.0,50.0,50.0,50.0,50.0,50.0,-2.39712,50.0,60.8,11299.200555555555,40677122.0,0.0,0.0,5.20208333333333,4.16166666666667,3.9015625,25036.1,24773.2,18453.8,17866.1,800.0,2030.0,0.0,0.0,749.0,2350.0,3.9,2.0,3.88,17.0,0.0,11299.2005555556,0.0,69.0,138.2,41.9,48.0,115.7,95.9,68.0,41.0,0.6700000000000159,99.0,13.967,745.6,48.73,14.271,0.0,0.0,0.0,0.0,0.0,0.0,0.0,0.0,0.0,0.0,0.0,745.5,1.3,3.0,0.0,0.0,0.0,908.0,2857.0,0.0,53.6,1.0,0.0,825.6,0.0,0.0,0.7000000000000001,13.0,0.0,41.0,0.0,51.8,51.8,350.0,825.6,-50.0,0.0,0.0,0.0,0.0,400.0,0.0,0.0,0.0,0.0,0.0,0.0,69.5,749.9000000000001,4.44,3.4667525,13.9590321,6.618062371538378,0.0,0.3975010936132983,28.786494372862485,0.2296321348691846,0.2273585493754303,-11.680683486850889,-0.00136939894696,-7.258037978908024,-2.39712,0.0,-0.0318844280221524,5.0,10.0,9.000000000000002,10.0,59.0,20.0,63.0,5.0,12.5,21.000000000000007,12.0,12.0,27.619095109560167,24.994656207746758,0.6395787601194786,115.86290881253478,48.05999999999998
330.0,13.5,-9.6,750.3,0.0,0.0,0.0,23.0,50.0,50.0,50.0,50.0,50.0,-7.20288,50.0,60.8,11299.201111111111,40677124.0,0.0,0.0,5.21041666666667,4.16833333333333,3.9078125,25036.1,24773.2,18453.8,17866.1,800.0,1694.0,0.0,0.0,750.0,2350.0,3.9,107.0,3.9,17.0,0.0,11299.2011111111,0.0,69.0,138.2,41.9,48.0,115.7,95.9,68.0,41.0,0.6700000000000159,99.0,13.967,745.6,48.73,14.271,0.0,0.0,0.0,0.0,0.0,0.0,0.0,0.0,0.0,0.0,0.0,746.5,1.3,3.0,0.0,0.0,0.0,908.0,2857.0,0.0,53.6,1.0,0.0,825.6,0.0,0.0,0.7000000000000001,13.0,0.0,41.0,0.0,51.8,51.8,350.0,825.6,-50.0,0.0,0.0,0.0,0.0,400.0,0.0,0.0,0.0,0.0,0.0,0.0,69.5,749.9000000000001,4.44,0.0,13.9307107,6.618062371538378,0.0,0.3975010936132983,28.786494372862485,0.2258727738120189,0.2236364097148702,-3.470833888666756,-0.0037221396605599,-2.156675524234751,-7.2028799999999995,0.0,-0.0318844280221524,5.0,10.0,9.000000000000002,10.0,59.0,20.0,63.0,5.0,12.5,21.000000000000007,12.0,12.0,19.339615240744052,24.994656207746758,0.6395787601194786,115.86290881253478,48.05999999999998
331.0,13.5,-9.6,750.3,0.0,0.0,0.0,23.0,50.0,50.0,50.0,50.0,50.0,-7.20288,50.0,60.8,11299.201111111111,40677124.0,0.0,0.0,5.21041666666667,4.16833333333333,3.9078125,25036.1,24773.2,18453.8,17866.1,800.0,1694.0,0.0,0.0,750.0,2350.0,3.9,107.0,3.9,17.0,0.0,11299.2011111111,0.0,69.0,,41.9,48.0,115.7,95.9,68.0,41.0,0.6700000000000159,99.0,13.967,745.6,48.73,14.271,0.0,0.0,0.0,0.0,0.0,0.0,0.0,0.0,0.0,0.0,0.0,746.5,1.3,3.0,0.0,0.0,0.0,908.0,2857.0,0.0,53.6,1.0,0.0,825.6,0.0,0.0,0.7000000000000001,13.0,0.0,41.0,0.0,51.8,51.8,350.0,825.6,-50.0,0.0,0.0,0.0,0.0,400.0,0.0,0.0,0.0,0.0,0.0,0.0,69.5,750.5,4.439,0.0,13.9307107,6.618062371538378,0.0,0.3975010936132983,28.786494372862485,0.2258727738120189,0.2236364097148702,-3.470833888666756,-0.0037221396605599,-2.156675524234751,-7.2028799999999995,0.0,-0.0318844280221524,5.0,10.0,9.000000000000002,10.0,,20.0,,5.0,12.5,21.000000000000007,12.0,12.0,19.339615240744052,24.994656207746758,0.6395787601194786,115.86290881253478,48.05999999999998
332.0,13.5,-4.4,749.5,0.0,0.0,0.0,23.0,50.0,50.0,50.0,50.0,50.0,-3.2978,50.0,60.8,11299.201666666666,40677126.0,0.0,0.0,5.20486111111111,4.16388888888889,3.90364583333333,25036.1,24773.2,18453.8,17866.1,800.0,920.0,1019.0,0.0,749.0,2350.0,3.88,2.0,3.88,17.0,0.0,11299.2016666667,0.0,69.0,135.5,41.9,48.0,114.8,96.8,68.0,40.1,-0.3299999999999841,99.0,13.955,746.3000000000001,55.59,14.267,0.0,0.0,0.0,0.0,0.0,0.0,0.0,0.0,0.0,0.0,0.0,746.3000000000001,-22.5,3.0,0.0,0.0,0.0,908.0,2857.0,0.0,53.6,1.0,0.0,825.6,0.0,0.0,0.7000000000000001,13.0,0.0,41.0,0.0,51.8,51.8,350.0,825.6,-50.0,0.0,0.0,0.0,0.0,400.0,0.0,0.0,0.0,0.0,0.0,0.0,69.5,750.5,4.439,0.0,13.9307107,6.6217992531276275,0.0,0.4046940865346377,28.79368736578382,0.2240900133765092,0.2218713003727813,-7.580811450057614,-0.0017651093420888,-4.710496391533749,-3.2978,0.0,-0.0548370326329808,5.0,10.0,9.000000000000002,10.0,57.5,20.0,58.0,4.500000000000001,12.5,21.000000000000007,12.0,12.0,19.339615240744052,10.997648731408573,0.6511520896329496,115.87448233814523,55.91999999999999
333.0,13.5,-4.4,749.5,0.0,0.0,0.0,23.0,50.0,50.0,50.0,50.0,50.0,-3.2978,50.0,60.8,11299.201666666666,40677126.0,0.0,0.0,5.20486111111111,4.16388888888889,3.90364583333333,25036.1,24773.2,18453.8,17866.1,800.0,920.0,1019.0,0.0,749.0,2350.0,3.88,2.0,3.88,17.0,0.0,11299.2016666667,0.0,69.0,135.5,41.9,48.0,114.8,96.8,68.0,40.1,-0.3299999999999841,99.0,13.955,746.3000000000001,55.59,14.267,0.0,0.0,0.0,0.0,0.0,0.0,0.0,0.0,0.0,0.0,0.0,746.3000000000001,-22.5,3.0,0.0,0.0,0.0,908.0,2857.0,0.0,53.6,1.0,0.0,825.6,0.0,0.0,0.7000000000000001,13.0,0.0,41.0,0.0,51.8,51.8,350.0,825.6,-50.0,0.0,0.0,0.0,0.0,400.0,0.0,0.0,0.0,0.0,0.0,0.0,69.5,748.8000000000001,4.441,0.0,13.9307107,6.6217992531276275,0.0,0.4046940865346377,28.79368736578382,0.2240900133765092,0.2218713003727813,-7.580811450057614,-0.0017651093420888,-4.710496391533749,-3.2978,0.0,-0.0548370326329808,5.0,10.0,9.000000000000002,10.0,57.5,20.0,58.0,4.500000000000001,12.5,21.000000000000007,12.0,12.0,19.339615240744052,10.997648731408573,0.6511520896329496,115.87448233814523,55.91999999999999
334.0,13.5,1.9,748.4,0.0,0.0,0.0,23.0,50.0,50.0,50.0,50.0,50.0,1.42196,50.0,60.8,11299.202222222222,40677128.0,0.0,0.0,5.19722222222222,4.15777777777778,3.89791666666667,25036.1,24773.2,18453.8,17866.1,800.0,6.0,-1.0,0.0,748.0,2350.0,3.9,69.0,3.88,17.0,0.0,11299.2022222222,0.0,69.0,134.60000000000002,41.9,48.0,114.8,96.8,68.0,40.1,0.5500000000000114,99.0,13.963,745.6,53.12,14.261,0.0,0.0,0.0,0.0,0.0,0.0,0.0,0.0,0.0,0.0,0.0,745.9000000000001,-154.8,3.0,0.0,0.0,0.0,908.0,2857.0,0.0,53.6,1.0,0.0,825.6,0.0,0.0,0.7000000000000001,13.0,0.0,41.0,0.0,51.8,51.8,350.0,825.6,-50.0,0.0,0.0,0.0,0.0,400.0,0.0,0.0,0.0,0.0,0.0,0.0,69.5,748.8000000000001,4.441,0.0,13.9307107,6.560770667050543,0.0,0.4046940865346377,28.79368736578382,0.2249056032153899,0.2226788150647425,7.735801288362541,0.0008075146919611,4.8068025823511205,1.42196,0.0,-0.0930008217817529,4.000000000000002,10.0,9.000000000000002,10.0,57.000000000000014,20.0,57.000000000000014,4.500000000000001,12.5,21.000000000000007,12.0,12.0,19.339615240744052,0.0,0.6511520896329496,115.87448233814523,52.569999999999986
335.0,13.5,1.9,748.4,0.0,0.0,0.0,23.0,50.0,50.0,50.0,50.0,50.0,1.42196,50.0,60.8,11299.202222222222,40677128.0,0.0,0.0,5.19722222222222,4.15777777777778,3.89791666666667,25036.1,24773.2,18453.8,17866.1,800.0,6.0,-1.0,0.0,748.0,2350.0,3.9,69.0,3.88,17.0,0.0,11299.2022222222,0.0,69.0,134.60000000000002,41.9,48.0,114.8,96.8,68.0,40.1,0.5500000000000114,99.0,13.963,745.6,53.12,14.261,0.0,0.0,0.0,0.0,0.0,0.0,0.0,0.0,0.0,0.0,0.0,745.9000000000001,-154.8,3.0,0.0,0.0,0.0,908.0,2857.0,0.0,53.6,1.0,0.0,825.6,0.0,0.0,0.7000000000000001,13.0,0.0,41.0,0.0,51.8,51.8,350.0,825.6,-50.0,0.0,0.0,0.0,0.0,400.0,0.0,0.0,0.0,0.0,0.0,0.0,69.5,746.0,4.44,53.31963,13.911667,6.560770667050543,0.0,0.4046940865346377,28.79368736578382,0.2249056032153899,0.2226788150647425,7.735801288362541,0.0008075146919611,4.8068025823511205,1.42196,0.0,-0.0930008217817529,4.000000000000002,10.0,9.000000000000002,10.0,57.000000000000014,20.0,57.000000000000014,4.500000000000001,12.5,21.000000000000007,12.0,12.0,0.34367652285651784,0.0,0.6511520896329496,115.87448233814523,52.569999999999986
336.0,13.5,30.9,743.1,0.0,0.0,0.0,23.0,50.0,50.0,50.0,50.0,50.0,22.96179,50.0,60.8,11299.202777777778,40677130.0,0.0,0.0,5.16041666666667,4.12833333333333,3.8703125,25036.1,24773.2,18453.8,17866.1,800.0,792.0,867.0,0.0,743.0,2312.0,3.86,16.0,3.86,154.0,0.0,11299.2027777778,0.0,69.0,134.60000000000002,41.9,49.0,113.9,96.8,68.0,40.1,0.5500000000000114,99.0,13.963,745.6,53.12,14.261,0.0,0.0,0.0,0.0,0.0,0.0,0.0,0.0,0.0,0.0,0.0,740.1,-154.8,3.0,0.0,0.0,0.0,908.0,2857.0,0.0,53.6,1.0,0.0,825.6,0.0,0.0,0.7000000000000001,13.0,0.0,41.0,0.0,51.8,51.8,350.0,825.6,-50.0,0.0,0.0,0.0,0.0,400.0,0.0,0.0,0.0,0.0,0.0,0.0,69.5,746.0,4.44,53.31963,13.911667,6.563353216352325,0.0,0.4087013093533763,28.797694588602564,0.2385448837814874,0.2361830532489975,0.0,0.013504238184255,4.8068025823511205,22.96179,0.0,-0.0930008217817529,4.000000000000002,10.0,9.000000000000002,10.0,57.000000000000014,20.0,57.000000000000014,4.500000000000001,12.5,21.000000000000007,12.0,12.0,0.34367652285651784,10.997648731408573,0.6575994593687965,115.88092995966058,52.569999999999986
337.0,13.5,30.9,743.1,0.0,0.0,0.0,23.0,50.0,50.0,50.0,50.0,50.0,22.96179,50.0,60.8,11299.202777777778,40677130.0,0.0,0.0,5.16041666666667,4.12833333333333,3.8703125,25036.1,24773.2,18453.8,17866.1,800.0,792.0,867.0,0.0,743.0,2312.0,3.86,16.0,3.86,154.0,0.0,11299.2027777778,0.0,69.0,134.60000000000002,41.9,49.0,113.9,96.8,68.0,40.1,0.5500000000000114,99.0,13.963,745.6,53.12,14.261,0.0,0.0,0.0,0.0,0.0,0.0,0.0,0.0,0.0,0.0,0.0,740.1,-154.8,3.0,0.0,0.0,0.0,908.0,2857.0,0.0,53.6,1.0,0.0,825.6,0.0,0.0,0.7000000000000001,13.0,0.0,41.0,0.0,51.8,51.8,350.0,825.6,-50.0,0.0,0.0,0.0,0.0,400.0,0.0,0.0,0.0,0.0,0.0,0.0,69.5,741.3000000000001,4.437,50.1458425,13.9414533,6.563353216352325,0.0,0.4087013093533763,28.797694588602564,0.2385448837814874,0.2361830532489975,0.0,0.013504238184255,4.8068025823511205,22.96179,0.0,-0.0930008217817529,4.000000000000002,10.0,9.000000000000002,10.0,57.000000000000014,20.0,57.000000000000014,4.500000000000001,12.5,21.000000000000007,12.0,12.0,13.668952613611507,10.997648731408573,0.6575994593687965,115.88092995966058,52.569999999999986
338.0,13.6,49.4,739.5,0.0,0.0,0.0,23.0,50.0,50.0,50.0,50.0,50.0,36.5313,50.0,60.8,11299.203333333331,40677132.0,0.0,0.0,5.13541666666667,4.10833333333333,3.8515625,25036.1,24773.3,18453.8,17866.1,780.0,1737.0,1717.0,0.0,739.0,2312.0,3.86,16.0,3.84,154.0,0.0,11299.2033333333,0.0,69.0,131.9,41.9,48.0,113.9,96.8,68.0,40.1,0.7800000000000296,99.0,13.967,733.5,49.75,14.276,0.0,0.0,0.0,0.0,0.0,0.0,0.0,0.0,0.0,0.0,0.0,736.2,-11.0,3.0,0.0,0.0,0.0,908.0,2857.0,0.0,53.6,1.0,0.0,825.6,0.0,0.0,0.7000000000000001,13.0,0.0,41.0,0.0,51.8,51.8,350.0,825.6,-50.0,0.0,0.0,0.0,0.0,400.0,0.0,0.0,0.0,0.0,0.0,0.0,69.5,741.3000000000001,4.437,50.1458425,13.9414533,6.626371705221306,0.0,0.4160179551419709,28.805011234391156,0.2574054607362785,0.2548568918180975,0.301111649462242,0.0186738385690999,0.1871020467380028,36.531299999999995,0.0,,4.000000000000002,10.0,9.000000000000002,10.0,55.5,20.0,55.0,4.500000000000001,12.5,21.000000000000007,12.0,12.0,13.668952613611507,22.995083711127016,0.6693717522333114,115.89270244273443,48.96999999999997
339.0,13.6,49.4,739.5,0.0,0.0,0.0,23.0,50.0,50.0,50.0,50.0,50.0,36.5313,50.0,60.8,11299.203333333331,40677132.0,0.0,0.0,5.13541666666667,4.10833333333333,3.8515625,25036.1,24773.3,18453.8,17866.1,780.0,1737.0,1717.0,0.0,739.0,2312.0,3.86,16.0,3.84,154.0,0.0,11299.2033333333,0.0,69.0,131.9,41.9,48.0,113.9,96.8,68.0,40.1,0.7800000000000296,99.0,13.967,733.5,49.75,14.276,0.0,0.0,0.0,0.0,0.0,0.0,0.0,0.0,0.0,0.0,0.0,736.2,-11.0,3.0,0.0,0.0,0.0,908.0,2857.0,0.0,53.6,1.0,0.0,825.6,0.0,0.0,0.7000000000000001,13.0,0.0,41.0,0.0,51.8,51.8,350.0,825.6,-50.0,0.0,0.0,0.0,0.0,400.0,0.0,0.0,0.0,0.0,0.0,0.0,69.5,736.4000000000001,4.44,48.14391500000001,13.9307107,6.626371705221306,0.0,0.4160179551419709,28.805011234391156,0.2574054607362785,0.2548568918180975,0.301111649462242,0.0186738385690999,0.1871020467380028,36.531299999999995,0.0,,4.000000000000002,10.0,9.000000000000002,10.0,55.5,20.0,55.0,4.500000000000001,12.5,21.000000000000007,12.0,12.0,27.494121828521433,22.995083711127016,0.6693717522333114,115.89270244273443,48.96999999999997
340.0,13.5,59.6,736.8,0.0,0.0,0.0,23.0,50.0,50.0,50.0,50.0,50.0,43.91328,50.0,60.8,11299.20388888889,40677134.0,0.0,0.0,5.11666666666667,4.09333333333333,3.8375,25036.1,24773.3,18453.8,17866.1,800.0,2843.0,2804.0,0.0,736.0,2312.0,3.84,16.0,3.82,154.0,0.0,11299.2038888889,0.0,69.0,129.2,41.9,48.0,113.0,96.8,68.0,40.1,0.0300000000000295,99.0,13.963,733.0,52.87,14.272,0.0,0.0,0.0,0.0,0.0,0.0,0.0,0.0,0.0,0.0,0.0,732.0,-11.0,3.0,0.0,0.0,0.0,908.0,2857.0,0.0,53.6,1.0,0.0,825.6,0.0,0.0,0.7000000000000001,13.0,0.0,41.0,0.0,51.8,51.8,350.0,825.6,-50.0,0.0,0.0,0.0,0.0,400.0,0.0,0.0,0.0,0.0,0.0,0.0,69.5,736.4000000000001,4.44,48.14391500000001,13.9307107,6.776229835127822,0.0,0.4293581732681141,28.818351452517295,0.2828257529138694,0.2800254979345242,0.5237595551960591,0.0251686061164266,0.3254489985717304,43.91328,0.0,,4.000000000000002,10.0,9.000000000000002,10.0,53.99999999999999,20.0,55.0,4.500000000000001,12.5,21.000000000000007,12.0,10.999999999999998,27.494121828521433,36.99209118746519,0.6908362662040316,115.91416685369937,52.83999999999997
341.0,13.5,59.6,736.8,0.0,0.0,0.0,23.0,50.0,50.0,50.0,50.0,50.0,43.91328,50.0,60.8,11299.20388888889,40677134.0,0.0,0.0,5.11666666666667,4.09333333333333,3.8375,25036.1,24773.3,18453.8,17866.1,800.0,2843.0,2804.0,0.0,736.0,2312.0,3.84,16.0,3.82,154.0,0.0,11299.2038888889,0.0,69.0,129.2,41.9,48.0,113.0,96.8,68.0,40.1,0.0300000000000295,99.0,13.963,733.0,52.87,14.272,0.0,0.0,0.0,0.0,0.0,0.0,0.0,0.0,0.0,0.0,0.0,732.0,-11.4,3.0,0.0,0.0,0.0,908.0,2857.0,0.0,53.6,1.0,0.0,825.6,0.0,0.0,0.7000000000000001,13.0,0.0,41.0,0.0,51.8,51.8,350.0,825.6,-50.0,0.0,0.0,0.0,0.0,400.0,0.0,0.0,0.0,0.0,0.0,0.0,69.5,738.6,4.439,48.14391500000001,13.9307107,6.776229835127822,0.0,0.4293581732681141,28.818351452517295,0.2828257529138694,0.2800254979345242,0.5237595551960591,0.0251686061164266,0.3254489985717304,43.91328,0.0,,4.000000000000002,10.0,9.000000000000002,10.0,53.99999999999999,20.0,55.0,4.500000000000001,12.5,21.000000000000007,12.0,10.999999999999998,27.494121828521433,36.99209118746519,0.6908362662040316,115.91416685369937,52.83999999999997
342.0,13.6,39.9,739.8,0.0,0.0,0.0,23.0,50.0,50.0,50.0,50.0,50.0,29.51802,50.0,60.8,11299.204444444444,40677136.0,0.0,0.0,5.1375,4.11,3.853125,25036.1,24773.3,18453.8,17866.1,780.0,3522.0,415.0,0.0,740.0,2312.0,3.86,16.0,3.84,154.0,0.0,11299.2044444444,0.0,69.0,126.5,41.9,48.0,113.0,95.9,68.0,40.1,0.4200000000000159,99.0,13.967,737.5,44.65,14.278,0.0,0.0,0.0,0.0,0.0,0.0,0.0,0.0,0.0,0.0,0.0,736.2,-11.4,3.0,0.0,0.0,0.0,908.0,2857.0,0.0,53.6,1.0,0.0,825.6,0.0,0.0,0.7000000000000001,13.0,0.0,41.0,0.0,51.8,51.8,350.0,825.6,-50.0,0.0,0.0,0.0,0.0,400.0,0.0,0.0,0.0,0.0,0.0,0.0,69.5,738.6,4.439,48.14391500000001,13.9307107,6.963017012069088,0.0,0.4451180108168296,28.834111290066012,0.2999516186517017,0.2969818006452492,1.2534716081905224,0.0169563027107249,0.7788709066529531,29.518019999999996,0.0,0.1579788275264514,4.000000000000002,10.0,9.000000000000002,10.0,52.5,20.0,53.99999999999999,4.500000000000001,12.5,21.000000000000007,12.0,10.999999999999998,27.494121828521433,44.99038117394416,0.7161937148477026,115.93952443231525,44.22999999999998
343.0,13.6,39.9,739.8,0.0,0.0,0.0,23.0,50.0,50.0,50.0,50.0,50.0,29.51802,50.0,60.8,11299.204444444444,40677136.0,0.0,0.0,5.1375,4.11,3.853125,25036.1,24773.3,18453.8,17866.1,780.0,3522.0,415.0,0.0,740.0,2312.0,3.86,16.0,3.84,154.0,0.0,11299.2044444444,0.0,69.0,126.5,41.9,48.0,113.0,95.9,68.0,40.1,0.4200000000000159,99.0,13.967,737.5,44.65,14.278,0.0,0.0,0.0,0.0,0.0,0.0,0.0,0.0,0.0,0.0,0.0,736.2,11.5,3.0,0.0,0.0,0.0,908.0,2857.0,0.0,53.6,1.0,0.0,825.6,0.0,0.0,0.7000000000000001,13.0,0.0,41.0,0.0,51.8,51.8,350.0,825.6,-50.0,0.0,0.0,0.0,0.0,400.0,0.0,0.0,0.0,0.0,0.0,0.0,69.5,741.1,4.439,21.2399625,13.9624502,6.963017012069088,0.0,0.4451180108168296,28.834111290066012,0.2999516186517017,0.2969818006452492,1.2534716081905224,0.0169563027107249,0.7788709066529531,29.518019999999996,0.0,0.1579788275264514,4.000000000000002,10.0,9.000000000000002,10.0,52.5,20.0,53.99999999999999,4.500000000000001,12.5,21.000000000000007,12.0,10.999999999999998,46.74000710848644,44.99038117394416,0.7161937148477026,115.93952443231525,44.22999999999998
344.0,13.6,30.3,741.6,0.0,0.0,0.0,23.0,50.0,50.0,50.0,50.0,50.0,22.47048,50.0,60.8,11299.205,40677138.0,0.0,0.0,5.15,4.12,3.8625,25036.1,24773.3,18453.8,17866.1,800.0,3917.0,126.0,0.0,742.0,2260.0,3.86,16.0,3.84,154.0,0.0,11299.205,0.0,69.0,125.6,41.9,48.0,112.1,95.9,68.0,40.1,1.840000000000032,99.0,13.996,738.2,45.04,14.262,0.0,0.0,0.0,0.0,0.0,0.0,0.0,0.0,0.0,0.0,0.0,738.3000000000001,11.5,3.0,0.0,0.0,0.0,908.0,2857.0,0.0,53.6,1.0,0.0,825.6,0.0,0.0,0.7000000000000001,13.0,0.0,41.0,0.0,51.8,51.8,350.0,825.6,-50.0,0.0,0.0,0.0,0.0,400.0,0.0,0.0,0.0,0.0,0.0,0.0,69.5,741.1,4.439,21.2399625,13.9624502,7.183241561975941,0.0,0.4634298198520639,28.852423099101248,0.3132798387418516,0.3101780581602492,2.0026274472107404,0.0131962575149999,1.244374619500785,22.47048,0.0,0.136689920738791,4.000000000000002,10.0,9.000000000000002,10.0,52.0,20.0,53.0,4.500000000000001,12.5,21.000000000000007,12.0,10.999999999999998,46.74000710848644,49.989312415493515,0.7456575225069791,115.96898813305295,43.19999999999997
345.0,13.6,30.3,741.6,0.0,0.0,0.0,23.0,50.0,50.0,50.0,50.0,50.0,22.47048,50.0,60.8,11299.205,40677138.0,0.0,0.0,5.15,4.12,3.8625,25036.1,24773.3,18453.8,17866.1,800.0,3917.0,126.0,0.0,742.0,2260.0,3.86,16.0,3.84,154.0,0.0,11299.205,0.0,69.0,125.6,41.9,48.0,112.1,95.9,68.0,40.1,1.840000000000032,99.0,13.996,738.2,45.04,14.262,0.0,0.0,0.0,0.0,0.0,0.0,0.0,0.0,0.0,0.0,0.0,738.3000000000001,-10.3,3.0,0.0,0.0,0.0,908.0,2857.0,0.0,53.6,1.0,0.0,825.6,0.0,0.0,0.7000000000000001,13.0,0.0,41.0,0.0,51.8,51.8,350.0,825.6,-50.0,0.0,0.0,0.0,0.0,400.0,0.0,0.0,0.0,0.0,0.0,0.0,69.5,743.0,4.44,17.2361075,13.9624502,7.183241561975941,0.0,0.4634298198520639,28.852423099101248,0.3132798387418516,0.3101780581602492,2.0026274472107404,0.0131962575149999,1.244374619500785,22.47048,0.0,0.136689920738791,4.000000000000002,10.0,9.000000000000002,10.0,52.0,20.0,53.0,4.500000000000001,12.5,21.000000000000007,12.0,10.999999999999998,50.89536870302433,49.989312415493515,0.7456575225069791,115.96898813305295,43.19999999999997
346.0,13.6,18.7,743.8,0.0,0.0,0.0,23.0,50.0,50.0,50.0,50.0,50.0,13.90906,50.0,60.8,11299.205555555556,40677140.0,0.0,0.0,5.16527777777778,4.13222222222222,3.87395833333333,25036.1,24773.3,18453.8,17866.1,780.0,4106.0,0.0,0.0,743.0,2260.0,3.86,16.0,3.86,154.0,0.0,11299.2055555556,0.0,69.0,125.6,41.9,48.0,112.1,95.9,68.0,40.1,1.840000000000032,99.0,13.996,738.2,45.04,14.262,0.0,0.0,0.0,0.0,0.0,0.0,0.0,0.0,0.0,0.0,0.0,739.8000000000001,-10.3,3.0,0.0,0.0,0.0,908.0,2857.0,0.0,53.6,1.0,0.0,825.6,0.0,0.0,0.7000000000000001,13.0,0.0,41.0,0.0,51.8,51.8,350.0,825.6,-50.0,0.0,0.0,0.0,0.0,400.0,0.0,0.0,0.0,0.0,0.0,0.0,69.5,743.0,4.44,17.2361075,13.9624502,7.399307326559462,0.0,0.4815098574325936,28.87050313668178,0.3211697499514039,0.3179898514370336,3.5947792302283545,0.0078117932767844,2.233691565066223,13.90906,0.0,0.0989983218132829,4.000000000000002,10.0,9.000000000000002,10.0,52.0,20.0,53.0,4.500000000000001,12.5,21.000000000000007,12.0,10.999999999999998,50.89536870302433,51.98888491211326,0.7747479998166436,115.99807891352003,43.19999999999997
347.0,13.6,18.7,743.8,0.0,0.0,0.0,23.0,50.0,50.0,50.0,50.0,50.0,13.90906,50.0,60.8,11299.205555555556,40677140.0,0.0,0.0,5.16527777777778,4.13222222222222,3.87395833333333,25036.1,24773.3,18453.8,17866.1,780.0,4106.0,0.0,0.0,743.0,2260.0,3.86,16.0,3.86,154.0,0.0,11299.2055555556,0.0,69.0,125.6,41.9,48.0,112.1,95.9,68.0,40.1,0.7400000000000091,99.0,13.993,739.7,47.89,14.257,0.0,0.0,0.0,0.0,0.0,0.0,0.0,0.0,0.0,0.0,0.0,739.8000000000001,3.0,3.0,0.0,0.0,0.0,908.0,2857.0,0.0,53.6,1.0,0.0,825.6,0.0,0.0,0.7000000000000001,13.0,0.0,41.0,0.0,51.8,51.8,350.0,825.6,-50.0,0.0,0.0,0.0,0.0,400.0,0.0,0.0,0.0,0.0,0.0,0.0,69.5,743.0,4.44,14.5994225,13.939500099999998,7.399307326559462,0.0,0.4815098574325936,28.87050313668178,0.3211697499514039,0.3179898514370336,3.5947792302283545,0.0078117932767844,2.233691565066223,13.90906,0.0,0.0989983218132829,4.000000000000002,10.0,9.000000000000002,10.0,52.0,20.0,53.0,4.500000000000001,12.5,21.000000000000007,12.0,10.999999999999998,52.64499463756661,51.98888491211326,0.7747479998166436,115.99807891352003,47.14999999999999
348.0,13.6,10.8,745.2,0.0,0.0,0.0,23.0,50.0,50.0,50.0,50.0,50.0,8.04816,50.0,60.8,11299.20611111111,40677142.0,0.0,0.0,5.175,4.14,3.88125,25036.1,24773.3,18453.8,17866.1,800.0,4148.0,0.0,0.0,745.0,2260.0,3.88,16.0,3.86,154.0,0.0,11299.2061111111,0.0,69.0,123.8,41.9,48.0,112.1,95.9,68.0,40.1,0.7400000000000091,99.0,13.993,739.7,47.89,14.257,0.0,0.0,0.0,0.0,0.0,0.0,0.0,0.0,0.0,0.0,0.0,742.0,3.0,3.0,0.0,0.0,0.0,908.0,2857.0,0.0,53.6,1.0,0.0,825.6,0.0,0.0,0.7000000000000001,13.0,0.0,41.0,0.0,51.8,51.8,350.0,825.6,-50.0,0.0,0.0,0.0,0.0,400.0,0.0,0.0,0.0,0.0,0.0,0.0,69.5,744.5,4.438,14.5994225,13.939500099999998,7.399307326559462,0.0,0.4815098574325936,28.87050313668178,0.3257809404691447,0.3225553866031136,6.461104152998946,0.00456553516608,4.0147427486531075,8.048160000000001,0.0,0.0989983218132829,4.000000000000002,10.0,9.000000000000002,10.0,51.0,20.0,53.0,4.500000000000001,12.5,21.000000000000007,12.0,10.999999999999998,52.64499463756661,51.98888491211326,0.7747479998166436,115.99807891352003,47.14999999999999
349.0,13.6,10.8,745.2,0.0,0.0,0.0,23.0,50.0,50.0,50.0,50.0,50.0,8.04816,50.0,60.8,11299.20611111111,40677142.0,0.0,0.0,5.175,4.14,3.88125,25036.1,24773.3,18453.8,17866.1,800.0,4148.0,0.0,0.0,745.0,2260.0,3.88,16.0,3.86,154.0,0.0,11299.2061111111,0.0,69.0,123.8,41.9,48.0,112.1,95.9,68.0,40.1,0.7400000000000091,99.0,13.993,739.7,47.89,14.257,0.0,0.0,0.0,0.0,0.0,0.0,0.0,0.0,0.0,0.0,0.0,742.0,3.0,3.0,0.0,0.0,0.0,908.0,2857.0,0.0,53.6,1.0,0.0,825.6,0.0,0.0,0.7000000000000001,13.0,0.0,41.0,0.0,51.8,51.8,350.0,825.6,-50.0,0.0,0.0,0.0,0.0,400.0,0.0,0.0,0.0,0.0,0.0,0.0,69.5,745.3000000000001,4.441,12.2557025,13.960497,7.399307326559462,0.0,0.4815098574325936,28.87050313668178,0.3257809404691447,0.3225553866031136,6.461104152998946,0.00456553516608,4.0147427486531075,8.048160000000001,0.0,0.0989983218132829,4.000000000000002,10.0,9.000000000000002,10.0,51.0,20.0,53.0,4.500000000000001,12.5,21.000000000000007,12.0,10.999999999999998,52.69185961795613,51.98888491211326,0.7747479998166436,115.99807891352003,47.14999999999999
350.0,13.6,12.7,744.9,0.0,0.0,0.0,23.0,48.2,50.0,50.0,50.0,50.0,9.46023,50.0,60.8,11299.206666666669,40677144.0,0.0,0.0,5.17291666666667,4.13833333333333,3.8796875,25036.1,24773.3,18453.8,17866.1,800.0,4125.0,0.0,0.0,745.0,2260.0,3.88,16.0,3.86,93.0,0.0,11299.2066666667,0.0,69.0,122.9,41.9,48.0,111.2,95.9,68.9,40.1,0.0900000000000318,99.0,13.986,741.0,42.43,14.25,0.0,0.0,0.0,0.0,0.0,0.0,0.0,0.0,0.0,0.0,0.0,741.5,3.0,3.0,0.0,0.0,0.0,908.0,2857.0,0.0,53.6,1.0,0.0,825.6,0.0,0.0,0.7000000000000001,13.0,0.0,41.0,0.0,51.8,51.8,350.0,825.6,-50.0,0.0,0.0,0.0,0.0,400.0,0.0,0.0,0.0,0.0,0.0,0.0,69.5,745.3000000000001,4.441,12.2557025,13.960497,7.80438223559631,0.0,0.5162643909568122,28.905257670206,0.3307093545535137,0.3274350045084294,5.496695112063872,0.0048796179053158,3.41548693847824,9.46023,0.0,0.0421017926539344,4.000000000000002,10.0,9.000000000000002,10.0,50.5,20.500000000000004,52.0,4.500000000000001,12.5,21.000000000000007,12.0,10.999999999999998,52.69185961795613,51.98888491211326,0.8306684257311088,116.0539989579605,42.33999999999997
351.0,13.6,12.7,744.9,0.0,0.0,0.0,23.0,48.2,50.0,50.0,50.0,50.0,9.46023,50.0,60.8,11299.206666666669,40677144.0,0.0,0.0,5.17291666666667,4.13833333333333,3.8796875,25036.1,24773.3,18453.8,17866.1,800.0,4125.0,0.0,0.0,745.0,2260.0,3.88,16.0,3.86,93.0,0.0,11299.2066666667,0.0,69.0,122.9,41.9,48.0,111.2,95.9,68.9,40.1,0.0900000000000318,99.0,13.986,741.0,42.43,14.25,0.0,0.0,0.0,0.0,0.0,0.0,0.0,0.0,0.0,0.0,0.0,741.5,-0.2,3.0,0.0,0.0,0.0,908.0,2857.0,0.0,53.6,1.0,0.0,825.6,0.0,0.0,0.7000000000000001,13.0,0.0,41.0,0.0,51.8,51.8,350.0,825.6,-50.0,0.0,0.0,0.0,0.0,400.0,0.0,0.0,0.0,0.0,0.0,0.0,69.5,744.2,4.442,13.4275625,13.960497,7.80438223559631,0.0,0.5162643909568122,28.905257670206,0.3307093545535137,0.3274350045084294,5.496695112063872,0.0048796179053158,3.41548693847824,9.46023,0.0,0.0421017926539344,4.000000000000002,10.0,9.000000000000002,10.0,50.5,20.500000000000004,52.0,4.500000000000001,12.5,21.000000000000007,12.0,10.999999999999998,52.36380475522945,51.98888491211326,0.8306684257311088,116.0539989579605,42.33999999999997
352.0,13.6,17.4,744.0,0.0,0.0,0.0,23.0,50.0,50.0,50.0,50.0,50.0,12.9456,50.0,60.8,11299.20722222222,40677146.0,0.0,0.0,5.16666666666667,4.13333333333333,3.875,25036.1,24773.4,18453.8,17866.2,780.0,4106.0,0.0,0.0,744.0,2260.0,3.86,16.0,3.86,154.0,0.0,11299.2072222222,0.0,69.0,122.9,41.9,48.0,111.2,95.9,68.9,40.1,0.0900000000000318,99.0,13.986,741.0,42.43,14.25,0.0,0.0,0.0,0.0,0.0,0.0,0.0,0.0,0.0,0.0,0.0,741.6,-0.2,3.0,0.0,0.0,0.0,908.0,2857.0,0.0,53.6,1.0,0.0,825.6,0.0,0.0,0.7000000000000001,13.0,0.0,41.0,0.0,51.8,51.8,350.0,825.6,-50.0,0.0,0.0,0.0,0.0,400.0,0.0,0.0,0.0,0.0,0.0,0.0,69.5,744.2,4.442,13.4275625,13.960497,7.80438223559631,0.0,0.5162643909568122,28.905257670206,0.3383635722390337,0.3350134378604294,4.016808799901125,0.0075784333519999,2.495928500803362,12.9456,0.0,0.0421017926539344,4.000000000000002,10.0,9.000000000000002,10.0,50.5,20.500000000000004,52.0,4.500000000000001,12.5,21.000000000000007,12.0,10.999999999999998,52.36380475522945,51.98888491211326,0.8306684257311088,116.0539989579605,42.33999999999997
353.0,13.6,17.4,744.0,0.0,0.0,0.0,23.0,50.0,50.0,50.0,50.0,50.0,12.9456,50.0,60.8,11299.20722222222,40677146.0,0.0,0.0,5.16666666666667,4.13333333333333,3.875,25036.1,24773.4,18453.8,17866.2,780.0,4106.0,0.0,0.0,744.0,2260.0,3.86,16.0,3.86,154.0,0.0,11299.2072222222,0.0,69.0,122.9,41.9,48.0,111.2,95.9,68.9,40.1,-0.1800000000000068,99.0,13.98,741.0,45.75,14.239,0.0,0.0,0.0,0.0,0.0,0.0,0.0,0.0,0.0,0.0,0.0,741.6,-2.6,3.0,0.0,0.0,0.0,908.0,2857.0,0.0,53.6,1.0,0.0,825.6,0.0,0.0,0.7000000000000001,13.0,0.0,41.0,0.0,51.8,51.8,350.0,825.6,-50.0,0.0,0.0,0.0,0.0,400.0,0.0,0.0,0.0,0.0,0.0,0.0,69.5,744.2,4.442,13.4275625,13.960497,7.80438223559631,0.0,0.5162643909568122,28.905257670206,0.3383635722390337,0.3350134378604294,4.016808799901125,0.0075784333519999,2.495928500803362,12.9456,0.0,0.0421017926539344,4.000000000000002,10.0,9.000000000000002,10.0,50.5,20.500000000000004,52.0,4.500000000000001,12.5,21.000000000000007,12.0,10.999999999999998,52.36380475522945,51.98888491211326,0.8306684257311088,116.0539989579605,45.93000000000001
354.0,13.5,16.8,744.1,0.0,0.0,0.0,23.0,48.2,50.0,50.0,50.0,50.0,12.50088,50.0,60.8,11299.208055555557,40677149.0,0.0,0.0,5.16736111111111,4.13388888888889,3.87552083333333,25036.1,24773.4,18453.8,17866.2,780.0,4061.0,0.0,0.0,744.0,2366.0,3.88,16.0,3.86,154.0,0.0,11299.2080555556,0.0,69.0,121.1,41.9,48.0,109.4,95.9,68.9,39.2,-0.1800000000000068,99.0,13.98,741.0,45.75,14.239,0.0,0.0,0.0,0.0,0.0,0.0,0.0,0.0,0.0,0.0,0.0,740.4000000000001,-2.6,3.0,0.0,0.0,0.0,908.0,2857.0,0.0,53.6,1.0,0.0,825.6,0.0,0.0,0.7000000000000001,13.0,0.0,41.0,0.0,51.8,51.8,350.0,825.6,-50.0,0.0,0.0,0.0,0.0,400.0,0.0,0.0,0.0,0.0,0.0,0.0,69.5,744.0,4.441,13.4275625,13.960497,8.23050980606734,0.0,0.5543426389883083,28.943335918237494,0.3461716480867947,0.3427442060265294,4.159707156616174,0.0077307681661,2.584721395613749,12.50088,0.0,0.0421017926539344,4.000000000000002,10.0,9.000000000000002,10.0,49.5,20.500000000000004,51.0,4.000000000000002,12.5,21.000000000000007,12.0,10.999999999999998,52.36380475522945,50.98909866380338,0.8919362992363485,116.11526685904317,45.93000000000001
355.0,13.5,16.8,744.1,0.0,0.0,0.0,23.0,48.2,50.0,50.0,50.0,50.0,12.50088,50.0,60.8,11299.208055555557,40677149.0,0.0,0.0,5.16736111111111,4.13388888888889,3.87552083333333,25036.1,24773.4,18453.8,17866.2,780.0,4061.0,0.0,0.0,744.0,2366.0,3.88,16.0,3.86,154.0,0.0,11299.2080555556,0.0,69.0,121.1,41.9,48.0,109.4,95.9,68.9,39.2,-1.1599999999999682,99.0,13.971,739.8000000000001,43.1,14.236,0.0,0.0,0.0,0.0,0.0,0.0,0.0,0.0,0.0,0.0,0.0,740.4000000000001,7.4,3.0,0.0,0.0,0.0,908.0,2857.0,0.0,53.6,1.0,0.0,825.6,0.0,0.0,0.7000000000000001,13.0,0.0,41.0,0.0,51.8,51.8,350.0,825.6,-50.0,0.0,0.0,0.0,0.0,400.0,0.0,0.0,0.0,0.0,0.0,0.0,69.5,744.0,4.441,14.5994225,13.910690400000002,8.23050980606734,0.0,0.5543426389883083,28.943335918237494,0.3461716480867947,0.3427442060265294,4.159707156616174,0.0077307681661,2.584721395613749,12.50088,0.0,,4.000000000000002,10.0,9.000000000000002,10.0,49.5,20.500000000000004,51.0,4.000000000000002,12.5,21.000000000000007,12.0,10.999999999999998,51.457748467698636,50.98909866380338,0.8919362992363485,116.11526685904317,44.25999999999997
356.0,13.5,17.7,743.9,0.0,0.0,0.0,23.0,48.2,50.0,50.0,50.0,50.0,13.16703,50.0,60.8,11299.208611111111,40677151.0,0.0,0.0,5.16597222222222,4.13277777777778,3.87447916666667,25036.1,24773.4,18453.8,17866.2,800.0,4039.0,0.0,0.0,744.0,2366.0,3.88,16.0,3.86,154.0,0.0,11299.2086111111,0.0,69.0,120.2,41.9,48.0,109.4,95.9,68.9,39.2,-1.1599999999999682,99.0,13.971,739.8000000000001,43.1,14.236,0.0,0.0,0.0,0.0,0.0,0.0,0.0,0.0,0.0,0.0,0.0,740.6,7.4,3.0,0.0,0.0,0.0,908.0,2857.0,0.0,53.6,1.0,0.0,825.6,0.0,0.0,0.7000000000000001,13.0,0.0,41.0,0.0,51.8,51.8,350.0,825.6,-50.0,0.0,0.0,0.0,0.0,400.0,0.0,0.0,0.0,0.0,0.0,0.0,69.5,743.9000000000001,4.433,14.5994225,13.910690400000002,8.42453378862195,0.0,0.5721424381611389,28.961135717410325,0.3535519978702101,0.3500514830398119,3.873310837751566,0.0073072770132824,2.4067630285645287,13.16703,0.0,0.0023163511601625,4.000000000000002,10.0,9.000000000000002,10.0,49.0,20.500000000000004,51.0,4.000000000000002,12.5,21.000000000000007,12.0,10.999999999999998,51.457748467698636,50.98909866380338,0.920576320741177,116.14390673591225,44.25999999999997
357.0,13.5,17.7,743.9,0.0,0.0,0.0,23.0,48.2,50.0,50.0,50.0,50.0,13.16703,50.0,60.8,11299.208611111111,40677151.0,0.0,0.0,5.16597222222222,4.13277777777778,3.87447916666667,25036.1,24773.4,18453.8,17866.2,800.0,4039.0,0.0,0.0,744.0,2366.0,3.88,16.0,3.86,154.0,0.0,11299.2086111111,0.0,69.0,120.2,41.9,48.0,109.4,95.9,68.9,39.2,-1.1599999999999682,99.0,13.971,739.8000000000001,43.1,14.236,0.0,0.0,0.0,0.0,0.0,0.0,0.0,0.0,0.0,0.0,0.0,740.6,7.4,3.0,0.0,0.0,0.0,908.0,2857.0,0.0,53.6,1.0,0.0,825.6,0.0,0.0,0.7000000000000001,13.0,0.0,41.0,0.0,51.8,51.8,350.0,825.6,-50.0,0.0,0.0,0.0,0.0,400.0,0.0,0.0,0.0,0.0,0.0,0.0,69.5,743.5,4.44,14.5994225,13.910690400000002,8.42453378862195,0.0,0.5721424381611389,28.961135717410325,0.3535519978702101,0.3500514830398119,3.873310837751566,0.0073072770132824,2.4067630285645287,13.16703,0.0,0.0023163511601625,4.000000000000002,10.0,9.000000000000002,10.0,49.0,20.500000000000004,51.0,4.000000000000002,12.5,21.000000000000007,12.0,10.999999999999998,51.457748467698636,50.98909866380338,0.920576320741177,116.14390673591225,44.25999999999997
358.0,13.5,27.0,742.3,0.0,0.0,0.0,23.0,48.2,50.0,50.0,50.0,50.0,20.0421,50.0,60.8,11299.208888888888,40677152.0,0.0,0.0,5.15486111111111,4.12388888888889,3.86614583333333,25036.1,24773.4,18453.8,17866.2,780.0,4039.0,0.0,0.0,742.0,2366.0,3.86,16.0,3.86,154.0,0.0,11299.2088888889,0.0,69.0,119.3,41.9,48.0,109.4,95.9,68.9,39.2,-1.1599999999999682,99.0,13.971,739.8000000000001,43.1,14.236,0.0,0.0,0.0,0.0,0.0,0.0,0.0,0.0,0.0,0.0,0.0,739.6,7.4,3.0,0.0,0.0,0.0,908.0,2857.0,0.0,53.6,1.0,0.0,825.6,0.0,0.0,0.7000000000000001,13.0,0.0,41.0,0.0,51.8,51.8,350.0,825.6,-50.0,0.0,0.0,0.0,0.0,400.0,0.0,0.0,0.0,0.0,0.0,0.0,69.5,743.5,4.44,14.5994225,13.910690400000002,8.592272728946835,0.0,0.5877717877594846,28.976765067008667,0.363468532260323,0.3598698339211119,2.5446435253790773,0.0098183508812999,1.5811676920083229,20.0421,0.0,-0.0023626673071747,4.000000000000002,10.0,9.000000000000002,10.0,48.5,20.500000000000004,51.0,4.000000000000002,12.5,21.000000000000007,12.0,10.999999999999998,51.457748467698636,50.98909866380338,0.9457241881094441,116.16905435941601,44.25999999999997
359.0,13.5,27.0,742.3,0.0,0.0,0.0,23.0,48.2,50.0,50.0,50.0,50.0,20.0421,50.0,60.8,11299.208888888888,40677152.0,0.0,0.0,5.15486111111111,4.12388888888889,3.86614583333333,25036.1,24773.4,18453.8,17866.2,780.0,4039.0,0.0,0.0,742.0,2366.0,3.86,16.0,3.86,154.0,0.0,11299.2088888889,0.0,69.0,119.3,41.9,48.0,109.4,95.9,68.9,39.2,-0.7199999999999704,99.0,13.948,738.2,52.03,14.244,0.0,0.0,0.0,0.0,0.0,0.0,0.0,0.0,0.0,0.0,0.0,739.6,-5.5,3.0,0.0,0.0,0.0,908.0,2857.0,0.0,53.6,1.0,0.0,825.6,0.0,0.0,0.7000000000000001,13.0,0.0,41.0,0.0,51.8,51.8,350.0,825.6,-50.0,0.0,0.0,0.0,0.0,400.0,0.0,0.0,0.0,0.0,0.0,0.0,69.5,743.3000000000001,4.441,,,8.592272728946835,0.0,0.5877717877594846,28.976765067008667,0.363468532260323,0.3598698339211119,2.5446435253790773,0.0098183508812999,1.5811676920083229,20.0421,0.0,-0.0023626673071747,4.000000000000002,10.0,9.000000000000002,10.0,48.5,20.500000000000004,51.0,4.000000000000002,12.5,20.0,12.0,10.999999999999998,,50.98909866380338,0.9457241881094441,116.16905435941601,52.74999999999997
360.0,13.5,16.2,744.1,0.0,0.0,0.0,23.0,48.2,50.0,50.0,50.0,50.0,12.05442,50.0,60.8,11299.209444444445,40677154.0,0.0,0.0,5.16736111111111,4.13388888888889,3.87552083333333,25036.1,24773.4,18453.8,17866.2,800.0,4064.0,0.0,0.0,744.0,2366.0,3.86,16.0,3.86,154.0,0.0,11299.2094444444,0.0,69.0,119.3,41.9,48.0,109.4,95.9,68.9,39.2,-0.7199999999999704,99.0,13.948,738.2,52.03,14.244,0.0,0.0,0.0,0.0,0.0,0.0,0.0,0.0,0.0,0.0,0.0,740.8000000000001,-5.5,3.0,0.0,0.0,0.0,908.0,2857.0,0.0,53.6,1.0,0.0,825.6,0.0,0.0,0.7000000000000001,13.0,0.0,41.0,0.0,51.8,51.8,350.0,825.6,-50.0,0.0,0.0,0.0,0.0,400.0,0.0,0.0,0.0,0.0,0.0,0.0,69.5,743.3000000000001,4.441,,,8.592272728946835,0.0,0.5877717877594846,28.976765067008667,0.3701417140103186,0.3664769445646719,4.230813261857477,0.00660711064356,2.6289046673336425,12.05442,0.0,-0.0023626673071747,4.000000000000002,10.0,9.000000000000002,10.0,48.5,20.500000000000004,51.0,4.000000000000002,12.5,20.0,10.999999999999998,10.999999999999998,,50.98909866380338,0.9457241881094441,116.16905435941601,52.74999999999997
361.0,13.5,16.2,744.1,0.0,0.0,0.0,23.0,48.2,50.0,50.0,50.0,50.0,12.05442,50.0,60.8,11299.209444444445,40677154.0,0.0,0.0,5.16736111111111,4.13388888888889,3.87552083333333,25036.1,24773.4,18453.8,17866.2,800.0,4064.0,0.0,0.0,744.0,2366.0,3.86,16.0,3.86,154.0,0.0,11299.2094444444,0.0,69.0,119.3,41.9,48.0,109.4,95.9,68.9,39.2,-0.1499999999999772,99.0,13.949,740.6,51.52,14.245,0.0,0.0,0.0,0.0,0.0,0.0,0.0,0.0,0.0,0.0,0.0,740.8000000000001,-5.300000000000001,3.0,0.0,0.0,0.0,908.0,2857.0,0.0,53.6,1.0,0.0,825.6,0.0,0.0,0.7000000000000001,13.0,0.0,41.0,0.0,51.8,51.8,350.0,825.6,-50.0,0.0,0.0,0.0,0.0,400.0,0.0,0.0,0.0,0.0,0.0,0.0,69.5,743.3000000000001,4.441,12.743977500000002,13.9307107,8.592272728946835,0.0,0.5877717877594846,28.976765067008667,0.3701417140103186,0.3664769445646719,4.230813261857477,0.00660711064356,2.6289046673336425,12.05442,0.0,-0.0023626673071747,4.000000000000002,10.0,9.000000000000002,10.0,48.5,20.500000000000004,51.0,4.000000000000002,12.5,20.0,10.999999999999998,10.999999999999998,51.56710008860753,50.98909866380338,0.9457241881094441,116.16905435941601,51.66999999999998
362.0,13.5,15.1,744.4,0.0,0.0,0.0,23.0,48.2,50.0,50.0,50.0,50.0,11.24044,50.0,60.8,11299.21,40677156.0,0.0,0.0,5.16944444444444,4.13555555555556,3.87708333333333,25036.1,24773.4,18453.8,17866.2,800.0,4032.0,0.0,0.0,744.0,2358.0,3.88,16.0,3.86,93.0,0.0,11299.21,0.0,69.0,118.4,41.9,48.0,107.6,95.9,68.9,39.2,-0.1499999999999772,99.0,13.949,740.6,51.52,14.245,0.0,0.0,0.0,0.0,0.0,0.0,0.0,0.0,0.0,0.0,0.0,741.5,-5.300000000000001,3.0,0.0,0.0,0.0,908.0,2857.0,0.0,53.6,1.0,0.0,825.6,0.0,0.0,0.7000000000000001,13.0,0.0,41.0,0.0,51.8,51.8,350.0,825.6,-50.0,0.0,0.0,0.0,0.0,400.0,0.0,0.0,0.0,0.0,0.0,0.0,69.5,744.2,4.441,12.743977500000002,13.9307107,8.975338354813822,0.0,0.6243301618547681,29.013323441103953,0.3768662528803019,0.3731349038418831,4.537188935664441,0.0066579592772111,2.819277626142749,11.24044,0.0,-0.0023200240273264,4.000000000000002,10.0,9.000000000000002,10.0,48.0,20.500000000000004,51.0,4.000000000000002,12.5,20.0,10.999999999999998,10.999999999999998,51.56710008860753,50.98909866380338,1.0045470252737383,116.2278767833353,51.66999999999998
363.0,13.5,15.1,744.4,0.0,0.0,0.0,23.0,48.2,50.0,50.0,50.0,50.0,11.24044,50.0,60.8,11299.21,40677156.0,0.0,0.0,5.16944444444444,4.13555555555556,3.87708333333333,25036.1,24773.4,18453.8,17866.2,800.0,4032.0,0.0,0.0,744.0,2358.0,3.88,16.0,3.86,93.0,0.0,11299.21,0.0,69.0,118.4,41.9,48.0,107.6,95.9,68.9,39.2,-0.1499999999999772,99.0,13.949,740.6,51.52,14.245,0.0,0.0,0.0,0.0,0.0,0.0,0.0,0.0,0.0,0.0,0.0,741.5,-2.0,3.0,0.0,0.0,0.0,908.0,2857.0,0.0,53.6,1.0,0.0,825.6,0.0,0.0,0.7000000000000001,13.0,0.0,41.0,0.0,51.8,51.8,350.0,825.6,-50.0,0.0,0.0,0.0,0.0,400.0,0.0,0.0,0.0,0.0,0.0,0.0,69.5,743.7,4.442,12.743977500000002,13.9307107,8.975338354813822,0.0,0.6243301618547681,29.013323441103953,0.3768662528803019,0.3731349038418831,4.537188935664441,0.0066579592772111,2.819277626142749,11.24044,0.0,-0.0023200240273264,4.000000000000002,10.0,9.000000000000002,10.0,48.0,20.500000000000004,51.0,4.000000000000002,12.5,20.0,10.999999999999998,10.999999999999998,51.56710008860753,50.98909866380338,1.0045470252737383,116.2278767833353,51.66999999999998
364.0,13.5,17.9,743.7,0.0,0.0,0.0,23.0,48.2,50.0,50.0,50.0,50.0,13.31223,50.0,60.8,11299.210555555555,40677158.0,0.0,0.0,5.16458333333333,4.13166666666667,3.8734375,25036.1,24773.4,18453.8,17866.2,780.0,4036.0,0.0,0.0,744.0,2358.0,3.86,16.0,3.86,93.0,0.0,11299.2105555556,0.0,69.0,117.5,42.8,48.0,107.6,95.9,68.9,39.2,-0.1499999999999772,99.0,13.949,740.6,51.52,14.245,0.0,0.0,0.0,0.0,0.0,0.0,0.0,0.0,0.0,0.0,0.0,740.1,-2.0,3.0,0.0,0.0,0.0,908.0,2857.0,0.0,53.6,1.0,0.0,825.6,0.0,0.0,0.7000000000000001,13.0,0.0,41.0,0.0,51.8,51.8,350.0,825.6,-50.0,0.0,0.0,0.0,0.0,400.0,0.0,0.0,0.0,0.0,0.0,0.0,69.5,743.7,4.442,12.743977500000002,13.9307107,9.14093820146904,0.0,0.6405193668973196,29.029512646146507,0.383960158195161,0.3801585724704564,3.8310636159381266,0.0070236686285733,2.3805118300990893,13.31223,0.0,0.0,4.000000000000002,10.0,9.000000000000002,10.0,47.5,20.500000000000004,51.0,4.000000000000002,12.5,20.0,10.999999999999998,10.999999999999998,51.56710008860753,50.98909866380338,1.0305949734570767,116.25392521424877,51.66999999999998
365.0,13.5,17.9,743.7,0.0,0.0,0.0,23.0,48.2,50.0,50.0,50.0,50.0,13.31223,50.0,60.8,11299.210555555555,40677158.0,0.0,0.0,5.16458333333333,4.13166666666667,3.8734375,25036.1,24773.4,18453.8,17866.2,780.0,4036.0,0.0,0.0,744.0,2358.0,3.86,16.0,3.86,93.0,0.0,11299.2105555556,0.0,69.0,117.5,42.8,48.0,107.6,95.9,68.9,39.2,-0.5600000000000023,99.0,13.945,739.3000000000001,48.14,14.26,0.0,0.0,0.0,0.0,0.0,0.0,0.0,0.0,0.0,0.0,0.0,740.1,2.2,3.0,0.0,0.0,0.0,908.0,2857.0,0.0,53.6,1.0,0.0,825.6,0.0,0.0,0.7000000000000001,13.0,0.0,41.0,0.0,51.8,51.8,350.0,825.6,-50.0,0.0,0.0,0.0,0.0,400.0,0.0,0.0,0.0,0.0,0.0,0.0,69.5,743.5,4.441,,,9.14093820146904,0.0,0.6405193668973196,29.029512646146507,0.383960158195161,0.3801585724704564,3.8310636159381266,0.0070236686285733,2.3805118300990893,13.31223,0.0,0.0,4.000000000000002,10.0,9.000000000000002,10.0,47.5,20.500000000000004,51.0,4.000000000000002,12.5,20.0,10.999999999999998,10.999999999999998,,50.98909866380338,1.0305949734570767,116.25392521424877,48.7
366.0,13.5,18.7,743.6,0.0,0.0,0.0,23.0,48.2,50.0,50.0,50.0,50.0,13.90532,50.0,60.8,11299.211111111112,40677160.0,0.0,0.0,5.16388888888889,4.13111111111111,3.87291666666667,25036.1,24773.4,18453.8,17866.2,800.0,4035.0,0.0,0.0,743.0,2358.0,3.86,16.0,3.86,102.0,0.0,11299.2111111111,0.0,69.0,116.6,42.8,48.0,106.7,95.0,68.9,38.3,-0.5600000000000023,99.0,13.945,739.3000000000001,48.14,14.26,0.0,0.0,0.0,0.0,0.0,0.0,0.0,0.0,0.0,0.0,0.0,740.3000000000001,2.2,3.0,0.0,0.0,0.0,908.0,2857.0,0.0,53.6,1.0,0.0,825.6,0.0,0.0,0.7000000000000001,13.0,0.0,41.0,0.0,51.8,51.8,350.0,825.6,-50.0,0.0,0.0,0.0,0.0,400.0,0.0,0.0,0.0,0.0,0.0,0.0,69.5,743.5,4.441,,,9.31817197088609,0.0,0.6581110067207507,29.047104285969933,0.3917666695917385,0.3878877916749886,3.6676610103183536,0.0077292192045322,2.2789781896425256,13.90532,0.0,0.0,4.000000000000002,10.0,9.000000000000002,10.0,47.0,20.500000000000004,50.0,3.4999999999999982,12.5,20.0,10.999999999999998,10.999999999999998,,50.98909866380338,1.0589000858146065,116.28223016272467,48.7
367.0,13.5,18.7,743.6,0.0,0.0,0.0,23.0,48.2,50.0,50.0,50.0,50.0,13.90532,50.0,60.8,11299.211111111112,40677160.0,0.0,0.0,5.16388888888889,4.13111111111111,3.87291666666667,25036.1,24773.4,18453.8,17866.2,800.0,4035.0,0.0,0.0,743.0,2358.0,3.86,16.0,3.86,102.0,0.0,11299.2111111111,0.0,69.0,116.6,42.8,48.0,106.7,95.0,68.9,38.3,0.6700000000000159,99.0,13.959,738.7,44.62,14.265,0.0,0.0,0.0,0.0,0.0,0.0,0.0,0.0,0.0,0.0,0.0,740.3000000000001,2.7,3.0,0.0,0.0,0.0,908.0,2857.0,0.0,53.6,1.0,0.0,825.6,0.0,0.0,0.7000000000000001,13.0,0.0,41.0,0.0,51.8,51.8,350.0,825.6,-50.0,0.0,0.0,0.0,0.0,400.0,0.0,0.0,0.0,0.0,0.0,0.0,69.5,743.5,4.441,17.4314175,13.9517076,9.31817197088609,0.0,0.6581110067207507,29.047104285969933,0.3917666695917385,0.3878877916749886,3.6676610103183536,0.0077292192045322,2.2789781896425256,13.90532,0.0,0.0,4.000000000000002,10.0,9.000000000000002,10.0,47.0,20.500000000000004,50.0,3.4999999999999982,12.5,20.0,10.999999999999998,10.999999999999998,51.34839684678975,50.98909866380338,1.0589000858146065,116.28223016272467,43.94999999999998
368.0,13.6,26.8,742.0,0.0,0.0,0.0,23.0,48.2,50.0,50.0,50.0,50.0,19.8856,50.0,60.8,11299.211666666666,40677162.0,0.0,0.0,5.15277777777778,4.12222222222222,3.86458333333333,25036.1,24773.4,18453.8,17866.2,800.0,4122.0,0.0,0.0,742.0,2358.0,3.86,16.0,3.84,154.0,0.0,11299.2116666667,0.0,69.0,116.6,42.8,48.0,106.7,95.0,68.9,38.3,0.6700000000000159,99.0,13.959,738.7,44.62,14.265,0.0,0.0,0.0,0.0,0.0,0.0,0.0,0.0,0.0,0.0,0.0,738.6,2.7,3.0,0.0,0.0,0.0,908.0,2857.0,0.0,53.6,1.0,0.0,825.6,0.0,0.0,0.7000000000000001,13.0,0.0,41.0,0.0,51.8,51.8,350.0,825.6,-50.0,0.0,0.0,0.0,0.0,400.0,0.0,0.0,0.0,0.0,0.0,0.0,69.5,742.5,4.44,17.4314175,13.9517076,9.508129431217846,0.0,0.6771212369760597,29.066114516225245,0.4031157529747465,0.3991245078957887,2.564669911896045,0.0112367162208,1.5936115078247577,19.885600000000004,0.0,0.0028235584119852,4.000000000000002,10.0,9.000000000000002,10.0,47.0,20.500000000000004,50.0,3.4999999999999982,12.5,20.0,10.999999999999998,10.999999999999998,51.34839684678975,51.98888491211326,1.0894872913499054,116.31281762320546,43.94999999999998
369.0,13.6,26.8,742.0,0.0,0.0,0.0,23.0,48.2,50.0,50.0,50.0,50.0,19.8856,50.0,60.8,11299.211666666666,40677162.0,0.0,0.0,5.15277777777778,4.12222222222222,3.86458333333333,25036.1,24773.4,18453.8,17866.2,800.0,4122.0,0.0,0.0,742.0,2358.0,3.86,16.0,3.84,154.0,0.0,11299.2116666667,0.0,69.0,116.6,42.8,48.0,106.7,95.0,68.9,38.3,1.6899999999999975,99.0,13.986,738.2,42.88,14.259,0.0,0.0,0.0,0.0,0.0,0.0,0.0,0.0,0.0,0.0,0.0,738.6,-2.6,3.0,0.0,0.0,0.0,908.0,2857.0,0.0,53.6,1.0,0.0,825.6,0.0,0.0,0.7000000000000001,13.0,0.0,41.0,0.0,51.8,51.8,350.0,825.6,-50.0,0.0,0.0,0.0,0.0,400.0,0.0,0.0,0.0,0.0,0.0,0.0,69.5,742.5,4.44,18.74976,13.9526842,9.508129431217846,0.0,0.6771212369760597,29.066114516225245,0.4031157529747465,0.3991245078957887,2.564669911896045,0.0112367162208,1.5936115078247577,19.885600000000004,0.0,0.0028235584119852,4.000000000000002,10.0,9.000000000000002,10.0,47.0,20.500000000000004,50.0,3.4999999999999982,12.5,20.0,10.999999999999998,10.999999999999998,52.80121123886503,51.98888491211326,1.0894872913499054,116.31281762320546,41.190000000000005
370.0,13.6,30.3,741.3,0.0,0.0,0.0,23.0,48.2,50.0,50.0,50.0,50.0,22.46139,50.0,60.8,11299.212222222222,40677164.0,0.0,0.0,5.14791666666667,4.11833333333333,3.8609375,25036.1,24773.4,18453.8,17866.2,800.0,4254.0,0.0,0.0,741.0,2358.0,3.86,16.0,3.84,154.0,0.0,11299.2122222222,0.0,69.0,116.6,42.8,48.0,105.8,95.0,68.9,38.3,1.6899999999999975,99.0,13.986,738.2,42.88,14.259,0.0,0.0,0.0,0.0,0.0,0.0,0.0,0.0,0.0,0.0,0.0,738.8000000000001,-2.6,3.0,0.0,0.0,0.0,908.0,2857.0,0.0,53.6,1.0,0.0,825.6,0.0,0.0,0.7000000000000001,13.0,0.0,41.0,0.0,51.8,51.8,350.0,825.6,-50.0,0.0,0.0,0.0,0.0,400.0,0.0,0.0,0.0,0.0,0.0,0.0,69.5,741.4000000000001,4.441,18.74976,13.9526842,9.688883266664227,0.0,0.6952192943211644,29.08421257357035,0.4158767511605173,0.4117591595648687,2.315083794903165,0.0126346516690799,1.4385259327227746,22.46139,0.0,0.0106474396258102,2.999999999999999,10.0,9.000000000000002,10.0,47.0,20.500000000000004,50.0,3.4999999999999982,12.5,20.0,10.999999999999998,10.0,52.80121123886503,53.98845740873299,1.1186075420163262,116.34193739747376,41.190000000000005
371.0,13.6,30.3,741.3,0.0,0.0,0.0,23.0,48.2,50.0,50.0,50.0,50.0,22.46139,50.0,60.8,11299.212222222222,40677164.0,0.0,0.0,5.14791666666667,4.11833333333333,3.8609375,25036.1,24773.4,18453.8,17866.2,800.0,4254.0,0.0,0.0,741.0,2358.0,3.86,16.0,3.84,154.0,0.0,11299.2122222222,0.0,69.0,116.6,42.8,48.0,105.8,95.0,68.9,38.3,0.8000000000000114,99.0,13.986,738.6,41.95,14.251,0.0,0.0,0.0,0.0,0.0,0.0,0.0,0.0,0.0,0.0,0.0,738.8000000000001,-5.0,3.0,0.0,0.0,0.0,908.0,2857.0,0.0,53.6,1.0,0.0,825.6,0.0,0.0,0.7000000000000001,13.0,0.0,41.0,0.0,51.8,51.8,350.0,825.6,-50.0,0.0,0.0,0.0,0.0,400.0,0.0,0.0,0.0,0.0,0.0,0.0,69.5,741.4000000000001,4.441,18.74976,13.9526842,9.688883266664227,0.0,0.6952192943211644,29.08421257357035,0.4158767511605173,0.4117591595648687,2.315083794903165,0.0126346516690799,1.4385259327227746,22.46139,0.0,0.0106474396258102,2.999999999999999,10.0,9.000000000000002,10.0,47.0,20.500000000000004,50.0,3.4999999999999982,12.5,20.0,10.999999999999998,10.0,52.80121123886503,53.98845740873299,1.1186075420163262,116.34193739747376,41.14999999999999
372.0,13.6,20.4,742.9,0.0,0.0,0.0,23.0,48.2,50.0,50.0,50.0,50.0,15.15516,50.0,60.8,11299.213055555556,40677167.0,0.0,0.0,5.15902777777778,4.12722222222222,3.86927083333333,25036.1,24773.5,18453.8,17866.2,800.0,4333.0,0.0,0.0,743.0,2361.0,3.86,16.0,3.86,154.0,0.0,11299.2130555556,0.0,68.5,114.8,42.8,48.0,105.8,95.0,68.9,38.3,0.8000000000000114,99.0,13.986,738.6,41.95,14.251,0.0,0.0,0.0,0.0,0.0,0.0,0.0,0.0,0.0,0.0,0.0,739.3000000000001,-5.0,3.0,0.0,0.0,0.0,908.0,2857.0,0.0,53.6,1.0,0.0,825.6,0.0,0.0,0.7000000000000001,13.0,0.0,41.0,0.0,51.8,51.8,350.0,825.6,-50.0,0.0,0.0,0.0,0.0,400.0,0.0,0.0,0.0,0.0,0.0,0.0,69.5,742.5,4.439,18.74976,13.9526842,9.688883266664227,0.0,0.6952192943211644,29.08421257357035,0.4250833742283304,0.420874627948842,3.5631428503559186,0.0091154683839733,2.2140336360685073,15.15516,0.0,0.0106474396258102,2.999999999999999,10.0,9.000000000000002,10.0,46.0,20.500000000000004,50.0,3.4999999999999982,12.5,20.0,10.999999999999998,10.0,52.80121123886503,53.98845740873299,1.1186075420163262,116.34193739747376,41.14999999999999
373.0,13.6,20.4,742.9,0.0,0.0,0.0,23.0,48.2,50.0,50.0,50.0,50.0,15.15516,50.0,60.8,11299.213055555556,40677167.0,0.0,0.0,5.15902777777778,4.12722222222222,3.86927083333333,25036.1,24773.5,18453.8,17866.2,800.0,4333.0,0.0,0.0,743.0,2361.0,3.86,16.0,3.86,154.0,0.0,11299.2130555556,0.0,68.5,114.8,42.8,48.0,105.8,95.0,68.9,38.3,0.2800000000000295,99.0,13.982,739.0,41.08,14.241,0.0,0.0,0.0,0.0,0.0,0.0,0.0,0.0,0.0,0.0,0.0,739.3000000000001,-2.2,3.0,0.0,0.0,0.0,908.0,2857.0,0.0,53.6,1.0,0.0,825.6,0.0,0.0,0.7000000000000001,13.0,0.0,41.0,0.0,51.8,51.8,350.0,825.6,-50.0,0.0,0.0,0.0,0.0,400.0,0.0,0.0,0.0,0.0,0.0,0.0,69.5,742.5,4.439,18.74976,13.9526842,9.688883266664227,0.0,0.6952192943211644,29.08421257357035,0.4250833742283304,0.420874627948842,3.5631428503559186,0.0091154683839733,2.2140336360685073,15.15516,0.0,0.0106474396258102,2.999999999999999,10.0,9.000000000000002,10.0,46.0,20.500000000000004,50.0,3.4999999999999982,12.5,20.0,10.999999999999998,10.0,52.80121123886503,53.98845740873299,1.1186075420163262,116.34193739747376,40.79999999999997
374.0,13.6,17.2,743.6,0.0,0.0,0.0,23.0,48.2,50.0,50.0,50.0,50.0,12.78992,50.0,60.8,11299.21361111111,40677169.0,0.0,0.0,5.16388888888889,4.13111111111111,3.87291666666667,25036.1,24773.5,18453.8,17866.2,820.0,4346.0,0.0,0.0,743.0,2361.0,3.86,16.0,3.86,154.0,0.0,11299.2136111111,0.0,68.5,114.8,43.7,49.0,104.9,95.0,68.9,38.3,0.2800000000000295,99.0,13.982,739.0,41.08,14.241,0.0,0.0,0.0,0.0,0.0,0.0,0.0,0.0,0.0,0.0,0.0,740.2,-2.2,3.0,0.0,0.0,0.0,908.0,2857.0,0.0,53.6,1.0,0.0,825.6,0.0,0.0,0.7000000000000001,13.0,0.0,41.0,0.0,51.8,51.8,350.0,825.6,-50.0,0.0,0.0,0.0,0.0,400.0,0.0,0.0,0.0,0.0,0.0,0.0,69.5,743.6,4.442,,,10.079300121645574,0.0,0.7349516324663962,29.12394491171558,0.432285517014912,0.428005462391002,4.2220748839711275,0.00713083444216,2.6234748927280234,12.78992,0.0,0.0110556903486774,2.999999999999999,10.0,9.000000000000002,10.0,46.0,20.500000000000004,50.0,3.4999999999999982,12.5,20.0,10.999999999999998,10.0,,54.988243657042865,1.1825367534233584,116.40586672954943,40.79999999999997
375.0,13.6,17.2,743.6,0.0,0.0,0.0,23.0,48.2,50.0,50.0,50.0,50.0,12.78992,50.0,60.8,11299.21361111111,40677169.0,0.0,0.0,5.16388888888889,4.13111111111111,3.87291666666667,25036.1,24773.5,18453.8,17866.2,820.0,4346.0,0.0,0.0,743.0,2361.0,3.86,16.0,3.86,154.0,0.0,11299.2136111111,0.0,68.5,114.8,43.7,49.0,104.9,95.0,68.9,38.3,-0.0199999999999818,99.0,13.979,739.6,49.58,14.238,0.0,0.0,0.0,0.0,0.0,0.0,0.0,0.0,0.0,0.0,0.0,740.2,2.4000000000000004,3.0,0.0,0.0,0.0,908.0,2857.0,0.0,53.6,1.0,0.0,825.6,0.0,0.0,0.7000000000000001,13.0,0.0,41.0,0.0,51.8,51.8,350.0,825.6,-50.0,0.0,0.0,0.0,0.0,400.0,0.0,0.0,0.0,0.0,0.0,0.0,69.5,743.6,4.442,14.5994225,13.9307107,10.079300121645574,0.0,0.7349516324663962,29.12394491171558,0.432285517014912,0.428005462391002,4.2220748839711275,0.00713083444216,2.6234748927280234,12.78992,0.0,0.0110556903486774,2.999999999999999,10.0,9.000000000000002,10.0,46.0,20.500000000000004,50.0,3.4999999999999982,12.5,20.0,10.999999999999998,10.0,55.17570357860097,54.988243657042865,1.1825367534233584,116.40586672954943,49.59999999999998
376.0,13.5,15.1,743.9,0.0,0.0,0.0,23.0,48.2,50.0,50.0,50.0,50.0,11.23289,50.0,60.8,11299.214166666668,40677171.0,0.0,0.0,5.16597222222222,4.13277777777778,3.87447916666667,25036.1,24773.5,18453.8,17866.2,840.0,4364.0,0.0,0.0,744.0,2361.0,3.86,16.0,3.86,154.0,0.0,11299.2141666667,0.0,68.5,113.9,43.7,49.0,104.9,95.0,68.9,38.3,-0.0199999999999818,99.0,13.979,739.6,49.58,14.238,0.0,0.0,0.0,0.0,0.0,0.0,0.0,0.0,0.0,0.0,0.0,740.4000000000001,2.4000000000000004,3.0,0.0,0.0,0.0,908.0,2857.0,0.0,53.6,1.0,0.0,825.6,0.0,0.0,0.7000000000000001,13.0,0.0,41.0,0.0,51.8,51.8,350.0,825.6,-50.0,0.0,0.0,0.0,0.0,400.0,0.0,0.0,0.0,0.0,0.0,0.0,69.5,743.5,4.442,14.5994225,13.9307107,10.079300121645574,0.0,0.7349516324663962,29.12394491171558,0.4388149416624027,0.4344702392697056,4.896335671407805,0.0064647768787036,3.042440992478339,11.23289,0.0,0.0110556903486774,2.999999999999999,10.0,9.000000000000002,10.0,45.5,20.500000000000004,50.0,3.4999999999999982,12.5,20.0,10.999999999999998,10.0,55.17570357860097,54.988243657042865,1.1825367534233584,116.40586672954943,49.59999999999998
377.0,13.5,15.1,743.9,0.0,0.0,0.0,23.0,48.2,50.0,50.0,50.0,50.0,11.23289,50.0,60.8,11299.214166666668,40677171.0,0.0,0.0,5.16597222222222,4.13277777777778,3.87447916666667,25036.1,24773.5,18453.8,17866.2,840.0,4364.0,0.0,0.0,744.0,2361.0,3.86,16.0,3.86,154.0,0.0,11299.2141666667,0.0,68.5,113.9,43.7,49.0,104.9,95.0,68.9,38.3,-1.2699999999999818,99.0,13.952,739.9000000000001,51.57,14.249,0.0,0.0,0.0,0.0,0.0,0.0,0.0,0.0,0.0,0.0,0.0,740.4000000000001,-7.5,3.0,0.0,0.0,0.0,908.0,2857.0,0.0,53.6,1.0,0.0,825.6,0.0,0.0,0.7000000000000001,13.0,0.0,41.0,0.0,51.8,51.8,350.0,825.6,-50.0,0.0,0.0,0.0,0.0,400.0,0.0,0.0,0.0,0.0,0.0,0.0,69.5,743.5,4.442,12.2557025,13.9307107,10.079300121645574,0.0,0.7349516324663962,29.12394491171558,0.4388149416624027,0.4344702392697056,4.896335671407805,0.0064647768787036,3.042440992478339,11.23289,0.0,0.0110556903486774,2.999999999999999,10.0,9.000000000000002,10.0,45.5,20.500000000000004,50.0,3.4999999999999982,12.5,20.0,10.999999999999998,10.0,55.28505519950986,54.988243657042865,1.1825367534233584,116.40586672954943,52.83999999999998
378.0,13.5,15.1,743.9,0.0,0.0,0.0,23.0,48.2,50.0,50.0,50.0,50.0,11.23289,50.0,60.8,11299.214166666668,40677171.0,0.0,0.0,5.16597222222222,4.13277777777778,3.87447916666667,25036.1,24773.5,18453.8,17866.2,860.0,4364.0,0.0,0.0,744.0,2361.0,3.86,16.0,3.86,154.0,0.0,11299.2141666667,0.0,68.5,113.9,43.7,49.0,104.9,95.0,68.9,38.3,-1.2699999999999818,99.0,13.952,739.9000000000001,51.57,14.249,0.0,0.0,0.0,0.0,0.0,0.0,0.0,0.0,0.0,0.0,0.0,742.1,-7.5,3.0,0.0,0.0,0.0,908.0,2857.0,0.0,53.6,1.0,0.0,825.6,0.0,0.0,0.7000000000000001,13.0,0.0,41.0,0.0,51.8,51.8,350.0,825.6,-50.0,0.0,0.0,0.0,0.0,400.0,0.0,0.0,0.0,0.0,0.0,0.0,69.5,744.7,4.444,12.2557025,13.9307107,10.079300121645574,0.0,0.7349516324663962,29.12394491171558,0.4388149416624027,0.4344702392697056,4.896335671407805,0.0064647768787036,3.042440992478339,11.23289,0.0,0.0110556903486774,2.999999999999999,10.0,9.000000000000002,10.0,45.5,20.500000000000004,50.0,3.4999999999999982,12.5,20.0,10.999999999999998,10.0,55.28505519950986,54.988243657042865,1.1825367534233584,116.40586672954943,52.83999999999998
379.0,13.5,10.5,744.9,0.0,0.0,0.0,23.0,48.2,50.0,50.0,50.0,50.0,7.82145,50.0,60.8,11299.214722222225,40677173.0,0.0,0.0,5.17291666666667,4.13833333333333,3.8796875,25036.1,24773.5,18453.8,17866.2,860.0,4334.0,0.0,0.0,745.0,2361.0,3.88,16.0,3.86,93.0,0.0,11299.2147222222,0.0,68.5,113.9,44.6,49.0,104.9,95.0,68.9,37.4,-0.4800000000000182,99.0,13.952,741.7,48.48,14.244,0.0,0.0,0.0,0.0,0.0,0.0,0.0,0.0,0.0,0.0,0.0,742.1,8.6,3.0,0.0,0.0,0.0,908.0,2857.0,0.0,53.6,1.0,0.0,825.6,0.0,0.0,0.7000000000000001,13.0,0.0,41.0,0.0,51.8,51.8,350.0,825.6,-50.0,0.0,0.0,0.0,0.0,400.0,0.0,0.0,0.0,0.0,0.0,0.0,69.5,744.7,4.444,12.2557025,13.9307107,10.452730937629852,0.0,0.7745019088523025,29.16349518810149,0.4436165106917848,0.4392242680116681,7.031944204719074,0.0047540287419625,4.369446202430495,7.82145,0.0,,2.999999999999999,10.0,9.000000000000002,10.0,45.5,20.500000000000004,51.0,2.999999999999999,12.5,20.0,10.999999999999998,10.0,55.28505519950986,53.98845740873299,1.246172717220409,116.46950312425436,48.960000000000015
380.0,13.5,10.5,744.9,0.0,0.0,0.0,23.0,48.2,50.0,50.0,50.0,50.0,7.82145,50.0,60.8,11299.214722222225,40677173.0,0.0,0.0,5.17291666666667,4.13833333333333,3.8796875,25036.1,24773.5,18453.8,17866.2,880.0,4334.0,0.0,0.0,745.0,2361.0,3.88,16.0,3.86,93.0,0.0,11299.2147222222,0.0,68.5,113.9,44.6,49.0,104.9,95.0,68.9,37.4,-0.4800000000000182,99.0,13.952,741.7,48.48,14.244,0.0,0.0,0.0,0.0,0.0,0.0,0.0,0.0,0.0,0.0,0.0,740.7,8.6,3.0,0.0,0.0,0.0,908.0,2857.0,0.0,53.6,1.0,0.0,825.6,0.0,0.0,0.7000000000000001,13.0,0.0,41.0,0.0,51.8,51.8,350.0,825.6,-50.0,0.0,0.0,0.0,0.0,400.0,0.0,0.0,0.0,0.0,0.0,0.0,69.5,744.3000000000001,4.44,12.2557025,13.9307107,10.452730937629852,0.0,0.7745019088523025,29.16349518810149,0.4436165106917848,0.4392242680116681,7.031944204719074,0.0047540287419625,4.369446202430495,7.82145,0.0,,2.999999999999999,10.0,9.000000000000002,10.0,45.5,20.500000000000004,51.0,2.999999999999999,12.5,20.0,10.999999999999998,10.0,55.28505519950986,53.98845740873299,1.246172717220409,116.46950312425436,48.960000000000015
381.0,13.5,15.4,743.9,0.0,0.0,0.0,23.0,48.2,50.0,50.0,50.0,50.0,11.45606,50.0,60.8,11299.215277777776,40677175.0,0.0,0.0,5.16597222222222,4.13277777777778,3.87447916666667,25036.1,24773.5,18453.8,17866.2,880.0,4301.0,0.0,0.0,744.0,2357.0,3.86,16.0,3.86,154.0,0.0,11299.2152777778,0.0,68.5,113.9,44.6,49.0,104.0,95.0,68.9,37.4,-0.0600000000000022,99.0,13.954,740.0,47.34,14.248,0.0,0.0,0.0,0.0,0.0,0.0,0.0,0.0,0.0,0.0,0.0,740.7,20.0,3.0,0.0,0.0,0.0,908.0,2857.0,0.0,53.6,1.0,0.0,825.6,0.0,0.0,0.7000000000000001,13.0,0.0,41.0,0.0,51.8,51.8,350.0,825.6,-50.0,0.0,0.0,0.0,0.0,400.0,0.0,0.0,0.0,0.0,0.0,0.0,69.5,744.3000000000001,4.44,13.28108,13.9297341,10.62331118110083,0.0,0.7929964010180545,29.18198968026724,0.4499264210377621,0.4454717039977842,4.713662463360003,0.0062474359861161,2.9289331585204685,11.45606,0.0,,2.999999999999999,10.0,9.000000000000002,10.0,45.5,20.500000000000004,51.0,2.999999999999999,12.5,20.0,10.999999999999998,10.0,54.37899891197903,53.98845740873299,1.2759307440319543,116.49926076214904,47.400000000000006
382.0,13.5,15.4,743.9,0.0,0.0,0.0,23.0,48.2,50.0,50.0,50.0,50.0,11.45606,50.0,60.8,11299.215277777776,40677175.0,0.0,0.0,5.16597222222222,4.13277777777778,3.87447916666667,25036.1,24773.5,18453.8,17866.2,920.0,4301.0,0.0,0.0,744.0,2357.0,3.86,16.0,3.86,154.0,0.0,11299.2152777778,0.0,68.5,113.9,44.6,49.0,104.0,95.0,68.9,37.4,-0.0600000000000022,99.0,13.954,740.0,47.34,14.248,0.0,0.0,0.0,0.0,0.0,0.0,0.0,0.0,0.0,0.0,0.0,740.6,20.0,3.0,0.0,0.0,0.0,908.0,2857.0,0.0,53.6,1.0,0.0,825.6,0.0,0.0,0.7000000000000001,13.0,0.0,41.0,0.0,51.8,51.8,350.0,825.6,-50.0,0.0,0.0,0.0,0.0,400.0,0.0,0.0,0.0,0.0,0.0,0.0,69.5,743.9000000000001,4.441,13.28108,13.9297341,10.62331118110083,0.0,0.7929964010180545,29.18198968026724,0.4499264210377621,0.4454717039977842,4.713662463360003,0.0062474359861161,2.9289331585204685,11.45606,0.0,,2.999999999999999,10.0,9.000000000000002,10.0,45.5,20.500000000000004,51.0,2.999999999999999,12.5,20.0,10.999999999999998,10.0,54.37899891197903,53.98845740873299,1.2759307440319543,116.49926076214904,47.400000000000006
383.0,13.5,14.1,744.1,0.0,0.0,0.0,23.0,48.2,50.0,50.0,50.0,50.0,10.49181,50.0,60.8,11299.215833333334,40677177.0,0.0,0.0,5.16736111111111,4.13388888888889,3.87552083333333,25036.1,24773.5,18453.8,17866.3,920.0,4260.0,0.0,0.0,744.0,2357.0,3.88,16.0,3.86,154.0,0.0,11299.2158333333,0.0,68.5,,44.6,49.0,104.0,94.1,68.9,37.4,0.1399999999999863,99.0,13.956,740.1,51.43,14.249,0.0,0.0,0.0,0.0,0.0,0.0,0.0,0.0,0.0,0.0,0.0,740.6,1.9,3.0,0.0,0.0,0.0,908.0,2857.0,0.0,53.6,1.0,0.0,825.6,0.0,0.0,0.7000000000000001,13.0,0.0,41.0,0.0,51.8,51.8,350.0,825.6,-50.0,0.0,0.0,0.0,0.0,400.0,0.0,0.0,0.0,0.0,0.0,0.0,69.5,743.9000000000001,4.441,13.4275625,13.9517076,10.798729838065224,0.0,0.8123048894456374,29.20129816869482,0.4560589877817356,0.4515435522591442,5.146871702785316,0.00607184826136,3.1981168168314142,10.49181,0.0,0.0,2.999999999999999,10.0,9.000000000000002,10.0,,20.500000000000004,,2.999999999999999,12.5,20.0,10.999999999999998,10.0,53.98845740873299,53.98845740873299,1.3069981514013547,116.53032812002901,51.29000000000001
384.0,13.5,14.1,744.1,0.0,0.0,0.0,23.0,48.2,50.0,50.0,50.0,50.0,10.49181,50.0,60.8,11299.215833333334,40677177.0,0.0,0.0,5.16736111111111,4.13388888888889,3.87552083333333,25036.1,24773.5,18453.8,17866.3,920.0,4260.0,0.0,0.0,744.0,2357.0,3.88,16.0,3.86,154.0,0.0,11299.2158333333,0.0,68.5,,44.6,49.0,104.0,94.1,68.9,37.4,0.1399999999999863,99.0,13.956,740.1,51.43,14.249,0.0,0.0,0.0,0.0,0.0,0.0,0.0,0.0,0.0,0.0,0.0,740.5,1.9,3.0,0.0,0.0,0.0,908.0,2857.0,0.0,53.6,1.0,0.0,825.6,0.0,0.0,0.7000000000000001,13.0,0.0,41.0,0.0,51.8,51.8,350.0,825.6,-50.0,0.0,0.0,0.0,0.0,400.0,0.0,0.0,0.0,0.0,0.0,0.0,69.5,744.1,4.442,13.4275625,13.9517076,10.798729838065224,0.0,0.8123048894456374,29.20129816869482,0.4560589877817356,0.4515435522591442,5.146871702785316,0.00607184826136,3.1981168168314142,10.49181,0.0,0.0,2.999999999999999,10.0,9.000000000000002,10.0,,20.500000000000004,,2.999999999999999,12.5,20.0,10.999999999999998,10.0,53.98845740873299,53.98845740873299,1.3069981514013547,116.53032812002901,51.29000000000001
385.0,13.6,14.9,744.1,0.0,0.0,0.0,23.0,48.2,50.0,50.0,50.0,50.0,11.08709,50.0,60.8,11299.216388888888,40677179.0,0.0,0.0,5.16736111111111,4.13388888888889,3.87552083333333,25036.1,24773.5,18453.8,17866.3,940.0,4257.0,0.0,0.0,744.0,2357.0,3.86,16.0,3.86,154.0,0.0,11299.2163888889,0.0,68.5,113.0,45.5,49.0,103.1,94.1,68.9,37.4,0.1399999999999863,99.0,13.956,740.1,51.43,14.249,0.0,0.0,0.0,0.0,0.0,0.0,0.0,0.0,0.0,0.0,0.0,740.5,3.8,3.0,0.0,0.0,0.0,908.0,2857.0,0.0,53.6,1.0,0.0,825.6,0.0,0.0,0.7000000000000001,13.0,0.0,41.0,0.0,51.8,51.8,350.0,825.6,-50.0,0.0,0.0,0.0,0.0,400.0,0.0,0.0,0.0,0.0,0.0,0.0,69.5,744.1,4.442,13.769355,13.960497,10.97371406880594,0.0,0.8318644118348842,29.22085769108407,0.4624705743930196,0.4578916578148709,4.870529597937781,0.0063481055557266,3.026405846800197,11.08709,0.0,-0.0027360330040117,2.999999999999999,10.0,9.000000000000002,10.0,45.0,20.500000000000004,52.0,2.999999999999999,12.5,20.0,10.999999999999998,10.0,54.05094404925236,53.98845740873299,1.3384695319023538,116.56179939155331,51.29000000000001
386.0,13.6,14.9,744.1,0.0,0.0,0.0,23.0,48.2,50.0,50.0,50.0,50.0,11.08709,50.0,60.8,11299.216388888888,40677179.0,0.0,0.0,5.16736111111111,4.13388888888889,3.87552083333333,25036.1,24773.5,18453.8,17866.3,1000.0,4257.0,0.0,0.0,744.0,2357.0,3.86,16.0,3.86,154.0,0.0,11299.2163888889,0.0,68.5,113.0,45.5,49.0,103.1,94.1,68.9,37.4,0.1399999999999863,99.0,13.956,740.1,51.43,14.249,0.0,0.0,0.0,0.0,0.0,0.0,0.0,0.0,0.0,0.0,0.0,740.4000000000001,3.8,3.0,0.0,0.0,0.0,908.0,2857.0,0.0,53.6,1.0,0.0,825.6,0.0,0.0,0.7000000000000001,13.0,0.0,41.0,0.0,51.8,51.8,350.0,825.6,-50.0,0.0,0.0,0.0,0.0,400.0,0.0,0.0,0.0,0.0,0.0,0.0,69.5,743.9000000000001,4.443,13.769355,13.960497,10.97371406880594,0.0,0.8318644118348842,29.22085769108407,0.4624705743930196,0.4578916578148709,4.870529597937781,0.0063481055557266,3.026405846800197,11.08709,0.0,-0.0027360330040117,2.999999999999999,10.0,9.000000000000002,10.0,45.0,20.500000000000004,52.0,2.999999999999999,12.5,20.0,10.999999999999998,10.0,54.05094404925236,53.98845740873299,1.3384695319023538,116.56179939155331,51.29000000000001
387.0,13.6,19.7,743.2,0.0,0.0,0.0,23.0,48.2,50.0,50.0,50.0,50.0,14.64104,50.0,60.8,11299.216944444444,40677181.0,0.0,0.0,5.16111111111111,4.12888888888889,3.87083333333333,25036.1,24773.5,18453.8,17866.3,1000.0,4274.0,0.0,0.0,743.0,2357.0,3.86,16.0,3.86,154.0,0.0,11299.2169444444,0.0,68.5,113.0,45.5,49.0,103.1,94.1,68.9,37.4,0.9000000000000341,99.0,13.982,738.2,46.11,14.242,0.0,0.0,0.0,0.0,0.0,0.0,0.0,0.0,0.0,0.0,0.0,740.4000000000001,1.9,3.0,0.0,0.0,0.0,908.0,2857.0,0.0,53.6,1.0,0.0,825.6,0.0,0.0,0.7000000000000001,13.0,0.0,41.0,0.0,51.8,51.8,350.0,825.6,-50.0,0.0,0.0,0.0,0.0,400.0,0.0,0.0,0.0,0.0,0.0,0.0,69.5,743.9000000000001,4.443,13.769355,13.960497,11.135551412619227,0.0,0.8502265519366896,29.23921983118587,0.4704174418380196,0.4657598434039798,3.6882625824395,0.0078681855891088,2.2917794091130146,14.64104,0.0,0.0,2.999999999999999,10.0,9.000000000000002,10.0,45.0,20.500000000000004,53.0,2.999999999999999,12.5,20.0,10.999999999999998,10.0,54.05094404925236,53.98845740873299,1.3680137194321795,116.59134407497713,45.209999999999965
388.0,13.6,19.7,743.2,0.0,0.0,0.0,23.0,48.2,50.0,50.0,50.0,50.0,14.64104,50.0,60.8,11299.216944444444,40677181.0,0.0,0.0,5.16111111111111,4.12888888888889,3.87083333333333,25036.1,24773.5,18453.8,17866.3,1000.0,4274.0,0.0,0.0,743.0,2357.0,3.86,16.0,3.86,154.0,0.0,11299.2169444444,0.0,68.5,113.0,45.5,49.0,103.1,94.1,68.9,37.4,0.9000000000000341,99.0,13.982,738.2,46.11,14.242,0.0,0.0,0.0,0.0,0.0,0.0,0.0,0.0,0.0,0.0,0.0,739.4000000000001,1.9,3.0,0.0,0.0,0.0,908.0,2857.0,0.0,53.6,1.0,0.0,825.6,0.0,0.0,0.7000000000000001,13.0,0.0,41.0,0.0,51.8,51.8,350.0,825.6,-50.0,0.0,0.0,0.0,0.0,400.0,0.0,0.0,0.0,0.0,0.0,0.0,69.5,741.7,4.441,18.4079675,13.9595204,11.135551412619227,0.0,0.8502265519366896,29.23921983118587,0.4704174418380196,0.4657598434039798,3.6882625824395,0.0078681855891088,2.2917794091130146,14.64104,0.0,0.0,2.999999999999999,10.0,9.000000000000002,10.0,45.0,20.500000000000004,53.0,2.999999999999999,12.5,20.0,10.999999999999998,10.0,54.61332381392666,53.98845740873299,1.3680137194321795,116.59134407497713,45.209999999999965
389.0,13.6,26.8,741.8,0.0,0.0,0.0,23.0,48.2,50.0,50.0,50.0,50.0,19.88024,50.0,60.8,11299.2175,40677183.0,0.0,0.0,5.15138888888889,4.12111111111111,3.86354166666667,25036.1,24773.5,18453.8,17866.3,1060.0,4396.0,0.0,0.0,741.0,2360.0,3.86,16.0,3.84,154.0,0.0,11299.2175,0.0,68.5,113.0,45.5,49.0,103.1,94.1,68.9,37.4,0.3000000000000113,99.0,13.981,737.9000000000001,46.42,14.242,0.0,0.0,0.0,0.0,0.0,0.0,0.0,0.0,0.0,0.0,0.0,739.4000000000001,1.9,3.0,0.0,0.0,0.0,908.0,2857.0,0.0,53.6,1.0,0.0,825.6,0.0,0.0,0.7000000000000001,13.0,0.0,41.0,0.0,51.8,51.8,350.0,825.6,-50.0,0.0,0.0,0.0,0.0,400.0,0.0,0.0,0.0,0.0,0.0,0.0,69.5,741.7,4.441,18.4079675,13.9595204,11.135551412619227,0.0,0.8502265519366896,29.23921983118587,0.4827199084858285,0.4779405034513153,2.716264994788796,0.0121806600473355,1.687808296076909,19.880239999999997,0.0,0.0,2.999999999999999,10.0,9.000000000000002,10.0,45.0,20.500000000000004,53.0,2.999999999999999,12.5,20.0,10.999999999999998,10.0,54.61332381392666,53.98845740873299,1.3680137194321795,116.59134407497713,46.11999999999999
390.0,13.6,26.8,741.8,0.0,0.0,0.0,23.0,48.2,50.0,50.0,50.0,50.0,19.88024,50.0,60.8,11299.2175,40677183.0,0.0,0.0,5.15138888888889,4.12111111111111,3.86354166666667,25036.1,24773.5,18453.8,17866.3,1060.0,4396.0,0.0,0.0,741.0,2360.0,3.86,16.0,3.84,154.0,0.0,11299.2175,0.0,68.5,113.0,45.5,49.0,103.1,94.1,68.9,37.4,0.3000000000000113,99.0,13.981,737.9000000000001,46.42,14.242,0.0,0.0,0.0,0.0,0.0,0.0,0.0,0.0,0.0,0.0,0.0,739.4000000000001,-2.1,3.0,0.0,0.0,0.0,908.0,2857.0,0.0,53.6,1.0,0.0,825.6,0.0,0.0,0.7000000000000001,13.0,0.0,41.0,0.0,51.8,51.8,350.0,825.6,-50.0,0.0,0.0,0.0,0.0,400.0,0.0,0.0,0.0,0.0,0.0,0.0,69.5,742.5,4.441,18.4079675,13.9595204,11.135551412619227,0.0,0.8502265519366896,29.23921983118587,0.4827199084858285,0.4779405034513153,2.716264994788796,0.0121806600473355,1.687808296076909,19.880239999999997,0.0,0.0,2.999999999999999,10.0,9.000000000000002,10.0,45.0,20.500000000000004,53.0,2.999999999999999,12.5,20.0,10.999999999999998,10.0,54.61332381392666,53.98845740873299,1.3680137194321795,116.59134407497713,46.11999999999999
391.0,13.5,19.5,742.8,0.0,0.0,0.0,23.0,48.2,50.0,50.0,50.0,50.0,14.4846,50.0,60.8,11299.218055555555,40677185.0,0.0,0.0,5.15833333333333,4.12666666666667,3.86875,25036.1,24773.5,18453.8,17866.3,1140.0,4474.0,0.0,0.0,743.0,2360.0,3.86,16.0,3.86,154.0,0.0,11299.2180555556,0.0,68.5,113.0,46.4,49.0,102.2,94.1,68.9,36.5,-1.0400000000000205,99.0,13.972,738.9000000000001,45.63,14.243,0.0,0.0,0.0,0.0,0.0,0.0,0.0,0.0,0.0,0.0,0.0,739.2,-2.1,3.0,0.0,0.0,0.0,908.0,2857.0,0.0,53.6,1.0,0.0,825.6,0.0,0.0,0.7000000000000001,13.0,0.0,41.0,0.0,51.8,51.8,350.0,825.6,-50.0,0.0,0.0,0.0,0.0,400.0,0.0,0.0,0.0,0.0,0.0,0.0,69.5,742.5,4.441,18.4079675,13.9595204,11.515008505980935,0.0,0.8931558448659825,29.28214912411517,0.4918349619949745,0.4869653089059153,3.728097427612775,0.0090248054546,2.3165316266931777,14.4846,0.0,0.0080905103522747,2.999999999999999,10.0,9.000000000000002,10.0,45.0,20.500000000000004,53.99999999999999,2.5,12.5,20.0,10.999999999999998,10.0,54.61332381392666,56.9878161536626,1.4370873438382523,116.66041730730035,46.67000000000002
392.0,13.5,19.5,742.8,0.0,0.0,0.0,23.0,48.2,50.0,50.0,50.0,50.0,14.4846,50.0,60.8,11299.218055555555,40677185.0,0.0,0.0,5.15833333333333,4.12666666666667,3.86875,25036.1,24773.5,18453.8,17866.3,1140.0,4474.0,0.0,0.0,743.0,2360.0,3.86,16.0,3.86,154.0,0.0,11299.2180555556,0.0,68.5,113.0,46.4,49.0,102.2,94.1,68.9,36.5,-1.0400000000000205,99.0,13.972,738.9000000000001,45.63,14.243,0.0,0.0,0.0,0.0,0.0,0.0,0.0,0.0,0.0,0.0,0.0,739.2,1.0,3.0,0.0,0.0,0.0,908.0,2857.0,0.0,53.6,1.0,0.0,825.6,0.0,0.0,0.7000000000000001,13.0,0.0,41.0,0.0,51.8,51.8,350.0,825.6,-50.0,0.0,0.0,0.0,0.0,400.0,0.0,0.0,0.0,0.0,0.0,0.0,69.5,743.2,4.442,14.941215,13.9297341,11.515008505980935,0.0,0.8931558448659825,29.28214912411517,0.4918349619949745,0.4869653089059153,3.728097427612775,0.0090248054546,2.3165316266931777,14.4846,0.0,0.0080905103522747,2.999999999999999,10.0,9.000000000000002,10.0,45.0,20.500000000000004,53.99999999999999,2.5,12.5,20.0,10.999999999999998,10.0,56.97219449353276,56.9878161536626,1.4370873438382523,116.66041730730035,46.67000000000002
393.0,13.5,17.7,743.2,0.0,0.0,0.0,23.0,48.2,50.0,50.0,50.0,50.0,13.15464,50.0,60.8,11299.218611111111,40677187.0,0.0,0.0,5.16111111111111,4.12888888888889,3.87083333333333,25036.1,24773.5,18453.8,17866.3,1300.0,4493.0,0.0,0.0,743.0,2360.0,3.86,16.0,3.86,154.0,0.0,11299.2186111111,0.0,68.5,113.0,46.4,49.0,102.2,94.1,68.9,36.5,-1.0400000000000205,99.0,13.972,738.9000000000001,45.63,14.243,0.0,0.0,0.0,0.0,0.0,0.0,0.0,0.0,0.0,0.0,0.0,739.9000000000001,1.0,3.0,0.0,0.0,0.0,908.0,2857.0,0.0,53.6,1.0,0.0,825.6,0.0,0.0,0.7000000000000001,13.0,0.0,41.0,0.0,51.8,51.8,350.0,825.6,-50.0,0.0,0.0,0.0,0.0,400.0,0.0,0.0,0.0,0.0,0.0,0.0,69.5,743.2,4.442,14.941215,13.9297341,11.515008505980935,0.0,0.8931558448659825,29.28214912411517,0.4994074220883508,0.494462794146882,4.333071828647536,0.0074974852409666,2.692445175238548,13.15464,0.0,0.0080905103522747,2.999999999999999,10.0,9.000000000000002,10.0,45.0,20.500000000000004,53.99999999999999,2.5,12.5,20.0,10.999999999999998,10.0,56.97219449353276,56.9878161536626,1.4370873438382523,116.66041730730035,46.67000000000002
394.0,13.5,17.7,743.2,0.0,0.0,0.0,23.0,48.2,50.0,50.0,50.0,50.0,13.15464,50.0,60.8,11299.218611111111,40677187.0,0.0,0.0,5.16111111111111,4.12888888888889,3.87083333333333,25036.1,24773.5,18453.8,17866.3,1300.0,4493.0,0.0,0.0,743.0,2360.0,3.86,16.0,3.86,154.0,0.0,11299.2186111111,0.0,68.5,113.0,46.4,49.0,102.2,94.1,68.9,36.5,-1.1899999999999975,99.0,13.948,738.9000000000001,50.32,14.249,0.0,0.0,0.0,0.0,0.0,0.0,0.0,0.0,0.0,0.0,0.0,739.9000000000001,-5.2,3.0,0.0,0.0,0.0,908.0,2857.0,0.0,53.6,1.0,0.0,825.6,0.0,0.0,0.7000000000000001,13.0,0.0,41.0,0.0,51.8,51.8,350.0,825.6,-50.0,0.0,0.0,0.0,0.0,400.0,0.0,0.0,0.0,0.0,0.0,0.0,69.5,743.2,4.442,14.941215,13.9204564,11.515008505980935,0.0,0.8931558448659825,29.28214912411517,0.4994074220883508,0.494462794146882,4.333071828647536,0.0074974852409666,2.692445175238548,13.15464,0.0,0.0080905103522747,2.999999999999999,10.0,9.000000000000002,10.0,45.0,20.500000000000004,53.99999999999999,2.5,12.5,20.0,10.999999999999998,10.0,56.97219449353276,56.9878161536626,1.4370873438382523,116.66041730730035,51.51
395.0,13.5,17.2,743.0,0.0,0.0,0.0,23.0,48.2,50.0,50.0,50.0,50.0,12.7796,50.0,60.8,11299.219444444445,40677190.0,0.0,0.0,5.15972222222222,4.12777777777778,3.86979166666667,25036.1,24773.6,18453.8,17866.3,1480.0,4482.0,0.0,0.0,743.0,2360.0,3.86,16.0,3.86,102.0,0.0,11299.2194444444,0.0,68.5,113.0,46.4,49.0,102.2,94.1,68.9,36.5,-1.1899999999999975,99.0,13.948,738.9000000000001,50.32,14.249,0.0,0.0,0.0,0.0,0.0,0.0,0.0,0.0,0.0,0.0,0.0,739.9000000000001,-5.2,3.0,0.0,0.0,0.0,908.0,2857.0,0.0,53.6,1.0,0.0,825.6,0.0,0.0,0.7000000000000001,13.0,0.0,41.0,0.0,51.8,51.8,350.0,825.6,-50.0,0.0,0.0,0.0,0.0,400.0,0.0,0.0,0.0,0.0,0.0,0.0,69.5,743.2,4.441,14.941215,13.9204564,11.515008505980935,0.0,0.8931558448659825,29.28214912411517,0.5076397320082038,0.5026135960477265,4.460233497136061,0.0081508019008444,2.7714597483489314,12.7796,0.0,0.0080905103522747,2.999999999999999,10.0,9.000000000000002,10.0,45.0,20.500000000000004,53.99999999999999,2.5,12.5,20.0,10.999999999999998,10.0,56.97219449353276,56.9878161536626,1.4370873438382523,116.66041730730035,51.51
396.0,13.5,17.2,743.0,0.0,0.0,0.0,23.0,48.2,50.0,50.0,50.0,50.0,12.7796,50.0,60.8,11299.219444444445,40677190.0,0.0,0.0,5.15972222222222,4.12777777777778,3.86979166666667,25036.1,24773.6,18453.8,17866.3,1480.0,4482.0,0.0,0.0,743.0,2360.0,3.86,16.0,3.86,102.0,0.0,11299.2194444444,0.0,68.5,115.7,46.4,49.0,102.2,94.1,68.9,36.5,-0.4399999999999977,99.0,13.949,740.0,52.46,14.251,0.0,0.0,0.0,0.0,0.0,0.0,0.0,0.0,0.0,0.0,0.0,739.9000000000001,-0.1,3.0,0.0,0.0,0.0,908.0,2857.0,0.0,53.6,1.0,0.0,825.6,0.0,0.0,0.7000000000000001,13.0,0.0,41.0,0.0,51.8,51.8,350.0,825.6,-50.0,0.0,0.0,0.0,0.0,400.0,0.0,0.0,0.0,0.0,0.0,0.0,69.5,743.2,4.441,13.9158375,13.9307107,11.888834031562729,0.0,0.9368022001511174,29.325795479400306,0.5076397320082038,0.5026135960477265,4.460233497136061,0.0081508019008444,2.7714597483489314,12.7796,0.0,0.0066218890761556,2.999999999999999,10.0,9.000000000000002,10.0,46.5,20.500000000000004,59.0,2.5,12.5,19.0,10.999999999999998,10.0,56.97219449353276,56.9878161536626,1.5073143858133258,116.73064429295412,52.9
397.0,13.5,17.2,743.0,0.0,0.0,0.0,23.0,48.2,50.0,50.0,50.0,50.0,12.7796,50.0,60.8,11299.219444444445,40677190.0,0.0,0.0,5.15972222222222,4.12777777777778,3.86979166666667,25036.1,24773.6,18453.8,17866.3,1740.0,4482.0,0.0,0.0,743.0,2360.0,3.86,16.0,3.86,102.0,0.0,11299.2194444444,0.0,68.5,115.7,46.4,49.0,102.2,94.1,68.9,36.5,-0.4399999999999977,99.0,13.949,740.0,52.46,14.251,0.0,0.0,0.0,0.0,0.0,0.0,0.0,0.0,0.0,0.0,0.0,741.6,-0.1,3.0,0.0,0.0,0.0,908.0,2857.0,0.0,53.6,1.0,0.0,825.6,0.0,0.0,0.7000000000000001,13.0,0.0,41.0,0.0,51.8,51.8,350.0,825.6,-50.0,0.0,0.0,0.0,0.0,400.0,0.0,0.0,0.0,0.0,0.0,0.0,69.0,743.7,4.442,13.9158375,13.9307107,11.888834031562729,0.0,0.9368022001511174,29.325795479400306,0.5076397320082038,0.5026135960477265,4.460233497136061,0.0081508019008444,2.7714597483489314,12.7796,0.0,0.0066218890761556,2.999999999999999,10.0,9.000000000000002,10.0,46.5,20.500000000000004,59.0,2.5,12.5,19.0,10.999999999999998,10.0,56.97219449353276,56.9878161536626,1.5073143858133258,116.73064429295412,52.9
398.0,13.5,14.5,743.8,0.0,0.0,0.0,23.0,48.2,50.0,50.0,50.0,50.0,10.7851,50.0,60.8,11299.22,40677192.0,0.0,0.0,5.16527777777778,4.13222222222222,3.87395833333333,25036.1,24773.6,18453.8,17866.3,1740.0,4468.0,0.0,0.0,744.0,2349.0,3.86,16.0,3.86,154.0,0.0,11299.22,0.0,68.5,115.7,47.3,49.0,102.2,94.1,68.9,36.5,0.0500000000000113,99.0,13.954,740.0,52.34,14.261,0.0,0.0,0.0,0.0,0.0,0.0,0.0,0.0,0.0,0.0,0.0,741.6,-0.9,3.0,0.0,0.0,0.0,908.0,2857.0,0.0,53.6,1.0,0.0,825.6,0.0,0.0,0.7000000000000001,13.0,0.0,41.0,0.0,51.8,51.8,350.0,825.6,-50.0,0.0,0.0,0.0,0.0,400.0,0.0,0.0,0.0,0.0,0.0,0.0,69.0,743.7,4.442,13.9158375,13.9307107,12.062177681012882,0.0,0.9577082339139426,29.34670151316313,0.5141996510702429,0.5091085654160821,5.2850692158626265,0.0064949693683555,3.283988743729776,10.785099999999998,0.0,0.0066218890761556,2.999999999999999,10.0,9.000000000000002,10.0,46.5,20.500000000000004,59.0,2.5,12.5,19.0,10.999999999999998,10.0,56.97219449353276,55.98802990535273,1.5409519210849782,116.76428210127852,52.28999999999999
399.0,13.5,14.5,743.8,0.0,0.0,0.0,23.0,48.2,50.0,50.0,50.0,50.0,10.7851,50.0,60.8,11299.22,40677192.0,0.0,0.0,5.16527777777778,4.13222222222222,3.87395833333333,25036.1,24773.6,18453.8,17866.3,1740.0,4468.0,0.0,0.0,744.0,2349.0,3.86,16.0,3.86,154.0,0.0,11299.22,0.0,68.5,115.7,47.3,49.0,102.2,94.1,68.9,36.5,0.0500000000000113,99.0,13.954,740.0,52.34,14.261,0.0,0.0,0.0,0.0,0.0,0.0,0.0,0.0,0.0,0.0,0.0,741.6,-0.9,3.0,0.0,0.0,0.0,908.0,2857.0,0.0,53.6,1.0,0.0,825.6,0.0,0.0,0.7000000000000001,13.0,0.0,41.0,0.0,51.8,51.8,350.0,825.6,-50.0,0.0,0.0,0.0,0.0,400.0,0.0,0.0,0.0,0.0,0.0,0.0,69.0,743.8000000000001,4.438,13.574045000000002,13.9297341,12.062177681012882,0.0,0.9577082339139426,29.34670151316313,0.5141996510702429,0.5091085654160821,5.2850692158626265,0.0064949693683555,3.283988743729776,10.785099999999998,0.0,0.0066218890761556,2.999999999999999,10.0,9.000000000000002,10.0,46.5,20.500000000000004,59.0,2.5,12.5,19.0,10.999999999999998,10.0,56.58165299028672,55.98802990535273,1.5409519210849782,116.76428210127852,52.28999999999999
400.0,13.6,14.1,743.8,0.0,0.0,0.0,23.0,48.2,50.0,50.0,50.0,50.0,10.48758,50.0,60.8,11299.220555555556,40677194.0,0.0,0.0,5.16527777777778,4.13222222222222,3.87395833333333,25036.1,24773.6,18453.8,17866.3,1880.0,4432.0,0.0,0.0,744.0,2349.0,3.86,16.0,3.86,154.0,0.0,11299.2205555556,0.0,68.5,122.9,47.3,49.0,102.2,94.1,68.9,36.5,0.0500000000000113,99.0,13.954,740.0,52.34,14.261,0.0,0.0,0.0,0.0,0.0,0.0,0.0,0.0,0.0,0.0,0.0,740.1,-0.9,3.0,0.0,0.0,0.0,908.0,2857.0,0.0,53.6,1.0,0.0,825.6,0.0,0.0,0.7000000000000001,13.0,0.0,41.0,0.0,51.8,51.8,350.0,825.6,-50.0,0.0,0.0,0.0,0.0,400.0,0.0,0.0,0.0,0.0,0.0,0.0,69.0,743.8000000000001,4.438,13.574045000000002,13.9297341,12.062177681012882,0.0,0.9577082339139426,29.34670151316313,0.5211075214144477,0.5159480410044037,5.339649375737778,0.0068394755883216,3.317903272251559,10.48758,0.0,0.0066218890761556,2.000000000000001,10.0,9.000000000000002,10.0,50.5,20.500000000000004,65.0,2.5,12.5,19.0,10.999999999999998,10.0,56.58165299028672,55.98802990535273,1.5409519210849782,116.76428210127852,52.28999999999999
401.0,13.6,14.1,743.8,0.0,0.0,0.0,23.0,48.2,50.0,50.0,50.0,50.0,10.48758,50.0,60.8,11299.220555555556,40677194.0,0.0,0.0,5.16527777777778,4.13222222222222,3.87395833333333,25036.1,24773.6,18453.8,17866.3,1880.0,4432.0,0.0,0.0,744.0,2349.0,3.86,16.0,3.86,154.0,0.0,11299.2205555556,0.0,68.5,122.9,47.3,49.0,102.2,94.1,68.9,36.5,0.0500000000000113,99.0,13.954,740.0,52.34,14.261,0.0,0.0,0.0,0.0,0.0,0.0,0.0,0.0,0.0,0.0,0.0,740.5,-0.9,3.0,0.0,0.0,0.0,908.0,2857.0,0.0,53.6,1.0,0.0,825.6,0.0,0.0,0.7000000000000001,13.0,0.0,41.0,0.0,51.8,51.8,350.0,825.6,-50.0,0.0,0.0,0.0,0.0,400.0,0.0,0.0,0.0,0.0,0.0,0.0,69.0,743.6,4.439,13.574045000000002,13.9297341,12.062177681012882,0.0,0.9577082339139426,29.34670151316313,0.5211075214144477,0.5159480410044037,5.339649375737778,0.0068394755883216,3.317903272251559,10.48758,0.0,,2.000000000000001,10.0,9.000000000000002,10.0,50.5,20.500000000000004,65.0,2.5,12.5,19.0,10.0,10.0,56.58165299028672,55.98802990535273,1.5409519210849782,116.76428210127852,52.28999999999999
402.0,13.6,15.4,743.7,0.0,0.0,0.0,23.0,48.2,50.0,50.0,50.0,50.0,11.45298,50.0,60.8,11299.221111111112,40677196.0,0.0,0.0,5.16458333333333,4.13166666666667,3.8734375,25036.1,24773.6,18453.8,17866.3,1880.0,4410.0,0.0,0.0,743.0,2349.0,3.86,53.0,3.86,154.0,0.0,11299.2211111111,0.0,68.5,122.9,47.3,49.0,101.3,94.1,68.9,36.5,0.0500000000000113,99.0,13.954,740.0,52.34,14.261,0.0,0.0,0.0,0.0,0.0,0.0,0.0,0.0,0.0,0.0,0.0,740.5,-0.9,3.0,0.0,0.0,0.0,908.0,2857.0,0.0,53.6,1.0,0.0,825.6,0.0,0.0,0.7000000000000001,13.0,0.0,41.0,0.0,51.8,51.8,350.0,825.6,-50.0,0.0,0.0,0.0,0.0,400.0,0.0,0.0,0.0,0.0,0.0,0.0,69.0,743.6,4.439,13.574045000000002,13.9297341,12.3961190681577,0.0,0.9988945806490096,29.387887859898196,0.5271159616968847,0.5218969917790938,4.889557128363098,0.00594895077469,3.0382290024081064,11.452980000000002,0.0,0.003719875046032,2.000000000000001,10.0,9.000000000000002,10.0,50.5,20.500000000000004,65.0,2.5,12.5,19.0,10.0,10.0,56.58165299028672,55.98802990535273,1.6072211309009035,116.83055093317523,52.28999999999999
403.0,13.6,15.4,743.7,0.0,0.0,0.0,23.0,48.2,50.0,50.0,50.0,50.0,11.45298,50.0,60.8,11299.221111111112,40677196.0,0.0,0.0,5.16458333333333,4.13166666666667,3.8734375,25036.1,24773.6,18453.8,17866.3,1880.0,4410.0,0.0,0.0,743.0,2349.0,3.86,53.0,3.86,154.0,0.0,11299.2211111111,0.0,68.5,122.9,47.3,49.0,101.3,94.1,68.9,36.5,,,,,,,0.0,0.0,0.0,0.0,0.0,0.0,0.0,0.0,0.0,0.0,0.0,740.3000000000001,-0.9,3.0,0.0,0.0,0.0,908.0,2857.0,0.0,53.6,1.0,0.0,825.6,0.0,0.0,0.7000000000000001,13.0,0.0,41.0,0.0,51.8,51.8,350.0,825.6,-50.0,0.0,0.0,0.0,0.0,400.0,0.0,0.0,0.0,0.0,0.0,0.0,69.0,743.8000000000001,4.442,13.574045000000002,13.9424299,12.3961190681577,0.0,0.9988945806490096,29.387887859898196,0.5271159616968847,0.5218969917790938,4.889557128363098,0.00594895077469,3.0382290024081064,11.452980000000002,0.0,0.003719875046032,2.000000000000001,10.0,9.000000000000002,10.0,50.5,20.500000000000004,65.0,2.5,,,10.0,9.000000000000002,55.84743496418417,55.98802990535273,1.6072211309009035,116.83055093317523,
404.0,13.6,15.3,743.6,0.0,0.0,0.0,23.0,48.2,50.0,50.0,50.0,50.0,11.37708,50.0,60.8,11299.221666666666,40677198.0,0.0,0.0,5.16388888888889,4.13111111111111,3.87291666666667,25036.1,24773.6,18453.8,17866.3,1880.0,4399.0,0.0,0.0,743.0,2349.0,3.86,16.0,3.86,154.0,0.0,11299.2216666667,0.0,68.5,129.2,47.3,49.0,101.3,94.1,68.9,36.5,0.660000000000025,99.0,13.982,739.8000000000001,45.45,14.244,0.0,0.0,0.0,0.0,0.0,0.0,0.0,0.0,0.0,0.0,0.0,740.3000000000001,-10.2,3.0,0.0,0.0,0.0,908.0,2857.0,0.0,53.6,1.0,0.0,825.6,0.0,0.0,0.7000000000000001,13.0,0.0,41.0,0.0,51.8,51.8,350.0,825.6,-50.0,0.0,0.0,0.0,0.0,400.0,0.0,0.0,0.0,0.0,0.0,0.0,69.0,743.8000000000001,4.442,13.574045000000002,13.9424299,12.546128034319024,0.0,1.017798556430446,29.40679183567963,0.5335238301768405,0.5282414160166737,4.922176867878225,0.00634442423758,3.0584979625703603,11.37708,0.0,-0.0022170995512824,2.000000000000001,10.0,9.000000000000002,10.0,53.99999999999999,20.500000000000004,71.0,2.5,12.5,19.0,10.0,9.000000000000002,55.84743496418417,55.98802990535273,1.63763722068697,116.8609674302076,44.78999999999998
405.0,13.6,15.3,743.6,0.0,0.0,0.0,23.0,48.2,50.0,50.0,50.0,50.0,11.37708,50.0,60.8,11299.221666666666,40677198.0,0.0,0.0,5.16388888888889,4.13111111111111,3.87291666666667,25036.1,24773.6,18453.8,17866.3,1880.0,4399.0,0.0,0.0,743.0,2349.0,3.86,16.0,3.86,154.0,0.0,11299.2216666667,0.0,68.5,129.2,47.3,49.0,101.3,94.1,68.9,36.5,0.660000000000025,99.0,13.982,739.8000000000001,45.45,14.244,0.0,0.0,0.0,0.0,0.0,0.0,0.0,0.0,0.0,0.0,0.0,740.3000000000001,-10.2,3.0,0.0,0.0,0.0,908.0,2857.0,0.0,53.6,1.0,0.0,825.6,0.0,0.0,0.7000000000000001,13.0,0.0,41.0,0.0,51.8,51.8,350.0,825.6,-50.0,0.0,0.0,0.0,0.0,400.0,0.0,0.0,0.0,0.0,0.0,0.0,69.0,743.8000000000001,4.439,13.574045000000002,13.9697747,12.546128034319024,0.0,1.017798556430446,29.40679183567963,0.5335238301768405,0.5282414160166737,4.922176867878225,0.00634442423758,3.0584979625703603,11.37708,0.0,-0.0022170995512824,2.000000000000001,10.0,9.000000000000002,10.0,53.99999999999999,20.500000000000004,71.0,2.5,12.5,19.0,10.0,9.000000000000002,55.73808334327527,55.98802990535273,1.63763722068697,116.8609674302076,44.78999999999998
406.0,13.6,14.8,743.9,0.0,0.0,0.0,23.0,48.2,50.0,50.0,50.0,50.0,11.00972,50.0,60.8,11299.222222222224,40677200.0,0.0,0.0,5.16597222222222,4.13277777777778,3.87447916666667,25036.1,24773.6,18453.8,17866.3,1880.0,4360.0,0.0,0.0,743.0,2349.0,3.86,16.0,3.86,154.0,0.0,11299.2222222222,0.0,68.5,131.0,48.2,49.0,102.2,93.2,68.9,36.5,0.1299999999999954,99.0,13.979,740.9000000000001,41.11,14.243,0.0,0.0,0.0,0.0,0.0,0.0,0.0,0.0,0.0,0.0,0.0,741.2,-10.2,3.0,0.0,0.0,0.0,908.0,2857.0,0.0,53.6,1.0,0.0,825.6,0.0,0.0,0.7000000000000001,13.0,0.0,41.0,0.0,51.8,51.8,350.0,825.6,-50.0,0.0,0.0,0.0,0.0,400.0,0.0,0.0,0.0,0.0,0.0,0.0,69.0,743.8000000000001,4.439,13.574045000000002,13.9697747,12.702183363841923,0.0,1.037947138709934,29.42694041795912,0.5401398119092617,0.534791892979467,5.086414550052136,0.0065504769627933,3.160550495380446,11.00972,0.0,-0.0053944374950462,2.000000000000001,10.0,9.000000000000002,10.0,55.0,20.500000000000004,74.00000000000001,2.5,12.5,19.0,10.0,9.000000000000002,55.73808334327527,54.988243657042865,1.6700564714802189,116.89338649909527,40.980000000000004
407.0,13.6,14.8,743.9,0.0,0.0,0.0,23.0,48.2,50.0,50.0,50.0,50.0,11.00972,50.0,60.8,11299.222222222224,40677200.0,0.0,0.0,5.16597222222222,4.13277777777778,3.87447916666667,25036.1,24773.6,18453.8,17866.3,1880.0,4360.0,0.0,0.0,743.0,2349.0,3.86,16.0,3.86,154.0,0.0,11299.2222222222,0.0,68.5,131.0,48.2,49.0,102.2,93.2,68.9,36.5,0.1299999999999954,99.0,13.979,740.9000000000001,41.11,14.243,0.0,0.0,0.0,0.0,0.0,0.0,0.0,0.0,0.0,0.0,0.0,741.2,-0.2,3.0,0.0,0.0,0.0,908.0,2857.0,0.0,53.6,1.0,0.0,825.6,0.0,0.0,0.7000000000000001,13.0,0.0,41.0,0.0,51.8,51.8,350.0,825.6,-50.0,0.0,0.0,0.0,0.0,400.0,0.0,0.0,0.0,0.0,0.0,0.0,69.0,743.6,4.44,13.574045000000002,13.9517076,12.702183363841923,0.0,1.037947138709934,29.42694041795912,0.5401398119092617,0.534791892979467,5.086414550052136,0.0065504769627933,3.160550495380446,11.00972,0.0,-0.0053944374950462,2.000000000000001,10.0,9.000000000000002,10.0,55.0,20.500000000000004,74.00000000000001,2.5,12.5,19.0,10.0,9.000000000000002,55.28505519950986,54.988243657042865,1.6700564714802189,116.89338649909527,40.980000000000004
408.0,13.5,14.5,743.8,0.0,0.0,0.0,23.0,48.2,50.0,50.0,50.0,50.0,10.7851,50.0,60.8,11299.222777777775,40677202.0,0.0,0.0,5.16527777777778,4.13222222222222,3.87395833333333,25036.1,24773.6,18453.8,17866.3,1880.0,4346.0,0.0,0.0,743.0,2336.0,3.88,16.0,3.86,154.0,0.0,11299.2227777778,0.0,68.5,133.7,48.2,49.0,102.2,93.2,68.9,36.5,-0.589999999999975,99.0,13.972,738.1,49.15,14.232,0.0,0.0,0.0,0.0,0.0,0.0,0.0,0.0,0.0,0.0,0.0,741.1,-0.2,3.0,0.0,0.0,0.0,908.0,2857.0,0.0,53.6,1.0,0.0,825.6,0.0,0.0,0.7000000000000001,13.0,0.0,41.0,0.0,51.8,51.8,350.0,825.6,-50.0,0.0,0.0,0.0,0.0,400.0,0.0,0.0,0.0,0.0,0.0,0.0,69.0,743.6,4.44,13.574045000000002,13.9517076,12.847829601753142,0.0,1.05701764197089,29.446010921220076,0.5462965495707739,0.5408876728423504,5.09962819074464,0.0060957798628833,3.1687610685111873,10.785099999999998,0.0,-0.0027264726797677,2.000000000000001,10.0,9.000000000000002,10.0,56.49999999999999,20.500000000000004,75.0,2.5,12.5,19.0,10.0,9.000000000000002,55.28505519950986,54.988243657042865,1.7007413319704767,116.92407093884216,49.739999999999974
409.0,13.5,14.5,743.8,0.0,0.0,0.0,23.0,48.2,50.0,50.0,50.0,50.0,10.7851,50.0,60.8,11299.222777777775,40677202.0,0.0,0.0,5.16527777777778,4.13222222222222,3.87395833333333,25036.1,24773.6,18453.8,17866.3,1880.0,4346.0,0.0,0.0,743.0,2336.0,3.88,16.0,3.86,154.0,0.0,11299.2227777778,0.0,68.5,133.7,48.2,49.0,102.2,93.2,68.9,36.5,-0.589999999999975,99.0,13.972,738.1,49.15,14.232,0.0,0.0,0.0,0.0,0.0,0.0,0.0,0.0,0.0,0.0,0.0,741.1,5.300000000000001,3.0,0.0,0.0,0.0,908.0,2857.0,0.0,53.6,1.0,0.0,825.6,0.0,0.0,0.7000000000000001,13.0,0.0,41.0,0.0,51.8,51.8,350.0,825.6,-50.0,0.0,0.0,0.0,0.0,400.0,0.0,0.0,0.0,0.0,0.0,0.0,69.0,743.0,4.441,13.574045000000002,13.9517076,12.847829601753142,0.0,1.05701764197089,29.446010921220076,0.5462965495707739,0.5408876728423504,5.09962819074464,0.0060957798628833,3.1687610685111873,10.785099999999998,0.0,-0.0027264726797677,2.000000000000001,10.0,9.000000000000002,10.0,56.49999999999999,20.500000000000004,75.0,2.5,12.5,19.0,10.0,9.000000000000002,55.28505519950986,54.988243657042865,1.7007413319704767,116.92407093884216,49.739999999999974
410.0,13.5,23.7,742.1,0.0,0.0,0.0,23.0,48.2,50.0,50.0,50.0,50.0,17.58777,50.0,60.8,11299.223333333332,40677204.0,0.0,0.0,5.15347222222222,4.12277777777778,3.86510416666667,25036.1,24773.6,18453.8,17866.3,1880.0,4388.0,0.0,0.0,742.0,2336.0,3.86,16.0,3.86,154.0,0.0,11299.2233333333,0.0,68.5,134.60000000000002,48.2,49.0,102.2,93.2,68.9,36.5,-1.3199999999999932,99.0,13.949,738.2,47.32,14.247,0.0,0.0,0.0,0.0,0.0,0.0,0.0,0.0,0.0,0.0,0.0,738.7,-1.7000000000000002,3.0,0.0,0.0,0.0,908.0,2857.0,0.0,53.6,1.0,0.0,825.6,0.0,0.0,0.7000000000000001,13.0,0.0,41.0,0.0,51.8,51.8,350.0,825.6,-50.0,0.0,0.0,0.0,0.0,400.0,0.0,0.0,0.0,0.0,0.0,0.0,69.0,743.0,4.441,13.574045000000002,13.9517076,12.985947440793876,0.0,1.075146146504414,29.4641394257536,0.5556002531455637,0.5500992605401621,3.1271730298952054,0.0092115876978116,1.9431346327590135,17.58777,0.0,-0.0027264726797677,2.000000000000001,10.0,9.000000000000002,10.0,57.000000000000014,20.500000000000004,76.0,2.5,12.5,19.0,10.0,9.000000000000002,55.28505519950986,55.98802990535273,1.7299105667753274,116.9532397026366,48.63999999999999
411.0,13.5,23.7,742.1,0.0,0.0,0.0,23.0,48.2,50.0,50.0,50.0,50.0,17.58777,50.0,60.8,11299.223333333332,40677204.0,0.0,0.0,5.15347222222222,4.12277777777778,3.86510416666667,25036.1,24773.6,18453.8,17866.3,1880.0,4388.0,0.0,0.0,742.0,2336.0,3.86,16.0,3.86,154.0,0.0,11299.2233333333,0.0,68.5,134.60000000000002,48.2,49.0,102.2,93.2,68.9,36.5,-1.3199999999999932,99.0,13.949,738.2,47.32,14.247,0.0,0.0,0.0,0.0,0.0,0.0,0.0,0.0,0.0,0.0,0.0,738.7,-1.7000000000000002,3.0,0.0,0.0,0.0,908.0,2857.0,0.0,53.6,1.0,0.0,825.6,0.0,0.0,0.7000000000000001,13.0,0.0,41.0,0.0,51.8,51.8,350.0,825.6,-50.0,0.0,0.0,0.0,0.0,400.0,0.0,0.0,0.0,0.0,0.0,0.0,69.0,742.3000000000001,4.44,16.7478325,13.9297341,12.985947440793876,0.0,1.075146146504414,29.4641394257536,0.5556002531455637,0.5500992605401621,3.1271730298952054,0.0092115876978116,1.9431346327590135,17.58777,0.0,-0.0027264726797677,2.000000000000001,10.0,9.000000000000002,10.0,57.000000000000014,20.500000000000004,76.0,2.5,12.5,19.0,10.0,9.000000000000002,56.409814728858464,55.98802990535273,1.7299105667753274,116.9532397026366,48.63999999999999
412.0,13.5,21.1,742.1,0.0,0.0,0.0,23.0,48.2,50.0,50.0,50.0,50.0,15.65831,50.0,60.8,11299.22388888889,40677206.0,0.0,0.0,5.15347222222222,4.12277777777778,3.86510416666667,25036.1,24773.6,18453.8,17866.4,1880.0,4503.0,0.0,0.0,742.0,2336.0,3.86,16.0,3.86,154.0,0.0,11299.2238888889,0.0,68.5,134.60000000000002,48.2,49.0,102.2,94.1,68.9,36.5,-0.4599999999999795,99.0,13.949,738.8000000000001,51.87,14.247,0.0,0.0,0.0,0.0,0.0,0.0,0.0,0.0,0.0,0.0,0.0,738.5,-1.7000000000000002,3.0,0.0,0.0,0.0,908.0,2857.0,0.0,53.6,1.0,0.0,825.6,0.0,0.0,0.7000000000000001,13.0,0.0,41.0,0.0,51.8,51.8,350.0,825.6,-50.0,0.0,0.0,0.0,0.0,400.0,0.0,0.0,0.0,0.0,0.0,0.0,69.0,742.3000000000001,4.44,16.7478325,13.9297341,13.146510192888252,0.0,1.0962864372067127,29.4852797164559,0.5648111772425485,0.5592189873688599,3.5763757391442623,0.0091197268286977,2.2222561694078093,15.658310000000002,0.0,,2.000000000000001,10.0,9.000000000000002,10.0,57.000000000000014,20.500000000000004,76.0,2.5,12.5,19.0,10.0,9.000000000000002,56.409814728858464,56.9878161536626,1.7639254069912786,116.98725443037658,52.32999999999998
413.0,13.5,21.1,742.1,0.0,0.0,0.0,23.0,48.2,50.0,50.0,50.0,50.0,15.65831,50.0,60.8,11299.22388888889,40677206.0,0.0,0.0,5.15347222222222,4.12277777777778,3.86510416666667,25036.1,24773.6,18453.8,17866.4,1880.0,4503.0,0.0,0.0,742.0,2336.0,3.86,16.0,3.86,154.0,0.0,11299.2238888889,0.0,68.5,134.60000000000002,48.2,49.0,102.2,94.1,68.9,36.5,-0.4599999999999795,99.0,13.949,738.8000000000001,51.87,14.247,0.0,0.0,0.0,0.0,0.0,0.0,0.0,0.0,0.0,0.0,0.0,738.5,4.2,3.0,0.0,0.0,0.0,908.0,2857.0,0.0,53.6,1.0,0.0,825.6,0.0,0.0,0.7000000000000001,13.0,0.0,41.0,0.0,51.8,51.8,350.0,825.6,-50.0,0.0,0.0,0.0,0.0,400.0,0.0,0.0,0.0,0.0,0.0,0.0,69.0,742.3000000000001,4.44,14.941215,13.921433,13.146510192888252,0.0,1.0962864372067127,29.4852797164559,0.5648111772425485,0.5592189873688599,3.5763757391442623,0.0091197268286977,2.2222561694078093,15.658310000000002,0.0,,2.000000000000001,10.0,9.000000000000002,10.0,57.000000000000014,20.500000000000004,76.0,2.5,12.5,19.0,10.0,9.000000000000002,57.534574258207066,56.9878161536626,1.7639254069912786,116.98725443037658,52.32999999999998
414.0,13.5,12.2,744.0,0.0,0.0,0.0,23.0,48.2,50.0,50.0,50.0,50.0,9.0768,50.0,60.8,11299.22472222222,40677209.0,0.0,0.0,5.16666666666667,4.13333333333333,3.875,25036.1,24773.6,18453.8,17866.4,1880.0,4531.0,0.0,0.0,744.0,2336.0,3.88,16.0,3.86,93.0,0.0,11299.2247222222,0.0,68.5,137.3,48.2,49.0,102.2,94.1,68.9,36.5,-0.4599999999999795,99.0,13.949,738.8000000000001,51.87,14.247,0.0,0.0,0.0,0.0,0.0,0.0,0.0,0.0,0.0,0.0,0.0,741.0,4.2,3.0,0.0,0.0,0.0,908.0,2857.0,0.0,53.6,1.0,0.0,825.6,0.0,0.0,0.7000000000000001,13.0,0.0,41.0,0.0,51.8,51.8,350.0,825.6,-50.0,0.0,0.0,0.0,0.0,400.0,0.0,0.0,0.0,0.0,0.0,0.0,69.0,743.3000000000001,4.439,14.941215,13.921433,13.146510192888252,0.0,1.0962864372067127,29.4852797164559,0.5709173915029497,0.5652647440623265,6.27974616604971,0.0060457566934666,3.902052154944474,9.0768,0.0,,2.000000000000001,10.0,9.000000000000002,10.0,58.5,20.500000000000004,79.00000000000001,2.5,12.5,19.0,10.0,9.000000000000002,57.534574258207066,56.9878161536626,1.7639254069912786,116.98725443037658,52.32999999999998
415.0,13.5,12.2,744.0,0.0,0.0,0.0,23.0,48.2,50.0,50.0,50.0,50.0,9.0768,50.0,60.8,11299.22472222222,40677209.0,0.0,0.0,5.16666666666667,4.13333333333333,3.875,25036.1,24773.6,18453.8,17866.4,1880.0,4531.0,0.0,0.0,744.0,2336.0,3.88,16.0,3.86,93.0,0.0,11299.2247222222,0.0,68.5,137.3,48.2,49.0,102.2,94.1,68.9,36.5,-0.0199999999999818,99.0,13.953,741.3000000000001,51.66,14.247,0.0,0.0,0.0,0.0,0.0,0.0,0.0,0.0,0.0,0.0,0.0,741.0,2.6,3.0,0.0,0.0,0.0,908.0,2857.0,0.0,53.6,1.0,0.0,825.6,0.0,0.0,0.7000000000000001,13.0,0.0,41.0,0.0,51.8,51.8,350.0,825.6,-50.0,0.0,0.0,0.0,0.0,400.0,0.0,0.0,0.0,0.0,0.0,0.0,69.0,743.3000000000001,4.439,12.2557025,13.9307107,13.146510192888252,0.0,1.0962864372067127,29.4852797164559,0.5709173915029497,0.5652647440623265,6.27974616604971,0.0060457566934666,3.902052154944474,9.0768,0.0,,2.000000000000001,10.0,9.000000000000002,10.0,58.5,20.500000000000004,79.00000000000001,2.5,12.5,19.0,10.0,9.000000000000002,57.36273599677881,56.9878161536626,1.7639254069912786,116.98725443037658,51.67999999999998
416.0,13.5,12.2,744.0,0.0,0.0,0.0,23.0,48.2,50.0,50.0,50.0,50.0,9.0768,50.0,60.8,11299.22472222222,40677209.0,0.0,0.0,5.16666666666667,4.13333333333333,3.875,25036.1,24773.6,18453.8,17866.4,1880.0,4531.0,0.0,0.0,744.0,2336.0,3.88,16.0,3.86,93.0,0.0,11299.2247222222,0.0,68.5,137.3,48.2,49.0,102.2,94.1,68.9,36.5,-0.0199999999999818,99.0,13.953,741.3000000000001,51.66,14.247,0.0,0.0,0.0,0.0,0.0,0.0,0.0,0.0,0.0,0.0,0.0,741.1,2.6,3.0,0.0,0.0,0.0,908.0,2857.0,0.0,53.6,1.0,0.0,825.6,0.0,0.0,0.7000000000000001,13.0,0.0,41.0,0.0,51.8,51.8,350.0,825.6,-50.0,0.0,0.0,0.0,0.0,400.0,0.0,0.0,0.0,0.0,0.0,0.0,69.0,744.1,4.441,12.2557025,13.9307107,13.146510192888252,0.0,1.0962864372067127,29.4852797164559,0.5709173915029497,0.5652647440623265,6.27974616604971,0.0060457566934666,3.902052154944474,9.0768,0.0,,2.000000000000001,10.0,9.000000000000002,10.0,58.5,20.500000000000004,79.00000000000001,2.5,12.5,19.0,10.0,9.000000000000002,57.36273599677881,56.9878161536626,1.7639254069912786,116.98725443037658,51.67999999999998
417.0,13.6,10.5,744.5,0.0,0.0,0.0,23.0,48.2,50.0,50.0,50.0,50.0,7.81725,50.0,60.8,11299.225277777778,40677211.0,0.0,0.0,5.17013888888889,4.13611111111111,3.87760416666667,25036.1,24773.6,18453.8,17866.4,1880.0,4479.0,0.0,0.0,744.0,2334.0,3.88,16.0,3.86,154.0,0.0,11299.2252777778,0.0,68.5,139.10000000000002,,,,,,,1.7300000000000182,99.0,13.966,739.9000000000001,44.93,14.249,0.0,0.0,0.0,0.0,0.0,0.0,0.0,0.0,0.0,0.0,0.0,741.1,2.7,3.0,0.0,0.0,0.0,908.0,2857.0,0.0,53.6,1.0,0.0,825.6,0.0,0.0,0.7000000000000001,13.0,0.0,41.0,0.0,51.8,51.8,350.0,825.6,-50.0,0.0,0.0,0.0,0.0,400.0,0.0,0.0,0.0,0.0,0.0,0.0,69.0,744.1,4.441,12.2557025,13.9307107,,0.0,,,0.5759590065221715,0.5702564421011599,7.291566727429724,0.0049916980388333,4.530768108989736,7.81725,0.0,,2.000000000000001,10.0,9.000000000000002,10.0,59.500000000000014,,80.0,,12.5,19.0,10.0,9.000000000000002,57.36273599677881,,,,43.19999999999998
418.0,13.6,10.5,744.5,0.0,0.0,0.0,23.0,48.2,50.0,50.0,50.0,50.0,7.81725,50.0,60.8,11299.225277777778,40677211.0,0.0,0.0,5.17013888888889,4.13611111111111,3.87760416666667,25036.1,24773.6,18453.8,17866.4,1880.0,4479.0,0.0,0.0,744.0,2334.0,3.88,16.0,3.86,154.0,0.0,11299.2252777778,0.0,68.5,139.10000000000002,,,,,,,1.7300000000000182,99.0,13.966,739.9000000000001,44.93,14.249,0.0,0.0,0.0,0.0,0.0,0.0,0.0,0.0,0.0,0.0,0.0,741.0,2.7,3.0,0.0,0.0,0.0,908.0,2857.0,0.0,53.6,1.0,0.0,825.6,0.0,0.0,0.7000000000000001,13.0,0.0,41.0,0.0,51.8,51.8,350.0,825.6,-50.0,0.0,0.0,0.0,0.0,400.0,0.0,0.0,0.0,0.0,0.0,0.0,69.0,743.8000000000001,4.443,12.2557025,13.9307107,,0.0,,,0.5759590065221715,0.5702564421011599,7.291566727429724,0.0049916980388333,4.530768108989736,7.81725,0.0,,2.000000000000001,10.0,9.000000000000002,10.0,59.500000000000014,,80.0,,12.5,19.0,10.0,9.000000000000002,57.36273599677881,,,,43.19999999999998
419.0,13.6,11.8,744.1,0.0,0.0,0.0,23.0,48.2,50.0,50.0,50.0,50.0,8.78038,50.0,60.8,11299.225833333334,40677213.0,0.0,0.0,5.16736111111111,4.13388888888889,3.87552083333333,25036.1,24773.6,18453.8,17866.4,1880.0,4447.0,0.0,0.0,744.0,2334.0,3.88,16.0,3.86,154.0,0.0,11299.2258333333,0.0,68.5,139.10000000000002,,,,,,,1.3799999999999957,99.0,13.982,739.4000000000001,43.67,14.247,0.0,0.0,0.0,0.0,0.0,0.0,0.0,0.0,0.0,0.0,0.0,741.0,11.1,3.0,0.0,0.0,0.0,908.0,2857.0,0.0,53.6,1.0,0.0,825.6,0.0,0.0,0.7000000000000001,13.0,0.0,41.0,0.0,51.8,51.8,350.0,825.6,-50.0,0.0,0.0,0.0,0.0,400.0,0.0,0.0,0.0,0.0,0.0,0.0,69.0,743.8000000000001,4.443,12.2557025,13.9307107,,0.0,,,0.5806704050515669,0.5749211931203633,7.291566727429724,0.0046647510192033,4.530768108989736,8.780380000000001,0.0,,2.000000000000001,10.0,9.000000000000002,10.0,59.500000000000014,,80.0,,12.5,19.0,10.0,9.000000000000002,57.36273599677881,,,,42.290000000000006
420.0,13.6,11.8,744.1,0.0,0.0,0.0,23.0,48.2,50.0,50.0,50.0,50.0,8.78038,50.0,60.8,11299.225833333334,40677213.0,0.0,0.0,5.16736111111111,4.13388888888889,3.87552083333333,25036.1,24773.6,18453.8,17866.4,1880.0,4447.0,0.0,0.0,744.0,2334.0,3.88,16.0,3.86,154.0,0.0,11299.2258333333,0.0,68.5,139.10000000000002,,,,,,,1.3799999999999957,99.0,13.982,739.4000000000001,43.67,14.247,0.0,0.0,0.0,0.0,0.0,0.0,0.0,0.0,0.0,0.0,0.0,740.0,11.1,3.0,0.0,0.0,0.0,908.0,2857.0,0.0,53.6,1.0,0.0,825.6,0.0,0.0,0.7000000000000001,13.0,0.0,41.0,0.0,51.8,51.8,350.0,825.6,-50.0,0.0,0.0,0.0,0.0,400.0,0.0,0.0,0.0,0.0,0.0,0.0,69.0,744.1,4.441,,,,0.0,,,0.5806704050515669,0.5749211931203633,7.291566727429724,0.0046647510192033,4.530768108989736,8.780380000000001,0.0,,2.000000000000001,10.0,9.000000000000002,10.0,59.500000000000014,,80.0,,12.5,19.0,10.0,9.000000000000002,,,,,42.290000000000006
421.0,13.6,14.9,742.8,0.0,0.0,0.0,23.0,48.2,50.0,50.0,50.0,50.0,11.06772,50.0,60.8,11299.226388888888,40677215.0,0.0,0.0,5.15833333333333,4.12666666666667,3.86875,25036.1,24773.7,18453.8,17866.4,1880.0,4447.0,0.0,0.0,744.0,2334.0,3.86,16.0,3.86,154.0,0.0,11299.2263888889,0.0,68.5,140.0,,,,,,,0.5900000000000318,99.0,13.982,739.4000000000001,45.71,14.25,0.0,0.0,0.0,0.0,0.0,0.0,0.0,0.0,0.0,0.0,0.0,740.0,3.7,3.0,0.0,0.0,0.0,908.0,2857.0,0.0,53.6,1.0,0.0,825.6,0.0,0.0,0.7000000000000001,13.0,0.0,41.0,0.0,51.8,51.8,350.0,825.6,-50.0,0.0,0.0,0.0,0.0,400.0,0.0,0.0,0.0,0.0,0.0,0.0,69.0,744.1,4.441,,,,0.0,,,0.5875861452893351,0.58176846068251,7.291566727429724,0.0068472675621466,4.530768108989736,11.06772,0.0,,2.000000000000001,10.0,9.000000000000002,10.0,60.0,,82.0,,12.5,19.0,10.0,9.000000000000002,,,,,45.11999999999997
422.0,13.6,14.9,742.8,0.0,0.0,0.0,23.0,48.2,50.0,50.0,50.0,50.0,11.06772,50.0,60.8,11299.226388888888,40677215.0,0.0,0.0,5.15833333333333,4.12666666666667,3.86875,25036.1,24773.7,18453.8,17866.4,1880.0,4447.0,0.0,0.0,744.0,2334.0,3.86,16.0,3.86,154.0,0.0,11299.2263888889,0.0,68.5,140.0,,,,,,,0.5900000000000318,99.0,13.982,739.4000000000001,45.71,14.25,0.0,0.0,0.0,0.0,0.0,0.0,0.0,0.0,0.0,0.0,0.0,740.6,3.7,3.0,0.0,0.0,0.0,908.0,2857.0,0.0,53.6,1.0,0.0,825.6,0.0,0.0,0.7000000000000001,13.0,0.0,41.0,0.0,51.8,51.8,350.0,825.6,-50.0,0.0,0.0,0.0,0.0,400.0,0.0,0.0,0.0,0.0,0.0,0.0,69.0,743.6,4.44,,,,0.0,,,0.5875861452893351,0.58176846068251,,0.0068472675621466,,11.06772,0.0,,2.000000000000001,10.0,9.000000000000002,10.0,60.0,,82.0,,12.5,19.0,10.0,9.000000000000002,,,,,45.11999999999997
423.0,13.6,14.9,743.8,0.0,0.0,0.0,23.0,48.2,50.0,50.0,50.0,50.0,11.08262,50.0,60.8,11299.226944444445,40677217.0,0.0,0.0,5.16527777777778,4.13222222222222,3.87395833333333,25036.1,24773.7,18453.8,17866.4,1880.0,4454.0,0.0,0.0,743.0,2334.0,3.86,16.0,3.86,93.0,0.0,11299.2269444444,0.0,68.5,140.9,,,,,,,0.160000000000025,99.0,13.978,740.5,41.25,14.241,0.0,0.0,0.0,0.0,0.0,0.0,0.0,0.0,0.0,0.0,0.0,740.6,11.1,3.0,0.0,0.0,0.0,908.0,2857.0,0.0,53.6,1.0,0.0,825.6,0.0,0.0,0.7000000000000001,13.0,0.0,41.0,0.0,51.8,51.8,350.0,825.6,-50.0,0.0,0.0,0.0,0.0,400.0,0.0,0.0,0.0,0.0,0.0,0.0,69.0,743.6,4.44,,,,0.0,,,0.593814234722246,0.58793488586361,,0.0061664251811,,11.08262,0.0,,2.000000000000001,10.0,9.000000000000002,10.0,60.5,,82.0,,12.5,19.0,10.0,9.000000000000002,,,,,41.089999999999975
424.0,13.6,14.9,743.8,0.0,0.0,0.0,23.0,48.2,50.0,50.0,50.0,50.0,11.08262,50.0,60.8,11299.226944444445,40677217.0,0.0,0.0,5.16527777777778,4.13222222222222,3.87395833333333,25036.1,24773.7,18453.8,17866.4,1880.0,4454.0,0.0,0.0,743.0,2334.0,3.86,16.0,3.86,93.0,0.0,11299.2269444444,0.0,68.5,140.9,,,,,,,0.160000000000025,99.0,13.978,740.5,41.25,14.241,0.0,0.0,0.0,0.0,0.0,0.0,0.0,0.0,0.0,0.0,0.0,740.6,11.1,3.0,0.0,0.0,0.0,908.0,2857.0,0.0,53.6,1.0,0.0,825.6,0.0,0.0,0.7000000000000001,13.0,0.0,41.0,0.0,51.8,51.8,350.0,825.6,-50.0,0.0,0.0,0.0,0.0,400.0,0.0,0.0,0.0,0.0,0.0,0.0,69.0,740.9000000000001,4.441,15.0876975,13.9517076,,0.0,,,0.593814234722246,0.58793488586361,,0.0061664251811,,11.08262,0.0,,2.000000000000001,10.0,9.000000000000002,10.0,60.5,,82.0,,12.5,19.0,10.0,9.000000000000002,56.3473280883391,,,,41.089999999999975
425.0,13.6,26.1,741.5,0.0,0.0,0.0,23.0,48.2,50.0,50.0,50.0,50.0,19.35315,50.0,60.8,11299.2275,40677219.0,0.0,0.0,5.14930555555556,4.11944444444444,3.86197916666667,25036.1,24773.7,18453.8,17866.4,1880.0,4515.0,0.0,0.0,742.0,2342.0,3.86,16.0,3.84,154.0,0.0,11299.2275,0.0,68.5,140.9,48.2,49.0,104.9,94.1,68.9,35.6,0.0,99.0,13.976,738.1,48.63,14.245,0.0,0.0,0.0,0.0,0.0,0.0,0.0,0.0,0.0,0.0,0.0,739.3000000000001,11.1,3.0,0.0,0.0,0.0,908.0,2857.0,0.0,53.6,1.0,0.0,825.6,0.0,0.0,0.7000000000000001,13.0,0.0,41.0,0.0,51.8,51.8,350.0,825.6,-50.0,0.0,0.0,0.0,0.0,400.0,0.0,0.0,0.0,0.0,0.0,0.0,69.0,740.9000000000001,4.441,15.0876975,13.9517076,14.062203087833428,0.0,1.222926235783027,29.611919515032213,0.6048552483527599,0.598866582527485,,0.010931696663875,,19.353150000000003,0.0,0.0029987054331833,2.000000000000001,10.0,9.000000000000002,10.0,60.5,20.500000000000004,82.0,2.000000000000001,12.5,19.0,10.0,9.000000000000002,56.3473280883391,56.9878161536626,1.967688982953959,117.19101786628588,48.63
426.0,13.6,26.1,741.5,0.0,0.0,0.0,23.0,48.2,50.0,50.0,50.0,50.0,19.35315,50.0,60.8,11299.2275,40677219.0,0.0,0.0,5.14930555555556,4.11944444444444,3.86197916666667,25036.1,24773.7,18453.8,17866.4,1880.0,4515.0,0.0,0.0,742.0,2342.0,3.86,16.0,3.84,154.0,0.0,11299.2275,0.0,68.5,140.9,48.2,49.0,104.9,94.1,68.9,35.6,0.0,99.0,13.976,738.1,48.63,14.245,0.0,0.0,0.0,0.0,0.0,0.0,0.0,0.0,0.0,0.0,0.0,739.3000000000001,0.1,3.0,0.0,0.0,0.0,908.0,2857.0,0.0,53.6,1.0,0.0,825.6,0.0,0.0,0.7000000000000001,13.0,0.0,41.0,0.0,51.8,51.8,350.0,825.6,-50.0,0.0,0.0,0.0,0.0,400.0,0.0,0.0,0.0,0.0,0.0,0.0,69.0,740.9000000000001,4.441,16.2595575,13.911667,14.062203087833428,0.0,1.222926235783027,29.611919515032213,0.6048552483527599,0.598866582527485,,0.010931696663875,,19.353150000000003,0.0,0.0029987054331833,2.000000000000001,10.0,9.000000000000002,10.0,60.5,20.500000000000004,82.0,2.000000000000001,12.5,19.0,10.0,9.000000000000002,57.86262912093375,56.9878161536626,1.967688982953959,117.19101786628588,48.63
427.0,13.5,16.3,743.3,0.0,0.0,0.0,23.0,48.2,50.0,50.0,50.0,50.0,12.11579,50.0,60.8,11299.228055555555,40677221.0,0.0,0.0,5.16180555555556,4.12944444444444,3.87135416666667,25036.1,24773.7,18453.8,17866.4,1880.0,4578.0,0.0,0.0,743.0,2342.0,3.86,16.0,3.86,102.0,0.0,11299.2280555556,0.0,68.5,141.8,48.2,49.0,104.9,94.1,68.9,35.6,0.0,99.0,13.976,738.1,48.63,14.245,0.0,0.0,0.0,0.0,0.0,0.0,0.0,0.0,0.0,0.0,0.0,739.2,0.1,3.0,0.0,0.0,0.0,908.0,2857.0,0.0,53.6,1.0,0.0,825.6,0.0,0.0,0.7000000000000001,13.0,0.0,41.0,0.0,51.8,51.8,350.0,825.6,-50.0,0.0,0.0,0.0,0.0,400.0,0.0,0.0,0.0,0.0,0.0,0.0,69.0,741.9000000000001,4.439,16.2595575,13.911667,14.062203087833428,0.0,1.222926235783027,29.611919515032213,0.6130140838023883,0.6069446374281072,20.73053142868601,0.0080780549006222,12.881351044374057,12.11579,0.0,0.0029987054331833,2.000000000000001,10.0,9.000000000000002,10.0,61.0,20.500000000000004,84.0,2.000000000000001,12.5,19.0,10.0,9.000000000000002,57.86262912093375,56.9878161536626,1.967688982953959,117.19101786628588,48.63
428.0,13.5,16.3,743.3,0.0,0.0,0.0,23.0,48.2,50.0,50.0,50.0,50.0,12.11579,50.0,60.8,11299.228055555555,40677221.0,0.0,0.0,5.16180555555556,4.12944444444444,3.87135416666667,25036.1,24773.7,18453.8,17866.4,1880.0,4578.0,0.0,0.0,743.0,2342.0,3.86,16.0,3.86,102.0,0.0,11299.2280555556,0.0,68.5,141.8,48.2,49.0,104.9,94.1,68.9,35.6,-1.1200000000000043,99.0,13.947,739.3000000000001,46.63,14.243,0.0,0.0,0.0,0.0,0.0,0.0,0.0,0.0,0.0,0.0,0.0,739.2,2.6,3.0,0.0,0.0,0.0,908.0,2857.0,0.0,53.6,1.0,0.0,825.6,0.0,0.0,0.7000000000000001,13.0,0.0,41.0,0.0,51.8,51.8,350.0,825.6,-50.0,0.0,0.0,0.0,0.0,400.0,0.0,0.0,0.0,0.0,0.0,0.0,69.0,741.9000000000001,4.439,12.597495000000002,13.9287575,14.062203087833428,0.0,1.222926235783027,29.611919515032213,0.6130140838023883,0.6069446374281072,20.73053142868601,0.0080780549006222,12.881351044374057,12.11579,0.0,0.0029987054331833,2.000000000000001,10.0,9.000000000000002,10.0,61.0,20.500000000000004,84.0,2.000000000000001,12.5,19.0,10.0,9.000000000000002,57.925115761453114,56.9878161536626,1.967688982953959,117.19101786628588,47.75000000000001
429.0,13.5,16.3,743.3,0.0,0.0,0.0,23.0,48.2,50.0,50.0,50.0,50.0,12.11579,50.0,60.8,11299.228055555555,40677221.0,0.0,0.0,5.16180555555556,4.12944444444444,3.87135416666667,25036.1,24773.7,18453.8,17866.4,1880.0,4578.0,0.0,0.0,743.0,2342.0,3.86,16.0,3.86,102.0,0.0,11299.2280555556,0.0,68.5,141.8,48.2,49.0,104.9,94.1,68.9,35.6,-1.1200000000000043,99.0,13.947,739.3000000000001,46.63,14.243,0.0,0.0,0.0,0.0,0.0,0.0,0.0,0.0,0.0,0.0,0.0,741.4000000000001,2.6,3.0,0.0,0.0,0.0,908.0,2857.0,0.0,53.6,1.0,0.0,825.6,0.0,0.0,0.7000000000000001,13.0,0.0,41.0,0.0,51.8,51.8,350.0,825.6,-50.0,0.0,0.0,0.0,0.0,400.0,0.0,0.0,0.0,0.0,0.0,0.0,69.0,744.1,4.441,12.597495000000002,13.9287575,14.062203087833428,0.0,1.222926235783027,29.611919515032213,0.6130140838023883,0.6069446374281072,20.73053142868601,0.0080780549006222,12.881351044374057,12.11579,0.0,0.0029987054331833,2.000000000000001,10.0,9.000000000000002,10.0,61.0,20.500000000000004,84.0,2.000000000000001,12.5,19.0,10.0,9.000000000000002,57.925115761453114,56.9878161536626,1.967688982953959,117.19101786628588,47.75000000000001
430.0,13.5,5.1,745.3,0.0,0.0,0.0,23.0,48.2,50.0,50.0,50.0,50.0,3.80103,50.0,60.8,11299.228888888889,40677224.0,0.0,0.0,5.17569444444444,4.14055555555556,3.88177083333333,25036.1,24773.7,18453.8,17866.4,1880.0,4523.0,0.0,0.0,745.0,2342.0,3.88,53.0,3.86,154.0,0.0,11299.2288888889,0.0,68.5,142.7,49.1,49.0,105.8,94.1,68.9,35.6,-0.3299999999999841,99.0,13.949,741.6,51.87,14.246,0.0,0.0,0.0,0.0,0.0,0.0,0.0,0.0,0.0,0.0,0.0,741.4000000000001,-13.5,3.0,0.0,0.0,0.0,908.0,2857.0,0.0,53.6,1.0,0.0,825.6,0.0,0.0,0.7000000000000001,13.0,0.0,41.0,0.0,51.8,51.8,350.0,825.6,-50.0,0.0,0.0,0.0,0.0,400.0,0.0,0.0,0.0,0.0,0.0,0.0,69.0,744.1,4.441,9.7655,13.9297341,14.368260004628397,0.0,1.2682633420822398,29.657256621331424,0.6154693731651358,0.6093756169951839,14.995935312270625,0.0024309795670766,9.318039320920912,3.801029999999999,0.0,,2.000000000000001,10.0,9.000000000000002,10.0,61.5,20.500000000000004,84.0,2.000000000000001,12.5,19.0,10.0,9.000000000000002,56.62851797067624,55.98802990535273,2.0406359737444095,117.26396527032132,52.19999999999998
431.0,13.5,5.1,745.3,0.0,0.0,0.0,23.0,48.2,50.0,50.0,50.0,50.0,3.80103,50.0,60.8,11299.228888888889,40677224.0,0.0,0.0,5.17569444444444,4.14055555555556,3.88177083333333,25036.1,24773.7,18453.8,17866.4,1880.0,4523.0,0.0,0.0,745.0,2342.0,3.88,53.0,3.86,154.0,0.0,11299.2288888889,0.0,68.5,142.7,49.1,49.0,105.8,94.1,68.9,35.6,-0.3299999999999841,99.0,13.949,741.6,51.87,14.246,0.0,0.0,0.0,0.0,0.0,0.0,0.0,0.0,0.0,0.0,0.0,742.6,-13.5,3.0,0.0,0.0,0.0,908.0,2857.0,0.0,53.6,1.0,0.0,825.6,0.0,0.0,0.7000000000000001,13.0,0.0,41.0,0.0,51.8,51.8,350.0,825.6,-50.0,0.0,0.0,0.0,0.0,400.0,0.0,0.0,0.0,0.0,0.0,0.0,69.0,745.5,4.439,9.7655,13.9297341,14.368260004628397,0.0,1.2682633420822398,29.657256621331424,0.6154693731651358,0.6093756169951839,14.995935312270625,0.0024309795670766,9.318039320920912,3.801029999999999,0.0,,2.000000000000001,10.0,9.000000000000002,10.0,61.5,20.500000000000004,84.0,2.000000000000001,12.5,19.0,10.0,9.000000000000002,56.62851797067624,55.98802990535273,2.0406359737444095,117.26396527032132,52.19999999999998
432.0,13.5,4.9,745.5,0.0,0.0,0.0,23.0,48.2,50.0,50.0,50.0,50.0,3.65295,50.0,60.8,11299.229444444443,40677226.0,0.0,0.0,5.17708333333333,4.14166666666667,3.8828125,25036.1,24773.7,18453.8,17866.4,1880.0,4377.0,0.0,0.0,745.0,2342.0,3.88,135.0,3.88,152.0,0.0,11299.2294444444,0.0,68.5,143.60000000000002,49.1,49.0,105.8,94.1,68.9,35.6,-0.3299999999999841,99.0,13.949,741.6,51.87,14.246,0.0,0.0,0.0,0.0,0.0,0.0,0.0,0.0,0.0,0.0,0.0,742.6,-13.5,3.0,0.0,0.0,0.0,908.0,2857.0,0.0,53.6,1.0,0.0,825.6,0.0,0.0,0.7000000000000001,13.0,0.0,41.0,0.0,51.8,51.8,350.0,825.6,-50.0,0.0,0.0,0.0,0.0,400.0,0.0,0.0,0.0,0.0,0.0,0.0,69.0,745.5,4.439,9.7655,13.9307107,14.368260004628397,0.0,1.2682633420822398,29.657256621331424,0.6176416699269374,0.6115264058682548,15.330075692248728,0.0021507888730708,9.525664462968289,3.65295,0.0,,2.000000000000001,10.0,9.000000000000002,10.0,62.000000000000014,20.500000000000004,85.0,2.000000000000001,12.5,19.0,10.0,9.000000000000002,55.05073029756223,55.98802990535273,2.0406359737444095,117.26396527032132,52.19999999999998
433.0,13.5,4.9,745.5,0.0,0.0,0.0,23.0,48.2,50.0,50.0,50.0,50.0,3.65295,50.0,60.8,11299.229444444443,40677226.0,0.0,0.0,5.17708333333333,4.14166666666667,3.8828125,25036.1,24773.7,18453.8,17866.4,1880.0,4377.0,0.0,0.0,745.0,2342.0,3.88,135.0,3.88,152.0,0.0,11299.2294444444,0.0,68.5,143.60000000000002,49.1,49.0,105.8,94.1,68.9,35.6,-0.3299999999999841,99.0,13.949,741.6,51.87,14.246,0.0,0.0,0.0,0.0,0.0,0.0,0.0,0.0,0.0,0.0,0.0,743.5,-13.5,3.0,0.0,0.0,0.0,908.0,2857.0,0.0,53.6,1.0,0.0,825.6,0.0,0.0,0.7000000000000001,13.0,0.0,41.0,0.0,51.8,51.8,350.0,825.6,-50.0,0.0,0.0,0.0,0.0,400.0,0.0,0.0,0.0,0.0,0.0,0.0,69.0,745.6,4.438,9.7655,13.9307107,14.368260004628397,0.0,1.2682633420822398,29.657256621331424,0.6176416699269374,0.6115264058682548,15.330075692248728,0.0021507888730708,9.525664462968289,3.65295,0.0,,2.000000000000001,10.0,9.000000000000002,10.0,62.000000000000014,20.500000000000004,85.0,2.000000000000001,12.5,19.0,10.0,9.000000000000002,55.05073029756223,55.98802990535273,2.0406359737444095,117.26396527032132,52.19999999999998
434.0,13.6,4.7,745.6,0.0,0.0,0.0,23.0,48.2,50.0,50.0,50.0,50.0,3.50432,50.0,60.8,11299.23,40677228.0,0.0,0.0,5.17777777777778,4.14222222222222,3.88333333333333,25036.1,24773.7,18453.8,17866.4,1880.0,4248.0,0.0,0.0,745.0,2331.0,3.88,16.0,3.88,93.0,0.0,11299.23,0.0,68.5,143.60000000000002,49.1,49.0,105.8,94.1,68.9,35.6,1.400000000000034,99.0,13.966,742.1,43.77,14.254,0.0,0.0,0.0,0.0,0.0,0.0,0.0,0.0,0.0,0.0,0.0,743.5,-9.3,3.0,0.0,0.0,0.0,908.0,2857.0,0.0,53.6,1.0,0.0,825.6,0.0,0.0,0.7000000000000001,13.0,0.0,41.0,0.0,51.8,51.8,350.0,825.6,-50.0,0.0,0.0,0.0,0.0,400.0,0.0,0.0,0.0,0.0,0.0,0.0,69.0,745.6,4.438,9.7655,13.9307107,14.368260004628397,0.0,1.2682633420822398,29.657256621331424,0.6195160065641356,0.6133821847169659,15.980275773901925,0.0018557788487111,9.929679937905211,3.5043200000000003,0.0,,2.000000000000001,10.0,9.000000000000002,10.0,62.000000000000014,20.500000000000004,85.0,2.000000000000001,12.5,18.000000000000004,10.0,9.000000000000002,55.05073029756223,55.98802990535273,2.0406359737444095,117.26396527032132,42.36999999999997
435.0,13.6,4.7,745.6,0.0,0.0,0.0,23.0,48.2,50.0,50.0,50.0,50.0,3.50432,50.0,60.8,11299.23,40677228.0,0.0,0.0,5.17777777777778,4.14222222222222,3.88333333333333,25036.1,24773.7,18453.8,17866.4,1880.0,4248.0,0.0,0.0,745.0,2331.0,3.88,16.0,3.88,93.0,0.0,11299.23,0.0,68.5,143.60000000000002,,,,,,,1.400000000000034,99.0,13.966,742.1,43.77,14.254,0.0,0.0,0.0,0.0,0.0,0.0,0.0,0.0,0.0,0.0,0.0,743.5,-9.3,3.0,0.0,0.0,0.0,908.0,2857.0,0.0,53.6,1.0,0.0,825.6,0.0,0.0,0.7000000000000001,13.0,0.0,41.0,0.0,51.8,51.8,350.0,825.6,-50.0,0.0,0.0,0.0,0.0,400.0,0.0,0.0,0.0,0.0,0.0,0.0,69.0,745.2,4.441,9.7655,13.960497,,0.0,,,0.6195160065641356,0.6133821847169659,15.980275773901925,0.0018557788487111,9.929679937905211,3.5043200000000003,0.0,,2.000000000000001,10.0,9.000000000000002,10.0,62.000000000000014,,85.0,,12.5,18.000000000000004,10.0,9.000000000000002,53.59791590548695,,,,42.36999999999997
436.0,13.6,6.6,745.1,0.0,0.0,0.0,23.0,48.2,50.0,50.0,50.0,50.0,4.91766,50.0,60.8,11299.230555555556,40677230.0,0.0,0.0,5.17430555555556,4.13944444444444,3.88072916666667,25036.1,24773.7,18453.8,17866.4,1880.0,4163.0,0.0,0.0,745.0,2331.0,3.88,16.0,3.86,154.0,0.0,11299.2305555556,0.0,68.5,143.60000000000002,49.1,49.0,107.6,95.0,68.9,35.6,1.150000000000034,99.0,13.982,741.4000000000001,42.13,14.252,0.0,0.0,0.0,0.0,0.0,0.0,0.0,0.0,0.0,0.0,0.0,741.8000000000001,-9.3,3.0,0.0,0.0,0.0,908.0,2857.0,0.0,53.6,1.0,0.0,825.6,0.0,0.0,0.7000000000000001,13.0,0.0,41.0,0.0,51.8,51.8,350.0,825.6,-50.0,0.0,0.0,0.0,0.0,400.0,0.0,0.0,0.0,0.0,0.0,0.0,69.0,745.2,4.441,9.7655,13.960497,14.733425374251,0.0,1.3265902131551737,29.71558349240436,0.6227085492313846,0.6165431180508759,15.980275773901925,0.00316093333391,9.929679937905211,4.91766,0.0,-0.0032632862209274,2.000000000000001,10.0,9.000000000000002,10.0,62.000000000000014,20.500000000000004,86.0,2.000000000000001,12.5,18.000000000000004,10.0,9.000000000000002,53.59791590548695,52.988671160423124,2.1344838589226423,117.35781320587768,40.97999999999997
437.0,13.6,6.6,745.1,0.0,0.0,0.0,23.0,48.2,50.0,50.0,50.0,50.0,4.91766,50.0,60.8,11299.230555555556,40677230.0,0.0,0.0,5.17430555555556,4.13944444444444,3.88072916666667,25036.1,24773.7,18453.8,17866.4,1880.0,4163.0,0.0,0.0,745.0,2331.0,3.88,16.0,3.86,154.0,0.0,11299.2305555556,0.0,68.5,143.60000000000002,49.1,49.0,107.6,95.0,68.9,35.6,1.150000000000034,99.0,13.982,741.4000000000001,42.13,14.252,0.0,0.0,0.0,0.0,0.0,0.0,0.0,0.0,0.0,0.0,0.0,741.8000000000001,-14.5,3.0,0.0,0.0,0.0,908.0,2857.0,0.0,53.6,1.0,0.0,825.6,0.0,0.0,0.7000000000000001,13.0,0.0,41.0,0.0,51.8,51.8,350.0,825.6,-50.0,0.0,0.0,0.0,0.0,400.0,0.0,0.0,0.0,0.0,0.0,0.0,69.0,743.9000000000001,4.438,11.767427500000002,13.960497,14.733425374251,0.0,1.3265902131551737,29.71558349240436,0.6227085492313846,0.6165431180508759,15.980275773901925,0.00316093333391,9.929679937905211,4.91766,0.0,-0.0032632862209274,2.000000000000001,10.0,9.000000000000002,10.0,62.000000000000014,20.500000000000004,86.0,2.000000000000001,12.5,18.000000000000004,10.0,9.000000000000002,52.41066973561898,52.988671160423124,2.1344838589226423,117.35781320587768,40.97999999999997
438.0,13.6,14.0,744.0,0.0,0.0,0.0,23.0,48.2,50.0,50.0,50.0,50.0,10.416,50.0,60.8,11299.23111111111,40677232.0,0.0,0.0,5.16666666666667,4.13333333333333,3.875,25036.1,24773.7,18453.8,17866.4,1880.0,4143.0,0.0,0.0,743.0,2331.0,3.86,16.0,3.86,93.0,0.0,11299.2311111111,0.0,68.5,144.5,50.0,49.0,107.6,95.0,69.80000000000001,35.6,0.5099999999999909,99.0,13.981,740.0,46.04,14.252,0.0,0.0,0.0,0.0,0.0,0.0,0.0,0.0,0.0,0.0,0.0,740.6,-14.5,3.0,0.0,0.0,0.0,908.0,2857.0,0.0,53.6,1.0,0.0,825.6,0.0,0.0,0.7000000000000001,13.0,0.0,41.0,0.0,51.8,51.8,350.0,825.6,-50.0,0.0,0.0,0.0,0.0,400.0,0.0,0.0,0.0,0.0,0.0,0.0,69.0,743.9000000000001,4.438,11.767427500000002,13.960497,14.846350051775088,0.0,1.3454009832577745,29.73439426250696,0.6290113611901847,0.6227835259308759,10.547409068823024,0.00624040788,6.553854120503631,10.416,0.0,-0.005432259559606,2.000000000000001,10.0,9.000000000000002,10.0,62.5,21.000000000000007,86.0,2.000000000000001,12.5,18.000000000000004,10.0,8.0,52.41066973561898,51.98888491211326,2.164750558759001,117.38807973497273,45.53000000000001
439.0,13.6,14.0,744.0,0.0,0.0,0.0,23.0,48.2,50.0,50.0,50.0,50.0,10.416,50.0,60.8,11299.23111111111,40677232.0,0.0,0.0,5.16666666666667,4.13333333333333,3.875,25036.1,24773.7,18453.8,17866.4,1880.0,4143.0,0.0,0.0,743.0,2331.0,3.86,16.0,3.86,93.0,0.0,11299.2311111111,0.0,68.5,144.5,50.0,49.0,107.6,95.0,69.80000000000001,35.6,0.5099999999999909,99.0,13.981,740.0,46.04,14.252,0.0,0.0,0.0,0.0,0.0,0.0,0.0,0.0,0.0,0.0,0.0,740.6,-8.9,3.0,0.0,0.0,0.0,908.0,2857.0,0.0,53.6,1.0,0.0,825.6,0.0,0.0,0.7000000000000001,13.0,0.0,41.0,0.0,51.8,51.8,350.0,825.6,-50.0,0.0,0.0,0.0,0.0,400.0,0.0,0.0,0.0,0.0,0.0,0.0,69.0,743.9000000000001,4.438,11.767427500000002,13.960497,14.846350051775088,0.0,1.3454009832577745,29.73439426250696,0.6290113611901847,0.6227835259308759,10.547409068823024,0.00624040788,6.553854120503631,10.416,0.0,-0.005432259559606,2.000000000000001,10.0,9.000000000000002,10.0,62.5,21.000000000000007,86.0,2.000000000000001,12.5,18.000000000000004,10.0,8.0,52.41066973561898,51.98888491211326,2.164750558759001,117.38807973497273,45.53000000000001
440.0,13.6,7.9,745.0,0.0,0.0,0.0,23.0,48.2,50.0,50.0,50.0,50.0,5.8855,50.0,60.8,11299.231666666668,40677234.0,0.0,0.0,5.17361111111111,4.13888888888889,3.88020833333333,25036.1,24773.7,18453.8,17866.4,1880.0,4103.0,0.0,0.0,745.0,2331.0,3.88,16.0,3.86,154.0,0.0,11299.2316666667,0.0,68.5,144.5,50.0,49.0,108.5,95.0,69.80000000000001,35.6,0.5099999999999909,99.0,13.981,740.0,46.04,14.252,0.0,0.0,0.0,0.0,0.0,0.0,0.0,0.0,0.0,0.0,0.0,741.7,-8.9,3.0,0.0,0.0,0.0,908.0,2857.0,0.0,53.6,1.0,0.0,825.6,0.0,0.0,0.7000000000000001,13.0,0.0,41.0,0.0,51.8,51.8,350.0,825.6,-50.0,0.0,0.0,0.0,0.0,400.0,0.0,0.0,0.0,0.0,0.0,0.0,69.0,743.9000000000001,4.438,11.767427500000002,13.960497,14.954394491979247,0.0,1.3636282858108644,29.75262156506005,0.6323999830289037,0.6261385970583204,8.83527312887605,0.0033550711274444,5.48998249936284,5.8855,0.0,-0.0092879453162864,2.000000000000001,10.0,9.000000000000002,10.0,62.5,21.000000000000007,86.0,2.000000000000001,12.5,18.000000000000004,10.0,8.0,52.41066973561898,51.98888491211326,2.1940779003165956,117.41740746478068,45.53000000000001
441.0,13.6,7.9,745.0,0.0,0.0,0.0,23.0,48.2,50.0,50.0,50.0,50.0,5.8855,50.0,60.8,11299.231666666668,40677234.0,0.0,0.0,5.17361111111111,4.13888888888889,3.88020833333333,25036.1,24773.7,18453.8,17866.4,1880.0,4103.0,0.0,0.0,745.0,2331.0,3.88,16.0,3.86,154.0,0.0,11299.2316666667,0.0,68.5,144.5,50.0,49.0,108.5,95.0,69.80000000000001,35.6,0.160000000000025,99.0,13.978,741.5,41.0,14.239,0.0,0.0,0.0,0.0,0.0,0.0,0.0,0.0,0.0,0.0,0.0,741.7,-4.6000000000000005,3.0,0.0,0.0,0.0,908.0,2857.0,0.0,53.6,1.0,0.0,825.6,0.0,0.0,0.7000000000000001,13.0,0.0,41.0,0.0,51.8,51.8,350.0,825.6,-50.0,0.0,0.0,0.0,0.0,400.0,0.0,0.0,0.0,0.0,0.0,0.0,69.0,745.1,4.44,11.767427500000002,13.960497,14.954394491979247,0.0,1.3636282858108644,29.75262156506005,0.6323999830289037,0.6261385970583204,8.83527312887605,0.0033550711274444,5.48998249936284,5.8855,0.0,-0.0092879453162864,2.000000000000001,10.0,9.000000000000002,10.0,62.5,21.000000000000007,86.0,2.000000000000001,12.5,18.000000000000004,10.0,8.0,52.41066973561898,51.98888491211326,2.1940779003165956,117.41740746478068,40.839999999999975
442.0,13.5,11.0,744.6,0.0,0.0,0.0,23.0,48.2,50.0,50.0,50.0,50.0,8.1906,50.0,60.8,11299.232222222225,40677236.0,0.0,0.0,5.17083333333333,4.13666666666667,3.878125,25036.1,24773.7,18453.8,17866.4,1880.0,4086.0,0.0,0.0,744.0,2331.0,3.88,16.0,3.86,63.0,0.0,11299.2322222222,0.0,68.5,144.5,50.0,49.0,108.5,95.0,69.80000000000001,34.7,0.160000000000025,99.0,13.978,741.5,41.0,14.239,0.0,0.0,0.0,0.0,0.0,0.0,0.0,0.0,0.0,0.0,0.0,742.2,-11.6,3.0,,,0.0,908.0,2857.0,0.0,,,0.0,825.6,,0.0,0.7000000000000001,13.0,0.0,41.0,0.0,,,350.0,825.6,,,,,,,,,,,0.0,0.0,69.0,745.1,4.44,,,15.05860075899624,,1.3814243567565416,29.770417636005728,0.6369759259271832,0.6306692335912705,6.348741239958,0.00453063653295,3.9449236930139424,8.1906,,-0.0090283003905073,2.000000000000001,10.0,9.000000000000002,10.0,62.5,21.000000000000007,86.0,1.5000000000000016,12.5,18.000000000000004,10.0,8.0,,51.98888491211326,2.2227113982161537,117.44604134293225,40.839999999999975
443.0,13.5,11.0,744.6,0.0,0.0,0.0,23.0,48.2,50.0,50.0,50.0,50.0,8.1906,50.0,60.8,11299.232222222225,40677236.0,0.0,0.0,5.17083333333333,4.13666666666667,3.878125,25036.1,24773.7,18453.8,17866.4,1880.0,4086.0,0.0,0.0,744.0,2331.0,3.88,16.0,3.86,63.0,0.0,11299.2322222222,0.0,68.5,144.5,50.0,49.0,108.5,95.0,69.80000000000001,34.7,0.160000000000025,99.0,13.978,741.5,41.0,14.239,0.0,0.0,0.0,0.0,0.0,0.0,0.0,0.0,0.0,0.0,0.0,742.2,-11.6,3.0,0.0,0.0,0.0,908.0,2857.0,0.0,53.6,1.0,0.0,825.6,0.0,0.0,0.7000000000000001,13.0,0.0,41.0,0.0,51.8,51.8,350.0,825.6,-50.0,0.0,0.0,0.0,0.0,400.0,0.0,0.0,0.0,0.0,0.0,0.0,69.0,743.2,4.439,14.404112500000002,13.9297341,15.05860075899624,0.0,1.3814243567565416,29.770417636005728,0.6369759259271832,0.6306692335912705,6.348741239958,0.00453063653295,3.9449236930139424,8.1906,0.0,-0.0090283003905073,2.000000000000001,10.0,9.000000000000002,10.0,62.5,21.000000000000007,86.0,1.5000000000000016,12.5,18.000000000000004,10.0,8.0,51.67645170951642,51.98888491211326,2.2227113982161537,117.44604134293225,40.839999999999975
444.0,13.5,19.4,742.8,0.0,0.0,0.0,23.0,48.2,50.0,50.0,50.0,50.0,14.41032,50.0,60.8,11299.232777777775,40677238.0,0.0,0.0,5.15833333333333,4.12666666666667,3.86875,25036.1,24773.7,18453.8,17866.4,1880.0,4126.0,0.0,0.0,743.0,2338.0,3.86,16.0,3.86,102.0,0.0,11299.2327777778,0.0,68.5,145.4,50.0,49.0,109.4,95.0,69.80000000000001,34.7,-1.2099999999999795,99.0,13.947,738.6,47.05,14.247,0.0,0.0,0.0,0.0,0.0,0.0,0.0,0.0,0.0,0.0,0.0,739.4000000000001,-11.6,3.0,0.0,0.0,0.0,908.0,2857.0,0.0,53.6,1.0,0.0,825.6,0.0,0.0,0.7000000000000001,13.0,0.0,41.0,0.0,51.8,51.8,350.0,825.6,-50.0,0.0,0.0,0.0,0.0,400.0,0.0,0.0,0.0,0.0,0.0,0.0,69.0,743.2,4.439,14.404112500000002,13.9297341,15.157517125549724,0.0,1.3985170355126062,29.787510314761793,0.6444742293228295,0.6380932963592372,3.608525001526684,0.0074240627679666,2.2422327887236366,14.41032,0.0,-0.0035362510355617,2.000000000000001,10.0,9.000000000000002,10.0,63.0,21.000000000000007,87.0,1.5000000000000016,12.5,18.000000000000004,9.000000000000002,8.0,51.67645170951642,51.98888491211326,2.2502131977365383,117.47354346305077,48.25999999999998
445.0,13.5,19.4,742.8,0.0,0.0,0.0,23.0,48.2,50.0,50.0,50.0,50.0,14.41032,50.0,60.8,11299.232777777775,40677238.0,0.0,0.0,5.15833333333333,4.12666666666667,3.86875,25036.1,24773.7,18453.8,17866.4,1880.0,4126.0,0.0,0.0,743.0,2338.0,3.86,16.0,3.86,102.0,0.0,11299.2327777778,0.0,68.5,145.4,50.0,49.0,109.4,95.0,69.80000000000001,34.7,-1.2099999999999795,99.0,13.947,738.6,47.05,14.247,0.0,0.0,0.0,0.0,0.0,0.0,0.0,0.0,0.0,0.0,0.0,739.4000000000001,9.8,3.0,0.0,0.0,0.0,908.0,2857.0,0.0,53.6,1.0,0.0,825.6,0.0,0.0,0.7000000000000001,13.0,0.0,41.0,0.0,51.8,51.8,350.0,825.6,-50.0,0.0,0.0,0.0,0.0,400.0,0.0,0.0,0.0,0.0,0.0,0.0,69.0,742.7,4.439,15.42949,13.919968100000002,15.157517125549724,0.0,1.3985170355126062,29.787510314761793,0.6444742293228295,0.6380932963592372,3.608525001526684,0.0074240627679666,2.2422327887236366,14.41032,0.0,-0.0035362510355617,2.000000000000001,10.0,9.000000000000002,10.0,63.0,21.000000000000007,87.0,1.5000000000000016,12.5,18.000000000000004,9.000000000000002,8.0,52.69185961795613,51.98888491211326,2.2502131977365383,117.47354346305077,48.25999999999998
446.0,13.5,20.5,742.6,0.0,0.0,0.0,23.0,48.2,50.0,50.0,50.0,50.0,15.2233,50.0,60.8,11299.233333333334,40677240.0,0.0,0.0,5.15694444444444,4.12555555555556,3.86770833333333,25036.1,24773.7,18453.8,17866.4,1880.0,4214.0,0.0,0.0,742.0,2338.0,3.86,16.0,3.86,93.0,0.0,11299.2333333333,0.0,68.5,145.4,50.0,49.0,109.4,95.0,69.80000000000001,34.7,-0.4399999999999977,99.0,13.949,738.8000000000001,50.04,14.241,0.0,0.0,0.0,0.0,0.0,0.0,0.0,0.0,0.0,0.0,0.0,739.2,9.8,3.0,0.0,0.0,0.0,908.0,2857.0,0.0,53.6,1.0,0.0,825.6,0.0,0.0,0.7000000000000001,13.0,0.0,41.0,0.0,51.8,51.8,350.0,825.6,-50.0,0.0,0.0,0.0,0.0,400.0,0.0,0.0,0.0,0.0,0.0,0.0,69.0,742.7,4.439,15.42949,13.919968100000002,15.157517125549724,0.0,1.3985170355126062,29.787510314761793,0.6532652881210533,0.64679731497134,3.415816544376054,0.0087040186121027,2.122489341995493,15.223300000000002,0.0,-0.0035362510355617,2.000000000000001,10.0,9.000000000000002,10.0,63.0,21.000000000000007,87.0,1.5000000000000016,12.5,18.000000000000004,9.000000000000002,8.0,52.69185961795613,51.98888491211326,2.2502131977365383,117.47354346305077,50.48
447.0,13.5,20.5,742.6,0.0,0.0,0.0,23.0,48.2,50.0,50.0,50.0,50.0,15.2233,50.0,60.8,11299.233333333334,40677240.0,0.0,0.0,5.15694444444444,4.12555555555556,3.86770833333333,25036.1,24773.7,18453.8,17866.4,1880.0,4214.0,0.0,0.0,742.0,2338.0,3.86,16.0,3.86,93.0,0.0,11299.2333333333,0.0,68.5,145.4,50.0,49.0,109.4,95.0,69.80000000000001,34.7,-0.4399999999999977,99.0,13.949,738.8000000000001,50.04,14.241,0.0,0.0,0.0,0.0,0.0,0.0,0.0,0.0,0.0,0.0,0.0,739.2,2.9000000000000004,3.0,0.0,0.0,0.0,908.0,2857.0,0.0,53.6,1.0,0.0,825.6,0.0,0.0,0.7000000000000001,13.0,0.0,41.0,0.0,51.8,51.8,350.0,825.6,-50.0,0.0,0.0,0.0,0.0,400.0,0.0,0.0,0.0,0.0,0.0,0.0,69.0,742.7,4.439,15.42949,13.919968100000002,15.157517125549724,0.0,1.3985170355126062,29.787510314761793,0.6532652881210533,0.64679731497134,3.415816544376054,0.0087040186121027,2.122489341995493,15.223300000000002,0.0,-0.0035362510355617,2.000000000000001,10.0,9.000000000000002,10.0,63.0,21.000000000000007,87.0,1.5000000000000016,12.5,18.000000000000004,9.000000000000002,8.0,52.69185961795613,51.98888491211326,2.2502131977365383,117.47354346305077,50.48
448.0,13.5,10.5,744.2,0.0,0.0,0.0,23.0,48.2,50.0,50.0,50.0,50.0,7.8141,50.0,60.8,11299.233888888888,40677242.0,0.0,0.0,5.16805555555556,4.13444444444444,3.87604166666667,25036.1,24773.7,18453.8,17866.4,1880.0,4215.0,0.0,0.0,744.0,2338.0,3.88,16.0,3.86,154.0,0.0,11299.2338888889,0.0,68.5,145.4,50.900000000000006,49.0,109.4,95.9,69.80000000000001,34.7,-0.4399999999999977,99.0,13.949,738.8000000000001,50.04,14.241,0.0,0.0,0.0,0.0,0.0,0.0,0.0,0.0,0.0,0.0,0.0,740.8000000000001,2.9000000000000004,3.0,0.0,0.0,0.0,908.0,2857.0,0.0,53.6,1.0,0.0,825.6,0.0,0.0,0.7000000000000001,13.0,0.0,41.0,0.0,51.8,51.8,350.0,825.6,-50.0,0.0,0.0,0.0,0.0,400.0,0.0,0.0,0.0,0.0,0.0,0.0,69.0,743.5,4.44,15.42949,13.919968100000002,15.382105683212332,0.0,1.437400580609242,29.826393859858428,0.6581992541195534,0.65168242982134,6.65463713031571,0.00488511485,4.134998528301404,7.814100000000001,0.0,0.002783970349236,2.000000000000001,10.0,9.000000000000002,10.0,63.0,21.000000000000007,87.0,1.5000000000000016,12.5,18.000000000000004,9.000000000000002,8.0,52.69185961795613,52.988671160423124,2.312776411023736,117.53610708711126,50.48
449.0,13.5,10.5,744.2,0.0,0.0,0.0,23.0,48.2,50.0,50.0,50.0,50.0,7.8141,50.0,60.8,11299.233888888888,40677242.0,0.0,0.0,5.16805555555556,4.13444444444444,3.87604166666667,25036.1,24773.7,18453.8,17866.4,1880.0,4215.0,0.0,0.0,744.0,2338.0,3.88,16.0,3.86,154.0,0.0,11299.2338888889,0.0,68.5,145.4,50.900000000000006,49.0,109.4,95.9,69.80000000000001,34.7,-0.4399999999999977,99.0,13.949,738.8000000000001,50.04,14.241,0.0,0.0,0.0,0.0,0.0,0.0,0.0,0.0,0.0,0.0,0.0,740.8000000000001,2.9000000000000004,3.0,0.0,0.0,0.0,908.0,2857.0,0.0,53.6,1.0,0.0,825.6,0.0,0.0,0.7000000000000001,13.0,0.0,41.0,0.0,51.8,51.8,350.0,825.6,-50.0,0.0,0.0,0.0,0.0,400.0,0.0,0.0,0.0,0.0,0.0,0.0,69.0,744.7,4.439,15.42949,13.919968100000002,15.382105683212332,0.0,1.437400580609242,29.826393859858428,0.6581992541195534,0.65168242982134,6.65463713031571,0.00488511485,4.134998528301404,7.814100000000001,0.0,0.002783970349236,2.000000000000001,10.0,9.000000000000002,10.0,63.0,21.000000000000007,87.0,1.5000000000000016,12.5,18.000000000000004,9.000000000000002,8.0,52.69185961795613,52.988671160423124,2.312776411023736,117.53610708711126,50.48
450.0,13.5,10.5,744.3,0.0,0.0,0.0,23.0,48.2,50.0,50.0,50.0,50.0,7.81515,48.2,60.8,11299.234444444444,40677244.0,0.0,0.0,5.16875,4.135,3.8765625,25036.1,24773.7,18453.8,17866.4,1880.0,4184.0,0.0,0.0,744.0,2338.0,3.88,16.0,3.86,154.0,0.0,11299.2344444444,0.0,68.5,146.3,50.900000000000006,49.0,109.4,95.9,69.80000000000001,34.7,-0.4399999999999977,99.0,13.949,738.8000000000001,50.04,14.241,0.0,0.0,0.0,0.0,0.0,0.0,0.0,0.0,0.0,0.0,0.0,741.4000000000001,2.9000000000000004,3.0,0.0,0.0,0.0,908.0,2857.0,0.0,53.6,1.0,0.0,825.6,0.0,0.0,0.7000000000000001,13.0,0.0,41.0,0.0,51.8,51.8,350.0,825.6,-50.0,0.0,0.0,0.0,0.0,400.0,0.0,0.0,0.0,0.0,0.0,0.0,69.0,744.7,4.439,,,15.382105683212332,0.0,1.437400580609242,29.826393859858428,0.6619553226396444,0.6554013095442024,6.781699647479575,0.0037188797228625,4.213951491654032,7.81515,0.0,0.002783970349236,2.000000000000001,10.0,9.000000000000002,9.000000000000002,63.5,21.000000000000007,88.0,1.5000000000000016,12.5,18.000000000000004,9.000000000000002,8.0,,52.988671160423124,2.312776411023736,117.53610708711126,50.48
451.0,13.5,10.5,744.3,0.0,0.0,0.0,23.0,48.2,50.0,50.0,50.0,50.0,7.81515,48.2,60.8,11299.234444444444,40677244.0,0.0,0.0,5.16875,4.135,3.8765625,25036.1,24773.7,18453.8,17866.4,1880.0,4184.0,0.0,0.0,744.0,2338.0,3.88,16.0,3.86,154.0,0.0,11299.2344444444,0.0,68.5,146.3,50.900000000000006,49.0,109.4,95.9,69.80000000000001,34.7,-0.4399999999999977,99.0,13.949,738.8000000000001,50.04,14.241,0.0,0.0,0.0,0.0,0.0,0.0,0.0,0.0,0.0,0.0,0.0,741.4000000000001,2.9000000000000004,3.0,0.0,0.0,0.0,908.0,2857.0,0.0,53.6,1.0,0.0,825.6,0.0,0.0,0.7000000000000001,13.0,0.0,41.0,0.0,51.8,51.8,350.0,825.6,-50.0,0.0,0.0,0.0,0.0,400.0,0.0,0.0,0.0,0.0,0.0,0.0,69.0,744.7,4.44,,,15.382105683212332,0.0,1.437400580609242,29.826393859858428,0.6619553226396444,0.6554013095442024,6.781699647479575,0.0037188797228625,4.213951491654032,7.81515,0.0,0.002783970349236,2.000000000000001,10.0,9.000000000000002,9.000000000000002,63.5,21.000000000000007,88.0,1.5000000000000016,12.5,18.000000000000004,9.000000000000002,8.0,,52.988671160423124,2.312776411023736,117.53610708711126,50.48
452.0,13.6,5.3,745.5,0.0,0.0,0.0,23.0,48.2,50.0,50.0,50.0,50.0,3.95115,48.2,60.8,11299.235,40677246.0,0.0,0.0,5.17708333333333,4.14166666666667,3.8828125,25036.1,24773.7,18453.8,17866.4,1880.0,4100.0,0.0,0.0,745.0,2333.0,3.88,16.0,3.86,155.0,0.0,11299.235,0.0,68.5,146.3,50.900000000000006,49.0,110.3,95.9,69.80000000000001,34.7,1.740000000000009,99.0,13.982,741.5,47.06,14.259,0.0,0.0,0.0,0.0,0.0,0.0,0.0,0.0,0.0,0.0,0.0,742.7,-24.6,3.0,0.0,0.0,0.0,908.0,2857.0,0.0,53.6,1.0,0.0,825.6,0.0,0.0,0.7000000000000001,13.0,0.0,41.0,0.0,51.8,51.8,350.0,825.6,-50.0,0.0,0.0,0.0,0.0,400.0,0.0,0.0,0.0,0.0,0.0,0.0,69.0,744.7,4.44,,,15.561997230353798,0.0,1.469829321760916,29.8588226010101,0.664044983315961,0.6574702805108524,13.41381623071764,0.00206897096665,8.334956405097252,3.95115,0.0,0.002783970349236,2.000000000000001,10.0,9.000000000000002,9.000000000000002,63.5,21.000000000000007,88.0,1.5000000000000016,12.5,18.000000000000004,9.000000000000002,8.0,,51.98888491211326,2.3649542740883693,117.5882849316243,45.31999999999999
453.0,13.6,5.3,745.5,0.0,0.0,0.0,23.0,48.2,50.0,50.0,50.0,50.0,3.95115,48.2,60.8,11299.235,40677246.0,0.0,0.0,5.17708333333333,4.14166666666667,3.8828125,25036.1,24773.7,18453.8,17866.4,1880.0,4100.0,0.0,0.0,745.0,2333.0,3.88,16.0,3.86,155.0,0.0,11299.235,0.0,68.5,146.3,50.900000000000006,49.0,110.3,95.9,69.80000000000001,34.7,1.740000000000009,99.0,13.982,741.5,47.06,14.259,0.0,0.0,0.0,0.0,0.0,0.0,0.0,0.0,0.0,0.0,0.0,746.4000000000001,-24.6,3.0,0.0,0.0,0.0,908.0,2857.0,0.0,53.6,1.0,0.0,825.6,0.0,0.0,0.7000000000000001,13.0,0.0,41.0,0.0,51.8,51.8,350.0,825.6,-50.0,0.0,0.0,0.0,0.0,400.0,0.0,0.0,0.0,0.0,0.0,0.0,69.0,750.3000000000001,4.441,,,15.561997230353798,0.0,1.469829321760916,29.8588226010101,0.664044983315961,0.6574702805108524,13.41381623071764,0.00206897096665,8.334956405097252,3.95115,0.0,0.002783970349236,2.000000000000001,10.0,9.000000000000002,9.000000000000002,63.5,21.000000000000007,88.0,1.5000000000000016,12.5,18.000000000000004,9.000000000000002,8.0,,51.98888491211326,2.3649542740883693,117.5882849316243,45.31999999999999
454.0,13.6,-18.5,749.8,0.0,0.0,0.0,23.0,48.2,50.0,50.0,50.0,50.0,-13.8713,48.2,60.8,11299.235555555557,40677248.0,0.0,0.0,5.20694444444444,4.16555555555556,3.90520833333333,25036.1,24773.7,18453.8,17866.4,1880.0,3782.0,0.0,0.0,750.0,2333.0,3.9,8.0,3.9,17.0,0.0,11299.2355555556,0.0,68.5,146.3,50.900000000000006,49.0,110.3,95.9,69.80000000000001,34.7,-0.2599999999999909,99.0,13.968,746.5,44.78,14.25,0.0,0.0,0.0,0.0,0.0,0.0,0.0,0.0,0.0,0.0,0.0,746.4000000000001,-12.2,3.0,0.0,0.0,0.0,908.0,2857.0,0.0,53.6,1.0,0.0,825.6,0.0,0.0,0.7000000000000001,13.0,0.0,41.0,0.0,51.8,51.8,350.0,825.6,-50.0,0.0,0.0,0.0,0.0,400.0,0.0,0.0,0.0,0.0,0.0,0.0,69.0,750.3000000000001,4.441,,,15.561997230353798,0.0,1.469829321760916,29.8588226010101,0.6565595450609979,0.6500589555059385,-3.748747413724741,-0.0074113250049138,-2.3293629292135556,-13.8713,0.0,,2.000000000000001,10.0,9.000000000000002,9.000000000000002,63.5,21.000000000000007,88.0,1.5000000000000016,12.5,18.000000000000004,9.000000000000002,8.0,,51.98888491211326,2.3649542740883693,117.5882849316243,45.03999999999999
455.0,13.6,-18.5,749.8,0.0,0.0,0.0,23.0,48.2,50.0,50.0,50.0,50.0,-13.8713,48.2,60.8,11299.235555555557,40677248.0,0.0,0.0,5.20694444444444,4.16555555555556,3.90520833333333,25036.1,24773.7,18453.8,17866.4,1880.0,3782.0,0.0,0.0,750.0,2333.0,3.9,8.0,3.9,17.0,0.0,11299.2355555556,0.0,68.5,146.3,50.900000000000006,49.0,110.3,95.9,69.80000000000001,34.7,-0.2599999999999909,99.0,13.968,746.5,44.78,14.25,0.0,0.0,0.0,0.0,0.0,0.0,0.0,0.0,0.0,0.0,0.0,751.1,-12.2,3.0,0.0,0.0,0.0,908.0,2857.0,0.0,53.6,1.0,0.0,825.6,0.0,0.0,0.7000000000000001,13.0,0.0,41.0,0.0,51.8,51.8,350.0,825.6,-50.0,0.0,0.0,0.0,0.0,400.0,0.0,0.0,0.0,0.0,0.0,0.0,69.0,754.0,4.44,,,15.561997230353798,0.0,1.469829321760916,29.8588226010101,0.6565595450609979,0.6500589555059385,-3.748747413724741,-0.0074113250049138,-2.3293629292135556,-13.8713,0.0,,2.000000000000001,10.0,9.000000000000002,9.000000000000002,63.5,21.000000000000007,88.0,1.5000000000000016,12.5,18.000000000000004,9.000000000000002,8.0,,51.98888491211326,2.3649542740883693,117.5882849316243,45.03999999999999
456.0,13.6,-32.5,752.9,0.0,0.0,0.0,23.0,48.2,50.0,50.0,50.0,50.0,-24.46925,48.2,60.8,11299.236111111111,40677250.0,0.0,0.0,5.22847222222222,4.18277777777778,3.92135416666667,25036.1,24773.7,18453.8,17866.4,1880.0,3059.0,0.0,0.0,753.0,2333.0,3.92,148.0,3.9,17.0,0.0,11299.2361111111,0.0,68.5,147.2,50.900000000000006,49.0,111.2,95.9,69.80000000000001,34.7,-0.1999999999999886,99.0,13.963,749.0,49.93,14.245,0.0,0.0,0.0,0.0,0.0,0.0,0.0,0.0,0.0,0.0,0.0,751.1,2.8000000000000003,3.0,0.0,0.0,0.0,908.0,2857.0,0.0,53.6,1.0,0.0,825.6,0.0,0.0,0.7000000000000001,13.0,0.0,41.0,0.0,51.8,51.8,350.0,825.6,-50.0,0.0,0.0,0.0,0.0,400.0,0.0,0.0,0.0,0.0,0.0,0.0,69.0,754.0,4.44,,,15.655118619266824,0.0,1.4959293973196532,29.88492267656884,0.6425610565876878,0.6361990659284038,-2.1251162172931335,-0.0138598895775347,-1.3204855890556515,-24.46925,0.0,,2.000000000000001,10.0,9.000000000000002,9.000000000000002,64.0,21.000000000000007,90.0,1.5000000000000016,12.5,18.000000000000004,9.000000000000002,8.0,,37.99187743577507,2.4069488248185973,117.63027995319831,50.12999999999999
457.0,13.6,-32.5,752.9,0.0,0.0,0.0,23.0,48.2,50.0,50.0,50.0,50.0,-24.46925,48.2,60.8,11299.236111111111,40677250.0,0.0,0.0,5.22847222222222,4.18277777777778,3.92135416666667,25036.1,24773.7,18453.8,17866.4,1880.0,3059.0,0.0,0.0,753.0,2333.0,3.92,148.0,3.9,17.0,0.0,11299.2361111111,0.0,68.5,147.2,50.900000000000006,49.0,111.2,95.9,69.80000000000001,34.7,-0.1999999999999886,99.0,13.963,749.0,49.93,14.245,0.0,0.0,0.0,0.0,0.0,0.0,0.0,0.0,0.0,0.0,0.0,751.1,2.8000000000000003,3.0,0.0,0.0,0.0,908.0,2857.0,0.0,53.6,1.0,0.0,825.6,0.0,0.0,0.7000000000000001,13.0,0.0,41.0,0.0,51.8,51.8,350.0,825.6,-50.0,0.0,0.0,0.0,0.0,400.0,0.0,0.0,0.0,0.0,0.0,0.0,69.0,753.5,4.441,0.0,13.9404767,15.655118619266824,0.0,1.4959293973196532,29.88492267656884,0.6425610565876878,0.6361990659284038,-2.1251162172931335,-0.0138598895775347,-1.3204855890556515,-24.46925,0.0,,2.000000000000001,10.0,9.000000000000002,9.000000000000002,64.0,21.000000000000007,90.0,1.5000000000000016,12.5,18.000000000000004,9.000000000000002,8.0,36.0547915796747,37.99187743577507,2.4069488248185973,117.63027995319831,50.12999999999999
458.0,13.6,-24.2,751.8,0.0,0.0,0.0,23.0,48.2,50.0,50.0,50.0,50.0,-18.19356,48.2,60.8,11299.236666666666,40677252.0,0.0,0.0,5.22083333333333,4.17666666666667,3.915625,25036.1,24773.7,18453.8,17866.4,1880.0,2286.0,0.0,0.0,752.0,2333.0,3.9,148.0,3.9,17.0,0.0,11299.2366666667,0.0,68.5,147.2,50.900000000000006,49.0,111.2,95.9,69.80000000000001,34.7,-0.1999999999999886,99.0,13.963,749.0,49.93,14.245,0.0,0.0,0.0,0.0,0.0,0.0,0.0,0.0,0.0,0.0,0.0,747.9000000000001,2.8000000000000003,3.0,0.0,0.0,0.0,908.0,2857.0,0.0,53.6,1.0,0.0,825.6,0.0,0.0,0.7000000000000001,13.0,0.0,41.0,0.0,51.8,51.8,350.0,825.6,-50.0,0.0,0.0,0.0,0.0,400.0,0.0,0.0,0.0,0.0,0.0,0.0,69.0,753.5,4.441,0.0,13.9404767,15.655118619266824,0.0,1.4959293973196532,29.88492267656884,0.6319873972628489,0.6257300962998504,-2.088651149087919,-0.0104689696285533,-1.297827253159909,-18.19356,0.0,,0.9999999999999984,10.0,9.000000000000002,9.000000000000002,64.0,21.000000000000007,90.0,1.5000000000000016,12.5,18.000000000000004,9.000000000000002,8.0,36.0547915796747,37.99187743577507,2.4069488248185973,117.63027995319831,50.12999999999999
459.0,13.6,-24.2,751.8,0.0,0.0,0.0,23.0,48.2,50.0,50.0,50.0,50.0,-18.19356,48.2,60.8,11299.236666666666,40677252.0,0.0,0.0,5.22083333333333,4.17666666666667,3.915625,25036.1,24773.7,18453.8,17866.4,1880.0,2286.0,0.0,0.0,752.0,2333.0,3.9,148.0,3.9,17.0,0.0,11299.2366666667,0.0,68.5,147.2,50.900000000000006,49.0,111.2,95.9,69.80000000000001,34.7,-0.1999999999999886,99.0,13.963,749.0,49.93,14.245,0.0,0.0,0.0,0.0,0.0,0.0,0.0,0.0,0.0,0.0,0.0,749.1,2.8000000000000003,3.0,0.0,0.0,0.0,908.0,2857.0,0.0,53.6,1.0,0.0,825.6,0.0,0.0,0.7000000000000001,13.0,0.0,41.0,0.0,51.8,51.8,350.0,825.6,-50.0,0.0,0.0,0.0,0.0,400.0,0.0,0.0,0.0,0.0,0.0,0.0,69.0,752.6,4.443,0.0,13.9404767,15.655118619266824,0.0,1.4959293973196532,29.88492267656884,0.6319873972628489,0.6257300962998504,-2.088651149087919,-0.0104689696285533,-1.297827253159909,-18.19356,0.0,,0.9999999999999984,10.0,9.000000000000002,9.000000000000002,64.0,21.000000000000007,90.0,1.5000000000000016,12.5,18.000000000000004,9.000000000000002,8.0,36.0547915796747,37.99187743577507,2.4069488248185973,117.63027995319831,50.12999999999999
460.0,13.5,-15.0,750.2,0.0,0.0,0.0,23.0,48.2,50.0,50.0,50.0,50.0,-11.253,48.2,60.8,11299.237222222222,40677254.0,0.0,0.0,5.20972222222222,4.16777777777778,3.90729166666667,25036.1,24773.7,18453.8,17866.4,1880.0,1366.0,1389.0,0.0,751.0,2333.0,3.9,50.0,3.9,17.0,0.0,11299.2372222222,0.0,68.5,147.2,50.900000000000006,49.0,111.2,95.9,69.80000000000001,34.7,0.1999999999999886,99.0,13.968,747.5,51.99,14.245,0.0,0.0,0.0,0.0,0.0,0.0,0.0,0.0,0.0,0.0,0.0,749.1,-0.2,3.0,0.0,0.0,0.0,908.0,2857.0,0.0,53.6,1.0,0.0,825.6,0.0,0.0,0.7000000000000001,13.0,0.0,41.0,0.0,51.8,51.8,350.0,825.6,-50.0,0.0,0.0,0.0,0.0,400.0,0.0,0.0,0.0,0.0,0.0,0.0,69.0,752.6,4.443,0.0,13.9404767,15.655118619266824,0.0,1.4959293973196532,29.88492267656884,0.6262228168637256,0.6200225909541838,-3.376877277170532,-0.0057075053456666,-2.0982936105927306,-11.253,0.0,,0.9999999999999984,10.0,9.000000000000002,9.000000000000002,64.0,21.000000000000007,90.0,1.5000000000000016,12.5,18.000000000000004,9.000000000000002,8.0,36.0547915796747,37.99187743577507,2.4069488248185973,117.63027995319831,51.79000000000001
461.0,13.5,-15.0,750.2,0.0,0.0,0.0,23.0,48.2,50.0,50.0,50.0,50.0,-11.253,48.2,60.8,11299.237222222222,40677254.0,0.0,0.0,5.20972222222222,4.16777777777778,3.90729166666667,25036.1,24773.7,18453.8,17866.4,1880.0,1366.0,1389.0,0.0,751.0,2333.0,3.9,50.0,3.9,17.0,0.0,11299.2372222222,0.0,68.5,,,,,,,,0.1999999999999886,99.0,13.968,747.5,51.99,14.245,0.0,0.0,0.0,0.0,0.0,0.0,0.0,0.0,0.0,0.0,0.0,744.1,-0.2,3.0,0.0,0.0,0.0,908.0,2857.0,0.0,53.6,1.0,0.0,825.6,0.0,0.0,0.7000000000000001,13.0,0.0,41.0,0.0,51.8,51.8,350.0,825.6,-50.0,0.0,0.0,0.0,0.0,400.0,0.0,0.0,0.0,0.0,0.0,0.0,69.0,749.6,4.444,0.0,13.9404767,,0.0,,,0.6262228168637256,0.6200225909541838,-3.376877277170532,-0.0057075053456666,-2.0982936105927306,-11.253,0.0,,0.9999999999999984,10.0,9.000000000000002,9.000000000000002,,,,,12.5,18.000000000000004,9.000000000000002,8.0,36.0547915796747,,,,51.79000000000001
462.0,13.5,4.9,746.9,0.0,0.0,0.0,23.0,48.2,50.0,50.0,50.0,50.0,3.65981,48.2,60.8,11299.237777777778,40677256.0,0.0,0.0,5.18680555555556,4.14944444444444,3.89010416666667,25036.1,24773.7,18453.8,17866.4,1880.0,452.0,457.0,0.0,746.0,2302.0,3.88,1.0,3.88,93.0,0.0,11299.2377777778,0.0,68.5,,,,,,,,-0.9699999999999704,99.0,13.945,740.2,53.12,14.26,0.0,0.0,0.0,0.0,0.0,0.0,0.0,0.0,0.0,0.0,0.0,744.1,151.20000000000002,3.0,0.0,0.0,0.0,908.0,2857.0,0.0,53.6,1.0,0.0,825.6,0.0,0.0,0.7000000000000001,13.0,0.0,41.0,0.0,51.8,51.8,350.0,825.6,-50.0,0.0,0.0,0.0,0.0,400.0,0.0,0.0,0.0,0.0,0.0,0.0,69.0,749.6,4.444,,,,0.0,,,0.62825474605247,0.6220344020321485,-3.376877277170532,0.0020118110779647,-2.0982936105927306,3.65981,0.0,,0.9999999999999984,10.0,9.000000000000002,9.000000000000002,,,,,12.5,18.000000000000004,9.000000000000002,8.0,,,,,54.08999999999997
463.0,13.5,4.9,746.9,0.0,0.0,0.0,23.0,48.2,50.0,50.0,50.0,50.0,3.65981,48.2,60.8,11299.237777777778,40677256.0,0.0,0.0,5.18680555555556,4.14944444444444,3.89010416666667,25036.1,24773.7,18453.8,17866.4,1880.0,452.0,457.0,0.0,746.0,2302.0,3.88,1.0,3.88,93.0,0.0,11299.2377777778,0.0,68.5,,,,,,,,-0.9699999999999704,99.0,13.945,740.2,53.12,14.26,0.0,0.0,0.0,0.0,0.0,0.0,0.0,0.0,0.0,0.0,0.0,738.2,151.20000000000002,3.0,0.0,0.0,0.0,908.0,2857.0,0.0,53.6,1.0,0.0,825.6,0.0,0.0,0.7000000000000001,13.0,0.0,41.0,0.0,51.8,51.8,350.0,825.6,-50.0,0.0,0.0,0.0,0.0,400.0,0.0,0.0,0.0,0.0,0.0,0.0,69.0,742.9000000000001,4.44,,,,0.0,,,0.62825474605247,0.6220344020321485,-3.376877277170532,0.0020118110779647,-2.0982936105927306,3.65981,0.0,,0.9999999999999984,10.0,9.000000000000002,9.000000000000002,,,,,12.5,18.000000000000004,9.000000000000002,8.0,,,,,54.08999999999997
464.0,13.6,31.9,741.6,0.0,0.0,0.0,23.0,48.2,50.0,50.0,50.0,50.0,23.65704,48.2,60.8,11299.238333333333,40677258.0,0.0,0.0,5.15,4.12,3.8625,25036.1,24773.8,18453.8,17866.4,1900.0,1243.0,1289.0,0.0,741.0,2302.0,3.86,16.0,3.84,154.0,0.0,11299.2383333333,0.0,68.5,149.9,51.8,50.0,112.1,96.8,69.80000000000001,34.7,-0.9699999999999704,99.0,13.945,740.2,53.12,14.26,0.0,0.0,0.0,0.0,0.0,0.0,0.0,0.0,0.0,0.0,0.0,738.2,151.20000000000002,3.0,0.0,0.0,0.0,908.0,2857.0,0.0,53.6,1.0,0.0,825.6,0.0,0.0,0.7000000000000001,13.0,0.0,41.0,0.0,51.8,51.8,350.0,825.6,-50.0,0.0,0.0,0.0,0.0,400.0,0.0,0.0,0.0,0.0,0.0,0.0,69.0,742.9000000000001,4.44,37.206555,13.9414533,15.526587664187328,0.0,1.517793585460908,29.906786864710096,0.6419578962172973,0.6356018774428686,-3.376877277170532,0.01356747541072,-2.0982936105927306,23.65704,0.0,-0.0514654828446892,0.9999999999999984,10.0,9.000000000000002,9.000000000000002,65.5,21.000000000000007,91.0,1.5000000000000016,12.5,18.000000000000004,9.000000000000002,8.0,18.94907373749801,15.996579972957925,2.4421286336895136,117.66545943191758,54.08999999999997
465.0,13.6,31.9,741.6,0.0,0.0,0.0,23.0,48.2,50.0,50.0,50.0,50.0,23.65704,48.2,60.8,11299.238333333333,40677258.0,0.0,0.0,5.15,4.12,3.8625,25036.1,24773.8,18453.8,17866.4,1900.0,1243.0,1289.0,0.0,741.0,2302.0,3.86,16.0,3.84,154.0,0.0,11299.2383333333,0.0,68.5,149.9,51.8,50.0,112.1,96.8,69.80000000000001,34.7,-0.9699999999999704,99.0,13.945,740.2,53.12,14.26,0.0,0.0,0.0,0.0,0.0,0.0,0.0,0.0,0.0,0.0,0.0,735.8000000000001,151.20000000000002,3.0,0.0,0.0,0.0,908.0,2857.0,0.0,53.6,1.0,0.0,825.6,0.0,0.0,0.7000000000000001,13.0,0.0,41.0,0.0,51.8,51.8,350.0,825.6,-50.0,0.0,0.0,0.0,0.0,400.0,0.0,0.0,0.0,0.0,0.0,0.0,69.0,740.4000000000001,4.443,37.206555,13.9414533,15.526587664187328,0.0,1.517793585460908,29.906786864710096,0.6419578962172973,0.6356018774428686,,0.01356747541072,,23.65704,0.0,-0.0514654828446892,0.9999999999999984,10.0,9.000000000000002,9.000000000000002,65.5,21.000000000000007,91.0,1.5000000000000016,12.5,18.000000000000004,9.000000000000002,8.0,18.94907373749801,15.996579972957925,2.4421286336895136,117.66545943191758,54.08999999999997
466.0,13.6,43.7,739.3,0.0,0.0,0.0,23.0,48.2,50.0,50.0,50.0,50.0,32.30741,48.2,60.8,11299.238888888887,40677260.0,0.0,0.0,5.13402777777778,4.10722222222222,3.85052083333333,25036.1,24773.8,18453.8,17866.5,1900.0,2002.0,1987.0,0.0,739.0,2302.0,3.84,16.0,3.84,154.0,0.0,11299.2388888889,0.0,68.5,149.0,51.8,50.0,112.1,96.8,69.80000000000001,34.7,0.3899999999999863,99.0,13.962,734.4000000000001,52.48,14.271,0.0,0.0,0.0,0.0,0.0,0.0,0.0,0.0,0.0,0.0,0.0,735.8000000000001,40.0,3.0,0.0,0.0,0.0,908.0,2857.0,0.0,53.6,1.0,0.0,825.6,0.0,0.0,0.7000000000000001,13.0,0.0,41.0,0.0,51.8,51.8,350.0,825.6,-50.0,0.0,0.0,0.0,0.0,400.0,0.0,0.0,0.0,0.0,0.0,0.0,69.0,740.4000000000001,4.443,37.206555,13.9414533,15.526587664187328,0.0,1.517793585460908,29.906786864710096,0.6586282549193552,0.6521071830884705,1.584066205757038,0.0165053056456019,0.9842928023374564,32.30741,0.0,-0.0514654828446892,0.9999999999999984,10.0,9.000000000000002,9.000000000000002,65.0,21.000000000000007,90.0,1.5000000000000016,12.5,18.000000000000004,9.000000000000002,8.0,18.94907373749801,15.996579972957925,2.4421286336895136,117.66545943191758,52.09000000000001
467.0,13.6,43.7,739.3,0.0,0.0,0.0,23.0,48.2,50.0,50.0,50.0,50.0,32.30741,48.2,60.8,11299.238888888887,40677260.0,0.0,0.0,5.13402777777778,4.10722222222222,3.85052083333333,25036.1,24773.8,18453.8,17866.5,1880.0,2002.0,1987.0,0.0,739.0,2302.0,3.84,16.0,3.84,154.0,0.0,11299.2388888889,0.0,68.5,149.0,51.8,50.0,112.1,96.8,69.80000000000001,34.7,0.3899999999999863,99.0,13.962,734.4000000000001,52.48,14.271,0.0,0.0,0.0,0.0,0.0,0.0,0.0,0.0,0.0,0.0,0.0,733.7,40.0,3.0,0.0,0.0,0.0,908.0,2857.0,0.0,53.6,1.0,0.0,825.6,0.0,0.0,0.7000000000000001,13.0,0.0,41.0,0.0,51.8,51.8,350.0,825.6,-50.0,0.0,0.0,0.0,0.0,400.0,0.0,0.0,0.0,0.0,0.0,0.0,69.0,737.7,4.441,37.206555,13.9414533,15.526587664187328,0.0,1.517793585460908,29.906786864710096,0.6586282549193552,0.6521071830884705,1.584066205757038,0.0165053056456019,0.9842928023374564,32.30741,0.0,-0.0514654828446892,0.9999999999999984,10.0,9.000000000000002,9.000000000000002,65.0,21.000000000000007,90.0,1.5000000000000016,12.5,18.000000000000004,9.000000000000002,8.0,18.94907373749801,15.996579972957925,2.4421286336895136,117.66545943191758,52.09000000000001
468.0,13.5,50.5,737.5,0.0,0.0,0.0,23.0,48.2,50.0,50.0,50.0,50.0,37.24375,48.2,60.8,11299.239444444444,40677262.0,0.0,0.0,5.12152777777778,4.09722222222222,3.84114583333333,25036.1,24773.8,18453.8,17866.5,1880.0,2744.0,731.0,0.0,737.0,2302.0,3.84,16.0,3.82,154.0,0.0,11299.2394444444,0.0,68.5,149.0,51.8,50.0,112.1,96.8,69.80000000000001,34.7,-0.1899999999999977,99.0,13.954,734.4000000000001,53.23,14.264,0.0,0.0,0.0,0.0,0.0,0.0,0.0,0.0,0.0,0.0,0.0,733.7,10.1,3.0,0.0,0.0,0.0,908.0,2857.0,0.0,53.6,1.0,0.0,825.6,0.0,0.0,0.7000000000000001,13.0,0.0,41.0,0.0,51.8,51.8,350.0,825.6,-50.0,0.0,0.0,0.0,0.0,400.0,0.0,0.0,0.0,0.0,0.0,0.0,69.0,737.7,4.441,27.8805025,13.9614736,15.526587664187328,0.0,1.517793585460908,29.906786864710096,0.6793192990323603,0.6725933653785746,0.4296022822621245,0.0204861822901041,0.2669423997314986,37.24375,0.0,-0.0514654828446892,0.9999999999999984,10.0,9.000000000000002,9.000000000000002,65.0,21.000000000000007,90.0,1.5000000000000016,12.5,18.000000000000004,9.000000000000002,8.0,37.78879585408713,15.996579972957925,2.4421286336895136,117.66545943191758,53.419999999999995
469.0,13.5,50.5,737.5,0.0,0.0,0.0,23.0,48.2,50.0,50.0,50.0,50.0,37.24375,48.2,60.8,11299.239444444444,40677262.0,0.0,0.0,5.12152777777778,4.09722222222222,3.84114583333333,25036.1,24773.8,18453.8,17866.5,1880.0,2744.0,731.0,0.0,737.0,2302.0,3.84,16.0,3.82,154.0,0.0,11299.2394444444,0.0,68.5,149.0,,,,,,,-0.1899999999999977,99.0,13.954,734.4000000000001,53.23,14.264,0.0,0.0,0.0,0.0,0.0,0.0,0.0,0.0,0.0,0.0,0.0,735.9000000000001,10.1,3.0,0.0,0.0,0.0,908.0,2857.0,0.0,53.6,1.0,0.0,825.6,0.0,0.0,0.7000000000000001,13.0,0.0,41.0,0.0,51.8,51.8,350.0,825.6,-50.0,0.0,0.0,0.0,0.0,400.0,0.0,0.0,0.0,0.0,0.0,0.0,69.0,738.1,4.441,27.8805025,13.9614736,,0.0,,,0.6793192990323603,0.6725933653785746,0.4296022822621245,0.0204861822901041,0.2669423997314986,37.24375,0.0,,0.9999999999999984,10.0,9.000000000000002,9.000000000000002,65.0,,90.0,,12.5,18.000000000000004,9.000000000000002,8.0,37.78879585408713,,,,53.419999999999995
470.0,13.6,43.4,738.3,0.0,0.0,0.0,23.0,48.2,50.0,50.0,50.0,50.0,32.04222,48.2,60.8,11299.24,40677264.0,0.0,0.0,5.12708333333333,4.10166666666667,3.8453125,25036.1,24773.8,18453.8,17866.5,1880.0,3353.0,159.0,0.0,738.0,2272.0,3.84,16.0,3.82,102.0,0.0,11299.24,0.0,68.5,149.0,,,,,,,1.670000000000016,99.0,13.985,735.1,46.39,14.261,0.0,0.0,0.0,0.0,0.0,0.0,0.0,0.0,0.0,0.0,0.0,735.9000000000001,10.1,3.0,0.0,0.0,0.0,908.0,2857.0,0.0,53.6,1.0,0.0,825.6,0.0,0.0,0.7000000000000001,13.0,0.0,41.0,0.0,51.8,51.8,350.0,825.6,-50.0,0.0,0.0,0.0,0.0,400.0,0.0,0.0,0.0,0.0,0.0,0.0,69.0,738.1,4.441,27.8805025,13.9614736,,0.0,,,0.6988998743049892,0.6919800735692963,0.4296022822621245,0.0193867081907216,0.2669423997314986,32.04222,0.0,,0.9999999999999984,10.0,9.000000000000002,9.000000000000002,65.0,,90.0,,12.5,18.000000000000004,9.000000000000002,8.0,37.78879585408713,,,,44.719999999999985
471.0,13.6,43.4,738.3,0.0,0.0,0.0,23.0,48.2,50.0,50.0,50.0,50.0,32.04222,48.2,60.8,11299.24,40677264.0,0.0,0.0,5.12708333333333,4.10166666666667,3.8453125,25036.1,24773.8,18453.8,17866.5,1880.0,3353.0,159.0,0.0,738.0,2272.0,3.84,16.0,3.82,102.0,0.0,11299.24,0.0,68.5,,,,,,,,1.670000000000016,99.0,13.985,735.1,46.39,14.261,0.0,0.0,0.0,0.0,0.0,0.0,0.0,0.0,0.0,0.0,0.0,735.9000000000001,-7.1000000000000005,3.0,0.0,0.0,0.0,908.0,2857.0,0.0,53.6,1.0,0.0,825.6,0.0,0.0,0.7000000000000001,13.0,0.0,41.0,0.0,51.8,51.8,350.0,825.6,-50.0,0.0,0.0,0.0,0.0,400.0,0.0,0.0,0.0,0.0,0.0,0.0,69.0,739.4000000000001,4.441,27.8805025,13.9614736,,0.0,,,0.6988998743049892,0.6919800735692963,0.4296022822621245,0.0193867081907216,0.2669423997314986,32.04222,0.0,,0.9999999999999984,10.0,9.000000000000002,9.000000000000002,,,,,12.5,18.000000000000004,9.000000000000002,8.0,37.78879585408713,,,,44.719999999999985
472.0,13.6,33.6,739.9,0.0,0.0,0.0,23.0,48.2,50.0,50.0,50.0,50.0,24.86064,48.2,60.8,11299.240555555556,40677266.0,0.0,0.0,5.13819444444444,4.11055555555556,3.85364583333333,25036.1,24773.8,18453.8,17866.5,1880.0,3761.0,0.0,0.0,740.0,2272.0,3.86,16.0,3.84,154.0,0.0,11299.2405555556,0.0,68.5,,,,,,,,0.8899999999999864,99.0,13.987,736.0,42.56,14.25,0.0,0.0,0.0,0.0,0.0,0.0,0.0,0.0,0.0,0.0,0.0,736.3000000000001,-7.1000000000000005,3.0,0.0,0.0,0.0,908.0,2857.0,0.0,53.6,1.0,0.0,825.6,0.0,0.0,0.7000000000000001,13.0,0.0,41.0,0.0,51.8,51.8,350.0,825.6,-50.0,0.0,0.0,0.0,0.0,400.0,0.0,0.0,0.0,0.0,0.0,0.0,69.0,739.4000000000001,4.441,27.8805025,13.9614736,,0.0,,,0.7148940164802284,0.7078158579012163,0.4296022822621245,0.01583578433192,0.2669423997314986,24.86064,0.0,,0.9999999999999984,10.0,9.000000000000002,9.000000000000002,,,,,12.5,18.000000000000004,9.000000000000002,8.0,37.78879585408713,,,,41.670000000000016
473.0,13.6,33.6,739.9,0.0,0.0,0.0,23.0,48.2,50.0,50.0,50.0,50.0,24.86064,48.2,60.8,11299.240555555556,40677266.0,0.0,0.0,5.13819444444444,4.11055555555556,3.85364583333333,25036.1,24773.8,18453.8,17866.5,1880.0,3761.0,0.0,0.0,740.0,2272.0,3.86,16.0,3.84,154.0,0.0,11299.2405555556,0.0,68.5,,,,,,,,0.8899999999999864,99.0,13.987,736.0,42.56,14.25,0.0,0.0,0.0,0.0,0.0,0.0,0.0,0.0,0.0,0.0,0.0,736.3000000000001,-9.8,3.0,0.0,0.0,0.0,908.0,2857.0,0.0,53.6,1.0,0.0,825.6,0.0,0.0,0.7000000000000001,13.0,0.0,41.0,0.0,51.8,51.8,350.0,825.6,-50.0,0.0,0.0,0.0,0.0,400.0,0.0,0.0,0.0,0.0,0.0,0.0,69.0,739.3000000000001,4.442,27.8805025,13.9614736,,0.0,,,0.7148940164802284,0.7078158579012163,0.4296022822621245,0.01583578433192,0.2669423997314986,24.86064,0.0,,0.9999999999999984,10.0,9.000000000000002,9.000000000000002,,,,,12.5,18.000000000000004,9.000000000000002,8.0,37.78879585408713,,,,41.670000000000016
474.0,13.6,39.4,738.7,0.0,0.0,0.0,23.0,48.2,50.0,50.0,50.0,50.0,29.10478,48.2,60.8,11299.24111111111,40677268.0,0.0,0.0,5.12986111111111,4.10388888888889,3.84739583333333,25036.1,24773.8,18453.8,17866.5,1880.0,4063.0,0.0,0.0,738.0,2272.0,3.84,16.0,3.82,154.0,0.0,11299.2411111111,0.0,68.5,151.7,51.8,50.0,113.9,96.8,69.80000000000001,34.7,0.8899999999999864,99.0,13.987,736.0,42.56,14.25,0.0,0.0,0.0,0.0,0.0,0.0,0.0,0.0,0.0,0.0,0.0,735.5,-9.8,3.0,0.0,0.0,0.0,908.0,2857.0,0.0,53.6,1.0,0.0,825.6,0.0,0.0,0.7000000000000001,13.0,0.0,41.0,0.0,51.8,51.8,350.0,825.6,-50.0,0.0,0.0,0.0,0.0,400.0,0.0,0.0,0.0,0.0,0.0,0.0,69.0,739.3000000000001,4.442,,,16.000469060186592,0.0,1.6095601686152867,29.998553447864474,0.730743800176716,0.7235087130462535,,0.0156928551450372,,29.10478,0.0,,0.9999999999999984,10.0,9.000000000000002,9.000000000000002,66.5,21.000000000000007,94.0,1.5000000000000016,12.5,18.000000000000004,9.000000000000002,7.000000000000001,,51.98888491211326,2.5897810281041185,117.81311186421297,41.670000000000016
475.0,13.6,39.4,738.7,0.0,0.0,0.0,23.0,48.2,50.0,50.0,50.0,50.0,29.10478,48.2,60.8,11299.24111111111,40677268.0,0.0,0.0,5.12986111111111,4.10388888888889,3.84739583333333,25036.1,24773.8,18453.8,17866.5,1880.0,4063.0,0.0,0.0,738.0,2272.0,3.84,16.0,3.82,154.0,0.0,11299.2411111111,0.0,68.5,151.7,51.8,50.0,113.9,96.8,69.80000000000001,34.7,0.8899999999999864,99.0,13.987,736.0,42.56,14.25,0.0,0.0,0.0,0.0,0.0,0.0,0.0,0.0,0.0,0.0,0.0,735.5,-9.8,3.0,0.0,0.0,0.0,908.0,2857.0,0.0,53.6,1.0,0.0,825.6,0.0,0.0,0.7000000000000001,13.0,0.0,41.0,0.0,51.8,51.8,350.0,825.6,-50.0,0.0,0.0,0.0,0.0,400.0,0.0,0.0,0.0,0.0,0.0,0.0,69.0,738.7,4.441,22.7047875,13.960497,16.000469060186592,0.0,1.6095601686152867,29.998553447864474,0.730743800176716,0.7235087130462535,,0.0156928551450372,,29.10478,0.0,,0.9999999999999984,10.0,9.000000000000002,9.000000000000002,66.5,21.000000000000007,94.0,1.5000000000000016,12.5,18.000000000000004,9.000000000000002,7.000000000000001,52.41066973561898,51.98888491211326,2.5897810281041185,117.81311186421297,41.670000000000016
476.0,13.6,37.1,738.9,0.0,0.0,0.0,23.0,48.2,50.0,50.0,50.0,50.0,27.41319,48.2,60.8,11299.241666666669,40677270.0,0.0,0.0,5.13125,4.105,3.8484375,25036.1,24773.9,18453.8,17866.5,1880.0,4323.0,0.0,0.0,739.0,2272.0,3.84,16.0,3.84,154.0,0.0,11299.2416666667,0.0,68.5,152.60000000000002,51.8,50.0,113.9,96.8,69.80000000000001,34.7,1.1299999999999957,99.0,13.986,735.8000000000001,41.74,14.245,0.0,0.0,0.0,0.0,0.0,0.0,0.0,0.0,0.0,0.0,0.0,735.1,-2.1,3.0,0.0,0.0,0.0,908.0,2857.0,0.0,53.6,1.0,0.0,825.6,0.0,0.0,0.7000000000000001,13.0,0.0,41.0,0.0,51.8,51.8,350.0,825.6,-50.0,0.0,0.0,0.0,0.0,400.0,0.0,0.0,0.0,0.0,0.0,0.0,69.0,738.7,4.441,22.7047875,13.960497,16.000469060186592,0.0,1.6095601686152867,29.998553447864474,0.7451249904850054,0.7377475153316885,8.401838397612313,0.014238802285435,5.2206587269627605,27.41319,0.0,,0.9999999999999984,10.0,9.000000000000002,9.000000000000002,67.00000000000001,21.000000000000007,95.0,1.5000000000000016,12.5,18.000000000000004,9.000000000000002,7.000000000000001,52.41066973561898,51.98888491211326,2.5897810281041185,117.81311186421297,40.61000000000001
477.0,13.6,37.1,738.9,0.0,0.0,0.0,23.0,48.2,50.0,50.0,50.0,50.0,27.41319,48.2,60.8,11299.241666666669,40677270.0,0.0,0.0,5.13125,4.105,3.8484375,25036.1,24773.9,18453.8,17866.5,1880.0,4323.0,0.0,0.0,739.0,2272.0,3.84,16.0,3.84,154.0,0.0,11299.2416666667,0.0,68.5,152.60000000000002,51.8,50.0,113.9,96.8,69.80000000000001,34.7,1.1299999999999957,99.0,13.986,735.8000000000001,41.74,14.245,0.0,0.0,0.0,0.0,0.0,0.0,0.0,0.0,0.0,0.0,0.0,735.1,-2.1,3.0,0.0,0.0,0.0,908.0,2857.0,0.0,53.6,1.0,0.0,825.6,0.0,0.0,0.7000000000000001,13.0,0.0,41.0,0.0,51.8,51.8,350.0,825.6,-50.0,0.0,0.0,0.0,0.0,400.0,0.0,0.0,0.0,0.0,0.0,0.0,69.0,740.3000000000001,4.442,22.7047875,13.960497,16.000469060186592,0.0,1.6095601686152867,29.998553447864474,0.7451249904850054,0.7377475153316885,8.401838397612313,0.014238802285435,5.2206587269627605,27.41319,0.0,,0.9999999999999984,10.0,9.000000000000002,9.000000000000002,67.00000000000001,21.000000000000007,95.0,1.5000000000000016,12.5,18.000000000000004,9.000000000000002,7.000000000000001,52.41066973561898,51.98888491211326,2.5897810281041185,117.81311186421297,40.61000000000001
478.0,13.5,24.9,741.1,0.0,0.0,0.0,23.0,48.2,50.0,50.0,50.0,50.0,18.45339,48.2,60.8,11299.242222222225,40677272.0,0.0,0.0,5.14652777777778,4.11722222222222,3.85989583333333,25036.1,24773.9,18453.8,17866.5,1880.0,4496.0,0.0,0.0,741.0,2272.0,3.86,16.0,3.84,154.0,0.0,11299.2422222222,0.0,68.5,152.60000000000002,51.8,50.0,113.9,96.8,69.80000000000001,34.7,1.1299999999999957,99.0,13.986,735.8000000000001,41.74,14.245,0.0,0.0,0.0,0.0,0.0,0.0,0.0,0.0,0.0,0.0,0.0,738.4000000000001,2.4000000000000004,3.0,0.0,0.0,0.0,908.0,2857.0,0.0,53.6,1.0,0.0,825.6,0.0,0.0,0.7000000000000001,13.0,0.0,41.0,0.0,51.8,51.8,350.0,825.6,-50.0,0.0,0.0,0.0,0.0,400.0,0.0,0.0,0.0,0.0,0.0,0.0,69.0,740.3000000000001,4.442,17.2361075,13.960497,16.000469060186592,0.0,1.6095601686152867,29.998553447864474,0.7554263667227363,0.7479468977452834,2.817910421879124,0.010199382413595,1.7509678167534533,18.45339,0.0,,0.9999999999999984,10.0,9.000000000000002,9.000000000000002,67.00000000000001,21.000000000000007,96.0,1.5000000000000016,12.5,18.000000000000004,9.000000000000002,7.000000000000001,57.47208761768769,51.98888491211326,2.5897810281041185,117.81311186421297,40.61000000000001
479.0,13.5,24.9,741.1,0.0,0.0,0.0,23.0,48.2,50.0,50.0,50.0,50.0,18.45339,48.2,60.8,11299.242222222225,40677272.0,0.0,0.0,5.14652777777778,4.11722222222222,3.85989583333333,25036.1,24773.9,18453.8,17866.5,1880.0,4496.0,0.0,0.0,741.0,2272.0,3.86,16.0,3.84,154.0,0.0,11299.2422222222,0.0,68.5,152.60000000000002,,,,,,,1.1299999999999957,99.0,13.986,735.8000000000001,41.74,14.245,0.0,0.0,0.0,0.0,0.0,0.0,0.0,0.0,0.0,0.0,0.0,738.0,2.4000000000000004,3.0,0.0,0.0,0.0,908.0,2857.0,0.0,53.6,1.0,0.0,825.6,0.0,0.0,0.7000000000000001,13.0,0.0,41.0,0.0,51.8,51.8,350.0,825.6,-50.0,0.0,0.0,0.0,0.0,400.0,0.0,0.0,0.0,0.0,0.0,0.0,69.0,741.3000000000001,4.437,17.2361075,13.960497,,0.0,,,0.7554263667227363,0.7479468977452834,2.817910421879124,0.010199382413595,1.7509678167534533,18.45339,0.0,,0.9999999999999984,10.0,9.000000000000002,9.000000000000002,67.00000000000001,,96.0,,12.5,18.000000000000004,9.000000000000002,7.000000000000001,57.47208761768769,,,,40.61000000000001
480.0,13.6,23.0,741.3,0.0,0.0,0.0,23.0,48.2,50.0,50.0,50.0,50.0,17.0499,48.2,60.8,11299.242777777778,40677274.0,0.0,0.0,5.14791666666667,4.11833333333333,3.8609375,25036.1,24773.9,18453.8,17866.5,1880.0,4598.0,0.0,0.0,741.0,2334.0,3.86,16.0,3.84,154.0,0.0,11299.2427777778,0.0,68.5,153.5,,,,,,,1.1299999999999957,99.0,13.986,735.8000000000001,41.74,14.245,0.0,0.0,0.0,0.0,0.0,0.0,0.0,0.0,0.0,0.0,0.0,738.0,2.4000000000000004,3.0,0.0,0.0,0.0,908.0,2857.0,0.0,53.6,1.0,0.0,825.6,0.0,0.0,0.7000000000000001,13.0,0.0,41.0,0.0,51.8,51.8,350.0,825.6,-50.0,0.0,0.0,0.0,0.0,400.0,0.0,0.0,0.0,0.0,0.0,0.0,69.0,741.3000000000001,4.437,16.60135,13.9497544,,0.0,,,0.7644288861361984,0.7568602833031668,2.817910421879124,0.0089133855578833,1.7509678167534533,17.049899999999997,0.0,,0.9999999999999984,10.0,9.000000000000002,9.000000000000002,67.5,,96.0,,12.5,18.000000000000004,9.000000000000002,7.000000000000001,58.76868540846456,,,,40.61000000000001
481.0,13.6,23.0,741.3,0.0,0.0,0.0,23.0,48.2,50.0,50.0,50.0,50.0,17.0499,48.2,60.8,11299.242777777778,40677274.0,0.0,0.0,5.14791666666667,4.11833333333333,3.8609375,25036.1,24773.9,18453.8,17866.5,1880.0,4598.0,0.0,0.0,741.0,2334.0,3.86,16.0,3.84,154.0,0.0,11299.2427777778,0.0,68.5,153.5,,,,,,,,,,,,,0.0,0.0,0.0,0.0,0.0,0.0,0.0,0.0,0.0,0.0,0.0,738.7,2.4000000000000004,3.0,0.0,0.0,0.0,908.0,2857.0,0.0,53.6,1.0,0.0,825.6,0.0,0.0,0.7000000000000001,13.0,0.0,41.0,0.0,51.8,51.8,350.0,825.6,-50.0,0.0,0.0,0.0,0.0,400.0,0.0,0.0,0.0,0.0,0.0,0.0,69.0,741.8000000000001,4.44,16.60135,13.9497544,,0.0,,,0.7644288861361984,0.7568602833031668,2.817910421879124,0.0089133855578833,1.7509678167534533,17.049899999999997,0.0,,0.9999999999999984,10.0,9.000000000000002,9.000000000000002,67.5,,96.0,,,,9.000000000000002,7.000000000000001,58.76868540846456,,,,
482.0,13.6,16.6,741.8,0.0,0.0,0.0,23.0,48.2,50.0,50.0,50.0,50.0,12.31388,48.2,60.8,11299.243333333334,40677276.0,0.0,0.0,5.15138888888889,4.12111111111111,3.86354166666667,25036.1,24773.9,18453.8,17866.6,1880.0,4662.0,0.0,0.0,742.0,2334.0,3.86,16.0,3.86,154.0,0.0,11299.2433333333,0.0,68.5,153.5,50.900000000000006,50.0,114.8,97.7,69.80000000000001,34.7,,,,,,,0.0,0.0,0.0,0.0,0.0,0.0,0.0,0.0,0.0,0.0,0.0,738.7,2.4000000000000004,3.0,0.0,0.0,0.0,908.0,2857.0,0.0,53.6,1.0,0.0,825.6,0.0,0.0,0.7000000000000001,13.0,0.0,41.0,0.0,51.8,51.8,350.0,825.6,-50.0,0.0,0.0,0.0,0.0,400.0,0.0,0.0,0.0,0.0,0.0,0.0,69.0,741.8000000000001,4.44,14.25763,13.950731,16.428471378041294,0.0,1.6875745645430684,30.076567843792255,0.7708996414241364,0.7632669717070657,2.817910421879124,0.0064066884038988,1.7509678167534533,12.31388,0.0,,0.9999999999999984,10.0,9.000000000000002,9.000000000000002,67.5,21.000000000000007,96.0,1.5000000000000016,,,9.000000000000002,7.000000000000001,59.44041679404776,58.987388650282355,2.715306410716088,117.9386370272608,
483.0,13.6,12.5,743.3,0.0,0.0,0.0,23.0,48.2,50.0,50.0,50.0,50.0,9.29125,48.2,60.8,11299.243888888888,40677278.0,0.0,0.0,5.16180555555556,4.12944444444444,3.87135416666667,25036.1,24773.9,18453.8,17866.6,1880.0,4666.0,0.0,0.0,743.0,2334.0,3.86,16.0,3.86,154.0,0.0,11299.2438888889,0.0,68.5,153.5,50.900000000000006,50.0,114.8,97.7,69.80000000000001,34.7,,,,,,,0.0,0.0,0.0,0.0,0.0,0.0,0.0,0.0,0.0,0.0,0.0,739.9000000000001,,,0.0,0.0,0.0,908.0,2857.0,0.0,53.6,1.0,0.0,825.6,0.0,0.0,0.7000000000000001,13.0,0.0,41.0,0.0,51.8,51.8,350.0,825.6,-50.0,0.0,0.0,0.0,0.0,400.0,0.0,0.0,0.0,0.0,0.0,0.0,69.0,742.6,4.441,14.25763,13.950731,16.428471378041294,0.0,1.6875745645430684,30.076567843792255,0.775738874422943,0.7680582915078643,19.194284419226456,0.0047913198007986,11.926771703859162,9.29125,0.0,,0.9999999999999984,10.0,9.000000000000002,9.000000000000002,67.5,21.000000000000007,98.0,1.5000000000000016,,,8.0,7.000000000000001,59.44041679404776,58.987388650282355,2.715306410716088,117.9386370272608,
484.0,13.6,12.5,743.3,0.0,0.0,0.0,23.0,48.2,50.0,50.0,50.0,50.0,9.29125,48.2,60.8,11299.243888888888,40677278.0,0.0,0.0,5.16180555555556,4.12944444444444,3.87135416666667,25036.1,24773.9,18453.8,17866.6,1880.0,4666.0,0.0,0.0,743.0,2334.0,3.86,16.0,3.86,154.0,0.0,11299.2438888889,0.0,68.5,153.5,50.900000000000006,50.0,114.8,97.7,69.80000000000001,34.7,-0.3499999999999659,99.0,13.971,739.2,42.59,14.224,0.0,0.0,0.0,0.0,0.0,0.0,0.0,0.0,0.0,0.0,0.0,739.9000000000001,4.5,3.0,0.0,0.0,0.0,908.0,2857.0,0.0,53.6,1.0,0.0,825.6,0.0,0.0,0.7000000000000001,13.0,0.0,41.0,0.0,51.8,51.8,350.0,825.6,-50.0,0.0,0.0,0.0,0.0,400.0,0.0,0.0,0.0,0.0,0.0,0.0,69.0,742.6,4.441,14.25763,13.950731,16.52863914146308,0.0,1.7063120128449851,30.09530529209417,0.775738874422943,0.7680582915078643,19.194284419226456,0.0047913198007986,11.926771703859162,9.29125,0.0,,0.9999999999999984,10.0,9.000000000000002,9.000000000000002,67.5,21.000000000000007,98.0,1.5000000000000016,12.5,17.0,8.0,7.000000000000001,59.44041679404776,58.987388650282355,2.745454530793378,117.96878558157857,42.93999999999997
485.0,13.6,16.2,742.8,0.0,0.0,0.0,23.0,48.2,50.0,50.0,50.0,50.0,12.03336,48.2,60.8,11299.244444444445,40677280.0,0.0,0.0,5.15833333333333,4.12666666666667,3.86875,25036.1,24773.9,18453.8,17866.6,1880.0,4634.0,0.0,0.0,743.0,2334.0,3.86,16.0,3.86,102.0,0.0,11299.2444444444,0.0,68.5,153.5,50.900000000000006,50.0,114.8,97.7,69.80000000000001,34.7,-0.3499999999999659,99.0,13.971,739.2,42.59,14.224,0.0,0.0,0.0,0.0,0.0,0.0,0.0,0.0,0.0,0.0,0.0,739.9000000000001,4.5,3.0,0.0,0.0,0.0,908.0,2857.0,0.0,53.6,1.0,0.0,825.6,0.0,0.0,0.7000000000000001,13.0,0.0,41.0,0.0,51.8,51.8,350.0,825.6,-50.0,0.0,0.0,0.0,0.0,400.0,0.0,0.0,0.0,0.0,0.0,0.0,69.0,745.1,4.441,14.25763,13.950731,16.52863914146308,0.0,1.7063120128449851,30.09530529209417,0.7826348524881698,0.7748859925625443,4.903036225958503,0.0068277010546799,3.046604522760061,12.033359999999998,0.0,,0.9999999999999984,10.0,9.000000000000002,9.000000000000002,67.5,21.000000000000007,98.0,1.5000000000000016,12.5,17.0,8.0,7.000000000000001,59.44041679404776,58.987388650282355,2.745454530793378,117.96878558157857,42.93999999999997
486.0,13.6,16.2,742.8,0.0,0.0,0.0,23.0,48.2,50.0,50.0,50.0,50.0,12.03336,48.2,60.8,11299.244444444445,40677280.0,0.0,0.0,5.15833333333333,4.12666666666667,3.86875,25036.1,24773.9,18453.8,17866.6,1880.0,4634.0,0.0,0.0,743.0,2334.0,3.86,16.0,3.86,102.0,0.0,11299.2444444444,0.0,68.5,154.4,50.900000000000006,50.0,115.7,97.7,68.9,34.7,-0.3499999999999659,99.0,13.971,739.2,42.59,14.224,0.0,0.0,0.0,0.0,0.0,0.0,0.0,0.0,0.0,0.0,0.0,739.9000000000001,4.5,3.0,0.0,0.0,0.0,908.0,2857.0,0.0,53.6,1.0,0.0,825.6,0.0,0.0,0.7000000000000001,13.0,0.0,41.0,0.0,51.8,51.8,350.0,825.6,-50.0,0.0,0.0,0.0,0.0,400.0,0.0,0.0,0.0,0.0,0.0,0.0,69.0,745.1,4.441,0.0,13.9614736,16.634176948189136,0.0,1.7265463443490017,30.11553962359819,0.7826348524881698,0.7748859925625443,4.903036225958503,0.0068277010546799,3.046604522760061,12.033359999999998,0.0,,0.9999999999999984,10.0,9.000000000000002,9.000000000000002,68.0,20.500000000000004,98.0,1.5000000000000016,12.5,17.0,8.0,7.000000000000001,59.04987529080171,57.98760240197246,2.778011412439289,118.00134262096853,42.93999999999997
487.0,13.6,16.3,742.7,0.0,0.0,0.0,23.0,48.2,50.0,50.0,50.0,50.0,12.10601,48.2,60.8,11299.245,40677282.0,0.0,0.0,5.15763888888889,4.12611111111111,3.86822916666667,25036.1,24773.9,18453.8,17866.6,1880.0,4679.0,0.0,0.0,742.0,2329.0,3.86,16.0,3.86,154.0,0.0,11299.245,0.0,68.5,155.3,50.900000000000006,50.0,115.7,97.7,68.9,34.7,-0.3499999999999659,99.0,13.971,739.2,42.59,14.224,0.0,0.0,0.0,0.0,0.0,0.0,0.0,0.0,0.0,0.0,0.0,740.5,4.5,3.0,0.0,0.0,0.0,908.0,2857.0,0.0,53.6,1.0,0.0,825.6,0.0,0.0,0.7000000000000001,13.0,0.0,41.0,0.0,51.8,51.8,350.0,825.6,-50.0,0.0,0.0,0.0,0.0,400.0,0.0,0.0,0.0,0.0,0.0,0.0,69.0,742.5,4.44,0.0,13.9614736,16.634176948189136,0.0,1.7265463443490017,30.11553962359819,0.7892240888328679,0.7814099889434335,4.7910087634158565,0.0065239963808891,2.976993906332474,12.10601,0.0,,0.9999999999999984,10.0,9.000000000000002,9.000000000000002,68.5,20.500000000000004,99.0,1.5000000000000016,12.5,17.0,8.0,7.000000000000001,59.04987529080171,57.98760240197246,2.778011412439289,118.00134262096853,42.93999999999997
488.0,13.6,16.3,742.7,0.0,0.0,0.0,23.0,48.2,50.0,50.0,50.0,50.0,12.10601,48.2,60.8,11299.245,40677282.0,0.0,0.0,5.15763888888889,4.12611111111111,3.86822916666667,25036.1,24773.9,18453.8,17866.6,1880.0,4679.0,0.0,0.0,742.0,2329.0,3.86,16.0,3.86,154.0,0.0,11299.245,0.0,68.5,155.3,50.900000000000006,50.0,115.7,97.7,68.9,34.7,1.2800000000000296,99.0,13.992,739.9000000000001,37.93,14.212,0.0,0.0,0.0,0.0,0.0,0.0,0.0,0.0,0.0,0.0,0.0,740.5,-2.8000000000000003,3.0,0.0,0.0,0.0,908.0,2857.0,0.0,53.6,1.0,0.0,825.6,0.0,0.0,0.7000000000000001,13.0,0.0,41.0,0.0,51.8,51.8,350.0,825.6,-50.0,0.0,0.0,0.0,0.0,400.0,0.0,0.0,0.0,0.0,0.0,0.0,69.0,742.5,4.44,0.0,13.960497,16.634176948189136,0.0,1.7265463443490017,30.11553962359819,0.7892240888328679,0.7814099889434335,4.7910087634158565,0.0065239963808891,2.976993906332474,12.10601,0.0,,0.9999999999999984,10.0,9.000000000000002,9.000000000000002,68.5,20.500000000000004,99.0,1.5000000000000016,12.5,17.0,8.0,7.000000000000001,59.549768414956645,57.98760240197246,2.778011412439289,118.00134262096853,36.64999999999997
489.0,13.6,16.3,742.7,0.0,0.0,0.0,23.0,48.2,50.0,50.0,50.0,50.0,12.10601,48.2,60.8,11299.245,40677282.0,0.0,0.0,5.15763888888889,4.12611111111111,3.86822916666667,25036.1,24773.9,18453.8,17866.6,1880.0,4679.0,0.0,0.0,742.0,2329.0,3.86,16.0,3.86,154.0,0.0,11299.245,0.0,68.5,155.3,50.900000000000006,50.0,115.7,97.7,68.9,34.7,1.2800000000000296,99.0,13.992,739.9000000000001,37.93,14.212,0.0,0.0,0.0,0.0,0.0,0.0,0.0,0.0,0.0,0.0,0.0,739.5,-2.8000000000000003,3.0,0.0,0.0,0.0,908.0,2857.0,0.0,53.6,1.0,0.0,825.6,0.0,0.0,0.7000000000000001,13.0,0.0,41.0,0.0,51.8,51.8,350.0,825.6,-50.0,0.0,0.0,0.0,0.0,400.0,0.0,0.0,0.0,0.0,0.0,0.0,69.0,743.2,4.443,0.0,13.960497,16.634176948189136,0.0,1.7265463443490017,30.11553962359819,0.7892240888328679,0.7814099889434335,4.7910087634158565,0.0065239963808891,2.976993906332474,12.10601,0.0,,0.9999999999999984,10.0,9.000000000000002,9.000000000000002,68.5,20.500000000000004,99.0,1.5000000000000016,12.5,17.0,8.0,7.000000000000001,59.549768414956645,57.98760240197246,2.778011412439289,118.00134262096853,36.64999999999997
490.0,13.6,14.1,743.1,0.0,0.0,0.0,23.0,48.2,50.0,50.0,50.0,50.0,10.47771,48.2,60.8,11299.245555555555,40677284.0,0.0,0.0,5.16041666666667,4.12833333333333,3.8703125,25036.1,24773.9,18453.8,17866.6,1880.0,4689.0,0.0,0.0,743.0,2329.0,3.86,16.0,3.86,154.0,0.0,11299.2455555556,0.0,68.5,155.3,50.900000000000006,50.0,115.7,97.7,68.9,34.7,0.3100000000000023,99.0,13.989,739.6,33.12,14.207,0.0,0.0,0.0,0.0,0.0,0.0,0.0,0.0,0.0,0.0,0.0,739.5,-2.8000000000000003,3.0,0.0,0.0,0.0,908.0,2857.0,0.0,53.6,1.0,0.0,825.6,0.0,0.0,0.7000000000000001,13.0,0.0,41.0,0.0,51.8,51.8,350.0,825.6,-50.0,0.0,0.0,0.0,0.0,400.0,0.0,0.0,0.0,0.0,0.0,0.0,69.0,743.2,4.443,0.0,13.960497,16.634176948189136,0.0,1.7265463443490017,30.11553962359819,0.7959666079027283,0.788085750398741,5.535560728441616,0.0066757614553075,3.4396369053924953,10.47771,0.0,,0.9999999999999984,10.0,9.000000000000002,9.000000000000002,68.5,20.500000000000004,99.0,1.5000000000000016,12.5,17.0,8.0,7.000000000000001,59.549768414956645,57.98760240197246,2.778011412439289,118.00134262096853,32.809999999999995
491.0,13.6,14.1,743.1,0.0,0.0,0.0,23.0,48.2,50.0,50.0,50.0,50.0,10.47771,48.2,60.8,11299.245555555555,40677284.0,0.0,0.0,5.16041666666667,4.12833333333333,3.8703125,25036.1,24773.9,18453.8,17866.6,1880.0,4689.0,0.0,0.0,743.0,2329.0,3.86,16.0,3.86,154.0,0.0,11299.2455555556,0.0,68.5,155.3,,,,,,,0.3100000000000023,99.0,13.989,739.6,33.12,14.207,0.0,0.0,0.0,0.0,0.0,0.0,0.0,0.0,0.0,0.0,0.0,739.5,-7.7,3.0,0.0,0.0,0.0,908.0,2857.0,0.0,53.6,1.0,0.0,825.6,0.0,0.0,0.7000000000000001,13.0,0.0,41.0,0.0,51.8,51.8,350.0,825.6,-50.0,0.0,0.0,0.0,0.0,400.0,0.0,0.0,0.0,0.0,0.0,0.0,69.0,743.6,4.438,0.0,13.960497,,0.0,,,0.7959666079027283,0.788085750398741,5.535560728441616,0.0066757614553075,3.4396369053924953,10.47771,0.0,,0.9999999999999984,10.0,9.000000000000002,9.000000000000002,68.5,,99.0,,12.5,17.0,8.0,7.000000000000001,59.549768414956645,,,,32.809999999999995
492.0,13.6,12.2,742.9,0.0,0.0,0.0,23.0,48.2,50.0,50.0,50.0,50.0,9.06338,48.2,60.8,11299.246111111112,40677286.0,0.0,0.0,5.15902777777778,4.12722222222222,3.86927083333333,25036.1,24773.9,18453.8,17866.6,1880.0,4701.0,0.0,0.0,743.0,2329.0,3.86,16.0,3.86,154.0,0.0,11299.2461111111,0.0,68.5,156.2,50.0,50.0,116.6,97.7,68.9,34.7,0.3100000000000023,99.0,13.989,739.6,33.12,14.207,0.0,0.0,0.0,0.0,0.0,0.0,0.0,0.0,0.0,0.0,0.0,740.2,-7.7,3.0,0.0,0.0,0.0,908.0,2857.0,0.0,53.6,1.0,0.0,825.6,0.0,0.0,0.7000000000000001,13.0,0.0,41.0,0.0,51.8,51.8,350.0,825.6,-50.0,0.0,0.0,0.0,0.0,400.0,0.0,0.0,0.0,0.0,0.0,0.0,69.0,743.6,4.438,0.0,13.960497,16.973194264353847,0.0,1.7920711793128132,30.181064458562,0.801538564054094,0.7936025386674198,5.535560728441616,0.0055167882686788,3.4396369053924953,9.06338,0.0,,0.9999999999999984,10.0,9.000000000000002,9.000000000000002,69.0,20.500000000000004,100.0,1.5000000000000016,12.5,17.0,8.0,7.000000000000001,59.549768414956645,58.987388650282355,2.8834410222805764,118.1067720804253,32.809999999999995
493.0,13.6,12.2,742.9,0.0,0.0,0.0,23.0,48.2,50.0,50.0,50.0,50.0,9.06338,48.2,60.8,11299.246111111112,40677286.0,0.0,0.0,5.15902777777778,4.12722222222222,3.86927083333333,25036.1,24773.9,18453.8,17866.6,1880.0,4701.0,0.0,0.0,743.0,2329.0,3.86,16.0,3.86,154.0,0.0,11299.2461111111,0.0,68.5,156.2,50.0,50.0,116.6,97.7,68.9,34.7,0.3100000000000023,99.0,13.989,739.6,33.12,14.207,0.0,0.0,0.0,0.0,0.0,0.0,0.0,0.0,0.0,0.0,0.0,740.1,-7.7,3.0,0.0,0.0,0.0,908.0,2857.0,0.0,53.6,1.0,0.0,825.6,0.0,0.0,0.7000000000000001,13.0,0.0,41.0,0.0,51.8,51.8,350.0,825.6,-50.0,0.0,0.0,0.0,0.0,400.0,0.0,0.0,0.0,0.0,0.0,0.0,69.0,743.2,4.439,0.0,13.960497,16.973194264353847,0.0,1.7920711793128132,30.181064458562,0.801538564054094,0.7936025386674198,5.535560728441616,0.0055167882686788,3.4396369053924953,9.06338,0.0,,0.9999999999999984,10.0,9.000000000000002,9.000000000000002,69.0,20.500000000000004,100.0,1.5000000000000016,12.5,17.0,8.0,7.000000000000001,59.549768414956645,58.987388650282355,2.8834410222805764,118.1067720804253,32.809999999999995
494.0,13.6,11.8,743.7,0.0,0.0,0.0,23.0,48.2,50.0,48.2,50.0,50.0,8.77566,48.2,60.8,11299.246666666666,40677288.0,0.0,0.0,5.16458333333333,4.13166666666667,3.8734375,25036.1,24773.9,18453.8,17866.6,1880.0,4706.0,0.0,0.0,744.0,2329.0,3.86,16.0,3.86,155.0,0.0,11299.2466666667,0.0,68.5,156.2,49.1,50.0,116.6,98.6,68.9,33.8,-0.339999999999975,99.0,13.979,739.5,38.39,14.189,0.0,0.0,0.0,0.0,0.0,0.0,0.0,0.0,0.0,0.0,0.0,740.1,-12.1,3.0,0.0,0.0,0.0,908.0,2857.0,0.0,53.6,1.0,0.0,825.6,0.0,0.0,0.7000000000000001,13.0,0.0,41.0,0.0,51.8,51.8,350.0,825.6,-50.0,0.0,0.0,0.0,0.0,400.0,0.0,0.0,0.0,0.0,0.0,0.0,69.0,743.2,4.439,,,17.06709986260833,0.0,1.8106222162570589,30.199615495506244,0.8059729129136227,0.7979929830827948,14.902883994254363,0.004390444415375,9.260219930393829,8.775660000000002,0.0,,0.9999999999999984,10.0,9.000000000000002,9.000000000000002,69.0,20.500000000000004,100.0,0.9999999999999984,12.5,17.0,8.0,7.000000000000001,,58.987388650282355,2.9132895847358373,118.13662069886861,38.729999999999976
495.0,13.6,11.8,743.7,0.0,0.0,0.0,23.0,48.2,50.0,48.2,50.0,50.0,8.77566,48.2,60.8,11299.246666666666,40677288.0,0.0,0.0,5.16458333333333,4.13166666666667,3.8734375,25036.1,24773.9,18453.8,17866.6,1880.0,4706.0,0.0,0.0,744.0,2329.0,3.86,16.0,3.86,155.0,0.0,11299.2466666667,0.0,68.5,156.2,49.1,50.0,116.6,98.6,68.9,33.8,-0.339999999999975,99.0,13.979,739.5,38.39,14.189,0.0,0.0,0.0,0.0,0.0,0.0,0.0,0.0,0.0,0.0,0.0,740.9000000000001,-12.1,3.0,0.0,0.0,0.0,908.0,2857.0,0.0,53.6,1.0,0.0,825.6,0.0,0.0,0.7000000000000001,13.0,0.0,41.0,0.0,51.8,51.8,350.0,825.6,-50.0,0.0,0.0,0.0,0.0,400.0,0.0,0.0,0.0,0.0,0.0,0.0,69.0,743.7,4.442,,,17.06709986260833,0.0,1.8106222162570589,30.199615495506244,0.8059729129136227,0.7979929830827948,14.902883994254363,0.004390444415375,9.260219930393829,8.775660000000002,0.0,,0.9999999999999984,10.0,9.000000000000002,9.000000000000002,69.0,20.500000000000004,100.0,0.9999999999999984,12.5,17.0,8.0,7.000000000000001,,58.987388650282355,2.9132895847358373,118.13662069886861,38.729999999999976
496.0,13.5,12.2,743.5,0.0,0.0,0.0,23.0,48.2,50.0,48.2,50.0,50.0,9.0707,48.2,60.8,11299.247222222222,40677290.0,0.0,0.0,5.16319444444444,4.13055555555556,3.87239583333333,25036.1,24773.9,18453.8,17866.6,1900.0,4700.0,0.0,0.0,743.0,2329.0,3.86,16.0,3.86,154.0,0.0,11299.2472222222,0.0,68.5,155.3,49.1,50.0,116.6,98.6,68.9,33.8,-2.6100000000000136,99.0,13.949,741.1,43.76,14.181,0.0,0.0,0.0,0.0,0.0,0.0,0.0,0.0,0.0,0.0,0.0,740.9000000000001,-0.3,3.0,0.0,0.0,0.0,908.0,2857.0,0.0,53.6,1.0,0.0,825.6,0.0,0.0,0.7000000000000001,13.0,0.0,41.0,0.0,51.8,51.8,350.0,825.6,-50.0,0.0,0.0,0.0,0.0,400.0,0.0,0.0,0.0,0.0,0.0,0.0,69.0,743.7,4.442,,,17.168694988080794,0.0,1.8308938300326096,30.219887109281792,0.8110823980656181,0.8030518792728892,6.504459413275712,0.0050588961900944,4.041682450086543,9.0707,0.0,,0.9999999999999984,10.0,9.000000000000002,9.000000000000002,68.5,20.500000000000004,96.0,0.9999999999999984,12.5,17.0,8.0,7.000000000000001,,58.987388650282355,2.9459062041377493,118.16923772543346,46.37000000000001
497.0,13.5,12.2,743.5,0.0,0.0,0.0,23.0,48.2,50.0,48.2,50.0,50.0,9.0707,48.2,60.8,11299.247222222222,40677290.0,0.0,0.0,5.16319444444444,4.13055555555556,3.87239583333333,25036.1,24773.9,18453.8,17866.6,1900.0,4700.0,0.0,0.0,743.0,2329.0,3.86,16.0,3.86,154.0,0.0,11299.2472222222,0.0,68.5,155.3,49.1,50.0,116.6,98.6,68.9,33.8,-2.6100000000000136,99.0,13.949,741.1,43.76,14.181,0.0,0.0,0.0,0.0,0.0,0.0,0.0,0.0,0.0,0.0,0.0,740.1,-0.3,3.0,0.0,0.0,0.0,908.0,2857.0,0.0,53.6,1.0,0.0,825.6,0.0,0.0,0.7000000000000001,13.0,0.0,41.0,0.0,51.8,51.8,350.0,825.6,-50.0,0.0,0.0,0.0,0.0,400.0,0.0,0.0,0.0,0.0,0.0,0.0,69.0,743.6,4.441,0.0,13.901412700000002,17.168694988080794,0.0,1.8308938300326096,30.219887109281792,0.8110823980656181,0.8030518792728892,6.504459413275712,0.0050588961900944,4.041682450086543,9.0707,0.0,,0.9999999999999984,10.0,9.000000000000002,9.000000000000002,68.5,20.500000000000004,96.0,0.9999999999999984,12.5,17.0,8.0,7.000000000000001,59.67474169599538,58.987388650282355,2.9459062041377493,118.16923772543346,46.37000000000001
498.0,13.5,12.0,743.3,0.0,0.0,0.0,23.0,48.2,50.0,48.2,50.0,50.0,8.9196,48.2,60.8,11299.24777777778,40677292.0,0.0,0.0,5.16180555555556,4.12944444444444,3.87135416666667,25036.1,24773.9,18453.8,17866.6,1900.0,4694.0,0.0,0.0,743.0,2328.0,3.86,16.0,3.86,154.0,0.0,11299.2477777778,0.0,68.5,153.5,49.1,49.0,117.5,98.6,68.9,33.8,-1.339999999999975,99.0,13.941,739.7,40.19,14.198,0.0,0.0,0.0,0.0,0.0,0.0,0.0,0.0,0.0,0.0,0.0,740.1,0.0,3.0,0.0,0.0,0.0,908.0,2857.0,0.0,53.6,1.0,0.0,825.6,0.0,0.0,0.7000000000000001,13.0,0.0,41.0,0.0,51.8,51.8,350.0,825.6,-50.0,0.0,0.0,0.0,0.0,400.0,0.0,0.0,0.0,0.0,0.0,0.0,69.0,743.6,4.441,0.0,13.901412700000002,17.275457566728335,0.0,1.8524249632148253,30.24141824246401,0.8162227812782784,0.8081413676022559,6.614646396699404,0.0050894883293666,4.110149446163504,8.919599999999999,0.0,0.002301027365413,0.9999999999999984,10.0,9.000000000000002,9.000000000000002,67.5,20.500000000000004,94.0,0.9999999999999984,12.5,17.0,8.0,7.000000000000001,59.67474169599538,58.987388650282355,2.9805502086178004,118.20388131872365,41.52999999999997
499.0,13.5,12.0,743.3,0.0,0.0,0.0,23.0,48.2,50.0,48.2,50.0,50.0,8.9196,48.2,60.8,11299.24777777778,40677292.0,0.0,0.0,5.16180555555556,4.12944444444444,3.87135416666667,25036.1,24773.9,18453.8,17866.6,1900.0,4694.0,0.0,0.0,743.0,2328.0,3.86,16.0,3.86,154.0,0.0,11299.2477777778,0.0,68.5,153.5,49.1,49.0,117.5,98.6,68.9,33.8,-1.339999999999975,99.0,13.941,739.7,40.19,14.198,0.0,0.0,0.0,0.0,0.0,0.0,0.0,0.0,0.0,0.0,0.0,740.1,0.0,3.0,0.0,0.0,0.0,908.0,2857.0,0.0,53.6,1.0,0.0,825.6,0.0,0.0,0.7000000000000001,13.0,0.0,41.0,0.0,51.8,51.8,350.0,825.6,-50.0,0.0,0.0,0.0,0.0,400.0,0.0,0.0,0.0,0.0,0.0,0.0,69.0,743.1,4.441,0.0,13.910690400000002,17.275457566728335,0.0,1.8524249632148253,30.24141824246401,0.8162227812782784,0.8081413676022559,6.614646396699404,0.0050894883293666,4.110149446163504,8.919599999999999,0.0,0.002301027365413,0.9999999999999984,10.0,9.000000000000002,9.000000000000002,67.5,20.500000000000004,94.0,0.9999999999999984,12.5,17.0,8.0,7.000000000000001,59.549768414956645,58.987388650282355,2.9805502086178004,118.20388131872365,41.52999999999997
500.0,13.5,11.9,743.6,0.0,0.0,0.0,23.0,48.2,50.0,48.2,50.0,50.0,8.84884,46.4,60.8,11299.248333333331,40677294.0,0.0,0.0,5.16388888888889,4.13111111111111,3.87291666666667,25036.1,24773.9,18453.8,17866.6,1900.0,4689.0,0.0,0.0,744.0,2328.0,3.86,16.0,3.86,154.0,0.0,11299.2483333333,0.0,68.5,153.5,48.2,49.0,117.5,98.6,68.9,33.8,-1.339999999999975,99.0,13.941,739.7,40.19,14.198,0.0,0.0,0.0,0.0,0.0,0.0,0.0,0.0,0.0,0.0,0.0,740.1,4.7,3.0,0.0,0.0,0.0,908.0,2857.0,0.0,53.6,1.0,0.0,825.6,0.0,0.0,0.7000000000000001,13.0,0.0,41.0,0.0,51.8,51.8,350.0,825.6,-50.0,0.0,0.0,0.0,0.0,400.0,0.0,0.0,0.0,0.0,0.0,0.0,69.0,743.1,4.441,0.0,13.910690400000002,17.38104081915932,0.0,1.87395298954108,30.262946268790262,0.8214770140530583,0.8133435782703548,6.667540604192187,0.0052022106680988,4.1430163727675025,8.848840000000001,0.0,0.0,0.9999999999999984,10.0,8.0,8.0,67.5,20.500000000000004,94.0,0.9999999999999984,12.5,17.0,8.0,7.000000000000001,59.549768414956645,58.987388650282355,3.015188876377718,118.23851991308258,41.52999999999997
501.0,13.5,11.9,743.6,0.0,0.0,0.0,23.0,48.2,50.0,48.2,50.0,50.0,8.84884,46.4,60.8,11299.248333333331,40677294.0,0.0,0.0,5.16388888888889,4.13111111111111,3.87291666666667,25036.1,24773.9,18453.8,17866.6,1900.0,4689.0,0.0,0.0,744.0,2328.0,3.86,16.0,3.86,154.0,0.0,11299.2483333333,0.0,68.5,153.5,48.2,49.0,117.5,98.6,68.9,33.8,-1.339999999999975,99.0,13.941,739.7,40.19,14.198,0.0,0.0,0.0,0.0,0.0,0.0,0.0,0.0,0.0,0.0,0.0,739.6,4.7,3.0,0.0,0.0,0.0,908.0,2857.0,0.0,53.6,1.0,0.0,825.6,0.0,0.0,0.7000000000000001,13.0,0.0,41.0,0.0,51.8,51.8,350.0,825.6,-50.0,0.0,0.0,0.0,0.0,400.0,0.0,0.0,0.0,0.0,0.0,0.0,69.0,743.2,4.44,0.0,13.910690400000002,17.38104081915932,0.0,1.87395298954108,30.262946268790262,0.8214770140530583,0.8133435782703548,6.667540604192187,0.0052022106680988,4.1430163727675025,8.848840000000001,0.0,0.0,0.9999999999999984,10.0,8.0,8.0,67.5,20.500000000000004,94.0,0.9999999999999984,12.5,17.0,8.0,7.000000000000001,59.549768414956645,58.987388650282355,3.015188876377718,118.23851991308258,41.52999999999997
502.0,13.5,14.2,743.3,0.0,0.0,0.0,23.0,48.2,50.0,48.2,50.0,50.0,10.55486,46.4,60.8,11299.24888888889,40677296.0,0.0,0.0,5.16180555555556,4.12944444444444,3.87135416666667,25036.1,24774.0,18453.8,17866.6,1880.0,4674.0,0.0,0.0,743.0,2328.0,3.86,16.0,3.86,152.0,0.0,11299.2488888889,0.0,68.5,149.9,48.2,49.0,117.5,98.6,69.80000000000001,33.8,-1.339999999999975,99.0,13.941,739.7,40.19,14.198,0.0,0.0,0.0,0.0,0.0,0.0,0.0,0.0,0.0,0.0,0.0,739.6,-9.0,3.0,0.0,0.0,0.0,908.0,2857.0,0.0,53.6,1.0,0.0,825.6,0.0,0.0,0.7000000000000001,13.0,0.0,41.0,0.0,51.8,51.8,350.0,825.6,-50.0,0.0,0.0,0.0,0.0,400.0,0.0,0.0,0.0,0.0,0.0,0.0,69.0,743.2,4.44,0.0,13.9204564,17.475652867227815,0.0,1.8934454038415651,30.28243868309075,0.8271367715594166,0.8189472985736798,5.58984202537978,0.0056037203033249,3.473365729152259,10.554859999999998,0.0,0.0,0.9999999999999984,10.0,8.0,8.0,65.5,21.000000000000007,89.0,0.9999999999999984,12.5,17.0,8.0,7.000000000000001,59.33106517313887,58.987388650282355,3.0465521153602033,118.26988320769206,41.52999999999997
503.0,13.5,14.2,743.3,0.0,0.0,0.0,23.0,48.2,50.0,48.2,50.0,50.0,10.55486,46.4,60.8,11299.24888888889,40677296.0,0.0,0.0,5.16180555555556,4.12944444444444,3.87135416666667,25036.1,24774.0,18453.8,17866.6,1880.0,4674.0,0.0,0.0,743.0,2328.0,3.86,16.0,3.86,152.0,0.0,11299.2488888889,0.0,68.5,149.9,48.2,49.0,117.5,98.6,69.80000000000001,33.8,,,,,,,0.0,0.0,0.0,0.0,0.0,0.0,0.0,0.0,0.0,0.0,0.0,739.7,-9.0,3.0,0.0,0.0,0.0,908.0,2857.0,0.0,53.6,1.0,0.0,825.6,0.0,0.0,0.7000000000000001,13.0,0.0,41.0,0.0,51.8,51.8,350.0,825.6,-50.0,0.0,0.0,0.0,0.0,400.0,0.0,0.0,0.0,0.0,0.0,0.0,69.0,742.8000000000001,4.439,0.0,13.9204564,17.475652867227815,0.0,1.8934454038415651,30.28243868309075,0.8271367715594166,0.8189472985736798,5.58984202537978,0.0056037203033249,3.473365729152259,10.554859999999998,0.0,0.0,0.9999999999999984,10.0,8.0,8.0,65.5,21.000000000000007,89.0,0.9999999999999984,,,8.0,7.000000000000001,59.33106517313887,58.987388650282355,3.0465521153602033,118.26988320769206,
504.0,13.6,16.6,742.7,0.0,0.0,0.0,23.0,48.2,50.0,48.2,50.0,48.2,12.32882,46.4,60.8,11299.249444444444,40677298.0,0.0,0.0,5.15763888888889,4.12611111111111,3.86822916666667,25036.1,24774.0,18453.8,17866.6,1900.0,4666.0,0.0,0.0,742.0,2328.0,3.86,16.0,3.86,154.0,0.0,11299.2494444444,0.0,68.5,149.0,48.2,49.0,117.5,98.6,69.80000000000001,33.8,,,,,,,0.0,0.0,0.0,0.0,0.0,0.0,0.0,0.0,0.0,0.0,0.0,739.7,-9.0,3.0,0.0,0.0,0.0,908.0,2857.0,0.0,53.6,1.0,0.0,825.6,0.0,0.0,0.7000000000000001,13.0,0.0,41.0,0.0,51.8,51.8,350.0,825.6,-50.0,0.0,0.0,0.0,0.0,400.0,0.0,0.0,0.0,0.0,0.0,0.0,69.0,742.8000000000001,4.439,0.0,13.9585438,17.57097901828988,0.0,1.9132801936689732,30.30227347291816,0.8339230598430104,0.8256663958841687,4.785535030927534,0.0067190973104888,2.9735926877024728,12.328820000000002,0.0,0.0,0.9999999999999984,10.0,8.0,8.0,65.0,21.000000000000007,88.0,0.9999999999999984,,,8.0,7.000000000000001,59.33106517313887,58.987388650282355,3.0784664833460784,118.30179738452436,
505.0,13.6,16.6,742.7,0.0,0.0,0.0,23.0,48.2,50.0,48.2,50.0,48.2,12.32882,46.4,60.8,11299.249444444444,40677298.0,0.0,0.0,5.15763888888889,4.12611111111111,3.86822916666667,25036.1,24774.0,18453.8,17866.6,1900.0,4666.0,0.0,0.0,742.0,2328.0,3.86,16.0,3.86,154.0,0.0,11299.2494444444,0.0,68.5,149.0,48.2,49.0,117.5,98.6,69.80000000000001,33.8,,,,,,,0.0,0.0,0.0,0.0,0.0,0.0,0.0,0.0,0.0,0.0,0.0,740.1,-9.0,3.0,0.0,0.0,0.0,908.0,2857.0,0.0,53.6,1.0,0.0,825.6,0.0,0.0,0.7000000000000001,13.0,0.0,41.0,0.0,51.8,51.8,350.0,825.6,-50.0,0.0,0.0,0.0,0.0,400.0,0.0,0.0,0.0,0.0,0.0,0.0,69.0,742.3000000000001,4.441,0.0,13.9585438,17.57097901828988,0.0,1.9132801936689732,30.30227347291816,0.8339230598430104,0.8256663958841687,4.785535030927534,0.0067190973104888,2.9735926877024728,12.328820000000002,0.0,0.0,0.9999999999999984,10.0,8.0,8.0,65.0,21.000000000000007,88.0,0.9999999999999984,,,8.0,7.000000000000001,59.33106517313887,58.987388650282355,3.0784664833460784,118.30179738452436,
506.0,13.6,18.3,742.5,0.0,0.0,0.0,23.0,48.2,50.0,48.2,50.0,48.2,13.58775,46.4,60.8,11299.25,40677300.0,0.0,0.0,5.15625,4.125,3.8671875,25036.1,24774.0,18453.8,17866.6,1880.0,4670.0,0.0,0.0,742.0,2327.0,3.86,16.0,3.86,154.0,0.0,11299.25,0.0,68.5,149.0,48.2,49.0,117.5,98.6,69.80000000000001,33.8,,,,,,,0.0,0.0,0.0,0.0,0.0,0.0,0.0,0.0,0.0,0.0,0.0,740.1,-9.0,3.0,0.0,0.0,0.0,908.0,2857.0,0.0,53.6,1.0,0.0,825.6,0.0,0.0,0.7000000000000001,13.0,0.0,41.0,0.0,51.8,51.8,350.0,825.6,-50.0,0.0,0.0,0.0,0.0,400.0,0.0,0.0,0.0,0.0,0.0,0.0,69.0,742.3000000000001,4.441,0.0,13.950731,17.665355616102705,0.0,1.9331137407539964,30.32210702000318,0.8413918856482341,0.8330612729190436,4.342146418649151,0.007394877034875,2.698083862302442,13.58775,0.0,0.0,0.9999999999999984,10.0,8.0,8.0,65.0,21.000000000000007,89.0,0.9999999999999984,,,8.0,7.000000000000001,59.44041679404776,58.987388650282355,3.110378493474947,118.33370956178418,
507.0,13.6,18.3,742.5,0.0,0.0,0.0,23.0,48.2,50.0,48.2,50.0,48.2,13.58775,46.4,60.8,11299.25,40677300.0,0.0,0.0,5.15625,4.125,3.8671875,25036.1,24774.0,18453.8,17866.6,1880.0,4670.0,0.0,0.0,742.0,2327.0,3.86,16.0,3.86,154.0,0.0,11299.25,0.0,68.5,149.0,48.2,49.0,117.5,98.6,69.80000000000001,33.8,,,,,,,0.0,0.0,0.0,0.0,0.0,0.0,0.0,0.0,0.0,0.0,0.0,738.4000000000001,,,0.0,0.0,0.0,908.0,2857.0,0.0,53.6,1.0,0.0,825.6,0.0,0.0,0.7000000000000001,13.0,0.0,41.0,0.0,51.8,51.8,350.0,825.6,-50.0,0.0,0.0,0.0,0.0,400.0,0.0,0.0,0.0,0.0,0.0,0.0,69.0,742.0,4.439,0.0,13.950731,17.665355616102705,0.0,1.9331137407539964,30.32210702000318,0.8413918856482341,0.8330612729190436,4.342146418649151,0.007394877034875,2.698083862302442,13.58775,0.0,0.0,0.9999999999999984,10.0,8.0,8.0,65.0,21.000000000000007,89.0,0.9999999999999984,,,8.0,7.000000000000001,59.44041679404776,58.987388650282355,3.110378493474947,118.33370956178418,
508.0,13.6,20.5,741.9,0.0,0.0,0.0,23.0,48.2,50.0,48.2,50.0,48.2,15.20895,46.4,60.8,11299.250555555556,40677302.0,0.0,0.0,5.15208333333333,4.12166666666667,3.8640625,25036.1,24774.0,18453.8,17866.6,1880.0,4665.0,0.0,0.0,742.0,2327.0,3.86,16.0,3.84,154.0,0.0,11299.2505555556,0.0,68.5,149.0,47.3,49.0,118.4,98.6,69.80000000000001,33.8,,,,,,,0.0,0.0,0.0,0.0,0.0,0.0,0.0,0.0,0.0,0.0,0.0,738.4000000000001,,,0.0,0.0,0.0,908.0,2857.0,0.0,53.6,1.0,0.0,825.6,0.0,0.0,0.7000000000000001,13.0,0.0,41.0,0.0,51.8,51.8,350.0,825.6,-50.0,0.0,0.0,0.0,0.0,400.0,0.0,0.0,0.0,0.0,0.0,0.0,69.0,742.0,4.439,0.0,13.950731,17.753235948713773,0.0,1.9517598474906543,30.34075312673984,0.8494497595742446,0.8410393659150937,3.8792947573632626,0.00797809299605,2.4104812626775676,15.20895,0.0,0.0,0.9999999999999984,10.0,8.0,8.0,65.0,21.000000000000007,91.0,0.9999999999999984,,,8.0,7.000000000000001,59.44041679404776,58.987388650282355,3.140380326466923,118.36371114752346,
509.0,13.6,22.0,741.3,0.0,0.0,0.0,23.0,48.2,50.0,48.2,50.0,48.2,16.3086,46.4,60.8,11299.25111111111,40677304.0,0.0,0.0,5.14791666666667,4.11833333333333,3.8609375,25036.1,24774.0,18453.8,17866.6,1880.0,4646.0,0.0,0.0,742.0,2327.0,3.86,16.0,3.84,154.0,0.0,11299.2511111111,0.0,68.5,149.0,47.3,49.0,118.4,98.6,69.80000000000001,33.8,,,,,,,0.0,0.0,0.0,0.0,0.0,0.0,0.0,0.0,0.0,0.0,0.0,738.1,,,0.0,0.0,0.0,908.0,2857.0,0.0,53.6,1.0,0.0,825.6,0.0,0.0,0.7000000000000001,13.0,0.0,41.0,0.0,51.8,51.8,350.0,825.6,-50.0,0.0,0.0,0.0,0.0,400.0,0.0,0.0,0.0,0.0,0.0,0.0,69.0,741.3000000000001,4.44,0.0,13.950731,17.753235948713773,0.0,1.9517598474906543,30.34075312673984,0.8577801015519203,0.849287229259327,3.6177231644653745,0.0082478633442333,2.2479482604270142,16.3086,0.0,0.0,0.9999999999999984,10.0,8.0,8.0,65.0,21.000000000000007,91.0,0.9999999999999984,,,8.0,7.000000000000001,59.44041679404776,58.987388650282355,3.140380326466923,118.36371114752346,
510.0,13.6,22.0,741.3,0.0,0.0,0.0,23.0,48.2,50.0,48.2,50.0,48.2,16.3086,46.4,60.8,11299.25111111111,40677304.0,0.0,0.0,5.14791666666667,4.11833333333333,3.8609375,25036.1,24774.0,18453.8,17866.6,1880.0,4646.0,0.0,0.0,742.0,2327.0,3.86,16.0,3.84,154.0,0.0,11299.2511111111,0.0,68.5,149.0,47.3,49.0,118.4,99.5,69.80000000000001,33.8,,,,,,,0.0,0.0,0.0,0.0,0.0,0.0,0.0,0.0,0.0,0.0,0.0,738.1,,,0.0,0.0,0.0,908.0,2857.0,0.0,53.6,1.0,0.0,825.6,0.0,0.0,0.7000000000000001,13.0,0.0,41.0,0.0,51.8,51.8,350.0,825.6,-50.0,0.0,0.0,0.0,0.0,400.0,0.0,0.0,0.0,0.0,0.0,0.0,69.0,741.3000000000001,4.44,0.0,13.9497544,17.841414217658215,0.0,1.9706445607651315,30.359637840014315,0.8577801015519203,0.849287229259327,3.6177231644653745,0.0082478633442333,2.2479482604270142,16.3086,0.0,0.0,0.9999999999999984,10.0,8.0,8.0,65.0,21.000000000000007,91.0,0.9999999999999984,,,8.0,7.000000000000001,58.987388650282355,58.987388650282355,3.170765495558197,118.39409665118208,
511.0,13.6,15.8,742.6,0.0,0.0,0.0,23.0,48.2,50.0,48.2,50.0,48.2,11.73308,46.4,60.8,11299.251666666669,40677306.0,0.0,0.0,5.15694444444444,4.12555555555556,3.86770833333333,25036.1,24774.0,18453.8,17866.6,1880.0,4714.0,0.0,0.0,743.0,2327.0,3.86,16.0,3.84,154.0,0.0,11299.2516666667,0.0,68.5,149.0,47.3,49.0,118.4,99.5,68.9,33.8,,,,,,,0.0,0.0,0.0,0.0,0.0,0.0,0.0,0.0,0.0,0.0,0.0,737.8000000000001,,,0.0,0.0,0.0,908.0,2857.0,0.0,53.6,1.0,0.0,825.6,0.0,0.0,0.7000000000000001,13.0,0.0,41.0,0.0,51.8,51.8,350.0,825.6,-50.0,0.0,0.0,0.0,0.0,400.0,0.0,0.0,0.0,0.0,0.0,0.0,69.0,741.4000000000001,4.441,0.0,13.9497544,17.936277164525645,0.0,1.990836639028076,30.379829918277263,0.8639404342443838,0.8553865685587959,5.028517661176775,0.0060993392994688,3.124575047643074,11.73308,0.0,0.0037392209328012,0.9999999999999984,10.0,8.0,8.0,65.0,20.500000000000004,91.0,0.9999999999999984,,,8.0,7.000000000000001,58.987388650282355,59.98717489859222,3.2032549760587403,118.42658570510717,
512.0,13.6,15.8,742.6,0.0,0.0,0.0,23.0,48.2,50.0,48.2,50.0,48.2,11.73308,46.4,60.8,11299.251666666669,40677306.0,0.0,0.0,5.15694444444444,4.12555555555556,3.86770833333333,25036.1,24774.0,18453.8,17866.6,1880.0,4714.0,0.0,0.0,743.0,2327.0,3.86,16.0,3.84,154.0,0.0,11299.2516666667,0.0,68.5,149.0,47.3,49.0,118.4,99.5,68.9,33.8,-0.0099999999999909,99.0,13.975,739.6,38.4,14.195,0.0,0.0,0.0,0.0,0.0,0.0,0.0,0.0,0.0,0.0,0.0,737.8000000000001,27.700000000000003,3.0,0.0,0.0,0.0,908.0,2857.0,0.0,53.6,1.0,0.0,825.6,0.0,0.0,0.7000000000000001,13.0,0.0,41.0,0.0,51.8,51.8,350.0,825.6,-50.0,0.0,0.0,0.0,0.0,400.0,0.0,0.0,0.0,0.0,0.0,0.0,69.0,741.4000000000001,4.441,0.0,13.9497544,17.936277164525645,0.0,1.990836639028076,30.379829918277263,0.8639404342443838,0.8553865685587959,5.028517661176775,0.0060993392994688,3.124575047643074,11.73308,0.0,0.0037392209328012,0.9999999999999984,10.0,8.0,8.0,65.0,20.500000000000004,91.0,0.9999999999999984,12.5,16.0,8.0,7.000000000000001,58.987388650282355,59.98717489859222,3.2032549760587403,118.42658570510717,38.40999999999999
513.0,13.6,2.8,745.1,0.0,0.0,0.0,23.0,48.2,50.0,48.2,50.0,48.2,2.08628,46.4,60.8,11299.25222222222,40677308.0,0.0,0.0,5.17430555555556,4.13944444444444,3.88072916666667,25036.1,24774.0,18453.8,17866.6,1880.0,4691.0,0.0,0.0,745.0,2327.0,3.88,16.0,3.86,93.0,0.0,11299.2522222222,0.0,68.5,151.7,47.3,49.0,118.4,99.5,68.9,33.8,-0.0099999999999909,99.0,13.975,739.6,38.4,14.195,0.0,0.0,0.0,0.0,0.0,0.0,0.0,0.0,0.0,0.0,0.0,742.5,27.700000000000003,3.0,0.0,0.0,0.0,908.0,2857.0,0.0,53.6,1.0,0.0,825.6,0.0,0.0,0.7000000000000001,13.0,0.0,41.0,0.0,51.8,51.8,350.0,825.6,-50.0,0.0,0.0,0.0,0.0,400.0,0.0,0.0,0.0,0.0,0.0,0.0,69.0,745.0,4.441,0.0,13.9497544,17.936277164525645,0.0,1.990836639028076,30.379829918277263,0.8651414678874088,0.8565757107796126,28.759322813812144,0.0011891422208166,17.870209176141262,2.08628,0.0,0.0037392209328012,0.9999999999999984,10.0,8.0,8.0,66.5,20.500000000000004,94.0,0.9999999999999984,12.5,16.0,8.0,7.000000000000001,58.987388650282355,59.98717489859222,3.2032549760587403,118.42658570510717,38.40999999999999
514.0,13.6,2.8,745.1,0.0,0.0,0.0,23.0,48.2,50.0,48.2,50.0,48.2,2.08628,46.4,60.8,11299.25222222222,40677308.0,0.0,0.0,5.17430555555556,4.13944444444444,3.88072916666667,25036.1,24774.0,18453.8,17866.6,1880.0,4691.0,0.0,0.0,745.0,2327.0,3.88,16.0,3.86,93.0,0.0,11299.2522222222,0.0,68.5,151.7,47.3,49.0,118.4,99.5,68.9,33.8,-0.079999999999984,99.0,13.972,742.4000000000001,39.85,14.202,0.0,0.0,0.0,0.0,0.0,0.0,0.0,0.0,0.0,0.0,0.0,742.5,-1.7000000000000002,3.0,0.0,0.0,0.0,908.0,2857.0,0.0,53.6,1.0,0.0,825.6,0.0,0.0,0.7000000000000001,13.0,0.0,41.0,0.0,51.8,51.8,350.0,825.6,-50.0,0.0,0.0,0.0,0.0,400.0,0.0,0.0,0.0,0.0,0.0,0.0,69.0,745.0,4.441,0.0,13.911667,17.936277164525645,0.0,1.990836639028076,30.379829918277263,0.8651414678874088,0.8565757107796126,28.759322813812144,0.0011891422208166,17.870209176141262,2.08628,0.0,0.0037392209328012,0.9999999999999984,10.0,8.0,8.0,66.5,20.500000000000004,94.0,0.9999999999999984,12.5,16.0,8.0,7.000000000000001,59.33106517313887,59.98717489859222,3.2032549760587403,118.42658570510717,39.929999999999986
515.0,13.5,15.9,742.8,0.0,0.0,0.0,23.0,48.2,50.0,48.2,50.0,48.2,11.81052,46.4,60.8,11299.252777777778,40677310.0,0.0,0.0,5.15833333333333,4.12666666666667,3.86875,25036.1,24774.0,18453.8,17866.6,1880.0,4649.0,0.0,0.0,743.0,2331.0,3.86,16.0,3.86,152.0,0.0,11299.2527777778,0.0,68.5,152.60000000000002,46.4,49.0,118.4,99.5,68.9,33.8,-0.079999999999984,99.0,13.972,742.4000000000001,39.85,14.202,0.0,0.0,0.0,0.0,0.0,0.0,0.0,0.0,0.0,0.0,0.0,739.9000000000001,-1.7000000000000002,3.0,0.0,0.0,0.0,908.0,2857.0,0.0,53.6,1.0,0.0,825.6,0.0,0.0,0.7000000000000001,13.0,0.0,41.0,0.0,51.8,51.8,350.0,825.6,-50.0,0.0,0.0,0.0,0.0,400.0,0.0,0.0,0.0,0.0,0.0,0.0,69.0,743.9000000000001,4.44,0.0,13.911667,18.123496118026033,0.0,2.031933508311461,30.42092678756065,0.8718080332323634,0.8631762705270926,5.080216620436695,0.00660055974748,3.1566992816573696,11.81052,0.0,0.0037392209328012,0.9999999999999984,10.0,8.0,8.0,67.00000000000001,20.500000000000004,95.0,0.9999999999999984,12.5,16.0,8.0,7.000000000000001,59.33106517313887,58.987388650282355,3.2693796011476137,118.49271056778413,39.929999999999986
516.0,13.5,15.9,742.8,0.0,0.0,0.0,23.0,48.2,50.0,48.2,50.0,48.2,11.81052,46.4,60.8,11299.252777777778,40677310.0,0.0,0.0,5.15833333333333,4.12666666666667,3.86875,25036.1,24774.0,18453.8,17866.6,1880.0,4649.0,0.0,0.0,743.0,2331.0,3.86,16.0,3.86,152.0,0.0,11299.2527777778,0.0,68.5,152.60000000000002,46.4,49.0,118.4,99.5,68.9,33.8,-0.079999999999984,99.0,13.972,742.4000000000001,39.85,14.202,0.0,0.0,0.0,0.0,0.0,0.0,0.0,0.0,0.0,0.0,0.0,739.9000000000001,-1.7000000000000002,3.0,0.0,0.0,0.0,908.0,2857.0,0.0,53.6,1.0,0.0,825.6,0.0,0.0,0.7000000000000001,13.0,0.0,41.0,0.0,51.8,51.8,350.0,825.6,-50.0,0.0,0.0,0.0,0.0,400.0,0.0,0.0,0.0,0.0,0.0,0.0,69.0,743.9000000000001,4.44,0.0,13.910690400000002,18.123496118026033,0.0,2.031933508311461,30.42092678756065,0.8718080332323634,0.8631762705270926,5.080216620436695,0.00660055974748,3.1566992816573696,11.81052,0.0,,0.9999999999999984,10.0,8.0,8.0,67.00000000000001,20.500000000000004,95.0,0.9999999999999984,12.5,16.0,8.0,7.000000000000001,59.393551813658235,58.987388650282355,3.2693796011476137,118.49271056778413,39.929999999999986
517.0,13.5,9.8,743.8,0.0,0.0,0.0,23.0,48.2,50.0,48.2,50.0,48.2,7.28924,46.4,60.8,11299.253333333334,40677312.0,0.0,0.0,5.16527777777778,4.13222222222222,3.87395833333333,25036.1,24774.0,18453.8,17866.6,1880.0,4682.0,0.0,0.0,744.0,2331.0,3.86,53.0,3.86,154.0,0.0,11299.2533333333,0.0,68.5,152.60000000000002,46.4,49.0,118.4,99.5,68.9,33.8,-0.079999999999984,99.0,13.972,742.4000000000001,39.85,14.202,0.0,0.0,0.0,0.0,0.0,0.0,0.0,0.0,0.0,0.0,0.0,739.8000000000001,-1.7000000000000002,3.0,0.0,0.0,0.0,908.0,2857.0,0.0,53.6,1.0,0.0,825.6,0.0,0.0,0.7000000000000001,13.0,0.0,41.0,0.0,51.8,51.8,350.0,825.6,-50.0,0.0,0.0,0.0,0.0,400.0,0.0,0.0,0.0,0.0,0.0,0.0,69.0,743.2,4.441,0.0,13.910690400000002,18.214016533821727,0.0,2.052103217211485,30.44109649646067,0.8758746352873095,0.8672026091953559,8.094122295328457,0.0040263386682633,5.029452864770539,7.28924,0.0,,0.9999999999999984,10.0,8.0,8.0,67.00000000000001,20.500000000000004,95.0,0.9999999999999984,12.5,16.0,8.0,7.000000000000001,59.393551813658235,58.987388650282355,3.3018322405246936,118.52516362940425,39.929999999999986
518.0,13.5,9.8,743.8,0.0,0.0,0.0,23.0,48.2,50.0,48.2,50.0,48.2,7.28924,46.4,60.8,11299.253333333334,40677312.0,0.0,0.0,5.16527777777778,4.13222222222222,3.87395833333333,25036.1,24774.0,18453.8,17866.6,1880.0,4682.0,0.0,0.0,744.0,2331.0,3.86,53.0,3.86,154.0,0.0,11299.2533333333,0.0,68.5,152.60000000000002,46.4,49.0,118.4,99.5,68.9,33.8,,,,,,,0.0,0.0,0.0,0.0,0.0,0.0,0.0,0.0,0.0,0.0,0.0,739.8000000000001,-1.7000000000000002,3.0,0.0,0.0,0.0,908.0,2857.0,0.0,53.6,1.0,0.0,825.6,0.0,0.0,0.7000000000000001,13.0,0.0,41.0,0.0,51.8,51.8,350.0,825.6,-50.0,0.0,0.0,0.0,0.0,400.0,0.0,0.0,0.0,0.0,0.0,0.0,69.0,743.2,4.441,0.0,13.910690400000002,18.214016533821727,0.0,2.052103217211485,30.44109649646067,0.8758746352873095,0.8672026091953559,8.094122295328457,0.0040263386682633,5.029452864770539,7.28924,0.0,,0.9999999999999984,10.0,8.0,8.0,67.00000000000001,20.500000000000004,95.0,0.9999999999999984,,,8.0,7.000000000000001,59.549768414956645,58.987388650282355,3.3018322405246936,118.52516362940425,
519.0,13.5,14.4,743.1,0.0,0.0,0.0,23.0,48.2,50.0,48.2,50.0,48.2,10.70064,46.4,60.8,11299.253888888888,40677314.0,0.0,0.0,5.16041666666667,4.12833333333333,3.8703125,25036.1,24774.0,18453.8,17866.6,1880.0,4659.0,0.0,0.0,743.0,2331.0,3.86,16.0,3.86,154.0,0.0,11299.2538888889,0.0,68.5,153.5,46.4,49.0,118.4,99.5,68.9,33.8,,,,,,,0.0,0.0,0.0,0.0,0.0,0.0,0.0,0.0,0.0,0.0,0.0,740.2,,,0.0,0.0,0.0,908.0,2857.0,0.0,53.6,1.0,0.0,825.6,0.0,0.0,0.7000000000000001,13.0,0.0,41.0,0.0,51.8,51.8,350.0,825.6,-50.0,0.0,0.0,0.0,0.0,400.0,0.0,0.0,0.0,0.0,0.0,0.0,69.0,743.9000000000001,4.44,0.0,13.910690400000002,18.30257841705399,0.0,2.0720287272329596,30.461022006482143,0.8817947958955562,0.8730641543520359,5.51368890085079,0.00586154515668,3.426046386010556,10.700640000000002,0.0,0.0,0.9999999999999984,10.0,8.0,8.0,67.5,20.500000000000004,97.0,0.9999999999999984,,,8.0,7.000000000000001,59.549768414956645,58.987388650282355,3.3338924433592374,118.55722377502883,
520.0,13.5,14.4,743.1,0.0,0.0,0.0,23.0,48.2,50.0,48.2,50.0,48.2,10.70064,46.4,60.8,11299.253888888888,40677314.0,0.0,0.0,5.16041666666667,4.12833333333333,3.8703125,25036.1,24774.0,18453.8,17866.6,1880.0,4659.0,0.0,0.0,743.0,2331.0,3.86,16.0,3.86,154.0,0.0,11299.2538888889,0.0,68.5,153.5,46.4,49.0,118.4,99.5,68.9,33.8,,,,,,,0.0,0.0,0.0,0.0,0.0,0.0,0.0,0.0,0.0,0.0,0.0,740.2,,,0.0,0.0,0.0,908.0,2857.0,0.0,53.6,1.0,0.0,825.6,0.0,0.0,0.7000000000000001,13.0,0.0,41.0,0.0,51.8,51.8,350.0,825.6,-50.0,0.0,0.0,0.0,0.0,400.0,0.0,0.0,0.0,0.0,0.0,0.0,69.0,743.9000000000001,4.44,0.0,13.9287575,18.30257841705399,0.0,2.0720287272329596,30.461022006482143,0.8817947958955562,0.8730641543520359,5.51368890085079,0.00586154515668,3.426046386010556,10.700640000000002,0.0,0.0,0.9999999999999984,10.0,8.0,8.0,67.5,20.500000000000004,97.0,0.9999999999999984,,,8.0,7.000000000000001,59.33106517313887,58.987388650282355,3.3338924433592374,118.55722377502883,
521.0,13.5,14.2,743.1,0.0,0.0,0.0,23.0,48.2,50.0,48.2,50.0,48.2,10.55202,46.4,60.8,11299.254444444445,40677316.0,0.0,0.0,5.16041666666667,4.12833333333333,3.8703125,25036.1,24774.0,18453.8,17866.6,1880.0,4670.0,0.0,0.0,743.0,2331.0,3.86,16.0,3.86,154.0,0.0,11299.2544444444,0.0,68.5,153.5,46.4,49.0,118.4,99.5,68.9,33.8,,,,,,,0.0,0.0,0.0,0.0,0.0,0.0,0.0,0.0,0.0,0.0,0.0,739.7,,,0.0,0.0,0.0,908.0,2857.0,0.0,53.6,1.0,0.0,825.6,0.0,0.0,0.7000000000000001,13.0,0.0,41.0,0.0,51.8,51.8,350.0,825.6,-50.0,0.0,0.0,0.0,0.0,400.0,0.0,0.0,0.0,0.0,0.0,0.0,69.0,743.1,4.439,0.0,13.9287575,18.39099712298447,0.0,2.092114551022031,30.481107830271217,0.8875243164469695,0.8787369469771975,5.591346491003618,0.0056727926251616,3.4743005604614092,10.55202,0.0,-0.0028434567158933,0.9999999999999984,10.0,8.0,8.0,67.5,20.500000000000004,97.0,0.9999999999999984,,,8.0,5.999999999999998,59.33106517313887,58.987388650282355,3.3662108798729826,118.58954186550544,
522.0,13.5,14.2,743.1,0.0,0.0,0.0,23.0,48.2,50.0,48.2,50.0,48.2,10.55202,46.4,60.8,11299.254444444445,40677316.0,0.0,0.0,5.16041666666667,4.12833333333333,3.8703125,25036.1,24774.0,18453.8,17866.6,1880.0,4670.0,0.0,0.0,743.0,2331.0,3.86,16.0,3.86,154.0,0.0,11299.2544444444,0.0,68.5,153.5,46.4,49.0,118.4,99.5,68.9,33.8,,,,,,,0.0,0.0,0.0,0.0,0.0,0.0,0.0,0.0,0.0,0.0,0.0,739.7,,,0.0,0.0,0.0,908.0,2857.0,0.0,53.6,1.0,0.0,825.6,0.0,0.0,0.7000000000000001,13.0,0.0,41.0,0.0,51.8,51.8,350.0,825.6,-50.0,0.0,0.0,0.0,0.0,400.0,0.0,0.0,0.0,0.0,0.0,0.0,69.0,743.1,4.439,0.0,13.9517076,18.39099712298447,0.0,2.092114551022031,30.481107830271217,0.8875243164469695,0.8787369469771975,5.591346491003618,0.0056727926251616,3.4743005604614092,10.55202,0.0,-0.0028434567158933,0.9999999999999984,10.0,8.0,8.0,67.5,20.500000000000004,97.0,0.9999999999999984,,,8.0,5.999999999999998,59.549768414956645,58.987388650282355,3.3662108798729826,118.58954186550544,
523.0,13.6,14.2,743.1,0.0,0.0,0.0,23.0,48.2,50.0,48.2,50.0,48.2,10.55202,46.4,60.8,11299.255,40677318.0,0.0,0.0,5.16041666666667,4.12833333333333,3.8703125,25036.1,24774.0,18453.8,17866.6,1880.0,4674.0,0.0,0.0,743.0,2331.0,3.86,16.0,3.86,154.0,0.0,11299.255,0.0,68.5,154.4,45.5,49.0,118.4,99.5,68.9,33.8,,,,,,,0.0,0.0,0.0,0.0,0.0,0.0,0.0,0.0,0.0,0.0,0.0,740.7,,,0.0,0.0,0.0,908.0,2857.0,0.0,53.6,1.0,0.0,825.6,0.0,0.0,0.7000000000000001,13.0,0.0,41.0,0.0,51.8,51.8,350.0,825.6,-50.0,0.0,0.0,0.0,0.0,400.0,0.0,0.0,0.0,0.0,0.0,0.0,69.0,742.9000000000001,4.44,0.0,13.9517076,18.47966103838972,0.0,2.1124526515151514,30.501445930764337,0.893507704638674,0.8846610937016575,5.591346491003618,0.00592414672446,3.4743005604614092,10.55202,0.0,0.0,0.9999999999999984,10.0,8.0,8.0,68.0,20.500000000000004,98.0,0.9999999999999984,,,8.0,7.000000000000001,59.549768414956645,58.987388650282355,3.3989345941560662,118.62226586919887,
524.0,13.6,14.2,743.1,0.0,0.0,0.0,23.0,48.2,50.0,48.2,50.0,48.2,10.55202,46.4,60.8,11299.255,40677318.0,0.0,0.0,5.16041666666667,4.12833333333333,3.8703125,25036.1,24774.0,18453.8,17866.6,1880.0,4674.0,0.0,0.0,743.0,2331.0,3.86,16.0,3.86,154.0,0.0,11299.255,0.0,68.5,154.4,45.5,49.0,118.4,99.5,68.9,33.8,1.650000000000034,99.0,13.979,739.9000000000001,37.28,14.213,0.0,0.0,0.0,0.0,0.0,0.0,0.0,0.0,0.0,0.0,0.0,740.7,3.5,3.0,0.0,0.0,0.0,908.0,2857.0,0.0,53.6,1.0,0.0,825.6,0.0,0.0,0.7000000000000001,13.0,0.0,41.0,0.0,51.8,51.8,350.0,825.6,-50.0,0.0,0.0,0.0,0.0,400.0,0.0,0.0,0.0,0.0,0.0,0.0,69.0,742.9000000000001,4.44,0.0,13.9595204,18.47966103838972,0.0,2.1124526515151514,30.501445930764337,0.893507704638674,0.8846610937016575,5.591346491003618,0.00592414672446,3.4743005604614092,10.55202,0.0,0.0,0.9999999999999984,10.0,8.0,8.0,68.0,20.500000000000004,98.0,0.9999999999999984,12.5,16.0,8.0,7.000000000000001,59.44041679404776,58.987388650282355,3.3989345941560662,118.62226586919887,35.62999999999997
525.0,13.6,14.1,743.1,0.0,0.0,0.0,23.0,48.2,50.0,48.2,50.0,48.2,10.47771,46.4,60.8,11299.255555555555,40677320.0,0.0,0.0,5.16041666666667,4.12833333333333,3.8703125,25036.1,24774.0,18453.8,17866.6,1880.0,4690.0,0.0,0.0,743.0,2327.0,3.86,16.0,3.86,93.0,0.0,11299.2555555556,0.0,68.5,155.3,45.5,49.0,118.4,99.5,68.9,33.8,1.650000000000034,99.0,13.979,739.9000000000001,37.28,14.213,0.0,0.0,0.0,0.0,0.0,0.0,0.0,0.0,0.0,0.0,0.0,739.5,3.5,3.0,0.0,0.0,0.0,908.0,2857.0,0.0,53.6,1.0,0.0,825.6,0.0,0.0,0.7000000000000001,13.0,0.0,41.0,0.0,51.8,51.8,350.0,825.6,-50.0,0.0,0.0,0.0,0.0,400.0,0.0,0.0,0.0,0.0,0.0,0.0,69.0,743.0,4.441,0.0,13.9595204,18.47966103838972,0.0,2.1124526515151514,30.501445930764337,0.8997382967769461,0.8908299968088574,5.631001430656127,0.0061689031072,3.4989409899682284,10.47771,0.0,0.0,0.9999999999999984,10.0,8.0,8.0,68.5,20.500000000000004,98.0,0.9999999999999984,12.5,16.0,8.0,5.999999999999998,59.44041679404776,58.987388650282355,3.3989345941560662,118.62226586919887,35.62999999999997
526.0,13.6,14.1,743.1,0.0,0.0,0.0,23.0,48.2,50.0,48.2,50.0,48.2,10.47771,46.4,60.8,11299.255555555555,40677320.0,0.0,0.0,5.16041666666667,4.12833333333333,3.8703125,25036.1,24774.0,18453.8,17866.6,1880.0,4690.0,0.0,0.0,743.0,2327.0,3.86,16.0,3.86,93.0,0.0,11299.2555555556,0.0,68.5,155.3,45.5,49.0,119.3,99.5,68.9,33.8,0.8400000000000318,99.0,13.982,738.8000000000001,35.57,14.211,0.0,0.0,0.0,0.0,0.0,0.0,0.0,0.0,0.0,0.0,0.0,739.5,-2.4000000000000004,3.0,0.0,0.0,0.0,908.0,2857.0,0.0,53.6,1.0,0.0,825.6,0.0,0.0,0.7000000000000001,13.0,0.0,41.0,0.0,51.8,51.8,350.0,825.6,-50.0,0.0,0.0,0.0,0.0,400.0,0.0,0.0,0.0,0.0,0.0,0.0,69.0,743.0,4.441,0.0,13.9595204,18.57221512781853,0.0,2.133895549988069,30.522888829237253,0.8997382967769461,0.8908299968088574,5.631001430656127,0.0061689031072,3.4989409899682284,10.47771,0.0,0.0,0.9999999999999984,10.0,8.0,8.0,68.5,20.500000000000004,98.0,0.9999999999999984,12.5,16.0,8.0,5.999999999999998,59.44041679404776,58.987388650282355,3.4334362981151534,118.65676749284181,34.72999999999997
527.0,13.6,11.7,743.5,0.0,0.0,0.0,23.0,48.2,50.0,48.2,50.0,48.2,8.69895,46.4,60.8,11299.256111111112,40677322.0,0.0,0.0,5.16319444444444,4.13055555555556,3.87239583333333,25036.1,24774.0,18453.8,17866.6,1880.0,4692.0,0.0,0.0,743.0,2327.0,3.86,16.0,3.86,154.0,0.0,11299.2561111111,0.0,68.5,155.3,45.5,49.0,119.3,99.5,68.9,33.8,0.8400000000000318,99.0,13.982,738.8000000000001,35.57,14.211,0.0,0.0,0.0,0.0,0.0,0.0,0.0,0.0,0.0,0.0,0.0,740.1,-2.4000000000000004,3.0,0.0,0.0,0.0,908.0,2857.0,0.0,53.6,1.0,0.0,825.6,0.0,0.0,0.7000000000000001,13.0,0.0,41.0,0.0,51.8,51.8,350.0,825.6,-50.0,0.0,0.0,0.0,0.0,400.0,0.0,0.0,0.0,0.0,0.0,0.0,69.0,743.5,4.439,0.0,13.9595204,18.57221512781853,0.0,2.133895549988069,30.522888829237253,0.904744029430626,0.8957861677530949,6.782427764270402,0.0049561709442374,4.214403922312464,8.698949999999998,0.0,0.0,0.9999999999999984,10.0,8.0,8.0,68.5,20.500000000000004,98.0,0.9999999999999984,12.5,16.0,8.0,5.999999999999998,59.44041679404776,58.987388650282355,3.4334362981151534,118.65676749284181,34.72999999999997
528.0,13.6,11.7,743.5,0.0,0.0,0.0,23.0,48.2,50.0,48.2,50.0,48.2,8.69895,46.4,60.8,11299.256111111112,40677322.0,0.0,0.0,5.16319444444444,4.13055555555556,3.87239583333333,25036.1,24774.0,18453.8,17866.6,1880.0,4692.0,0.0,0.0,743.0,2327.0,3.86,16.0,3.86,154.0,0.0,11299.2561111111,0.0,68.5,156.2,45.5,49.0,119.3,100.4,68.9,33.8,0.2800000000000295,99.0,13.979,740.1,37.62,14.211,0.0,0.0,0.0,0.0,0.0,0.0,0.0,0.0,0.0,0.0,0.0,740.1,-0.9,3.0,0.0,0.0,0.0,908.0,2857.0,0.0,53.6,1.0,0.0,825.6,0.0,0.0,0.7000000000000001,13.0,0.0,41.0,0.0,51.8,51.8,350.0,825.6,-50.0,0.0,0.0,0.0,0.0,400.0,0.0,0.0,0.0,0.0,0.0,0.0,69.0,743.5,4.439,0.0,13.9414533,18.660078639685853,0.0,2.1544561013680106,30.543449380617197,0.904744029430626,0.8957861677530949,6.782427764270402,0.0049561709442374,4.214403922312464,8.698949999999998,0.0,0.0,0.9999999999999984,10.0,8.0,8.0,69.0,20.500000000000004,99.0,0.9999999999999984,12.5,16.0,8.0,5.999999999999998,59.549768414956645,58.987388650282355,3.4665177561635536,118.68984942001211,37.33999999999997
529.0,13.6,11.7,743.5,0.0,0.0,0.0,23.0,48.2,50.0,48.2,50.0,48.2,8.69895,46.4,60.8,11299.256111111112,40677322.0,0.0,0.0,5.16319444444444,4.13055555555556,3.87239583333333,25036.1,24774.0,18453.8,17866.6,1880.0,4692.0,0.0,0.0,743.0,2327.0,3.86,16.0,3.86,154.0,0.0,11299.2561111111,0.0,68.5,156.2,45.5,49.0,119.3,100.4,68.9,33.8,0.2800000000000295,99.0,13.979,740.1,37.62,14.211,0.0,0.0,0.0,0.0,0.0,0.0,0.0,0.0,0.0,0.0,0.0,739.5,-0.9,3.0,0.0,0.0,0.0,908.0,2857.0,0.0,53.6,1.0,0.0,825.6,0.0,0.0,0.7000000000000001,13.0,0.0,41.0,0.0,51.8,51.8,350.0,825.6,-50.0,0.0,0.0,0.0,0.0,400.0,0.0,0.0,0.0,0.0,0.0,0.0,69.0,743.1,4.439,0.0,13.9414533,18.660078639685853,0.0,2.1544561013680106,30.543449380617197,0.904744029430626,0.8957861677530949,6.782427764270402,0.0049561709442374,4.214403922312464,8.698949999999998,0.0,0.0,0.9999999999999984,10.0,8.0,8.0,69.0,20.500000000000004,99.0,0.9999999999999984,12.5,16.0,8.0,5.999999999999998,59.549768414956645,58.987388650282355,3.4665177561635536,118.68984942001211,37.33999999999997
530.0,13.6,14.0,743.1,0.0,0.0,0.0,23.0,48.2,50.0,48.2,48.2,48.2,10.4034,46.4,60.8,11299.256666666666,40677324.0,0.0,0.0,5.16041666666667,4.12833333333333,3.8703125,25036.1,24774.0,18453.8,17866.7,1880.0,4677.0,0.0,0.0,743.0,2327.0,3.86,16.0,3.86,152.0,0.0,11299.2566666667,0.0,68.5,156.2,45.5,49.0,119.3,100.4,68.9,33.8,0.0099999999999909,99.0,13.977,739.2,39.02,14.195,0.0,0.0,0.0,0.0,0.0,0.0,0.0,0.0,0.0,0.0,0.0,739.5,0.0,3.0,0.0,0.0,0.0,908.0,2857.0,0.0,53.6,1.0,0.0,825.6,0.0,0.0,0.7000000000000001,13.0,0.0,41.0,0.0,51.8,51.8,350.0,825.6,-50.0,0.0,0.0,0.0,0.0,400.0,0.0,0.0,0.0,0.0,0.0,0.0,69.0,743.1,4.439,0.0,13.9404767,18.660078639685853,0.0,2.1544561013680106,30.543449380617197,0.9108485450365326,0.9018302426104284,5.671222869446527,0.0060440748573333,3.523933425610858,10.4034,0.0,0.0,0.9999999999999984,10.0,8.0,8.0,69.0,20.500000000000004,99.0,0.9999999999999984,12.5,16.0,8.0,5.999999999999998,59.50290343456713,58.987388650282355,3.4665177561635536,118.68984942001211,39.01000000000001
531.0,13.6,14.0,743.1,0.0,0.0,0.0,23.0,48.2,50.0,48.2,48.2,48.2,10.4034,46.4,60.8,11299.256666666666,40677324.0,0.0,0.0,5.16041666666667,4.12833333333333,3.8703125,25036.1,24774.0,18453.8,17866.7,1880.0,4677.0,0.0,0.0,743.0,2327.0,3.86,16.0,3.86,152.0,0.0,11299.2566666667,0.0,68.5,156.2,45.5,49.0,119.3,100.4,68.9,33.8,0.0099999999999909,99.0,13.977,739.2,39.02,14.195,0.0,0.0,0.0,0.0,0.0,0.0,0.0,0.0,0.0,0.0,0.0,740.4000000000001,0.0,3.0,0.0,0.0,0.0,908.0,2857.0,0.0,53.6,1.0,0.0,825.6,0.0,0.0,0.7000000000000001,13.0,0.0,41.0,0.0,51.8,51.8,350.0,825.6,-50.0,0.0,0.0,0.0,0.0,400.0,0.0,0.0,0.0,0.0,0.0,0.0,69.0,743.1,4.442,0.0,13.9404767,18.660078639685853,0.0,2.1544561013680106,30.543449380617197,0.9108485450365326,0.9018302426104284,5.671222869446527,0.0060440748573333,3.523933425610858,10.4034,0.0,0.0,0.9999999999999984,10.0,8.0,8.0,69.0,20.500000000000004,99.0,0.9999999999999984,12.5,16.0,8.0,5.999999999999998,59.50290343456713,58.987388650282355,3.4665177561635536,118.68984942001211,39.01000000000001
532.0,13.5,14.1,743.0,0.0,0.0,0.0,23.0,48.2,50.0,48.2,50.0,48.2,10.4763,46.4,60.8,11299.257222222222,40677326.0,0.0,0.0,5.15972222222222,4.12777777777778,3.86979166666667,25036.1,24774.0,18453.8,17866.7,1880.0,4683.0,0.0,0.0,743.0,2327.0,3.86,16.0,3.86,154.0,0.0,11299.2572222222,0.0,68.5,,44.6,49.0,119.3,100.4,68.9,33.8,0.0099999999999909,99.0,13.977,739.2,39.02,14.195,0.0,0.0,0.0,0.0,0.0,0.0,0.0,0.0,0.0,0.0,0.0,740.4000000000001,0.0,3.0,0.0,0.0,0.0,908.0,2857.0,0.0,53.6,1.0,0.0,825.6,0.0,0.0,0.7000000000000001,13.0,0.0,41.0,0.0,51.8,51.8,350.0,825.6,-50.0,0.0,0.0,0.0,0.0,400.0,0.0,0.0,0.0,0.0,0.0,0.0,69.0,743.1,4.442,0.0,13.910690400000002,18.840063476760665,0.0,2.197205818022747,30.586199097271933,0.916916905467502,0.9078385202648532,5.631759304334547,0.0060082776544249,3.4994119106936616,10.476299999999998,0.0,0.0,0.9999999999999984,10.0,8.0,8.0,,20.500000000000004,,0.9999999999999984,12.5,16.0,8.0,5.999999999999998,59.549768414956645,58.987388650282355,3.535302307761527,118.75863371410959,39.01000000000001
533.0,13.5,14.1,743.0,0.0,0.0,0.0,23.0,48.2,50.0,48.2,50.0,48.2,10.4763,46.4,60.8,11299.257222222222,40677326.0,0.0,0.0,5.15972222222222,4.12777777777778,3.86979166666667,25036.1,24774.0,18453.8,17866.7,1880.0,4683.0,0.0,0.0,743.0,2327.0,3.86,16.0,3.86,154.0,0.0,11299.2572222222,0.0,68.5,,44.6,49.0,119.3,100.4,68.9,33.8,0.0099999999999909,99.0,13.977,739.2,39.02,14.195,0.0,0.0,0.0,0.0,0.0,0.0,0.0,0.0,0.0,0.0,0.0,739.8000000000001,0.0,3.0,0.0,0.0,0.0,908.0,2857.0,0.0,53.6,1.0,0.0,825.6,0.0,0.0,0.7000000000000001,13.0,0.0,41.0,0.0,51.8,51.8,350.0,825.6,-50.0,0.0,0.0,0.0,0.0,400.0,0.0,0.0,0.0,0.0,0.0,0.0,69.0,743.0,4.44,0.0,13.910690400000002,18.840063476760665,0.0,2.197205818022747,30.586199097271933,0.916916905467502,0.9078385202648532,5.631759304334547,0.0060082776544249,3.4994119106936616,10.476299999999998,0.0,0.0,0.9999999999999984,10.0,8.0,8.0,,20.500000000000004,,0.9999999999999984,12.5,16.0,8.0,5.999999999999998,59.549768414956645,58.987388650282355,3.535302307761527,118.75863371410959,39.01000000000001
534.0,13.5,14.1,742.9,0.0,0.0,0.0,23.0,48.2,50.0,48.2,48.2,48.2,10.47489,46.4,60.8,11299.257777777775,40677328.0,0.0,0.0,5.15902777777778,4.12722222222222,3.86927083333333,25036.1,24774.0,18453.8,17866.7,1880.0,4684.0,0.0,0.0,743.0,2329.0,3.86,16.0,3.86,154.0,0.0,11299.2577777778,0.0,68.5,156.2,44.6,49.0,119.3,100.4,68.9,33.8,-1.1899999999999975,99.0,13.946,738.8000000000001,42.1,14.199,0.0,0.0,0.0,0.0,0.0,0.0,0.0,0.0,0.0,0.0,0.0,739.8000000000001,0.8,3.0,0.0,0.0,0.0,908.0,2857.0,0.0,53.6,1.0,0.0,825.6,0.0,0.0,0.7000000000000001,13.0,0.0,41.0,0.0,51.8,51.8,350.0,825.6,-50.0,0.0,0.0,0.0,0.0,400.0,0.0,0.0,0.0,0.0,0.0,0.0,69.0,743.0,4.44,0.0,13.910690400000002,18.9197102694724,0.0,2.2164005955221504,30.605393874771337,0.9225726628718984,0.9134382800711868,5.632517382044107,0.0055997598063333,3.4998829581981292,10.47489,0.0,0.0,0.9999999999999984,10.0,8.0,8.0,69.0,20.500000000000004,99.0,0.9999999999999984,12.5,16.0,8.0,5.999999999999998,59.72160667638491,58.987388650282355,3.5661862594643816,118.78951811110613,43.29
535.0,13.5,14.1,742.9,0.0,0.0,0.0,23.0,48.2,50.0,48.2,48.2,48.2,10.47489,46.4,60.8,11299.257777777775,40677328.0,0.0,0.0,5.15902777777778,4.12722222222222,3.86927083333333,25036.1,24774.0,18453.8,17866.7,1900.0,4684.0,0.0,0.0,743.0,2329.0,3.86,16.0,3.86,154.0,0.0,11299.2577777778,0.0,68.5,156.2,44.6,49.0,119.3,100.4,68.9,33.8,-1.1899999999999975,99.0,13.946,738.8000000000001,42.1,14.199,0.0,0.0,0.0,0.0,0.0,0.0,0.0,0.0,0.0,0.0,0.0,739.4000000000001,0.8,3.0,0.0,0.0,0.0,908.0,2857.0,0.0,53.6,1.0,0.0,825.6,0.0,0.0,0.7000000000000001,13.0,0.0,41.0,0.0,51.8,51.8,350.0,825.6,-50.0,0.0,0.0,0.0,0.0,400.0,0.0,0.0,0.0,0.0,0.0,0.0,69.0,743.0,4.442,0.0,13.910690400000002,18.9197102694724,0.0,2.2164005955221504,30.605393874771337,0.9225726628718984,0.9134382800711868,5.632517382044107,0.0055997598063333,3.4998829581981292,10.47489,0.0,0.0,0.9999999999999984,10.0,8.0,8.0,69.0,20.500000000000004,99.0,0.9999999999999984,12.5,16.0,8.0,5.999999999999998,59.72160667638491,58.987388650282355,3.5661862594643816,118.78951811110613,43.29
536.0,13.5,14.3,743.0,0.0,0.0,0.0,23.0,48.2,50.0,48.2,50.0,48.2,10.6249,46.4,60.8,11299.258333333331,40677330.0,0.0,0.0,5.15972222222222,4.12777777777778,3.86979166666667,25036.1,24774.0,18453.8,17866.7,1900.0,4694.0,0.0,0.0,743.0,2329.0,3.86,16.0,3.86,154.0,0.0,11299.2583333333,0.0,68.5,155.3,44.6,49.0,119.3,100.4,68.9,33.8,-0.3799999999999954,99.0,13.948,739.0,40.98,14.212,0.0,0.0,0.0,0.0,0.0,0.0,0.0,0.0,0.0,0.0,0.0,739.4000000000001,-0.9,3.0,0.0,0.0,0.0,908.0,2857.0,0.0,53.6,1.0,0.0,825.6,0.0,0.0,0.7000000000000001,13.0,0.0,41.0,0.0,51.8,51.8,350.0,825.6,-50.0,0.0,0.0,0.0,0.0,400.0,0.0,0.0,0.0,0.0,0.0,0.0,69.0,743.0,4.442,0.0,13.910690400000002,19.004486473212573,0.0,2.2370214199077387,30.62601469915693,0.9285593956235648,0.9193657382411532,5.552993439938259,0.0059274581699666,3.450469086767876,10.6249,0.0,0.0,0.9999999999999984,10.0,8.0,8.0,68.5,20.500000000000004,96.0,0.9999999999999984,12.5,16.0,8.0,5.999999999999998,59.72160667638491,58.987388650282355,3.599365323617073,118.82269701754254,41.35999999999999
537.0,13.5,14.3,743.0,0.0,0.0,0.0,23.0,48.2,50.0,48.2,50.0,48.2,10.6249,46.4,60.8,11299.258333333331,40677330.0,0.0,0.0,5.15972222222222,4.12777777777778,3.86979166666667,25036.1,24774.0,18453.8,17866.7,1900.0,4694.0,0.0,0.0,743.0,2329.0,3.86,16.0,3.86,154.0,0.0,11299.2583333333,0.0,68.5,155.3,44.6,49.0,119.3,100.4,68.9,33.8,-0.3799999999999954,99.0,13.948,739.0,40.98,14.212,0.0,0.0,0.0,0.0,0.0,0.0,0.0,0.0,0.0,0.0,0.0,739.7,-0.9,3.0,0.0,0.0,0.0,908.0,2857.0,0.0,53.6,1.0,0.0,825.6,0.0,0.0,0.7000000000000001,13.0,0.0,41.0,0.0,51.8,51.8,350.0,825.6,-50.0,0.0,0.0,0.0,0.0,400.0,0.0,0.0,0.0,0.0,0.0,0.0,69.0,743.0,4.442,0.0,13.910690400000002,19.004486473212573,0.0,2.2370214199077387,30.62601469915693,0.9285593956235648,0.9193657382411532,5.552993439938259,0.0059274581699666,3.450469086767876,10.6249,0.0,0.0,0.9999999999999984,10.0,8.0,8.0,68.5,20.500000000000004,96.0,0.9999999999999984,12.5,16.0,7.000000000000001,5.999999999999998,59.72160667638491,58.987388650282355,3.599365323617073,118.82269701754254,41.35999999999999
538.0,13.5,14.2,743.2,0.0,0.0,0.0,23.0,48.2,50.0,48.2,50.0,48.2,10.55344,46.4,60.8,11299.25888888889,40677332.0,0.0,0.0,5.16111111111111,4.12888888888889,3.87083333333333,25036.1,24774.1,18453.8,17866.7,1900.0,4703.0,0.0,0.0,743.0,2329.0,3.86,16.0,3.86,93.0,0.0,11299.2588888889,0.0,68.5,153.5,44.6,49.0,119.3,100.4,69.80000000000001,33.8,-0.3799999999999954,99.0,13.948,739.0,40.98,14.212,0.0,0.0,0.0,0.0,0.0,0.0,0.0,0.0,0.0,0.0,0.0,739.7,-0.9,3.0,0.0,0.0,0.0,908.0,2857.0,0.0,53.6,1.0,0.0,825.6,0.0,0.0,0.7000000000000001,13.0,0.0,41.0,0.0,51.8,51.8,350.0,825.6,-50.0,0.0,0.0,0.0,0.0,400.0,0.0,0.0,0.0,0.0,0.0,0.0,69.0,743.0,4.442,0.0,13.9287575,19.08531807438658,0.0,2.2568680157877994,30.645861295036987,0.9344583879766828,0.9252063247293888,5.590594156976303,0.0058405864882355,3.4738330819145227,10.55344,0.0,0.0,0.9999999999999984,10.0,8.0,8.0,67.5,21.000000000000007,94.0,0.9999999999999984,12.5,16.0,7.000000000000001,5.999999999999998,59.8309582972938,58.987388650282355,3.6312986658796307,118.85463019031356,41.35999999999999
539.0,13.6,11.8,743.5,0.0,0.0,0.0,23.0,48.2,50.0,48.2,48.2,48.2,8.7733,46.4,60.8,11299.259444444444,40677334.0,0.0,0.0,5.16319444444444,4.13055555555556,3.87239583333333,25036.1,24774.1,18453.8,17866.7,1900.0,4696.0,0.0,0.0,744.0,2329.0,3.86,16.0,3.86,155.0,0.0,11299.2594444444,0.0,68.5,152.60000000000002,44.6,49.0,119.3,100.4,69.80000000000001,33.8,-0.3799999999999954,99.0,13.948,739.0,40.98,14.212,0.0,0.0,0.0,0.0,0.0,0.0,0.0,0.0,0.0,0.0,0.0,740.1,-0.9,3.0,0.0,0.0,0.0,908.0,2857.0,0.0,53.6,1.0,0.0,825.6,0.0,0.0,0.7000000000000001,13.0,0.0,41.0,0.0,51.8,51.8,350.0,825.6,-50.0,0.0,0.0,0.0,0.0,400.0,0.0,0.0,0.0,0.0,0.0,0.0,69.0,743.4000000000001,4.439,0.0,13.9287575,19.08531807438658,0.0,2.2568680157877994,30.645861295036987,0.938973406733328,0.9296766403300278,6.724949562878277,0.0044703156006388,4.178688634835238,8.7733,0.0,0.0,0.9999999999999984,10.0,8.0,8.0,67.00000000000001,21.000000000000007,93.0,0.9999999999999984,12.5,16.0,7.000000000000001,5.999999999999998,59.8309582972938,58.987388650282355,3.6312986658796307,118.85463019031356,41.35999999999999
540.0,13.6,11.8,743.5,0.0,0.0,0.0,23.0,48.2,50.0,48.2,48.2,48.2,8.7733,46.4,60.8,11299.259444444444,40677334.0,0.0,0.0,5.16319444444444,4.13055555555556,3.87239583333333,25036.1,24774.1,18453.8,17866.7,1900.0,4696.0,0.0,0.0,744.0,2329.0,3.86,16.0,3.86,155.0,0.0,11299.2594444444,0.0,68.5,152.60000000000002,44.6,49.0,119.3,100.4,69.80000000000001,33.8,-0.3799999999999954,99.0,13.948,739.0,40.98,14.212,0.0,0.0,0.0,0.0,0.0,0.0,0.0,0.0,0.0,0.0,0.0,740.1,-0.9,3.0,0.0,0.0,0.0,908.0,2857.0,0.0,53.6,1.0,0.0,825.6,0.0,0.0,0.7000000000000001,13.0,0.0,41.0,0.0,51.8,51.8,350.0,825.6,-50.0,0.0,0.0,0.0,0.0,400.0,0.0,0.0,0.0,0.0,0.0,0.0,69.0,743.4000000000001,4.439,0.0,13.9287575,19.08531807438658,0.0,2.2568680157877994,30.645861295036987,0.938973406733328,0.9296766403300278,6.724949562878277,0.0044703156006388,4.178688634835238,8.7733,0.0,0.0,0.9999999999999984,10.0,8.0,8.0,67.00000000000001,21.000000000000007,93.0,0.9999999999999984,12.5,16.0,7.000000000000001,5.999999999999998,59.8309582972938,58.987388650282355,3.6312986658796307,118.85463019031356,41.35999999999999
541.0,13.6,11.9,743.3,0.0,0.0,0.0,23.0,48.2,50.0,48.2,48.2,48.2,8.84527,46.4,60.8,11299.259722222225,40677335.0,0.0,0.0,5.16180555555556,4.12944444444444,3.87135416666667,25036.1,24774.1,18453.8,17866.7,1900.0,4692.0,0.0,0.0,743.0,2329.0,3.86,16.0,3.86,93.0,0.0,11299.2597222222,0.0,68.5,151.7,43.7,49.0,120.2,100.4,69.80000000000001,33.8,,,,,,,0.0,0.0,0.0,0.0,0.0,0.0,0.0,0.0,0.0,0.0,0.0,741.2,,,0.0,0.0,0.0,908.0,2857.0,0.0,53.6,1.0,0.0,825.6,0.0,0.0,0.7000000000000001,13.0,0.0,41.0,0.0,51.8,51.8,350.0,825.6,-50.0,0.0,0.0,0.0,0.0,400.0,0.0,0.0,0.0,0.0,0.0,0.0,69.0,743.6,4.441,0.0,13.9287575,19.23655899451728,0.0,2.294497012447308,30.683490291696497,0.9434405653777668,0.9340995696809572,6.670231660537214,0.0044229293509294,4.144688517139669,8.845270000000001,0.0,0.0,0.9999999999999984,10.0,8.0,8.0,66.5,21.000000000000007,91.0,0.9999999999999984,,,7.000000000000001,5.999999999999998,59.8309582972938,58.987388650282355,3.6918437148395378,118.9151752459387,
542.0,13.6,11.9,743.3,0.0,0.0,0.0,23.0,48.2,50.0,48.2,48.2,48.2,8.84527,46.4,60.8,11299.259722222225,40677335.0,0.0,0.0,5.16180555555556,4.12944444444444,3.87135416666667,25036.1,24774.1,18453.8,17866.7,1900.0,4692.0,0.0,0.0,743.0,2329.0,3.86,16.0,3.86,93.0,0.0,11299.2597222222,0.0,68.5,151.7,43.7,49.0,120.2,100.4,69.80000000000001,33.8,,,,,,,0.0,0.0,0.0,0.0,0.0,0.0,0.0,0.0,0.0,0.0,0.0,741.2,3.9,3.0,0.0,0.0,0.0,908.0,2857.0,0.0,53.6,1.0,0.0,825.6,0.0,0.0,0.7000000000000001,13.0,0.0,41.0,0.0,51.8,51.8,350.0,825.6,-50.0,0.0,0.0,0.0,0.0,400.0,0.0,0.0,0.0,0.0,0.0,0.0,69.0,743.1,4.441,0.0,13.950731,19.23655899451728,0.0,2.294497012447308,30.683490291696497,0.9434405653777668,0.9340995696809572,6.670231660537214,0.0044229293509294,4.144688517139669,8.845270000000001,0.0,0.0,0.9999999999999984,10.0,8.0,8.0,66.5,21.000000000000007,91.0,0.9999999999999984,,,7.000000000000001,5.999999999999998,59.549768414956645,58.987388650282355,3.6918437148395378,118.9151752459387,
543.0,13.6,11.8,743.3,0.0,0.0,0.0,23.0,48.2,50.0,48.2,50.0,48.2,8.77094,46.4,60.8,11299.260277777776,40677337.0,0.0,0.0,5.16180555555556,4.12944444444444,3.87135416666667,25036.1,24774.1,18453.8,17866.7,1900.0,4689.0,0.0,0.0,743.0,2329.0,3.86,16.0,3.86,154.0,0.0,11299.2602777778,0.0,68.5,150.8,43.7,49.0,120.2,100.4,69.80000000000001,33.8,,,,,,,0.0,0.0,0.0,0.0,0.0,0.0,0.0,0.0,0.0,0.0,0.0,739.6,3.9,3.0,0.0,0.0,0.0,908.0,2857.0,0.0,53.6,1.0,0.0,825.6,0.0,0.0,0.7000000000000001,13.0,0.0,41.0,0.0,51.8,51.8,350.0,825.6,-50.0,0.0,0.0,0.0,0.0,400.0,0.0,0.0,0.0,0.0,0.0,0.0,69.0,743.1,4.441,0.0,13.950731,19.313490753600018,0.0,2.3138893859858425,30.702882665235027,0.9480901266830154,0.9387030957257578,6.726759047490918,0.0046035260448005,4.179812996098479,8.770940000000001,0.0,0.0,0.9999999999999984,10.0,8.0,8.0,66.0,21.000000000000007,89.0,0.9999999999999984,,,7.000000000000001,5.999999999999998,59.549768414956645,58.987388650282355,3.7230462639826465,118.9463775749622,
544.0,13.6,11.8,743.3,0.0,0.0,0.0,23.0,48.2,50.0,48.2,50.0,48.2,8.77094,46.4,60.8,11299.260277777776,40677337.0,0.0,0.0,5.16180555555556,4.12944444444444,3.87135416666667,25036.1,24774.1,18453.8,17866.7,1900.0,4689.0,0.0,0.0,743.0,2329.0,3.86,16.0,3.86,154.0,0.0,11299.2602777778,0.0,68.5,150.8,43.7,49.0,120.2,100.4,69.80000000000001,33.8,0.3899999999999863,99.0,13.979,739.3000000000001,35.15,14.207,0.0,0.0,0.0,0.0,0.0,0.0,0.0,0.0,0.0,0.0,0.0,739.6,1.9,3.0,0.0,0.0,0.0,908.0,2857.0,0.0,53.6,1.0,0.0,825.6,0.0,0.0,0.7000000000000001,13.0,0.0,41.0,0.0,51.8,51.8,350.0,825.6,-50.0,0.0,0.0,0.0,0.0,400.0,0.0,0.0,0.0,0.0,0.0,0.0,69.0,743.1,4.441,0.0,13.950731,19.313490753600018,0.0,2.3138893859858425,30.702882665235027,0.9480901266830154,0.9387030957257578,6.726759047490918,0.0046035260448005,4.179812996098479,8.770940000000001,0.0,0.0,0.9999999999999984,10.0,8.0,8.0,66.0,21.000000000000007,89.0,0.9999999999999984,12.5,16.0,7.000000000000001,5.999999999999998,59.549768414956645,58.987388650282355,3.7230462639826465,118.9463775749622,34.76000000000001
545.0,13.6,11.8,743.4,0.0,0.0,0.0,23.0,48.2,50.0,48.2,48.2,48.2,8.77212,46.4,60.8,11299.260833333334,40677339.0,0.0,0.0,5.1625,4.13,3.871875,25036.1,24774.1,18453.8,17866.7,1900.0,4693.0,0.0,0.0,743.0,2329.0,3.86,16.0,3.86,154.0,0.0,11299.2608333333,0.0,68.5,149.9,43.7,49.0,120.2,100.4,69.80000000000001,33.8,0.3899999999999863,99.0,13.979,739.3000000000001,35.15,14.207,0.0,0.0,0.0,0.0,0.0,0.0,0.0,0.0,0.0,0.0,0.0,740.0,1.9,3.0,0.0,0.0,0.0,908.0,2857.0,0.0,53.6,1.0,0.0,825.6,0.0,0.0,0.7000000000000001,13.0,0.0,41.0,0.0,51.8,51.8,350.0,825.6,-50.0,0.0,0.0,0.0,0.0,400.0,0.0,0.0,0.0,0.0,0.0,0.0,69.0,743.6,4.441,0.0,13.950731,19.313490753600018,0.0,2.3138893859858425,30.702882665235027,0.9531754870140832,0.9437381059545378,6.725854183481301,0.00503501022878,4.179250739843959,8.772120000000001,0.0,0.0,0.9999999999999984,10.0,8.0,8.0,65.5,21.000000000000007,88.0,0.9999999999999984,12.5,16.0,7.000000000000001,5.999999999999998,59.549768414956645,58.987388650282355,3.7230462639826465,118.9463775749622,34.76000000000001
546.0,13.6,11.8,743.4,0.0,0.0,0.0,23.0,48.2,50.0,48.2,48.2,48.2,8.77212,46.4,60.8,11299.260833333334,40677339.0,0.0,0.0,5.1625,4.13,3.871875,25036.1,24774.1,18453.8,17866.7,1900.0,4693.0,0.0,0.0,743.0,2329.0,3.86,16.0,3.86,154.0,0.0,11299.2608333333,0.0,68.5,149.9,43.7,49.0,120.2,100.4,69.80000000000001,33.8,0.3899999999999863,99.0,13.979,739.3000000000001,35.15,14.207,0.0,0.0,0.0,0.0,0.0,0.0,0.0,0.0,0.0,0.0,0.0,740.0,1.9,3.0,0.0,0.0,0.0,908.0,2857.0,0.0,53.6,1.0,0.0,825.6,0.0,0.0,0.7000000000000001,13.0,0.0,41.0,0.0,51.8,51.8,350.0,825.6,-50.0,0.0,0.0,0.0,0.0,400.0,0.0,0.0,0.0,0.0,0.0,0.0,69.0,743.6,4.44,0.0,13.9497544,19.313490753600018,0.0,2.3138893859858425,30.702882665235027,0.9531754870140832,0.9437381059545378,6.725854183481301,0.00503501022878,4.179250739843959,8.772120000000001,0.0,0.0,0.9999999999999984,10.0,8.0,8.0,65.5,21.000000000000007,88.0,0.9999999999999984,12.5,16.0,7.000000000000001,5.999999999999998,59.67474169599538,58.987388650282355,3.7230462639826465,118.9463775749622,34.76000000000001
547.0,13.6,12.1,743.5,0.0,0.0,0.0,23.0,48.2,50.0,48.2,48.2,48.2,8.99635,46.4,60.8,11299.261388888888,40677341.0,0.0,0.0,5.16319444444444,4.13055555555556,3.87239583333333,25036.1,24774.1,18453.8,17866.7,1900.0,4687.0,0.0,0.0,743.0,2329.0,3.86,16.0,3.86,154.0,0.0,11299.2613888889,0.0,68.5,149.9,43.7,49.0,120.2,100.4,69.80000000000001,32.9,0.3899999999999863,99.0,13.979,739.3000000000001,35.15,14.207,0.0,0.0,0.0,0.0,0.0,0.0,0.0,0.0,0.0,0.0,0.0,739.9000000000001,1.9,3.0,0.0,0.0,0.0,908.0,2857.0,0.0,53.6,1.0,0.0,825.6,0.0,0.0,0.7000000000000001,13.0,0.0,41.0,0.0,51.8,51.8,350.0,825.6,-50.0,0.0,0.0,0.0,0.0,400.0,0.0,0.0,0.0,0.0,0.0,0.0,69.0,743.6,4.44,0.0,13.9497544,19.46940339973443,0.0,2.353723007635409,30.74271628688459,0.9578591691551076,0.9483754150050572,6.558215276195346,0.0046373090505194,4.075084784384778,8.99635,0.0,0.0,0.9999999999999984,10.0,8.0,8.0,65.5,21.000000000000007,89.0,0.4999999999999992,12.5,16.0,7.000000000000001,5.999999999999998,59.67474169599538,58.987388650282355,3.787138943940529,119.01046987219635,34.76000000000001
548.0,13.6,12.1,743.5,0.0,0.0,0.0,23.0,48.2,50.0,48.2,48.2,48.2,8.99635,46.4,60.8,11299.261388888888,40677341.0,0.0,0.0,5.16319444444444,4.13055555555556,3.87239583333333,25036.1,24774.1,18453.8,17866.7,1900.0,4687.0,0.0,0.0,743.0,2329.0,3.86,16.0,3.86,154.0,0.0,11299.2613888889,0.0,68.5,149.9,43.7,49.0,120.2,100.4,69.80000000000001,32.9,,,,,,,0.0,0.0,0.0,0.0,0.0,0.0,0.0,0.0,0.0,0.0,0.0,739.9000000000001,1.9,3.0,0.0,0.0,0.0,908.0,2857.0,0.0,53.6,1.0,0.0,825.6,0.0,0.0,0.7000000000000001,13.0,0.0,41.0,0.0,51.8,51.8,350.0,825.6,-50.0,0.0,0.0,0.0,0.0,400.0,0.0,0.0,0.0,0.0,0.0,0.0,69.0,743.5,4.442,0.0,13.9404767,19.46940339973443,0.0,2.353723007635409,30.74271628688459,0.9578591691551076,0.9483754150050572,6.558215276195346,0.0046373090505194,4.075084784384778,8.99635,0.0,0.0,0.9999999999999984,10.0,8.0,8.0,65.5,21.000000000000007,89.0,0.4999999999999992,,,7.000000000000001,5.999999999999998,59.61225505547601,58.987388650282355,3.787138943940529,119.01046987219635,
549.0,13.5,12.1,743.4,0.0,0.0,0.0,23.0,48.2,50.0,48.2,50.0,48.2,8.99514,46.4,60.8,11299.261944444444,40677343.0,0.0,0.0,5.1625,4.13,3.871875,25036.1,24774.1,18453.8,17866.7,1880.0,4698.0,0.0,0.0,743.0,2329.0,3.86,16.0,3.86,154.0,0.0,11299.2619444444,0.0,68.5,149.9,43.7,50.0,120.2,101.3,69.80000000000001,32.9,-1.6800000000000068,99.0,13.948,740.3000000000001,39.7,14.202,0.0,0.0,0.0,0.0,0.0,0.0,0.0,0.0,0.0,0.0,0.0,740.4000000000001,,,0.0,0.0,0.0,908.0,2857.0,0.0,53.6,1.0,0.0,825.6,0.0,0.0,0.7000000000000001,13.0,0.0,41.0,0.0,51.8,51.8,350.0,825.6,-50.0,0.0,0.0,0.0,0.0,400.0,0.0,0.0,0.0,0.0,0.0,0.0,69.0,743.5,4.442,0.0,13.9404767,19.54436780857355,0.0,2.3731340223097113,30.7621273015589,0.9627580944736374,0.9532258361125122,6.559097468188377,0.0048504211074549,4.075632952905681,8.99514,0.0,0.0,0.9999999999999984,10.0,8.0,8.0,65.5,21.000000000000007,91.0,0.4999999999999992,12.5,15.0,7.000000000000001,5.999999999999998,59.61225505547601,58.987388650282355,3.8183710342955814,119.0417021948073,41.38000000000001
550.0,13.5,12.1,743.4,0.0,0.0,0.0,23.0,48.2,50.0,48.2,50.0,48.2,8.99514,46.4,60.8,11299.261944444444,40677343.0,0.0,0.0,5.1625,4.13,3.871875,25036.1,24774.1,18453.8,17866.7,1880.0,4698.0,0.0,0.0,743.0,2329.0,3.86,16.0,3.86,154.0,0.0,11299.2619444444,0.0,68.5,149.9,43.7,50.0,120.2,101.3,69.80000000000001,32.9,-1.6800000000000068,99.0,13.948,740.3000000000001,39.7,14.202,0.0,0.0,0.0,0.0,0.0,0.0,0.0,0.0,0.0,0.0,0.0,740.4000000000001,2.5,3.0,0.0,0.0,0.0,908.0,2857.0,0.0,53.6,1.0,0.0,825.6,0.0,0.0,0.7000000000000001,13.0,0.0,41.0,0.0,51.8,51.8,350.0,825.6,-50.0,0.0,0.0,0.0,0.0,400.0,0.0,0.0,0.0,0.0,0.0,0.0,69.0,743.8000000000001,4.441,0.0,13.9404767,19.54436780857355,0.0,2.3731340223097113,30.7621273015589,0.9627580944736374,0.9532258361125122,6.559097468188377,0.0048504211074549,4.075632952905681,8.99514,0.0,0.0,0.9999999999999984,10.0,8.0,8.0,65.5,21.000000000000007,91.0,0.4999999999999992,12.5,15.0,7.000000000000001,5.999999999999998,59.61225505547601,58.987388650282355,3.8183710342955814,119.0417021948073,41.38000000000001
551.0,13.5,9.9,743.8,0.0,0.0,0.0,23.0,48.2,50.0,48.2,48.2,48.2,7.36362,46.4,60.8,11299.2625,40677345.0,0.0,0.0,5.16527777777778,4.13222222222222,3.87395833333333,25036.1,24774.1,18453.8,17866.7,1880.0,4696.0,0.0,0.0,744.0,2326.0,3.86,16.0,3.86,154.0,0.0,11299.2625,0.0,68.5,150.8,43.7,50.0,120.2,101.3,69.80000000000001,32.9,-1.6800000000000068,99.0,13.948,740.3000000000001,39.7,14.202,0.0,0.0,0.0,0.0,0.0,0.0,0.0,0.0,0.0,0.0,0.0,741.4000000000001,-2.6,3.0,0.0,0.0,0.0,908.0,2857.0,0.0,53.6,1.0,0.0,825.6,0.0,0.0,0.7000000000000001,13.0,0.0,41.0,0.0,51.8,51.8,350.0,825.6,-50.0,0.0,0.0,0.0,0.0,400.0,0.0,0.0,0.0,0.0,0.0,0.0,69.0,743.8000000000001,4.441,0.0,13.9404767,19.54436780857355,0.0,2.3731340223097113,30.7621273015589,0.9668411072225284,0.9572684229926022,8.012363484264533,0.00404258688009,4.978650310580937,7.36362,0.0,0.0,0.9999999999999984,10.0,8.0,8.0,66.0,21.000000000000007,93.0,0.4999999999999992,12.5,15.0,7.000000000000001,5.999999999999998,59.61225505547601,58.987388650282355,3.8183710342955814,119.0417021948073,41.38000000000001
552.0,13.5,9.9,743.8,0.0,0.0,0.0,23.0,48.2,50.0,48.2,48.2,48.2,7.36362,46.4,60.8,11299.2625,40677345.0,0.0,0.0,5.16527777777778,4.13222222222222,3.87395833333333,25036.1,24774.1,18453.8,17866.7,1880.0,4696.0,0.0,0.0,744.0,2326.0,3.86,16.0,3.86,154.0,0.0,11299.2625,0.0,68.5,150.8,43.7,50.0,120.2,101.3,69.80000000000001,32.9,-1.6800000000000068,99.0,13.948,740.3000000000001,39.7,14.202,0.0,0.0,0.0,0.0,0.0,0.0,0.0,0.0,0.0,0.0,0.0,739.8000000000001,-2.6,3.0,0.0,0.0,0.0,908.0,2857.0,0.0,53.6,1.0,0.0,825.6,0.0,0.0,0.7000000000000001,13.0,0.0,41.0,0.0,51.8,51.8,350.0,825.6,-50.0,0.0,0.0,0.0,0.0,400.0,0.0,0.0,0.0,0.0,0.0,0.0,69.0,743.4000000000001,4.438,,,19.54436780857355,0.0,2.3731340223097113,30.7621273015589,0.9668411072225284,0.9572684229926022,8.012363484264533,0.00404258688009,4.978650310580937,7.36362,0.0,0.0,0.9999999999999984,10.0,8.0,8.0,66.0,21.000000000000007,93.0,0.4999999999999992,12.5,15.0,7.000000000000001,5.999999999999998,,58.987388650282355,3.8183710342955814,119.0417021948073,41.38000000000001
553.0,13.5,12.3,743.0,0.0,0.0,0.0,23.0,48.2,50.0,48.2,50.0,48.2,9.1389,46.4,60.8,11299.263055555555,40677347.0,0.0,0.0,5.15972222222222,4.12777777777778,3.86979166666667,25036.1,24774.1,18453.8,17866.7,1880.0,4691.0,0.0,0.0,743.0,2326.0,3.86,16.0,3.86,154.0,0.0,11299.2630555556,0.0,68.0,151.7,42.8,50.0,120.2,101.3,69.80000000000001,32.9,-0.3100000000000023,99.0,13.949,739.2,46.12,14.22,0.0,0.0,0.0,0.0,0.0,0.0,0.0,0.0,0.0,0.0,0.0,739.8000000000001,5.1000000000000005,3.0,0.0,0.0,0.0,908.0,2857.0,0.0,53.6,1.0,0.0,825.6,0.0,0.0,0.7000000000000001,13.0,0.0,41.0,0.0,51.8,51.8,350.0,825.6,-50.0,0.0,0.0,0.0,0.0,400.0,0.0,0.0,0.0,0.0,0.0,0.0,69.0,743.4000000000001,4.438,,,19.690411870115927,0.0,2.411442177682335,30.80043545693152,0.9714851850889864,0.9618665198900856,6.455919202529846,0.0045980968974833,4.011520970795173,9.1389,0.0,0.0,0.9999999999999984,10.0,8.0,8.0,66.5,21.000000000000007,94.0,0.4999999999999992,12.5,15.0,7.000000000000001,5.999999999999998,,58.987388650282355,3.8800091261213328,119.10334001680187,46.43
554.0,13.5,12.3,743.0,0.0,0.0,0.0,23.0,48.2,50.0,48.2,50.0,48.2,9.1389,46.4,60.8,11299.263055555555,40677347.0,0.0,0.0,5.15972222222222,4.12777777777778,3.86979166666667,25036.1,24774.1,18453.8,17866.7,1880.0,4691.0,0.0,0.0,743.0,2326.0,3.86,16.0,3.86,154.0,0.0,11299.2630555556,0.0,68.0,151.7,42.8,50.0,120.2,101.3,69.80000000000001,32.9,-0.3100000000000023,99.0,13.949,739.2,46.12,14.22,0.0,0.0,0.0,0.0,0.0,0.0,0.0,0.0,0.0,0.0,0.0,740.1,5.1000000000000005,3.0,0.0,0.0,0.0,908.0,2857.0,0.0,53.6,1.0,0.0,825.6,0.0,0.0,0.7000000000000001,13.0,0.0,41.0,0.0,51.8,51.8,350.0,825.6,-50.0,0.0,0.0,0.0,0.0,400.0,0.0,0.0,0.0,0.0,0.0,0.0,69.0,743.5,4.435,,,19.690411870115927,0.0,2.411442177682335,30.80043545693152,0.9714851850889864,0.9618665198900856,6.455919202529846,0.0045980968974833,4.011520970795173,9.1389,0.0,0.0,0.9999999999999984,10.0,8.0,8.0,66.5,21.000000000000007,94.0,0.4999999999999992,12.5,15.0,7.000000000000001,5.999999999999998,,58.987388650282355,3.8800091261213328,119.10334001680187,46.43
555.0,13.5,12.4,743.4,0.0,0.0,0.0,23.0,48.2,50.0,48.2,48.2,48.2,9.21816,46.4,60.8,11299.263611111111,40677349.0,0.0,0.0,5.1625,4.13,3.871875,25036.1,24774.1,18453.8,17866.7,1880.0,4689.0,0.0,0.0,743.0,2326.0,3.86,16.0,3.86,154.0,0.0,11299.2636111111,0.0,68.0,151.7,42.8,50.0,120.2,101.3,69.80000000000001,32.9,0.0300000000000295,99.0,13.952,739.6,41.25,14.216,0.0,0.0,0.0,0.0,0.0,0.0,0.0,0.0,0.0,0.0,0.0,740.1,-10.8,3.0,0.0,0.0,0.0,908.0,2857.0,0.0,53.6,1.0,0.0,825.6,0.0,0.0,0.7000000000000001,13.0,0.0,41.0,0.0,51.8,51.8,350.0,825.6,-50.0,0.0,0.0,0.0,0.0,400.0,0.0,0.0,0.0,0.0,0.0,0.0,69.0,743.5,4.435,,,19.76466588562784,0.0,2.4311731985206393,30.820166477769824,0.9765220165325394,0.9668534817153857,6.400409626216078,0.0049869618252999,3.9770289298515102,9.21816,0.0,0.0,0.9999999999999984,10.0,8.0,8.0,66.5,21.000000000000007,94.0,0.4999999999999992,12.5,15.0,7.000000000000001,5.999999999999998,,58.987388650282355,3.911756740036571,119.13508722933068,41.21999999999997
556.0,13.5,12.4,743.4,0.0,0.0,0.0,23.0,48.2,50.0,48.2,48.2,48.2,9.21816,46.4,60.8,11299.263611111111,40677349.0,0.0,0.0,5.1625,4.13,3.871875,25036.1,24774.1,18453.8,17866.7,1880.0,4689.0,0.0,0.0,743.0,2326.0,3.86,16.0,3.86,154.0,0.0,11299.2636111111,0.0,68.0,151.7,42.8,50.0,120.2,101.3,69.80000000000001,32.9,0.0300000000000295,99.0,13.952,739.6,41.25,14.216,0.0,0.0,0.0,0.0,0.0,0.0,0.0,0.0,0.0,0.0,0.0,741.2,-10.8,3.0,0.0,0.0,0.0,908.0,2857.0,0.0,53.6,1.0,0.0,825.6,0.0,0.0,0.7000000000000001,13.0,0.0,41.0,0.0,51.8,51.8,350.0,825.6,-50.0,0.0,0.0,0.0,0.0,400.0,0.0,0.0,0.0,0.0,0.0,0.0,69.0,744.6,4.441,,,19.76466588562784,0.0,2.4311731985206393,30.820166477769824,0.9765220165325394,0.9668534817153857,6.400409626216078,0.0049869618252999,3.9770289298515102,9.21816,0.0,0.0,0.9999999999999984,10.0,8.0,8.0,66.5,21.000000000000007,94.0,0.4999999999999992,12.5,15.0,7.000000000000001,5.999999999999998,,58.987388650282355,3.911756740036571,119.13508722933068,41.21999999999997
557.0,13.6,7.6,744.3,0.0,0.0,0.0,23.0,48.2,50.0,48.2,48.2,48.2,5.65668,46.4,60.8,11299.264166666666,40677351.0,0.0,0.0,5.16875,4.135,3.8765625,25036.1,24774.1,18453.8,17866.7,1880.0,4691.0,0.0,0.0,744.0,2326.0,3.88,16.0,3.86,93.0,0.0,11299.2641666667,0.0,68.0,152.60000000000002,42.8,50.0,120.2,101.3,69.80000000000001,32.9,0.0300000000000295,99.0,13.952,739.6,41.25,14.216,0.0,0.0,0.0,0.0,0.0,0.0,0.0,0.0,0.0,0.0,0.0,741.2,-10.8,3.0,0.0,0.0,0.0,908.0,2857.0,0.0,53.6,1.0,0.0,825.6,0.0,0.0,0.7000000000000001,13.0,0.0,41.0,0.0,51.8,51.8,350.0,825.6,-50.0,0.0,0.0,0.0,0.0,400.0,0.0,0.0,0.0,0.0,0.0,0.0,69.0,744.6,4.441,,,19.76466588562784,0.0,2.4311731985206393,30.820166477769824,0.9796196135734724,0.9699204094786856,10.430146304899695,0.0030669277632999,6.480990439621829,5.65668,0.0,0.0,0.9999999999999984,10.0,8.0,8.0,67.00000000000001,21.000000000000007,95.0,0.4999999999999992,12.5,15.0,7.000000000000001,5.999999999999998,,58.987388650282355,3.911756740036571,119.13508722933068,41.21999999999997
558.0,13.6,11.4,743.6,0.0,0.0,0.0,23.0,48.2,50.0,48.2,48.2,48.2,8.47704,46.4,60.8,11299.264722222222,40677353.0,0.0,0.0,5.16388888888889,4.13111111111111,3.87291666666667,25036.1,24774.1,18453.8,17866.7,1880.0,4675.0,0.0,0.0,743.0,2326.0,3.86,16.0,3.86,154.0,0.0,11299.2647222222,0.0,68.0,153.5,42.8,50.0,120.2,101.3,69.80000000000001,32.9,0.0300000000000295,99.0,13.952,739.6,41.25,14.216,0.0,0.0,0.0,0.0,0.0,0.0,0.0,0.0,0.0,0.0,0.0,740.6,-10.8,3.0,0.0,0.0,0.0,908.0,2857.0,0.0,53.6,1.0,0.0,825.6,0.0,0.0,0.7000000000000001,13.0,0.0,41.0,0.0,51.8,51.8,350.0,825.6,-50.0,0.0,0.0,0.0,0.0,400.0,0.0,0.0,0.0,0.0,0.0,0.0,69.0,743.8000000000001,4.439,,,19.76466588562784,0.0,2.4311731985206393,30.820166477769824,0.9838534904137416,0.9741123667462788,6.959976595604127,0.0041919572675933,4.324727617187132,8.47704,0.0,0.0,0.9999999999999984,10.0,8.0,8.0,67.5,21.000000000000007,96.0,0.4999999999999992,12.5,15.0,7.000000000000001,5.999999999999998,,58.987388650282355,3.911756740036571,119.13508722933068,41.21999999999997
559.0,13.6,11.4,743.6,0.0,0.0,0.0,23.0,48.2,50.0,48.2,48.2,48.2,8.47704,46.4,60.8,11299.264722222222,40677353.0,0.0,0.0,5.16388888888889,4.13111111111111,3.87291666666667,25036.1,24774.1,18453.8,17866.7,1880.0,4675.0,0.0,0.0,743.0,2326.0,3.86,16.0,3.86,154.0,0.0,11299.2647222222,0.0,68.0,153.5,42.8,50.0,120.2,101.3,69.80000000000001,32.9,0.0300000000000295,99.0,13.952,739.6,41.25,14.216,0.0,0.0,0.0,0.0,0.0,0.0,0.0,0.0,0.0,0.0,0.0,740.6,-10.8,3.0,0.0,0.0,0.0,908.0,2857.0,0.0,53.6,1.0,0.0,825.6,0.0,0.0,0.7000000000000001,13.0,0.0,41.0,0.0,51.8,51.8,350.0,825.6,-50.0,0.0,0.0,0.0,0.0,400.0,0.0,0.0,0.0,0.0,0.0,0.0,69.0,743.8000000000001,4.439,0.0,13.960497,19.906464034111817,0.0,2.4693384385190487,30.85833171776823,0.9838534904137416,0.9741123667462788,6.959976595604127,0.0041919572675933,4.324727617187132,8.47704,0.0,0.0,0.9999999999999984,10.0,8.0,8.0,67.5,21.000000000000007,96.0,0.4999999999999992,12.5,15.0,7.000000000000001,5.999999999999998,59.44041679404776,58.987388650282355,3.973164920322366,119.19649510048812,41.21999999999997
560.0,13.6,9.8,743.8,0.0,0.0,0.0,23.0,48.2,50.0,48.2,48.2,48.2,7.28924,46.4,60.8,11299.265,40677354.0,0.0,0.0,5.16527777777778,4.13222222222222,3.87395833333333,25036.1,24774.1,18453.8,17866.7,1880.0,4689.0,0.0,0.0,744.0,2331.0,3.86,16.0,3.86,154.0,0.0,11299.265,0.0,68.0,154.4,42.8,50.0,120.2,101.3,69.80000000000001,32.9,,,,,,,0.0,0.0,0.0,0.0,0.0,0.0,0.0,0.0,0.0,0.0,0.0,740.9000000000001,,,0.0,0.0,0.0,908.0,2857.0,0.0,53.6,1.0,0.0,825.6,0.0,0.0,0.7000000000000001,13.0,0.0,41.0,0.0,51.8,51.8,350.0,825.6,-50.0,0.0,0.0,0.0,0.0,400.0,0.0,0.0,0.0,0.0,0.0,0.0,69.0,744.0,4.439,0.0,13.960497,19.906464034111817,0.0,2.4693384385190487,30.85833171776823,0.987639392561103,0.9778607847139632,8.094122295328457,0.0037484179676844,5.02945286477054,7.28924,0.0,0.0,0.9999999999999984,10.0,8.0,8.0,68.0,21.000000000000007,97.0,0.4999999999999992,,,7.000000000000001,5.999999999999998,59.44041679404776,58.987388650282355,3.973164920322366,119.19649510048812,
561.0,13.6,9.8,743.8,0.0,0.0,0.0,23.0,48.2,50.0,48.2,48.2,48.2,7.28924,46.4,60.8,11299.265,40677354.0,0.0,0.0,5.16527777777778,4.13222222222222,3.87395833333333,25036.1,24774.1,18453.8,17866.7,1880.0,4689.0,0.0,0.0,744.0,2331.0,3.86,16.0,3.86,154.0,0.0,11299.265,0.0,68.0,154.4,42.8,50.0,120.2,101.3,69.80000000000001,32.9,,,,,,,0.0,0.0,0.0,0.0,0.0,0.0,0.0,0.0,0.0,0.0,0.0,740.9000000000001,,,0.0,0.0,0.0,908.0,2857.0,0.0,53.6,1.0,0.0,825.6,0.0,0.0,0.7000000000000001,13.0,0.0,41.0,0.0,51.8,51.8,350.0,825.6,-50.0,0.0,0.0,0.0,0.0,400.0,0.0,0.0,0.0,0.0,0.0,0.0,69.0,744.5,4.44,0.0,13.950731,19.906464034111817,0.0,2.4693384385190487,30.85833171776823,0.987639392561103,0.9778607847139632,8.094122295328457,0.0037484179676844,5.02945286477054,7.28924,0.0,0.0,0.9999999999999984,10.0,8.0,8.0,68.0,21.000000000000007,97.0,0.4999999999999992,,,7.000000000000001,5.999999999999998,59.61225505547601,58.987388650282355,3.973164920322366,119.19649510048812,
562.0,13.6,2.7,745.2,0.0,0.0,0.0,23.0,48.2,50.0,48.2,48.2,48.2,2.01204,46.4,60.8,11299.265555555556,40677356.0,0.0,0.0,5.175,4.14,3.88125,25036.1,24774.1,18453.8,17866.7,1880.0,4695.0,0.0,0.0,745.0,2331.0,3.88,16.0,3.86,17.0,0.0,11299.2655555556,0.0,68.0,154.4,42.8,50.0,120.2,101.3,69.80000000000001,32.9,,,,,,,0.0,0.0,0.0,0.0,0.0,0.0,0.0,0.0,0.0,0.0,0.0,741.6,,,0.0,0.0,0.0,908.0,2857.0,0.0,53.6,1.0,0.0,825.6,0.0,0.0,0.7000000000000001,13.0,0.0,41.0,0.0,51.8,51.8,350.0,825.6,-50.0,0.0,0.0,0.0,0.0,400.0,0.0,0.0,0.0,0.0,0.0,0.0,69.0,744.5,4.44,0.0,13.950731,19.906464034111817,0.0,2.4693384385190487,30.85833171776823,0.988676759697742,0.9788878808888534,29.32347269437983,0.00102709617489,18.220755551579497,2.0120400000000003,0.0,0.0,0.9999999999999984,10.0,8.0,8.0,68.0,21.000000000000007,97.0,0.4999999999999992,,,7.000000000000001,5.999999999999998,59.61225505547601,58.987388650282355,3.973164920322366,119.19649510048812,
563.0,13.6,2.7,745.2,0.0,0.0,0.0,23.0,48.2,50.0,48.2,48.2,48.2,2.01204,46.4,60.8,11299.265555555556,40677356.0,0.0,0.0,5.175,4.14,3.88125,25036.1,24774.1,18453.8,17866.7,1880.0,4695.0,0.0,0.0,745.0,2331.0,3.88,16.0,3.86,17.0,0.0,11299.2655555556,0.0,68.0,154.4,42.8,50.0,120.2,101.3,69.80000000000001,32.9,,,,,,,0.0,0.0,0.0,0.0,0.0,0.0,0.0,0.0,0.0,0.0,0.0,741.6,,,0.0,0.0,0.0,908.0,2857.0,0.0,53.6,1.0,0.0,825.6,0.0,0.0,0.7000000000000001,13.0,0.0,41.0,0.0,51.8,51.8,350.0,825.6,-50.0,0.0,0.0,0.0,0.0,400.0,0.0,0.0,0.0,0.0,0.0,0.0,69.0,745.3000000000001,4.441,0.0,13.9316873,19.906464034111817,0.0,2.4693384385190487,30.85833171776823,0.988676759697742,0.9788878808888534,29.32347269437983,0.00102709617489,18.220755551579497,2.0120400000000003,0.0,0.0,0.9999999999999984,10.0,8.0,8.0,68.0,21.000000000000007,97.0,0.4999999999999992,,,7.000000000000001,5.999999999999998,59.61225505547601,58.987388650282355,3.973164920322366,119.19649510048812,
564.0,13.6,2.6,745.3,0.0,0.0,0.0,23.0,46.4,50.0,48.2,48.2,48.2,1.93778,46.4,60.8,11299.266111111112,40677358.0,0.0,0.0,5.17569444444444,4.14055555555556,3.88177083333333,25036.1,24774.1,18453.8,17866.7,1840.0,4717.0,0.0,0.0,745.0,2331.0,3.88,16.0,3.86,93.0,0.0,11299.2661111111,0.0,68.0,154.4,,,,,,,-0.0099999999999909,99.0,13.975,741.2,37.77,14.189,0.0,0.0,0.0,0.0,0.0,0.0,0.0,0.0,0.0,0.0,0.0,742.2,,,0.0,0.0,0.0,908.0,2857.0,0.0,53.6,1.0,0.0,825.6,0.0,0.0,0.7000000000000001,13.0,0.0,41.0,0.0,51.8,51.8,350.0,825.6,-50.0,0.0,0.0,0.0,0.0,400.0,0.0,0.0,0.0,0.0,0.0,0.0,69.0,745.3000000000001,4.441,0.0,13.9316873,,0.0,,,0.9897024201488752,0.979903386286015,29.32347269437983,0.0010155053971616,18.220755551579497,1.93778,0.0,,0.9999999999999984,10.0,8.0,8.0,68.0,,97.0,,12.5,15.0,7.000000000000001,5.999999999999998,59.61225505547601,,,,37.779999999999994
565.0,13.6,2.6,745.3,0.0,0.0,0.0,23.0,46.4,50.0,48.2,48.2,48.2,1.93778,46.4,60.8,11299.266111111112,40677358.0,0.0,0.0,5.17569444444444,4.14055555555556,3.88177083333333,25036.1,24774.1,18453.8,17866.7,1840.0,4717.0,0.0,0.0,745.0,2331.0,3.88,16.0,3.86,93.0,0.0,11299.2661111111,0.0,68.0,154.4,,,,,,,-0.0099999999999909,99.0,13.975,741.2,37.77,14.189,0.0,0.0,0.0,0.0,0.0,0.0,0.0,0.0,0.0,0.0,0.0,742.2,13.2,3.0,0.0,0.0,0.0,908.0,2857.0,0.0,53.6,1.0,0.0,825.6,0.0,0.0,0.7000000000000001,13.0,0.0,41.0,0.0,51.8,51.8,350.0,825.6,-50.0,0.0,0.0,0.0,0.0,400.0,0.0,0.0,0.0,0.0,0.0,0.0,69.0,746.6,4.445,0.0,13.9316873,,0.0,,,0.9897024201488752,0.979903386286015,29.32347269437983,0.0010155053971616,18.220755551579497,1.93778,0.0,,0.9999999999999984,10.0,8.0,8.0,68.0,,97.0,,12.5,15.0,7.000000000000001,5.999999999999998,59.61225505547601,,,,37.779999999999994
566.0,13.5,-6.0,747.0,0.0,0.0,0.0,23.0,46.4,50.0,48.2,48.2,48.2,-4.482,46.4,60.8,11299.266666666666,40677360.0,0.0,0.0,5.1875,4.15,3.890625,25036.1,24774.1,18453.8,17866.7,1800.0,4716.0,0.0,0.0,747.0,2331.0,3.88,3.0,3.88,17.0,0.0,11299.2666666667,0.0,68.0,155.3,41.9,50.0,120.2,101.3,69.80000000000001,32.9,-0.0099999999999909,99.0,13.975,741.2,37.77,14.189,0.0,0.0,0.0,0.0,0.0,0.0,0.0,0.0,0.0,0.0,0.0,743.7,13.2,3.0,0.0,0.0,0.0,908.0,2857.0,0.0,53.6,1.0,0.0,825.6,0.0,0.0,0.7000000000000001,13.0,0.0,41.0,0.0,51.8,51.8,350.0,825.6,-50.0,0.0,0.0,0.0,0.0,400.0,0.0,0.0,0.0,0.0,0.0,0.0,69.0,746.6,4.445,0.0,13.9316873,20.20119991882557,0.0,2.5491392766245125,30.938132555873697,0.9870162630035751,0.977243824756015,29.32347269437983,-0.00265956153,18.220755551579497,-4.482,0.0,0.0016508580619001,0.0,10.0,8.0,8.0,68.5,21.000000000000007,98.0,0.4999999999999992,12.5,15.0,7.000000000000001,5.999999999999998,59.61225505547601,59.98717489859222,4.1015642438821525,119.32489464899982,37.779999999999994
567.0,13.5,-6.0,747.0,0.0,0.0,0.0,23.0,46.4,50.0,48.2,48.2,48.2,-4.482,46.4,60.8,11299.266666666666,40677360.0,0.0,0.0,5.1875,4.15,3.890625,25036.1,24774.1,18453.8,17866.7,1800.0,4716.0,0.0,0.0,747.0,2331.0,3.88,3.0,3.88,17.0,0.0,11299.2666666667,0.0,68.0,155.3,41.9,50.0,120.2,101.3,69.80000000000001,32.9,-0.6599999999999682,99.0,13.967,743.4000000000001,38.98,14.192,0.0,0.0,0.0,0.0,0.0,0.0,0.0,0.0,0.0,0.0,0.0,743.7,1.9,3.0,0.0,0.0,0.0,908.0,2857.0,0.0,53.6,1.0,0.0,825.6,0.0,0.0,0.7000000000000001,13.0,0.0,41.0,0.0,51.8,51.8,350.0,825.6,-50.0,0.0,0.0,0.0,0.0,400.0,0.0,0.0,0.0,0.0,0.0,0.0,69.0,746.6,4.445,0.0,13.9194798,20.20119991882557,0.0,2.5491392766245125,30.938132555873697,0.9870162630035751,0.977243824756015,29.32347269437983,-0.00265956153,18.220755551579497,-4.482,0.0,0.0016508580619001,0.0,10.0,8.0,8.0,68.5,21.000000000000007,98.0,0.4999999999999992,12.5,15.0,7.000000000000001,5.999999999999998,59.8309582972938,59.98717489859222,4.1015642438821525,119.32489464899982,39.639999999999965
568.0,13.5,-1.9,746.4,0.0,0.0,0.0,23.0,46.4,50.0,48.2,48.2,48.2,-1.41816,46.4,60.8,11299.267222222225,40677362.0,0.0,0.0,5.18333333333333,4.14666666666667,3.8875,25036.2,24774.1,18453.8,17866.7,1740.0,4699.0,0.0,0.0,746.0,2331.0,3.88,3.0,3.88,93.0,0.0,11299.2672222222,0.0,68.0,155.3,41.9,50.0,120.2,101.3,69.80000000000001,32.9,-0.6599999999999682,99.0,13.967,743.4000000000001,38.98,14.192,0.0,0.0,0.0,0.0,0.0,0.0,0.0,0.0,0.0,0.0,0.0,744.2,1.9,3.0,0.0,0.0,0.0,908.0,2857.0,0.0,53.6,1.0,0.0,825.6,0.0,0.0,0.7000000000000001,13.0,0.0,41.0,0.0,51.8,51.8,350.0,825.6,-50.0,0.0,0.0,0.0,0.0,400.0,0.0,0.0,0.0,0.0,0.0,0.0,69.0,746.4000000000001,4.442,0.0,13.9194798,20.278967999480745,0.0,2.571100398671757,30.96009367792094,0.9861990840707522,0.9764347367037152,-125.17521800677976,-0.0008090880523,-77.78025038809076,-1.41816,0.0,0.0016508580619001,0.0,10.0,8.0,8.0,68.5,21.000000000000007,98.0,0.4999999999999992,12.5,15.0,7.000000000000001,5.999999999999998,59.8309582972938,58.987388650282355,4.136899783735968,119.36023009437383,39.639999999999965
569.0,13.5,-1.9,746.4,0.0,0.0,0.0,23.0,46.4,50.0,48.2,48.2,48.2,-1.41816,46.4,60.8,11299.267222222225,40677362.0,0.0,0.0,5.18333333333333,4.14666666666667,3.8875,25036.2,24774.1,18453.8,17866.7,1740.0,4699.0,0.0,0.0,746.0,2331.0,3.88,3.0,3.88,93.0,0.0,11299.2672222222,0.0,68.0,155.3,41.9,50.0,120.2,101.3,69.80000000000001,32.9,-0.6599999999999682,99.0,13.967,743.4000000000001,38.98,14.192,0.0,0.0,0.0,0.0,0.0,0.0,0.0,0.0,0.0,0.0,0.0,744.2,6.2,3.0,0.0,0.0,0.0,908.0,2857.0,0.0,53.6,1.0,0.0,825.6,0.0,0.0,0.7000000000000001,13.0,0.0,41.0,0.0,51.8,51.8,350.0,825.6,-50.0,0.0,0.0,0.0,0.0,400.0,0.0,0.0,0.0,0.0,0.0,0.0,69.0,746.0,4.441,0.0,13.910690400000002,20.278967999480745,0.0,2.571100398671757,30.96009367792094,0.9861990840707522,0.9764347367037152,-125.17521800677976,-0.0008090880523,-77.78025038809076,-1.41816,0.0,0.0016508580619001,0.0,10.0,8.0,8.0,68.5,21.000000000000007,98.0,0.4999999999999992,12.5,15.0,7.000000000000001,5.999999999999998,59.67474169599538,58.987388650282355,4.136899783735968,119.36023009437383,39.639999999999965
570.0,13.5,0.9,745.9,0.0,0.0,0.0,23.0,46.4,50.0,48.2,48.2,48.2,0.67131,46.4,60.8,11299.267777777775,40677364.0,0.0,0.0,5.17986111111111,4.14388888888889,3.88489583333333,25036.2,24774.1,18453.8,17866.7,1700.0,4685.0,0.0,0.0,746.0,2353.0,3.88,3.0,3.88,17.0,0.0,11299.2677777778,0.0,68.0,155.3,41.9,50.0,120.2,101.3,69.80000000000001,32.9,-0.6599999999999682,99.0,13.967,743.4000000000001,38.98,14.192,0.0,0.0,0.0,0.0,0.0,0.0,0.0,0.0,0.0,0.0,0.0,742.7,6.2,3.0,0.0,0.0,0.0,908.0,2857.0,0.0,53.6,1.0,0.0,825.6,0.0,0.0,0.7000000000000001,13.0,0.0,41.0,0.0,51.8,51.8,350.0,825.6,-50.0,0.0,0.0,0.0,0.0,400.0,0.0,0.0,0.0,0.0,0.0,0.0,69.0,746.0,4.441,0.0,13.910690400000002,20.348269911143923,0.0,2.590846953789867,30.979840233039052,0.9865693520713148,0.97680133868447,87.88786104780206,0.0003666019807549,54.61096810713382,0.67131,0.0,0.0016508580619001,0.0,10.0,8.0,8.0,68.5,21.000000000000007,98.0,0.4999999999999992,12.5,15.0,7.000000000000001,5.999999999999998,59.67474169599538,58.987388650282355,4.168672437797689,119.39200230155888,39.639999999999965
571.0,13.5,0.9,745.9,0.0,0.0,0.0,23.0,46.4,50.0,48.2,48.2,48.2,0.67131,46.4,60.8,11299.267777777775,40677364.0,0.0,0.0,5.17986111111111,4.14388888888889,3.88489583333333,25036.2,24774.1,18453.8,17866.7,1700.0,4685.0,0.0,0.0,746.0,2353.0,3.88,3.0,3.88,17.0,0.0,11299.2677777778,0.0,68.0,155.3,41.9,50.0,120.2,101.3,69.80000000000001,32.9,-0.4099999999999681,99.0,13.947,741.4000000000001,45.57,14.218,0.0,0.0,0.0,0.0,0.0,0.0,0.0,0.0,0.0,0.0,0.0,742.7,-4.3,3.0,0.0,0.0,0.0,908.0,2857.0,0.0,53.6,1.0,0.0,825.6,0.0,0.0,0.7000000000000001,13.0,0.0,41.0,0.0,51.8,51.8,350.0,825.6,-50.0,0.0,0.0,0.0,0.0,400.0,0.0,0.0,0.0,0.0,0.0,0.0,69.0,746.0,4.441,0.0,13.910690400000002,20.348269911143923,0.0,2.590846953789867,30.979840233039052,0.9865693520713148,0.97680133868447,87.88786104780206,0.0003666019807549,54.61096810713382,0.67131,0.0,,0.0,10.0,8.0,8.0,68.5,21.000000000000007,98.0,0.4999999999999992,12.5,15.0,7.000000000000001,5.999999999999998,59.67474169599538,58.987388650282355,4.168672437797689,119.39200230155888,45.97999999999997
572.0,13.5,2.6,745.7,0.0,0.0,0.0,23.0,46.4,50.0,48.2,48.2,48.2,1.93882,46.4,60.8,11299.26861111111,40677367.0,0.0,0.0,5.17847222222222,4.14277777777778,3.88385416666667,25036.2,24774.1,18453.8,17866.7,1660.0,4653.0,0.0,0.0,746.0,2353.0,3.88,16.0,3.88,17.0,0.0,11299.2686111111,0.0,68.0,155.3,41.9,50.0,120.2,101.3,69.80000000000001,32.9,-0.4099999999999681,99.0,13.947,741.4000000000001,45.57,14.218,0.0,0.0,0.0,0.0,0.0,0.0,0.0,0.0,0.0,0.0,0.0,742.4000000000001,-4.3,3.0,0.0,0.0,0.0,908.0,2857.0,0.0,53.6,1.0,0.0,825.6,0.0,0.0,0.7000000000000001,13.0,0.0,41.0,0.0,51.8,51.8,350.0,825.6,-50.0,0.0,0.0,0.0,0.0,400.0,0.0,0.0,0.0,0.0,0.0,0.0,69.0,745.6,4.441,0.0,13.910690400000002,20.425504714328437,0.0,2.613052896086853,31.002046175336037,0.9877835761084964,0.9780035407014818,30.430880638739023,0.0012022020170116,18.908866733373905,1.93882,0.0,0.0,0.0,10.0,8.0,8.0,68.5,21.000000000000007,98.0,0.4999999999999992,12.5,15.0,7.000000000000001,5.999999999999998,59.67474169599538,58.987388650282355,4.204401661121896,119.42773166271473,45.97999999999997
573.0,13.5,2.6,745.7,0.0,0.0,0.0,23.0,46.4,50.0,48.2,48.2,48.2,1.93882,46.4,60.8,11299.26861111111,40677367.0,0.0,0.0,5.17847222222222,4.14277777777778,3.88385416666667,25036.2,24774.1,18453.8,17866.7,1660.0,4653.0,0.0,0.0,746.0,2353.0,3.88,16.0,3.88,17.0,0.0,11299.2686111111,0.0,68.0,155.3,41.9,50.0,120.2,101.3,69.80000000000001,32.9,-0.4099999999999681,99.0,13.947,741.4000000000001,45.57,14.218,0.0,0.0,0.0,0.0,0.0,0.0,0.0,0.0,0.0,0.0,0.0,742.4000000000001,-4.3,3.0,0.0,0.0,0.0,908.0,2857.0,0.0,53.6,1.0,0.0,825.6,0.0,0.0,0.7000000000000001,13.0,0.0,41.0,0.0,51.8,51.8,350.0,825.6,-50.0,0.0,0.0,0.0,0.0,400.0,0.0,0.0,0.0,0.0,0.0,0.0,69.0,745.6,4.441,0.0,13.9414533,20.425504714328437,0.0,2.613052896086853,31.002046175336037,0.9877835761084964,0.9780035407014818,30.430880638739023,0.0012022020170116,18.908866733373905,1.93882,0.0,0.0,0.0,10.0,8.0,8.0,68.5,21.000000000000007,98.0,0.4999999999999992,12.5,15.0,7.000000000000001,5.999999999999998,58.987388650282355,58.987388650282355,4.204401661121896,119.42773166271473,45.97999999999997
574.0,13.6,11.8,743.8,0.0,0.0,0.0,23.0,46.4,50.0,48.2,48.2,48.2,8.77684,46.4,60.8,11299.26888888889,40677368.0,0.0,0.0,5.16527777777778,4.13222222222222,3.87395833333333,25036.2,24774.1,18453.8,17866.7,1620.0,4635.0,0.0,0.0,744.0,2353.0,3.86,16.0,3.86,154.0,0.0,11299.2688888889,0.0,68.0,154.4,41.9,50.0,120.2,102.2,69.80000000000001,32.9,-0.4099999999999681,99.0,13.947,741.4000000000001,45.57,14.218,0.0,0.0,0.0,0.0,0.0,0.0,0.0,0.0,0.0,0.0,0.0,740.6,-4.3,3.0,0.0,0.0,0.0,908.0,2857.0,0.0,53.6,1.0,0.0,825.6,0.0,0.0,0.7000000000000001,13.0,0.0,41.0,0.0,51.8,51.8,350.0,825.6,-50.0,0.0,0.0,0.0,0.0,400.0,0.0,0.0,0.0,0.0,0.0,0.0,69.0,744.7,4.441,0.0,13.9414533,20.492409986912648,0.0,2.6324601825340013,31.021453461783185,0.9924320954945464,0.9826060351431152,6.722237160527023,0.0046024944416333,4.177003226673836,8.77684,0.0,-0.0034763302505286,0.0,10.0,8.0,8.0,68.0,21.000000000000007,97.0,0.4999999999999992,12.5,15.0,7.000000000000001,5.999999999999998,58.987388650282355,58.987388650282355,4.235628311528883,119.45895798660818,45.97999999999997
575.0,13.6,11.8,743.8,0.0,0.0,0.0,23.0,46.4,50.0,48.2,48.2,48.2,8.77684,46.4,60.8,11299.26888888889,40677368.0,0.0,0.0,5.16527777777778,4.13222222222222,3.87395833333333,25036.2,24774.1,18453.8,17866.7,1620.0,4635.0,0.0,0.0,744.0,2353.0,3.86,16.0,3.86,154.0,0.0,11299.2688888889,0.0,68.0,154.4,41.9,50.0,120.2,102.2,69.80000000000001,32.9,,,,,,,0.0,0.0,0.0,0.0,0.0,0.0,0.0,0.0,0.0,0.0,0.0,740.6,-4.3,3.0,0.0,0.0,0.0,908.0,2857.0,0.0,53.6,1.0,0.0,825.6,0.0,0.0,0.7000000000000001,13.0,0.0,41.0,0.0,51.8,51.8,350.0,825.6,-50.0,0.0,0.0,0.0,0.0,400.0,0.0,0.0,0.0,0.0,0.0,0.0,69.0,743.7,4.442,0.0,13.9414533,20.492409986912648,0.0,2.6324601825340013,31.021453461783185,0.9924320954945464,0.9826060351431152,6.722237160527023,0.0046024944416333,4.177003226673836,8.77684,0.0,-0.0034763302505286,0.0,10.0,8.0,8.0,68.0,21.000000000000007,97.0,0.4999999999999992,,,7.000000000000001,5.999999999999998,58.987388650282355,58.987388650282355,4.235628311528883,119.45895798660818,
576.0,13.6,13.4,743.7,0.0,0.0,0.0,23.0,46.4,50.0,48.2,48.2,48.2,9.96558,46.4,60.8,11299.269444444444,40677370.0,0.0,0.0,5.16458333333333,4.13166666666667,3.8734375,25036.2,24774.1,18453.8,17866.7,1560.0,4670.0,0.0,0.0,744.0,2353.0,3.86,16.0,3.86,154.0,0.0,11299.2694444444,0.0,68.0,154.4,41.9,50.0,120.2,102.2,69.80000000000001,32.9,,,,,,,0.0,0.0,0.0,0.0,0.0,0.0,0.0,0.0,0.0,0.0,0.0,740.8000000000001,,,0.0,0.0,0.0,908.0,2857.0,0.0,53.6,1.0,0.0,825.6,0.0,0.0,0.7000000000000001,13.0,0.0,41.0,0.0,51.8,51.8,350.0,825.6,-50.0,0.0,0.0,0.0,0.0,400.0,0.0,0.0,0.0,0.0,0.0,0.0,69.0,743.7,4.442,0.0,13.9414533,20.492409986912648,0.0,2.6324601825340013,31.021453461783185,0.9976907799885636,0.9878126534540234,5.920377940872482,0.0052066183109083,3.678751161497875,9.96558,0.0,-0.0034763302505286,0.0,10.0,8.0,8.0,68.0,21.000000000000007,97.0,0.4999999999999992,,,7.000000000000001,5.999999999999998,58.987388650282355,58.987388650282355,4.235628311528883,119.45895798660818,
577.0,13.6,13.4,743.7,0.0,0.0,0.0,23.0,46.4,50.0,48.2,48.2,48.2,9.96558,46.4,60.8,11299.269444444444,40677370.0,0.0,0.0,5.16458333333333,4.13166666666667,3.8734375,25036.2,24774.1,18453.8,17866.7,1560.0,4670.0,0.0,0.0,744.0,2353.0,3.86,16.0,3.86,154.0,0.0,11299.2694444444,0.0,68.0,154.4,41.9,50.0,120.2,102.2,69.80000000000001,32.9,,,,,,,0.0,0.0,0.0,0.0,0.0,0.0,0.0,0.0,0.0,0.0,0.0,740.8000000000001,,,0.0,0.0,0.0,908.0,2857.0,0.0,53.6,1.0,0.0,825.6,0.0,0.0,0.7000000000000001,13.0,0.0,41.0,0.0,51.8,51.8,350.0,825.6,-50.0,0.0,0.0,0.0,0.0,400.0,0.0,0.0,0.0,0.0,0.0,0.0,69.0,743.8000000000001,4.442,0.0,13.950731,20.492409986912648,0.0,2.6324601825340013,31.021453461783185,0.9976907799885636,0.9878126534540234,5.920377940872482,0.0052066183109083,3.678751161497875,9.96558,0.0,-0.0034763302505286,0.0,10.0,8.0,8.0,68.0,21.000000000000007,97.0,0.4999999999999992,,,7.000000000000001,5.999999999999998,59.33106517313887,58.987388650282355,4.235628311528883,119.45895798660818,
578.0,13.6,13.6,743.5,0.0,0.0,0.0,23.0,46.4,50.0,48.2,48.2,48.2,10.1116,46.4,60.8,11299.27,40677372.0,0.0,0.0,5.16319444444444,4.13055555555556,3.87239583333333,25036.2,24774.1,18453.8,17866.7,1520.0,4649.0,0.0,0.0,743.0,2354.0,3.86,16.0,3.86,154.0,0.0,11299.27,0.0,68.0,154.4,41.9,50.0,120.2,102.2,69.80000000000001,32.9,,,,,,,0.0,0.0,0.0,0.0,0.0,0.0,0.0,0.0,0.0,0.0,0.0,741.0,2.1,3.0,0.0,0.0,0.0,908.0,2857.0,0.0,53.6,1.0,0.0,825.6,0.0,0.0,0.7000000000000001,13.0,0.0,41.0,0.0,51.8,51.8,350.0,825.6,-50.0,0.0,0.0,0.0,0.0,400.0,0.0,0.0,0.0,0.0,0.0,0.0,69.0,743.8000000000001,4.442,0.0,13.950731,20.492409986912648,0.0,2.6324601825340013,31.021453461783185,1.0030019798234202,0.9930712671519012,5.8348827089679185,0.0052586136978777,3.625626903754105,10.1116,0.0,-0.0034763302505286,0.0,10.0,8.0,8.0,68.0,21.000000000000007,97.0,0.4999999999999992,,,7.000000000000001,5.999999999999998,59.33106517313887,58.987388650282355,4.235628311528883,119.45895798660818,
579.0,13.6,13.6,743.5,0.0,0.0,0.0,23.0,46.4,50.0,48.2,48.2,48.2,10.1116,46.4,60.8,11299.27,40677372.0,0.0,0.0,5.16319444444444,4.13055555555556,3.87239583333333,25036.2,24774.1,18453.8,17866.7,1520.0,4649.0,0.0,0.0,743.0,2354.0,3.86,16.0,3.86,154.0,0.0,11299.27,0.0,68.0,154.4,41.9,50.0,120.2,102.2,69.80000000000001,32.9,,,,,,,0.0,0.0,0.0,0.0,0.0,0.0,0.0,0.0,0.0,0.0,0.0,741.0,2.1,3.0,0.0,0.0,0.0,908.0,2857.0,0.0,53.6,1.0,0.0,825.6,0.0,0.0,0.7000000000000001,13.0,0.0,41.0,0.0,51.8,51.8,350.0,825.6,-50.0,0.0,0.0,0.0,0.0,400.0,0.0,0.0,0.0,0.0,0.0,0.0,69.0,743.2,4.439,0.0,13.950731,20.492409986912648,0.0,2.6324601825340013,31.021453461783185,1.0030019798234202,0.9930712671519012,5.8348827089679185,0.0052586136978777,3.625626903754105,10.1116,0.0,-0.0034763302505286,0.0,10.0,8.0,8.0,68.0,21.000000000000007,97.0,0.4999999999999992,,,7.000000000000001,5.999999999999998,59.33106517313887,58.987388650282355,4.235628311528883,119.45895798660818,
580.0,13.6,18.5,742.6,0.0,0.0,0.0,23.0,46.4,50.0,48.2,48.2,48.2,13.7381,46.4,60.8,11299.270555555557,40677374.0,0.0,0.0,5.15694444444444,4.12555555555556,3.86770833333333,25036.2,24774.1,18453.8,17866.7,1500.0,4639.0,0.0,0.0,742.0,2354.0,3.86,16.0,3.86,154.0,0.0,11299.2705555556,0.0,68.0,153.5,41.0,50.0,120.2,102.2,69.80000000000001,32.9,,,,,,,0.0,0.0,0.0,0.0,0.0,0.0,0.0,0.0,0.0,0.0,0.0,738.9000000000001,2.1,3.0,0.0,0.0,0.0,908.0,2857.0,0.0,53.6,1.0,0.0,825.6,0.0,0.0,0.7000000000000001,13.0,0.0,41.0,0.0,51.8,51.8,350.0,825.6,-50.0,0.0,0.0,0.0,0.0,400.0,0.0,0.0,0.0,0.0,0.0,0.0,69.0,743.2,4.439,0.0,13.9404767,20.686489127072264,0.0,2.6896772846576,31.078670563906783,1.0101237839749055,1.0001225583909956,5.8348827089679185,0.0070512912390944,3.625626903754105,13.7381,0.0,0.0,0.0,10.0,8.0,8.0,67.5,21.000000000000007,95.0,0.4999999999999992,,,7.000000000000001,5.999999999999998,58.987388650282355,58.987388650282355,4.327690635205504,119.55102030392507,
581.0,13.6,18.5,742.6,0.0,0.0,0.0,23.0,46.4,50.0,48.2,48.2,48.2,13.7381,46.4,60.8,11299.270555555557,40677374.0,0.0,0.0,5.15694444444444,4.12555555555556,3.86770833333333,25036.2,24774.1,18453.8,17866.7,1500.0,4639.0,0.0,0.0,742.0,2354.0,3.86,16.0,3.86,154.0,0.0,11299.2705555556,0.0,68.0,153.5,41.0,50.0,120.2,102.2,69.80000000000001,32.9,,,,,,,0.0,0.0,0.0,0.0,0.0,0.0,0.0,0.0,0.0,0.0,0.0,738.9000000000001,2.1,3.0,0.0,0.0,0.0,908.0,2857.0,0.0,53.6,1.0,0.0,825.6,0.0,0.0,0.7000000000000001,13.0,0.0,41.0,0.0,51.8,51.8,350.0,825.6,-50.0,0.0,0.0,0.0,0.0,400.0,0.0,0.0,0.0,0.0,0.0,0.0,69.0,742.2,4.444,0.0,13.9404767,20.686489127072264,0.0,2.6896772846576,31.078670563906783,1.0101237839749055,1.0001225583909956,5.8348827089679185,0.0070512912390944,3.625626903754105,13.7381,0.0,0.0,0.0,10.0,8.0,8.0,67.5,21.000000000000007,95.0,0.4999999999999992,,,7.000000000000001,5.999999999999998,58.987388650282355,58.987388650282355,4.327690635205504,119.55102030392507,
582.0,13.6,19.9,742.1,0.0,0.0,0.0,23.0,46.4,50.0,48.2,48.2,48.2,14.76779,44.6,60.8,11299.271111111111,40677376.0,0.0,0.0,5.15347222222222,4.12277777777778,3.86510416666667,25036.2,24774.1,18453.8,17866.7,1460.0,4666.0,0.0,0.0,742.0,2354.0,3.86,16.0,3.86,152.0,0.0,11299.2711111111,0.0,68.0,153.5,41.0,50.0,120.2,102.2,69.80000000000001,32.9,0.0099999999999909,99.0,13.974,738.2,34.71,14.199,0.0,0.0,0.0,0.0,0.0,0.0,0.0,0.0,0.0,0.0,0.0,738.9000000000001,1.1,3.0,0.0,0.0,0.0,908.0,2857.0,0.0,53.6,1.0,0.0,825.6,0.0,0.0,0.7000000000000001,13.0,0.0,41.0,0.0,51.8,51.8,350.0,825.6,-50.0,0.0,0.0,0.0,0.0,400.0,0.0,0.0,0.0,0.0,0.0,0.0,69.0,742.2,4.444,0.0,13.9404767,20.751771023792337,0.0,2.7092368070468464,31.09823008629603,1.018259251098531,1.0081774763351794,7.754705481318473,0.0080549179441838,4.818549099632341,14.76779,0.0,0.0,0.0,10.0,8.0,7.000000000000001,67.5,21.000000000000007,95.0,0.4999999999999992,12.5,15.0,7.000000000000001,5.999999999999998,58.987388650282355,58.987388650282355,4.359162240575094,119.58249157544935,34.70000000000001
583.0,13.6,19.9,742.1,0.0,0.0,0.0,23.0,46.4,50.0,48.2,48.2,48.2,14.76779,44.6,60.8,11299.271111111111,40677376.0,0.0,0.0,5.15347222222222,4.12277777777778,3.86510416666667,25036.2,24774.1,18453.8,17866.7,1460.0,4666.0,0.0,0.0,742.0,2354.0,3.86,16.0,3.86,152.0,0.0,11299.2711111111,0.0,68.0,153.5,41.0,50.0,120.2,102.2,69.80000000000001,32.9,0.0099999999999909,99.0,13.974,738.2,34.71,14.199,0.0,0.0,0.0,0.0,0.0,0.0,0.0,0.0,0.0,0.0,0.0,738.9000000000001,1.1,3.0,0.0,0.0,0.0,908.0,2857.0,0.0,53.6,1.0,0.0,825.6,0.0,0.0,0.7000000000000001,13.0,0.0,41.0,0.0,51.8,51.8,350.0,825.6,-50.0,0.0,0.0,0.0,0.0,400.0,0.0,0.0,0.0,0.0,0.0,0.0,69.0,742.6,4.441,0.0,13.910690400000002,20.751771023792337,0.0,2.7092368070468464,31.09823008629603,1.018259251098531,1.0081774763351794,7.754705481318473,0.0080549179441838,4.818549099632341,14.76779,0.0,0.0,0.0,10.0,8.0,7.000000000000001,67.5,21.000000000000007,95.0,0.4999999999999992,12.5,15.0,7.000000000000001,5.999999999999998,59.33106517313887,58.987388650282355,4.359162240575094,119.58249157544935,34.70000000000001
584.0,13.5,19.8,742.0,0.0,0.0,0.0,23.0,46.4,50.0,48.2,48.2,48.2,14.6916,44.6,60.8,11299.271666666667,40677378.0,0.0,0.0,5.15277777777778,4.12222222222222,3.86458333333333,25036.2,24774.1,18453.8,17866.7,1400.0,4656.0,0.0,0.0,742.0,2354.0,3.86,16.0,3.86,154.0,0.0,11299.2716666667,0.0,68.0,152.60000000000002,41.0,50.0,120.2,102.2,69.80000000000001,32.9,0.0099999999999909,99.0,13.974,738.2,34.71,14.199,0.0,0.0,0.0,0.0,0.0,0.0,0.0,0.0,0.0,0.0,0.0,738.5,2.3000000000000003,3.0,0.0,0.0,0.0,908.0,2857.0,0.0,53.6,1.0,0.0,825.6,0.0,0.0,0.7000000000000001,13.0,0.0,41.0,0.0,51.8,51.8,350.0,825.6,-50.0,0.0,0.0,0.0,0.0,400.0,0.0,0.0,0.0,0.0,0.0,0.0,69.0,742.6,4.441,0.0,13.910690400000002,20.822496864661044,0.0,2.7306094905750418,31.119602769824223,1.0267220108368105,1.0165564463730794,4.015900242315337,0.0083789700379,2.4953639494677233,14.6916,0.0,0.0,0.0,10.0,8.0,7.000000000000001,67.00000000000001,21.000000000000007,93.0,0.4999999999999992,12.5,15.0,7.000000000000001,5.999999999999998,59.112361931321075,58.987388650282355,4.393551095105539,119.61688022324623,34.70000000000001
585.0,13.5,19.8,742.0,0.0,0.0,0.0,23.0,46.4,50.0,48.2,48.2,48.2,14.6916,44.6,60.8,11299.271666666667,40677378.0,0.0,0.0,5.15277777777778,4.12222222222222,3.86458333333333,25036.2,24774.1,18453.8,17866.7,1400.0,4656.0,0.0,0.0,742.0,2354.0,3.86,16.0,3.86,154.0,0.0,11299.2716666667,0.0,68.0,152.60000000000002,41.0,50.0,120.2,102.2,69.80000000000001,32.9,0.0099999999999909,99.0,13.974,738.2,34.71,14.199,0.0,0.0,0.0,0.0,0.0,0.0,0.0,0.0,0.0,0.0,0.0,738.6,2.3000000000000003,3.0,0.0,0.0,0.0,908.0,2857.0,0.0,53.6,1.0,0.0,825.6,0.0,0.0,0.7000000000000001,13.0,0.0,41.0,0.0,51.8,51.8,350.0,825.6,-50.0,0.0,0.0,0.0,0.0,400.0,0.0,0.0,0.0,0.0,0.0,0.0,69.0,741.8000000000001,4.442,0.0,13.910690400000002,20.822496864661044,0.0,2.7306094905750418,31.119602769824223,1.0267220108368105,1.0165564463730794,4.015900242315337,0.0083789700379,2.4953639494677233,14.6916,0.0,0.0,0.0,10.0,8.0,7.000000000000001,67.00000000000001,21.000000000000007,93.0,0.4999999999999992,12.5,15.0,7.000000000000001,5.999999999999998,59.112361931321075,58.987388650282355,4.393551095105539,119.61688022324623,34.70000000000001
586.0,13.5,24.0,741.3,0.0,0.0,0.0,23.0,46.4,50.0,48.2,48.2,48.2,17.7912,44.6,60.8,11299.272222222222,40677380.0,0.0,0.0,5.14791666666667,4.11833333333333,3.8609375,25036.2,24774.2,18453.8,17866.7,1360.0,4653.0,0.0,0.0,741.0,2354.0,3.86,16.0,3.84,155.0,0.0,11299.2722222222,0.0,68.0,152.60000000000002,41.0,50.0,120.2,102.2,69.80000000000001,32.9,0.0099999999999909,99.0,13.974,738.2,34.71,14.199,0.0,0.0,0.0,0.0,0.0,0.0,0.0,0.0,0.0,0.0,0.0,738.6,2.3000000000000003,3.0,0.0,0.0,0.0,908.0,2857.0,0.0,53.6,1.0,0.0,825.6,0.0,0.0,0.7000000000000001,13.0,0.0,41.0,0.0,51.8,51.8,350.0,825.6,-50.0,0.0,0.0,0.0,0.0,400.0,0.0,0.0,0.0,0.0,0.0,0.0,69.0,741.8000000000001,4.442,0.0,13.910690400000002,20.822496864661044,0.0,2.7306094905750418,31.119602769824223,1.0360830791311082,1.0258248308228797,3.31624623409326,0.0092683844497999,2.060619238724763,17.791199999999996,0.0,0.0,0.0,10.0,8.0,7.000000000000001,67.00000000000001,21.000000000000007,93.0,0.4999999999999992,12.5,15.0,7.000000000000001,5.999999999999998,59.112361931321075,58.987388650282355,4.393551095105539,119.61688022324623,34.70000000000001
587.0,13.5,24.0,741.3,0.0,0.0,0.0,23.0,46.4,50.0,48.2,48.2,48.2,17.7912,44.6,60.8,11299.272222222222,40677380.0,0.0,0.0,5.14791666666667,4.11833333333333,3.8609375,25036.2,24774.2,18453.8,17866.7,1360.0,4653.0,0.0,0.0,741.0,2354.0,3.86,16.0,3.84,155.0,0.0,11299.2722222222,0.0,68.0,152.60000000000002,41.0,50.0,120.2,102.2,69.80000000000001,32.9,,,,,,,0.0,0.0,0.0,0.0,0.0,0.0,0.0,0.0,0.0,0.0,0.0,737.9000000000001,2.3000000000000003,3.0,0.0,0.0,0.0,908.0,2857.0,0.0,53.6,1.0,0.0,825.6,0.0,0.0,0.7000000000000001,13.0,0.0,41.0,0.0,51.8,51.8,350.0,825.6,-50.0,0.0,0.0,0.0,0.0,400.0,0.0,0.0,0.0,0.0,0.0,0.0,69.0,741.4000000000001,4.438,0.0,13.910690400000002,20.822496864661044,0.0,2.7306094905750418,31.119602769824223,1.0360830791311082,1.0258248308228797,3.31624623409326,0.0092683844497999,2.060619238724763,17.791199999999996,0.0,0.0,0.0,10.0,8.0,7.000000000000001,67.00000000000001,21.000000000000007,93.0,0.4999999999999992,,,7.000000000000001,5.999999999999998,59.112361931321075,58.987388650282355,4.393551095105539,119.61688022324623,
588.0,13.5,21.3,741.5,0.0,0.0,0.0,23.0,46.4,50.0,48.2,48.2,48.2,15.79395,44.6,60.8,11299.272777777778,40677382.0,0.0,0.0,5.14930555555556,4.11944444444444,3.86197916666667,25036.2,24774.2,18453.8,17866.8,1320.0,4685.0,0.0,0.0,742.0,2356.0,3.86,16.0,3.84,154.0,0.0,11299.2727777778,0.0,68.0,152.60000000000002,41.0,50.0,120.2,102.2,69.80000000000001,32.9,,,,,,,0.0,0.0,0.0,0.0,0.0,0.0,0.0,0.0,0.0,0.0,0.0,737.9000000000001,2.3000000000000003,3.0,0.0,0.0,0.0,908.0,2857.0,0.0,53.6,1.0,0.0,825.6,0.0,0.0,0.7000000000000001,13.0,0.0,41.0,0.0,51.8,51.8,350.0,825.6,-50.0,0.0,0.0,0.0,0.0,400.0,0.0,0.0,0.0,0.0,0.0,0.0,69.0,741.4000000000001,4.438,0.0,13.910690400000002,20.95100001929574,0.0,2.7699348305893583,31.15892810983854,1.044713175863968,1.0343694810534336,3.735607621905856,0.0085446502305541,2.3211982436312635,15.79395,0.0,0.0,0.0,10.0,8.0,7.000000000000001,67.00000000000001,21.000000000000007,93.0,0.4999999999999992,,,7.000000000000001,5.999999999999998,59.112361931321075,58.987388650282355,4.456825251311663,119.68015469532926,
589.0,13.5,21.3,741.5,0.0,0.0,0.0,23.0,46.4,50.0,48.2,48.2,48.2,15.79395,44.6,60.8,11299.272777777778,40677382.0,0.0,0.0,5.14930555555556,4.11944444444444,3.86197916666667,25036.2,24774.2,18453.8,17866.8,1260.0,4685.0,0.0,0.0,742.0,2356.0,3.86,16.0,3.84,154.0,0.0,11299.2727777778,0.0,68.0,,41.0,50.0,120.2,102.2,69.80000000000001,32.9,,,,,,,0.0,0.0,0.0,0.0,0.0,0.0,0.0,0.0,0.0,0.0,0.0,738.2,2.3000000000000003,3.0,0.0,0.0,0.0,908.0,2857.0,0.0,53.6,1.0,0.0,825.6,0.0,0.0,0.7000000000000001,13.0,0.0,41.0,0.0,51.8,51.8,350.0,825.6,-50.0,0.0,0.0,0.0,0.0,400.0,0.0,0.0,0.0,0.0,0.0,0.0,69.0,741.9000000000001,4.438,0.0,13.910690400000002,20.95100001929574,0.0,2.7699348305893583,31.15892810983854,1.044713175863968,1.0343694810534336,3.735607621905856,0.0085446502305541,2.3211982436312635,15.79395,0.0,0.0,0.0,10.0,8.0,7.000000000000001,,21.000000000000007,,0.4999999999999992,,,7.000000000000001,5.999999999999998,59.112361931321075,58.987388650282355,4.456825251311663,119.68015469532926,
590.0,13.6,19.6,741.8,0.0,0.0,0.0,23.0,46.4,50.0,48.2,48.2,48.2,14.53928,44.6,60.8,11299.273333333333,40677384.0,0.0,0.0,5.15138888888889,4.12111111111111,3.86354166666667,25036.2,24774.2,18453.8,17866.8,1260.0,4701.0,0.0,0.0,742.0,2356.0,3.86,16.0,3.84,93.0,0.0,11299.2733333333,0.0,68.0,,41.0,50.0,120.2,102.2,69.80000000000001,32.9,,,,,,,0.0,0.0,0.0,0.0,0.0,0.0,0.0,0.0,0.0,0.0,0.0,738.2,,,0.0,0.0,0.0,908.0,2857.0,0.0,53.6,1.0,0.0,825.6,0.0,0.0,0.7000000000000001,13.0,0.0,41.0,0.0,51.8,51.8,350.0,825.6,-50.0,0.0,0.0,0.0,0.0,400.0,0.0,0.0,0.0,0.0,0.0,0.0,69.0,741.9000000000001,4.438,,,21.01631803969613,0.0,2.789727988546886,31.17872126779607,1.052492723106318,1.0420720030755626,4.057972609372679,0.0077025220221288,2.521506498258511,14.539280000000002,0.0,0.0028926482204356,0.0,10.0,8.0,7.000000000000001,,21.000000000000007,,0.4999999999999992,,,7.000000000000001,5.999999999999998,,59.98717489859222,4.488672850711377,119.71200188648292,
591.0,13.6,19.6,741.8,0.0,0.0,0.0,23.0,46.4,50.0,48.2,48.2,48.2,14.53928,44.6,60.8,11299.273333333333,40677384.0,0.0,0.0,5.15138888888889,4.12111111111111,3.86354166666667,25036.2,24774.2,18453.8,17866.8,1220.0,4701.0,0.0,0.0,742.0,2356.0,3.86,16.0,3.84,93.0,0.0,11299.2733333333,0.0,68.0,,41.0,50.0,120.2,102.2,69.80000000000001,32.9,,,,,,,0.0,0.0,0.0,0.0,0.0,0.0,0.0,0.0,0.0,0.0,0.0,741.3000000000001,,,0.0,0.0,0.0,908.0,2857.0,0.0,53.6,1.0,0.0,825.6,0.0,0.0,0.7000000000000001,13.0,0.0,41.0,0.0,51.8,51.8,350.0,825.6,-50.0,0.0,0.0,0.0,0.0,400.0,0.0,0.0,0.0,0.0,0.0,0.0,69.0,743.6,4.446,,,21.01631803969613,0.0,2.789727988546886,31.17872126779607,1.052492723106318,1.0420720030755626,4.057972609372679,0.0077025220221288,2.521506498258511,14.539280000000002,0.0,0.0028926482204356,0.0,10.0,8.0,7.000000000000001,,21.000000000000007,,0.4999999999999992,,,7.000000000000001,5.999999999999998,,59.98717489859222,4.488672850711377,119.71200188648292,
592.0,13.6,3.4,744.8,0.0,0.0,0.0,23.0,46.4,50.0,48.2,48.2,48.2,2.53232,44.6,60.8,11299.273888888889,40677386.0,0.0,0.0,5.17222222222222,4.13777777777778,3.87916666666667,25036.2,24774.2,18453.8,17866.8,1220.0,4717.0,0.0,0.0,745.0,2356.0,3.88,3.0,3.86,93.0,0.0,11299.2738888889,0.0,68.0,149.0,41.0,50.0,120.2,102.2,69.80000000000001,32.9,1.259999999999991,99.0,13.979,741.0,35.37,14.213,0.0,0.0,0.0,0.0,0.0,0.0,0.0,0.0,0.0,0.0,0.0,741.3000000000001,5.2,3.0,0.0,0.0,0.0,908.0,2857.0,0.0,53.6,1.0,0.0,825.6,0.0,0.0,0.7000000000000001,13.0,0.0,41.0,0.0,51.8,51.8,350.0,825.6,-50.0,0.0,0.0,0.0,0.0,400.0,0.0,0.0,0.0,0.0,0.0,0.0,69.0,743.6,4.446,,,21.01631803969613,0.0,2.789727988546886,31.17872126779607,1.0538771637189923,1.0434427363554382,23.693688001516396,0.0013707332798755,14.722570607190242,2.53232,0.0,0.0028926482204356,0.0,10.0,8.0,7.000000000000001,65.0,21.000000000000007,89.0,0.4999999999999992,12.5,15.0,7.000000000000001,5.999999999999998,,59.98717489859222,4.488672850711377,119.71200188648292,34.11000000000001
593.0,13.6,3.4,744.8,0.0,0.0,0.0,23.0,46.4,50.0,48.2,48.2,48.2,2.53232,44.6,60.8,11299.273888888889,40677386.0,0.0,0.0,5.17222222222222,4.13777777777778,3.87916666666667,25036.2,24774.2,18453.8,17866.8,1220.0,4717.0,0.0,0.0,745.0,2356.0,3.88,3.0,3.86,93.0,0.0,11299.2738888889,0.0,68.0,149.0,41.0,50.0,120.2,102.2,69.80000000000001,32.9,1.259999999999991,99.0,13.979,741.0,35.37,14.213,0.0,0.0,0.0,0.0,0.0,0.0,0.0,0.0,0.0,0.0,0.0,741.3000000000001,5.2,3.0,0.0,0.0,0.0,908.0,2857.0,0.0,53.6,1.0,0.0,825.6,0.0,0.0,0.7000000000000001,13.0,0.0,41.0,0.0,51.8,51.8,350.0,825.6,-50.0,0.0,0.0,0.0,0.0,400.0,0.0,0.0,0.0,0.0,0.0,0.0,69.0,744.8000000000001,4.44,0.0,13.950731,21.01631803969613,0.0,2.789727988546886,31.17872126779607,1.0538771637189923,1.0434427363554382,23.693688001516396,0.0013707332798755,14.722570607190242,2.53232,0.0,0.0028926482204356,0.0,10.0,8.0,7.000000000000001,65.0,21.000000000000007,89.0,0.4999999999999992,12.5,15.0,7.000000000000001,5.999999999999998,59.549768414956645,59.98717489859222,4.488672850711377,119.71200188648292,34.11000000000001
594.0,13.6,7.0,744.2,0.0,0.0,0.0,23.0,46.4,50.0,48.2,48.2,48.2,5.2094,44.6,60.8,11299.274444444443,40677388.0,0.0,0.0,5.16805555555556,4.13444444444444,3.87604166666667,25036.2,24774.2,18453.8,17866.8,1160.0,4669.0,0.0,0.0,744.0,2356.0,3.88,16.0,3.86,93.0,0.0,11299.2744444444,0.0,68.0,148.10000000000002,41.0,50.0,120.2,102.2,69.80000000000001,32.9,0.4800000000000182,99.0,13.979,741.1,39.59,14.205,0.0,0.0,0.0,0.0,0.0,0.0,0.0,0.0,0.0,0.0,0.0,741.3000000000001,-2.7,3.0,0.0,0.0,0.0,908.0,2857.0,0.0,53.6,1.0,0.0,825.6,0.0,0.0,0.7000000000000001,13.0,0.0,41.0,0.0,51.8,51.8,350.0,825.6,-50.0,0.0,0.0,0.0,0.0,400.0,0.0,0.0,0.0,0.0,0.0,0.0,69.0,744.8000000000001,4.44,0.0,13.950731,21.15065828259598,0.0,2.831878082001113,31.220871361250296,1.057155881243406,1.0466889913301047,11.517641187084882,0.0032462549746666,7.156728222060121,5.2094000000000005,0.0,0.0028926482204356,0.0,10.0,8.0,7.000000000000001,64.50000000000001,21.000000000000007,88.0,0.4999999999999992,12.5,15.0,7.000000000000001,5.999999999999998,59.549768414956645,58.987388650282355,4.556491947526618,119.77982138685078,39.109999999999985
595.0,13.6,7.0,744.2,0.0,0.0,0.0,23.0,46.4,50.0,48.2,48.2,48.2,5.2094,44.6,60.8,11299.274444444443,40677388.0,0.0,0.0,5.16805555555556,4.13444444444444,3.87604166666667,25036.2,24774.2,18453.8,17866.8,1160.0,4669.0,0.0,0.0,744.0,2356.0,3.88,16.0,3.86,93.0,0.0,11299.2744444444,0.0,68.0,148.10000000000002,41.0,50.0,120.2,102.2,69.80000000000001,32.9,0.4800000000000182,99.0,13.979,741.1,39.59,14.205,0.0,0.0,0.0,0.0,0.0,0.0,0.0,0.0,0.0,0.0,0.0,741.3000000000001,-2.7,3.0,0.0,0.0,0.0,908.0,2857.0,0.0,53.6,1.0,0.0,825.6,0.0,0.0,0.7000000000000001,13.0,0.0,41.0,0.0,51.8,51.8,350.0,825.6,-50.0,0.0,0.0,0.0,0.0,400.0,0.0,0.0,0.0,0.0,0.0,0.0,69.0,743.9000000000001,4.437,0.0,13.950731,21.15065828259598,0.0,2.831878082001113,31.220871361250296,1.057155881243406,1.0466889913301047,11.517641187084882,0.0032462549746666,7.156728222060121,5.2094000000000005,0.0,,0.0,10.0,8.0,7.000000000000001,64.50000000000001,21.000000000000007,88.0,0.4999999999999992,12.5,15.0,7.000000000000001,5.999999999999998,59.112361931321075,58.987388650282355,4.556491947526618,119.77982138685078,39.109999999999985
596.0,13.6,13.6,743.1,0.0,0.0,0.0,23.0,46.4,50.0,48.2,48.2,48.2,10.10616,44.6,60.8,11299.275,40677390.0,0.0,0.0,5.16041666666667,4.12833333333333,3.8703125,25036.2,24774.2,18453.8,17866.8,1120.0,4645.0,0.0,0.0,743.0,2350.0,3.86,16.0,3.86,154.0,0.0,11299.275,0.0,68.0,148.10000000000002,41.0,50.0,120.2,102.2,69.80000000000001,32.9,0.4800000000000182,99.0,13.979,741.1,39.59,14.205,0.0,0.0,0.0,0.0,0.0,0.0,0.0,0.0,0.0,0.0,0.0,741.3000000000001,-2.7,3.0,0.0,0.0,0.0,908.0,2857.0,0.0,53.6,1.0,0.0,825.6,0.0,0.0,0.7000000000000001,13.0,0.0,41.0,0.0,51.8,51.8,350.0,825.6,-50.0,0.0,0.0,0.0,0.0,400.0,0.0,0.0,0.0,0.0,0.0,0.0,69.0,743.9000000000001,4.437,0.0,13.950731,21.15065828259598,0.0,2.831878082001113,31.220871361250296,1.0632472077346924,1.0527200076581114,5.838023542077307,0.0060310163280066,3.6275785263641183,10.10616,0.0,,0.0,10.0,8.0,7.000000000000001,64.50000000000001,21.000000000000007,88.0,0.4999999999999992,12.5,15.0,7.000000000000001,5.999999999999998,59.112361931321075,58.987388650282355,4.556491947526618,119.77982138685078,39.109999999999985
597.0,13.6,13.6,743.1,0.0,0.0,0.0,23.0,46.4,50.0,48.2,48.2,48.2,10.10616,44.6,60.8,11299.275,40677390.0,0.0,0.0,5.16041666666667,4.12833333333333,3.8703125,25036.2,24774.2,18453.8,17866.8,1120.0,4645.0,0.0,0.0,743.0,2350.0,3.86,16.0,3.86,154.0,0.0,11299.275,0.0,68.0,148.10000000000002,41.0,50.0,120.2,102.2,69.80000000000001,32.9,0.4800000000000182,99.0,13.979,741.1,39.59,14.205,0.0,0.0,0.0,0.0,0.0,0.0,0.0,0.0,0.0,0.0,0.0,741.3000000000001,-2.7,3.0,0.0,0.0,0.0,908.0,2857.0,0.0,53.6,1.0,0.0,825.6,0.0,0.0,0.7000000000000001,13.0,0.0,41.0,0.0,51.8,51.8,350.0,825.6,-50.0,0.0,0.0,0.0,0.0,400.0,0.0,0.0,0.0,0.0,0.0,0.0,69.0,742.7,4.441,0.0,13.9595204,21.15065828259598,0.0,2.831878082001113,31.220871361250296,1.0632472077346924,1.0527200076581114,5.838023542077307,0.0060310163280066,3.6275785263641183,10.10616,0.0,,0.0,10.0,8.0,7.000000000000001,64.50000000000001,21.000000000000007,88.0,0.4999999999999992,12.5,15.0,7.000000000000001,5.999999999999998,58.87803702937346,58.987388650282355,4.556491947526618,119.77982138685078,39.109999999999985
598.0,13.6,9.3,743.8,0.0,0.0,0.0,23.0,46.4,50.0,48.2,48.2,48.2,6.91734,44.6,60.8,11299.275555555556,40677392.0,0.0,0.0,5.16527777777778,4.13222222222222,3.87395833333333,25036.2,24774.2,18453.8,17866.8,1080.0,4635.0,0.0,0.0,744.0,2350.0,3.86,16.0,3.86,93.0,0.0,11299.2755555556,0.0,68.0,148.10000000000002,41.0,50.0,120.2,102.2,69.80000000000001,32.9,0.4499999999999886,99.0,13.984,741.7,39.36,14.217,0.0,0.0,0.0,0.0,0.0,0.0,0.0,0.0,0.0,0.0,0.0,739.5,-2.7,3.0,0.0,0.0,0.0,908.0,2857.0,0.0,53.6,1.0,0.0,825.6,0.0,0.0,0.7000000000000001,13.0,0.0,41.0,0.0,51.8,51.8,350.0,825.6,-50.0,0.0,0.0,0.0,0.0,400.0,0.0,0.0,0.0,0.0,0.0,0.0,69.0,742.7,4.441,0.0,13.9595204,21.15065828259598,0.0,2.831878082001113,31.220871361250296,1.0670109183845709,1.0564464538461098,8.529290160668696,0.0037264461879983,5.2998535564248686,6.91734,0.0,,0.0,10.0,8.0,7.000000000000001,64.50000000000001,21.000000000000007,88.0,0.4999999999999992,12.0,15.0,7.000000000000001,5.999999999999998,58.87803702937346,58.987388650282355,4.556491947526618,119.77982138685078,38.91000000000001
599.0,13.6,9.3,743.8,0.0,0.0,0.0,23.0,46.4,50.0,48.2,48.2,48.2,6.91734,44.6,60.8,11299.275555555556,40677392.0,0.0,0.0,5.16527777777778,4.13222222222222,3.87395833333333,25036.2,24774.2,18453.8,17866.8,1080.0,4635.0,0.0,0.0,744.0,2350.0,3.86,16.0,3.86,93.0,0.0,11299.2755555556,0.0,68.0,,,,,,,,0.4499999999999886,99.0,13.984,741.7,39.36,14.217,0.0,0.0,0.0,0.0,0.0,0.0,0.0,0.0,0.0,0.0,0.0,739.5,16.7,3.0,0.0,0.0,0.0,908.0,2857.0,0.0,53.6,1.0,0.0,825.6,0.0,0.0,0.7000000000000001,13.0,0.0,41.0,0.0,51.8,51.8,350.0,825.6,-50.0,0.0,0.0,0.0,0.0,400.0,0.0,0.0,0.0,0.0,0.0,0.0,69.0,745.2,4.437,0.0,13.9595204,,0.0,,,1.0670109183845709,1.0564464538461098,8.529290160668696,0.0037264461879983,5.2998535564248686,6.91734,0.0,,0.0,10.0,8.0,7.000000000000001,,,,,12.0,15.0,7.000000000000001,5.999999999999998,58.87803702937346,,,,38.91000000000001
600.0,13.5,2.0,745.4,0.0,0.0,0.0,23.0,46.4,50.0,48.2,48.2,48.2,1.4908,44.6,60.8,11299.27611111111,40677394.0,0.0,0.0,5.17638888888889,4.14111111111111,3.88229166666667,25036.2,24774.2,18453.8,17866.8,1040.0,4482.0,0.0,0.0,745.0,2350.0,3.88,16.0,3.86,17.0,0.0,11299.2761111111,0.0,68.0,146.3,41.0,50.0,120.2,102.2,69.80000000000001,32.9,0.4499999999999886,99.0,13.984,741.7,39.36,14.217,0.0,0.0,0.0,0.0,0.0,0.0,0.0,0.0,0.0,0.0,0.0,742.2,16.7,3.0,0.0,0.0,0.0,908.0,2857.0,0.0,53.6,1.0,0.0,825.6,0.0,0.0,0.7000000000000001,13.0,0.0,41.0,0.0,51.8,51.8,350.0,825.6,-50.0,0.0,0.0,0.0,0.0,400.0,0.0,0.0,0.0,0.0,0.0,0.0,69.0,745.2,4.437,0.0,13.9595204,21.326460185766894,0.0,2.8926823600174973,31.281675639266684,1.0679517762565571,1.057377996293621,8.529290160668696,0.0009315424475111,5.2998535564248686,1.4908,0.0,,0.0,10.0,8.0,7.000000000000001,63.5,21.000000000000007,83.0,0.4999999999999992,12.0,15.0,7.000000000000001,5.999999999999998,58.87803702937346,55.98802990535273,4.654326284800687,119.87765547017914,38.91000000000001
601.0,13.5,2.0,745.4,0.0,0.0,0.0,23.0,46.4,50.0,48.2,48.2,48.2,1.4908,44.6,60.8,11299.27611111111,40677394.0,0.0,0.0,5.17638888888889,4.14111111111111,3.88229166666667,25036.2,24774.2,18453.8,17866.8,1040.0,4482.0,0.0,0.0,745.0,2350.0,3.88,16.0,3.86,17.0,0.0,11299.2761111111,0.0,68.0,146.3,41.0,50.0,120.2,102.2,69.80000000000001,32.9,0.4499999999999886,99.0,13.984,741.7,39.36,14.217,0.0,0.0,0.0,0.0,0.0,0.0,0.0,0.0,0.0,0.0,0.0,742.2,16.7,3.0,0.0,0.0,0.0,908.0,2857.0,0.0,53.6,1.0,0.0,825.6,0.0,0.0,0.7000000000000001,13.0,0.0,41.0,0.0,51.8,51.8,350.0,825.6,-50.0,0.0,0.0,0.0,0.0,400.0,0.0,0.0,0.0,0.0,0.0,0.0,69.0,742.5,4.44,0.0,13.9307107,21.326460185766894,0.0,2.8926823600174973,31.281675639266684,1.0679517762565571,1.057377996293621,8.529290160668696,0.0009315424475111,5.2998535564248686,1.4908,0.0,,0.0,10.0,8.0,7.000000000000001,63.5,21.000000000000007,83.0,0.4999999999999992,12.0,15.0,7.000000000000001,5.999999999999998,56.3473280883391,55.98802990535273,4.654326284800687,119.87765547017914,38.91000000000001
602.0,13.5,22.5,741.5,0.0,0.0,0.0,23.0,46.4,50.0,48.2,48.2,48.2,16.68375,44.6,60.8,11299.276666666668,40677396.0,0.0,0.0,5.14930555555556,4.11944444444444,3.86197916666667,25036.2,24774.2,18453.8,17866.8,1000.0,4418.0,0.0,0.0,742.0,2350.0,3.86,16.0,3.84,154.0,0.0,11299.2766666667,0.0,68.0,146.3,41.0,50.0,120.2,102.2,69.80000000000001,32.9,-1.0,99.0,13.957,737.8000000000001,41.86,14.215,0.0,0.0,0.0,0.0,0.0,0.0,0.0,0.0,0.0,0.0,0.0,738.4000000000001,16.7,3.0,0.0,0.0,0.0,908.0,2857.0,0.0,53.6,1.0,0.0,825.6,0.0,0.0,0.7000000000000001,13.0,0.0,41.0,0.0,51.8,51.8,350.0,825.6,-50.0,0.0,0.0,0.0,0.0,400.0,0.0,0.0,0.0,0.0,0.0,0.0,69.0,742.5,4.44,0.0,13.9307107,21.326460185766894,0.0,2.8926823600174973,31.281675639266684,1.0765883351834822,1.065929044736121,7.448713113364716,0.0085510484424999,4.628414315964546,16.68375,0.0,,0.0,10.0,8.0,7.000000000000001,63.5,21.000000000000007,83.0,0.4999999999999992,12.0,15.0,7.000000000000001,5.999999999999998,56.3473280883391,55.98802990535273,4.654326284800687,119.87765547017914,42.86
603.0,13.5,22.5,741.5,0.0,0.0,0.0,23.0,46.4,50.0,48.2,48.2,48.2,16.68375,44.6,60.8,11299.276666666668,40677396.0,0.0,0.0,5.14930555555556,4.11944444444444,3.86197916666667,25036.2,24774.2,18453.8,17866.8,1000.0,4418.0,0.0,0.0,742.0,2350.0,3.86,16.0,3.84,154.0,0.0,11299.2766666667,0.0,68.0,146.3,41.0,50.0,120.2,102.2,69.80000000000001,32.9,-1.0,99.0,13.957,737.8000000000001,41.86,14.215,0.0,0.0,0.0,0.0,0.0,0.0,0.0,0.0,0.0,0.0,0.0,738.4000000000001,-4.0,3.0,0.0,0.0,0.0,908.0,2857.0,0.0,53.6,1.0,0.0,825.6,0.0,0.0,0.7000000000000001,13.0,0.0,41.0,0.0,51.8,51.8,350.0,825.6,-50.0,0.0,0.0,0.0,0.0,400.0,0.0,0.0,0.0,0.0,0.0,0.0,69.0,742.5,4.44,0.0,13.9307107,21.326460185766894,0.0,2.8926823600174973,31.281675639266684,1.0765883351834822,1.065929044736121,7.448713113364716,0.0085510484424999,4.628414315964546,16.68375,0.0,,0.0,10.0,8.0,7.000000000000001,63.5,21.000000000000007,83.0,0.4999999999999992,12.0,15.0,7.000000000000001,5.999999999999998,56.3473280883391,55.98802990535273,4.654326284800687,119.87765547017914,42.86
604.0,13.5,24.2,741.0,0.0,0.0,0.0,23.0,46.4,50.0,48.2,48.2,48.2,17.9322,44.6,60.8,11299.277222222225,40677398.0,0.0,0.0,5.14583333333333,4.11666666666667,3.859375,25036.2,24774.2,18453.8,17866.8,980.0,4420.0,0.0,0.0,741.0,2350.0,3.86,16.0,3.84,154.0,0.0,11299.2772222222,0.0,68.0,143.60000000000002,40.1,50.0,120.2,102.2,69.80000000000001,32.9,-1.0,99.0,13.957,737.8000000000001,41.86,14.215,0.0,0.0,0.0,0.0,0.0,0.0,0.0,0.0,0.0,0.0,0.0,738.5,-4.0,3.0,0.0,0.0,0.0,908.0,2857.0,0.0,53.6,1.0,0.0,825.6,0.0,0.0,0.7000000000000001,13.0,0.0,41.0,0.0,51.8,51.8,350.0,825.6,-50.0,0.0,0.0,0.0,0.0,400.0,0.0,0.0,0.0,0.0,0.0,0.0,69.0,741.1,4.439,0.0,13.9307107,21.437388869876475,0.0,2.9318728624830985,31.320866141732285,1.0878301075852943,1.0770595124606877,3.122873936271065,0.0111304677245666,1.940463300654688,17.9322,0.0,-0.0051618283906832,0.0,10.0,8.0,7.000000000000001,62.000000000000014,21.000000000000007,79.00000000000001,0.4999999999999992,12.0,15.0,7.000000000000001,5.999999999999998,56.3473280883391,55.98802990535273,4.717383410018582,119.9407129886463,42.86
605.0,13.5,24.2,741.0,0.0,0.0,0.0,23.0,46.4,50.0,48.2,48.2,48.2,17.9322,44.6,60.8,11299.277222222225,40677398.0,0.0,0.0,5.14583333333333,4.11666666666667,3.859375,25036.2,24774.2,18453.8,17866.8,980.0,4420.0,0.0,0.0,741.0,2350.0,3.86,16.0,3.84,154.0,0.0,11299.2772222222,0.0,68.0,143.60000000000002,40.1,50.0,120.2,102.2,69.80000000000001,32.9,-0.25,99.0,13.959,737.6,43.08,14.221,0.0,0.0,0.0,0.0,0.0,0.0,0.0,0.0,0.0,0.0,0.0,738.5,-2.2,3.0,0.0,0.0,0.0,908.0,2857.0,0.0,53.6,1.0,0.0,825.6,0.0,0.0,0.7000000000000001,13.0,0.0,41.0,0.0,51.8,51.8,350.0,825.6,-50.0,0.0,0.0,0.0,0.0,400.0,0.0,0.0,0.0,0.0,0.0,0.0,69.0,741.1,4.439,0.0,13.9390118,21.437388869876475,0.0,2.9318728624830985,31.320866141732285,1.0878301075852943,1.0770595124606877,3.122873936271065,0.0111304677245666,1.940463300654688,17.9322,0.0,-0.0051618283906832,0.0,10.0,8.0,7.000000000000001,62.000000000000014,21.000000000000007,79.00000000000001,0.4999999999999992,12.0,15.0,7.000000000000001,5.999999999999998,56.066138206001945,55.98802990535273,4.717383410018582,119.9407129886463,43.33
606.0,13.5,28.0,740.2,0.0,0.0,0.0,23.0,46.4,50.0,48.2,48.2,48.2,20.7256,44.6,60.8,11299.277777777776,40677400.0,0.0,0.0,5.14027777777778,4.11222222222222,3.85520833333333,25036.2,24774.2,18453.8,17866.8,940.0,4389.0,0.0,0.0,740.0,2347.0,3.86,16.0,3.84,154.0,0.0,11299.2777777778,0.0,68.0,142.7,40.1,50.0,120.2,102.2,69.80000000000001,32.9,-0.25,99.0,13.959,737.6,43.08,14.221,0.0,0.0,0.0,0.0,0.0,0.0,0.0,0.0,0.0,0.0,0.0,736.8000000000001,-2.2,3.0,0.0,0.0,0.0,908.0,2857.0,0.0,53.6,1.0,0.0,825.6,0.0,0.0,0.7000000000000001,13.0,0.0,41.0,0.0,51.8,51.8,350.0,825.6,-50.0,0.0,0.0,0.0,0.0,400.0,0.0,0.0,0.0,0.0,0.0,0.0,68.5,740.6,4.44,0.0,13.9390118,21.491425998779498,0.0,2.951785323709536,31.34077860295872,1.099592714891393,1.08870565830831,2.7019724398811125,0.0116461458476222,1.6789273169413668,20.725600000000004,0.0,-0.0085364613244622,0.0,10.0,8.0,7.000000000000001,61.5,21.000000000000007,77.0,0.4999999999999992,12.0,15.0,7.000000000000001,5.999999999999998,56.066138206001945,54.988243657042865,4.749422449183418,119.97275213875963,43.33
607.0,13.5,28.0,740.2,0.0,0.0,0.0,23.0,46.4,50.0,48.2,48.2,48.2,20.7256,44.6,60.8,11299.277777777776,40677400.0,0.0,0.0,5.14027777777778,4.11222222222222,3.85520833333333,25036.2,24774.2,18453.8,17866.8,940.0,4389.0,0.0,0.0,740.0,2347.0,3.86,16.0,3.84,154.0,0.0,11299.2777777778,0.0,68.0,142.7,40.1,50.0,120.2,102.2,69.80000000000001,32.9,-0.25,99.0,13.959,737.6,43.08,14.221,0.0,0.0,0.0,0.0,0.0,0.0,0.0,0.0,0.0,0.0,0.0,736.8000000000001,-2.2,3.0,0.0,0.0,0.0,908.0,2857.0,0.0,53.6,1.0,0.0,825.6,0.0,0.0,0.7000000000000001,13.0,0.0,41.0,0.0,51.8,51.8,350.0,825.6,-50.0,0.0,0.0,0.0,0.0,400.0,0.0,0.0,0.0,0.0,0.0,0.0,68.5,740.6,4.44,0.0,13.960497,21.491425998779498,0.0,2.951785323709536,31.34077860295872,1.099592714891393,1.08870565830831,2.7019724398811125,0.0116461458476222,1.6789273169413668,20.725600000000004,0.0,-0.0085364613244622,0.0,10.0,8.0,7.000000000000001,61.5,21.000000000000007,77.0,0.4999999999999992,12.0,15.0,7.000000000000001,5.999999999999998,55.675596702755904,54.988243657042865,4.749422449183418,119.97275213875963,43.33
608.0,13.6,31.5,739.4,0.0,0.0,0.0,23.0,46.4,50.0,48.2,48.2,48.2,23.2911,44.6,60.8,11299.278333333334,40677402.0,0.0,0.0,5.13472222222222,4.10777777777778,3.85104166666667,25036.2,24774.2,18453.8,17866.8,900.0,4418.0,0.0,0.0,739.0,2347.0,3.84,16.0,3.84,154.0,0.0,11299.2783333333,0.0,68.0,141.8,40.1,50.0,119.3,102.2,69.80000000000001,32.9,-0.25,99.0,13.959,737.6,43.08,14.221,0.0,0.0,0.0,0.0,0.0,0.0,0.0,0.0,0.0,0.0,0.0,736.2,-2.2,3.0,0.0,0.0,0.0,908.0,2857.0,0.0,53.6,1.0,0.0,825.6,0.0,0.0,0.7000000000000001,13.0,0.0,41.0,0.0,51.8,51.8,350.0,825.6,-50.0,0.0,0.0,0.0,0.0,400.0,0.0,0.0,0.0,0.0,0.0,0.0,68.5,739.5,4.443,0.0,13.960497,21.541621171277427,0.0,2.969883381054641,31.358876660303828,1.112146002776958,1.10113465621481,2.3614170219525916,0.0124289979064999,1.467316056347704,23.2911,0.0,-0.0085364613244622,0.0,10.0,8.0,7.000000000000001,61.0,21.000000000000007,76.0,0.4999999999999992,12.0,15.0,7.000000000000001,5.999999999999998,55.675596702755904,55.98802990535273,4.778542458068197,120.0018719130279,43.33
609.0,13.6,31.5,739.4,0.0,0.0,0.0,23.0,46.4,50.0,48.2,48.2,48.2,23.2911,44.6,60.8,11299.278333333334,40677402.0,0.0,0.0,5.13472222222222,4.10777777777778,3.85104166666667,25036.2,24774.2,18453.8,17866.8,900.0,4418.0,0.0,0.0,739.0,2347.0,3.84,16.0,3.84,154.0,0.0,11299.2783333333,0.0,68.0,141.8,40.1,50.0,119.3,102.2,69.80000000000001,32.9,1.829999999999984,99.0,13.989,735.6,40.65,14.226,0.0,0.0,0.0,0.0,0.0,0.0,0.0,0.0,0.0,0.0,0.0,736.2,0.6000000000000001,3.0,0.0,0.0,0.0,908.0,2857.0,0.0,53.6,1.0,0.0,825.6,0.0,0.0,0.7000000000000001,13.0,0.0,41.0,0.0,51.8,51.8,350.0,825.6,-50.0,0.0,0.0,0.0,0.0,400.0,0.0,0.0,0.0,0.0,0.0,0.0,68.5,739.5,4.443,0.0,13.960497,21.541621171277427,0.0,2.969883381054641,31.358876660303828,1.112146002776958,1.10113465621481,2.3614170219525916,0.0124289979064999,1.467316056347704,23.2911,0.0,-0.0085364613244622,0.0,10.0,8.0,7.000000000000001,61.0,21.000000000000007,76.0,0.4999999999999992,12.0,15.0,7.000000000000001,5.999999999999998,55.675596702755904,55.98802990535273,4.778542458068197,120.0018719130279,38.820000000000014
610.0,13.6,29.6,739.5,0.0,0.0,0.0,23.0,46.4,50.0,48.2,48.2,48.2,21.8892,44.6,60.8,11299.278888888888,40677404.0,0.0,0.0,5.13541666666667,4.10833333333333,3.8515625,25036.2,24774.2,18453.8,17866.8,860.0,4435.0,0.0,0.0,740.0,2347.0,3.84,16.0,3.84,154.0,0.0,11299.2788888889,0.0,68.0,140.9,40.1,50.0,119.3,102.2,69.80000000000001,32.9,1.829999999999984,99.0,13.989,735.6,40.65,14.226,0.0,0.0,0.0,0.0,0.0,0.0,0.0,0.0,0.0,0.0,0.0,736.0,0.6000000000000001,3.0,0.0,0.0,0.0,908.0,2857.0,0.0,53.6,1.0,0.0,825.6,0.0,0.0,0.7000000000000001,13.0,0.0,41.0,0.0,51.8,51.8,350.0,825.6,-50.0,0.0,0.0,0.0,0.0,400.0,0.0,0.0,0.0,0.0,0.0,0.0,68.5,739.6,4.441,0.0,13.960497,21.541621171277427,0.0,2.969883381054641,31.358876660303828,1.1248700050001563,1.1137326782179766,2.558339272335216,0.0125980220031666,1.5896778319902054,21.8892,0.0,-0.0085364613244622,0.0,10.0,8.0,7.000000000000001,60.5,21.000000000000007,74.00000000000001,0.4999999999999992,12.0,15.0,7.000000000000001,5.999999999999998,55.675596702755904,55.98802990535273,4.778542458068197,120.0018719130279,38.820000000000014
611.0,13.6,29.6,739.5,0.0,0.0,0.0,23.0,46.4,50.0,48.2,48.2,48.2,21.8892,44.6,60.8,11299.278888888888,40677404.0,0.0,0.0,5.13541666666667,4.10833333333333,3.8515625,25036.2,24774.2,18453.8,17866.8,860.0,4435.0,0.0,0.0,740.0,2347.0,3.84,16.0,3.84,154.0,0.0,11299.2788888889,0.0,68.0,140.9,40.1,50.0,119.3,102.2,69.80000000000001,32.9,0.8000000000000114,99.0,13.991,735.8000000000001,38.64,14.228,0.0,0.0,0.0,0.0,0.0,0.0,0.0,0.0,0.0,0.0,0.0,736.0,1.9,3.0,0.0,0.0,0.0,908.0,2857.0,0.0,53.6,1.0,0.0,825.6,0.0,0.0,0.7000000000000001,13.0,0.0,41.0,0.0,51.8,51.8,350.0,825.6,-50.0,0.0,0.0,0.0,0.0,400.0,0.0,0.0,0.0,0.0,0.0,0.0,68.5,739.6,4.441,0.0,13.960497,21.541621171277427,0.0,2.969883381054641,31.358876660303828,1.1248700050001563,1.1137326782179766,2.558339272335216,0.0125980220031666,1.5896778319902054,21.8892,0.0,,0.0,10.0,8.0,7.000000000000001,60.5,21.000000000000007,74.00000000000001,0.4999999999999992,12.0,15.0,7.000000000000001,5.999999999999998,55.675596702755904,55.98802990535273,4.778542458068197,120.0018719130279,37.83999999999999
612.0,13.6,26.2,740.1,0.0,0.0,0.0,23.0,46.4,50.0,48.2,48.2,48.2,19.39062,44.6,60.8,11299.279444444444,40677406.0,0.0,0.0,5.13958333333333,4.11166666666667,3.8546875,25036.2,24774.3,18453.8,17866.8,820.0,4456.0,0.0,0.0,740.0,2347.0,3.86,16.0,3.84,93.0,0.0,11299.2794444444,0.0,68.0,140.9,40.1,50.0,119.3,102.2,69.80000000000001,32.9,0.8000000000000114,99.0,13.991,735.8000000000001,38.64,14.228,0.0,0.0,0.0,0.0,0.0,0.0,0.0,0.0,0.0,0.0,0.0,737.2,1.9,3.0,0.0,0.0,0.0,908.0,2857.0,0.0,53.6,1.0,0.0,825.6,0.0,0.0,0.7000000000000001,13.0,0.0,41.0,0.0,51.8,51.8,350.0,825.6,-50.0,0.0,0.0,0.0,0.0,400.0,0.0,0.0,0.0,0.0,0.0,0.0,68.5,739.9000000000001,4.442,,,21.541621171277427,0.0,2.969883381054641,31.358876660303828,1.1355822414261385,1.1243388528971665,2.887994298274114,0.01060617467919,1.794515905112884,19.39062,0.0,,0.0,10.0,8.0,7.000000000000001,60.5,21.000000000000007,74.00000000000001,0.4999999999999992,12.0,15.0,7.000000000000001,5.999999999999998,,55.98802990535273,4.778542458068197,120.0018719130279,37.83999999999999
613.0,13.6,26.2,740.1,0.0,0.0,0.0,23.0,46.4,50.0,48.2,48.2,48.2,19.39062,44.6,60.8,11299.279444444444,40677406.0,0.0,0.0,5.13958333333333,4.11166666666667,3.8546875,25036.2,24774.3,18453.8,17866.8,820.0,4456.0,0.0,0.0,740.0,2347.0,3.86,16.0,3.84,93.0,0.0,11299.2794444444,0.0,68.0,140.9,,,,,,,0.4000000000000341,99.0,13.989,737.8000000000001,40.06,14.22,0.0,0.0,0.0,0.0,0.0,0.0,0.0,0.0,0.0,0.0,0.0,737.2,-2.4000000000000004,3.0,0.0,0.0,0.0,908.0,2857.0,0.0,53.6,1.0,0.0,825.6,0.0,0.0,0.7000000000000001,13.0,0.0,41.0,0.0,51.8,51.8,350.0,825.6,-50.0,0.0,0.0,0.0,0.0,400.0,0.0,0.0,0.0,0.0,0.0,0.0,68.5,739.9000000000001,4.442,0.0,13.960497,,0.0,,,1.1355822414261385,1.1243388528971665,2.887994298274114,0.01060617467919,1.794515905112884,19.39062,0.0,,0.0,10.0,8.0,7.000000000000001,60.5,,74.00000000000001,,12.0,15.0,7.000000000000001,5.999999999999998,56.51916634976735,,,,39.65999999999997
614.0,13.6,22.2,740.9,0.0,0.0,0.0,23.0,46.4,50.0,48.2,48.2,48.2,16.44798,44.6,60.8,11299.28,40677408.0,0.0,0.0,5.14513888888889,4.11611111111111,3.85885416666667,25036.2,24774.3,18453.8,17866.8,780.0,4449.0,0.0,0.0,741.0,2351.0,3.86,16.0,3.84,102.0,0.0,11299.28,0.0,68.0,140.9,40.1,50.0,119.3,103.1,69.80000000000001,32.9,0.4000000000000341,99.0,13.989,737.8000000000001,40.06,14.22,0.0,0.0,0.0,0.0,0.0,0.0,0.0,0.0,0.0,0.0,0.0,738.0,-2.4000000000000004,3.0,0.0,0.0,0.0,908.0,2857.0,0.0,53.6,1.0,0.0,825.6,0.0,0.0,0.7000000000000001,13.0,0.0,41.0,0.0,51.8,51.8,350.0,825.6,-50.0,0.0,0.0,0.0,0.0,400.0,0.0,0.0,0.0,0.0,0.0,0.0,68.5,740.8000000000001,4.44,0.0,13.960497,21.70232149039055,0.0,3.028758301519128,31.41775158076831,1.1448808789090157,1.1335454246623915,2.887994298274114,0.009206571765225,1.794515905112884,16.44798,0.0,,0.0,10.0,8.0,7.000000000000001,60.5,21.000000000000007,74.00000000000001,0.4999999999999992,12.0,15.0,7.000000000000001,5.999999999999998,56.51916634976735,55.98802990535273,4.873271943373735,120.09660166005526,39.65999999999997
615.0,13.6,22.2,740.9,0.0,0.0,0.0,23.0,46.4,50.0,48.2,48.2,48.2,16.44798,44.6,60.8,11299.28,40677408.0,0.0,0.0,5.14513888888889,4.11611111111111,3.85885416666667,25036.2,24774.3,18453.8,17866.8,780.0,4449.0,0.0,0.0,741.0,2351.0,3.86,16.0,3.84,102.0,0.0,11299.28,0.0,68.0,,40.1,50.0,119.3,103.1,69.80000000000001,32.9,0.4000000000000341,99.0,13.989,737.8000000000001,40.06,14.22,0.0,0.0,0.0,0.0,0.0,0.0,0.0,0.0,0.0,0.0,0.0,738.0,-2.4000000000000004,3.0,0.0,0.0,0.0,908.0,2857.0,0.0,53.6,1.0,0.0,825.6,0.0,0.0,0.7000000000000001,13.0,0.0,41.0,0.0,51.8,51.8,350.0,825.6,-50.0,0.0,0.0,0.0,0.0,400.0,0.0,0.0,0.0,0.0,0.0,0.0,68.5,740.7,4.44,0.0,13.9424299,21.70232149039055,0.0,3.028758301519128,31.41775158076831,1.1448808789090157,1.1335454246623915,2.887994298274114,0.009206571765225,1.794515905112884,16.44798,0.0,,0.0,10.0,8.0,7.000000000000001,,21.000000000000007,,0.4999999999999992,12.0,15.0,7.000000000000001,5.999999999999998,56.175489826910834,55.98802990535273,4.873271943373735,120.09660166005526,39.65999999999997
616.0,13.6,21.9,740.7,0.0,0.0,0.0,23.0,46.4,50.0,48.2,48.2,48.2,16.22133,44.6,60.8,11299.280555555555,40677410.0,0.0,0.0,5.14375,4.115,3.8578125,25036.2,24774.3,18453.8,17866.8,800.0,4449.0,0.0,0.0,741.0,2351.0,3.86,16.0,3.84,154.0,0.0,11299.2805555556,0.0,68.0,138.2,40.1,50.0,119.3,103.1,69.80000000000001,32.9,0.4000000000000341,99.0,13.989,737.8000000000001,40.06,14.22,0.0,0.0,0.0,0.0,0.0,0.0,0.0,0.0,0.0,0.0,0.0,737.3000000000001,-2.4000000000000004,3.0,0.0,0.0,0.0,908.0,2857.0,0.0,53.6,1.0,0.0,825.6,0.0,0.0,0.7000000000000001,13.0,0.0,41.0,0.0,51.8,51.8,350.0,825.6,-50.0,0.0,0.0,0.0,0.0,400.0,0.0,0.0,0.0,0.0,0.0,0.0,68.5,740.7,4.44,0.0,13.9424299,21.750971359820635,0.0,3.046868164916885,31.43586144416607,1.1534174759050475,1.1419975008960863,7.160844677409139,0.0084520762336949,4.449541218046394,16.22133,0.0,,0.0,10.0,8.0,7.000000000000001,59.0,21.000000000000007,70.0,0.4999999999999992,12.0,15.0,7.000000000000001,5.999999999999998,56.175489826910834,55.98802990535273,4.902410232350278,120.12574043026225,39.65999999999997
617.0,13.6,21.9,740.7,0.0,0.0,0.0,23.0,46.4,50.0,48.2,48.2,48.2,16.22133,44.6,60.8,11299.280555555555,40677410.0,0.0,0.0,5.14375,4.115,3.8578125,25036.2,24774.3,18453.8,17866.8,800.0,4449.0,0.0,0.0,741.0,2351.0,3.86,16.0,3.84,154.0,0.0,11299.2805555556,0.0,68.0,138.2,40.1,50.0,119.3,103.1,69.80000000000001,32.9,-0.0999999999999659,99.0,13.984,737.4000000000001,38.97,14.211,0.0,0.0,0.0,0.0,0.0,0.0,0.0,0.0,0.0,0.0,0.0,737.3000000000001,-6.2,3.0,0.0,0.0,0.0,908.0,2857.0,0.0,53.6,1.0,0.0,825.6,0.0,0.0,0.7000000000000001,13.0,0.0,41.0,0.0,51.8,51.8,350.0,825.6,-50.0,0.0,0.0,0.0,0.0,400.0,0.0,0.0,0.0,0.0,0.0,0.0,68.5,741.7,4.441,0.0,13.9424299,21.750971359820635,0.0,3.046868164916885,31.43586144416607,1.1534174759050475,1.1419975008960863,7.160844677409139,0.0084520762336949,4.449541218046394,16.22133,0.0,,0.0,10.0,8.0,7.000000000000001,59.0,21.000000000000007,70.0,0.4999999999999992,12.0,15.0,7.000000000000001,5.999999999999998,56.175489826910834,55.98802990535273,4.902410232350278,120.12574043026225,39.069999999999965
618.0,13.5,16.7,741.7,0.0,0.0,0.0,23.0,46.4,50.0,48.2,48.2,48.2,12.38639,44.6,60.8,11299.281111111111,40677412.0,0.0,0.0,5.15069444444444,4.12055555555556,3.86302083333333,25036.2,24774.3,18453.8,17866.8,780.0,4453.0,0.0,0.0,742.0,2351.0,3.86,16.0,3.84,154.0,0.0,11299.2811111111,0.0,68.0,137.3,40.1,50.0,118.4,103.1,69.80000000000001,32.9,-0.0999999999999659,99.0,13.984,737.4000000000001,38.97,14.211,0.0,0.0,0.0,0.0,0.0,0.0,0.0,0.0,0.0,0.0,0.0,738.5,-6.2,3.0,0.0,0.0,0.0,908.0,2857.0,0.0,53.6,1.0,0.0,825.6,0.0,0.0,0.7000000000000001,13.0,0.0,41.0,0.0,51.8,51.8,350.0,825.6,-50.0,0.0,0.0,0.0,0.0,400.0,0.0,0.0,0.0,0.0,0.0,0.0,68.5,741.7,4.441,0.0,13.9424299,21.801810511129386,0.0,3.065937425435457,31.45493070468464,1.1603122715973495,1.1488240312845044,4.52109129455798,0.0068265303884177,2.8092750187907867,12.38639,0.0,0.0023882064895318,0.0,10.0,8.0,7.000000000000001,58.5,21.000000000000007,69.0,0.4999999999999992,12.0,15.0,7.000000000000001,5.999999999999998,56.175489826910834,55.98802990535273,4.933092887367616,120.15642287043664,39.069999999999965
619.0,13.5,16.7,741.7,0.0,0.0,0.0,23.0,46.4,50.0,48.2,48.2,48.2,12.38639,44.6,60.8,11299.281111111111,40677412.0,0.0,0.0,5.15069444444444,4.12055555555556,3.86302083333333,25036.2,24774.3,18453.8,17866.8,780.0,4453.0,0.0,0.0,742.0,2351.0,3.86,16.0,3.84,154.0,0.0,11299.2811111111,0.0,68.0,137.3,40.1,50.0,118.4,103.1,69.80000000000001,32.9,-2.099999999999966,99.0,13.96,737.8000000000001,41.47,14.216,0.0,0.0,0.0,0.0,0.0,0.0,0.0,0.0,0.0,0.0,0.0,738.5,4.0,3.0,0.0,0.0,0.0,908.0,2857.0,0.0,53.6,1.0,0.0,825.6,0.0,0.0,0.7000000000000001,13.0,0.0,41.0,0.0,51.8,51.8,350.0,825.6,-50.0,0.0,0.0,0.0,0.0,400.0,0.0,0.0,0.0,0.0,0.0,0.0,68.5,742.5,4.441,0.0,13.9204564,21.801810511129386,0.0,3.065937425435457,31.45493070468464,1.1603122715973495,1.1488240312845044,4.52109129455798,0.0068265303884177,2.8092750187907867,12.38639,0.0,0.0023882064895318,0.0,10.0,8.0,7.000000000000001,58.5,21.000000000000007,69.0,0.4999999999999992,12.0,15.0,7.000000000000001,5.999999999999998,56.62851797067624,55.98802990535273,4.933092887367616,120.15642287043664,43.569999999999965
620.0,13.5,10.3,742.9,0.0,0.0,0.0,23.0,46.4,50.0,48.2,48.2,48.2,7.65187,44.6,60.8,11299.281666666666,40677414.0,0.0,0.0,5.15902777777778,4.12722222222222,3.86927083333333,25036.2,24774.3,18453.8,17866.8,800.0,4455.0,0.0,0.0,743.0,2351.0,3.86,16.0,3.86,152.0,0.0,11299.2816666667,0.0,68.0,136.4,40.1,50.0,118.4,103.1,69.80000000000001,32.9,-2.099999999999966,99.0,13.96,737.8000000000001,41.47,14.216,0.0,0.0,0.0,0.0,0.0,0.0,0.0,0.0,0.0,0.0,0.0,739.4000000000001,4.0,3.0,0.0,0.0,0.0,908.0,2857.0,0.0,53.6,1.0,0.0,825.6,0.0,0.0,0.7000000000000001,13.0,0.0,41.0,0.0,51.8,51.8,350.0,825.6,-50.0,0.0,0.0,0.0,0.0,400.0,0.0,0.0,0.0,0.0,0.0,0.0,68.5,742.5,4.441,0.0,13.9204564,21.801810511129386,0.0,3.065937425435457,31.45493070468464,1.164719355842712,1.153187481032388,7.318472477969436,0.0043634497478836,4.547486562108347,7.65187,0.0,0.0023882064895318,0.0,10.0,8.0,7.000000000000001,58.0,21.000000000000007,67.00000000000001,0.4999999999999992,12.0,15.0,7.000000000000001,5.999999999999998,56.62851797067624,55.98802990535273,4.933092887367616,120.15642287043664,43.569999999999965
621.0,13.5,10.3,742.9,0.0,0.0,0.0,23.0,46.4,50.0,48.2,48.2,48.2,7.65187,44.6,60.8,11299.281666666666,40677414.0,0.0,0.0,5.15902777777778,4.12722222222222,3.86927083333333,25036.2,24774.3,18453.8,17866.8,800.0,4455.0,0.0,0.0,743.0,2351.0,3.86,16.0,3.86,152.0,0.0,11299.2816666667,0.0,68.0,136.4,40.1,50.0,118.4,103.1,69.80000000000001,32.9,-2.099999999999966,99.0,13.96,737.8000000000001,41.47,14.216,0.0,0.0,0.0,0.0,0.0,0.0,0.0,0.0,0.0,0.0,0.0,739.4000000000001,4.0,3.0,0.0,0.0,0.0,908.0,2857.0,0.0,53.6,1.0,0.0,825.6,0.0,0.0,0.7000000000000001,13.0,0.0,41.0,0.0,51.8,51.8,350.0,825.6,-50.0,0.0,0.0,0.0,0.0,400.0,0.0,0.0,0.0,0.0,0.0,0.0,68.5,743.3000000000001,4.441,0.0,13.9307107,21.801810511129386,0.0,3.065937425435457,31.45493070468464,1.164719355842712,1.153187481032388,7.318472477969436,0.0043634497478836,4.547486562108347,7.65187,0.0,0.0023882064895318,0.0,10.0,8.0,7.000000000000001,58.0,21.000000000000007,67.00000000000001,0.4999999999999992,12.0,15.0,7.000000000000001,5.999999999999998,56.58165299028672,55.98802990535273,4.933092887367616,120.15642287043664,43.569999999999965
622.0,13.5,8.7,743.3,0.0,0.0,0.0,23.0,46.4,50.0,48.2,48.2,48.2,6.46671,44.6,60.8,11299.282222222222,40677416.0,0.0,0.0,5.16180555555556,4.12944444444444,3.87135416666667,25036.2,24774.3,18453.8,17866.8,780.0,4448.0,0.0,0.0,743.0,2351.0,3.86,16.0,3.86,152.0,0.0,11299.2822222222,0.0,68.0,135.5,40.1,50.0,118.4,103.1,69.80000000000001,32.9,-0.2900000000000204,99.0,13.959,740.8000000000001,44.33,14.228,0.0,0.0,0.0,0.0,0.0,0.0,0.0,0.0,0.0,0.0,0.0,740.9000000000001,4.0,3.0,0.0,0.0,0.0,908.0,2857.0,0.0,53.6,1.0,0.0,825.6,0.0,0.0,0.7000000000000001,13.0,0.0,41.0,0.0,51.8,51.8,350.0,825.6,-50.0,0.0,0.0,0.0,0.0,400.0,0.0,0.0,0.0,0.0,0.0,0.0,68.5,743.3000000000001,4.441,0.0,13.9307107,21.801810511129386,0.0,3.065937425435457,31.45493070468464,1.1680777224566352,1.156512596491718,8.659735785275666,0.00332511545933,5.380908684632525,6.466709999999999,0.0,0.0023882064895318,0.0,10.0,8.0,7.000000000000001,57.5,21.000000000000007,66.0,0.4999999999999992,12.0,15.0,7.000000000000001,5.999999999999998,56.58165299028672,55.98802990535273,4.933092887367616,120.15642287043664,44.62000000000002
623.0,13.5,8.7,743.3,0.0,0.0,0.0,23.0,46.4,50.0,48.2,48.2,48.2,6.46671,44.6,60.8,11299.282222222222,40677416.0,0.0,0.0,5.16180555555556,4.12944444444444,3.87135416666667,25036.2,24774.3,18453.8,17866.8,780.0,4448.0,0.0,0.0,743.0,2351.0,3.86,16.0,3.86,152.0,0.0,11299.2822222222,0.0,68.0,135.5,,,,,,,-0.2900000000000204,99.0,13.959,740.8000000000001,44.33,14.228,0.0,0.0,0.0,0.0,0.0,0.0,0.0,0.0,0.0,0.0,0.0,740.9000000000001,0.2,3.0,0.0,0.0,0.0,908.0,2857.0,0.0,53.6,1.0,0.0,825.6,0.0,0.0,0.7000000000000001,13.0,0.0,41.0,0.0,51.8,51.8,350.0,825.6,-50.0,0.0,0.0,0.0,0.0,400.0,0.0,0.0,0.0,0.0,0.0,0.0,68.5,743.4000000000001,4.438,0.0,13.939500099999998,,0.0,,,1.1680777224566352,1.156512596491718,8.659735785275666,0.00332511545933,5.380908684632525,6.466709999999999,0.0,,0.0,10.0,8.0,7.000000000000001,57.5,,66.0,,12.0,15.0,7.000000000000001,5.999999999999998,56.51916634976735,,,,44.62000000000002
624.0,13.5,8.4,743.4,0.0,0.0,0.0,23.0,46.4,50.0,48.2,48.2,48.2,6.24456,44.6,60.8,11299.282777777778,40677418.0,0.0,0.0,5.1625,4.13,3.871875,25036.2,24774.3,18453.8,17866.8,800.0,4429.0,0.0,0.0,743.0,2349.0,3.86,16.0,3.86,63.0,0.0,11299.2827777778,0.0,68.0,135.5,40.1,50.0,117.5,102.2,69.80000000000001,32.9,-0.2900000000000204,99.0,13.959,740.8000000000001,44.33,14.228,0.0,0.0,0.0,0.0,0.0,0.0,0.0,0.0,0.0,0.0,0.0,740.0,0.2,3.0,0.0,0.0,0.0,908.0,2857.0,0.0,53.6,1.0,0.0,825.6,0.0,0.0,0.7000000000000001,13.0,0.0,41.0,0.0,51.8,51.8,350.0,825.6,-50.0,0.0,0.0,0.0,0.0,400.0,0.0,0.0,0.0,0.0,0.0,0.0,68.5,743.4000000000001,4.438,0.0,13.939500099999998,21.951228656466473,0.0,3.122856890757973,31.51185017000716,1.1715173944232808,1.159918212300278,8.659735785275666,0.00340561580856,5.380908684632525,6.244560000000001,0.0,0.0,0.0,10.0,8.0,7.000000000000001,57.5,21.000000000000007,66.0,0.4999999999999992,12.0,15.0,7.000000000000001,5.999999999999998,56.51916634976735,55.98802990535273,5.0246761766549835,120.24800629014055,44.62000000000002
625.0,13.5,8.4,743.4,0.0,0.0,0.0,23.0,46.4,50.0,48.2,48.2,48.2,6.24456,44.6,60.8,11299.282777777778,40677418.0,0.0,0.0,5.1625,4.13,3.871875,25036.2,24774.3,18453.8,17866.8,800.0,4429.0,0.0,0.0,743.0,2349.0,3.86,16.0,3.86,63.0,0.0,11299.2827777778,0.0,68.0,135.5,40.1,50.0,117.5,102.2,69.80000000000001,32.9,-0.2900000000000204,99.0,13.959,740.8000000000001,44.33,14.228,0.0,0.0,0.0,0.0,0.0,0.0,0.0,0.0,0.0,0.0,0.0,739.6,0.2,3.0,0.0,0.0,0.0,908.0,2857.0,0.0,53.6,1.0,0.0,825.6,0.0,0.0,0.7000000000000001,13.0,0.0,41.0,0.0,51.8,51.8,350.0,825.6,-50.0,0.0,0.0,0.0,0.0,400.0,0.0,0.0,0.0,0.0,0.0,0.0,68.5,743.0,4.44,0.0,13.960497,21.951228656466473,0.0,3.122856890757973,31.51185017000716,1.1715173944232808,1.159918212300278,8.659735785275666,0.00340561580856,5.380908684632525,6.244560000000001,0.0,0.0,0.0,10.0,8.0,7.000000000000001,57.5,21.000000000000007,66.0,0.4999999999999992,12.0,15.0,7.000000000000001,5.999999999999998,56.23797646743021,55.98802990535273,5.0246761766549835,120.24800629014055,44.62000000000002
626.0,13.6,10.5,743.1,0.0,0.0,0.0,23.0,46.4,50.0,48.2,48.2,48.2,7.80255,44.6,60.8,11299.283333333333,40677420.0,0.0,0.0,5.16041666666667,4.12833333333333,3.8703125,25036.2,24774.3,18453.8,17866.8,780.0,4430.0,0.0,0.0,743.0,2349.0,3.86,16.0,3.86,154.0,0.0,11299.2833333333,0.0,68.0,133.7,40.1,50.0,117.5,102.2,69.80000000000001,32.9,-0.2900000000000204,99.0,13.959,740.8000000000001,44.33,14.228,0.0,0.0,0.0,0.0,0.0,0.0,0.0,0.0,0.0,0.0,0.0,739.6,0.2,3.0,0.0,0.0,0.0,908.0,2857.0,0.0,53.6,1.0,0.0,825.6,0.0,0.0,0.7000000000000001,13.0,0.0,41.0,0.0,51.8,51.8,350.0,825.6,-50.0,0.0,0.0,0.0,0.0,400.0,0.0,0.0,0.0,0.0,0.0,0.0,68.5,743.0,4.44,0.0,13.960497,21.996602789845536,0.0,3.140405034597948,31.529398313847135,1.1756009477522975,1.1639613344082156,14.73093206712316,0.0040431221079375,9.153373989480384,7.80255,0.0,0.0,0.0,10.0,8.0,7.000000000000001,56.49999999999999,21.000000000000007,65.0,0.4999999999999992,12.0,15.0,7.000000000000001,5.999999999999998,56.23797646743021,55.98802990535273,5.052910703742348,120.27624125357907,44.62000000000002
627.0,13.6,10.3,743.3,0.0,0.0,0.0,23.0,46.4,50.0,48.2,48.2,48.2,7.65599,44.6,60.8,11299.28388888889,40677422.0,0.0,0.0,5.16180555555556,4.12944444444444,3.87135416666667,25036.2,24774.3,18453.8,17866.9,800.0,4433.0,0.0,0.0,743.0,2349.0,3.86,16.0,3.86,154.0,0.0,11299.2838888889,0.0,68.0,133.7,40.1,50.0,117.5,102.2,69.80000000000001,32.9,,,,,,,0.0,0.0,0.0,0.0,0.0,0.0,0.0,0.0,0.0,0.0,0.0,739.9000000000001,,,0.0,0.0,0.0,908.0,2857.0,0.0,53.6,1.0,0.0,825.6,0.0,0.0,0.7000000000000001,13.0,0.0,41.0,0.0,51.8,51.8,350.0,825.6,-50.0,0.0,0.0,0.0,0.0,400.0,0.0,0.0,0.0,0.0,0.0,0.0,68.5,743.2,4.443,0.0,13.960497,21.996602789845536,0.0,3.140405034597948,31.529398313847135,1.179286717064535,1.167610610954985,7.314534109893037,0.0036492765467694,4.545039374398346,7.65599,0.0,0.0,0.0,10.0,7.000000000000001,7.000000000000001,56.49999999999999,21.000000000000007,65.0,0.4999999999999992,,,7.000000000000001,5.999999999999998,56.23797646743021,55.98802990535273,5.052910703742348,120.27624125357907,
628.0,13.6,10.3,743.3,0.0,0.0,0.0,23.0,46.4,50.0,48.2,48.2,48.2,7.65599,44.6,60.8,11299.28388888889,40677422.0,0.0,0.0,5.16180555555556,4.12944444444444,3.87135416666667,25036.2,24774.3,18453.8,17866.9,800.0,4433.0,0.0,0.0,743.0,2349.0,3.86,16.0,3.86,154.0,0.0,11299.2838888889,0.0,68.0,133.7,40.1,50.0,117.5,102.2,69.80000000000001,32.9,0.8600000000000136,99.0,13.989,739.0,35.03,14.223,0.0,0.0,0.0,0.0,0.0,0.0,0.0,0.0,0.0,0.0,0.0,739.9000000000001,1.2000000000000002,3.0,0.0,0.0,0.0,908.0,2857.0,0.0,53.6,1.0,0.0,825.6,0.0,0.0,0.7000000000000001,13.0,0.0,41.0,0.0,51.8,51.8,350.0,825.6,-50.0,0.0,0.0,0.0,0.0,400.0,0.0,0.0,0.0,0.0,0.0,0.0,68.5,743.2,4.443,0.0,13.960497,21.996602789845536,0.0,3.140405034597948,31.529398313847135,1.179286717064535,1.167610610954985,7.314534109893037,0.0036492765467694,4.545039374398346,7.65599,0.0,0.0,0.0,10.0,7.000000000000001,7.000000000000001,56.49999999999999,21.000000000000007,64.0,0.4999999999999992,12.0,15.0,7.000000000000001,5.999999999999998,56.3473280883391,55.98802990535273,5.052910703742348,120.27624125357907,34.16999999999999
629.0,13.6,10.3,743.3,0.0,0.0,0.0,23.0,46.4,50.0,48.2,48.2,48.2,7.65599,44.6,60.8,11299.28388888889,40677422.0,0.0,0.0,5.16180555555556,4.12944444444444,3.87135416666667,25036.2,24774.3,18453.8,17866.9,800.0,4433.0,0.0,0.0,743.0,2349.0,3.86,16.0,3.86,154.0,0.0,11299.2838888889,0.0,68.0,133.7,40.1,50.0,117.5,102.2,69.80000000000001,32.9,0.8600000000000136,99.0,13.989,739.0,35.03,14.223,0.0,0.0,0.0,0.0,0.0,0.0,0.0,0.0,0.0,0.0,0.0,740.1,1.2000000000000002,3.0,0.0,0.0,0.0,908.0,2857.0,0.0,53.6,1.0,0.0,825.6,0.0,0.0,0.7000000000000001,13.0,0.0,41.0,0.0,51.8,51.8,350.0,825.6,-50.0,0.0,0.0,0.0,0.0,400.0,0.0,0.0,0.0,0.0,0.0,0.0,68.5,743.5,4.44,0.0,13.960497,21.996602789845536,0.0,3.140405034597948,31.529398313847135,1.179286717064535,1.167610610954985,7.314534109893037,0.0036492765467694,4.545039374398346,7.65599,0.0,0.0,0.0,10.0,7.000000000000001,7.000000000000001,56.49999999999999,21.000000000000007,64.0,0.4999999999999992,12.0,15.0,7.000000000000001,5.999999999999998,56.3473280883391,55.98802990535273,5.052910703742348,120.27624125357907,34.16999999999999
630.0,13.6,10.2,743.2,0.0,0.0,0.0,23.0,46.4,50.0,48.2,48.2,48.2,7.58064,44.6,60.8,11299.284444444444,40677424.0,0.0,0.0,5.16111111111111,4.12888888888889,3.87083333333333,25036.2,24774.3,18453.8,17866.9,800.0,4418.0,0.0,0.0,743.0,2349.0,3.86,16.0,3.86,93.0,0.0,11299.2844444444,0.0,68.0,132.8,40.1,50.0,117.5,102.2,69.80000000000001,32.9,0.8600000000000136,99.0,13.989,739.0,35.03,14.223,0.0,0.0,0.0,0.0,0.0,0.0,0.0,0.0,0.0,0.0,0.0,740.1,1.2000000000000002,3.0,0.0,0.0,0.0,908.0,2857.0,0.0,53.6,1.0,0.0,825.6,0.0,0.0,0.7000000000000001,13.0,0.0,41.0,0.0,51.8,51.8,350.0,825.6,-50.0,0.0,0.0,0.0,0.0,400.0,0.0,0.0,0.0,0.0,0.0,0.0,68.5,743.5,4.44,0.0,13.960497,22.090263946283276,0.0,3.177023681698878,31.566016960948065,1.183657780187504,1.1719383962252516,7.387239072162773,0.0043277852702666,4.590216129508854,7.580640000000001,0.0,0.0,0.0,10.0,7.000000000000001,7.000000000000001,56.00000000000001,21.000000000000007,64.0,0.4999999999999992,12.0,15.0,7.000000000000001,5.999999999999998,56.3473280883391,55.98802990535273,5.111830053827987,120.33516065676449,34.16999999999999
631.0,13.6,15.7,742.2,0.0,0.0,0.0,23.0,46.4,50.0,48.2,48.2,48.2,11.65254,44.6,60.8,11299.285,40677426.0,0.0,0.0,5.15416666666667,4.12333333333333,3.865625,25036.2,24774.3,18453.8,17866.9,780.0,4401.0,0.0,0.0,742.0,2351.0,3.86,16.0,3.86,154.0,0.0,11299.285,0.0,68.0,131.9,40.1,50.0,117.5,102.2,69.80000000000001,32.9,0.8600000000000136,99.0,13.989,739.0,35.03,14.223,0.0,0.0,0.0,0.0,0.0,0.0,0.0,0.0,0.0,0.0,0.0,740.2,1.2000000000000002,3.0,0.0,0.0,0.0,908.0,2857.0,0.0,53.6,1.0,0.0,825.6,0.0,0.0,0.7000000000000001,13.0,0.0,41.0,0.0,51.8,51.8,350.0,825.6,-50.0,0.0,0.0,0.0,0.0,400.0,0.0,0.0,0.0,0.0,0.0,0.0,68.5,742.8000000000001,4.441,0.0,13.960497,22.090263946283276,0.0,3.177023681698878,31.566016960948065,1.189596540490927,1.17781835692171,4.8058191604577205,0.0058799606964583,2.986196657552774,11.65254,0.0,0.0,0.0,10.0,7.000000000000001,7.000000000000001,55.5,21.000000000000007,63.0,0.4999999999999992,12.0,15.0,7.000000000000001,5.999999999999998,56.3473280883391,55.98802990535273,5.111830053827987,120.33516065676449,34.16999999999999
632.0,13.6,15.7,742.2,0.0,0.0,0.0,23.0,46.4,50.0,48.2,48.2,48.2,11.65254,44.6,60.8,11299.285,40677426.0,0.0,0.0,5.15416666666667,4.12333333333333,3.865625,25036.2,24774.3,18453.8,17866.9,780.0,4401.0,0.0,0.0,742.0,2351.0,3.86,16.0,3.86,154.0,0.0,11299.285,0.0,68.0,131.9,40.1,50.0,117.5,102.2,69.80000000000001,32.9,0.0500000000000113,99.0,13.986,738.3000000000001,38.69,14.208,0.0,0.0,0.0,0.0,0.0,0.0,0.0,0.0,0.0,0.0,0.0,740.2,-7.9,3.0,0.0,0.0,0.0,908.0,2857.0,0.0,53.6,1.0,0.0,825.6,0.0,0.0,0.7000000000000001,13.0,0.0,41.0,0.0,51.8,51.8,350.0,825.6,-50.0,0.0,0.0,0.0,0.0,400.0,0.0,0.0,0.0,0.0,0.0,0.0,68.5,742.8000000000001,4.441,0.0,13.960497,22.090263946283276,0.0,3.177023681698878,31.566016960948065,1.189596540490927,1.17781835692171,4.8058191604577205,0.0058799606964583,2.986196657552774,11.65254,0.0,0.0,0.0,10.0,7.000000000000001,7.000000000000001,55.5,21.000000000000007,63.0,0.4999999999999992,12.0,15.0,7.000000000000001,5.999999999999998,56.3473280883391,55.98802990535273,5.111830053827987,120.33516065676449,38.639999999999986
633.0,13.6,21.8,741.0,0.0,0.0,0.0,23.0,46.4,50.0,48.2,48.2,48.2,16.1538,44.6,60.8,11299.285555555556,40677428.0,0.0,0.0,5.14583333333333,4.11666666666667,3.859375,25036.2,24774.3,18453.8,17866.9,800.0,4387.0,0.0,0.0,741.0,2351.0,3.86,16.0,3.84,154.0,0.0,11299.2855555556,0.0,68.0,131.0,40.1,51.0,116.6,102.2,69.80000000000001,32.9,0.0500000000000113,99.0,13.986,738.3000000000001,38.69,14.208,0.0,0.0,0.0,0.0,0.0,0.0,0.0,0.0,0.0,0.0,0.0,740.2,-7.9,3.0,0.0,0.0,0.0,908.0,2857.0,0.0,53.6,1.0,0.0,825.6,0.0,0.0,0.7000000000000001,13.0,0.0,41.0,0.0,51.8,51.8,350.0,825.6,-50.0,0.0,0.0,0.0,0.0,400.0,0.0,0.0,0.0,0.0,0.0,0.0,68.5,742.8000000000001,4.441,,,22.17723834953779,0.0,3.2126531058617673,31.601646385110953,1.1984429202430482,1.1865771487554932,3.4666765714568712,0.0087587918337833,2.1540922878827273,16.1538,0.0,-0.0018580061748384,0.0,10.0,7.000000000000001,7.000000000000001,55.0,21.000000000000007,62.000000000000014,0.4999999999999992,12.0,15.0,7.000000000000001,5.999999999999998,,54.988243657042865,5.169157882287906,120.39248840024257,38.639999999999986
634.0,13.6,21.8,741.0,0.0,0.0,0.0,23.0,46.4,50.0,48.2,48.2,48.2,16.1538,44.6,60.8,11299.285555555556,40677428.0,0.0,0.0,5.14583333333333,4.11666666666667,3.859375,25036.2,24774.3,18453.8,17866.9,800.0,4387.0,0.0,0.0,741.0,2351.0,3.86,16.0,3.84,154.0,0.0,11299.2855555556,0.0,68.0,131.0,40.1,51.0,116.6,102.2,69.80000000000001,32.9,-0.0999999999999659,99.0,13.984,736.8000000000001,35.93,14.213,0.0,0.0,0.0,0.0,0.0,0.0,0.0,0.0,0.0,0.0,0.0,740.2,-5.9,3.0,0.0,0.0,0.0,908.0,2857.0,0.0,53.6,1.0,0.0,825.6,0.0,0.0,0.7000000000000001,13.0,0.0,41.0,0.0,51.8,51.8,350.0,825.6,-50.0,0.0,0.0,0.0,0.0,400.0,0.0,0.0,0.0,0.0,0.0,0.0,68.5,742.8000000000001,4.441,0.0,13.9595204,22.17723834953779,0.0,3.2126531058617673,31.601646385110953,1.1984429202430482,1.1865771487554932,3.4666765714568712,0.0087587918337833,2.1540922878827273,16.1538,0.0,-0.0018580061748384,0.0,10.0,7.000000000000001,7.000000000000001,55.0,21.000000000000007,62.000000000000014,0.4999999999999992,12.0,15.0,7.000000000000001,5.999999999999998,55.78494832366479,54.988243657042865,5.169157882287906,120.39248840024257,36.029999999999966
635.0,13.5,5.2,743.1,0.0,0.0,0.0,23.0,46.4,50.0,48.2,48.2,48.2,3.86412,44.6,60.8,11299.28611111111,40677430.0,0.0,0.0,5.16041666666667,4.12833333333333,3.8703125,25036.2,24774.3,18453.8,17866.9,780.0,4362.0,0.0,0.0,744.0,2351.0,3.86,16.0,3.84,154.0,0.0,11299.2861111111,0.0,68.0,131.0,39.2,51.0,115.7,102.2,69.80000000000001,32.9,-0.0999999999999659,99.0,13.984,736.8000000000001,35.93,14.213,0.0,0.0,0.0,0.0,0.0,0.0,0.0,0.0,0.0,0.0,0.0,737.2,-5.9,3.0,0.0,0.0,0.0,908.0,2857.0,0.0,53.6,1.0,0.0,825.6,0.0,0.0,0.7000000000000001,13.0,0.0,41.0,0.0,51.8,51.8,350.0,825.6,-50.0,0.0,0.0,0.0,0.0,400.0,0.0,0.0,0.0,0.0,0.0,0.0,68.5,740.6,4.442,0.0,13.9595204,22.22146721036,0.0,3.231623568360773,31.62061684760996,1.2006480485109592,1.1887604440702566,14.233512416798652,0.0021832953147633,8.844291843938596,3.86412,0.0,-0.0049702293017649,0.0,10.0,7.000000000000001,7.000000000000001,55.0,21.000000000000007,62.000000000000014,0.4999999999999992,12.0,15.0,7.000000000000001,5.999999999999998,55.78494832366479,53.98845740873299,5.199681378444103,120.42301187440346,36.029999999999966
636.0,13.5,5.2,743.1,0.0,0.0,0.0,23.0,46.4,50.0,48.2,48.2,48.2,3.86412,44.6,60.8,11299.28611111111,40677430.0,0.0,0.0,5.16041666666667,4.12833333333333,3.8703125,25036.2,24774.3,18453.8,17866.9,780.0,4362.0,0.0,0.0,744.0,2351.0,3.86,16.0,3.84,154.0,0.0,11299.2861111111,0.0,68.0,131.0,39.2,51.0,115.7,102.2,69.80000000000001,32.9,-2.2799999999999727,99.0,13.957,744.9000000000001,42.51,14.208,0.0,0.0,0.0,0.0,0.0,0.0,0.0,0.0,0.0,0.0,0.0,737.2,-6.2,3.0,0.0,0.0,0.0,908.0,2857.0,0.0,53.6,1.0,0.0,825.6,0.0,0.0,0.7000000000000001,13.0,0.0,41.0,0.0,51.8,51.8,350.0,825.6,-50.0,0.0,0.0,0.0,0.0,400.0,0.0,0.0,0.0,0.0,0.0,0.0,68.5,740.6,4.442,0.0,13.9595204,22.22146721036,0.0,3.231623568360773,31.62061684760996,1.2006480485109592,1.1887604440702566,14.233512416798652,0.0021832953147633,8.844291843938596,3.86412,0.0,-0.0049702293017649,0.0,10.0,7.000000000000001,7.000000000000001,55.0,21.000000000000007,62.000000000000014,0.4999999999999992,12.0,15.0,7.000000000000001,5.999999999999998,55.78494832366479,53.98845740873299,5.199681378444103,120.42301187440346,44.78999999999997
637.0,13.5,-20.0,748.9,0.0,0.0,0.0,23.0,46.4,50.0,48.2,48.2,48.2,-14.978,44.6,60.8,11299.286666666669,40677432.0,0.0,0.0,5.20069444444444,4.16055555555556,3.90052083333333,25036.2,24774.3,18453.8,17866.9,800.0,3832.0,0.0,0.0,749.0,2351.0,3.9,138.0,3.88,17.0,0.0,11299.2866666667,0.0,68.0,130.10000000000002,39.2,51.0,115.7,102.2,69.80000000000001,32.9,-2.2799999999999727,99.0,13.957,744.9000000000001,42.51,14.208,0.0,0.0,0.0,0.0,0.0,0.0,0.0,0.0,0.0,0.0,0.0,745.6,-6.2,3.0,0.0,0.0,0.0,908.0,2857.0,0.0,53.6,1.0,0.0,825.6,0.0,0.0,0.7000000000000001,13.0,0.0,41.0,0.0,51.8,51.8,350.0,825.6,-50.0,0.0,0.0,0.0,0.0,400.0,0.0,0.0,0.0,0.0,0.0,0.0,68.5,748.9000000000001,4.441,0.0,13.9595204,22.24772340644372,0.0,3.2476530810069195,31.636646360256105,1.1924194951241247,1.1806133615090344,-3.6052877553745497,-0.0081470825612222,-2.2402212578448393,-14.978,0.0,-0.0220667276539583,0.0,10.0,7.000000000000001,7.000000000000001,54.500000000000014,21.000000000000007,62.000000000000014,0.4999999999999992,12.0,15.0,7.000000000000001,5.999999999999998,55.78494832366479,46.98995367056391,5.225473085855495,120.44880336025113,44.78999999999997
638.0,13.5,-20.0,748.9,0.0,0.0,0.0,23.0,46.4,50.0,48.2,48.2,48.2,-14.978,44.6,60.8,11299.286666666669,40677432.0,0.0,0.0,5.20069444444444,4.16055555555556,3.90052083333333,25036.2,24774.3,18453.8,17866.9,800.0,3832.0,0.0,0.0,749.0,2351.0,3.9,138.0,3.88,17.0,0.0,11299.2866666667,0.0,68.0,130.10000000000002,39.2,51.0,115.7,102.2,69.80000000000001,32.9,-1.2199999999999704,99.0,13.947,745.3000000000001,47.19,14.216,0.0,0.0,0.0,0.0,0.0,0.0,0.0,0.0,0.0,0.0,0.0,745.6,-2.1,3.0,0.0,0.0,0.0,908.0,2857.0,0.0,53.6,1.0,0.0,825.6,0.0,0.0,0.7000000000000001,13.0,0.0,41.0,0.0,51.8,51.8,350.0,825.6,-50.0,0.0,0.0,0.0,0.0,400.0,0.0,0.0,0.0,0.0,0.0,0.0,68.5,748.9000000000001,4.441,0.0,13.921433,22.24772340644372,0.0,3.2476530810069195,31.636646360256105,1.1924194951241247,1.1806133615090344,-3.6052877553745497,-0.0081470825612222,-2.2402212578448393,-14.978,0.0,-0.0220667276539583,0.0,10.0,7.000000000000001,7.000000000000001,54.500000000000014,21.000000000000007,62.000000000000014,0.4999999999999992,12.0,15.0,7.000000000000001,5.999999999999998,45.724599200046725,46.98995367056391,5.225473085855495,120.44880336025113,48.40999999999997
639.0,13.5,-16.9,748.6,0.0,0.0,0.0,23.0,46.4,50.0,48.2,48.2,48.2,-12.65134,44.6,60.8,11299.28722222222,40677434.0,0.0,0.0,5.19861111111111,4.15888888888889,3.89895833333333,25036.2,24774.3,18453.8,17866.9,800.0,3200.0,0.0,0.0,748.0,2351.0,3.9,164.0,3.88,17.0,0.0,11299.2872222222,0.0,68.0,129.2,39.2,51.0,115.7,102.2,69.80000000000001,32.9,-1.2199999999999704,99.0,13.947,745.3000000000001,47.19,14.216,0.0,0.0,0.0,0.0,0.0,0.0,0.0,0.0,0.0,0.0,0.0,746.2,-2.1,3.0,0.0,0.0,0.0,908.0,2857.0,0.0,53.6,1.0,0.0,825.6,0.0,0.0,0.7000000000000001,13.0,0.0,41.0,0.0,51.8,51.8,350.0,825.6,-50.0,0.0,0.0,0.0,0.0,400.0,0.0,0.0,0.0,0.0,0.0,0.0,68.5,748.8000000000001,4.437,0.0,13.921433,22.24772340644372,0.0,3.2476530810069195,31.636646360256105,1.1850261869089804,1.1732932543653272,-3.715021491794545,-0.0073201071437072,-2.3084066193778683,-12.65134,0.0,-0.0220667276539583,0.0,10.0,7.000000000000001,7.000000000000001,53.99999999999999,21.000000000000007,61.0,0.4999999999999992,12.0,15.0,7.000000000000001,5.999999999999998,45.724599200046725,46.98995367056391,5.225473085855495,120.44880336025113,48.40999999999997
640.0,13.5,-16.9,748.6,0.0,0.0,0.0,23.0,46.4,50.0,48.2,48.2,48.2,-12.65134,44.6,60.8,11299.28722222222,40677434.0,0.0,0.0,5.19861111111111,4.15888888888889,3.89895833333333,25036.2,24774.3,18453.8,17866.9,800.0,3200.0,0.0,0.0,748.0,2351.0,3.9,164.0,3.88,17.0,0.0,11299.2872222222,0.0,68.0,129.2,39.2,51.0,115.7,102.2,70.7,32.9,-0.2900000000000204,99.0,13.953,745.7,43.61,14.227,0.0,0.0,0.0,0.0,0.0,0.0,0.0,0.0,0.0,0.0,0.0,746.2,9.4,3.0,0.0,0.0,0.0,908.0,2857.0,0.0,53.6,1.0,0.0,825.6,0.0,0.0,0.7000000000000001,13.0,0.0,41.0,0.0,51.8,51.8,350.0,825.6,-50.0,0.0,0.0,0.0,0.0,400.0,0.0,0.0,0.0,0.0,0.0,0.0,68.5,748.8000000000001,4.437,3.808545000000001,13.9404767,22.25568384277545,0.0,3.2618911805058457,31.65088445975503,1.1850261869089804,1.1732932543653272,-3.715021491794545,-0.0073201071437072,-2.3084066193778683,-12.65134,0.0,-0.0489980981712296,0.0,10.0,7.000000000000001,7.000000000000001,53.99999999999999,21.5,61.0,0.4999999999999992,12.0,15.0,7.000000000000001,5.999999999999998,37.22641608941284,38.99166368408494,5.248382388739672,120.4717124623449,43.90000000000002
641.0,13.6,6.2,744.5,0.0,0.0,0.0,23.0,46.4,50.0,48.2,48.2,48.2,4.6159,44.6,60.8,11299.287777777778,40677436.0,0.0,0.0,5.17013888888889,4.13611111111111,3.87760416666667,25036.2,24774.3,18453.8,17866.9,780.0,2786.0,0.0,0.0,744.0,2329.0,3.88,7.0,3.86,154.0,0.0,11299.2877777778,0.0,68.0,129.2,39.2,51.0,115.7,102.2,70.7,32.9,-0.2900000000000204,99.0,13.953,745.7,43.61,14.227,0.0,0.0,0.0,0.0,0.0,0.0,0.0,0.0,0.0,0.0,0.0,741.8000000000001,9.4,3.0,0.0,0.0,0.0,908.0,2857.0,0.0,53.6,1.0,0.0,825.6,0.0,0.0,0.7000000000000001,13.0,0.0,41.0,0.0,51.8,51.8,350.0,825.6,-50.0,0.0,0.0,0.0,0.0,400.0,0.0,0.0,0.0,0.0,0.0,0.0,68.5,744.8000000000001,4.44,3.808545000000001,13.9404767,22.25568384277545,0.0,3.2618911805058457,31.65088445975503,1.1876675800367416,1.175908495085883,8.449056522021706,0.0026152407205555,5.24999870014515,4.615900000000001,0.0,-0.0489980981712296,0.0,10.0,7.000000000000001,7.000000000000001,53.99999999999999,21.5,61.0,0.4999999999999992,12.0,15.0,7.000000000000001,5.999999999999998,37.22641608941284,38.99166368408494,5.248382388739672,120.4717124623449,43.90000000000002
642.0,13.6,6.2,744.5,0.0,0.0,0.0,23.0,46.4,50.0,48.2,48.2,48.2,4.6159,44.6,60.8,11299.287777777778,40677436.0,0.0,0.0,5.17013888888889,4.13611111111111,3.87760416666667,25036.2,24774.3,18453.8,17866.9,780.0,2786.0,0.0,0.0,744.0,2329.0,3.88,7.0,3.86,154.0,0.0,11299.2877777778,0.0,68.0,128.3,39.2,51.0,115.7,102.2,70.7,32.9,1.2900000000000205,99.0,13.972,740.0,40.89,14.232,0.0,0.0,0.0,0.0,0.0,0.0,0.0,0.0,0.0,0.0,0.0,741.8000000000001,7.0,3.0,0.0,0.0,0.0,908.0,2857.0,0.0,53.6,1.0,0.0,825.6,0.0,0.0,0.7000000000000001,13.0,0.0,41.0,0.0,51.8,51.8,350.0,825.6,-50.0,0.0,0.0,0.0,0.0,400.0,0.0,0.0,0.0,0.0,0.0,0.0,68.5,744.8000000000001,4.44,11.767427500000002,13.9707513,22.25568384277545,0.0,3.2618911805058457,31.65088445975503,1.1876675800367416,1.175908495085883,8.449056522021706,0.0026152407205555,5.24999870014515,4.615900000000001,0.0,-0.0489980981712296,0.0,10.0,7.000000000000001,7.000000000000001,53.50000000000001,21.5,60.0,0.4999999999999992,12.0,15.0,7.000000000000001,5.999999999999998,34.414517266041315,38.99166368408494,5.248382388739672,120.4717124623449,39.59999999999998
643.0,13.6,6.2,744.5,0.0,0.0,0.0,23.0,46.4,50.0,48.2,48.2,48.2,4.6159,44.6,60.8,11299.287777777778,40677436.0,0.0,0.0,5.17013888888889,4.13611111111111,3.87760416666667,25036.2,24774.3,18453.8,17866.9,800.0,2786.0,0.0,0.0,744.0,2329.0,3.88,7.0,3.86,154.0,0.0,11299.2877777778,0.0,68.0,128.3,39.2,51.0,115.7,102.2,70.7,32.9,1.2900000000000205,99.0,13.972,740.0,40.89,14.232,0.0,0.0,0.0,0.0,0.0,0.0,0.0,0.0,0.0,0.0,0.0,740.6,7.0,3.0,0.0,0.0,0.0,908.0,2857.0,0.0,53.6,1.0,0.0,825.6,0.0,0.0,0.7000000000000001,13.0,0.0,41.0,0.0,51.8,51.8,350.0,825.6,-50.0,0.0,0.0,0.0,0.0,400.0,0.0,0.0,0.0,0.0,0.0,0.0,68.5,743.7,4.438,11.767427500000002,13.9707513,22.25568384277545,0.0,3.2618911805058457,31.65088445975503,1.1876675800367416,1.175908495085883,8.449056522021706,0.0026152407205555,5.24999870014515,4.615900000000001,0.0,-0.0489980981712296,0.0,10.0,7.000000000000001,7.000000000000001,53.50000000000001,21.5,60.0,0.4999999999999992,12.0,15.0,7.000000000000001,5.999999999999998,34.414517266041315,38.99166368408494,5.248382388739672,120.4717124623449,39.59999999999998
644.0,13.6,4.6,744.6,0.0,0.0,0.0,23.0,46.4,50.0,48.2,48.2,48.2,3.42516,44.6,60.8,11299.288333333334,40677438.0,0.0,0.0,5.17083333333333,4.13666666666667,3.878125,25036.2,24774.3,18453.8,17866.9,800.0,2592.0,0.0,0.0,745.0,2329.0,3.88,16.0,3.86,154.0,0.0,11299.2883333333,0.0,68.0,127.4,39.2,51.0,114.8,102.2,70.7,32.9,1.2900000000000205,99.0,13.972,740.0,40.89,14.232,0.0,0.0,0.0,0.0,0.0,0.0,0.0,0.0,0.0,0.0,0.0,740.6,7.0,3.0,0.0,0.0,0.0,908.0,2857.0,0.0,53.6,1.0,0.0,825.6,0.0,0.0,0.7000000000000001,13.0,0.0,41.0,0.0,51.8,51.8,350.0,825.6,-50.0,0.0,0.0,0.0,0.0,400.0,0.0,0.0,0.0,0.0,0.0,0.0,68.5,743.7,4.438,11.767427500000002,13.9707513,22.237241676495195,0.0,3.284729057305337,31.673722336554523,1.1896708301604824,1.1778919110499826,11.386329397750764,0.0019834159641,7.075134884209789,3.42516,0.0,-0.0638742822233587,0.0,10.0,7.000000000000001,7.000000000000001,53.0,21.5,59.0,0.4999999999999992,12.0,15.0,7.000000000000001,5.999999999999998,34.414517266041315,31.99315994591585,5.285128258790795,120.50845860611527,39.59999999999998
645.0,13.6,3.4,745.0,0.0,0.0,0.0,23.0,46.4,50.0,48.2,48.2,48.2,2.533,44.6,60.8,11299.288888888888,40677440.0,0.0,0.0,5.17361111111111,4.13888888888889,3.88020833333333,25036.2,24774.3,18453.8,17866.9,780.0,2349.0,0.0,0.0,745.0,2329.0,3.88,16.0,3.86,93.0,0.0,11299.2888888889,0.0,68.0,127.4,39.2,51.0,114.8,102.2,70.7,32.9,1.2900000000000205,99.0,13.972,740.0,40.89,14.232,0.0,0.0,0.0,0.0,0.0,0.0,0.0,0.0,0.0,0.0,0.0,742.1,7.0,3.0,0.0,0.0,0.0,908.0,2857.0,0.0,53.6,1.0,0.0,825.6,0.0,0.0,0.7000000000000001,13.0,0.0,41.0,0.0,51.8,51.8,350.0,825.6,-50.0,0.0,0.0,0.0,0.0,400.0,0.0,0.0,0.0,0.0,0.0,0.0,68.5,745.0,4.442,11.767427500000002,13.9707513,22.237241676495195,0.0,3.284729057305337,31.673722336554523,1.1909363384396188,1.179144889544177,12.633241215949468,0.0012529784941944,7.849929727595737,2.533,0.0,-0.0638742822233587,0.0,10.0,7.000000000000001,7.000000000000001,53.0,21.5,59.0,0.4999999999999992,12.0,15.0,7.000000000000001,5.999999999999998,34.414517266041315,31.99315994591585,5.285128258790795,120.50845860611527,39.59999999999998
646.0,13.6,3.4,745.0,0.0,0.0,0.0,23.0,46.4,50.0,48.2,48.2,48.2,2.533,44.6,60.8,11299.288888888888,40677440.0,0.0,0.0,5.17361111111111,4.13888888888889,3.88020833333333,25036.2,24774.3,18453.8,17866.9,780.0,2349.0,0.0,0.0,745.0,2329.0,3.88,16.0,3.86,93.0,0.0,11299.2888888889,0.0,68.0,127.4,39.2,51.0,114.8,102.2,70.7,32.9,1.150000000000034,99.0,14.0,740.8000000000001,32.36,14.22,0.0,0.0,0.0,0.0,0.0,0.0,0.0,0.0,0.0,0.0,0.0,742.1,17.3,3.0,0.0,0.0,0.0,908.0,2857.0,0.0,53.6,1.0,0.0,825.6,0.0,0.0,0.7000000000000001,13.0,0.0,41.0,0.0,51.8,51.8,350.0,825.6,-50.0,0.0,0.0,0.0,0.0,400.0,0.0,0.0,0.0,0.0,0.0,0.0,68.5,745.0,4.442,9.1307425,13.9795407,22.237241676495195,0.0,3.284729057305337,31.673722336554523,1.1909363384396188,1.179144889544177,12.633241215949468,0.0012529784941944,7.849929727595737,2.533,0.0,-0.0638742822233587,0.0,10.0,7.000000000000001,7.000000000000001,53.0,21.5,59.0,0.4999999999999992,12.0,15.0,7.000000000000001,5.999999999999998,29.24374776306371,31.99315994591585,5.285128258790795,120.50845860611527,31.209999999999965
647.0,13.6,14.7,743.0,0.0,0.0,0.0,23.0,46.4,50.0,48.2,48.2,48.2,10.9221,44.6,60.8,11299.289444444445,40677442.0,0.0,0.0,5.15972222222222,4.12777777777778,3.86979166666667,25036.2,24774.3,18453.8,17866.9,800.0,2303.0,0.0,0.0,743.0,2329.0,3.86,16.0,3.86,154.0,0.0,11299.2894444444,0.0,68.0,126.5,39.2,51.0,113.9,102.2,70.7,32.9,1.150000000000034,99.0,14.0,740.8000000000001,32.36,14.22,0.0,0.0,0.0,0.0,0.0,0.0,0.0,0.0,0.0,0.0,0.0,740.0,17.3,3.0,,,0.0,908.0,2857.0,0.0,,,0.0,825.6,,0.0,0.7000000000000001,13.0,0.0,41.0,0.0,,,350.0,825.6,-50.0,0.0,0.0,0.0,0.0,400.0,0.0,0.0,0.0,0.0,0.0,0.0,68.5,744.5,4.441,9.1307425,13.9795407,22.207804340868865,0.0,3.3034385439036025,31.692431823152788,1.1970515248833684,1.1851995295874935,2.9298394997299053,0.0060546400433166,1.820517299786671,10.9221,0.0,-0.0592240903177961,0.0,10.0,7.000000000000001,7.000000000000001,52.5,21.5,60.0,0.4999999999999992,12.0,15.0,7.000000000000001,5.999999999999998,29.24374776306371,28.99380120098623,5.315231373295715,120.53856217005189,31.209999999999965
648.0,13.6,14.7,743.0,0.0,0.0,0.0,23.0,46.4,50.0,48.2,48.2,48.2,10.9221,44.6,60.8,11299.289444444445,40677442.0,0.0,0.0,5.15972222222222,4.12777777777778,3.86979166666667,25036.2,24774.3,18453.8,17866.9,800.0,2303.0,0.0,0.0,743.0,2329.0,3.86,16.0,3.86,154.0,0.0,11299.2894444444,0.0,68.0,126.5,39.2,51.0,113.9,102.2,70.7,32.9,1.150000000000034,99.0,14.0,740.8000000000001,32.36,14.22,0.0,0.0,0.0,0.0,0.0,0.0,0.0,0.0,0.0,0.0,0.0,740.0,103.4,3.0,0.0,0.0,0.0,908.0,2857.0,0.0,53.6,1.0,0.0,825.6,0.0,0.0,0.7000000000000001,13.0,0.0,41.0,0.0,51.8,51.8,350.0,825.6,-50.0,0.0,0.0,0.0,0.0,400.0,0.0,0.0,0.0,0.0,0.0,0.0,68.5,744.5,4.441,15.42949,13.9717279,22.207804340868865,0.0,3.3034385439036025,31.692431823152788,1.1970515248833684,1.1851995295874935,2.9298394997299053,0.0060546400433166,1.820517299786671,10.9221,0.0,-0.0592240903177961,0.0,10.0,7.000000000000001,7.000000000000001,52.5,21.5,60.0,0.4999999999999992,12.0,15.0,7.000000000000001,5.999999999999998,29.353099383972598,28.99380120098623,5.315231373295715,120.53856217005189,31.209999999999965
649.0,13.6,26.6,740.6,0.0,0.0,0.0,23.0,46.4,50.0,48.2,48.2,48.2,19.69996,44.6,60.8,11299.289722222222,40677443.0,0.0,0.0,5.14305555555556,4.11444444444444,3.85729166666667,25036.2,24774.3,18453.8,17866.9,800.0,2497.0,0.0,0.0,740.0,2329.0,3.86,16.0,3.84,154.0,0.0,11299.2897222222,0.0,68.0,124.7,39.2,51.0,113.9,102.2,70.7,32.9,1.150000000000034,99.0,14.0,740.8000000000001,32.36,14.22,0.0,0.0,0.0,0.0,0.0,0.0,0.0,0.0,0.0,0.0,0.0,738.5,103.4,3.0,0.0,0.0,0.0,908.0,2857.0,0.0,53.6,1.0,0.0,825.6,0.0,0.0,0.7000000000000001,13.0,0.0,41.0,0.0,51.8,51.8,350.0,825.6,-50.0,0.0,0.0,0.0,0.0,400.0,0.0,0.0,0.0,0.0,0.0,0.0,68.5,741.2,4.44,15.42949,13.9717279,22.207804340868865,0.0,3.3034385439036025,31.692431823152788,1.2075990418933524,1.1956426157359925,1.4720842072775782,0.0104430861484988,0.914710435960276,19.699960000000004,0.0,-0.0592240903177961,0.0,10.0,7.000000000000001,7.000000000000001,51.5,21.5,58.0,0.4999999999999992,12.0,15.0,7.000000000000001,5.999999999999998,29.353099383972598,28.99380120098623,5.315231373295715,120.53856217005189,31.209999999999965
650.0,13.6,26.6,740.6,0.0,0.0,0.0,23.0,46.4,50.0,48.2,48.2,48.2,19.69996,44.6,60.8,11299.289722222222,40677443.0,0.0,0.0,5.14305555555556,4.11444444444444,3.85729166666667,25036.2,24774.3,18453.8,17866.9,800.0,2497.0,0.0,0.0,740.0,2329.0,3.86,16.0,3.84,154.0,0.0,11299.2897222222,0.0,68.0,124.7,39.2,51.0,113.9,102.2,70.7,32.9,2.0500000000000114,99.0,14.02,737.5,27.98,14.197,0.0,0.0,0.0,0.0,0.0,0.0,0.0,0.0,0.0,0.0,0.0,738.5,-67.10000000000001,3.0,0.0,0.0,0.0,908.0,2857.0,0.0,53.6,1.0,0.0,825.6,0.0,0.0,0.7000000000000001,13.0,0.0,41.0,0.0,51.8,51.8,350.0,825.6,-50.0,0.0,0.0,0.0,0.0,400.0,0.0,0.0,0.0,0.0,0.0,0.0,68.5,741.2,4.44,15.42949,13.9717279,22.207804340868865,0.0,3.3034385439036025,31.692431823152788,1.2075990418933524,1.1956426157359925,1.4720842072775782,0.0104430861484988,0.914710435960276,19.699960000000004,0.0,-0.0592240903177961,0.0,10.0,7.000000000000001,7.000000000000001,51.5,21.5,58.0,0.4999999999999992,12.0,15.0,7.000000000000001,5.999999999999998,29.353099383972598,28.99380120098623,5.315231373295715,120.53856217005189,25.92999999999999
651.0,13.6,28.2,740.1,0.0,0.0,0.0,23.0,46.4,50.0,48.2,48.2,48.2,20.87082,44.6,60.8,11299.290555555555,40677446.0,0.0,0.0,5.13958333333333,4.11166666666667,3.8546875,25036.2,24774.4,18453.8,17866.9,800.0,2880.0,0.0,0.0,740.0,2353.0,3.86,16.0,3.84,154.0,0.0,11299.2905555556,0.0,68.0,122.9,39.2,51.0,113.9,102.2,70.7,32.9,2.0500000000000114,99.0,14.02,737.5,27.98,14.197,0.0,0.0,0.0,0.0,0.0,0.0,0.0,0.0,0.0,0.0,0.0,736.8000000000001,-67.10000000000001,3.0,0.0,0.0,0.0,908.0,2857.0,0.0,53.6,1.0,0.0,825.6,0.0,0.0,0.7000000000000001,13.0,0.0,41.0,0.0,51.8,51.8,350.0,825.6,-50.0,0.0,0.0,0.0,0.0,400.0,0.0,0.0,0.0,0.0,0.0,0.0,68.5,740.2,4.437,15.42949,13.9717279,22.207804340868865,0.0,3.3034385439036025,31.692431823152788,1.2201601939741715,1.2080793999744277,1.3894997896584804,0.0124367842384349,0.8633948737998797,20.87082,0.0,-0.0592240903177961,0.0,10.0,7.000000000000001,7.000000000000001,50.5,21.5,57.000000000000014,0.4999999999999992,12.0,15.0,7.000000000000001,5.999999999999998,29.353099383972598,28.99380120098623,5.315231373295715,120.53856217005189,25.92999999999999
652.0,13.6,28.2,740.1,0.0,0.0,0.0,23.0,46.4,50.0,48.2,48.2,48.2,20.87082,44.6,60.8,11299.290555555555,40677446.0,0.0,0.0,5.13958333333333,4.11166666666667,3.8546875,25036.2,24774.4,18453.8,17866.9,800.0,2880.0,0.0,0.0,740.0,2353.0,3.86,16.0,3.84,154.0,0.0,11299.2905555556,0.0,68.0,122.9,,,,,,,0.5099999999999909,99.0,14.014,735.8000000000001,28.86,14.184,0.0,0.0,0.0,0.0,0.0,0.0,0.0,0.0,0.0,0.0,0.0,736.8000000000001,6.9,3.0,0.0,0.0,0.0,908.0,2857.0,0.0,53.6,1.0,0.0,825.6,0.0,0.0,0.7000000000000001,13.0,0.0,41.0,0.0,51.8,51.8,350.0,825.6,-50.0,0.0,0.0,0.0,0.0,400.0,0.0,0.0,0.0,0.0,0.0,0.0,68.5,740.2,4.437,15.42949,13.9717279,,0.0,,,1.2201601939741715,1.2080793999744277,1.3894997896584804,0.0124367842384349,0.8633948737998797,20.87082,0.0,,0.0,10.0,7.000000000000001,7.000000000000001,50.5,,57.000000000000014,,12.0,15.0,7.000000000000001,5.999999999999998,29.353099383972598,,,,28.35000000000001
653.0,13.6,39.6,737.8,0.0,0.0,0.0,23.0,46.4,50.0,48.2,48.2,48.2,29.21688,44.6,60.8,11299.291111111112,40677448.0,0.0,0.0,5.12361111111111,4.09888888888889,3.84270833333333,25036.2,24774.4,18453.8,17866.9,800.0,3127.0,0.0,0.0,737.0,2353.0,3.84,16.0,3.82,154.0,0.0,11299.2911111111,0.0,68.0,122.9,39.2,51.0,113.0,101.3,70.7,32.9,0.5099999999999909,99.0,14.014,735.8000000000001,28.86,14.184,0.0,0.0,0.0,0.0,0.0,0.0,0.0,0.0,0.0,0.0,0.0,734.7,6.9,3.0,0.0,0.0,0.0,908.0,2857.0,0.0,53.6,1.0,0.0,825.6,0.0,0.0,0.7000000000000001,13.0,0.0,41.0,0.0,51.8,51.8,350.0,825.6,-50.0,0.0,0.0,0.0,0.0,400.0,0.0,0.0,0.0,0.0,0.0,0.0,68.5,738.3000000000001,4.435,,,22.237336268290544,0.0,3.345151813409687,31.73414509265887,1.2360936302843015,1.2238550794894074,1.3894997896584804,0.01577567951498,0.8633948737998797,29.21688,0.0,,0.0,10.0,7.000000000000001,7.000000000000001,50.5,21.5,57.000000000000014,0.4999999999999992,12.0,15.0,7.000000000000001,5.999999999999998,,39.991449932394815,5.382348115022641,120.60567882068716,28.35000000000001
654.0,13.6,39.6,737.8,0.0,0.0,0.0,23.0,46.4,50.0,48.2,48.2,48.2,29.21688,44.6,60.8,11299.291111111112,40677448.0,0.0,0.0,5.12361111111111,4.09888888888889,3.84270833333333,25036.2,24774.4,18453.8,17866.9,800.0,3127.0,0.0,0.0,737.0,2353.0,3.84,16.0,3.82,154.0,0.0,11299.2911111111,0.0,68.0,122.9,39.2,51.0,113.0,101.3,70.7,32.9,-2.2900000000000205,99.0,13.982,734.0,36.25,14.183,0.0,0.0,0.0,0.0,0.0,0.0,0.0,0.0,0.0,0.0,0.0,734.7,25.8,3.0,0.0,0.0,0.0,908.0,2857.0,0.0,53.6,1.0,0.0,825.6,0.0,0.0,0.7000000000000001,13.0,0.0,41.0,0.0,51.8,51.8,350.0,825.6,-50.0,0.0,0.0,0.0,0.0,400.0,0.0,0.0,0.0,0.0,0.0,0.0,68.5,738.3000000000001,4.435,,,22.237336268290544,0.0,3.345151813409687,31.73414509265887,1.2360936302843015,1.2238550794894074,1.3894997896584804,0.01577567951498,0.8633948737998797,29.21688,0.0,,0.0,10.0,7.000000000000001,7.000000000000001,50.5,21.5,57.000000000000014,0.4999999999999992,12.0,15.0,7.000000000000001,5.999999999999998,,39.991449932394815,5.382348115022641,120.60567882068716,38.54000000000002
655.0,13.6,38.4,737.7,0.0,0.0,0.0,23.0,46.4,50.0,48.2,48.2,48.2,28.32768,44.6,60.8,11299.291666666666,40677450.0,0.0,0.0,5.12291666666667,4.09833333333333,3.8421875,25036.2,24774.4,18453.8,17866.9,800.0,3386.0,0.0,0.0,737.0,2353.0,3.84,16.0,3.82,154.0,0.0,11299.2916666667,0.0,68.0,122.0,39.2,51.0,113.0,101.3,70.7,32.9,-2.2900000000000205,99.0,13.982,734.0,36.25,14.183,0.0,0.0,0.0,0.0,0.0,0.0,0.0,0.0,0.0,0.0,0.0,734.4000000000001,25.8,3.0,0.0,0.0,0.0,908.0,2857.0,0.0,53.6,1.0,0.0,825.6,0.0,0.0,0.7000000000000001,13.0,0.0,41.0,0.0,51.8,51.8,350.0,825.6,-50.0,0.0,0.0,0.0,0.0,400.0,0.0,0.0,0.0,0.0,0.0,0.0,68.5,737.8000000000001,4.439,,,22.253125743286084,0.0,3.359362572576155,31.74835585182534,1.2518547070064774,1.2394601059470074,2.796089887141228,0.0156050264576,1.7374091692628315,28.32768,0.0,,0.0,10.0,7.000000000000001,7.000000000000001,50.0,21.5,58.0,0.4999999999999992,12.0,15.0,7.000000000000001,5.999999999999998,,42.990808677324424,5.405213238768869,120.62854393218602,38.54000000000002
656.0,13.6,38.4,737.7,0.0,0.0,0.0,23.0,46.4,50.0,48.2,48.2,48.2,28.32768,44.6,60.8,11299.291666666666,40677450.0,0.0,0.0,5.12291666666667,4.09833333333333,3.8421875,25036.2,24774.4,18453.8,17866.9,800.0,3386.0,0.0,0.0,737.0,2353.0,3.84,16.0,3.82,154.0,0.0,11299.2916666667,0.0,68.0,122.0,39.2,51.0,113.0,101.3,70.7,32.9,-1.6200000000000043,99.0,13.97,733.7,37.05,14.181,0.0,0.0,0.0,0.0,0.0,0.0,0.0,0.0,0.0,0.0,0.0,734.4000000000001,44.3,3.0,0.0,0.0,0.0,908.0,2857.0,0.0,53.6,1.0,0.0,825.6,0.0,0.0,0.7000000000000001,13.0,0.0,41.0,0.0,51.8,51.8,350.0,825.6,-50.0,0.0,0.0,0.0,0.0,400.0,0.0,0.0,0.0,0.0,0.0,0.0,68.5,737.8000000000001,4.439,,,22.253125743286084,0.0,3.359362572576155,31.74835585182534,1.2518547070064774,1.2394601059470074,2.796089887141228,0.0156050264576,1.7374091692628315,28.32768,0.0,,0.0,10.0,7.000000000000001,7.000000000000001,50.0,21.5,58.0,0.4999999999999992,12.0,15.0,7.000000000000001,5.999999999999998,,42.990808677324424,5.405213238768869,120.62854393218602,38.67
657.0,13.6,39.1,737.4,0.0,0.0,0.0,23.0,46.4,50.0,48.2,48.2,48.2,28.83234,44.6,60.8,11299.291944444443,40677451.0,0.0,0.0,5.12083333333333,4.09666666666667,3.840625,25036.2,24774.4,18453.8,17866.9,800.0,3539.0,0.0,0.0,737.0,2353.0,3.84,16.0,3.82,154.0,0.0,11299.2919444444,0.0,68.0,122.0,39.2,51.0,112.1,101.3,70.7,32.9,-1.6200000000000043,99.0,13.97,733.7,37.05,14.181,0.0,0.0,0.0,0.0,0.0,0.0,0.0,0.0,0.0,0.0,0.0,734.7,44.3,3.0,0.0,0.0,0.0,908.0,2857.0,0.0,53.6,1.0,0.0,825.6,0.0,0.0,0.7000000000000001,13.0,0.0,41.0,0.0,51.8,51.8,350.0,825.6,-50.0,0.0,0.0,0.0,0.0,400.0,0.0,0.0,0.0,0.0,0.0,0.0,68.5,737.4000000000001,4.437,,,22.273591868287248,0.0,3.374550748628012,31.7635440278772,1.2674810944234831,1.254931776656914,1.4913808591324884,0.0154716707099066,0.9267008158200136,28.83234,0.0,,0.0,10.0,7.000000000000001,7.000000000000001,50.0,21.5,58.0,0.4999999999999992,12.0,15.0,7.000000000000001,5.999999999999998,,44.99038117394416,5.429650522891313,120.65298170745346,38.67
658.0,13.6,39.1,737.4,0.0,0.0,0.0,23.0,46.4,50.0,48.2,48.2,48.2,28.83234,44.6,60.8,11299.291944444443,40677451.0,0.0,0.0,5.12083333333333,4.09666666666667,3.840625,25036.2,24774.4,18453.8,17866.9,800.0,3539.0,0.0,0.0,737.0,2353.0,3.84,16.0,3.82,154.0,0.0,11299.2919444444,0.0,68.0,122.0,39.2,51.0,112.1,101.3,70.7,32.9,-0.7799999999999727,99.0,13.968,734.5,31.98,14.177,0.0,0.0,0.0,0.0,0.0,0.0,0.0,0.0,0.0,0.0,0.0,734.7,14.1,3.0,0.0,0.0,0.0,908.0,2857.0,0.0,53.6,1.0,0.0,825.6,0.0,0.0,0.7000000000000001,13.0,0.0,41.0,0.0,51.8,51.8,350.0,825.6,-50.0,0.0,0.0,0.0,0.0,400.0,0.0,0.0,0.0,0.0,0.0,0.0,68.5,737.4000000000001,4.437,,,22.273591868287248,0.0,3.374550748628012,31.7635440278772,1.2674810944234831,1.254931776656914,1.4913808591324884,0.0154716707099066,0.9267008158200136,28.83234,0.0,,0.0,10.0,7.000000000000001,7.000000000000001,50.0,21.5,58.0,0.4999999999999992,12.0,15.0,7.000000000000001,5.999999999999998,,44.99038117394416,5.429650522891313,120.65298170745346,32.75999999999998
659.0,13.6,37.2,737.5,0.0,0.0,0.0,23.0,46.4,50.0,48.2,48.2,48.2,27.435,44.6,60.8,11299.2925,40677453.0,0.0,0.0,5.12152777777778,4.09722222222222,3.84114583333333,25036.2,24774.4,18453.8,17866.9,800.0,3646.0,0.0,0.0,737.0,2358.0,3.84,16.0,3.82,101.0,0.0,11299.2925,0.0,68.0,122.0,39.2,51.0,112.1,101.3,70.7,32.9,-0.7799999999999727,99.0,13.968,734.5,31.98,14.177,0.0,0.0,0.0,0.0,0.0,0.0,0.0,0.0,0.0,0.0,0.0,734.7,14.1,3.0,0.0,0.0,0.0,908.0,2857.0,0.0,53.6,1.0,0.0,825.6,0.0,0.0,0.7000000000000001,13.0,0.0,41.0,0.0,51.8,51.8,350.0,825.6,-50.0,0.0,0.0,0.0,0.0,400.0,0.0,0.0,0.0,0.0,0.0,0.0,68.5,737.4000000000001,4.441,,,22.273591868287248,0.0,3.374550748628012,31.7635440278772,1.2824092804429583,1.2697121588544142,1.64024056861673,0.0147803821975,1.0191979223619465,27.435,0.0,,0.0,10.0,7.000000000000001,7.000000000000001,50.0,21.5,57.000000000000014,0.4999999999999992,12.0,15.0,7.000000000000001,5.999999999999998,,44.99038117394416,5.429650522891313,120.65298170745346,32.75999999999998
660.0,13.6,37.2,737.5,0.0,0.0,0.0,23.0,46.4,50.0,48.2,48.2,48.2,27.435,44.6,60.8,11299.2925,40677453.0,0.0,0.0,5.12152777777778,4.09722222222222,3.84114583333333,25036.2,24774.4,18453.8,17866.9,800.0,3646.0,0.0,0.0,737.0,2358.0,3.84,16.0,3.82,101.0,0.0,11299.2925,0.0,68.0,122.0,39.2,51.0,112.1,101.3,70.7,32.9,-0.3299999999999841,99.0,13.968,733.9000000000001,32.6,14.183,0.0,0.0,0.0,0.0,0.0,0.0,0.0,0.0,0.0,0.0,0.0,734.7,11.3,3.0,0.0,0.0,0.0,908.0,2857.0,0.0,53.6,1.0,0.0,825.6,0.0,0.0,0.7000000000000001,13.0,0.0,41.0,0.0,51.8,51.8,350.0,825.6,-50.0,0.0,0.0,0.0,0.0,400.0,0.0,0.0,0.0,0.0,0.0,0.0,68.5,737.4000000000001,4.441,22.7047875,13.9697747,22.273591868287248,0.0,3.374550748628012,31.7635440278772,1.2824092804429583,1.2697121588544142,1.64024056861673,0.0147803821975,1.0191979223619465,27.435,0.0,,0.0,10.0,7.000000000000001,7.000000000000001,50.0,21.5,57.000000000000014,0.4999999999999992,12.0,15.0,7.000000000000001,5.999999999999998,46.505682206538815,44.99038117394416,5.429650522891313,120.65298170745346,32.929999999999986
661.0,13.6,37.4,737.4,0.0,0.0,0.0,23.0,46.4,50.0,48.2,48.2,48.2,27.57876,44.6,60.8,11299.293055555556,40677455.0,0.0,0.0,5.12083333333333,4.09666666666667,3.840625,25036.2,24774.4,18453.8,17866.9,800.0,3742.0,0.0,0.0,737.0,2358.0,3.84,16.0,3.82,154.0,0.0,11299.2930555556,0.0,68.0,122.0,39.2,51.0,111.2,101.3,70.7,32.9,-0.3299999999999841,99.0,13.968,733.9000000000001,32.6,14.183,0.0,0.0,0.0,0.0,0.0,0.0,0.0,0.0,0.0,0.0,0.0,734.0,11.3,3.0,0.0,0.0,0.0,908.0,2857.0,0.0,53.6,1.0,0.0,825.6,0.0,0.0,0.7000000000000001,13.0,0.0,41.0,0.0,51.8,51.8,350.0,825.6,-50.0,0.0,0.0,0.0,0.0,400.0,0.0,0.0,0.0,0.0,0.0,0.0,68.5,737.5,4.44,22.7047875,13.9697747,22.322849182229746,0.0,3.406221416925157,31.795214696174344,1.297817418827727,1.284967741413591,1.631690474843684,0.0152555825591766,1.0138851420440946,27.57876,0.0,0.0369068150989032,0.0,10.0,7.000000000000001,7.000000000000001,50.0,21.5,58.0,0.4999999999999992,12.0,15.0,7.000000000000001,5.999999999999998,46.505682206538815,46.98995367056391,5.480608489683252,120.70393981274357,32.929999999999986
662.0,13.6,37.4,737.4,0.0,0.0,0.0,23.0,46.4,50.0,48.2,48.2,48.2,27.57876,44.6,60.8,11299.293055555556,40677455.0,0.0,0.0,5.12083333333333,4.09666666666667,3.840625,25036.2,24774.4,18453.8,17866.9,800.0,3742.0,0.0,0.0,737.0,2358.0,3.84,16.0,3.82,154.0,0.0,11299.2930555556,0.0,68.0,122.0,39.2,51.0,111.2,101.3,70.7,32.9,1.3100000000000025,99.0,13.992,733.5,28.19,14.18,0.0,0.0,0.0,0.0,0.0,0.0,0.0,0.0,0.0,0.0,0.0,734.0,4.3,3.0,0.0,0.0,0.0,908.0,2857.0,0.0,53.6,1.0,0.0,825.6,0.0,0.0,0.7000000000000001,13.0,0.0,41.0,0.0,51.8,51.8,350.0,825.6,-50.0,0.0,0.0,0.0,0.0,400.0,0.0,0.0,0.0,0.0,0.0,0.0,68.5,736.9000000000001,4.441,22.7047875,13.9697747,22.322849182229746,0.0,3.406221416925157,31.795214696174344,1.297817418827727,1.284967741413591,1.631690474843684,0.0152555825591766,1.0138851420440946,27.57876,0.0,0.0369068150989032,0.0,10.0,7.000000000000001,7.000000000000001,50.0,21.5,58.0,0.4999999999999992,12.0,15.0,7.000000000000001,5.999999999999998,46.505682206538815,46.98995367056391,5.480608489683252,120.70393981274357,26.88
663.0,13.6,41.9,736.5,0.0,0.0,0.0,23.0,46.4,50.0,48.2,48.2,48.2,30.85935,44.6,60.8,11299.29361111111,40677457.0,0.0,0.0,5.11458333333333,4.09166666666667,3.8359375,25036.2,24774.4,18453.8,17867.0,820.0,3854.0,0.0,0.0,736.0,2358.0,3.84,16.0,3.82,101.0,0.0,11299.2936111111,0.0,68.0,122.0,39.2,51.0,111.2,101.3,70.7,32.9,0.6200000000000045,99.0,13.993,732.7,33.46,14.18,0.0,0.0,0.0,0.0,0.0,0.0,0.0,0.0,0.0,0.0,0.0,733.6,4.3,3.0,0.0,0.0,0.0,908.0,2857.0,0.0,53.6,1.0,0.0,825.6,0.0,0.0,0.7000000000000001,13.0,0.0,41.0,0.0,51.8,51.8,350.0,825.6,-50.0,0.0,0.0,0.0,0.0,400.0,0.0,0.0,0.0,0.0,0.0,0.0,68.5,736.9000000000001,4.441,22.7047875,13.9697747,22.322849182229746,0.0,3.406221416925157,31.795214696174344,1.3141649792201906,1.301153444772466,1.5230392085380928,0.016185703358875,0.9463723960485232,30.85935,0.0,0.0369068150989032,0.0,10.0,7.000000000000001,7.000000000000001,50.0,21.5,58.0,0.4999999999999992,12.0,15.0,7.000000000000001,5.999999999999998,46.505682206538815,46.98995367056391,5.480608489683252,120.70393981274357,32.839999999999996
664.0,13.6,41.9,736.5,0.0,0.0,0.0,23.0,46.4,50.0,48.2,48.2,48.2,30.85935,44.6,60.8,11299.29361111111,40677457.0,0.0,0.0,5.11458333333333,4.09166666666667,3.8359375,25036.2,24774.4,18453.8,17867.0,820.0,3854.0,0.0,0.0,736.0,2358.0,3.84,16.0,3.82,101.0,0.0,11299.2936111111,0.0,68.0,122.0,39.2,51.0,111.2,101.3,70.7,32.9,0.6200000000000045,99.0,13.993,732.7,33.46,14.18,0.0,0.0,0.0,0.0,0.0,0.0,0.0,0.0,0.0,0.0,0.0,733.6,-9.3,3.0,0.0,0.0,0.0,908.0,2857.0,0.0,53.6,1.0,0.0,825.6,0.0,0.0,0.7000000000000001,13.0,0.0,41.0,0.0,51.8,51.8,350.0,825.6,-50.0,0.0,0.0,0.0,0.0,400.0,0.0,0.0,0.0,0.0,0.0,0.0,68.5,737.7,4.441,23.24189,13.9404767,22.322849182229746,0.0,3.406221416925157,31.795214696174344,1.3141649792201906,1.301153444772466,1.5230392085380928,0.016185703358875,0.9463723960485232,30.85935,0.0,0.0369068150989032,0.0,10.0,7.000000000000001,7.000000000000001,50.0,21.5,58.0,0.4999999999999992,12.0,15.0,7.000000000000001,5.999999999999998,49.42693265081921,46.98995367056391,5.480608489683252,120.70393981274357,32.839999999999996
665.0,13.6,32.8,737.9,0.0,0.0,0.0,23.0,46.4,50.0,48.2,48.2,48.2,24.20312,44.6,60.8,11299.294166666668,40677459.0,0.0,0.0,5.12430555555556,4.09944444444444,3.84322916666667,25036.2,24774.5,18453.8,17867.0,820.0,3915.0,0.0,0.0,738.0,2358.0,3.84,16.0,3.82,154.0,0.0,11299.2941666667,0.0,68.0,121.1,39.2,51.0,111.2,101.3,70.7,32.9,-1.1100000000000136,99.0,13.968,734.3000000000001,32.12,14.175,0.0,0.0,0.0,0.0,0.0,0.0,0.0,0.0,0.0,0.0,0.0,734.6,-9.3,3.0,0.0,0.0,0.0,908.0,2857.0,0.0,53.6,1.0,0.0,825.6,0.0,0.0,0.7000000000000001,13.0,0.0,41.0,0.0,51.8,51.8,350.0,825.6,-50.0,0.0,0.0,0.0,0.0,400.0,0.0,0.0,0.0,0.0,0.0,0.0,68.5,737.7,4.441,23.24189,13.9404767,22.322849182229746,0.0,3.406221416925157,31.795214696174344,1.3279787487875807,1.3148304443441392,1.941898399875719,0.0136769995716733,1.2066393506291757,24.203119999999995,0.0,0.0369068150989032,0.0,10.0,7.000000000000001,7.000000000000001,49.5,21.5,58.0,0.4999999999999992,12.0,15.0,7.000000000000001,5.999999999999998,49.42693265081921,46.98995367056391,5.480608489683252,120.70393981274357,33.23000000000001
666.0,13.6,32.8,737.9,0.0,0.0,0.0,23.0,46.4,50.0,48.2,48.2,48.2,24.20312,44.6,60.8,11299.294166666668,40677459.0,0.0,0.0,5.12430555555556,4.09944444444444,3.84322916666667,25036.2,24774.5,18453.8,17867.0,820.0,3915.0,0.0,0.0,738.0,2358.0,3.84,16.0,3.82,154.0,0.0,11299.2941666667,0.0,68.0,121.1,,,,,,,-1.1100000000000136,99.0,13.968,734.3000000000001,32.12,14.175,0.0,0.0,0.0,0.0,0.0,0.0,0.0,0.0,0.0,0.0,0.0,734.6,-2.6,3.0,0.0,0.0,0.0,908.0,2857.0,0.0,53.6,1.0,0.0,825.6,0.0,0.0,0.7000000000000001,13.0,0.0,41.0,0.0,51.8,51.8,350.0,825.6,-50.0,0.0,0.0,0.0,0.0,400.0,0.0,0.0,0.0,0.0,0.0,0.0,68.5,738.2,4.443,20.556377500000004,13.9404767,,0.0,,,1.3279787487875807,1.3148304443441392,1.941898399875719,0.0136769995716733,1.2066393506291757,24.203119999999995,0.0,,0.0,10.0,7.000000000000001,7.000000000000001,49.5,,58.0,,12.0,15.0,7.000000000000001,5.999999999999998,49.661257552766834,,,,33.23000000000001
667.0,13.5,31.0,738.1,0.0,0.0,0.0,23.0,46.4,50.0,48.2,48.2,48.2,22.8811,44.6,60.8,11299.294722222225,40677461.0,0.0,0.0,5.12569444444444,4.10055555555556,3.84427083333333,25036.2,24774.5,18453.8,17867.0,840.0,3907.0,0.0,0.0,738.0,2358.0,3.84,16.0,3.82,93.0,0.0,11299.2947222222,0.0,68.0,121.1,39.2,51.0,110.3,101.3,70.7,32.9,-1.1100000000000136,99.0,13.968,734.3000000000001,32.12,14.175,0.0,0.0,0.0,0.0,0.0,0.0,0.0,0.0,0.0,0.0,0.0,735.8000000000001,-2.6,3.0,0.0,0.0,0.0,908.0,2857.0,0.0,53.6,1.0,0.0,825.6,0.0,0.0,0.7000000000000001,13.0,0.0,41.0,0.0,51.8,51.8,350.0,825.6,-50.0,0.0,0.0,0.0,0.0,400.0,0.0,0.0,0.0,0.0,0.0,0.0,68.5,738.2,4.443,20.556377500000004,13.9404767,22.411472761944804,0.0,3.4574596854370476,31.846452964686232,1.3411400286233106,1.3278614144785252,1.941898399875719,0.0130309701343861,1.2066393506291757,22.881100000000004,0.0,0.018417785166339,0.0,10.0,7.000000000000001,7.000000000000001,49.5,21.5,58.0,0.4999999999999992,12.0,15.0,7.000000000000001,5.999999999999998,49.661257552766834,48.98952616718365,5.563050975111734,120.7863821867792,33.23000000000001
668.0,13.5,31.0,738.1,0.0,0.0,0.0,23.0,46.4,50.0,48.2,48.2,48.2,22.8811,44.6,60.8,11299.294722222225,40677461.0,0.0,0.0,5.12569444444444,4.10055555555556,3.84427083333333,25036.2,24774.5,18453.8,17867.0,840.0,3907.0,0.0,0.0,738.0,2358.0,3.84,16.0,3.82,93.0,0.0,11299.2947222222,0.0,68.0,121.1,39.2,51.0,110.3,101.3,70.7,32.9,-0.4300000000000068,99.0,13.967,735.5,34.13,14.174,0.0,0.0,0.0,0.0,0.0,0.0,0.0,0.0,0.0,0.0,0.0,735.8000000000001,-3.8,3.0,0.0,0.0,0.0,908.0,2857.0,0.0,53.6,1.0,0.0,825.6,0.0,0.0,0.7000000000000001,13.0,0.0,41.0,0.0,51.8,51.8,350.0,825.6,-50.0,0.0,0.0,0.0,0.0,400.0,0.0,0.0,0.0,0.0,0.0,0.0,68.5,738.2,4.443,20.556377500000004,13.9404767,22.411472761944804,0.0,3.4574596854370476,31.846452964686232,1.3411400286233106,1.3278614144785252,1.941898399875719,0.0130309701343861,1.2066393506291757,22.881100000000004,0.0,0.018417785166339,0.0,10.0,7.000000000000001,7.000000000000001,49.5,21.5,58.0,0.4999999999999992,12.0,15.0,7.000000000000001,5.999999999999998,49.661257552766834,48.98952616718365,5.563050975111734,120.7863821867792,34.56000000000001
669.0,13.6,22.9,739.5,0.0,0.0,0.0,23.0,46.4,50.0,48.2,48.2,46.4,16.93455,44.6,60.8,11299.295277777775,40677463.0,0.0,0.0,5.13541666666667,4.10833333333333,3.8515625,25036.2,24774.5,18453.8,17867.0,860.0,3898.0,0.0,0.0,740.0,2356.0,3.84,16.0,3.84,93.0,0.0,11299.2952777778,0.0,68.0,121.1,39.2,51.0,110.3,100.4,70.7,32.9,-0.4300000000000068,99.0,13.967,735.5,34.13,14.174,0.0,0.0,0.0,0.0,0.0,0.0,0.0,0.0,0.0,0.0,0.0,736.2,-3.8,3.0,0.0,0.0,0.0,908.0,2857.0,0.0,53.6,1.0,0.0,825.6,0.0,0.0,0.7000000000000001,13.0,0.0,41.0,0.0,51.8,51.8,350.0,825.6,-50.0,0.0,0.0,0.0,0.0,400.0,0.0,0.0,0.0,0.0,0.0,0.0,68.5,739.2,4.439,20.556377500000004,13.9404767,22.440287259525032,0.0,3.4743634673506723,31.863356746599855,1.350983011663225,1.337606942240817,5.756949239421785,0.0097455277622916,3.577201305848754,16.934549999999998,0.0,0.0122177381385307,0.0,10.0,7.000000000000001,7.000000000000001,49.5,21.5,58.0,0.4999999999999992,12.0,15.0,7.000000000000001,5.999999999999998,49.661257552766834,48.98952616718365,5.590248940785446,120.81358037187823,34.56000000000001
670.0,13.6,22.9,739.5,0.0,0.0,0.0,23.0,46.4,50.0,48.2,48.2,46.4,16.93455,44.6,60.8,11299.295277777775,40677463.0,0.0,0.0,5.13541666666667,4.10833333333333,3.8515625,25036.2,24774.5,18453.8,17867.0,860.0,3898.0,0.0,0.0,740.0,2356.0,3.84,16.0,3.84,93.0,0.0,11299.2952777778,0.0,68.0,121.1,39.2,51.0,110.3,100.4,70.7,32.9,-0.0400000000000204,99.0,13.968,736.2,37.72,14.181,0.0,0.0,0.0,0.0,0.0,0.0,0.0,0.0,0.0,0.0,0.0,736.2,-0.2,3.0,0.0,0.0,0.0,908.0,2857.0,0.0,53.6,1.0,0.0,825.6,0.0,0.0,0.7000000000000001,13.0,0.0,41.0,0.0,51.8,51.8,350.0,825.6,-50.0,0.0,0.0,0.0,0.0,400.0,0.0,0.0,0.0,0.0,0.0,0.0,68.5,740.4000000000001,4.44,,,22.440287259525032,0.0,3.4743634673506723,31.863356746599855,1.350983011663225,1.337606942240817,5.756949239421785,0.0097455277622916,3.577201305848754,16.934549999999998,0.0,0.0122177381385307,0.0,10.0,7.000000000000001,7.000000000000001,49.5,21.5,58.0,0.4999999999999992,12.0,15.0,7.000000000000001,5.999999999999998,,48.98952616718365,5.590248940785446,120.81358037187823,37.76000000000002
671.0,13.5,9.4,742.1,0.0,0.0,0.0,23.0,46.4,50.0,48.2,48.2,46.4,6.97574,44.6,60.8,11299.295833333334,40677465.0,0.0,0.0,5.15347222222222,4.12277777777778,3.86510416666667,25036.2,24774.5,18453.8,17867.0,880.0,3842.0,0.0,0.0,742.0,2356.0,3.86,53.0,3.84,93.0,0.0,11299.2958333333,0.0,68.0,120.2,39.2,51.0,110.3,100.4,70.7,32.9,-0.0400000000000204,99.0,13.968,736.2,37.72,14.181,0.0,0.0,0.0,0.0,0.0,0.0,0.0,0.0,0.0,0.0,0.0,737.9000000000001,-0.2,3.0,0.0,0.0,0.0,908.0,2857.0,0.0,53.6,1.0,0.0,825.6,0.0,0.0,0.7000000000000001,13.0,0.0,41.0,0.0,51.8,51.8,350.0,825.6,-50.0,0.0,0.0,0.0,0.0,400.0,0.0,0.0,0.0,0.0,0.0,0.0,68.5,740.4000000000001,4.44,,,22.440287259525032,0.0,3.4743634673506723,31.863356746599855,1.3548155373800332,1.3414015221584488,7.024344370633079,0.0037945799176316,4.364723885924647,6.975740000000001,0.0,0.0122177381385307,0.0,10.0,7.000000000000001,7.000000000000001,49.0,21.5,59.0,0.4999999999999992,12.0,15.0,7.000000000000001,5.999999999999998,,48.98952616718365,5.590248940785446,120.81358037187823,37.76000000000002
672.0,13.5,9.4,742.1,0.0,0.0,0.0,23.0,46.4,50.0,48.2,48.2,46.4,6.97574,44.6,60.8,11299.295833333334,40677465.0,0.0,0.0,5.15347222222222,4.12277777777778,3.86510416666667,25036.2,24774.5,18453.8,17867.0,880.0,3842.0,0.0,0.0,742.0,2356.0,3.86,53.0,3.84,93.0,0.0,11299.2958333333,0.0,68.0,120.2,39.2,51.0,110.3,100.4,70.7,32.9,-0.0400000000000204,99.0,13.968,736.2,37.72,14.181,0.0,0.0,0.0,0.0,0.0,0.0,0.0,0.0,0.0,0.0,0.0,737.9000000000001,-0.2,3.0,0.0,0.0,0.0,908.0,2857.0,0.0,53.6,1.0,0.0,825.6,0.0,0.0,0.7000000000000001,13.0,0.0,41.0,0.0,51.8,51.8,350.0,825.6,-50.0,0.0,0.0,0.0,0.0,400.0,0.0,0.0,0.0,0.0,0.0,0.0,68.5,743.0,4.442,10.937360000000002,13.911667,22.440287259525032,0.0,3.4743634673506723,31.863356746599855,1.3548155373800332,1.3414015221584488,7.024344370633079,0.0037945799176316,4.364723885924647,6.975740000000001,0.0,0.0122177381385307,0.0,10.0,7.000000000000001,7.000000000000001,49.0,21.5,59.0,0.4999999999999992,12.0,15.0,7.000000000000001,5.999999999999998,48.36465976198998,48.98952616718365,5.590248940785446,120.81358037187823,37.76000000000002
673.0,13.5,-3.8,744.7,0.0,0.0,0.0,23.0,46.4,50.0,48.2,48.2,46.4,-2.82986,44.6,60.8,11299.296388888888,40677467.0,0.0,0.0,5.17152777777778,4.13722222222222,3.87864583333333,25036.2,24774.5,18453.8,17867.0,920.0,3713.0,0.0,0.0,745.0,2356.0,3.88,16.0,3.86,17.0,0.0,11299.2963888889,0.0,68.0,120.2,39.2,51.0,110.3,100.4,70.7,32.9,-0.9300000000000068,99.0,13.948,741.4000000000001,44.24,14.201,0.0,0.0,0.0,0.0,0.0,0.0,0.0,0.0,0.0,0.0,0.0,740.7,-0.2,3.0,0.0,0.0,0.0,908.0,2857.0,0.0,53.6,1.0,0.0,825.6,0.0,0.0,0.7000000000000001,13.0,0.0,41.0,0.0,51.8,51.8,350.0,825.6,-50.0,0.0,0.0,0.0,0.0,400.0,0.0,0.0,0.0,0.0,0.0,0.0,68.5,743.0,4.442,10.937360000000002,13.911667,22.440287259525032,0.0,3.4743634673506723,31.863356746599855,1.3533502445754249,1.339950737203391,-17.315344221975646,-0.0014507849550577,-10.759252754553232,-2.82986,0.0,0.0122177381385307,0.0,10.0,7.000000000000001,7.000000000000001,49.0,21.5,59.0,0.4999999999999992,12.0,14.000000000000002,7.000000000000001,5.999999999999998,48.36465976198998,48.98952616718365,5.590248940785446,120.81358037187823,45.17000000000001
674.0,13.5,-3.8,744.7,0.0,0.0,0.0,23.0,46.4,50.0,48.2,48.2,46.4,-2.82986,44.6,60.8,11299.296388888888,40677467.0,0.0,0.0,5.17152777777778,4.13722222222222,3.87864583333333,25036.2,24774.5,18453.8,17867.0,920.0,3713.0,0.0,0.0,745.0,2356.0,3.88,16.0,3.86,17.0,0.0,11299.2963888889,0.0,68.0,120.2,39.2,51.0,110.3,100.4,70.7,32.9,-0.9300000000000068,99.0,13.948,741.4000000000001,44.24,14.201,0.0,0.0,0.0,0.0,0.0,0.0,0.0,0.0,0.0,0.0,0.0,740.7,6.4,3.0,0.0,0.0,0.0,908.0,2857.0,0.0,53.6,1.0,0.0,825.6,0.0,0.0,0.7000000000000001,13.0,0.0,41.0,0.0,51.8,51.8,350.0,825.6,-50.0,0.0,0.0,0.0,0.0,400.0,0.0,0.0,0.0,0.0,0.0,0.0,68.5,743.0,4.442,10.937360000000002,13.911667,22.440287259525032,0.0,3.4743634673506723,31.863356746599855,1.3533502445754249,1.339950737203391,-17.315344221975646,-0.0014507849550577,-10.759252754553232,-2.82986,0.0,0.0122177381385307,0.0,10.0,7.000000000000001,7.000000000000001,49.0,21.5,59.0,0.4999999999999992,12.0,14.000000000000002,7.000000000000001,5.999999999999998,48.36465976198998,48.98952616718365,5.590248940785446,120.81358037187823,45.17000000000001
675.0,13.5,-14.8,747.1,0.0,0.0,0.0,23.0,46.4,50.0,48.2,48.2,46.4,-11.05708,44.6,60.8,11299.296944444444,40677469.0,0.0,0.0,5.18819444444444,4.15055555555556,3.89114583333333,25036.2,24774.5,18453.9,17867.0,960.0,3433.0,0.0,0.0,747.0,2356.0,3.88,56.0,3.88,17.0,0.0,11299.2969444444,0.0,68.0,120.2,,,,,,,-0.9300000000000068,99.0,13.948,741.4000000000001,44.24,14.201,0.0,0.0,0.0,0.0,0.0,0.0,0.0,0.0,0.0,0.0,0.0,744.3000000000001,6.4,3.0,0.0,0.0,0.0,908.0,2857.0,0.0,53.6,1.0,0.0,825.6,0.0,0.0,0.7000000000000001,13.0,0.0,41.0,0.0,51.8,51.8,350.0,825.6,-50.0,0.0,0.0,0.0,0.0,400.0,0.0,0.0,0.0,0.0,0.0,0.0,68.5,747.0,4.439,10.937360000000002,13.911667,,0.0,,,1.3466744853669788,1.333341074620771,-17.315344221975646,-0.00660966258262,-10.759252754553232,-11.05708,0.0,,0.0,10.0,7.000000000000001,7.000000000000001,49.0,,59.0,,12.0,14.000000000000002,7.000000000000001,5.999999999999998,48.36465976198998,,,,45.17000000000001
676.0,13.5,-14.8,747.1,0.0,0.0,0.0,23.0,46.4,50.0,48.2,48.2,46.4,-11.05708,44.6,60.8,11299.296944444444,40677469.0,0.0,0.0,5.18819444444444,4.15055555555556,3.89114583333333,25036.2,24774.5,18453.9,17867.0,960.0,3433.0,0.0,0.0,747.0,2356.0,3.88,56.0,3.88,17.0,0.0,11299.2969444444,0.0,68.0,120.2,,,,,,,-0.1700000000000159,99.0,13.952,744.2,40.48,14.205,0.0,0.0,0.0,0.0,0.0,0.0,0.0,0.0,0.0,0.0,0.0,744.3000000000001,7.9,3.0,0.0,0.0,0.0,908.0,2857.0,0.0,53.6,1.0,0.0,825.6,0.0,0.0,0.7000000000000001,13.0,0.0,41.0,0.0,51.8,51.8,350.0,825.6,-50.0,0.0,0.0,0.0,0.0,400.0,0.0,0.0,0.0,0.0,0.0,0.0,68.5,747.0,4.439,10.937360000000002,13.911667,,0.0,,,1.3466744853669788,1.333341074620771,-17.315344221975646,-0.00660966258262,-10.759252754553232,-11.05708,0.0,,0.0,10.0,7.000000000000001,7.000000000000001,49.0,,59.0,,12.0,14.000000000000002,7.000000000000001,5.999999999999998,48.36465976198998,,,,40.65000000000001
677.0,13.5,-6.5,745.8,0.0,0.0,0.0,23.0,46.4,50.0,48.2,48.2,46.4,-4.8477,44.6,60.8,11299.2975,40677471.0,0.0,0.0,5.17916666666667,4.14333333333333,3.884375,25036.2,24774.5,18453.9,17867.0,980.0,3257.0,0.0,0.0,746.0,2349.0,3.88,3.0,3.88,17.0,0.0,11299.2975,0.0,68.0,120.2,39.2,51.0,109.4,100.4,70.7,32.0,0.1800000000000068,99.0,13.957,742.0,40.37,14.216,0.0,0.0,0.0,0.0,0.0,0.0,0.0,0.0,0.0,0.0,0.0,744.1,-0.8,3.0,0.0,0.0,0.0,908.0,2857.0,0.0,53.6,1.0,0.0,825.6,0.0,0.0,0.7000000000000001,13.0,0.0,41.0,0.0,51.8,51.8,350.0,825.6,-50.0,0.0,0.0,0.0,0.0,400.0,0.0,0.0,0.0,0.0,0.0,0.0,68.5,747.0,4.439,,,22.481286610223425,0.0,3.5283606239560963,31.91735390320528,1.3443934836672755,1.3310826570963126,-17.315344221975646,-0.0022584175244583,-10.759252754553232,-4.8477,0.0,,0.0,10.0,7.000000000000001,7.000000000000001,49.0,21.5,60.0,0.0,12.0,14.000000000000002,7.000000000000001,5.999999999999998,,40.99123618070468,5.677130514898356,120.90046179685635,40.18999999999999
678.0,13.5,-6.5,745.8,0.0,0.0,0.0,23.0,46.4,50.0,48.2,48.2,46.4,-4.8477,44.6,60.8,11299.2975,40677471.0,0.0,0.0,5.17916666666667,4.14333333333333,3.884375,25036.2,24774.5,18453.9,17867.0,980.0,3257.0,0.0,0.0,746.0,2349.0,3.88,3.0,3.88,17.0,0.0,11299.2975,0.0,68.0,120.2,39.2,51.0,109.4,100.4,70.7,32.0,0.1800000000000068,99.0,13.957,742.0,40.37,14.216,0.0,0.0,0.0,0.0,0.0,0.0,0.0,0.0,0.0,0.0,0.0,741.8000000000001,-0.8,3.0,0.0,0.0,0.0,908.0,2857.0,0.0,53.6,1.0,0.0,825.6,0.0,0.0,0.7000000000000001,13.0,0.0,41.0,0.0,51.8,51.8,350.0,825.6,-50.0,0.0,0.0,0.0,0.0,400.0,0.0,0.0,0.0,0.0,0.0,0.0,68.5,745.4000000000001,4.44,,,22.481286610223425,0.0,3.5283606239560963,31.91735390320528,1.3443934836672755,1.3310826570963126,,-0.0022584175244583,,-4.8477,0.0,,0.0,10.0,7.000000000000001,7.000000000000001,49.0,21.5,60.0,0.0,12.0,14.000000000000002,7.000000000000001,5.999999999999998,,40.99123618070468,5.677130514898356,120.90046179685635,40.18999999999999
679.0,13.6,-1.4,745.0,0.0,0.0,0.0,23.0,46.4,50.0,48.2,48.2,46.4,-1.043,44.6,60.8,11299.298055555557,40677473.0,0.0,0.0,5.17361111111111,4.13888888888889,3.88020833333333,25036.2,24774.5,18453.9,17867.0,1040.0,3203.0,0.0,0.0,745.0,2349.0,3.88,90.0,3.86,17.0,0.0,11299.2980555556,0.0,68.0,120.2,39.2,51.0,109.4,100.4,70.7,32.0,1.8799999999999957,99.0,13.986,741.3000000000001,38.93,14.211,0.0,0.0,0.0,0.0,0.0,0.0,0.0,0.0,0.0,0.0,0.0,741.8000000000001,0.3,3.0,0.0,0.0,0.0,908.0,2857.0,0.0,53.6,1.0,0.0,825.6,0.0,0.0,0.7000000000000001,13.0,0.0,41.0,0.0,51.8,51.8,350.0,825.6,-50.0,0.0,0.0,0.0,0.0,400.0,0.0,0.0,0.0,0.0,0.0,0.0,68.5,745.4000000000001,4.44,,,22.481286610223425,0.0,3.5283606239560963,31.91735390320528,1.3438339713239655,1.3305286844791735,-118.03139346876998,-0.0005539726171388,-73.34128499108307,-1.043,0.0,,0.0,10.0,7.000000000000001,7.000000000000001,49.0,21.5,60.0,0.0,12.0,15.0,7.000000000000001,5.999999999999998,,40.99123618070468,5.677130514898356,120.90046179685635,37.050000000000004
680.0,13.6,-1.4,745.0,0.0,0.0,0.0,23.0,46.4,50.0,48.2,48.2,46.4,-1.043,44.6,60.8,11299.298055555557,40677473.0,0.0,0.0,5.17361111111111,4.13888888888889,3.88020833333333,25036.2,24774.5,18453.9,17867.0,1040.0,3203.0,0.0,0.0,745.0,2349.0,3.88,90.0,3.86,17.0,0.0,11299.2980555556,0.0,68.0,120.2,39.2,51.0,109.4,100.4,70.7,32.0,1.8799999999999957,99.0,13.986,741.3000000000001,38.93,14.211,0.0,0.0,0.0,0.0,0.0,0.0,0.0,0.0,0.0,0.0,0.0,743.3000000000001,0.3,3.0,0.0,0.0,0.0,908.0,2857.0,0.0,53.6,1.0,0.0,825.6,0.0,0.0,0.7000000000000001,13.0,0.0,41.0,0.0,51.8,51.8,350.0,825.6,-50.0,0.0,0.0,0.0,0.0,400.0,0.0,0.0,0.0,0.0,0.0,0.0,68.5,745.1,4.439,7.42178,13.9697747,22.481286610223425,0.0,3.5283606239560963,31.91735390320528,1.3438339713239655,1.3305286844791735,-118.03139346876998,-0.0005539726171388,-73.34128499108307,-1.043,0.0,,0.0,10.0,7.000000000000001,7.000000000000001,49.0,21.5,60.0,0.0,12.0,15.0,7.000000000000001,5.999999999999998,40.7725329388869,40.99123618070468,5.677130514898356,120.90046179685635,37.050000000000004
681.0,13.6,-13.4,747.2,0.0,0.0,0.0,23.0,46.4,50.0,48.2,48.2,46.4,-10.01248,44.6,60.8,11299.298611111111,40677475.0,0.0,0.0,5.18888888888889,4.15111111111111,3.89166666666667,25036.2,24774.5,18453.9,17867.0,1080.0,3147.0,0.0,0.0,747.0,2349.0,3.88,18.0,3.88,17.0,0.0,11299.2986111111,0.0,68.0,120.2,38.3,51.0,108.5,100.4,70.7,32.0,0.910000000000025,99.0,13.987,743.8000000000001,36.5,14.203,0.0,0.0,0.0,0.0,0.0,0.0,0.0,0.0,0.0,0.0,0.0,743.3000000000001,-0.9,3.0,0.0,0.0,0.0,908.0,2857.0,0.0,53.6,1.0,0.0,825.6,0.0,0.0,0.7000000000000001,13.0,0.0,41.0,0.0,51.8,51.8,350.0,825.6,-50.0,0.0,0.0,0.0,0.0,400.0,0.0,0.0,0.0,0.0,0.0,0.0,68.5,745.1,4.439,7.42178,13.9697747,22.49333747983492,0.0,3.5546999274238447,31.94369320667303,1.3381888681275993,1.3249394733936626,-4.094889577806896,-0.0055892110855111,-2.5444456318514495,-10.012480000000002,0.0,-0.0115595748792631,0.0,10.0,7.000000000000001,7.000000000000001,49.0,21.5,61.0,0.0,12.0,15.0,7.000000000000001,5.999999999999998,40.7725329388869,38.99166368408494,5.719510215145735,120.94284173613596,35.589999999999975
682.0,13.6,-13.4,747.2,0.0,0.0,0.0,23.0,46.4,50.0,48.2,48.2,46.4,-10.01248,44.6,60.8,11299.298611111111,40677475.0,0.0,0.0,5.18888888888889,4.15111111111111,3.89166666666667,25036.2,24774.5,18453.9,17867.0,1080.0,3147.0,0.0,0.0,747.0,2349.0,3.88,18.0,3.88,17.0,0.0,11299.2986111111,0.0,68.0,120.2,38.3,51.0,108.5,100.4,70.7,32.0,0.910000000000025,99.0,13.987,743.8000000000001,36.5,14.203,0.0,0.0,0.0,0.0,0.0,0.0,0.0,0.0,0.0,0.0,0.0,743.3000000000001,-0.9,3.0,0.0,0.0,0.0,908.0,2857.0,0.0,53.6,1.0,0.0,825.6,0.0,0.0,0.7000000000000001,13.0,0.0,41.0,0.0,51.8,51.8,350.0,825.6,-50.0,0.0,0.0,0.0,0.0,400.0,0.0,0.0,0.0,0.0,0.0,0.0,68.5,747.8000000000001,4.44,0.0,13.960497,22.49333747983492,0.0,3.5546999274238447,31.94369320667303,1.3381888681275993,1.3249394733936626,-4.094889577806896,-0.0055892110855111,-2.5444456318514495,-10.012480000000002,0.0,-0.0115595748792631,0.0,10.0,7.000000000000001,7.000000000000001,49.0,21.5,61.0,0.0,12.0,15.0,7.000000000000001,5.999999999999998,39.022907004344624,38.99166368408494,5.719510215145735,120.94284173613596,35.589999999999975
683.0,13.6,-14.8,747.8,0.0,0.0,0.0,23.0,46.4,50.0,48.2,48.2,46.4,-11.06744,44.6,60.8,11299.299166666666,40677477.0,0.0,0.0,5.19305555555556,4.15444444444444,3.89479166666667,25036.2,24774.5,18453.9,17867.0,1140.0,2905.0,0.0,0.0,748.0,2349.0,3.88,183.0,3.88,17.0,0.0,11299.2991666667,0.0,68.0,121.1,38.3,51.0,108.5,100.4,70.7,32.0,0.910000000000025,99.0,13.987,743.8000000000001,36.5,14.203,0.0,0.0,0.0,0.0,0.0,0.0,0.0,0.0,0.0,0.0,0.0,744.6,-0.9,3.0,0.0,0.0,0.0,908.0,2857.0,0.0,53.6,1.0,0.0,825.6,0.0,0.0,0.7000000000000001,13.0,0.0,41.0,0.0,51.8,51.8,350.0,825.6,-50.0,0.0,0.0,0.0,0.0,400.0,0.0,0.0,0.0,0.0,0.0,0.0,68.5,747.8000000000001,4.44,0.0,13.960497,22.492876423406788,0.0,3.5678959874333884,31.956889266682573,1.3317919968557004,1.3186059374808914,-3.523850140592584,-0.0063335359127711,-2.1896182857101545,-11.06744,0.0,-0.0235560873973065,0.0,10.0,7.000000000000001,7.000000000000001,49.5,21.5,62.000000000000014,0.0,12.0,15.0,7.000000000000001,5.999999999999998,39.022907004344624,35.992304939155325,5.740742571723321,120.96407419669133,35.589999999999975
684.0,13.6,-14.8,747.8,0.0,0.0,0.0,23.0,46.4,50.0,48.2,48.2,46.4,-11.06744,44.6,60.8,11299.299166666666,40677477.0,0.0,0.0,5.19305555555556,4.15444444444444,3.89479166666667,25036.2,24774.5,18453.9,17867.0,1200.0,2905.0,0.0,0.0,748.0,2349.0,3.88,183.0,3.88,17.0,0.0,11299.2991666667,0.0,68.0,121.1,38.3,51.0,108.5,100.4,70.7,32.0,0.910000000000025,99.0,13.987,743.8000000000001,36.5,14.203,0.0,0.0,0.0,0.0,0.0,0.0,0.0,0.0,0.0,0.0,0.0,746.3000000000001,-0.9,3.0,0.0,0.0,0.0,908.0,2857.0,0.0,53.6,1.0,0.0,825.6,0.0,0.0,0.7000000000000001,13.0,0.0,41.0,0.0,51.8,51.8,350.0,825.6,-50.0,0.0,0.0,0.0,0.0,400.0,0.0,0.0,0.0,0.0,0.0,0.0,68.5,747.7,4.442,0.0,13.960497,22.492876423406788,0.0,3.5678959874333884,31.956889266682573,1.3317919968557004,1.3186059374808914,-3.523850140592584,-0.0063335359127711,-2.1896182857101545,-11.06744,0.0,-0.0235560873973065,0.0,10.0,7.000000000000001,7.000000000000001,49.5,21.5,62.000000000000014,0.0,12.0,15.0,7.000000000000001,5.999999999999998,39.022907004344624,35.992304939155325,5.740742571723321,120.96407419669133,35.589999999999975
685.0,13.6,-19.5,748.8,0.0,0.0,0.0,23.0,46.4,50.0,48.2,48.2,46.4,-14.6016,44.6,60.8,11299.299722222222,40677479.0,0.0,0.0,5.2,4.16,3.9,25036.2,24774.5,18453.9,17867.0,1200.0,2668.0,0.0,0.0,749.0,2349.0,3.9,49.0,3.88,17.0,0.0,11299.2997222222,0.0,68.0,122.0,38.3,51.0,107.6,100.4,70.7,32.0,-0.9399999999999976,99.0,13.974,746.7,38.12,14.21,0.0,0.0,0.0,0.0,0.0,0.0,0.0,0.0,0.0,0.0,0.0,746.3000000000001,-16.8,3.0,0.0,0.0,0.0,908.0,2857.0,0.0,53.6,1.0,0.0,825.6,0.0,0.0,0.7000000000000001,13.0,0.0,41.0,0.0,51.8,51.8,350.0,825.6,-50.0,0.0,0.0,0.0,0.0,400.0,0.0,0.0,0.0,0.0,0.0,0.0,68.5,747.7,4.442,0.0,13.960497,22.486820475872427,0.0,3.577836683766802,31.966829963015982,1.3243669331066363,1.3112543892144914,-2.465483234714005,-0.0073515482663999,-1.5319797830374755,-14.601599999999998,0.0,-0.0293926138708289,0.0,10.0,7.000000000000001,7.000000000000001,50.0,21.5,63.0,0.0,12.0,15.0,7.000000000000001,5.999999999999998,39.022907004344624,32.992946194225716,5.756736699720504,120.98006877709176,39.059999999999995
686.0,13.6,-19.5,748.8,0.0,0.0,0.0,23.0,46.4,50.0,48.2,48.2,46.4,-14.6016,44.6,60.8,11299.299722222222,40677479.0,0.0,0.0,5.2,4.16,3.9,25036.2,24774.5,18453.9,17867.0,1260.0,2668.0,0.0,0.0,749.0,2349.0,3.9,49.0,3.88,17.0,0.0,11299.2997222222,0.0,68.0,122.0,38.3,51.0,107.6,100.4,70.7,32.0,-0.9399999999999976,99.0,13.974,746.7,38.12,14.21,0.0,0.0,0.0,0.0,0.0,0.0,0.0,0.0,0.0,0.0,0.0,745.8000000000001,-16.8,3.0,0.0,0.0,0.0,908.0,2857.0,0.0,53.6,1.0,0.0,825.6,0.0,0.0,0.7000000000000001,13.0,0.0,41.0,0.0,51.8,51.8,350.0,825.6,-50.0,0.0,0.0,0.0,0.0,400.0,0.0,0.0,0.0,0.0,0.0,0.0,68.5,749.1,4.442,0.0,13.960497,22.486820475872427,0.0,3.577836683766802,31.966829963015982,1.3243669331066363,1.3112543892144914,-2.465483234714005,-0.0073515482663999,-1.5319797830374755,-14.601599999999998,0.0,-0.0293926138708289,0.0,10.0,7.000000000000001,7.000000000000001,50.0,21.5,63.0,0.0,12.0,15.0,7.000000000000001,5.999999999999998,39.022907004344624,32.992946194225716,5.756736699720504,120.98006877709176,39.059999999999995
687.0,13.6,-16.2,748.5,0.0,0.0,0.0,23.0,46.4,50.0,48.2,48.2,46.4,-12.1257,44.6,60.8,11299.300277777778,40677481.0,0.0,0.0,5.19791666666667,4.15833333333333,3.8984375,25036.2,24774.5,18453.9,17867.0,1260.0,2266.0,0.0,0.0,748.0,2336.0,3.9,49.0,3.88,17.0,0.0,11299.3002777778,0.0,68.0,122.9,38.3,51.0,107.6,100.4,70.7,32.0,-0.9399999999999976,99.0,13.974,746.7,38.12,14.21,0.0,0.0,0.0,0.0,0.0,0.0,0.0,0.0,0.0,0.0,0.0,745.8000000000001,-1.0,3.0,0.0,0.0,0.0,908.0,2857.0,0.0,53.6,1.0,0.0,825.6,0.0,0.0,0.7000000000000001,13.0,0.0,41.0,0.0,51.8,51.8,350.0,825.6,-50.0,0.0,0.0,0.0,0.0,400.0,0.0,0.0,0.0,0.0,0.0,0.0,68.5,749.1,4.442,0.0,13.9404767,22.469818154847413,0.0,3.5871174838940583,31.976110763143243,1.3178318901735595,1.3047840496767915,-2.721492367450952,-0.0064703395376999,-1.6910564338553655,-12.125699999999998,0.0,-0.0379279634549345,0.0,10.0,7.000000000000001,7.000000000000001,50.5,21.5,63.0,0.0,12.0,15.0,7.000000000000001,5.999999999999998,27.21293194618428,27.994014952676366,5.771669308389972,120.99500158449652,39.059999999999995
688.0,13.5,-13.1,748.1,0.0,0.0,0.0,23.0,46.4,50.0,48.2,48.2,46.4,-9.80011,44.6,60.8,11299.300833333333,40677483.0,0.0,0.0,5.19513888888889,4.15611111111111,3.89635416666667,25036.2,24774.5,18453.9,17867.0,1320.0,1788.0,0.0,0.0,748.0,2336.0,3.88,50.0,3.88,17.0,0.0,11299.3008333333,0.0,68.0,122.9,38.3,51.0,107.6,100.4,70.7,32.0,-0.9399999999999976,99.0,13.974,746.7,38.12,14.21,0.0,0.0,0.0,0.0,0.0,0.0,0.0,0.0,0.0,0.0,0.0,744.8000000000001,-1.0,3.0,0.0,0.0,0.0,908.0,2857.0,0.0,53.6,1.0,0.0,825.6,0.0,0.0,0.7000000000000001,13.0,0.0,41.0,0.0,51.8,51.8,350.0,825.6,-50.0,0.0,0.0,0.0,0.0,400.0,0.0,0.0,0.0,0.0,0.0,0.0,68.5,749.0,4.441,0.0,13.9404767,22.469818154847413,0.0,3.5871174838940583,31.976110763143243,1.3125778358778093,1.2995820157206033,-2.857110787531977,-0.0052020339561883,-1.7753257871595318,-9.80011,0.0,-0.0379279634549345,0.0,10.0,7.000000000000001,7.000000000000001,50.5,21.5,63.0,0.0,12.0,15.0,7.000000000000001,5.999999999999998,27.21293194618428,27.994014952676366,5.771669308389972,120.99500158449652,39.059999999999995
689.0,13.5,-13.1,748.1,0.0,0.0,0.0,23.0,46.4,50.0,48.2,48.2,46.4,-9.80011,44.6,60.8,11299.300833333333,40677483.0,0.0,0.0,5.19513888888889,4.15611111111111,3.89635416666667,25036.2,24774.5,18453.9,17867.0,1320.0,1788.0,0.0,0.0,748.0,2336.0,3.88,50.0,3.88,17.0,0.0,11299.3008333333,0.0,68.0,123.8,38.3,51.0,107.6,100.4,70.7,32.0,-2.0299999999999727,99.0,13.949,744.7,41.28,14.21,0.0,0.0,0.0,0.0,0.0,0.0,0.0,0.0,0.0,0.0,0.0,744.8000000000001,-8.3,3.0,0.0,0.0,0.0,908.0,2857.0,0.0,53.6,1.0,0.0,825.6,0.0,0.0,0.7000000000000001,13.0,0.0,41.0,0.0,51.8,51.8,350.0,825.6,-50.0,0.0,0.0,0.0,0.0,400.0,0.0,0.0,0.0,0.0,0.0,0.0,68.5,749.0,4.441,0.0,13.9204564,22.43726694342435,0.0,3.5943403026326255,31.983333581881812,1.3125778358778093,1.2995820157206033,-2.857110787531977,-0.0052020339561883,-1.7753257871595318,-9.80011,0.0,-0.0658672472119211,0.0,10.0,7.000000000000001,7.000000000000001,51.0,21.5,65.0,0.0,12.0,15.0,7.000000000000001,5.999999999999998,19.96448164593772,20.995511214507275,5.783290336094583,121.00662309984688,43.309999999999974
690.0,13.5,-7.6,747.2,0.0,0.0,0.0,23.0,46.4,50.0,48.2,48.2,46.4,-5.67872,44.6,60.8,11299.301388888887,40677485.0,0.0,0.0,5.18888888888889,4.15111111111111,3.89166666666667,25036.3,24774.5,18453.9,17867.0,1400.0,1229.0,0.0,0.0,747.0,2336.0,3.88,18.0,3.88,17.0,0.0,11299.3013888889,0.0,68.0,123.8,38.3,51.0,107.6,100.4,70.7,32.0,-2.0299999999999727,99.0,13.949,744.7,41.28,14.21,0.0,0.0,0.0,0.0,0.0,0.0,0.0,0.0,0.0,0.0,0.0,744.0,-8.3,3.0,0.0,0.0,0.0,908.0,2857.0,0.0,53.6,1.0,0.0,825.6,0.0,0.0,0.7000000000000001,13.0,0.0,41.0,0.0,51.8,51.8,350.0,825.6,-50.0,0.0,0.0,0.0,0.0,400.0,0.0,0.0,0.0,0.0,0.0,0.0,68.5,747.8000000000001,4.439,0.0,13.9204564,22.43726694342435,0.0,3.5943403026326255,31.983333581881812,1.309306493595183,1.2963430629655277,-3.698016454412262,-0.0032389527550755,-2.2978401822946015,-5.67872,0.0,-0.0658672472119211,0.0,10.0,7.000000000000001,7.000000000000001,51.0,21.5,65.0,0.0,12.0,15.0,7.000000000000001,5.999999999999998,19.96448164593772,20.995511214507275,5.783290336094583,121.00662309984688,43.309999999999974
691.0,13.5,-7.6,747.2,0.0,0.0,0.0,23.0,46.4,50.0,48.2,48.2,46.4,-5.67872,44.6,60.8,11299.301388888887,40677485.0,0.0,0.0,5.18888888888889,4.15111111111111,3.89166666666667,25036.3,24774.5,18453.9,17867.0,1400.0,1229.0,0.0,0.0,747.0,2336.0,3.88,18.0,3.88,17.0,0.0,11299.3013888889,0.0,68.0,124.7,38.3,51.0,107.6,99.5,70.7,32.0,-0.8299999999999841,99.0,13.948,743.5,41.97,14.222,0.0,0.0,0.0,0.0,0.0,0.0,0.0,0.0,0.0,0.0,0.0,744.0,-7.6,3.0,0.0,0.0,0.0,908.0,2857.0,0.0,53.6,1.0,0.0,825.6,0.0,0.0,0.7000000000000001,13.0,0.0,41.0,0.0,51.8,51.8,350.0,825.6,-50.0,0.0,0.0,0.0,0.0,400.0,0.0,0.0,0.0,0.0,0.0,0.0,68.5,747.8000000000001,4.439,0.0,13.911667,22.38991742787883,0.0,3.5991602789708104,31.988153558219995,1.309306493595183,1.2963430629655277,-3.698016454412262,-0.0032389527550755,-2.2978401822946015,-5.67872,0.0,-0.0807012838391661,0.0,10.0,7.000000000000001,7.000000000000001,51.5,21.5,66.0,0.0,12.0,15.0,7.000000000000001,5.999999999999998,12.997221228028314,13.997007476338183,5.791045186405607,121.01437844177502,42.79999999999998
692.0,13.5,-7.6,747.2,0.0,0.0,0.0,23.0,46.4,50.0,48.2,48.2,46.4,-5.67872,44.6,60.8,11299.301388888887,40677485.0,0.0,0.0,5.18888888888889,4.15111111111111,3.89166666666667,25036.3,24774.5,18453.9,17867.0,1460.0,1229.0,0.0,0.0,747.0,2336.0,3.88,18.0,3.88,17.0,0.0,11299.3013888889,0.0,68.0,124.7,38.3,51.0,107.6,99.5,70.7,32.0,-0.8299999999999841,99.0,13.948,743.5,41.97,14.222,0.0,0.0,0.0,0.0,0.0,0.0,0.0,0.0,0.0,0.0,0.0,744.0,-7.6,3.0,0.0,0.0,0.0,908.0,2857.0,0.0,53.6,1.0,0.0,825.6,0.0,0.0,0.7000000000000001,13.0,0.0,41.0,0.0,51.8,51.8,350.0,825.6,-50.0,0.0,0.0,0.0,0.0,400.0,0.0,0.0,0.0,0.0,0.0,0.0,68.5,747.1,4.442,0.0,13.911667,22.38991742787883,0.0,3.5991602789708104,31.988153558219995,1.309306493595183,1.2963430629655277,-3.698016454412262,-0.0032389527550755,-2.2978401822946015,-5.67872,0.0,-0.0807012838391661,0.0,10.0,7.000000000000001,7.000000000000001,51.5,21.5,66.0,0.0,12.0,15.0,7.000000000000001,5.999999999999998,12.997221228028314,13.997007476338183,5.791045186405607,121.01437844177502,42.79999999999998
693.0,13.5,-2.1,746.3,0.0,0.0,0.0,23.0,46.4,50.0,48.2,48.2,46.4,-1.56723,44.6,60.8,11299.301944444444,40677487.0,0.0,0.0,5.18263888888889,4.14611111111111,3.88697916666667,25036.3,24774.5,18453.9,17867.0,1460.0,436.0,435.0,0.0,746.0,2336.0,3.88,3.0,3.88,17.0,0.0,11299.3019444444,0.0,68.0,126.5,38.3,51.0,107.6,99.5,70.7,32.0,0.079999999999984,99.0,13.957,742.4000000000001,47.69,14.234,0.0,0.0,0.0,0.0,0.0,0.0,0.0,0.0,0.0,0.0,0.0,744.0,-0.6000000000000001,3.0,0.0,0.0,0.0,908.0,2857.0,0.0,53.6,1.0,0.0,825.6,0.0,0.0,0.7000000000000001,13.0,0.0,41.0,0.0,51.8,51.8,350.0,825.6,-50.0,0.0,0.0,0.0,0.0,400.0,0.0,0.0,0.0,0.0,0.0,0.0,68.5,747.1,4.442,0.0,13.9497544,22.31851593502748,0.0,3.6005987532808397,31.989592032530023,1.308399355634862,1.2954449065691702,-8.932958149091071,-0.0008981563963575,-5.550681138058868,-1.56723,0.0,-0.1033507051672155,0.0,10.0,7.000000000000001,7.000000000000001,52.5,21.5,68.0,0.0,12.0,15.0,7.000000000000001,5.999999999999998,1.515301032594647,3.999144993239481,5.793359561598232,121.01669294693987,47.610000000000014
694.0,13.5,-2.1,746.3,0.0,0.0,0.0,23.0,46.4,50.0,48.2,48.2,46.4,-1.56723,44.6,60.8,11299.301944444444,40677487.0,0.0,0.0,5.18263888888889,4.14611111111111,3.88697916666667,25036.3,24774.5,18453.9,17867.0,1540.0,436.0,435.0,0.0,746.0,2336.0,3.88,3.0,3.88,17.0,0.0,11299.3019444444,0.0,68.0,126.5,38.3,51.0,107.6,99.5,70.7,32.0,0.079999999999984,99.0,13.957,742.4000000000001,47.69,14.234,0.0,0.0,0.0,0.0,0.0,0.0,0.0,0.0,0.0,0.0,0.0,743.5,-0.6000000000000001,3.0,0.0,0.0,0.0,908.0,2857.0,0.0,53.6,1.0,0.0,825.6,0.0,0.0,0.7000000000000001,13.0,0.0,41.0,0.0,51.8,51.8,350.0,825.6,-50.0,0.0,0.0,0.0,0.0,400.0,0.0,0.0,0.0,0.0,0.0,0.0,68.5,745.4000000000001,4.44,0.0,13.9497544,22.31851593502748,0.0,3.6005987532808397,31.989592032530023,1.308399355634862,1.2954449065691702,-8.932958149091071,-0.0008981563963575,-5.550681138058868,-1.56723,0.0,-0.1033507051672155,0.0,10.0,7.000000000000001,7.000000000000001,52.5,21.5,68.0,0.0,12.0,15.0,7.000000000000001,5.999999999999998,1.515301032594647,3.999144993239481,5.793359561598232,121.01669294693987,47.610000000000014
695.0,13.6,2.2,745.4,0.0,0.0,0.0,23.0,46.4,50.0,48.2,48.2,46.4,1.63988,44.6,60.8,11299.3025,40677489.0,0.0,0.0,5.17638888888889,4.14111111111111,3.88229166666667,25036.3,24774.5,18453.9,17867.0,1540.0,0.0,0.0,0.0,745.0,2310.0,3.88,52.0,3.86,17.0,0.0,11299.3025,0.0,68.0,128.3,38.3,51.0,106.7,99.5,70.7,32.0,2.569999999999993,99.0,13.987,742.2,35.98,14.225,0.0,0.0,0.0,0.0,0.0,0.0,0.0,0.0,0.0,0.0,0.0,743.5,-3.9,3.0,0.0,0.0,0.0,908.0,2857.0,0.0,53.6,1.0,0.0,825.6,0.0,0.0,0.7000000000000001,13.0,0.0,41.0,0.0,51.8,51.8,350.0,825.6,-50.0,0.0,0.0,0.0,0.0,400.0,0.0,0.0,0.0,0.0,0.0,0.0,68.5,745.4000000000001,4.44,0.0,13.9985844,22.23764017011058,0.0,3.6005987532808397,31.989592032530023,1.3093504756220795,1.2963866095268113,2.4392028685025733,0.0009417029576411,1.5156499256043126,1.63988,0.0,-0.0975739582597206,0.0,10.0,7.000000000000001,7.000000000000001,53.50000000000001,21.5,69.0,0.0,12.0,15.0,7.000000000000001,5.999999999999998,0.06248664051936678,0.0,5.793359561598232,121.01669294693987,33.410000000000004
696.0,13.6,2.2,745.4,0.0,0.0,0.0,23.0,46.4,50.0,48.2,48.2,46.4,1.63988,44.6,60.8,11299.3025,40677489.0,0.0,0.0,5.17638888888889,4.14111111111111,3.88229166666667,25036.3,24774.5,18453.9,17867.0,1540.0,0.0,0.0,0.0,745.0,2310.0,3.88,52.0,3.86,17.0,0.0,11299.3025,0.0,68.0,128.3,38.3,51.0,106.7,99.5,70.7,32.0,2.569999999999993,99.0,13.987,742.2,35.98,14.225,0.0,0.0,0.0,0.0,0.0,0.0,0.0,0.0,0.0,0.0,0.0,742.2,-3.9,3.0,0.0,0.0,0.0,908.0,2857.0,0.0,53.6,1.0,0.0,825.6,0.0,0.0,0.7000000000000001,13.0,0.0,41.0,0.0,51.8,51.8,350.0,825.6,-50.0,0.0,0.0,0.0,0.0,400.0,0.0,0.0,0.0,0.0,0.0,0.0,68.5,745.4000000000001,4.439,0.0,13.9985844,22.23764017011058,0.0,3.6005987532808397,31.989592032530023,1.3093504756220795,1.2963866095268113,2.4392028685025733,0.0009417029576411,1.5156499256043126,1.63988,0.0,-0.0975739582597206,0.0,10.0,7.000000000000001,7.000000000000001,53.50000000000001,21.5,69.0,0.0,12.0,15.0,7.000000000000001,5.999999999999998,0.06248664051936678,0.0,5.793359561598232,121.01669294693987,33.410000000000004
697.0,13.6,2.2,745.4,0.0,0.0,0.0,23.0,46.4,50.0,48.2,48.2,46.4,1.63988,44.6,60.8,11299.303055555556,40677491.0,0.0,0.0,5.17638888888889,4.14111111111111,3.88229166666667,25036.3,24774.5,18453.9,17867.0,1600.0,0.0,0.0,0.0,745.0,2310.0,3.88,52.0,3.88,93.0,0.0,11299.3030555556,0.0,68.0,129.2,38.3,51.0,106.7,99.5,70.7,32.0,1.6000000000000227,99.0,14.001,741.8000000000001,37.29,14.217,0.0,0.0,0.0,0.0,0.0,0.0,0.0,0.0,0.0,0.0,0.0,742.2,-3.7,3.0,0.0,0.0,0.0,908.0,2857.0,0.0,53.6,1.0,0.0,825.6,0.0,0.0,0.7000000000000001,13.0,0.0,41.0,0.0,51.8,51.8,350.0,825.6,-50.0,0.0,0.0,0.0,0.0,400.0,0.0,0.0,0.0,0.0,0.0,0.0,68.5,745.4000000000001,4.439,0.0,13.9985844,22.15941500800951,0.0,3.6005987532808397,31.989592032530023,1.310310058503849,1.2973366915879692,0.0,0.0009500820611577,1.5156499256043126,1.63988,0.0,-0.0720627635605842,0.0,10.0,7.000000000000001,7.000000000000001,53.99999999999999,21.5,70.0,0.0,12.0,15.0,7.000000000000001,5.999999999999998,0.06248664051936678,0.0,5.793359561598232,121.01669294693987,35.689999999999976
698.0,13.6,2.2,745.4,0.0,0.0,0.0,23.0,46.4,50.0,48.2,48.2,46.4,1.63988,44.6,60.8,11299.303055555556,40677491.0,0.0,0.0,5.17638888888889,4.14111111111111,3.88229166666667,25036.3,24774.5,18453.9,17867.0,1600.0,0.0,0.0,0.0,745.0,2310.0,3.88,52.0,3.88,93.0,0.0,11299.3030555556,0.0,68.0,129.2,38.3,51.0,106.7,99.5,70.7,32.0,1.6000000000000227,99.0,14.001,741.8000000000001,37.29,14.217,0.0,0.0,0.0,0.0,0.0,0.0,0.0,0.0,0.0,0.0,0.0,741.8000000000001,-3.7,3.0,0.0,0.0,0.0,908.0,2857.0,0.0,53.6,1.0,0.0,825.6,0.0,0.0,0.7000000000000001,13.0,0.0,41.0,0.0,51.8,51.8,350.0,825.6,-50.0,0.0,0.0,0.0,0.0,400.0,0.0,0.0,0.0,0.0,0.0,0.0,68.5,745.4000000000001,4.444,0.0,13.989795,22.15941500800951,0.0,3.6005987532808397,31.989592032530023,1.310310058503849,1.2973366915879692,0.0,0.0009500820611577,1.5156499256043126,1.63988,0.0,-0.0720627635605842,0.0,10.0,7.000000000000001,7.000000000000001,53.99999999999999,21.5,70.0,0.0,12.0,15.0,7.000000000000001,5.999999999999998,0.0,0.0,5.793359561598232,121.01669294693987,35.689999999999976
699.0,13.6,19.0,742.6,0.0,0.0,0.0,23.0,46.4,50.0,48.2,48.2,46.4,14.1094,44.6,60.8,11299.30361111111,40677493.0,0.0,0.0,5.15694444444444,4.12555555555556,3.86770833333333,25036.3,24774.5,18453.9,17867.0,1680.0,342.0,355.0,0.0,742.0,2310.0,3.86,72.0,3.86,95.0,0.0,11299.3036111111,0.0,68.0,131.0,38.3,51.0,106.7,99.5,70.7,32.0,0.3600000000000136,99.0,14.003,735.8000000000001,35.47,14.213,0.0,0.0,0.0,0.0,0.0,0.0,0.0,0.0,0.0,0.0,0.0,741.8000000000001,30.4,3.0,0.0,0.0,0.0,908.0,2857.0,0.0,53.6,1.0,0.0,825.6,0.0,0.0,0.7000000000000001,13.0,0.0,41.0,0.0,51.8,51.8,350.0,825.6,-50.0,0.0,0.0,0.0,0.0,400.0,0.0,0.0,0.0,0.0,0.0,0.0,68.5,745.4000000000001,4.444,0.0,13.989795,22.15941500800951,0.0,3.6005987532808397,31.989592032530023,1.3184277364277617,1.3053739964631303,0.0,0.0080373048751611,,14.1094,0.0,-0.0720627635605842,0.0,10.0,7.000000000000001,7.000000000000001,55.0,21.5,72.0,0.0,12.0,15.0,7.000000000000001,5.999999999999998,0.0,0.0,5.793359561598232,121.01669294693987,35.109999999999985
700.0,13.6,19.0,742.6,0.0,0.0,0.0,23.0,46.4,50.0,48.2,48.2,46.4,14.1094,44.6,60.8,11299.30361111111,40677493.0,0.0,0.0,5.15694444444444,4.12555555555556,3.86770833333333,25036.3,24774.5,18453.9,17867.0,1680.0,342.0,355.0,0.0,742.0,2310.0,3.86,72.0,3.86,95.0,0.0,11299.3036111111,0.0,68.0,131.0,38.3,51.0,106.7,99.5,70.7,32.0,0.3600000000000136,99.0,14.003,735.8000000000001,35.47,14.213,0.0,0.0,0.0,0.0,0.0,0.0,0.0,0.0,0.0,0.0,0.0,733.9000000000001,30.4,3.0,0.0,0.0,0.0,908.0,2857.0,0.0,53.6,1.0,0.0,825.6,0.0,0.0,0.7000000000000001,13.0,0.0,41.0,0.0,51.8,51.8,350.0,825.6,-50.0,0.0,0.0,0.0,0.0,400.0,0.0,0.0,0.0,0.0,0.0,0.0,68.5,736.5,4.439,0.0,13.989795,22.15941500800951,0.0,3.6005987532808397,31.989592032530023,1.3184277364277617,1.3053739964631303,0.0,0.0080373048751611,,14.1094,0.0,-0.0720627635605842,0.0,10.0,7.000000000000001,7.000000000000001,55.0,21.5,72.0,0.0,12.0,15.0,7.000000000000001,5.999999999999998,0.0,0.0,5.793359561598232,121.01669294693987,35.109999999999985
701.0,13.6,42.0,737.6,0.0,0.0,0.0,23.0,46.4,50.0,48.2,48.2,46.4,30.9792,44.6,60.8,11299.304166666669,40677495.0,0.0,0.0,5.12222222222222,4.09777777777778,3.84166666666667,25036.3,24774.5,18453.9,17867.0,1760.0,1767.0,1735.0,0.0,737.0,2310.0,3.84,16.0,3.82,154.0,0.0,11299.3041666667,0.0,68.0,131.9,38.3,51.0,106.7,99.5,70.7,32.0,0.3600000000000136,99.0,14.003,735.8000000000001,35.47,14.213,0.0,0.0,0.0,0.0,0.0,0.0,0.0,0.0,0.0,0.0,0.0,733.9000000000001,108.8,3.0,0.0,0.0,0.0,908.0,2857.0,0.0,53.6,1.0,0.0,825.6,0.0,0.0,0.7000000000000001,13.0,0.0,41.0,0.0,51.8,51.8,350.0,825.6,-50.0,0.0,0.0,0.0,0.0,400.0,0.0,0.0,0.0,0.0,0.0,0.0,68.5,736.5,4.439,0.0,13.989795,22.106169604725064,0.0,3.616420727948779,32.00541400719796,1.335730975750847,1.322505916584997,0.0,0.0171319201218666,,30.9792,0.0,,0.0,10.0,7.000000000000001,7.000000000000001,55.5,21.5,72.0,0.0,12.0,15.0,7.000000000000001,5.999999999999998,0.0,22.995083711127016,5.818817587405435,121.04215050418057,35.109999999999985
702.0,13.6,42.0,737.6,0.0,0.0,0.0,23.0,46.4,50.0,48.2,48.2,46.4,30.9792,44.6,60.8,11299.304166666669,40677495.0,0.0,0.0,5.12222222222222,4.09777777777778,3.84166666666667,25036.3,24774.5,18453.9,17867.0,1820.0,1767.0,1735.0,0.0,737.0,2310.0,3.84,16.0,3.82,154.0,0.0,11299.3041666667,0.0,68.0,131.9,38.3,51.0,106.7,99.5,70.7,32.0,0.3600000000000136,99.0,14.003,735.8000000000001,35.47,14.213,0.0,0.0,0.0,0.0,0.0,0.0,0.0,0.0,0.0,0.0,0.0,735.3000000000001,108.8,3.0,0.0,0.0,0.0,908.0,2857.0,0.0,53.6,1.0,0.0,825.6,0.0,0.0,0.7000000000000001,13.0,0.0,41.0,0.0,51.8,51.8,350.0,825.6,-50.0,0.0,0.0,0.0,0.0,400.0,0.0,0.0,0.0,0.0,0.0,0.0,68.5,738.6,4.439,,,22.106169604725064,0.0,3.616420727948779,32.00541400719796,1.335730975750847,1.322505916584997,0.0,0.0171319201218666,,30.9792,0.0,,0.0,10.0,7.000000000000001,7.000000000000001,55.5,21.5,72.0,0.0,12.0,15.0,7.000000000000001,5.999999999999998,,22.995083711127016,5.818817587405435,121.04215050418057,35.109999999999985
703.0,13.6,42.5,737.4,0.0,0.0,0.0,23.0,46.4,50.0,48.2,48.2,46.4,31.3395,44.6,60.8,11299.304722222225,40677497.0,0.0,0.0,5.12083333333333,4.09666666666667,3.840625,25036.3,24774.5,18453.9,17867.0,1820.0,2342.0,1032.0,0.0,737.0,2310.0,3.84,16.0,3.82,154.0,0.0,11299.3047222222,0.0,68.0,131.9,38.3,51.0,106.7,99.5,70.7,32.0,-0.3799999999999954,99.0,13.982,734.8000000000001,38.08,14.212,0.0,0.0,0.0,0.0,0.0,0.0,0.0,0.0,0.0,0.0,0.0,735.3000000000001,147.4,3.0,0.0,0.0,0.0,908.0,2857.0,0.0,53.6,1.0,0.0,825.6,0.0,0.0,0.7000000000000001,13.0,0.0,41.0,0.0,51.8,51.8,350.0,825.6,-50.0,0.0,0.0,0.0,0.0,400.0,0.0,0.0,0.0,0.0,0.0,0.0,68.5,738.6,4.439,30.5171875,13.960497,22.095542838913275,0.0,3.625802190209178,32.01479546945836,1.351475030765162,1.338094089866497,0.7338981157963591,0.0155881732815,0.4560230061104995,31.3395,0.0,,0.0,10.0,7.000000000000001,7.000000000000001,55.5,21.5,72.0,0.0,12.0,15.0,7.000000000000001,5.999999999999998,32.44618808968126,29.99358744929611,5.8339121735556505,121.05724527695756,38.459999999999994
704.0,13.6,42.5,737.4,0.0,0.0,0.0,23.0,46.4,50.0,48.2,48.2,46.4,31.3395,44.6,60.8,11299.304722222225,40677497.0,0.0,0.0,5.12083333333333,4.09666666666667,3.840625,25036.3,24774.5,18453.9,17867.0,1880.0,2342.0,1032.0,0.0,737.0,2310.0,3.84,16.0,3.82,154.0,0.0,11299.3047222222,0.0,68.0,131.9,38.3,51.0,106.7,99.5,70.7,32.0,-0.3799999999999954,99.0,13.982,734.8000000000001,38.08,14.212,0.0,0.0,0.0,0.0,0.0,0.0,0.0,0.0,0.0,0.0,0.0,732.7,147.4,3.0,0.0,0.0,0.0,908.0,2857.0,0.0,53.6,1.0,0.0,825.6,0.0,0.0,0.7000000000000001,13.0,0.0,41.0,0.0,51.8,51.8,350.0,825.6,-50.0,0.0,0.0,0.0,0.0,400.0,0.0,0.0,0.0,0.0,0.0,0.0,68.5,736.8000000000001,4.438,30.5171875,13.960497,22.095542838913275,0.0,3.625802190209178,32.01479546945836,1.351475030765162,1.338094089866497,0.7338981157963591,0.0155881732815,0.4560230061104995,31.3395,0.0,,0.0,10.0,7.000000000000001,7.000000000000001,55.5,21.5,72.0,0.0,12.0,15.0,7.000000000000001,5.999999999999998,32.44618808968126,29.99358744929611,5.8339121735556505,121.05724527695756,38.459999999999994
705.0,13.6,51.5,735.5,0.0,0.0,0.0,23.0,46.4,50.0,48.2,48.2,46.4,37.87825,44.6,60.8,11299.305277777778,40677499.0,0.0,0.0,5.10763888888889,4.08611111111111,3.83072916666667,25036.3,24774.5,18453.9,17867.0,1880.0,2950.0,192.0,0.0,735.0,2269.0,3.84,16.0,3.82,154.0,0.0,11299.3052777778,0.0,68.0,134.60000000000002,38.3,51.0,106.7,99.5,70.7,32.0,-0.3799999999999954,99.0,13.982,734.8000000000001,38.08,14.212,0.0,0.0,0.0,0.0,0.0,0.0,0.0,0.0,0.0,0.0,0.0,732.7,6.5,3.0,0.0,0.0,0.0,908.0,2857.0,0.0,53.6,1.0,0.0,825.6,0.0,0.0,0.7000000000000001,13.0,0.0,41.0,0.0,51.8,51.8,350.0,825.6,-50.0,0.0,0.0,0.0,0.0,400.0,0.0,0.0,0.0,0.0,0.0,0.0,68.5,736.8000000000001,4.438,33.349182500000005,13.9316873,22.100958064285795,0.0,3.639687350870914,32.0286806301201,1.3735757518105172,1.3599759918916012,0.7920112465597012,0.0218819020251041,0.492132820286048,37.87825,0.0,0.1080347849814177,0.0,10.0,7.000000000000001,7.000000000000001,57.000000000000014,21.5,77.0,0.0,12.0,15.0,7.000000000000001,5.999999999999998,39.71026005005766,37.99187743577507,5.856253022695976,121.07958650046228,38.459999999999994
706.0,13.6,51.5,735.5,0.0,0.0,0.0,23.0,46.4,50.0,48.2,48.2,46.4,37.87825,44.6,60.8,11299.305277777778,40677499.0,0.0,0.0,5.10763888888889,4.08611111111111,3.83072916666667,25036.3,24774.5,18453.9,17867.0,1880.0,2950.0,192.0,0.0,735.0,2269.0,3.84,16.0,3.82,154.0,0.0,11299.3052777778,0.0,68.0,134.60000000000002,38.3,51.0,106.7,99.5,70.7,32.0,-0.3799999999999954,99.0,13.982,734.8000000000001,38.08,14.212,0.0,0.0,0.0,0.0,0.0,0.0,0.0,0.0,0.0,0.0,0.0,728.8000000000001,6.5,3.0,0.0,0.0,0.0,908.0,2857.0,0.0,53.6,1.0,0.0,825.6,0.0,0.0,0.7000000000000001,13.0,0.0,41.0,0.0,51.8,51.8,350.0,825.6,-50.0,0.0,0.0,0.0,0.0,400.0,0.0,0.0,0.0,0.0,0.0,0.0,68.5,733.7,4.441,33.349182500000005,13.9316873,22.100958064285795,0.0,3.639687350870914,32.0286806301201,1.3735757518105172,1.3599759918916012,0.7920112465597012,0.0218819020251041,0.492132820286048,37.87825,0.0,0.1080347849814177,0.0,10.0,7.000000000000001,7.000000000000001,57.000000000000014,21.5,77.0,0.0,12.0,15.0,7.000000000000001,5.999999999999998,39.71026005005766,37.99187743577507,5.856253022695976,121.07958650046228,38.459999999999994
707.0,13.5,68.5,731.9,0.0,0.0,0.0,23.0,46.4,50.0,48.2,48.2,46.4,50.13515,44.6,60.8,11299.305833333334,40677501.0,0.0,0.0,5.08263888888889,4.06611111111111,3.81197916666667,25036.3,24774.6,18453.9,17867.0,1880.0,3632.0,20.0,0.0,731.0,2269.0,3.82,16.0,3.8,148.0,0.0,11299.3058333333,0.0,68.0,137.3,38.3,51.0,106.7,99.5,70.7,32.0,-1.1999999999999886,99.0,13.959,727.6,43.31,14.208,0.0,0.0,0.0,0.0,0.0,0.0,0.0,0.0,0.0,0.0,0.0,728.8000000000001,5.300000000000001,3.0,0.0,0.0,0.0,908.0,2857.0,0.0,53.6,1.0,0.0,825.6,0.0,0.0,0.7000000000000001,13.0,0.0,41.0,0.0,51.8,51.8,350.0,825.6,-50.0,0.0,0.0,0.0,0.0,400.0,0.0,0.0,0.0,0.0,0.0,0.0,68.5,733.7,4.441,33.886285,13.939500099999998,22.12432623468888,0.0,3.655561520719001,32.04455479996818,1.4009496827659265,1.38707889382765,0.7579512577503008,0.0271029019360486,0.4709689309795621,50.13515,0.0,0.1349948198712791,0.0,10.0,7.000000000000001,7.000000000000001,58.5,21.5,79.00000000000001,0.0,12.0,15.0,7.000000000000001,5.999999999999998,49.661257552766834,46.98995367056391,5.881794252769879,121.10512803974785,44.50999999999999
708.0,13.5,68.5,731.9,0.0,0.0,0.0,23.0,46.4,50.0,48.2,48.2,46.4,50.13515,42.8,60.8,11299.305833333334,40677501.0,0.0,0.0,5.08263888888889,4.06611111111111,3.81197916666667,25036.3,24774.6,18453.9,17867.0,1880.0,3632.0,20.0,0.0,731.0,2269.0,3.82,16.0,3.8,148.0,0.0,11299.3058333333,0.0,68.0,137.3,38.3,51.0,106.7,99.5,70.7,32.0,-1.1999999999999886,99.0,13.959,727.6,43.31,14.208,0.0,0.0,0.0,0.0,0.0,0.0,0.0,0.0,0.0,0.0,0.0,729.8000000000001,5.300000000000001,3.0,0.0,0.0,0.0,908.0,2857.0,0.0,53.6,1.0,0.0,825.6,0.0,0.0,0.7000000000000001,13.0,0.0,41.0,0.0,51.8,51.8,350.0,825.6,-50.0,0.0,0.0,0.0,0.0,400.0,0.0,0.0,0.0,0.0,0.0,0.0,68.5,732.2,4.44,33.886285,13.939500099999998,22.12432623468888,0.0,3.655561520719001,32.04455479996818,1.4009496827659265,1.38707889382765,0.7579512577503008,0.0271029019360486,0.4709689309795621,50.13515,0.0,0.1349948198712791,0.0,10.0,7.000000000000001,5.999999999999998,58.5,21.5,79.00000000000001,0.0,12.0,15.0,7.000000000000001,5.999999999999998,49.661257552766834,46.98995367056391,5.881794252769879,121.10512803974785,44.50999999999999
709.0,13.5,55.5,733.6,0.0,0.0,0.0,23.0,46.4,50.0,48.2,48.2,46.4,40.7148,42.8,60.8,11299.306388888888,40677503.0,0.0,0.0,5.09444444444444,4.07555555555556,3.82083333333333,25036.3,24774.6,18453.9,17867.1,1880.0,4268.0,0.0,0.0,733.0,2269.0,3.82,16.0,3.8,154.0,0.0,11299.3063888889,0.0,68.0,139.10000000000002,38.3,51.0,106.7,99.5,70.7,32.0,-0.5799999999999841,99.0,13.958,731.0,44.69,14.22,0.0,0.0,0.0,0.0,0.0,0.0,0.0,0.0,0.0,0.0,0.0,729.8000000000001,-2.7,3.0,0.0,0.0,0.0,908.0,2857.0,0.0,53.6,1.0,0.0,825.6,0.0,0.0,0.7000000000000001,13.0,0.0,41.0,0.0,51.8,51.8,350.0,825.6,-50.0,0.0,0.0,0.0,0.0,400.0,0.0,0.0,0.0,0.0,0.0,0.0,68.5,732.2,4.44,25.194990000000004,13.9404767,22.16592065710354,0.0,3.675118557623479,32.06411183687266,1.424437664479855,1.4103343212671833,1.1543713833790168,0.0232554274395333,0.717292900861603,40.7148,0.0,0.1148948195512554,0.0,10.0,7.000000000000001,5.999999999999998,59.500000000000014,21.5,81.0,0.0,12.0,15.0,7.000000000000001,5.999999999999998,55.95678658509305,54.988243657042865,5.913261875490949,121.13659531212716,45.26999999999998
710.0,13.5,55.5,733.6,0.0,0.0,0.0,23.0,46.4,50.0,48.2,48.2,46.4,40.7148,42.8,60.8,11299.306388888888,40677503.0,0.0,0.0,5.09444444444444,4.07555555555556,3.82083333333333,25036.3,24774.6,18453.9,17867.1,1880.0,4268.0,0.0,0.0,733.0,2269.0,3.82,16.0,3.8,154.0,0.0,11299.3063888889,0.0,68.0,139.10000000000002,38.3,51.0,106.7,99.5,70.7,32.0,-0.5799999999999841,99.0,13.958,731.0,44.69,14.22,0.0,0.0,0.0,0.0,0.0,0.0,0.0,0.0,0.0,0.0,0.0,734.2,-2.7,3.0,0.0,0.0,0.0,908.0,2857.0,0.0,53.6,1.0,0.0,825.6,0.0,0.0,0.7000000000000001,13.0,0.0,41.0,0.0,51.8,51.8,350.0,825.6,-50.0,0.0,0.0,0.0,0.0,400.0,0.0,0.0,0.0,0.0,0.0,0.0,68.5,735.8000000000001,4.44,25.194990000000004,13.9404767,22.16592065710354,0.0,3.675118557623479,32.06411183687266,1.424437664479855,1.4103343212671833,1.1543713833790168,0.0232554274395333,0.717292900861603,40.7148,0.0,0.1148948195512554,0.0,10.0,7.000000000000001,5.999999999999998,59.500000000000014,21.5,81.0,0.0,12.0,15.0,7.000000000000001,5.999999999999998,55.95678658509305,54.988243657042865,5.913261875490949,121.13659531212716,45.26999999999998
711.0,13.6,32.2,737.6,0.0,0.0,0.0,23.0,46.4,50.0,48.2,48.2,46.4,23.75072,42.8,60.8,11299.306944444445,40677505.0,0.0,0.0,5.12222222222222,4.09777777777778,3.84166666666667,25036.3,24774.6,18453.9,17867.1,1880.0,4577.0,0.0,0.0,738.0,2269.0,3.84,16.0,3.82,101.0,0.0,11299.3069444444,0.0,68.0,140.9,38.3,51.0,106.7,99.5,70.7,32.0,1.6100000000000136,99.0,13.974,735.9000000000001,34.41,14.218,0.0,0.0,0.0,0.0,0.0,0.0,0.0,0.0,0.0,0.0,0.0,734.2,5.1000000000000005,3.0,0.0,0.0,0.0,908.0,2857.0,0.0,53.6,1.0,0.0,825.6,0.0,0.0,0.7000000000000001,13.0,0.0,41.0,0.0,51.8,51.8,350.0,825.6,-50.0,0.0,0.0,0.0,0.0,400.0,0.0,0.0,0.0,0.0,0.0,0.0,68.5,735.8000000000001,4.44,16.2595575,13.999560999999998,22.211511027265153,0.0,3.694819131273363,32.08381241052255,1.4380166196140516,1.423778831301041,2.3157192708263157,0.0134445100338577,1.4389207990326187,23.75072,0.0,0.0979626670834051,0.0,10.0,7.000000000000001,5.999999999999998,60.5,21.5,83.0,0.0,12.0,15.0,7.000000000000001,5.999999999999998,58.54998216664677,57.98760240197246,5.944960004235987,121.16829353512983,32.79999999999998
712.0,13.6,32.2,737.6,0.0,0.0,0.0,23.0,46.4,50.0,48.2,48.2,46.4,23.75072,42.8,60.8,11299.306944444445,40677505.0,0.0,0.0,5.12222222222222,4.09777777777778,3.84166666666667,25036.3,24774.6,18453.9,17867.1,1880.0,4577.0,0.0,0.0,738.0,2269.0,3.84,16.0,3.82,101.0,0.0,11299.3069444444,0.0,68.0,140.9,38.3,51.0,106.7,99.5,70.7,32.0,1.6100000000000136,99.0,13.974,735.9000000000001,34.41,14.218,0.0,0.0,0.0,0.0,0.0,0.0,0.0,0.0,0.0,0.0,0.0,737.7,5.1000000000000005,3.0,0.0,0.0,0.0,908.0,2857.0,0.0,53.6,1.0,0.0,825.6,0.0,0.0,0.7000000000000001,13.0,0.0,41.0,0.0,51.8,51.8,350.0,825.6,-50.0,0.0,0.0,0.0,0.0,400.0,0.0,0.0,0.0,0.0,0.0,0.0,68.5,739.6,4.435,16.2595575,13.999560999999998,22.211511027265153,0.0,3.694819131273363,32.08381241052255,1.4380166196140516,1.423778831301041,2.3157192708263157,0.0134445100338577,1.4389207990326187,23.75072,0.0,0.0979626670834051,0.0,10.0,7.000000000000001,5.999999999999998,60.5,21.5,83.0,0.0,12.0,15.0,7.000000000000001,5.999999999999998,58.54998216664677,57.98760240197246,5.944960004235987,121.16829353512983,32.79999999999998
713.0,13.6,20.5,739.9,0.0,0.0,0.0,23.0,46.4,50.0,48.2,48.2,46.4,15.16795,42.8,60.8,11299.3075,40677507.0,0.0,0.0,5.13819444444444,4.11055555555556,3.85364583333333,25036.3,24774.6,18453.9,17867.1,1880.0,4653.0,0.0,0.0,740.0,2333.0,3.84,16.0,3.84,154.0,0.0,11299.3075,0.0,68.0,142.7,38.3,51.0,107.6,99.5,70.7,32.0,3.6999999999999886,99.0,14.007,737.5,30.05,14.206,0.0,0.0,0.0,0.0,0.0,0.0,0.0,0.0,0.0,0.0,0.0,737.7,0.8,3.0,0.0,0.0,0.0,908.0,2857.0,0.0,53.6,1.0,0.0,825.6,0.0,0.0,0.7000000000000001,13.0,0.0,41.0,0.0,51.8,51.8,350.0,825.6,-50.0,0.0,0.0,0.0,0.0,400.0,0.0,0.0,0.0,0.0,0.0,0.0,68.5,739.6,4.435,16.2595575,13.999560999999998,22.2610926089661,0.0,3.715817127972639,32.10481040722183,1.4464731036102116,1.4321515877328828,3.823852267445502,0.0083727564318416,2.376030907274879,15.16795,0.0,0.0740136455152647,0.0,10.0,7.000000000000001,5.999999999999998,61.5,21.5,85.0,0.0,12.0,15.0,7.000000000000001,5.999999999999998,58.54998216664677,58.987388650282355,5.978746071557431,121.20207931181896,26.350000000000012
714.0,13.6,20.5,739.9,0.0,0.0,0.0,23.0,46.4,50.0,48.2,48.2,46.4,15.16795,42.8,60.8,11299.3075,40677507.0,0.0,0.0,5.13819444444444,4.11055555555556,3.85364583333333,25036.3,24774.6,18453.9,17867.1,1880.0,4653.0,0.0,0.0,740.0,2333.0,3.84,16.0,3.84,154.0,0.0,11299.3075,0.0,68.0,142.7,38.3,51.0,107.6,99.5,70.7,32.0,3.6999999999999886,99.0,14.007,737.5,30.05,14.206,0.0,0.0,0.0,0.0,0.0,0.0,0.0,0.0,0.0,0.0,0.0,737.3000000000001,0.8,3.0,0.0,0.0,0.0,908.0,2857.0,0.0,53.6,1.0,0.0,825.6,0.0,0.0,0.7000000000000001,13.0,0.0,41.0,0.0,51.8,51.8,350.0,825.6,-50.0,0.0,0.0,0.0,0.0,400.0,0.0,0.0,0.0,0.0,0.0,0.0,68.5,740.6,4.442,16.2595575,13.999560999999998,22.2610926089661,0.0,3.715817127972639,32.10481040722183,1.4464731036102116,1.4321515877328828,3.823852267445502,0.0083727564318416,2.376030907274879,15.16795,0.0,0.0740136455152647,0.0,10.0,7.000000000000001,5.999999999999998,61.5,21.5,85.0,0.0,12.0,15.0,7.000000000000001,5.999999999999998,58.54998216664677,58.987388650282355,5.978746071557431,121.20207931181896,26.350000000000012
715.0,13.6,16.4,740.7,0.0,0.0,0.0,23.0,46.4,50.0,46.4,48.2,46.4,12.14748,42.8,60.8,11299.308055555555,40677509.0,0.0,0.0,5.14375,4.115,3.8578125,25036.3,24774.6,18453.9,17867.1,1880.0,4617.0,0.0,0.0,741.0,2333.0,3.86,16.0,3.84,154.0,0.0,11299.3080555556,0.0,68.0,143.60000000000002,38.3,52.0,107.6,99.5,70.7,32.0,2.519999999999982,99.0,14.005,736.8000000000001,29.79,14.195,0.0,0.0,0.0,0.0,0.0,0.0,0.0,0.0,0.0,0.0,0.0,737.3000000000001,5.9,3.0,0.0,0.0,0.0,908.0,2857.0,0.0,53.6,1.0,0.0,825.6,0.0,0.0,0.7000000000000001,13.0,0.0,41.0,0.0,51.8,51.8,350.0,825.6,-50.0,0.0,0.0,0.0,0.0,400.0,0.0,0.0,0.0,0.0,0.0,0.0,68.5,740.6,4.442,16.2595575,13.999560999999998,22.304015629439224,0.0,3.734616092022588,32.123609371271776,1.453160652201228,1.4387729229715127,4.856974450667957,0.00662133523863,3.0179830713859994,12.14748,0.0,0.0740136455152647,0.0,10.0,7.000000000000001,5.999999999999998,62.000000000000014,21.5,86.0,0.0,12.0,15.0,7.000000000000001,5.999999999999998,58.54998216664677,57.98760240197246,6.008993476130177,121.23232684497533,27.270000000000017
716.0,13.6,12.3,741.5,0.0,0.0,0.0,23.0,46.4,50.0,48.2,48.2,46.4,9.12045,42.8,60.8,11299.308611111112,40677511.0,0.0,0.0,5.14930555555556,4.11944444444444,3.86197916666667,25036.3,24774.6,18453.9,17867.1,1880.0,4566.0,0.0,0.0,741.0,2333.0,3.86,16.0,3.84,154.0,0.0,11299.3086111111,0.0,68.0,143.60000000000002,38.3,52.0,107.6,99.5,70.7,32.0,2.519999999999982,99.0,14.005,736.8000000000001,29.79,14.195,0.0,0.0,0.0,0.0,0.0,0.0,0.0,0.0,0.0,0.0,0.0,738.3000000000001,5.9,3.0,,,0.0,908.0,2857.0,0.0,,,0.0,825.6,,0.0,0.7000000000000001,13.0,0.0,41.0,0.0,,,350.0,825.6,-50.0,0.0,0.0,0.0,0.0,400.0,0.0,0.0,0.0,0.0,0.0,0.0,68.5,741.0,4.44,,,22.304015629439224,0.0,3.734616092022588,32.123609371271776,1.457724958686207,1.443292038303175,6.359335339813278,0.0045191153316624,3.951506559435116,9.12045,0.0,0.0740136455152647,0.0,10.0,7.000000000000001,5.999999999999998,62.000000000000014,21.5,86.0,0.0,12.0,15.0,7.000000000000001,5.999999999999998,,57.98760240197246,6.008993476130177,121.23232684497533,27.270000000000017
717.0,13.6,12.3,741.5,0.0,0.0,0.0,23.0,46.4,50.0,48.2,48.2,46.4,9.12045,42.8,60.8,11299.308611111112,40677511.0,0.0,0.0,5.14930555555556,4.11944444444444,3.86197916666667,25036.3,24774.6,18453.9,17867.1,1880.0,4566.0,0.0,0.0,741.0,2333.0,3.86,16.0,3.84,154.0,0.0,11299.3086111111,0.0,68.0,143.60000000000002,38.3,52.0,107.6,99.5,70.7,32.0,1.9300000000000068,99.0,14.001,738.2,29.25,14.192,0.0,0.0,0.0,0.0,0.0,0.0,0.0,0.0,0.0,0.0,0.0,738.3000000000001,-5.1000000000000005,3.0,0.0,0.0,0.0,908.0,2857.0,0.0,53.6,1.0,0.0,825.6,0.0,0.0,0.7000000000000001,13.0,0.0,41.0,0.0,51.8,51.8,350.0,825.6,,,,,,,,,,,0.0,0.0,68.5,741.0,4.44,14.404112500000002,13.9805173,22.343448114293597,,3.75250226179114,32.14149554104033,1.457724958686207,1.443292038303175,6.359335339813278,0.0045191153316624,3.951506559435116,9.12045,,0.0740136455152647,0.0,10.0,7.000000000000001,5.999999999999998,62.000000000000014,21.5,86.0,0.0,12.0,15.0,7.000000000000001,5.999999999999998,57.643925879115955,56.9878161536626,6.037771881632201,121.26110569213294,27.319999999999993
718.0,13.6,16.7,740.9,0.0,0.0,0.0,23.0,46.4,50.0,46.4,48.2,46.4,12.37303,42.8,60.8,11299.309166666666,40677513.0,0.0,0.0,5.14513888888889,4.11611111111111,3.85885416666667,25036.3,24774.6,18453.9,17867.1,1880.0,4522.0,0.0,0.0,741.0,2333.0,3.86,16.0,3.84,154.0,0.0,11299.3091666667,0.0,68.0,143.60000000000002,38.3,52.0,107.6,99.5,70.7,32.0,1.9300000000000068,99.0,14.001,738.2,29.25,14.192,0.0,0.0,0.0,0.0,0.0,0.0,0.0,0.0,0.0,0.0,0.0,737.5,-5.1000000000000005,3.0,0.0,0.0,0.0,908.0,2857.0,0.0,53.6,1.0,0.0,825.6,0.0,0.0,0.7000000000000001,13.0,0.0,41.0,0.0,51.8,51.8,350.0,825.6,-50.0,0.0,0.0,0.0,0.0,400.0,0.0,0.0,0.0,0.0,0.0,0.0,68.5,740.8000000000001,4.442,14.404112500000002,13.9805173,22.343448114293597,0.0,3.75250226179114,32.14149554104033,1.4648517572927602,1.450348274547287,4.606793970434082,0.0070562362441119,2.8625281762025963,12.373029999999998,0.0,,0.0,10.0,7.000000000000001,5.999999999999998,62.000000000000014,21.5,86.0,0.0,12.0,15.0,7.000000000000001,5.999999999999998,57.643925879115955,56.9878161536626,6.037771881632201,121.26110569213294,27.319999999999993
719.0,13.6,16.7,740.9,0.0,0.0,0.0,23.0,46.4,50.0,46.4,48.2,46.4,12.37303,42.8,60.8,11299.309166666666,40677513.0,0.0,0.0,5.14513888888889,4.11611111111111,3.85885416666667,25036.3,24774.6,18453.9,17867.1,1880.0,4522.0,0.0,0.0,741.0,2333.0,3.86,16.0,3.84,154.0,0.0,11299.3091666667,0.0,68.0,146.3,38.3,52.0,107.6,99.5,70.7,32.0,1.5400000000000205,99.0,13.994,737.2,31.68,14.177,0.0,0.0,0.0,0.0,0.0,0.0,0.0,0.0,0.0,0.0,0.0,737.5,2.8000000000000003,3.0,0.0,0.0,0.0,908.0,2857.0,0.0,53.6,1.0,0.0,825.6,0.0,0.0,0.7000000000000001,13.0,0.0,41.0,0.0,51.8,51.8,350.0,825.6,-50.0,0.0,0.0,0.0,0.0,400.0,0.0,0.0,0.0,0.0,0.0,0.0,68.5,740.8000000000001,4.442,14.404112500000002,13.9717279,22.38864155509612,0.0,3.773134270858187,32.16212755010737,1.4648517572927602,1.450348274547287,4.606793970434082,0.0070562362441119,2.8625281762025963,12.373029999999998,0.0,-0.0036318843578834,0.0,10.0,7.000000000000001,5.999999999999998,63.5,21.5,89.0,0.0,12.0,15.0,7.000000000000001,5.999999999999998,57.25338437586991,56.9878161536626,6.070968938771373,121.29430259472181,30.13999999999998
720.0,13.6,16.7,740.9,0.0,0.0,0.0,23.0,46.4,50.0,46.4,48.2,46.4,12.37303,42.8,60.8,11299.309166666666,40677513.0,0.0,0.0,5.14513888888889,4.11611111111111,3.85885416666667,25036.3,24774.6,18453.9,17867.1,1880.0,4522.0,0.0,0.0,741.0,2333.0,3.86,16.0,3.84,154.0,0.0,11299.3091666667,0.0,68.0,146.3,38.3,52.0,107.6,99.5,70.7,32.0,1.5400000000000205,99.0,13.994,737.2,31.68,14.177,0.0,0.0,0.0,0.0,0.0,0.0,0.0,0.0,0.0,0.0,0.0,738.4000000000001,2.8000000000000003,3.0,0.0,0.0,0.0,908.0,2857.0,0.0,53.6,1.0,0.0,825.6,0.0,0.0,0.7000000000000001,13.0,0.0,41.0,0.0,51.8,51.8,350.0,825.6,-50.0,0.0,0.0,0.0,0.0,400.0,0.0,0.0,0.0,0.0,0.0,0.0,68.5,740.7,4.439,14.404112500000002,13.9717279,22.38864155509612,0.0,3.773134270858187,32.16212755010737,1.4648517572927602,1.450348274547287,4.606793970434082,0.0070562362441119,2.8625281762025963,12.373029999999998,0.0,-0.0036318843578834,0.0,10.0,7.000000000000001,5.999999999999998,63.5,21.5,89.0,0.0,12.0,15.0,7.000000000000001,5.999999999999998,57.25338437586991,56.9878161536626,6.070968938771373,121.29430259472181,30.13999999999998
721.0,13.6,14.3,741.3,0.0,0.0,0.0,23.0,46.4,50.0,46.4,48.2,46.4,10.60059,42.8,60.8,11299.309722222222,40677515.0,0.0,0.0,5.14791666666667,4.11833333333333,3.8609375,25036.3,24774.6,18453.9,17867.1,1880.0,4498.0,0.0,0.0,741.0,2333.0,3.86,16.0,3.84,154.0,0.0,11299.3097222222,0.0,68.0,147.2,38.3,52.0,107.6,99.5,70.7,32.0,1.5400000000000205,99.0,13.994,737.2,31.68,14.177,0.0,0.0,0.0,0.0,0.0,0.0,0.0,0.0,0.0,0.0,0.0,738.4000000000001,-4.6000000000000005,3.0,0.0,0.0,0.0,908.0,2857.0,0.0,53.6,1.0,0.0,825.6,0.0,0.0,0.7000000000000001,13.0,0.0,41.0,0.0,51.8,51.8,350.0,825.6,-50.0,0.0,0.0,0.0,0.0,400.0,0.0,0.0,0.0,0.0,0.0,0.0,68.5,740.7,4.439,13.28108,13.9614736,22.434038980198896,0.0,3.794004265091863,32.18299754434105,1.4712806029885994,1.456713468305544,5.377059201421808,0.0063651937582566,3.3411486530466705,10.60059,0.0,-0.0071246653263364,0.0,10.0,7.000000000000001,5.999999999999998,64.0,21.5,90.0,0.0,12.0,15.0,7.000000000000001,5.999999999999998,56.86284287262388,56.9878161536626,6.104548496549574,121.3278824154438,30.13999999999998
722.0,13.6,14.3,741.3,0.0,0.0,0.0,23.0,46.4,50.0,46.4,48.2,46.4,10.60059,42.8,60.8,11299.309722222222,40677515.0,0.0,0.0,5.14791666666667,4.11833333333333,3.8609375,25036.3,24774.6,18453.9,17867.1,1880.0,4498.0,0.0,0.0,741.0,2333.0,3.86,16.0,3.84,154.0,0.0,11299.3097222222,0.0,68.0,147.2,38.3,52.0,107.6,99.5,70.7,32.0,1.5400000000000205,99.0,13.994,737.2,31.68,14.177,0.0,0.0,0.0,0.0,0.0,0.0,0.0,0.0,0.0,0.0,0.0,738.4000000000001,-4.6000000000000005,3.0,0.0,0.0,0.0,908.0,2857.0,0.0,53.6,1.0,0.0,825.6,0.0,0.0,0.7000000000000001,13.0,0.0,41.0,0.0,51.8,51.8,350.0,825.6,-50.0,0.0,0.0,0.0,0.0,400.0,0.0,0.0,0.0,0.0,0.0,0.0,68.5,741.2,4.442,13.28108,13.9614736,22.434038980198896,0.0,3.794004265091863,32.18299754434105,1.4712806029885994,1.456713468305544,5.377059201421808,0.0063651937582566,3.3411486530466705,10.60059,0.0,-0.0071246653263364,0.0,10.0,7.000000000000001,5.999999999999998,64.0,21.5,90.0,0.0,12.0,15.0,7.000000000000001,5.999999999999998,56.86284287262388,56.9878161536626,6.104548496549574,121.3278824154438,30.13999999999998
723.0,13.5,9.8,742.2,0.0,0.0,0.0,23.0,46.4,50.0,46.4,48.2,46.4,7.27356,42.8,60.8,11299.31027777778,40677517.0,0.0,0.0,5.15416666666667,4.12333333333333,3.865625,25036.3,24774.6,18453.9,17867.1,1880.0,4439.0,0.0,0.0,742.0,2330.0,3.86,16.0,3.84,152.0,0.0,11299.3102777778,0.0,68.0,147.2,38.3,52.0,108.5,99.5,70.7,32.0,,,,,,,0.0,0.0,0.0,0.0,0.0,0.0,0.0,0.0,0.0,0.0,0.0,738.4000000000001,-5.800000000000001,3.0,0.0,0.0,0.0,908.0,2857.0,0.0,53.6,1.0,0.0,825.6,0.0,0.0,0.7000000000000001,13.0,0.0,41.0,0.0,51.8,51.8,350.0,825.6,-50.0,0.0,0.0,0.0,0.0,400.0,0.0,0.0,0.0,0.0,0.0,0.0,68.5,741.2,4.442,11.91391,13.910690400000002,22.473999412771576,0.0,3.813087195776664,32.20208047502585,1.4752346127294689,1.4606283294351174,7.83660270898982,0.0039148611295733,4.869437661887713,7.273560000000002,0.0,-0.0071026545728703,0.0,10.0,7.000000000000001,5.999999999999998,64.0,21.5,90.0,0.0,,,7.000000000000001,5.999999999999998,56.175489826910834,55.98802990535273,6.135253308829747,121.35858685091563,
724.0,13.5,10.5,742.1,0.0,0.0,0.0,23.0,46.4,50.0,46.4,48.2,46.4,7.79205,42.8,60.8,11299.310833333331,40677519.0,0.0,0.0,5.15347222222222,4.12277777777778,3.86510416666667,25036.3,24774.6,18453.9,17867.1,1880.0,4355.0,0.0,0.0,742.0,2330.0,3.86,16.0,3.86,154.0,0.0,11299.3108333333,0.0,68.0,147.2,38.3,52.0,108.5,99.5,70.7,32.0,,,,,,,0.0,0.0,0.0,0.0,0.0,0.0,0.0,0.0,0.0,0.0,0.0,738.6,-5.800000000000001,3.0,0.0,0.0,0.0,908.0,2857.0,0.0,53.6,1.0,0.0,825.6,0.0,0.0,0.7000000000000001,13.0,0.0,41.0,0.0,51.8,51.8,350.0,825.6,-50.0,0.0,0.0,0.0,0.0,400.0,0.0,0.0,0.0,0.0,0.0,0.0,68.5,742.1,4.443,11.91391,13.910690400000002,22.473999412771576,0.0,3.813087195776664,32.20208047502585,1.4794428206197583,1.4647948719007509,7.186812199613708,0.0041665424656333,4.46567668328617,7.792050000000001,0.0,-0.0071026545728703,0.0,10.0,7.000000000000001,5.999999999999998,64.0,21.5,90.0,0.0,,,7.000000000000001,5.999999999999998,56.175489826910834,55.98802990535273,6.135253308829747,121.35858685091563,
725.0,13.5,10.5,742.1,0.0,0.0,0.0,23.0,46.4,50.0,46.4,48.2,46.4,7.79205,42.8,60.8,11299.310833333331,40677519.0,0.0,0.0,5.15347222222222,4.12277777777778,3.86510416666667,25036.3,24774.6,18453.9,17867.1,1880.0,4355.0,0.0,0.0,742.0,2330.0,3.86,16.0,3.86,154.0,0.0,11299.3108333333,0.0,68.0,,38.3,52.0,108.5,99.5,70.7,32.0,-2.25,99.0,13.941,738.3000000000001,38.11,14.181,0.0,0.0,0.0,0.0,0.0,0.0,0.0,0.0,0.0,0.0,0.0,738.6,0.8,3.0,0.0,0.0,0.0,908.0,2857.0,0.0,53.6,1.0,0.0,825.6,0.0,0.0,0.7000000000000001,13.0,0.0,41.0,0.0,51.8,51.8,350.0,825.6,-50.0,0.0,0.0,0.0,0.0,400.0,0.0,0.0,0.0,0.0,0.0,0.0,68.5,742.1,4.443,11.91391,13.910690400000002,22.473999412771576,0.0,3.813087195776664,32.20208047502585,1.4794428206197583,1.4647948719007509,7.186812199613708,0.0041665424656333,4.46567668328617,7.792050000000001,0.0,-0.0071026545728703,0.0,10.0,7.000000000000001,5.999999999999998,,21.5,,0.0,12.0,15.0,7.000000000000001,5.999999999999998,55.05073029756223,55.98802990535273,6.135253308829747,121.35858685091563,40.36
726.0,13.5,10.5,742.1,0.0,0.0,0.0,23.0,46.4,50.0,46.4,48.2,46.4,7.79205,42.8,60.8,11299.310833333331,40677519.0,0.0,0.0,5.15347222222222,4.12277777777778,3.86510416666667,25036.3,24774.6,18453.9,17867.1,1880.0,4355.0,0.0,0.0,742.0,2330.0,3.86,16.0,3.86,154.0,0.0,11299.3108333333,0.0,68.0,,38.3,52.0,108.5,99.5,70.7,32.0,-2.25,99.0,13.941,738.3000000000001,38.11,14.181,0.0,0.0,0.0,0.0,0.0,0.0,0.0,0.0,0.0,0.0,0.0,738.8000000000001,0.8,3.0,0.0,0.0,0.0,908.0,2857.0,0.0,53.6,1.0,0.0,825.6,0.0,0.0,0.7000000000000001,13.0,0.0,41.0,0.0,51.8,51.8,350.0,825.6,-50.0,0.0,0.0,0.0,0.0,400.0,0.0,0.0,0.0,0.0,0.0,0.0,68.5,742.3000000000001,4.439,11.91391,13.910690400000002,22.473999412771576,0.0,3.813087195776664,32.20208047502585,1.4794428206197583,1.4647948719007509,7.186812199613708,0.0041665424656333,4.46567668328617,7.792050000000001,0.0,-0.0071026545728703,0.0,10.0,7.000000000000001,5.999999999999998,,21.5,,0.0,12.0,15.0,7.000000000000001,5.999999999999998,55.05073029756223,55.98802990535273,6.135253308829747,121.35858685091563,40.36
727.0,13.5,11.3,742.0,0.0,0.0,0.0,23.0,46.4,50.0,46.4,48.2,46.4,8.3846,42.8,60.8,11299.31138888889,40677521.0,0.0,0.0,5.15277777777778,4.12222222222222,3.86458333333333,25036.3,24774.6,18453.9,17867.1,1880.0,4295.0,0.0,0.0,742.0,2330.0,3.86,52.0,3.86,154.0,0.0,11299.3113888889,0.0,68.0,149.0,38.3,52.0,108.5,99.5,70.7,32.0,-2.25,99.0,13.941,738.3000000000001,38.11,14.181,0.0,0.0,0.0,0.0,0.0,0.0,0.0,0.0,0.0,0.0,0.0,738.8000000000001,0.8,3.0,0.0,0.0,0.0,908.0,2857.0,0.0,53.6,1.0,0.0,825.6,0.0,0.0,0.7000000000000001,13.0,0.0,41.0,0.0,51.8,51.8,350.0,825.6,-50.0,0.0,0.0,0.0,0.0,400.0,0.0,0.0,0.0,0.0,0.0,0.0,68.5,742.3000000000001,4.439,11.91391,13.9204564,22.546127169057655,0.0,3.850389972560248,32.239383251809436,1.4843755586833762,1.46967877097364,6.6789113374519955,0.0048838990728888,4.150081816663884,8.3846,0.0,-0.0083700311376454,0.0,10.0,7.000000000000001,5.999999999999998,65.0,21.5,92.0,0.0,12.0,15.0,7.000000000000001,5.999999999999998,54.4414855524984,53.98845740873299,6.195273071761103,121.41860701876043,40.36
728.0,13.5,16.6,741.1,0.0,0.0,0.0,23.0,46.4,50.0,46.4,48.2,46.4,12.30226,42.8,60.8,11299.311944444444,40677523.0,0.0,0.0,5.14652777777778,4.11722222222222,3.85989583333333,25036.3,24774.7,18453.9,17867.1,1900.0,4271.0,0.0,0.0,741.0,2330.0,3.86,16.0,3.84,154.0,0.0,11299.3119444444,0.0,68.0,149.0,38.3,52.0,108.5,99.5,70.7,32.0,-2.25,99.0,13.941,738.3000000000001,38.11,14.181,0.0,0.0,0.0,0.0,0.0,0.0,0.0,0.0,0.0,0.0,0.0,737.9000000000001,0.8,3.0,0.0,0.0,0.0,908.0,2857.0,0.0,53.6,1.0,0.0,825.6,0.0,0.0,0.7000000000000001,13.0,0.0,41.0,0.0,51.8,51.8,350.0,825.6,-50.0,0.0,0.0,0.0,0.0,400.0,0.0,0.0,0.0,0.0,0.0,0.0,68.5,741.8000000000001,4.446,11.91391,13.9204564,22.546127169057655,0.0,3.850389972560248,32.239383251809436,1.4909991220265886,1.476236754481771,4.389437387927095,0.0065579835081311,2.7274690991736468,12.302260000000002,0.0,-0.0083700311376454,0.0,10.0,7.000000000000001,5.999999999999998,65.0,21.5,92.0,0.0,12.0,15.0,7.000000000000001,5.999999999999998,54.4414855524984,53.98845740873299,6.195273071761103,121.41860701876043,40.36
729.0,13.5,16.6,741.1,0.0,0.0,0.0,23.0,46.4,50.0,46.4,48.2,46.4,12.30226,42.8,60.8,11299.311944444444,40677523.0,0.0,0.0,5.14652777777778,4.11722222222222,3.85989583333333,25036.3,24774.7,18453.9,17867.1,1900.0,4271.0,0.0,0.0,741.0,2330.0,3.86,16.0,3.84,154.0,0.0,11299.3119444444,0.0,68.0,149.0,38.3,52.0,109.4,99.5,70.7,32.0,-0.0400000000000204,99.0,13.951,737.5,40.06,14.209,0.0,0.0,0.0,0.0,0.0,0.0,0.0,0.0,0.0,0.0,0.0,737.9000000000001,-6.1000000000000005,3.0,0.0,0.0,0.0,908.0,2857.0,0.0,53.6,1.0,0.0,825.6,0.0,0.0,0.7000000000000001,13.0,0.0,41.0,0.0,51.8,51.8,350.0,825.6,-50.0,0.0,0.0,0.0,0.0,400.0,0.0,0.0,0.0,0.0,0.0,0.0,68.5,741.8000000000001,4.446,14.745905,13.9590321,22.58032273062885,0.0,3.868246316511572,32.25723959576076,1.4909991220265886,1.476236754481771,4.389437387927095,0.0065579835081311,2.7274690991736468,12.302260000000002,0.0,-0.0084662098916252,0.0,10.0,7.000000000000001,5.999999999999998,65.0,21.5,92.0,0.0,12.0,14.000000000000002,7.000000000000001,5.999999999999998,54.33213393158952,53.98845740873299,6.2240039681704475,121.44733787617812,40.10000000000002
730.0,13.5,16.6,741.1,0.0,0.0,0.0,23.0,46.4,50.0,46.4,48.2,46.4,12.30226,42.8,60.8,11299.311944444444,40677523.0,0.0,0.0,5.14652777777778,4.11722222222222,3.85989583333333,25036.3,24774.7,18453.9,17867.1,1880.0,4271.0,0.0,0.0,741.0,2330.0,3.86,16.0,3.84,154.0,0.0,11299.3119444444,0.0,68.0,149.0,38.3,52.0,109.4,99.5,70.7,32.0,-0.0400000000000204,99.0,13.951,737.5,40.06,14.209,0.0,0.0,0.0,0.0,0.0,0.0,0.0,0.0,0.0,0.0,0.0,738.1,-6.1000000000000005,3.0,0.0,0.0,0.0,908.0,2857.0,0.0,51.8,1.0,0.0,825.6,0.0,0.0,0.7000000000000001,13.0,0.0,41.0,0.0,51.8,51.8,350.0,825.6,-50.0,0.0,0.0,0.0,0.0,400.0,0.0,0.0,0.0,0.0,0.0,0.0,68.5,740.7,4.436,14.745905,13.9590321,22.58032273062885,0.0,3.868246316511572,32.25723959576076,1.4909991220265886,1.476236754481771,4.389437387927095,0.0065579835081311,2.7274690991736468,12.302260000000002,0.0,-0.0084662098916252,0.0,10.0,7.000000000000001,5.999999999999998,65.0,21.5,92.0,0.0,12.0,14.000000000000002,7.000000000000001,5.999999999999998,54.33213393158952,53.98845740873299,6.2240039681704475,121.44733787617812,40.10000000000002
731.0,13.5,20.4,740.2,0.0,0.0,0.0,23.0,46.4,50.0,46.4,48.2,46.4,15.10008,42.8,60.8,11299.3125,40677525.0,0.0,0.0,5.14027777777778,4.11222222222222,3.85520833333333,25036.3,24774.7,18453.9,17867.1,1880.0,4297.0,0.0,0.0,740.0,2331.0,3.86,16.0,3.84,154.0,0.0,11299.3125,0.0,68.0,149.9,38.3,52.0,109.4,99.5,70.7,32.0,1.7300000000000182,99.0,13.965,736.7,40.88,14.204,0.0,0.0,0.0,0.0,0.0,0.0,0.0,0.0,0.0,0.0,0.0,738.1,0.0,3.0,0.0,0.0,0.0,908.0,2857.0,0.0,51.8,1.0,0.0,825.6,0.0,0.0,0.7000000000000001,13.0,0.0,41.0,0.0,51.8,51.8,350.0,825.6,-50.0,0.0,0.0,0.0,0.0,400.0,0.0,0.0,0.0,0.0,0.0,0.0,68.5,740.7,4.436,14.745905,13.9590321,22.58032273062885,0.0,3.868246316511572,32.25723959576076,1.4998339519726644,1.4849841108640245,3.576139993960298,0.0087473563822533,2.2221096841871044,15.10008,0.0,-0.0084662098916252,0.0,10.0,7.000000000000001,5.999999999999998,65.5,21.5,93.0,0.0,12.0,14.000000000000002,7.000000000000001,5.999999999999998,54.33213393158952,53.98845740873299,6.2240039681704475,121.44733787617812,39.149999999999984
732.0,13.5,20.4,740.2,0.0,0.0,0.0,23.0,46.4,50.0,46.4,48.2,46.4,15.10008,42.8,60.8,11299.3125,40677525.0,0.0,0.0,5.14027777777778,4.11222222222222,3.85520833333333,25036.3,24774.7,18453.9,17867.1,1880.0,4297.0,0.0,0.0,740.0,2331.0,3.86,16.0,3.84,154.0,0.0,11299.3125,0.0,68.0,149.9,38.3,52.0,109.4,99.5,70.7,32.0,1.7300000000000182,99.0,13.965,736.7,40.88,14.204,0.0,0.0,0.0,0.0,0.0,0.0,0.0,0.0,0.0,0.0,0.0,736.8000000000001,0.0,3.0,0.0,0.0,0.0,908.0,2857.0,0.0,53.6,1.0,0.0,825.6,0.0,0.0,0.7000000000000001,13.0,0.0,41.0,0.0,51.8,51.8,350.0,825.6,-50.0,0.0,0.0,0.0,0.0,400.0,0.0,0.0,0.0,0.0,0.0,0.0,68.5,740.2,4.443,14.745905,13.9590321,22.58032273062885,0.0,3.868246316511572,32.25723959576076,1.4998339519726644,1.4849841108640245,3.576139993960298,0.0087473563822533,2.2221096841871044,15.10008,0.0,-0.0084662098916252,0.0,10.0,7.000000000000001,5.999999999999998,65.5,21.5,93.0,0.0,12.0,14.000000000000002,7.000000000000001,5.999999999999998,54.33213393158952,53.98845740873299,6.2240039681704475,121.44733787617812,39.149999999999984
733.0,13.6,20.5,740.2,0.0,0.0,0.0,23.0,46.4,50.0,46.4,48.2,46.4,15.1741,42.8,60.8,11299.313055555556,40677527.0,0.0,0.0,5.14027777777778,4.11222222222222,3.85520833333333,25036.3,24774.7,18453.9,17867.1,1880.0,4347.0,0.0,0.0,740.0,2331.0,3.86,16.0,3.84,102.0,0.0,11299.3130555556,0.0,68.0,150.8,38.3,52.0,109.4,100.4,70.7,32.0,2.730000000000018,99.0,13.977,736.2,35.66,14.215,0.0,0.0,0.0,0.0,0.0,0.0,0.0,0.0,0.0,0.0,0.0,736.8000000000001,0.4,3.0,0.0,0.0,0.0,908.0,2857.0,0.0,53.6,1.0,0.0,825.6,0.0,0.0,0.7000000000000001,13.0,0.0,41.0,0.0,51.8,51.8,350.0,825.6,-50.0,0.0,0.0,0.0,0.0,400.0,0.0,0.0,0.0,0.0,0.0,0.0,68.5,740.2,4.443,14.745905,13.9590321,22.6592565391377,0.0,3.908375089477451,32.29736836872664,1.50911356521379,1.494171846746327,3.5586954086239055,0.0091877358823027,2.211270124752045,15.1741,0.0,,0.0,10.0,7.000000000000001,5.999999999999998,66.0,21.5,93.0,0.0,12.0,14.000000000000002,7.000000000000001,5.999999999999998,54.33213393158952,54.988243657042865,6.288570717856794,121.51190507188021,32.92999999999998
734.0,13.6,20.5,740.2,0.0,0.0,0.0,23.0,46.4,50.0,46.4,48.2,46.4,15.1741,42.8,60.8,11299.313055555556,40677527.0,0.0,0.0,5.14027777777778,4.11222222222222,3.85520833333333,25036.3,24774.7,18453.9,17867.1,1880.0,4347.0,0.0,0.0,740.0,2331.0,3.86,16.0,3.84,102.0,0.0,11299.3130555556,0.0,68.0,150.8,38.3,52.0,109.4,100.4,70.7,32.0,2.730000000000018,99.0,13.977,736.2,35.66,14.215,0.0,0.0,0.0,0.0,0.0,0.0,0.0,0.0,0.0,0.0,0.0,737.0,0.4,3.0,0.0,0.0,0.0,908.0,2857.0,0.0,53.6,1.0,0.0,825.6,0.0,0.0,0.7000000000000001,13.0,0.0,41.0,0.0,51.8,51.8,350.0,825.6,-50.0,0.0,0.0,0.0,0.0,400.0,0.0,0.0,0.0,0.0,0.0,0.0,68.5,740.2,4.442,,,22.6592565391377,0.0,3.908375089477451,32.29736836872664,1.50911356521379,1.494171846746327,3.5586954086239055,0.0091877358823027,2.211270124752045,15.1741,0.0,,0.0,10.0,7.000000000000001,5.999999999999998,66.0,21.5,93.0,0.0,12.0,14.000000000000002,7.000000000000001,5.999999999999998,,54.988243657042865,6.288570717856794,121.51190507188021,32.92999999999998
735.0,13.6,17.2,740.8,0.0,0.0,0.0,23.0,46.4,50.0,46.4,48.2,46.4,12.74176,42.8,60.8,11299.31361111111,40677529.0,0.0,0.0,5.14444444444444,4.11555555555556,3.85833333333333,25036.3,24774.7,18453.9,17867.1,1880.0,4389.0,0.0,0.0,741.0,2331.0,3.86,16.0,3.84,154.0,0.0,11299.3136111111,0.0,68.0,150.8,38.3,52.0,109.4,100.4,70.7,32.0,2.3600000000000136,99.0,13.978,737.3000000000001,36.47,14.212,0.0,0.0,0.0,0.0,0.0,0.0,0.0,0.0,0.0,0.0,0.0,737.0,-0.7000000000000001,3.0,0.0,0.0,0.0,908.0,2857.0,0.0,53.6,1.0,0.0,825.6,0.0,0.0,0.7000000000000001,13.0,0.0,41.0,0.0,51.8,51.8,350.0,825.6,-50.0,0.0,0.0,0.0,0.0,400.0,0.0,0.0,0.0,0.0,0.0,0.0,68.5,740.2,4.442,,,22.6592565391377,0.0,3.908375089477451,32.29736836872664,1.5160714759036,1.501060867231287,4.316515143904767,0.0068890204849599,2.682157331483249,12.741759999999998,0.0,,0.0,10.0,7.000000000000001,5.999999999999998,66.0,21.5,93.0,0.0,12.0,14.000000000000002,7.000000000000001,5.999999999999998,,54.988243657042865,6.288570717856794,121.51190507188021,34.109999999999985
736.0,13.6,15.1,741.1,0.0,0.0,0.0,23.0,46.4,50.0,46.4,48.2,46.4,11.19061,42.8,60.8,11299.314166666669,40677531.0,0.0,0.0,5.14652777777778,4.11722222222222,3.85989583333333,25036.3,24774.7,18453.9,17867.1,1880.0,4374.0,0.0,0.0,741.0,2331.0,3.86,16.0,3.84,154.0,0.0,11299.3141666667,0.0,68.0,150.8,38.3,52.0,109.4,100.4,70.7,32.0,2.3600000000000136,99.0,13.978,737.3000000000001,36.47,14.212,0.0,0.0,0.0,0.0,0.0,0.0,0.0,0.0,0.0,0.0,0.0,737.0,-0.7000000000000001,3.0,0.0,0.0,0.0,908.0,2857.0,0.0,53.6,1.0,0.0,825.6,0.0,0.0,0.7000000000000001,13.0,0.0,41.0,0.0,51.8,51.8,350.0,825.6,-50.0,0.0,0.0,0.0,0.0,400.0,0.0,0.0,0.0,0.0,0.0,0.0,68.5,741.1,4.439,,,22.6592565391377,0.0,3.908375089477451,32.29736836872664,1.521738651663774,1.5066719323403703,4.914834848145007,0.0056110651090833,3.0539358444267113,11.19061,0.0,,0.0,10.0,7.000000000000001,5.999999999999998,66.0,21.5,93.0,0.0,12.0,14.000000000000002,7.000000000000001,5.999999999999998,,54.988243657042865,6.288570717856794,121.51190507188021,34.109999999999985
737.0,13.6,15.1,741.1,0.0,0.0,0.0,23.0,46.4,50.0,46.4,48.2,46.4,11.19061,42.8,60.8,11299.314166666669,40677531.0,0.0,0.0,5.14652777777778,4.11722222222222,3.85989583333333,25036.3,24774.7,18453.9,17867.1,1880.0,4374.0,0.0,0.0,741.0,2331.0,3.86,16.0,3.84,154.0,0.0,11299.3141666667,0.0,68.0,150.8,37.4,52.0,110.3,100.4,70.7,32.0,2.2099999999999795,99.0,13.981,740.6,35.5,14.215,0.0,0.0,0.0,0.0,0.0,0.0,0.0,0.0,0.0,0.0,0.0,737.0,-2.3000000000000003,3.0,0.0,0.0,0.0,908.0,2857.0,0.0,53.6,1.0,0.0,825.6,0.0,0.0,0.7000000000000001,13.0,0.0,41.0,0.0,51.8,51.8,350.0,825.6,-50.0,0.0,0.0,0.0,0.0,400.0,0.0,0.0,0.0,0.0,0.0,0.0,68.5,741.1,4.439,,,22.729594560954673,0.0,3.944599787242504,32.33359306649169,1.521738651663774,1.5066719323403703,4.914834848145007,0.0056110651090833,3.0539358444267113,11.19061,0.0,,0.0,10.0,7.000000000000001,5.999999999999998,66.0,21.5,93.0,0.0,12.0,15.0,7.000000000000001,5.999999999999998,,54.988243657042865,6.346856589683985,121.57019061058418,33.29000000000002
738.0,13.6,15.1,741.1,0.0,0.0,0.0,23.0,46.4,50.0,46.4,48.2,46.4,11.19061,42.8,60.8,11299.314166666669,40677531.0,0.0,0.0,5.14652777777778,4.11722222222222,3.85989583333333,25036.3,24774.7,18453.9,17867.1,1900.0,4374.0,0.0,0.0,741.0,2331.0,3.86,16.0,3.84,154.0,0.0,11299.3141666667,0.0,68.0,,37.4,52.0,110.3,100.4,70.7,32.0,2.2099999999999795,99.0,13.981,740.6,35.5,14.215,0.0,0.0,0.0,0.0,0.0,0.0,0.0,0.0,0.0,0.0,0.0,741.3000000000001,-2.3000000000000003,3.0,0.0,0.0,0.0,908.0,2857.0,0.0,53.6,1.0,0.0,825.6,0.0,0.0,0.7000000000000001,13.0,0.0,41.0,0.0,51.8,51.8,350.0,825.6,-50.0,0.0,0.0,0.0,0.0,400.0,0.0,0.0,0.0,0.0,0.0,0.0,68.5,747.8000000000001,4.439,,,22.729594560954673,0.0,3.944599787242504,32.33359306649169,1.521738651663774,1.5066719323403703,4.914834848145007,0.0056110651090833,3.0539358444267113,11.19061,0.0,,0.0,10.0,7.000000000000001,5.999999999999998,,21.5,,0.0,12.0,15.0,7.000000000000001,5.999999999999998,,54.988243657042865,6.346856589683985,121.57019061058418,33.29000000000002
739.0,13.6,1.5,743.8,0.0,0.0,0.0,23.0,46.4,50.0,46.4,48.2,46.4,1.1157,42.8,60.8,11299.31472222222,40677533.0,0.0,0.0,5.16527777777778,4.13222222222222,3.87395833333333,25036.3,24774.7,18453.9,17867.1,1900.0,4103.0,0.0,0.0,744.0,2331.0,3.86,16.0,3.86,154.0,0.0,11299.3147222222,0.0,68.0,151.7,37.4,52.0,110.3,100.4,70.7,32.0,0.660000000000025,99.0,13.969,739.3000000000001,40.97,14.218,0.0,0.0,0.0,0.0,0.0,0.0,0.0,0.0,0.0,0.0,0.0,741.3000000000001,-1.1,3.0,0.0,0.0,0.0,908.0,2857.0,0.0,53.6,1.0,0.0,825.6,0.0,0.0,0.7000000000000001,13.0,0.0,41.0,0.0,51.8,51.8,350.0,825.6,-50.0,0.0,0.0,0.0,0.0,400.0,0.0,0.0,0.0,0.0,0.0,0.0,68.5,747.8000000000001,4.439,,,22.729594560954673,0.0,3.944599787242504,32.33359306649169,1.5223792894317636,1.507306227160162,49.29640584386485,0.0006342948197916,30.631356995608147,1.1157,0.0,,0.0,10.0,7.000000000000001,5.999999999999998,66.5,21.5,94.0,0.0,12.0,14.000000000000002,7.000000000000001,5.999999999999998,,54.988243657042865,6.346856589683985,121.57019061058418,40.309999999999974
740.0,13.6,1.5,743.8,0.0,0.0,0.0,23.0,46.4,50.0,46.4,48.2,46.4,1.1157,42.8,60.8,11299.31472222222,40677533.0,0.0,0.0,5.16527777777778,4.13222222222222,3.87395833333333,25036.3,24774.7,18453.9,17867.1,1880.0,4103.0,0.0,0.0,744.0,2331.0,3.86,16.0,3.86,154.0,0.0,11299.3147222222,0.0,68.0,151.7,37.4,52.0,110.3,100.4,70.7,32.0,0.660000000000025,99.0,13.969,739.3000000000001,40.97,14.218,0.0,0.0,0.0,0.0,0.0,0.0,0.0,0.0,0.0,0.0,0.0,738.2,-1.1,3.0,0.0,0.0,0.0,908.0,2857.0,0.0,53.6,1.0,0.0,825.6,0.0,0.0,0.7000000000000001,13.0,0.0,41.0,0.0,51.8,51.8,350.0,825.6,-50.0,0.0,0.0,0.0,0.0,400.0,0.0,0.0,0.0,0.0,0.0,0.0,68.5,742.3000000000001,4.441,,,22.729594560954673,0.0,3.944599787242504,32.33359306649169,1.5223792894317636,1.507306227160162,49.29640584386485,0.0006342948197916,30.631356995608147,1.1157,0.0,,0.0,10.0,7.000000000000001,5.999999999999998,66.5,21.5,94.0,0.0,12.0,14.000000000000002,7.000000000000001,5.999999999999998,,54.988243657042865,6.346856589683985,121.57019061058418,40.309999999999974
741.0,13.5,17.7,740.9,0.0,0.0,0.0,23.0,46.4,50.0,46.4,48.2,46.4,13.11393,42.8,60.8,11299.315277777778,40677535.0,0.0,0.0,5.14513888888889,4.11611111111111,3.85885416666667,25036.3,24774.7,18453.9,17867.1,1880.0,4073.0,0.0,0.0,741.0,2335.0,3.86,16.0,3.84,154.0,0.0,11299.3152777778,0.0,68.0,152.60000000000002,37.4,52.0,111.2,100.4,70.7,32.0,1.3700000000000043,99.0,13.98,735.7,40.9,14.209,0.0,0.0,0.0,0.0,0.0,0.0,0.0,0.0,0.0,0.0,0.0,738.2,-0.8,3.0,0.0,0.0,0.0,908.0,2857.0,0.0,53.6,1.0,0.0,825.6,0.0,0.0,0.7000000000000001,13.0,0.0,41.0,0.0,51.8,51.8,350.0,825.6,-50.0,0.0,0.0,0.0,0.0,400.0,0.0,0.0,0.0,0.0,0.0,0.0,68.5,742.3000000000001,4.441,,,22.785721062611916,0.0,3.979266086057424,32.368259365306606,1.5296121171398998,1.514467442712772,4.194013541325904,0.0071612155526099,2.6060383881872182,13.113929999999998,0.0,,0.0,10.0,7.000000000000001,5.999999999999998,67.00000000000001,21.5,95.0,0.0,12.0,14.000000000000002,7.000000000000001,5.999999999999998,,50.98909866380338,6.40263432529971,121.62596868537739,39.529999999999994
742.0,13.5,26.0,739.2,0.0,0.0,0.0,23.0,46.4,50.0,46.4,48.2,46.4,19.2192,42.8,60.8,11299.315833333334,40677537.0,0.0,0.0,5.13333333333333,4.10666666666667,3.85,25036.3,24774.7,18453.9,17867.2,1900.0,4174.0,0.0,0.0,739.0,2335.0,3.84,16.0,3.84,154.0,0.0,11299.3158333333,0.0,68.0,152.60000000000002,37.4,52.0,111.2,100.4,70.7,32.0,1.3700000000000043,99.0,13.98,735.7,40.9,14.209,0.0,0.0,0.0,0.0,0.0,0.0,0.0,0.0,0.0,0.0,0.0,735.9000000000001,-0.8,3.0,0.0,0.0,0.0,908.0,2857.0,0.0,53.6,1.0,0.0,825.6,0.0,0.0,0.7000000000000001,13.0,0.0,41.0,0.0,51.8,51.8,350.0,825.6,-50.0,0.0,0.0,0.0,0.0,400.0,0.0,0.0,0.0,0.0,0.0,0.0,68.5,739.3000000000001,4.44,,,22.785721062611916,0.0,3.979266086057424,32.368259365306606,1.5402168442115052,1.5249671724866387,2.6535964035964033,0.0104997297738666,1.6488678508991004,19.2192,0.0,,0.0,10.0,7.000000000000001,5.999999999999998,67.00000000000001,21.5,95.0,0.0,12.0,14.000000000000002,7.000000000000001,5.999999999999998,,50.98909866380338,6.40263432529971,121.62596868537739,39.529999999999994
743.0,13.5,26.0,739.2,0.0,0.0,0.0,23.0,46.4,50.0,46.4,48.2,46.4,19.2192,42.8,60.8,11299.315833333334,40677537.0,0.0,0.0,5.13333333333333,4.10666666666667,3.85,25036.3,24774.7,18453.9,17867.2,1900.0,4174.0,0.0,0.0,739.0,2335.0,3.84,16.0,3.84,154.0,0.0,11299.3158333333,0.0,68.0,152.60000000000002,37.4,52.0,111.2,100.4,70.7,32.0,-0.1299999999999954,99.0,13.96,735.3000000000001,39.17,14.215,0.0,0.0,0.0,0.0,0.0,0.0,0.0,0.0,0.0,0.0,0.0,735.9000000000001,1.6,3.0,0.0,0.0,0.0,908.0,2857.0,0.0,53.6,1.0,0.0,825.6,0.0,0.0,0.7000000000000001,13.0,0.0,41.0,0.0,51.8,51.8,350.0,825.6,-50.0,0.0,0.0,0.0,0.0,400.0,0.0,0.0,0.0,0.0,0.0,0.0,68.5,739.3000000000001,4.44,17.577900000000003,13.9404767,22.817645652412605,0.0,3.9974182026962537,32.386411481945444,1.5402168442115052,1.5249671724866387,2.6535964035964033,0.0104997297738666,1.6488678508991004,19.2192,0.0,,0.0,10.0,7.000000000000001,5.999999999999998,67.00000000000001,21.5,95.0,0.0,12.0,14.000000000000002,7.000000000000001,5.999999999999998,53.53542926496758,52.988671160423124,6.431840936058123,121.65517544104927,39.3
744.0,13.6,25.9,739.1,0.0,0.0,0.0,23.0,46.4,50.0,46.4,48.2,46.4,19.14269,42.8,60.8,11299.316388888888,40677539.0,0.0,0.0,5.13263888888889,4.10611111111111,3.84947916666667,25036.3,24774.7,18453.9,17867.2,1880.0,4302.0,0.0,0.0,739.0,2335.0,3.84,16.0,3.84,101.0,0.0,11299.3163888889,0.0,68.0,152.60000000000002,37.4,52.0,111.2,100.4,70.7,32.0,-0.1299999999999954,99.0,13.96,735.3000000000001,39.17,14.215,0.0,0.0,0.0,0.0,0.0,0.0,0.0,0.0,0.0,0.0,0.0,736.0,1.6,3.0,0.0,0.0,0.0,908.0,2857.0,0.0,53.6,1.0,0.0,825.6,0.0,0.0,0.7000000000000001,13.0,0.0,41.0,0.0,51.8,51.8,350.0,825.6,-50.0,0.0,0.0,0.0,0.0,400.0,0.0,0.0,0.0,0.0,0.0,0.0,68.5,739.2,4.439,17.577900000000003,13.9404767,22.817645652412605,0.0,3.9974182026962537,32.386411481945444,1.550856686938035,1.535501670235678,2.7686808907212104,0.0105344977490394,1.720378013748329,19.14269,0.0,,0.0,10.0,7.000000000000001,5.999999999999998,67.00000000000001,21.5,95.0,0.0,12.0,14.000000000000002,7.000000000000001,5.999999999999998,53.53542926496758,52.988671160423124,6.431840936058123,121.65517544104927,39.3
745.0,13.6,25.9,739.1,0.0,0.0,0.0,23.0,46.4,50.0,46.4,48.2,46.4,19.14269,42.8,60.8,11299.316388888888,40677539.0,0.0,0.0,5.13263888888889,4.10611111111111,3.84947916666667,25036.3,24774.7,18453.9,17867.2,1880.0,4302.0,0.0,0.0,739.0,2335.0,3.84,16.0,3.84,101.0,0.0,11299.3163888889,0.0,68.0,152.60000000000002,37.4,52.0,111.2,100.4,70.7,32.0,-0.1299999999999954,99.0,13.96,735.3000000000001,39.17,14.215,0.0,0.0,0.0,0.0,0.0,0.0,0.0,0.0,0.0,0.0,0.0,736.0,4.6000000000000005,3.0,0.0,0.0,0.0,908.0,2857.0,0.0,53.6,1.0,0.0,825.6,0.0,0.0,0.7000000000000001,13.0,0.0,41.0,0.0,51.8,51.8,350.0,825.6,-50.0,0.0,0.0,0.0,0.0,400.0,0.0,0.0,0.0,0.0,0.0,0.0,68.5,739.2,4.439,17.577900000000003,13.9404767,22.85336704708897,0.0,4.016307886940268,32.40530116618945,1.550856686938035,1.535501670235678,2.7686808907212104,0.0105344977490394,1.720378013748329,19.14269,0.0,,0.0,10.0,7.000000000000001,5.999999999999998,67.00000000000001,21.5,95.0,0.0,12.0,14.000000000000002,7.000000000000001,5.999999999999998,53.53542926496758,54.988243657042865,6.462234502437412,121.68556894299789,39.3
746.0,13.6,26.0,738.9,0.0,0.0,0.0,23.0,46.4,50.0,46.4,48.2,46.4,19.2114,42.8,60.8,11299.316944444445,40677541.0,0.0,0.0,5.13125,4.105,3.8484375,25036.3,24774.7,18453.9,17867.2,1880.0,4430.0,0.0,0.0,739.0,2335.0,3.84,16.0,3.84,154.0,0.0,11299.3169444444,0.0,68.0,153.5,37.4,52.0,112.1,100.4,70.7,32.0,-0.1299999999999954,99.0,13.96,735.3000000000001,39.17,14.215,0.0,0.0,0.0,0.0,0.0,0.0,0.0,0.0,0.0,0.0,0.0,736.0,4.6000000000000005,3.0,0.0,0.0,0.0,908.0,2857.0,0.0,53.6,1.0,0.0,825.6,0.0,0.0,0.7000000000000001,13.0,0.0,41.0,0.0,51.8,51.8,350.0,825.6,-50.0,0.0,0.0,0.0,0.0,400.0,0.0,0.0,0.0,0.0,0.0,0.0,68.5,739.1,4.444,17.577900000000003,13.9404767,22.88827775771512,0.0,4.034235067207508,32.423228346456696,1.560708041797056,1.545255486927778,2.8628834962574317,0.0097538166920999,1.7789127809529763,19.2114,0.0,,0.0,10.0,7.000000000000001,5.999999999999998,67.5,21.5,96.0,0.0,12.0,14.000000000000002,7.000000000000001,5.999999999999998,53.53542926496758,55.98802990535273,6.49107966297294,121.71441377604788,39.3
747.0,13.6,26.0,738.9,0.0,0.0,0.0,23.0,46.4,50.0,46.4,48.2,46.4,19.2114,42.8,60.8,11299.316944444445,40677541.0,0.0,0.0,5.13125,4.105,3.8484375,25036.3,24774.7,18453.9,17867.2,1880.0,4430.0,0.0,0.0,739.0,2335.0,3.84,16.0,3.84,154.0,0.0,11299.3169444444,0.0,68.0,153.5,37.4,52.0,112.1,100.4,70.7,32.0,0.1500000000000341,99.0,13.967,735.7,40.13,14.226,0.0,0.0,0.0,0.0,0.0,0.0,0.0,0.0,0.0,0.0,0.0,736.0,-0.8,3.0,0.0,0.0,0.0,908.0,2857.0,0.0,53.6,1.0,0.0,825.6,0.0,0.0,0.7000000000000001,13.0,0.0,41.0,0.0,51.8,51.8,350.0,825.6,-50.0,0.0,0.0,0.0,0.0,400.0,0.0,0.0,0.0,0.0,0.0,0.0,68.5,739.1,4.444,17.2361075,13.9497544,22.88827775771512,0.0,4.034235067207508,32.423228346456696,1.560708041797056,1.545255486927778,2.8628834962574317,0.0097538166920999,1.7789127809529763,19.2114,0.0,,0.0,10.0,7.000000000000001,5.999999999999998,67.5,21.5,96.0,0.0,12.0,15.0,7.000000000000001,5.999999999999998,56.9097078530134,55.98802990535273,6.49107966297294,121.71441377604788,39.97999999999997
748.0,13.6,20.6,739.9,0.0,0.0,0.0,23.0,46.4,50.0,46.4,48.2,46.4,15.24194,42.8,60.8,11299.3175,40677543.0,0.0,0.0,5.13819444444444,4.11055555555556,3.85364583333333,25036.3,24774.7,18453.9,17867.2,1880.0,4546.0,0.0,0.0,740.0,2322.0,3.84,16.0,3.84,154.0,0.0,11299.3175,0.0,68.0,153.5,37.4,52.0,112.1,100.4,70.7,32.0,0.1500000000000341,99.0,13.967,735.7,40.13,14.226,0.0,0.0,0.0,0.0,0.0,0.0,0.0,0.0,0.0,0.0,0.0,737.8000000000001,-0.8,3.0,0.0,0.0,0.0,908.0,2857.0,0.0,53.6,1.0,0.0,825.6,0.0,0.0,0.7000000000000001,13.0,0.0,41.0,0.0,51.8,51.8,350.0,825.6,-50.0,0.0,0.0,0.0,0.0,400.0,0.0,0.0,0.0,0.0,0.0,0.0,68.5,739.5,4.44,17.2361075,13.9497544,22.88827775771512,0.0,4.034235067207508,32.423228346456696,1.569789007634889,1.5542465422127614,3.6740729854598553,0.0089910552849833,2.282962405048176,15.24194,0.0,,0.0,10.0,7.000000000000001,5.999999999999998,67.5,21.5,96.0,0.0,12.0,15.0,7.000000000000001,5.999999999999998,56.9097078530134,55.98802990535273,6.49107966297294,121.71441377604788,39.97999999999997
749.0,13.6,20.6,739.9,0.0,0.0,0.0,23.0,46.4,50.0,46.4,48.2,46.4,15.24194,42.8,60.8,11299.3175,40677543.0,0.0,0.0,5.13819444444444,4.11055555555556,3.85364583333333,25036.3,24774.7,18453.9,17867.2,1880.0,4546.0,0.0,0.0,740.0,2322.0,3.84,16.0,3.84,154.0,0.0,11299.3175,0.0,68.0,153.5,37.4,52.0,112.1,100.4,70.7,32.0,2.1299999999999955,99.0,13.992,737.2,34.7,14.222,0.0,0.0,0.0,0.0,0.0,0.0,0.0,0.0,0.0,0.0,0.0,737.8000000000001,-2.5,3.0,0.0,0.0,0.0,908.0,2857.0,0.0,53.6,1.0,0.0,825.6,0.0,0.0,0.7000000000000001,13.0,0.0,41.0,0.0,51.8,51.8,350.0,825.6,-50.0,0.0,0.0,0.0,0.0,400.0,0.0,0.0,0.0,0.0,0.0,0.0,68.5,739.5,4.44,15.42949,13.9707513,22.930691992436444,0.0,4.055438737771414,32.444432017020596,1.569789007634889,1.5542465422127614,3.6740729854598553,0.0089910552849833,2.282962405048176,15.24194,0.0,0.0214323276360972,0.0,10.0,7.000000000000001,5.999999999999998,67.5,21.5,97.0,0.0,12.0,15.0,7.000000000000001,5.999999999999998,57.925115761453114,56.9878161536626,6.525196370493262,121.7485304819852,32.57000000000001
750.0,13.6,20.6,739.9,0.0,0.0,0.0,23.0,46.4,50.0,46.4,48.2,46.4,15.24194,42.8,60.8,11299.318055555555,40677545.0,0.0,0.0,5.13819444444444,4.11055555555556,3.85364583333333,25036.3,24774.8,18453.9,17867.2,1880.0,4587.0,0.0,0.0,740.0,2322.0,3.84,16.0,3.84,102.0,0.0,11299.3180555556,0.0,68.0,153.5,37.4,52.0,112.1,100.4,70.7,32.0,2.1299999999999955,99.0,13.992,737.2,34.7,14.222,0.0,0.0,0.0,0.0,0.0,0.0,0.0,0.0,0.0,0.0,0.0,736.7,-2.5,3.0,0.0,0.0,0.0,908.0,2857.0,0.0,53.6,1.0,0.0,825.6,0.0,0.0,0.7000000000000001,13.0,0.0,41.0,0.0,51.8,51.8,350.0,825.6,-50.0,0.0,0.0,0.0,0.0,400.0,0.0,0.0,0.0,0.0,0.0,0.0,68.5,740.0,4.443,15.42949,13.9707513,22.930691992436444,0.0,4.055438737771414,32.444432017020596,1.578561302027635,1.5629319822055792,3.7396814316287816,0.0086854399928177,2.323729590852608,15.24194,0.0,0.0214323276360972,0.0,10.0,7.000000000000001,5.999999999999998,67.5,21.5,97.0,0.0,12.0,15.0,7.000000000000001,5.999999999999998,57.925115761453114,56.9878161536626,6.525196370493262,121.7485304819852,32.57000000000001
751.0,13.6,20.6,739.9,0.0,0.0,0.0,23.0,46.4,50.0,46.4,48.2,46.4,15.24194,42.8,60.8,11299.318055555555,40677545.0,0.0,0.0,5.13819444444444,4.11055555555556,3.85364583333333,25036.3,24774.8,18453.9,17867.2,1880.0,4587.0,0.0,0.0,740.0,2322.0,3.84,16.0,3.84,102.0,0.0,11299.3180555556,0.0,68.0,153.5,37.4,52.0,112.1,100.4,70.7,32.0,2.319999999999993,99.0,13.988,738.7,39.07,14.215,0.0,0.0,0.0,0.0,0.0,0.0,0.0,0.0,0.0,0.0,0.0,736.7,-0.6000000000000001,3.0,0.0,0.0,0.0,908.0,2857.0,0.0,53.6,1.0,0.0,825.6,0.0,0.0,0.7000000000000001,13.0,0.0,41.0,0.0,51.8,51.8,350.0,825.6,-50.0,0.0,0.0,0.0,0.0,400.0,0.0,0.0,0.0,0.0,0.0,0.0,68.5,740.0,4.443,7.617090000000001,13.9614736,22.930691992436444,0.0,4.055438737771414,32.444432017020596,1.578561302027635,1.5629319822055792,3.7396814316287816,0.0086854399928177,2.323729590852608,15.24194,0.0,0.0214323276360972,0.0,10.0,7.000000000000001,5.999999999999998,67.5,21.5,97.0,0.0,12.0,15.0,7.000000000000001,5.999999999999998,57.70641251963532,56.9878161536626,6.525196370493262,121.7485304819852,36.75000000000001
752.0,13.6,20.6,739.9,0.0,0.0,0.0,23.0,46.4,50.0,46.4,48.2,46.4,15.24194,42.8,60.8,11299.318055555555,40677545.0,0.0,0.0,5.13819444444444,4.11055555555556,3.85364583333333,25036.3,24774.8,18453.9,17867.2,1880.0,4587.0,0.0,0.0,740.0,2322.0,3.84,16.0,3.84,102.0,0.0,11299.3180555556,0.0,68.0,153.5,37.4,52.0,112.1,100.4,70.7,32.0,2.319999999999993,99.0,13.988,738.7,39.07,14.215,0.0,0.0,0.0,0.0,0.0,0.0,0.0,0.0,0.0,0.0,0.0,743.7,-0.6000000000000001,3.0,0.0,0.0,0.0,908.0,2857.0,0.0,53.6,1.0,0.0,825.6,0.0,0.0,0.7000000000000001,13.0,0.0,41.0,0.0,51.8,51.8,350.0,825.6,-50.0,0.0,0.0,0.0,0.0,400.0,0.0,0.0,0.0,0.0,0.0,0.0,68.5,744.7,4.441,7.617090000000001,13.9614736,22.930691992436444,0.0,4.055438737771414,32.444432017020596,1.578561302027635,1.5629319822055792,3.7396814316287816,0.0086854399928177,2.323729590852608,15.24194,0.0,0.0214323276360972,0.0,10.0,7.000000000000001,5.999999999999998,67.5,21.5,97.0,0.0,12.0,15.0,7.000000000000001,5.999999999999998,57.70641251963532,56.9878161536626,6.525196370493262,121.7485304819852,36.75000000000001
753.0,13.6,-15.4,746.7,0.0,0.0,0.0,23.0,46.4,50.0,46.4,48.2,46.4,-11.49918,42.8,60.8,11299.318611111112,40677547.0,0.0,0.0,5.18541666666667,4.14833333333333,3.8890625,25036.3,24774.8,18453.9,17867.2,1880.0,4337.0,0.0,0.0,747.0,2322.0,3.88,186.0,3.88,17.0,0.0,11299.3186111111,0.0,68.0,154.4,,,,,,,2.319999999999993,99.0,13.988,738.7,39.07,14.215,0.0,0.0,0.0,0.0,0.0,0.0,0.0,0.0,0.0,0.0,0.0,743.7,-0.6000000000000001,3.0,0.0,0.0,0.0,908.0,2857.0,0.0,53.6,1.0,0.0,825.6,0.0,0.0,0.7000000000000001,13.0,0.0,41.0,0.0,51.8,51.8,350.0,825.6,-50.0,0.0,0.0,0.0,0.0,400.0,0.0,0.0,0.0,0.0,0.0,0.0,68.5,744.7,4.441,0.6347575000000001,13.9526842,,0.0,,,1.5717079557193432,1.5561464908112308,-4.9568751858828195,-0.0067854913943483,-3.0800584911271933,-11.49918,0.0,,0.0,10.0,7.000000000000001,5.999999999999998,68.0,,98.0,,12.0,15.0,7.000000000000001,5.999999999999998,54.05094404925236,,,,36.75000000000001
754.0,13.6,-19.5,747.8,0.0,0.0,0.0,23.0,46.4,50.0,46.4,48.2,46.4,-14.5821,42.8,60.8,11299.319166666666,40677549.0,0.0,0.0,5.19305555555556,4.15444444444444,3.89479166666667,25036.3,24774.8,18453.9,17867.2,1880.0,3939.0,0.0,0.0,748.0,2322.0,3.88,148.0,3.88,17.0,0.0,11299.3191666667,0.0,68.0,154.4,,,,,,,2.319999999999993,99.0,13.988,738.7,39.07,14.215,0.0,0.0,0.0,0.0,0.0,0.0,0.0,0.0,0.0,0.0,0.0,744.7,-0.6000000000000001,3.0,0.0,0.0,0.0,908.0,2857.0,0.0,53.6,1.0,0.0,825.6,0.0,0.0,0.7000000000000001,13.0,0.0,41.0,0.0,51.8,51.8,350.0,825.6,-50.0,0.0,0.0,0.0,0.0,400.0,0.0,0.0,0.0,0.0,0.0,0.0,68.5,747.8000000000001,4.442,0.6347575000000001,13.9526842,,0.0,,,1.5640947922502806,1.5486087051982975,-4.9568751858828195,-0.0075377856129333,-3.0800584911271933,-14.5821,0.0,,0.0,10.0,7.000000000000001,5.999999999999998,68.0,,98.0,,12.0,15.0,7.000000000000001,5.999999999999998,54.05094404925236,,,,36.75000000000001
755.0,13.6,-19.5,747.8,0.0,0.0,0.0,23.0,46.4,50.0,46.4,48.2,46.4,-14.5821,42.8,60.8,11299.319166666666,40677549.0,0.0,0.0,5.19305555555556,4.15444444444444,3.89479166666667,25036.3,24774.8,18453.9,17867.2,1880.0,3939.0,0.0,0.0,748.0,2322.0,3.88,148.0,3.88,17.0,0.0,11299.3191666667,0.0,68.0,155.3,37.4,52.0,113.0,100.4,70.7,32.0,1.829999999999984,99.0,13.984,744.4000000000001,39.31,14.213,0.0,0.0,0.0,0.0,0.0,0.0,0.0,0.0,0.0,0.0,0.0,744.7,24.6,3.0,0.0,0.0,0.0,908.0,2857.0,0.0,53.6,1.0,0.0,825.6,0.0,0.0,0.7000000000000001,13.0,0.0,41.0,0.0,51.8,51.8,350.0,825.6,-50.0,0.0,0.0,0.0,0.0,400.0,0.0,0.0,0.0,0.0,0.0,0.0,68.5,747.8000000000001,4.442,0.0,13.950731,23.00049990758635,0.0,4.1059176906863915,32.494910969935574,1.5640947922502806,1.5486087051982975,-4.9568751858828195,-0.0075377856129333,-3.0800584911271933,-14.5821,0.0,,0.0,10.0,7.000000000000001,5.999999999999998,68.5,21.5,98.0,0.0,12.0,15.0,7.000000000000001,5.999999999999998,48.30217312147061,48.98952616718365,6.606416765923617,121.82975111722538,37.48000000000002
756.0,13.6,-26.4,749.2,0.0,0.0,0.0,23.0,46.4,50.0,46.4,48.2,46.4,-19.77888,42.8,60.8,11299.319722222222,40677551.0,0.0,0.0,5.20277777777778,4.16222222222222,3.90208333333333,25036.3,24774.8,18453.9,17867.2,1880.0,3481.0,0.0,0.0,750.0,2322.0,3.9,148.0,3.88,17.0,0.0,11299.3197222222,0.0,68.0,155.3,37.4,52.0,113.0,100.4,70.7,32.0,1.829999999999984,99.0,13.984,744.4000000000001,39.31,14.213,0.0,0.0,0.0,0.0,0.0,0.0,0.0,0.0,0.0,0.0,0.0,745.6,24.6,3.0,0.0,0.0,0.0,908.0,2857.0,0.0,53.6,1.0,0.0,825.6,0.0,0.0,0.7000000000000001,13.0,0.0,41.0,0.0,51.8,51.8,350.0,825.6,-50.0,0.0,0.0,0.0,0.0,400.0,0.0,0.0,0.0,0.0,0.0,0.0,68.5,747.8000000000001,4.441,0.0,13.950731,23.00049990758635,0.0,4.1059176906863915,32.494910969935574,1.5528422304809202,1.537467554931604,-4.750862795899177,-0.0111411502666933,-2.9520483663506676,-19.77888,0.0,,0.0,10.0,7.000000000000001,5.999999999999998,68.5,21.5,98.0,0.0,12.0,15.0,7.000000000000001,5.999999999999998,48.30217312147061,48.98952616718365,6.606416765923617,121.82975111722538,37.48000000000002
757.0,13.6,-26.4,749.2,0.0,0.0,0.0,23.0,46.4,50.0,46.4,48.2,46.4,-19.77888,42.8,60.8,11299.319722222222,40677551.0,0.0,0.0,5.20277777777778,4.16222222222222,3.90208333333333,25036.3,24774.8,18453.9,17867.2,1880.0,3481.0,0.0,0.0,750.0,2322.0,3.9,148.0,3.88,17.0,0.0,11299.3197222222,0.0,68.0,156.2,37.4,52.0,113.0,100.4,70.7,32.0,1.7900000000000205,99.0,13.983,745.2,34.03,14.216,0.0,0.0,0.0,0.0,0.0,0.0,0.0,0.0,0.0,0.0,0.0,745.6,-10.2,3.0,0.0,0.0,0.0,908.0,2857.0,0.0,53.6,1.0,0.0,825.6,0.0,0.0,0.7000000000000001,13.0,0.0,41.0,0.0,51.8,51.8,350.0,825.6,-50.0,0.0,0.0,0.0,0.0,400.0,0.0,0.0,0.0,0.0,0.0,0.0,68.5,747.8000000000001,4.441,0.0,13.9697747,23.01250431074017,0.0,4.1213655998966034,32.51035887914579,1.5528422304809202,1.537467554931604,-4.750862795899177,-0.0111411502666933,-2.9520483663506676,-19.77888,0.0,,0.0,10.0,7.000000000000001,5.999999999999998,69.0,21.5,99.0,0.0,12.0,15.0,7.000000000000001,5.999999999999998,42.006644089144395,42.990808677324424,6.63127268773686,121.85460680314462,32.23999999999998
758.0,13.6,-26.4,749.2,0.0,0.0,0.0,23.0,46.4,50.0,46.4,48.2,46.4,-19.77888,42.8,60.8,11299.319722222222,40677551.0,0.0,0.0,5.20277777777778,4.16222222222222,3.90208333333333,25036.3,24774.8,18453.9,17867.2,1880.0,3481.0,0.0,0.0,750.0,2322.0,3.9,148.0,3.88,17.0,0.0,11299.3197222222,0.0,68.0,156.2,37.4,52.0,113.0,100.4,70.7,32.0,1.7900000000000205,99.0,13.983,745.2,34.03,14.216,0.0,0.0,0.0,0.0,0.0,0.0,0.0,0.0,0.0,0.0,0.0,744.8000000000001,-10.2,3.0,0.0,0.0,0.0,908.0,2857.0,0.0,53.6,1.0,0.0,825.6,0.0,0.0,0.7000000000000001,13.0,0.0,41.0,0.0,51.8,51.8,350.0,825.6,-50.0,0.0,0.0,0.0,0.0,400.0,0.0,0.0,0.0,0.0,0.0,0.0,68.5,747.8000000000001,4.442,0.0,13.9697747,23.01250431074017,0.0,4.1213655998966034,32.51035887914579,1.5528422304809202,1.537467554931604,-4.750862795899177,-0.0111411502666933,-2.9520483663506676,-19.77888,0.0,,0.0,10.0,7.000000000000001,5.999999999999998,69.0,21.5,99.0,0.0,12.0,15.0,7.000000000000001,5.999999999999998,42.006644089144395,42.990808677324424,6.63127268773686,121.85460680314462,32.23999999999998
759.0,13.6,-15.0,747.5,0.0,0.0,0.0,23.0,46.4,50.0,46.4,48.2,46.4,-11.2125,42.8,60.8,11299.320277777775,40677553.0,0.0,0.0,5.19097222222222,4.15277777777778,3.89322916666667,25036.3,24774.8,18453.9,17867.2,1880.0,3034.0,0.0,0.0,747.0,2323.0,3.88,2.0,3.88,17.0,0.0,11299.3202777778,0.0,68.0,156.2,37.4,52.0,113.0,100.4,70.7,32.0,2.1000000000000227,99.0,13.989,736.6,31.7,14.21,0.0,0.0,0.0,0.0,0.0,0.0,0.0,0.0,0.0,0.0,0.0,744.8000000000001,-12.3,3.0,0.0,0.0,0.0,908.0,2857.0,0.0,53.6,1.0,0.0,825.6,0.0,0.0,0.7000000000000001,13.0,0.0,41.0,0.0,51.8,51.8,350.0,825.6,-50.0,0.0,0.0,0.0,0.0,400.0,0.0,0.0,0.0,0.0,0.0,0.0,68.5,747.8000000000001,4.442,0.0,13.9697747,23.01250431074017,0.0,4.1213655998966034,32.51035887914579,1.5464088160857743,1.5310978377086877,-3.8350055741360096,-0.0063697172229166,-2.382961248606466,-11.2125,0.0,,0.0,10.0,7.000000000000001,5.999999999999998,69.0,21.5,99.0,0.0,12.0,14.000000000000002,7.000000000000001,5.999999999999998,42.006644089144395,42.990808677324424,6.63127268773686,121.85460680314462,29.599999999999977
760.0,13.6,-15.0,747.5,0.0,0.0,0.0,23.0,46.4,50.0,46.4,48.2,46.4,-11.2125,42.8,60.8,11299.320277777775,40677553.0,0.0,0.0,5.19097222222222,4.15277777777778,3.89322916666667,25036.3,24774.8,18453.9,17867.2,1880.0,3034.0,0.0,0.0,747.0,2323.0,3.88,2.0,3.88,17.0,0.0,11299.3202777778,0.0,68.0,156.2,37.4,52.0,113.0,100.4,70.7,32.0,2.1000000000000227,99.0,13.989,736.6,31.7,14.21,0.0,0.0,0.0,0.0,0.0,0.0,0.0,0.0,0.0,0.0,0.0,741.0,-12.3,3.0,0.0,0.0,0.0,908.0,2857.0,0.0,53.6,1.0,0.0,825.6,0.0,0.0,0.7000000000000001,13.0,0.0,41.0,0.0,51.8,51.8,350.0,825.6,-50.0,0.0,0.0,0.0,0.0,400.0,0.0,0.0,0.0,0.0,0.0,0.0,68.5,739.9000000000001,4.441,0.0,13.9697747,23.01250431074017,0.0,4.1213655998966034,32.51035887914579,1.5464088160857743,1.5310978377086877,-3.8350055741360096,-0.0063697172229166,-2.382961248606466,-11.2125,0.0,,0.0,10.0,7.000000000000001,5.999999999999998,69.0,21.5,99.0,0.0,12.0,14.000000000000002,7.000000000000001,5.999999999999998,42.006644089144395,42.990808677324424,6.63127268773686,121.85460680314462,29.599999999999977
761.0,13.6,-9.2,745.9,0.0,0.0,0.0,23.0,46.4,50.0,46.4,48.2,46.4,-6.86228,42.8,60.8,11299.320833333331,40677555.0,0.0,0.0,5.17986111111111,4.14388888888889,3.88489583333333,25036.3,24774.8,18453.9,17867.2,1880.0,3113.0,0.0,0.0,746.0,2323.0,3.88,126.0,3.86,17.0,0.0,11299.3208333333,0.0,68.0,156.2,,,,,,,0.5099999999999909,99.0,13.976,743.8000000000001,35.09,14.206,0.0,0.0,0.0,0.0,0.0,0.0,0.0,0.0,0.0,0.0,0.0,741.0,-0.4,3.0,0.0,0.0,0.0,908.0,2857.0,0.0,53.6,1.0,0.0,825.6,0.0,0.0,0.7000000000000001,13.0,0.0,41.0,0.0,51.8,51.8,350.0,825.6,-50.0,0.0,0.0,0.0,0.0,400.0,0.0,0.0,0.0,0.0,0.0,0.0,68.5,739.9000000000001,4.441,0.0,13.9697747,,0.0,,,1.5421747006117434,1.526905644170043,-6.266138950902615,-0.0041921935386444,-3.8935970260613098,-6.862279999999999,0.0,,0.0,10.0,7.000000000000001,5.999999999999998,69.0,,100.0,,12.0,14.000000000000002,7.000000000000001,5.999999999999998,42.006644089144395,,,,34.58000000000001
762.0,13.6,-9.2,745.9,0.0,0.0,0.0,23.0,46.4,50.0,46.4,48.2,46.4,-6.86228,42.8,60.8,11299.320833333331,40677555.0,0.0,0.0,5.17986111111111,4.14388888888889,3.88489583333333,25036.3,24774.8,18453.9,17867.2,1880.0,3113.0,0.0,0.0,746.0,2323.0,3.88,126.0,3.86,17.0,0.0,11299.3208333333,0.0,68.0,156.2,,,,,,,0.5099999999999909,99.0,13.976,743.8000000000001,35.09,14.206,0.0,0.0,0.0,0.0,0.0,0.0,0.0,0.0,0.0,0.0,0.0,745.3000000000001,-0.4,3.0,0.0,0.0,0.0,908.0,2857.0,0.0,53.6,1.0,0.0,825.6,0.0,0.0,0.7000000000000001,13.0,0.0,41.0,0.0,51.8,51.8,350.0,825.6,-50.0,0.0,0.0,0.0,0.0,400.0,0.0,0.0,0.0,0.0,0.0,0.0,68.5,749.1,4.441,0.0,13.9707513,,0.0,,,1.5421747006117434,1.526905644170043,-6.266138950902615,-0.0041921935386444,-3.8935970260613098,-6.862279999999999,0.0,,0.0,10.0,7.000000000000001,5.999999999999998,69.0,,100.0,,12.0,14.000000000000002,7.000000000000001,5.999999999999998,38.179337357333175,,,,34.58000000000001
763.0,13.6,-20.5,748.6,0.0,0.0,0.0,23.0,44.6,50.0,46.4,48.2,46.4,-15.3463,42.8,60.8,11299.32138888889,40677557.0,0.0,0.0,5.19861111111111,4.15888888888889,3.89895833333333,25036.3,24774.8,18453.9,17867.2,1900.0,2611.0,0.0,0.0,749.0,2323.0,3.9,102.0,3.88,17.0,0.0,11299.3213888889,0.0,68.0,156.2,,,,,,,-0.839999999999975,99.0,13.967,744.1,41.8,14.202,0.0,0.0,0.0,0.0,0.0,0.0,0.0,0.0,0.0,0.0,0.0,745.3000000000001,5.0,3.0,0.0,0.0,0.0,908.0,2857.0,0.0,53.6,1.0,0.0,825.6,0.0,0.0,0.7000000000000001,13.0,0.0,41.0,0.0,51.8,51.8,350.0,825.6,-50.0,0.0,0.0,0.0,0.0,400.0,0.0,0.0,0.0,0.0,0.0,0.0,68.5,749.1,4.441,0.0,13.9707513,,0.0,,,1.5335261742830784,1.518342746814929,-6.266138950902615,-0.0085628973551138,-3.8935970260613098,-15.3463,0.0,,0.0,10.0,7.000000000000001,5.999999999999998,69.0,,99.0,,12.0,14.000000000000002,7.000000000000001,5.999999999999998,38.179337357333175,,,,42.63999999999997
764.0,13.6,-20.5,748.6,0.0,0.0,0.0,23.0,44.6,50.0,46.4,48.2,46.4,-15.3463,42.8,60.8,11299.32138888889,40677557.0,0.0,0.0,5.19861111111111,4.15888888888889,3.89895833333333,25036.3,24774.8,18453.9,17867.2,1900.0,2611.0,0.0,0.0,749.0,2323.0,3.9,102.0,3.88,17.0,0.0,11299.3213888889,0.0,68.0,156.2,,,,,,,-0.839999999999975,99.0,13.967,744.1,41.8,14.202,0.0,0.0,0.0,0.0,0.0,0.0,0.0,0.0,0.0,0.0,0.0,745.3000000000001,5.0,3.0,0.0,0.0,0.0,908.0,2857.0,0.0,53.6,1.0,0.0,825.6,0.0,0.0,0.7000000000000001,13.0,0.0,41.0,0.0,51.8,51.8,350.0,825.6,-50.0,0.0,0.0,0.0,0.0,400.0,0.0,0.0,0.0,0.0,0.0,0.0,68.5,748.9000000000001,4.443,0.0,13.950731,,0.0,,,1.5335261742830784,1.518342746814929,-6.266138950902615,-0.0085628973551138,-3.8935970260613098,-15.3463,0.0,,0.0,10.0,7.000000000000001,5.999999999999998,69.0,,99.0,,12.0,14.000000000000002,7.000000000000001,5.999999999999998,30.868400416567244,,,,42.63999999999997
765.0,13.5,-6.9,746.5,0.0,0.0,0.0,23.0,44.6,50.0,46.4,48.2,46.4,-5.15085,42.8,60.8,11299.321944444444,40677559.0,0.0,0.0,5.18402777777778,4.14722222222222,3.88802083333333,25036.3,24774.8,18454.0,17867.2,1900.0,2053.0,0.0,0.0,746.0,2323.0,3.88,90.0,3.88,17.0,0.0,11299.3219444444,0.0,68.0,156.2,37.4,52.0,114.8,101.3,70.7,32.0,-1.490000000000009,99.0,13.956,743.4000000000001,40.07,14.21,0.0,0.0,0.0,0.0,0.0,0.0,0.0,0.0,0.0,0.0,0.0,745.8000000000001,91.2,3.0,0.0,0.0,0.0,908.0,2857.0,0.0,53.6,1.0,0.0,825.6,0.0,0.0,0.7000000000000001,13.0,0.0,41.0,0.0,51.8,51.8,350.0,825.6,-50.0,0.0,0.0,0.0,0.0,400.0,0.0,0.0,0.0,0.0,0.0,0.0,68.5,748.9000000000001,4.443,0.0,13.950731,22.91739726830523,0.0,4.157203183408892,32.54619646265808,1.530517204693817,1.515363569003779,,-0.00297917781115,,-5.15085,0.0,-0.0474378675880175,0.0,10.0,7.000000000000001,5.999999999999998,69.0,21.5,97.0,0.0,12.0,14.000000000000002,7.000000000000001,5.999999999999998,30.868400416567244,24.994656207746758,6.688935660238301,121.91226947501589,41.56000000000001
766.0,13.5,-6.9,746.5,0.0,0.0,0.0,23.0,44.6,50.0,46.4,48.2,46.4,-5.15085,42.8,60.8,11299.321944444444,40677559.0,0.0,0.0,5.18402777777778,4.14722222222222,3.88802083333333,25036.3,24774.8,18454.0,17867.2,1900.0,2053.0,0.0,0.0,746.0,2323.0,3.88,90.0,3.88,17.0,0.0,11299.3219444444,0.0,68.0,156.2,37.4,52.0,114.8,101.3,70.7,32.0,-1.490000000000009,99.0,13.956,743.4000000000001,40.07,14.21,0.0,0.0,0.0,0.0,0.0,0.0,0.0,0.0,0.0,0.0,0.0,745.8000000000001,91.2,3.0,0.0,0.0,0.0,908.0,2857.0,0.0,53.6,1.0,0.0,825.6,0.0,0.0,0.7000000000000001,13.0,0.0,41.0,0.0,51.8,51.8,350.0,825.6,-50.0,0.0,0.0,0.0,0.0,400.0,0.0,0.0,0.0,0.0,0.0,0.0,68.5,743.7,4.44,5.1268875000000005,13.960497,22.91739726830523,0.0,4.157203183408892,32.54619646265808,1.530517204693817,1.515363569003779,,-0.00297917781115,,-5.15085,0.0,-0.0474378675880175,0.0,10.0,7.000000000000001,5.999999999999998,69.0,21.5,97.0,0.0,12.0,14.000000000000002,7.000000000000001,5.999999999999998,24.807196286188656,24.994656207746758,6.688935660238301,121.91226947501589,41.56000000000001
767.0,13.6,22.6,741.0,0.0,0.0,0.0,23.0,44.6,50.0,46.4,48.2,46.4,16.7466,42.8,60.8,11299.3225,40677561.0,0.0,0.0,5.14583333333333,4.11666666666667,3.859375,25036.3,24774.8,18454.0,17867.2,1900.0,2073.0,0.0,0.0,741.0,2327.0,3.86,16.0,3.84,154.0,0.0,11299.3225,0.0,68.0,153.5,37.4,52.0,114.8,101.3,70.7,32.0,1.5199999999999818,99.0,13.982,737.5,39.14,14.205,0.0,0.0,0.0,0.0,0.0,0.0,0.0,0.0,0.0,0.0,0.0,739.0,72.2,3.0,0.0,0.0,0.0,908.0,2857.0,0.0,53.6,1.0,0.0,825.6,0.0,0.0,0.7000000000000001,13.0,0.0,41.0,0.0,51.8,51.8,350.0,825.6,-50.0,0.0,0.0,0.0,0.0,400.0,0.0,0.0,0.0,0.0,0.0,0.0,68.5,743.7,4.44,5.1268875000000005,13.960497,22.8967920375385,0.0,4.166160870516185,32.55515414976537,1.540080914225988,1.5248325883425624,4.493055033243448,0.0094690193387833,2.7918540990615144,16.7466,0.0,-0.0474378675880175,0.0,10.0,7.000000000000001,5.999999999999998,67.5,21.5,92.0,0.0,12.0,14.000000000000002,7.000000000000001,5.999999999999998,24.807196286188656,25.99444245605663,6.703348855068204,121.92668239357154,37.62000000000002
768.0,13.6,22.6,741.0,0.0,0.0,0.0,23.0,44.6,50.0,46.4,48.2,46.4,16.7466,42.8,60.8,11299.3225,40677561.0,0.0,0.0,5.14583333333333,4.11666666666667,3.859375,25036.3,24774.8,18454.0,17867.2,1900.0,2073.0,0.0,0.0,741.0,2327.0,3.86,16.0,3.84,154.0,0.0,11299.3225,0.0,68.0,153.5,37.4,52.0,114.8,101.3,70.7,32.0,1.5199999999999818,99.0,13.982,737.5,39.14,14.205,0.0,0.0,0.0,0.0,0.0,0.0,0.0,0.0,0.0,0.0,0.0,739.0,72.2,3.0,0.0,0.0,0.0,908.0,2857.0,0.0,53.6,1.0,0.0,825.6,0.0,0.0,0.7000000000000001,13.0,0.0,41.0,0.0,51.8,51.8,350.0,825.6,-50.0,0.0,0.0,0.0,0.0,400.0,0.0,0.0,0.0,0.0,0.0,0.0,68.5,741.0,4.438,16.60135,13.950731,22.8967920375385,0.0,4.166160870516185,32.55515414976537,1.540080914225988,1.5248325883425624,4.493055033243448,0.0094690193387833,2.7918540990615144,16.7466,0.0,-0.0474378675880175,0.0,10.0,7.000000000000001,5.999999999999998,67.5,21.5,92.0,0.0,12.0,14.000000000000002,7.000000000000001,5.999999999999998,28.056501593195733,25.99444245605663,6.703348855068204,121.92668239357154,37.62000000000002
769.0,13.6,14.4,742.2,0.0,0.0,0.0,23.0,44.6,50.0,46.4,48.2,46.4,10.68768,42.8,60.8,11299.323055555556,40677563.0,0.0,0.0,5.15416666666667,4.12333333333333,3.865625,25036.3,24774.8,18454.0,17867.2,1900.0,2421.0,0.0,0.0,742.0,2327.0,3.86,16.0,3.86,154.0,0.0,11299.3230555556,0.0,68.0,153.5,37.4,52.0,115.7,101.3,70.7,32.0,2.180000000000007,99.0,13.98,737.8000000000001,34.39,14.211,0.0,0.0,0.0,0.0,0.0,0.0,0.0,0.0,0.0,0.0,0.0,738.6,72.2,3.0,0.0,0.0,0.0,908.0,2857.0,0.0,53.6,1.0,0.0,825.6,0.0,0.0,0.7000000000000001,13.0,0.0,41.0,0.0,51.8,51.8,350.0,825.6,-50.0,0.0,0.0,0.0,0.0,400.0,0.0,0.0,0.0,0.0,0.0,0.0,68.5,741.0,4.438,16.60135,13.950731,22.88491234410331,0.0,4.177654994830191,32.56664827407938,1.5462208371444122,1.5309117199449624,2.4327075660947934,0.0060791316023999,1.5116139330518883,10.68768,0.0,,0.0,10.0,7.000000000000001,5.999999999999998,67.5,21.5,92.0,0.0,12.0,14.000000000000002,7.000000000000001,5.999999999999998,28.056501593195733,30.993373697605982,6.7218431667826355,121.94517643959279,32.209999999999994
770.0,13.6,14.4,742.2,0.0,0.0,0.0,23.0,44.6,50.0,46.4,48.2,46.4,10.68768,42.8,60.8,11299.323055555556,40677563.0,0.0,0.0,5.15416666666667,4.12333333333333,3.865625,25036.3,24774.8,18454.0,17867.2,1900.0,2421.0,0.0,0.0,742.0,2327.0,3.86,16.0,3.86,154.0,0.0,11299.3230555556,0.0,68.0,153.5,37.4,52.0,115.7,101.3,70.7,32.0,2.180000000000007,99.0,13.98,737.8000000000001,34.39,14.211,0.0,0.0,0.0,0.0,0.0,0.0,0.0,0.0,0.0,0.0,0.0,738.6,10.1,3.0,0.0,0.0,0.0,908.0,2857.0,0.0,53.6,1.0,0.0,825.6,0.0,0.0,0.7000000000000001,13.0,0.0,41.0,0.0,51.8,51.8,350.0,825.6,-50.0,0.0,0.0,0.0,0.0,400.0,0.0,0.0,0.0,0.0,0.0,0.0,68.5,741.0,4.438,16.60135,13.950731,22.88491234410331,0.0,4.177654994830191,32.56664827407938,1.5462208371444122,1.5309117199449624,2.4327075660947934,0.0060791316023999,1.5116139330518883,10.68768,0.0,,0.0,10.0,7.000000000000001,5.999999999999998,67.5,21.5,92.0,0.0,12.0,14.000000000000002,7.000000000000001,5.999999999999998,28.056501593195733,30.993373697605982,6.7218431667826355,121.94517643959279,32.209999999999994
771.0,13.6,17.3,741.5,0.0,0.0,0.0,23.0,44.6,50.0,46.4,48.2,46.4,12.82795,42.8,60.8,11299.323611111113,40677565.0,0.0,0.0,5.14930555555556,4.11944444444444,3.86197916666667,25036.3,24774.8,18454.0,17867.2,1880.0,2747.0,0.0,0.0,742.0,2327.0,3.86,16.0,3.84,154.0,0.0,11299.3236111111,0.0,68.0,149.9,37.4,52.0,115.7,101.3,70.7,32.0,2.180000000000007,99.0,13.98,737.8000000000001,34.39,14.211,0.0,0.0,0.0,0.0,0.0,0.0,0.0,0.0,0.0,0.0,0.0,738.5,10.1,3.0,0.0,0.0,0.0,908.0,2857.0,0.0,53.6,1.0,0.0,825.6,0.0,0.0,0.7000000000000001,13.0,0.0,41.0,0.0,51.8,51.8,350.0,825.6,-50.0,0.0,0.0,0.0,0.0,400.0,0.0,0.0,0.0,0.0,0.0,0.0,68.5,741.6,4.441,16.60135,13.950731,22.88491234410331,0.0,4.177654994830191,32.56664827407938,1.5542338083830722,1.538845354834725,2.41659813142396,0.0079336348897625,1.5016039975210378,12.82795,0.0,,0.0,10.0,7.000000000000001,5.999999999999998,65.5,21.5,90.0,0.0,12.0,14.000000000000002,7.000000000000001,5.999999999999998,28.056501593195733,30.993373697605982,6.7218431667826355,121.94517643959279,32.209999999999994
772.0,13.6,17.3,741.5,0.0,0.0,0.0,23.0,44.6,50.0,46.4,48.2,46.4,12.82795,42.8,60.8,11299.323611111113,40677565.0,0.0,0.0,5.14930555555556,4.11944444444444,3.86197916666667,25036.3,24774.8,18454.0,17867.2,1880.0,2747.0,0.0,0.0,742.0,2327.0,3.86,16.0,3.84,154.0,0.0,11299.3236111111,0.0,68.0,149.9,37.4,52.0,115.7,101.3,70.7,32.0,2.019999999999982,99.0,13.982,737.4000000000001,33.87,14.207,0.0,0.0,0.0,0.0,0.0,0.0,0.0,0.0,0.0,0.0,0.0,738.5,-2.0,3.0,0.0,0.0,0.0,908.0,2857.0,0.0,53.6,1.0,0.0,825.6,0.0,0.0,0.7000000000000001,13.0,0.0,41.0,0.0,51.8,51.8,350.0,825.6,-50.0,0.0,0.0,0.0,0.0,400.0,0.0,0.0,0.0,0.0,0.0,0.0,68.5,741.2,4.442,16.60135,13.950731,22.88491234410331,0.0,4.177654994830191,32.56664827407938,1.5542338083830722,1.538845354834725,2.41659813142396,0.0079336348897625,1.5016039975210378,12.82795,0.0,,0.0,10.0,7.000000000000001,5.999999999999998,65.5,21.5,90.0,0.0,12.0,14.000000000000002,7.000000000000001,5.999999999999998,28.056501593195733,30.993373697605982,6.7218431667826355,121.94517643959279,31.850000000000016
773.0,13.6,15.4,741.8,0.0,0.0,0.0,23.0,44.6,50.0,46.4,48.2,46.4,11.42372,42.8,60.8,11299.324166666667,40677567.0,0.0,0.0,5.15138888888889,4.12111111111111,3.86354166666667,25036.3,24774.8,18454.0,17867.2,1880.0,3020.0,0.0,0.0,742.0,2327.0,3.86,16.0,3.84,101.0,0.0,11299.3241666667,0.0,68.0,149.9,37.4,52.0,115.7,102.2,70.7,32.0,2.019999999999982,99.0,13.982,737.4000000000001,33.87,14.207,0.0,0.0,0.0,0.0,0.0,0.0,0.0,0.0,0.0,0.0,0.0,738.2,-2.0,3.0,0.0,0.0,0.0,908.0,2857.0,0.0,53.6,1.0,0.0,825.6,0.0,0.0,0.7000000000000001,13.0,0.0,41.0,0.0,51.8,51.8,350.0,825.6,-50.0,0.0,0.0,0.0,0.0,400.0,0.0,0.0,0.0,0.0,0.0,0.0,68.5,741.2,4.442,,,22.88941514619844,0.0,4.204511279129881,32.59350455837907,1.5605166119590408,1.545065952434694,2.713651945250759,0.0062205975999688,1.6861846228724091,11.42372,0.0,,0.0,10.0,5.999999999999998,5.999999999999998,65.5,21.5,89.0,0.0,12.0,14.000000000000002,7.000000000000001,5.999999999999998,,37.99187743577507,6.765055185165902,121.98838820103097,31.850000000000016
774.0,13.6,15.4,741.8,0.0,0.0,0.0,23.0,44.6,50.0,46.4,48.2,46.4,11.42372,42.8,60.8,11299.324166666667,40677567.0,0.0,0.0,5.15138888888889,4.12111111111111,3.86354166666667,25036.3,24774.8,18454.0,17867.2,1880.0,3020.0,0.0,0.0,742.0,2327.0,3.86,16.0,3.84,101.0,0.0,11299.3241666667,0.0,68.0,149.9,37.4,52.0,115.7,102.2,70.7,32.0,1.9800000000000184,99.0,13.982,738.4000000000001,38.45,14.205,0.0,0.0,0.0,0.0,0.0,0.0,0.0,0.0,0.0,0.0,0.0,738.2,0.4,3.0,0.0,0.0,0.0,908.0,2857.0,0.0,53.6,1.0,0.0,825.6,0.0,0.0,0.7000000000000001,13.0,0.0,41.0,0.0,51.8,51.8,350.0,825.6,-50.0,0.0,0.0,0.0,0.0,400.0,0.0,0.0,0.0,0.0,0.0,0.0,68.5,742.9000000000001,4.441,,,22.88941514619844,0.0,4.204511279129881,32.59350455837907,1.5605166119590408,1.545065952434694,2.713651945250759,0.0062205975999688,1.6861846228724091,11.42372,0.0,,0.0,10.0,5.999999999999998,5.999999999999998,65.5,21.5,89.0,0.0,12.0,14.000000000000002,7.000000000000001,5.999999999999998,,37.99187743577507,6.765055185165902,121.98838820103097,36.469999999999985
775.0,13.6,5.4,743.6,0.0,0.0,0.0,23.0,44.6,50.0,46.4,48.2,46.4,4.01544,42.8,60.8,11299.324722222222,40677569.0,0.0,0.0,5.16388888888889,4.13111111111111,3.87291666666667,25036.3,24774.8,18454.0,17867.2,1900.0,3202.0,0.0,0.0,743.0,2327.0,3.86,16.0,3.86,93.0,0.0,11299.3247222222,0.0,68.0,149.0,37.4,52.0,115.7,102.2,70.7,32.0,1.9800000000000184,99.0,13.982,738.4000000000001,38.45,14.205,0.0,0.0,0.0,0.0,0.0,0.0,0.0,0.0,0.0,0.0,0.0,741.3000000000001,0.4,3.0,0.0,0.0,0.0,908.0,2857.0,0.0,53.6,1.0,0.0,825.6,0.0,0.0,0.7000000000000001,13.0,0.0,41.0,0.0,51.8,51.8,350.0,825.6,-50.0,0.0,0.0,0.0,0.0,400.0,0.0,0.0,0.0,0.0,0.0,0.0,68.5,742.9000000000001,4.441,,,22.89528704020887,0.0,4.218192008669371,32.607185287918554,1.562745164236192,1.547272439837814,9.463471001932538,0.00220648740312,5.8803264399418245,4.015440000000001,0.0,0.0413493334396326,0.0,10.0,5.999999999999998,5.999999999999998,65.0,21.5,89.0,0.0,12.0,14.000000000000002,7.000000000000001,5.999999999999998,,39.991449932394815,6.787067577862692,122.01040049486001,36.469999999999985
776.0,13.6,5.4,743.6,0.0,0.0,0.0,23.0,44.6,50.0,46.4,48.2,46.4,4.01544,42.8,60.8,11299.324722222222,40677569.0,0.0,0.0,5.16388888888889,4.13111111111111,3.87291666666667,25036.3,24774.8,18454.0,17867.2,1900.0,3202.0,0.0,0.0,743.0,2327.0,3.86,16.0,3.86,93.0,0.0,11299.3247222222,0.0,68.0,149.0,37.4,52.0,115.7,102.2,70.7,32.0,1.660000000000025,99.0,13.979,741.2,37.05,14.195,0.0,0.0,0.0,0.0,0.0,0.0,0.0,0.0,0.0,0.0,0.0,741.3000000000001,11.3,3.0,0.0,0.0,0.0,908.0,2857.0,0.0,53.6,1.0,0.0,825.6,0.0,0.0,0.7000000000000001,13.0,0.0,41.0,0.0,51.8,51.8,350.0,825.6,-50.0,0.0,0.0,0.0,0.0,400.0,0.0,0.0,0.0,0.0,0.0,0.0,68.5,743.5,4.44,,,22.89528704020887,0.0,4.218192008669371,32.607185287918554,1.562745164236192,1.547272439837814,9.463471001932538,0.00220648740312,5.8803264399418245,4.015440000000001,0.0,0.0413493334396326,0.0,10.0,5.999999999999998,5.999999999999998,65.0,21.5,89.0,0.0,12.0,14.000000000000002,7.000000000000001,5.999999999999998,,39.991449932394815,6.787067577862692,122.01040049486001,35.38999999999997
777.0,13.5,9.9,742.9,0.0,0.0,0.0,23.0,44.6,50.0,46.4,48.2,46.4,7.35471,42.8,60.8,11299.325277777778,40677571.0,0.0,0.0,5.15902777777778,4.12722222222222,3.86927083333333,25036.3,24774.8,18454.0,17867.2,1880.0,3306.0,0.0,0.0,743.0,2322.0,3.86,16.0,3.86,154.0,0.0,11299.3252777778,0.0,68.0,149.0,37.4,52.0,115.7,102.2,70.7,32.0,1.2300000000000182,99.0,13.973,738.7,43.74,14.212,0.0,0.0,0.0,0.0,0.0,0.0,0.0,0.0,0.0,0.0,0.0,739.8000000000001,11.3,3.0,0.0,0.0,0.0,908.0,2857.0,0.0,53.6,1.0,0.0,825.6,0.0,0.0,0.7000000000000001,13.0,0.0,41.0,0.0,51.8,51.8,350.0,825.6,-50.0,0.0,0.0,0.0,0.0,400.0,0.0,0.0,0.0,0.0,0.0,0.0,68.5,743.5,4.44,,,22.904749787966697,0.0,4.232441914220949,32.621435193470134,1.5667413977694835,1.5512291067024588,5.438691668332266,0.003956666864645,3.3794452806432886,7.35471,0.0,0.0445009997020059,0.0,10.0,5.999999999999998,5.999999999999998,65.0,21.5,89.0,0.0,12.0,14.000000000000002,7.000000000000001,5.999999999999998,,41.99102242901455,6.8099961259656245,122.0333285928925,42.509999999999984
778.0,13.5,9.9,742.9,0.0,0.0,0.0,23.0,44.6,50.0,46.4,48.2,46.4,7.35471,42.8,60.8,11299.325277777778,40677571.0,0.0,0.0,5.15902777777778,4.12722222222222,3.86927083333333,25036.3,24774.8,18454.0,17867.2,1880.0,3306.0,0.0,0.0,743.0,2322.0,3.86,16.0,3.86,154.0,0.0,11299.3252777778,0.0,68.0,149.0,37.4,52.0,115.7,102.2,70.7,32.0,1.2300000000000182,99.0,13.973,738.7,43.74,14.212,0.0,0.0,0.0,0.0,0.0,0.0,0.0,0.0,0.0,0.0,0.0,739.8000000000001,-16.3,3.0,0.0,0.0,0.0,908.0,2857.0,0.0,53.6,1.0,0.0,825.6,0.0,0.0,0.7000000000000001,13.0,0.0,41.0,0.0,51.8,51.8,350.0,825.6,-50.0,0.0,0.0,0.0,0.0,400.0,0.0,0.0,0.0,0.0,0.0,0.0,68.5,742.9000000000001,4.44,11.620945,13.9316873,22.904749787966697,0.0,4.232441914220949,32.621435193470134,1.5667413977694835,1.5512291067024588,5.438691668332266,0.003956666864645,3.3794452806432886,7.35471,0.0,0.0445009997020059,0.0,10.0,5.999999999999998,5.999999999999998,65.0,21.5,89.0,0.0,12.0,14.000000000000002,7.000000000000001,5.999999999999998,42.80334875576632,41.99102242901455,6.8099961259656245,122.0333285928925,42.509999999999984
779.0,13.5,-5.0,745.6,0.0,0.0,0.0,23.0,44.6,50.0,46.4,48.2,46.4,-3.728,42.8,60.8,11299.325833333334,40677573.0,0.0,0.0,5.17777777777778,4.14222222222222,3.88333333333333,25036.3,24774.8,18454.0,17867.2,1880.0,3423.0,0.0,0.0,746.0,2322.0,3.88,3.0,3.88,17.0,0.0,11299.3258333333,0.0,68.0,150.8,37.4,52.0,115.7,102.2,70.7,32.0,1.2300000000000182,99.0,13.973,738.7,43.74,14.212,0.0,0.0,0.0,0.0,0.0,0.0,0.0,0.0,0.0,0.0,0.0,740.8000000000001,-16.3,3.0,0.0,0.0,0.0,908.0,2857.0,0.0,53.6,1.0,0.0,825.6,0.0,0.0,0.7000000000000001,13.0,0.0,41.0,0.0,51.8,51.8,350.0,825.6,-50.0,0.0,0.0,0.0,0.0,400.0,0.0,0.0,0.0,0.0,0.0,0.0,68.5,742.9000000000001,4.44,11.620945,13.9316873,22.904749787966697,0.0,4.232441914220949,32.621435193470134,1.5646005195967811,1.5491094253433475,-11.266094420600858,-0.0021196813591111,-7.000424356223176,-3.728,0.0,0.0445009997020059,0.0,10.0,5.999999999999998,5.999999999999998,66.0,21.5,93.0,0.0,12.0,14.000000000000002,7.000000000000001,5.999999999999998,42.80334875576632,41.99102242901455,6.8099961259656245,122.0333285928925,42.509999999999984
780.0,13.5,-5.0,745.6,0.0,0.0,0.0,23.0,44.6,50.0,46.4,48.2,46.4,-3.728,42.8,60.8,11299.325833333334,40677573.0,0.0,0.0,5.17777777777778,4.14222222222222,3.88333333333333,25036.3,24774.8,18454.0,17867.2,1880.0,3423.0,0.0,0.0,746.0,2322.0,3.88,3.0,3.88,17.0,0.0,11299.3258333333,0.0,68.0,150.8,37.4,52.0,115.7,102.2,70.7,32.0,-0.5500000000000114,99.0,13.958,741.9000000000001,44.26,14.208,0.0,0.0,0.0,0.0,0.0,0.0,0.0,0.0,0.0,0.0,0.0,740.8000000000001,2.0,3.0,0.0,0.0,0.0,908.0,2857.0,0.0,53.6,1.0,0.0,825.6,0.0,0.0,0.7000000000000001,13.0,0.0,41.0,0.0,51.8,51.8,350.0,825.6,-50.0,0.0,0.0,0.0,0.0,400.0,0.0,0.0,0.0,0.0,0.0,0.0,68.5,745.6,4.442,5.6151625,13.9404767,22.904749787966697,0.0,4.232441914220949,32.621435193470134,1.5646005195967811,1.5491094253433475,-11.266094420600858,-0.0021196813591111,-7.000424356223176,-3.728,0.0,0.0445009997020059,0.0,10.0,5.999999999999998,5.999999999999998,66.0,21.5,93.0,0.0,12.0,14.000000000000002,7.000000000000001,5.999999999999998,43.084538638103474,41.99102242901455,6.8099961259656245,122.0333285928925,44.81000000000001
781.0,13.6,0.3,744.8,0.0,0.0,0.0,23.0,44.6,50.0,46.4,48.2,46.4,0.22344,42.8,60.8,11299.326388888889,40677575.0,0.0,0.0,5.17222222222222,4.13777777777778,3.87916666666667,25036.3,24774.8,18454.0,17867.2,1880.0,3339.0,0.0,0.0,745.0,2322.0,3.88,135.0,3.86,17.0,0.0,11299.3263888889,0.0,68.0,151.7,,,,,,,-0.0299999999999727,99.0,13.962,740.4000000000001,40.29,14.218,0.0,0.0,0.0,0.0,0.0,0.0,0.0,0.0,0.0,0.0,0.0,741.9000000000001,2.0,3.0,0.0,0.0,0.0,908.0,2857.0,0.0,53.6,1.0,0.0,825.6,0.0,0.0,0.7000000000000001,13.0,0.0,41.0,0.0,51.8,51.8,350.0,825.6,-50.0,0.0,0.0,0.0,0.0,400.0,0.0,0.0,0.0,0.0,0.0,0.0,68.5,745.6,4.442,5.6151625,13.9404767,,0.0,,,1.564722788087275,1.5492304832547277,187.9699248120301,0.00012105791138,116.79906015037594,0.2234399999999999,0.0,,0.0,10.0,5.999999999999998,5.999999999999998,66.5,,94.0,,12.0,14.000000000000002,7.000000000000001,5.999999999999998,43.084538638103474,,,,40.31999999999997
782.0,13.6,0.3,744.8,0.0,0.0,0.0,23.0,44.6,50.0,46.4,48.2,46.4,0.22344,42.8,60.8,11299.326388888889,40677575.0,0.0,0.0,5.17222222222222,4.13777777777778,3.87916666666667,25036.3,24774.8,18454.0,17867.2,1880.0,3339.0,0.0,0.0,745.0,2322.0,3.88,135.0,3.86,17.0,0.0,11299.3263888889,0.0,68.0,151.7,,,,,,,-0.0299999999999727,99.0,13.962,740.4000000000001,40.29,14.218,0.0,0.0,0.0,0.0,0.0,0.0,0.0,0.0,0.0,0.0,0.0,741.9000000000001,-15.8,3.0,0.0,0.0,0.0,908.0,2857.0,0.0,53.6,1.0,0.0,825.6,0.0,0.0,0.7000000000000001,13.0,0.0,41.0,0.0,51.8,51.8,350.0,825.6,-50.0,0.0,0.0,0.0,0.0,400.0,0.0,0.0,0.0,0.0,0.0,0.0,68.5,744.2,4.44,5.6151625,13.9404767,,0.0,,,1.564722788087275,1.5492304832547277,187.9699248120301,0.00012105791138,116.79906015037594,0.2234399999999999,0.0,,0.0,10.0,5.999999999999998,5.999999999999998,66.5,,94.0,,12.0,14.000000000000002,7.000000000000001,5.999999999999998,43.084538638103474,,,,40.31999999999997
783.0,13.6,3.4,744.2,0.0,0.0,0.0,23.0,44.6,50.0,46.4,48.2,46.4,2.53028,42.8,60.8,11299.326944444443,40677577.0,0.0,0.0,5.16805555555556,4.13444444444444,3.87604166666667,25036.3,24774.8,18454.0,17867.2,1880.0,3324.0,0.0,0.0,744.0,2322.0,3.86,16.0,3.86,93.0,0.0,11299.3269444444,0.0,68.0,151.7,37.4,52.0,116.6,102.2,70.7,32.0,-0.0299999999999727,99.0,13.962,740.4000000000001,40.29,14.218,0.0,0.0,0.0,0.0,0.0,0.0,0.0,0.0,0.0,0.0,0.0,741.5,-15.8,3.0,0.0,0.0,0.0,908.0,2857.0,0.0,53.6,1.0,0.0,825.6,0.0,0.0,0.7000000000000001,13.0,0.0,41.0,0.0,51.8,51.8,350.0,825.6,-50.0,0.0,0.0,0.0,0.0,400.0,0.0,0.0,0.0,0.0,0.0,0.0,68.5,744.2,4.44,5.6151625,13.9404767,22.932724087215348,0.0,4.275067356637239,32.66406063588642,1.5660862223200456,1.5505804181386589,187.9699248120301,0.0013499348839311,116.79906015037594,2.5302800000000003,0.0,0.0222847263479456,0.0,10.0,5.999999999999998,5.999999999999998,66.5,21.5,95.0,0.0,12.0,14.000000000000002,7.000000000000001,5.999999999999998,43.084538638103474,41.99102242901455,6.878580567957621,122.10191292974031,40.31999999999997
784.0,13.6,3.4,744.2,0.0,0.0,0.0,23.0,44.6,50.0,46.4,48.2,46.4,2.53028,42.8,60.8,11299.326944444443,40677577.0,0.0,0.0,5.16805555555556,4.13444444444444,3.87604166666667,25036.3,24774.8,18454.0,17867.2,1880.0,3324.0,0.0,0.0,744.0,2322.0,3.86,16.0,3.86,93.0,0.0,11299.3269444444,0.0,68.0,151.7,37.4,52.0,116.6,102.2,70.7,32.0,-0.0299999999999727,99.0,13.962,740.4000000000001,40.29,14.218,0.0,0.0,0.0,0.0,0.0,0.0,0.0,0.0,0.0,0.0,0.0,743.5,-15.8,3.0,0.0,0.0,0.0,908.0,2857.0,0.0,53.6,1.0,0.0,825.6,0.0,0.0,0.7000000000000001,13.0,0.0,41.0,0.0,51.8,51.8,350.0,825.6,-50.0,0.0,0.0,0.0,0.0,400.0,0.0,0.0,0.0,0.0,0.0,0.0,68.5,744.9000000000001,4.439,9.1307425,13.9707513,22.932724087215348,0.0,4.275067356637239,32.66406063588642,1.5660862223200456,1.5505804181386589,187.9699248120301,0.0013499348839311,116.79906015037594,2.5302800000000003,0.0,0.0222847263479456,0.0,10.0,5.999999999999998,5.999999999999998,66.5,21.5,95.0,0.0,12.0,14.000000000000002,7.000000000000001,5.999999999999998,42.24096899109202,41.99102242901455,6.878580567957621,122.10191292974031,40.31999999999997
785.0,13.6,-1.6,745.2,0.0,0.0,0.0,23.0,44.6,50.0,46.4,48.2,46.4,-1.19232,42.8,60.8,11299.3275,40677579.0,0.0,0.0,5.175,4.14,3.88125,25036.3,24774.8,18454.0,17867.2,1880.0,3282.0,0.0,0.0,745.0,2318.0,3.88,16.0,3.86,17.0,0.0,11299.3275,0.0,68.0,152.60000000000002,37.4,52.0,116.6,102.2,70.7,32.0,2.6299999999999955,99.0,13.987,741.7,35.03,14.219,0.0,0.0,0.0,0.0,0.0,0.0,0.0,0.0,0.0,0.0,0.0,743.5,-15.8,3.0,0.0,0.0,0.0,908.0,2857.0,0.0,53.6,1.0,0.0,825.6,0.0,0.0,0.7000000000000001,13.0,0.0,41.0,0.0,51.8,51.8,350.0,825.6,-50.0,0.0,0.0,0.0,0.0,400.0,0.0,0.0,0.0,0.0,0.0,0.0,68.5,744.9000000000001,4.439,9.1307425,13.9707513,22.932724087215348,0.0,4.275067356637239,32.66406063588642,1.565468546815228,1.549968858232899,-71.86536334280393,-0.00061155990576,-44.65505268568142,-1.1923200000000005,0.0,0.0222847263479456,0.0,10.0,5.999999999999998,5.999999999999998,67.00000000000001,21.5,96.0,0.0,12.0,14.000000000000002,7.000000000000001,5.999999999999998,42.24096899109202,41.99102242901455,6.878580567957621,122.10191292974031,32.400000000000006
786.0,13.6,-1.6,745.2,0.0,0.0,0.0,23.0,44.6,50.0,46.4,48.2,46.4,-1.19232,42.8,60.8,11299.3275,40677579.0,0.0,0.0,5.175,4.14,3.88125,25036.3,24774.8,18454.0,17867.2,1880.0,3282.0,0.0,0.0,745.0,2318.0,3.88,16.0,3.86,17.0,0.0,11299.3275,0.0,68.0,152.60000000000002,37.4,52.0,116.6,102.2,70.7,32.0,2.6299999999999955,99.0,13.987,741.7,35.03,14.219,0.0,0.0,0.0,0.0,0.0,0.0,0.0,0.0,0.0,0.0,0.0,743.5,13.7,3.0,0.0,0.0,0.0,908.0,2857.0,0.0,53.6,1.0,0.0,825.6,0.0,0.0,0.7000000000000001,13.0,0.0,41.0,0.0,51.8,51.8,350.0,825.6,-50.0,0.0,0.0,0.0,0.0,400.0,0.0,0.0,0.0,0.0,0.0,0.0,68.5,744.7,4.441,7.128815,13.9697747,22.932724087215348,0.0,4.275067356637239,32.66406063588642,1.565468546815228,1.549968858232899,-71.86536334280393,-0.00061155990576,-44.65505268568142,-1.1923200000000005,0.0,0.0222847263479456,0.0,10.0,5.999999999999998,5.999999999999998,67.00000000000001,21.5,96.0,0.0,12.0,14.000000000000002,7.000000000000001,5.999999999999998,41.39739934408056,41.99102242901455,6.878580567957621,122.10191292974031,32.400000000000006
787.0,13.6,5.3,744.0,0.0,0.0,0.0,23.0,44.6,50.0,46.4,48.2,46.4,3.9432,42.8,60.8,11299.328055555556,40677581.0,0.0,0.0,5.16666666666667,4.13333333333333,3.875,25036.3,24774.8,18454.0,17867.2,1880.0,3264.0,0.0,0.0,744.0,2318.0,3.86,16.0,3.86,154.0,0.0,11299.3280555556,0.0,68.0,153.5,37.4,52.0,116.6,102.2,70.7,32.0,2.6299999999999955,99.0,13.987,741.7,35.03,14.219,0.0,0.0,0.0,0.0,0.0,0.0,0.0,0.0,0.0,0.0,0.0,740.7,13.7,3.0,0.0,0.0,0.0,908.0,2857.0,0.0,53.6,1.0,0.0,825.6,0.0,0.0,0.7000000000000001,13.0,0.0,41.0,0.0,51.8,51.8,350.0,825.6,-50.0,0.0,0.0,0.0,0.0,400.0,0.0,0.0,0.0,0.0,0.0,0.0,68.5,744.7,4.441,7.128815,13.9697747,22.94762691063524,0.0,4.303057643362761,32.69205092261195,1.567807832453303,1.5522849826270324,10.651247717589772,0.0023161243941333,6.618376445526476,3.9432,0.0,0.0222847263479456,0.0,10.0,5.999999999999998,5.999999999999998,67.5,21.5,96.0,0.0,12.0,14.000000000000002,7.000000000000001,5.999999999999998,41.39739934408056,40.99123618070468,6.923617412558917,122.14694930108166,32.400000000000006
788.0,13.6,5.1,744.0,0.0,0.0,0.0,23.0,44.6,50.0,46.4,48.2,46.4,3.7944,42.8,60.8,11299.328611111112,40677583.0,0.0,0.0,5.16666666666667,4.13333333333333,3.875,25036.3,24774.8,18454.0,17867.2,1900.0,3287.0,0.0,0.0,744.0,2318.0,3.86,16.0,3.86,93.0,0.0,11299.3286111111,0.0,68.0,153.5,37.4,52.0,116.6,102.2,70.7,32.0,2.6299999999999955,99.0,13.987,741.7,35.03,14.219,0.0,0.0,0.0,0.0,0.0,0.0,0.0,0.0,0.0,0.0,0.0,741.1,13.7,3.0,0.0,0.0,0.0,908.0,2857.0,0.0,53.6,1.0,0.0,825.6,0.0,0.0,0.7000000000000001,13.0,0.0,41.0,0.0,51.8,51.8,350.0,825.6,-50.0,0.0,0.0,0.0,0.0,400.0,0.0,0.0,0.0,0.0,0.0,0.0,68.5,744.0,4.439,7.128815,13.9697747,22.94762691063524,0.0,4.303057643362761,32.69205092261195,1.5695267047387829,1.5539868363750324,10.80539742778832,0.0017018537479999,6.714160605102258,3.7944,0.0,,0.0,10.0,5.999999999999998,5.999999999999998,67.5,21.5,96.0,0.0,12.0,14.000000000000002,7.000000000000001,5.999999999999998,41.39739934408056,40.99123618070468,6.923617412558917,122.14694930108166,32.400000000000006
789.0,13.6,5.1,744.0,0.0,0.0,0.0,23.0,44.6,50.0,46.4,48.2,46.4,3.7944,42.8,60.8,11299.328611111112,40677583.0,0.0,0.0,5.16666666666667,4.13333333333333,3.875,25036.3,24774.8,18454.0,17867.2,1900.0,3287.0,0.0,0.0,744.0,2318.0,3.86,16.0,3.86,93.0,0.0,11299.3286111111,0.0,68.0,153.5,37.4,52.0,116.6,102.2,70.7,32.0,1.9399999999999975,99.0,13.983,740.5,38.82,14.21,0.0,0.0,0.0,0.0,0.0,0.0,0.0,0.0,0.0,0.0,0.0,741.1,-1.5,3.0,0.0,0.0,0.0,908.0,2857.0,0.0,53.6,1.0,0.0,825.6,0.0,0.0,0.7000000000000001,13.0,0.0,41.0,0.0,51.8,51.8,350.0,825.6,-50.0,0.0,0.0,0.0,0.0,400.0,0.0,0.0,0.0,0.0,0.0,0.0,68.5,744.0,4.439,7.128815,13.9697747,22.94762691063524,0.0,4.303057643362761,32.69205092261195,1.5695267047387829,1.5539868363750324,10.80539742778832,0.0017018537479999,6.714160605102258,3.7944,0.0,,0.0,10.0,5.999999999999998,5.999999999999998,67.5,21.5,96.0,0.0,12.0,14.000000000000002,7.000000000000001,5.999999999999998,41.39739934408056,40.99123618070468,6.923617412558917,122.14694930108166,36.88
790.0,13.6,5.1,744.0,0.0,0.0,0.0,23.0,44.6,50.0,46.4,48.2,46.4,3.7944,42.8,60.8,11299.328611111112,40677583.0,0.0,0.0,5.16666666666667,4.13333333333333,3.875,25036.3,24774.8,18454.0,17867.2,1880.0,3287.0,0.0,0.0,744.0,2318.0,3.86,16.0,3.86,93.0,0.0,11299.3286111111,0.0,68.0,153.5,37.4,52.0,116.6,102.2,70.7,32.0,1.9399999999999975,99.0,13.983,740.5,38.82,14.21,0.0,0.0,0.0,0.0,0.0,0.0,0.0,0.0,0.0,0.0,0.0,740.9000000000001,-1.5,3.0,0.0,0.0,0.0,908.0,2857.0,0.0,53.6,1.0,0.0,825.6,0.0,0.0,0.7000000000000001,13.0,0.0,41.0,0.0,51.8,51.8,350.0,825.6,-50.0,0.0,0.0,0.0,0.0,400.0,0.0,0.0,0.0,0.0,0.0,0.0,68.5,744.0,4.439,7.128815,13.9697747,22.94762691063524,0.0,4.303057643362761,32.69205092261195,1.5695267047387829,1.5539868363750324,10.80539742778832,0.0017018537479999,6.714160605102258,3.7944,0.0,,0.0,10.0,5.999999999999998,5.999999999999998,67.5,21.5,96.0,0.0,12.0,14.000000000000002,7.000000000000001,5.999999999999998,41.39739934408056,40.99123618070468,6.923617412558917,122.14694930108166,36.88
791.0,13.6,1.0,744.8,0.0,0.0,0.0,23.0,44.6,50.0,46.4,48.2,46.4,0.7448,42.8,60.8,11299.329166666666,40677585.0,0.0,0.0,5.17222222222222,4.13777777777778,3.87916666666667,25036.3,24774.8,18454.0,17867.2,1880.0,3291.0,0.0,0.0,745.0,2318.0,3.88,3.0,3.86,17.0,0.0,11299.3291666667,0.0,68.0,154.4,37.4,52.0,117.5,102.2,70.7,32.0,1.8700000000000043,99.0,13.983,741.8000000000001,34.7,14.208,0.0,0.0,0.0,0.0,0.0,0.0,0.0,0.0,0.0,0.0,0.0,740.9000000000001,-1.7000000000000002,3.0,0.0,0.0,0.0,908.0,2857.0,0.0,53.6,1.0,0.0,825.6,0.0,0.0,0.7000000000000001,13.0,0.0,41.0,0.0,51.8,51.8,350.0,825.6,-50.0,0.0,0.0,0.0,0.0,400.0,0.0,0.0,0.0,0.0,0.0,0.0,68.5,744.0,4.439,,,22.961487610005086,0.0,4.32938886900501,32.71838214825419,1.5699633882550652,1.5544191962921436,55.048335123523096,0.0004323599171111,34.20543904403868,0.7447999999999999,0.0,0.0018252857529144,0.0,10.0,5.999999999999998,5.999999999999998,68.0,21.5,97.0,0.0,12.0,14.000000000000002,7.000000000000001,5.999999999999998,,40.99123618070468,6.965984032241774,122.18931624314004,32.83
792.0,13.6,1.0,744.8,0.0,0.0,0.0,23.0,44.6,50.0,46.4,48.2,46.4,0.7448,42.8,60.8,11299.329166666666,40677585.0,0.0,0.0,5.17222222222222,4.13777777777778,3.87916666666667,25036.3,24774.8,18454.0,17867.2,1900.0,3291.0,0.0,0.0,745.0,2318.0,3.88,3.0,3.86,17.0,0.0,11299.3291666667,0.0,68.0,154.4,37.4,52.0,117.5,102.2,70.7,32.0,1.8700000000000043,99.0,13.983,741.8000000000001,34.7,14.208,0.0,0.0,0.0,0.0,0.0,0.0,0.0,0.0,0.0,0.0,0.0,745.7,-1.7000000000000002,3.0,,,0.0,908.0,2857.0,0.0,,,0.0,825.6,,0.0,0.7000000000000001,13.0,0.0,41.0,0.0,,,350.0,825.6,,,,,,,,,,,0.0,0.0,68.5,744.0,4.439,,,22.961487610005086,,4.32938886900501,32.71838214825419,1.5699633882550652,1.5544191962921436,55.048335123523096,0.0004323599171111,34.20543904403868,0.7447999999999999,,0.0018252857529144,0.0,10.0,5.999999999999998,5.999999999999998,68.0,21.5,97.0,0.0,12.0,14.000000000000002,7.000000000000001,5.999999999999998,,40.99123618070468,6.965984032241774,122.18931624314004,32.83
793.0,13.6,-15.4,747.9,0.0,0.0,0.0,23.0,44.6,50.0,46.4,48.2,46.4,-11.51766,42.8,60.8,11299.329722222225,40677587.0,0.0,0.0,5.19375,4.155,3.8953125,25036.3,24774.8,18454.0,17867.2,1900.0,3129.0,0.0,0.0,748.0,2318.0,3.88,148.0,3.88,17.0,0.0,11299.3297222222,0.0,68.0,154.4,37.4,52.0,117.5,103.1,70.7,32.0,1.7200000000000273,99.0,13.982,745.4000000000001,38.56,14.2,0.0,0.0,0.0,0.0,0.0,0.0,0.0,0.0,0.0,0.0,0.0,745.7,-18.4,3.0,,,0.0,908.0,2857.0,0.0,,,0.0,825.6,,0.0,0.7000000000000001,13.0,0.0,41.0,0.0,,,350.0,825.6,,,,,,,,,,,0.0,0.0,68.5,744.0,4.439,,,22.96532076028152,,4.34320008649487,32.73219336574405,1.5633490701381931,1.5478703664734583,-3.5597508521696253,-0.006548829818685,-2.2119259467634924,-11.51766,,-0.0054419176461804,0.0,10.0,5.999999999999998,5.999999999999998,68.0,21.5,98.0,0.0,12.0,14.000000000000002,7.000000000000001,5.999999999999998,,38.99166368408494,6.988205944588253,122.21153849208123,36.839999999999975
794.0,13.6,-15.4,747.9,0.0,0.0,0.0,23.0,44.6,50.0,46.4,48.2,46.4,-11.51766,42.8,60.8,11299.329722222225,40677587.0,0.0,0.0,5.19375,4.155,3.8953125,25036.3,24774.8,18454.0,17867.2,1900.0,3129.0,0.0,0.0,748.0,2318.0,3.88,148.0,3.88,17.0,0.0,11299.3297222222,0.0,68.0,154.4,37.4,52.0,117.5,103.1,70.7,32.0,1.7200000000000273,99.0,13.982,745.4000000000001,38.56,14.2,0.0,0.0,0.0,0.0,0.0,0.0,0.0,0.0,0.0,0.0,0.0,747.6,-18.4,3.0,,,0.0,908.0,2857.0,0.0,,,0.0,825.6,,0.0,0.7000000000000001,13.0,0.0,41.0,0.0,,,350.0,825.6,,,,,,,,,,,0.0,0.0,68.5,744.0,4.439,,,22.96532076028152,,4.34320008649487,32.73219336574405,1.5633490701381931,1.5478703664734583,-3.5597508521696253,-0.006548829818685,-2.2119259467634924,-11.51766,,-0.0054419176461804,0.0,10.0,5.999999999999998,5.999999999999998,68.0,21.5,98.0,0.0,12.0,14.000000000000002,7.000000000000001,5.999999999999998,,38.99166368408494,6.988205944588253,122.21153849208123,36.839999999999975
795.0,13.6,-30.1,750.9,0.0,0.0,0.0,23.0,44.6,50.0,46.4,48.2,46.4,-22.60209,42.8,60.8,11299.330277777775,40677589.0,0.0,0.0,5.21458333333333,4.17166666666667,3.9109375,25036.3,24774.8,18454.0,17867.2,1880.0,2658.0,0.0,0.0,751.0,2323.0,3.9,148.0,3.9,17.0,0.0,11299.3302777778,0.0,68.0,155.3,37.4,52.0,117.5,103.1,70.7,32.0,0.3299999999999841,99.0,13.967,745.8000000000001,46.28,14.218,0.0,0.0,0.0,0.0,0.0,0.0,0.0,0.0,0.0,0.0,0.0,747.6,-28.3,3.0,,,,,,,,,,,,,,,,,,,,,,,,,,,,,,,,,,,,,0.0,13.9126436,22.957824432308488,,4.355053363357989,32.744046642607174,1.5500535871015768,1.5347065218827494,-1.7255041458555382,-0.0131638445907091,-1.0721782366144017,-22.60209,,-0.0215770149983098,0.0,10.0,5.999999999999998,5.999999999999998,68.5,21.5,99.0,0.0,12.0,14.000000000000002,7.000000000000001,5.999999999999998,31.883808325006957,32.992946194225716,7.007277429154636,122.230610414554,45.95000000000002
796.0,13.6,-30.1,750.9,0.0,0.0,0.0,23.0,44.6,50.0,46.4,48.2,46.4,-22.60209,42.8,60.8,11299.330277777775,40677589.0,0.0,0.0,5.21458333333333,4.17166666666667,3.9109375,25036.3,24774.8,18454.0,17867.2,1880.0,2658.0,0.0,0.0,751.0,2323.0,3.9,148.0,3.9,17.0,0.0,11299.3302777778,0.0,68.0,155.3,37.4,52.0,117.5,103.1,70.7,32.0,0.3299999999999841,99.0,13.967,745.8000000000001,46.28,14.218,0.0,0.0,0.0,0.0,0.0,0.0,0.0,0.0,0.0,0.0,0.0,747.6,-28.3,3.0,0.0,0.0,0.0,908.0,2857.0,0.0,53.6,1.0,0.0,825.6,0.0,0.0,0.7000000000000001,13.0,0.0,41.0,0.0,51.8,51.8,350.0,825.6,-50.0,0.0,0.0,0.0,0.0,400.0,0.0,0.0,0.0,0.0,0.0,0.0,68.5,749.6,4.44,0.0,13.9126436,22.957824432308488,0.0,4.355053363357989,32.744046642607174,1.5500535871015768,1.5347065218827494,-1.7255041458555382,-0.0131638445907091,-1.0721782366144017,-22.60209,0.0,-0.0215770149983098,0.0,10.0,5.999999999999998,5.999999999999998,68.5,21.5,99.0,0.0,12.0,14.000000000000002,7.000000000000001,5.999999999999998,31.883808325006957,32.992946194225716,7.007277429154636,122.230610414554,45.95000000000002
797.0,13.5,-28.2,750.8,0.0,0.0,0.0,23.0,44.6,50.0,46.4,48.2,46.4,-21.17256,42.8,60.8,11299.330833333332,40677591.0,0.0,0.0,5.21388888888889,4.17111111111111,3.91041666666667,25036.4,24774.8,18454.0,17867.2,1880.0,2020.0,0.0,0.0,751.0,2323.0,3.9,148.0,3.9,17.0,0.0,11299.3308333333,0.0,68.0,156.2,37.4,52.0,117.5,103.1,70.7,32.0,0.3299999999999841,99.0,13.967,745.8000000000001,46.28,14.218,0.0,0.0,0.0,0.0,0.0,0.0,0.0,0.0,0.0,0.0,0.0,747.6,-28.3,3.0,0.0,0.0,0.0,908.0,2857.0,0.0,53.6,1.0,0.0,825.6,0.0,0.0,0.7000000000000001,13.0,0.0,41.0,0.0,51.8,51.8,350.0,825.6,-50.0,0.0,0.0,0.0,0.0,400.0,0.0,0.0,0.0,0.0,0.0,0.0,68.5,749.6,4.44,0.0,13.9126436,22.93246762724676,0.0,4.363998001670246,32.75299128091943,1.537651741561468,1.5224274668925426,-1.5586211587073082,-0.0122790549902066,-0.9684819880071188,-21.172559999999997,0.0,-0.0481145012026626,0.0,10.0,5.999999999999998,5.999999999999998,69.0,21.5,100.0,0.0,12.0,14.000000000000002,7.000000000000001,5.999999999999998,31.883808325006957,23.99486995943689,7.0216695561554525,122.24500233759842,45.95000000000002
798.0,13.5,-28.2,750.8,0.0,0.0,0.0,23.0,44.6,50.0,46.4,48.2,46.4,-21.17256,42.8,60.8,11299.330833333332,40677591.0,0.0,0.0,5.21388888888889,4.17111111111111,3.91041666666667,25036.4,24774.8,18454.0,17867.2,1880.0,2020.0,0.0,0.0,751.0,2323.0,3.9,148.0,3.9,17.0,0.0,11299.3308333333,0.0,68.0,156.2,37.4,52.0,117.5,103.1,70.7,32.0,0.3299999999999841,99.0,13.967,745.8000000000001,46.28,14.218,0.0,0.0,0.0,0.0,0.0,0.0,0.0,0.0,0.0,0.0,0.0,744.8000000000001,-28.3,3.0,0.0,0.0,0.0,908.0,2857.0,0.0,53.6,1.0,0.0,825.6,0.0,0.0,0.7000000000000001,13.0,0.0,41.0,0.0,51.8,51.8,350.0,825.6,-50.0,0.0,0.0,0.0,0.0,400.0,0.0,0.0,0.0,0.0,0.0,0.0,68.5,747.4000000000001,4.441,0.0,13.9126436,22.93246762724676,0.0,4.363998001670246,32.75299128091943,1.537651741561468,1.5224274668925426,-1.5586211587073082,-0.0122790549902066,-0.9684819880071188,-21.172559999999997,0.0,-0.0481145012026626,0.0,10.0,5.999999999999998,5.999999999999998,69.0,21.5,100.0,0.0,12.0,14.000000000000002,7.000000000000001,5.999999999999998,31.883808325006957,23.99486995943689,7.0216695561554525,122.24500233759842,45.95000000000002
799.0,13.5,-11.8,747.9,0.0,0.0,0.0,23.0,44.6,50.0,46.4,48.2,46.4,-8.82522,42.8,60.8,11299.33138888889,40677593.0,0.0,0.0,5.19375,4.155,3.8953125,25036.4,24774.8,18454.0,17867.2,1880.0,1608.0,0.0,0.0,748.0,2323.0,3.88,2.0,3.88,17.0,0.0,11299.3313888889,0.0,68.0,156.2,37.4,52.0,117.5,103.1,70.7,32.0,-0.3000000000000113,99.0,13.952,744.9000000000001,44.29,14.23,0.0,0.0,0.0,0.0,0.0,0.0,0.0,0.0,0.0,0.0,0.0,744.8000000000001,-11.9,3.0,0.0,0.0,0.0,908.0,2857.0,0.0,53.6,1.0,0.0,825.6,0.0,0.0,0.7000000000000001,13.0,0.0,41.0,0.0,51.8,51.8,350.0,825.6,-50.0,0.0,0.0,0.0,0.0,400.0,0.0,0.0,0.0,0.0,0.0,0.0,68.5,747.4000000000001,4.441,0.0,13.9126436,22.903876816911545,0.0,4.369786074325936,32.75877935357512,1.5331269845267417,1.5179475094324175,-2.7194789478335943,-0.004479957460125,-1.6898053532943085,-8.825220000000002,0.0,-0.0772875374299962,0.0,10.0,5.999999999999998,5.999999999999998,69.0,21.5,100.0,0.0,12.0,14.000000000000002,7.000000000000001,5.999999999999998,31.883808325006957,18.995938717887533,7.03098241325758,122.25431534650143,44.59000000000001
800.0,13.5,-11.8,747.9,0.0,0.0,0.0,23.0,44.6,50.0,46.4,48.2,46.4,-8.82522,42.8,60.8,11299.33138888889,40677593.0,0.0,0.0,5.19375,4.155,3.8953125,25036.4,24774.8,18454.0,17867.2,1900.0,1608.0,0.0,0.0,748.0,2323.0,3.88,2.0,3.88,17.0,0.0,11299.3313888889,0.0,68.0,156.2,37.4,52.0,117.5,103.1,70.7,32.0,-0.3000000000000113,99.0,13.952,744.9000000000001,44.29,14.23,0.0,0.0,0.0,0.0,0.0,0.0,0.0,0.0,0.0,0.0,0.0,745.0,-11.9,3.0,0.0,0.0,0.0,908.0,2857.0,0.0,53.6,1.0,0.0,825.6,0.0,0.0,0.7000000000000001,13.0,0.0,41.0,0.0,51.8,51.8,350.0,825.6,-50.0,0.0,0.0,0.0,0.0,400.0,0.0,0.0,0.0,0.0,0.0,0.0,68.5,748.8000000000001,4.44,0.0,13.9126436,22.903876816911545,0.0,4.369786074325936,32.75877935357512,1.5331269845267417,1.5179475094324175,-2.7194789478335943,-0.004479957460125,-1.6898053532943085,-8.825220000000002,0.0,-0.0772875374299962,0.0,10.0,5.999999999999998,5.999999999999998,69.0,21.5,100.0,0.0,12.0,14.000000000000002,7.000000000000001,5.999999999999998,31.883808325006957,18.995938717887533,7.03098241325758,122.25431534650143,44.59000000000001
801.0,13.5,-8.7,747.5,0.0,0.0,0.0,23.0,44.6,50.0,46.4,48.2,46.4,-6.50325,42.8,60.8,11299.331944444444,40677595.0,0.0,0.0,5.19097222222222,4.15277777777778,3.89322916666667,25036.4,24774.8,18454.0,17867.2,1900.0,759.0,769.0,0.0,747.0,2323.0,3.88,2.0,3.88,17.0,0.0,11299.3319444444,0.0,68.0,156.2,37.4,52.0,117.5,103.1,70.7,32.0,0.1800000000000068,99.0,13.957,742.6,44.11,14.237,0.0,0.0,0.0,0.0,0.0,0.0,0.0,0.0,0.0,0.0,0.0,745.0,-164.4,3.0,,,0.0,908.0,2857.0,0.0,,,0.0,825.6,,0.0,0.7000000000000001,13.0,0.0,41.0,0.0,,,350.0,825.6,,,,,,,,,,,0.0,0.0,68.5,748.8000000000001,4.44,21.386445,13.9595204,22.85234243883776,,4.372519486200589,32.76151276544977,1.5295684308336723,1.51442418894423,-2.9216161150194138,-0.0035233204881875,-1.815407527005728,-6.5032499999999995,,-0.1100078705507719,0.0,10.0,5.999999999999998,5.999999999999998,69.0,21.5,100.0,0.0,12.0,14.000000000000002,7.000000000000001,5.999999999999998,7.810830064920862,7.998289986478962,7.035380302555883,122.25871340620775,43.92999999999999
802.0,13.5,-8.7,747.5,0.0,0.0,0.0,23.0,44.6,50.0,46.4,48.2,46.4,-6.50325,42.8,60.8,11299.331944444444,40677595.0,0.0,0.0,5.19097222222222,4.15277777777778,3.89322916666667,25036.4,24774.8,18454.0,17867.2,1900.0,759.0,769.0,0.0,747.0,2323.0,3.88,2.0,3.88,17.0,0.0,11299.3319444444,0.0,68.0,156.2,37.4,52.0,117.5,103.1,70.7,32.0,0.1800000000000068,99.0,13.957,742.6,44.11,14.237,0.0,0.0,0.0,0.0,0.0,0.0,0.0,0.0,0.0,0.0,0.0,739.9000000000001,-164.4,3.0,0.0,0.0,0.0,908.0,2857.0,0.0,53.6,1.0,0.0,825.6,0.0,0.0,0.7000000000000001,13.0,0.0,41.0,0.0,51.8,51.8,350.0,825.6,-50.0,0.0,0.0,0.0,0.0,400.0,0.0,0.0,0.0,0.0,0.0,0.0,68.5,742.9000000000001,4.44,21.386445,13.9595204,22.85234243883776,0.0,4.372519486200589,32.76151276544977,1.5295684308336723,1.51442418894423,-2.9216161150194138,-0.0035233204881875,-1.815407527005728,-6.5032499999999995,0.0,-0.1100078705507719,0.0,10.0,5.999999999999998,5.999999999999998,69.0,21.5,100.0,0.0,12.0,14.000000000000002,7.000000000000001,5.999999999999998,7.810830064920862,7.998289986478962,7.035380302555883,122.25871340620775,43.92999999999999
803.0,13.6,21.8,741.8,0.0,0.0,0.0,23.0,44.6,50.0,46.4,48.2,46.4,16.17124,42.8,60.8,11299.3325,40677597.0,0.0,0.0,5.15138888888889,4.12111111111111,3.86354166666667,25036.4,24774.8,18454.0,17867.2,1880.0,1028.0,1066.0,0.0,742.0,2318.0,3.86,16.0,3.84,154.0,0.0,11299.3325,0.0,68.0,,37.4,52.0,118.4,103.1,70.7,32.0,3.9499999999999886,99.0,13.987,737.5,45.59,14.235,0.0,0.0,0.0,0.0,0.0,0.0,0.0,0.0,0.0,0.0,0.0,739.9000000000001,-195.7,3.0,0.0,0.0,0.0,908.0,2857.0,0.0,53.6,1.0,0.0,825.6,0.0,0.0,0.7000000000000001,13.0,0.0,41.0,0.0,51.8,51.8,350.0,825.6,-50.0,0.0,0.0,0.0,0.0,400.0,0.0,0.0,0.0,0.0,0.0,0.0,68.5,742.9000000000001,4.44,26.025057500000003,13.960497,22.809362924700824,0.0,4.377589253758053,32.76658253300724,1.5390926072939648,1.523854066627688,0.4947054152928285,0.0094298776834577,0.3073955986059201,16.17124,0.0,-0.1100078705507719,0.0,10.0,5.999999999999998,5.999999999999998,,21.5,,0.0,12.0,14.000000000000002,7.000000000000001,5.999999999999998,16.090309933736975,13.997007476338183,7.043537958359256,122.2668706622077,41.640000000000015
804.0,13.6,21.8,741.8,0.0,0.0,0.0,23.0,44.6,50.0,46.4,48.2,46.4,16.17124,42.8,60.8,11299.3325,40677597.0,0.0,0.0,5.15138888888889,4.12111111111111,3.86354166666667,25036.4,24774.8,18454.0,17867.2,1880.0,1028.0,1066.0,0.0,742.0,2318.0,3.86,16.0,3.84,154.0,0.0,11299.3325,0.0,68.0,,37.4,52.0,118.4,103.1,70.7,32.0,3.9499999999999886,99.0,13.987,737.5,45.59,14.235,0.0,0.0,0.0,0.0,0.0,0.0,0.0,0.0,0.0,0.0,0.0,737.1,-195.7,3.0,0.0,0.0,0.0,908.0,2857.0,0.0,53.6,1.0,0.0,825.6,0.0,0.0,0.7000000000000001,13.0,0.0,41.0,0.0,51.8,51.8,350.0,825.6,-50.0,0.0,0.0,0.0,0.0,400.0,0.0,0.0,0.0,0.0,0.0,0.0,68.5,740.8000000000001,4.442,26.025057500000003,13.960497,22.809362924700824,0.0,4.377589253758053,32.76658253300724,1.5390926072939648,1.523854066627688,0.4947054152928285,0.0094298776834577,0.3073955986059201,16.17124,0.0,-0.1100078705507719,0.0,10.0,5.999999999999998,5.999999999999998,,21.5,,0.0,12.0,14.000000000000002,7.000000000000001,5.999999999999998,16.090309933736975,13.997007476338183,7.043537958359256,122.2668706622077,41.640000000000015
805.0,13.6,27.8,740.3,0.0,0.0,0.0,23.0,44.6,50.0,46.4,48.2,46.4,20.58034,42.8,60.8,11299.333055555557,40677599.0,0.0,0.0,5.14097222222222,4.11277777777778,3.85572916666667,25036.4,24774.8,18454.0,17867.2,1900.0,1593.0,1612.0,0.0,740.0,2318.0,3.86,16.0,3.84,154.0,0.0,11299.3330555556,0.0,68.0,153.5,37.4,52.0,118.4,103.1,70.7,32.0,3.6100000000000136,99.0,13.992,736.1,35.56,14.234,0.0,0.0,0.0,0.0,0.0,0.0,0.0,0.0,0.0,0.0,0.0,737.1,-17.2,3.0,0.0,0.0,0.0,908.0,2857.0,0.0,53.6,1.0,0.0,825.6,0.0,0.0,0.7000000000000001,13.0,0.0,41.0,0.0,51.8,51.8,350.0,825.6,-50.0,0.0,0.0,0.0,0.0,400.0,0.0,0.0,0.0,0.0,0.0,0.0,68.5,740.8000000000001,4.442,26.025057500000003,13.960497,22.78179115011977,0.0,4.3846834486598265,32.77367672790901,1.5505475460582685,1.5351955901567012,0.6802608703257574,0.0113415235290133,0.4226943772551862,20.58034,0.0,,0.0,10.0,5.999999999999998,5.999999999999998,67.5,21.5,93.0,0.0,12.0,15.0,7.000000000000001,5.999999999999998,16.090309933736975,20.995511214507275,7.054952705166185,122.27828522180467,31.94999999999999
806.0,13.6,27.8,740.3,0.0,0.0,0.0,23.0,44.6,50.0,46.4,48.2,46.4,20.58034,42.8,60.8,11299.333055555557,40677599.0,0.0,0.0,5.14097222222222,4.11277777777778,3.85572916666667,25036.4,24774.8,18454.0,17867.2,1900.0,1593.0,1612.0,0.0,740.0,2318.0,3.86,16.0,3.84,154.0,0.0,11299.3330555556,0.0,68.0,153.5,37.4,52.0,118.4,103.1,70.7,32.0,3.6100000000000136,99.0,13.992,736.1,35.56,14.234,0.0,0.0,0.0,0.0,0.0,0.0,0.0,0.0,0.0,0.0,0.0,736.8000000000001,-17.2,3.0,0.0,0.0,0.0,908.0,2857.0,0.0,53.6,1.0,0.0,825.6,0.0,0.0,0.7000000000000001,13.0,0.0,41.0,0.0,51.8,51.8,350.0,825.6,-50.0,0.0,0.0,0.0,0.0,400.0,0.0,0.0,0.0,0.0,0.0,0.0,68.5,740.8000000000001,4.442,26.025057500000003,13.960497,22.78179115011977,0.0,4.3846834486598265,32.77367672790901,1.5505475460582685,1.5351955901567012,0.6802608703257574,0.0113415235290133,0.4226943772551862,20.58034,0.0,,0.0,10.0,5.999999999999998,5.999999999999998,67.5,21.5,93.0,0.0,12.0,15.0,7.000000000000001,5.999999999999998,16.090309933736975,20.995511214507275,7.054952705166185,122.27828522180467,31.94999999999999
807.0,13.6,26.5,740.2,0.0,0.0,0.0,23.0,44.6,50.0,46.4,48.2,46.4,19.6153,42.8,60.8,11299.333611111111,40677601.0,0.0,0.0,5.14027777777778,4.11222222222222,3.85520833333333,25036.4,24774.8,18454.0,17867.3,1900.0,2111.0,1590.0,0.0,740.0,2318.0,3.86,16.0,3.84,154.0,0.0,11299.3336111111,0.0,68.0,153.5,37.4,52.0,118.4,103.1,70.7,32.0,3.769999999999982,99.0,14.007,737.9000000000001,28.78,14.221,0.0,0.0,0.0,0.0,0.0,0.0,0.0,0.0,0.0,0.0,0.0,736.8000000000001,5.300000000000001,3.0,0.0,0.0,0.0,908.0,2857.0,0.0,53.6,1.0,0.0,825.6,0.0,0.0,0.7000000000000001,13.0,0.0,41.0,0.0,51.8,51.8,350.0,825.6,-50.0,0.0,0.0,0.0,0.0,400.0,0.0,0.0,0.0,0.0,0.0,0.0,68.5,740.8000000000001,4.442,26.025057500000003,13.960497,22.78179115011977,0.0,4.3846834486598265,32.77367672790901,1.5619433948478902,1.5464786087602873,1.0705928535377995,0.0112830186035861,0.665235351995636,19.6153,0.0,,0.0,10.0,5.999999999999998,5.999999999999998,67.5,21.5,93.0,0.0,12.0,15.0,7.000000000000001,5.999999999999998,16.090309933736975,20.995511214507275,7.054952705166185,122.27828522180467,25.01000000000002
808.0,13.6,26.5,740.2,0.0,0.0,0.0,23.0,44.6,50.0,46.4,48.2,46.4,19.6153,42.8,60.8,11299.333611111111,40677601.0,0.0,0.0,5.14027777777778,4.11222222222222,3.85520833333333,25036.4,24774.8,18454.0,17867.3,1900.0,2111.0,1590.0,0.0,740.0,2318.0,3.86,16.0,3.84,154.0,0.0,11299.3336111111,0.0,68.0,153.5,37.4,52.0,118.4,103.1,70.7,32.0,3.769999999999982,99.0,14.007,737.9000000000001,28.78,14.221,0.0,0.0,0.0,0.0,0.0,0.0,0.0,0.0,0.0,0.0,0.0,743.4000000000001,5.300000000000001,3.0,0.0,0.0,0.0,908.0,2857.0,0.0,53.6,1.0,0.0,825.6,0.0,0.0,0.7000000000000001,13.0,0.0,41.0,0.0,51.8,51.8,350.0,825.6,-50.0,0.0,0.0,0.0,0.0,400.0,0.0,0.0,0.0,0.0,0.0,0.0,68.5,744.4000000000001,4.44,7.9588825,13.991748199999998,22.78179115011977,0.0,4.3846834486598265,32.77367672790901,1.5619433948478902,1.5464786087602873,1.0705928535377995,0.0112830186035861,0.665235351995636,19.6153,0.0,,0.0,10.0,5.999999999999998,5.999999999999998,67.5,21.5,93.0,0.0,12.0,15.0,7.000000000000001,5.999999999999998,27.665960089949692,20.995511214507275,7.054952705166185,122.27828522180467,25.01000000000002
809.0,13.6,-7.4,746.5,0.0,0.0,0.0,23.0,44.6,50.0,46.4,48.2,46.4,-5.5241,42.8,60.8,11299.334166666667,40677603.0,0.0,0.0,5.18402777777778,4.14722222222222,3.88802083333333,25036.4,24774.9,18454.0,17867.3,1880.0,2028.0,240.0,0.0,746.0,2318.0,3.88,107.0,3.88,17.0,0.0,11299.3341666667,0.0,68.0,153.5,37.4,52.0,118.4,104.0,70.7,32.0,2.8799999999999955,99.0,14.015,741.5,32.5,14.214,0.0,0.0,0.0,0.0,0.0,0.0,0.0,0.0,0.0,0.0,0.0,743.4000000000001,5.300000000000001,3.0,0.0,0.0,0.0,908.0,2857.0,0.0,53.6,1.0,0.0,825.6,0.0,0.0,0.7000000000000001,13.0,0.0,41.0,0.0,51.8,51.8,350.0,825.6,-50.0,0.0,0.0,0.0,0.0,400.0,0.0,0.0,0.0,0.0,0.0,0.0,68.5,744.4000000000001,4.44,7.9588825,13.991748199999998,22.73791338755163,0.0,4.402894595561919,32.7918878748111,1.558779917179865,1.5433464526533318,-3.801524230191343,-0.0031321561069555,-2.362156912438225,-5.524100000000001,0.0,,0.0,10.0,5.999999999999998,5.999999999999998,67.5,21.5,93.0,0.0,12.0,15.0,7.000000000000001,5.999999999999998,27.665960089949692,24.994656207746758,7.08425423015996,122.30758695717013,29.620000000000005
810.0,13.6,-7.4,746.5,0.0,0.0,0.0,23.0,44.6,50.0,46.4,48.2,46.4,-5.5241,42.8,60.8,11299.334166666667,40677603.0,0.0,0.0,5.18402777777778,4.14722222222222,3.88802083333333,25036.4,24774.9,18454.0,17867.3,1880.0,2028.0,240.0,0.0,746.0,2318.0,3.88,107.0,3.88,17.0,0.0,11299.3341666667,0.0,68.0,,37.4,52.0,118.4,104.0,70.7,32.0,2.8799999999999955,99.0,14.015,741.5,32.5,14.214,0.0,0.0,0.0,0.0,0.0,0.0,0.0,0.0,0.0,0.0,0.0,743.4000000000001,3.1,3.0,0.0,0.0,0.0,908.0,2857.0,0.0,53.6,1.0,0.0,825.6,0.0,0.0,0.7000000000000001,13.0,0.0,41.0,0.0,51.8,51.8,350.0,825.6,-50.0,0.0,0.0,0.0,0.0,400.0,0.0,0.0,0.0,0.0,0.0,0.0,68.5,740.5,4.44,7.9588825,13.991748199999998,22.73791338755163,0.0,4.402894595561919,32.7918878748111,1.558779917179865,1.5433464526533318,-3.801524230191343,-0.0031321561069555,-2.362156912438225,-5.524100000000001,0.0,,0.0,10.0,5.999999999999998,5.999999999999998,,21.5,,0.0,12.0,15.0,7.000000000000001,5.999999999999998,27.665960089949692,24.994656207746758,7.08425423015996,122.30758695717013,29.620000000000005
811.0,13.6,6.5,743.5,0.0,0.0,0.0,23.0,44.6,50.0,46.4,48.2,46.4,4.83275,42.8,60.8,11299.334722222222,40677605.0,0.0,0.0,5.16319444444444,4.13055555555556,3.87239583333333,25036.4,24774.9,18454.0,17867.3,1880.0,2156.0,36.0,0.0,744.0,2318.0,3.86,16.0,3.86,93.0,0.0,11299.3347222222,0.0,68.0,150.8,37.4,52.0,118.4,104.0,70.7,32.0,1.7200000000000273,99.0,14.005,742.3000000000001,27.04,14.189,0.0,0.0,0.0,0.0,0.0,0.0,0.0,0.0,0.0,0.0,0.0,737.7,3.1,3.0,0.0,0.0,0.0,908.0,2857.0,0.0,53.6,1.0,0.0,825.6,0.0,0.0,0.7000000000000001,13.0,0.0,41.0,0.0,51.8,51.8,350.0,825.6,-50.0,0.0,0.0,0.0,0.0,400.0,0.0,0.0,0.0,0.0,0.0,0.0,68.5,740.5,4.44,7.9588825,13.991748199999998,22.73791338755163,0.0,4.402894595561919,32.7918878748111,1.5618472340069562,1.5463834000068877,5.173038125290984,0.0030369473535555,3.214375872950184,4.83275,0.0,,0.0,10.0,5.999999999999998,5.999999999999998,66.0,21.5,89.0,0.0,12.0,15.0,7.000000000000001,5.999999999999998,27.665960089949692,24.994656207746758,7.08425423015996,122.30758695717013,25.319999999999972
812.0,13.6,6.5,743.5,0.0,0.0,0.0,23.0,44.6,50.0,46.4,48.2,46.4,4.83275,42.8,60.8,11299.334722222222,40677605.0,0.0,0.0,5.16319444444444,4.13055555555556,3.87239583333333,25036.4,24774.9,18454.0,17867.3,1880.0,2156.0,36.0,0.0,744.0,2318.0,3.86,16.0,3.86,93.0,0.0,11299.3347222222,0.0,68.0,150.8,37.4,52.0,118.4,104.0,70.7,32.0,1.7200000000000273,99.0,14.005,742.3000000000001,27.04,14.189,0.0,0.0,0.0,0.0,0.0,0.0,0.0,0.0,0.0,0.0,0.0,737.7,0.3,3.0,0.0,0.0,0.0,908.0,2857.0,0.0,51.8,1.0,0.0,825.6,0.0,0.0,0.7000000000000001,13.0,0.0,41.0,0.0,51.8,51.8,350.0,825.6,-50.0,0.0,0.0,0.0,0.0,400.0,0.0,0.0,0.0,0.0,0.0,0.0,68.5,742.6,4.441,,,22.73791338755163,0.0,4.402894595561919,32.7918878748111,1.5618472340069562,1.5463834000068877,5.173038125290984,0.0030369473535555,3.214375872950184,4.83275,0.0,,0.0,10.0,5.999999999999998,5.999999999999998,66.0,21.5,89.0,0.0,12.0,15.0,7.000000000000001,5.999999999999998,,24.994656207746758,7.08425423015996,122.30758695717013,25.319999999999972
813.0,13.6,17.7,741.8,0.0,0.0,0.0,23.0,44.6,50.0,46.4,48.2,46.4,13.12986,42.8,60.8,11299.335277777778,40677607.0,0.0,0.0,5.15138888888889,4.12111111111111,3.86354166666667,25036.4,24774.9,18454.0,17867.3,1900.0,2260.0,0.0,0.0,742.0,2251.0,3.86,16.0,3.84,152.0,0.0,11299.3352777778,0.0,68.0,150.8,37.4,52.0,118.4,104.0,70.7,32.0,-0.5199999999999818,99.0,13.979,738.2,35.47,14.196,0.0,0.0,0.0,0.0,0.0,0.0,0.0,0.0,0.0,0.0,0.0,738.6,0.3,3.0,0.0,0.0,0.0,908.0,2857.0,0.0,51.8,1.0,0.0,825.6,0.0,0.0,0.7000000000000001,13.0,0.0,41.0,0.0,51.8,51.8,350.0,825.6,-50.0,0.0,0.0,0.0,0.0,400.0,0.0,0.0,0.0,0.0,0.0,0.0,68.5,742.6,4.441,,,22.73791338755163,0.0,4.402894595561919,32.7918878748111,1.568895142336464,1.553361527065806,1.9040568597075676,0.0069781270589183,1.183125714973351,13.12986,0.0,,0.0,10.0,5.999999999999998,5.999999999999998,66.0,21.5,89.0,0.0,12.0,14.000000000000002,7.000000000000001,5.999999999999998,,24.994656207746758,7.08425423015996,122.30758695717013,35.98999999999998
814.0,13.6,17.7,741.8,0.0,0.0,0.0,23.0,44.6,50.0,46.4,48.2,46.4,13.12986,42.8,60.8,11299.335277777778,40677607.0,0.0,0.0,5.15138888888889,4.12111111111111,3.86354166666667,25036.4,24774.9,18454.0,17867.3,1900.0,2260.0,0.0,0.0,742.0,2251.0,3.86,16.0,3.84,152.0,0.0,11299.3352777778,0.0,68.0,150.8,,,,,,,-0.5199999999999818,99.0,13.979,738.2,35.47,14.196,0.0,0.0,0.0,0.0,0.0,0.0,0.0,0.0,0.0,0.0,0.0,738.6,-1.8,3.0,0.0,0.0,0.0,908.0,2857.0,0.0,53.6,1.0,0.0,825.6,0.0,0.0,0.7000000000000001,13.0,0.0,41.0,0.0,51.8,51.8,350.0,825.6,-50.0,0.0,0.0,0.0,0.0,400.0,0.0,0.0,0.0,0.0,0.0,0.0,68.5,742.8000000000001,4.442,0.0,13.960497,,0.0,,,1.568895142336464,1.553361527065806,1.9040568597075676,0.0069781270589183,1.183125714973351,13.12986,0.0,,0.0,10.0,5.999999999999998,5.999999999999998,66.0,,89.0,,12.0,14.000000000000002,7.000000000000001,5.999999999999998,29.46245100488149,,,,35.98999999999998
815.0,13.6,9.2,743.3,0.0,0.0,0.0,23.0,44.6,50.0,46.4,48.2,46.4,6.83836,42.8,60.8,11299.335833333333,40677609.0,0.0,0.0,5.16180555555556,4.12944444444444,3.87135416666667,25036.4,24774.9,18454.0,17867.3,1880.0,2357.0,0.0,0.0,743.0,2251.0,3.86,16.0,3.86,154.0,0.0,11299.3358333333,0.0,68.0,150.8,,,,,,,-1.0199999999999818,99.0,13.971,739.2,38.34,14.186,0.0,0.0,0.0,0.0,0.0,0.0,0.0,0.0,0.0,0.0,0.0,739.7,-1.8,3.0,0.0,0.0,0.0,908.0,2857.0,0.0,53.6,1.0,0.0,825.6,0.0,0.0,0.7000000000000001,13.0,0.0,41.0,0.0,51.8,51.8,350.0,825.6,-50.0,0.0,0.0,0.0,0.0,400.0,0.0,0.0,0.0,0.0,0.0,0.0,68.5,742.8000000000001,4.442,0.0,13.960497,,0.0,,,1.5727240602618466,1.557152534912719,1.9040568597075676,0.0037910078469133,1.183125714973351,6.838359999999999,0.0,,0.0,10.0,5.999999999999998,5.999999999999998,66.0,,89.0,,12.0,14.000000000000002,7.000000000000001,5.999999999999998,29.46245100488149,,,,39.359999999999985
816.0,13.6,9.2,743.3,0.0,0.0,0.0,23.0,44.6,50.0,46.4,48.2,46.4,6.83836,42.8,60.8,11299.335833333333,40677609.0,0.0,0.0,5.16180555555556,4.12944444444444,3.87135416666667,25036.4,24774.9,18454.0,17867.3,1880.0,2357.0,0.0,0.0,743.0,2251.0,3.86,16.0,3.86,154.0,0.0,11299.3358333333,0.0,68.0,,,,,,,,-1.0199999999999818,99.0,13.971,739.2,38.34,14.186,0.0,0.0,0.0,0.0,0.0,0.0,0.0,0.0,0.0,0.0,0.0,739.7,0.0,3.0,0.0,0.0,0.0,908.0,2857.0,0.0,53.6,1.0,0.0,825.6,0.0,0.0,0.7000000000000001,13.0,0.0,41.0,0.0,51.8,51.8,350.0,825.6,-50.0,0.0,0.0,0.0,0.0,400.0,0.0,0.0,0.0,0.0,0.0,0.0,68.5,742.8000000000001,4.442,0.0,13.960497,,0.0,,,1.5727240602618466,1.557152534912719,1.9040568597075676,0.0037910078469133,1.183125714973351,6.838359999999999,0.0,,0.0,10.0,5.999999999999998,5.999999999999998,,,,,12.0,14.000000000000002,7.000000000000001,5.999999999999998,30.024830769555788,,,,39.359999999999985
817.0,13.6,9.3,743.3,0.0,0.0,0.0,23.0,44.6,50.0,46.4,48.2,46.4,6.91269,42.8,60.8,11299.336388888889,40677611.0,0.0,0.0,5.16180555555556,4.12944444444444,3.87135416666667,25036.4,24774.9,18454.0,17867.3,1880.0,2388.0,0.0,0.0,743.0,2251.0,3.86,16.0,3.86,25.0,0.0,11299.3363888889,0.0,68.0,150.8,37.4,52.0,119.3,104.0,70.7,32.0,-1.0199999999999818,99.0,13.971,739.2,38.34,14.186,0.0,0.0,0.0,0.0,0.0,0.0,0.0,0.0,0.0,0.0,0.0,739.8000000000001,0.0,3.0,0.0,0.0,0.0,908.0,2857.0,0.0,53.6,1.0,0.0,825.6,0.0,0.0,0.7000000000000001,13.0,0.0,41.0,0.0,51.8,51.8,350.0,825.6,-50.0,0.0,0.0,0.0,0.0,400.0,0.0,0.0,0.0,0.0,0.0,0.0,68.5,743.5,4.44,0.0,13.960497,22.689870341911625,0.0,4.445726954585222,32.83472023383441,1.5770064259241157,1.561392500914966,1.9040568597075676,0.0042399660022466,1.183125714973351,6.91269,0.0,0.0376612195440893,0.0,10.0,5.999999999999998,5.999999999999998,66.0,21.5,92.0,0.0,12.0,14.000000000000002,7.000000000000001,5.999999999999998,30.024830769555788,29.99358744929611,7.153171350859449,122.3765042228386,39.359999999999985
818.0,13.6,9.3,743.3,0.0,0.0,0.0,23.0,44.6,50.0,46.4,48.2,46.4,6.91269,42.8,60.8,11299.336388888889,40677611.0,0.0,0.0,5.16180555555556,4.12944444444444,3.87135416666667,25036.4,24774.9,18454.0,17867.3,1880.0,2388.0,0.0,0.0,743.0,2251.0,3.86,16.0,3.86,25.0,0.0,11299.3363888889,0.0,68.0,150.8,37.4,52.0,119.3,104.0,70.7,32.0,-1.0199999999999818,99.0,13.971,739.2,38.34,14.186,0.0,0.0,0.0,0.0,0.0,0.0,0.0,0.0,0.0,0.0,0.0,739.8000000000001,0.0,3.0,0.0,0.0,0.0,908.0,2857.0,0.0,53.6,1.0,0.0,825.6,0.0,0.0,0.7000000000000001,13.0,0.0,41.0,0.0,51.8,51.8,350.0,825.6,-50.0,0.0,0.0,0.0,0.0,400.0,0.0,0.0,0.0,0.0,0.0,0.0,68.5,743.5,4.441,0.0,13.9805173,22.689870341911625,0.0,4.445726954585222,32.83472023383441,1.5770064259241157,1.561392500914966,,0.0042399660022466,,6.91269,0.0,0.0376612195440893,0.0,10.0,5.999999999999998,5.999999999999998,66.0,21.5,92.0,0.0,12.0,14.000000000000002,7.000000000000001,5.999999999999998,30.25915567150342,29.99358744929611,7.153171350859449,122.3765042228386,39.359999999999985
819.0,13.6,7.1,743.6,0.0,0.0,0.0,23.0,44.6,50.0,46.4,48.2,46.4,5.27956,42.8,60.8,11299.336944444443,40677613.0,0.0,0.0,5.16388888888889,4.13111111111111,3.87291666666667,25036.4,24774.9,18454.0,17867.3,1880.0,2400.0,0.0,0.0,744.0,2251.0,3.86,20.0,3.86,25.0,0.0,11299.3369444444,0.0,68.0,150.8,37.4,52.0,119.3,104.0,70.7,32.0,1.8500000000000227,99.0,14.0,740.7,26.89,14.182,0.0,0.0,0.0,0.0,0.0,0.0,0.0,0.0,0.0,0.0,0.0,740.7,0.0,3.0,0.0,0.0,0.0,908.0,2857.0,0.0,53.6,1.0,0.0,825.6,0.0,0.0,0.7000000000000001,13.0,0.0,41.0,0.0,51.8,51.8,350.0,825.6,-50.0,0.0,0.0,0.0,0.0,400.0,0.0,0.0,0.0,0.0,0.0,0.0,68.5,743.5,4.441,0.0,13.9805173,22.67923987764552,0.0,4.4553420524139025,32.84433533166309,1.5796867562402412,1.5640462933071697,18.883026034952092,0.0026537923922033,11.733364770364217,5.279559999999999,0.0,0.0278950024040572,0.0,10.0,5.999999999999998,5.999999999999998,66.0,21.5,93.0,0.0,12.0,14.000000000000002,7.000000000000001,5.999999999999998,30.25915567150342,29.99358744929611,7.168642184069028,122.39197491524494,25.039999999999978
820.0,13.6,7.1,743.6,0.0,0.0,0.0,23.0,44.6,50.0,46.4,48.2,46.4,5.27956,42.8,60.8,11299.336944444443,40677613.0,0.0,0.0,5.16388888888889,4.13111111111111,3.87291666666667,25036.4,24774.9,18454.0,17867.3,1880.0,2400.0,0.0,0.0,744.0,2251.0,3.86,20.0,3.86,25.0,0.0,11299.3369444444,0.0,68.0,150.8,37.4,52.0,119.3,104.0,70.7,32.0,1.8500000000000227,99.0,14.0,740.7,26.89,14.182,0.0,0.0,0.0,0.0,0.0,0.0,0.0,0.0,0.0,0.0,0.0,740.7,4.0,3.0,0.0,0.0,0.0,908.0,2857.0,0.0,53.6,1.0,0.0,825.6,0.0,0.0,0.7000000000000001,13.0,0.0,41.0,0.0,51.8,51.8,350.0,825.6,-50.0,0.0,0.0,0.0,0.0,400.0,0.0,0.0,0.0,0.0,0.0,0.0,68.0,743.7,4.44,0.0,13.981493900000002,22.67923987764552,0.0,4.4553420524139025,32.84433533166309,1.5796867562402412,1.5640462933071697,18.883026034952092,0.0026537923922033,11.733364770364217,5.279559999999999,0.0,0.0278950024040572,0.0,10.0,5.999999999999998,5.999999999999998,66.0,21.5,93.0,0.0,12.0,14.000000000000002,7.000000000000001,5.999999999999998,30.5872105342301,29.99358744929611,7.168642184069028,122.39197491524494,25.039999999999978
821.0,13.6,6.3,743.8,0.0,0.0,0.0,23.0,44.6,50.0,46.4,48.2,46.4,4.68594,42.8,60.8,11299.3375,40677615.0,0.0,0.0,5.16527777777778,4.13222222222222,3.87395833333333,25036.4,24774.9,18454.0,17867.3,1880.0,2407.0,0.0,0.0,744.0,2327.0,3.86,16.0,3.86,152.0,0.0,11299.3375,0.0,67.5,150.8,37.4,52.0,119.3,104.0,70.7,32.0,1.8500000000000227,99.0,14.0,740.7,26.89,14.182,0.0,0.0,0.0,0.0,0.0,0.0,0.0,0.0,0.0,0.0,0.0,741.4000000000001,4.0,3.0,0.0,0.0,0.0,908.0,2857.0,0.0,53.6,1.0,0.0,825.6,0.0,0.0,0.7000000000000001,13.0,0.0,41.0,0.0,51.8,51.8,350.0,825.6,-50.0,0.0,0.0,0.0,0.0,400.0,0.0,0.0,0.0,0.0,0.0,0.0,68.0,743.7,4.44,0.0,13.981493900000002,22.67923987764552,0.0,4.4553420524139025,32.84433533166309,1.5824714865016074,1.5668034519817895,6.402130629073357,0.0027571586746199,3.978098311117941,4.68594,0.0,0.0278950024040572,0.0,10.0,5.999999999999998,5.999999999999998,66.0,21.5,93.0,0.0,12.0,14.000000000000002,7.000000000000001,5.999999999999998,30.5872105342301,29.99358744929611,7.168642184069028,122.39197491524494,25.039999999999978
822.0,13.6,6.3,743.8,0.0,0.0,0.0,23.0,44.6,50.0,46.4,48.2,46.4,4.68594,42.8,60.8,11299.3375,40677615.0,0.0,0.0,5.16527777777778,4.13222222222222,3.87395833333333,25036.4,24774.9,18454.0,17867.3,1880.0,2407.0,0.0,0.0,744.0,2327.0,3.86,16.0,3.86,152.0,0.0,11299.3375,0.0,67.5,150.8,37.4,52.0,119.3,104.0,70.7,32.0,1.9700000000000273,99.0,13.994,740.0,30.63,14.184,0.0,0.0,0.0,0.0,0.0,0.0,0.0,0.0,0.0,0.0,0.0,741.4000000000001,3.8,3.0,0.0,0.0,0.0,908.0,2857.0,0.0,53.6,1.0,0.0,825.6,0.0,0.0,0.7000000000000001,13.0,0.0,41.0,0.0,51.8,51.8,350.0,825.6,-50.0,0.0,0.0,0.0,0.0,400.0,0.0,0.0,0.0,0.0,0.0,0.0,68.0,743.7,4.44,0.0,13.981493900000002,22.67923987764552,0.0,4.4553420524139025,32.84433533166309,1.5824714865016074,1.5668034519817895,6.402130629073357,0.0027571586746199,3.978098311117941,4.68594,0.0,0.0278950024040572,0.0,10.0,5.999999999999998,5.999999999999998,66.0,21.5,93.0,0.0,12.0,14.000000000000002,7.000000000000001,5.999999999999998,30.5872105342301,29.99358744929611,7.168642184069028,122.39197491524494,28.65999999999997
823.0,13.6,6.1,743.9,0.0,0.0,0.0,23.0,44.6,50.0,46.4,48.2,46.4,4.53779,42.8,60.8,11299.338055555556,40677617.0,0.0,0.0,5.16597222222222,4.13277777777778,3.87447916666667,25036.4,24774.9,18454.0,17867.3,1880.0,2404.0,0.0,0.0,744.0,2327.0,3.86,16.0,3.86,154.0,0.0,11299.3380555556,0.0,67.5,150.8,37.4,52.0,119.3,104.0,70.7,32.0,1.9700000000000273,99.0,13.994,740.0,30.63,14.184,0.0,0.0,0.0,0.0,0.0,0.0,0.0,0.0,0.0,0.0,0.0,740.5,3.8,3.0,0.0,0.0,0.0,908.0,2857.0,0.0,53.6,1.0,0.0,825.6,0.0,0.0,0.7000000000000001,13.0,0.0,41.0,0.0,51.8,51.8,350.0,825.6,-50.0,0.0,0.0,0.0,0.0,400.0,0.0,0.0,0.0,0.0,0.0,0.0,68.0,743.7,4.44,0.0,13.981493900000002,22.655283329114877,0.0,4.477197541358467,32.86619082060765,1.5851795758920273,1.5694847286059677,6.611147717280878,0.002681276624178,4.107975468234536,4.53779,0.0,0.0137289748472636,0.0,10.0,5.999999999999998,5.999999999999998,66.0,21.5,93.0,0.0,12.0,14.000000000000002,7.000000000000001,5.999999999999998,30.5872105342301,29.99358744929611,7.203807270865263,122.42714039695677,28.65999999999997
824.0,13.6,6.1,743.9,0.0,0.0,0.0,23.0,44.6,50.0,46.4,48.2,46.4,4.53779,42.8,60.8,11299.338055555556,40677617.0,0.0,0.0,5.16597222222222,4.13277777777778,3.87447916666667,25036.4,24774.9,18454.0,17867.3,1880.0,2404.0,0.0,0.0,744.0,2327.0,3.86,16.0,3.86,154.0,0.0,11299.3380555556,0.0,67.5,,37.4,52.0,119.3,104.0,70.7,32.0,-0.1700000000000159,99.0,13.975,740.1,31.87,14.169,0.0,0.0,0.0,0.0,0.0,0.0,0.0,0.0,0.0,0.0,0.0,740.5,-0.1,3.0,0.0,0.0,0.0,908.0,2857.0,0.0,53.6,1.0,0.0,825.6,0.0,0.0,0.7000000000000001,13.0,0.0,41.0,0.0,51.8,51.8,350.0,825.6,-50.0,0.0,0.0,0.0,0.0,400.0,0.0,0.0,0.0,0.0,0.0,0.0,68.0,743.7,4.44,0.0,13.9585438,22.655283329114877,0.0,4.477197541358467,32.86619082060765,1.5851795758920273,1.5694847286059677,6.611147717280878,0.002681276624178,4.107975468234536,4.53779,0.0,0.0137289748472636,0.0,10.0,5.999999999999998,5.999999999999998,,21.5,,0.0,12.0,14.000000000000002,7.000000000000001,5.999999999999998,30.82153543617772,29.99358744929611,7.203807270865263,122.42714039695677,32.04000000000001
825.0,13.5,5.0,744.1,0.0,0.0,0.0,23.0,44.6,50.0,46.4,48.2,46.4,3.7205,42.8,60.8,11299.33888888889,40677620.0,0.0,0.0,5.16736111111111,4.13388888888889,3.87552083333333,25036.4,24774.9,18454.0,17867.3,1880.0,2434.0,0.0,0.0,744.0,2327.0,3.86,16.0,3.86,93.0,0.0,11299.3388888889,0.0,67.5,,37.4,52.0,119.3,104.0,70.7,32.0,-0.1700000000000159,99.0,13.975,740.1,31.87,14.169,0.0,0.0,0.0,0.0,0.0,0.0,0.0,0.0,0.0,0.0,0.0,741.1,-0.1,3.0,0.0,0.0,0.0,908.0,2857.0,0.0,53.6,1.0,0.0,825.6,0.0,0.0,0.7000000000000001,13.0,0.0,41.0,0.0,51.8,51.8,350.0,825.6,-50.0,0.0,0.0,0.0,0.0,400.0,0.0,0.0,0.0,0.0,0.0,0.0,68.0,743.9000000000001,4.44,0.0,13.9585438,22.6436871013696,0.0,4.487870834327527,32.87686411357671,1.5873370420723034,1.5716208337349538,8.063432334363661,0.0021361051289861,5.010383013035883,3.7205,0.0,0.0085911251756195,0.0,10.0,5.999999999999998,5.999999999999998,,21.5,,0.0,12.0,14.000000000000002,7.000000000000001,5.999999999999998,30.82153543617772,29.99358744929611,7.2209802160010845,122.44431372534399,32.04000000000001
826.0,13.5,5.0,744.1,0.0,0.0,0.0,23.0,44.6,50.0,46.4,48.2,46.4,3.7205,42.8,60.8,11299.33888888889,40677620.0,0.0,0.0,5.16736111111111,4.13388888888889,3.87552083333333,25036.4,24774.9,18454.0,17867.3,1880.0,2434.0,0.0,0.0,744.0,2327.0,3.86,16.0,3.86,93.0,0.0,11299.3388888889,0.0,67.5,,37.4,52.0,119.3,104.0,70.7,32.0,-0.1700000000000159,99.0,13.975,740.1,31.87,14.169,0.0,0.0,0.0,0.0,0.0,0.0,0.0,0.0,0.0,0.0,0.0,741.1,-0.1,3.0,0.0,0.0,0.0,908.0,2857.0,0.0,53.6,1.0,0.0,825.6,0.0,0.0,0.7000000000000001,13.0,0.0,41.0,0.0,51.8,51.8,350.0,825.6,-50.0,0.0,0.0,0.0,0.0,400.0,0.0,0.0,0.0,0.0,0.0,0.0,68.0,743.9000000000001,4.441,0.0,13.9585438,22.6436871013696,0.0,4.487870834327527,32.87686411357671,1.5873370420723034,1.5716208337349538,8.063432334363661,0.0021361051289861,5.010383013035883,3.7205,0.0,0.0085911251756195,0.0,10.0,5.999999999999998,5.999999999999998,,21.5,,0.0,12.0,14.000000000000002,7.000000000000001,5.999999999999998,30.82153543617772,29.99358744929611,7.2209802160010845,122.44431372534399,32.04000000000001
827.0,13.6,7.3,743.7,0.0,0.0,0.0,23.0,44.6,50.0,46.4,48.2,46.4,5.42901,42.8,60.8,11299.339166666668,40677621.0,0.0,0.0,5.16458333333333,4.13166666666667,3.8734375,25036.4,24774.9,18454.0,17867.3,1860.0,2405.0,0.0,0.0,744.0,2327.0,3.86,16.0,3.86,154.0,0.0,11299.3391666667,0.0,67.5,153.5,37.4,52.0,119.3,104.0,70.7,32.0,0.079999999999984,99.0,13.968,740.5,32.34,14.181,0.0,0.0,0.0,0.0,0.0,0.0,0.0,0.0,0.0,0.0,0.0,740.5,-0.1,3.0,0.0,0.0,0.0,908.0,2857.0,0.0,53.6,1.0,0.0,825.6,0.0,0.0,0.7000000000000001,13.0,0.0,41.0,0.0,51.8,51.8,350.0,825.6,-50.0,0.0,0.0,0.0,0.0,400.0,0.0,0.0,0.0,0.0,0.0,0.0,68.0,743.9000000000001,4.441,0.0,13.9585438,22.63391717482342,0.0,4.496911163803388,32.885904443052574,1.5900185968286602,1.574275838444218,5.525869357396653,0.0026550047092641,3.433614968474916,5.42901,0.0,0.0,0.0,10.0,5.999999999999998,5.999999999999998,67.5,21.5,96.0,0.0,12.0,14.000000000000002,7.000000000000001,5.999999999999998,30.82153543617772,29.99358744929611,7.2355260003170345,122.45885961547063,32.26000000000002
828.0,13.6,7.3,743.7,0.0,0.0,0.0,23.0,44.6,50.0,46.4,48.2,46.4,5.42901,42.8,60.8,11299.339166666668,40677621.0,0.0,0.0,5.16458333333333,4.13166666666667,3.8734375,25036.4,24774.9,18454.0,17867.3,1860.0,2405.0,0.0,0.0,744.0,2327.0,3.86,16.0,3.86,154.0,0.0,11299.3391666667,0.0,67.5,153.5,37.4,52.0,119.3,104.0,70.7,32.0,0.079999999999984,99.0,13.968,740.5,32.34,14.181,0.0,0.0,0.0,0.0,0.0,0.0,0.0,0.0,0.0,0.0,0.0,740.5,4.7,3.0,0.0,0.0,0.0,908.0,2857.0,0.0,53.6,1.0,0.0,825.6,0.0,0.0,0.7000000000000001,13.0,0.0,41.0,0.0,51.8,51.8,350.0,825.6,-50.0,0.0,0.0,0.0,0.0,400.0,0.0,0.0,0.0,0.0,0.0,0.0,68.0,743.9000000000001,4.437,0.0,13.9585438,22.63391717482342,0.0,4.496911163803388,32.885904443052574,1.5900185968286602,1.574275838444218,5.525869357396653,0.0026550047092641,3.433614968474916,5.42901,0.0,0.0,0.0,10.0,5.999999999999998,5.999999999999998,67.5,21.5,96.0,0.0,12.0,14.000000000000002,7.000000000000001,5.999999999999998,30.64969717474946,29.99358744929611,7.2355260003170345,122.45885961547063,32.26000000000002
829.0,13.6,5.9,743.9,0.0,0.0,0.0,23.0,44.6,50.0,46.4,48.2,46.4,4.38901,42.8,60.8,11299.339722222225,40677623.0,0.0,0.0,5.16597222222222,4.13277777777778,3.87447916666667,25036.4,24774.9,18454.0,17867.3,1820.0,2425.0,0.0,0.0,744.0,2327.0,3.86,135.0,3.86,93.0,0.0,11299.3397222222,0.0,67.5,153.5,37.4,52.0,119.3,104.0,70.7,32.0,0.1700000000000159,99.0,13.972,741.3000000000001,36.87,14.182,0.0,0.0,0.0,0.0,0.0,0.0,0.0,0.0,0.0,0.0,0.0,741.6,4.7,3.0,0.0,0.0,0.0,908.0,2857.0,0.0,53.6,1.0,0.0,825.6,0.0,0.0,0.7000000000000001,13.0,0.0,41.0,0.0,51.8,51.8,350.0,825.6,-50.0,0.0,0.0,0.0,0.0,400.0,0.0,0.0,0.0,0.0,0.0,0.0,68.0,743.9000000000001,4.437,0.0,13.9585438,22.63391717482342,0.0,4.496911163803388,32.885904443052574,1.5924636915560542,1.5766967243129248,6.835254419561586,0.0024208858687069,4.247228873937402,4.38901,0.0,0.0,0.0,10.0,5.999999999999998,5.999999999999998,67.5,21.5,96.0,0.0,12.0,14.000000000000002,7.000000000000001,5.999999999999998,30.64969717474946,29.99358744929611,7.2355260003170345,122.45885961547063,36.69999999999998
830.0,13.6,5.9,743.9,0.0,0.0,0.0,23.0,44.6,50.0,46.4,48.2,46.4,4.38901,42.8,60.8,11299.339722222225,40677623.0,0.0,0.0,5.16597222222222,4.13277777777778,3.87447916666667,25036.4,24774.9,18454.0,17867.3,1820.0,2425.0,0.0,0.0,744.0,2327.0,3.86,135.0,3.86,93.0,0.0,11299.3397222222,0.0,67.5,153.5,37.4,52.0,119.3,104.0,70.7,32.0,0.1700000000000159,99.0,13.972,741.3000000000001,36.87,14.182,0.0,0.0,0.0,0.0,0.0,0.0,0.0,0.0,0.0,0.0,0.0,741.6,-2.1,3.0,0.0,0.0,0.0,908.0,2857.0,0.0,53.6,1.0,0.0,825.6,0.0,0.0,0.7000000000000001,13.0,0.0,41.0,0.0,51.8,51.8,350.0,825.6,-50.0,0.0,0.0,0.0,0.0,400.0,0.0,0.0,0.0,0.0,0.0,0.0,68.0,743.9000000000001,4.441,0.0,13.921433,22.63391717482342,0.0,4.496911163803388,32.885904443052574,1.5924636915560542,1.5766967243129248,6.835254419561586,0.0024208858687069,4.247228873937402,4.38901,0.0,0.0,0.0,10.0,5.999999999999998,5.999999999999998,67.5,21.5,96.0,0.0,12.0,14.000000000000002,7.000000000000001,5.999999999999998,30.540345553840567,29.99358744929611,7.2355260003170345,122.45885961547063,36.69999999999998
831.0,13.5,7.3,743.7,0.0,0.0,0.0,23.0,44.6,50.0,46.4,48.2,46.4,5.42901,42.8,60.8,11299.340277777776,40677625.0,0.0,0.0,5.16458333333333,4.13166666666667,3.8734375,25036.4,24774.9,18454.0,17867.3,1780.0,2395.0,0.0,0.0,744.0,2349.0,3.86,16.0,3.86,154.0,0.0,11299.3402777778,0.0,67.5,153.5,37.4,52.0,119.3,104.0,70.7,32.0,0.1700000000000159,99.0,13.972,741.3000000000001,36.87,14.182,0.0,0.0,0.0,0.0,0.0,0.0,0.0,0.0,0.0,0.0,0.0,740.4000000000001,-2.1,3.0,0.0,0.0,0.0,908.0,2857.0,0.0,53.6,1.0,0.0,825.6,0.0,0.0,0.7000000000000001,13.0,0.0,41.0,0.0,51.8,51.8,350.0,825.6,-50.0,0.0,0.0,0.0,0.0,400.0,0.0,0.0,0.0,0.0,0.0,0.0,68.0,743.9000000000001,4.441,0.0,13.921433,22.611164495515116,0.0,4.518137203730215,32.9071304829794,1.5956384559050971,1.5798400553515817,5.525869357396651,0.0031433310386566,3.4336149684749144,5.42901,0.0,0.0,0.0,10.0,5.999999999999998,5.999999999999998,67.5,21.5,96.0,0.0,12.0,14.000000000000002,7.000000000000001,5.999999999999998,30.540345553840567,29.99358744929611,7.269678433615943,122.4930123137129,36.69999999999998
832.0,13.5,7.3,743.7,0.0,0.0,0.0,23.0,44.6,50.0,46.4,48.2,46.4,5.42901,42.8,60.8,11299.340277777776,40677625.0,0.0,0.0,5.16458333333333,4.13166666666667,3.8734375,25036.4,24774.9,18454.0,17867.3,1780.0,2395.0,0.0,0.0,744.0,2349.0,3.86,16.0,3.86,154.0,0.0,11299.3402777778,0.0,67.5,,37.4,52.0,119.3,104.0,70.7,32.0,-1.0199999999999818,99.0,13.949,739.5,38.12,14.193,0.0,0.0,0.0,0.0,0.0,0.0,0.0,0.0,0.0,0.0,0.0,740.4000000000001,3.0,3.0,0.0,0.0,0.0,908.0,2857.0,0.0,53.6,1.0,0.0,825.6,0.0,0.0,0.7000000000000001,13.0,0.0,41.0,0.0,51.8,51.8,350.0,825.6,-50.0,0.0,0.0,0.0,0.0,400.0,0.0,0.0,0.0,0.0,0.0,0.0,68.0,743.9000000000001,4.441,0.0,13.921433,22.611164495515116,0.0,4.518137203730215,32.9071304829794,1.5956384559050971,1.5798400553515817,5.525869357396651,0.0031433310386566,3.4336149684749144,5.42901,0.0,0.0,0.0,10.0,5.999999999999998,5.999999999999998,,21.5,,0.0,12.0,14.000000000000002,7.000000000000001,5.999999999999998,30.540345553840567,29.99358744929611,7.269678433615943,122.4930123137129,39.13999999999998
833.0,13.5,9.5,743.3,0.0,0.0,0.0,23.0,44.6,50.0,46.4,48.2,46.4,7.06135,42.8,60.8,11299.340833333334,40677627.0,0.0,0.0,5.16180555555556,4.12944444444444,3.87135416666667,25036.4,24774.9,18454.0,17867.3,1740.0,2384.0,0.0,0.0,743.0,2349.0,3.86,16.0,3.86,25.0,0.0,11299.3408333333,0.0,67.5,154.4,37.4,52.0,119.3,104.0,70.7,32.0,-1.0199999999999818,99.0,13.949,739.5,38.12,14.193,0.0,0.0,0.0,0.0,0.0,0.0,0.0,0.0,0.0,0.0,0.0,740.0,3.0,3.0,0.0,0.0,0.0,908.0,2857.0,0.0,53.6,1.0,0.0,825.6,0.0,0.0,0.7000000000000001,13.0,0.0,41.0,0.0,51.8,51.8,350.0,825.6,-50.0,0.0,0.0,0.0,0.0,400.0,0.0,0.0,0.0,0.0,0.0,0.0,68.0,743.5,4.441,0.0,13.921433,22.611164495515116,0.0,4.518137203730215,32.9071304829794,1.599605599507807,1.5837679203047592,4.248479398415317,0.0039278649531777,2.639881892272724,7.061349999999999,0.0,0.0,0.0,10.0,5.999999999999998,5.999999999999998,68.0,21.5,97.0,0.0,12.0,14.000000000000002,7.000000000000001,5.999999999999998,30.540345553840567,29.99358744929611,7.269678433615943,122.4930123137129,39.13999999999998
834.0,13.5,9.5,743.3,0.0,0.0,0.0,23.0,44.6,50.0,46.4,48.2,46.4,7.06135,42.8,60.8,11299.340833333334,40677627.0,0.0,0.0,5.16180555555556,4.12944444444444,3.87135416666667,25036.4,24774.9,18454.0,17867.3,1740.0,2384.0,0.0,0.0,743.0,2349.0,3.86,16.0,3.86,25.0,0.0,11299.3408333333,0.0,67.5,154.4,37.4,52.0,119.3,104.0,70.7,32.0,-0.2900000000000204,99.0,13.953,739.6,43.68,14.198,0.0,0.0,0.0,0.0,0.0,0.0,0.0,0.0,0.0,0.0,0.0,740.0,7.1000000000000005,3.0,0.0,0.0,0.0,908.0,2857.0,0.0,53.6,1.0,0.0,825.6,0.0,0.0,0.7000000000000001,13.0,0.0,41.0,0.0,51.8,51.8,350.0,825.6,-50.0,0.0,0.0,0.0,0.0,400.0,0.0,0.0,0.0,0.0,0.0,0.0,68.0,743.5,4.441,0.0,13.9404767,22.611164495515116,0.0,4.518137203730215,32.9071304829794,1.599605599507807,1.5837679203047592,4.248479398415317,0.0039278649531777,2.639881892272724,7.061349999999999,0.0,0.0,0.0,10.0,5.999999999999998,5.999999999999998,68.0,21.5,97.0,0.0,12.0,14.000000000000002,7.000000000000001,5.999999999999998,30.30602065189294,29.99358744929611,7.269678433615943,122.4930123137129,43.97000000000002
835.0,13.5,9.3,743.3,0.0,0.0,0.0,23.0,44.6,50.0,46.4,48.2,46.4,6.91269,42.8,60.8,11299.341388888888,40677629.0,0.0,0.0,5.16180555555556,4.12944444444444,3.87135416666667,25036.4,24774.9,18454.0,17867.3,1700.0,2383.0,0.0,0.0,743.0,2349.0,3.86,16.0,3.86,63.0,0.0,11299.3413888889,0.0,67.5,154.4,37.4,52.0,119.3,104.0,70.7,32.0,-0.2900000000000204,99.0,13.953,739.6,43.68,14.198,0.0,0.0,0.0,0.0,0.0,0.0,0.0,0.0,0.0,0.0,0.0,739.7,7.1000000000000005,3.0,0.0,0.0,0.0,908.0,2857.0,0.0,53.6,1.0,0.0,825.6,0.0,0.0,0.7000000000000001,13.0,0.0,41.0,0.0,51.8,51.8,350.0,825.6,-50.0,0.0,0.0,0.0,0.0,400.0,0.0,0.0,0.0,0.0,0.0,0.0,68.0,743.3000000000001,4.441,0.0,13.9404767,22.611164495515116,0.0,4.518137203730215,32.9071304829794,1.6035727650340053,1.5876958069643616,4.339844546768335,0.0039278866596025,2.696653545869987,6.91269,0.0,0.0,0.0,10.0,5.999999999999998,5.999999999999998,68.0,21.5,97.0,0.0,12.0,14.000000000000002,7.000000000000001,5.999999999999998,30.30602065189294,29.99358744929611,7.269678433615943,122.4930123137129,43.97000000000002
836.0,13.5,9.3,743.3,0.0,0.0,0.0,23.0,44.6,50.0,46.4,48.2,46.4,6.91269,42.8,60.8,11299.341388888888,40677629.0,0.0,0.0,5.16180555555556,4.12944444444444,3.87135416666667,25036.4,24774.9,18454.0,17867.3,1700.0,2383.0,0.0,0.0,743.0,2349.0,3.86,16.0,3.86,63.0,0.0,11299.3413888889,0.0,67.5,154.4,,,,,,,-0.2900000000000204,99.0,13.953,739.6,43.68,14.198,0.0,0.0,0.0,0.0,0.0,0.0,0.0,0.0,0.0,0.0,0.0,739.7,7.1000000000000005,3.0,0.0,0.0,0.0,908.0,2857.0,0.0,53.6,1.0,0.0,825.6,0.0,0.0,0.7000000000000001,13.0,0.0,41.0,0.0,51.8,51.8,350.0,825.6,-50.0,0.0,0.0,0.0,0.0,400.0,0.0,0.0,0.0,0.0,0.0,0.0,68.0,743.0,4.441,0.0,13.9404767,,0.0,,,1.6035727650340053,1.5876958069643616,4.339844546768335,0.0039278866596025,2.696653545869987,6.91269,0.0,,0.0,10.0,5.999999999999998,5.999999999999998,68.0,,97.0,,12.0,14.000000000000002,7.000000000000001,5.999999999999998,30.30602065189294,,,,43.97000000000002
837.0,13.6,10.4,743.0,0.0,0.0,0.0,23.0,44.6,50.0,46.4,48.2,46.4,7.7272,41.0,60.8,11299.341944444444,40677631.0,0.0,0.0,5.15972222222222,4.12777777777778,3.86979166666667,25036.4,24774.9,18454.0,17867.3,1660.0,2394.0,0.0,0.0,743.0,2349.0,3.86,16.0,3.86,154.0,0.0,11299.3419444444,0.0,67.5,154.4,,,,,,,2.759999999999991,99.0,13.979,740.0,38.33,14.203,0.0,0.0,0.0,0.0,0.0,0.0,0.0,0.0,0.0,0.0,0.0,740.2,7.1000000000000005,3.0,0.0,0.0,0.0,908.0,2857.0,0.0,53.6,1.0,0.0,825.6,0.0,0.0,0.7000000000000001,13.0,0.0,41.0,0.0,51.8,51.8,350.0,825.6,-50.0,0.0,0.0,0.0,0.0,400.0,0.0,0.0,0.0,0.0,0.0,0.0,68.0,743.0,4.441,0.0,13.9404767,,0.0,,,1.6074933961745093,1.5915776199747615,4.339844546768335,0.0038818130104,2.696653545869987,7.7272,0.0,,0.0,10.0,5.999999999999998,5.0,68.0,,97.0,,12.0,14.000000000000002,7.000000000000001,5.999999999999998,30.30602065189294,,,,35.57000000000001
838.0,13.6,10.4,743.0,0.0,0.0,0.0,23.0,44.6,50.0,46.4,48.2,46.4,7.7272,41.0,60.8,11299.341944444444,40677631.0,0.0,0.0,5.15972222222222,4.12777777777778,3.86979166666667,25036.4,24774.9,18454.0,17867.3,1660.0,2394.0,0.0,0.0,743.0,2349.0,3.86,16.0,3.86,154.0,0.0,11299.3419444444,0.0,67.5,154.4,,,,,,,2.759999999999991,99.0,13.979,740.0,38.33,14.203,0.0,0.0,0.0,0.0,0.0,0.0,0.0,0.0,0.0,0.0,0.0,740.2,-0.7000000000000001,3.0,0.0,0.0,0.0,908.0,2857.0,0.0,53.6,1.0,0.0,825.6,0.0,0.0,0.7000000000000001,13.0,0.0,41.0,0.0,51.8,51.8,350.0,825.6,-50.0,0.0,0.0,0.0,0.0,400.0,0.0,0.0,0.0,0.0,0.0,0.0,68.0,743.0,4.441,0.0,13.960497,,0.0,,,1.6074933961745093,1.5915776199747615,4.339844546768335,0.0038818130104,2.696653545869987,7.7272,0.0,,0.0,10.0,5.999999999999998,5.0,68.0,,97.0,,12.0,14.000000000000002,7.000000000000001,5.999999999999998,30.430993932931678,,,,35.57000000000001
839.0,13.6,9.2,743.2,0.0,0.0,0.0,23.0,44.6,50.0,46.4,48.2,46.4,6.83744,41.0,60.8,11299.342777777778,40677634.0,0.0,0.0,5.16111111111111,4.12888888888889,3.87083333333333,25036.4,24774.9,18454.0,17867.3,1600.0,2399.0,0.0,0.0,743.0,2354.0,3.86,16.0,3.86,25.0,0.0,11299.3427777778,0.0,67.5,154.4,37.4,52.0,119.3,104.9,70.7,32.0,2.759999999999991,99.0,13.979,740.0,38.33,14.203,0.0,0.0,0.0,0.0,0.0,0.0,0.0,0.0,0.0,0.0,0.0,740.5,-0.7000000000000001,3.0,0.0,0.0,0.0,908.0,2857.0,0.0,53.6,1.0,0.0,825.6,0.0,0.0,0.7000000000000001,13.0,0.0,41.0,0.0,51.8,51.8,350.0,825.6,-50.0,0.0,0.0,0.0,0.0,400.0,0.0,0.0,0.0,0.0,0.0,0.0,68.0,743.2,4.442,0.0,13.960497,22.566938204767855,0.0,4.560099643084387,32.94909292233357,1.611882600788504,1.5959233671173303,4.339844546768335,0.0043457471425688,2.696653545869987,6.83744,0.0,0.0,0.0,10.0,5.999999999999998,5.0,68.0,21.5,96.0,0.0,12.0,14.000000000000002,7.000000000000001,5.999999999999998,30.430993932931678,29.99358744929611,7.337195990205254,122.56052987863377,35.57000000000001
840.0,13.6,9.2,743.2,0.0,0.0,0.0,23.0,44.6,50.0,46.4,48.2,46.4,6.83744,41.0,60.8,11299.342777777778,40677634.0,0.0,0.0,5.16111111111111,4.12888888888889,3.87083333333333,25036.4,24774.9,18454.0,17867.3,1600.0,2399.0,0.0,0.0,743.0,2354.0,3.86,16.0,3.86,25.0,0.0,11299.3427777778,0.0,67.5,154.4,37.4,52.0,119.3,104.9,70.7,32.0,2.2200000000000273,99.0,13.98,739.3000000000001,35.86,14.205,0.0,0.0,0.0,0.0,0.0,0.0,0.0,0.0,0.0,0.0,0.0,740.5,0.5,3.0,0.0,0.0,0.0,908.0,2857.0,0.0,53.6,1.0,0.0,825.6,0.0,0.0,0.7000000000000001,13.0,0.0,41.0,0.0,51.8,51.8,350.0,825.6,-50.0,0.0,0.0,0.0,0.0,400.0,0.0,0.0,0.0,0.0,0.0,0.0,68.0,743.2,4.442,0.0,13.960497,22.566938204767855,0.0,4.560099643084387,32.94909292233357,1.611882600788504,1.5959233671173303,,0.0043457471425688,,6.83744,0.0,0.0,0.0,10.0,5.999999999999998,5.0,68.0,21.5,96.0,0.0,12.0,14.000000000000002,7.000000000000001,5.999999999999998,30.430993932931678,29.99358744929611,7.337195990205254,122.56052987863377,33.63999999999997
841.0,13.6,9.2,743.2,0.0,0.0,0.0,23.0,44.6,50.0,46.4,48.2,46.4,6.83744,41.0,60.8,11299.343055555555,40677635.0,0.0,0.0,5.16111111111111,4.12888888888889,3.87083333333333,25036.4,24774.9,18454.0,17867.3,1560.0,2405.0,0.0,0.0,743.0,2354.0,3.86,16.0,3.86,25.0,0.0,11299.3430555556,0.0,67.5,153.5,37.4,52.0,119.3,104.9,70.7,32.0,2.2200000000000273,99.0,13.98,739.3000000000001,35.86,14.205,0.0,0.0,0.0,0.0,0.0,0.0,0.0,0.0,0.0,0.0,0.0,739.8000000000001,0.5,3.0,0.0,0.0,0.0,908.0,2857.0,0.0,53.6,1.0,0.0,825.6,0.0,0.0,0.7000000000000001,13.0,0.0,41.0,0.0,51.8,51.8,350.0,825.6,-50.0,0.0,0.0,0.0,0.0,400.0,0.0,0.0,0.0,0.0,0.0,0.0,68.0,743.2,4.441,0.0,13.960497,22.556687182215597,0.0,4.569961425276386,32.958954704525574,1.6155880582249882,1.599592136856424,13.692672041540558,0.0036687697390933,8.508229319124098,6.83744,0.0,0.0,0.0,10.0,5.999999999999998,5.0,67.5,21.5,96.0,0.0,12.0,14.000000000000002,7.000000000000001,5.999999999999998,30.430993932931678,29.99358744929611,7.353063329476203,122.57639748618068,33.63999999999997
842.0,13.6,9.2,743.2,0.0,0.0,0.0,23.0,44.6,50.0,46.4,48.2,46.4,6.83744,41.0,60.8,11299.343055555555,40677635.0,0.0,0.0,5.16111111111111,4.12888888888889,3.87083333333333,25036.4,24774.9,18454.0,17867.3,1560.0,2405.0,0.0,0.0,743.0,2354.0,3.86,16.0,3.86,25.0,0.0,11299.3430555556,0.0,67.5,153.5,37.4,52.0,119.3,104.9,70.7,32.0,1.5,100.0,13.978,739.3000000000001,35.85,14.192,0.0,0.0,0.0,0.0,0.0,0.0,0.0,0.0,0.0,0.0,0.0,739.8000000000001,-0.7000000000000001,3.0,0.0,0.0,0.0,908.0,2857.0,0.0,53.6,1.0,0.0,825.6,0.0,0.0,0.7000000000000001,13.0,0.0,41.0,0.0,51.8,51.8,350.0,825.6,-50.0,0.0,0.0,0.0,0.0,400.0,0.0,0.0,0.0,0.0,0.0,0.0,68.0,743.2,4.441,0.0,13.960497,22.556687182215597,0.0,4.569961425276386,32.958954704525574,1.6155880582249882,1.599592136856424,13.692672041540558,0.0036687697390933,8.508229319124098,6.83744,0.0,0.0,0.0,10.0,5.999999999999998,5.0,67.5,21.5,96.0,0.0,12.0,14.000000000000002,7.000000000000001,5.999999999999998,30.430993932931678,29.99358744929611,7.353063329476203,122.57639748618068,34.35
843.0,13.6,10.5,743.0,0.0,0.0,0.0,23.0,44.6,50.0,46.4,48.2,46.4,7.8015,41.0,60.8,11299.343611111111,40677637.0,0.0,0.0,5.15972222222222,4.12777777777778,3.86979166666667,25036.4,24774.9,18454.0,17867.3,1520.0,2398.0,0.0,0.0,743.0,2354.0,3.86,16.0,3.86,93.0,0.0,11299.3436111111,0.0,67.5,153.5,37.4,52.0,119.3,104.9,70.7,32.0,1.5,100.0,13.978,739.3000000000001,35.85,14.192,0.0,0.0,0.0,0.0,0.0,0.0,0.0,0.0,0.0,0.0,0.0,740.0,-0.7000000000000001,3.0,0.0,0.0,0.0,908.0,2857.0,0.0,53.6,1.0,0.0,825.6,0.0,0.0,0.7000000000000001,13.0,0.0,41.0,0.0,51.8,51.8,350.0,825.6,-50.0,0.0,0.0,0.0,0.0,400.0,0.0,0.0,0.0,0.0,0.0,0.0,68.0,743.2,4.441,,,22.556687182215597,0.0,4.569961425276386,32.958954704525574,1.6198058271206053,1.6037681456639656,3.845414343395501,0.0041760088075416,2.389428955970006,7.8015,0.0,0.0,0.0,10.0,5.999999999999998,5.0,67.5,21.5,96.0,0.0,12.0,14.000000000000002,7.000000000000001,5.999999999999998,,29.99358744929611,7.353063329476203,122.57639748618068,34.35
844.0,13.6,10.5,743.0,0.0,0.0,0.0,23.0,44.6,50.0,46.4,48.2,46.4,7.8015,41.0,60.8,11299.343611111111,40677637.0,0.0,0.0,5.15972222222222,4.12777777777778,3.86979166666667,25036.4,24774.9,18454.0,17867.3,1520.0,2398.0,0.0,0.0,743.0,2354.0,3.86,16.0,3.86,93.0,0.0,11299.3436111111,0.0,67.5,153.5,37.4,52.0,119.3,104.9,70.7,32.0,1.1800000000000068,100.0,13.965,739.0,38.37,14.184,0.0,0.0,0.0,0.0,0.0,0.0,0.0,0.0,0.0,0.0,0.0,740.0,3.4000000000000004,3.0,0.0,0.0,0.0,908.0,2857.0,0.0,53.6,1.0,0.0,825.6,0.0,0.0,0.7000000000000001,13.0,0.0,41.0,0.0,51.8,51.8,350.0,825.6,-50.0,0.0,0.0,0.0,0.0,400.0,0.0,0.0,0.0,0.0,0.0,0.0,68.0,743.2,4.441,,,22.556687182215597,0.0,4.569961425276386,32.958954704525574,1.6198058271206053,1.6037681456639656,3.845414343395501,0.0041760088075416,2.389428955970006,7.8015,0.0,0.0,0.0,10.0,5.999999999999998,5.0,67.5,21.5,96.0,0.0,12.0,14.000000000000002,7.000000000000001,5.999999999999998,,29.99358744929611,7.353063329476203,122.57639748618068,37.18999999999999
845.0,13.5,9.1,743.2,0.0,0.0,0.0,23.0,44.6,50.0,46.4,48.2,46.4,6.76312,41.0,60.8,11299.344444444445,40677640.0,0.0,0.0,5.16111111111111,4.12888888888889,3.87083333333333,25036.4,24774.9,18454.0,17867.3,1480.0,2423.0,0.0,0.0,743.0,2354.0,3.86,16.0,3.86,154.0,0.0,11299.3444444444,0.0,67.5,152.60000000000002,37.4,52.0,119.3,104.9,71.6,32.0,1.1800000000000068,100.0,13.965,739.0,38.37,14.184,0.0,0.0,0.0,0.0,0.0,0.0,0.0,0.0,0.0,0.0,0.0,739.9000000000001,3.4000000000000004,3.0,0.0,0.0,0.0,908.0,2857.0,0.0,53.6,1.0,0.0,825.6,0.0,0.0,0.7000000000000001,13.0,0.0,41.0,0.0,51.8,51.8,350.0,825.6,-50.0,0.0,0.0,0.0,0.0,400.0,0.0,0.0,0.0,0.0,0.0,0.0,68.0,743.3000000000001,4.44,,,22.534544037972623,0.0,4.591440363278453,32.980433642527636,1.623956289457159,1.607877514314019,4.435822519783769,0.0041093686500533,2.7562914749405607,6.76312,0.0,0.0,0.0,10.0,5.999999999999998,5.0,67.00000000000001,21.999999999999996,94.0,0.0,12.0,14.000000000000002,7.000000000000001,5.999999999999998,,29.99358744929611,7.387623406455291,122.61095709742602,37.18999999999999
846.0,13.5,9.1,743.2,0.0,0.0,0.0,23.0,44.6,50.0,46.4,48.2,46.4,6.76312,41.0,60.8,11299.344444444445,40677640.0,0.0,0.0,5.16111111111111,4.12888888888889,3.87083333333333,25036.4,24774.9,18454.0,17867.3,1480.0,2423.0,0.0,0.0,743.0,2354.0,3.86,16.0,3.86,154.0,0.0,11299.3444444444,0.0,67.5,152.60000000000002,37.4,52.0,119.3,104.9,71.6,32.0,1.4399999999999975,100.0,13.962,739.7,38.45,14.185,0.0,0.0,0.0,0.0,0.0,0.0,0.0,0.0,0.0,0.0,0.0,739.9000000000001,0.0,3.0,0.0,0.0,0.0,908.0,2857.0,0.0,53.6,1.0,0.0,825.6,0.0,0.0,0.7000000000000001,13.0,0.0,41.0,0.0,51.8,51.8,350.0,825.6,-50.0,0.0,0.0,0.0,0.0,400.0,0.0,0.0,0.0,0.0,0.0,0.0,68.0,743.3000000000001,4.44,0.0,13.939500099999998,22.534544037972623,0.0,4.591440363278453,32.980433642527636,1.623956289457159,1.607877514314019,4.435822519783769,0.0041093686500533,2.7562914749405607,6.76312,0.0,0.0,0.0,10.0,5.999999999999998,5.0,67.00000000000001,21.999999999999996,94.0,0.0,12.0,14.000000000000002,7.000000000000001,5.999999999999998,30.868400416567244,29.99358744929611,7.387623406455291,122.61095709742602,37.010000000000005
847.0,13.5,-22.2,749.1,0.0,0.0,0.0,23.0,44.6,50.0,46.4,48.2,46.4,-16.63002,41.0,60.8,11299.345,40677642.0,0.0,0.0,5.20208333333333,4.16166666666667,3.9015625,25036.4,24774.9,18454.0,17867.3,1420.0,1946.0,0.0,0.0,749.0,2354.0,3.9,148.0,3.88,17.0,0.0,11299.345,0.0,67.5,152.60000000000002,37.4,52.0,119.3,104.9,71.6,32.0,1.4399999999999975,100.0,13.962,739.7,38.45,14.185,0.0,0.0,0.0,0.0,0.0,0.0,0.0,0.0,0.0,0.0,0.0,746.9000000000001,0.0,3.0,0.0,0.0,0.0,908.0,2857.0,0.0,53.6,1.0,0.0,825.6,0.0,0.0,0.7000000000000001,13.0,0.0,41.0,0.0,51.8,51.8,350.0,825.6,-50.0,0.0,0.0,0.0,0.0,400.0,0.0,0.0,0.0,0.0,0.0,0.0,68.0,749.6,4.44,0.0,13.939500099999998,22.511600521713,0.0,4.599567898472918,32.988561177722104,1.6278239425435312,1.6117068738054765,4.400885458154181,0.0038293594914574,2.7345825980187217,6.816809999999999,0.0,-0.0122074813227727,0.0,10.0,5.999999999999998,5.0,67.00000000000001,21.999999999999996,94.0,0.0,12.0,14.000000000000002,7.000000000000001,5.999999999999998,30.868400416567244,22.995083711127016,7.400700756551977,122.62403430155392,37.010000000000005
848.0,13.5,-22.2,749.1,0.0,0.0,0.0,23.0,44.6,50.0,46.4,48.2,46.4,-16.63002,41.0,60.8,11299.345,40677642.0,0.0,0.0,5.20208333333333,4.16166666666667,3.9015625,25036.4,24774.9,18454.0,17867.3,1420.0,1946.0,0.0,0.0,749.0,2354.0,3.9,148.0,3.88,17.0,0.0,11299.345,0.0,67.5,152.60000000000002,37.4,52.0,119.3,104.9,71.6,32.0,-1.5400000000000205,99.0,13.933,745.6,46.21,14.205,0.0,0.0,0.0,0.0,0.0,0.0,0.0,0.0,0.0,0.0,0.0,746.9000000000001,-48.900000000000006,3.0,0.0,0.0,0.0,908.0,2857.0,0.0,51.8,1.0,0.0,825.6,0.0,0.0,0.7000000000000001,13.0,0.0,41.0,0.0,51.8,51.8,350.0,825.6,-50.0,0.0,0.0,0.0,0.0,400.0,0.0,0.0,0.0,0.0,0.0,0.0,68.0,749.6,4.44,0.0,13.939500099999998,22.511600521713,0.0,4.599567898472918,32.988561177722104,1.6278239425435312,1.6117068738054765,4.400885458154181,0.0038293594914574,2.7345825980187217,6.816809999999999,0.0,-0.0122074813227727,0.0,10.0,5.999999999999998,5.0,67.00000000000001,21.999999999999996,94.0,0.0,12.0,14.000000000000002,7.000000000000001,5.999999999999998,30.868400416567244,22.995083711127016,7.400700756551977,122.62403430155392,47.75000000000002
849.0,13.5,-7.9,746.9,0.0,0.0,0.0,23.0,44.6,50.0,46.4,48.2,46.4,-5.90051,41.0,60.8,11299.345555555556,40677644.0,0.0,0.0,5.18680555555556,4.14944444444444,3.89010416666667,25036.4,24774.9,18454.0,17867.3,1360.0,1259.0,0.0,0.0,747.0,2343.0,3.88,18.0,3.88,17.0,0.0,11299.3455555556,0.0,67.5,152.60000000000002,37.4,52.0,119.3,104.9,71.6,32.0,-1.5400000000000205,99.0,13.933,745.6,46.21,14.205,0.0,0.0,0.0,0.0,0.0,0.0,0.0,0.0,0.0,0.0,0.0,744.1,-48.900000000000006,3.0,0.0,0.0,0.0,908.0,2857.0,0.0,51.8,1.0,0.0,825.6,0.0,0.0,0.7000000000000001,13.0,0.0,41.0,0.0,51.8,51.8,350.0,825.6,-50.0,0.0,0.0,0.0,0.0,400.0,0.0,0.0,0.0,0.0,0.0,0.0,68.0,747.7,4.441,0.0,13.939500099999998,22.475397714484995,0.0,4.6048085431082475,32.99380182235743,1.62452178863553,1.608437414490624,-3.897968141736901,-0.0032694593148525,-2.422084362199199,-5.900510000000001,0.0,-0.0421245705699412,0.0,10.0,5.999999999999998,5.0,67.00000000000001,21.999999999999996,94.0,0.0,12.0,14.000000000000002,7.000000000000001,5.999999999999998,30.868400416567244,14.996793724648056,7.409133441166017,122.63246649877215,47.75000000000002
850.0,13.5,-7.9,746.9,0.0,0.0,0.0,23.0,44.6,50.0,46.4,48.2,46.4,-5.90051,41.0,60.8,11299.345555555556,40677644.0,0.0,0.0,5.18680555555556,4.14944444444444,3.89010416666667,25036.4,24774.9,18454.0,17867.3,1360.0,1259.0,0.0,0.0,747.0,2343.0,3.88,18.0,3.88,17.0,0.0,11299.3455555556,0.0,67.5,,37.4,52.0,119.3,104.9,71.6,32.0,-1.240000000000009,99.0,13.925,741.2,47.85,14.232,0.0,0.0,0.0,0.0,0.0,0.0,0.0,0.0,0.0,0.0,0.0,744.1,-77.4,3.0,0.0,0.0,0.0,908.0,2857.0,0.0,53.6,1.0,0.0,825.6,0.0,0.0,0.7000000000000001,13.0,0.0,41.0,0.0,51.8,51.8,350.0,825.6,-50.0,0.0,0.0,0.0,0.0,400.0,0.0,0.0,0.0,0.0,0.0,0.0,68.0,747.7,4.441,0.0,13.939500099999998,22.475397714484995,0.0,4.6048085431082475,32.99380182235743,1.62452178863553,1.608437414490624,-3.897968141736901,-0.0032694593148525,-2.422084362199199,-5.900510000000001,0.0,-0.0421245705699412,0.0,10.0,5.999999999999998,5.0,,21.999999999999996,,0.0,12.0,14.000000000000002,7.000000000000001,5.999999999999998,30.868400416567244,14.996793724648056,7.409133441166017,122.63246649877215,49.09000000000001
851.0,13.5,1.1,745.0,0.0,0.0,0.0,23.0,44.6,50.0,46.4,48.2,46.4,0.8195,41.0,60.8,11299.346111111112,40677646.0,0.0,0.0,5.17361111111111,4.13888888888889,3.88020833333333,25036.4,24774.9,18454.0,17867.3,1300.0,979.0,986.0,0.0,745.0,2343.0,3.88,16.0,3.86,17.0,0.0,11299.3461111111,0.0,67.5,,37.4,52.0,119.3,104.9,71.6,32.0,-1.240000000000009,99.0,13.925,741.2,47.85,14.232,0.0,0.0,0.0,0.0,0.0,0.0,0.0,0.0,0.0,0.0,0.0,742.0,-77.4,3.0,0.0,0.0,0.0,908.0,2857.0,0.0,53.6,1.0,0.0,825.6,0.0,0.0,0.7000000000000001,13.0,0.0,41.0,0.0,51.8,51.8,350.0,825.6,-50.0,0.0,0.0,0.0,0.0,400.0,0.0,0.0,0.0,0.0,0.0,0.0,68.0,745.2,4.44,,,22.475397714484995,0.0,4.6048085431082475,32.99380182235743,1.6249899304904285,1.6089009212776515,18.303843807199513,0.0004635067870277,11.37347773032337,0.8195000000000001,0.0,-0.0421245705699412,0.0,10.0,5.999999999999998,5.0,,21.999999999999996,,0.0,12.0,14.000000000000002,7.000000000000001,5.999999999999998,,14.996793724648056,7.409133441166017,122.63246649877215,49.09000000000001
852.0,13.5,1.1,745.0,0.0,0.0,0.0,23.0,44.6,50.0,46.4,48.2,46.4,0.8195,41.0,60.8,11299.346111111112,40677646.0,0.0,0.0,5.17361111111111,4.13888888888889,3.88020833333333,25036.4,24774.9,18454.0,17867.3,1300.0,979.0,986.0,0.0,745.0,2343.0,3.88,16.0,3.86,17.0,0.0,11299.3461111111,0.0,67.5,,37.4,52.0,119.3,104.9,71.6,32.0,1.9499999999999889,99.0,13.95,740.6,45.39,14.23,0.0,0.0,0.0,0.0,0.0,0.0,0.0,0.0,0.0,0.0,0.0,742.0,-97.7,3.0,0.0,0.0,0.0,908.0,2857.0,0.0,53.6,1.0,0.0,825.6,0.0,0.0,0.7000000000000001,13.0,0.0,41.0,0.0,51.8,51.8,350.0,825.6,-50.0,0.0,0.0,0.0,0.0,400.0,0.0,0.0,0.0,0.0,0.0,0.0,68.0,745.2,4.44,10.74205,13.9707513,22.475397714484995,0.0,4.6048085431082475,32.99380182235743,1.6249899304904285,1.6089009212776515,18.303843807199513,0.0004635067870277,11.37347773032337,0.8195000000000001,0.0,-0.0421245705699412,0.0,10.0,5.999999999999998,5.0,,21.999999999999996,,0.0,12.0,14.000000000000002,7.000000000000001,5.999999999999998,11.981813319588602,14.996793724648056,7.409133441166017,122.63246649877215,43.44000000000001
853.0,13.6,11.8,743.1,0.0,0.0,0.0,23.0,44.6,50.0,46.4,48.2,46.4,8.76858,41.0,60.8,11299.346666666666,40677648.0,0.0,0.0,5.16041666666667,4.12833333333333,3.8703125,25036.4,24774.9,18454.0,17867.3,1240.0,1102.0,1095.0,0.0,743.0,2343.0,3.86,16.0,3.86,25.0,0.0,11299.3466666667,0.0,67.5,,37.4,52.0,119.3,104.9,71.6,32.0,1.9499999999999889,99.0,13.95,740.6,45.39,14.23,0.0,0.0,0.0,0.0,0.0,0.0,0.0,0.0,0.0,0.0,0.0,739.7,-97.7,3.0,0.0,0.0,0.0,908.0,2857.0,0.0,53.6,1.0,0.0,825.6,0.0,0.0,0.7000000000000001,13.0,0.0,41.0,0.0,51.8,51.8,350.0,825.6,-50.0,0.0,0.0,0.0,0.0,400.0,0.0,0.0,0.0,0.0,0.0,0.0,68.0,743.2,4.441,10.74205,13.9707513,22.475397714484995,0.0,4.6048085431082475,32.99380182235743,1.6302209571953985,1.6140801556390083,1.710653264268559,0.0051792343613566,1.0629503294718186,8.76858,0.0,-0.0421245705699412,0.0,10.0,5.999999999999998,5.0,,21.999999999999996,,0.0,12.0,14.000000000000002,7.000000000000001,5.999999999999998,11.981813319588602,14.996793724648056,7.409133441166017,122.63246649877215,43.44000000000001
854.0,13.6,11.8,743.1,0.0,0.0,0.0,23.0,44.6,50.0,46.4,48.2,46.4,8.76858,41.0,60.8,11299.346666666666,40677648.0,0.0,0.0,5.16041666666667,4.12833333333333,3.8703125,25036.4,24774.9,18454.0,17867.3,1240.0,1102.0,1095.0,0.0,743.0,2343.0,3.86,16.0,3.86,25.0,0.0,11299.3466666667,0.0,67.5,,37.4,52.0,119.3,104.9,71.6,32.0,3.2200000000000273,100.0,13.982,739.5,34.77,14.211,0.0,0.0,0.0,0.0,0.0,0.0,0.0,0.0,0.0,0.0,0.0,739.7,32.0,3.0,0.0,0.0,0.0,908.0,2857.0,0.0,53.6,1.0,0.0,825.6,0.0,0.0,0.7000000000000001,13.0,0.0,41.0,0.0,51.8,51.8,350.0,825.6,-50.0,0.0,0.0,0.0,0.0,400.0,0.0,0.0,0.0,0.0,0.0,0.0,68.0,743.2,4.441,10.74205,13.9707513,22.475397714484995,0.0,4.6048085431082475,32.99380182235743,1.6302209571953985,1.6140801556390083,1.710653264268559,0.0051792343613566,1.0629503294718186,8.76858,0.0,-0.0421245705699412,0.0,10.0,5.999999999999998,5.0,,21.999999999999996,,0.0,12.0,14.000000000000002,7.000000000000001,5.999999999999998,11.981813319588602,14.996793724648056,7.409133441166017,122.63246649877215,31.549999999999976
855.0,13.6,11.8,743.1,0.0,0.0,0.0,23.0,44.6,50.0,46.4,48.2,46.4,8.76858,41.0,60.8,11299.346666666666,40677648.0,0.0,0.0,5.16041666666667,4.12833333333333,3.8703125,25036.4,24774.9,18454.0,17867.3,1240.0,1102.0,1095.0,0.0,743.0,2343.0,3.86,16.0,3.86,25.0,0.0,11299.3466666667,0.0,67.5,,,,,,,,3.2200000000000273,100.0,13.982,739.5,34.77,14.211,0.0,0.0,0.0,0.0,0.0,0.0,0.0,0.0,0.0,0.0,0.0,740.5,32.0,3.0,0.0,0.0,0.0,908.0,2857.0,0.0,53.6,1.0,0.0,825.6,0.0,0.0,0.7000000000000001,13.0,0.0,41.0,0.0,51.8,51.8,350.0,825.6,-50.0,0.0,0.0,0.0,0.0,400.0,0.0,0.0,0.0,0.0,0.0,0.0,68.0,743.0,4.441,11.425635,13.9614736,,0.0,,,1.6302209571953985,1.6140801556390083,1.710653264268559,0.0051792343613566,1.0629503294718186,8.76858,0.0,,0.0,10.0,5.999999999999998,5.0,,,,,12.0,14.000000000000002,7.000000000000001,5.999999999999998,14.51252226062296,,,,31.549999999999976
856.0,13.6,11.6,743.0,0.0,0.0,0.0,23.0,44.6,50.0,46.4,48.2,46.4,8.6188,41.0,60.8,11299.347222222224,40677650.0,0.0,0.0,5.15972222222222,4.12777777777778,3.86979166666667,25036.4,24775.0,18454.0,17867.3,1200.0,1145.0,1141.0,0.0,743.0,2343.0,3.86,16.0,3.86,63.0,0.0,11299.3472222222,0.0,67.5,149.0,,,,,,,3.2200000000000273,100.0,13.982,739.5,34.77,14.211,0.0,0.0,0.0,0.0,0.0,0.0,0.0,0.0,0.0,0.0,0.0,740.5,-3.3000000000000003,3.0,0.0,0.0,0.0,908.0,2857.0,0.0,53.6,1.0,0.0,825.6,0.0,0.0,0.7000000000000001,13.0,0.0,41.0,0.0,51.8,51.8,350.0,825.6,-50.0,0.0,0.0,0.0,0.0,400.0,0.0,0.0,0.0,0.0,0.0,0.0,68.0,743.0,4.441,11.425635,13.9614736,,0.0,,,1.635630905571843,1.6194365401701416,1.710653264268559,0.0053563845311333,1.0629503294718186,8.618799999999998,0.0,,0.0,10.0,5.999999999999998,5.0,65.0,,88.0,,12.0,14.000000000000002,7.000000000000001,5.999999999999998,14.51252226062296,,,,31.549999999999976
857.0,13.6,1.0,744.9,0.0,0.0,0.0,23.0,44.6,50.0,46.4,48.2,46.4,0.7449,41.0,60.8,11299.347777777775,40677652.0,0.0,0.0,5.17291666666667,4.13833333333333,3.8796875,25036.4,24775.0,18454.0,17867.3,1140.0,913.0,915.0,0.0,745.0,2255.0,3.88,144.0,3.86,17.0,0.0,11299.3477777778,0.0,67.5,149.0,,,,,,,3.2200000000000273,100.0,13.982,739.5,34.77,14.211,0.0,0.0,0.0,0.0,0.0,0.0,0.0,0.0,0.0,0.0,0.0,742.1,-3.3000000000000003,3.0,0.0,0.0,0.0,908.0,2857.0,0.0,53.6,1.0,0.0,825.6,0.0,0.0,0.7000000000000001,13.0,0.0,41.0,0.0,51.8,51.8,350.0,825.6,-50.0,0.0,0.0,0.0,0.0,400.0,0.0,0.0,0.0,0.0,0.0,0.0,68.0,744.8000000000001,4.439,11.425635,13.9614736,,0.0,,,1.635988078515615,1.6197901767481333,1.710653264268559,0.0003536365779916,1.0629503294718186,0.7449,0.0,,0.0,10.0,5.999999999999998,5.0,65.0,,88.0,,12.0,14.000000000000002,7.000000000000001,5.999999999999998,14.51252226062296,,,,31.549999999999976
858.0,13.6,1.0,744.9,0.0,0.0,0.0,23.0,44.6,50.0,46.4,48.2,46.4,0.7449,41.0,60.8,11299.347777777775,40677652.0,0.0,0.0,5.17291666666667,4.13833333333333,3.8796875,25036.4,24775.0,18454.0,17867.3,1140.0,913.0,915.0,0.0,745.0,2255.0,3.88,144.0,3.86,17.0,0.0,11299.3477777778,0.0,67.5,148.10000000000002,,,,,,,2.5,100.0,13.984,740.4000000000001,28.36,14.195,0.0,0.0,0.0,0.0,0.0,0.0,0.0,0.0,0.0,0.0,0.0,742.1,-156.4,3.0,0.0,0.0,0.0,908.0,2857.0,0.0,53.6,1.0,0.0,825.6,0.0,0.0,0.7000000000000001,13.0,0.0,41.0,0.0,51.8,51.8,350.0,825.6,-50.0,0.0,0.0,0.0,0.0,400.0,0.0,0.0,0.0,0.0,0.0,0.0,68.0,744.8000000000001,4.439,11.425635,13.9614736,,0.0,,,1.635988078515615,1.6197901767481333,1.710653264268559,0.0003536365779916,1.0629503294718186,0.7449,0.0,,0.0,10.0,5.999999999999998,5.0,64.50000000000001,,86.0,,12.0,14.000000000000002,7.000000000000001,5.999999999999998,14.51252226062296,,,,25.86
859.0,13.6,1.0,744.9,0.0,0.0,0.0,23.0,44.6,50.0,46.4,48.2,46.4,0.7449,41.0,60.8,11299.347777777775,40677652.0,0.0,0.0,5.17291666666667,4.13833333333333,3.8796875,25036.4,24775.0,18454.0,17867.3,1080.0,913.0,915.0,0.0,745.0,2255.0,3.88,144.0,3.86,17.0,0.0,11299.3477777778,0.0,67.5,148.10000000000002,,,,,,,2.5,100.0,13.984,740.4000000000001,28.36,14.195,0.0,0.0,0.0,0.0,0.0,0.0,0.0,0.0,0.0,0.0,0.0,741.4000000000001,-156.4,3.0,0.0,0.0,0.0,908.0,2857.0,0.0,53.6,1.0,0.0,825.6,0.0,0.0,0.7000000000000001,13.0,0.0,41.0,0.0,51.8,51.8,350.0,825.6,-50.0,0.0,0.0,0.0,0.0,400.0,0.0,0.0,0.0,0.0,0.0,0.0,68.0,744.7,4.442,,,,0.0,,,1.635988078515615,1.6197901767481333,,0.0003536365779916,,0.7449,0.0,,0.0,10.0,5.999999999999998,5.0,64.50000000000001,,86.0,,12.0,14.000000000000002,7.000000000000001,5.999999999999998,,,,,25.86
860.0,13.6,2.8,744.6,0.0,0.0,0.0,23.0,44.6,50.0,46.4,48.2,46.4,2.08488,41.0,60.8,11299.348333333332,40677654.0,0.0,0.0,5.17083333333333,4.13666666666667,3.878125,25036.4,24775.0,18454.0,17867.3,1080.0,578.0,664.0,0.0,745.0,2255.0,3.88,16.0,3.86,17.0,0.0,11299.3483333333,0.0,67.5,148.10000000000002,37.4,52.0,119.3,104.9,71.6,32.0,-1.8999999999999773,99.0,13.957,740.9000000000001,27.9,14.211,0.0,0.0,0.0,0.0,0.0,0.0,0.0,0.0,0.0,0.0,0.0,741.4000000000001,-123.3,3.0,0.0,0.0,0.0,908.0,2857.0,0.0,53.6,1.0,0.0,825.6,0.0,0.0,0.7000000000000001,13.0,0.0,41.0,0.0,51.8,51.8,350.0,825.6,-50.0,0.0,0.0,0.0,0.0,400.0,0.0,0.0,0.0,0.0,0.0,0.0,68.0,744.7,4.442,,,22.227699626392297,0.0,4.617155188698003,33.00614846794719,1.6372527402769117,1.6210423171058532,,0.00125214035772,,2.08488,0.0,-0.0353346043821368,0.0,10.0,5.999999999999998,5.0,64.50000000000001,21.999999999999996,86.0,0.0,12.0,14.000000000000002,7.000000000000001,5.999999999999998,,6.9985037381690915,7.428999441894697,122.65233225152608,29.799999999999976
861.0,13.6,2.8,744.6,0.0,0.0,0.0,23.0,44.6,50.0,46.4,48.2,46.4,2.08488,41.0,60.8,11299.348333333332,40677654.0,0.0,0.0,5.17083333333333,4.13666666666667,3.878125,25036.4,24775.0,18454.0,17867.3,1040.0,578.0,664.0,0.0,745.0,2255.0,3.88,16.0,3.86,17.0,0.0,11299.3483333333,0.0,67.5,148.10000000000002,37.4,52.0,119.3,104.9,71.6,32.0,-1.8999999999999773,99.0,13.957,740.9000000000001,27.9,14.211,0.0,0.0,0.0,0.0,0.0,0.0,0.0,0.0,0.0,0.0,0.0,741.5,-123.3,3.0,0.0,0.0,0.0,908.0,2857.0,0.0,53.6,1.0,0.0,825.6,0.0,0.0,0.7000000000000001,13.0,0.0,41.0,0.0,51.8,51.8,350.0,825.6,-50.0,0.0,0.0,0.0,0.0,400.0,0.0,0.0,0.0,0.0,0.0,0.0,68.0,744.6,4.447,,,22.227699626392297,0.0,4.617155188698003,33.00614846794719,1.6372527402769117,1.6210423171058532,,0.00125214035772,,2.08488,0.0,-0.0353346043821368,0.0,10.0,5.999999999999998,5.0,64.50000000000001,21.999999999999996,86.0,0.0,12.0,14.000000000000002,7.000000000000001,5.999999999999998,,6.9985037381690915,7.428999441894697,122.65233225152608,29.799999999999976
862.0,13.5,2.8,744.6,0.0,0.0,0.0,23.0,44.6,50.0,46.4,48.2,46.4,2.08488,41.0,60.8,11299.34888888889,40677656.0,0.0,0.0,5.17083333333333,4.13666666666667,3.878125,25036.4,24775.0,18454.0,17867.3,1040.0,545.0,587.0,0.0,745.0,2255.0,3.88,7.0,3.86,17.0,0.0,11299.3488888889,0.0,67.5,147.2,37.4,53.0,119.3,104.9,71.6,32.0,0.4200000000000159,100.0,13.987,740.6,46.51,14.191,0.0,0.0,0.0,0.0,0.0,0.0,0.0,0.0,0.0,0.0,0.0,741.5,-152.70000000000002,3.0,0.0,0.0,0.0,908.0,2857.0,0.0,53.6,1.0,0.0,825.6,0.0,0.0,0.7000000000000001,13.0,0.0,41.0,0.0,51.8,51.8,350.0,825.6,-50.0,0.0,0.0,0.0,0.0,400.0,0.0,0.0,0.0,0.0,0.0,0.0,68.0,744.6,4.447,,,22.178855942086123,0.0,4.619205092261194,33.00819837151038,1.638408901495658,1.6221870311838198,13.733560606323255,0.0011447140779666,8.53363628751169,2.08488,0.0,-0.041780265091011,0.0,10.0,5.999999999999998,5.0,64.0,21.999999999999996,83.0,0.0,12.0,14.000000000000002,7.000000000000001,5.999999999999998,,5.998717489859223,7.432298085653271,122.65563054635925,46.08999999999998
863.0,13.5,2.8,744.6,0.0,0.0,0.0,23.0,44.6,50.0,46.4,48.2,46.4,2.08488,41.0,60.8,11299.34888888889,40677656.0,0.0,0.0,5.17083333333333,4.13666666666667,3.878125,25036.4,24775.0,18454.0,17867.3,980.0,545.0,587.0,0.0,745.0,2255.0,3.88,7.0,3.86,17.0,0.0,11299.3488888889,0.0,67.5,147.2,37.4,53.0,119.3,104.9,71.6,32.0,0.4200000000000159,100.0,13.987,740.6,46.51,14.191,0.0,0.0,0.0,0.0,0.0,0.0,0.0,0.0,0.0,0.0,0.0,741.9000000000001,-152.70000000000002,3.0,0.0,0.0,0.0,908.0,2857.0,0.0,53.6,1.0,0.0,825.6,0.0,0.0,0.7000000000000001,13.0,0.0,41.0,0.0,51.8,51.8,350.0,825.6,-50.0,0.0,0.0,0.0,0.0,400.0,0.0,0.0,0.0,0.0,0.0,0.0,68.0,744.8000000000001,4.44,,,22.178855942086123,0.0,4.619205092261194,33.00819837151038,1.638408901495658,1.6221870311838198,13.733560606323255,0.0011447140779666,8.53363628751169,2.08488,0.0,-0.041780265091011,0.0,10.0,5.999999999999998,5.0,64.0,21.999999999999996,83.0,0.0,12.0,14.000000000000002,7.000000000000001,5.999999999999998,,5.998717489859223,7.432298085653271,122.65563054635925,46.08999999999998
864.0,13.6,2.9,744.7,0.0,0.0,0.0,23.0,44.6,50.0,46.4,48.2,46.4,2.15963,41.0,60.8,11299.349444444444,40677658.0,0.0,0.0,5.17152777777778,4.13722222222222,3.87864583333333,25036.4,24775.0,18454.0,17867.3,980.0,216.0,222.0,0.0,744.0,2255.0,3.88,53.0,3.86,17.0,0.0,11299.3494444444,0.0,67.5,146.3,37.4,53.0,119.3,104.9,71.6,32.0,1.7200000000000273,100.0,13.987,741.7,30.99,14.181,0.0,0.0,0.0,0.0,0.0,0.0,0.0,0.0,0.0,0.0,0.0,741.9000000000001,35.6,3.0,0.0,0.0,0.0,908.0,2857.0,0.0,53.6,1.0,0.0,825.6,0.0,0.0,0.7000000000000001,13.0,0.0,41.0,0.0,51.8,51.8,350.0,825.6,-50.0,0.0,0.0,0.0,0.0,400.0,0.0,0.0,0.0,0.0,0.0,0.0,68.0,744.8000000000001,4.44,,,22.122706459423977,0.0,4.6199010279965,33.00889430724568,1.6396308020507588,1.6233968337136226,2.7782536823437343,0.0012098025298027,1.7263262688516088,2.15963,0.0,-0.0366452981696061,0.0,10.0,5.999999999999998,5.0,63.5,21.999999999999996,82.0,0.0,12.0,14.000000000000002,7.000000000000001,5.999999999999998,,1.9995724966197406,7.433417990442772,122.65675030695735,29.26999999999997
865.0,13.6,2.9,744.7,0.0,0.0,0.0,23.0,44.6,50.0,46.4,48.2,46.4,2.15963,41.0,60.8,11299.349444444444,40677658.0,0.0,0.0,5.17152777777778,4.13722222222222,3.87864583333333,25036.4,24775.0,18454.0,17867.3,920.0,216.0,222.0,0.0,744.0,2255.0,3.88,53.0,3.86,17.0,0.0,11299.3494444444,0.0,67.5,146.3,37.4,53.0,119.3,104.9,71.6,32.0,1.7200000000000273,100.0,13.987,741.7,30.99,14.181,0.0,0.0,0.0,0.0,0.0,0.0,0.0,0.0,0.0,0.0,0.0,742.8000000000001,35.6,3.0,0.0,0.0,0.0,908.0,2857.0,0.0,53.6,1.0,0.0,825.6,0.0,0.0,0.7000000000000001,13.0,0.0,41.0,0.0,51.8,51.8,350.0,825.6,-50.0,0.0,0.0,0.0,0.0,400.0,0.0,0.0,0.0,0.0,0.0,0.0,68.0,744.6,4.44,,,22.122706459423977,0.0,4.6199010279965,33.00889430724568,1.6396308020507588,1.6233968337136226,2.7782536823437343,0.0012098025298027,1.7263262688516088,2.15963,0.0,-0.0366452981696061,0.0,10.0,5.999999999999998,5.0,63.5,21.999999999999996,82.0,0.0,12.0,14.000000000000002,7.000000000000001,5.999999999999998,,1.9995724966197406,7.433417990442772,122.65675030695735,29.26999999999997
866.0,13.5,2.4,744.7,0.0,0.0,0.0,23.0,44.6,50.0,46.4,48.2,44.6,1.78728,41.0,60.8,11299.35,40677660.0,0.0,0.0,5.17152777777778,4.13722222222222,3.87864583333333,25036.4,24775.0,18454.0,17867.3,920.0,110.0,105.0,0.0,745.0,2256.0,3.88,16.0,3.86,93.0,0.0,11299.35,0.0,67.5,145.4,37.4,53.0,119.3,104.9,71.6,32.0,-2.319999999999993,99.0,13.938,741.6,34.24,14.2,0.0,0.0,0.0,0.0,0.0,0.0,0.0,0.0,0.0,0.0,0.0,742.8000000000001,-12.6,3.0,0.0,0.0,0.0,908.0,2857.0,0.0,53.6,1.0,0.0,825.6,0.0,0.0,0.7000000000000001,13.0,0.0,41.0,0.0,51.8,51.8,350.0,825.6,-50.0,0.0,0.0,0.0,0.0,400.0,0.0,0.0,0.0,0.0,0.0,0.0,68.0,744.6,4.44,0.0,13.960497,22.06654336090033,0.0,4.620240918038654,33.00923419728784,1.6406017873737009,1.624358205320496,1.1190188442773377,0.0009613716068733,0.6953258582874536,1.78728,0.0,-0.0244454580106894,0.0,10.0,5.999999999999998,5.0,63.0,21.999999999999996,79.00000000000001,0.0,12.0,14.000000000000002,7.000000000000001,5.999999999999998,0.843569647011453,0.9997862483098703,7.433964783428747,122.65729719003518,36.559999999999995
867.0,13.5,2.4,744.7,0.0,0.0,0.0,23.0,44.6,50.0,46.4,48.2,44.6,1.78728,41.0,60.8,11299.35,40677660.0,0.0,0.0,5.17152777777778,4.13722222222222,3.87864583333333,25036.4,24775.0,18454.0,17867.3,860.0,110.0,105.0,0.0,745.0,2256.0,3.88,16.0,3.86,93.0,0.0,11299.35,0.0,67.5,145.4,37.4,53.0,119.3,104.9,71.6,32.0,-2.319999999999993,99.0,13.938,741.6,34.24,14.2,0.0,0.0,0.0,0.0,0.0,0.0,0.0,0.0,0.0,0.0,0.0,741.5,-12.6,3.0,0.0,0.0,0.0,908.0,2857.0,0.0,53.6,1.0,0.0,825.6,0.0,0.0,0.7000000000000001,13.0,0.0,41.0,0.0,51.8,51.8,350.0,825.6,-50.0,0.0,0.0,0.0,0.0,400.0,0.0,0.0,0.0,0.0,0.0,0.0,68.0,744.8000000000001,4.441,0.0,13.960497,22.06654336090033,0.0,4.620240918038654,33.00923419728784,1.6406017873737009,1.624358205320496,1.1190188442773377,0.0009613716068733,0.6953258582874536,1.78728,0.0,-0.0244454580106894,0.0,10.0,5.999999999999998,5.0,63.0,21.999999999999996,79.00000000000001,0.0,12.0,14.000000000000002,7.000000000000001,5.999999999999998,0.843569647011453,0.9997862483098703,7.433964783428747,122.65729719003518,36.559999999999995
868.0,13.6,2.0,744.8,0.0,0.0,0.0,23.0,44.6,50.0,46.4,48.2,44.6,1.4896,41.0,60.8,11299.350555555557,40677662.0,0.0,0.0,5.17222222222222,4.13777777777778,3.87916666666667,25036.4,24775.0,18454.0,17867.3,860.0,0.0,0.0,0.0,745.0,2256.0,3.88,3.0,3.86,17.0,0.0,11299.3505555556,0.0,67.5,144.5,37.4,53.0,119.3,104.9,71.6,32.0,1.8000000000000114,100.0,13.973,741.0,36.63,14.185,0.0,0.0,0.0,0.0,0.0,0.0,0.0,0.0,0.0,0.0,0.0,741.5,-4.9,3.0,0.0,0.0,0.0,908.0,2857.0,0.0,53.6,1.0,0.0,825.6,0.0,0.0,0.7000000000000001,13.0,0.0,41.0,0.0,51.8,51.8,350.0,825.6,-50.0,0.0,0.0,0.0,0.0,400.0,0.0,0.0,0.0,0.0,0.0,0.0,68.0,744.8000000000001,4.441,0.0,13.939500099999998,22.00813202136058,0.0,4.620240918038654,33.00923419728784,1.6414573813353102,1.6252053280547625,0.6713211600429646,0.0008471227342666,0.4171395005370569,1.4895999999999998,0.0,-0.024895856243182,0.0,10.0,5.999999999999998,5.0,62.5,21.999999999999996,77.0,0.0,12.0,14.000000000000002,7.000000000000001,5.999999999999998,-0.10935162090889206,0.0,7.433964783428747,122.65729719003518,34.82999999999999
869.0,13.6,2.0,744.8,0.0,0.0,0.0,23.0,44.6,50.0,46.4,48.2,44.6,1.4896,41.0,60.8,11299.350555555557,40677662.0,0.0,0.0,5.17222222222222,4.13777777777778,3.87916666666667,25036.4,24775.0,18454.0,17867.3,800.0,0.0,0.0,0.0,745.0,2256.0,3.88,3.0,3.86,17.0,0.0,11299.3505555556,0.0,67.5,144.5,37.4,53.0,119.3,104.9,71.6,32.0,1.8000000000000114,100.0,13.973,741.0,36.63,14.185,0.0,0.0,0.0,0.0,0.0,0.0,0.0,0.0,0.0,0.0,0.0,742.0,-4.9,3.0,0.0,0.0,0.0,908.0,2857.0,0.0,53.6,1.0,0.0,825.6,0.0,0.0,0.7000000000000001,13.0,0.0,41.0,0.0,51.8,51.8,350.0,825.6,-50.0,0.0,0.0,0.0,0.0,400.0,0.0,0.0,0.0,0.0,0.0,0.0,68.0,744.9000000000001,4.441,0.0,13.939500099999998,22.00813202136058,0.0,4.620240918038654,33.00923419728784,1.6414573813353102,1.6252053280547625,0.6713211600429646,0.0008471227342666,0.4171395005370569,1.4895999999999998,0.0,-0.024895856243182,0.0,10.0,5.999999999999998,5.0,62.5,21.999999999999996,77.0,0.0,12.0,14.000000000000002,7.000000000000001,5.999999999999998,-0.10935162090889206,0.0,7.433964783428747,122.65729719003518,34.82999999999999
870.0,13.6,1.5,745.0,0.0,0.0,0.0,23.0,44.6,50.0,46.4,48.2,44.6,1.1175,41.0,60.8,11299.351111111111,40677664.0,0.0,0.0,5.17361111111111,4.13888888888889,3.88020833333333,25036.4,24775.0,18454.0,17867.3,800.0,0.0,0.0,0.0,745.0,2256.0,3.88,16.0,3.86,17.0,0.0,11299.3511111111,0.0,67.5,143.60000000000002,37.4,53.0,119.3,104.9,71.6,32.0,2.150000000000034,100.0,13.987,741.3000000000001,33.77,14.178,0.0,0.0,0.0,0.0,0.0,0.0,0.0,0.0,0.0,0.0,0.0,742.0,2.2,3.0,0.0,0.0,0.0,908.0,2857.0,0.0,53.6,1.0,0.0,825.6,0.0,0.0,0.7000000000000001,13.0,0.0,41.0,0.0,51.8,51.8,350.0,825.6,-50.0,0.0,0.0,0.0,0.0,400.0,0.0,0.0,0.0,0.0,0.0,0.0,68.0,744.9000000000001,4.441,0.0,13.9707513,21.946940534779035,0.0,4.620240918038654,33.00923419728784,1.6421031675660955,1.6258447203624709,0.0,0.0006393923077083,0.4171395005370569,1.1175,0.0,-0.0211320955882914,0.0,10.0,5.999999999999998,5.0,62.000000000000014,21.999999999999996,75.0,0.0,12.0,14.000000000000002,7.000000000000001,5.999999999999998,0.0,0.0,7.433964783428747,122.65729719003518,31.61999999999997
871.0,13.6,1.5,745.0,0.0,0.0,0.0,23.0,44.6,50.0,46.4,48.2,44.6,1.1175,41.0,60.8,11299.351111111111,40677664.0,0.0,0.0,5.17361111111111,4.13888888888889,3.88020833333333,25036.4,24775.0,18454.0,17867.3,800.0,0.0,0.0,0.0,745.0,2256.0,3.88,16.0,3.86,17.0,0.0,11299.3511111111,0.0,67.5,143.60000000000002,37.4,53.0,119.3,104.9,71.6,32.0,2.150000000000034,100.0,13.987,741.3000000000001,33.77,14.178,0.0,0.0,0.0,0.0,0.0,0.0,0.0,0.0,0.0,0.0,0.0,741.8000000000001,2.2,3.0,0.0,0.0,0.0,908.0,2857.0,0.0,53.6,1.0,0.0,825.6,0.0,0.0,0.7000000000000001,13.0,0.0,41.0,0.0,51.8,51.8,350.0,825.6,-50.0,0.0,0.0,0.0,0.0,400.0,0.0,0.0,0.0,0.0,0.0,0.0,68.0,745.0,4.439,0.0,13.9707513,21.946940534779035,0.0,4.620240918038654,33.00923419728784,1.6421031675660955,1.6258447203624709,0.0,0.0006393923077083,0.4171395005370569,1.1175,0.0,-0.0211320955882914,0.0,10.0,5.999999999999998,5.0,62.000000000000014,21.999999999999996,75.0,0.0,12.0,14.000000000000002,7.000000000000001,5.999999999999998,0.0,0.0,7.433964783428747,122.65729719003518,31.61999999999997
872.0,13.6,1.5,745.0,0.0,0.0,0.0,23.0,44.6,50.0,46.4,48.2,44.6,1.1175,41.0,60.8,11299.351666666667,40677666.0,0.0,0.0,5.17361111111111,4.13888888888889,3.88020833333333,25036.4,24775.0,18454.0,17867.3,800.0,0.0,0.0,0.0,745.0,2256.0,3.88,16.0,3.86,17.0,0.0,11299.3516666667,0.0,67.5,142.7,37.4,53.0,119.3,104.9,71.6,32.0,1.740000000000009,100.0,13.981,741.6,32.77,14.177,0.0,0.0,0.0,0.0,0.0,0.0,0.0,0.0,0.0,0.0,0.0,741.8000000000001,1.8,3.0,0.0,0.0,0.0,908.0,2857.0,0.0,53.6,1.0,0.0,825.6,0.0,0.0,0.7000000000000001,13.0,0.0,41.0,0.0,51.8,51.8,350.0,825.6,-50.0,0.0,0.0,0.0,0.0,400.0,0.0,0.0,0.0,0.0,0.0,0.0,68.0,745.0,4.439,0.0,13.9707513,21.88577342024412,0.0,4.620240918038654,33.00923419728784,1.6427578714267037,1.6264929420066374,0.0,0.0006482216441666,,1.1175,0.0,-0.0069646185204071,0.0,10.0,5.999999999999998,5.0,61.5,21.999999999999996,72.0,0.0,12.0,14.000000000000002,7.000000000000001,5.999999999999998,0.0,0.0,7.433964783428747,122.65729719003518,31.029999999999994
873.0,13.6,1.5,745.0,0.0,0.0,0.0,23.0,44.6,50.0,46.4,48.2,44.6,1.1175,41.0,60.8,11299.351666666667,40677666.0,0.0,0.0,5.17361111111111,4.13888888888889,3.88020833333333,25036.4,24775.0,18454.0,17867.3,800.0,0.0,0.0,0.0,745.0,2256.0,3.88,16.0,3.86,17.0,0.0,11299.3516666667,0.0,67.5,142.7,37.4,53.0,119.3,104.9,71.6,32.0,1.740000000000009,100.0,13.981,741.6,32.77,14.177,0.0,0.0,0.0,0.0,0.0,0.0,0.0,0.0,0.0,0.0,0.0,742.8000000000001,1.8,3.0,0.0,0.0,0.0,908.0,2857.0,0.0,53.6,1.0,0.0,825.6,0.0,0.0,0.7000000000000001,13.0,0.0,41.0,0.0,51.8,51.8,350.0,825.6,-50.0,0.0,0.0,0.0,0.0,400.0,0.0,0.0,0.0,0.0,0.0,0.0,68.0,745.0,4.437,0.0,13.9697747,21.88577342024412,0.0,4.620240918038654,33.00923419728784,1.6427578714267037,1.6264929420066374,0.0,0.0006482216441666,,1.1175,0.0,-0.0069646185204071,0.0,10.0,5.999999999999998,5.0,61.5,21.999999999999996,72.0,0.0,12.0,14.000000000000002,7.000000000000001,5.999999999999998,0.0,0.0,7.433964783428747,122.65729719003518,31.029999999999994
874.0,13.6,1.4,745.0,0.0,0.0,0.0,23.0,44.6,50.0,46.4,48.2,44.6,1.043,41.0,60.8,11299.352222222222,40677668.0,0.0,0.0,5.17361111111111,4.13888888888889,3.88020833333333,25036.4,24775.0,18454.0,17867.3,800.0,0.0,0.0,0.0,745.0,2256.0,3.88,16.0,3.86,17.0,0.0,11299.3522222222,0.0,67.5,141.8,37.4,53.0,119.3,104.9,71.6,32.0,1.6299999999999957,100.0,13.977,742.6,27.23,14.166,0.0,0.0,0.0,0.0,0.0,0.0,0.0,0.0,0.0,0.0,0.0,742.8000000000001,1.9,3.0,0.0,0.0,0.0,908.0,2857.0,0.0,53.6,1.0,0.0,825.6,0.0,0.0,0.7000000000000001,13.0,0.0,41.0,0.0,51.8,51.8,350.0,825.6,-50.0,0.0,0.0,0.0,0.0,400.0,0.0,0.0,0.0,0.0,0.0,0.0,68.0,745.0,4.437,0.0,13.9697747,21.88577342024412,0.0,4.620240918038654,33.00923419728784,1.6433462953611977,1.627075539961582,0.0,0.0005825979549444,,1.043,0.0,-0.0069646185204071,0.0,10.0,5.999999999999998,5.0,61.0,21.999999999999996,71.0,0.0,12.0,14.000000000000002,7.000000000000001,5.999999999999998,0.0,0.0,7.433964783428747,122.65729719003518,25.600000000000005
875.0,13.6,1.4,745.0,0.0,0.0,0.0,23.0,44.6,50.0,46.4,48.2,44.6,1.043,41.0,60.8,11299.352222222222,40677668.0,0.0,0.0,5.17361111111111,4.13888888888889,3.88020833333333,25036.4,24775.0,18454.0,17867.3,780.0,0.0,0.0,0.0,745.0,2256.0,3.88,16.0,3.86,17.0,0.0,11299.3522222222,0.0,67.5,141.8,37.4,53.0,119.3,104.9,71.6,32.0,1.6299999999999957,100.0,13.977,742.6,27.23,14.166,0.0,0.0,0.0,0.0,0.0,0.0,0.0,0.0,0.0,0.0,0.0,742.2,1.9,3.0,0.0,0.0,0.0,908.0,2857.0,0.0,53.6,1.0,0.0,825.6,0.0,0.0,0.7000000000000001,13.0,0.0,41.0,0.0,51.8,51.8,350.0,825.6,-50.0,0.0,0.0,0.0,0.0,400.0,0.0,0.0,0.0,0.0,0.0,0.0,68.0,745.0,4.44,0.0,13.9697747,21.88577342024412,0.0,4.620240918038654,33.00923419728784,1.6433462953611977,1.627075539961582,0.0,0.0005825979549444,,1.043,0.0,-0.0069646185204071,0.0,10.0,5.999999999999998,5.0,61.0,21.999999999999996,71.0,0.0,12.0,14.000000000000002,7.000000000000001,5.999999999999998,0.0,0.0,7.433964783428747,122.65729719003518,25.600000000000005
876.0,13.6,1.4,745.1,0.0,0.0,0.0,23.0,44.6,50.0,46.4,48.2,44.6,1.04314,41.0,60.8,11299.352777777778,40677670.0,0.0,0.0,5.17430555555556,4.13944444444444,3.88072916666667,25036.4,24775.0,18454.0,17867.3,780.0,0.0,0.0,0.0,745.0,2384.0,3.88,16.0,3.86,17.0,0.0,11299.3527777778,0.0,67.5,141.8,37.4,53.0,118.4,104.9,71.6,32.0,1.5500000000000114,100.0,13.974,741.3000000000001,27.19,14.16,0.0,0.0,0.0,0.0,0.0,0.0,0.0,0.0,0.0,0.0,0.0,742.2,1.8,3.0,0.0,0.0,0.0,908.0,2857.0,0.0,53.6,1.0,0.0,825.6,0.0,0.0,0.7000000000000001,13.0,0.0,41.0,0.0,51.8,51.8,350.0,825.6,-50.0,0.0,0.0,0.0,0.0,400.0,0.0,0.0,0.0,0.0,0.0,0.0,68.0,745.0,4.44,0.0,13.960497,21.77481557823222,0.0,4.620240918038654,33.00923419728784,1.6439046406461553,1.627628357075401,0.0,0.0005528171138194,,1.04314,0.0,-0.0028052864880385,0.0,10.0,5.999999999999998,5.0,61.0,21.999999999999996,70.0,0.0,12.0,14.000000000000002,7.000000000000001,5.999999999999998,0.0,0.0,7.433964783428747,122.65729719003518,25.63999999999999
877.0,13.6,1.4,745.1,0.0,0.0,0.0,23.0,44.6,50.0,46.4,48.2,44.6,1.04314,41.0,60.8,11299.352777777778,40677670.0,0.0,0.0,5.17430555555556,4.13944444444444,3.88072916666667,25036.4,24775.0,18454.0,17867.3,780.0,0.0,0.0,0.0,745.0,2384.0,3.88,16.0,3.86,17.0,0.0,11299.3527777778,0.0,67.5,141.8,37.4,53.0,118.4,104.9,71.6,32.0,1.5500000000000114,100.0,13.974,741.3000000000001,27.19,14.16,0.0,0.0,0.0,0.0,0.0,0.0,0.0,0.0,0.0,0.0,0.0,742.0,1.8,3.0,0.0,0.0,0.0,908.0,2857.0,0.0,53.6,1.0,0.0,825.6,0.0,0.0,0.7000000000000001,13.0,0.0,41.0,0.0,51.8,51.8,350.0,825.6,-50.0,0.0,0.0,0.0,0.0,400.0,0.0,0.0,0.0,0.0,0.0,0.0,68.0,745.1,4.442,0.0,13.960497,21.77481557823222,0.0,4.620240918038654,33.00923419728784,1.6439046406461553,1.627628357075401,0.0,0.0005528171138194,,1.04314,0.0,-0.0028052864880385,0.0,10.0,5.999999999999998,5.0,61.0,21.999999999999996,70.0,0.0,12.0,14.000000000000002,7.000000000000001,5.999999999999998,0.0,0.0,7.433964783428747,122.65729719003518,25.63999999999999
