time,"[BMS] Auxillary Battery Voltage (V)","[BMS] Battery Current (A)","[BMS] Battery DC Voltage (V)","[BMS] Battery Fan Duty Feedback (%)","[BMS] Battery Fan Feedback (Hz)","[BMS] Battery Fan Status ()","[BMS] Battery Inlet Temperature (℃)","[BMS] Battery management ()","[BMS] Battery Max Temperature (℃)","[BMS] Battery Min Temperature (℃)","[BMS] Battery Pack B01 (℃)","[BMS] Battery Pack B02 (℃)","[BMS] Battery Pack B03 (℃)","[BMS] Battery Pack B04 (℃)","[BMS] Battery Pack B05 (℃)","[BMS] Battery Power (kW)","[BMS] Battery temperature at WCS input (℃)","[BMS] Battery temperature PRA (℃)","[BMS] Battery work time total (h) (h)","[BMS] Battery work time total (sec.) (sec.)","[BMS] BMS Ignition ()","[BMS] BMS Main Relay ()","[BMS] CALC Average Cell Voltage 58kWh (V)","[BMS] CALC Average Cell Voltage 72kWh (V)","[BMS] CALC Average Cell Voltage 77kWh (V)","[BMS] Coolant temperature 2 (℃)","[BMS] Cumulative Charge Current (Ah)","[BMS] Cumulative Discharge Current (Ah)","[BMS] Cumulative Energy Charged (kWh)","[BMS] Cumulative Energy Discharged (kWh)","[BMS] DATC A/C Compressor operation RPM var.1 (rpm)","[BMS] Drive Motor Speed 1 (rpm)","[BMS] Drive Motor Speed 2 (rpm)","[BMS] HV_Charging ()","[BMS] Inverter Capacitor Voltage (V)","[BMS] Isolation Resistance (kOhm)","[BMS] Maximum Cell Voltage (V)","[BMS] Maximum Cell Voltage No ()","[BMS] Minimum Cell Voltage (V)","[BMS] Minimum Cell Voltage No ()","[BMS] Normal Charge Port ()","[BMS] Operating Time (Hours)","[BMS] Rapid Charge Port ()","[BMS] State of Charge BMS (%)","[HVAC] Coolant temperature #1 (℃)","[HVAC] Coolant temperature 1 (℃)","[HVAC] Evaporator Temperature (℃)","[HVAC] Humidity sensor for automatic defogger (%)","[HVAC] Indoor Temperature (℃)","[HVAC] Interior temperature: driver legs vent (℃)","[HVAC] Interior temperature: driver vent (℃)","[HVAC] Interior temperature: front (℃)","[HVAC] Inverter temperature (℃)","[HVAC] Outdoor Temperature (℃)","[HVAC] Outside temperature (℃)","[HVAC] Real Vehicle Speed (km/h)","[ICCU/2025] Aux. Battery Current (A)","[ICCU/2025] Aux. Battery State of Charge (%)","[ICCU/2025] Aux. Battery Temperature (℃)","[ICCU/2025] Aux. Battery Voltage (V)","[ICCU/2025] LDC Input Voltage (V)","[ICCU/2025] LDC Output Current (A)","[ICCU/2025] LDC Output Voltage (V)","[ICCU/2025] LDC Temperature (℃)","[PS] Absolute wheels turn angle (°)","[PS] MDPS motor current (A)","[VCMS] 400V Relay On/Off request ()","[VCMS] 400V Relay Status ()","[VCMS] AC Charger current (A)","[VCMS] AC Charging Counter ()","[VCMS] AC Charging Time (Hours)","[VCMS] AC Charging Time after plug-in (min)","[VCMS] AC Inlet temperature 1 (℃)","[VCMS] Battery main relay status ()","[VCMS] BMS Target current (A)","[VCMS] BMS Target voltage (V)","[VCMS] Charging socket connected ()","[VCMS] CP duty cycle (%)","[VCMS] CP voltage (V)","[VCMS] Cumulative DC Charging time (h)","[VCMS] DC Charger current capability (A)","[VCMS] DC Charging counter ()","[VCMS] DC Charging time after plug-in (min)","[VCMS] DC Inlet Temperature 1 (℃)","[VCMS] DC Inlet Temperature 2 (℃)","[VCMS] EV Max Current (A)","[VCMS] EV Max Voltage (V)","[VCMS] EVSE Current regulation tolerance Value (A)","[VCMS] EVSE Delivered Power Value (Wh)","[VCMS] EVSE Main Power (kW)","[VCMS] EVSE Maximum Current Value (A)","[VCMS] EVSE Maximum Power value (W)","[VCMS] EVSE Maximum Voltage Value (V)","[VCMS] EVSE Minimum Current Value (A)","[VCMS] EVSE Minimum Voltage Value (V)","[VCMS] EVSE Output Current (A)","[VCMS] EVSE Output Voltage (V)","[VCMS] EVSE Target Current (A)","[VCMS] EVSE Target Voltage (V)","[VCMS] HV Battery SoC (%)","[VCMS] HV Battery Voltage (V)","[VCMS] PD voltage (V)","[VCS] Accelerator pedal position (%)","[VCS] Aux. battery voltage (V)","[VCS] Vehicle speed (high res.) (km/h)","Average speed (km/h)","DC Charger Power (kW)","Distance travelled (km)","Distance travelled (total) (km)","EV Instant Energy Consumption (km/kWh)","EV Instant Energy Consumption [kWh/100km] (kWh/100km)","HV EV Battery Power (kW)","Hybrid/EV Charger Power (kW)","Vehicle acceleration (g)",
15:03:56.708,,,,0,,,,20,,,,,,,,,23,20,,,,,,,,23,,,,,0,,,,,,,,,,,,,,,,,,,,,,,,,,,,,,,,,,,,,,,,,,,,,,,,,,,,,,,,,,,,,,,,,,,,,,,,,,,,,,,,,,,,
15:03:56.886,13.3,0.8,740.8,,0,0,25,,22,20,20,21,22,20,20,0.59264,,,1116.125,4018050,0,0,5.14444444444444,4.11555555555556,3.85833333333333,,1706.2,1664,1274.5,1203.3,,0,0,0,740,2860,3.86,22,3.84,61,0,1116.125,0,62.5,,,,,,,,,,,,,,,,,,,,,,,,,,,,,,,,,,,,,,,,,,,,,,,,,,,,,,,,,,,,,,,,,,,,,,,
15:03:57.066,,,,,,,,,,,,,,,,,,,,,,,,,,,,,,,,,,,,,,,,,,,,,24.5,24.5,,,,,,,27,,,,,,,,,,,,,,,,,,,,,,,,,,,,,,,,,,,,,,,,,,,,,,,,,,,,,,,,,,,,,,
15:03:57.250,,,,,,,,,,,,,,,,,,,,,,,,,,,,,,,,,,,,,,,,,,,,,,,24,27,30,25.5,28.5,30,,25.5,25.5,0,,,,,,,,,,,,,,,,,,,,,,,,,,,,,,,,,,,,,,,,,,,,,,,,,,,,,,0,,,,,
15:03:57.485,,,,,,,,,,,,,,,,,,,,,,,,,,,,,,,,,,,,,,,,,,,,,,,,,,,,,,,,,18.480000000000018,84,20,13.822,744.6,42.93,14.069,25,,,,,,,,,,,,,,,,,,,,,,,,,,,,,,,,,,,,,,,,,,,,,,,,,,,
15:03:57.636,,,,,,,,,,,,,,,,,,,,,,,,,,,,,,,,,,,,,,,,,,,,,,,,,,,,,,,,,,,,,,,,,0,3,,,,,,,,,,,,,,,,,,,,,,,,,,,,,,,,,,,,,,,,,,,,,,,,,
15:03:57.910,,,,,,,,,,,,,,,,,,,,,,,,,,,,,,,,,,,,,,,,,,,,,,,,,,,,,,,,,,,,,,,,,,,,,,,,,,,,,,,,,,,,,,,,,,,,,,,,,,,,,,,0,13.761270600000001,0,,,,,,,,,,
15:03:58.241,,,,,,,,,,,,,,,,,,,,,,,,,,,,,,,,,,,,,,,,,,,,,,,,,,,,,,,,,,,,,,,,,,,0,0,,,,,26,1,,,0,,,,,,,26,26,,,,,,,,,,,,,,,,,,,,,,,,,,,,,,
15:03:58.475,,,,,,,,,,,,,,,,,,,,,,,,,,,,,,,,,,,,,,,,,,,,,,,,,,,,,,,,,,,,,,,,,,,,,,,,,,,,,,,,,,,,,,,,-50,0,0,0,0,400,0,0,0,0,,,,,,,,,,0,,,,,,0,,
15:03:58.815,,,,,,,,,,,,,,,,,,,,,,,,,,,,,,,,,,,,,,,,,,,,,,,,,,,,,,,,,,,,,,,,,,,,,0,17,123,0,,,0,825.6,,0,0.6000000000000001,9,0,30,0,,,350,825.6,,,,,,,,,,,0,0,62.5,740.9000000000001,4.441,,,,,,,,,,,,,
15:03:59.021,,,,0,,,,20,,,,,,,,,23,20,,,,,,,,23,,,,,0,,,,,,,,,,,,,,,,,,,,,,,,,,,,,,,,,,,,,,,,,,,,,,,,,,,,,,,,,,,,,,,,,,,,,,,,,,,,,,,,,,,,
15:03:59.233,13.3,0.8,740.9,,0,0,25,,22,20,20,21,22,20,20,0.59272,,,1116.1258333333333,4018053,0,0,5.14513888888889,4.11611111111111,3.85885416666667,,1706.2,1664,1274.5,1203.3,,0,0,0,740,2860,3.86,22,3.84,78,0,1116.12583333333,0,62.5,,,,,,,,,,,,,,,,,,,,,,,,,,,,,,,,,,,,,,,,,,,,,,,,,,,,,,,,,,,,,,,,,,,,0.59272,,,
15:03:59.438,,,,,,,,,,,,,,,,,,,,,,,,,,,,,,,,,,,,,,,,,,,,,24.5,24.5,,,,,,,27,,,,,,,,,,,,,,,,,,,,,,,,,,,,,,,,,,,,,,,,,,,,,,,,,,,,,,,,,,,,,,
15:03:59.622,,,,,,,,,,,,,,,,,,,,,,,,,,,,,,,,,,,,,,,,,,,,,,,24,27,30,25.5,28.5,30,,25.5,25.5,0,,,,,,,,,,,,,,,,,,,,,,,,,,,,,,,,,,,,,,,,,,,,,,,,,,,,0,0,0,,,,,
15:03:59.855,,,,,,,,,,,,,,,,,,,,,,,,,,,,,,,,,,,,,,,,,,,,,,,,,,,,,,,,,17.150000000000034,85,20,13.796,744.6,41.18,14.034,25,,,,,,,,,,,,,,,,,,,,,,,,,,,,,,,,,,,,,,,,,,,,,,,,,,,
15:04:00.037,,,,,,,,,,,,,,,,,,,,,,,,,,,,,,,,,,,,,,,,,,,,,,,,,,,,,,,,,,,,,,,,,-0.1,3,,,,,,,,,,,,,,,,,,,,,,,,,,,,,,,,,,,,,,,,,,,,,,,,,
15:04:00.310,,,,,,,,,,,,,,,,,,,,,,,,,,,,,,,,,,,,,,,,,,,,,,,,,,,,,,,,,,,,,,,,,,,,,,,,,,,,,,,,,,,,,,,,,,,,,,,,,,,,,,,0,13.760294,0,,,,,,,,,,
15:04:00.669,,,,,,,,,,,,,,,,,,,,,,,,,,,,,,,,,,,,,,,,,,,,,,,,,,,,,,,,,,,,,,,,,,,0,0,,,,,26,1,,,0,,,,,,,26,26,,,,,,,,,,,,,,,,,,,,,,,,,,,,,,
15:04:00.906,,,,,,,,,,,,,,,,,,,,,,,,,,,,,,,,,,,,,,,,,,,,,,,,,,,,,,,,,,,,,,,,,,,,,,,,,,,,,,,,,,,,,,,,-50,0,0,0,0,400,0,0,0,0,,,,,,,,,,0,,,,,,0,,
15:04:01.238,,,,,,,,,,,,,,,,,,,,,,,,,,,,,,,,,,,,,,,,,,,,,,,,,,,,,,,,,,,,,,,,,,,,,0,17,123,0,,,0,825.6,,0,0.6000000000000001,9,0,30,0,,,350,825.6,,,,,,,,,,,0,0,62.5,740.8000000000001,4.441,,,,,,,,,,,,,
15:04:01.455,,,,0,,,,20,,,,,,,,,23,20,,,,,,,,23,,,,,0,,,,,,,,,,,,,,,,,,,,,,,,,,,,,,,,,,,,,,,,,,,,,,,,,,,,,,,,,,,,,,,,,,,,,,,,,,,,,,,,,,,,
15:04:01.600,13.3,0.7,740.9,,0,0,25,,22,20,20,21,22,20,20,0.51863,,,1116.1263888888889,4018055,0,0,5.14513888888889,4.11611111111111,3.85885416666667,,1706.2,1664,1274.5,1203.3,,0,0,0,740,2462,3.86,22,3.84,61,0,1116.12638888889,0,62.5,,,,,,,,,,,,,,,,,,,,,,,,,,,,,,,,,,,,,,,,,,,,,,,,,,,,,,,,,,,,,,,,,,,,0.59272,,,
15:04:01.785,,,,,,,,,,,,,,,,,,,,,,,,,,,,,,,,,,,,,,,,,,,,,24.5,24.5,,,,,,,27,,,,,,,,,,,,,,,,,,,,,,,,,,,,,,,,,,,,,,,,,,,,,,,,,,,,,,,,,,,,,,
15:04:01.901,,,,,,,,,,,,,,,,,,,,,,,,,,,,,,,,,,,,,,,,,,,,,,,24,27,30.5,25.5,28,30.5,,25.5,25.5,0,,,,,,,,,,,,,,,,,,,,,,,,,,,,,,,,,,,,,,,,,,,,,,,,,,0,,0,0,0,,,,,
15:04:02.138,,,,,,,,,,,,,,,,,,,,,,,,,,,,,,,,,,,,,,,,,,,,,,,,,,,,,,,,,16.49000000000001,85,20,13.798,744.6,41.38,14.031,25,,,,,,,,,,,,,,,,,,,,,,,,,,,,,,,,,,,,,,,,,,,,,,,,,,,
15:04:02.288,,,,,,,,,,,,,,,,,,,,,,,,,,,,,,,,,,,,,,,,,,,,,,,,,,,,,,,,,,,,,,,,,0,3,,,,,,,,,,,,,,,,,,,,,,,,,,,,,,,,,,,,,,,,,,,,,,,,,
15:04:02.497,,,,,,,,,,,,,,,,,,,,,,,,,,,,,,,,,,,,,,,,,,,,,,,,,,,,,,,,,,,,,,,,,,,,,,,,,,,,,,,,,,,,,,,,,,,,,,,,,,,,,,,0,13.761270600000001,0,,,,,,,,,,
15:04:02.799,,,,,,,,,,,,,,,,,,,,,,,,,,,,,,,,,,,,,,,,,,,,,,,,,,,,,,,,,,,,,,,,,,,0,0,,,,,26,1,,,0,,,,,,,26,26,,,,,,,,,,,,,,,,,,,,,,,,,,,,,,
15:04:03.007,,,,,,,,,,,,,,,,,,,,,,,,,,,,,,,,,,,,,,,,,,,,,,,,,,,,,,,,,,,,,,,,,,,,,,,,,,,,,,,,,,,,,,,,-50,0,0,0,0,400,0,0,0,0,,,,,,,,,,0,,,,,,0,,
15:04:03.306,,,,,,,,,,,,,,,,,,,,,,,,,,,,,,,,,,,,,,,,,,,,,,,,,,,,,,,,,,,,,,,,,,,,,0,17,123,0,,,0,825.6,,0,0.6000000000000001,9,0,30,0,,,350,825.6,,,,,,,,,,,0,0,62.5,740.9000000000001,4.444,,,,,,,,,,,,,
15:04:03.486,,,,0,,,,20,,,,,,,,,23,20,,,,,,,,23,,,,,0,,,,,,,,,,,,,,,,,,,,,,,,,,,,,,,,,,,,,,,,,,,,,,,,,,,,,,,,,,,,,,,,,,,,,,,,,,,,,,,,,,,,
15:04:03.641,13.3,0.7,740.9,,0,0,25,,22,20,20,21,22,20,20,0.51863,,,1116.1269444444445,4018057,0,0,5.14513888888889,4.11611111111111,3.85885416666667,,1706.2,1664,1274.5,1203.3,,0,0,0,740,2462,3.86,24,3.84,64,0,1116.12694444444,0,62.5,,,,,,,,,,,,,,,,,,,,,,,,,,,,,,,,,,,,,,,,,,,,,,,,,,,,,,,,,,,,,,,,,,,,0.51863,,,
15:04:03.819,,,,,,,,,,,,,,,,,,,,,,,,,,,,,,,,,,,,,,,,,,,,,24.5,24.5,,,,,,,27,,,,,,,,,,,,,,,,,,,,,,,,,,,,,,,,,,,,,,,,,,,,,,,,,,,,,,,,,,,,,,
15:04:03.938,,,,,,,,,,,,,,,,,,,,,,,,,,,,,,,,,,,,,,,,,,,,,,,24,27,30.5,25.5,28,30.5,,25.5,25.5,0,,,,,,,,,,,,,,,,,,,,,,,,,,,,,,,,,,,,,,,,,,,,,,,,,,0,,0,0,0,,,,,
15:04:04.211,,,,,,,,,,,,,,,,,,,,,,,,,,,,,,,,,,,,,,,,,,,,,,,,,,,,,,,,,15.970000000000027,85,20,13.801,744.6,40.74,14.039,25,,,,,,,,,,,,,,,,,,,,,,,,,,,,,,,,,,,,,,,,,,,,,,,,,,,
15:04:04.360,,,,,,,,,,,,,,,,,,,,,,,,,,,,,,,,,,,,,,,,,,,,,,,,,,,,,,,,,,,,,,,,,0,3,,,,,,,,,,,,,,,,,,,,,,,,,,,,,,,,,,,,,,,,,,,,,,,,,
15:04:04.568,,,,,,,,,,,,,,,,,,,,,,,,,,,,,,,,,,,,,,,,,,,,,,,,,,,,,,,,,,,,,,,,,,,,,,,,,,,,,,,,,,,,,,,,,,,,,,,,,,,,,,,0,13.770548300000002,0,,,,,,,,,,
15:04:04.872,,,,,,,,,,,,,,,,,,,,,,,,,,,,,,,,,,,,,,,,,,,,,,,,,,,,,,,,,,,,,,,,,,,0,0,,,,,26,1,,,0,,,,,,,26,26,,,,,,,,,,,,,,,,,,,,,,,,,,,,,,
15:04:05.047,,,,,,,,,,,,,,,,,,,,,,,,,,,,,,,,,,,,,,,,,,,,,,,,,,,,,,,,,,,,,,,,,,,,,,,,,,,,,,,,,,,,,,,,-50,0,0,0,0,400,0,0,0,0,,,,,,,,,,0,,,,,,0,,
15:04:05.321,,,,,,,,,,,,,,,,,,,,,,,,,,,,,,,,,,,,,,,,,,,,,,,,,,,,,,,,,,,,,,,,,,,,,0,17,123,0,,,0,825.6,,0,0.6000000000000001,9,0,30,0,,,350,825.6,,,,,,,,,,,0,0,62.5,740.9000000000001,4.443,,,,,,,,,,,,,
15:04:05.495,,,,0,,,,20,,,,,,,,,23,20,,,,,,,,23,,,,,0,,,,,,,,,,,,,,,,,,,,,,,,,,,,,,,,,,,,,,,,,,,,,,,,,,,,,,,,,,,,,,,,,,,,,,,,,,,,,,,,,,,,
15:04:05.648,13.3,0.7,740.9,,0,0,25,,22,20,20,21,22,20,20,0.51863,,,1116.1275,4018059,0,0,5.14513888888889,4.11611111111111,3.85885416666667,,1706.2,1664,1274.5,1203.3,,0,0,0,740,2462,3.86,24,3.84,64,0,1116.1275,0,62.5,,,,,,,,,,,,,,,,,,,,,,,,,,,,,,,,,,,,,,,,,,,,,,,,,,,,,,,,,,,,,,,,,,,,0.51863,,,
15:04:05.829,,,,,,,,,,,,,,,,,,,,,,,,,,,,,,,,,,,,,,,,,,,,,24.5,24.5,,,,,,,27,,,,,,,,,,,,,,,,,,,,,,,,,,,,,,,,,,,,,,,,,,,,,,,,,,,,,,,,,,,,,,
15:04:05.947,,,,,,,,,,,,,,,,,,,,,,,,,,,,,,,,,,,,,,,,,,,,,,,24,27,30.5,25.5,28,30.5,,25.5,25.5,0,,,,,,,,,,,,,,,,,,,,,,,,,,,,,,,,,,,,,,,,,,,,,,,,,,0,,0,0,0,,,,0,
15:04:06.161,,,,,,,,,,,,,,,,,,,,,,,,,,,,,,,,,,,,,,,,,,,,,,,,,,,,,,,,,15.420000000000016,85,20,13.805,744.6,39.28,14.046,25,,,,,,,,,,,,,,,,,,,,,,,,,,,,,,,,,,,,,,,,,,,,,,,,,,,
15:04:06.277,,,,,,,,,,,,,,,,,,,,,,,,,,,,,,,,,,,,,,,,,,,,,,,,,,,,,,,,,,,,,,,,,0,3,,,,,,,,,,,,,,,,,,,,,,,,,,,,,,,,,,,,,,,,,,,,,,,,,
15:04:06.488,,,,,,,,,,,,,,,,,,,,,,,,,,,,,,,,,,,,,,,,,,,,,,,,,,,,,,,,,,,,,,,,,,,,,,,,,,,,,,,,,,,,,,,,,,,,,,,,,,,,,,,0,13.770548300000002,0,,,,,,,,,,
15:04:06.790,,,,,,,,,,,,,,,,,,,,,,,,,,,,,,,,,,,,,,,,,,,,,,,,,,,,,,,,,,,,,,,,,,,0,0,,,,,26,1,,,0,,,,,,,26,26,,,,,,,,,,,,,,,,,,,,,,,,,,,,,,
15:04:06.965,,,,,,,,,,,,,,,,,,,,,,,,,,,,,,,,,,,,,,,,,,,,,,,,,,,,,,,,,,,,,,,,,,,,,,,,,,,,,,,,,,,,,,,,-50,0,0,0,0,400,0,0,0,0,,,,,,,,,,0,,,,,,0,,
15:04:07.241,,,,,,,,,,,,,,,,,,,,,,,,,,,,,,,,,,,,,,,,,,,,,,,,,,,,,,,,,,,,,,,,,,,,,0,17,123,0,,,0,825.6,,0,0.6000000000000001,9,0,30,0,,,350,825.6,,,,,,,,,,,0,0,62.5,740.8000000000001,4.443,,,,,,,,,,,,,
15:04:07.419,,,,0,,,,20,,,,,,,,,23,20,,,,,,,,23,,,,,0,,,,,,,,,,,,,,,,,,,,,,,,,,,,,,,,,,,,,,,,,,,,,,,,,,,,,,,,,,,,,,,,,,,,,,,,,,,,,,,,,,,,
15:04:07.599,13.3,0.7,740.9,,0,0,25,,22,20,20,21,22,20,20,0.51863,,,1116.1280555555556,4018061,0,0,5.14513888888889,4.11611111111111,3.85885416666667,,1706.2,1664,1274.5,1203.3,,0,0,0,740,2462,3.86,24,3.84,64,0,1116.12805555556,0,62.5,,,,,,,,,,,,,,,,,,,,,,,,,,,,,,,,,,,,,,,,,,,,,,,,,,,,,,,,,,,,,,,,,,,,0.51863,,,
15:04:07.777,,,,,,,,,,,,,,,,,,,,,,,,,,,,,,,,,,,,,,,,,,,,,24.5,24.5,,,,,,,27,,,,,,,,,,,,,,,,,,,,,,,,,,,,,,,,,,,,,,,,,,,,,,,,,,,,,,,,,,,,,,
15:04:07.896,,,,,,,,,,,,,,,,,,,,,,,,,,,,,,,,,,,,,,,,,,,,,,,24,27,30.5,25.5,28,30.5,,25.5,25.5,0,,,,,,,,,,,,,,,,,,,,,,,,,,,,,,,,,,,,,,,,,,,,,,,,,,0,,0,0,0,,,,0,
15:04:08.139,,,,,,,,,,,,,,,,,,,,,,,,,,,,,,,,,,,,,,,,,,,,,,,,,,,,,,,,,15.009999999999991,85,20,13.807,744.6,39.33,14.036,25,,,,,,,,,,,,,,,,,,,,,,,,,,,,,,,,,,,,,,,,,,,,,,,,,,,
15:04:08.256,,,,,,,,,,,,,,,,,,,,,,,,,,,,,,,,,,,,,,,,,,,,,,,,,,,,,,,,,,,,,,,,,0,3,,,,,,,,,,,,,,,,,,,,,,,,,,,,,,,,,,,,,,,,,,,,,,,,,
15:04:08.467,,,,,,,,,,,,,,,,,,,,,,,,,,,,,,,,,,,,,,,,,,,,,,,,,,,,,,,,,,,,,,,,,,,,,,,,,,,,,,,,,,,,,,,,,,,,,,,,,,,,,,,0,13.770548300000002,0,,,,,,,,,,
15:04:08.768,,,,,,,,,,,,,,,,,,,,,,,,,,,,,,,,,,,,,,,,,,,,,,,,,,,,,,,,,,,,,,,,,,,0,0,,,,,26,1,,,0,,,,,,,26,26,,,,,,,,,,,,,,,,,,,,,,,,,,,,,,
15:04:08.948,,,,,,,,,,,,,,,,,,,,,,,,,,,,,,,,,,,,,,,,,,,,,,,,,,,,,,,,,,,,,,,,,,,,,,,,,,,,,,,,,,,,,,,,-50,0,0,0,0,400,0,0,0,0,,,,,,,,,,0,,,,,,0,,
15:04:09.216,,,,,,,,,,,,,,,,,,,,,,,,,,,,,,,,,,,,,,,,,,,,,,,,,,,,,,,,,,,,,,,,,,,,,0,17,123,0,,,0,825.6,,0,0.6000000000000001,9,0,30,0,,,350,825.6,,,,,,,,,,,0,0,62.5,740.9000000000001,4.443,,,,,,,,,,,,,
15:04:09.396,,,,0,,,,20,,,,,,,,,23,20,,,,,,,,23,,,,,0,,,,,,,,,,,,,,,,,,,,,,,,,,,,,,,,,,,,,,,,,,,,,,,,,,,,,,,,,,,,,,,,,,,,,,,,,,,,,,,,,,,,
15:04:09.546,13.3,0.7,740.8,,0,0,25,,22,20,20,21,22,20,20,0.51856,,,1116.128611111111,4018063,0,0,5.14444444444444,4.11555555555556,3.85833333333333,,1706.2,1664,1274.5,1203.3,,0,0,0,740,2429,3.86,23,3.84,85,0,1116.12861111111,0,62.5,,,,,,,,,,,,,,,,,,,,,,,,,,,,,,,,,,,,,,,,,,,,,,,,,,,,,,,,,,,,,,,,,,,,0.5185599999999999,,,
15:04:09.759,,,,,,,,,,,,,,,,,,,,,,,,,,,,,,,,,,,,,,,,,,,,,24.5,24.5,,,,,,,27,,,,,,,,,,,,,,,,,,,,,,,,,,,,,,,,,,,,,,,,,,,,,,,,,,,,,,,,,,,,,,
15:04:09.882,,,,,,,,,,,,,,,,,,,,,,,,,,,,,,,,,,,,,,,,,,,,,,,24.5,27,30.5,25.5,27.5,30.5,,25.5,25.5,0,,,,,,,,,,,,,,,,,,,,,,,,,,,,,,,,,,,,,,,,,,,,,,,,,,0,,0,0,0,,,,0,
15:04:10.085,,,,,,,,,,,,,,,,,,,,,,,,,,,,,,,,,,,,,,,,,,,,,,,,,,,,,,,,,14.579999999999984,85,20,13.812000000000001,744.7,38.51,14.042,25,,,,,,,,,,,,,,,,,,,,,,,,,,,,,,,,,,,,,,,,,,,,,,,,,,,
15:04:10.206,,,,,,,,,,,,,,,,,,,,,,,,,,,,,,,,,,,,,,,,,,,,,,,,,,,,,,,,,,,,,,,,,0,3,,,,,,,,,,,,,,,,,,,,,,,,,,,,,,,,,,,,,,,,,,,,,,,,,
15:04:10.417,,,,,,,,,,,,,,,,,,,,,,,,,,,,,,,,,,,,,,,,,,,,,,,,,,,,,,,,,,,,,,,,,,,,,,,,,,,,,,,,,,,,,,,,,,,,,,,,,,,,,,,0,13.771524900000001,0,,,,,,,,,,
15:04:10.687,,,,,,,,,,,,,,,,,,,,,,,,,,,,,,,,,,,,,,,,,,,,,,,,,,,,,,,,,,,,,,,,,,,0,0,,,,,26,1,,,0,,,,,,,26,26,,,,,,,,,,,,,,,,,,,,,,,,,,,,,,
15:04:10.870,,,,,,,,,,,,,,,,,,,,,,,,,,,,,,,,,,,,,,,,,,,,,,,,,,,,,,,,,,,,,,,,,,,,,,,,,,,,,,,,,,,,,,,,-50,0,0,0,0,400,0,0,0,0,,,,,,,,,,0,,,,,,0,,
15:04:11.138,,,,,,,,,,,,,,,,,,,,,,,,,,,,,,,,,,,,,,,,,,,,,,,,,,,,,,,,,,,,,,,,,,,,,0,17,123,0,,,0,825.6,,0,0.6000000000000001,9,0,30,0,,,350,825.6,,,,,,,,,,,0,0,62.5,740.9000000000001,4.443,,,,,,,,,,,,,
15:04:11.318,,,,0,,,,20,,,,,,,,,23,20,,,,,,,,23,,,,,0,,,,,,,,,,,,,,,,,,,,,,,,,,,,,,,,,,,,,,,,,,,,,,,,,,,,,,,,,,,,,,,,,,,,,,,,,,,,,,,,,,,,
15:04:11.471,13.3,0.7,740.9,,0,0,25,,22,20,20,21,22,20,20,0.51863,,,1116.1291666666666,4018065,0,0,5.14513888888889,4.11611111111111,3.85885416666667,,1706.2,1664,1274.5,1203.3,,0,0,0,740,2429,3.86,23,3.84,64,0,1116.12916666667,0,62.5,,,,,,,,,,,,,,,,,,,,,,,,,,,,,,,,,,,,,,,,,,,,,,,,,,,,,,,,,,,,,,,,,,,,0.51863,,,
15:04:11.646,,,,,,,,,,,,,,,,,,,,,,,,,,,,,,,,,,,,,,,,,,,,,24.5,24.5,,,,,,,27,,,,,,,,,,,,,,,,,,,,,,,,,,,,,,,,,,,,,,,,,,,,,,,,,,,,,,,,,,,,,,
15:04:11.767,,,,,,,,,,,,,,,,,,,,,,,,,,,,,,,,,,,,,,,,,,,,,,,24.5,27,30.5,25.5,27.5,30.5,,25.5,25.5,0,,,,,,,,,,,,,,,,,,,,,,,,,,,,,,,,,,,,,,,,,,,,,,,,,,0,,0,0,0,,,,0,
15:04:12.006,,,,,,,,,,,,,,,,,,,,,,,,,,,,,,,,,,,,,,,,,,,,,,,,,,,,,,,,,13.939999999999998,85,20,13.798,744.3000000000001,38.17,14.034,25,,,,,,,,,,,,,,,,,,,,,,,,,,,,,,,,,,,,,,,,,,,,,,,,,,,
15:04:12.126,,,,,,,,,,,,,,,,,,,,,,,,,,,,,,,,,,,,,,,,,,,,,,,,,,,,,,,,,,,,,,,,,-0.1,3,,,,,,,,,,,,,,,,,,,,,,,,,,,,,,,,,,,,,,,,,,,,,,,,,
15:04:12.368,,,,,,,,,,,,,,,,,,,,,,,,,,,,,,,,,,,,,,,,,,,,,,,,,,,,,,,,,,,,,,,,,,,,,,,,,,,,,,,,,,,,,,,,,,,,,,,,,,,,,,,0,13.770548300000002,0,,,,,,,,,,
15:04:12.635,,,,,,,,,,,,,,,,,,,,,,,,,,,,,,,,,,,,,,,,,,,,,,,,,,,,,,,,,,,,,,,,,,,0,0,,,,,26,1,,,0,,,,,,,26,26,,,,,,,,,,,,,,,,,,,,,,,,,,,,,,
15:04:12.817,,,,,,,,,,,,,,,,,,,,,,,,,,,,,,,,,,,,,,,,,,,,,,,,,,,,,,,,,,,,,,,,,,,,,,,,,,,,,,,,,,,,,,,,-50,0,0,0,0,400,0,0,0,0,,,,,,,,,,0,,,,,,0,,
15:04:13.087,,,,,,,,,,,,,,,,,,,,,,,,,,,,,,,,,,,,,,,,,,,,,,,,,,,,,,,,,,,,,,,,,,,,,0,17,123,0,,,0,825.6,,0,0.6000000000000001,9,0,30,0,,,350,825.6,,,,,,,,,,,0,0,62.5,740.9000000000001,4.442,,,,,,,,,,,,,
15:04:13.268,,,,0,,,,20,,,,,,,,,23,20,,,,,,,,23,,,,,0,,,,,,,,,,,,,,,,,,,,,,,,,,,,,,,,,,,,,,,,,,,,,,,,,,,,,,,,,,,,,,,,,,,,,,,,,,,,,,,,,,,,
15:04:13.508,13.3,0.7,740.9,,0,0,25,,22,20,20,21,22,20,20,0.51863,,,1116.1297222222222,4018067,0,0,5.14513888888889,4.11611111111111,3.85885416666667,,1706.2,1664,1274.5,1203.3,,0,0,0,740,2429,3.86,24,3.84,61,0,1116.12972222222,0,62.5,,,,,,,,,,,,,,,,,,,,,,,,,,,,,,,,,,,,,,,,,,,,,,,,,,,,,,,,,,,,,,,,,,,,0.51863,,,
15:04:13.685,,,,,,,,,,,,,,,,,,,,,,,,,,,,,,,,,,,,,,,,,,,,,24.5,24.5,,,,,,,27,,,,,,,,,,,,,,,,,,,,,,,,,,,,,,,,,,,,,,,,,,,,,,,,,,,,,,,,,,,,,,
15:04:13.805,,,,,,,,,,,,,,,,,,,,,,,,,,,,,,,,,,,,,,,,,,,,,,,24.5,27,30.5,25.5,27.5,30.5,,25.5,25.5,0,,,,,,,,,,,,,,,,,,,,,,,,,,,,,,,,,,,,,,,,,,,,,,,,,,0,,0,0,0,,,,0,
15:04:14.085,,,,,,,,,,,,,,,,,,,,,,,,,,,,,,,,,,,,,,,,,,,,,,,,,,,,,,,,,13.600000000000023,85,20,13.799,744.6,37.78,14.029,25,,,,,,,,,,,,,,,,,,,,,,,,,,,,,,,,,,,,,,,,,,,,,,,,,,,
15:04:14.196,,,,,,,,,,,,,,,,,,,,,,,,,,,,,,,,,,,,,,,,,,,,,,,,,,,,,,,,,,,,,,,,,0,3,,,,,,,,,,,,,,,,,,,,,,,,,,,,,,,,,,,,,,,,,,,,,,,,,
15:04:14.409,,,,,,,,,,,,,,,,,,,,,,,,,,,,,,,,,,,,,,,,,,,,,,,,,,,,,,,,,,,,,,,,,,,,,,,,,,,,,,,,,,,,,,,,,,,,,,,,,,,,,,,0,13.7695717,0,,,,,,,,,,
15:04:14.677,,,,,,,,,,,,,,,,,,,,,,,,,,,,,,,,,,,,,,,,,,,,,,,,,,,,,,,,,,,,,,,,,,,0,0,,,,,26,1,,,0,,,,,,,26,26,,,,,,,,,,,,,,,,,,,,,,,,,,,,,,
15:04:14.862,,,,,,,,,,,,,,,,,,,,,,,,,,,,,,,,,,,,,,,,,,,,,,,,,,,,,,,,,,,,,,,,,,,,,,,,,,,,,,,,,,,,,,,,-50,0,0,0,0,400,0,0,0,0,,,,,,,,,,0,,,,,,0,,
15:04:15.129,,,,,,,,,,,,,,,,,,,,,,,,,,,,,,,,,,,,,,,,,,,,,,,,,,,,,,,,,,,,,,,,,,,,,0,17,123,0,,,0,825.6,,0,0.6000000000000001,9,0,30,0,,,350,825.6,,,,,,,,,,,0,0,62.5,740.8000000000001,4.444,,,,,,,,,,,,,
15:04:15.306,,,,0,,,,20,,,,,,,,,23,20,,,,,,,,23,,,,,0,,,,,,,,,,,,,,,,,,,,,,,,,,,,,,,,,,,,,,,,,,,,,,,,,,,,,,,,,,,,,,,,,,,,,,,,,,,,,,,,,,,,
15:04:15.456,13.3,0.7,740.8,,0,0,25,,22,20,20,21,22,20,20,0.51856,,,1116.1302777777778,4018069,0,0,5.14444444444444,4.11555555555556,3.85833333333333,,1706.2,1664,1274.5,1203.3,,0,0,0,740,2429,3.86,23,3.84,61,0,1116.13027777778,0,62.5,,,,,,,,,,,,,,,,,,,,,,,,,,,,,,,,,,,,,,,,,,,,,,,,,,,,,,,,,,,,,,,,,,,,0.5185599999999999,,,
15:04:15.665,,,,,,,,,,,,,,,,,,,,,,,,,,,,,,,,,,,,,,,,,,,,,24.5,24.5,,,,,,,27,,,,,,,,,,,,,,,,,,,,,,,,,,,,,,,,,,,,,,,,,,,,,,,,,,,,,,,,,,,,,,
15:04:15.788,,,,,,,,,,,,,,,,,,,,,,,,,,,,,,,,,,,,,,,,,,,,,,,24.5,27,30.5,25.5,27.5,30.5,,25.5,25.5,0,,,,,,,,,,,,,,,,,,,,,,,,,,,,,,,,,,,,,,,,,,,,,,,,,,0,,0,0,0,,,,0,
15:04:15.996,,,,,,,,,,,,,,,,,,,,,,,,,,,,,,,,,,,,,,,,,,,,,,,,,,,,,,,,,13.29000000000002,85,20,13.802,744.7,37.55,14.029,25,,,,,,,,,,,,,,,,,,,,,,,,,,,,,,,,,,,,,,,,,,,,,,,,,,,
15:04:16.116,,,,,,,,,,,,,,,,,,,,,,,,,,,,,,,,,,,,,,,,,,,,,,,,,,,,,,,,,,,,,,,,,5.7,3,,,,,,,,,,,,,,,,,,,,,,,,,,,,,,,,,,,,,,,,,,,,,,,,,
15:04:16.330,,,,,,,,,,,,,,,,,,,,,,,,,,,,,,,,,,,,,,,,,,,,,,,,,,,,,,,,,,,,,,,,,,,,,,,,,,,,,,,,,,,,,,,,,,,,,,,,,,,,,,,0,13.770548300000002,0,,,,,,,,,,
15:04:16.597,,,,,,,,,,,,,,,,,,,,,,,,,,,,,,,,,,,,,,,,,,,,,,,,,,,,,,,,,,,,,,,,,,,0,0,,,,,26,1,,,0,,,,,,,26,26,,,,,,,,,,,,,,,,,,,,,,,,,,,,,,
15:04:16.780,,,,,,,,,,,,,,,,,,,,,,,,,,,,,,,,,,,,,,,,,,,,,,,,,,,,,,,,,,,,,,,,,,,,,,,,,,,,,,,,,,,,,,,,-50,0,0,0,0,400,0,0,0,0,,,,,,,,,,0,,,,,,0,,
15:04:17.054,,,,,,,,,,,,,,,,,,,,,,,,,,,,,,,,,,,,,,,,,,,,,,,,,,,,,,,,,,,,,,,,,,,,,0,17,123,0,,,0,825.6,,0,0.6000000000000001,9,0,30,0,,,350,825.6,,,,,,,,,,,0,0,62.5,740.9000000000001,4.442,,,,,,,,,,,,,
15:04:17.228,,,,0,,,,20,,,,,,,,,23,20,,,,,,,,23,,,,,0,,,,,,,,,,,,,,,,,,,,,,,,,,,,,,,,,,,,,,,,,,,,,,,,,,,,,,,,,,,,,,,,,,,,,,,,,,,,,,,,,,,,
15:04:17.379,13.3,0.7,740.9,,0,0,25,,22,20,20,21,22,20,20,0.51863,,,1116.1308333333334,4018071,0,0,5.14513888888889,4.11611111111111,3.85885416666667,,1706.2,1664,1274.5,1203.3,,0,0,0,740,2429,3.86,24,3.84,77,0,1116.13083333333,0,62.5,,,,,,,,,,,,,,,,,,,,,,,,,,,,,,,,,,,,,,,,,,,,,,,,,,,,,,,,,,,,,,,,,,,,0.51863,,,
15:04:17.558,,,,,,,,,,,,,,,,,,,,,,,,,,,,,,,,,,,,,,,,,,,,,24.5,24.5,,,,,,,27,,,,,,,,,,,,,,,,,,,,,,,,,,,,,,,,,,,,,,,,,,,,,,,,,,,,,,,,,,,,,,
15:04:17.676,,,,,,,,,,,,,,,,,,,,,,,,,,,,,,,,,,,,,,,,,,,,,,,24.5,27,30.5,25.5,27.5,30.5,,25.5,25.5,0,,,,,,,,,,,,,,,,,,,,,,,,,,,,,,,,,,,,,,,,,,,,,,,,,,0,,0,0,0,,,,0,
15:04:17.895,,,,,,,,,,,,,,,,,,,,,,,,,,,,,,,,,,,,,,,,,,,,,,,,,,,,,,,,,13.03000000000003,85,20,13.802,744.7,37.52,14.036,25,,,,,,,,,,,,,,,,,,,,,,,,,,,,,,,,,,,,,,,,,,,,,,,,,,,
15:04:18.014,,,,,,,,,,,,,,,,,,,,,,,,,,,,,,,,,,,,,,,,,,,,,,,,,,,,,,,,,,,,,,,,,8.9,3,,,,,,,,,,,,,,,,,,,,,,,,,,,,,,,,,,,,,,,,,,,,,,,,,
15:04:18.217,,,,,,,,,,,,,,,,,,,,,,,,,,,,,,,,,,,,,,,,,,,,,,,,,,,,,,,,,,,,,,,,,,,,,,,,,,,,,,,,,,,,,,,,,,,,,,,,,,,,,,,0,13.770548300000002,0,,,,,,,,,,
15:04:18.488,,,,,,,,,,,,,,,,,,,,,,,,,,,,,,,,,,,,,,,,,,,,,,,,,,,,,,,,,,,,,,,,,,,0,0,,,,,26,1,,,0,,,,,,,26,26,,,,,,,,,,,,,,,,,,,,,,,,,,,,,,
15:04:18.668,,,,,,,,,,,,,,,,,,,,,,,,,,,,,,,,,,,,,,,,,,,,,,,,,,,,,,,,,,,,,,,,,,,,,,,,,,,,,,,,,,,,,,,,-50,0,0,0,0,400,0,0,0,0,,,,,,,,,,0,,,,,,0,,
15:04:18.939,,,,,,,,,,,,,,,,,,,,,,,,,,,,,,,,,,,,,,,,,,,,,,,,,,,,,,,,,,,,,,,,,,,,,0,17,123,0,,,0,825.6,,0,0.6000000000000001,9,0,30,0,,,350,825.6,,,,,,,,,,,0,0,62.5,740.9000000000001,4.443,,,,,,,,,,,,,
15:04:19.116,,,,0,,,,20,,,,,,,,,23,20,,,,,,,,23,,,,,0,,,,,,,,,,,,,,,,,,,,,,,,,,,,,,,,,,,,,,,,,,,,,,,,,,,,,,,,,,,,,,,,,,,,,,,,,,,,,,,,,,,,
15:04:19.270,13.3,0.9,740.9,,0,0,25,,22,20,20,21,22,20,20,0.66681,,,1116.131388888889,4018073,0,0,5.14513888888889,4.11611111111111,3.85885416666667,,1706.2,1664,1274.5,1203.3,,0,0,0,740,2417,3.86,22,3.84,64,0,1116.13138888889,0,62.5,,,,,,,,,,,,,,,,,,,,,,,,,,,,,,,,,,,,,,,,,,,,,,,,,,,,,,,,,,,,,,,,,,,,0.51863,,,
15:04:19.446,,,,,,,,,,,,,,,,,,,,,,,,,,,,,,,,,,,,,,,,,,,,,24.5,24.5,,,,,,,27,,,,,,,,,,,,,,,,,,,,,,,,,,,,,,,,,,,,,,,,,,,,,,,,,,,,,,,,,,,,,,
15:04:19.568,,,,,,,,,,,,,,,,,,,,,,,,,,,,,,,,,,,,,,,,,,,,,,,24.5,27,30.5,25.5,27.5,30.5,,25.5,25.5,0,,,,,,,,,,,,,,,,,,,,,,,,,,,,,,,,,,,,,,,,,,,,,,,,,,0,,0,0,0,,,,0,
15:04:19.780,,,,,,,,,,,,,,,,,,,,,,,,,,,,,,,,,,,,,,,,,,,,,,,,,,,,,,,,,12.060000000000002,85,20,13.778,744.6,41.77,14.033,25,,,,,,,,,,,,,,,,,,,,,,,,,,,,,,,,,,,,,,,,,,,,,,,,,,,
15:04:19.905,,,,,,,,,,,,,,,,,,,,,,,,,,,,,,,,,,,,,,,,,,,,,,,,,,,,,,,,,,,,,,,,,11.8,3,,,,,,,,,,,,,,,,,,,,,,,,,,,,,,,,,,,,,,,,,,,,,,,,,
15:04:20.108,,,,,,,,,,,,,,,,,,,,,,,,,,,,,,,,,,,,,,,,,,,,,,,,,,,,,,,,,,,,,,,,,,,,,,,,,,,,,,,,,,,,,,,,,,,,,,,,,,,,,,,0,13.740762,0,,,,,,,,,,
15:04:20.377,,,,,,,,,,,,,,,,,,,,,,,,,,,,,,,,,,,,,,,,,,,,,,,,,,,,,,,,,,,,,,,,,,,0,0,,,,,26,1,,,0,,,,,,,26,26,,,,,,,,,,,,,,,,,,,,,,,,,,,,,,
15:04:20.556,,,,,,,,,,,,,,,,,,,,,,,,,,,,,,,,,,,,,,,,,,,,,,,,,,,,,,,,,,,,,,,,,,,,,,,,,,,,,,,,,,,,,,,,-50,0,0,0,0,400,0,0,0,0,,,,,,,,,,0,,,,,,0,,
15:04:20.830,,,,,,,,,,,,,,,,,,,,,,,,,,,,,,,,,,,,,,,,,,,,,,,,,,,,,,,,,,,,,,,,,,,,,0,17,123,0,,,0,825.6,,0,0.6000000000000001,9,0,30,0,,,350,825.6,,,,,,,,,,,0,0,62.5,740.8000000000001,4.444,,,,,,,,,,,,,
15:04:21.007,,,,0,,,,20,,,,,,,,,23,20,,,,,,,,23,,,,,0,,,,,,,,,,,,,,,,,,,,,,,,,,,,,,,,,,,,,,,,,,,,,,,,,,,,,,,,,,,,,,,,,,,,,,,,,,,,,,,,,,,,
15:04:21.160,13.3,0.8,740.8,,0,0,25,,22,20,20,21,22,20,20,0.59264,,,1116.1319444444443,4018075,0,0,5.14444444444444,4.11555555555556,3.85833333333333,,1706.2,1664,1274.5,1203.3,,-1,0,0,740,2417,3.86,12,3.84,64,0,1116.13194444444,0,62.5,,,,,,,,,,,,,,,,,,,,,,,,,,,,,,,,,,,,,,,,,,,,,,,,,,,,,,,,,,,,,,,,,,,,0.66672,,,
15:04:21.339,,,,,,,,,,,,,,,,,,,,,,,,,,,,,,,,,,,,,,,,,,,,,24.5,24.5,,,,,,,27,,,,,,,,,,,,,,,,,,,,,,,,,,,,,,,,,,,,,,,,,,,,,,,,,,,,,,,,,,,,,,
15:04:21.458,,,,,,,,,,,,,,,,,,,,,,,,,,,,,,,,,,,,,,,,,,,,,,,24.5,27,30.5,25.5,27.5,30.5,,25.5,25.5,0,,,,,,,,,,,,,,,,,,,,,,,,,,,,,,,,,,,,,,,,,,,,,,,,,,0,,0,0,0,,,,0,
15:04:21.670,,,,,,,,,,,,,,,,,,,,,,,,,,,,,,,,,,,,,,,,,,,,,,,,,,,,,,,,,12.400000000000034,85,20,13.796,744.7,42.02,14.036,25,,,,,,,,,,,,,,,,,,,,,,,,,,,,,,,,,,,,,,,,,,,,,,,,,,,
15:04:21.787,,,,,,,,,,,,,,,,,,,,,,,,,,,,,,,,,,,,,,,,,,,,,,,,,,,,,,,,,,,,,,,,,11.9,3,,,,,,,,,,,,,,,,,,,,,,,,,,,,,,,,,,,,,,,,,,,,,,,,,
15:04:21.998,,,,,,,,,,,,,,,,,,,,,,,,,,,,,,,,,,,,,,,,,,,,,,,,,,,,,,,,,,,,,,,,,,,,,,,,,,,,,,,,,,,,,,,,,,,,,,,,,,,,,,,0,13.760294,0.171875,,,,,,,,,,
15:04:22.274,,,,,,,,,,,,,,,,,,,,,,,,,,,,,,,,,,,,,,,,,,,,,,,,,,,,,,,,,,,,,,,,,,,0,0,,,,,26,1,,,0,,,,,,,26,26,,,,,,,,,,,,,,,,,,,,,,,,,,,,,,
15:04:22.450,,,,,,,,,,,,,,,,,,,,,,,,,,,,,,,,,,,,,,,,,,,,,,,,,,,,,,,,,,,,,,,,,,,,,,,,,,,,,,,,,,,,,,,,-50,0,0,0,0,400,0,0,0,0,,,,,,,,,,0,,,,,,0,,
15:04:22.725,,,,,,,,,,,,,,,,,,,,,,,,,,,,,,,,,,,,,,,,,,,,,,,,,,,,,,,,,,,,,,,,,,,,,0,17,123,0,,,0,825.6,,0,0.6000000000000001,9,0,30,0,,,350,825.6,,,,,,,,,,,0,0,62.5,740.8000000000001,4.444,,,,,,,,,,,,,
15:04:22.895,,,,0,,,,20,,,,,,,,,23,20,,,,,,,,23,,,,,0,,,,,,,,,,,,,,,,,,,,,,,,,,,,,,,,,,,,,,,,,,,,,,,,,,,,,,,,,,,,,,,,,,,,,,,,,,,,,,,,,,,,
15:04:23.045,13.3,0.8,740.9,,0,0,25,,22,20,20,21,22,20,20,0.59272,,,1116.1322222222223,4018076,0,0,5.14513888888889,4.11611111111111,3.85885416666667,,1706.2,1664,1274.5,1203.3,,0,0,0,740,2417,3.86,24,3.84,64,0,1116.13222222222,0,62.5,,,,,,,,,,,,,,,,,,,,,,,,,,,,,,,,,,,,,,,,,,,,,,,,,,,,,,,,,,,,,,,,,,,,0.59272,,,
15:04:23.235,,,,,,,,,,,,,,,,,,,,,,,,,,,,,,,,,,,,,,,,,,,,,24.5,24.5,,,,,,,27,,,,,,,,,,,,,,,,,,,,,,,,,,,,,,,,,,,,,,,,,,,,,,,,,,,,,,,,,,,,,,
15:04:23.347,,,,,,,,,,,,,,,,,,,,,,,,,,,,,,,,,,,,,,,,,,,,,,,24.5,27,30.5,25.5,27.5,30.5,,25.5,25.5,0,,,,,,,,,,,,,,,,,,,,,,,,,,,,,,,,,,,,,,,,,,,,,,,,,,0,,0,0,0,,,,0,
15:04:23.557,,,,,,,,,,,,,,,,,,,,,,,,,,,,,,,,,,,,,,,,,,,,,,,,,,,,,,,,,12.170000000000016,85,20,13.798,744.6,41.94,14.031,25,,,,,,,,,,,,,,,,,,,,,,,,,,,,,,,,,,,,,,,,,,,,,,,,,,,
15:04:23.686,,,,,,,,,,,,,,,,,,,,,,,,,,,,,,,,,,,,,,,,,,,,,,,,,,,,,,,,,,,,,,,,,15,3,,,,,,,,,,,,,,,,,,,,,,,,,,,,,,,,,,,,,,,,,,,,,,,,,
15:04:23.948,,,,,,,,,,,,,,,,,,,,,,,,,,,,,,,,,,,,,,,,,,,,,,,,,,,,,,,,,,,,,,,,,,,,,,,,,,,,,,,,,,,,,,,,,,,,,,,,,,,,,,,0,13.761270600000001,0.0625,,,,,,,,,,
15:04:24.219,,,,,,,,,,,,,,,,,,,,,,,,,,,,,,,,,,,,,,,,,,,,,,,,,,,,,,,,,,,,,,,,,,,0,0,,,,,26,1,,,0,,,,,,,26,26,,,,,,,,,,,,,,,,,,,,,,,,,,,,,,
15:04:24.401,,,,,,,,,,,,,,,,,,,,,,,,,,,,,,,,,,,,,,,,,,,,,,,,,,,,,,,,,,,,,,,,,,,,,,,,,,,,,,,,,,,,,,,,-50,0,0,0,0,400,0,0,0,0,,,,,,,,,,0,,,,,,0,,
15:04:24.670,,,,,,,,,,,,,,,,,,,,,,,,,,,,,,,,,,,,,,,,,,,,,,,,,,,,,,,,,,,,,,,,,,,,,0,17,123,0,,,0,825.6,,0,0.6000000000000001,9,0,30,0,,,350,825.6,,,,,,,,,,,0,0,62.5,740.8000000000001,4.442,,,,,,,,,,,,,
15:04:24.848,,,,0,,,,20,,,,,,,,,23,20,,,,,,,,23,,,,,0,,,,,,,,,,,,,,,,,,,,,,,,,,,,,,,,,,,,,,,,,,,,,,,,,,,,,,,,,,,,,,,,,,,,,,,,,,,,,,,,,,,,
15:04:24.998,13.3,0.8,740.8,,0,0,25,,22,20,20,21,22,20,20,0.59264,,,1116.1327777777778,4018078,0,0,5.14444444444444,4.11555555555556,3.85833333333333,,1706.2,1664,1274.5,1203.3,,0,0,0,740,2417,3.86,9,3.84,61,0,1116.13277777778,0,62.5,,,,,,,,,,,,,,,,,,,,,,,,,,,,,,,,,,,,,,,,,,,,,,,,,,,,,,,,,,,,,,,,,,,,0.59264,,,
15:04:25.177,,,,,,,,,,,,,,,,,,,,,,,,,,,,,,,,,,,,,,,,,,,,,24.5,24.5,,,,,,,27,,,,,,,,,,,,,,,,,,,,,,,,,,,,,,,,,,,,,,,,,,,,,,,,,,,,,,,,,,,,,,
15:04:25.299,,,,,,,,,,,,,,,,,,,,,,,,,,,,,,,,,,,,,,,,,,,,,,,24.5,27,30.5,25.5,27.5,30.5,,25.5,25.5,0,,,,,,,,,,,,,,,,,,,,,,,,,,,,,,,,,,,,,,,,,,,,,,,,,,0,,0,0,0,,,,0,
15:04:25.516,,,,,,,,,,,,,,,,,,,,,,,,,,,,,,,,,,,,,,,,,,,,,,,,,,,,,,,,,12.009999999999991,85,20,13.8,744.6,41.61,14.044,25,,,,,,,,,,,,,,,,,,,,,,,,,,,,,,,,,,,,,,,,,,,,,,,,,,,
15:04:25.636,,,,,,,,,,,,,,,,,,,,,,,,,,,,,,,,,,,,,,,,,,,,,,,,,,,,,,,,,,,,,,,,,-0.8,3,,,,,,,,,,,,,,,,,,,,,,,,,,,,,,,,,,,,,,,,,,,,,,,,,
15:04:25.840,,,,,,,,,,,,,,,,,,,,,,,,,,,,,,,,,,,,,,,,,,,,,,,,,,,,,,,,,,,,,,,,,,,,,,,,,,,,,,,,,,,,,,,,,,,,,,,,,,,,,,,0,13.760294,0,,,,,,,,,,
15:04:26.109,,,,,,,,,,,,,,,,,,,,,,,,,,,,,,,,,,,,,,,,,,,,,,,,,,,,,,,,,,,,,,,,,,,0,0,,,,,26,1,,,0,,,,,,,26,26,,,,,,,,,,,,,,,,,,,,,,,,,,,,,,
15:04:26.288,,,,,,,,,,,,,,,,,,,,,,,,,,,,,,,,,,,,,,,,,,,,,,,,,,,,,,,,,,,,,,,,,,,,,,,,,,,,,,,,,,,,,,,,-50,0,0,0,0,400,0,0,0,0,,,,,,,,,,0,,,,,,0,,
15:04:26.561,,,,,,,,,,,,,,,,,,,,,,,,,,,,,,,,,,,,,,,,,,,,,,,,,,,,,,,,,,,,,,,,,,,,,0,17,123,0,,,0,825.6,,0,0.6000000000000001,9,0,30,0,,,350,825.6,,,,,,,,,,,0,0,62.5,740.8000000000001,4.444,,,,,,,,,,,,,
15:04:26.738,,,,0,,,,20,,,,,,,,,23,20,,,,,,,,23,,,,,0,,,,,,,,,,,,,,,,,,,,,,,,,,,,,,,,,,,,,,,,,,,,,,,,,,,,,,,,,,,,,,,,,,,,,,,,,,,,,,,,,,,,
15:04:26.892,13.3,0.8,740.8,,0,0,25,,22,20,20,21,22,20,20,0.59264,,,1116.1333333333334,4018080,0,0,5.14444444444444,4.11555555555556,3.85833333333333,,1706.2,1664,1274.5,1203.3,,0,0,0,740,2417,3.86,23,3.84,61,0,1116.13333333333,0,62.5,,,,,,,,,,,,,,,,,,,,,,,,,,,,,,,,,,,,,,,,,,,,,,,,,,,,,,,,,,,,,,,,,,,,0.59264,,,
15:04:27.066,,,,,,,,,,,,,,,,,,,,,,,,,,,,,,,,,,,,,,,,,,,,,24.5,24.5,,,,,,,27,,,,,,,,,,,,,,,,,,,,,,,,,,,,,,,,,,,,,,,,,,,,,,,,,,,,,,,,,,,,,,
15:04:27.189,,,,,,,,,,,,,,,,,,,,,,,,,,,,,,,,,,,,,,,,,,,,,,,24.5,28,30.5,25.5,27.5,30.5,,25.5,25.5,0,,,,,,,,,,,,,,,,,,,,,,,,,,,,,,,,,,,,,,,,,,,,,,,,,,0,,0,0,0,,,,0,
15:04:27.397,,,,,,,,,,,,,,,,,,,,,,,,,,,,,,,,,,,,,,,,,,,,,,,,,,,,,,,,,11.600000000000023,85,20,13.792,744.5,40.25,14.04,25,,,,,,,,,,,,,,,,,,,,,,,,,,,,,,,,,,,,,,,,,,,,,,,,,,,
15:04:27.525,,,,,,,,,,,,,,,,,,,,,,,,,,,,,,,,,,,,,,,,,,,,,,,,,,,,,,,,,,,,,,,,,-7.9,3,,,,,,,,,,,,,,,,,,,,,,,,,,,,,,,,,,,,,,,,,,,,,,,,,
15:04:27.729,,,,,,,,,,,,,,,,,,,,,,,,,,,,,,,,,,,,,,,,,,,,,,,,,,,,,,,,,,,,,,,,,,,,,,,,,,,,,,,,,,,,,,,,,,,,,,,,,,,,,,,0,13.770548300000002,0,,,,,,,,,,
15:04:27.997,,,,,,,,,,,,,,,,,,,,,,,,,,,,,,,,,,,,,,,,,,,,,,,,,,,,,,,,,,,,,,,,,,,0,0,,,,,26,1,,,0,,,,,,,26,26,,,,,,,,,,,,,,,,,,,,,,,,,,,,,,
15:04:28.177,,,,,,,,,,,,,,,,,,,,,,,,,,,,,,,,,,,,,,,,,,,,,,,,,,,,,,,,,,,,,,,,,,,,,,,,,,,,,,,,,,,,,,,,-50,0,0,0,0,400,0,0,0,0,,,,,,,,,,0,,,,,,0,,
15:04:28.451,,,,,,,,,,,,,,,,,,,,,,,,,,,,,,,,,,,,,,,,,,,,,,,,,,,,,,,,,,,,,,,,,,,,,0,17,123,0,,,0,825.6,,0,0.6000000000000001,9,0,30,0,,,350,825.6,,,,,,,,,,,0,0,62.5,740.8000000000001,4.444,,,,,,,,,,,,,
15:04:28.657,,,,0,,,,20,,,,,,,,,23,20,,,,,,,,23,,,,,0,,,,,,,,,,,,,,,,,,,,,,,,,,,,,,,,,,,,,,,,,,,,,,,,,,,,,,,,,,,,,,,,,,,,,,,,,,,,,,,,,,,,
15:04:28.840,13.3,0.9,740.8,,0,0,25,,22,20,20,21,22,20,20,0.66672,,,1116.1338888888888,4018082,0,0,5.14444444444444,4.11555555555556,3.85833333333333,,1706.2,1664,1274.5,1203.3,,0,0,0,740,2332,3.86,24,3.84,61,0,1116.13388888889,0,62.5,,,,,,,,,,,,,,,,,,,,,,,,,,,,,,,,,,,,,,,,,,,,,,,,,,,,,,,,,,,,,,,,,,,,0.66672,,,
15:04:29.017,,,,,,,,,,,,,,,,,,,,,,,,,,,,,,,,,,,,,,,,,,,,,24.5,24.5,,,,,,,27,,,,,,,,,,,,,,,,,,,,,,,,,,,,,,,,,,,,,,,,,,,,,,,,,,,,,,,,,,,,,,
15:04:29.136,,,,,,,,,,,,,,,,,,,,,,,,,,,,,,,,,,,,,,,,,,,,,,,25,27,30.5,26,27.5,30.5,,25.5,25.5,0,,,,,,,,,,,,,,,,,,,,,,,,,,,,,,,,,,,,,,,,,,,,,,,,,,0,,0,0,0,,,,0,
15:04:29.346,,,,,,,,,,,,,,,,,,,,,,,,,,,,,,,,,,,,,,,,,,,,,,,,,,,,,,,,,11.860000000000014,85,20,13.809000000000001,744.3000000000001,39.88,14.031,26,,,,,,,,,,,,,,,,,,,,,,,,,,,,,,,,,,,,,,,,,,,,,,,,,,,
15:04:29.467,,,,,,,,,,,,,,,,,,,,,,,,,,,,,,,,,,,,,,,,,,,,,,,,,,,,,,,,,,,,,,,,,-13.600000000000001,3,,,,,,,,,,,,,,,,,,,,,,,,,,,,,,,,,,,,,,,,,,,,,,,,,
15:04:29.678,,,,,,,,,,,,,,,,,,,,,,,,,,,,,,,,,,,,,,,,,,,,,,,,,,,,,,,,,,,,,,,,,,,,,,,,,,,,,,,,,,,,,,,,,,,,,,,,,,,,,,,0,13.760294,0,,,,,,,,,,
15:04:29.948,,,,,,,,,,,,,,,,,,,,,,,,,,,,,,,,,,,,,,,,,,,,,,,,,,,,,,,,,,,,,,,,,,,0,0,,,,,26,1,,,0,,,,,,,26,26,,,,,,,,,,,,,,,,,,,,,,,,,,,,,,
15:04:30.127,,,,,,,,,,,,,,,,,,,,,,,,,,,,,,,,,,,,,,,,,,,,,,,,,,,,,,,,,,,,,,,,,,,,,,,,,,,,,,,,,,,,,,,,-50,0,0,0,0,400,0,0,0,0,,,,,,,,,,0,,,,,,0,,
15:04:30.401,,,,,,,,,,,,,,,,,,,,,,,,,,,,,,,,,,,,,,,,,,,,,,,,,,,,,,,,,,,,,,,,,,,,,0,17,123,0,,,0,825.6,,0,0.6000000000000001,9,0,30,0,,,350,825.6,,,,,,,,,,,0,0,62.5,740.8000000000001,4.444,,,,,,,,,,,,,
15:04:30.576,,,,0,,,,20,,,,,,,,,23,20,,,,,,,,23,,,,,0,,,,,,,,,,,,,,,,,,,,,,,,,,,,,,,,,,,,,,,,,,,,,,,,,,,,,,,,,,,,,,,,,,,,,,,,,,,,,,,,,,,,
15:04:30.729,13.3,0.8,740.8,,0,0,25,,22,20,20,21,22,20,20,0.59264,,,1116.1344444444444,4018084,0,0,5.14444444444444,4.11555555555556,3.85833333333333,,1706.2,1664,1274.5,1203.3,,0,0,0,740,2332,3.86,22,3.84,64,0,1116.13444444444,0,62.5,,,,,,,,,,,,,,,,,,,,,,,,,,,,,,,,,,,,,,,,,,,,,,,,,,,,,,,,,,,,,,,,,,,,0.59264,,,
15:04:30.909,,,,,,,,,,,,,,,,,,,,,,,,,,,,,,,,,,,,,,,,,,,,,24.5,24.5,,,,,,,27,,,,,,,,,,,,,,,,,,,,,,,,,,,,,,,,,,,,,,,,,,,,,,,,,,,,,,,,,,,,,,
15:04:31.088,,,,,,,,,,,,,,,,,,,,,,,,,,,,,,,,,,,,,,,,,,,,,,,25,28,30.5,25.5,27.5,30.5,,25.5,25.5,0,,,,,,,,,,,,,,,,,,,,,,,,,,,,,,,,,,,,,,,,,,,,,,,,,,0,,0,0,0,,,,0,
15:04:31.326,,,,,,,,,,,,,,,,,,,,,,,,,,,,,,,,,,,,,,,,,,,,,,,,,,,,,,,,,11.259999999999991,85,20,13.794,744,42.53,14.033,26,,,,,,,,,,,,,,,,,,,,,,,,,,,,,,,,,,,,,,,,,,,,,,,,,,,
15:04:31.454,,,,,,,,,,,,,,,,,,,,,,,,,,,,,,,,,,,,,,,,,,,,,,,,,,,,,,,,,,,,,,,,,1.5,3,,,,,,,,,,,,,,,,,,,,,,,,,,,,,,,,,,,,,,,,,,,,,,,,,
15:04:31.661,,,,,,,,,,,,,,,,,,,,,,,,,,,,,,,,,,,,,,,,,,,,,,,,,,,,,,,,,,,,,,,,,,,,,,,,,,,,,,,,,,,,,,,,,,,,,,,,,,,,,,,0,13.770548300000002,0,,,,,,,,,,
15:04:31.926,,,,,,,,,,,,,,,,,,,,,,,,,,,,,,,,,,,,,,,,,,,,,,,,,,,,,,,,,,,,,,,,,,,0,0,,,,,26,1,,,0,,,,,,,26,26,,,,,,,,,,,,,,,,,,,,,,,,,,,,,,
15:04:32.106,,,,,,,,,,,,,,,,,,,,,,,,,,,,,,,,,,,,,,,,,,,,,,,,,,,,,,,,,,,,,,,,,,,,,,,,,,,,,,,,,,,,,,,,-50,0,0,0,0,400,0,0,0,0,,,,,,,,,,0,,,,,,0,,
15:04:32.381,,,,,,,,,,,,,,,,,,,,,,,,,,,,,,,,,,,,,,,,,,,,,,,,,,,,,,,,,,,,,,,,,,,,,0,17,123,0,,,0,825.6,,0,0.6000000000000001,9,0,30,0,,,350,825.6,,,,,,,,,,,0,0,62.5,740.8000000000001,4.444,,,,,,,,,,,,,
15:04:32.585,,,,0,,,,20,,,,,,,,,23,20,,,,,,,,23,,,,,0,,,,,,,,,,,,,,,,,,,,,,,,,,,,,,,,,,,,,,,,,,,,,,,,,,,,,,,,,,,,,,,,,,,,,,,,,,,,,,,,,,,,
15:04:32.737,13.3,0.9,740.8,,0,0,25,,22,20,20,21,22,20,20,0.66672,,,1116.135,4018086,0,0,5.14444444444444,4.11555555555556,3.85833333333333,,1706.2,1664,1274.5,1203.3,,0,0,0,740,2332,3.86,23,3.84,64,0,1116.135,0,62.5,,,,,,,,,,,,,,,,,,,,,,,,,,,,,,,,,,,,,,,,,,,,,,,,,,,,,,,,,,,,,,,,,,,,0.59264,,,
15:04:32.917,,,,,,,,,,,,,,,,,,,,,,,,,,,,,,,,,,,,,,,,,,,,,24.5,24.5,,,,,,,27,,,,,,,,,,,,,,,,,,,,,,,,,,,,,,,,,,,,,,,,,,,,,,,,,,,,,,,,,,,,,,
15:04:33.036,,,,,,,,,,,,,,,,,,,,,,,,,,,,,,,,,,,,,,,,,,,,,,,25,28,30.5,26,27.5,30.5,,25.5,25.5,0,,,,,,,,,,,,,,,,,,,,,,,,,,,,,,,,,,,,,,,,,,,,,,,,,,0,,0,0,0,,,,0,
15:04:33.277,,,,,,,,,,,,,,,,,,,,,,,,,,,,,,,,,,,,,,,,,,,,,,,,,,,,,,,,,11.54000000000002,85,20,13.809000000000001,744.3000000000001,39.31,14.037,25,,,,,,,,,,,,,,,,,,,,,,,,,,,,,,,,,,,,,,,,,,,,,,,,,,,
15:04:33.396,,,,,,,,,,,,,,,,,,,,,,,,,,,,,,,,,,,,,,,,,,,,,,,,,,,,,,,,,,,,,,,,,-1.1,3,,,,,,,,,,,,,,,,,,,,,,,,,,,,,,,,,,,,,,,,,,,,,,,,,
15:04:33.606,,,,,,,,,,,,,,,,,,,,,,,,,,,,,,,,,,,,,,,,,,,,,,,,,,,,,,,,,,,,,,,,,,,,,,,,,,,,,,,,,,,,,,,,,,,,,,,,,,,,,,,0,13.761270600000001,0,,,,,,,,,,
15:04:33.878,,,,,,,,,,,,,,,,,,,,,,,,,,,,,,,,,,,,,,,,,,,,,,,,,,,,,,,,,,,,,,,,,,,0,0,,,,,26,1,,,0,,,,,,,26,26,,,,,,,,,,,,,,,,,,,,,,,,,,,,,,
15:04:34.057,,,,,,,,,,,,,,,,,,,,,,,,,,,,,,,,,,,,,,,,,,,,,,,,,,,,,,,,,,,,,,,,,,,,,,,,,,,,,,,,,,,,,,,,-50,0,0,0,0,400,0,0,0,0,,,,,,,,,,0,,,,,,0,,
15:04:34.330,,,,,,,,,,,,,,,,,,,,,,,,,,,,,,,,,,,,,,,,,,,,,,,,,,,,,,,,,,,,,,,,,,,,,0,17,123,0,,,0,825.6,,0,0.6000000000000001,9,0,30,0,,,350,825.6,,,,,,,,,,,0,0,62.5,740.8000000000001,4.444,,,,,,,,,,,,,
15:04:34.507,,,,0,,,,20,,,,,,,,,23,20,,,,,,,,23,,,,,0,,,,,,,,,,,,,,,,,,,,,,,,,,,,,,,,,,,,,,,,,,,,,,,,,,,,,,,,,,,,,,,,,,,,,,,,,,,,,,,,,,,,
15:04:34.656,13.3,0.9,740.8,,0,0,25,,22,20,20,21,22,20,20,0.66672,,,1116.1355555555556,4018088,0,0,5.14444444444444,4.11555555555556,3.85833333333333,,1706.2,1664,1274.5,1203.3,,0,0,0,740,2332,3.86,23,3.84,61,0,1116.13555555556,0,62.5,,,,,,,,,,,,,,,,,,,,,,,,,,,,,,,,,,,,,,,,,,,,,,,,,,,,,,,,,,,,,,,,,,,,0.66672,,,
15:04:34.844,,,,,,,,,,,,,,,,,,,,,,,,,,,,,,,,,,,,,,,,,,,,,24.5,24.5,,,,,,,27,,,,,,,,,,,,,,,,,,,,,,,,,,,,,,,,,,,,,,,,,,,,,,,,,,,,,,,,,,,,,,
15:04:34.957,,,,,,,,,,,,,,,,,,,,,,,,,,,,,,,,,,,,,,,,,,,,,,,25,28,30.5,26,27.5,30.5,,25.5,25.5,0,,,,,,,,,,,,,,,,,,,,,,,,,,,,,,,,,,,,,,,,,,,,,,,,,,0,,0,0,0,,,,0,
15:04:35.262,,,,,,,,,,,,,,,,,,,,,,,,,,,,,,,,,,,,,,,,,,,,,,,,,,,,,,,,,10.95999999999998,85,20,13.797,744.5,42.42,14.031,26,,,,,,,,,,,,,,,,,,,,,,,,,,,,,,,,,,,,,,,,,,,,,,,,,,,
15:04:35.385,,,,,,,,,,,,,,,,,,,,,,,,,,,,,,,,,,,,,,,,,,,,,,,,,,,,,,,,,,,,,,,,,-16.8,3,,,,,,,,,,,,,,,,,,,,,,,,,,,,,,,,,,,,,,,,,,,,,,,,,
15:04:35.588,,,,,,,,,,,,,,,,,,,,,,,,,,,,,,,,,,,,,,,,,,,,,,,,,,,,,,,,,,,,,,,,,,,,,,,,,,,,,,,,,,,,,,,,,,,,,,,,,,,,,,,0,13.770548300000002,0,,,,,,,,,,
15:04:35.886,,,,,,,,,,,,,,,,,,,,,,,,,,,,,,,,,,,,,,,,,,,,,,,,,,,,,,,,,,,,,,,,,,,0,0,,,,,26,1,,,0,,,,,,,26,26,,,,,,,,,,,,,,,,,,,,,,,,,,,,,,
15:04:36.100,,,,,,,,,,,,,,,,,,,,,,,,,,,,,,,,,,,,,,,,,,,,,,,,,,,,,,,,,,,,,,,,,,,,,,,,,,,,,,,,,,,,,,,,-50,0,0,0,0,400,0,0,0,0,,,,,,,,,,0,,,,,,0,,
15:04:36.366,,,,,,,,,,,,,,,,,,,,,,,,,,,,,,,,,,,,,,,,,,,,,,,,,,,,,,,,,,,,,,,,,,,,,0,17,123,0,,,0,825.6,,0,0.6000000000000001,9,0,30,0,,,350,825.6,,,,,,,,,,,0,0,62.5,740.8000000000001,4.443,,,,,,,,,,,,,
15:04:36.548,,,,0,,,,20,,,,,,,,,23,20,,,,,,,,23,,,,,0,,,,,,,,,,,,,,,,,,,,,,,,,,,,,,,,,,,,,,,,,,,,,,,,,,,,,,,,,,,,,,,,,,,,,,,,,,,,,,,,,,,,
15:04:36.700,13.3,1.6,740.7,,0,0,25,,22,20,20,21,22,20,20,1.18512,,,1116.1361111111112,4018090,0,0,5.14375,4.115,3.8578125,,1706.2,1664,1274.5,1203.3,,90,0,0,740,2320,3.86,9,3.84,2,0,1116.13611111111,0,62.5,,,,,,,,,,,,,,,,,,,,,,,,,,,,,,,,,,,,,,,,,,,,,,,,,,,,,,,,,,,,,,,,,,,,1.1851200000000002,,,
15:04:36.879,,,,,,,,,,,,,,,,,,,,,,,,,,,,,,,,,,,,,,,,,,,,,24.5,24.5,,,,,,,27,,,,,,,,,,,,,,,,,,,,,,,,,,,,,,,,,,,,,,,,,,,,,,,,,,,,,,,,,,,,,,
15:04:36.998,,,,,,,,,,,,,,,,,,,,,,,,,,,,,,,,,,,,,,,,,,,,,,,25,28,30.5,26,27.5,30.5,,25.5,25.5,1,,,,,,,,,,,,,,,,,,,,,,,,,,,,,,,,,,,,,,,,,,,,,,,,,,0.054590277848457214,,0.0005667581388888889,0.0005667581388888889,0.8437964088024842,118.51199999999999,,,0.0036030611834071084,
15:04:37.207,,,,,,,,,,,,,,,,,,,,,,,,,,,,,,,,,,,,,,,,,,,,,,,,,,,,,,,,,10.970000000000027,85,20,13.8,744.7,39.43,14.037,26,,,,,,,,,,,,,,,,,,,,,,,,,,,,,,,,,,,,,,,,,,,,,,,,,,,
15:04:37.326,,,,,,,,,,,,,,,,,,,,,,,,,,,,,,,,,,,,,,,,,,,,,,,,,,,,,,,,,,,,,,,,,-30,3,,,,,,,,,,,,,,,,,,,,,,,,,,,,,,,,,,,,,,,,,,,,,,,,,
15:04:37.537,,,,,,,,,,,,,,,,,,,,,,,,,,,,,,,,,,,,,,,,,,,,,,,,,,,,,,,,,,,,,,,,,,,,,,,,,,,,,,,,,,,,,,,,,,,,,,,,,,,,,,,0.14648250000000002,13.760294,1.015625,,,,,,,,,,
15:04:37.809,,,,,,,,,,,,,,,,,,,,,,,,,,,,,,,,,,,,,,,,,,,,,,,,,,,,,,,,,,,,,,,,,,,0,0,,,,,26,1,,,0,,,,,,,26,26,,,,,,,,,,,,,,,,,,,,,,,,,,,,,,
15:04:37.990,,,,,,,,,,,,,,,,,,,,,,,,,,,,,,,,,,,,,,,,,,,,,,,,,,,,,,,,,,,,,,,,,,,,,,,,,,,,,,,,,,,,,,,,-50,0,0,0,0,400,0,0,0,0,,,,,,,,,,0,,,,,,0,,
15:04:38.262,,,,,,,,,,,,,,,,,,,,,,,,,,,,,,,,,,,,,,,,,,,,,,,,,,,,,,,,,,,,,,,,,,,,,0,17,123,0,,,0,825.6,,0,0.6000000000000001,9,0,30,0,,,350,825.6,,,,,,,,,,,0,0,62.5,740.8000000000001,4.444,,,,,,,,,,,,,
15:04:38.467,,,,0,,,,20,,,,,,,,,23,20,,,,,,,,23,,,,,0,,,,,,,,,,,,,,,,,,,,,,,,,,,,,,,,,,,,,,,,,,,,,,,,,,,,,,,,,,,,,,,,,,,,,,,,,,,,,,,,,,,,
15:04:38.617,13.3,1.8,740.7,,0,0,25,,22,20,20,21,22,20,20,1.33326,,,1116.1366666666668,4018092,0,0,5.14375,4.115,3.8578125,,1706.2,1664,1274.5,1203.3,,93,0,0,739,2320,3.86,24,3.84,2,0,1116.13666666667,0,62.5,,,,,,,,,,,,,,,,,,,,,,,,,,,,,,,,,,,,,,,,,,,,,,,,,,,,,,,,,,,,,,,,,,,,1.1851200000000002,,,
15:04:38.798,,,,,,,,,,,,,,,,,,,,,,,,,,,,,,,,,,,,,,,,,,,,,25,25,,,,,,,27,,,,,,,,,,,,,,,,,,,,,,,,,,,,,,,,,,,,,,,,,,,,,,,,,,,,,,,,,,,,,,
15:04:38.916,,,,,,,,,,,,,,,,,,,,,,,,,,,,,,,,,,,,,,,,,,,,,,,25.5,28,30.5,26,27.5,30.5,,25.5,25.5,1,,,,,,,,,,,,,,,,,,,,,,,,,,,,,,,,,,,,,,,,,,,,,,,,,,0.10075187587995138,,0.0010997048333333333,0.0010997048333333333,0.7500412522688749,133.326,,,0.0036185834255517283,
15:04:39.127,,,,,,,,,,,,,,,,,,,,,,,,,,,,,,,,,,,,,,,,,,,,,,,,,,,,,,,,,11.439999999999998,85,20,13.827,744.2,39.24,14.033,26,,,,,,,,,,,,,,,,,,,,,,,,,,,,,,,,,,,,,,,,,,,,,,,,,,,
15:04:39.248,,,,,,,,,,,,,,,,,,,,,,,,,,,,,,,,,,,,,,,,,,,,,,,,,,,,,,,,,,,,,,,,,15.9,3,,,,,,,,,,,,,,,,,,,,,,,,,,,,,,,,,,,,,,,,,,,,,,,,,
15:04:39.457,,,,,,,,,,,,,,,,,,,,,,,,,,,,,,,,,,,,,,,,,,,,,,,,,,,,,,,,,,,,,,,,,,,,,,,,,,,,,,,,,,,,,,,,,,,,,,,,,,,,,,,10.253775000000001,13.798381400000002,0,,,,,,,,,,
15:04:39.729,,,,,,,,,,,,,,,,,,,,,,,,,,,,,,,,,,,,,,,,,,,,,,,,,,,,,,,,,,,,,,,,,,,0,0,,,,,26,1,,,0,,,,,,,26,26,,,,,,,,,,,,,,,,,,,,,,,,,,,,,,
15:04:39.908,,,,,,,,,,,,,,,,,,,,,,,,,,,,,,,,,,,,,,,,,,,,,,,,,,,,,,,,,,,,,,,,,,,,,,,,,,,,,,,,,,,,,,,,-50,0,0,0,0,400,0,0,0,0,,,,,,,,,,0,,,,,,0,,
15:04:40.182,,,,,,,,,,,,,,,,,,,,,,,,,,,,,,,,,,,,,,,,,,,,,,,,,,,,,,,,,,,,,,,,,,,,,0,17,123,0,,,0,825.6,,0,0.6000000000000001,9,0,30,0,,,350,825.6,,,,,,,,,,,0,0,62.5,740.7,4.444,,,,,,,,,,,,,
15:04:40.361,,,,0,,,,20,,,,,,,,,23,20,,,,,,,,23,,,,,0,,,,,,,,,,,,,,,,,,,,,,,,,,,,,,,,,,,,,,,,,,,,,,,,,,,,,,,,,,,,,,,,,,,,,,,,,,,,,,,,,,,,
15:04:40.507,13.3,3.6,740.5,,0,0,25,,22,20,20,21,22,20,20,2.6658,,,1116.1372222222221,4018094,0,0,5.14236111111111,4.11388888888889,3.85677083333333,,1706.2,1664,1274.5,1203.3,,229,0,0,739,2320,3.86,24,3.84,61,0,1116.13722222222,0,62.5,,,,,,,,,,,,,,,,,,,,,,,,,,,,,,,,,,,,,,,,,,,,,,,,,,,,,,,,,,,,,,,,,,,,1.3329000000000002,,,
15:04:40.688,,,,,,,,,,,,,,,,,,,,,,,,,,,,,,,,,,,,,,,,,,,,,25,25,,,,,,,27,,,,,,,,,,,,,,,,,,,,,,,,,,,,,,,,,,,,,,,,,,,,,,,,,,,,,,,,,,,,,,
15:04:40.809,,,,,,,,,,,,,,,,,,,,,,,,,,,,,,,,,,,,,,,,,,,,,,,25.5,28,30.5,26,27.5,30.5,,25.5,25.5,3,,,,,,,,,,,,,,,,,,,,,,,,,,,,,,,,,,,,,,,,,,,,,,,,,,0.2339638439389884,,0.002676697333333333,0.002676697333333333,1.1253657438667568,88.85999999999999,,,0.010932535406859659,
15:04:41.026,,,,,,,,,,,,,,,,,,,,,,,,,,,,,,,,,,,,,,,,,,,,,,,,,,,,,,,,,10.410000000000025,85,20,13.791,744,38.54,14.01,26,,,,,,,,,,,,,,,,,,,,,,,,,,,,,,,,,,,,,,,,,,,,,,,,,,,
15:04:41.136,,,,,,,,,,,,,,,,,,,,,,,,,,,,,,,,,,,,,,,,,,,,,,,,,,,,,,,,,,,,,,,,,-92.5,3,,,,,,,,,,,,,,,,,,,,,,,,,,,,,,,,,,,,,,,,,,,,,,,,,
15:04:41.348,,,,,,,,,,,,,,,,,,,,,,,,,,,,,,,,,,,,,,,,,,,,,,,,,,,,,,,,,,,,,,,,,,,,,,,,,,,,,,,,,,,,,,,,,,,,,,,,,,,,,,,31.6890475,13.7500397,5.453125,,,,,,,,,,
15:04:41.616,,,,,,,,,,,,,,,,,,,,,,,,,,,,,,,,,,,,,,,,,,,,,,,,,,,,,,,,,,,,,,,,,,,0,0,,,,,26,1,,,0,,,,,,,26,26,,,,,,,,,,,,,,,,,,,,,,,,,,,,,,
15:04:41.802,,,,,,,,,,,,,,,,,,,,,,,,,,,,,,,,,,,,,,,,,,,,,,,,,,,,,,,,,,,,,,,,,,,,,,,,,,,,,,,,,,,,,,,,-50,0,0,0,0,400,0,0,0,0,,,,,,,,,,0,,,,,,0,,
15:04:42.072,,,,,,,,,,,,,,,,,,,,,,,,,,,,,,,,,,,,,,,,,,,,,,,,,,,,,,,,,,,,,,,,,,,,,0,17,123,0,,,0,825.6,,0,0.6000000000000001,9,0,30,0,,,350,825.6,,,,,,,,,,,0,0,62.5,740,4.443,,,,,,,,,,,,,
15:04:42.249,,,,0,,,,20,,,,,,,,,23,20,,,,,,,,23,,,,,0,,,,,,,,,,,,,,,,,,,,,,,,,,,,,,,,,,,,,,,,,,,,,,,,,,,,,,,,,,,,,,,,,,,,,,,,,,,,,,,,,,,,
15:04:42.399,13.3,6.9,740.1,,0,0,25,,22,20,20,21,22,20,20,5.10669,,,1116.1377777777777,4018096,0,0,5.13958333333333,4.11166666666667,3.8546875,,1706.2,1664,1274.5,1203.3,,669,0,0,739,2320,3.84,22,3.84,61,0,1116.13777777778,0,62.5,,,,,,,,,,,,,,,,,,,,,,,,,,,,,,,,,,,,,,,,,,,,,,,,,,,,,,,,,,,,,,,,,,,,2.6643600000000003,,,
15:04:42.582,,,,,,,,,,,,,,,,,,,,,,,,,,,,,,,,,,,,,,,,,,,,,25,25,,,,,,,27,,,,,,,,,,,,,,,,,,,,,,,,,,,,,,,,,,,,,,,,,,,,,,,,,,,,,,,,,,,,,,
15:04:42.699,,,,,,,,,,,,,,,,,,,,,,,,,,,,,,,,,,,,,,,,,,,,,,,25.5,28,30.5,26,27.5,30.5,,25.5,25.5,8,,,,,,,,,,,,,,,,,,,,,,,,,,,,,,,,,,,,,,,,,,,,,,,,,,0.5746827870999227,,0.006876431333333334,0.006876431333333334,1.5665724764965172,63.833625000000005,,,0.02927274228024553,
15:04:42.906,,,,,,,,,,,,,,,,,,,,,,,,,,,,,,,,,,,,,,,,,,,,,,,,,,,,,,,,,10.900000000000034,85,20,13.81,744,37.26,14.026,26,,,,,,,,,,,,,,,,,,,,,,,,,,,,,,,,,,,,,,,,,,,,,,,,,,,
15:04:43.027,,,,,,,,,,,,,,,,,,,,,,,,,,,,,,,,,,,,,,,,,,,,,,,,,,,,,,,,,,,,,,,,,-57.300000000000004,3,,,,,,,,,,,,,,,,,,,,,,,,,,,,,,,,,,,,,,,,,,,,,,,,,
15:04:43.241,,,,,,,,,,,,,,,,,,,,,,,,,,,,,,,,,,,,,,,,,,,,,,,,,,,,,,,,,,,,,,,,,,,,,,,,,,,,,,,,,,,,,,,,,,,,,,,,,,,,,,,22.9000975,13.760294,9.5,,,,,,,,,,
15:04:43.507,,,,,,,,,,,,,,,,,,,,,,,,,,,,,,,,,,,,,,,,,,,,,,,,,,,,,,,,,,,,,,,,,,,0,0,,,,,26,1,,,0,,,,,,,26,26,,,,,,,,,,,,,,,,,,,,,,,,,,,,,,
15:04:43.687,,,,,,,,,,,,,,,,,,,,,,,,,,,,,,,,,,,,,,,,,,,,,,,,,,,,,,,,,,,,,,,,,,,,,,,,,,,,,,,,,,,,,,,,-50,0,0,0,0,400,0,0,0,0,,,,,,,,,,0,,,,,,0,,
15:04:43.960,,,,,,,,,,,,,,,,,,,,,,,,,,,,,,,,,,,,,,,,,,,,,,,,,,,,,,,,,,,,,,,,,,,,,0,17,123,0,,,0,825.6,,0,0.6000000000000001,9,0,30,0,,,350,825.6,,,,,,,,,,,0,0,62.5,740.3000000000001,4.443,,,,,,,,,,,,,
15:04:44.138,,,,0,,,,20,,,,,,,,,23,20,,,,,,,,23,,,,,0,,,,,,,,,,,,,,,,,,,,,,,,,,,,,,,,,,,,,,,,,,,,,,,,,,,,,,,,,,,,,,,,,,,,,,,,,,,,,,,,,,,,
15:04:44.286,13.3,7,740.1,,0,0,25,,22,20,20,21,22,20,20,5.1807,,,1116.1383333333333,4018098,0,0,5.13958333333333,4.11166666666667,3.8546875,,1706.2,1664,1274.5,1203.3,,828,0,0,739,2320,3.84,22,3.84,61,0,1116.13833333333,0,62.5,,,,,,,,,,,,,,,,,,,,,,,,,,,,,,,,,,,,,,,,,,,,,,,,,,,,,,,,,,,,,,,,,,,,5.10669,,,
15:04:44.466,,,,,,,,,,,,,,,,,,,,,,,,,,,,,,,,,,,,,,,,,,,,,25,25,,,,,,,27,,,,,,,,,,,,,,,,,,,,,,,,,,,,,,,,,,,,,,,,,,,,,,,,,,,,,,,,,,,,,,
15:04:44.586,,,,,,,,,,,,,,,,,,,,,,,,,,,,,,,,,,,,,,,,,,,,,,,25.5,28,30.5,26,27.5,30.5,,25.5,25.5,10,,,,,,,,,,,,,,,,,,,,,,,,,,,,,,,,,,,,,,,,,,,,,,,,,,0.9703640115287461,,0.012119796611111112,0.012119796611111112,1.9302410871117803,51.806999999999995,,,0.033594099155985754,
15:04:44.798,,,,,,,,,,,,,,,,,,,,,,,,,,,,,,,,,,,,,,,,,,,,,,,,,,,,,,,,,10.379999999999995,85,20,13.797,744,39.11,14.015,26,,,,,,,,,,,,,,,,,,,,,,,,,,,,,,,,,,,,,,,,,,,,,,,,,,,
15:04:44.946,,,,,,,,,,,,,,,,,,,,,,,,,,,,,,,,,,,,,,,,,,,,,,,,,,,,,,,,,,,,,,,,,9.1,3,,,,,,,,,,,,,,,,,,,,,,,,,,,,,,,,,,,,,,,,,,,,,,,,,
15:04:45.158,,,,,,,,,,,,,,,,,,,,,,,,,,,,,,,,,,,,,,,,,,,,,,,,,,,,,,,,,,,,,,,,,,,,,,,,,,,,,,,,,,,,,,,,,,,,,,,,,,,,,,,29.394155,13.770548300000002,8,,,,,,,,,,
15:04:45.429,,,,,,,,,,,,,,,,,,,,,,,,,,,,,,,,,,,,,,,,,,,,,,,,,,,,,,,,,,,,,,,,,,,0,0,,,,,26,1,,,0,,,,,,,26,26,,,,,,,,,,,,,,,,,,,,,,,,,,,,,,
15:04:45.608,,,,,,,,,,,,,,,,,,,,,,,,,,,,,,,,,,,,,,,,,,,,,,,,,,,,,,,,,,,,,,,,,,,,,,,,,,,,,,,,,,,,,,,,-50,0,0,0,0,400,0,0,0,0,,,,,,,,,,0,,,,,,0,,
15:04:45.873,,,,,,,,,,,,,,,,,,,,,,,,,,,,,,,,,,,,,,,,,,,,,,,,,,,,,,,,,,,,,,,,,,,,,0,17,123,0,,,0,825.6,,0,0.6000000000000001,9,0,30,0,,,350,825.6,,,,,,,,,,,0,0,62.5,739.5,4.443,,,,,,,,,,,,,
15:04:46.057,,,,0,,,,20,,,,,,,,,23,20,,,,,,,,23,,,,,0,,,,,,,,,,,,,,,,,,,,,,,,,,,,,,,,,,,,,,,,,,,,,,,,,,,,,,,,,,,,,,,,,,,,,,,,,,,,,,,,,,,,
15:04:46.207,13.3,14,739.3,,0,0,25,,22,20,20,21,22,20,20,10.3502,,,1116.138888888889,4018100,0,0,5.13402777777778,4.10722222222222,3.85052083333333,,1706.2,1664,1274.5,1203.3,,1172,0,0,738,2310,3.84,24,3.84,181,0,1116.13888888889,0,62.5,,,,,,,,,,,,,,,,,,,,,,,,,,,,,,,,,,,,,,,,,,,,,,,,,,,,,,,,,,,,,,,,,,,,5.1751,,,
15:04:46.418,,,,,,,,,,,,,,,,,,,,,,,,,,,,,,,,,,,,,,,,,,,,,25,25,,,,,,,27,,,,,,,,,,,,,,,,,,,,,,,,,,,,,,,,,,,,,,,,,,,,,,,,,,,,,,,,,,,,,,
15:04:46.598,,,,,,,,,,,,,,,,,,,,,,,,,,,,,,,,,,,,,,,,,,,,,,,25.5,28,30.5,26,27.5,30.5,,25.5,25.5,15,,,,,,,,,,,,,,,,,,,,,,,,,,,,,,,,,,,,,,,,,,,,,,,,,,1.5713194169456313,,0.020503979944444445,0.020503979944444445,1.4492473575389848,69.00133333333333,,,0.05161998323336864,
15:04:46.806,,,,,,,,,,,,,,,,,,,,,,,,,,,,,,,,,,,,,,,,,,,,,,,,,,,,,,,,,10.70999999999998,85,20,13.81,742.7,35.81,14.015,25,,,,,,,,,,,,,,,,,,,,,,,,,,,,,,,,,,,,,,,,,,,,,,,,,,,
15:04:46.965,,,,,,,,,,,,,,,,,,,,,,,,,,,,,,,,,,,,,,,,,,,,,,,,,,,,,,,,,,,,,,,,,5.4,3,,,,,,,,,,,,,,,,,,,,,,,,,,,,,,,,,,,,,,,,,,,,,,,,,
15:04:47.167,,,,,,,,,,,,,,,,,,,,,,,,,,,,,,,,,,,,,,,,,,,,,,,,,,,,,,,,,,,,,,,,,,,,,,,,,,,,,,,,,,,,,,,,,,,,,,,,,,,,,,,28.5640875,13.779337700000001,17.09375,,,,,,,,,,
15:04:47.437,,,,,,,,,,,,,,,,,,,,,,,,,,,,,,,,,,,,,,,,,,,,,,,,,,,,,,,,,,,,,,,,,,,0,0,,,,,26,1,,,0,,,,,,,26,26,,,,,,,,,,,,,,,,,,,,,,,,,,,,,,
15:04:47.618,,,,,,,,,,,,,,,,,,,,,,,,,,,,,,,,,,,,,,,,,,,,,,,,,,,,,,,,,,,,,,,,,,,,,,,,,,,,,,,,,,,,,,,,-50,0,0,0,0,400,0,0,0,0,,,,,,,,,,0,,,,,,0,,
15:04:47.889,,,,,,,,,,,,,,,,,,,,,,,,,,,,,,,,,,,,,,,,,,,,,,,,,,,,,,,,,,,,,,,,,,,,,0,17,123,0,,,0,825.6,,0,0.6000000000000001,9,0,30,0,,,350,825.6,,,,,,,,,,,0,0,62.5,739.7,4.442,,,,,,,,,,,,,
15:04:48.069,,,,0,,,,20,,,,,,,,,23,20,,,,,,,,23,,,,,0,,,,,,,,,,,,,,,,,,,,,,,,,,,,,,,,,,,,,,,,,,,,,,,,,,,,,,,,,,,,,,,,,,,,,,,,,,,,,,,,,,,,
15:04:48.222,13.3,-0.7,740.5,,0,0,25,,22,20,20,21,22,20,20,-0.51835,,,1116.1394444444445,4018102,0,0,5.14236111111111,4.11388888888889,3.85677083333333,,1706.2,1664,1274.5,1203.3,,1354,0,0,739,2310,3.84,24,3.84,61,0,1116.13944444444,0,62.5,,,,,,,,,,,,,,,,,,,,,,,,,,,,,,,,,,,,,,,,,,,,,,,,,,,,,,,,,,,,,,,,,,,,-0.51835,,,
15:04:48.399,,,,,,,,,,,,,,,,,,,,,,,,,,,,,,,,,,,,,,,,,,,,,25,25,,,,,,,27,,,,,,,,,,,,,,,,,,,,,,,,,,,,,,,,,,,,,,,,,,,,,,,,,,,,,,,,,,,,,,
15:04:48.517,,,,,,,,,,,,,,,,,,,,,,,,,,,,,,,,,,,,,,,,,,,,,,,25.5,28,30.5,26,27.5,30.5,,25.5,25.5,16,,,,,,,,,,,,,,,,,,,,,,,,,,,,,,,,,,,,,,,,,,,,,,,,,,2.1374536864633455,,0.029030467944444444,0.029030467944444444,-30.867174688916755,-3.2396875,,,0.0477716328836924,
15:04:48.727,,,,,,,,,,,,,,,,,,,,,,,,,,,,,,,,,,,,,,,,,,,,,,,,,,,,,,,,,10.579999999999984,85,20,13.812000000000001,745.3000000000001,35.83,14.02,26,,,,,,,,,,,,,,,,,,,,,,,,,,,,,,,,,,,,,,,,,,,,,,,,,,,
15:04:48.853,,,,,,,,,,,,,,,,,,,,,,,,,,,,,,,,,,,,,,,,,,,,,,,,,,,,,,,,,,,,,,,,,-3,3,,,,,,,,,,,,,,,,,,,,,,,,,,,,,,,,,,,,,,,,,,,,,,,,,
15:04:49.089,,,,,,,,,,,,,,,,,,,,,,,,,,,,,,,,,,,,,,,,,,,,,,,,,,,,,,,,,,,,,,,,,,,,,,,,,,,,,,,,,,,,,,,,,,,,,,,,,,,,,,,6.5917125,13.771524900000001,12,,,,,,,,,,
15:04:49.360,,,,,,,,,,,,,,,,,,,,,,,,,,,,,,,,,,,,,,,,,,,,,,,,,,,,,,,,,,,,,,,,,,,0,0,,,,,26,1,,,0,,,,,,,26,26,,,,,,,,,,,,,,,,,,,,,,,,,,,,,,
15:04:49.539,,,,,,,,,,,,,,,,,,,,,,,,,,,,,,,,,,,,,,,,,,,,,,,,,,,,,,,,,,,,,,,,,,,,,,,,,,,,,,,,,,,,,,,,-50,0,0,0,0,400,0,0,0,0,,,,,,,,,,0,,,,,,0,,
15:04:49.813,,,,,,,,,,,,,,,,,,,,,,,,,,,,,,,,,,,,,,,,,,,,,,,,,,,,,,,,,,,,,,,,,,,,,0,17,123,0,,,0,825.6,,0,0.6000000000000001,9,0,30,0,,,350,825.6,,,,,,,,,,,0,0,62.5,741.5,4.441,,,,,,,,,,,,,
15:04:49.988,,,,0,,,,20,,,,,,,,,23,20,,,,,,,,23,,,,,0,,,,,,,,,,,,,,,,,,,,,,,,,,,,,,,,,,,,,,,,,,,,,,,,,,,,,,,,,,,,,,,,,,,,,,,,,,,,,,,,,,,,
15:04:50.140,13.3,-6.4,741.4,,0,0,25,,22,20,20,21,22,20,20,-4.74496,,,1116.14,4018104,0,0,5.14861111111111,4.11888888888889,3.86145833333333,,1706.2,1664,1274.5,1203.3,,665,0,0,740,2310,3.86,24,3.84,64,0,1116.14,0,62.5,,,,,,,,,,,,,,,,,,,,,,,,,,,,,,,,,,,,,,,,,,,,,,,,,,,,,,,,,,,,,,,,,,,,-0.5189799999999999,,,
15:04:50.322,,,,,,,,,,,,,,,,,,,,,,,,,,,,,,,,,,,,,,,,,,,,,25,25,,,,,,,27,,,,,,,,,,,,,,,,,,,,,,,,,,,,,,,,,,,,,,,,,,,,,,,,,,,,,,,,,,,,,,
15:04:50.440,,,,,,,,,,,,,,,,,,,,,,,,,,,,,,,,,,,,,,,,,,,,,,,25.5,28,30.5,26,27.5,30.5,,25.5,25.5,6,,,,,,,,,,,,,,,,,,,,,,,,,,,,,,,,,,,,,,,,,,,,,,,,,,2.2836118709005464,,0.03223536494444444,0.03223536494444444,-1.2644995953601295,-79.08266666666667,,,,
15:04:50.710,,,,,,,,,,,,,,,,,,,,,,,,,,,,,,,,,,,,,,,,,,,,,,,,,,,,,,,,,9.990000000000009,85,20,13.791,744.7,39.98,14.036,25,,,,,,,,,,,,,,,,,,,,,,,,,,,,,,,,,,,,,,,,,,,,,,,,,,,
15:04:50.828,,,,,,,,,,,,,,,,,,,,,,,,,,,,,,,,,,,,,,,,,,,,,,,,,,,,,,,,,,,,,,,,,-3.1,3,,,,,,,,,,,,,,,,,,,,,,,,,,,,,,,,,,,,,,,,,,,,,,,,,
15:04:51.044,,,,,,,,,,,,,,,,,,,,,,,,,,,,,,,,,,,,,,,,,,,,,,,,,,,,,,,,,,,,,,,,,,,,,,,,,,,,,,,,,,,,,,,,,,,,,,,,,,,,,,,0,13.7588291,4.609375,,,,,,,,,,
15:04:51.311,,,,,,,,,,,,,,,,,,,,,,,,,,,,,,,,,,,,,,,,,,,,,,,,,,,,,,,,,,,,,,,,,,,0,0,,,,,26,1,,,0,,,,,,,26,26,,,,,,,,,,,,,,,,,,,,,,,,,,,,,,
15:04:51.490,,,,,,,,,,,,,,,,,,,,,,,,,,,,,,,,,,,,,,,,,,,,,,,,,,,,,,,,,,,,,,,,,,,,,,,,,,,,,,,,,,,,,,,,-50,0,0,0,0,400,0,0,0,0,,,,,,,,,,0,,,,,,0,,
15:04:51.763,,,,,,,,,,,,,,,,,,,,,,,,,,,,,,,,,,,,,,,,,,,,,,,,,,,,,,,,,,,,,,,,,,,,,0,17,123,0,,,0,825.6,,0,0.6000000000000001,9,0,30,0,,,350,825.6,,,,,,,,,,,0,0,62.5,740.7,4.442,,,,,,,,,,,,,
15:04:51.938,,,,0,,,,20,,,,,,,,,23,20,,,,,,,,23,,,,,0,,,,,,,,,,,,,,,,,,,,,,,,,,,,,,,,,,,,,,,,,,,,,,,,,,,,,,,,,,,,,,,,,,,,,,,,,,,,,,,,,,,,
15:04:52.089,13.3,0.7,740.7,,0,0,25,,22,20,20,21,22,20,20,0.51849,,,1116.1405555555555,4018106,0,0,5.14375,4.115,3.8578125,,1706.2,1664,1274.5,1203.3,,111,0,0,739,2310,3.86,22,3.84,61,0,1116.14055555556,0,62.5,,,,,,,,,,,,,,,,,,,,,,,,,,,,,,,,,,,,,,,,,,,,,,,,,,,,,,,,,,,,,,,,,,,,-4.740480000000001,,,
15:04:52.302,,,,,,,,,,,,,,,,,,,,,,,,,,,,,,,,,,,,,,,,,,,,,25,25,,,,,,,27,,,,,,,,,,,,,,,,,,,,,,,,,,,,,,,,,,,,,,,,,,,,,,,,,,,,,,,,,,,,,,
15:04:52.419,,,,,,,,,,,,,,,,,,,,,,,,,,,,,,,,,,,,,,,,,,,,,,,25.5,28,30.5,26,27.5,30.5,,25.5,25.5,0,,,,,,,,,,,,,,,,,,,,,,,,,,,,,,,,,,,,,,,,,,,,,,,,,,2.19800479881864,,0.03223536494444444,0.03223536494444444,0,,,,,
15:04:52.659,,,,,,,,,,,,,,,,,,,,,,,,,,,,,,,,,,,,,,,,,,,,,,,,,,,,,,,,,9.95999999999998,85,20,13.791,744,36.11,14.019,26,,,,,,,,,,,,,,,,,,,,,,,,,,,,,,,,,,,,,,,,,,,,,,,,,,,
15:04:52.782,,,,,,,,,,,,,,,,,,,,,,,,,,,,,,,,,,,,,,,,,,,,,,,,,,,,,,,,,,,,,,,,,12.600000000000001,3,,,,,,,,,,,,,,,,,,,,,,,,,,,,,,,,,,,,,,,,,,,,,,,,,
15:04:52.989,,,,,,,,,,,,,,,,,,,,,,,,,,,,,,,,,,,,,,,,,,,,,,,,,,,,,,,,,,,,,,,,,,,,,,,,,,,,,,,,,,,,,,,,,,,,,,,,,,,,,,,49.315775,13.779337700000001,0.953125,,,,,,,,,,
15:04:53.258,,,,,,,,,,,,,,,,,,,,,,,,,,,,,,,,,,,,,,,,,,,,,,,,,,,,,,,,,,,,,,,,,,,0,0,,,,,26,1,,,0,,,,,,,26,26,,,,,,,,,,,,,,,,,,,,,,,,,,,,,,
15:04:53.470,,,,,,,,,,,,,,,,,,,,,,,,,,,,,,,,,,,,,,,,,,,,,,,,,,,,,,,,,,,,,,,,,,,,,,,,,,,,,,,,,,,,,,,,-50,0,0,0,0,400,0,0,0,0,,,,,,,,,,0,,,,,,0,,
15:04:53.740,,,,,,,,,,,,,,,,,,,,,,,,,,,,,,,,,,,,,,,,,,,,,,,,,,,,,,,,,,,,,,,,,,,,,0,17,123,0,,,0,825.6,,0,0.6000000000000001,9,0,30,0,,,350,825.6,,,,,,,,,,,0,0,62.5,740.2,4.444,,,,,,,,,,,,,
15:04:53.917,,,,0,,,,20,,,,,,,,,23,20,,,,,,,,23,,,,,0,,,,,,,,,,,,,,,,,,,,,,,,,,,,,,,,,,,,,,,,,,,,,,,,,,,,,,,,,,,,,,,,,,,,,,,,,,,,,,,,,,,,
15:04:54.070,13.3,9,739.9,,0,0,25,,22,20,20,21,22,20,20,6.6591,,,1116.1408333333334,4018107,0,0,5.13819444444444,4.11055555555556,3.85364583333333,,1706.2,1664,1274.5,1203.3,,444,0,0,738,2310,3.84,22,3.84,78,0,1116.14083333333,0,62.5,,,,,,,,,,,,,,,,,,,,,,,,,,,,,,,,,,,,,,,,,,,,,,,,,,,,,,,,,,,,,,,,,,,,0.51793,,,
15:04:54.248,,,,,,,,,,,,,,,,,,,,,,,,,,,,,,,,,,,,,,,,,,,,,25,25,,,,,,,27,,,,,,,,,,,,,,,,,,,,,,,,,,,,,,,,,,,,,,,,,,,,,,,,,,,,,,,,,,,,,,
15:04:54.368,,,,,,,,,,,,,,,,,,,,,,,,,,,,,,,,,,,,,,,,,,,,,,,25.5,28,31,26,27.5,31,,25.5,25.5,6,,,,,,,,,,,,,,,,,,,,,,,,,,,,,,,,,,,,,,,,,,,,,,,,,,2.333364240461716,,0.03548381411111111,0.03548381411111111,0.9010226607199172,110.98499999999999,,,,
15:04:54.577,,,,,,,,,,,,,,,,,,,,,,,,,,,,,,,,,,,,,,,,,,,,,,,,,,,,,,,,,10.360000000000014,85,20,13.812000000000001,743.7,36.23,14.024,26,,,,,,,,,,,,,,,,,,,,,,,,,,,,,,,,,,,,,,,,,,,,,,,,,,,
15:04:54.697,,,,,,,,,,,,,,,,,,,,,,,,,,,,,,,,,,,,,,,,,,,,,,,,,,,,,,,,,,,,,,,,,-7.5,3,,,,,,,,,,,,,,,,,,,,,,,,,,,,,,,,,,,,,,,,,,,,,,,,,
15:04:54.910,,,,,,,,,,,,,,,,,,,,,,,,,,,,,,,,,,,,,,,,,,,,,,,,,,,,,,,,,,,,,,,,,,,,,,,,,,,,,,,,,,,,,,,,,,,,,,,,,,,,,,,61.42499500000001,13.779337700000001,8.65625,,,,,,,,,,
15:04:55.177,,,,,,,,,,,,,,,,,,,,,,,,,,,,,,,,,,,,,,,,,,,,,,,,,,,,,,,,,,,,,,,,,,,0,0,,,,,26,1,,,0,,,,,,,26,26,,,,,,,,,,,,,,,,,,,,,,,,,,,,,,
15:04:55.359,,,,,,,,,,,,,,,,,,,,,,,,,,,,,,,,,,,,,,,,,,,,,,,,,,,,,,,,,,,,,,,,,,,,,,,,,,,,,,,,,,,,,,,,-50,0,0,0,0,400,0,0,0,0,,,,,,,,,,0,,,,,,0,,
15:04:55.631,,,,,,,,,,,,,,,,,,,,,,,,,,,,,,,,,,,,,,,,,,,,,,,,,,,,,,,,,,,,,,,,,,,,,0,17,123,0,,,0,825.6,,0,0.6000000000000001,9,0,30,0,,,350,825.6,,,,,,,,,,,0,0,62.5,739,4.443,,,,,,,,,,,,,
15:04:55.811,,,,0,,,,20,,,,,,,,,23,20,,,,,,,,23,,,,,0,,,,,,,,,,,,,,,,,,,,,,,,,,,,,,,,,,,,,,,,,,,,,,,,,,,,,,,,,,,,,,,,,,,,,,,,,,,,,,,,,,,,
15:04:55.989,13.3,19.3,738.8,,0,0,25,,22,20,20,21,22,20,20,14.25884,,,1116.141388888889,4018109,0,0,5.13055555555556,4.10444444444444,3.84791666666667,,1706.2,1664,1274.5,1203.3,,1009,0,0,737,2310,3.84,24,3.84,2,0,1116.14138888889,0,62.5,,,,,,,,,,,,,,,,,,,,,,,,,,,,,,,,,,,,,,,,,,,,,,,,,,,,,,,,,,,,,,,,,,,,6.6491999999999996,,,
15:04:56.229,,,,,,,,,,,,,,,,,,,,,,,,,,,,,,,,,,,,,,,,,,,,,25,25,,,,,,,27,,,,,,,,,,,,,,,,,,,,,,,,,,,,,,,,,,,,,,,,,,,,,,,,,,,,,,,,,,,,,,
15:04:56.349,,,,,,,,,,,,,,,,,,,,,,,,,,,,,,,,,,,,,,,,,,,,,,,25.5,28,31,26,27.5,31,,25.5,25.5,14,,,,,,,,,,,,,,,,,,,,,,,,,,,,,,,,,,,,,,,,,,,,,,,,,,2.740702508438618,,0.04318610155555555,0.04318610155555555,0.9818470506717237,101.84885714285713,,,,
15:04:56.587,,,,,,,,,,,,,,,,,,,,,,,,,,,,,,,,,,,,,,,,,,,,,,,,,,,,,,,,,10.28000000000003,85,20,13.812000000000001,742.5,36.31,14.021,25,,,,,,,,,,,,,,,,,,,,,,,,,,,,,,,,,,,,,,,,,,,,,,,,,,,
15:04:56.717,,,,,,,,,,,,,,,,,,,,,,,,,,,,,,,,,,,,,,,,,,,,,,,,,,,,,,,,,,,,,,,,,-18.2,3,,,,,,,,,,,,,,,,,,,,,,,,,,,,,,,,,,,,,,,,,,,,,,,,,
15:04:56.918,,,,,,,,,,,,,,,,,,,,,,,,,,,,,,,,,,,,,,,,,,,,,,,,,,,,,,,,,,,,,,,,,,,,,,,,,,,,,,,,,,,,,,,,,,,,,,,,,,,,,,,49.46225750000001,13.770548300000002,12,,,,,,,,,,
15:04:57.188,,,,,,,,,,,,,,,,,,,,,,,,,,,,,,,,,,,,,,,,,,,,,,,,,,,,,,,,,,,,,,,,,,,0,0,,,,,26,1,,,0,,,,,,,26,26,,,,,,,,,,,,,,,,,,,,,,,,,,,,,,
15:04:57.369,,,,,,,,,,,,,,,,,,,,,,,,,,,,,,,,,,,,,,,,,,,,,,,,,,,,,,,,,,,,,,,,,,,,,,,,,,,,,,,,,,,,,,,,-50,0,0,0,0,400,0,0,0,0,,,,,,,,,,0,,,,,,0,,
15:04:57.639,,,,,,,,,,,,,,,,,,,,,,,,,,,,,,,,,,,,,,,,,,,,,,,,,,,,,,,,,,,,,,,,,,,,,0,17,123,0,,,0,825.6,,0,0.6000000000000001,9,0,30,0,,,350,825.6,,,,,,,,,,,0,0,62.5,739.6,4.442,,,,,,,,,,,,,
15:04:57.818,,,,0,,,,20,,,,,,,,,23,20,,,,,,,,23,,,,,0,,,,,,,,,,,,,,,,,,,,,,,,,,,,,,,,,,,,,,,,,,,,,,,,,,,,,,,,,,,,,,,,,,,,,,,,,,,,,,,,,,,,
15:04:57.998,13.3,6.7,739.8,,0,0,25,,22,20,20,21,22,20,20,4.95666,,,1116.1419444444443,4018111,0,0,5.1375,4.11,3.853125,,1706.2,1664,1274.5,1203.3,,1297,0,0,738,2310,3.84,24,3.84,64,0,1116.14194444444,0,62.5,,,,,,,,,,,,,,,,,,,,,,,,,,,,,,,,,,,,,,,,,,,,,,,,,,,,,,,,,,,,,,,,,,,,14.278139999999999,,,
15:04:58.178,,,,,,,,,,,,,,,,,,,,,,,,,,,,,,,,,,,,,,,,,,,,,25,25,,,,,,,27,,,,,,,,,,,,,,,,,,,,,,,,,,,,,,,,,,,,,,,,,,,,,,,,,,,,,,,,,,,,,,
15:04:58.298,,,,,,,,,,,,,,,,,,,,,,,,,,,,,,,,,,,,,,,,,,,,,,,25.5,28,31,26,27.5,31,,25.5,25.5,16,,,,,,,,,,,,,,,,,,,,,,,,,,,,,,,,,,,,,,,,,,,,,,,,,,3.181261885253819,,0.05185095755555555,0.05185095755555555,3.2279801317822887,30.979125000000003,,,,
15:04:58.510,,,,,,,,,,,,,,,,,,,,,,,,,,,,,,,,,,,,,,,,,,,,,,,,,,,,,,,,,10.20999999999998,85,20,13.812999999999999,742.8000000000001,35.91,14.032,25,,,,,,,,,,,,,,,,,,,,,,,,,,,,,,,,,,,,,,,,,,,,,,,,,,,
15:04:58.665,,,,,,,,,,,,,,,,,,,,,,,,,,,,,,,,,,,,,,,,,,,,,,,,,,,,,,,,,,,,,,,,,-2.1,3,,,,,,,,,,,,,,,,,,,,,,,,,,,,,,,,,,,,,,,,,,,,,,,,,
15:04:58.869,,,,,,,,,,,,,,,,,,,,,,,,,,,,,,,,,,,,,,,,,,,,,,,,,,,,,,,,,,,,,,,,,,,,,,,,,,,,,,,,,,,,,,,,,,,,,,,,,,,,,,,48.2903975,13.779337700000001,16.703125,,,,,,,,,,
15:04:59.137,,,,,,,,,,,,,,,,,,,,,,,,,,,,,,,,,,,,,,,,,,,,,,,,,,,,,,,,,,,,,,,,,,,0,0,,,,,26,1,,,0,,,,,,,26,26,,,,,,,,,,,,,,,,,,,,,,,,,,,,,,
15:04:59.318,,,,,,,,,,,,,,,,,,,,,,,,,,,,,,,,,,,,,,,,,,,,,,,,,,,,,,,,,,,,,,,,,,,,,,,,,,,,,,,,,,,,,,,,-50,0,0,0,0,400,0,0,0,0,,,,,,,,,,0,,,,,,0,,
15:04:59.592,,,,,,,,,,,,,,,,,,,,,,,,,,,,,,,,,,,,,,,,,,,,,,,,,,,,,,,,,,,,,,,,,,,,,0,17,123,0,,,0,825.6,,0,0.6000000000000001,9,0,30,0,,,350,825.6,,,,,,,,,,,0,0,62.5,738.8000000000001,4.443,,,,,,,,,,,,,
15:04:59.767,,,,0,,,,20,,,,,,,,,23,20,,,,,,,,23,,,,,0,,,,,,,,,,,,,,,,,,,,,,,,,,,,,,,,,,,,,,,,,,,,,,,,,,,,,,,,,,,,,,,,,,,,,,,,,,,,,,,,,,,,
15:04:59.953,13.3,19.3,738.5,,0,0,25,,22,20,20,21,22,20,20,14.25305,,,1116.1425,4018113,0,0,5.12847222222222,4.10277777777778,3.84635416666667,,1706.2,1664,1274.5,1203.3,,1489,0,0,737,2310,3.84,22,3.84,61,0,1116.1425,0,62.5,,,,,,,,,,,,,,,,,,,,,,,,,,,,,,,,,,,,,,,,,,,,,,,,,,,,,,,,,,,,,,,,,,,,4.94795,,,
15:05:00.127,,,,,,,,,,,,,,,,,,,,,,,,,,,,,,,,,,,,,,,,,,,,,25,25,,,,,,,28,,,,,,,,,,,,,,,,,,,,,,,,,,,,,,,,,,,,,,,,,,,,,,,,,,,,,,,,,,,,,,
15:05:00.248,,,,,,,,,,,,,,,,,,,,,,,,,,,,,,,,,,,,,,,,,,,,,,,25.5,28,31,26,27.5,31,,25.5,25.5,19,,,,,,,,,,,,,,,,,,,,,,,,,,,,,,,,,,,,,,,,,,,,,,,,,,3.68989130603119,,0.062139031638888884,0.062139031638888884,1.333048014284662,75.01605263157894,,,0.06874556483346954,
15:05:00.460,,,,,,,,,,,,,,,,,,,,,,,,,,,,,,,,,,,,,,,,,,,,,,,,,,,,,,,,,10.04000000000002,85,20,13.812999999999999,741.9000000000001,35.69,14.003,25,,,,,,,,,,,,,,,,,,,,,,,,,,,,,,,,,,,,,,,,,,,,,,,,,,,
15:05:00.587,,,,,,,,,,,,,,,,,,,,,,,,,,,,,,,,,,,,,,,,,,,,,,,,,,,,,,,,,,,,,,,,,-3.9000000000000004,3,,,,,,,,,,,,,,,,,,,,,,,,,,,,,,,,,,,,,,,,,,,,,,,,,
15:05:00.820,,,,,,,,,,,,,,,,,,,,,,,,,,,,,,,,,,,,,,,,,,,,,,,,,,,,,,,,,,,,,,,,,,,,,,,,,,,,,,,,,,,,,,,,,,,,,,,,,,,,,,,50.487635,13.7593174,20.421875,,,,,,,,,,
15:05:01.088,,,,,,,,,,,,,,,,,,,,,,,,,,,,,,,,,,,,,,,,,,,,,,,,,,,,,,,,,,,,,,,,,,,0,0,,,,,26,1,,,0,,,,,,,26,26,,,,,,,,,,,,,,,,,,,,,,,,,,,,,,
15:05:01.269,,,,,,,,,,,,,,,,,,,,,,,,,,,,,,,,,,,,,,,,,,,,,,,,,,,,,,,,,,,,,,,,,,,,,,,,,,,,,,,,,,,,,,,,-50,0,0,0,0,400,0,0,0,0,,,,,,,,,,0,,,,,,0,,
15:05:01.536,,,,,,,,,,,,,,,,,,,,,,,,,,,,,,,,,,,,,,,,,,,,,,,,,,,,,,,,,,,,,,,,,,,,,0,17,123,0,,,0,825.6,,0,0.6000000000000001,9,0,30,0,,,350,825.6,,,,,,,,,,,0,0,62.5,738.3000000000001,4.443,,,,,,,,,,,,,
15:05:01.779,,,,0,,,,20,,,,,,,,,23,20,,,,,,,,23,,,,,0,,,,,,,,,,,,,,,,,,,,,,,,,,,,,,,,,,,,,,,,,,,,,,,,,,,,,,,,,,,,,,,,,,,,,,,,,,,,,,,,,,,,
15:05:01.929,13.3,29.1,737.6,,0,0,25,,22,20,20,21,22,20,20,21.46416,,,1116.1430555555555,4018115,0,0,5.12222222222222,4.09777777777778,3.84166666666667,,1706.2,1664,1274.5,1203.3,,1848,0,0,736,2310,3.84,24,3.84,150,0,1116.14305555556,0,62.5,,,,,,,,,,,,,,,,,,,,,,,,,,,,,,,,,,,,,,,,,,,,,,,,,,,,,,,,,,,,,,,,,,,,14.23568,,,
15:05:02.107,,,,,,,,,,,,,,,,,,,,,,,,,,,,,,,,,,,,,,,,,,,,,25,25,,,,,,,27,,,,,,,,,,,,,,,,,,,,,,,,,,,,,,,,,,,,,,,,,,,,,,,,,,,,,,,,,,,,,,
15:05:02.258,,,,,,,,,,,,,,,,,,,,,,,,,,,,,,,,,,,,,,,,,,,,,,,25.5,28,31,26,27.5,31,,25.5,25.5,24,,,,,,,,,,,,,,,,,,,,,,,,,,,,,,,,,,,,,,,,,,,,,,,,,,4.341860329801181,,0.07554341097222221,0.07554341097222221,1.1181429881253215,89.434,,,0.06461975997990148,
15:05:02.527,,,,,,,,,,,,,,,,,,,,,,,,,,,,,,,,,,,,,,,,,,,,,,,,,,,,,,,,,9.720000000000027,85,20,13.8,740.7,35.3,13.996,25,,,,,,,,,,,,,,,,,,,,,,,,,,,,,,,,,,,,,,,,,,,,,,,,,,,
15:05:02.656,,,,,,,,,,,,,,,,,,,,,,,,,,,,,,,,,,,,,,,,,,,,,,,,,,,,,,,,,,,,,,,,,-22.3,3,,,,,,,,,,,,,,,,,,,,,,,,,,,,,,,,,,,,,,,,,,,,,,,,,
15:05:02.859,,,,,,,,,,,,,,,,,,,,,,,,,,,,,,,,,,,,,,,,,,,,,,,,,,,,,,,,,,,,,,,,,,,,,,,,,,,,,,,,,,,,,,,,,,,,,,,,,,,,,,,56.444590000000005,13.760294,25.703125,,,,,,,,,,
15:05:03.187,,,,,,,,,,,,,,,,,,,,,,,,,,,,,,,,,,,,,,,,,,,,,,,,,,,,,,,,,,,,,,,,,,,0,0,,,,,26,1,,,0,,,,,,,26,26,,,,,,,,,,,,,,,,,,,,,,,,,,,,,,
15:05:03.369,,,,,,,,,,,,,,,,,,,,,,,,,,,,,,,,,,,,,,,,,,,,,,,,,,,,,,,,,,,,,,,,,,,,,,,,,,,,,,,,,,,,,,,,-50,0,0,0,0,400,0,0,0,0,,,,,,,,,,0,,,,,,0,,
15:05:03.641,,,,,,,,,,,,,,,,,,,,,,,,,,,,,,,,,,,,,,,,,,,,,,,,,,,,,,,,,,,,,,,,,,,,,0,17,123,0,,,0,825.6,,0,0.6000000000000001,9,0,30,0,,,350,825.6,,,,,,,,,,,0,0,62.5,737.1,4.442,,,,,,,,,,,,,
15:05:03.818,,,,0,,,,20,,,,,,,,,23,20,,,,,,,,23,,,,,0,,,,,,,,,,,,,,,,,,,,,,,,,,,,,,,,,,,,,,,,,,,,,,,,,,,,,,,,,,,,,,,,,,,,,,,,,,,,,,,,,,,,
15:05:03.970,13.3,30.6,737,,0,0,25,,22,20,20,21,22,20,20,22.5522,,,1116.143611111111,4018117,0,0,5.11805555555556,4.09444444444444,3.83854166666667,,1706.2,1664,1274.5,1203.3,,2253,0,0,736,2308,3.84,24,3.82,64,0,1116.14361111111,0,62.5,,,,,,,,,,,,,,,,,,,,,,,,,,,,,,,,,,,,,,,,,,,,,,,,,,,,,,,,,,,,,,,,,,,,21.4467,,,
15:05:04.146,,,,,,,,,,,,,,,,,,,,,,,,,,,,,,,,,,,,,,,,,,,,,25,25,,,,,,,27,,,,,,,,,,,,,,,,,,,,,,,,,,,,,,,,,,,,,,,,,,,,,,,,,,,,,,,,,,,,,,
15:05:04.268,,,,,,,,,,,,,,,,,,,,,,,,,,,,,,,,,,,,,,,,,,,,,,,26,28,31,26,27.5,31,,25.5,25.5,29,,,,,,,,,,,,,,,,,,,,,,,,,,,,,,,,,,,,,,,,,,,,,,,,,,5.108511398680278,,0.09173439613888888,0.09173439613888888,1.285905587924903,77.76620689655172,,,0.053649955413630414,
15:05:04.475,,,,,,,,,,,,,,,,,,,,,,,,,,,,,,,,,,,,,,,,,,,,,,,,,,,,,,,,,9.70999999999998,85,20,13.798,740.9000000000001,35.78,14.001,25,,,,,,,,,,,,,,,,,,,,,,,,,,,,,,,,,,,,,,,,,,,,,,,,,,,
15:05:04.596,,,,,,,,,,,,,,,,,,,,,,,,,,,,,,,,,,,,,,,,,,,,,,,,,,,,,,,,,,,,,,,,,-7.6000000000000005,3,,,,,,,,,,,,,,,,,,,,,,,,,,,,,,,,,,,,,,,,,,,,,,,,,
15:05:04.844,,,,,,,,,,,,,,,,,,,,,,,,,,,,,,,,,,,,,,,,,,,,,,,,,,,,,,,,,,,,,,,,,,,,,,,,,,,,,,,,,,,,,,,,,,,,,,,,,,,,,,,50.487635,13.760294,29.8125,,,,,,,,,,
15:05:05.136,,,,,,,,,,,,,,,,,,,,,,,,,,,,,,,,,,,,,,,,,,,,,,,,,,,,,,,,,,,,,,,,,,,0,0,,,,,26,1,,,0,,,,,,,26,26,,,,,,,,,,,,,,,,,,,,,,,,,,,,,,
15:05:05.320,,,,,,,,,,,,,,,,,,,,,,,,,,,,,,,,,,,,,,,,,,,,,,,,,,,,,,,,,,,,,,,,,,,,,,,,,,,,,,,,,,,,,,,,-50,0,0,0,0,400,0,0,0,0,,,,,,,,,,0,,,,,,0,,
15:05:05.589,,,,,,,,,,,,,,,,,,,,,,,,,,,,,,,,,,,,,,,,,,,,,,,,,,,,,,,,,,,,,,,,,,,,,0,17,123,0,,,0,825.6,,0,0.6000000000000001,9,0,30,0,,,350,825.6,,,,,,,,,,,0,0,62.5,737.1,4.444,,,,,,,,,,,,,
15:05:05.768,,,,0,,,,20,,,,,,,,,23,20,,,,,,,,23,,,,,0,,,,,,,,,,,,,,,,,,,,,,,,,,,,,,,,,,,,,,,,,,,,,,,,,,,,,,,,,,,,,,,,,,,,,,,,,,,,,,,,,,,,
15:05:05.917,13.3,24,737.4,,0,0,25,,22,20,20,21,22,20,20,17.6976,,,1116.1441666666667,4018119,0,0,5.12083333333333,4.09666666666667,3.840625,,1706.2,1664,1274.5,1203.3,,2501,0,0,736,2308,3.84,24,3.82,61,0,1116.14416666667,0,62.5,,,,,,,,,,,,,,,,,,,,,,,,,,,,,,,,,,,,,,,,,,,,,,,,,,,,,,,,,,,,,,,,,,,,22.564439999999998,,,
15:05:06.096,,,,,,,,,,,,,,,,,,,,,,,,,,,,,,,,,,,,,,,,,,,,,25,25,,,,,,,28,,,,,,,,,,,,,,,,,,,,,,,,,,,,,,,,,,,,,,,,,,,,,,,,,,,,,,,,,,,,,,
15:05:06.218,,,,,,,,,,,,,,,,,,,,,,,,,,,,,,,,,,,,,,,,,,,,,,,26,28,31,26,27.5,31,,25.5,25.5,32,,,,,,,,,,,,,,,,,,,,,,,,,,,,,,,,,,,,,,,,,,,,,,,,,,5.8956061307942536,,0.10906050280555554,0.10906050280555554,1.8081547780490008,55.30500000000001,,,0.057228454576718366,
15:05:06.435,,,,,,,,,,,,,,,,,,,,,,,,,,,,,,,,,,,,,,,,,,,,,,,,,,,,,,,,,9.670000000000016,85,20,13.799,740.9000000000001,34.97,14.001,25,,,,,,,,,,,,,,,,,,,,,,,,,,,,,,,,,,,,,,,,,,,,,,,,,,,
15:05:06.556,,,,,,,,,,,,,,,,,,,,,,,,,,,,,,,,,,,,,,,,,,,,,,,,,,,,,,,,,,,,,,,,,-0.4,3,,,,,,,,,,,,,,,,,,,,,,,,,,,,,,,,,,,,,,,,,,,,,,,,,
15:05:06.758,,,,,,,,,,,,,,,,,,,,,,,,,,,,,,,,,,,,,,,,,,,,,,,,,,,,,,,,,,,,,,,,,,,,,,,,,,,,,,,,,,,,,,,,,,,,,,,,,,,,,,,43.505302500000006,13.760294,32.40625,,,,,,,,,,
15:05:07.026,,,,,,,,,,,,,,,,,,,,,,,,,,,,,,,,,,,,,,,,,,,,,,,,,,,,,,,,,,,,,,,,,,,0,0,,,,,26,1,,,0,,,,,,,26,26,,,,,,,,,,,,,,,,,,,,,,,,,,,,,,
15:05:07.209,,,,,,,,,,,,,,,,,,,,,,,,,,,,,,,,,,,,,,,,,,,,,,,,,,,,,,,,,,,,,,,,,,,,,,,,,,,,,,,,,,,,,,,,-50,0,0,0,0,400,0,0,0,0,,,,,,,,,,0,,,,,,0,,
15:05:07.483,,,,,,,,,,,,,,,,,,,,,,,,,,,,,,,,,,,,,,,,,,,,,,,,,,,,,,,,,,,,,,,,,,,,,0,17,123,0,,,0,825.6,,0,0.6000000000000001,9,0,30,0,,,350,825.6,,,,,,,,,,,0,0,62.5,738.3000000000001,4.443,,,,,,,,,,,,,
15:05:07.658,,,,0,,,,20,,,,,,,,,23,20,,,,,,,,23,,,,,0,,,,,,,,,,,,,,,,,,,,,,,,,,,,,,,,,,,,,,,,,,,,,,,,,,,,,,,,,,,,,,,,,,,,,,,,,,,,,,,,,,,,
15:05:07.809,13.3,11.1,738.6,,0,0,26,,22,20,20,21,22,20,20,8.19846,,,1116.1447222222223,4018121,0,0,5.12916666666667,4.10333333333333,3.846875,,1706.2,1664.1,1274.5,1203.3,,2570,0,0,737,2308,3.84,24,3.84,64,0,1116.14472222222,0,62.5,,,,,,,,,,,,,,,,,,,,,,,,,,,,,,,,,,,,,,,,,,,,,,,,,,,,,,,,,,,,,,,,,,,,8.198459999999999,,,
15:05:08.018,,,,,,,,,,,,,,,,,,,,,,,,,,,,,,,,,,,,,,,,,,,,,25,25,,,,,,,27,,,,,,,,,,,,,,,,,,,,,,,,,,,,,,,,,,,,,,,,,,,,,,,,,,,,,,,,,,,,,,
15:05:08.140,,,,,,,,,,,,,,,,,,,,,,,,,,,,,,,,,,,,,,,,,,,,,,,26,28,31,26,27.5,31,,25.5,25.5,32,,,,,,,,,,,,,,,,,,,,,,,,,,,,,,,,,,,,,,,,,,,,,,,,,,6.628040541941841,,0.12614900680555555,0.12614900680555555,3.9031720591428143,25.620187500000004,,,0.04665761840069846,
15:05:08.348,,,,,,,,,,,,,,,,,,,,,,,,,,,,,,,,,,,,,,,,,,,,,,,,,,,,,,,,,9.699999999999989,85,20,13.801,741.9000000000001,35.07,13.995,25,,,,,,,,,,,,,,,,,,,,,,,,,,,,,,,,,,,,,,,,,,,,,,,,,,,
15:05:08.475,,,,,,,,,,,,,,,,,,,,,,,,,,,,,,,,,,,,,,,,,,,,,,,,,,,,,,,,,,,,,,,,,-1.6,3,,,,,,,,,,,,,,,,,,,,,,,,,,,,,,,,,,,,,,,,,,,,,,,,,
15:05:08.677,,,,,,,,,,,,,,,,,,,,,,,,,,,,,,,,,,,,,,,,,,,,,,,,,,,,,,,,,,,,,,,,,,,,,,,,,,,,,,,,,,,,,,,,,,,,,,,,,,,,,,,35.839385,13.7695717,32.28125,,,,,,,,,,
15:05:08.986,,,,,,,,,,,,,,,,,,,,,,,,,,,,,,,,,,,,,,,,,,,,,,,,,,,,,,,,,,,,,,,,,,,0,0,,,,,26,1,,,0,,,,,,,26,26,,,,,,,,,,,,,,,,,,,,,,,,,,,,,,
15:05:09.190,,,,,,,,,,,,,,,,,,,,,,,,,,,,,,,,,,,,,,,,,,,,,,,,,,,,,,,,,,,,,,,,,,,,,,,,,,,,,,,,,,,,,,,,-50,0,0,0,0,400,0,0,0,0,,,,,,,,,,0,,,,,,0,,
15:05:09.463,,,,,,,,,,,,,,,,,,,,,,,,,,,,,,,,,,,,,,,,,,,,,,,,,,,,,,,,,,,,,,,,,,,,,0,17,123,0,,,0,825.6,,0,0.6000000000000001,9,0,30,0,,,350,825.6,,,,,,,,,,,0,0,62.5,738.6,4.443,,,,,,,,,,,,,
15:05:09.699,,,,0,,,,20,,,,,,,,,23,20,,,,,,,,23,,,,,0,,,,,,,,,,,,,,,,,,,,,,,,,,,,,,,,,,,,,,,,,,,,,,,,,,,,,,,,,,,,,,,,,,,,,,,,,,,,,,,,,,,,
15:05:09.853,13.3,11.2,738.6,,0,0,26,,22,20,20,21,22,20,20,8.27232,,,1116.1452777777777,4018123,0,0,5.12916666666667,4.10333333333333,3.846875,,1706.2,1664.1,1274.5,1203.3,,2613,0,0,737,2308,3.84,24,3.84,2,0,1116.14527777778,0,62.5,,,,,,,,,,,,,,,,,,,,,,,,,,,,,,,,,,,,,,,,,,,,,,,,,,,,,,,,,,,,,,,,,,,,8.27232,,,
15:05:10.029,,,,,,,,,,,,,,,,,,,,,,,,,,,,,,,,,,,,,,,,,,,,,25,25,,,,,,,28,,,,,,,,,,,,,,,,,,,,,,,,,,,,,,,,,,,,,,,,,,,,,,,,,,,,,,,,,,,,,,
15:05:10.148,,,,,,,,,,,,,,,,,,,,,,,,,,,,,,,,,,,,,,,,,,,,,,,26,28,31,26,27.5,31,,25.5,25.5,33,,,,,,,,,,,,,,,,,,,,,,,,,,,,,,,,,,,,,,,,,,,,,,,,,,7.379069053935278,,0.14455986813888888,0.14455986813888888,3.9892073807589647,25.067636363636364,,,0.03231058597923246,
15:05:10.389,,,,,,,,,,,,,,,,,,,,,,,,,,,,,,,,,,,,,,,,,,,,,,,,,,,,,,,,,9.660000000000025,85,20,13.799,742.1,34.61,14.004,25,,,,,,,,,,,,,,,,,,,,,,,,,,,,,,,,,,,,,,,,,,,,,,,,,,,
15:05:10.516,,,,,,,,,,,,,,,,,,,,,,,,,,,,,,,,,,,,,,,,,,,,,,,,,,,,,,,,,,,,,,,,,1.2000000000000002,3,,,,,,,,,,,,,,,,,,,,,,,,,,,,,,,,,,,,,,,,,,,,,,,,,
15:05:10.719,,,,,,,,,,,,,,,,,,,,,,,,,,,,,,,,,,,,,,,,,,,,,,,,,,,,,,,,,,,,,,,,,,,,,,,,,,,,,,,,,,,,,,,,,,,,,,,,,,,,,,,36.034695,13.761270600000001,33.578125,,,,,,,,,,
15:05:10.991,,,,,,,,,,,,,,,,,,,,,,,,,,,,,,,,,,,,,,,,,,,,,,,,,,,,,,,,,,,,,,,,,,,0,0,,,,,26,1,,,0,,,,,,,26,26,,,,,,,,,,,,,,,,,,,,,,,,,,,,,,
15:05:11.197,,,,,,,,,,,,,,,,,,,,,,,,,,,,,,,,,,,,,,,,,,,,,,,,,,,,,,,,,,,,,,,,,,,,,,,,,,,,,,,,,,,,,,,,-50,0,0,0,0,400,0,0,0,0,,,,,,,,,,0,,,,,,0,,
15:05:11.472,,,,,,,,,,,,,,,,,,,,,,,,,,,,,,,,,,,,,,,,,,,,,,,,,,,,,,,,,,,,,,,,,,,,,0,17,123,0,,,0,825.6,,0,0.6000000000000001,9,0,30,0,,,350,825.6,,,,,,,,,,,0,0,62.5,738.5,4.444,,,,,,,,,,,,,
15:05:11.650,,,,0,,,,20,,,,,,,,,23,20,,,,,,,,23,,,,,0,,,,,,,,,,,,,,,,,,,,,,,,,,,,,,,,,,,,,,,,,,,,,,,,,,,,,,,,,,,,,,,,,,,,,,,,,,,,,,,,,,,,
15:05:11.799,13.3,11.7,738.5,,0,0,26,,22,20,20,21,22,20,20,8.64045,,,1116.1458333333333,4018125,0,0,5.12847222222222,4.10277777777778,3.84635416666667,,1706.2,1664.1,1274.5,1203.3,,2694,0,0,737,2308,3.84,22,3.84,61,0,1116.14583333333,0,62.5,,,,,,,,,,,,,,,,,,,,,,,,,,,,,,,,,,,,,,,,,,,,,,,,,,,,,,,,,,,,,,,,,,,,8.271199999999999,,,
15:05:11.976,,,,,,,,,,,,,,,,,,,,,,,,,,,,,,,,,,,,,,,,,,,,,25,25,,,,,,,28,,,,,,,,,,,,,,,,,,,,,,,,,,,,,,,,,,,,,,,,,,,,,,,,,,,,,,,,,,,,,,
15:05:12.097,,,,,,,,,,,,,,,,,,,,,,,,,,,,,,,,,,,,,,,,,,,,,,,26,28,31,26,27.5,31,,25.5,25.5,34,,,,,,,,,,,,,,,,,,,,,,,,,,,,,,,,,,,,,,,,,,,,,,,,,,8.094981642709532,,0.16296770519444442,0.16296770519444442,3.934980238297774,25.41308823529412,,,0.018089896665318368,
15:05:12.309,,,,,,,,,,,,,,,,,,,,,,,,,,,,,,,,,,,,,,,,,,,,,,,,,,,,,,,,,9.639999999999986,85,20,13.801,741.8000000000001,35.11,14.002,25,,,,,,,,,,,,,,,,,,,,,,,,,,,,,,,,,,,,,,,,,,,,,,,,,,,
15:05:12.435,,,,,,,,,,,,,,,,,,,,,,,,,,,,,,,,,,,,,,,,,,,,,,,,,,,,,,,,,,,,,,,,,-2.4000000000000004,3,,,,,,,,,,,,,,,,,,,,,,,,,,,,,,,,,,,,,,,,,,,,,,,,,
15:05:12.638,,,,,,,,,,,,,,,,,,,,,,,,,,,,,,,,,,,,,,,,,,,,,,,,,,,,,,,,,,,,,,,,,,,,,,,,,,,,,,,,,,,,,,,,,,,,,,,,,,,,,,,36.32766,13.760294,32,,,,,,,,,,
15:05:12.909,,,,,,,,,,,,,,,,,,,,,,,,,,,,,,,,,,,,,,,,,,,,,,,,,,,,,,,,,,,,,,,,,,,0,0,,,,,26,1,,,0,,,,,,,26,26,,,,,,,,,,,,,,,,,,,,,,,,,,,,,,
15:05:13.086,,,,,,,,,,,,,,,,,,,,,,,,,,,,,,,,,,,,,,,,,,,,,,,,,,,,,,,,,,,,,,,,,,,,,,,,,,,,,,,,,,,,,,,,-50,0,0,0,0,400,0,0,0,0,,,,,,,,,,0,,,,,,0,,
15:05:13.360,,,,,,,,,,,,,,,,,,,,,,,,,,,,,,,,,,,,,,,,,,,,,,,,,,,,,,,,,,,,,,,,,,,,,0,17,123,0,,,0,825.6,,0,0.6000000000000001,9,0,30,0,,,350,825.6,,,,,,,,,,,0,0,62.5,739.8000000000001,4.443,,,,,,,,,,,,,
15:05:13.536,,,,0,,,,20,,,,,,,,,23,20,,,,,,,,23,,,,,0,,,,,,,,,,,,,,,,,,,,,,,,,,,,,,,,,,,,,,,,,,,,,,,,,,,,,,,,,,,,,,,,,,,,,,,,,,,,,,,,,,,,
15:05:13.718,13.3,-4.1,740.1,,0,0,26,,22,20,20,21,22,20,20,-3.03441,,,1116.1463888888889,4018127,0,0,5.13958333333333,4.11166666666667,3.8546875,,1706.2,1664.1,1274.5,1203.3,,2642,0,0,739,2310,3.84,23,3.84,61,0,1116.14638888889,0,62.5,,,,,,,,,,,,,,,,,,,,,,,,,,,,,,,,,,,,,,,,,,,,,,,,,,,,,,,,,,,,,,,,,,,,-3.03441,,,
15:05:13.899,,,,,,,,,,,,,,,,,,,,,,,,,,,,,,,,,,,,,,,,,,,,,25,25,,,,,,,28,,,,,,,,,,,,,,,,,,,,,,,,,,,,,,,,,,,,,,,,,,,,,,,,,,,,,,,,,,,,,,
15:05:14.016,,,,,,,,,,,,,,,,,,,,,,,,,,,,,,,,,,,,,,,,,,,,,,,26,28,31,26,27.5,31,,25.5,25.5,33,,,,,,,,,,,,,,,,,,,,,,,,,,,,,,,,,,,,,,,,,,,,,,,,,,8.737232456152547,,0.18055349594444442,0.18055349594444442,-10.875260759093202,-9.195181818181817,,,,
15:05:14.228,,,,,,,,,,,,,,,,,,,,,,,,,,,,,,,,,,,,,,,,,,,,,,,,,,,,,,,,,9.579999999999984,85,20,13.8,744,35.2,14.012,25,,,,,,,,,,,,,,,,,,,,,,,,,,,,,,,,,,,,,,,,,,,,,,,,,,,
15:05:14.355,,,,,,,,,,,,,,,,,,,,,,,,,,,,,,,,,,,,,,,,,,,,,,,,,,,,,,,,,,,,,,,,,11.4,3,,,,,,,,,,,,,,,,,,,,,,,,,,,,,,,,,,,,,,,,,,,,,,,,,
15:05:14.557,,,,,,,,,,,,,,,,,,,,,,,,,,,,,,,,,,,,,,,,,,,,,,,,,,,,,,,,,,,,,,,,,,,,,,,,,,,,,,,,,,,,,,,,,,,,,,,,,,,,,,,28.3687775,13.7695717,32.40625,,,,,,,,,,
15:05:14.828,,,,,,,,,,,,,,,,,,,,,,,,,,,,,,,,,,,,,,,,,,,,,,,,,,,,,,,,,,,,,,,,,,,0,0,,,,,26,1,,,0,,,,,,,26,26,,,,,,,,,,,,,,,,,,,,,,,,,,,,,,
15:05:15.006,,,,,,,,,,,,,,,,,,,,,,,,,,,,,,,,,,,,,,,,,,,,,,,,,,,,,,,,,,,,,,,,,,,,,,,,,,,,,,,,,,,,,,,,-50,0,0,0,0,400,0,0,0,0,,,,,,,,,,0,,,,,,0,,
15:05:15.280,,,,,,,,,,,,,,,,,,,,,,,,,,,,,,,,,,,,,,,,,,,,,,,,,,,,,,,,,,,,,,,,,,,,,0,17,123,0,,,0,825.6,,0,0.6000000000000001,9,0,30,0,,,350,825.6,,,,,,,,,,,0,0,62.5,739.7,4.442,,,,,,,,,,,,,
15:05:15.457,,,,0,,,,20,,,,,,,,,23,20,,,,,,,,23,,,,,0,,,,,,,,,,,,,,,,,,,,,,,,,,,,,,,,,,,,,,,,,,,,,,,,,,,,,,,,,,,,,,,,,,,,,,,,,,,,,,,,,,,,
15:05:15.607,13.3,5.9,739.3,,0,0,26,,22,20,20,21,22,20,20,4.36187,,,1116.1469444444444,4018129,0,0,5.13402777777778,4.10722222222222,3.85052083333333,,1706.2,1664.1,1274.5,1203.3,,2534,0,0,738,2310,3.84,24,3.84,64,0,1116.14694444444,0,62.5,,,,,,,,,,,,,,,,,,,,,,,,,,,,,,,,,,,,,,,,,,,,,,,,,,,,,,,,,,,,,,,,,,,,-3.0311299999999997,,,
15:05:15.791,,,,,,,,,,,,,,,,,,,,,,,,,,,,,,,,,,,,,,,,,,,,,25,25,,,,,,,28,,,,,,,,,,,,,,,,,,,,,,,,,,,,,,,,,,,,,,,,,,,,,,,,,,,,,,,,,,,,,,
15:05:15.908,,,,,,,,,,,,,,,,,,,,,,,,,,,,,,,,,,,,,,,,,,,,,,,26,28,31,26,27.5,31,,25.5,25.5,32,,,,,,,,,,,,,,,,,,,,,,,,,,,,,,,,,,,,,,,,,,,,,,,,,,9.314325964305256,,0.1973754577222222,0.1973754577222222,7.3363030076549745,13.630843749999999,,,,
15:05:16.177,,,,,,,,,,,,,,,,,,,,,,,,,,,,,,,,,,,,,,,,,,,,,,,,,,,,,,,,,9.53000000000003,85,20,13.8,742.8000000000001,34.97,13.999,25,,,,,,,,,,,,,,,,,,,,,,,,,,,,,,,,,,,,,,,,,,,,,,,,,,,
15:05:16.296,,,,,,,,,,,,,,,,,,,,,,,,,,,,,,,,,,,,,,,,,,,,,,,,,,,,,,,,,,,,,,,,,-1.5,3,,,,,,,,,,,,,,,,,,,,,,,,,,,,,,,,,,,,,,,,,,,,,,,,,
15:05:16.507,,,,,,,,,,,,,,,,,,,,,,,,,,,,,,,,,,,,,,,,,,,,,,,,,,,,,,,,,,,,,,,,,,,,,,,,,,,,,,,,,,,,,,,,,,,,,,,,,,,,,,,34.7163525,13.760294,32.0625,,,,,,,,,,
15:05:16.777,,,,,,,,,,,,,,,,,,,,,,,,,,,,,,,,,,,,,,,,,,,,,,,,,,,,,,,,,,,,,,,,,,,0,0,,,,,26,1,,,0,,,,,,,26,26,,,,,,,,,,,,,,,,,,,,,,,,,,,,,,
15:05:16.960,,,,,,,,,,,,,,,,,,,,,,,,,,,,,,,,,,,,,,,,,,,,,,,,,,,,,,,,,,,,,,,,,,,,,,,,,,,,,,,,,,,,,,,,-50,0,0,0,0,400,0,0,0,0,,,,,,,,,,0,,,,,,0,,
15:05:17.230,,,,,,,,,,,,,,,,,,,,,,,,,,,,,,,,,,,,,,,,,,,,,,,,,,,,,,,,,,,,,,,,,,,,,0,17,123,0,,,0,825.6,,0,0.6000000000000001,9,0,30,0,,,350,825.6,,,,,,,,,,,0,0,62.5,738.9000000000001,4.443,,,,,,,,,,,,,
15:05:17.411,,,,0,,,,20,,,,,,,,,23,20,,,,,,,,23,,,,,0,,,,,,,,,,,,,,,,,,,,,,,,,,,,,,,,,,,,,,,,,,,,,,,,,,,,,,,,,,,,,,,,,,,,,,,,,,,,,,,,,,,,
15:05:17.619,13.3,9.8,738.9,,0,0,26,,22,20,20,21,22,20,20,7.24122,,,1116.1475,4018131,0,0,5.13125,4.105,3.8484375,,1706.2,1664.1,1274.5,1203.3,,2564,0,0,737,2310,3.84,24,3.84,2,0,1116.1475,0,62.5,,,,,,,,,,,,,,,,,,,,,,,,,,,,,,,,,,,,,,,,,,,,,,,,,,,,,,,,,,,,,,,,,,,,4.35951,,,
15:05:17.798,,,,,,,,,,,,,,,,,,,,,,,,,,,,,,,,,,,,,,,,,,,,,25,25,,,,,,,28,,,,,,,,,,,,,,,,,,,,,,,,,,,,,,,,,,,,,,,,,,,,,,,,,,,,,,,,,,,,,,
15:05:17.916,,,,,,,,,,,,,,,,,,,,,,,,,,,,,,,,,,,,,,,,,,,,,,,26,28,31,26,27.5,31,,25.5,25.5,32,,,,,,,,,,,,,,,,,,,,,,,,,,,,,,,,,,,,,,,,,,,,,,,,,,9.896084958083403,,0.21522246838888887,0.21522246838888887,4.419144840234104,22.628812500000002,,,-0.0036464817759009516,
15:05:18.127,,,,,,,,,,,,,,,,,,,,,,,,,,,,,,,,,,,,,,,,,,,,,,,,,,,,,,,,,9.5,85,20,13.8,742.4000000000001,35.27,14.001,25,,,,,,,,,,,,,,,,,,,,,,,,,,,,,,,,,,,,,,,,,,,,,,,,,,,
15:05:18.246,,,,,,,,,,,,,,,,,,,,,,,,,,,,,,,,,,,,,,,,,,,,,,,,,,,,,,,,,,,,,,,,,9.700000000000001,3,,,,,,,,,,,,,,,,,,,,,,,,,,,,,,,,,,,,,,,,,,,,,,,,,
15:05:18.458,,,,,,,,,,,,,,,,,,,,,,,,,,,,,,,,,,,,,,,,,,,,,,,,,,,,,,,,,,,,,,,,,,,,,,,,,,,,,,,,,,,,,,,,,,,,,,,,,,,,,,,35.6929025,13.760294,32.734375,,,,,,,,,,
15:05:18.729,,,,,,,,,,,,,,,,,,,,,,,,,,,,,,,,,,,,,,,,,,,,,,,,,,,,,,,,,,,,,,,,,,,0,0,,,,,26,1,,,0,,,,,,,26,26,,,,,,,,,,,,,,,,,,,,,,,,,,,,,,
15:05:18.938,,,,,,,,,,,,,,,,,,,,,,,,,,,,,,,,,,,,,,,,,,,,,,,,,,,,,,,,,,,,,,,,,,,,,,,,,,,,,,,,,,,,,,,,-50,0,0,0,0,400,0,0,0,0,,,,,,,,,,0,,,,,,0,,
15:05:19.210,,,,,,,,,,,,,,,,,,,,,,,,,,,,,,,,,,,,,,,,,,,,,,,,,,,,,,,,,,,,,,,,,,,,,0,17,123,0,,,0,825.6,,0,0.6000000000000001,9,0,30,0,,,350,825.6,,,,,,,,,,,0,0,62.5,738.8000000000001,4.442,,,,,,,,,,,,,
15:05:19.388,,,,0,,,,20,,,,,,,,,23,20,,,,,,,,23,,,,,0,,,,,,,,,,,,,,,,,,,,,,,,,,,,,,,,,,,,,,,,,,,,,,,,,,,,,,,,,,,,,,,,,,,,,,,,,,,,,,,,,,,,
15:05:19.537,13.3,9.8,738.8,,0,0,26,,22,20,20,21,22,20,20,7.24024,,,1116.1480555555556,4018133,0,0,5.13055555555556,4.10444444444444,3.84791666666667,,1706.2,1664.1,1274.5,1203.4,,2601,0,0,737,2310,3.84,22,3.84,2,0,1116.14805555556,0,62.5,,,,,,,,,,,,,,,,,,,,,,,,,,,,,,,,,,,,,,,,,,,,,,,,,,,,,,,,,,,,,,,,,,,,7.24024,,,
15:05:19.718,,,,,,,,,,,,,,,,,,,,,,,,,,,,,,,,,,,,,,,,,,,,,25,25,,,,,,,28,,,,,,,,,,,,,,,,,,,,,,,,,,,,,,,,,,,,,,,,,,,,,,,,,,,,,,,,,,,,,,
15:05:19.838,,,,,,,,,,,,,,,,,,,,,,,,,,,,,,,,,,,,,,,,,,,,,,,26,28,31,26,27.5,31,,25.5,25.5,33,,,,,,,,,,,,,,,,,,,,,,,,,,,,,,,,,,,,,,,,,,,,,,,,,,10.44965561839091,,0.23284053588888887,0.23284053588888887,4.5578599604433006,21.94012121212121,,,,
15:05:20.137,,,,,,,,,,,,,,,,,,,,,,,,,,,,,,,,,,,,,,,,,,,,,,,,,,,,,,,,,9.490000000000009,85,20,13.8,741.8000000000001,35.12,13.999,25,,,,,,,,,,,,,,,,,,,,,,,,,,,,,,,,,,,,,,,,,,,,,,,,,,,
15:05:20.295,,,,,,,,,,,,,,,,,,,,,,,,,,,,,,,,,,,,,,,,,,,,,,,,,,,,,,,,,,,,,,,,,-1.3,3,,,,,,,,,,,,,,,,,,,,,,,,,,,,,,,,,,,,,,,,,,,,,,,,,
15:05:20.497,,,,,,,,,,,,,,,,,,,,,,,,,,,,,,,,,,,,,,,,,,,,,,,,,,,,,,,,,,,,,,,,,,,,,,,,,,,,,,,,,,,,,,,,,,,,,,,,,,,,,,,37.011245,13.761270600000001,33.25,,,,,,,,,,
15:05:20.768,,,,,,,,,,,,,,,,,,,,,,,,,,,,,,,,,,,,,,,,,,,,,,,,,,,,,,,,,,,,,,,,,,,0,0,,,,,26,1,,,0,,,,,,,26,26,,,,,,,,,,,,,,,,,,,,,,,,,,,,,,
15:05:20.949,,,,,,,,,,,,,,,,,,,,,,,,,,,,,,,,,,,,,,,,,,,,,,,,,,,,,,,,,,,,,,,,,,,,,,,,,,,,,,,,,,,,,,,,-50,0,0,0,0,400,0,0,0,0,,,,,,,,,,0,,,,,,0,,
15:05:21.220,,,,,,,,,,,,,,,,,,,,,,,,,,,,,,,,,,,,,,,,,,,,,,,,,,,,,,,,,,,,,,,,,,,,,0,17,123,0,,,0,825.6,,0,0.6000000000000001,9,0,30,0,,,350,825.6,,,,,,,,,,,0,0,62.5,738.5,4.444,,,,,,,,,,,,,
15:05:21.399,,,,0,,,,20,,,,,,,,,23,20,,,,,,,,23,,,,,0,,,,,,,,,,,,,,,,,,,,,,,,,,,,,,,,,,,,,,,,,,,,,,,,,,,,,,,,,,,,,,,,,,,,,,,,,,,,,,,,,,,,
15:05:21.577,13.3,13,738.4,,0,0,26,,22,20,20,21,22,20,20,9.5992,,,1116.1486111111112,4018135,0,0,5.12777777777778,4.10222222222222,3.84583333333333,,1706.2,1664.1,1274.5,1203.4,,2676,0,0,737,2318,3.84,11,3.84,61,0,1116.14861111111,0,62.5,,,,,,,,,,,,,,,,,,,,,,,,,,,,,,,,,,,,,,,,,,,,,,,,,,,,,,,,,,,,,,,,,,,,7.236320000000001,,,
15:05:21.758,,,,,,,,,,,,,,,,,,,,,,,,,,,,,,,,,,,,,,,,,,,,,25,25,,,,,,,28,,,,,,,,,,,,,,,,,,,,,,,,,,,,,,,,,,,,,,,,,,,,,,,,,,,,,,,,,,,,,,
15:05:21.908,,,,,,,,,,,,,,,,,,,,,,,,,,,,,,,,,,,,,,,,,,,,,,,26,28,31,26,27.5,31,,25.5,25.5,34,,,,,,,,,,,,,,,,,,,,,,,,,,,,,,,,,,,,,,,,,,,,,,,,,,11.04219380269458,,0.25239391038888886,0.25239391038888886,3.5419618301525126,28.23294117647059,,,,
15:05:22.178,,,,,,,,,,,,,,,,,,,,,,,,,,,,,,,,,,,,,,,,,,,,,,,,,,,,,,,,,9.45999999999998,85,20,13.8,741.8000000000001,35.11,13.997,25,,,,,,,,,,,,,,,,,,,,,,,,,,,,,,,,,,,,,,,,,,,,,,,,,,,
15:05:22.296,,,,,,,,,,,,,,,,,,,,,,,,,,,,,,,,,,,,,,,,,,,,,,,,,,,,,,,,,,,,,,,,,0,3,,,,,,,,,,,,,,,,,,,,,,,,,,,,,,,,,,,,,,,,,,,,,,,,,
15:05:22.507,,,,,,,,,,,,,,,,,,,,,,,,,,,,,,,,,,,,,,,,,,,,,,,,,,,,,,,,,,,,,,,,,,,,,,,,,,,,,,,,,,,,,,,,,,,,,,,,,,,,,,,37.69483,13.761270600000001,32,,,,,,,,,,
15:05:22.809,,,,,,,,,,,,,,,,,,,,,,,,,,,,,,,,,,,,,,,,,,,,,,,,,,,,,,,,,,,,,,,,,,,0,0,,,,,26,1,,,0,,,,,,,26,26,,,,,,,,,,,,,,,,,,,,,,,,,,,,,,
15:05:22.988,,,,,,,,,,,,,,,,,,,,,,,,,,,,,,,,,,,,,,,,,,,,,,,,,,,,,,,,,,,,,,,,,,,,,,,,,,,,,,,,,,,,,,,,-50,0,0,0,0,400,0,0,0,0,,,,,,,,,,0,,,,,,0,,
15:05:23.261,,,,,,,,,,,,,,,,,,,,,,,,,,,,,,,,,,,,,,,,,,,,,,,,,,,,,,,,,,,,,,,,,,,,,0,17,123,0,,,0,825.6,,0,0.6000000000000001,9,0,30,0,,,350,825.6,,,,,,,,,,,0,0,62.5,738.4000000000001,4.444,,,,,,,,,,,,,
15:05:23.439,,,,0,,,,20,,,,,,,,,23,20,,,,,,,,23,,,,,0,,,,,,,,,,,,,,,,,,,,,,,,,,,,,,,,,,,,,,,,,,,,,,,,,,,,,,,,,,,,,,,,,,,,,,,,,,,,,,,,,,,,
15:05:23.587,13.3,13.5,738.3,,0,0,26,,22,20,20,21,22,20,20,9.96705,,,1116.1491666666666,4018137,0,0,5.12708333333333,4.10166666666667,3.8453125,,1706.2,1664.1,1274.5,1203.4,,2804,0,0,737,2318,3.84,24,3.84,78,0,1116.14916666667,0,62.5,,,,,,,,,,,,,,,,,,,,,,,,,,,,,,,,,,,,,,,,,,,,,,,,,,,,,,,,,,,,,,,,,,,,9.5979,,,
15:05:23.770,,,,,,,,,,,,,,,,,,,,,,,,,,,,,,,,,,,,,,,,,,,,,25,25,,,,,,,28,,,,,,,,,,,,,,,,,,,,,,,,,,,,,,,,,,,,,,,,,,,,,,,,,,,,,,,,,,,,,,
15:05:23.886,,,,,,,,,,,,,,,,,,,,,,,,,,,,,,,,,,,,,,,,,,,,,,,26,28,31,26,27.5,31,,25.5,25.5,36,,,,,,,,,,,,,,,,,,,,,,,,,,,,,,,,,,,,,,,,,,,,,,,,,,11.62779613011716,,0.27216513738888887,0.27216513738888887,3.611901214501783,27.68625,,,0.014203072202531544,
15:05:24.131,,,,,,,,,,,,,,,,,,,,,,,,,,,,,,,,,,,,,,,,,,,,,,,,,,,,,,,,,9.439999999999998,85,20,13.8,741.9000000000001,34.82,14.001,25,,,,,,,,,,,,,,,,,,,,,,,,,,,,,,,,,,,,,,,,,,,,,,,,,,,
15:05:24.285,,,,,,,,,,,,,,,,,,,,,,,,,,,,,,,,,,,,,,,,,,,,,,,,,,,,,,,,,,,,,,,,,6.6000000000000005,3,,,,,,,,,,,,,,,,,,,,,,,,,,,,,,,,,,,,,,,,,,,,,,,,,
15:05:24.485,,,,,,,,,,,,,,,,,,,,,,,,,,,,,,,,,,,,,,,,,,,,,,,,,,,,,,,,,,,,,,,,,,,,,,,,,,,,,,,,,,,,,,,,,,,,,,,,,,,,,,,34.5210425,13.770548300000002,36.390625,,,,,,,,,,
15:05:24.758,,,,,,,,,,,,,,,,,,,,,,,,,,,,,,,,,,,,,,,,,,,,,,,,,,,,,,,,,,,,,,,,,,,0,0,,,,,26,1,,,0,,,,,,,26,26,,,,,,,,,,,,,,,,,,,,,,,,,,,,,,
15:05:24.941,,,,,,,,,,,,,,,,,,,,,,,,,,,,,,,,,,,,,,,,,,,,,,,,,,,,,,,,,,,,,,,,,,,,,,,,,,,,,,,,,,,,,,,,-50,0,0,0,0,400,0,0,0,0,,,,,,,,,,0,,,,,,0,,
15:05:25.295,,,,,,,,,,,,,,,,,,,,,,,,,,,,,,,,,,,,,,,,,,,,,,,,,,,,,,,,,,,,,,,,,,,,,0,17,123,0,,,0,825.6,,0,0.6000000000000001,9,0,30,0,,,350,825.6,,,,,,,,,,,0,0,62.5,739.1,4.444,,,,,,,,,,,,,
15:05:25.478,,,,0,,,,20,,,,,,,,,23,20,,,,,,,,23,,,,,0,,,,,,,,,,,,,,,,,,,,,,,,,,,,,,,,,,,,,,,,,,,,,,,,,,,,,,,,,,,,,,,,,,,,,,,,,,,,,,,,,,,,
15:05:25.628,13.3,4,739.1,,0,0,26,,22,20,20,21,22,20,20,2.9564,,,1116.1497222222222,4018139,0,0,5.13263888888889,4.10611111111111,3.84947916666667,,1706.2,1664.1,1274.5,1203.4,,2874,0,0,737,2318,3.84,22,3.84,61,0,1116.14972222222,0,62.5,,,,,,,,,,,,,,,,,,,,,,,,,,,,,,,,,,,,,,,,,,,,,,,,,,,,,,,,,,,,,,,,,,,,9.97785,,,
15:05:25.808,,,,,,,,,,,,,,,,,,,,,,,,,,,,,,,,,,,,,,,,,,,,,25,25,,,,,,,28,,,,,,,,,,,,,,,,,,,,,,,,,,,,,,,,,,,,,,,,,,,,,,,,,,,,,,,,,,,,,,
15:05:25.927,,,,,,,,,,,,,,,,,,,,,,,,,,,,,,,,,,,,,,,,,,,,,,,26,28,31,26,27.5,31,,25.5,25.5,36,,,,,,,,,,,,,,,,,,,,,,,,,,,,,,,,,,,,,,,,,,,,,,,,,,12.20436438912294,,0.2925821083888889,0.2925821083888889,12.176971992964416,8.212222222222222,,,0.014143214968779946,
15:05:26.146,,,,,,,,,,,,,,,,,,,,,,,,,,,,,,,,,,,,,,,,,,,,,,,,,,,,,,,,,9.439999999999998,85,20,13.803,744,34.26,14.001,25,,,,,,,,,,,,,,,,,,,,,,,,,,,,,,,,,,,,,,,,,,,,,,,,,,,
15:05:26.287,,,,,,,,,,,,,,,,,,,,,,,,,,,,,,,,,,,,,,,,,,,,,,,,,,,,,,,,,,,,,,,,,-6.800000000000001,3,,,,,,,,,,,,,,,,,,,,,,,,,,,,,,,,,,,,,,,,,,,,,,,,,
15:05:26.498,,,,,,,,,,,,,,,,,,,,,,,,,,,,,,,,,,,,,,,,,,,,,,,,,,,,,,,,,,,,,,,,,,,,,,,,,,,,,,,,,,,,,,,,,,,,,,,,,,,,,,,25.878575,13.770548300000002,36.109375,,,,,,,,,,
15:05:26.769,,,,,,,,,,,,,,,,,,,,,,,,,,,,,,,,,,,,,,,,,,,,,,,,,,,,,,,,,,,,,,,,,,,0,0,,,,,26,1,,,0,,,,,,,26,26,,,,,,,,,,,,,,,,,,,,,,,,,,,,,,
15:05:26.946,,,,,,,,,,,,,,,,,,,,,,,,,,,,,,,,,,,,,,,,,,,,,,,,,,,,,,,,,,,,,,,,,,,,,,,,,,,,,,,,,,,,,,,,-50,0,0,0,0,400,0,0,0,0,,,,,,,,,,0,,,,,,0,,
15:05:27.218,,,,,,,,,,,,,,,,,,,,,,,,,,,,,,,,,,,,,,,,,,,,,,,,,,,,,,,,,,,,,,,,,,,,,0,17,123,0,,,0,825.6,,0,0.6000000000000001,9,0,30,0,,,350,825.6,,,,,,,,,,,0,0,62.5,741.5,4.444,,,,,,,,,,,,,
15:05:27.404,,,,0,,,,20,,,,,,,,,23,20,,,,,,,,23,,,,,0,,,,,,,,,,,,,,,,,,,,,,,,,,,,,,,,,,,,,,,,,,,,,,,,,,,,,,,,,,,,,,,,,,,,,,,,,,,,,,,,,,,,
15:05:27.547,13.3,-31.8,742.6,,0,0,26,,22,20,20,21,22,20,20,-23.61468,,,1116.1502777777778,4018141,0,0,5.15694444444444,4.12555555555556,3.86770833333333,,1706.2,1664.1,1274.5,1203.4,,2561,0,0,742,2318,3.86,21,3.86,61,0,1116.15027777778,0,62.5,,,,,,,,,,,,,,,,,,,,,,,,,,,,,,,,,,,,,,,,,,,,,,,,,,,,,,,,,,,,,,,,,,,,2.9704,,,
15:05:27.728,,,,,,,,,,,,,,,,,,,,,,,,,,,,,,,,,,,,,,,,,,,,,25,25,,,,,,,28,,,,,,,,,,,,,,,,,,,,,,,,,,,,,,,,,,,,,,,,,,,,,,,,,,,,,,,,,,,,,,
15:05:27.849,,,,,,,,,,,,,,,,,,,,,,,,,,,,,,,,,,,,,,,,,,,,,,,26,28,31,26,27.5,31,,25.5,25.5,31,,,,,,,,,,,,,,,,,,,,,,,,,,,,,,,,,,,,,,,,,,,,,,,,,,12.61390243572056,,0.30913595080555556,0.30913595080555556,-1.3127427515426844,-76.17638709677419,,,,
15:05:28.056,,,,,,,,,,,,,,,,,,,,,,,,,,,,,,,,,,,,,,,,,,,,,,,,,,,,,,,,,8.850000000000023,85,20,13.780000000000001,747.2,38.87,14.001,25,,,,,,,,,,,,,,,,,,,,,,,,,,,,,,,,,,,,,,,,,,,,,,,,,,,
15:05:28.176,,,,,,,,,,,,,,,,,,,,,,,,,,,,,,,,,,,,,,,,,,,,,,,,,,,,,,,,,,,,,,,,,9,3,,,,,,,,,,,,,,,,,,,,,,,,,,,,,,,,,,,,,,,,,,,,,,,,,
15:05:28.388,,,,,,,,,,,,,,,,,,,,,,,,,,,,,,,,,,,,,,,,,,,,,,,,,,,,,,,,,,,,,,,,,,,,,,,,,,,,,,,,,,,,,,,,,,,,,,,,,,,,,,,0,13.740762,28.40625,,,,,,,,,,
15:05:28.658,,,,,,,,,,,,,,,,,,,,,,,,,,,,,,,,,,,,,,,,,,,,,,,,,,,,,,,,,,,,,,,,,,,0,0,,,,,26,1,,,0,,,,,,,26,26,,,,,,,,,,,,,,,,,,,,,,,,,,,,,,
15:05:28.838,,,,,,,,,,,,,,,,,,,,,,,,,,,,,,,,,,,,,,,,,,,,,,,,,,,,,,,,,,,,,,,,,,,,,,,,,,,,,,,,,,,,,,,,-50,0,0,0,0,400,0,0,0,0,,,,,,,,,,0,,,,,,0,,
15:05:29.112,,,,,,,,,,,,,,,,,,,,,,,,,,,,,,,,,,,,,,,,,,,,,,,,,,,,,,,,,,,,,,,,,,,,,0,17,123,0,,,0,825.6,,0,0.6000000000000001,9,0,30,0,,,350,825.6,,,,,,,,,,,0,0,62.5,743.1,4.443,,,,,,,,,,,,,
15:05:29.348,,,,0,,,,20,,,,,,,,,23,20,,,,,,,,23,,,,,0,,,,,,,,,,,,,,,,,,,,,,,,,,,,,,,,,,,,,,,,,,,,,,,,,,,,,,,,,,,,,,,,,,,,,,,,,,,,,,,,,,,,
15:05:29.498,13.3,-26.3,742.9,,0,0,26,,22,20,20,21,22,20,20,-19.53827,,,1116.1508333333334,4018143,0,0,5.15902777777778,4.12722222222222,3.86927083333333,,1706.2,1664.1,1274.5,1203.4,,1689,0,0,741,2318,3.86,12,3.86,64,0,1116.15083333333,0,62.5,,,,,,,,,,,,,,,,,,,,,,,,,,,,,,,,,,,,,,,,,,,,,,,,,,,,,,,,,,,,,,,,,,,,-23.62422,,,
15:05:29.676,,,,,,,,,,,,,,,,,,,,,,,,,,,,,,,,,,,,,,,,,,,,,25,25,,,,,,,28,,,,,,,,,,,,,,,,,,,,,,,,,,,,,,,,,,,,,,,,,,,,,,,,,,,,,,,,,,,,,,
15:05:29.798,,,,,,,,,,,,,,,,,,,,,,,,,,,,,,,,,,,,,,,,,,,,,,,26,28,31,26,27.5,31,,25.5,25.5,19,,,,,,,,,,,,,,,,,,,,,,,,,,,,,,,,,,,,,,,,,,,,,,,,,,12.751924364878318,,0.3194221766111111,0.3194221766111111,-0.9724504779594099,-102.83300000000001,,,-0.05384857356588275,
15:05:30.037,,,,,,,,,,,,,,,,,,,,,,,,,,,,,,,,,,,,,,,,,,,,,,,,,,,,,,,,,9.259999999999991,85,20,13.797,746.1,38.85,14.019,25,,,,,,,,,,,,,,,,,,,,,,,,,,,,,,,,,,,,,,,,,,,,,,,,,,,
15:05:30.166,,,,,,,,,,,,,,,,,,,,,,,,,,,,,,,,,,,,,,,,,,,,,,,,,,,,,,,,,,,,,,,,,4,3,,,,,,,,,,,,,,,,,,,,,,,,,,,,,,,,,,,,,,,,,,,,,,,,,
15:05:30.369,,,,,,,,,,,,,,,,,,,,,,,,,,,,,,,,,,,,,,,,,,,,,,,,,,,,,,,,,,,,,,,,,,,,,,,,,,,,,,,,,,,,,,,,,,,,,,,,,,,,,,,0,13.760294,16.9375,,,,,,,,,,
15:05:30.637,,,,,,,,,,,,,,,,,,,,,,,,,,,,,,,,,,,,,,,,,,,,,,,,,,,,,,,,,,,,,,,,,,,0,0,,,,,26,1,,,0,,,,,,,26,26,,,,,,,,,,,,,,,,,,,,,,,,,,,,,,
15:05:30.819,,,,,,,,,,,,,,,,,,,,,,,,,,,,,,,,,,,,,,,,,,,,,,,,,,,,,,,,,,,,,,,,,,,,,,,,,,,,,,,,,,,,,,,,-50,0,0,0,0,400,0,0,0,0,,,,,,,,,,0,,,,,,0,,
15:05:31.094,,,,,,,,,,,,,,,,,,,,,,,,,,,,,,,,,,,,,,,,,,,,,,,,,,,,,,,,,,,,,,,,,,,,,0,17,123,0,,,0,825.6,,0,0.6000000000000001,9,0,30,0,,,350,825.6,,,,,,,,,,,0,0,62.5,742,4.443,,,,,,,,,,,,,
15:05:31.268,,,,0,,,,20,,,,,,,,,23,20,,,,,,,,23,,,,,0,,,,,,,,,,,,,,,,,,,,,,,,,,,,,,,,,,,,,,,,,,,,,,,,,,,,,,,,,,,,,,,,,,,,,,,,,,,,,,,,,,,,
15:05:31.419,13.3,-12,741.6,,0,0,25,,22,20,20,21,22,20,20,-8.8992,,,1116.151388888889,4018145,0,0,5.15,4.12,3.8625,,1706.2,1664.1,1274.5,1203.4,,841,0,0,740,2320,3.86,24,3.86,61,0,1116.15138888889,0,62.5,,,,,,,,,,,,,,,,,,,,,,,,,,,,,,,,,,,,,,,,,,,,,,,,,,,,,,,,,,,,,,,,,,,,-19.504080000000002,,,
15:05:31.601,,,,,,,,,,,,,,,,,,,,,,,,,,,,,,,,,,,,,,,,,,,,,25,25,,,,,,,28,,,,,,,,,,,,,,,,,,,,,,,,,,,,,,,,,,,,,,,,,,,,,,,,,,,,,,,,,,,,,,
15:05:31.718,,,,,,,,,,,,,,,,,,,,,,,,,,,,,,,,,,,,,,,,,,,,,,,26,28,31,26,27.5,31,,25.5,25.5,9,,,,,,,,,,,,,,,,,,,,,,,,,,,,,,,,,,,,,,,,,,,,,,,,,,12.673727168608327,,0.3242207983611111,0.3242207983611111,-1.0113268608414239,-98.88000000000001,,,-0.09764484914114772,
15:05:31.987,,,,,,,,,,,,,,,,,,,,,,,,,,,,,,,,,,,,,,,,,,,,,,,,,,,,,,,,,9.220000000000027,85,20,13.795,744.6,39.08,14.033,25,,,,,,,,,,,,,,,,,,,,,,,,,,,,,,,,,,,,,,,,,,,,,,,,,,,
15:05:32.117,,,,,,,,,,,,,,,,,,,,,,,,,,,,,,,,,,,,,,,,,,,,,,,,,,,,,,,,,,,,,,,,,7.2,3,,,,,,,,,,,,,,,,,,,,,,,,,,,,,,,,,,,,,,,,,,,,,,,,,
15:05:32.320,,,,,,,,,,,,,,,,,,,,,,,,,,,,,,,,,,,,,,,,,,,,,,,,,,,,,,,,,,,,,,,,,,,,,,,,,,,,,,,,,,,,,,,,,,,,,,,,,,,,,,,8.447157500000001,13.7593174,4,,,,,,,,,,
15:05:32.617,,,,,,,,,,,,,,,,,,,,,,,,,,,,,,,,,,,,,,,,,,,,,,,,,,,,,,,,,,,,,,,,,,,0,0,,,,,26,1,,,0,,,,,,,26,26,,,,,,,,,,,,,,,,,,,,,,,,,,,,,,
15:05:32.800,,,,,,,,,,,,,,,,,,,,,,,,,,,,,,,,,,,,,,,,,,,,,,,,,,,,,,,,,,,,,,,,,,,,,,,,,,,,,,,,,,,,,,,,-50,0,0,0,0,400,0,0,0,0,,,,,,,,,,0,,,,,,0,,
15:05:33.072,,,,,,,,,,,,,,,,,,,,,,,,,,,,,,,,,,,,,,,,,,,,,,,,,,,,,,,,,,,,,,,,,,,,,0,17,123,0,,,0,825.6,,0,0.6000000000000001,9,0,30,0,,,350,825.6,,,,,,,,,,,0,0,62.5,740.6,4.443,,,,,,,,,,,,,
15:05:33.248,,,,0,,,,20,,,,,,,,,23,20,,,,,,,,23,,,,,0,,,,,,,,,,,,,,,,,,,,,,,,,,,,,,,,,,,,,,,,,,,,,,,,,,,,,,,,,,,,,,,,,,,,,,,,,,,,,,,,,,,,
15:05:33.399,13.3,4.6,740,,0,0,25,,22,20,20,21,22,20,20,3.404,,,1116.1519444444446,4018147,0,0,5.13888888888889,4.11111111111111,3.85416666666667,,1706.2,1664.1,1274.5,1203.4,,450,0,0,738,2320,3.84,23,3.84,61,0,1116.15194444444,0,62.5,,,,,,,,,,,,,,,,,,,,,,,,,,,,,,,,,,,,,,,,,,,,,,,,,,,,,,,,,,,,,,,,,,,,-8.88,,,
15:05:33.607,,,,,,,,,,,,,,,,,,,,,,,,,,,,,,,,,,,,,,,,,,,,,25,25,,,,,,,28,,,,,,,,,,,,,,,,,,,,,,,,,,,,,,,,,,,,,,,,,,,,,,,,,,,,,,,,,,,,,,
15:05:33.728,,,,,,,,,,,,,,,,,,,,,,,,,,,,,,,,,,,,,,,,,,,,,,,26,28,31,26,27.5,31,,25.5,25.5,6,,,,,,,,,,,,,,,,,,,,,,,,,,,,,,,,,,,,,,,,,,,,,,,,,,12.531167845935359,,0.3275711688611111,0.3275711688611111,1.7626321974148063,56.73333333333333,,,-0.10892803999481004,
15:05:33.946,,,,,,,,,,,,,,,,,,,,,,,,,,,,,,,,,,,,,,,,,,,,,,,,,,,,,,,,,9.720000000000027,85,20,13.82,744,34.96,14.031,25,,,,,,,,,,,,,,,,,,,,,,,,,,,,,,,,,,,,,,,,,,,,,,,,,,,
15:05:34.065,,,,,,,,,,,,,,,,,,,,,,,,,,,,,,,,,,,,,,,,,,,,,,,,,,,,,,,,,,,,,,,,,8.4,3,,,,,,,,,,,,,,,,,,,,,,,,,,,,,,,,,,,,,,,,,,,,,,,,,
15:05:34.268,,,,,,,,,,,,,,,,,,,,,,,,,,,,,,,,,,,,,,,,,,,,,,,,,,,,,,,,,,,,,,,,,,,,,,,,,,,,,,,,,,,,,,,,,,,,,,,,,,,,,,,54.97976500000001,13.771524900000001,8.375,,,,,,,,,,
15:05:34.537,,,,,,,,,,,,,,,,,,,,,,,,,,,,,,,,,,,,,,,,,,,,,,,,,,,,,,,,,,,,,,,,,,,0,0,,,,,26,1,,,0,,,,,,,26,26,,,,,,,,,,,,,,,,,,,,,,,,,,,,,,
15:05:34.719,,,,,,,,,,,,,,,,,,,,,,,,,,,,,,,,,,,,,,,,,,,,,,,,,,,,,,,,,,,,,,,,,,,,,,,,,,,,,,,,,,,,,,,,-50,0,0,0,0,400,0,0,0,0,,,,,,,,,,0,,,,,,0,,
15:05:35.021,,,,,,,,,,,,,,,,,,,,,,,,,,,,,,,,,,,,,,,,,,,,,,,,,,,,,,,,,,,,,,,,,,,,,0,17,123,0,,,0,825.6,,0,0.6000000000000001,9,0,30,0,,,350,825.6,,,,,,,,,,,0,0,62.5,739,4.443,,,,,,,,,,,,,
15:05:35.200,,,,0,,,,20,,,,,,,,,23,20,,,,,,,,23,,,,,0,,,,,,,,,,,,,,,,,,,,,,,,,,,,,,,,,,,,,,,,,,,,,,,,,,,,,,,,,,,,,,,,,,,,,,,,,,,,,,,,,,,,
15:05:35.347,13.3,22.9,738.1,,0,0,25,,22,20,20,21,22,20,20,16.90249,,,1116.1525,4018149,0,0,5.12569444444444,4.10055555555556,3.84427083333333,,1706.2,1664.1,1274.5,1203.4,,1151,0,0,737,2320,3.84,22,3.84,61,0,1116.1525,0,62.5,,,,,,,,,,,,,,,,,,,,,,,,,,,,,,,,,,,,,,,,,,,,,,,,,,,,,,,,,,,,,,,,,,,,3.39526,,,
15:05:35.526,,,,,,,,,,,,,,,,,,,,,,,,,,,,,,,,,,,,,,,,,,,,,25,25,,,,,,,28,,,,,,,,,,,,,,,,,,,,,,,,,,,,,,,,,,,,,,,,,,,,,,,,,,,,,,,,,,,,,,
15:05:35.648,,,,,,,,,,,,,,,,,,,,,,,,,,,,,,,,,,,,,,,,,,,,,,,26,28,30.5,26,27.5,30.5,,25.5,25.5,16,,,,,,,,,,,,,,,,,,,,,,,,,,,,,,,,,,,,,,,,,,,,,,,,,,12.6005302897988,,0.3361050906388889,0.3361050906388889,0.9466060917651777,105.6405625,,,,
15:05:35.856,,,,,,,,,,,,,,,,,,,,,,,,,,,,,,,,,,,,,,,,,,,,,,,,,,,,,,,,,9.29000000000002,85,20,13.803,740.9000000000001,34.94,14.002,25,,,,,,,,,,,,,,,,,,,,,,,,,,,,,,,,,,,,,,,,,,,,,,,,,,,
15:05:35.985,,,,,,,,,,,,,,,,,,,,,,,,,,,,,,,,,,,,,,,,,,,,,,,,,,,,,,,,,,,,,,,,,-3.9000000000000004,3,,,,,,,,,,,,,,,,,,,,,,,,,,,,,,,,,,,,,,,,,,,,,,,,,
15:05:36.190,,,,,,,,,,,,,,,,,,,,,,,,,,,,,,,,,,,,,,,,,,,,,,,,,,,,,,,,,,,,,,,,,,,,,,,,,,,,,,,,,,,,,,,,,,,,,,,,,,,,,,,64.745265,13.761270600000001,16,,,,,,,,,,
15:05:36.460,,,,,,,,,,,,,,,,,,,,,,,,,,,,,,,,,,,,,,,,,,,,,,,,,,,,,,,,,,,,,,,,,,,0,0,,,,,26,1,,,0,,,,,,,26,26,,,,,,,,,,,,,,,,,,,,,,,,,,,,,,
15:05:36.638,,,,,,,,,,,,,,,,,,,,,,,,,,,,,,,,,,,,,,,,,,,,,,,,,,,,,,,,,,,,,,,,,,,,,,,,,,,,,,,,,,,,,,,,-50,0,0,0,0,400,0,0,0,0,,,,,,,,,,0,,,,,,0,,
15:05:36.912,,,,,,,,,,,,,,,,,,,,,,,,,,,,,,,,,,,,,,,,,,,,,,,,,,,,,,,,,,,,,,,,,,,,,0,17,123,0,,,0,825.6,,0,0.6000000000000001,9,0,30,0,,,350,825.6,,,,,,,,,,,0,0,62.5,737,4.444,,,,,,,,,,,,,
15:05:37.087,,,,0,,,,20,,,,,,,,,23,20,,,,,,,,23,,,,,0,,,,,,,,,,,,,,,,,,,,,,,,,,,,,,,,,,,,,,,,,,,,,,,,,,,,,,,,,,,,,,,,,,,,,,,,,,,,,,,,,,,,
15:05:37.270,13.3,33.3,736.8,,0,0,25,,22,20,20,21,22,20,20,24.53544,,,1116.1530555555555,4018151,0,0,5.11666666666667,4.09333333333333,3.8375,,1706.2,1664.1,1274.5,1203.4,,2021,0,0,735,2320,3.84,24,3.82,61,0,1116.15305555556,0,62.5,,,,,,,,,,,,,,,,,,,,,,,,,,,,,,,,,,,,,,,,,,,,,,,,,,,,,,,,,,,,,,,,,,,,16.872719999999997,,,
15:05:37.447,,,,,,,,,,,,,,,,,,,,,,,,,,,,,,,,,,,,,,,,,,,,,25,25,,,,,,,28,,,,,,,,,,,,,,,,,,,,,,,,,,,,,,,,,,,,,,,,,,,,,,,,,,,,,,,,,,,,,,
15:05:37.567,,,,,,,,,,,,,,,,,,,,,,,,,,,,,,,,,,,,,,,,,,,,,,,26,28,30.5,26,27.5,30.5,,25.5,25.5,27,,,,,,,,,,,,,,,,,,,,,,,,,,,,,,,,,,,,,,,,,,,,,,,,,,12.882661854280654,,0.3504980031388889,0.3504980031388889,1.1004489831851394,90.87200000000001,,,,
15:05:37.777,,,,,,,,,,,,,,,,,,,,,,,,,,,,,,,,,,,,,,,,,,,,,,,,,,,,,,,,,9.25,85,20,13.802,740.9000000000001,35.18,14.018,25,,,,,,,,,,,,,,,,,,,,,,,,,,,,,,,,,,,,,,,,,,,,,,,,,,,
15:05:37.924,,,,,,,,,,,,,,,,,,,,,,,,,,,,,,,,,,,,,,,,,,,,,,,,,,,,,,,,,,,,,,,,,-3.5,3,,,,,,,,,,,,,,,,,,,,,,,,,,,,,,,,,,,,,,,,,,,,,,,,,
15:05:38.137,,,,,,,,,,,,,,,,,,,,,,,,,,,,,,,,,,,,,,,,,,,,,,,,,,,,,,,,,,,,,,,,,,,,,,,,,,,,,,,,,,,,,,,,,,,,,,,,,,,,,,,41.503375000000005,13.760294,28.625,,,,,,,,,,
15:05:38.409,,,,,,,,,,,,,,,,,,,,,,,,,,,,,,,,,,,,,,,,,,,,,,,,,,,,,,,,,,,,,,,,,,,0,0,,,,,26,1,,,0,,,,,,,26,26,,,,,,,,,,,,,,,,,,,,,,,,,,,,,,
15:05:38.588,,,,,,,,,,,,,,,,,,,,,,,,,,,,,,,,,,,,,,,,,,,,,,,,,,,,,,,,,,,,,,,,,,,,,,,,,,,,,,,,,,,,,,,,-50,0,0,0,0,400,0,0,0,0,,,,,,,,,,0,,,,,,0,,
15:05:38.862,,,,,,,,,,,,,,,,,,,,,,,,,,,,,,,,,,,,,,,,,,,,,,,,,,,,,,,,,,,,,,,,,,,,,0,17,123,0,,,0,825.6,,0,0.6000000000000001,9,0,30,0,,,350,825.6,,,,,,,,,,,0,0,62.5,738.1,4.444,,,,,,,,,,,,,
15:05:39.037,,,,0,,,,20,,,,,,,,,23,20,,,,,,,,23,,,,,0,,,,,,,,,,,,,,,,,,,,,,,,,,,,,,,,,,,,,,,,,,,,,,,,,,,,,,,,,,,,,,,,,,,,,,,,,,,,,,,,,,,,
15:05:39.189,13.3,18.7,737.9,,0,0,25,,22,20,20,21,22,20,20,13.79873,,,1116.153611111111,4018153,0,0,5.12430555555556,4.09944444444444,3.84322916666667,,1706.2,1664.1,1274.5,1203.4,,2510,0,0,736,2305,3.84,24,3.84,64,0,1116.15361111111,0,62.5,,,,,,,,,,,,,,,,,,,,,,,,,,,,,,,,,,,,,,,,,,,,,,,,,,,,,,,,,,,,,,,,,,,,24.572069999999997,,,
15:05:39.368,,,,,,,,,,,,,,,,,,,,,,,,,,,,,,,,,,,,,,,,,,,,,25,25,,,,,,,28,,,,,,,,,,,,,,,,,,,,,,,,,,,,,,,,,,,,,,,,,,,,,,,,,,,,,,,,,,,,,,
15:05:39.488,,,,,,,,,,,,,,,,,,,,,,,,,,,,,,,,,,,,,,,,,,,,,,,26,28,30.5,26,27.5,30.5,,25.5,25.5,32,,,,,,,,,,,,,,,,,,,,,,,,,,,,,,,,,,,,,,,,,,,,,,,,,,13.250264033597283,,0.3675671871388889,0.3675671871388889,2.319053999897092,43.12103125,,,,
15:05:39.730,,,,,,,,,,,,,,,,,,,,,,,,,,,,,,,,,,,,,,,,,,,,,,,,,,,,,,,,,9.230000000000018,85,20,13.803,741.2,34.95,13.999,25,,,,,,,,,,,,,,,,,,,,,,,,,,,,,,,,,,,,,,,,,,,,,,,,,,,
15:05:39.846,,,,,,,,,,,,,,,,,,,,,,,,,,,,,,,,,,,,,,,,,,,,,,,,,,,,,,,,,,,,,,,,,-3.5,3,,,,,,,,,,,,,,,,,,,,,,,,,,,,,,,,,,,,,,,,,,,,,,,,,
15:05:40.090,,,,,,,,,,,,,,,,,,,,,,,,,,,,,,,,,,,,,,,,,,,,,,,,,,,,,,,,,,,,,,,,,,,,,,,,,,,,,,,,,,,,,,,,,,,,,,,,,,,,,,,41.015100000000004,13.7695717,33.6875,,,,,,,,,,
15:05:40.358,,,,,,,,,,,,,,,,,,,,,,,,,,,,,,,,,,,,,,,,,,,,,,,,,,,,,,,,,,,,,,,,,,,0,0,,,,,26,1,,,0,,,,,,,26,26,,,,,,,,,,,,,,,,,,,,,,,,,,,,,,
15:05:40.538,,,,,,,,,,,,,,,,,,,,,,,,,,,,,,,,,,,,,,,,,,,,,,,,,,,,,,,,,,,,,,,,,,,,,,,,,,,,,,,,,,,,,,,,-50,0,0,0,0,400,0,0,0,0,,,,,,,,,,0,,,,,,0,,
15:05:40.814,,,,,,,,,,,,,,,,,,,,,,,,,,,,,,,,,,,,,,,,,,,,,,,,,,,,,,,,,,,,,,,,,,,,,0,17,123,0,,,0,825.6,,0,0.6000000000000001,9,0,30,0,,,350,825.6,,,,,,,,,,,0,0,62.5,737.8000000000001,4.444,,,,,,,,,,,,,
15:05:40.987,,,,0,,,,20,,,,,,,,,23,20,,,,,,,,23,,,,,0,,,,,,,,,,,,,,,,,,,,,,,,,,,,,,,,,,,,,,,,,,,,,,,,,,,,,,,,,,,,,,,,,,,,,,,,,,,,,,,,,,,,
15:05:41.138,13.3,19.9,737.8,,0,0,25,,22,20,20,21,22,20,20,14.68222,,,1116.1541666666667,4018155,0,0,5.12361111111111,4.09888888888889,3.84270833333333,,1706.2,1664.2,1274.5,1203.4,,2849,0,0,736,2305,3.84,24,3.84,2,0,1116.15416666667,0,62.5,,,,,,,,,,,,,,,,,,,,,,,,,,,,,,,,,,,,,,,,,,,,,,,,,,,,,,,,,,,,,,,,,,,,13.796859999999999,,,
15:05:41.319,,,,,,,,,,,,,,,,,,,,,,,,,,,,,,,,,,,,,,,,,,,,,25,25,,,,,,,28,,,,,,,,,,,,,,,,,,,,,,,,,,,,,,,,,,,,,,,,,,,,,,,,,,,,,,,,,,,,,,
15:05:41.443,,,,,,,,,,,,,,,,,,,,,,,,,,,,,,,,,,,,,,,,,,,,,,,26.5,28,30.5,26,27.5,30.5,,25.5,25.5,36,,,,,,,,,,,,,,,,,,,,,,,,,,,,,,,,,,,,,,,,,,,,,,,,,,13.687057249713451,,0.3871165971388889,0.3871165971388889,2.451945278030162,40.783944444444444,,,0.11015290728014822,
15:05:41.678,,,,,,,,,,,,,,,,,,,,,,,,,,,,,,,,,,,,,,,,,,,,,,,,,,,,,,,,,9.199999999999989,85,20,13.803,741,34.89,14.017,25,,,,,,,,,,,,,,,,,,,,,,,,,,,,,,,,,,,,,,,,,,,,,,,,,,,
15:05:41.798,,,,,,,,,,,,,,,,,,,,,,,,,,,,,,,,,,,,,,,,,,,,,,,,,,,,,,,,,,,,,,,,,-10.9,3,,,,,,,,,,,,,,,,,,,,,,,,,,,,,,,,,,,,,,,,,,,,,,,,,
15:05:42.007,,,,,,,,,,,,,,,,,,,,,,,,,,,,,,,,,,,,,,,,,,,,,,,,,,,,,,,,,,,,,,,,,,,,,,,,,,,,,,,,,,,,,,,,,,,,,,,,,,,,,,,41.649857499999996,13.7695717,37.46875,,,,,,,,,,
15:05:42.278,,,,,,,,,,,,,,,,,,,,,,,,,,,,,,,,,,,,,,,,,,,,,,,,,,,,,,,,,,,,,,,,,,,0,0,,,,,26,1,,,0,,,,,,,26,26,,,,,,,,,,,,,,,,,,,,,,,,,,,,,,
15:05:42.460,,,,,,,,,,,,,,,,,,,,,,,,,,,,,,,,,,,,,,,,,,,,,,,,,,,,,,,,,,,,,,,,,,,,,,,,,,,,,,,,,,,,,,,,-50,0,0,0,0,400,0,0,0,0,,,,,,,,,,0,,,,,,0,,
15:05:42.731,,,,,,,,,,,,,,,,,,,,,,,,,,,,,,,,,,,,,,,,,,,,,,,,,,,,,,,,,,,,,,,,,,,,,0,17,123,0,,,0,825.6,,0,0.6000000000000001,9,0,30,0,,,350,825.6,,,,,,,,,,,0,0,62.5,737.6,4.444,,,,,,,,,,,,,
15:05:42.908,,,,0,,,,20,,,,,,,,,23,20,,,,,,,,23,,,,,0,,,,,,,,,,,,,,,,,,,,,,,,,,,,,,,,,,,,,,,,,,,,,,,,,,,,,,,,,,,,,,,,,,,,,,,,,,,,,,,,,,,,
15:05:43.057,13.3,20,737.6,,0,0,25,,22,20,20,21,22,20,20,14.752,,,1116.1544444444444,4018156,0,0,5.12222222222222,4.09777777777778,3.84166666666667,,1706.2,1664.2,1274.5,1203.4,,3127,0,0,736,2305,3.84,24,3.82,61,0,1116.15444444444,0,62.5,,,,,,,,,,,,,,,,,,,,,,,,,,,,,,,,,,,,,,,,,,,,,,,,,,,,,,,,,,,,,,,,,,,,14.752,,,
15:05:43.238,,,,,,,,,,,,,,,,,,,,,,,,,,,,,,,,,,,,,,,,,,,,,25,25,,,,,,,28,,,,,,,,,,,,,,,,,,,,,,,,,,,,,,,,,,,,,,,,,,,,,,,,,,,,,,,,,,,,,,
15:05:43.358,,,,,,,,,,,,,,,,,,,,,,,,,,,,,,,,,,,,,,,,,,,,,,,26.5,28,30.5,26,27.5,30.5,,25.5,25.5,40,,,,,,,,,,,,,,,,,,,,,,,,,,,,,,,,,,,,,,,,,,,,,,,,,,14.17302980643132,,0.4084043671388889,0.4084043671388889,2.7114967462039044,36.88,,,0.08817035755195667,
15:05:43.596,,,,,,,,,,,,,,,,,,,,,,,,,,,,,,,,,,,,,,,,,,,,,,,,,,,,,,,,,9.220000000000027,85,20,13.805,740.9000000000001,34.02,14.019,25,,,,,,,,,,,,,,,,,,,,,,,,,,,,,,,,,,,,,,,,,,,,,,,,,,,
15:05:43.716,,,,,,,,,,,,,,,,,,,,,,,,,,,,,,,,,,,,,,,,,,,,,,,,,,,,,,,,,,,,,,,,,-1.1,3,,,,,,,,,,,,,,,,,,,,,,,,,,,,,,,,,,,,,,,,,,,,,,,,,
15:05:43.931,,,,,,,,,,,,,,,,,,,,,,,,,,,,,,,,,,,,,,,,,,,,,,,,,,,,,,,,,,,,,,,,,,,,,,,,,,,,,,,,,,,,,,,,,,,,,,,,,,,,,,,41.99165,13.760294,40.5,,,,,,,,,,
15:05:44.197,,,,,,,,,,,,,,,,,,,,,,,,,,,,,,,,,,,,,,,,,,,,,,,,,,,,,,,,,,,,,,,,,,,0,0,,,,,26,1,,,0,,,,,,,26,26,,,,,,,,,,,,,,,,,,,,,,,,,,,,,,
15:05:44.378,,,,,,,,,,,,,,,,,,,,,,,,,,,,,,,,,,,,,,,,,,,,,,,,,,,,,,,,,,,,,,,,,,,,,,,,,,,,,,,,,,,,,,,,-50,0,0,0,0,400,0,0,0,0,,,,,,,,,,0,,,,,,0,,
15:05:44.651,,,,,,,,,,,,,,,,,,,,,,,,,,,,,,,,,,,,,,,,,,,,,,,,,,,,,,,,,,,,,,,,,,,,,0,17,123,0,,,0,825.6,,0,0.6000000000000001,9,0,30,0,,,350,825.6,,,,,,,,,,,0,0,62.5,737.7,4.443,,,,,,,,,,,,,
15:05:44.860,,,,0,,,,20,,,,,,,,,23,20,,,,,,,,23,,,,,0,,,,,,,,,,,,,,,,,,,,,,,,,,,,,,,,,,,,,,,,,,,,,,,,,,,,,,,,,,,,,,,,,,,,,,,,,,,,,,,,,,,,
15:05:45.007,13.3,12.1,738.3,,0,0,25,,22,20,20,21,22,20,20,8.93343,,,1116.155,4018158,0,0,5.12708333333333,4.10166666666667,3.8453125,,1706.2,1664.2,1274.5,1203.4,,3276,0,0,737,2305,3.84,24,3.84,2,0,1116.155,0,62.5,,,,,,,,,,,,,,,,,,,,,,,,,,,,,,,,,,,,,,,,,,,,,,,,,,,,,,,,,,,,,,,,,,,,14.766,,,
15:05:45.188,,,,,,,,,,,,,,,,,,,,,,,,,,,,,,,,,,,,,,,,,,,,,25,25,,,,,,,28,,,,,,,,,,,,,,,,,,,,,,,,,,,,,,,,,,,,,,,,,,,,,,,,,,,,,,,,,,,,,,
15:05:45.339,,,,,,,,,,,,,,,,,,,,,,,,,,,,,,,,,,,,,,,,,,,,,,,26.5,28,30.5,26,27.5,30.5,,25.5,25.5,41,,,,,,,,,,,,,,,,,,,,,,,,,,,,,,,,,,,,,,,,,,,,,,,,,,14.675697326079181,,0.43096417752777777,0.43096417752777777,4.589502576278092,21.788853658536585,,,0.051024207677224584,
15:05:45.546,,,,,,,,,,,,,,,,,,,,,,,,,,,,,,,,,,,,,,,,,,,,,,,,,,,,,,,,,9.230000000000018,85,20,13.806000000000001,741.9000000000001,33.74,14.003,25,,,,,,,,,,,,,,,,,,,,,,,,,,,,,,,,,,,,,,,,,,,,,,,,,,,
15:05:45.677,,,,,,,,,,,,,,,,,,,,,,,,,,,,,,,,,,,,,,,,,,,,,,,,,,,,,,,,,,,,,,,,,2.1,3,,,,,,,,,,,,,,,,,,,,,,,,,,,,,,,,,,,,,,,,,,,,,,,,,
15:05:45.880,,,,,,,,,,,,,,,,,,,,,,,,,,,,,,,,,,,,,,,,,,,,,,,,,,,,,,,,,,,,,,,,,,,,,,,,,,,,,,,,,,,,,,,,,,,,,,,,,,,,,,,36.864762500000005,13.770548300000002,41.734375,,,,,,,,,,
15:05:46.149,,,,,,,,,,,,,,,,,,,,,,,,,,,,,,,,,,,,,,,,,,,,,,,,,,,,,,,,,,,,,,,,,,,0,0,,,,,26,1,,,0,,,,,,,26,26,,,,,,,,,,,,,,,,,,,,,,,,,,,,,,
15:05:46.331,,,,,,,,,,,,,,,,,,,,,,,,,,,,,,,,,,,,,,,,,,,,,,,,,,,,,,,,,,,,,,,,,,,,,,,,,,,,,,,,,,,,,,,,-50,0,0,0,0,400,0,0,0,0,,,,,,,,,,0,,,,,,0,,
15:05:46.604,,,,,,,,,,,,,,,,,,,,,,,,,,,,,,,,,,,,,,,,,,,,,,,,,,,,,,,,,,,,,,,,,,,,,0,17,123,0,,,0,825.6,,0,0.6000000000000001,9,0,30,0,,,350,825.6,,,,,,,,,,,0,0,62.5,739.2,4.441,,,,,,,,,,,,,
15:05:46.808,,,,0,,,,20,,,,,,,,,23,20,,,,,,,,23,,,,,0,,,,,,,,,,,,,,,,,,,,,,,,,,,,,,,,,,,,,,,,,,,,,,,,,,,,,,,,,,,,,,,,,,,,,,,,,,,,,,,,,,,,
15:05:47.016,13.3,-13.5,740.6,,0,0,25,,22,20,20,21,22,20,20,-9.9981,,,1116.1555555555556,4018160,0,0,5.14305555555556,4.11444444444444,3.85729166666667,,1706.2,1664.2,1274.5,1203.4,,3147,0,0,739,2305,3.84,22,3.84,64,0,1116.15555555556,0,62.5,,,,,,,,,,,,,,,,,,,,,,,,,,,,,,,,,,,,,,,,,,,,,,,,,,,,,,,,,,,,,,,,,,,,-9.9981,,,
15:05:47.198,,,,,,,,,,,,,,,,,,,,,,,,,,,,,,,,,,,,,,,,,,,,,25,25,,,,,,,28,,,,,,,,,,,,,,,,,,,,,,,,,,,,,,,,,,,,,,,,,,,,,,,,,,,,,,,,,,,,,,
15:05:47.381,,,,,,,,,,,,,,,,,,,,,,,,,,,,,,,,,,,,,,,,,,,,,,,26.5,28,30.5,26,27.5,30.5,,25.5,25.5,39,,,,,,,,,,,,,,,,,,,,,,,,,,,,,,,,,,,,,,,,,,,,,,,,,,15.136491536062032,,0.4530788133611111,0.4530788133611111,-3.9007411408167547,-25.63615384615385,,,,
15:05:47.587,,,,,,,,,,,,,,,,,,,,,,,,,,,,,,,,,,,,,,,,,,,,,,,,,,,,,,,,,9.180000000000007,85,20,13.807,745.4000000000001,33.64,14.006,25,,,,,,,,,,,,,,,,,,,,,,,,,,,,,,,,,,,,,,,,,,,,,,,,,,,
15:05:47.716,,,,,,,,,,,,,,,,,,,,,,,,,,,,,,,,,,,,,,,,,,,,,,,,,,,,,,,,,,,,,,,,,-1.3,3,,,,,,,,,,,,,,,,,,,,,,,,,,,,,,,,,,,,,,,,,,,,,,,,,
15:05:47.919,,,,,,,,,,,,,,,,,,,,,,,,,,,,,,,,,,,,,,,,,,,,,,,,,,,,,,,,,,,,,,,,,,,,,,,,,,,,,,,,,,,,,,,,,,,,,,,,,,,,,,,19.238035000000004,13.7695717,37.40625,,,,,,,,,,
15:05:48.218,,,,,,,,,,,,,,,,,,,,,,,,,,,,,,,,,,,,,,,,,,,,,,,,,,,,,,,,,,,,,,,,,,,0,0,,,,,26,1,,,0,,,,,,,26,26,,,,,,,,,,,,,,,,,,,,,,,,,,,,,,
15:05:48.400,,,,,,,,,,,,,,,,,,,,,,,,,,,,,,,,,,,,,,,,,,,,,,,,,,,,,,,,,,,,,,,,,,,,,,,,,,,,,,,,,,,,,,,,-50,0,0,0,0,400,0,0,0,0,,,,,,,,,,0,,,,,,0,,
15:05:48.671,,,,,,,,,,,,,,,,,,,,,,,,,,,,,,,,,,,,,,,,,,,,,,,,,,,,,,,,,,,,,,,,,,,,,0,17,123,0,,,0,825.6,,0,0.6000000000000001,9,0,30,0,,,350,825.6,,,,,,,,,,,0,0,62.5,741.6,4.444,,,,,,,,,,,,,
15:05:48.853,,,,0,,,,20,,,,,,,,,23,20,,,,,,,,23,,,,,0,,,,,,,,,,,,,,,,,,,,,,,,,,,,,,,,,,,,,,,,,,,,,,,,,,,,,,,,,,,,,,,,,,,,,,,,,,,,,,,,,,,,
15:05:49.002,13.3,-18.5,741.6,,0,0,25,,22,20,20,21,22,20,20,-13.7196,,,1116.1561111111112,4018162,0,0,5.15,4.12,3.8625,,1706.2,1664.2,1274.5,1203.4,,2606,0,0,740,2306,3.86,22,3.86,61,0,1116.15611111111,0,62.5,,,,,,,,,,,,,,,,,,,,,,,,,,,,,,,,,,,,,,,,,,,,,,,,,,,,,,,,,,,,,,,,,,,,-10.0116,,,
15:05:49.208,,,,,,,,,,,,,,,,,,,,,,,,,,,,,,,,,,,,,,,,,,,,,25,25,,,,,,,28,,,,,,,,,,,,,,,,,,,,,,,,,,,,,,,,,,,,,,,,,,,,,,,,,,,,,,,,,,,,,,
15:05:49.329,,,,,,,,,,,,,,,,,,,,,,,,,,,,,,,,,,,,,,,,,,,,,,,26.5,28,30.5,26,27.5,30.5,,25.5,25.5,32,,,,,,,,,,,,,,,,,,,,,,,,,,,,,,,,,,,,,,,,,,,,,,,,,,15.435976902215621,,0.47039722758333335,0.47039722758333335,-2.3324295168955365,-42.873749999999994,,,,
15:05:49.598,,,,,,,,,,,,,,,,,,,,,,,,,,,,,,,,,,,,,,,,,,,,,,,,,,,,,,,,,9.150000000000034,85,20,13.806000000000001,745.3000000000001,34.27,14.017,25,,,,,,,,,,,,,,,,,,,,,,,,,,,,,,,,,,,,,,,,,,,,,,,,,,,
15:05:49.779,,,,,,,,,,,,,,,,,,,,,,,,,,,,,,,,,,,,,,,,,,,,,,,,,,,,,,,,,,,,,,,,,-1.9000000000000001,3,,,,,,,,,,,,,,,,,,,,,,,,,,,,,,,,,,,,,,,,,,,,,,,,,
15:05:49.989,,,,,,,,,,,,,,,,,,,,,,,,,,,,,,,,,,,,,,,,,,,,,,,,,,,,,,,,,,,,,,,,,,,,,,,,,,,,,,,,,,,,,,,,,,,,,,,,,,,,,,,18.8962425,13.761270600000001,28,,,,,,,,,,
15:05:50.260,,,,,,,,,,,,,,,,,,,,,,,,,,,,,,,,,,,,,,,,,,,,,,,,,,,,,,,,,,,,,,,,,,,0,0,,,,,26,1,,,0,,,,,,,26,26,,,,,,,,,,,,,,,,,,,,,,,,,,,,,,
15:05:50.440,,,,,,,,,,,,,,,,,,,,,,,,,,,,,,,,,,,,,,,,,,,,,,,,,,,,,,,,,,,,,,,,,,,,,,,,,,,,,,,,,,,,,,,,-50,0,0,0,0,400,0,0,0,0,,,,,,,,,,0,,,,,,0,,
15:05:50.711,,,,,,,,,,,,,,,,,,,,,,,,,,,,,,,,,,,,,,,,,,,,,,,,,,,,,,,,,,,,,,,,,,,,,0,17,123,0,,,0,825.6,,0,0.6000000000000001,9,0,30,0,,,350,825.6,,,,,,,,,,,0,0,62.5,741.5,4.443,,,,,,,,,,,,,
15:05:50.888,,,,0,,,,20,,,,,,,,,23,20,,,,,,,,23,,,,,0,,,,,,,,,,,,,,,,,,,,,,,,,,,,,,,,,,,,,,,,,,,,,,,,,,,,,,,,,,,,,,,,,,,,,,,,,,,,,,,,,,,,
15:05:51.041,13.3,-13,741.4,,0,0,25,,22,20,20,21,22,20,20,-9.6382,,,1116.1566666666668,4018164,0,0,5.14861111111111,4.11888888888889,3.86145833333333,,1706.2,1664.2,1274.5,1203.4,,2139,0,0,740,2306,3.86,12,3.84,64,0,1116.15666666667,0,62.5,,,,,,,,,,,,,,,,,,,,,,,,,,,,,,,,,,,,,,,,,,,,,,,,,,,,,,,,,,,,,,,,,,,,-9.6382,,,
15:05:51.218,,,,,,,,,,,,,,,,,,,,,,,,,,,,,,,,,,,,,,,,,,,,,25,25,,,,,,,28,,,,,,,,,,,,,,,,,,,,,,,,,,,,,,,,,,,,,,,,,,,,,,,,,,,,,,,,,,,,,,
15:05:51.339,,,,,,,,,,,,,,,,,,,,,,,,,,,,,,,,,,,,,,,,,,,,,,,26.5,28,30.5,26,27.5,30.5,,25.5,25.5,26,,,,,,,,,,,,,,,,,,,,,,,,,,,,,,,,,,,,,,,,,,,,,,,,,,15.626042450551605,,0.48491376425000005,0.48491376425000005,-2.6975991367682766,-37.06999999999999,,,-0.0496902444303857,
15:05:51.546,,,,,,,,,,,,,,,,,,,,,,,,,,,,,,,,,,,,,,,,,,,,,,,,,,,,,,,,,9.110000000000014,85,20,13.805,744.1,34.63,14.009,25,,,,,,,,,,,,,,,,,,,,,,,,,,,,,,,,,,,,,,,,,,,,,,,,,,,
15:05:51.676,,,,,,,,,,,,,,,,,,,,,,,,,,,,,,,,,,,,,,,,,,,,,,,,,,,,,,,,,,,,,,,,,-2.7,3,,,,,,,,,,,,,,,,,,,,,,,,,,,,,,,,,,,,,,,,,,,,,,,,,
15:05:51.883,,,,,,,,,,,,,,,,,,,,,,,,,,,,,,,,,,,,,,,,,,,,,,,,,,,,,,,,,,,,,,,,,,,,,,,,,,,,,,,,,,,,,,,,,,,,,,,,,,,,,,,25.390300000000003,13.770548300000002,25.984375,,,,,,,,,,
15:05:52.147,,,,,,,,,,,,,,,,,,,,,,,,,,,,,,,,,,,,,,,,,,,,,,,,,,,,,,,,,,,,,,,,,,,0,0,,,,,26,1,,,0,,,,,,,26,26,,,,,,,,,,,,,,,,,,,,,,,,,,,,,,
15:05:52.331,,,,,,,,,,,,,,,,,,,,,,,,,,,,,,,,,,,,,,,,,,,,,,,,,,,,,,,,,,,,,,,,,,,,,,,,,,,,,,,,,,,,,,,,-50,0,0,0,0,400,0,0,0,0,,,,,,,,,,0,,,,,,0,,
15:05:52.601,,,,,,,,,,,,,,,,,,,,,,,,,,,,,,,,,,,,,,,,,,,,,,,,,,,,,,,,,,,,,,,,,,,,,0,17,123,0,,,0,825.6,,0,0.6000000000000001,9,0,30,0,,,350,825.6,,,,,,,,,,,0,0,62.5,740.5,4.444,,,,,,,,,,,,,
15:05:52.780,,,,0,,,,20,,,,,,,,,23,20,,,,,,,,23,,,,,0,,,,,,,,,,,,,,,,,,,,,,,,,,,,,,,,,,,,,,,,,,,,,,,,,,,,,,,,,,,,,,,,,,,,,,,,,,,,,,,,,,,,
15:05:52.932,13.3,-3.9,740.5,,0,0,25,,22,20,20,21,22,20,20,-2.88795,,,1116.1572222222221,4018166,0,0,5.14236111111111,4.11388888888889,3.85677083333333,,1706.2,1664.2,1274.5,1203.4,,1978,0,0,739,2306,3.84,24,3.84,2,0,1116.15722222222,0,62.5,,,,,,,,,,,,,,,,,,,,,,,,,,,,,,,,,,,,,,,,,,,,,,,,,,,,,,,,,,,,,,,,,,,,-2.88795,,,
15:05:53.078,,,,,,,,,,,,,,,,,,,,,,,,,,,,,,,,,,,,,,,,,,,,,25,25,,,,,,,28,,,,,,,,,,,,,,,,,,,,,,,,,,,,,,,,,,,,,,,,,,,,,,,,,,,,,,,,,,,,,,
15:05:53.168,,,,,,,,,,,,,,,,,,,,,,,,,,,,,,,,,,,,,,,,,,,,,,,26.5,28,30.5,26,27.5,30.5,,25.5,25.5,24,,,,,,,,,,,,,,,,,,,,,,,,,,,,,,,,,,,,,,,,,,,,,,,,,,15.760894365209149,,0.49710378091666674,0.49710378091666674,-8.310393185477588,-12.033125,,,-0.06151252268875296,
15:05:53.408,,,,,,,,,,,,,,,,,,,,,,,,,,,,,,,,,,,,,,,,,,,,,,,,,,,,,,,,,9.120000000000005,85,20,13.807,744.7,33.88,13.998,25,,,,,,,,,,,,,,,,,,,,,,,,,,,,,,,,,,,,,,,,,,,,,,,,,,,
15:05:53.536,,,,,,,,,,,,,,,,,,,,,,,,,,,,,,,,,,,,,,,,,,,,,,,,,,,,,,,,,,,,,,,,,7.2,3,,,,,,,,,,,,,,,,,,,,,,,,,,,,,,,,,,,,,,,,,,,,,,,,,
15:05:53.739,,,,,,,,,,,,,,,,,,,,,,,,,,,,,,,,,,,,,,,,,,,,,,,,,,,,,,,,,,,,,,,,,,,,,,,,,,,,,,,,,,,,,,,,,,,,,,,,,,,,,,,9.96081,13.760294,20,,,,,,,,,,
15:05:54.012,,,,,,,,,,,,,,,,,,,,,,,,,,,,,,,,,,,,,,,,,,,,,,,,,,,,,,,,,,,,,,,,,,,0,0,,,,,26,1,,,0,,,,,,,26,26,,,,,,,,,,,,,,,,,,,,,,,,,,,,,,
15:05:54.188,,,,,,,,,,,,,,,,,,,,,,,,,,,,,,,,,,,,,,,,,,,,,,,,,,,,,,,,,,,,,,,,,,,,,,,,,,,,,,,,,,,,,,,,-50,0,0,0,0,400,0,0,0,0,,,,,,,,,,0,,,,,,0,,
15:05:54.461,,,,,,,,,,,,,,,,,,,,,,,,,,,,,,,,,,,,,,,,,,,,,,,,,,,,,,,,,,,,,,,,,,,,,0,17,123,0,,,0,825.6,,0,0.6000000000000001,9,0,30,0,,,350,825.6,,,,,,,,,,,0,0,62.5,742.4000000000001,4.441,,,,,,,,,,,,,
15:05:54.637,,,,0,,,,20,,,,,,,,,23,20,,,,,,,,23,,,,,0,,,,,,,,,,,,,,,,,,,,,,,,,,,,,,,,,,,,,,,,,,,,,,,,,,,,,,,,,,,,,,,,,,,,,,,,,,,,,,,,,,,,
15:05:54.793,13.3,-21.1,742.4,,0,0,25,,22,20,20,21,22,20,20,-15.66464,,,1116.1577777777777,4018168,0,0,5.15555555555556,4.12444444444444,3.86666666666667,,1706.2,1664.2,1274.5,1203.4,,1407,0,0,741,2306,3.86,24,3.86,64,0,1116.15777777778,0,62.5,,,,,,,,,,,,,,,,,,,,,,,,,,,,,,,,,,,,,,,,,,,,,,,,,,,,,,,,,,,,,,,,,,,,-2.8953599999999997,,,
15:05:54.967,,,,,,,,,,,,,,,,,,,,,,,,,,,,,,,,,,,,,,,,,,,,,25,25,,,,,,,28,,,,,,,,,,,,,,,,,,,,,,,,,,,,,,,,,,,,,,,,,,,,,,,,,,,,,,,,,,,,,,
15:05:55.066,,,,,,,,,,,,,,,,,,,,,,,,,,,,,,,,,,,,,,,,,,,,,,,26.5,28,30.5,26,27.5,30.5,,25.5,25.5,16,,,,,,,,,,,,,,,,,,,,,,,,,,,,,,,,,,,,,,,,,,,,,,,,,,15.764826112702064,,0.5055409453611112,0.5055409453611112,-1.0214087269161627,-97.90400000000001,,,-0.08477203536472828,
15:05:55.330,,,,,,,,,,,,,,,,,,,,,,,,,,,,,,,,,,,,,,,,,,,,,,,,,,,,,,,,,8.600000000000023,85,20,13.782,745.3000000000001,38.49,13.996,25,,,,,,,,,,,,,,,,,,,,,,,,,,,,,,,,,,,,,,,,,,,,,,,,,,,
15:05:55.456,,,,,,,,,,,,,,,,,,,,,,,,,,,,,,,,,,,,,,,,,,,,,,,,,,,,,,,,,,,,,,,,,-2.1,3,,,,,,,,,,,,,,,,,,,,,,,,,,,,,,,,,,,,,,,,,,,,,,,,,
15:05:55.662,,,,,,,,,,,,,,,,,,,,,,,,,,,,,,,,,,,,,,,,,,,,,,,,,,,,,,,,,,,,,,,,,,,,,,,,,,,,,,,,,,,,,,,,,,,,,,,,,,,,,,,0,13.740762,12,,,,,,,,,,
15:05:55.929,,,,,,,,,,,,,,,,,,,,,,,,,,,,,,,,,,,,,,,,,,,,,,,,,,,,,,,,,,,,,,,,,,,0,0,,,,,26,1,,,0,,,,,,,26,26,,,,,,,,,,,,,,,,,,,,,,,,,,,,,,
15:05:56.108,,,,,,,,,,,,,,,,,,,,,,,,,,,,,,,,,,,,,,,,,,,,,,,,,,,,,,,,,,,,,,,,,,,,,,,,,,,,,,,,,,,,,,,,-50,0,0,0,0,400,0,0,0,0,,,,,,,,,,0,,,,,,0,,
15:05:56.384,,,,,,,,,,,,,,,,,,,,,,,,,,,,,,,,,,,,,,,,,,,,,,,,,,,,,,,,,,,,,,,,,,,,,0,17,123,0,,,0,825.6,,0,0.6000000000000001,9,0,30,0,,,350,825.6,,,,,,,,,,,0,0,62.5,741.6,4.444,,,,,,,,,,,,,
15:05:56.556,,,,0,,,,20,,,,,,,,,23,20,,,,,,,,23,,,,,0,,,,,,,,,,,,,,,,,,,,,,,,,,,,,,,,,,,,,,,,,,,,,,,,,,,,,,,,,,,,,,,,,,,,,,,,,,,,,,,,,,,,
15:05:56.708,13.3,-7.2,741.2,,0,0,25,,22,20,20,21,22,20,20,-5.33664,,,1116.1583333333333,4018170,0,0,5.14722222222222,4.11777777777778,3.86041666666667,,1706.2,1664.2,1274.5,1203.4,,599,0,0,740,2306,3.86,23,3.84,61,0,1116.15833333333,0,62.5,,,,,,,,,,,,,,,,,,,,,,,,,,,,,,,,,,,,,,,,,,,,,,,,,,,,,,,,,,,,,,,,,,,,-5.33664,,,
15:05:56.857,,,,,,,,,,,,,,,,,,,,,,,,,,,,,,,,,,,,,,,,,,,,,25,25,,,,,,,28,,,,,,,,,,,,,,,,,,,,,,,,,,,,,,,,,,,,,,,,,,,,,,,,,,,,,,,,,,,,,,
15:05:56.946,,,,,,,,,,,,,,,,,,,,,,,,,,,,,,,,,,,,,,,,,,,,,,,26.5,28,30.5,26,27.5,30.5,,25.5,25.5,6,,,,,,,,,,,,,,,,,,,,,,,,,,,,,,,,,,,,,,,,,,,,,,,,,,15.608360014936553,,0.5086741645277778,0.5086741645277778,-1.124302932182047,-88.944,,,-0.09669006075628062,
15:05:57.157,,,,,,,,,,,,,,,,,,,,,,,,,,,,,,,,,,,,,,,,,,,,,,,,,,,,,,,,,8.629999999999995,85,20,13.783000000000001,744.2,38.38,14.014,25,,,,,,,,,,,,,,,,,,,,,,,,,,,,,,,,,,,,,,,,,,,,,,,,,,,
15:05:57.289,,,,,,,,,,,,,,,,,,,,,,,,,,,,,,,,,,,,,,,,,,,,,,,,,,,,,,,,,,,,,,,,,-5.5,3,,,,,,,,,,,,,,,,,,,,,,,,,,,,,,,,,,,,,,,,,,,,,,,,,
15:05:57.492,,,,,,,,,,,,,,,,,,,,,,,,,,,,,,,,,,,,,,,,,,,,,,,,,,,,,,,,,,,,,,,,,,,,,,,,,,,,,,,,,,,,,,,,,,,,,,,,,,,,,,,29.68712,13.7495514,4.15625,,,,,,,,,,
15:05:57.758,,,,,,,,,,,,,,,,,,,,,,,,,,,,,,,,,,,,,,,,,,,,,,,,,,,,,,,,,,,,,,,,,,,0,0,,,,,26,1,,,0,,,,,,,26,26,,,,,,,,,,,,,,,,,,,,,,,,,,,,,,
15:05:57.941,,,,,,,,,,,,,,,,,,,,,,,,,,,,,,,,,,,,,,,,,,,,,,,,,,,,,,,,,,,,,,,,,,,,,,,,,,,,,,,,,,,,,,,,-50,0,0,0,0,400,0,0,0,0,,,,,,,,,,0,,,,,,0,,
15:05:58.209,,,,,,,,,,,,,,,,,,,,,,,,,,,,,,,,,,,,,,,,,,,,,,,,,,,,,,,,,,,,,,,,,,,,,0,17,123,0,,,0,825.6,,0,0.6000000000000001,9,0,30,0,,,350,825.6,,,,,,,,,,,0,0,62.5,740.3000000000001,4.444,,,,,,,,,,,,,
15:05:58.387,,,,0,,,,20,,,,,,,,,23,20,,,,,,,,23,,,,,0,,,,,,,,,,,,,,,,,,,,,,,,,,,,,,,,,,,,,,,,,,,,,,,,,,,,,,,,,,,,,,,,,,,,,,,,,,,,,,,,,,,,
15:05:58.537,13.3,7.3,739.7,,0,0,25,,22,20,20,21,22,20,20,5.39981,,,1116.158888888889,4018172,0,0,5.13680555555556,4.10944444444444,3.85260416666667,,1706.2,1664.2,1274.5,1203.4,,424,0,0,738,2320,3.84,24,3.84,64,0,1116.15888888889,0,62.5,,,,,,,,,,,,,,,,,,,,,,,,,,,,,,,,,,,,,,,,,,,,,,,,,,,,,,,,,,,,,,,,,,,,-5.32584,,,
15:05:58.716,,,,,,,,,,,,,,,,,,,,,,,,,,,,,,,,,,,,,,,,,,,,,25,25,,,,,,,28,,,,,,,,,,,,,,,,,,,,,,,,,,,,,,,,,,,,,,,,,,,,,,,,,,,,,,,,,,,,,,
15:05:58.816,,,,,,,,,,,,,,,,,,,,,,,,,,,,,,,,,,,,,,,,,,,,,,,26.5,28,30.5,26,27.5,30.5,,25,25,6,,,,,,,,,,,,,,,,,,,,,,,,,,,,,,,,,,,,,,,,,,,,,,,,,,15.45762800381762,,0.5117905811944444,0.5117905811944444,1.1111502071369177,89.99683333333334,,,-0.07577152742671146,
15:05:59.016,,,,,,,,,,,,,,,,,,,,,,,,,,,,,,,,,,,,,,,,,,,,,,,,,,,,,,,,,9.150000000000034,85,20,13.806000000000001,742.8000000000001,33.83,13.999,25,,,,,,,,,,,,,,,,,,,,,,,,,,,,,,,,,,,,,,,,,,,,,,,,,,,
15:05:59.136,,,,,,,,,,,,,,,,,,,,,,,,,,,,,,,,,,,,,,,,,,,,,,,,,,,,,,,,,,,,,,,,,10.4,3,,,,,,,,,,,,,,,,,,,,,,,,,,,,,,,,,,,,,,,,,,,,,,,,,
15:05:59.349,,,,,,,,,,,,,,,,,,,,,,,,,,,,,,,,,,,,,,,,,,,,,,,,,,,,,,,,,,,,,,,,,,,,,,,,,,,,,,,,,,,,,,,,,,,,,,,,,,,,,,,60.93672000000001,13.7695717,8.78125,,,,,,,,,,
15:05:59.647,,,,,,,,,,,,,,,,,,,,,,,,,,,,,,,,,,,,,,,,,,,,,,,,,,,,,,,,,,,,,,,,,,,0,0,,,,,26,1,,,0,,,,,,,26,26,,,,,,,,,,,,,,,,,,,,,,,,,,,,,,
15:05:59.828,,,,,,,,,,,,,,,,,,,,,,,,,,,,,,,,,,,,,,,,,,,,,,,,,,,,,,,,,,,,,,,,,,,,,,,,,,,,,,,,,,,,,,,,-50,0,0,0,0,400,0,0,0,0,,,,,,,,,,0,,,,,,0,,
15:06:00.096,,,,,,,,,,,,,,,,,,,,,,,,,,,,,,,,,,,,,,,,,,,,,,,,,,,,,,,,,,,,,,,,,,,,,0,17,123,0,,,0,825.6,,0,0.6000000000000001,9,0,30,0,,,350,825.6,,,,,,,,,,,0,0,62.5,738.6,4.443,,,,,,,,,,,,,
15:06:00.279,,,,0,,,,20,,,,,,,,,23,20,,,,,,,,23,,,,,0,,,,,,,,,,,,,,,,,,,,,,,,,,,,,,,,,,,,,,,,,,,,,,,,,,,,,,,,,,,,,,,,,,,,,,,,,,,,,,,,,,,,
15:06:00.431,13.3,20.5,738.3,,0,0,25,,22,20,20,21,22,20,20,15.13515,,,1116.1594444444445,4018174,0,0,5.12708333333333,4.10166666666667,3.8453125,,1706.2,1664.2,1274.5,1203.4,,1116,0,0,737,2320,3.84,22,3.84,61,0,1116.15944444444,0,62.5,,,,,,,,,,,,,,,,,,,,,,,,,,,,,,,,,,,,,,,,,,,,,,,,,,,,,,,,,,,,,,,,,,,,5.389589999999999,,,
15:06:00.586,,,,,,,,,,,,,,,,,,,,,,,,,,,,,,,,,,,,,,,,,,,,,25,25,,,,,,,28,,,,,,,,,,,,,,,,,,,,,,,,,,,,,,,,,,,,,,,,,,,,,,,,,,,,,,,,,,,,,,
15:06:00.666,,,,,,,,,,,,,,,,,,,,,,,,,,,,,,,,,,,,,,,,,,,,,,,26.5,28,30.5,26,27.5,30.5,,25,25,15,,,,,,,,,,,,,,,,,,,,,,,,,,,,,,,,,,,,,,,,,,,,,,,,,,15.45063208904936,,0.519500721611111,0.519500721611111,0.9910704551986601,100.901,,,,
15:06:00.877,,,,,,,,,,,,,,,,,,,,,,,,,,,,,,,,,,,,,,,,,,,,,,,,,,,,,,,,,9.079999999999984,85,20,13.804,741.3000000000001,33.91,14.003,25,,,,,,,,,,,,,,,,,,,,,,,,,,,,,,,,,,,,,,,,,,,,,,,,,,,
15:06:01.005,,,,,,,,,,,,,,,,,,,,,,,,,,,,,,,,,,,,,,,,,,,,,,,,,,,,,,,,,,,,,,,,,-9,3,,,,,,,,,,,,,,,,,,,,,,,,,,,,,,,,,,,,,,,,,,,,,,,,,
15:06:01.207,,,,,,,,,,,,,,,,,,,,,,,,,,,,,,,,,,,,,,,,,,,,,,,,,,,,,,,,,,,,,,,,,,,,,,,,,,,,,,,,,,,,,,,,,,,,,,,,,,,,,,,60.93672000000001,13.770548300000002,17.265625,,,,,,,,,,
15:06:01.477,,,,,,,,,,,,,,,,,,,,,,,,,,,,,,,,,,,,,,,,,,,,,,,,,,,,,,,,,,,,,,,,,,,0,0,,,,,26,1,,,0,,,,,,,26,26,,,,,,,,,,,,,,,,,,,,,,,,,,,,,,
15:06:01.658,,,,,,,,,,,,,,,,,,,,,,,,,,,,,,,,,,,,,,,,,,,,,,,,,,,,,,,,,,,,,,,,,,,,,,,,,,,,,,,,,,,,,,,,-50,0,0,0,0,400,0,0,0,0,,,,,,,,,,0,,,,,,0,,
15:06:01.924,,,,,,,,,,,,,,,,,,,,,,,,,,,,,,,,,,,,,,,,,,,,,,,,,,,,,,,,,,,,,,,,,,,,,0,17,123,0,,,0,825.6,,0,0.6000000000000001,9,0,30,0,,,350,825.6,,,,,,,,,,,0,0,62.5,737.4000000000001,4.443,,,,,,,,,,,,,
15:06:02.106,,,,0,,,,20,,,,,,,,,23,20,,,,,,,,23,,,,,0,,,,,,,,,,,,,,,,,,,,,,,,,,,,,,,,,,,,,,,,,,,,,,,,,,,,,,,,,,,,,,,,,,,,,,,,,,,,,,,,,,,,
15:06:02.258,13.3,30.5,737,,0,0,25,,22,20,20,21,22,20,20,22.4785,,,1116.16,4018176,0,0,5.11805555555556,4.09444444444444,3.83854166666667,,1706.2,1664.2,1274.5,1203.4,,1775,0,0,735,2320,3.84,24,3.82,61,0,1116.16,0,62.5,,,,,,,,,,,,,,,,,,,,,,,,,,,,,,,,,,,,,,,,,,,,,,,,,,,,,,,,,,,,,,,,,,,,15.1085,,,
15:06:02.410,,,,,,,,,,,,,,,,,,,,,,,,,,,,,,,,,,,,,,,,,,,,,25,25,,,,,,,28,,,,,,,,,,,,,,,,,,,,,,,,,,,,,,,,,,,,,,,,,,,,,,,,,,,,,,,,,,,,,,
15:06:02.526,,,,,,,,,,,,,,,,,,,,,,,,,,,,,,,,,,,,,,,,,,,,,,,26.5,28,30.5,26,27.5,30.5,,25,25,23,,,,,,,,,,,,,,,,,,,,,,,,,,,,,,,,,,,,,,,,,,,,,,,,,,15.564874574685746,,0.5313831866944444,0.5313831866944444,1.023199946615655,97.73260869565217,,,,
15:06:02.798,,,,,,,,,,,,,,,,,,,,,,,,,,,,,,,,,,,,,,,,,,,,,,,,,,,,,,,,,9.050000000000011,85,20,13.806000000000001,740.3000000000001,34.04,14.014,25,,,,,,,,,,,,,,,,,,,,,,,,,,,,,,,,,,,,,,,,,,,,,,,,,,,
15:06:02.925,,,,,,,,,,,,,,,,,,,,,,,,,,,,,,,,,,,,,,,,,,,,,,,,,,,,,,,,,,,,,,,,,-6,3,,,,,,,,,,,,,,,,,,,,,,,,,,,,,,,,,,,,,,,,,,,,,,,,,
15:06:03.127,,,,,,,,,,,,,,,,,,,,,,,,,,,,,,,,,,,,,,,,,,,,,,,,,,,,,,,,,,,,,,,,,,,,,,,,,,,,,,,,,,,,,,,,,,,,,,,,,,,,,,,60.1066525,13.761270600000001,25.875,,,,,,,,,,
15:06:03.429,,,,,,,,,,,,,,,,,,,,,,,,,,,,,,,,,,,,,,,,,,,,,,,,,,,,,,,,,,,,,,,,,,,0,0,,,,,26,1,,,0,,,,,,,26,26,,,,,,,,,,,,,,,,,,,,,,,,,,,,,,
15:06:03.607,,,,,,,,,,,,,,,,,,,,,,,,,,,,,,,,,,,,,,,,,,,,,,,,,,,,,,,,,,,,,,,,,,,,,,,,,,,,,,,,,,,,,,,,-50,0,0,0,0,400,0,0,0,0,,,,,,,,,,0,,,,,,0,,
15:06:03.882,,,,,,,,,,,,,,,,,,,,,,,,,,,,,,,,,,,,,,,,,,,,,,,,,,,,,,,,,,,,,,,,,,,,,0,17,123,0,,,0,825.6,,0,0.6000000000000001,9,0,30,0,,,350,825.6,,,,,,,,,,,0,0,62.5,736.4000000000001,4.442,,,,,,,,,,,,,
15:06:04.061,,,,0,,,,20,,,,,,,,,23,20,,,,,,,,23,,,,,0,,,,,,,,,,,,,,,,,,,,,,,,,,,,,,,,,,,,,,,,,,,,,,,,,,,,,,,,,,,,,,,,,,,,,,,,,,,,,,,,,,,,
15:06:04.240,13.3,31.7,736.5,,0,0,25,,22,20,20,21,22,20,20,23.34705,,,1116.1605555555554,4018178,0,0,5.11458333333333,4.09166666666667,3.8359375,,1706.2,1664.2,1274.5,1203.4,,2381,0,0,735,2320,3.82,24,3.82,64,0,1116.16055555556,0,62.5,,,,,,,,,,,,,,,,,,,,,,,,,,,,,,,,,,,,,,,,,,,,,,,,,,,,,,,,,,,,,,,,,,,,23.34705,,,
15:06:04.415,,,,,,,,,,,,,,,,,,,,,,,,,,,,,,,,,,,,,,,,,,,,,25,25,,,,,,,28,,,,,,,,,,,,,,,,,,,,,,,,,,,,,,,,,,,,,,,,,,,,,,,,,,,,,,,,,,,,,,
15:06:04.506,,,,,,,,,,,,,,,,,,,,,,,,,,,,,,,,,,,,,,,,,,,,,,,26.5,28,30.5,26,27.5,30.5,,25,25,31,,,,,,,,,,,,,,,,,,,,,,,,,,,,,,,,,,,,,,,,,,,,,,,,,,15.809570730309167,,0.5484315015,0.5484315015,1.3277908772200342,75.31306451612903,,,0.09366850510133885,
15:06:04.725,,,,,,,,,,,,,,,,,,,,,,,,,,,,,,,,,,,,,,,,,,,,,,,,,,,,,,,,,9,85,20,13.804,740.3000000000001,34.16,14.009,25,,,,,,,,,,,,,,,,,,,,,,,,,,,,,,,,,,,,,,,,,,,,,,,,,,,
15:06:04.836,,,,,,,,,,,,,,,,,,,,,,,,,,,,,,,,,,,,,,,,,,,,,,,,,,,,,,,,,,,,,,,,,6,3,,,,,,,,,,,,,,,,,,,,,,,,,,,,,,,,,,,,,,,,,,,,,,,,,
15:06:05.047,,,,,,,,,,,,,,,,,,,,,,,,,,,,,,,,,,,,,,,,,,,,,,,,,,,,,,,,,,,,,,,,,,,,,,,,,,,,,,,,,,,,,,,,,,,,,,,,,,,,,,,44.4818525,13.770548300000002,32,,,,,,,,,,
15:06:05.319,,,,,,,,,,,,,,,,,,,,,,,,,,,,,,,,,,,,,,,,,,,,,,,,,,,,,,,,,,,,,,,,,,,0,0,,,,,26,1,,,0,,,,,,,26,26,,,,,,,,,,,,,,,,,,,,,,,,,,,,,,
15:06:05.499,,,,,,,,,,,,,,,,,,,,,,,,,,,,,,,,,,,,,,,,,,,,,,,,,,,,,,,,,,,,,,,,,,,,,,,,,,,,,,,,,,,,,,,,-50,0,0,0,0,400,0,0,0,0,,,,,,,,,,0,,,,,,0,,
15:06:05.772,,,,,,,,,,,,,,,,,,,,,,,,,,,,,,,,,,,,,,,,,,,,,,,,,,,,,,,,,,,,,,,,,,,,,0,17,123,0,,,0,825.6,,0,0.6000000000000001,9,0,30,0,,,350,825.6,,,,,,,,,,,0,0,62.5,737.4000000000001,4.444,,,,,,,,,,,,,
15:06:05.946,,,,0,,,,20,,,,,,,,,23,20,,,,,,,,23,,,,,0,,,,,,,,,,,,,,,,,,,,,,,,,,,,,,,,,,,,,,,,,,,,,,,,,,,,,,,,,,,,,,,,,,,,,,,,,,,,,,,,,,,,
15:06:06.097,13.3,22.5,737.3,,0,0,25,,22,20,20,21,22,20,20,16.58925,,,1116.161111111111,4018180,0,0,5.12013888888889,4.09611111111111,3.84010416666667,,1706.2,1664.2,1274.5,1203.5,,2625,0,0,736,2320,3.84,23,3.82,150,0,1116.16111111111,0,62,,,,,,,,,,,,,,,,,,,,,,,,,,,,,,,,,,,,,,,,,,,,,,,,,,,,,,,,,,,,,,,,,,,,16.58925,,,
15:06:06.248,,,,,,,,,,,,,,,,,,,,,,,,,,,,,,,,,,,,,,,,,,,,,25,25,,,,,,,28,,,,,,,,,,,,,,,,,,,,,,,,,,,,,,,,,,,,,,,,,,,,,,,,,,,,,,,,,,,,,,
15:06:06.369,,,,,,,,,,,,,,,,,,,,,,,,,,,,,,,,,,,,,,,,,,,,,,,26.5,28,30.5,26,27.5,30.5,,25,25,33,,,,,,,,,,,,,,,,,,,,,,,,,,,,,,,,,,,,,,,,,,,,,,,,,,16.062313413819197,,0.5655135729166666,0.5655135729166666,1.9892400198924003,50.27045454545454,,,0.10124734101900836,
15:06:06.578,,,,,,,,,,,,,,,,,,,,,,,,,,,,,,,,,,,,,,,,,,,,,,,,,,,,,,,,,8.970000000000027,85,20,13.804,740.9000000000001,34.55,14.003,25,,,,,,,,,,,,,,,,,,,,,,,,,,,,,,,,,,,,,,,,,,,,,,,,,,,
15:06:06.706,,,,,,,,,,,,,,,,,,,,,,,,,,,,,,,,,,,,,,,,,,,,,,,,,,,,,,,,,,,,,,,,,-1.5,3,,,,,,,,,,,,,,,,,,,,,,,,,,,,,,,,,,,,,,,,,,,,,,,,,
15:06:06.907,,,,,,,,,,,,,,,,,,,,,,,,,,,,,,,,,,,,,,,,,,,,,,,,,,,,,,,,,,,,,,,,,,,,,,,,,,,,,,,,,,,,,,,,,,,,,,,,,,,,,,,43.847094999999996,13.770548300000002,33.96875,,,,,,,,,,
15:06:07.178,,,,,,,,,,,,,,,,,,,,,,,,,,,,,,,,,,,,,,,,,,,,,,,,,,,,,,,,,,,,,,,,,,,0,0,,,,,26,1,,,0,,,,,,,26,26,,,,,,,,,,,,,,,,,,,,,,,,,,,,,,
15:06:07.362,,,,,,,,,,,,,,,,,,,,,,,,,,,,,,,,,,,,,,,,,,,,,,,,,,,,,,,,,,,,,,,,,,,,,,,,,,,,,,,,,,,,,,,,-50,0,0,0,0,400,0,0,0,0,,,,,,,,,,0,,,,,,0,,
15:06:07.660,,,,,,,,,,,,,,,,,,,,,,,,,,,,,,,,,,,,,,,,,,,,,,,,,,,,,,,,,,,,,,,,,,,,,0,17,123,0,,,0,825.6,,0,0.6000000000000001,9,0,30,0,,,350,825.6,,,,,,,,,,,0,0,62.5,737.2,4.444,,,,,,,,,,,,,
15:06:07.838,,,,0,,,,20,,,,,,,,,23,20,,,,,,,,23,,,,,0,,,,,,,,,,,,,,,,,,,,,,,,,,,,,,,,,,,,,,,,,,,,,,,,,,,,,,,,,,,,,,,,,,,,,,,,,,,,,,,,,,,,
15:06:07.989,13.3,22.2,737.2,,0,0,25,,22,20,20,21,22,20,20,16.36584,,,1116.161388888889,4018181,0,0,5.11944444444444,4.09555555555556,3.83958333333333,,1706.2,1664.2,1274.5,1203.5,,2783,0,0,736,2306,3.84,24,3.82,64,0,1116.16138888889,0,62,,,,,,,,,,,,,,,,,,,,,,,,,,,,,,,,,,,,,,,,,,,,,,,,,,,,,,,,,,,,,,,,,,,,16.587,,,
15:06:08.166,,,,,,,,,,,,,,,,,,,,,,,,,,,,,,,,,,,,,,,,,,,,,25,25,,,,,,,28,,,,,,,,,,,,,,,,,,,,,,,,,,,,,,,,,,,,,,,,,,,,,,,,,,,,,,,,,,,,,,
15:06:08.287,,,,,,,,,,,,,,,,,,,,,,,,,,,,,,,,,,,,,,,,,,,,,,,26.5,28,30.5,26,27.5,30.5,,25,25,35,,,,,,,,,,,,,,,,,,,,,,,,,,,,,,,,,,,,,,,,,,,,,,,,,,16.344543458789232,,0.5841558941666666,0.5841558941666666,2.1386008906356166,46.759542857142854,,,0.0743371881781632,
15:06:08.496,,,,,,,,,,,,,,,,,,,,,,,,,,,,,,,,,,,,,,,,,,,,,,,,,,,,,,,,,8.980000000000018,85,20,13.807,740.9000000000001,33.53,13.992,25,,,,,,,,,,,,,,,,,,,,,,,,,,,,,,,,,,,,,,,,,,,,,,,,,,,
15:06:08.625,,,,,,,,,,,,,,,,,,,,,,,,,,,,,,,,,,,,,,,,,,,,,,,,,,,,,,,,,,,,,,,,,11.700000000000001,3,,,,,,,,,,,,,,,,,,,,,,,,,,,,,,,,,,,,,,,,,,,,,,,,,
15:06:08.833,,,,,,,,,,,,,,,,,,,,,,,,,,,,,,,,,,,,,,,,,,,,,,,,,,,,,,,,,,,,,,,,,,,,,,,,,,,,,,,,,,,,,,,,,,,,,,,,,,,,,,,37.499520000000004,13.7695717,32,,,,,,,,,,
15:06:09.098,,,,,,,,,,,,,,,,,,,,,,,,,,,,,,,,,,,,,,,,,,,,,,,,,,,,,,,,,,,,,,,,,,,0,0,,,,,26,1,,,0,,,,,,,26,26,,,,,,,,,,,,,,,,,,,,,,,,,,,,,,
15:06:09.279,,,,,,,,,,,,,,,,,,,,,,,,,,,,,,,,,,,,,,,,,,,,,,,,,,,,,,,,,,,,,,,,,,,,,,,,,,,,,,,,,,,,,,,,-50,0,0,0,0,400,0,0,0,0,,,,,,,,,,0,,,,,,0,,
15:06:09.550,,,,,,,,,,,,,,,,,,,,,,,,,,,,,,,,,,,,,,,,,,,,,,,,,,,,,,,,,,,,,,,,,,,,,0,17,123,0,,,0,825.6,,0,0.6000000000000001,9,0,30,0,,,350,825.6,,,,,,,,,,,0,0,62.5,738.3000000000001,4.444,,,,,,,,,,,,,
15:06:09.728,,,,0,,,,20,,,,,,,,,23,20,,,,,,,,23,,,,,0,,,,,,,,,,,,,,,,,,,,,,,,,,,,,,,,,,,,,,,,,,,,,,,,,,,,,,,,,,,,,,,,,,,,,,,,,,,,,,,,,,,,
15:06:09.882,13.3,1.7,739.1,,0,0,25,,22,20,20,21,22,20,20,1.25647,,,1116.1619444444445,4018183,0,0,5.13263888888889,4.10611111111111,3.84947916666667,,1706.2,1664.2,1274.5,1203.5,,2794,0,0,738,2306,3.84,22,3.84,78,0,1116.16194444444,0,62,,,,,,,,,,,,,,,,,,,,,,,,,,,,,,,,,,,,,,,,,,,,,,,,,,,,,,,,,,,,,,,,,,,,16.40802,,,
15:06:10.026,,,,,,,,,,,,,,,,,,,,,,,,,,,,,,,,,,,,,,,,,,,,,25,25,,,,,,,28,,,,,,,,,,,,,,,,,,,,,,,,,,,,,,,,,,,,,,,,,,,,,,,,,,,,,,,,,,,,,,
15:06:10.118,,,,,,,,,,,,,,,,,,,,,,,,,,,,,,,,,,,,,,,,,,,,,,,26.5,28,30.5,26,27.5,30.5,,25,25,35,,,,,,,,,,,,,,,,,,,,,,,,,,,,,,,,,,,,,,,,,,,,,,,,,,16.60625968844581,,0.6019544509722221,0.6019544509722221,27.855818284559124,3.5899142857142854,,,0.044774533946991046,
15:06:10.332,,,,,,,,,,,,,,,,,,,,,,,,,,,,,,,,,,,,,,,,,,,,,,,,,,,,,,,,,8.980000000000018,85,20,13.808,744,33.61,13.996,25,,,,,,,,,,,,,,,,,,,,,,,,,,,,,,,,,,,,,,,,,,,,,,,,,,,
15:06:10.445,,,,,,,,,,,,,,,,,,,,,,,,,,,,,,,,,,,,,,,,,,,,,,,,,,,,,,,,,,,,,,,,,26.900000000000002,3,,,,,,,,,,,,,,,,,,,,,,,,,,,,,,,,,,,,,,,,,,,,,,,,,
15:06:10.659,,,,,,,,,,,,,,,,,,,,,,,,,,,,,,,,,,,,,,,,,,,,,,,,,,,,,,,,,,,,,,,,,,,,,,,,,,,,,,,,,,,,,,,,,,,,,,,,,,,,,,,21.581755,13.770548300000002,32,,,,,,,,,,
15:06:10.929,,,,,,,,,,,,,,,,,,,,,,,,,,,,,,,,,,,,,,,,,,,,,,,,,,,,,,,,,,,,,,,,,,,0,0,,,,,26,1,,,0,,,,,,,26,26,,,,,,,,,,,,,,,,,,,,,,,,,,,,,,
15:06:11.108,,,,,,,,,,,,,,,,,,,,,,,,,,,,,,,,,,,,,,,,,,,,,,,,,,,,,,,,,,,,,,,,,,,,,,,,,,,,,,,,,,,,,,,,-50,0,0,0,0,400,0,0,0,0,,,,,,,,,,0,,,,,,0,,
15:06:11.382,,,,,,,,,,,,,,,,,,,,,,,,,,,,,,,,,,,,,,,,,,,,,,,,,,,,,,,,,,,,,,,,,,,,,0,17,123,0,,,0,825.6,,0,0.6000000000000001,9,0,30,0,,,350,825.6,,,,,,,,,,,0,0,62.5,740.9000000000001,4.444,,,,,,,,,,,,,
15:06:11.557,,,,0,,,,20,,,,,,,,,23,20,,,,,,,,23,,,,,0,,,,,,,,,,,,,,,,,,,,,,,,,,,,,,,,,,,,,,,,,,,,,,,,,,,,,,,,,,,,,,,,,,,,,,,,,,,,,,,,,,,,
15:06:11.708,13.3,-15.3,741,,0,0,25,,22,20,20,21,22,20,20,-11.3373,,,1116.1625,4018185,0,0,5.14583333333333,4.11666666666667,3.859375,,1706.2,1664.2,1274.5,1203.5,,2513,0,0,740,2306,3.86,24,3.84,61,0,1116.1625,0,62,,,,,,,,,,,,,,,,,,,,,,,,,,,,,,,,,,,,,,,,,,,,,,,,,,,,,,,,,,,,,,,,,,,,1.2597,,,
15:06:11.857,,,,,,,,,,,,,,,,,,,,,,,,,,,,,,,,,,,,,,,,,,,,,25,25,,,,,,,28,,,,,,,,,,,,,,,,,,,,,,,,,,,,,,,,,,,,,,,,,,,,,,,,,,,,,,,,,,,,,,
15:06:11.946,,,,,,,,,,,,,,,,,,,,,,,,,,,,,,,,,,,,,,,,,,,,,,,26.5,28,30.5,26,27.5,30.5,,25,25,31,,,,,,,,,,,,,,,,,,,,,,,,,,,,,,,,,,,,,,,,,,,,,,,,,,16.80518381867215,,0.6177019437777777,0.6177019437777777,-2.7343370996621768,-36.57193548387097,,,,
15:06:12.158,,,,,,,,,,,,,,,,,,,,,,,,,,,,,,,,,,,,,,,,,,,,,,,,,,,,,,,,,8.949999999999989,85,20,13.808,744.7,33.32,13.996,25,,,,,,,,,,,,,,,,,,,,,,,,,,,,,,,,,,,,,,,,,,,,,,,,,,,
15:06:12.307,,,,,,,,,,,,,,,,,,,,,,,,,,,,,,,,,,,,,,,,,,,,,,,,,,,,,,,,,,,,,,,,,15,3,,,,,,,,,,,,,,,,,,,,,,,,,,,,,,,,,,,,,,,,,,,,,,,,,
15:06:12.518,,,,,,,,,,,,,,,,,,,,,,,,,,,,,,,,,,,,,,,,,,,,,,,,,,,,,,,,,,,,,,,,,,,,,,,,,,,,,,,,,,,,,,,,,,,,,,,,,,,,,,,20.214585000000003,13.770548300000002,28,,,,,,,,,,
15:06:12.788,,,,,,,,,,,,,,,,,,,,,,,,,,,,,,,,,,,,,,,,,,,,,,,,,,,,,,,,,,,,,,,,,,,0,0,,,,,26,1,,,0,,,,,,,26,26,,,,,,,,,,,,,,,,,,,,,,,,,,,,,,
15:06:12.971,,,,,,,,,,,,,,,,,,,,,,,,,,,,,,,,,,,,,,,,,,,,,,,,,,,,,,,,,,,,,,,,,,,,,,,,,,,,,,,,,,,,,,,,-50,0,0,0,0,400,0,0,0,0,,,,,,,,,,0,,,,,,0,,
15:06:13.245,,,,,,,,,,,,,,,,,,,,,,,,,,,,,,,,,,,,,,,,,,,,,,,,,,,,,,,,,,,,,,,,,,,,,0,17,123,0,,,0,825.6,,0,0.6000000000000001,9,0,30,0,,,350,825.6,,,,,,,,,,,0,0,62.5,741.8000000000001,4.443,,,,,,,,,,,,,
15:06:13.417,,,,0,,,,20,,,,,,,,,23,20,,,,,,,,23,,,,,0,,,,,,,,,,,,,,,,,,,,,,,,,,,,,,,,,,,,,,,,,,,,,,,,,,,,,,,,,,,,,,,,,,,,,,,,,,,,,,,,,,,,
15:06:13.568,13.3,-29.1,742.6,,0,0,25,,22,20,20,21,22,20,20,-21.60966,,,1116.1630555555555,4018187,0,0,5.15694444444444,4.12555555555556,3.86770833333333,,1706.2,1664.2,1274.5,1203.5,,2082,0,0,741,2306,3.86,23,3.86,64,0,1116.16305555556,0,62,,,,,,,,,,,,,,,,,,,,,,,,,,,,,,,,,,,,,,,,,,,,,,,,,,,,,,,,,,,,,,,,,,,,-21.609660000000005,,,
15:06:13.718,,,,,,,,,,,,,,,,,,,,,,,,,,,,,,,,,,,,,,,,,,,,,25,25,,,,,,,28,,,,,,,,,,,,,,,,,,,,,,,,,,,,,,,,,,,,,,,,,,,,,,,,,,,,,,,,,,,,,,
15:06:13.817,,,,,,,,,,,,,,,,,,,,,,,,,,,,,,,,,,,,,,,,,,,,,,,26.5,28,30.5,26,27.5,30.5,,25,25,25,,,,,,,,,,,,,,,,,,,,,,,,,,,,,,,,,,,,,,,,,,,,,,,,,,16.919394927501074,,0.6306898750277776,0.6306898750277776,-1.1568900204815808,-86.43864,,,-0.0304276846390605,
15:06:14.016,,,,,,,,,,,,,,,,,,,,,,,,,,,,,,,,,,,,,,,,,,,,,,,,,,,,,,,,,8.230000000000018,85,20,13.777000000000001,745.5,40.31,14.017,25,,,,,,,,,,,,,,,,,,,,,,,,,,,,,,,,,,,,,,,,,,,,,,,,,,,
15:06:14.145,,,,,,,,,,,,,,,,,,,,,,,,,,,,,,,,,,,,,,,,,,,,,,,,,,,,,,,,,,,,,,,,,27.1,3,,,,,,,,,,,,,,,,,,,,,,,,,,,,,,,,,,,,,,,,,,,,,,,,,
15:06:14.380,,,,,,,,,,,,,,,,,,,,,,,,,,,,,,,,,,,,,,,,,,,,,,,,,,,,,,,,,,,,,,,,,,,,,,,,,,,,,,,,,,,,,,,,,,,,,,,,,,,,,,,7.128815,13.7593174,20,,,,,,,,,,
15:06:14.677,,,,,,,,,,,,,,,,,,,,,,,,,,,,,,,,,,,,,,,,,,,,,,,,,,,,,,,,,,,,,,,,,,,0,0,,,,,26,1,,,0,,,,,,,26,26,,,,,,,,,,,,,,,,,,,,,,,,,,,,,,
15:06:14.860,,,,,,,,,,,,,,,,,,,,,,,,,,,,,,,,,,,,,,,,,,,,,,,,,,,,,,,,,,,,,,,,,,,,,,,,,,,,,,,,,,,,,,,,-50,0,0,0,0,400,0,0,0,0,,,,,,,,,,0,,,,,,0,,
15:06:15.165,,,,,,,,,,,,,,,,,,,,,,,,,,,,,,,,,,,,,,,,,,,,,,,,,,,,,,,,,,,,,,,,,,,,,0,17,123,0,,,0,825.6,,0,0.6000000000000001,9,0,30,0,,,350,825.6,,,,,,,,,,,0,0,62.5,741.9000000000001,4.444,,,,,,,,,,,,,
15:06:15.339,,,,0,,,,20,,,,,,,,,23,20,,,,,,,,23,,,,,0,,,,,,,,,,,,,,,,,,,,,,,,,,,,,,,,,,,,,,,,,,,,,,,,,,,,,,,,,,,,,,,,,,,,,,,,,,,,,,,,,,,,
15:06:15.488,13.3,-19.1,741.9,,0,0,25,,22,20,20,21,22,20,20,-14.17029,,,1116.163611111111,4018189,0,0,5.15208333333333,4.12166666666667,3.8640625,,1706.3,1664.2,1274.5,1203.5,,1515,0,0,741,2310,3.86,24,3.86,61,0,1116.16361111111,0,62,,,,,,,,,,,,,,,,,,,,,,,,,,,,,,,,,,,,,,,,,,,,,,,,,,,,,,,,,,,,,,,,,,,,-21.589290000000002,,,
15:06:15.647,,,,,,,,,,,,,,,,,,,,,,,,,,,,,,,,,,,,,,,,,,,,,25,25,,,,,,,28,,,,,,,,,,,,,,,,,,,,,,,,,,,,,,,,,,,,,,,,,,,,,,,,,,,,,,,,,,,,,,
15:06:15.758,,,,,,,,,,,,,,,,,,,,,,,,,,,,,,,,,,,,,,,,,,,,,,,26.5,28,30.5,26,27.5,30.5,,25,25,18,,,,,,,,,,,,,,,,,,,,,,,,,,,,,,,,,,,,,,,,,,,,,,,,,,16.934805374109263,,0.6403970610277776,0.6403970610277776,-1.2702633467628397,-78.72383333333333,,,-0.06445332704028645,
15:06:15.967,,,,,,,,,,,,,,,,,,,,,,,,,,,,,,,,,,,,,,,,,,,,,,,,,,,,,,,,,8.650000000000034,85,20,13.791,745.7,36.87,14.004,25,,,,,,,,,,,,,,,,,,,,,,,,,,,,,,,,,,,,,,,,,,,,,,,,,,,
15:06:16.085,,,,,,,,,,,,,,,,,,,,,,,,,,,,,,,,,,,,,,,,,,,,,,,,,,,,,,,,,,,,,,,,,-2.9000000000000004,3,,,,,,,,,,,,,,,,,,,,,,,,,,,,,,,,,,,,,,,,,,,,,,,,,
15:06:16.299,,,,,,,,,,,,,,,,,,,,,,,,,,,,,,,,,,,,,,,,,,,,,,,,,,,,,,,,,,,,,,,,,,,,,,,,,,,,,,,,,,,,,,,,,,,,,,,,,,,,,,,0,13.730507699999999,12,,,,,,,,,,
15:06:16.568,,,,,,,,,,,,,,,,,,,,,,,,,,,,,,,,,,,,,,,,,,,,,,,,,,,,,,,,,,,,,,,,,,,0,0,,,,,26,1,,,0,,,,,,,26,26,,,,,,,,,,,,,,,,,,,,,,,,,,,,,,
15:06:16.748,,,,,,,,,,,,,,,,,,,,,,,,,,,,,,,,,,,,,,,,,,,,,,,,,,,,,,,,,,,,,,,,,,,,,,,,,,,,,,,,,,,,,,,,-50,0,0,0,0,400,0,0,0,0,,,,,,,,,,0,,,,,,0,,
15:06:17.024,,,,,,,,,,,,,,,,,,,,,,,,,,,,,,,,,,,,,,,,,,,,,,,,,,,,,,,,,,,,,,,,,,,,,0,17,123,0,,,0,825.6,,0,0.6000000000000001,9,0,30,0,,,350,825.6,,,,,,,,,,,0,0,62.5,741.7,4.443,,,,,,,,,,,,,
15:06:17.198,,,,0,,,,20,,,,,,,,,23,20,,,,,,,,23,,,,,0,,,,,,,,,,,,,,,,,,,,,,,,,,,,,,,,,,,,,,,,,,,,,,,,,,,,,,,,,,,,,,,,,,,,,,,,,,,,,,,,,,,,
15:06:17.355,13.3,-11.7,741.4,,0,0,25,,22,20,20,21,22,20,20,-8.67438,,,1116.1641666666667,4018191,0,0,5.14861111111111,4.11888888888889,3.86145833333333,,1706.3,1664.2,1274.5,1203.5,,793,0,0,740,2310,3.86,22,3.84,61,0,1116.16416666667,0,62.5,,,,,,,,,,,,,,,,,,,,,,,,,,,,,,,,,,,,,,,,,,,,,,,,,,,,,,,,,,,,,,,,,,,,-8.67438,,,
15:06:17.526,,,,,,,,,,,,,,,,,,,,,,,,,,,,,,,,,,,,,,,,,,,,,25,25,,,,,,,28,,,,,,,,,,,,,,,,,,,,,,,,,,,,,,,,,,,,,,,,,,,,,,,,,,,,,,,,,,,,,,
15:06:17.647,,,,,,,,,,,,,,,,,,,,,,,,,,,,,,,,,,,,,,,,,,,,,,,26.5,28,30.5,26,27.5,30.5,,25,25,8,,,,,,,,,,,,,,,,,,,,,,,,,,,,,,,,,,,,,,,,,,,,,,,,,,16.812511293579757,,0.6445952794722221,0.6445952794722221,-0.9222561151344535,-108.42974999999998,,,-0.1015709577265475,
15:06:17.857,,,,,,,,,,,,,,,,,,,,,,,,,,,,,,,,,,,,,,,,,,,,,,,,,,,,,,,,,8.699999999999989,85,20,13.792,744.3000000000001,40.49,13.998,25,,,,,,,,,,,,,,,,,,,,,,,,,,,,,,,,,,,,,,,,,,,,,,,,,,,
15:06:17.985,,,,,,,,,,,,,,,,,,,,,,,,,,,,,,,,,,,,,,,,,,,,,,,,,,,,,,,,,,,,,,,,,3.5,3,,,,,,,,,,,,,,,,,,,,,,,,,,,,,,,,,,,,,,,,,,,,,,,,,
15:06:18.187,,,,,,,,,,,,,,,,,,,,,,,,,,,,,,,,,,,,,,,,,,,,,,,,,,,,,,,,,,,,,,,,,,,,,,,,,,,,,,,,,,,,,,,,,,,,,,,,,,,,,,,0,13.739785399999999,4,,,,,,,,,,
15:06:18.458,,,,,,,,,,,,,,,,,,,,,,,,,,,,,,,,,,,,,,,,,,,,,,,,,,,,,,,,,,,,,,,,,,,0,0,,,,,26,1,,,0,,,,,,,26,26,,,,,,,,,,,,,,,,,,,,,,,,,,,,,,
15:06:18.638,,,,,,,,,,,,,,,,,,,,,,,,,,,,,,,,,,,,,,,,,,,,,,,,,,,,,,,,,,,,,,,,,,,,,,,,,,,,,,,,,,,,,,,,-50,0,0,0,0,400,0,0,0,0,,,,,,,,,,0,,,,,,0,,
15:06:18.913,,,,,,,,,,,,,,,,,,,,,,,,,,,,,,,,,,,,,,,,,,,,,,,,,,,,,,,,,,,,,,,,,,,,,0,17,123,0,,,0,825.6,,0,0.6000000000000001,9,0,30,0,,,350,825.6,,,,,,,,,,,0,0,62.5,740.6,4.443,,,,,,,,,,,,,
15:06:19.086,,,,0,,,,20,,,,,,,,,23,20,,,,,,,,23,,,,,0,,,,,,,,,,,,,,,,,,,,,,,,,,,,,,,,,,,,,,,,,,,,,,,,,,,,,,,,,,,,,,,,,,,,,,,,,,,,,,,,,,,,
15:06:19.239,13.3,0,740.3,,0,0,25,,22,20,20,21,22,20,20,0,,,1116.1647222222223,4018193,0,0,5.14097222222222,4.11277777777778,3.85572916666667,,1706.3,1664.2,1274.5,1203.5,,150,0,0,739,2310,3.84,24,3.84,64,0,1116.16472222222,0,62.5,,,,,,,,,,,,,,,,,,,,,,,,,,,,,,,,,,,,,,,,,,,,,,,,,,,,,,,,,,,,,,,,,,,,-8.661509999999998,,,
15:06:19.417,,,,,,,,,,,,,,,,,,,,,,,,,,,,,,,,,,,,,,,,,,,,,25,25,,,,,,,28,,,,,,,,,,,,,,,,,,,,,,,,,,,,,,,,,,,,,,,,,,,,,,,,,,,,,,,,,,,,,,
15:06:19.537,,,,,,,,,,,,,,,,,,,,,,,,,,,,,,,,,,,,,,,,,,,,,,,26.5,28,30.5,26,27.5,30.5,,25,25,1,,,,,,,,,,,,,,,,,,,,,,,,,,,,,,,,,,,,,,,,,,,,,,,,,,16.59892414436504,,0.6451202498333332,0.6451202498333332,,0,,,-0.11194666172720755,
15:06:19.747,,,,,,,,,,,,,,,,,,,,,,,,,,,,,,,,,,,,,,,,,,,,,,,,,,,,,,,,,7.680000000000007,85,20,13.754999999999999,744,44.45,14.021,25,,,,,,,,,,,,,,,,,,,,,,,,,,,,,,,,,,,,,,,,,,,,,,,,,,,
15:06:19.870,,,,,,,,,,,,,,,,,,,,,,,,,,,,,,,,,,,,,,,,,,,,,,,,,,,,,,,,,,,,,,,,,-115.5,3,,,,,,,,,,,,,,,,,,,,,,,,,,,,,,,,,,,,,,,,,,,,,,,,,
15:06:20.079,,,,,,,,,,,,,,,,,,,,,,,,,,,,,,,,,,,,,,,,,,,,,,,,,,,,,,,,,,,,,,,,,,,,,,,,,,,,,,,,,,,,,,,,,,,,,,,,,,,,,,,79.198205,13.760294,0,,,,,,,,,,
15:06:20.349,,,,,,,,,,,,,,,,,,,,,,,,,,,,,,,,,,,,,,,,,,,,,,,,,,,,,,,,,,,,,,,,,,,0,0,,,,,26,1,,,0,,,,,,,26,26,,,,,,,,,,,,,,,,,,,,,,,,,,,,,,
15:06:20.528,,,,,,,,,,,,,,,,,,,,,,,,,,,,,,,,,,,,,,,,,,,,,,,,,,,,,,,,,,,,,,,,,,,,,,,,,,,,,,,,,,,,,,,,-50,0,0,0,0,400,0,0,0,0,,,,,,,,,,0,,,,,,0,,
15:06:20.800,,,,,,,,,,,,,,,,,,,,,,,,,,,,,,,,,,,,,,,,,,,,,,,,,,,,,,,,,,,,,,,,,,,,,0,17,123,0,,,0,825.6,,0,0.6000000000000001,9,0,30,0,,,350,825.6,,,,,,,,,,,0,0,62.5,738.2,4.444,,,,,,,,,,,,,
15:06:20.977,,,,0,,,,20,,,,,,,,,23,20,,,,,,,,23,,,,,0,,,,,,,,,,,,,,,,,,,,,,,,,,,,,,,,,,,,,,,,,,,,,,,,,,,,,,,,,,,,,,,,,,,,,,,,,,,,,,,,,,,,
15:06:21.128,13.3,26.4,737.6,,0,0,25,,22,20,20,21,22,20,20,19.47264,,,1116.1652777777779,4018195,0,0,5.12222222222222,4.09777777777778,3.84166666666667,,1706.3,1664.3,1274.5,1203.5,,1049,0,0,736,2310,3.84,22,3.82,61,0,1116.16527777778,0,62.5,,,,,,,,,,,,,,,,,,,,,,,,,,,,,,,,,,,,,,,,,,,,,,,,,,,,,,,,,,,,,,,,,,,,0,,,
15:06:21.280,,,,,,,,,,,,,,,,,,,,,,,,,,,,,,,,,,,,,,,,,,,,,25,25,,,,,,,28,,,,,,,,,,,,,,,,,,,,,,,,,,,,,,,,,,,,,,,,,,,,,,,,,,,,,,,,,,,,,,
15:06:21.366,,,,,,,,,,,,,,,,,,,,,,,,,,,,,,,,,,,,,,,,,,,,,,,26.5,28,30.5,26,27.5,30.5,,25,25,15,,,,,,,,,,,,,,,,,,,,,,,,,,,,,,,,,,,,,,,,,,,,,,,,,,16.578296984576443,,0.6527393677499999,0.6527393677499999,0.7703115756261093,129.8176,,,,
15:06:21.576,,,,,,,,,,,,,,,,,,,,,,,,,,,,,,,,,,,,,,,,,,,,,,,,,,,,,,,,,9.129999999999995,85,20,13.811,740.9000000000001,35.97,14.025,26,,,,,,,,,,,,,,,,,,,,,,,,,,,,,,,,,,,,,,,,,,,,,,,,,,,
15:06:21.696,,,,,,,,,,,,,,,,,,,,,,,,,,,,,,,,,,,,,,,,,,,,,,,,,,,,,,,,,,,,,,,,,-71.60000000000001,3,,,,,,,,,,,,,,,,,,,,,,,,,,,,,,,,,,,,,,,,,,,,,,,,,
15:06:21.908,,,,,,,,,,,,,,,,,,,,,,,,,,,,,,,,,,,,,,,,,,,,,,,,,,,,,,,,,,,,,,,,,,,,,,,,,,,,,,,,,,,,,,,,,,,,,,,,,,,,,,,60.1066525,13.770548300000002,17.375,,,,,,,,,,
15:06:22.178,,,,,,,,,,,,,,,,,,,,,,,,,,,,,,,,,,,,,,,,,,,,,,,,,,,,,,,,,,,,,,,,,,,0,0,,,,,26,1,,,0,,,,,,,26,26,,,,,,,,,,,,,,,,,,,,,,,,,,,,,,
15:06:22.359,,,,,,,,,,,,,,,,,,,,,,,,,,,,,,,,,,,,,,,,,,,,,,,,,,,,,,,,,,,,,,,,,,,,,,,,,,,,,,,,,,,,,,,,-50,0,0,0,0,400,0,0,0,0,,,,,,,,,,0,,,,,,0,,
15:06:22.630,,,,,,,,,,,,,,,,,,,,,,,,,,,,,,,,,,,,,,,,,,,,,,,,,,,,,,,,,,,,,,,,,,,,,0,17,123,0,,,0,825.6,,0,0.6000000000000001,9,0,30,0,,,350,825.6,,,,,,,,,,,0,0,62.5,737.5,4.443,,,,,,,,,,,,,
15:06:22.808,,,,0,,,,20,,,,,,,,,23,20,,,,,,,,23,,,,,0,,,,,,,,,,,,,,,,,,,,,,,,,,,,,,,,,,,,,,,,,,,,,,,,,,,,,,,,,,,,,,,,,,,,,,,,,,,,,,,,,,,,
15:06:22.959,13.3,27.6,737.2,,0,0,25,,22,20,20,21,22,20,20,20.34672,,,1116.1655555555556,4018196,0,0,5.11944444444444,4.09555555555556,3.83958333333333,,1706.3,1664.3,1274.5,1203.5,,1702,0,0,735,2310,3.84,24,3.82,64,0,1116.16555555556,0,62,,,,,,,,,,,,,,,,,,,,,,,,,,,,,,,,,,,,,,,,,,,,,,,,,,,,,,,,,,,,,,,,,,,,19.46208,,,
15:06:23.106,,,,,,,,,,,,,,,,,,,,,,,,,,,,,,,,,,,,,,,,,,,,,25,25,,,,,,,28,,,,,,,,,,,,,,,,,,,,,,,,,,,,,,,,,,,,,,,,,,,,,,,,,,,,,,,,,,,,,,
15:06:23.228,,,,,,,,,,,,,,,,,,,,,,,,,,,,,,,,,,,,,,,,,,,,,,,26.5,28,30.5,26,27.5,30.5,,25,25,22,,,,,,,,,,,,,,,,,,,,,,,,,,,,,,,,,,,,,,,,,,,,,,,,,,16.64862081363669,,0.6641224421388887,0.6641224421388887,1.0812553571288148,92.48509090909091,,,,
15:06:23.436,,,,,,,,,,,,,,,,,,,,,,,,,,,,,,,,,,,,,,,,,,,,,,,,,,,,,,,,,8.970000000000027,85,20,13.81,740,36.04,14.008,25,,,,,,,,,,,,,,,,,,,,,,,,,,,,,,,,,,,,,,,,,,,,,,,,,,,
15:06:23.566,,,,,,,,,,,,,,,,,,,,,,,,,,,,,,,,,,,,,,,,,,,,,,,,,,,,,,,,,,,,,,,,,-18,3,,,,,,,,,,,,,,,,,,,,,,,,,,,,,,,,,,,,,,,,,,,,,,,,,
15:06:23.774,,,,,,,,,,,,,,,,,,,,,,,,,,,,,,,,,,,,,,,,,,,,,,,,,,,,,,,,,,,,,,,,,,,,,,,,,,,,,,,,,,,,,,,,,,,,,,,,,,,,,,,63.915197500000005,13.750528,25.140625,,,,,,,,,,
15:06:24.041,,,,,,,,,,,,,,,,,,,,,,,,,,,,,,,,,,,,,,,,,,,,,,,,,,,,,,,,,,,,,,,,,,,0,0,,,,,26,1,,,0,,,,,,,26,26,,,,,,,,,,,,,,,,,,,,,,,,,,,,,,
15:06:24.224,,,,,,,,,,,,,,,,,,,,,,,,,,,,,,,,,,,,,,,,,,,,,,,,,,,,,,,,,,,,,,,,,,,,,,,,,,,,,,,,,,,,,,,,-50,0,0,0,0,400,0,0,0,0,,,,,,,,,,0,,,,,,0,,
15:06:24.487,,,,,,,,,,,,,,,,,,,,,,,,,,,,,,,,,,,,,,,,,,,,,,,,,,,,,,,,,,,,,,,,,,,,,0,17,123,0,,,0,825.6,,0,0.6000000000000001,9,0,30,0,,,350,825.6,,,,,,,,,,,0,0,62.5,735.5,4.443,,,,,,,,,,,,,
15:06:24.669,,,,0,,,,20,,,,,,,,,23,20,,,,,,,,23,,,,,0,,,,,,,,,,,,,,,,,,,,,,,,,,,,,,,,,,,,,,,,,,,,,,,,,,,,,,,,,,,,,,,,,,,,,,,,,,,,,,,,,,,,
15:06:24.823,13.3,41.6,735.5,,0,0,25,,22,20,20,21,22,20,20,30.5968,,,1116.1661111111111,4018198,0,0,5.10763888888889,4.08611111111111,3.83072916666667,,1706.3,1664.3,1274.5,1203.5,,2429,0,0,734,2289,3.82,24,3.82,64,0,1116.16611111111,0,62,,,,,,,,,,,,,,,,,,,,,,,,,,,,,,,,,,,,,,,,,,,,,,,,,,,,,,,,,,,,,,,,,,,,30.596799999999998,,,
15:06:24.966,,,,,,,,,,,,,,,,,,,,,,,,,,,,,,,,,,,,,,,,,,,,,25,25,,,,,,,28,,,,,,,,,,,,,,,,,,,,,,,,,,,,,,,,,,,,,,,,,,,,,,,,,,,,,,,,,,,,,,
15:06:25.057,,,,,,,,,,,,,,,,,,,,,,,,,,,,,,,,,,,,,,,,,,,,,,,26.5,28,30.5,26,27.5,30.5,,25,25,32,,,,,,,,,,,,,,,,,,,,,,,,,,,,,,,,,,,,,,,,,,,,,,,,,,16.84168781464725,,0.6803808208055554,0.6803808208055554,1.0458610050724257,95.61500000000001,,,,
15:06:25.301,,,,,,,,,,,,,,,,,,,,,,,,,,,,,,,,,,,,,,,,,,,,,,,,,,,,,,,,,8.900000000000034,85,20,13.807,738.4000000000001,33.49,14.004,26,,,,,,,,,,,,,,,,,,,,,,,,,,,,,,,,,,,,,,,,,,,,,,,,,,,
15:06:25.421,,,,,,,,,,,,,,,,,,,,,,,,,,,,,,,,,,,,,,,,,,,,,,,,,,,,,,,,,,,,,,,,,-3.4000000000000004,3,,,,,,,,,,,,,,,,,,,,,,,,,,,,,,,,,,,,,,,,,,,,,,,,,
15:06:25.632,,,,,,,,,,,,,,,,,,,,,,,,,,,,,,,,,,,,,,,,,,,,,,,,,,,,,,,,,,,,,,,,,,,,,,,,,,,,,,,,,,,,,,,,,,,,,,,,,,,,,,,60.1066525,13.770548300000002,33.8125,,,,,,,,,,
15:06:25.901,,,,,,,,,,,,,,,,,,,,,,,,,,,,,,,,,,,,,,,,,,,,,,,,,,,,,,,,,,,,,,,,,,,0,0,,,,,26,1,,,0,,,,,,,26,26,,,,,,,,,,,,,,,,,,,,,,,,,,,,,,
15:06:26.108,,,,,,,,,,,,,,,,,,,,,,,,,,,,,,,,,,,,,,,,,,,,,,,,,,,,,,,,,,,,,,,,,,,,,,,,,,,,,,,,,,,,,,,,-50,0,0,0,0,400,0,0,0,0,,,,,,,,,,0,,,,,,0,,
15:06:26.378,,,,,,,,,,,,,,,,,,,,,,,,,,,,,,,,,,,,,,,,,,,,,,,,,,,,,,,,,,,,,,,,,,,,,0,17,123,0,,,0,825.6,,0,0.6000000000000001,9,0,30,0,,,350,825.6,,,,,,,,,,,0,0,62.5,735.1,4.443,,,,,,,,,,,,,
15:06:26.558,,,,0,,,,20,,,,,,,,,23,20,,,,,,,,23,,,,,0,,,,,,,,,,,,,,,,,,,,,,,,,,,,,,,,,,,,,,,,,,,,,,,,,,,,,,,,,,,,,,,,,,,,,,,,,,,,,,,,,,,,
15:06:26.708,13.3,42.4,735.1,,0,0,25,,22,20,20,21,22,20,20,31.16824,,,1116.1666666666667,4018200,0,0,5.10486111111111,4.08388888888889,3.82864583333333,,1706.3,1664.3,1274.5,1203.5,,3050,0,0,733,2289,3.82,24,3.82,61,0,1116.16666666667,0,62,,,,,,,,,,,,,,,,,,,,,,,,,,,,,,,,,,,,,,,,,,,,,,,,,,,,,,,,,,,,,,,,,,,,30.580160000000003,,,
15:06:26.857,,,,,,,,,,,,,,,,,,,,,,,,,,,,,,,,,,,,,,,,,,,,,25,25,,,,,,,28,,,,,,,,,,,,,,,,,,,,,,,,,,,,,,,,,,,,,,,,,,,,,,,,,,,,,,,,,,,,,,
15:06:26.952,,,,,,,,,,,,,,,,,,,,,,,,,,,,,,,,,,,,,,,,,,,,,,,26.5,28,30.5,26.5,27.5,30.5,,25,25,39,,,,,,,,,,,,,,,,,,,,,,,,,,,,,,,,,,,,,,,,,,,,,,,,,,17.12657789889826,,0.7009014854722221,0.7009014854722221,1.2512737324917929,79.9185641025641,,,0.14516740538538225,
15:06:27.156,,,,,,,,,,,,,,,,,,,,,,,,,,,,,,,,,,,,,,,,,,,,,,,,,,,,,,,,,8.870000000000005,85,20,13.808,739.1,33.63,14.009,25,,,,,,,,,,,,,,,,,,,,,,,,,,,,,,,,,,,,,,,,,,,,,,,,,,,
15:06:27.285,,,,,,,,,,,,,,,,,,,,,,,,,,,,,,,,,,,,,,,,,,,,,,,,,,,,,,,,,,,,,,,,,0,3,,,,,,,,,,,,,,,,,,,,,,,,,,,,,,,,,,,,,,,,,,,,,,,,,
15:06:27.487,,,,,,,,,,,,,,,,,,,,,,,,,,,,,,,,,,,,,,,,,,,,,,,,,,,,,,,,,,,,,,,,,,,,,,,,,,,,,,,,,,,,,,,,,,,,,,,,,,,,,,,50.78060000000001,13.761270600000001,40.890625,,,,,,,,,,
15:06:27.756,,,,,,,,,,,,,,,,,,,,,,,,,,,,,,,,,,,,,,,,,,,,,,,,,,,,,,,,,,,,,,,,,,,0,0,,,,,26,1,,,0,,,,,,,26,26,,,,,,,,,,,,,,,,,,,,,,,,,,,,,,
15:06:27.944,,,,,,,,,,,,,,,,,,,,,,,,,,,,,,,,,,,,,,,,,,,,,,,,,,,,,,,,,,,,,,,,,,,,,,,,,,,,,,,,,,,,,,,,-50,0,0,0,0,400,0,0,0,0,,,,,,,,,,0,,,,,,0,,
15:06:28.205,,,,,,,,,,,,,,,,,,,,,,,,,,,,,,,,,,,,,,,,,,,,,,,,,,,,,,,,,,,,,,,,,,,,,0,17,123,0,,,0,825.6,,0,0.6000000000000001,9,0,30,0,,,350,825.6,,,,,,,,,,,0,0,62.5,735.7,4.442,,,,,,,,,,,,,
15:06:28.393,,,,0,,,,20,,,,,,,,,23,20,,,,,,,,23,,,,,0,,,,,,,,,,,,,,,,,,,,,,,,,,,,,,,,,,,,,,,,,,,,,,,,,,,,,,,,,,,,,,,,,,,,,,,,,,,,,,,,,,,,
15:06:28.543,13.3,28.9,736.1,,0,0,25,,22,20,20,21,22,20,20,21.27329,,,1116.1672222222223,4018202,0,0,5.11180555555556,4.08944444444444,3.83385416666667,,1706.3,1664.3,1274.5,1203.5,,3425,0,0,734,2289,3.82,24,3.82,2,0,1116.16722222222,0,62,,,,,,,,,,,,,,,,,,,,,,,,,,,,,,,,,,,,,,,,,,,,,,,,,,,,,,,,,,,,,,,,,,,,21.27329,,,
15:06:28.719,,,,,,,,,,,,,,,,,,,,,,,,,,,,,,,,,,,,,,,,,,,,,25,25,,,,,,,28,,,,,,,,,,,,,,,,,,,,,,,,,,,,,,,,,,,,,,,,,,,,,,,,,,,,,,,,,,,,,,
15:06:28.870,,,,,,,,,,,,,,,,,,,,,,,,,,,,,,,,,,,,,,,,,,,,,,,26.5,28,30.5,26,27.5,30.5,,25,25,44,,,,,,,,,,,,,,,,,,,,,,,,,,,,,,,,,,,,,,,,,,,,,,,,,,17.472015758035592,,0.7243494386944443,0.7243494386944443,2.06832135508894,48.348386363636365,,,0.10946013421882962,
15:06:29.138,,,,,,,,,,,,,,,,,,,,,,,,,,,,,,,,,,,,,,,,,,,,,,,,,,,,,,,,,8.819999999999993,85,20,13.807,739.8000000000001,33.71,13.993,25,,,,,,,,,,,,,,,,,,,,,,,,,,,,,,,,,,,,,,,,,,,,,,,,,,,
15:06:29.267,,,,,,,,,,,,,,,,,,,,,,,,,,,,,,,,,,,,,,,,,,,,,,,,,,,,,,,,,,,,,,,,,0.6000000000000001,3,,,,,,,,,,,,,,,,,,,,,,,,,,,,,,,,,,,,,,,,,,,,,,,,,
15:06:29.469,,,,,,,,,,,,,,,,,,,,,,,,,,,,,,,,,,,,,,,,,,,,,,,,,,,,,,,,,,,,,,,,,,,,,,,,,,,,,,,,,,,,,,,,,,,,,,,,,,,,,,,47.167365,13.7695717,45,,,,,,,,,,
15:06:29.740,,,,,,,,,,,,,,,,,,,,,,,,,,,,,,,,,,,,,,,,,,,,,,,,,,,,,,,,,,,,,,,,,,,0,0,,,,,26,1,,,0,,,,,,,26,26,,,,,,,,,,,,,,,,,,,,,,,,,,,,,,
15:06:29.919,,,,,,,,,,,,,,,,,,,,,,,,,,,,,,,,,,,,,,,,,,,,,,,,,,,,,,,,,,,,,,,,,,,,,,,,,,,,,,,,,,,,,,,,-50,0,0,0,0,400,0,0,0,0,,,,,,,,,,0,,,,,,0,,
15:06:30.190,,,,,,,,,,,,,,,,,,,,,,,,,,,,,,,,,,,,,,,,,,,,,,,,,,,,,,,,,,,,,,,,,,,,,0,17,123,0,,,0,825.6,,0,0.6000000000000001,9,0,30,0,,,350,825.6,,,,,,,,,,,0,0,62.5,736.3000000000001,4.443,,,,,,,,,,,,,
15:06:30.371,,,,0,,,,20,,,,,,,,,23,20,,,,,,,,23,,,,,0,,,,,,,,,,,,,,,,,,,,,,,,,,,,,,,,,,,,,,,,,,,,,,,,,,,,,,,,,,,,,,,,,,,,,,,,,,,,,,,,,,,,
15:06:30.523,13.3,27.4,736.1,,0,0,25,,22,20,20,21,22,20,20,20.16914,,,1116.1677777777777,4018204,0,0,5.11180555555556,4.08944444444444,3.83385416666667,,1706.3,1664.3,1274.5,1203.5,,3681,0,0,734,2289,3.82,24,3.82,61,0,1116.16777777778,0,62,,,,,,,,,,,,,,,,,,,,,,,,,,,,,,,,,,,,,,,,,,,,,,,,,,,,,,,,,,,,,,,,,,,,20.16914,,,
15:06:30.670,,,,,,,,,,,,,,,,,,,,,,,,,,,,,,,,,,,,,,,,,,,,,25,25,,,,,,,28,,,,,,,,,,,,,,,,,,,,,,,,,,,,,,,,,,,,,,,,,,,,,,,,,,,,,,,,,,,,,,
15:06:30.791,,,,,,,,,,,,,,,,,,,,,,,,,,,,,,,,,,,,,,,,,,,,,,,26.5,28,30.5,26.5,27.5,30.5,,25,25,47,,,,,,,,,,,,,,,,,,,,,,,,,,,,,,,,,,,,,,,,,,,,,,,,,,17.84727787143743,,0.7494312341388888,0.7494312341388888,2.3302927145133605,42.913063829787234,,,0.09363408601963412,
15:06:31.063,,,,,,,,,,,,,,,,,,,,,,,,,,,,,,,,,,,,,,,,,,,,,,,,,,,,,,,,,8.810000000000002,85,20,13.808,739.9000000000001,33.58,14,25,,,,,,,,,,,,,,,,,,,,,,,,,,,,,,,,,,,,,,,,,,,,,,,,,,,
15:06:31.187,,,,,,,,,,,,,,,,,,,,,,,,,,,,,,,,,,,,,,,,,,,,,,,,,,,,,,,,,,,,,,,,,-3.7,3,,,,,,,,,,,,,,,,,,,,,,,,,,,,,,,,,,,,,,,,,,,,,,,,,
15:06:31.391,,,,,,,,,,,,,,,,,,,,,,,,,,,,,,,,,,,,,,,,,,,,,,,,,,,,,,,,,,,,,,,,,,,,,,,,,,,,,,,,,,,,,,,,,,,,,,,,,,,,,,,45.800195,13.760294,44,,,,,,,,,,
15:06:31.659,,,,,,,,,,,,,,,,,,,,,,,,,,,,,,,,,,,,,,,,,,,,,,,,,,,,,,,,,,,,,,,,,,,0,0,,,,,26,1,,,0,,,,,,,26,26,,,,,,,,,,,,,,,,,,,,,,,,,,,,,,
15:06:31.870,,,,,,,,,,,,,,,,,,,,,,,,,,,,,,,,,,,,,,,,,,,,,,,,,,,,,,,,,,,,,,,,,,,,,,,,,,,,,,,,,,,,,,,,-50,0,0,0,0,400,0,0,0,0,,,,,,,,,,0,,,,,,0,,
15:06:32.144,,,,,,,,,,,,,,,,,,,,,,,,,,,,,,,,,,,,,,,,,,,,,,,,,,,,,,,,,,,,,,,,,,,,,0,17,123,0,,,0,825.6,,0,0.6000000000000001,9,0,30,0,,,350,825.6,,,,,,,,,,,0,0,62.5,736.6,4.444,,,,,,,,,,,,,
15:06:32.319,,,,0,,,,20,,,,,,,,,23,20,,,,,,,,23,,,,,0,,,,,,,,,,,,,,,,,,,,,,,,,,,,,,,,,,,,,,,,,,,,,,,,,,,,,,,,,,,,,,,,,,,,,,,,,,,,,,,,,,,,
15:06:32.470,13.3,18.2,736.9,,0,0,25,,22,20,20,21,22,20,20,13.41158,,,1116.1683333333333,4018206,0,0,5.11736111111111,4.09388888888889,3.83802083333333,,1706.3,1664.4,1274.5,1203.5,,3871,0,0,735,2289,3.84,24,3.82,2,0,1116.16833333333,0,62,,,,,,,,,,,,,,,,,,,,,,,,,,,,,,,,,,,,,,,,,,,,,,,,,,,,,,,,,,,,,,,,,,,,20.191059999999997,,,
15:06:32.650,,,,,,,,,,,,,,,,,,,,,,,,,,,,,,,,,,,,,,,,,,,,,25,25,,,,,,,28,,,,,,,,,,,,,,,,,,,,,,,,,,,,,,,,,,,,,,,,,,,,,,,,,,,,,,,,,,,,,,
15:06:32.766,,,,,,,,,,,,,,,,,,,,,,,,,,,,,,,,,,,,,,,,,,,,,,,26.5,28,31,26.5,27.5,31,,25,25,49,,,,,,,,,,,,,,,,,,,,,,,,,,,,,,,,,,,,,,,,,,,,,,,,,,18.249036025632428,,0.7763132534444444,0.7763132534444444,3.653559088489201,27.37057142857143,,,0.062464145531571535,
15:06:32.979,,,,,,,,,,,,,,,,,,,,,,,,,,,,,,,,,,,,,,,,,,,,,,,,,,,,,,,,,8.769999999999982,85,20,13.808,741,33.66,14.003,25,,,,,,,,,,,,,,,,,,,,,,,,,,,,,,,,,,,,,,,,,,,,,,,,,,,
15:06:33.121,,,,,,,,,,,,,,,,,,,,,,,,,,,,,,,,,,,,,,,,,,,,,,,,,,,,,,,,,,,,,,,,,-6.2,3,,,,,,,,,,,,,,,,,,,,,,,,,,,,,,,,,,,,,,,,,,,,,,,,,
15:06:33.370,,,,,,,,,,,,,,,,,,,,,,,,,,,,,,,,,,,,,,,,,,,,,,,,,,,,,,,,,,,,,,,,,,,,,,,,,,,,,,,,,,,,,,,,,,,,,,,,,,,,,,,40.819790000000005,13.770548300000002,49.671875,,,,,,,,,,
15:06:33.641,,,,,,,,,,,,,,,,,,,,,,,,,,,,,,,,,,,,,,,,,,,,,,,,,,,,,,,,,,,,,,,,,,,0,0,,,,,26,1,,,0,,,,,,,26,26,,,,,,,,,,,,,,,,,,,,,,,,,,,,,,
15:06:33.816,,,,,,,,,,,,,,,,,,,,,,,,,,,,,,,,,,,,,,,,,,,,,,,,,,,,,,,,,,,,,,,,,,,,,,,,,,,,,,,,,,,,,,,,-50,0,0,0,0,400,0,0,0,0,,,,,,,,,,0,,,,,,0,,
15:06:34.088,,,,,,,,,,,,,,,,,,,,,,,,,,,,,,,,,,,,,,,,,,,,,,,,,,,,,,,,,,,,,,,,,,,,,0,17,123,0,,,0,825.6,,0,0.6000000000000001,9,0,30,0,,,350,825.6,,,,,,,,,,,0,0,62.5,737.6,4.442,,,,,,,,,,,,,
15:06:34.270,,,,0,,,,20,,,,,,,,,23,20,,,,,,,,23,,,,,0,,,,,,,,,,,,,,,,,,,,,,,,,,,,,,,,,,,,,,,,,,,,,,,,,,,,,,,,,,,,,,,,,,,,,,,,,,,,,,,,,,,,
15:06:34.421,13.3,9.2,737.8,,0,0,25,,22,20,20,21,22,20,20,6.78776,,,1116.168888888889,4018208,0,0,5.12361111111111,4.09888888888889,3.84270833333333,,1706.3,1664.4,1274.5,1203.6,,3958,0,0,736,2294,3.84,23,3.84,64,0,1116.16888888889,0,62,,,,,,,,,,,,,,,,,,,,,,,,,,,,,,,,,,,,,,,,,,,,,,,,,,,,,,,,,,,,,,,,,,,,13.427959999999999,,,
15:06:34.568,,,,,,,,,,,,,,,,,,,,,,,,,,,,,,,,,,,,,,,,,,,,,25,25,,,,,,,28,,,,,,,,,,,,,,,,,,,,,,,,,,,,,,,,,,,,,,,,,,,,,,,,,,,,,,,,,,,,,,
15:06:34.689,,,,,,,,,,,,,,,,,,,,,,,,,,,,,,,,,,,,,,,,,,,,,,,26.5,28,31,26.5,27.5,31,,25,25,50,,,,,,,,,,,,,,,,,,,,,,,,,,,,,,,,,,,,,,,,,,,,,,,,,,18.642667040920394,,0.8030136145555554,0.8030136145555554,7.366200337077328,13.57552,,,0.04027146653023267,
15:06:34.902,,,,,,,,,,,,,,,,,,,,,,,,,,,,,,,,,,,,,,,,,,,,,,,,,,,,,,,,,8.70999999999998,85,20,13.806000000000001,741.9000000000001,34.21,13.992,25,,,,,,,,,,,,,,,,,,,,,,,,,,,,,,,,,,,,,,,,,,,,,,,,,,,
15:06:35.017,,,,,,,,,,,,,,,,,,,,,,,,,,,,,,,,,,,,,,,,,,,,,,,,,,,,,,,,,,,,,,,,,2.2,3,,,,,,,,,,,,,,,,,,,,,,,,,,,,,,,,,,,,,,,,,,,,,,,,,
15:06:35.229,,,,,,,,,,,,,,,,,,,,,,,,,,,,,,,,,,,,,,,,,,,,,,,,,,,,,,,,,,,,,,,,,,,,,,,,,,,,,,,,,,,,,,,,,,,,,,,,,,,,,,,38.5248975,13.770548300000002,48,,,,,,,,,,
15:06:35.531,,,,,,,,,,,,,,,,,,,,,,,,,,,,,,,,,,,,,,,,,,,,,,,,,,,,,,,,,,,,,,,,,,,0,0,,,,,26,1,,,0,,,,,,,26,26,,,,,,,,,,,,,,,,,,,,,,,,,,,,,,
15:06:35.712,,,,,,,,,,,,,,,,,,,,,,,,,,,,,,,,,,,,,,,,,,,,,,,,,,,,,,,,,,,,,,,,,,,,,,,,,,,,,,,,,,,,,,,,-50,0,0,0,0,400,0,0,0,0,,,,,,,,,,0,,,,,,0,,
15:06:36.013,,,,,,,,,,,,,,,,,,,,,,,,,,,,,,,,,,,,,,,,,,,,,,,,,,,,,,,,,,,,,,,,,,,,,0,17,123,0,,,0,825.6,,0,0.6000000000000001,9,0,30,0,,,350,825.6,,,,,,,,,,,0,0,62.5,737.8000000000001,4.443,,,,,,,,,,,,,
15:06:36.189,,,,0,,,,20,,,,,,,,,23,20,,,,,,,,23,,,,,0,,,,,,,,,,,,,,,,,,,,,,,,,,,,,,,,,,,,,,,,,,,,,,,,,,,,,,,,,,,,,,,,,,,,,,,,,,,,,,,,,,,,
15:06:36.341,13.3,12.8,737.6,,0,0,25,,22,20,20,21,22,20,20,9.44128,,,1116.1694444444445,4018210,0,0,5.12222222222222,4.09777777777778,3.84166666666667,,1706.3,1664.4,1274.5,1203.6,,4038,0,0,736,2294,3.84,23,3.82,64,0,1116.16944444444,0,62,,,,,,,,,,,,,,,,,,,,,,,,,,,,,,,,,,,,,,,,,,,,,,,,,,,,,,,,,,,,,,,,,,,,9.44128,,,
15:06:36.518,,,,,,,,,,,,,,,,,,,,,,,,,,,,,,,,,,,,,,,,,,,,,25,25,,,,,,,28,,,,,,,,,,,,,,,,,,,,,,,,,,,,,,,,,,,,,,,,,,,,,,,,,,,,,,,,,,,,,,
15:06:36.639,,,,,,,,,,,,,,,,,,,,,,,,,,,,,,,,,,,,,,,,,,,,,,,26.5,28,31,26.5,27.5,31,,25,25,51,,,,,,,,,,,,,,,,,,,,,,,,,,,,,,,,,,,,,,,,,,,,,,,,,,19.044585109071026,,0.8306434482222221,0.8306434482222221,5.401809924078091,18.5123137254902,,,0.025521740917585425,
15:06:36.857,,,,,,,,,,,,,,,,,,,,,,,,,,,,,,,,,,,,,,,,,,,,,,,,,,,,,,,,,8.699999999999989,85,20,13.806000000000001,741,33.55,14.012,25,,,,,,,,,,,,,,,,,,,,,,,,,,,,,,,,,,,,,,,,,,,,,,,,,,,
15:06:36.966,,,,,,,,,,,,,,,,,,,,,,,,,,,,,,,,,,,,,,,,,,,,,,,,,,,,,,,,,,,,,,,,,3,3,,,,,,,,,,,,,,,,,,,,,,,,,,,,,,,,,,,,,,,,,,,,,,,,,
15:06:37.179,,,,,,,,,,,,,,,,,,,,,,,,,,,,,,,,,,,,,,,,,,,,,,,,,,,,,,,,,,,,,,,,,,,,,,,,,,,,,,,,,,,,,,,,,,,,,,,,,,,,,,,40.819790000000005,13.761270600000001,52.03125,,,,,,,,,,
15:06:37.449,,,,,,,,,,,,,,,,,,,,,,,,,,,,,,,,,,,,,,,,,,,,,,,,,,,,,,,,,,,,,,,,,,,0,0,,,,,26,1,,,0,,,,,,,26,26,,,,,,,,,,,,,,,,,,,,,,,,,,,,,,
15:06:37.627,,,,,,,,,,,,,,,,,,,,,,,,,,,,,,,,,,,,,,,,,,,,,,,,,,,,,,,,,,,,,,,,,,,,,,,,,,,,,,,,,,,,,,,,-50,0,0,0,0,400,0,0,0,0,,,,,,,,,,0,,,,,,0,,
15:06:37.894,,,,,,,,,,,,,,,,,,,,,,,,,,,,,,,,,,,,,,,,,,,,,,,,,,,,,,,,,,,,,,,,,,,,,0,17,123,0,,,0,825.6,,0,0.6000000000000001,9,0,30,0,,,350,825.6,,,,,,,,,,,0,0,62.5,737.6,4.444,,,,,,,,,,,,,
15:06:38.077,,,,0,,,,20,,,,,,,,,23,20,,,,,,,,23,,,,,0,,,,,,,,,,,,,,,,,,,,,,,,,,,,,,,,,,,,,,,,,,,,,,,,,,,,,,,,,,,,,,,,,,,,,,,,,,,,,,,,,,,,
15:06:38.231,13.3,7.7,737.9,,0,0,25,,22,20,20,21,22,20,20,5.68183,,,1116.17,4018212,0,0,5.12430555555556,4.09944444444444,3.84322916666667,,1706.3,1664.4,1274.5,1203.6,,4165,0,0,736,2294,3.84,22,3.82,49,0,1116.17,0,62,,,,,,,,,,,,,,,,,,,,,,,,,,,,,,,,,,,,,,,,,,,,,,,,,,,,,,,,,,,,,,,,,,,,9.445120000000001,,,
15:06:38.409,,,,,,,,,,,,,,,,,,,,,,,,,,,,,,,,,,,,,,,,,,,,,25,25,,,,,,,28,,,,,,,,,,,,,,,,,,,,,,,,,,,,,,,,,,,,,,,,,,,,,,,,,,,,,,,,,,,,,,
15:06:38.527,,,,,,,,,,,,,,,,,,,,,,,,,,,,,,,,,,,,,,,,,,,,,,,26.5,28,31,26.5,27.5,31,,25,25,53,,,,,,,,,,,,,,,,,,,,,,,,,,,,,,,,,,,,,,,,,,,,,,,,,,19.44803674229475,,0.8584401049999999,0.8584401049999999,9.327980597800357,10.720433962264151,,,0.02196945462688012,
15:06:38.738,,,,,,,,,,,,,,,,,,,,,,,,,,,,,,,,,,,,,,,,,,,,,,,,,,,,,,,,,8.680000000000007,85,20,13.806000000000001,743,33.79,14.008,25,,,,,,,,,,,,,,,,,,,,,,,,,,,,,,,,,,,,,,,,,,,,,,,,,,,
15:06:38.857,,,,,,,,,,,,,,,,,,,,,,,,,,,,,,,,,,,,,,,,,,,,,,,,,,,,,,,,,,,,,,,,,6.7,3,,,,,,,,,,,,,,,,,,,,,,,,,,,,,,,,,,,,,,,,,,,,,,,,,
15:06:39.068,,,,,,,,,,,,,,,,,,,,,,,,,,,,,,,,,,,,,,,,,,,,,,,,,,,,,,,,,,,,,,,,,,,,,,,,,,,,,,,,,,,,,,,,,,,,,,,,,,,,,,,31.8843575,13.761270600000001,52.484375,,,,,,,,,,
15:06:39.339,,,,,,,,,,,,,,,,,,,,,,,,,,,,,,,,,,,,,,,,,,,,,,,,,,,,,,,,,,,,,,,,,,,0,0,,,,,26,1,,,0,,,,,,,26,26,,,,,,,,,,,,,,,,,,,,,,,,,,,,,,
15:06:39.520,,,,,,,,,,,,,,,,,,,,,,,,,,,,,,,,,,,,,,,,,,,,,,,,,,,,,,,,,,,,,,,,,,,,,,,,,,,,,,,,,,,,,,,,-50,0,0,0,0,400,0,0,0,0,,,,,,,,,,0,,,,,,0,,
15:06:39.791,,,,,,,,,,,,,,,,,,,,,,,,,,,,,,,,,,,,,,,,,,,,,,,,,,,,,,,,,,,,,,,,,,,,,0,17,123,0,,,0,825.6,,0,0.6000000000000001,9,0,30,0,,,350,825.6,,,,,,,,,,,0,0,62.5,740.1,4.443,,,,,,,,,,,,,
15:06:39.970,,,,0,,,,20,,,,,,,,,23,20,,,,,,,,23,,,,,0,,,,,,,,,,,,,,,,,,,,,,,,,,,,,,,,,,,,,,,,,,,,,,,,,,,,,,,,,,,,,,,,,,,,,,,,,,,,,,,,,,,,
15:06:40.120,13.3,-23.1,741,,0,0,25,,22,20,20,21,22,20,20,-17.1171,,,1116.1705555555557,4018214,0,0,5.14583333333333,4.11666666666667,3.859375,,1706.3,1664.4,1274.5,1203.6,,4023,0,0,740,2294,3.86,24,3.84,61,0,1116.17055555556,0,62,,,,,,,,,,,,,,,,,,,,,,,,,,,,,,,,,,,,,,,,,,,,,,,,,,,,,,,,,,,,,,,,,,,,-17.1171,,,
15:06:40.298,,,,,,,,,,,,,,,,,,,,,,,,,,,,,,,,,,,,,,,,,,,,,25,25,,,,,,,28,,,,,,,,,,,,,,,,,,,,,,,,,,,,,,,,,,,,,,,,,,,,,,,,,,,,,,,,,,,,,,
15:06:40.418,,,,,,,,,,,,,,,,,,,,,,,,,,,,,,,,,,,,,,,,,,,,,,,26.5,28,31,26.5,27.5,31,,25,25,50,,,,,,,,,,,,,,,,,,,,,,,,,,,,,,,,,,,,,,,,,,,,,,,,,,19.807335912412732,,0.8847039883333332,0.8847039883333332,-2.9210555526345,-34.2342,,,,
15:06:40.627,,,,,,,,,,,,,,,,,,,,,,,,,,,,,,,,,,,,,,,,,,,,,,,,,,,,,,,,,8.150000000000034,85,20,13.786000000000001,745.4000000000001,37.93,13.998,25,,,,,,,,,,,,,,,,,,,,,,,,,,,,,,,,,,,,,,,,,,,,,,,,,,,
15:06:40.756,,,,,,,,,,,,,,,,,,,,,,,,,,,,,,,,,,,,,,,,,,,,,,,,,,,,,,,,,,,,,,,,,0.1,3,,,,,,,,,,,,,,,,,,,,,,,,,,,,,,,,,,,,,,,,,,,,,,,,,
15:06:40.957,,,,,,,,,,,,,,,,,,,,,,,,,,,,,,,,,,,,,,,,,,,,,,,,,,,,,,,,,,,,,,,,,,,,,,,,,,,,,,,,,,,,,,,,,,,,,,,,,,,,,,,22.411822500000003,13.740762,49.28125,,,,,,,,,,
15:06:41.228,,,,,,,,,,,,,,,,,,,,,,,,,,,,,,,,,,,,,,,,,,,,,,,,,,,,,,,,,,,,,,,,,,,0,0,,,,,26,1,,,0,,,,,,,26,26,,,,,,,,,,,,,,,,,,,,,,,,,,,,,,
15:06:41.410,,,,,,,,,,,,,,,,,,,,,,,,,,,,,,,,,,,,,,,,,,,,,,,,,,,,,,,,,,,,,,,,,,,,,,,,,,,,,,,,,,,,,,,,-50,0,0,0,0,400,0,0,0,0,,,,,,,,,,0,,,,,,0,,
15:06:41.711,,,,,,,,,,,,,,,,,,,,,,,,,,,,,,,,,,,,,,,,,,,,,,,,,,,,,,,,,,,,,,,,,,,,,0,17,123,0,,,0,825.6,,0,0.6000000000000001,9,0,30,0,,,350,825.6,,,,,,,,,,,0,0,62.5,739.7,4.443,,,,,,,,,,,,,
15:06:41.888,,,,0,,,,20,,,,,,,,,23,20,,,,,,,,23,,,,,0,,,,,,,,,,,,,,,,,,,,,,,,,,,,,,,,,,,,,,,,,,,,,,,,,,,,,,,,,,,,,,,,,,,,,,,,,,,,,,,,,,,,
15:06:42.037,13.3,1.2,739.3,,0,0,25,,22,20,20,21,22,20,20,0.88716,,,1116.1708333333333,4018215,0,0,5.13402777777778,4.10722222222222,3.85052083333333,,1706.3,1664.4,1274.5,1203.6,,3890,0,0,737,2294,3.84,22,3.84,64,0,1116.17083333333,0,62,,,,,,,,,,,,,,,,,,,,,,,,,,,,,,,,,,,,,,,,,,,,,,,,,,,,,,,,,,,,,,,,,,,,-17.077830000000002,,,
15:06:42.249,,,,,,,,,,,,,,,,,,,,,,,,,,,,,,,,,,,,,,,,,,,,,25,25,,,,,,,28,,,,,,,,,,,,,,,,,,,,,,,,,,,,,,,,,,,,,,,,,,,,,,,,,,,,,,,,,,,,,,
15:06:42.368,,,,,,,,,,,,,,,,,,,,,,,,,,,,,,,,,,,,,,,,,,,,,,,26.5,28,31,26.5,27.5,31,,25,25,49,,,,,,,,,,,,,,,,,,,,,,,,,,,,,,,,,,,,,,,,,,,,,,,,,,20.157044565538218,,0.911239936972222,0.911239936972222,55.23242707065242,1.8105306122448979,,,,
15:06:42.576,,,,,,,,,,,,,,,,,,,,,,,,,,,,,,,,,,,,,,,,,,,,,,,,,,,,,,,,,8.660000000000025,85,20,13.806000000000001,742.2,33.5,14.013,25,,,,,,,,,,,,,,,,,,,,,,,,,,,,,,,,,,,,,,,,,,,,,,,,,,,
15:06:42.696,,,,,,,,,,,,,,,,,,,,,,,,,,,,,,,,,,,,,,,,,,,,,,,,,,,,,,,,,,,,,,,,,0.1,3,,,,,,,,,,,,,,,,,,,,,,,,,,,,,,,,,,,,,,,,,,,,,,,,,
15:06:42.943,,,,,,,,,,,,,,,,,,,,,,,,,,,,,,,,,,,,,,,,,,,,,,,,,,,,,,,,,,,,,,,,,,,,,,,,,,,,,,,,,,,,,,,,,,,,,,,,,,,,,,,35.6929025,13.7695717,48,,,,,,,,,,
15:06:43.238,,,,,,,,,,,,,,,,,,,,,,,,,,,,,,,,,,,,,,,,,,,,,,,,,,,,,,,,,,,,,,,,,,,0,0,,,,,26,1,,,0,,,,,,,26,26,,,,,,,,,,,,,,,,,,,,,,,,,,,,,,
15:06:43.419,,,,,,,,,,,,,,,,,,,,,,,,,,,,,,,,,,,,,,,,,,,,,,,,,,,,,,,,,,,,,,,,,,,,,,,,,,,,,,,,,,,,,,,,-50,0,0,0,0,400,0,0,0,0,,,,,,,,,,0,,,,,,0,,
15:06:43.691,,,,,,,,,,,,,,,,,,,,,,,,,,,,,,,,,,,,,,,,,,,,,,,,,,,,,,,,,,,,,,,,,,,,,0,17,123,0,,,0,825.6,,0,0.6000000000000001,9,0,30,0,,,350,825.6,,,,,,,,,,,0,0,62.5,738.9000000000001,4.443,,,,,,,,,,,,,
15:06:43.868,,,,0,,,,20,,,,,,,,,23,20,,,,,,,,23,,,,,0,,,,,,,,,,,,,,,,,,,,,,,,,,,,,,,,,,,,,,,,,,,,,,,,,,,,,,,,,,,,,,,,,,,,,,,,,,,,,,,,,,,,
15:06:44.024,13.3,6.1,738.7,,0,0,25,,22,20,20,21,22,20,20,4.50607,,,1116.171388888889,4018217,0,0,5.12986111111111,4.10388888888889,3.84739583333333,,1706.3,1664.4,1274.6,1203.6,,4148,0,0,737,2307,3.84,22,3.84,2,0,1116.17138888889,0,62,,,,,,,,,,,,,,,,,,,,,,,,,,,,,,,,,,,,,,,,,,,,,,,,,,,,,,,,,,,,,,,,,,,,0.88644,,,
15:06:44.197,,,,,,,,,,,,,,,,,,,,,,,,,,,,,,,,,,,,,,,,,,,,,25,25,,,,,,,28,,,,,,,,,,,,,,,,,,,,,,,,,,,,,,,,,,,,,,,,,,,,,,,,,,,,,,,,,,,,,,
15:06:44.349,,,,,,,,,,,,,,,,,,,,,,,,,,,,,,,,,,,,,,,,,,,,,,,26.5,28,31,26.5,27.5,31,,25.5,25.5,53,,,,,,,,,,,,,,,,,,,,,,,,,,,,,,,,,,,,,,,,,,,,,,,,,,20.552039341404058,,0.9404065348055554,0.9404065348055554,11.761912265011418,8.502018867924528,,,,
15:06:44.556,,,,,,,,,,,,,,,,,,,,,,,,,,,,,,,,,,,,,,,,,,,,,,,,,,,,,,,,,8.650000000000034,85,20,13.806000000000001,741.9000000000001,33.04,14.002,25,,,,,,,,,,,,,,,,,,,,,,,,,,,,,,,,,,,,,,,,,,,,,,,,,,,
15:06:44.685,,,,,,,,,,,,,,,,,,,,,,,,,,,,,,,,,,,,,,,,,,,,,,,,,,,,,,,,,,,,,,,,,-0.1,3,,,,,,,,,,,,,,,,,,,,,,,,,,,,,,,,,,,,,,,,,,,,,,,,,
15:06:44.889,,,,,,,,,,,,,,,,,,,,,,,,,,,,,,,,,,,,,,,,,,,,,,,,,,,,,,,,,,,,,,,,,,,,,,,,,,,,,,,,,,,,,,,,,,,,,,,,,,,,,,,37.987795,13.761270600000001,52,,,,,,,,,,
15:06:45.158,,,,,,,,,,,,,,,,,,,,,,,,,,,,,,,,,,,,,,,,,,,,,,,,,,,,,,,,,,,,,,,,,,,0,0,,,,,26,1,,,0,,,,,,,26,26,,,,,,,,,,,,,,,,,,,,,,,,,,,,,,
15:06:45.339,,,,,,,,,,,,,,,,,,,,,,,,,,,,,,,,,,,,,,,,,,,,,,,,,,,,,,,,,,,,,,,,,,,,,,,,,,,,,,,,,,,,,,,,-50,0,0,0,0,400,0,0,0,0,,,,,,,,,,0,,,,,,0,,
15:06:45.611,,,,,,,,,,,,,,,,,,,,,,,,,,,,,,,,,,,,,,,,,,,,,,,,,,,,,,,,,,,,,,,,,,,,,0,17,123,0,,,0,825.6,,0,0.6000000000000001,9,0,30,0,,,350,825.6,,,,,,,,,,,0,0,62.5,738.7,4.443,,,,,,,,,,,,,
15:06:45.788,,,,0,,,,20,,,,,,,,,23,20,,,,,,,,23,,,,,0,,,,,,,,,,,,,,,,,,,,,,,,,,,,,,,,,,,,,,,,,,,,,,,,,,,,,,,,,,,,,,,,,,,,,,,,,,,,,,,,,,,,
15:06:45.940,13.3,8.8,738.4,,0,0,25,,22,20,20,21,22,20,20,6.49792,,,1116.1719444444445,4018219,0,0,5.12777777777778,4.10222222222222,3.84583333333333,,1706.3,1664.4,1274.6,1203.6,,4434,0,0,737,2307,3.84,22,3.84,2,0,1116.17194444444,0,62,,,,,,,,,,,,,,,,,,,,,,,,,,,,,,,,,,,,,,,,,,,,,,,,,,,,,,,,,,,,,,,,,,,,4.504239999999999,,,
15:06:46.121,,,,,,,,,,,,,,,,,,,,,,,,,,,,,,,,,,,,,,,,,,,,,25,25,,,,,,,28,,,,,,,,,,,,,,,,,,,,,,,,,,,,,,,,,,,,,,,,,,,,,,,,,,,,,,,,,,,,,,
15:06:46.239,,,,,,,,,,,,,,,,,,,,,,,,,,,,,,,,,,,,,,,,,,,,,,,26.5,28,31,26.5,27.5,31,,25.5,25.5,56,,,,,,,,,,,,,,,,,,,,,,,,,,,,,,,,,,,,,,,,,,,,,,,,,,20.95426293077424,,0.9698155896944443,0.9698155896944443,8.618142420959323,11.603428571428571,,,,
15:06:46.507,,,,,,,,,,,,,,,,,,,,,,,,,,,,,,,,,,,,,,,,,,,,,,,,,,,,,,,,,8.699999999999989,85,20,13.805,741.9000000000001,34.42,13.992,25,,,,,,,,,,,,,,,,,,,,,,,,,,,,,,,,,,,,,,,,,,,,,,,,,,,
15:06:46.636,,,,,,,,,,,,,,,,,,,,,,,,,,,,,,,,,,,,,,,,,,,,,,,,,,,,,,,,,,,,,,,,,-2.8000000000000003,3,,,,,,,,,,,,,,,,,,,,,,,,,,,,,,,,,,,,,,,,,,,,,,,,,
15:06:46.844,,,,,,,,,,,,,,,,,,,,,,,,,,,,,,,,,,,,,,,,,,,,,,,,,,,,,,,,,,,,,,,,,,,,,,,,,,,,,,,,,,,,,,,,,,,,,,,,,,,,,,,34.862835,13.7695717,57.4375,,,,,,,,,,
15:06:47.109,,,,,,,,,,,,,,,,,,,,,,,,,,,,,,,,,,,,,,,,,,,,,,,,,,,,,,,,,,,,,,,,,,,0,0,,,,,26,1,,,0,,,,,,,26,26,,,,,,,,,,,,,,,,,,,,,,,,,,,,,,
15:06:47.292,,,,,,,,,,,,,,,,,,,,,,,,,,,,,,,,,,,,,,,,,,,,,,,,,,,,,,,,,,,,,,,,,,,,,,,,,,,,,,,,,,,,,,,,-50,0,0,0,0,400,0,0,0,0,,,,,,,,,,0,,,,,,0,,
15:06:47.561,,,,,,,,,,,,,,,,,,,,,,,,,,,,,,,,,,,,,,,,,,,,,,,,,,,,,,,,,,,,,,,,,,,,,0,17,123,0,,,0,825.6,,0,0.6000000000000001,9,0,30,0,,,350,825.6,,,,,,,,,,,0,0,62.5,739.2,4.444,,,,,,,,,,,,,
15:06:47.739,,,,0,,,,20,,,,,,,,,23,20,,,,,,,,23,,,,,0,,,,,,,,,,,,,,,,,,,,,,,,,,,,,,,,,,,,,,,,,,,,,,,,,,,,,,,,,,,,,,,,,,,,,,,,,,,,,,,,,,,,
15:06:47.893,13.3,-4.4,739.4,,0,0,25,,22,20,20,21,22,20,20,-3.25336,,,1116.1725,4018221,0,0,5.13472222222222,4.10777777777778,3.85104166666667,,1706.3,1664.4,1274.6,1203.6,,4513,0,0,738,2307,3.84,24,3.84,61,0,1116.1725,0,62,,,,,,,,,,,,,,,,,,,,,,,,,,,,,,,,,,,,,,,,,,,,,,,,,,,,,,,,,,,,,,,,,,,,6.5067200000000005,,,
15:06:48.067,,,,,,,,,,,,,,,,,,,,,,,,,,,,,,,,,,,,,,,,,,,,,25,25,,,,,,,28,,,,,,,,,,,,,,,,,,,,,,,,,,,,,,,,,,,,,,,,,,,,,,,,,,,,,,,,,,,,,,
15:06:48.188,,,,,,,,,,,,,,,,,,,,,,,,,,,,,,,,,,,,,,,,,,,,,,,26.5,28,31,26.5,27.5,31,,25.5,25.5,57,,,,,,,,,,,,,,,,,,,,,,,,,,,,,,,,,,,,,,,,,,,,,,,,,,21.371019884212267,,1.0006738348611108,1.0006738348611108,-17.520348193867264,-5.707649122807017,,,,
15:06:48.398,,,,,,,,,,,,,,,,,,,,,,,,,,,,,,,,,,,,,,,,,,,,,,,,,,,,,,,,,8.45999999999998,85,20,13.807,744,33.76,13.997,25,,,,,,,,,,,,,,,,,,,,,,,,,,,,,,,,,,,,,,,,,,,,,,,,,,,
15:06:48.525,,,,,,,,,,,,,,,,,,,,,,,,,,,,,,,,,,,,,,,,,,,,,,,,,,,,,,,,,,,,,,,,,6.2,3,,,,,,,,,,,,,,,,,,,,,,,,,,,,,,,,,,,,,,,,,,,,,,,,,
15:06:48.727,,,,,,,,,,,,,,,,,,,,,,,,,,,,,,,,,,,,,,,,,,,,,,,,,,,,,,,,,,,,,,,,,,,,,,,,,,,,,,,,,,,,,,,,,,,,,,,,,,,,,,,32.1773225,13.7417386,57.09375,,,,,,,,,,
15:06:48.995,,,,,,,,,,,,,,,,,,,,,,,,,,,,,,,,,,,,,,,,,,,,,,,,,,,,,,,,,,,,,,,,,,,0,0,,,,,26,1,,,0,,,,,,,26,26,,,,,,,,,,,,,,,,,,,,,,,,,,,,,,
15:06:49.178,,,,,,,,,,,,,,,,,,,,,,,,,,,,,,,,,,,,,,,,,,,,,,,,,,,,,,,,,,,,,,,,,,,,,,,,,,,,,,,,,,,,,,,,-50,0,0,0,0,400,0,0,0,0,,,,,,,,,,0,,,,,,0,,
15:06:49.483,,,,,,,,,,,,,,,,,,,,,,,,,,,,,,,,,,,,,,,,,,,,,,,,,,,,,,,,,,,,,,,,,,,,,0,17,123,0,,,0,825.6,,0,0.6000000000000001,9,0,30,0,,,350,825.6,,,,,,,,,,,0,0,62.5,740.4000000000001,4.443,,,,,,,,,,,,,
15:06:49.655,,,,0,,,,20,,,,,,,,,23,20,,,,,,,,23,,,,,0,,,,,,,,,,,,,,,,,,,,,,,,,,,,,,,,,,,,,,,,,,,,,,,,,,,,,,,,,,,,,,,,,,,,,,,,,,,,,,,,,,,,
15:06:49.809,13.3,-18.5,741.2,,0,0,25,,22,20,20,21,22,20,20,-13.7122,,,1116.1730555555555,4018223,0,0,5.14722222222222,4.11777777777778,3.86041666666667,,1706.3,1664.4,1274.6,1203.6,,4412,0,0,740,2307,3.86,22,3.84,61,0,1116.17305555556,0,62,,,,,,,,,,,,,,,,,,,,,,,,,,,,,,,,,,,,,,,,,,,,,,,,,,,,,,,,,,,,,,,,,,,,-13.712200000000001,,,
15:06:49.986,,,,,,,,,,,,,,,,,,,,,,,,,,,,,,,,,,,,,,,,,,,,,25,25,,,,,,,28,,,,,,,,,,,,,,,,,,,,,,,,,,,,,,,,,,,,,,,,,,,,,,,,,,,,,,,,,,,,,,
15:06:50.109,,,,,,,,,,,,,,,,,,,,,,,,,,,,,,,,,,,,,,,,,,,,,,,26.5,29,31,26.5,27.5,31,,25.5,25.5,56,,,,,,,,,,,,,,,,,,,,,,,,,,,,,,,,,,,,,,,,,,,,,,,,,,21.761235346884526,,1.0305580341944443,1.0305580341944443,-4.08395443473695,-24.486071428571428,,,,
15:06:50.321,,,,,,,,,,,,,,,,,,,,,,,,,,,,,,,,,,,,,,,,,,,,,,,,,,,,,,,,,8.699999999999989,85,20,13.807,744.2,33.82,14.007,25,,,,,,,,,,,,,,,,,,,,,,,,,,,,,,,,,,,,,,,,,,,,,,,,,,,
15:06:50.446,,,,,,,,,,,,,,,,,,,,,,,,,,,,,,,,,,,,,,,,,,,,,,,,,,,,,,,,,,,,,,,,,-1.3,3,,,,,,,,,,,,,,,,,,,,,,,,,,,,,,,,,,,,,,,,,,,,,,,,,
15:06:50.678,,,,,,,,,,,,,,,,,,,,,,,,,,,,,,,,,,,,,,,,,,,,,,,,,,,,,,,,,,,,,,,,,,,,,,,,,,,,,,,,,,,,,,,,,,,,,,,,,,,,,,,30.712497500000005,13.750528,52,,,,,,,,,,
15:06:50.950,,,,,,,,,,,,,,,,,,,,,,,,,,,,,,,,,,,,,,,,,,,,,,,,,,,,,,,,,,,,,,,,,,,0,0,,,,,26,1,,,0,,,,,,,26,26,,,,,,,,,,,,,,,,,,,,,,,,,,,,,,
15:06:51.132,,,,,,,,,,,,,,,,,,,,,,,,,,,,,,,,,,,,,,,,,,,,,,,,,,,,,,,,,,,,,,,,,,,,,,,,,,,,,,,,,,,,,,,,-50,0,0,0,0,400,0,0,0,0,,,,,,,,,,0,,,,,,0,,
15:06:51.404,,,,,,,,,,,,,,,,,,,,,,,,,,,,,,,,,,,,,,,,,,,,,,,,,,,,,,,,,,,,,,,,,,,,,0,17,123,0,,,0,825.6,,0,0.6000000000000001,9,0,30,0,,,350,825.6,,,,,,,,,,,0,0,62.5,740.3000000000001,4.443,,,,,,,,,,,,,
15:06:51.578,,,,0,,,,20,,,,,,,,,23,20,,,,,,,,23,,,,,0,,,,,,,,,,,,,,,,,,,,,,,,,,,,,,,,,,,,,,,,,,,,,,,,,,,,,,,,,,,,,,,,,,,,,,,,,,,,,,,,,,,,
15:06:51.728,13.3,-5.2,739.9,,0,0,26,,22,20,20,21,22,20,20,-3.84748,,,1116.173611111111,4018225,0,0,5.13819444444444,4.11055555555556,3.85364583333333,,1706.3,1664.4,1274.6,1203.6,,4366,0,0,739,2299,3.84,12,3.84,64,0,1116.17361111111,0,62,,,,,,,,,,,,,,,,,,,,,,,,,,,,,,,,,,,,,,,,,,,,,,,,,,,,,,,,,,,,,,,,,,,,-3.84748,,,
15:06:51.909,,,,,,,,,,,,,,,,,,,,,,,,,,,,,,,,,,,,,,,,,,,,,25,25,,,,,,,28,,,,,,,,,,,,,,,,,,,,,,,,,,,,,,,,,,,,,,,,,,,,,,,,,,,,,,,,,,,,,,
15:06:52.029,,,,,,,,,,,,,,,,,,,,,,,,,,,,,,,,,,,,,,,,,,,,,,,26.5,28,31,26.5,27.5,31,,25.5,25.5,55,,,,,,,,,,,,,,,,,,,,,,,,,,,,,,,,,,,,,,,,,,,,,,,,,,22.13126582762332,,1.0598809068333332,1.0598809068333332,-14.295071059498685,-6.995418181818182,,,,
15:06:52.243,,,,,,,,,,,,,,,,,,,,,,,,,,,,,,,,,,,,,,,,,,,,,,,,,,,,,,,,,8.220000000000027,85,20,13.793,744,33.18,13.986,26,,,,,,,,,,,,,,,,,,,,,,,,,,,,,,,,,,,,,,,,,,,,,,,,,,,
15:06:52.357,,,,,,,,,,,,,,,,,,,,,,,,,,,,,,,,,,,,,,,,,,,,,,,,,,,,,,,,,,,,,,,,,5.9,3,,,,,,,,,,,,,,,,,,,,,,,,,,,,,,,,,,,,,,,,,,,,,,,,,
15:06:52.566,,,,,,,,,,,,,,,,,,,,,,,,,,,,,,,,,,,,,,,,,,,,,,,,,,,,,,,,,,,,,,,,,,,,,,,,,,,,,,,,,,,,,,,,,,,,,,,,,,,,,,,33.690975,13.760294,52,,,,,,,,,,
15:06:52.840,,,,,,,,,,,,,,,,,,,,,,,,,,,,,,,,,,,,,,,,,,,,,,,,,,,,,,,,,,,,,,,,,,,0,0,,,,,26,1,,,0,,,,,,,26,26,,,,,,,,,,,,,,,,,,,,,,,,,,,,,,
15:06:53.022,,,,,,,,,,,,,,,,,,,,,,,,,,,,,,,,,,,,,,,,,,,,,,,,,,,,,,,,,,,,,,,,,,,,,,,,,,,,,,,,,,,,,,,,-50,0,0,0,0,400,0,0,0,0,,,,,,,,,,0,,,,,,0,,
15:06:53.292,,,,,,,,,,,,,,,,,,,,,,,,,,,,,,,,,,,,,,,,,,,,,,,,,,,,,,,,,,,,,,,,,,,,,0,17,123,0,,,0,825.6,,0,0.6000000000000001,9,0,30,0,,,350,825.6,,,,,,,,,,,0,0,62.5,739.6,4.443,,,,,,,,,,,,,
15:06:53.468,,,,0,,,,20,,,,,,,,,23,20,,,,,,,,23,,,,,0,,,,,,,,,,,,,,,,,,,,,,,,,,,,,,,,,,,,,,,,,,,,,,,,,,,,,,,,,,,,,,,,,,,,,,,,,,,,,,,,,,,,
15:06:53.617,13.3,2.5,739.3,,0,0,26,,22,20,20,21,22,20,20,1.84825,,,1116.1741666666667,4018227,0,0,5.13402777777778,4.10722222222222,3.85052083333333,,1706.3,1664.4,1274.6,1203.6,,4405,0,0,738,2299,3.84,12,3.84,78,0,1116.17416666667,0,62,,,,,,,,,,,,,,,,,,,,,,,,,,,,,,,,,,,,,,,,,,,,,,,,,,,,,,,,,,,,,,,,,,,,-3.8443599999999996,,,
15:06:53.798,,,,,,,,,,,,,,,,,,,,,,,,,,,,,,,,,,,,,,,,,,,,,25,25,,,,,,,28,,,,,,,,,,,,,,,,,,,,,,,,,,,,,,,,,,,,,,,,,,,,,,,,,,,,,,,,,,,,,,
15:06:53.919,,,,,,,,,,,,,,,,,,,,,,,,,,,,,,,,,,,,,,,,,,,,,,,26.5,29,31,26.5,27.5,31,,25.5,25.5,56,,,,,,,,,,,,,,,,,,,,,,,,,,,,,,,,,,,,,,,,,,,,,,,,,,22.498514564758807,,1.0892800979444444,1.0892800979444444,30.29893142161504,3.3004464285714286,,,,
15:06:54.159,,,,,,,,,,,,,,,,,,,,,,,,,,,,,,,,,,,,,,,,,,,,,,,,,,,,,,,,,8.25,85,20,13.791,742.8000000000001,33.91,13.999,25,,,,,,,,,,,,,,,,,,,,,,,,,,,,,,,,,,,,,,,,,,,,,,,,,,,
15:06:54.277,,,,,,,,,,,,,,,,,,,,,,,,,,,,,,,,,,,,,,,,,,,,,,,,,,,,,,,,,,,,,,,,,1.1,3,,,,,,,,,,,,,,,,,,,,,,,,,,,,,,,,,,,,,,,,,,,,,,,,,
15:06:54.489,,,,,,,,,,,,,,,,,,,,,,,,,,,,,,,,,,,,,,,,,,,,,,,,,,,,,,,,,,,,,,,,,,,,,,,,,,,,,,,,,,,,,,,,,,,,,,,,,,,,,,,38.3295875,13.770548300000002,56.25,,,,,,,,,,
15:06:54.760,,,,,,,,,,,,,,,,,,,,,,,,,,,,,,,,,,,,,,,,,,,,,,,,,,,,,,,,,,,,,,,,,,,0,0,,,,,26,1,,,0,,,,,,,26,26,,,,,,,,,,,,,,,,,,,,,,,,,,,,,,
15:06:54.941,,,,,,,,,,,,,,,,,,,,,,,,,,,,,,,,,,,,,,,,,,,,,,,,,,,,,,,,,,,,,,,,,,,,,,,,,,,,,,,,,,,,,,,,-50,0,0,0,0,400,0,0,0,0,,,,,,,,,,0,,,,,,0,,
15:06:55.215,,,,,,,,,,,,,,,,,,,,,,,,,,,,,,,,,,,,,,,,,,,,,,,,,,,,,,,,,,,,,,,,,,,,,0,17,123,0,,,0,825.6,,0,0.6000000000000001,9,0,30,0,,,350,825.6,,,,,,,,,,,0,0,62.5,738.4000000000001,4.443,,,,,,,,,,,,,
15:06:55.388,,,,0,,,,20,,,,,,,,,23,20,,,,,,,,23,,,,,0,,,,,,,,,,,,,,,,,,,,,,,,,,,,,,,,,,,,,,,,,,,,,,,,,,,,,,,,,,,,,,,,,,,,,,,,,,,,,,,,,,,,
15:06:55.538,13.3,12.5,738.5,,0,0,26,,22,20,20,21,22,20,20,9.23125,,,1116.1747222222223,4018229,0,0,5.12847222222222,4.10277777777778,3.84635416666667,,1706.3,1664.4,1274.6,1203.6,,4479,0,0,737,2299,3.84,24,3.84,61,0,1116.17472222222,0,62,,,,,,,,,,,,,,,,,,,,,,,,,,,,,,,,,,,,,,,,,,,,,,,,,,,,,,,,,,,,,,,,,,,,1.84625,,,
15:06:55.718,,,,,,,,,,,,,,,,,,,,,,,,,,,,,,,,,,,,,,,,,,,,,25,25,,,,,,,28,,,,,,,,,,,,,,,,,,,,,,,,,,,,,,,,,,,,,,,,,,,,,,,,,,,,,,,,,,,,,,
15:06:55.838,,,,,,,,,,,,,,,,,,,,,,,,,,,,,,,,,,,,,,,,,,,,,,,26.5,29,31,26.5,27.5,31,,25.5,25.5,56,,,,,,,,,,,,,,,,,,,,,,,,,,,,,,,,,,,,,,,,,,,,,,,,,,22.863321948269633,,1.119128970611111,1.119128970611111,6.066350710900474,16.484375,,,,
15:06:56.046,,,,,,,,,,,,,,,,,,,,,,,,,,,,,,,,,,,,,,,,,,,,,,,,,,,,,,,,,8.600000000000023,85,20,13.806000000000001,741.9000000000001,33.53,14.011,25,,,,,,,,,,,,,,,,,,,,,,,,,,,,,,,,,,,,,,,,,,,,,,,,,,,
15:06:56.167,,,,,,,,,,,,,,,,,,,,,,,,,,,,,,,,,,,,,,,,,,,,,,,,,,,,,,,,,,,,,,,,,-3.1,3,,,,,,,,,,,,,,,,,,,,,,,,,,,,,,,,,,,,,,,,,,,,,,,,,
15:06:56.383,,,,,,,,,,,,,,,,,,,,,,,,,,,,,,,,,,,,,,,,,,,,,,,,,,,,,,,,,,,,,,,,,,,,,,,,,,,,,,,,,,,,,,,,,,,,,,,,,,,,,,,41.015100000000004,13.750528,56.359375,,,,,,,,,,
15:06:56.647,,,,,,,,,,,,,,,,,,,,,,,,,,,,,,,,,,,,,,,,,,,,,,,,,,,,,,,,,,,,,,,,,,,0,0,,,,,26,1,,,0,,,,,,,26,26,,,,,,,,,,,,,,,,,,,,,,,,,,,,,,
15:06:56.828,,,,,,,,,,,,,,,,,,,,,,,,,,,,,,,,,,,,,,,,,,,,,,,,,,,,,,,,,,,,,,,,,,,,,,,,,,,,,,,,,,,,,,,,-50,0,0,0,0,400,0,0,0,0,,,,,,,,,,0,,,,,,0,,
15:06:57.102,,,,,,,,,,,,,,,,,,,,,,,,,,,,,,,,,,,,,,,,,,,,,,,,,,,,,,,,,,,,,,,,,,,,,0,17,123,0,,,0,825.6,,0,0.6000000000000001,9,0,30,0,,,350,825.6,,,,,,,,,,,0,0,62.5,738.1,4.444,,,,,,,,,,,,,
15:06:57.279,,,,0,,,,20,,,,,,,,,23,20,,,,,,,,23,,,,,0,,,,,,,,,,,,,,,,,,,,,,,,,,,,,,,,,,,,,,,,,,,,,,,,,,,,,,,,,,,,,,,,,,,,,,,,,,,,,,,,,,,,
15:06:57.429,13.3,13.5,738.2,,0,0,26,,22,20,20,21,22,20,20,9.9657,,,1116.1752777777779,4018231,0,0,5.12638888888889,4.10111111111111,3.84479166666667,,1706.3,1664.4,1274.6,1203.6,,4396,0,0,736,2299,3.84,22,3.84,61,0,1116.17527777778,0,62,,,,,,,,,,,,,,,,,,,,,,,,,,,,,,,,,,,,,,,,,,,,,,,,,,,,,,,,,,,,,,,,,,,,9.2275,,,
15:06:57.606,,,,,,,,,,,,,,,,,,,,,,,,,,,,,,,,,,,,,,,,,,,,,25,25,,,,,,,28,,,,,,,,,,,,,,,,,,,,,,,,,,,,,,,,,,,,,,,,,,,,,,,,,,,,,,,,,,,,,,
15:06:57.726,,,,,,,,,,,,,,,,,,,,,,,,,,,,,,,,,,,,,,,,,,,,,,,26.5,29,31,26.5,27.5,31,,25.5,25.5,56,,,,,,,,,,,,,,,,,,,,,,,,,,,,,,,,,,,,,,,,,,,,,,,,,,23.214786713909547,,1.1485144277222221,1.1485144277222221,5.6192741101979795,17.795892857142857,,,,
15:06:57.939,,,,,,,,,,,,,,,,,,,,,,,,,,,,,,,,,,,,,,,,,,,,,,,,,,,,,,,,,8.220000000000027,85,20,13.793,740.3000000000001,33.94,13.994,25,,,,,,,,,,,,,,,,,,,,,,,,,,,,,,,,,,,,,,,,,,,,,,,,,,,
15:06:58.056,,,,,,,,,,,,,,,,,,,,,,,,,,,,,,,,,,,,,,,,,,,,,,,,,,,,,,,,,,,,,,,,,2.8000000000000003,3,,,,,,,,,,,,,,,,,,,,,,,,,,,,,,,,,,,,,,,,,,,,,,,,,
15:06:58.270,,,,,,,,,,,,,,,,,,,,,,,,,,,,,,,,,,,,,,,,,,,,,,,,,,,,,,,,,,,,,,,,,,,,,,,,,,,,,,,,,,,,,,,,,,,,,,,,,,,,,,,46.972055,13.770548300000002,52,,,,,,,,,,
15:06:58.537,,,,,,,,,,,,,,,,,,,,,,,,,,,,,,,,,,,,,,,,,,,,,,,,,,,,,,,,,,,,,,,,,,,0,0,,,,,26,1,,,0,,,,,,,26,26,,,,,,,,,,,,,,,,,,,,,,,,,,,,,,
15:06:58.718,,,,,,,,,,,,,,,,,,,,,,,,,,,,,,,,,,,,,,,,,,,,,,,,,,,,,,,,,,,,,,,,,,,,,,,,,,,,,,,,,,,,,,,,-50,0,0,0,0,400,0,0,0,0,,,,,,,,,,0,,,,,,0,,
15:06:58.992,,,,,,,,,,,,,,,,,,,,,,,,,,,,,,,,,,,,,,,,,,,,,,,,,,,,,,,,,,,,,,,,,,,,,0,17,123,0,,,0,825.6,,0,0.6000000000000001,9,0,30,0,,,350,825.6,,,,,,,,,,,0,0,62.5,736.1,4.443,,,,,,,,,,,,,
15:06:59.169,,,,0,,,,20,,,,,,,,,23,20,,,,,,,,23,,,,,0,,,,,,,,,,,,,,,,,,,,,,,,,,,,,,,,,,,,,,,,,,,,,,,,,,,,,,,,,,,,,,,,,,,,,,,,,,,,,,,,,,,,
15:06:59.319,13.3,48.8,734.6,,0,0,26,,22,20,20,21,22,20,20,35.84848,,,1116.1758333333332,4018233,0,0,5.10138888888889,4.08111111111111,3.82604166666667,,1706.3,1664.4,1274.6,1203.6,,4512,0,0,733,2299,3.82,24,3.82,181,0,1116.17583333333,0,62,,,,,,,,,,,,,,,,,,,,,,,,,,,,,,,,,,,,,,,,,,,,,,,,,,,,,,,,,,,,,,,,,,,,35.848479999999995,,,
15:06:59.497,,,,,,,,,,,,,,,,,,,,,,,,,,,,,,,,,,,,,,,,,,,,,25,25,,,,,,,28,,,,,,,,,,,,,,,,,,,,,,,,,,,,,,,,,,,,,,,,,,,,,,,,,,,,,,,,,,,,,,
15:06:59.617,,,,,,,,,,,,,,,,,,,,,,,,,,,,,,,,,,,,,,,,,,,,,,,26.5,29,31,26.5,27.5,31,,25.5,25.5,57,,,,,,,,,,,,,,,,,,,,,,,,,,,,,,,,,,,,,,,,,,,,,,,,,,23.569642294029293,,1.1784479112222221,1.1784479112222221,1.5900255743060794,62.8920701754386,,,0.007465362352779666,
15:06:59.827,,,,,,,,,,,,,,,,,,,,,,,,,,,,,,,,,,,,,,,,,,,,,,,,,,,,,,,,,8.590000000000032,85,20,13.808,737.9000000000001,33.15,13.974,25,,,,,,,,,,,,,,,,,,,,,,,,,,,,,,,,,,,,,,,,,,,,,,,,,,,
15:06:59.946,,,,,,,,,,,,,,,,,,,,,,,,,,,,,,,,,,,,,,,,,,,,,,,,,,,,,,,,,,,,,,,,,-0.1,3,,,,,,,,,,,,,,,,,,,,,,,,,,,,,,,,,,,,,,,,,,,,,,,,,
15:07:00.189,,,,,,,,,,,,,,,,,,,,,,,,,,,,,,,,,,,,,,,,,,,,,,,,,,,,,,,,,,,,,,,,,,,,,,,,,,,,,,,,,,,,,,,,,,,,,,,,,,,,,,,55.46804,13.7588291,56,,,,,,,,,,
15:07:00.461,,,,,,,,,,,,,,,,,,,,,,,,,,,,,,,,,,,,,,,,,,,,,,,,,,,,,,,,,,,,,,,,,,,0,0,,,,,26,1,,,0,,,,,,,26,26,,,,,,,,,,,,,,,,,,,,,,,,,,,,,,
15:07:00.641,,,,,,,,,,,,,,,,,,,,,,,,,,,,,,,,,,,,,,,,,,,,,,,,,,,,,,,,,,,,,,,,,,,,,,,,,,,,,,,,,,,,,,,,-50,0,0,0,0,400,0,0,0,0,,,,,,,,,,0,,,,,,0,,
15:07:00.906,,,,,,,,,,,,,,,,,,,,,,,,,,,,,,,,,,,,,,,,,,,,,,,,,,,,,,,,,,,,,,,,,,,,,0,17,123,0,,,0,825.6,,0,0.6000000000000001,9,0,30,0,,,350,825.6,,,,,,,,,,,0,0,62,734.4000000000001,4.444,,,,,,,,,,,,,
15:07:01.089,,,,0,,,,20,,,,,,,,,23,20,,,,,,,,23,,,,,0,,,,,,,,,,,,,,,,,,,,,,,,,,,,,,,,,,,,,,,,,,,,,,,,,,,,,,,,,,,,,,,,,,,,,,,,,,,,,,,,,,,,
15:07:01.239,13.3,36.6,735.2,,0,0,26,,22,20,20,21,22,20,20,26.90832,,,1116.1763888888888,4018235,0,0,5.10555555555556,4.08444444444444,3.82916666666667,,1706.3,1664.4,1274.6,1203.6,,4751,0,0,733,2303,3.82,24,3.82,2,0,1116.17638888889,0,62,,,,,,,,,,,,,,,,,,,,,,,,,,,,,,,,,,,,,,,,,,,,,,,,,,,,,,,,,,,,,,,,,,,,26.908320000000003,,,
15:07:01.419,,,,,,,,,,,,,,,,,,,,,,,,,,,,,,,,,,,,,,,,,,,,,25,25,,,,,,,28,,,,,,,,,,,,,,,,,,,,,,,,,,,,,,,,,,,,,,,,,,,,,,,,,,,,,,,,,,,,,,
15:07:01.537,,,,,,,,,,,,,,,,,,,,,,,,,,,,,,,,,,,,,,,,,,,,,,,26.5,29,31,26.5,27.5,31,,25.5,25.5,60,,,,,,,,,,,,,,,,,,,,,,,,,,,,,,,,,,,,,,,,,,,,,,,,,,23.954178681516158,,1.2104509428888888,1.2104509428888888,2.2297936103034304,44.8472,,,0.0148715473707945,
15:07:01.747,,,,,,,,,,,,,,,,,,,,,,,,,,,,,,,,,,,,,,,,,,,,,,,,,,,,,,,,,8.20999999999998,85,20,13.791,738.5,33.6,13.997,25,,,,,,,,,,,,,,,,,,,,,,,,,,,,,,,,,,,,,,,,,,,,,,,,,,,
15:07:01.868,,,,,,,,,,,,,,,,,,,,,,,,,,,,,,,,,,,,,,,,,,,,,,,,,,,,,,,,,,,,,,,,,-4.5,3,,,,,,,,,,,,,,,,,,,,,,,,,,,,,,,,,,,,,,,,,,,,,,,,,
15:07:02.080,,,,,,,,,,,,,,,,,,,,,,,,,,,,,,,,,,,,,,,,,,,,,,,,,,,,,,,,,,,,,,,,,,,,,,,,,,,,,,,,,,,,,,,,,,,,,,,,,,,,,,,49.804050000000004,13.770548300000002,60.8125,,,,,,,,,,
15:07:02.348,,,,,,,,,,,,,,,,,,,,,,,,,,,,,,,,,,,,,,,,,,,,,,,,,,,,,,,,,,,,,,,,,,,0,0,,,,,26,1,,,0,,,,,,,26,26,,,,,,,,,,,,,,,,,,,,,,,,,,,,,,
15:07:02.529,,,,,,,,,,,,,,,,,,,,,,,,,,,,,,,,,,,,,,,,,,,,,,,,,,,,,,,,,,,,,,,,,,,,,,,,,,,,,,,,,,,,,,,,-50,0,0,0,0,400,0,0,0,0,,,,,,,,,,0,,,,,,0,,
15:07:02.802,,,,,,,,,,,,,,,,,,,,,,,,,,,,,,,,,,,,,,,,,,,,,,,,,,,,,,,,,,,,,,,,,,,,,0,17,123,0,,,0,825.6,,0,0.6000000000000001,9,0,30,0,,,350,825.6,,,,,,,,,,,0,0,62,736.1,4.444,,,,,,,,,,,,,
15:07:02.976,,,,0,,,,20,,,,,,,,,23,20,,,,,,,,23,,,,,0,,,,,,,,,,,,,,,,,,,,,,,,,,,,,,,,,,,,,,,,,,,,,,,,,,,,,,,,,,,,,,,,,,,,,,,,,,,,,,,,,,,,
15:07:03.129,13.3,26,736,,0,0,26,,22,20,20,21,22,20,20,19.136,,,1116.1769444444444,4018237,0,0,5.11111111111111,4.08888888888889,3.83333333333333,,1706.3,1664.5,1274.6,1203.6,,4822,0,0,734,2303,3.82,24,3.82,64,0,1116.17694444444,0,62,,,,,,,,,,,,,,,,,,,,,,,,,,,,,,,,,,,,,,,,,,,,,,,,,,,,,,,,,,,,,,,,,,,,26.937600000000003,,,
15:07:03.307,,,,,,,,,,,,,,,,,,,,,,,,,,,,,,,,,,,,,,,,,,,,,25.5,25.5,,,,,,,28,,,,,,,,,,,,,,,,,,,,,,,,,,,,,,,,,,,,,,,,,,,,,,,,,,,,,,,,,,,,,,
15:07:03.428,,,,,,,,,,,,,,,,,,,,,,,,,,,,,,,,,,,,,,,,,,,,,,,26.5,29,31,26.5,27.5,31,,26,26,61,,,,,,,,,,,,,,,,,,,,,,,,,,,,,,,,,,,,,,,,,,,,,,,,,,24.335271812792836,,1.2424899084999999,1.2424899084999999,3.1877090301003346,31.370491803278686,,,0.01865848634574774,
15:07:03.646,,,,,,,,,,,,,,,,,,,,,,,,,,,,,,,,,,,,,,,,,,,,,,,,,,,,,,,,,8.54000000000002,85,20,13.808,739.3000000000001,32.48,13.979,25,,,,,,,,,,,,,,,,,,,,,,,,,,,,,,,,,,,,,,,,,,,,,,,,,,,
15:07:03.785,,,,,,,,,,,,,,,,,,,,,,,,,,,,,,,,,,,,,,,,,,,,,,,,,,,,,,,,,,,,,,,,,-3.2,3,,,,,,,,,,,,,,,,,,,,,,,,,,,,,,,,,,,,,,,,,,,,,,,,,
15:07:03.998,,,,,,,,,,,,,,,,,,,,,,,,,,,,,,,,,,,,,,,,,,,,,,,,,,,,,,,,,,,,,,,,,,,,,,,,,,,,,,,,,,,,,,,,,,,,,,,,,,,,,,,47.460330000000006,13.750528,61.03125,,,,,,,,,,
15:07:04.267,,,,,,,,,,,,,,,,,,,,,,,,,,,,,,,,,,,,,,,,,,,,,,,,,,,,,,,,,,,,,,,,,,,0,0,,,,,26,1,,,0,,,,,,,26,26,,,,,,,,,,,,,,,,,,,,,,,,,,,,,,
15:07:04.447,,,,,,,,,,,,,,,,,,,,,,,,,,,,,,,,,,,,,,,,,,,,,,,,,,,,,,,,,,,,,,,,,,,,,,,,,,,,,,,,,,,,,,,,-50,0,0,0,0,400,0,0,0,0,,,,,,,,,,0,,,,,,0,,
15:07:04.717,,,,,,,,,,,,,,,,,,,,,,,,,,,,,,,,,,,,,,,,,,,,,,,,,,,,,,,,,,,,,,,,,,,,,0,17,123,0,,,0,825.6,,0,0.6000000000000001,9,0,30,0,,,350,825.6,,,,,,,,,,,0,0,62,736.1,4.442,,,,,,,,,,,,,
15:07:04.900,,,,0,,,,20,,,,,,,,,23,20,,,,,,,,23,,,,,0,,,,,,,,,,,,,,,,,,,,,,,,,,,,,,,,,,,,,,,,,,,,,,,,,,,,,,,,,,,,,,,,,,,,,,,,,,,,,,,,,,,,
15:07:05.050,13.3,25.5,736.1,,0,0,26,,22,20,20,21,22,20,20,18.77055,,,1116.1772222222223,4018238,0,0,5.11180555555556,4.08944444444444,3.83385416666667,,1706.3,1664.5,1274.6,1203.6,,4834,0,0,734,2303,3.82,24,3.82,61,0,1116.17722222222,0,62,,,,,,,,,,,,,,,,,,,,,,,,,,,,,,,,,,,,,,,,,,,,,,,,,,,,,,,,,,,,,,,,,,,,19.138600000000004,,,
15:07:05.226,,,,,,,,,,,,,,,,,,,,,,,,,,,,,,,,,,,,,,,,,,,,,25.5,25.5,,,,,,,28,,,,,,,,,,,,,,,,,,,,,,,,,,,,,,,,,,,,,,,,,,,,,,,,,,,,,,,,,,,,,,
15:07:05.345,,,,,,,,,,,,,,,,,,,,,,,,,,,,,,,,,,,,,,,,,,,,,,,26.5,29,31,26.5,28,31,,26,26,62,,,,,,,,,,,,,,,,,,,,,,,,,,,,,,,,,,,,,,,,,,,,,,,,,,24.724006503456007,,1.2755019238888887,1.2755019238888887,3.303046527672338,30.27508064516129,,,0.022307548269050775,
15:07:05.556,,,,,,,,,,,,,,,,,,,,,,,,,,,,,,,,,,,,,,,,,,,,,,,,,,,,,,,,,8.579999999999984,85,20,13.805,740.3000000000001,33.77,14.002,25,,,,,,,,,,,,,,,,,,,,,,,,,,,,,,,,,,,,,,,,,,,,,,,,,,,
15:07:05.675,,,,,,,,,,,,,,,,,,,,,,,,,,,,,,,,,,,,,,,,,,,,,,,,,,,,,,,,,,,,,,,,,-6,3,,,,,,,,,,,,,,,,,,,,,,,,,,,,,,,,,,,,,,,,,,,,,,,,,
15:07:05.890,,,,,,,,,,,,,,,,,,,,,,,,,,,,,,,,,,,,,,,,,,,,,,,,,,,,,,,,,,,,,,,,,,,,,,,,,,,,,,,,,,,,,,,,,,,,,,,,,,,,,,,42.18696,13.761270600000001,61.375,,,,,,,,,,
15:07:06.157,,,,,,,,,,,,,,,,,,,,,,,,,,,,,,,,,,,,,,,,,,,,,,,,,,,,,,,,,,,,,,,,,,,0,0,,,,,26,1,,,0,,,,,,,26,26,,,,,,,,,,,,,,,,,,,,,,,,,,,,,,
15:07:06.338,,,,,,,,,,,,,,,,,,,,,,,,,,,,,,,,,,,,,,,,,,,,,,,,,,,,,,,,,,,,,,,,,,,,,,,,,,,,,,,,,,,,,,,,-50,0,0,0,0,400,0,0,0,0,,,,,,,,,,0,,,,,,0,,
15:07:06.614,,,,,,,,,,,,,,,,,,,,,,,,,,,,,,,,,,,,,,,,,,,,,,,,,,,,,,,,,,,,,,,,,,,,,0,17,123,0,,,0,825.6,,0,0.6000000000000001,9,0,30,0,,,350,825.6,,,,,,,,,,,0,0,62,738.3000000000001,4.443,,,,,,,,,,,,,
15:07:06.790,,,,0,,,,20,,,,,,,,,23,20,,,,,,,,23,,,,,0,,,,,,,,,,,,,,,,,,,,,,,,,,,,,,,,,,,,,,,,,,,,,,,,,,,,,,,,,,,,,,,,,,,,,,,,,,,,,,,,,,,,
15:07:06.938,13.3,-2.1,738.7,,0,0,26,,22,20,20,21,22,20,20,-1.55127,,,1116.1777777777777,4018240,0,0,5.12986111111111,4.10388888888889,3.84739583333333,,1706.3,1664.5,1274.6,1203.6,,4718,0,0,737,2303,3.84,24,3.84,64,0,1116.17777777778,0,62,,,,,,,,,,,,,,,,,,,,,,,,,,,,,,,,,,,,,,,,,,,,,,,,,,,,,,,,,,,,,,,,,,,,18.836850000000002,,,
15:07:07.118,,,,,,,,,,,,,,,,,,,,,,,,,,,,,,,,,,,,,,,,,,,,,25,25,,,,,,,28,,,,,,,,,,,,,,,,,,,,,,,,,,,,,,,,,,,,,,,,,,,,,,,,,,,,,,,,,,,,,,
15:07:07.238,,,,,,,,,,,,,,,,,,,,,,,,,,,,,,,,,,,,,,,,,,,,,,,26.5,29,31,26.5,28,31,,26,26,59,,,,,,,,,,,,,,,,,,,,,,,,,,,,,,,,,,,,,,,,,,,,,,,,,,25.069822952362344,,1.3065242271388888,1.3065242271388888,-38.033353316959655,-2.6292711864406777,,,,
15:07:07.447,,,,,,,,,,,,,,,,,,,,,,,,,,,,,,,,,,,,,,,,,,,,,,,,,,,,,,,,,8.370000000000005,85,20,13.808,741.9000000000001,33.01,13.988,25,,,,,,,,,,,,,,,,,,,,,,,,,,,,,,,,,,,,,,,,,,,,,,,,,,,
15:07:07.597,,,,,,,,,,,,,,,,,,,,,,,,,,,,,,,,,,,,,,,,,,,,,,,,,,,,,,,,,,,,,,,,,-9,3,,,,,,,,,,,,,,,,,,,,,,,,,,,,,,,,,,,,,,,,,,,,,,,,,
15:07:07.808,,,,,,,,,,,,,,,,,,,,,,,,,,,,,,,,,,,,,,,,,,,,,,,,,,,,,,,,,,,,,,,,,,,,,,,,,,,,,,,,,,,,,,,,,,,,,,,,,,,,,,,36.034695,13.7515046,56,,,,,,,,,,
15:07:08.080,,,,,,,,,,,,,,,,,,,,,,,,,,,,,,,,,,,,,,,,,,,,,,,,,,,,,,,,,,,,,,,,,,,0,0,,,,,26,1,,,0,,,,,,,26,26,,,,,,,,,,,,,,,,,,,,,,,,,,,,,,
15:07:08.259,,,,,,,,,,,,,,,,,,,,,,,,,,,,,,,,,,,,,,,,,,,,,,,,,,,,,,,,,,,,,,,,,,,,,,,,,,,,,,,,,,,,,,,,-50,0,0,0,0,400,0,0,0,0,,,,,,,,,,0,,,,,,0,,
15:07:08.537,,,,,,,,,,,,,,,,,,,,,,,,,,,,,,,,,,,,,,,,,,,,,,,,,,,,,,,,,,,,,,,,,,,,,0,17,123,0,,,0,825.6,,0,0.6000000000000001,9,0,30,0,,,350,825.6,,,,,,,,,,,0,0,62,738.6,4.443,,,,,,,,,,,,,
15:07:08.707,,,,0,,,,20,,,,,,,,,23,20,,,,,,,,23,,,,,0,,,,,,,,,,,,,,,,,,,,,,,,,,,,,,,,,,,,,,,,,,,,,,,,,,,,,,,,,,,,,,,,,,,,,,,,,,,,,,,,,,,,
15:07:08.863,13.3,-10.9,739.7,,0,0,26,,22,20,20,21,22,20,20,-8.06273,,,1116.1783333333333,4018242,0,0,5.13680555555556,4.10944444444444,3.85260416666667,,1706.3,1664.5,1274.6,1203.6,,4543,0,0,738,2303,3.84,22,3.84,61,0,1116.17833333333,0,62,,,,,,,,,,,,,,,,,,,,,,,,,,,,,,,,,,,,,,,,,,,,,,,,,,,,,,,,,,,,,,,,,,,,-8.06273,,,
15:07:09.037,,,,,,,,,,,,,,,,,,,,,,,,,,,,,,,,,,,,,,,,,,,,,25,25,,,,,,,28,,,,,,,,,,,,,,,,,,,,,,,,,,,,,,,,,,,,,,,,,,,,,,,,,,,,,,,,,,,,,,
15:07:09.157,,,,,,,,,,,,,,,,,,,,,,,,,,,,,,,,,,,,,,,,,,,,,,,27,29,31,26.5,28,31,,26,26,57,,,,,,,,,,,,,,,,,,,,,,,,,,,,,,,,,,,,,,,,,,,,,,,,,,25.393246131899094,,1.3369213644722222,1.3369213644722222,-7.06956576742617,-14.145140350877194,,,,
15:07:09.398,,,,,,,,,,,,,,,,,,,,,,,,,,,,,,,,,,,,,,,,,,,,,,,,,,,,,,,,,8.550000000000011,85,20,13.806000000000001,744.6,33.65,13.991,26,,,,,,,,,,,,,,,,,,,,,,,,,,,,,,,,,,,,,,,,,,,,,,,,,,,
15:07:09.525,,,,,,,,,,,,,,,,,,,,,,,,,,,,,,,,,,,,,,,,,,,,,,,,,,,,,,,,,,,,,,,,,-2.1,3,,,,,,,,,,,,,,,,,,,,,,,,,,,,,,,,,,,,,,,,,,,,,,,,,
15:07:09.728,,,,,,,,,,,,,,,,,,,,,,,,,,,,,,,,,,,,,,,,,,,,,,,,,,,,,,,,,,,,,,,,,,,,,,,,,,,,,,,,,,,,,,,,,,,,,,,,,,,,,,,19.5798275,13.770548300000002,56.46875,,,,,,,,,,
15:07:10.031,,,,,,,,,,,,,,,,,,,,,,,,,,,,,,,,,,,,,,,,,,,,,,,,,,,,,,,,,,,,,,,,,,,0,0,,,,,26,1,,,0,,,,,,,26,26,,,,,,,,,,,,,,,,,,,,,,,,,,,,,,
15:07:10.213,,,,,,,,,,,,,,,,,,,,,,,,,,,,,,,,,,,,,,,,,,,,,,,,,,,,,,,,,,,,,,,,,,,,,,,,,,,,,,,,,,,,,,,,-50,0,0,0,0,400,0,0,0,0,,,,,,,,,,0,,,,,,0,,
15:07:10.483,,,,,,,,,,,,,,,,,,,,,,,,,,,,,,,,,,,,,,,,,,,,,,,,,,,,,,,,,,,,,,,,,,,,,0,17,123,0,,,0,825.6,,0,0.6000000000000001,9,0,30,0,,,350,825.6,,,,,,,,,,,0,0,62,742.8000000000001,4.441,,,,,,,,,,,,,
15:07:10.658,,,,0,,,,20,,,,,,,,,23,20,,,,,,,,23,,,,,0,,,,,,,,,,,,,,,,,,,,,,,,,,,,,,,,,,,,,,,,,,,,,,,,,,,,,,,,,,,,,,,,,,,,,,,,,,,,,,,,,,,,
15:07:10.808,13.3,-40.4,743,,0,0,26,,22,20,20,21,22,20,20,-30.0172,,,1116.1788888888889,4018244,0,0,5.15972222222222,4.12777777777778,3.86979166666667,,1706.3,1664.5,1274.6,1203.6,,4069,0,0,741,2297,3.86,22,3.86,64,0,1116.17888888889,0,62,,,,,,,,,,,,,,,,,,,,,,,,,,,,,,,,,,,,,,,,,,,,,,,,,,,,,,,,,,,,,,,,,,,,-8.0987,,,
15:07:10.988,,,,,,,,,,,,,,,,,,,,,,,,,,,,,,,,,,,,,,,,,,,,,25.5,25.5,,,,,,,28,,,,,,,,,,,,,,,,,,,,,,,,,,,,,,,,,,,,,,,,,,,,,,,,,,,,,,,,,,,,,,
15:07:11.108,,,,,,,,,,,,,,,,,,,,,,,,,,,,,,,,,,,,,,,,,,,,,,,27,29,31,26.5,28,31,,26,26,50,,,,,,,,,,,,,,,,,,,,,,,,,,,,,,,,,,,,,,,,,,,,,,,,,,25.64392913861355,,1.3640154964166666,1.3640154964166666,-1.6657116586490412,-60.0344,,,-0.04056904136459261,
15:07:11.317,,,,,,,,,,,,,,,,,,,,,,,,,,,,,,,,,,,,,,,,,,,,,,,,,,,,,,,,,8.03000000000003,85,20,13.783999999999999,747.1,38.83,14.003,26,,,,,,,,,,,,,,,,,,,,,,,,,,,,,,,,,,,,,,,,,,,,,,,,,,,
15:07:11.446,,,,,,,,,,,,,,,,,,,,,,,,,,,,,,,,,,,,,,,,,,,,,,,,,,,,,,,,,,,,,,,,,-8.1,3,,,,,,,,,,,,,,,,,,,,,,,,,,,,,,,,,,,,,,,,,,,,,,,,,
15:07:11.679,,,,,,,,,,,,,,,,,,,,,,,,,,,,,,,,,,,,,,,,,,,,,,,,,,,,,,,,,,,,,,,,,,,,,,,,,,,,,,,,,,,,,,,,,,,,,,,,,,,,,,,10.253775000000001,13.740762,48.484375,,,,,,,,,,
15:07:11.950,,,,,,,,,,,,,,,,,,,,,,,,,,,,,,,,,,,,,,,,,,,,,,,,,,,,,,,,,,,,,,,,,,,0,0,,,,,26,1,,,0,,,,,,,26,26,,,,,,,,,,,,,,,,,,,,,,,,,,,,,,
15:07:12.133,,,,,,,,,,,,,,,,,,,,,,,,,,,,,,,,,,,,,,,,,,,,,,,,,,,,,,,,,,,,,,,,,,,,,,,,,,,,,,,,,,,,,,,,-50,0,0,0,0,400,0,0,0,0,,,,,,,,,,0,,,,,,0,,
15:07:12.405,,,,,,,,,,,,,,,,,,,,,,,,,,,,,,,,,,,,,,,,,,,,,,,,,,,,,,,,,,,,,,,,,,,,,0,17,123,0,,,0,825.6,,0,0.6000000000000001,9,0,30,0,,,350,825.6,,,,,,,,,,,0,0,62,744.4000000000001,4.443,,,,,,,,,,,,,
15:07:12.584,,,,0,,,,20,,,,,,,,,23,20,,,,,,,,23,,,,,0,,,,,,,,,,,,,,,,,,,,,,,,,,,,,,,,,,,,,,,,,,,,,,,,,,,,,,,,,,,,,,,,,,,,,,,,,,,,,,,,,,,,
15:07:12.729,13.3,-54.6,744.9,,0,0,26,,22,20,20,21,22,20,20,-40.67154,,,1116.1794444444445,4018246,0,0,5.17291666666667,4.13833333333333,3.8796875,,1706.3,1664.5,1274.6,1203.6,,3340,0,0,743,2297,3.88,132,3.86,172,0,1116.17944444444,0,62,,,,,,,,,,,,,,,,,,,,,,,,,,,,,,,,,,,,,,,,,,,,,,,,,,,,,,,,,,,,,,,,,,,,-40.67154,,,
15:07:12.908,,,,,,,,,,,,,,,,,,,,,,,,,,,,,,,,,,,,,,,,,,,,,25.5,25.5,,,,,,,28,,,,,,,,,,,,,,,,,,,,,,,,,,,,,,,,,,,,,,,,,,,,,,,,,,,,,,,,,,,,,,
15:07:13.032,,,,,,,,,,,,,,,,,,,,,,,,,,,,,,,,,,,,,,,,,,,,,,,27,29,31,26.5,28,31,,26,26,41,,,,,,,,,,,,,,,,,,,,,,,,,,,,,,,,,,,,,,,,,,,,,,,,,,25.796647431603546,,1.3859218191944445,1.3859218191944445,-1.0080759174597274,-99.19887804878049,,,-0.07738225450213397,
15:07:13.241,,,,,,,,,,,,,,,,,,,,,,,,,,,,,,,,,,,,,,,,,,,,,,,,,,,,,,,,,8.04000000000002,85,20,13.783000000000001,749.3000000000001,38.14,13.994,26,,,,,,,,,,,,,,,,,,,,,,,,,,,,,,,,,,,,,,,,,,,,,,,,,,,
15:07:13.386,,,,,,,,,,,,,,,,,,,,,,,,,,,,,,,,,,,,,,,,,,,,,,,,,,,,,,,,,,,,,,,,,-8.5,3,,,,,,,,,,,,,,,,,,,,,,,,,,,,,,,,,,,,,,,,,,,,,,,,,
15:07:13.598,,,,,,,,,,,,,,,,,,,,,,,,,,,,,,,,,,,,,,,,,,,,,,,,,,,,,,,,,,,,,,,,,,,,,,,,,,,,,,,,,,,,,,,,,,,,,,,,,,,,,,,0,13.740762,36,,,,,,,,,,
15:07:13.898,,,,,,,,,,,,,,,,,,,,,,,,,,,,,,,,,,,,,,,,,,,,,,,,,,,,,,,,,,,,,,,,,,,0,0,,,,,26,1,,,0,,,,,,,26,26,,,,,,,,,,,,,,,,,,,,,,,,,,,,,,
15:07:14.081,,,,,,,,,,,,,,,,,,,,,,,,,,,,,,,,,,,,,,,,,,,,,,,,,,,,,,,,,,,,,,,,,,,,,,,,,,,,,,,,,,,,,,,,-50,0,0,0,0,400,0,0,0,0,,,,,,,,,,0,,,,,,0,,
15:07:14.346,,,,,,,,,,,,,,,,,,,,,,,,,,,,,,,,,,,,,,,,,,,,,,,,,,,,,,,,,,,,,,,,,,,,,0,17,123,0,,,0,825.6,,0,0.6000000000000001,9,0,30,0,,,350,825.6,,,,,,,,,,,0,0,62.5,744.4000000000001,4.444,,,,,,,,,,,,,
15:07:14.557,,,,0,,,,20,,,,,,,,,23,20,,,,,,,,23,,,,,0,,,,,,,,,,,,,,,,,,,,,,,,,,,,,,,,,,,,,,,,,,,,,,,,,,,,,,,,,,,,,,,,,,,,,,,,,,,,,,,,,,,,
15:07:14.715,13.3,-39.7,744,,0,0,26,,22,20,20,21,22,20,20,-29.5368,,,1116.18,4018248,0,0,5.16666666666667,4.13333333333333,3.875,,1706.4,1664.5,1274.6,1203.6,,2472,0,0,742,2297,3.86,24,3.86,61,0,1116.18,0,62,,,,,,,,,,,,,,,,,,,,,,,,,,,,,,,,,,,,,,,,,,,,,,,,,,,,,,,,,,,,,,,,,,,,-40.6224,,,
15:07:14.888,,,,,,,,,,,,,,,,,,,,,,,,,,,,,,,,,,,,,,,,,,,,,25.5,25.5,,,,,,,28,,,,,,,,,,,,,,,,,,,,,,,,,,,,,,,,,,,,,,,,,,,,,,,,,,,,,,,,,,,,,,
15:07:15.007,,,,,,,,,,,,,,,,,,,,,,,,,,,,,,,,,,,,,,,,,,,,,,,27,29,31,26.5,28,31,,26,26,29,,,,,,,,,,,,,,,,,,,,,,,,,,,,,,,,,,,,,,,,,,,,,,,,,,25.829031552832667,,1.4018336745277777,1.4018336745277777,-0.9818260610492674,-101.85103448275862,,,-0.1093747266724234,
15:07:15.217,,,,,,,,,,,,,,,,,,,,,,,,,,,,,,,,,,,,,,,,,,,,,,,,,,,,,,,,,8.04000000000002,85,20,13.783000000000001,747.1,38.41,13.995,26,,,,,,,,,,,,,,,,,,,,,,,,,,,,,,,,,,,,,,,,,,,,,,,,,,,
15:07:15.336,,,,,,,,,,,,,,,,,,,,,,,,,,,,,,,,,,,,,,,,,,,,,,,,,,,,,,,,,,,,,,,,,-34.6,3,,,,,,,,,,,,,,,,,,,,,,,,,,,,,,,,,,,,,,,,,,,,,,,,,
15:07:15.580,,,,,,,,,,,,,,,,,,,,,,,,,,,,,,,,,,,,,,,,,,,,,,,,,,,,,,,,,,,,,,,,,,,,,,,,,,,,,,,,,,,,,,,,,,,,,,,,,,,,,,,0,13.739785399999999,24,,,,,,,,,,
15:07:15.879,,,,,,,,,,,,,,,,,,,,,,,,,,,,,,,,,,,,,,,,,,,,,,,,,,,,,,,,,,,,,,,,,,,0,0,,,,,26,1,,,0,,,,,,,26,26,,,,,,,,,,,,,,,,,,,,,,,,,,,,,,
15:07:16.060,,,,,,,,,,,,,,,,,,,,,,,,,,,,,,,,,,,,,,,,,,,,,,,,,,,,,,,,,,,,,,,,,,,,,,,,,,,,,,,,,,,,,,,,-50,0,0,0,0,400,0,0,0,0,,,,,,,,,,0,,,,,,0,,
15:07:16.331,,,,,,,,,,,,,,,,,,,,,,,,,,,,,,,,,,,,,,,,,,,,,,,,,,,,,,,,,,,,,,,,,,,,,0,17,123,0,,,0,825.6,,0,0.6000000000000001,9,0,30,0,,,350,825.6,,,,,,,,,,,0,0,62.5,743.2,4.444,,,,,,,,,,,,,
15:07:16.506,,,,0,,,,20,,,,,,,,,23,20,,,,,,,,23,,,,,0,,,,,,,,,,,,,,,,,,,,,,,,,,,,,,,,,,,,,,,,,,,,,,,,,,,,,,,,,,,,,,,,,,,,,,,,,,,,,,,,,,,,
15:07:16.689,13.3,-19.4,742.3,,0,0,26,,22,20,20,21,22,20,20,-14.40062,,,1116.1805555555557,4018250,0,0,5.15486111111111,4.12388888888889,3.86614583333333,,1706.4,1664.5,1274.6,1203.6,,1705,0,0,741,2297,3.86,19,3.86,2,0,1116.18055555556,0,62,,,,,,,,,,,,,,,,,,,,,,,,,,,,,,,,,,,,,,,,,,,,,,,,,,,,,,,,,,,,,,,,,,,,-14.400619999999996,,,
15:07:16.867,,,,,,,,,,,,,,,,,,,,,,,,,,,,,,,,,,,,,,,,,,,,,25.5,25.5,,,,,,,28,,,,,,,,,,,,,,,,,,,,,,,,,,,,,,,,,,,,,,,,,,,,,,,,,,,,,,,,,,,,,,
15:07:16.992,,,,,,,,,,,,,,,,,,,,,,,,,,,,,,,,,,,,,,,,,,,,,,,27,29,31,26.5,28,31,,26,26,20,,,,,,,,,,,,,,,,,,,,,,,,,,,,,,,,,,,,,,,,,,,,,,,,,,25.77040233865707,,1.412862472861111,1.412862472861111,-1.3888290920807576,-72.0031,,,-0.1337654222928938,
15:07:17.196,,,,,,,,,,,,,,,,,,,,,,,,,,,,,,,,,,,,,,,,,,,,,,,,,,,,,,,,,8.400000000000034,85,20,13.798,745.6,38.88,14.022,26,,,,,,,,,,,,,,,,,,,,,,,,,,,,,,,,,,,,,,,,,,,,,,,,,,,
15:07:17.325,,,,,,,,,,,,,,,,,,,,,,,,,,,,,,,,,,,,,,,,,,,,,,,,,,,,,,,,,,,,,,,,,14.9,3,,,,,,,,,,,,,,,,,,,,,,,,,,,,,,,,,,,,,,,,,,,,,,,,,
15:07:17.528,,,,,,,,,,,,,,,,,,,,,,,,,,,,,,,,,,,,,,,,,,,,,,,,,,,,,,,,,,,,,,,,,,,,,,,,,,,,,,,,,,,,,,,,,,,,,,,,,,,,,,,2.9784775000000003,13.760294,16,,,,,,,,,,
15:07:17.828,,,,,,,,,,,,,,,,,,,,,,,,,,,,,,,,,,,,,,,,,,,,,,,,,,,,,,,,,,,,,,,,,,,0,0,,,,,26,1,,,0,,,,,,,26,26,,,,,,,,,,,,,,,,,,,,,,,,,,,,,,
15:07:18.012,,,,,,,,,,,,,,,,,,,,,,,,,,,,,,,,,,,,,,,,,,,,,,,,,,,,,,,,,,,,,,,,,,,,,,,,,,,,,,,,,,,,,,,,-50,0,0,0,0,400,0,0,0,0,,,,,,,,,,0,,,,,,0,,
15:07:18.282,,,,,,,,,,,,,,,,,,,,,,,,,,,,,,,,,,,,,,,,,,,,,,,,,,,,,,,,,,,,,,,,,,,,,0,17,123,0,,,0,825.6,,0,0.6000000000000001,9,0,30,0,,,350,825.6,,,,,,,,,,,0,0,62.5,742.2,4.444,,,,,,,,,,,,,
15:07:18.464,,,,0,,,,20,,,,,,,,,23,20,,,,,,,,23,,,,,0,,,,,,,,,,,,,,,,,,,,,,,,,,,,,,,,,,,,,,,,,,,,,,,,,,,,,,,,,,,,,,,,,,,,,,,,,,,,,,,,,,,,
15:07:18.608,13.3,-14.5,741.9,,0,0,26,,22,20,20,21,22,20,20,-10.75755,,,1116.181111111111,4018252,0,0,5.15208333333333,4.12166666666667,3.8640625,,1706.4,1664.5,1274.6,1203.6,,1010,0,0,740,2299,3.86,24,3.86,2,0,1116.18111111111,0,62,,,,,,,,,,,,,,,,,,,,,,,,,,,,,,,,,,,,,,,,,,,,,,,,,,,,,,,,,,,,,,,,,,,,-10.757549999999998,,,
15:07:18.788,,,,,,,,,,,,,,,,,,,,,,,,,,,,,,,,,,,,,,,,,,,,,25.5,25.5,,,,,,,28,,,,,,,,,,,,,,,,,,,,,,,,,,,,,,,,,,,,,,,,,,,,,,,,,,,,,,,,,,,,,,
15:07:18.912,,,,,,,,,,,,,,,,,,,,,,,,,,,,,,,,,,,,,,,,,,,,,,,27,29,31,26.5,28,31,,26,26,11,,,,,,,,,,,,,,,,,,,,,,,,,,,,,,,,,,,,,,,,,,,,,,,,,,25.628141092603368,,1.418727477611111,1.418727477611111,-1.022537659597213,-97.79590909090909,,,-0.1415655038336256,
15:07:19.123,,,,,,,,,,,,,,,,,,,,,,,,,,,,,,,,,,,,,,,,,,,,,,,,,,,,,,,,,8.319999999999993,85,20,13.799,745.2,38.8,14.016,26,,,,,,,,,,,,,,,,,,,,,,,,,,,,,,,,,,,,,,,,,,,,,,,,,,,
15:07:19.238,,,,,,,,,,,,,,,,,,,,,,,,,,,,,,,,,,,,,,,,,,,,,,,,,,,,,,,,,,,,,,,,,18.400000000000002,3,,,,,,,,,,,,,,,,,,,,,,,,,,,,,,,,,,,,,,,,,,,,,,,,,
15:07:19.449,,,,,,,,,,,,,,,,,,,,,,,,,,,,,,,,,,,,,,,,,,,,,,,,,,,,,,,,,,,,,,,,,,,,,,,,,,,,,,,,,,,,,,,,,,,,,,,,,,,,,,,0.14648250000000002,13.760294,8.78125,,,,,,,,,,
15:07:19.718,,,,,,,,,,,,,,,,,,,,,,,,,,,,,,,,,,,,,,,,,,,,,,,,,,,,,,,,,,,,,,,,,,,0,0,,,,,26,1,,,0,,,,,,,26,26,,,,,,,,,,,,,,,,,,,,,,,,,,,,,,
15:07:19.900,,,,,,,,,,,,,,,,,,,,,,,,,,,,,,,,,,,,,,,,,,,,,,,,,,,,,,,,,,,,,,,,,,,,,,,,,,,,,,,,,,,,,,,,-50,0,0,0,0,400,0,0,0,0,,,,,,,,,,0,,,,,,0,,
15:07:20.174,,,,,,,,,,,,,,,,,,,,,,,,,,,,,,,,,,,,,,,,,,,,,,,,,,,,,,,,,,,,,,,,,,,,,0,17,123,0,,,0,825.6,,0,0.6000000000000001,9,0,30,0,,,350,825.6,,,,,,,,,,,0,0,62.5,741,4.444,,,,,,,,,,,,,
15:07:20.350,,,,0,,,,20,,,,,,,,,23,20,,,,,,,,23,,,,,0,,,,,,,,,,,,,,,,,,,,,,,,,,,,,,,,,,,,,,,,,,,,,,,,,,,,,,,,,,,,,,,,,,,,,,,,,,,,,,,,,,,,
15:07:20.500,13.3,-2.1,740.7,,0,0,26,,22,20,20,21,22,20,20,-1.55547,,,1116.1816666666666,4018254,0,0,5.14375,4.115,3.8578125,,1706.4,1664.5,1274.6,1203.6,,395,0,0,739,2299,3.86,24,3.84,2,0,1116.18166666667,0,62,,,,,,,,,,,,,,,,,,,,,,,,,,,,,,,,,,,,,,,,,,,,,,,,,,,,,,,,,,,,,,,,,,,,-1.5554700000000004,,,
15:07:20.676,,,,,,,,,,,,,,,,,,,,,,,,,,,,,,,,,,,,,,,,,,,,,25.5,25.5,,,,,,,28,,,,,,,,,,,,,,,,,,,,,,,,,,,,,,,,,,,,,,,,,,,,,,,,,,,,,,,,,,,,,,
15:07:20.797,,,,,,,,,,,,,,,,,,,,,,,,,,,,,,,,,,,,,,,,,,,,,,,27,29,31,26.5,28,31,,26,26,4,,,,,,,,,,,,,,,,,,,,,,,,,,,,,,,,,,,,,,,,,,,,,,,,,,25.425473793325068,,1.4208220493888888,1.4208220493888888,-2.5715700077789996,-38.88674999999999,,,-0.13497540484487655,
15:07:21.007,,,,,,,,,,,,,,,,,,,,,,,,,,,,,,,,,,,,,,,,,,,,,,,,,,,,,,,,,8.319999999999993,85,20,13.801,744,38.29,14.031,26,,,,,,,,,,,,,,,,,,,,,,,,,,,,,,,,,,,,,,,,,,,,,,,,,,,
15:07:21.128,,,,,,,,,,,,,,,,,,,,,,,,,,,,,,,,,,,,,,,,,,,,,,,,,,,,,,,,,,,,,,,,,17.7,3,,,,,,,,,,,,,,,,,,,,,,,,,,,,,,,,,,,,,,,,,,,,,,,,,
15:07:21.339,,,,,,,,,,,,,,,,,,,,,,,,,,,,,,,,,,,,,,,,,,,,,,,,,,,,,,,,,,,,,,,,,,,,,,,,,,,,,,,,,,,,,,,,,,,,,,,,,,,,,,,5.27337,13.760294,0,,,,,,,,,,
15:07:21.607,,,,,,,,,,,,,,,,,,,,,,,,,,,,,,,,,,,,,,,,,,,,,,,,,,,,,,,,,,,,,,,,,,,0,0,,,,,26,1,,,0,,,,,,,26,26,,,,,,,,,,,,,,,,,,,,,,,,,,,,,,
15:07:21.788,,,,,,,,,,,,,,,,,,,,,,,,,,,,,,,,,,,,,,,,,,,,,,,,,,,,,,,,,,,,,,,,,,,,,,,,,,,,,,,,,,,,,,,,-50,0,0,0,0,400,0,0,0,0,,,,,,,,,,0,,,,,,0,,
15:07:22.065,,,,,,,,,,,,,,,,,,,,,,,,,,,,,,,,,,,,,,,,,,,,,,,,,,,,,,,,,,,,,,,,,,,,,0,17,123,0,,,0,825.6,,0,0.6000000000000001,9,0,30,0,,,350,825.6,,,,,,,,,,,0,0,62.5,740.4000000000001,4.444,,,,,,,,,,,,,
15:07:22.238,,,,0,,,,20,,,,,,,,,23,20,,,,,,,,23,,,,,0,,,,,,,,,,,,,,,,,,,,,,,,,,,,,,,,,,,,,,,,,,,,,,,,,,,,,,,,,,,,,,,,,,,,,,,,,,,,,,,,,,,,
15:07:22.390,13.3,0.6,740.3,,0,0,26,,22,20,20,21,22,20,20,0.44418,,,1116.1822222222222,4018256,0,0,5.14097222222222,4.11277777777778,3.85572916666667,,1706.4,1664.5,1274.6,1203.6,,52,0,0,739,2299,3.84,24,3.84,2,0,1116.18222222222,0,62,,,,,,,,,,,,,,,,,,,,,,,,,,,,,,,,,,,,,,,,,,,,,,,,,,,,,,,,,,,,,,,,,,,,-1.55463,,,
15:07:22.567,,,,,,,,,,,,,,,,,,,,,,,,,,,,,,,,,,,,,,,,,,,,,25.5,25.5,,,,,,,28,,,,,,,,,,,,,,,,,,,,,,,,,,,,,,,,,,,,,,,,,,,,,,,,,,,,,,,,,,,,,,
15:07:22.687,,,,,,,,,,,,,,,,,,,,,,,,,,,,,,,,,,,,,,,,,,,,,,,27,29,31,26.5,28,31,,26,26,0,,,,,,,,,,,,,,,,,,,,,,,,,,,,,,,,,,,,,,,,,,,,,,,,,,25.18883395306942,,1.4208220493888888,1.4208220493888888,0,,,,-0.10696107096307006,
15:07:22.898,,,,,,,,,,,,,,,,,,,,,,,,,,,,,,,,,,,,,,,,,,,,,,,,,,,,,,,,,8.29000000000002,85,20,13.801,744,38.6,14.031,26,,,,,,,,,,,,,,,,,,,,,,,,,,,,,,,,,,,,,,,,,,,,,,,,,,,
15:07:23.016,,,,,,,,,,,,,,,,,,,,,,,,,,,,,,,,,,,,,,,,,,,,,,,,,,,,,,,,,,,,,,,,,-5.5,3,,,,,,,,,,,,,,,,,,,,,,,,,,,,,,,,,,,,,,,,,,,,,,,,,
15:07:23.228,,,,,,,,,,,,,,,,,,,,,,,,,,,,,,,,,,,,,,,,,,,,,,,,,,,,,,,,,,,,,,,,,,,,,,,,,,,,,,,,,,,,,,,,,,,,,,,,,,,,,,,6.4452300000000005,13.7695717,0.34375,,,,,,,,,,
15:07:23.531,,,,,,,,,,,,,,,,,,,,,,,,,,,,,,,,,,,,,,,,,,,,,,,,,,,,,,,,,,,,,,,,,,,0,0,,,,,26,1,,,0,,,,,,,26,26,,,,,,,,,,,,,,,,,,,,,,,,,,,,,,
15:07:23.707,,,,,,,,,,,,,,,,,,,,,,,,,,,,,,,,,,,,,,,,,,,,,,,,,,,,,,,,,,,,,,,,,,,,,,,,,,,,,,,,,,,,,,,,-50,0,0,0,0,400,0,0,0,0,,,,,,,,,,0,,,,,,0,,
15:07:23.982,,,,,,,,,,,,,,,,,,,,,,,,,,,,,,,,,,,,,,,,,,,,,,,,,,,,,,,,,,,,,,,,,,,,,0,17,123,0,,,0,825.6,,0,0.6000000000000001,9,0,30,0,,,350,825.6,,,,,,,,,,,0,0,62.5,740.2,4.444,,,,,,,,,,,,,
15:07:24.158,,,,0,,,,20,,,,,,,,,23,20,,,,,,,,23,,,,,0,,,,,,,,,,,,,,,,,,,,,,,,,,,,,,,,,,,,,,,,,,,,,,,,,,,,,,,,,,,,,,,,,,,,,,,,,,,,,,,,,,,,
15:07:24.314,13.3,0.7,740.2,,0,0,26,,22,20,20,21,22,20,20,0.51814,,,1116.1827777777778,4018258,0,0,5.14027777777778,4.11222222222222,3.85520833333333,,1706.4,1664.5,1274.6,1203.6,,5,0,0,738,2299,3.84,23,3.84,61,0,1116.18277777778,0,62,,,,,,,,,,,,,,,,,,,,,,,,,,,,,,,,,,,,,,,,,,,,,,,,,,,,,,,,,,,,,,,,,,,,0.44412,,,
15:07:24.489,,,,,,,,,,,,,,,,,,,,,,,,,,,,,,,,,,,,,,,,,,,,,25.5,25.5,,,,,,,28,,,,,,,,,,,,,,,,,,,,,,,,,,,,,,,,,,,,,,,,,,,,,,,,,,,,,,,,,,,,,,
15:07:24.607,,,,,,,,,,,,,,,,,,,,,,,,,,,,,,,,,,,,,,,,,,,,,,,27,29,31,26.5,28,31,,26,26,0,,,,,,,,,,,,,,,,,,,,,,,,,,,,,,,,,,,,,,,,,,,,,,,,,,24.9528023400878,,1.4208220493888888,1.4208220493888888,0,,,,-0.07440076973299783,
15:07:24.817,,,,,,,,,,,,,,,,,,,,,,,,,,,,,,,,,,,,,,,,,,,,,,,,,,,,,,,,,8.29000000000002,85,20,13.802,744,38.03,14.033,26,,,,,,,,,,,,,,,,,,,,,,,,,,,,,,,,,,,,,,,,,,,,,,,,,,,
15:07:24.946,,,,,,,,,,,,,,,,,,,,,,,,,,,,,,,,,,,,,,,,,,,,,,,,,,,,,,,,,,,,,,,,,-4.1000000000000005,3,,,,,,,,,,,,,,,,,,,,,,,,,,,,,,,,,,,,,,,,,,,,,,,,,
15:07:25.179,,,,,,,,,,,,,,,,,,,,,,,,,,,,,,,,,,,,,,,,,,,,,,,,,,,,,,,,,,,,,,,,,,,,,,,,,,,,,,,,,,,,,,,,,,,,,,,,,,,,,,,7.7635725,13.7695717,0.109375,,,,,,,,,,
15:07:25.479,,,,,,,,,,,,,,,,,,,,,,,,,,,,,,,,,,,,,,,,,,,,,,,,,,,,,,,,,,,,,,,,,,,0,0,,,,,26,1,,,0,,,,,,,26,26,,,,,,,,,,,,,,,,,,,,,,,,,,,,,,
15:07:25.658,,,,,,,,,,,,,,,,,,,,,,,,,,,,,,,,,,,,,,,,,,,,,,,,,,,,,,,,,,,,,,,,,,,,,,,,,,,,,,,,,,,,,,,,-50,0,0,0,0,400,0,0,0,0,,,,,,,,,,0,,,,,,0,,
15:07:25.932,,,,,,,,,,,,,,,,,,,,,,,,,,,,,,,,,,,,,,,,,,,,,,,,,,,,,,,,,,,,,,,,,,,,,0,17,123,0,,,0,825.6,,0,0.6000000000000001,9,0,30,0,,,350,825.6,,,,,,,,,,,0,0,62.5,740.2,4.443,,,,,,,,,,,,,
15:07:26.138,,,,0,,,,20,,,,,,,,,23,20,,,,,,,,23,,,,,0,,,,,,,,,,,,,,,,,,,,,,,,,,,,,,,,,,,,,,,,,,,,,,,,,,,,,,,,,,,,,,,,,,,,,,,,,,,,,,,,,,,,
15:07:26.294,13.3,0.7,740.2,,0,0,26,,22,20,20,21,22,20,20,0.51814,,,1116.1833333333334,4018260,0,0,5.14027777777778,4.11222222222222,3.85520833333333,,1706.4,1664.5,1274.6,1203.6,,9,0,0,738,2299,3.84,24,3.84,61,0,1116.18333333333,0,62,,,,,,,,,,,,,,,,,,,,,,,,,,,,,,,,,,,,,,,,,,,,,,,,,,,,,,,,,,,,,,,,,,,,0.5181399999999999,,,
15:07:26.467,,,,,,,,,,,,,,,,,,,,,,,,,,,,,,,,,,,,,,,,,,,,,25.5,25.5,,,,,,,28,,,,,,,,,,,,,,,,,,,,,,,,,,,,,,,,,,,,,,,,,,,,,,,,,,,,,,,,,,,,,,
15:07:26.587,,,,,,,,,,,,,,,,,,,,,,,,,,,,,,,,,,,,,,,,,,,,,,,27,29,31,26.5,28,31,,26,26,0,,,,,,,,,,,,,,,,,,,,,,,,,,,,,,,,,,,,,,,,,,,,,,,,,,24.71419588525277,,1.4208220493888888,1.4208220493888888,0,,,,-0.04059623047638065,
15:07:26.798,,,,,,,,,,,,,,,,,,,,,,,,,,,,,,,,,,,,,,,,,,,,,,,,,,,,,,,,,8.28000000000003,85,20,13.803,744,38.25,14.017,26,,,,,,,,,,,,,,,,,,,,,,,,,,,,,,,,,,,,,,,,,,,,,,,,,,,
15:07:26.917,,,,,,,,,,,,,,,,,,,,,,,,,,,,,,,,,,,,,,,,,,,,,,,,,,,,,,,,,,,,,,,,,-4.2,3,,,,,,,,,,,,,,,,,,,,,,,,,,,,,,,,,,,,,,,,,,,,,,,,,
15:07:27.128,,,,,,,,,,,,,,,,,,,,,,,,,,,,,,,,,,,,,,,,,,,,,,,,,,,,,,,,,,,,,,,,,,,,,,,,,,,,,,,,,,,,,,,,,,,,,,,,,,,,,,,7.7635725,13.7695717,0.0625,,,,,,,,,,
15:07:27.427,,,,,,,,,,,,,,,,,,,,,,,,,,,,,,,,,,,,,,,,,,,,,,,,,,,,,,,,,,,,,,,,,,,0,0,,,,,26,1,,,0,,,,,,,26,26,,,,,,,,,,,,,,,,,,,,,,,,,,,,,,
15:07:27.608,,,,,,,,,,,,,,,,,,,,,,,,,,,,,,,,,,,,,,,,,,,,,,,,,,,,,,,,,,,,,,,,,,,,,,,,,,,,,,,,,,,,,,,,-50,0,0,0,0,400,0,0,0,0,,,,,,,,,,0,,,,,,0,,
15:07:27.881,,,,,,,,,,,,,,,,,,,,,,,,,,,,,,,,,,,,,,,,,,,,,,,,,,,,,,,,,,,,,,,,,,,,,0,17,123,0,,,0,825.6,,0,0.6000000000000001,9,0,30,0,,,350,825.6,,,,,,,,,,,0,0,62.5,740.2,4.443,,,,,,,,,,,,,
15:07:28.056,,,,0,,,,20,,,,,,,,,23,20,,,,,,,,23,,,,,0,,,,,,,,,,,,,,,,,,,,,,,,,,,,,,,,,,,,,,,,,,,,,,,,,,,,,,,,,,,,,,,,,,,,,,,,,,,,,,,,,,,,
15:07:28.208,13.3,0.7,740.2,,0,0,26,,22,20,20,21,22,20,20,0.51814,,,1116.183888888889,4018262,0,0,5.14027777777778,4.11222222222222,3.85520833333333,,1706.4,1664.5,1274.6,1203.6,,4,0,0,738,2298,3.84,24,3.84,2,0,1116.18388888889,0,62,,,,,,,,,,,,,,,,,,,,,,,,,,,,,,,,,,,,,,,,,,,,,,,,,,,,,,,,,,,,,,,,,,,,0.5181399999999999,,,
15:07:28.388,,,,,,,,,,,,,,,,,,,,,,,,,,,,,,,,,,,,,,,,,,,,,25.5,25.5,,,,,,,28,,,,,,,,,,,,,,,,,,,,,,,,,,,,,,,,,,,,,,,,,,,,,,,,,,,,,,,,,,,,,,
15:07:28.508,,,,,,,,,,,,,,,,,,,,,,,,,,,,,,,,,,,,,,,,,,,,,,,27,29,31,26.5,28,31,,26,26,0,,,,,,,,,,,,,,,,,,,,,,,,,,,,,,,,,,,,,,,,,,,,,,,,,,24.48692722885146,,1.4208220493888888,1.4208220493888888,0,,,,-0.01469351576406864,
15:07:28.726,,,,,,,,,,,,,,,,,,,,,,,,,,,,,,,,,,,,,,,,,,,,,,,,,,,,,,,,,8.329999999999984,85,20,13.801,744,38.52,14.033,26,,,,,,,,,,,,,,,,,,,,,,,,,,,,,,,,,,,,,,,,,,,,,,,,,,,
15:07:28.837,,,,,,,,,,,,,,,,,,,,,,,,,,,,,,,,,,,,,,,,,,,,,,,,,,,,,,,,,,,,,,,,,-4.9,3,,,,,,,,,,,,,,,,,,,,,,,,,,,,,,,,,,,,,,,,,,,,,,,,,
15:07:29.083,,,,,,,,,,,,,,,,,,,,,,,,,,,,,,,,,,,,,,,,,,,,,,,,,,,,,,,,,,,,,,,,,,,,,,,,,,,,,,,,,,,,,,,,,,,,,,,,,,,,,,,7.7635725,13.7695717,0.109375,,,,,,,,,,
15:07:29.379,,,,,,,,,,,,,,,,,,,,,,,,,,,,,,,,,,,,,,,,,,,,,,,,,,,,,,,,,,,,,,,,,,,0,0,,,,,26,1,,,0,,,,,,,26,26,,,,,,,,,,,,,,,,,,,,,,,,,,,,,,
15:07:29.558,,,,,,,,,,,,,,,,,,,,,,,,,,,,,,,,,,,,,,,,,,,,,,,,,,,,,,,,,,,,,,,,,,,,,,,,,,,,,,,,,,,,,,,,-50,0,0,0,0,400,0,0,0,0,,,,,,,,,,0,,,,,,0,,
15:07:29.830,,,,,,,,,,,,,,,,,,,,,,,,,,,,,,,,,,,,,,,,,,,,,,,,,,,,,,,,,,,,,,,,,,,,,0,17,123,0,,,0,825.6,,0,0.6000000000000001,9,0,30,0,,,350,825.6,,,,,,,,,,,0,0,62.5,740.1,4.444,,,,,,,,,,,,,
15:07:30.008,,,,0,,,,20,,,,,,,,,23,20,,,,,,,,23,,,,,0,,,,,,,,,,,,,,,,,,,,,,,,,,,,,,,,,,,,,,,,,,,,,,,,,,,,,,,,,,,,,,,,,,,,,,,,,,,,,,,,,,,,
15:07:30.162,13.3,0.8,740.1,,0,0,26,,22,20,20,21,22,20,20,0.59208,,,1116.1844444444444,4018264,0,0,5.13958333333333,4.11166666666667,3.8546875,,1706.4,1664.5,1274.6,1203.6,,3,0,0,738,2298,3.84,24,3.84,78,0,1116.18444444444,0,62,,,,,,,,,,,,,,,,,,,,,,,,,,,,,,,,,,,,,,,,,,,,,,,,,,,,,,,,,,,,,,,,,,,,0.5180699999999999,,,
15:07:30.338,,,,,,,,,,,,,,,,,,,,,,,,,,,,,,,,,,,,,,,,,,,,,25.5,25.5,,,,,,,28,,,,,,,,,,,,,,,,,,,,,,,,,,,,,,,,,,,,,,,,,,,,,,,,,,,,,,,,,,,,,,
15:07:30.458,,,,,,,,,,,,,,,,,,,,,,,,,,,,,,,,,,,,,,,,,,,,,,,27,29,31,26.5,28,31,,26,26,0,,,,,,,,,,,,,,,,,,,,,,,,,,,,,,,,,,,,,,,,,,,,,,,,,,24.260413351702677,,1.4208220493888888,1.4208220493888888,0,,,,0,
15:07:30.665,,,,,,,,,,,,,,,,,,,,,,,,,,,,,,,,,,,,,,,,,,,,,,,,,,,,,,,,,8.230000000000018,85,20,13.801,744,37.99,14.032,26,,,,,,,,,,,,,,,,,,,,,,,,,,,,,,,,,,,,,,,,,,,,,,,,,,,
15:07:30.786,,,,,,,,,,,,,,,,,,,,,,,,,,,,,,,,,,,,,,,,,,,,,,,,,,,,,,,,,,,,,,,,,-5.5,3,,,,,,,,,,,,,,,,,,,,,,,,,,,,,,,,,,,,,,,,,,,,,,,,,
15:07:30.998,,,,,,,,,,,,,,,,,,,,,,,,,,,,,,,,,,,,,,,,,,,,,,,,,,,,,,,,,,,,,,,,,,,,,,,,,,,,,,,,,,,,,,,,,,,,,,,,,,,,,,,7.7635725,13.740762,0.109375,,,,,,,,,,
15:07:31.301,,,,,,,,,,,,,,,,,,,,,,,,,,,,,,,,,,,,,,,,,,,,,,,,,,,,,,,,,,,,,,,,,,,0,0,,,,,26,1,,,0,,,,,,,26,26,,,,,,,,,,,,,,,,,,,,,,,,,,,,,,
15:07:31.480,,,,,,,,,,,,,,,,,,,,,,,,,,,,,,,,,,,,,,,,,,,,,,,,,,,,,,,,,,,,,,,,,,,,,,,,,,,,,,,,,,,,,,,,-50,0,0,0,0,400,0,0,0,0,,,,,,,,,,0,,,,,,0,,
15:07:31.749,,,,,,,,,,,,,,,,,,,,,,,,,,,,,,,,,,,,,,,,,,,,,,,,,,,,,,,,,,,,,,,,,,,,,0,17,123,0,,,0,825.6,,0,0.6000000000000001,9,0,30,0,,,350,825.6,,,,,,,,,,,0,0,62.5,740.1,4.443,,,,,,,,,,,,,
15:07:31.928,,,,0,,,,20,,,,,,,,,23,20,,,,,,,,23,,,,,0,,,,,,,,,,,,,,,,,,,,,,,,,,,,,,,,,,,,,,,,,,,,,,,,,,,,,,,,,,,,,,,,,,,,,,,,,,,,,,,,,,,,
15:07:32.077,13.3,0.8,740.1,,0,0,26,,22,20,20,21,22,20,20,0.59208,,,1116.185,4018266,0,0,5.13958333333333,4.11166666666667,3.8546875,,1706.4,1664.5,1274.6,1203.6,,3,0,0,738,2298,3.84,24,3.84,78,0,1116.185,0,62,,,,,,,,,,,,,,,,,,,,,,,,,,,,,,,,,,,,,,,,,,,,,,,,,,,,,,,,,,,,,,,,,,,,0.59208,,,
15:07:32.258,,,,,,,,,,,,,,,,,,,,,,,,,,,,,,,,,,,,,,,,,,,,,25.5,25.5,,,,,,,28,,,,,,,,,,,,,,,,,,,,,,,,,,,,,,,,,,,,,,,,,,,,,,,,,,,,,,,,,,,,,,
15:07:32.383,,,,,,,,,,,,,,,,,,,,,,,,,,,,,,,,,,,,,,,,,,,,,,,27,29,31,26.5,28,31,,26,26,0,,,,,,,,,,,,,,,,,,,,,,,,,,,,,,,,,,,,,,,,,,,,,,,,,,24.040927510729926,,1.4208220493888888,1.4208220493888888,0,,,,0,
15:07:32.616,,,,,,,,,,,,,,,,,,,,,,,,,,,,,,,,,,,,,,,,,,,,,,,,,,,,,,,,,8.180000000000007,85,20,13.799,744,38.66,14.011,26,,,,,,,,,,,,,,,,,,,,,,,,,,,,,,,,,,,,,,,,,,,,,,,,,,,
15:07:32.745,,,,,,,,,,,,,,,,,,,,,,,,,,,,,,,,,,,,,,,,,,,,,,,,,,,,,,,,,,,,,,,,,-5.7,3,,,,,,,,,,,,,,,,,,,,,,,,,,,,,,,,,,,,,,,,,,,,,,,,,
15:07:32.979,,,,,,,,,,,,,,,,,,,,,,,,,,,,,,,,,,,,,,,,,,,,,,,,,,,,,,,,,,,,,,,,,,,,,,,,,,,,,,,,,,,,,,,,,,,,,,,,,,,,,,,7.7635725,13.760294,0.109375,,,,,,,,,,
15:07:33.279,,,,,,,,,,,,,,,,,,,,,,,,,,,,,,,,,,,,,,,,,,,,,,,,,,,,,,,,,,,,,,,,,,,0,0,,,,,26,1,,,0,,,,,,,26,26,,,,,,,,,,,,,,,,,,,,,,,,,,,,,,
15:07:33.460,,,,,,,,,,,,,,,,,,,,,,,,,,,,,,,,,,,,,,,,,,,,,,,,,,,,,,,,,,,,,,,,,,,,,,,,,,,,,,,,,,,,,,,,-50,0,0,0,0,400,0,0,0,0,,,,,,,,,,0,,,,,,0,,
15:07:33.732,,,,,,,,,,,,,,,,,,,,,,,,,,,,,,,,,,,,,,,,,,,,,,,,,,,,,,,,,,,,,,,,,,,,,0,17,123,0,,,0,825.6,,0,0.6000000000000001,9,0,30,0,,,350,825.6,,,,,,,,,,,0,0,62.5,740.1,4.443,,,,,,,,,,,,,
15:07:33.908,,,,0,,,,20,,,,,,,,,23,20,,,,,,,,23,,,,,0,,,,,,,,,,,,,,,,,,,,,,,,,,,,,,,,,,,,,,,,,,,,,,,,,,,,,,,,,,,,,,,,,,,,,,,,,,,,,,,,,,,,
15:07:34.058,13.3,1.1,740,,0,0,26,,22,20,20,21,22,20,20,0.814,,,1116.1852777777779,4018267,0,0,5.13888888888889,4.11111111111111,3.85416666666667,,1706.4,1664.5,1274.6,1203.6,,6,0,0,738,2298,3.84,23,3.84,61,0,1116.18527777778,0,62,,,,,,,,,,,,,,,,,,,,,,,,,,,,,,,,,,,,,,,,,,,,,,,,,,,,,,,,,,,,,,,,,,,,0.592,,,
15:07:34.239,,,,,,,,,,,,,,,,,,,,,,,,,,,,,,,,,,,,,,,,,,,,,25.5,25.5,,,,,,,29,,,,,,,,,,,,,,,,,,,,,,,,,,,,,,,,,,,,,,,,,,,,,,,,,,,,,,,,,,,,,,
15:07:34.358,,,,,,,,,,,,,,,,,,,,,,,,,,,,,,,,,,,,,,,,,,,,,,,27,29,31,26.5,28,31,,26,26,0,,,,,,,,,,,,,,,,,,,,,,,,,,,,,,,,,,,,,,,,,,,,,,,,,,23.819316468937377,,1.4208220493888888,1.4208220493888888,0,,,,0,
15:07:34.566,,,,,,,,,,,,,,,,,,,,,,,,,,,,,,,,,,,,,,,,,,,,,,,,,,,,,,,,,8.129999999999995,85,20,13.799,744,38.61,14.026,26,,,,,,,,,,,,,,,,,,,,,,,,,,,,,,,,,,,,,,,,,,,,,,,,,,,
15:07:34.715,,,,,,,,,,,,,,,,,,,,,,,,,,,,,,,,,,,,,,,,,,,,,,,,,,,,,,,,,,,,,,,,,-5.7,3,,,,,,,,,,,,,,,,,,,,,,,,,,,,,,,,,,,,,,,,,,,,,,,,,
15:07:34.929,,,,,,,,,,,,,,,,,,,,,,,,,,,,,,,,,,,,,,,,,,,,,,,,,,,,,,,,,,,,,,,,,,,,,,,,,,,,,,,,,,,,,,,,,,,,,,,,,,,,,,,7.7635725,13.760294,0.0625,,,,,,,,,,
15:07:35.228,,,,,,,,,,,,,,,,,,,,,,,,,,,,,,,,,,,,,,,,,,,,,,,,,,,,,,,,,,,,,,,,,,,0,0,,,,,26,1,,,0,,,,,,,26,26,,,,,,,,,,,,,,,,,,,,,,,,,,,,,,
15:07:35.409,,,,,,,,,,,,,,,,,,,,,,,,,,,,,,,,,,,,,,,,,,,,,,,,,,,,,,,,,,,,,,,,,,,,,,,,,,,,,,,,,,,,,,,,-50,0,0,0,0,400,0,0,0,0,,,,,,,,,,0,,,,,,0,,
15:07:35.681,,,,,,,,,,,,,,,,,,,,,,,,,,,,,,,,,,,,,,,,,,,,,,,,,,,,,,,,,,,,,,,,,,,,,0,17,123,0,,,0,825.6,,0,0.6000000000000001,9,0,30,0,,,350,825.6,,,,,,,,,,,0,0,62.5,740,4.443,,,,,,,,,,,,,
15:07:35.856,,,,0,,,,20,,,,,,,,,23,20,,,,,,,,23,,,,,0,,,,,,,,,,,,,,,,,,,,,,,,,,,,,,,,,,,,,,,,,,,,,,,,,,,,,,,,,,,,,,,,,,,,,,,,,,,,,,,,,,,,
15:07:36.009,13.3,1.3,740,,0,0,26,,22,20,20,21,22,20,20,0.962,,,1116.1858333333332,4018269,0,0,5.13888888888889,4.11111111111111,3.85416666666667,,1706.4,1664.5,1274.6,1203.6,,2,0,0,738,2298,3.84,24,3.84,78,0,1116.18583333333,0,62,,,,,,,,,,,,,,,,,,,,,,,,,,,,,,,,,,,,,,,,,,,,,,,,,,,,,,,,,,,,,,,,,,,,0.8140000000000002,,,
15:07:36.187,,,,,,,,,,,,,,,,,,,,,,,,,,,,,,,,,,,,,,,,,,,,,26,26,,,,,,,31,,,,,,,,,,,,,,,,,,,,,,,,,,,,,,,,,,,,,,,,,,,,,,,,,,,,,,,,,,,,,,
15:07:36.309,,,,,,,,,,,,,,,,,,,,,,,,,,,,,,,,,,,,,,,,,,,,,,,27,29,30.5,26.5,28,30.5,,26,26,0,,,,,,,,,,,,,,,,,,,,,,,,,,,,,,,,,,,,,,,,,,,,,,,,,,23.605321299342492,,1.4208220493888888,1.4208220493888888,0,,,,0,
15:07:36.518,,,,,,,,,,,,,,,,,,,,,,,,,,,,,,,,,,,,,,,,,,,,,,,,,,,,,,,,,8.139999999999986,86,20,13.799,744,39.05,14.028,26,,,,,,,,,,,,,,,,,,,,,,,,,,,,,,,,,,,,,,,,,,,,,,,,,,,
15:07:36.645,,,,,,,,,,,,,,,,,,,,,,,,,,,,,,,,,,,,,,,,,,,,,,,,,,,,,,,,,,,,,,,,,-6.1000000000000005,3,,,,,,,,,,,,,,,,,,,,,,,,,,,,,,,,,,,,,,,,,,,,,,,,,
15:07:36.848,,,,,,,,,,,,,,,,,,,,,,,,,,,,,,,,,,,,,,,,,,,,,,,,,,,,,,,,,,,,,,,,,,,,,,,,,,,,,,,,,,,,,,,,,,,,,,,,,,,,,,,7.7635725,13.760294,0.0625,,,,,,,,,,
15:07:37.148,,,,,,,,,,,,,,,,,,,,,,,,,,,,,,,,,,,,,,,,,,,,,,,,,,,,,,,,,,,,,,,,,,,0,0,,,,,26,1,,,0,,,,,,,26,26,,,,,,,,,,,,,,,,,,,,,,,,,,,,,,
15:07:37.331,,,,,,,,,,,,,,,,,,,,,,,,,,,,,,,,,,,,,,,,,,,,,,,,,,,,,,,,,,,,,,,,,,,,,,,,,,,,,,,,,,,,,,,,-50,0,0,0,0,400,0,0,0,0,,,,,,,,,,0,,,,,,0,,
15:07:37.601,,,,,,,,,,,,,,,,,,,,,,,,,,,,,,,,,,,,,,,,,,,,,,,,,,,,,,,,,,,,,,,,,,,,,0,17,123,0,,,0,825.6,,0,0.6000000000000001,9,0,30,0,,,350,825.6,,,,,,,,,,,0,0,62.5,740,4.442,,,,,,,,,,,,,
15:07:37.778,,,,0,,,,20,,,,,,,,,23,20,,,,,,,,23,,,,,0,,,,,,,,,,,,,,,,,,,,,,,,,,,,,,,,,,,,,,,,,,,,,,,,,,,,,,,,,,,,,,,,,,,,,,,,,,,,,,,,,,,,
15:07:37.929,13.3,1.4,740,,0,0,26,,22,20,20,21,22,20,20,1.036,,,1116.1863888888888,4018271,0,0,5.13888888888889,4.11111111111111,3.85416666666667,,1706.4,1664.5,1274.6,1203.6,,46,0,0,738,2360,3.84,24,3.84,64,0,1116.18638888889,0,62,,,,,,,,,,,,,,,,,,,,,,,,,,,,,,,,,,,,,,,,,,,,,,,,,,,,,,,,,,,,,,,,,,,,0.962,,,
15:07:38.107,,,,,,,,,,,,,,,,,,,,,,,,,,,,,,,,,,,,,,,,,,,,,28.5,28.5,,,,,,,35,,,,,,,,,,,,,,,,,,,,,,,,,,,,,,,,,,,,,,,,,,,,,,,,,,,,,,,,,,,,,,
15:07:38.230,,,,,,,,,,,,,,,,,,,,,,,,,,,,,,,,,,,,,,,,,,,,,,,27,29,30.5,26.5,28,30.5,,26,26,0,,,,,,,,,,,,,,,,,,,,,,,,,,,,,,,,,,,,,,,,,,,,,,,,,,23.397913393009368,,1.4208220493888888,1.4208220493888888,0,,,,0,
15:07:38.438,,,,,,,,,,,,,,,,,,,,,,,,,,,,,,,,,,,,,,,,,,,,,,,,,,,,,,,,,8.560000000000002,86,20,13.821,742.9000000000001,34.07,14.023,26,,,,,,,,,,,,,,,,,,,,,,,,,,,,,,,,,,,,,,,,,,,,,,,,,,,
15:07:38.585,,,,,,,,,,,,,,,,,,,,,,,,,,,,,,,,,,,,,,,,,,,,,,,,,,,,,,,,,,,,,,,,,-12.5,3,,,,,,,,,,,,,,,,,,,,,,,,,,,,,,,,,,,,,,,,,,,,,,,,,
15:07:38.828,,,,,,,,,,,,,,,,,,,,,,,,,,,,,,,,,,,,,,,,,,,,,,,,,,,,,,,,,,,,,,,,,,,,,,,,,,,,,,,,,,,,,,,,,,,,,,,,,,,,,,,85.6922625,13.7007214,5.6875,,,,,,,,,,
15:07:39.128,,,,,,,,,,,,,,,,,,,,,,,,,,,,,,,,,,,,,,,,,,,,,,,,,,,,,,,,,,,,,,,,,,,0,0,,,,,26,1,,,0,,,,,,,26,26,,,,,,,,,,,,,,,,,,,,,,,,,,,,,,
15:07:39.310,,,,,,,,,,,,,,,,,,,,,,,,,,,,,,,,,,,,,,,,,,,,,,,,,,,,,,,,,,,,,,,,,,,,,,,,,,,,,,,,,,,,,,,,-50,0,0,0,0,400,0,0,0,0,,,,,,,,,,0,,,,,,0,,
15:07:39.581,,,,,,,,,,,,,,,,,,,,,,,,,,,,,,,,,,,,,,,,,,,,,,,,,,,,,,,,,,,,,,,,,,,,,0,17,123,0,,,0,825.6,,0,0.6000000000000001,9,0,30,0,,,350,825.6,,,,,,,,,,,0,0,62.5,738.3000000000001,4.443,,,,,,,,,,,,,
15:07:39.758,,,,0,,,,20,,,,,,,,,23,20,,,,,,,,23,,,,,0,,,,,,,,,,,,,,,,,,,,,,,,,,,,,,,,,,,,,,,,,,,,,,,,,,,,,,,,,,,,,,,,,,,,,,,,,,,,,,,,,,,,
15:07:39.907,13.3,5.9,739.4,,0,0,27,,22,20,20,21,22,20,20,4.36246,,,1116.1869444444444,4018273,0,0,5.13472222222222,4.10777777777778,3.85104166666667,,1706.4,1664.5,1274.6,1203.6,,1010,0,0,737,2360,3.84,23,3.84,2,0,1116.18694444444,0,62,,,,,,,,,,,,,,,,,,,,,,,,,,,,,,,,,,,,,,,,,,,,,,,,,,,,,,,,,,,,,,,,,,,,4.3624600000000004,,,
15:07:40.087,,,,,,,,,,,,,,,,,,,,,,,,,,,,,,,,,,,,,,,,,,,,,32.5,32.5,,,,,,,37,,,,,,,,,,,,,,,,,,,,,,,,,,,,,,,,,,,,,,,,,,,,,,,,,,,,,,,,,,,,,,
15:07:40.207,,,,,,,,,,,,,,,,,,,,,,,,,,,,,,,,,,,,,,,,,,,,,,,27,29,30.5,26.5,27.5,30.5,,26,26,13,,,,,,,,,,,,,,,,,,,,,,,,,,,,,,,,,,,,,,,,,,,,,,,,,,23.304710966032708,,1.4279620346944444,1.4279620346944444,2.979970016917061,33.55738461538461,,,0.04706251918211763,
15:07:40.417,,,,,,,,,,,,,,,,,,,,,,,,,,,,,,,,,,,,,,,,,,,,,,,,,,,,,,,,,7.150000000000034,86,20,13.746,744,48.17,14.032,27,,,,,,,,,,,,,,,,,,,,,,,,,,,,,,,,,,,,,,,,,,,,,,,,,,,
15:07:40.545,,,,,,,,,,,,,,,,,,,,,,,,,,,,,,,,,,,,,,,,,,,,,,,,,,,,,,,,,,,,,,,,,-8.3,3,,,,,,,,,,,,,,,,,,,,,,,,,,,,,,,,,,,,,,,,,,,,,,,,,
15:07:40.778,,,,,,,,,,,,,,,,,,,,,,,,,,,,,,,,,,,,,,,,,,,,,,,,,,,,,,,,,,,,,,,,,,,,,,,,,,,,,,,,,,,,,,,,,,,,,,,,,,,,,,,20.214585000000003,13.7095108,13.046875,,,,,,,,,,
15:07:41.079,,,,,,,,,,,,,,,,,,,,,,,,,,,,,,,,,,,,,,,,,,,,,,,,,,,,,,,,,,,,,,,,,,,0,0,,,,,26,1,,,0,,,,,,,26,26,,,,,,,,,,,,,,,,,,,,,,,,,,,,,,
15:07:41.258,,,,,,,,,,,,,,,,,,,,,,,,,,,,,,,,,,,,,,,,,,,,,,,,,,,,,,,,,,,,,,,,,,,,,,,,,,,,,,,,,,,,,,,,-50,0,0,0,0,400,0,0,0,0,,,,,,,,,,0,,,,,,0,,
15:07:41.532,,,,,,,,,,,,,,,,,,,,,,,,,,,,,,,,,,,,,,,,,,,,,,,,,,,,,,,,,,,,,,,,,,,,,0,17,123,0,,,0,825.6,,0,0.6000000000000001,9,0,30,0,,,350,825.6,,,,,,,,,,,0,0,62.5,740.3000000000001,4.444,,,,,,,,,,,,,
15:07:41.706,,,,0,,,,20,,,,,,,,,23,20,,,,,,,,23,,,,,0,,,,,,,,,,,,,,,,,,,,,,,,,,,,,,,,,,,,,,,,,,,,,,,,,,,,,,,,,,,,,,,,,,,,,,,,,,,,,,,,,,,,
15:07:41.859,13.3,-2.9,740.3,,0,0,27,,22,20,20,21,22,20,20,-2.14687,,,1116.1875,4018275,0,0,5.14097222222222,4.11277777777778,3.85572916666667,,1706.4,1664.5,1274.6,1203.6,,902,0,0,739,2360,3.84,22,3.84,61,0,1116.1875,0,62,,,,,,,,,,,,,,,,,,,,,,,,,,,,,,,,,,,,,,,,,,,,,,,,,,,,,,,,,,,,,,,,,,,,-2.14687,,,
15:07:42.099,,,,,,,,,,,,,,,,,,,,,,,,,,,,,,,,,,,,,,,,,,,,,33.5,33.5,,,,,,,38,,,,,,,,,,,,,,,,,,,,,,,,,,,,,,,,,,,,,,,,,,,,,,,,,,,,,,,,,,,,,,
15:07:42.217,,,,,,,,,,,,,,,,,,,,,,,,,,,,,,,,,,,,,,,,,,,,,,,26.5,29,30.5,26.5,27.5,30.5,,26,26,11,,,,,,,,,,,,,,,,,,,,,,,,,,,,,,,,,,,,,,,,,,,,,,,,,,23.19362608828171,,1.4341023107777777,1.4341023107777777,-5.123738279448686,-19.517,,,,
15:07:42.427,,,,,,,,,,,,,,,,,,,,,,,,,,,,,,,,,,,,,,,,,,,,,,,,,,,,,,,,,8.879999999999995,86,20,13.828,744,35.15,14.043,27,,,,,,,,,,,,,,,,,,,,,,,,,,,,,,,,,,,,,,,,,,,,,,,,,,,
15:07:42.545,,,,,,,,,,,,,,,,,,,,,,,,,,,,,,,,,,,,,,,,,,,,,,,,,,,,,,,,,,,,,,,,,6.2,3,,,,,,,,,,,,,,,,,,,,,,,,,,,,,,,,,,,,,,,,,,,,,,,,,
15:07:42.757,,,,,,,,,,,,,,,,,,,,,,,,,,,,,,,,,,,,,,,,,,,,,,,,,,,,,,,,,,,,,,,,,,,,,,,,,,,,,,,,,,,,,,,,,,,,,,,,,,,,,,,26.7086425,13.790568599999999,8,,,,,,,,,,
15:07:43.058,,,,,,,,,,,,,,,,,,,,,,,,,,,,,,,,,,,,,,,,,,,,,,,,,,,,,,,,,,,,,,,,,,,0,0,,,,,26,1,,,0,,,,,,,26,26,,,,,,,,,,,,,,,,,,,,,,,,,,,,,,
15:07:43.240,,,,,,,,,,,,,,,,,,,,,,,,,,,,,,,,,,,,,,,,,,,,,,,,,,,,,,,,,,,,,,,,,,,,,,,,,,,,,,,,,,,,,,,,-50,0,0,0,0,400,0,0,0,0,,,,,,,,,,0,,,,,,0,,
15:07:43.507,,,,,,,,,,,,,,,,,,,,,,,,,,,,,,,,,,,,,,,,,,,,,,,,,,,,,,,,,,,,,,,,,,,,,0,17,123,0,,,0,825.6,,0,0.6000000000000001,9,0,30,0,,,350,825.6,,,,,,,,,,,0,0,62.5,739.8000000000001,4.444,,,,,,,,,,,,,
15:07:43.686,,,,0,,,,20,,,,,,,,,23,20,,,,,,,,23,,,,,0,,,,,,,,,,,,,,,,,,,,,,,,,,,,,,,,,,,,,,,,,,,,,,,,,,,,,,,,,,,,,,,,,,,,,,,,,,,,,,,,,,,,
15:07:43.838,13.3,-2.3,740.2,,0,0,27,,22,20,20,21,22,20,20,-1.70246,,,1116.1880555555556,4018277,0,0,5.14027777777778,4.11222222222222,3.85520833333333,,1706.4,1664.5,1274.6,1203.6,,840,0,0,739,2360,3.84,24,3.84,64,0,1116.18805555556,0,62,,,,,,,,,,,,,,,,,,,,,,,,,,,,,,,,,,,,,,,,,,,,,,,,,,,,,,,,,,,,,,,,,,,,-1.70246,,,
15:07:44.050,,,,,,,,,,,,,,,,,,,,,,,,,,,,,,,,,,,,,,,,,,,,,34,34,,,,,,,38,,,,,,,,,,,,,,,,,,,,,,,,,,,,,,,,,,,,,,,,,,,,,,,,,,,,,,,,,,,,,,
15:07:44.167,,,,,,,,,,,,,,,,,,,,,,,,,,,,,,,,,,,,,,,,,,,,,,,26.5,29,31,26,26.5,31,,26,26,9,,,,,,,,,,,,,,,,,,,,,,,,,,,,,,,,,,,,,,,,,,,,,,,,,,23.070318075127815,,1.4389791772777778,1.4389791772777778,-5.2864678171587,-18.91622222222222,,,,
15:07:44.377,,,,,,,,,,,,,,,,,,,,,,,,,,,,,,,,,,,,,,,,,,,,,,,,,,,,,,,,,7.560000000000002,86,20,13.780000000000001,744,42.52,14.032,27,,,,,,,,,,,,,,,,,,,,,,,,,,,,,,,,,,,,,,,,,,,,,,,,,,,
15:07:44.505,,,,,,,,,,,,,,,,,,,,,,,,,,,,,,,,,,,,,,,,,,,,,,,,,,,,,,,,,,,,,,,,,9.9,3,,,,,,,,,,,,,,,,,,,,,,,,,,,,,,,,,,,,,,,,,,,,,,,,,
15:07:44.707,,,,,,,,,,,,,,,,,,,,,,,,,,,,,,,,,,,,,,,,,,,,,,,,,,,,,,,,,,,,,,,,,,,,,,,,,,,,,,,,,,,,,,,,,,,,,,,,,,,,,,,10.937360000000002,13.760294,8.21875,,,,,,,,,,
15:07:45.038,,,,,,,,,,,,,,,,,,,,,,,,,,,,,,,,,,,,,,,,,,,,,,,,,,,,,,,,,,,,,,,,,,,0,0,,,,,26,1,,,0,,,,,,,26,26,,,,,,,,,,,,,,,,,,,,,,,,,,,,,,
15:07:45.225,,,,,,,,,,,,,,,,,,,,,,,,,,,,,,,,,,,,,,,,,,,,,,,,,,,,,,,,,,,,,,,,,,,,,,,,,,,,,,,,,,,,,,,,-50,0,0,0,0,400,0,0,0,0,,,,,,,,,,0,,,,,,0,,
15:07:45.488,,,,,,,,,,,,,,,,,,,,,,,,,,,,,,,,,,,,,,,,,,,,,,,,,,,,,,,,,,,,,,,,,,,,,0,17,123,0,,,0,825.6,,0,0.6000000000000001,9,0,30,0,,,350,825.6,,,,,,,,,,,0,0,62.5,740.4000000000001,4.443,,,,,,,,,,,,,
15:07:45.696,,,,0,,,,20,,,,,,,,,23,20,,,,,,,,23,,,,,0,,,,,,,,,,,,,,,,,,,,,,,,,,,,,,,,,,,,,,,,,,,,,,,,,,,,,,,,,,,,,,,,,,,,,,,,,,,,,,,,,,,,
15:07:45.848,13.3,-1.2,740.2,,0,0,27,,22,20,20,21,22,20,20,-0.88824,,,1116.1886111111112,4018279,0,0,5.14027777777778,4.11222222222222,3.85520833333333,,1706.4,1664.5,1274.6,1203.6,,357,0,0,739,2463,3.84,24,3.84,64,0,1116.18861111111,0,62,,,,,,,,,,,,,,,,,,,,,,,,,,,,,,,,,,,,,,,,,,,,,,,,,,,,,,,,,,,,,,,,,,,,-1.70246,,,
15:07:46.027,,,,,,,,,,,,,,,,,,,,,,,,,,,,,,,,,,,,,,,,,,,,,34,34,,,,,,,38,,,,,,,,,,,,,,,,,,,,,,,,,,,,,,,,,,,,,,,,,,,,,,,,,,,,,,,,,,,,,,
15:07:46.146,,,,,,,,,,,,,,,,,,,,,,,,,,,,,,,,,,,,,,,,,,,,,,,26,29,31,25.5,25.5,31,,26,26,3,,,,,,,,,,,,,,,,,,,,,,,,,,,,,,,,,,,,,,,,,,,,,,,,,,22.89498964874194,,1.4406282169444444,1.4406282169444444,-3.3774655498513915,-29.608,,,0.010734281939683657,
15:07:46.357,,,,,,,,,,,,,,,,,,,,,,,,,,,,,,,,,,,,,,,,,,,,,,,,,,,,,,,,,8.110000000000014,86,20,13.799,744,42.28,14.044,27,,,,,,,,,,,,,,,,,,,,,,,,,,,,,,,,,,,,,,,,,,,,,,,,,,,
15:07:46.477,,,,,,,,,,,,,,,,,,,,,,,,,,,,,,,,,,,,,,,,,,,,,,,,,,,,,,,,,,,,,,,,,16.2,3,,,,,,,,,,,,,,,,,,,,,,,,,,,,,,,,,,,,,,,,,,,,,,,,,
15:07:46.687,,,,,,,,,,,,,,,,,,,,,,,,,,,,,,,,,,,,,,,,,,,,,,,,,,,,,,,,,,,,,,,,,,,,,,,,,,,,,,,,,,,,,,,,,,,,,,,,,,,,,,,8.788950000000002,13.760294,0,,,,,,,,,,
15:07:46.989,,,,,,,,,,,,,,,,,,,,,,,,,,,,,,,,,,,,,,,,,,,,,,,,,,,,,,,,,,,,,,,,,,,0,0,,,,,26,1,,,0,,,,,,,26,26,,,,,,,,,,,,,,,,,,,,,,,,,,,,,,
15:07:47.168,,,,,,,,,,,,,,,,,,,,,,,,,,,,,,,,,,,,,,,,,,,,,,,,,,,,,,,,,,,,,,,,,,,,,,,,,,,,,,,,,,,,,,,,-50,0,0,0,0,400,0,0,0,0,,,,,,,,,,0,,,,,,0,,
15:07:47.473,,,,,,,,,,,,,,,,,,,,,,,,,,,,,,,,,,,,,,,,,,,,,,,,,,,,,,,,,,,,,,,,,,,,,0,17,123,0,,,0,825.6,,0,0.6000000000000001,9,0,30,0,,,350,825.6,,,,,,,,,,,0,0,62.5,740,4.443,,,,,,,,,,,,,
15:07:47.648,,,,0,,,,20,,,,,,,,,23,20,,,,,,,,23,,,,,0,,,,,,,,,,,,,,,,,,,,,,,,,,,,,,,,,,,,,,,,,,,,,,,,,,,,,,,,,,,,,,,,,,,,,,,,,,,,,,,,,,,,
15:07:47.799,13.3,1.6,739.9,,0,0,27,,22,20,20,21,22,20,20,1.18384,,,1116.1891666666668,4018281,0,0,5.13819444444444,4.11055555555556,3.85364583333333,,1706.4,1664.5,1274.6,1203.6,,103,0,0,738,2463,3.84,22,3.84,78,0,1116.18916666667,0,62,,,,,,,,,,,,,,,,,,,,,,,,,,,,,,,,,,,,,,,,,,,,,,,,,,,,,,,,,,,,,,,,,,,,-0.88788,,,
15:07:47.979,,,,,,,,,,,,,,,,,,,,,,,,,,,,,,,,,,,,,,,,,,,,,34,34,,,,,,,38,,,,,,,,,,,,,,,,,,,,,,,,,,,,,,,,,,,,,,,,,,,,,,,,,,,,,,,,,,,,,,
15:07:48.099,,,,,,,,,,,,,,,,,,,,,,,,,,,,,,,,,,,,,,,,,,,,,,,24.5,29,31,25,24.5,31,,26,26,1,,,,,,,,,,,,,,,,,,,,,,,,,,,,,,,,,,,,,,,,,,,,,,,,,,22.7078795544584,,1.4411705814166667,1.4411705814166667,0.8447087444249223,118.384,,,-0.04307130174331155,
15:07:48.369,,,,,,,,,,,,,,,,,,,,,,,,,,,,,,,,,,,,,,,,,,,,,,,,,,,,,,,,,8.100000000000023,86,20,13.802,744,41.87,14.041,27,,,,,,,,,,,,,,,,,,,,,,,,,,,,,,,,,,,,,,,,,,,,,,,,,,,
15:07:48.517,,,,,,,,,,,,,,,,,,,,,,,,,,,,,,,,,,,,,,,,,,,,,,,,,,,,,,,,,,,,,,,,,0.2,3,,,,,,,,,,,,,,,,,,,,,,,,,,,,,,,,,,,,,,,,,,,,,,,,,
15:07:48.730,,,,,,,,,,,,,,,,,,,,,,,,,,,,,,,,,,,,,,,,,,,,,,,,,,,,,,,,,,,,,,,,,,,,,,,,,,,,,,,,,,,,,,,,,,,,,,,,,,,,,,,8.300675,13.7695717,0.84375,,,,,,,,,,
15:07:49.031,,,,,,,,,,,,,,,,,,,,,,,,,,,,,,,,,,,,,,,,,,,,,,,,,,,,,,,,,,,,,,,,,,,0,0,,,,,26,1,,,0,,,,,,,26,26,,,,,,,,,,,,,,,,,,,,,,,,,,,,,,
15:07:49.210,,,,,,,,,,,,,,,,,,,,,,,,,,,,,,,,,,,,,,,,,,,,,,,,,,,,,,,,,,,,,,,,,,,,,,,,,,,,,,,,,,,,,,,,-50,0,0,0,0,400,0,0,0,0,,,,,,,,,,0,,,,,,0,,
15:07:49.480,,,,,,,,,,,,,,,,,,,,,,,,,,,,,,,,,,,,,,,,,,,,,,,,,,,,,,,,,,,,,,,,,,,,,0,17,123,0,,,0,825.6,,0,0.6000000000000001,9,0,30,0,,,350,825.6,,,,,,,,,,,0,0,62.5,739.9000000000001,4.444,,,,,,,,,,,,,
15:07:49.658,,,,0,,,,20,,,,,,,,,23,20,,,,,,,,23,,,,,0,,,,,,,,,,,,,,,,,,,,,,,,,,,,,,,,,,,,,,,,,,,,,,,,,,,,,,,,,,,,,,,,,,,,,,,,,,,,,,,,,,,,
15:07:49.810,13.3,1.9,739.9,,0,0,27,,22,20,20,21,22,20,20,1.40581,,,1116.1897222222221,4018283,0,0,5.13819444444444,4.11055555555556,3.85364583333333,,1706.4,1664.5,1274.6,1203.6,,76,0,0,738,2463,3.84,22,3.84,2,0,1116.18972222222,0,62,,,,,,,,,,,,,,,,,,,,,,,,,,,,,,,,,,,,,,,,,,,,,,,,,,,,,,,,,,,,,,,,,,,,1.18384,,,
15:07:49.990,,,,,,,,,,,,,,,,,,,,,,,,,,,,,,,,,,,,,,,,,,,,,34,34,,,,,,,38,,,,,,,,,,,,,,,,,,,,,,,,,,,,,,,,,,,,,,,,,,,,,,,,,,,,,,,,,,,,,,
15:07:50.111,,,,,,,,,,,,,,,,,,,,,,,,,,,,,,,,,,,,,,,,,,,,,,,23,29,31,24.5,23.5,31,,26,26,0,,,,,,,,,,,,,,,,,,,,,,,,,,,,,,,,,,,,,,,,,,,,,,,,,,22.50965651358819,,1.4411705814166667,1.4411705814166667,0,,,,-0.0394704220796492,
15:07:50.319,,,,,,,,,,,,,,,,,,,,,,,,,,,,,,,,,,,,,,,,,,,,,,,,,,,,,,,,,8.550000000000011,86,20,13.826,743.5,36.63,14.015,27,,,,,,,,,,,,,,,,,,,,,,,,,,,,,,,,,,,,,,,,,,,,,,,,,,,
15:07:50.436,,,,,,,,,,,,,,,,,,,,,,,,,,,,,,,,,,,,,,,,,,,,,,,,,,,,,,,,,,,,,,,,,9.700000000000001,3,,,,,,,,,,,,,,,,,,,,,,,,,,,,,,,,,,,,,,,,,,,,,,,,,
15:07:50.650,,,,,,,,,,,,,,,,,,,,,,,,,,,,,,,,,,,,,,,,,,,,,,,,,,,,,,,,,,,,,,,,,,,,,,,,,,,,,,,,,,,,,,,,,,,,,,,,,,,,,,,46.8255725,13.7695717,0,,,,,,,,,,
15:07:50.923,,,,,,,,,,,,,,,,,,,,,,,,,,,,,,,,,,,,,,,,,,,,,,,,,,,,,,,,,,,,,,,,,,,0,0,,,,,26,1,,,0,,,,,,,26,26,,,,,,,,,,,,,,,,,,,,,,,,,,,,,,
15:07:51.103,,,,,,,,,,,,,,,,,,,,,,,,,,,,,,,,,,,,,,,,,,,,,,,,,,,,,,,,,,,,,,,,,,,,,,,,,,,,,,,,,,,,,,,,-50,0,0,0,0,400,0,0,0,0,,,,,,,,,,0,,,,,,0,,
15:07:51.369,,,,,,,,,,,,,,,,,,,,,,,,,,,,,,,,,,,,,,,,,,,,,,,,,,,,,,,,,,,,,,,,,,,,,0,17,123,0,,,0,825.6,,0,0.6000000000000001,9,0,30,0,,,350,825.6,,,,,,,,,,,0,0,62.5,739.7,4.444,,,,,,,,,,,,,
15:07:51.550,,,,0,,,,20,,,,,,,,,23,20,,,,,,,,23,,,,,0,,,,,,,,,,,,,,,,,,,,,,,,,,,,,,,,,,,,,,,,,,,,,,,,,,,,,,,,,,,,,,,,,,,,,,,,,,,,,,,,,,,,
15:07:51.700,13.3,2.1,739.8,,0,0,27,,22,20,20,21,22,20,20,1.55358,,,1116.1902777777777,4018285,0,0,5.1375,4.11,3.853125,,1706.4,1664.5,1274.6,1203.6,,370,0,0,738,2463,3.84,22,3.84,61,0,1116.19027777778,0,62,,,,,,,,,,,,,,,,,,,,,,,,,,,,,,,,,,,,,,,,,,,,,,,,,,,,,,,,,,,,,,,,,,,,1.4056199999999999,,,
15:07:51.910,,,,,,,,,,,,,,,,,,,,,,,,,,,,,,,,,,,,,,,,,,,,,34,34,,,,,,,38,,,,,,,,,,,,,,,,,,,,,,,,,,,,,,,,,,,,,,,,,,,,,,,,,,,,,,,,,,,,,,
15:07:52.029,,,,,,,,,,,,,,,,,,,,,,,,,,,,,,,,,,,,,,,,,,,,,,,22,29,31,24,22.5,31,,26,26,5,,,,,,,,,,,,,,,,,,,,,,,,,,,,,,,,,,,,,,,,,,,,,,,,,,22.365136732991733,,1.4438347743333333,1.4438347743333333,3.2183730480567463,31.0716,,,,
15:07:52.272,,,,,,,,,,,,,,,,,,,,,,,,,,,,,,,,,,,,,,,,,,,,,,,,,,,,,,,,,8.170000000000016,86,20,13.809000000000001,744,37.19,14.019,26,,,,,,,,,,,,,,,,,,,,,,,,,,,,,,,,,,,,,,,,,,,,,,,,,,,
15:07:52.389,,,,,,,,,,,,,,,,,,,,,,,,,,,,,,,,,,,,,,,,,,,,,,,,,,,,,,,,,,,,,,,,,9.3,3,,,,,,,,,,,,,,,,,,,,,,,,,,,,,,,,,,,,,,,,,,,,,,,,,
15:07:52.595,,,,,,,,,,,,,,,,,,,,,,,,,,,,,,,,,,,,,,,,,,,,,,,,,,,,,,,,,,,,,,,,,,,,,,,,,,,,,,,,,,,,,,,,,,,,,,,,,,,,,,,0.97655,13.770548300000002,5,,,,,,,,,,
15:07:52.872,,,,,,,,,,,,,,,,,,,,,,,,,,,,,,,,,,,,,,,,,,,,,,,,,,,,,,,,,,,,,,,,,,,0,0,,,,,26,1,,,0,,,,,,,26,26,,,,,,,,,,,,,,,,,,,,,,,,,,,,,,
15:07:53.046,,,,,,,,,,,,,,,,,,,,,,,,,,,,,,,,,,,,,,,,,,,,,,,,,,,,,,,,,,,,,,,,,,,,,,,,,,,,,,,,,,,,,,,,-50,0,0,0,0,400,0,0,0,0,,,,,,,,,,0,,,,,,0,,
15:07:53.322,,,,,,,,,,,,,,,,,,,,,,,,,,,,,,,,,,,,,,,,,,,,,,,,,,,,,,,,,,,,,,,,,,,,,0,17,123,0,,,0,825.6,,0,0.6000000000000001,9,0,30,0,,,350,825.6,,,,,,,,,,,0,0,62.5,740.1,4.443,,,,,,,,,,,,,
15:07:53.501,,,,0,,,,20,,,,,,,,,23,20,,,,,,,,23,,,,,0,,,,,,,,,,,,,,,,,,,,,,,,,,,,,,,,,,,,,,,,,,,,,,,,,,,,,,,,,,,,,,,,,,,,,,,,,,,,,,,,,,,,
15:07:53.651,13.3,0.8,740,,0,0,27,,22,20,20,21,22,20,20,0.592,,,1116.1908333333333,4018287,0,0,5.13888888888889,4.11111111111111,3.85416666666667,,1706.4,1664.5,1274.6,1203.6,,158,0,0,738,2463,3.84,24,3.84,61,0,1116.19083333333,0,62,,,,,,,,,,,,,,,,,,,,,,,,,,,,,,,,,,,,,,,,,,,,,,,,,,,,,,,,,,,,,,,,,,,,1.554,,,
15:07:53.831,,,,,,,,,,,,,,,,,,,,,,,,,,,,,,,,,,,,,,,,,,,,,34,34,,,,,,,38,,,,,,,,,,,,,,,,,,,,,,,,,,,,,,,,,,,,,,,,,,,,,,,,,,,,,,,,,,,,,,
15:07:53.950,,,,,,,,,,,,,,,,,,,,,,,,,,,,,,,,,,,,,,,,,,,,,,,21,29,31,23.5,21.5,31,,26,26,1,,,,,,,,,,,,,,,,,,,,,,,,,,,,,,,,,,,,,,,,,,,,,,,,,,22.18997817526797,,1.4443684124444445,1.4443684124444445,1.6891891891891893,59.199999999999996,,,,
15:07:54.156,,,,,,,,,,,,,,,,,,,,,,,,,,,,,,,,,,,,,,,,,,,,,,,,,,,,,,,,,7.769999999999982,86,20,13.786999999999999,744,41.25,14.033,27,,,,,,,,,,,,,,,,,,,,,,,,,,,,,,,,,,,,,,,,,,,,,,,,,,,
15:07:54.277,,,,,,,,,,,,,,,,,,,,,,,,,,,,,,,,,,,,,,,,,,,,,,,,,,,,,,,,,,,,,,,,,11.600000000000001,3,,,,,,,,,,,,,,,,,,,,,,,,,,,,,,,,,,,,,,,,,,,,,,,,,
15:07:54.487,,,,,,,,,,,,,,,,,,,,,,,,,,,,,,,,,,,,,,,,,,,,,,,,,,,,,,,,,,,,,,,,,,,,,,,,,,,,,,,,,,,,,,,,,,,,,,,,,,,,,,,14.941215000000001,13.740762,1.515625,,,,,,,,,,
15:07:54.761,,,,,,,,,,,,,,,,,,,,,,,,,,,,,,,,,,,,,,,,,,,,,,,,,,,,,,,,,,,,,,,,,,,0,0,,,,,26,1,,,0,,,,,,,26,26,,,,,,,,,,,,,,,,,,,,,,,,,,,,,,
15:07:54.940,,,,,,,,,,,,,,,,,,,,,,,,,,,,,,,,,,,,,,,,,,,,,,,,,,,,,,,,,,,,,,,,,,,,,,,,,,,,,,,,,,,,,,,,-50,0,0,0,0,400,0,0,0,0,,,,,,,,,,0,,,,,,0,,
15:07:55.206,,,,,,,,,,,,,,,,,,,,,,,,,,,,,,,,,,,,,,,,,,,,,,,,,,,,,,,,,,,,,,,,,,,,,0,17,123,0,,,0,825.6,,0,0.6000000000000001,9,0,30,0,,,350,825.6,,,,,,,,,,,0,0,62.5,739.9000000000001,4.444,,,,,,,,,,,,,
15:07:55.421,,,,0,,,,20,,,,,,,,,23,20,,,,,,,,23,,,,,0,,,,,,,,,,,,,,,,,,,,,,,,,,,,,,,,,,,,,,,,,,,,,,,,,,,,,,,,,,,,,,,,,,,,,,,,,,,,,,,,,,,,
15:07:55.570,13.3,1.6,739.9,,0,0,27,,22,20,20,21,22,20,20,1.18384,,,1116.191388888889,4018289,0,0,5.13819444444444,4.11055555555556,3.85364583333333,,1706.4,1664.5,1274.6,1203.6,,88,0,0,738,2480,3.84,12,3.84,64,0,1116.19138888889,0,62,,,,,,,,,,,,,,,,,,,,,,,,,,,,,,,,,,,,,,,,,,,,,,,,,,,,,,,,,,,,,,,,,,,,0.59192,,,
15:07:55.749,,,,,,,,,,,,,,,,,,,,,,,,,,,,,,,,,,,,,,,,,,,,,34,34,,,,,,,38,,,,,,,,,,,,,,,,,,,,,,,,,,,,,,,,,,,,,,,,,,,,,,,,,,,,,,,,,,,,,,
15:07:55.869,,,,,,,,,,,,,,,,,,,,,,,,,,,,,,,,,,,,,,,,,,,,,,,20,29,30.5,23,21,30.5,,26,26,0,,,,,,,,,,,,,,,,,,,,,,,,,,,,,,,,,,,,,,,,,,,,,,,,,,22.00967211605819,,1.4443684124444445,1.4443684124444445,0,,,,,
15:07:56.080,,,,,,,,,,,,,,,,,,,,,,,,,,,,,,,,,,,,,,,,,,,,,,,,,,,,,,,,,8.090000000000032,86,20,13.801,744,41.89,14.032,27,,,,,,,,,,,,,,,,,,,,,,,,,,,,,,,,,,,,,,,,,,,,,,,,,,,
15:07:56.230,,,,,,,,,,,,,,,,,,,,,,,,,,,,,,,,,,,,,,,,,,,,,,,,,,,,,,,,,,,,,,,,,4.2,3,,,,,,,,,,,,,,,,,,,,,,,,,,,,,,,,,,,,,,,,,,,,,,,,,
15:07:56.440,,,,,,,,,,,,,,,,,,,,,,,,,,,,,,,,,,,,,,,,,,,,,,,,,,,,,,,,,,,,,,,,,,,,,,,,,,,,,,,,,,,,,,,,,,,,,,,,,,,,,,,6.933505,13.760294,0.671875,,,,,,,,,,
15:07:56.740,,,,,,,,,,,,,,,,,,,,,,,,,,,,,,,,,,,,,,,,,,,,,,,,,,,,,,,,,,,,,,,,,,,0,0,,,,,26,1,,,0,,,,,,,26,26,,,,,,,,,,,,,,,,,,,,,,,,,,,,,,
15:07:56.949,,,,,,,,,,,,,,,,,,,,,,,,,,,,,,,,,,,,,,,,,,,,,,,,,,,,,,,,,,,,,,,,,,,,,,,,,,,,,,,,,,,,,,,,-50,0,0,0,0,400,0,0,0,0,,,,,,,,,,0,,,,,,0,,
15:07:57.222,,,,,,,,,,,,,,,,,,,,,,,,,,,,,,,,,,,,,,,,,,,,,,,,,,,,,,,,,,,,,,,,,,,,,0,17,123,0,,,0,825.6,,0,0.6000000000000001,9,0,30,0,,,350,825.6,,,,,,,,,,,0,0,62.5,739.9000000000001,4.44,,,,,,,,,,,,,
15:07:57.405,,,,0,,,,20,,,,,,,,,23,20,,,,,,,,23,,,,,0,,,,,,,,,,,,,,,,,,,,,,,,,,,,,,,,,,,,,,,,,,,,,,,,,,,,,,,,,,,,,,,,,,,,,,,,,,,,,,,,,,,,
15:07:57.550,13.3,1.8,739.8,,0,0,27,,22,20,20,21,22,20,20,1.33164,,,1116.1919444444445,4018291,0,0,5.1375,4.11,3.853125,,1706.4,1664.5,1274.6,1203.6,,20,0,0,738,2480,3.84,22,3.84,145,0,1116.19194444444,0,62,,,,,,,,,,,,,,,,,,,,,,,,,,,,,,,,,,,,,,,,,,,,,,,,,,,,,,,,,,,,,,,,,,,,1.18368,,,
15:07:57.727,,,,,,,,,,,,,,,,,,,,,,,,,,,,,,,,,,,,,,,,,,,,,34,34,,,,,,,38,,,,,,,,,,,,,,,,,,,,,,,,,,,,,,,,,,,,,,,,,,,,,,,,,,,,,,,,,,,,,,
15:07:57.851,,,,,,,,,,,,,,,,,,,,,,,,,,,,,,,,,,,,,,,,,,,,,,,19,29,30.5,22.5,20.5,30.5,,26,26,0,,,,,,,,,,,,,,,,,,,,,,,,,,,,,,,,,,,,,,,,,,,,,,,,,,21.826589089290543,,1.4443684124444445,1.4443684124444445,0,,,,0,
15:07:58.158,,,,,,,,,,,,,,,,,,,,,,,,,,,,,,,,,,,,,,,,,,,,,,,,,,,,,,,,,8.03000000000003,86,20,13.803,744,41.43,14.031,27,,,,,,,,,,,,,,,,,,,,,,,,,,,,,,,,,,,,,,,,,,,,,,,,,,,
15:07:58.315,,,,,,,,,,,,,,,,,,,,,,,,,,,,,,,,,,,,,,,,,,,,,,,,,,,,,,,,,,,,,,,,,4.7,3,,,,,,,,,,,,,,,,,,,,,,,,,,,,,,,,,,,,,,,,,,,,,,,,,
15:07:58.541,,,,,,,,,,,,,,,,,,,,,,,,,,,,,,,,,,,,,,,,,,,,,,,,,,,,,,,,,,,,,,,,,,,,,,,,,,,,,,,,,,,,,,,,,,,,,,,,,,,,,,,2.9784775000000003,13.740762,0.171875,,,,,,,,,,
15:07:58.808,,,,,,,,,,,,,,,,,,,,,,,,,,,,,,,,,,,,,,,,,,,,,,,,,,,,,,,,,,,,,,,,,,,0,0,,,,,26,1,,,0,,,,,,,26,26,,,,,,,,,,,,,,,,,,,,,,,,,,,,,,
15:07:59.022,,,,,,,,,,,,,,,,,,,,,,,,,,,,,,,,,,,,,,,,,,,,,,,,,,,,,,,,,,,,,,,,,,,,,,,,,,,,,,,,,,,,,,,,-50,0,0,0,0,400,0,0,0,0,,,,,,,,,,0,,,,,,0,,
15:07:59.293,,,,,,,,,,,,,,,,,,,,,,,,,,,,,,,,,,,,,,,,,,,,,,,,,,,,,,,,,,,,,,,,,,,,,0,17,123,0,,,0,825.6,,0,0.6000000000000001,9,0,30,0,,,350,825.6,,,,,,,,,,,0,0,62.5,739.9000000000001,4.443,,,,,,,,,,,,,
15:07:59.471,,,,0,,,,20,,,,,,,,,23,20,,,,,,,,23,,,,,0,,,,,,,,,,,,,,,,,,,,,,,,,,,,,,,,,,,,,,,,,,,,,,,,,,,,,,,,,,,,,,,,,,,,,,,,,,,,,,,,,,,,
15:07:59.619,13.3,1.9,739.9,,0,0,27,,22,20,20,21,22,20,20,1.40581,,,1116.1925,4018293,0,0,5.13819444444444,4.11055555555556,3.85364583333333,,1706.4,1664.5,1274.6,1203.6,,8,0,0,738,2480,3.84,22,3.84,64,0,1116.1925,0,62,,,,,,,,,,,,,,,,,,,,,,,,,,,,,,,,,,,,,,,,,,,,,,,,,,,,,,,,,,,,,,,,,,,,1.40581,,,
15:07:59.798,,,,,,,,,,,,,,,,,,,,,,,,,,,,,,,,,,,,,,,,,,,,,35,35,,,,,,,38,,,,,,,,,,,,,,,,,,,,,,,,,,,,,,,,,,,,,,,,,,,,,,,,,,,,,,,,,,,,,,
15:07:59.918,,,,,,,,,,,,,,,,,,,,,,,,,,,,,,,,,,,,,,,,,,,,,,,18.5,29,30.5,22,20,30.5,,26,26,0,,,,,,,,,,,,,,,,,,,,,,,,,,,,,,,,,,,,,,,,,,,,,,,,,,21.638832000572325,,1.4443684124444445,1.4443684124444445,0,,,,-0.01795172119031462,
15:08:00.217,,,,,,,,,,,,,,,,,,,,,,,,,,,,,,,,,,,,,,,,,,,,,,,,,,,,,,,,,8.03000000000003,86,20,13.803,744,41.23,14.031,27,,,,,,,,,,,,,,,,,,,,,,,,,,,,,,,,,,,,,,,,,,,,,,,,,,,
15:08:00.336,,,,,,,,,,,,,,,,,,,,,,,,,,,,,,,,,,,,,,,,,,,,,,,,,,,,,,,,,,,,,,,,,4.2,3,,,,,,,,,,,,,,,,,,,,,,,,,,,,,,,,,,,,,,,,,,,,,,,,,
15:08:00.579,,,,,,,,,,,,,,,,,,,,,,,,,,,,,,,,,,,,,,,,,,,,,,,,,,,,,,,,,,,,,,,,,,,,,,,,,,,,,,,,,,,,,,,,,,,,,,,,,,,,,,,1.6113075000000001,13.7495514,0.109375,,,,,,,,,,
15:08:00.849,,,,,,,,,,,,,,,,,,,,,,,,,,,,,,,,,,,,,,,,,,,,,,,,,,,,,,,,,,,,,,,,,,,0,0,,,,,26,1,,,0,,,,,,,26,26,,,,,,,,,,,,,,,,,,,,,,,,,,,,,,
15:08:01.031,,,,,,,,,,,,,,,,,,,,,,,,,,,,,,,,,,,,,,,,,,,,,,,,,,,,,,,,,,,,,,,,,,,,,,,,,,,,,,,,,,,,,,,,-50,0,0,0,0,400,0,0,0,0,,,,,,,,,,0,,,,,,0,,
15:08:01.300,,,,,,,,,,,,,,,,,,,,,,,,,,,,,,,,,,,,,,,,,,,,,,,,,,,,,,,,,,,,,,,,,,,,,0,17,123,0,,,0,825.6,,0,0.6000000000000001,9,0,30,0,,,350,825.6,,,,,,,,,,,0,0,62.5,739.8000000000001,4.445,,,,,,,,,,,,,
15:08:01.478,,,,0,,,,20,,,,,,,,,23,20,,,,,,,,23,,,,,0,,,,,,,,,,,,,,,,,,,,,,,,,,,,,,,,,,,,,,,,,,,,,,,,,,,,,,,,,,,,,,,,,,,,,,,,,,,,,,,,,,,,
15:08:01.627,13.3,1.9,739.8,,0,0,27,,22,20,20,21,22,20,20,1.40562,,,1116.1930555555555,4018295,0,0,5.1375,4.11,3.853125,,1706.4,1664.5,1274.6,1203.6,,0,0,0,738,2480,3.84,24,3.84,61,0,1116.19305555556,0,62,,,,,,,,,,,,,,,,,,,,,,,,,,,,,,,,,,,,,,,,,,,,,,,,,,,,,,,,,,,,,,,,,,,,1.4056199999999999,,,
15:08:01.835,,,,,,,,,,,,,,,,,,,,,,,,,,,,,,,,,,,,,,,,,,,,,36.5,36.5,,,,,,,40,,,,,,,,,,,,,,,,,,,,,,,,,,,,,,,,,,,,,,,,,,,,,,,,,,,,,,,,,,,,,,
15:08:01.958,,,,,,,,,,,,,,,,,,,,,,,,,,,,,,,,,,,,,,,,,,,,,,,17.5,29,30.5,22,19,30.5,,26,26,0,,,,,,,,,,,,,,,,,,,,,,,,,,,,,,,,,,,,,,,,,,,,,,,,,,21.45672447110463,,1.4443684124444445,1.4443684124444445,0,,,,-0.0035372370873103377,
15:08:02.235,,,,,,,,,,,,,,,,,,,,,,,,,,,,,,,,,,,,,,,,,,,,,,,,,,,,,,,,,8.009999999999991,86,20,13.804,744,40.82,14.042,27,,,,,,,,,,,,,,,,,,,,,,,,,,,,,,,,,,,,,,,,,,,,,,,,,,,
15:08:02.347,,,,,,,,,,,,,,,,,,,,,,,,,,,,,,,,,,,,,,,,,,,,,,,,,,,,,,,,,,,,,,,,,13.700000000000001,3,,,,,,,,,,,,,,,,,,,,,,,,,,,,,,,,,,,,,,,,,,,,,,,,,
15:08:02.590,,,,,,,,,,,,,,,,,,,,,,,,,,,,,,,,,,,,,,,,,,,,,,,,,,,,,,,,,,,,,,,,,,,,,,,,,,,,,,,,,,,,,,,,,,,,,,,,,,,,,,,0,13.740762,0.0625,,,,,,,,,,
15:08:02.859,,,,,,,,,,,,,,,,,,,,,,,,,,,,,,,,,,,,,,,,,,,,,,,,,,,,,,,,,,,,,,,,,,,0,0,,,,,26,1,,,0,,,,,,,26,26,,,,,,,,,,,,,,,,,,,,,,,,,,,,,,
15:08:03.040,,,,,,,,,,,,,,,,,,,,,,,,,,,,,,,,,,,,,,,,,,,,,,,,,,,,,,,,,,,,,,,,,,,,,,,,,,,,,,,,,,,,,,,,-50,0,0,0,0,400,0,0,0,0,,,,,,,,,,0,,,,,,0,,
15:08:03.312,,,,,,,,,,,,,,,,,,,,,,,,,,,,,,,,,,,,,,,,,,,,,,,,,,,,,,,,,,,,,,,,,,,,,0,17,123,0,,,0,825.6,,0,0.6000000000000001,9,0,30,0,,,350,825.6,,,,,,,,,,,0,0,62.5,739.9000000000001,4.444,,,,,,,,,,,,,
15:08:03.487,,,,0,,,,20,,,,,,,,,23,20,,,,,,,,23,,,,,0,,,,,,,,,,,,,,,,,,,,,,,,,,,,,,,,,,,,,,,,,,,,,,,,,,,,,,,,,,,,,,,,,,,,,,,,,,,,,,,,,,,,
15:08:03.637,13.3,1.9,739.8,,0,0,27,,22,20,20,21,22,20,20,1.40562,,,1116.193611111111,4018297,0,0,5.1375,4.11,3.853125,,1706.4,1664.5,1274.6,1203.6,,0,0,0,738,2474,3.84,12,3.84,61,0,1116.19361111111,0,62,,,,,,,,,,,,,,,,,,,,,,,,,,,,,,,,,,,,,,,,,,,,,,,,,,,,,,,,,,,,,,,,,,,,1.4056199999999999,,,
15:08:03.819,,,,,,,,,,,,,,,,,,,,,,,,,,,,,,,,,,,,,,,,,,,,,37,37,,,,,,,40,,,,,,,,,,,,,,,,,,,,,,,,,,,,,,,,,,,,,,,,,,,,,,,,,,,,,,,,,,,,,,
15:08:03.969,,,,,,,,,,,,,,,,,,,,,,,,,,,,,,,,,,,,,,,,,,,,,,,17,29,30.5,21.5,18.5,30.5,,26,26,0,,,,,,,,,,,,,,,,,,,,,,,,,,,,,,,,,,,,,,,,,,,,,,,,,,21.280119033697716,,1.4443684124444445,1.4443684124444445,0,,,,0,
15:08:04.181,,,,,,,,,,,,,,,,,,,,,,,,,,,,,,,,,,,,,,,,,,,,,,,,,,,,,,,,,7.990000000000009,86,20,13.803,744,41.42,14.047,27,,,,,,,,,,,,,,,,,,,,,,,,,,,,,,,,,,,,,,,,,,,,,,,,,,,
15:08:04.308,,,,,,,,,,,,,,,,,,,,,,,,,,,,,,,,,,,,,,,,,,,,,,,,,,,,,,,,,,,,,,,,,6.9,3,,,,,,,,,,,,,,,,,,,,,,,,,,,,,,,,,,,,,,,,,,,,,,,,,
15:08:04.509,,,,,,,,,,,,,,,,,,,,,,,,,,,,,,,,,,,,,,,,,,,,,,,,,,,,,,,,,,,,,,,,,,,,,,,,,,,,,,,,,,,,,,,,,,,,,,,,,,,,,,,10.449085,13.750528,0.0625,,,,,,,,,,
15:08:04.780,,,,,,,,,,,,,,,,,,,,,,,,,,,,,,,,,,,,,,,,,,,,,,,,,,,,,,,,,,,,,,,,,,,0,0,,,,,26,1,,,0,,,,,,,26,26,,,,,,,,,,,,,,,,,,,,,,,,,,,,,,
15:08:04.959,,,,,,,,,,,,,,,,,,,,,,,,,,,,,,,,,,,,,,,,,,,,,,,,,,,,,,,,,,,,,,,,,,,,,,,,,,,,,,,,,,,,,,,,-50,0,0,0,0,400,0,0,0,0,,,,,,,,,,0,,,,,,0,,
15:08:05.226,,,,,,,,,,,,,,,,,,,,,,,,,,,,,,,,,,,,,,,,,,,,,,,,,,,,,,,,,,,,,,,,,,,,,0,17,123,0,,,0,825.6,,0,0.6000000000000001,9,0,30,0,,,350,825.6,,,,,,,,,,,0,0,62.5,739.8000000000001,4.444,,,,,,,,,,,,,
15:08:05.408,,,,0,,,,20,,,,,,,,,23,20,,,,,,,,23,,,,,0,,,,,,,,,,,,,,,,,,,,,,,,,,,,,,,,,,,,,,,,,,,,,,,,,,,,,,,,,,,,,,,,,,,,,,,,,,,,,,,,,,,,
15:08:05.561,13.3,2,739.8,,0,0,27,,22,20,20,21,22,20,20,1.4796,,,1116.1941666666667,4018299,0,0,5.1375,4.11,3.853125,,1706.4,1664.5,1274.6,1203.6,,5,0,0,738,2474,3.84,22,3.84,64,0,1116.19416666667,0,62,,,,,,,,,,,,,,,,,,,,,,,,,,,,,,,,,,,,,,,,,,,,,,,,,,,,,,,,,,,,,,,,,,,,1.4056199999999999,,,
15:08:05.736,,,,,,,,,,,,,,,,,,,,,,,,,,,,,,,,,,,,,,,,,,,,,37,37,,,,,,,40,,,,,,,,,,,,,,,,,,,,,,,,,,,,,,,,,,,,,,,,,,,,,,,,,,,,,,,,,,,,,,
15:08:05.859,,,,,,,,,,,,,,,,,,,,,,,,,,,,,,,,,,,,,,,,,,,,,,,16.5,29,30.5,21,18.5,30.5,,26,26,0,,,,,,,,,,,,,,,,,,,,,,,,,,,,,,,,,,,,,,,,,,,,,,,,,,21.116829789714075,,1.4443684124444445,1.4443684124444445,0,,,,0,
15:08:06.067,,,,,,,,,,,,,,,,,,,,,,,,,,,,,,,,,,,,,,,,,,,,,,,,,,,,,,,,,7.990000000000009,86,20,13.804,743.8000000000001,41.29,14.042,27,,,,,,,,,,,,,,,,,,,,,,,,,,,,,,,,,,,,,,,,,,,,,,,,,,,
15:08:06.196,,,,,,,,,,,,,,,,,,,,,,,,,,,,,,,,,,,,,,,,,,,,,,,,,,,,,,,,,,,,,,,,,7.6000000000000005,3,,,,,,,,,,,,,,,,,,,,,,,,,,,,,,,,,,,,,,,,,,,,,,,,,
15:08:06.461,,,,,,,,,,,,,,,,,,,,,,,,,,,,,,,,,,,,,,,,,,,,,,,,,,,,,,,,,,,,,,,,,,,,,,,,,,,,,,,,,,,,,,,,,,,,,,,,,,,,,,,3.9550275000000004,13.740762,0.0625,,,,,,,,,,
15:08:06.788,,,,,,,,,,,,,,,,,,,,,,,,,,,,,,,,,,,,,,,,,,,,,,,,,,,,,,,,,,,,,,,,,,,0,0,,,,,26,1,,,0,,,,,,,26,26,,,,,,,,,,,,,,,,,,,,,,,,,,,,,,
15:08:06.970,,,,,,,,,,,,,,,,,,,,,,,,,,,,,,,,,,,,,,,,,,,,,,,,,,,,,,,,,,,,,,,,,,,,,,,,,,,,,,,,,,,,,,,,-50,0,0,0,0,400,0,0,0,0,,,,,,,,,,0,,,,,,0,,
15:08:07.241,,,,,,,,,,,,,,,,,,,,,,,,,,,,,,,,,,,,,,,,,,,,,,,,,,,,,,,,,,,,,,,,,,,,,0,17,123,0,,,0,825.6,,0,0.6000000000000001,9,0,30,0,,,350,825.6,,,,,,,,,,,0,0,62.5,739.8000000000001,4.44,,,,,,,,,,,,,
15:08:07.419,,,,0,,,,20,,,,,,,,,23,20,,,,,,,,23,,,,,0,,,,,,,,,,,,,,,,,,,,,,,,,,,,,,,,,,,,,,,,,,,,,,,,,,,,,,,,,,,,,,,,,,,,,,,,,,,,,,,,,,,,
15:08:07.569,13.3,1.9,739.8,,0,0,27,,22,20,20,21,22,20,20,1.40562,,,1116.1947222222223,4018301,0,0,5.1375,4.11,3.853125,,1706.4,1664.5,1274.6,1203.6,,0,0,0,738,2474,3.84,22,3.84,2,0,1116.19472222222,0,62,,,,,,,,,,,,,,,,,,,,,,,,,,,,,,,,,,,,,,,,,,,,,,,,,,,,,,,,,,,,,,,,,,,,1.4795999999999998,,,
15:08:07.838,,,,,,,,,,,,,,,,,,,,,,,,,,,,,,,,,,,,,,,,,,,,,37,37,,,,,,,40,,,,,,,,,,,,,,,,,,,,,,,,,,,,,,,,,,,,,,,,,,,,,,,,,,,,,,,,,,,,,,
15:08:07.959,,,,,,,,,,,,,,,,,,,,,,,,,,,,,,,,,,,,,,,,,,,,,,,15.5,29,30.5,21,18,30.5,,26,26,0,,,,,,,,,,,,,,,,,,,,,,,,,,,,,,,,,,,,,,,,,,,,,,,,,,20.93819977116154,,1.4443684124444445,1.4443684124444445,0,,,,0,
15:08:08.197,,,,,,,,,,,,,,,,,,,,,,,,,,,,,,,,,,,,,,,,,,,,,,,,,,,,,,,,,7.610000000000014,86,20,13.789000000000001,744.1,40.79,14.017,27,,,,,,,,,,,,,,,,,,,,,,,,,,,,,,,,,,,,,,,,,,,,,,,,,,,
15:08:08.328,,,,,,,,,,,,,,,,,,,,,,,,,,,,,,,,,,,,,,,,,,,,,,,,,,,,,,,,,,,,,,,,,14.5,3,,,,,,,,,,,,,,,,,,,,,,,,,,,,,,,,,,,,,,,,,,,,,,,,,
15:08:08.529,,,,,,,,,,,,,,,,,,,,,,,,,,,,,,,,,,,,,,,,,,,,,,,,,,,,,,,,,,,,,,,,,,,,,,,,,,,,,,,,,,,,,,,,,,,,,,,,,,,,,,,6.4452300000000005,13.761270600000001,0.0625,,,,,,,,,,
15:08:08.833,,,,,,,,,,,,,,,,,,,,,,,,,,,,,,,,,,,,,,,,,,,,,,,,,,,,,,,,,,,,,,,,,,,0,0,,,,,26,1,,,0,,,,,,,26,26,,,,,,,,,,,,,,,,,,,,,,,,,,,,,,
15:08:09.010,,,,,,,,,,,,,,,,,,,,,,,,,,,,,,,,,,,,,,,,,,,,,,,,,,,,,,,,,,,,,,,,,,,,,,,,,,,,,,,,,,,,,,,,-50,0,0,0,0,400,0,0,0,0,,,,,,,,,,0,,,,,,0,,
15:08:09.282,,,,,,,,,,,,,,,,,,,,,,,,,,,,,,,,,,,,,,,,,,,,,,,,,,,,,,,,,,,,,,,,,,,,,0,17,123,0,,,0,825.6,,0,0.6000000000000001,9,0,30,0,,,350,825.6,,,,,,,,,,,0,0,62.5,739.8000000000001,4.443,,,,,,,,,,,,,
15:08:09.458,,,,0,,,,20,,,,,,,,,23,20,,,,,,,,23,,,,,0,,,,,,,,,,,,,,,,,,,,,,,,,,,,,,,,,,,,,,,,,,,,,,,,,,,,,,,,,,,,,,,,,,,,,,,,,,,,,,,,,,,,
15:08:09.607,13.3,1.8,739.8,,0,0,27,,22,20,20,21,22,20,20,1.33164,,,1116.1952777777778,4018303,0,0,5.1375,4.11,3.853125,,1706.4,1664.5,1274.6,1203.7,,15,0,0,738,2474,3.84,24,3.84,64,0,1116.19527777778,0,62,,,,,,,,,,,,,,,,,,,,,,,,,,,,,,,,,,,,,,,,,,,,,,,,,,,,,,,,,,,,,,,,,,,,1.4056199999999999,,,
15:08:09.789,,,,,,,,,,,,,,,,,,,,,,,,,,,,,,,,,,,,,,,,,,,,,37,37,,,,,,,40,,,,,,,,,,,,,,,,,,,,,,,,,,,,,,,,,,,,,,,,,,,,,,,,,,,,,,,,,,,,,,
15:08:09.907,,,,,,,,,,,,,,,,,,,,,,,,,,,,,,,,,,,,,,,,,,,,,,,15,29,30.5,20.5,17.5,30.5,,26,26,0,,,,,,,,,,,,,,,,,,,,,,,,,,,,,,,,,,,,,,,,,,,,,,,,,,20.77527582246593,,1.4443684124444445,1.4443684124444445,0,,,,0,
15:08:10.180,,,,,,,,,,,,,,,,,,,,,,,,,,,,,,,,,,,,,,,,,,,,,,,,,,,,,,,,,8.090000000000032,86,20,13.814,744.2,36.4,14.014,27,,,,,,,,,,,,,,,,,,,,,,,,,,,,,,,,,,,,,,,,,,,,,,,,,,,
15:08:10.306,,,,,,,,,,,,,,,,,,,,,,,,,,,,,,,,,,,,,,,,,,,,,,,,,,,,,,,,,,,,,,,,,10.9,3,,,,,,,,,,,,,,,,,,,,,,,,,,,,,,,,,,,,,,,,,,,,,,,,,
15:08:10.509,,,,,,,,,,,,,,,,,,,,,,,,,,,,,,,,,,,,,,,,,,,,,,,,,,,,,,,,,,,,,,,,,,,,,,,,,,,,,,,,,,,,,,,,,,,,,,,,,,,,,,,49.315775,13.770548300000002,1.0625,,,,,,,,,,
15:08:10.778,,,,,,,,,,,,,,,,,,,,,,,,,,,,,,,,,,,,,,,,,,,,,,,,,,,,,,,,,,,,,,,,,,,0,0,,,,,26,1,,,0,,,,,,,26,26,,,,,,,,,,,,,,,,,,,,,,,,,,,,,,
15:08:10.957,,,,,,,,,,,,,,,,,,,,,,,,,,,,,,,,,,,,,,,,,,,,,,,,,,,,,,,,,,,,,,,,,,,,,,,,,,,,,,,,,,,,,,,,-50,0,0,0,0,400,0,0,0,0,,,,,,,,,,0,,,,,,0,,
15:08:11.225,,,,,,,,,,,,,,,,,,,,,,,,,,,,,,,,,,,,,,,,,,,,,,,,,,,,,,,,,,,,,,,,,,,,,0,17,123,0,,,0,825.6,,0,0.6000000000000001,9,0,30,0,,,350,825.6,,,,,,,,,,,0,0,62.5,739.4000000000001,4.444,,,,,,,,,,,,,
15:08:11.410,,,,0,,,,20,,,,,,,,,23,20,,,,,,,,23,,,,,0,,,,,,,,,,,,,,,,,,,,,,,,,,,,,,,,,,,,,,,,,,,,,,,,,,,,,,,,,,,,,,,,,,,,,,,,,,,,,,,,,,,,
15:08:11.555,13.3,9.9,739.1,,0,0,27,,22,20,20,21,22,20,20,7.31709,,,1116.1958333333334,4018305,0,0,5.13263888888889,4.10611111111111,3.84947916666667,,1706.4,1664.5,1274.6,1203.7,,517,0,0,737,2474,3.84,22,3.84,61,0,1116.19583333333,0,62,,,,,,,,,,,,,,,,,,,,,,,,,,,,,,,,,,,,,,,,,,,,,,,,,,,,,,,,,,,,,,,,,,,,1.3303800000000001,,,
15:08:11.740,,,,,,,,,,,,,,,,,,,,,,,,,,,,,,,,,,,,,,,,,,,,,37,37,,,,,,,40,,,,,,,,,,,,,,,,,,,,,,,,,,,,,,,,,,,,,,,,,,,,,,,,,,,,,,,,,,,,,,
15:08:11.856,,,,,,,,,,,,,,,,,,,,,,,,,,,,,,,,,,,,,,,,,,,,,,,14.5,29,30.5,20.5,17,30.5,,26,26,8,,,,,,,,,,,,,,,,,,,,,,,,,,,,,,,,,,,,,,,,,,,,,,,,,,20.676539124953813,,1.448700524888889,1.448700524888889,1.0933308186724504,91.463625,,,0.02873035879919864,
15:08:12.068,,,,,,,,,,,,,,,,,,,,,,,,,,,,,,,,,,,,,,,,,,,,,,,,,,,,,,,,,7.990000000000009,86,20,13.81,741.9000000000001,39.63,14.014,26,,,,,,,,,,,,,,,,,,,,,,,,,,,,,,,,,,,,,,,,,,,,,,,,,,,
15:08:12.186,,,,,,,,,,,,,,,,,,,,,,,,,,,,,,,,,,,,,,,,,,,,,,,,,,,,,,,,,,,,,,,,,-6,3,,,,,,,,,,,,,,,,,,,,,,,,,,,,,,,,,,,,,,,,,,,,,,,,,
15:08:12.406,,,,,,,,,,,,,,,,,,,,,,,,,,,,,,,,,,,,,,,,,,,,,,,,,,,,,,,,,,,,,,,,,,,,,,,,,,,,,,,,,,,,,,,,,,,,,,,,,,,,,,,54.78445500000001,13.7515046,8,,,,,,,,,,
15:08:12.671,,,,,,,,,,,,,,,,,,,,,,,,,,,,,,,,,,,,,,,,,,,,,,,,,,,,,,,,,,,,,,,,,,,0,0,,,,,27,1,,,0,,,,,,,27,26,,,,,,,,,,,,,,,,,,,,,,,,,,,,,,
15:08:12.854,,,,,,,,,,,,,,,,,,,,,,,,,,,,,,,,,,,,,,,,,,,,,,,,,,,,,,,,,,,,,,,,,,,,,,,,,,,,,,,,,,,,,,,,-50,0,0,0,0,400,0,0,0,0,,,,,,,,,,0,,,,,,0,,
15:08:13.117,,,,,,,,,,,,,,,,,,,,,,,,,,,,,,,,,,,,,,,,,,,,,,,,,,,,,,,,,,,,,,,,,,,,,0,17,123,0,,,0,825.6,,0,0.6000000000000001,9,0,30,0,,,350,825.6,,,,,,,,,,,0,0,62.5,738.7,4.441,,,,,,,,,,,,,
15:08:13.300,,,,0,,,,20,,,,,,,,,23,20,,,,,,,,23,,,,,0,,,,,,,,,,,,,,,,,,,,,,,,,,,,,,,,,,,,,,,,,,,,,,,,,,,,,,,,,,,,,,,,,,,,,,,,,,,,,,,,,,,,
15:08:13.454,13.3,14.4,738.5,,0,0,27,,22,20,20,21,22,20,20,10.6344,,,1116.1963888888888,4018307,0,0,5.12847222222222,4.10277777777778,3.84635416666667,,1706.4,1664.5,1274.6,1203.7,,1180,0,0,737,2467,3.84,24,3.84,2,0,1116.19638888889,0,62,,,,,,,,,,,,,,,,,,,,,,,,,,,,,,,,,,,,,,,,,,,,,,,,,,,,,,,,,,,,,,,,,,,,7.3111500000000005,,,
15:08:13.629,,,,,,,,,,,,,,,,,,,,,,,,,,,,,,,,,,,,,,,,,,,,,37,37,,,,,,,40,,,,,,,,,,,,,,,,,,,,,,,,,,,,,,,,,,,,,,,,,,,,,,,,,,,,,,,,,,,,,,
15:08:13.752,,,,,,,,,,,,,,,,,,,,,,,,,,,,,,,,,,,,,,,,,,,,,,,14,29,30.5,20,16.5,30.5,,26,26,16,,,,,,,,,,,,,,,,,,,,,,,,,,,,,,,,,,,,,,,,,,,,,,,,,,20.641624699679618,,1.457133008888889,1.457133008888889,1.504551267584443,66.465,,,0.05741442574407326,
15:08:13.961,,,,,,,,,,,,,,,,,,,,,,,,,,,,,,,,,,,,,,,,,,,,,,,,,,,,,,,,,7.439999999999998,86,20,13.781,741.9000000000001,39.64,14.007,27,,,,,,,,,,,,,,,,,,,,,,,,,,,,,,,,,,,,,,,,,,,,,,,,,,,
15:08:14.086,,,,,,,,,,,,,,,,,,,,,,,,,,,,,,,,,,,,,,,,,,,,,,,,,,,,,,,,,,,,,,,,,-98.2,3,,,,,,,,,,,,,,,,,,,,,,,,,,,,,,,,,,,,,,,,,,,,,,,,,
15:08:14.289,,,,,,,,,,,,,,,,,,,,,,,,,,,,,,,,,,,,,,,,,,,,,,,,,,,,,,,,,,,,,,,,,,,,,,,,,,,,,,,,,,,,,,,,,,,,,,,,,,,,,,,37.011245,13.740762,16.9375,,,,,,,,,,
15:08:14.562,,,,,,,,,,,,,,,,,,,,,,,,,,,,,,,,,,,,,,,,,,,,,,,,,,,,,,,,,,,,,,,,,,,0,0,,,,,26,1,,,0,,,,,,,26,26,,,,,,,,,,,,,,,,,,,,,,,,,,,,,,
15:08:14.738,,,,,,,,,,,,,,,,,,,,,,,,,,,,,,,,,,,,,,,,,,,,,,,,,,,,,,,,,,,,,,,,,,,,,,,,,,,,,,,,,,,,,,,,-50,0,0,0,0,400,0,0,0,0,,,,,,,,,,0,,,,,,0,,
15:08:15.011,,,,,,,,,,,,,,,,,,,,,,,,,,,,,,,,,,,,,,,,,,,,,,,,,,,,,,,,,,,,,,,,,,,,,0,17,123,0,,,0,825.6,,0,0.6000000000000001,9,0,30,0,,,350,825.6,,,,,,,,,,,0,0,62.5,738.8000000000001,4.443,,,,,,,,,,,,,
15:08:15.187,,,,0,,,,20,,,,,,,,,23,20,,,,,,,,23,,,,,0,,,,,,,,,,,,,,,,,,,,,,,,,,,,,,,,,,,,,,,,,,,,,,,,,,,,,,,,,,,,,,,,,,,,,,,,,,,,,,,,,,,,
15:08:15.341,13.3,8.1,739,,0,0,27,,22,20,20,21,22,20,20,5.9859,,,1116.1969444444444,4018309,0,0,5.13194444444444,4.10555555555556,3.84895833333333,,1706.4,1664.5,1274.6,1203.7,,1463,0,0,737,2467,3.84,24,3.84,64,0,1116.19694444444,0,62,,,,,,,,,,,,,,,,,,,,,,,,,,,,,,,,,,,,,,,,,,,,,,,,,,,,,,,,,,,,,,,,,,,,10.6416,,,
15:08:15.524,,,,,,,,,,,,,,,,,,,,,,,,,,,,,,,,,,,,,,,,,,,,,37.5,37.5,,,,,,,39,,,,,,,,,,,,,,,,,,,,,,,,,,,,,,,,,,,,,,,,,,,,,,,,,,,,,,,,,,,,,,
15:08:15.640,,,,,,,,,,,,,,,,,,,,,,,,,,,,,,,,,,,,,,,,,,,,,,,13.5,29,30.5,19.5,16.5,30.5,,26,26,19,,,,,,,,,,,,,,,,,,,,,,,,,,,,,,,,,,,,,,,,,,,,,,,,,,20.629530693416015,,1.4670872957222223,1.4670872957222223,3.1741258624434088,31.504736842105263,,,0.07006969502717186,
15:08:15.848,,,,,,,,,,,,,,,,,,,,,,,,,,,,,,,,,,,,,,,,,,,,,,,,,,,,,,,,,8.079999999999984,86,20,13.805,742.1,36.99,14.029,27,,,,,,,,,,,,,,,,,,,,,,,,,,,,,,,,,,,,,,,,,,,,,,,,,,,
15:08:15.970,,,,,,,,,,,,,,,,,,,,,,,,,,,,,,,,,,,,,,,,,,,,,,,,,,,,,,,,,,,,,,,,,-60.300000000000004,3,,,,,,,,,,,,,,,,,,,,,,,,,,,,,,,,,,,,,,,,,,,,,,,,,
15:08:16.186,,,,,,,,,,,,,,,,,,,,,,,,,,,,,,,,,,,,,,,,,,,,,,,,,,,,,,,,,,,,,,,,,,,,,,,,,,,,,,,,,,,,,,,,,,,,,,,,,,,,,,,40.6733075,13.7495514,16,,,,,,,,,,
15:08:16.455,,,,,,,,,,,,,,,,,,,,,,,,,,,,,,,,,,,,,,,,,,,,,,,,,,,,,,,,,,,,,,,,,,,0,0,,,,,26,1,,,0,,,,,,,26,26,,,,,,,,,,,,,,,,,,,,,,,,,,,,,,
15:08:16.626,,,,,,,,,,,,,,,,,,,,,,,,,,,,,,,,,,,,,,,,,,,,,,,,,,,,,,,,,,,,,,,,,,,,,,,,,,,,,,,,,,,,,,,,-50,0,0,0,0,400,0,0,0,0,,,,,,,,,,0,,,,,,0,,
15:08:16.897,,,,,,,,,,,,,,,,,,,,,,,,,,,,,,,,,,,,,,,,,,,,,,,,,,,,,,,,,,,,,,,,,,,,,0,17,123,0,,,0,825.6,,0,0.6000000000000001,9,0,30,0,,,350,825.6,,,,,,,,,,,0,0,62.5,738.2,4.444,,,,,,,,,,,,,
15:08:17.081,,,,0,,,,20,,,,,,,,,23,20,,,,,,,,23,,,,,0,,,,,,,,,,,,,,,,,,,,,,,,,,,,,,,,,,,,,,,,,,,,,,,,,,,,,,,,,,,,,,,,,,,,,,,,,,,,,,,,,,,,
15:08:17.231,13.3,24.7,737.5,,0,0,27,,22,20,20,21,22,20,20,18.21625,,,1116.1975,4018311,0,0,5.12152777777778,4.09722222222222,3.84114583333333,,1706.4,1664.5,1274.6,1203.7,,1786,0,0,735,2467,3.84,22,3.84,85,0,1116.1975,0,62,,,,,,,,,,,,,,,,,,,,,,,,,,,,,,,,,,,,,,,,,,,,,,,,,,,,,,,,,,,,,,,,,,,,18.21625,,,
15:08:17.412,,,,,,,,,,,,,,,,,,,,,,,,,,,,,,,,,,,,,,,,,,,,,37.5,37.5,,,,,,,40,,,,,,,,,,,,,,,,,,,,,,,,,,,,,,,,,,,,,,,,,,,,,,,,,,,,,,,,,,,,,,
15:08:17.530,,,,,,,,,,,,,,,,,,,,,,,,,,,,,,,,,,,,,,,,,,,,,,,13,29,30,19.5,16,30,,26,26,24,,,,,,,,,,,,,,,,,,,,,,,,,,,,,,,,,,,,,,,,,,,,,,,,,,20.65423639352951,,1.4796904977222223,1.4796904977222223,1.3175049749536816,75.90104166666666,,,0.0891756959101961,
15:08:17.737,,,,,,,,,,,,,,,,,,,,,,,,,,,,,,,,,,,,,,,,,,,,,,,,,,,,,,,,,8,86,20,13.808,739.4000000000001,40.92,14.034,26,,,,,,,,,,,,,,,,,,,,,,,,,,,,,,,,,,,,,,,,,,,,,,,,,,,
15:08:17.856,,,,,,,,,,,,,,,,,,,,,,,,,,,,,,,,,,,,,,,,,,,,,,,,,,,,,,,,,,,,,,,,,2.9000000000000004,3,,,,,,,,,,,,,,,,,,,,,,,,,,,,,,,,,,,,,,,,,,,,,,,,,
15:08:18.075,,,,,,,,,,,,,,,,,,,,,,,,,,,,,,,,,,,,,,,,,,,,,,,,,,,,,,,,,,,,,,,,,,,,,,,,,,,,,,,,,,,,,,,,,,,,,,,,,,,,,,,61.278512500000005,13.770548300000002,24,,,,,,,,,,
15:08:18.339,,,,,,,,,,,,,,,,,,,,,,,,,,,,,,,,,,,,,,,,,,,,,,,,,,,,,,,,,,,,,,,,,,,0,0,,,,,26,1,,,0,,,,,,,26,26,,,,,,,,,,,,,,,,,,,,,,,,,,,,,,
15:08:18.522,,,,,,,,,,,,,,,,,,,,,,,,,,,,,,,,,,,,,,,,,,,,,,,,,,,,,,,,,,,,,,,,,,,,,,,,,,,,,,,,,,,,,,,,-50,0,0,0,0,400,0,0,0,0,,,,,,,,,,0,,,,,,0,,
15:08:18.789,,,,,,,,,,,,,,,,,,,,,,,,,,,,,,,,,,,,,,,,,,,,,,,,,,,,,,,,,,,,,,,,,,,,,0,17,123,0,,,0,825.6,,0,0.6000000000000001,9,0,30,0,,,350,825.6,,,,,,,,,,,0,0,62,735.2,4.444,,,,,,,,,,,,,
15:08:18.965,,,,0,,,,20,,,,,,,,,23,20,,,,,,,,23,,,,,0,,,,,,,,,,,,,,,,,,,,,,,,,,,,,,,,,,,,,,,,,,,,,,,,,,,,,,,,,,,,,,,,,,,,,,,,,,,,,,,,,,,,
15:08:19.117,13.3,46.1,734.9,,0,0,27,,22,20,20,21,22,20,20,33.87889,,,1116.1980555555556,4018313,0,0,5.10347222222222,4.08277777777778,3.82760416666667,,1706.4,1664.5,1274.6,1203.7,,2503,0,0,733,2467,3.82,24,3.82,61,0,1116.19805555556,0,62,,,,,,,,,,,,,,,,,,,,,,,,,,,,,,,,,,,,,,,,,,,,,,,,,,,,,,,,,,,,,,,,,,,,18.15203,,,
15:08:19.298,,,,,,,,,,,,,,,,,,,,,,,,,,,,,,,,,,,,,,,,,,,,,37.5,37.5,,,,,,,40,,,,,,,,,,,,,,,,,,,,,,,,,,,,,,,,,,,,,,,,,,,,,,,,,,,,,,,,,,,,,,
15:08:19.420,,,,,,,,,,,,,,,,,,,,,,,,,,,,,,,,,,,,,,,,,,,,,,,12.5,29,30,19,15.5,30,,26,26,33,,,,,,,,,,,,,,,,,,,,,,,,,,,,,,,,,,,,,,,,,,,,,,,,,,20.744085679644765,,1.4970222819722223,1.4970222819722223,0.9740578867843663,102.66330303030303,,,0.09362362411652934,
15:08:19.638,,,,,,,,,,,,,,,,,,,,,,,,,,,,,,,,,,,,,,,,,,,,,,,,,,,,,,,,,7.920000000000016,86,20,13.809000000000001,737.5,36.79,14.011,27,,,,,,,,,,,,,,,,,,,,,,,,,,,,,,,,,,,,,,,,,,,,,,,,,,,
15:08:19.747,,,,,,,,,,,,,,,,,,,,,,,,,,,,,,,,,,,,,,,,,,,,,,,,,,,,,,,,,,,,,,,,,4.4,3,,,,,,,,,,,,,,,,,,,,,,,,,,,,,,,,,,,,,,,,,,,,,,,,,
15:08:19.989,,,,,,,,,,,,,,,,,,,,,,,,,,,,,,,,,,,,,,,,,,,,,,,,,,,,,,,,,,,,,,,,,,,,,,,,,,,,,,,,,,,,,,,,,,,,,,,,,,,,,,,60.7902375,13.770548300000002,32,,,,,,,,,,
15:08:20.254,,,,,,,,,,,,,,,,,,,,,,,,,,,,,,,,,,,,,,,,,,,,,,,,,,,,,,,,,,,,,,,,,,,0,0,,,,,26,1,,,0,,,,,,,26,26,,,,,,,,,,,,,,,,,,,,,,,,,,,,,,
15:08:20.440,,,,,,,,,,,,,,,,,,,,,,,,,,,,,,,,,,,,,,,,,,,,,,,,,,,,,,,,,,,,,,,,,,,,,,,,,,,,,,,,,,,,,,,,-50,0,0,0,0,400,0,0,0,0,,,,,,,,,,0,,,,,,0,,
15:08:20.710,,,,,,,,,,,,,,,,,,,,,,,,,,,,,,,,,,,,,,,,,,,,,,,,,,,,,,,,,,,,,,,,,,,,,0,17,123,0,,,0,825.6,,0,0.6000000000000001,9,0,30,0,,,350,825.6,,,,,,,,,,,0,0,62,734.8000000000001,4.443,,,,,,,,,,,,,
15:08:20.892,,,,0,,,,20,,,,,,,,,23,20,,,,,,,,23,,,,,0,,,,,,,,,,,,,,,,,,,,,,,,,,,,,,,,,,,,,,,,,,,,,,,,,,,,,,,,,,,,,,,,,,,,,,,,,,,,,,,,,,,,
15:08:21.042,13.3,45,734.6,,0,0,27,,22,20,20,21,22,20,20,33.057,,,1116.1983333333333,4018314,0,0,5.10138888888889,4.08111111111111,3.82604166666667,,1706.4,1664.5,1274.6,1203.7,,3157,0,0,733,2467,3.82,24,3.82,2,0,1116.19833333333,0,62,,,,,,,,,,,,,,,,,,,,,,,,,,,,,,,,,,,,,,,,,,,,,,,,,,,,,,,,,,,,,,,,,,,,33.057,,,
15:08:21.224,,,,,,,,,,,,,,,,,,,,,,,,,,,,,,,,,,,,,,,,,,,,,38,38,,,,,,,41,,,,,,,,,,,,,,,,,,,,,,,,,,,,,,,,,,,,,,,,,,,,,,,,,,,,,,,,,,,,,,
15:08:21.426,,,,,,,,,,,,,,,,,,,,,,,,,,,,,,,,,,,,,,,,,,,,,,,12,29,30,19,15.5,30,,26,26,41,,,,,,,,,,,,,,,,,,,,,,,,,,,,,,,,,,,,,,,,,,,,,,,,,,20.899351214045026,,1.51987757025,1.51987757025,1.2402819372598843,80.6268292682927,,,0.09228087031748901,
15:08:21.672,,,,,,,,,,,,,,,,,,,,,,,,,,,,,,,,,,,,,,,,,,,,,,,,,,,,,,,,,7.910000000000025,86,20,13.81,737.5,36.47,14.017,26,,,,,,,,,,,,,,,,,,,,,,,,,,,,,,,,,,,,,,,,,,,,,,,,,,,
15:08:21.815,,,,,,,,,,,,,,,,,,,,,,,,,,,,,,,,,,,,,,,,,,,,,,,,,,,,,,,,,,,,,,,,,20.5,3,,,,,,,,,,,,,,,,,,,,,,,,,,,,,,,,,,,,,,,,,,,,,,,,,
15:08:22.094,,,,,,,,,,,,,,,,,,,,,,,,,,,,,,,,,,,,,,,,,,,,,,,,,,,,,,,,,,,,,,,,,,,,,,,,,,,,,,,,,,,,,,,,,,,,,,,,,,,,,,,54.78445500000001,13.770548300000002,40,,,,,,,,,,
15:08:22.358,,,,,,,,,,,,,,,,,,,,,,,,,,,,,,,,,,,,,,,,,,,,,,,,,,,,,,,,,,,,,,,,,,,0,0,,,,,26,1,,,0,,,,,,,26,26,,,,,,,,,,,,,,,,,,,,,,,,,,,,,,
15:08:22.601,,,,,,,,,,,,,,,,,,,,,,,,,,,,,,,,,,,,,,,,,,,,,,,,,,,,,,,,,,,,,,,,,,,,,,,,,,,,,,,,,,,,,,,,-50,0,0,0,0,400,0,0,0,0,,,,,,,,,,0,,,,,,0,,
15:08:22.899,,,,,,,,,,,,,,,,,,,,,,,,,,,,,,,,,,,,,,,,,,,,,,,,,,,,,,,,,,,,,,,,,,,,,0,17,123,0,,,0,825.6,,0,0.6000000000000001,9,0,30,0,,,350,825.6,,,,,,,,,,,0,0,62,734.6,4.444,,,,,,,,,,,,,
15:08:23.201,,,,0,,,,20,,,,,,,,,23,20,,,,,,,,23,,,,,0,,,,,,,,,,,,,,,,,,,,,,,,,,,,,,,,,,,,,,,,,,,,,,,,,,,,,,,,,,,,,,,,,,,,,,,,,,,,,,,,,,,,
15:08:23.354,13.3,40.2,734.7,,0,0,27,,22,20,20,21,22,20,20,29.53494,,,1116.1991666666668,4018317,0,0,5.10208333333333,4.08166666666667,3.8265625,,1706.4,1664.6,1274.6,1203.7,,3690,0,0,733,2443,3.82,24,3.82,145,0,1116.19916666667,0,62,,,,,,,,,,,,,,,,,,,,,,,,,,,,,,,,,,,,,,,,,,,,,,,,,,,,,,,,,,,,,,,,,,,,29.534940000000002,,,
15:08:23.562,,,,,,,,,,,,,,,,,,,,,,,,,,,,,,,,,,,,,,,,,,,,,38.5,38.5,,,,,,,42,,,,,,,,,,,,,,,,,,,,,,,,,,,,,,,,,,,,,,,,,,,,,,,,,,,,,,,,,,,,,,
15:08:23.678,,,,,,,,,,,,,,,,,,,,,,,,,,,,,,,,,,,,,,,,,,,,,,,11.5,29,30,18.5,15,30,,26,26,47,,,,,,,,,,,,,,,,,,,,,,,,,,,,,,,,,,,,,,,,,,,,,,,,,,21.121850042947393,,1.5492653085555557,1.5492653085555557,1.591335550368479,62.84029787234042,,,0.09866206736499843,
15:08:23.918,,,,,,,,,,,,,,,,,,,,,,,,,,,,,,,,,,,,,,,,,,,,,,,,,,,,,,,,,7.889999999999986,86,20,13.809000000000001,738.4000000000001,37.42,14.015,26,,,,,,,,,,,,,,,,,,,,,,,,,,,,,,,,,,,,,,,,,,,,,,,,,,,
15:08:24.130,,,,,,,,,,,,,,,,,,,,,,,,,,,,,,,,,,,,,,,,,,,,,,,,,,,,,,,,,,,,,,,,,10.200000000000001,3,,,,,,,,,,,,,,,,,,,,,,,,,,,,,,,,,,,,,,,,,,,,,,,,,
15:08:24.344,,,,,,,,,,,,,,,,,,,,,,,,,,,,,,,,,,,,,,,,,,,,,,,,,,,,,,,,,,,,,,,,,,,,,,,,,,,,,,,,,,,,,,,,,,,,,,,,,,,,,,,50.1458425,13.770548300000002,48.71875,,,,,,,,,,
15:08:24.610,,,,,,,,,,,,,,,,,,,,,,,,,,,,,,,,,,,,,,,,,,,,,,,,,,,,,,,,,,,,,,,,,,,0,0,,,,,26,1,,,0,,,,,,,26,26,,,,,,,,,,,,,,,,,,,,,,,,,,,,,,
15:08:24.825,,,,,,,,,,,,,,,,,,,,,,,,,,,,,,,,,,,,,,,,,,,,,,,,,,,,,,,,,,,,,,,,,,,,,,,,,,,,,,,,,,,,,,,,-50,0,0,0,0,400,0,0,0,0,,,,,,,,,,0,,,,,,0,,
15:08:25.119,,,,,,,,,,,,,,,,,,,,,,,,,,,,,,,,,,,,,,,,,,,,,,,,,,,,,,,,,,,,,,,,,,,,,0,17,123,0,,,0,825.6,,0,0.6000000000000001,9,0,30,0,,,350,825.6,,,,,,,,,,,0,0,62,734.8000000000001,4.444,,,,,,,,,,,,,
15:08:25.361,,,,0,,,,20,,,,,,,,,23,20,,,,,,,,23,,,,,0,,,,,,,,,,,,,,,,,,,,,,,,,,,,,,,,,,,,,,,,,,,,,,,,,,,,,,,,,,,,,,,,,,,,,,,,,,,,,,,,,,,,
15:08:25.538,13.3,36,734.8,,0,0,27,,22,20,20,21,22,20,20,26.4528,,,1116.1997222222221,4018319,0,0,5.10277777777778,4.08222222222222,3.82708333333333,,1706.4,1664.6,1274.6,1203.7,,4063,0,0,733,2443,3.82,24,3.82,149,0,1116.19972222222,0,62,,,,,,,,,,,,,,,,,,,,,,,,,,,,,,,,,,,,,,,,,,,,,,,,,,,,,,,,,,,,,,,,,,,,29.53896,,,
15:08:25.716,,,,,,,,,,,,,,,,,,,,,,,,,,,,,,,,,,,,,,,,,,,,,39,39,,,,,,,43,,,,,,,,,,,,,,,,,,,,,,,,,,,,,,,,,,,,,,,,,,,,,,,,,,,,,,,,,,,,,,
15:08:25.868,,,,,,,,,,,,,,,,,,,,,,,,,,,,,,,,,,,,,,,,,,,,,,,11,29,30,18,14.5,30,,26,26,52,,,,,,,,,,,,,,,,,,,,,,,,,,,,,,,,,,,,,,,,,,,,,,,,,,21.375733834501077,,1.580885644777778,1.580885644777778,1.965765438819331,50.87076923076923,,,0.09512563761936714,
15:08:26.172,,,,,,,,,,,,,,,,,,,,,,,,,,,,,,,,,,,,,,,,,,,,,,,,,,,,,,,,,7.860000000000014,86,20,13.81,737.8000000000001,37.27,14.021,26,,,,,,,,,,,,,,,,,,,,,,,,,,,,,,,,,,,,,,,,,,,,,,,,,,,
15:08:26.286,,,,,,,,,,,,,,,,,,,,,,,,,,,,,,,,,,,,,,,,,,,,,,,,,,,,,,,,,,,,,,,,,4.5,3,,,,,,,,,,,,,,,,,,,,,,,,,,,,,,,,,,,,,,,,,,,,,,,,,
15:08:26.498,,,,,,,,,,,,,,,,,,,,,,,,,,,,,,,,,,,,,,,,,,,,,,,,,,,,,,,,,,,,,,,,,,,,,,,,,,,,,,,,,,,,,,,,,,,,,,,,,,,,,,,49.804050000000004,13.770548300000002,52.984375,,,,,,,,,,
15:08:26.776,,,,,,,,,,,,,,,,,,,,,,,,,,,,,,,,,,,,,,,,,,,,,,,,,,,,,,,,,,,,,,,,,,,0,0,,,,,26,1,,,0,,,,,,,26,26,,,,,,,,,,,,,,,,,,,,,,,,,,,,,,
15:08:26.947,,,,,,,,,,,,,,,,,,,,,,,,,,,,,,,,,,,,,,,,,,,,,,,,,,,,,,,,,,,,,,,,,,,,,,,,,,,,,,,,,,,,,,,,-50,0,0,0,0,400,0,0,0,0,,,,,,,,,,0,,,,,,0,,
15:08:27.218,,,,,,,,,,,,,,,,,,,,,,,,,,,,,,,,,,,,,,,,,,,,,,,,,,,,,,,,,,,,,,,,,,,,,0,17,123,0,,,0,825.6,,0,0.6000000000000001,9,0,30,0,,,350,825.6,,,,,,,,,,,0,0,62,734.5,4.442,,,,,,,,,,,,,
15:08:27.397,,,,0,,,,20,,,,,,,,,23,20,,,,,,,,23,,,,,0,,,,,,,,,,,,,,,,,,,,,,,,,,,,,,,,,,,,,,,,,,,,,,,,,,,,,,,,,,,,,,,,,,,,,,,,,,,,,,,,,,,,
15:08:27.549,13.3,38,734.5,,0,0,27,,22,20,20,21,22,20,20,27.911,,,1116.2002777777777,4018321,0,0,5.10069444444444,4.08055555555556,3.82552083333333,,1706.4,1664.6,1274.6,1203.7,,4338,0,0,733,2443,3.82,24,3.82,150,0,1116.20027777778,0,62,,,,,,,,,,,,,,,,,,,,,,,,,,,,,,,,,,,,,,,,,,,,,,,,,,,,,,,,,,,,,,,,,,,,26.442,,,
15:08:27.727,,,,,,,,,,,,,,,,,,,,,,,,,,,,,,,,,,,,,,,,,,,,,39.5,39.5,,,,,,,43,,,,,,,,,,,,,,,,,,,,,,,,,,,,,,,,,,,,,,,,,,,,,,,,,,,,,,,,,,,,,,
15:08:27.847,,,,,,,,,,,,,,,,,,,,,,,,,,,,,,,,,,,,,,,,,,,,,,,10.5,29,30,18,14,30,,26,26,55,,,,,,,,,,,,,,,,,,,,,,,,,,,,,,,,,,,,,,,,,,,,,,,,,,21.623886849652084,,1.61112871325,1.61112871325,1.9705492458170613,50.74727272727273,,,0.07394625127847389,
15:08:28.059,,,,,,,,,,,,,,,,,,,,,,,,,,,,,,,,,,,,,,,,,,,,,,,,,,,,,,,,,7.840000000000032,86,20,13.809000000000001,739.1,37.07,14.016,27,,,,,,,,,,,,,,,,,,,,,,,,,,,,,,,,,,,,,,,,,,,,,,,,,,,
15:08:28.176,,,,,,,,,,,,,,,,,,,,,,,,,,,,,,,,,,,,,,,,,,,,,,,,,,,,,,,,,,,,,,,,,-1.9000000000000001,3,,,,,,,,,,,,,,,,,,,,,,,,,,,,,,,,,,,,,,,,,,,,,,,,,
15:08:28.388,,,,,,,,,,,,,,,,,,,,,,,,,,,,,,,,,,,,,,,,,,,,,,,,,,,,,,,,,,,,,,,,,,,,,,,,,,,,,,,,,,,,,,,,,,,,,,,,,,,,,,,45.165437499999996,13.770548300000002,52,,,,,,,,,,
15:08:28.659,,,,,,,,,,,,,,,,,,,,,,,,,,,,,,,,,,,,,,,,,,,,,,,,,,,,,,,,,,,,,,,,,,,0,0,,,,,26,1,,,0,,,,,,,26,26,,,,,,,,,,,,,,,,,,,,,,,,,,,,,,
15:08:28.837,,,,,,,,,,,,,,,,,,,,,,,,,,,,,,,,,,,,,,,,,,,,,,,,,,,,,,,,,,,,,,,,,,,,,,,,,,,,,,,,,,,,,,,,-50,0,0,0,0,400,0,0,0,0,,,,,,,,,,0,,,,,,0,,
15:08:29.108,,,,,,,,,,,,,,,,,,,,,,,,,,,,,,,,,,,,,,,,,,,,,,,,,,,,,,,,,,,,,,,,,,,,,0,17,123,0,,,0,825.6,,0,0.6000000000000001,9,0,30,0,,,350,825.6,,,,,,,,,,,0,0,62,735.7,4.442,,,,,,,,,,,,,
15:08:29.287,,,,0,,,,20,,,,,,,,,23,20,,,,,,,,23,,,,,0,,,,,,,,,,,,,,,,,,,,,,,,,,,,,,,,,,,,,,,,,,,,,,,,,,,,,,,,,,,,,,,,,,,,,,,,,,,,,,,,,,,,
15:08:29.438,13.3,30.1,735.2,,0,0,27,,22,20,20,21,22,20,20,22.12952,,,1116.2008333333333,4018323,0,0,5.10555555555556,4.08444444444444,3.82916666666667,,1706.4,1664.6,1274.6,1203.8,,4501,0,0,733,2443,3.82,24,3.82,149,0,1116.20083333333,0,62,,,,,,,,,,,,,,,,,,,,,,,,,,,,,,,,,,,,,,,,,,,,,,,,,,,,,,,,,,,,,,,,,,,,22.129520000000003,,,
15:08:29.648,,,,,,,,,,,,,,,,,,,,,,,,,,,,,,,,,,,,,,,,,,,,,39.5,39.5,,,,,,,43,,,,,,,,,,,,,,,,,,,,,,,,,,,,,,,,,,,,,,,,,,,,,,,,,,,,,,,,,,,,,,
15:08:29.767,,,,,,,,,,,,,,,,,,,,,,,,,,,,,,,,,,,,,,,,,,,,,,,10,29,30,17.5,13.5,30,,26,26,57,,,,,,,,,,,,,,,,,,,,,,,,,,,,,,,,,,,,,,,,,,,,,,,,,,21.875294249701795,,1.64152612925,1.64152612925,2.5757449777491783,38.823719298245614,,,0.0543340779774617,
15:08:29.976,,,,,,,,,,,,,,,,,,,,,,,,,,,,,,,,,,,,,,,,,,,,,,,,,,,,,,,,,7.829999999999984,86,20,13.811,738.4000000000001,36.2,14.007,27,,,,,,,,,,,,,,,,,,,,,,,,,,,,,,,,,,,,,,,,,,,,,,,,,,,
15:08:30.096,,,,,,,,,,,,,,,,,,,,,,,,,,,,,,,,,,,,,,,,,,,,,,,,,,,,,,,,,,,,,,,,,2.1,3,,,,,,,,,,,,,,,,,,,,,,,,,,,,,,,,,,,,,,,,,,,,,,,,,
15:08:30.308,,,,,,,,,,,,,,,,,,,,,,,,,,,,,,,,,,,,,,,,,,,,,,,,,,,,,,,,,,,,,,,,,,,,,,,,,,,,,,,,,,,,,,,,,,,,,,,,,,,,,,,47.655640000000005,13.7515046,57.765625,,,,,,,,,,
15:08:30.579,,,,,,,,,,,,,,,,,,,,,,,,,,,,,,,,,,,,,,,,,,,,,,,,,,,,,,,,,,,,,,,,,,,0,0,,,,,26,1,,,0,,,,,,,26,26,,,,,,,,,,,,,,,,,,,,,,,,,,,,,,
15:08:30.760,,,,,,,,,,,,,,,,,,,,,,,,,,,,,,,,,,,,,,,,,,,,,,,,,,,,,,,,,,,,,,,,,,,,,,,,,,,,,,,,,,,,,,,,-50,0,0,0,0,400,0,0,0,0,,,,,,,,,,0,,,,,,0,,
15:08:31.024,,,,,,,,,,,,,,,,,,,,,,,,,,,,,,,,,,,,,,,,,,,,,,,,,,,,,,,,,,,,,,,,,,,,,0,17,123,0,,,0,825.6,,0,0.6000000000000001,9,0,30,0,,,350,825.6,,,,,,,,,,,0,0,62,734.9000000000001,4.444,,,,,,,,,,,,,
15:08:31.208,,,,0,,,,20,,,,,,,,,23,20,,,,,,,,23,,,,,0,,,,,,,,,,,,,,,,,,,,,,,,,,,,,,,,,,,,,,,,,,,,,,,,,,,,,,,,,,,,,,,,,,,,,,,,,,,,,,,,,,,,
15:08:31.358,13.3,32.2,734.8,,0,0,27,,22,20,20,21,22,20,20,23.66056,,,1116.201388888889,4018325,0,0,5.10277777777778,4.08222222222222,3.82708333333333,,1706.4,1664.7,1274.6,1203.8,,4688,0,0,733,2469,3.82,24,3.82,64,0,1116.20138888889,0,62,,,,,,,,,,,,,,,,,,,,,,,,,,,,,,,,,,,,,,,,,,,,,,,,,,,,,,,,,,,,,,,,,,,,23.66056,,,
15:08:31.537,,,,,,,,,,,,,,,,,,,,,,,,,,,,,,,,,,,,,,,,,,,,,40,40,,,,,,,43,,,,,,,,,,,,,,,,,,,,,,,,,,,,,,,,,,,,,,,,,,,,,,,,,,,,,,,,,,,,,,
15:08:31.657,,,,,,,,,,,,,,,,,,,,,,,,,,,,,,,,,,,,,,,,,,,,,,,9,29,29.5,17,13,29.5,,26,26,60,,,,,,,,,,,,,,,,,,,,,,,,,,,,,,,,,,,,,,,,,,,,,,,,,,22.140213466538835,,1.6730312109166667,1.6730312109166667,2.5358655923612967,39.434266666666666,,,0.04615168955756673,
15:08:31.867,,,,,,,,,,,,,,,,,,,,,,,,,,,,,,,,,,,,,,,,,,,,,,,,,,,,,,,,,7.53000000000003,86,20,13.794,738.4000000000001,36.42,13.996,27,,,,,,,,,,,,,,,,,,,,,,,,,,,,,,,,,,,,,,,,,,,,,,,,,,,
15:08:31.986,,,,,,,,,,,,,,,,,,,,,,,,,,,,,,,,,,,,,,,,,,,,,,,,,,,,,,,,,,,,,,,,,17.900000000000002,3,,,,,,,,,,,,,,,,,,,,,,,,,,,,,,,,,,,,,,,,,,,,,,,,,
15:08:32.224,,,,,,,,,,,,,,,,,,,,,,,,,,,,,,,,,,,,,,,,,,,,,,,,,,,,,,,,,,,,,,,,,,,,,,,,,,,,,,,,,,,,,,,,,,,,,,,,,,,,,,,47.8021225,13.760294,60.25,,,,,,,,,,
15:08:32.528,,,,,,,,,,,,,,,,,,,,,,,,,,,,,,,,,,,,,,,,,,,,,,,,,,,,,,,,,,,,,,,,,,,0,0,,,,,26,1,,,0,,,,,,,26,26,,,,,,,,,,,,,,,,,,,,,,,,,,,,,,
15:08:32.709,,,,,,,,,,,,,,,,,,,,,,,,,,,,,,,,,,,,,,,,,,,,,,,,,,,,,,,,,,,,,,,,,,,,,,,,,,,,,,,,,,,,,,,,-50,0,0,0,0,400,0,0,0,0,,,,,,,,,,0,,,,,,0,,
15:08:32.973,,,,,,,,,,,,,,,,,,,,,,,,,,,,,,,,,,,,,,,,,,,,,,,,,,,,,,,,,,,,,,,,,,,,,0,17,123,0,,,0,825.6,,0,0.6000000000000001,9,0,30,0,,,350,825.6,,,,,,,,,,,0,0,62,735,4.443,,,,,,,,,,,,,
15:08:33.158,,,,0,,,,20,,,,,,,,,23,20,,,,,,,,23,,,,,0,,,,,,,,,,,,,,,,,,,,,,,,,,,,,,,,,,,,,,,,,,,,,,,,,,,,,,,,,,,,,,,,,,,,,,,,,,,,,,,,,,,,
15:08:33.311,13.3,30,734.9,,0,0,27,,22,20,20,21,22,20,20,22.047,,,1116.2019444444445,4018327,0,0,5.10347222222222,4.08277777777778,3.82760416666667,,1706.4,1664.7,1274.6,1203.8,,4849,0,0,733,2469,3.82,24,3.82,78,0,1116.20194444444,0,62,,,,,,,,,,,,,,,,,,,,,,,,,,,,,,,,,,,,,,,,,,,,,,,,,,,,,,,,,,,,,,,,,,,,22.047,,,
15:08:33.553,,,,,,,,,,,,,,,,,,,,,,,,,,,,,,,,,,,,,,,,,,,,,40.5,40.5,,,,,,,42,,,,,,,,,,,,,,,,,,,,,,,,,,,,,,,,,,,,,,,,,,,,,,,,,,,,,,,,,,,,,,
15:08:33.695,,,,,,,,,,,,,,,,,,,,,,,,,,,,,,,,,,,,,,,,,,,,,,,8.5,29,29.5,16.5,12.5,29.5,,26,26,62,,,,,,,,,,,,,,,,,,,,,,,,,,,,,,,,,,,,,,,,,,,,,,,,,,22.4366275319446,,1.7081321974722223,1.7081321974722223,2.8121739919263393,35.559677419354834,,,0.0361853410148743,
15:08:33.906,,,,,,,,,,,,,,,,,,,,,,,,,,,,,,,,,,,,,,,,,,,,,,,,,,,,,,,,,7.889999999999986,86,20,13.809000000000001,738.4000000000001,37.32,14.025,27,,,,,,,,,,,,,,,,,,,,,,,,,,,,,,,,,,,,,,,,,,,,,,,,,,,
15:08:34.035,,,,,,,,,,,,,,,,,,,,,,,,,,,,,,,,,,,,,,,,,,,,,,,,,,,,,,,,,,,,,,,,,5.4,3,,,,,,,,,,,,,,,,,,,,,,,,,,,,,,,,,,,,,,,,,,,,,,,,,
15:08:34.240,,,,,,,,,,,,,,,,,,,,,,,,,,,,,,,,,,,,,,,,,,,,,,,,,,,,,,,,,,,,,,,,,,,,,,,,,,,,,,,,,,,,,,,,,,,,,,,,,,,,,,,47.9974325,13.760294,60,,,,,,,,,,
15:08:34.539,,,,,,,,,,,,,,,,,,,,,,,,,,,,,,,,,,,,,,,,,,,,,,,,,,,,,,,,,,,,,,,,,,,0,0,,,,,26,1,,,0,,,,,,,26,26,,,,,,,,,,,,,,,,,,,,,,,,,,,,,,
15:08:34.718,,,,,,,,,,,,,,,,,,,,,,,,,,,,,,,,,,,,,,,,,,,,,,,,,,,,,,,,,,,,,,,,,,,,,,,,,,,,,,,,,,,,,,,,-50,0,0,0,0,400,0,0,0,0,,,,,,,,,,0,,,,,,0,,
15:08:34.993,,,,,,,,,,,,,,,,,,,,,,,,,,,,,,,,,,,,,,,,,,,,,,,,,,,,,,,,,,,,,,,,,,,,,0,17,123,0,,,0,825.6,,0,0.6000000000000001,9,0,30,0,,,350,825.6,,,,,,,,,,,0,0,62,734.9000000000001,4.443,,,,,,,,,,,,,
15:08:35.224,,,,0,,,,20,,,,,,,,,23,20,,,,,,,,23,,,,,0,,,,,,,,,,,,,,,,,,,,,,,,,,,,,,,,,,,,,,,,,,,,,,,,,,,,,,,,,,,,,,,,,,,,,,,,,,,,,,,,,,,,
15:08:35.378,13.3,28.3,735,,0,0,27,,22,20,20,21,22,20,20,20.8005,,,1116.2025,4018329,0,0,5.10416666666667,4.08333333333333,3.828125,,1706.4,1664.7,1274.6,1203.8,,5004,0,0,733,2469,3.82,22,3.82,78,0,1116.2025,0,62,,,,,,,,,,,,,,,,,,,,,,,,,,,,,,,,,,,,,,,,,,,,,,,,,,,,,,,,,,,,,,,,,,,,20.8005,,,
15:08:35.557,,,,,,,,,,,,,,,,,,,,,,,,,,,,,,,,,,,,,,,,,,,,,41,41,,,,,,,42,,,,,,,,,,,,,,,,,,,,,,,,,,,,,,,,,,,,,,,,,,,,,,,,,,,,,,,,,,,,,,
15:08:35.708,,,,,,,,,,,,,,,,,,,,,,,,,,,,,,,,,,,,,,,,,,,,,,,7.5,29,29.5,16.5,11.5,29.5,,26,26,64,,,,,,,,,,,,,,,,,,,,,,,,,,,,,,,,,,,,,,,,,,,,,,,,,,22.73962580192603,,1.7439130596944445,1.7439130596944445,3.0768491142039855,32.50078125,,,0.032429692005636154,
15:08:35.953,,,,,,,,,,,,,,,,,,,,,,,,,,,,,,,,,,,,,,,,,,,,,,,,,,,,,,,,,7.5400000000000205,86,20,13.794,738.4000000000001,36.1,13.993,27,,,,,,,,,,,,,,,,,,,,,,,,,,,,,,,,,,,,,,,,,,,,,,,,,,,
15:08:36.065,,,,,,,,,,,,,,,,,,,,,,,,,,,,,,,,,,,,,,,,,,,,,,,,,,,,,,,,,,,,,,,,,8.200000000000001,3,,,,,,,,,,,,,,,,,,,,,,,,,,,,,,,,,,,,,,,,,,,,,,,,,
15:08:36.339,,,,,,,,,,,,,,,,,,,,,,,,,,,,,,,,,,,,,,,,,,,,,,,,,,,,,,,,,,,,,,,,,,,,,,,,,,,,,,,,,,,,,,,,,,,,,,,,,,,,,,,47.9974325,13.770548300000002,64.1875,,,,,,,,,,
15:08:36.640,,,,,,,,,,,,,,,,,,,,,,,,,,,,,,,,,,,,,,,,,,,,,,,,,,,,,,,,,,,,,,,,,,,0,0,,,,,26,1,,,0,,,,,,,26,26,,,,,,,,,,,,,,,,,,,,,,,,,,,,,,
15:08:36.819,,,,,,,,,,,,,,,,,,,,,,,,,,,,,,,,,,,,,,,,,,,,,,,,,,,,,,,,,,,,,,,,,,,,,,,,,,,,,,,,,,,,,,,,-50,0,0,0,0,400,0,0,0,0,,,,,,,,,,0,,,,,,0,,
15:08:37.088,,,,,,,,,,,,,,,,,,,,,,,,,,,,,,,,,,,,,,,,,,,,,,,,,,,,,,,,,,,,,,,,,,,,,0,17,123,0,,,0,825.6,,0,0.6000000000000001,9,0,30,0,,,350,825.6,,,,,,,,,,,0,0,62,735.1,4.444,,,,,,,,,,,,,
15:08:37.270,,,,0,,,,20,,,,,,,,,23,20,,,,,,,,23,,,,,0,,,,,,,,,,,,,,,,,,,,,,,,,,,,,,,,,,,,,,,,,,,,,,,,,,,,,,,,,,,,,,,,,,,,,,,,,,,,,,,,,,,,
15:08:37.484,13.3,22.3,735.5,,0,0,27,,22,20,20,21,22,20,20,16.40165,,,1116.2030555555555,4018331,0,0,5.10763888888889,4.08611111111111,3.83072916666667,,1706.4,1664.7,1274.6,1203.8,,5123,0,0,734,2469,3.82,24,3.82,61,0,1116.20305555556,0,62,,,,,,,,,,,,,,,,,,,,,,,,,,,,,,,,,,,,,,,,,,,,,,,,,,,,,,,,,,,,,,,,,,,,20.81465,,,
15:08:37.690,,,,,,,,,,,,,,,,,,,,,,,,,,,,,,,,,,,,,,,,,,,,,42,42,,,,,,,42,,,,,,,,,,,,,,,,,,,,,,,,,,,,,,,,,,,,,,,,,,,,,,,,,,,,,,,,,,,,,,
15:08:37.839,,,,,,,,,,,,,,,,,,,,,,,,,,,,,,,,,,,,,,,,,,,,,,,7,29,29.5,16,11,29.5,,26,26,65,,,,,,,,,,,,,,,,,,,,,,,,,,,,,,,,,,,,,,,,,,,,,,,,,,23.063372129006325,,1.7823958131666668,1.7823958131666668,3.9630159160816136,25.233307692307694,,,0.0280741283074039,
15:08:38.051,,,,,,,,,,,,,,,,,,,,,,,,,,,,,,,,,,,,,,,,,,,,,,,,,,,,,,,,,7.810000000000002,86,20,13.811,740.3000000000001,36.28,13.999,27,,,,,,,,,,,,,,,,,,,,,,,,,,,,,,,,,,,,,,,,,,,,,,,,,,,
15:08:38.175,,,,,,,,,,,,,,,,,,,,,,,,,,,,,,,,,,,,,,,,,,,,,,,,,,,,,,,,,,,,,,,,,14.600000000000001,3,,,,,,,,,,,,,,,,,,,,,,,,,,,,,,,,,,,,,,,,,,,,,,,,,
15:08:38.379,,,,,,,,,,,,,,,,,,,,,,,,,,,,,,,,,,,,,,,,,,,,,,,,,,,,,,,,,,,,,,,,,,,,,,,,,,,,,,,,,,,,,,,,,,,,,,,,,,,,,,,42.479925,13.750528,65.03125,,,,,,,,,,
15:08:38.654,,,,,,,,,,,,,,,,,,,,,,,,,,,,,,,,,,,,,,,,,,,,,,,,,,,,,,,,,,,,,,,,,,,0,0,,,,,26,1,,,0,,,,,,,26,26,,,,,,,,,,,,,,,,,,,,,,,,,,,,,,
15:08:38.887,,,,,,,,,,,,,,,,,,,,,,,,,,,,,,,,,,,,,,,,,,,,,,,,,,,,,,,,,,,,,,,,,,,,,,,,,,,,,,,,,,,,,,,,-50,0,0,0,0,400,0,0,0,0,,,,,,,,,,0,,,,,,0,,
15:08:39.157,,,,,,,,,,,,,,,,,,,,,,,,,,,,,,,,,,,,,,,,,,,,,,,,,,,,,,,,,,,,,,,,,,,,,0,17,123,0,,,0,825.6,,0,0.6000000000000001,9,0,30,0,,,350,825.6,,,,,,,,,,,0,0,62,736.7,4.444,,,,,,,,,,,,,
15:08:39.341,,,,0,,,,20,,,,,,,,,23,20,,,,,,,,23,,,,,0,,,,,,,,,,,,,,,,,,,,,,,,,,,,,,,,,,,,,,,,,,,,,,,,,,,,,,,,,,,,,,,,,,,,,,,,,,,,,,,,,,,,
15:08:39.492,13.3,-4.5,738,,0,0,27,,22,20,20,21,22,20,20,-3.321,,,1116.203611111111,4018333,0,0,5.125,4.1,3.84375,,1706.4,1664.7,1274.6,1203.8,,5116,0,0,736,2478,3.84,24,3.82,61,0,1116.20361111111,0,62,,,,,,,,,,,,,,,,,,,,,,,,,,,,,,,,,,,,,,,,,,,,,,,,,,,,,,,,,,,,,,,,,,,,16.4574,,,
15:08:39.700,,,,,,,,,,,,,,,,,,,,,,,,,,,,,,,,,,,,,,,,,,,,,42,42,,,,,,,41,,,,,,,,,,,,,,,,,,,,,,,,,,,,,,,,,,,,,,,,,,,,,,,,,,,,,,,,,,,,,,
15:08:39.820,,,,,,,,,,,,,,,,,,,,,,,,,,,,,,,,,,,,,,,,,,,,,,,6.5,29,29.5,15.5,10.5,29.5,,26,26,64,,,,,,,,,,,,,,,,,,,,,,,,,,,,,,,,,,,,,,,,,,,,,,,,,,23.3527701138806,,1.8176106878333336,1.8176106878333336,-19.271303824149353,-5.1890625,,,,
15:08:40.060,,,,,,,,,,,,,,,,,,,,,,,,,,,,,,,,,,,,,,,,,,,,,,,,,,,,,,,,,7.490000000000009,86,20,13.793,745.2,40.56,14.008,27,,,,,,,,,,,,,,,,,,,,,,,,,,,,,,,,,,,,,,,,,,,,,,,,,,,
15:08:40.187,,,,,,,,,,,,,,,,,,,,,,,,,,,,,,,,,,,,,,,,,,,,,,,,,,,,,,,,,,,,,,,,,10.3,3,,,,,,,,,,,,,,,,,,,,,,,,,,,,,,,,,,,,,,,,,,,,,,,,,
15:08:40.392,,,,,,,,,,,,,,,,,,,,,,,,,,,,,,,,,,,,,,,,,,,,,,,,,,,,,,,,,,,,,,,,,,,,,,,,,,,,,,,,,,,,,,,,,,,,,,,,,,,,,,,16.40604,13.740762,60,,,,,,,,,,
15:08:40.660,,,,,,,,,,,,,,,,,,,,,,,,,,,,,,,,,,,,,,,,,,,,,,,,,,,,,,,,,,,,,,,,,,,0,0,,,,,26,1,,,0,,,,,,,26,26,,,,,,,,,,,,,,,,,,,,,,,,,,,,,,
15:08:40.841,,,,,,,,,,,,,,,,,,,,,,,,,,,,,,,,,,,,,,,,,,,,,,,,,,,,,,,,,,,,,,,,,,,,,,,,,,,,,,,,,,,,,,,,-50,0,0,0,0,400,0,0,0,0,,,,,,,,,,0,,,,,,0,,
15:08:41.108,,,,,,,,,,,,,,,,,,,,,,,,,,,,,,,,,,,,,,,,,,,,,,,,,,,,,,,,,,,,,,,,,,,,,0,17,123,0,,,0,825.6,,0,0.6000000000000001,9,0,30,0,,,350,825.6,,,,,,,,,,,0,0,62,742.6,4.444,,,,,,,,,,,,,
15:08:41.286,,,,0,,,,20,,,,,,,,,23,20,,,,,,,,23,,,,,0,,,,,,,,,,,,,,,,,,,,,,,,,,,,,,,,,,,,,,,,,,,,,,,,,,,,,,,,,,,,,,,,,,,,,,,,,,,,,,,,,,,,
15:08:41.473,13.3,-39.8,742.1,,0,0,27,,22,20,20,21,22,20,20,-29.53558,,,1116.2041666666667,4018335,0,0,5.15347222222222,4.12277777777778,3.86510416666667,,1706.4,1664.7,1274.6,1203.8,,4609,0,0,741,2478,3.86,24,3.86,2,0,1116.20416666667,0,62,,,,,,,,,,,,,,,,,,,,,,,,,,,,,,,,,,,,,,,,,,,,,,,,,,,,,,,,,,,,,,,,,,,,-3.3394500000000003,,,
15:08:41.650,,,,,,,,,,,,,,,,,,,,,,,,,,,,,,,,,,,,,,,,,,,,,42.5,42.5,,,,,,,41,,,,,,,,,,,,,,,,,,,,,,,,,,,,,,,,,,,,,,,,,,,,,,,,,,,,,,,,,,,,,,
15:08:41.768,,,,,,,,,,,,,,,,,,,,,,,,,,,,,,,,,,,,,,,,,,,,,,,6,29,29.5,15,10,29.5,,26,26,57,,,,,,,,,,,,,,,,,,,,,,,,,,,,,,,,,,,,,,,,,,,,,,,,,,23.58505736453182,,1.8484512155000001,1.8484512155000001,-1.9298757634012944,-51.81680701754386,,,,
15:08:41.978,,,,,,,,,,,,,,,,,,,,,,,,,,,,,,,,,,,,,,,,,,,,,,,,,,,,,,,,,7.420000000000016,86,20,13.786000000000001,745.6,41.29,14.029,28,,,,,,,,,,,,,,,,,,,,,,,,,,,,,,,,,,,,,,,,,,,,,,,,,,,
15:08:42.160,,,,,,,,,,,,,,,,,,,,,,,,,,,,,,,,,,,,,,,,,,,,,,,,,,,,,,,,,,,,,,,,,-4,3,,,,,,,,,,,,,,,,,,,,,,,,,,,,,,,,,,,,,,,,,,,,,,,,,
15:08:42.373,,,,,,,,,,,,,,,,,,,,,,,,,,,,,,,,,,,,,,,,,,,,,,,,,,,,,,,,,,,,,,,,,,,,,,,,,,,,,,,,,,,,,,,,,,,,,,,,,,,,,,,28.026985,13.740762,52,,,,,,,,,,
15:08:42.642,,,,,,,,,,,,,,,,,,,,,,,,,,,,,,,,,,,,,,,,,,,,,,,,,,,,,,,,,,,,,,,,,,,0,0,,,,,27,1,,,0,,,,,,,27,26,,,,,,,,,,,,,,,,,,,,,,,,,,,,,,
15:08:42.822,,,,,,,,,,,,,,,,,,,,,,,,,,,,,,,,,,,,,,,,,,,,,,,,,,,,,,,,,,,,,,,,,,,,,,,,,,,,,,,,,,,,,,,,-50,0,0,0,0,400,0,0,0,0,,,,,,,,,,0,,,,,,0,,
15:08:43.086,,,,,,,,,,,,,,,,,,,,,,,,,,,,,,,,,,,,,,,,,,,,,,,,,,,,,,,,,,,,,,,,,,,,,0,17,123,0,,,0,825.6,,0,0.6000000000000001,9,0,30,0,,,350,825.6,,,,,,,,,,,0,0,62,740.1,4.444,,,,,,,,,,,,,
15:08:43.266,,,,0,,,,20,,,,,,,,,23,20,,,,,,,,23,,,,,0,,,,,,,,,,,,,,,,,,,,,,,,,,,,,,,,,,,,,,,,,,,,,,,,,,,,,,,,,,,,,,,,,,,,,,,,,,,,,,,,,,,,
15:08:43.424,13.3,-12.4,739.9,,0,0,27,,22,20,20,21,22,20,20,-9.17476,,,1116.2047222222222,4018337,0,0,5.13819444444444,4.11055555555556,3.85364583333333,,1706.4,1664.7,1274.7,1203.8,,4253,0,0,738,2478,3.84,24,3.84,64,0,1116.20472222222,0,62,,,,,,,,,,,,,,,,,,,,,,,,,,,,,,,,,,,,,,,,,,,,,,,,,,,,,,,,,,,,,,,,,,,,-29.448019999999996,,,
15:08:43.597,,,,,,,,,,,,,,,,,,,,,,,,,,,,,,,,,,,,,,,,,,,,,42.5,42.5,,,,,,,41,,,,,,,,,,,,,,,,,,,,,,,,,,,,,,,,,,,,,,,,,,,,,,,,,,,,,,,,,,,,,,
15:08:43.717,,,,,,,,,,,,,,,,,,,,,,,,,,,,,,,,,,,,,,,,,,,,,,,5.5,28,29,15,10,29,,26,26,53,,,,,,,,,,,,,,,,,,,,,,,,,,,,,,,,,,,,,,,,,,,,,,,,,,23.786866858504634,,1.877146494638889,1.877146494638889,-5.776717865099469,-17.3108679245283,,,-0.03890486666958574,
15:08:43.926,,,,,,,,,,,,,,,,,,,,,,,,,,,,,,,,,,,,,,,,,,,,,,,,,,,,,,,,,7.759999999999991,86,20,13.81,744,37.33,14.008,27,,,,,,,,,,,,,,,,,,,,,,,,,,,,,,,,,,,,,,,,,,,,,,,,,,,
15:08:44.046,,,,,,,,,,,,,,,,,,,,,,,,,,,,,,,,,,,,,,,,,,,,,,,,,,,,,,,,,,,,,,,,,3.8000000000000003,3,,,,,,,,,,,,,,,,,,,,,,,,,,,,,,,,,,,,,,,,,,,,,,,,,
15:08:44.290,,,,,,,,,,,,,,,,,,,,,,,,,,,,,,,,,,,,,,,,,,,,,,,,,,,,,,,,,,,,,,,,,,,,,,,,,,,,,,,,,,,,,,,,,,,,,,,,,,,,,,,25.878575,13.770548300000002,52.984375,,,,,,,,,,
15:08:44.553,,,,,,,,,,,,,,,,,,,,,,,,,,,,,,,,,,,,,,,,,,,,,,,,,,,,,,,,,,,,,,,,,,,0,0,,,,,27,1,,,0,,,,,,,27,26,,,,,,,,,,,,,,,,,,,,,,,,,,,,,,
15:08:44.739,,,,,,,,,,,,,,,,,,,,,,,,,,,,,,,,,,,,,,,,,,,,,,,,,,,,,,,,,,,,,,,,,,,,,,,,,,,,,,,,,,,,,,,,-50,0,0,0,0,400,0,0,0,0,,,,,,,,,,0,,,,,,0,,
15:08:45.003,,,,,,,,,,,,,,,,,,,,,,,,,,,,,,,,,,,,,,,,,,,,,,,,,,,,,,,,,,,,,,,,,,,,,0,17,123,0,,,0,825.6,,0,0.6000000000000001,9,0,30,0,,,350,825.6,,,,,,,,,,,0,0,62,740.9000000000001,4.444,,,,,,,,,,,,,
15:08:45.187,,,,0,,,,20,,,,,,,,,23,20,,,,,,,,23,,,,,0,,,,,,,,,,,,,,,,,,,,,,,,,,,,,,,,,,,,,,,,,,,,,,,,,,,,,,,,,,,,,,,,,,,,,,,,,,,,,,,,,,,,
15:08:45.336,13.3,-26.7,741.3,,0,0,27,,22,20,20,21,22,20,20,-19.79271,,,1116.2052777777778,4018339,0,0,5.14791666666667,4.11833333333333,3.8609375,,1706.4,1664.7,1274.7,1203.8,,3963,0,0,740,2478,3.86,24,3.84,2,0,1116.20527777778,0,62,,,,,,,,,,,,,,,,,,,,,,,,,,,,,,,,,,,,,,,,,,,,,,,,,,,,,,,,,,,,,,,,,,,,-19.79271,,,
15:08:45.516,,,,,,,,,,,,,,,,,,,,,,,,,,,,,,,,,,,,,,,,,,,,,43,43,,,,,,,41,,,,,,,,,,,,,,,,,,,,,,,,,,,,,,,,,,,,,,,,,,,,,,,,,,,,,,,,,,,,,,
15:08:45.636,,,,,,,,,,,,,,,,,,,,,,,,,,,,,,,,,,,,,,,,,,,,,,,5,28,29,14.5,9.5,29,,26,26,49,,,,,,,,,,,,,,,,,,,,,,,,,,,,,,,,,,,,,,,,,,,,,,,,,,23.956388854452143,,1.9033215065555555,1.9033215065555555,-2.4756589673672784,-40.39328571428571,,,-0.05812146458990915,
15:08:45.877,,,,,,,,,,,,,,,,,,,,,,,,,,,,,,,,,,,,,,,,,,,,,,,,,,,,,,,,,7.230000000000018,86,20,13.789000000000001,745.5,41.27,14.033,28,,,,,,,,,,,,,,,,,,,,,,,,,,,,,,,,,,,,,,,,,,,,,,,,,,,
15:08:46.005,,,,,,,,,,,,,,,,,,,,,,,,,,,,,,,,,,,,,,,,,,,,,,,,,,,,,,,,,,,,,,,,,0.9,3,,,,,,,,,,,,,,,,,,,,,,,,,,,,,,,,,,,,,,,,,,,,,,,,,
15:08:46.207,,,,,,,,,,,,,,,,,,,,,,,,,,,,,,,,,,,,,,,,,,,,,,,,,,,,,,,,,,,,,,,,,,,,,,,,,,,,,,,,,,,,,,,,,,,,,,,,,,,,,,,18.6032775,13.740762,48.03125,,,,,,,,,,
15:08:46.478,,,,,,,,,,,,,,,,,,,,,,,,,,,,,,,,,,,,,,,,,,,,,,,,,,,,,,,,,,,,,,,,,,,0,0,,,,,26,1,,,0,,,,,,,26,26,,,,,,,,,,,,,,,,,,,,,,,,,,,,,,
15:08:46.663,,,,,,,,,,,,,,,,,,,,,,,,,,,,,,,,,,,,,,,,,,,,,,,,,,,,,,,,,,,,,,,,,,,,,,,,,,,,,,,,,,,,,,,,-50,0,0,0,0,400,0,0,0,0,,,,,,,,,,0,,,,,,0,,
15:08:46.933,,,,,,,,,,,,,,,,,,,,,,,,,,,,,,,,,,,,,,,,,,,,,,,,,,,,,,,,,,,,,,,,,,,,,0,17,123,0,,,0,825.6,,0,0.6000000000000001,9,0,30,0,,,350,825.6,,,,,,,,,,,0,0,62,742.2,4.442,,,,,,,,,,,,,
15:08:47.108,,,,0,,,,20,,,,,,,,,23,20,,,,,,,,23,,,,,0,,,,,,,,,,,,,,,,,,,,,,,,,,,,,,,,,,,,,,,,,,,,,,,,,,,,,,,,,,,,,,,,,,,,,,,,,,,,,,,,,,,,
15:08:47.259,13.3,-28.8,741.9,,0,0,27,,22,20,20,21,22,20,20,-21.36672,,,1116.2058333333334,4018341,0,0,5.15208333333333,4.12166666666667,3.8640625,,1706.5,1664.7,1274.7,1203.8,,3471,0,0,740,2478,3.86,9,3.86,61,0,1116.20583333333,0,62,,,,,,,,,,,,,,,,,,,,,,,,,,,,,,,,,,,,,,,,,,,,,,,,,,,,,,,,,,,,,,,,,,,,-19.80873,,,
15:08:47.438,,,,,,,,,,,,,,,,,,,,,,,,,,,,,,,,,,,,,,,,,,,,,43.5,43.5,,,,,,,41,,,,,,,,,,,,,,,,,,,,,,,,,,,,,,,,,,,,,,,,,,,,,,,,,,,,,,,,,,,,,,
15:08:47.532,,,,,,,,,,,,,,,,,,,,,,,,,,,,,,,,,,,,,,,,,,,,,,,4.5,28,29,14.5,9,29,,26.5,26.5,43,,,,,,,,,,,,,,,,,,,,,,,,,,,,,,,,,,,,,,,,,,,,,,,,,,24.08151943937956,,1.925917704361111,1.925917704361111,-2.0124754758802474,-49.690046511627905,,,-0.07713243128935952,
15:08:47.736,,,,,,,,,,,,,,,,,,,,,,,,,,,,,,,,,,,,,,,,,,,,,,,,,,,,,,,,,7.3799999999999955,86,20,13.786999999999999,745.6,41.57,14.029,28,,,,,,,,,,,,,,,,,,,,,,,,,,,,,,,,,,,,,,,,,,,,,,,,,,,
15:08:47.886,,,,,,,,,,,,,,,,,,,,,,,,,,,,,,,,,,,,,,,,,,,,,,,,,,,,,,,,,,,,,,,,,-0.30000000000000004,3,,,,,,,,,,,,,,,,,,,,,,,,,,,,,,,,,,,,,,,,,,,,,,,,,
15:08:48.099,,,,,,,,,,,,,,,,,,,,,,,,,,,,,,,,,,,,,,,,,,,,,,,,,,,,,,,,,,,,,,,,,,,,,,,,,,,,,,,,,,,,,,,,,,,,,,,,,,,,,,,11.2791525,13.740762,41.453125,,,,,,,,,,
15:08:48.367,,,,,,,,,,,,,,,,,,,,,,,,,,,,,,,,,,,,,,,,,,,,,,,,,,,,,,,,,,,,,,,,,,,0,0,,,,,26,1,,,0,,,,,,,26,26,,,,,,,,,,,,,,,,,,,,,,,,,,,,,,
15:08:48.551,,,,,,,,,,,,,,,,,,,,,,,,,,,,,,,,,,,,,,,,,,,,,,,,,,,,,,,,,,,,,,,,,,,,,,,,,,,,,,,,,,,,,,,,-50,0,0,0,0,400,0,0,0,0,,,,,,,,,,0,,,,,,0,,
15:08:48.822,,,,,,,,,,,,,,,,,,,,,,,,,,,,,,,,,,,,,,,,,,,,,,,,,,,,,,,,,,,,,,,,,,,,,0,17,123,0,,,0,825.6,,0,0.6000000000000001,9,0,30,0,,,350,825.6,,,,,,,,,,,0,0,62,742.7,4.444,,,,,,,,,,,,,
15:08:49.001,,,,0,,,,20,,,,,,,,,23,20,,,,,,,,23,,,,,0,,,,,,,,,,,,,,,,,,,,,,,,,,,,,,,,,,,,,,,,,,,,,,,,,,,,,,,,,,,,,,,,,,,,,,,,,,,,,,,,,,,,
15:08:49.148,13.3,-35.1,742.8,,0,0,27,,22,20,20,21,22,20,20,-26.07228,,,1116.2063888888888,4018343,0,0,5.15833333333333,4.12666666666667,3.86875,,1706.5,1664.7,1274.7,1203.8,,2860,0,0,741,2482,3.86,9,3.86,61,0,1116.20638888889,0,62,,,,,,,,,,,,,,,,,,,,,,,,,,,,,,,,,,,,,,,,,,,,,,,,,,,,,,,,,,,,,,,,,,,,-21.39264,,,
15:08:49.328,,,,,,,,,,,,,,,,,,,,,,,,,,,,,,,,,,,,,,,,,,,,,44,44,,,,,,,42,,,,,,,,,,,,,,,,,,,,,,,,,,,,,,,,,,,,,,,,,,,,,,,,,,,,,,,,,,,,,,
15:08:49.417,,,,,,,,,,,,,,,,,,,,,,,,,,,,,,,,,,,,,,,,,,,,,,,4,28,29,15,8.5,29,,26.5,26.5,34,,,,,,,,,,,,,,,,,,,,,,,,,,,,,,,,,,,,,,,,,,,,,,,,,,24.146043176349544,,1.9437227195277778,1.9437227195277778,-1.3040670014283369,-76.68317647058824,,,-0.08517231109107963,
15:08:49.632,,,,,,,,,,,,,,,,,,,,,,,,,,,,,,,,,,,,,,,,,,,,,,,,,,,,,,,,,7.360000000000014,86,20,13.785,746.5,41.41,14.024,28,,,,,,,,,,,,,,,,,,,,,,,,,,,,,,,,,,,,,,,,,,,,,,,,,,,
15:08:49.747,,,,,,,,,,,,,,,,,,,,,,,,,,,,,,,,,,,,,,,,,,,,,,,,,,,,,,,,,,,,,,,,,8.9,3,,,,,,,,,,,,,,,,,,,,,,,,,,,,,,,,,,,,,,,,,,,,,,,,,
15:08:49.960,,,,,,,,,,,,,,,,,,,,,,,,,,,,,,,,,,,,,,,,,,,,,,,,,,,,,,,,,,,,,,,,,,,,,,,,,,,,,,,,,,,,,,,,,,,,,,,,,,,,,,,6.933505,13.7495514,32.90625,,,,,,,,,,
15:08:50.263,,,,,,,,,,,,,,,,,,,,,,,,,,,,,,,,,,,,,,,,,,,,,,,,,,,,,,,,,,,,,,,,,,,0,0,,,,,26,1,,,0,,,,,,,26,26,,,,,,,,,,,,,,,,,,,,,,,,,,,,,,
15:08:50.439,,,,,,,,,,,,,,,,,,,,,,,,,,,,,,,,,,,,,,,,,,,,,,,,,,,,,,,,,,,,,,,,,,,,,,,,,,,,,,,,,,,,,,,,-50,0,0,0,0,400,0,0,0,0,,,,,,,,,,0,,,,,,0,,
15:08:50.703,,,,,,,,,,,,,,,,,,,,,,,,,,,,,,,,,,,,,,,,,,,,,,,,,,,,,,,,,,,,,,,,,,,,,0,17,123,0,,,0,825.6,,0,0.6000000000000001,9,0,30,0,,,350,825.6,,,,,,,,,,,0,0,62,742.4000000000001,4.444,,,,,,,,,,,,,
15:08:50.890,,,,0,,,,20,,,,,,,,,23,20,,,,,,,,23,,,,,0,,,,,,,,,,,,,,,,,,,,,,,,,,,,,,,,,,,,,,,,,,,,,,,,,,,,,,,,,,,,,,,,,,,,,,,,,,,,,,,,,,,,
15:08:51.042,13.3,-25.5,742.3,,0,0,27,,22,20,20,21,22,20,20,-18.92865,,,1116.2066666666667,4018344,0,0,5.15486111111111,4.12388888888889,3.86614583333333,,1706.5,1664.7,1274.7,1203.8,,2179,0,0,741,2482,3.86,24,3.86,2,0,1116.20666666667,0,62,,,,,,,,,,,,,,,,,,,,,,,,,,,,,,,,,,,,,,,,,,,,,,,,,,,,,,,,,,,,,,,,,,,,-26.05473,,,
15:08:51.188,,,,,,,,,,,,,,,,,,,,,,,,,,,,,,,,,,,,,,,,,,,,,44,44,,,,,,,42,,,,,,,,,,,,,,,,,,,,,,,,,,,,,,,,,,,,,,,,,,,,,,,,,,,,,,,,,,,,,,
15:08:51.309,,,,,,,,,,,,,,,,,,,,,,,,,,,,,,,,,,,,,,,,,,,,,,,3.5,27,29,15,8,29,,26.5,26.5,26,,,,,,,,,,,,,,,,,,,,,,,,,,,,,,,,,,,,,,,,,,,,,,,,,,24.15806423477281,,1.9573819899722222,1.9573819899722222,-1.3735792040108512,-72.80250000000001,,,-0.10073930690660109,
15:08:51.517,,,,,,,,,,,,,,,,,,,,,,,,,,,,,,,,,,,,,,,,,,,,,,,,,,,,,,,,,7.360000000000014,86,20,13.786000000000001,745.6,41.92,14.015,28,,,,,,,,,,,,,,,,,,,,,,,,,,,,,,,,,,,,,,,,,,,,,,,,,,,
15:08:51.636,,,,,,,,,,,,,,,,,,,,,,,,,,,,,,,,,,,,,,,,,,,,,,,,,,,,,,,,,,,,,,,,,11,3,,,,,,,,,,,,,,,,,,,,,,,,,,,,,,,,,,,,,,,,,,,,,,,,,
15:08:51.881,,,,,,,,,,,,,,,,,,,,,,,,,,,,,,,,,,,,,,,,,,,,,,,,,,,,,,,,,,,,,,,,,,,,,,,,,,,,,,,,,,,,,,,,,,,,,,,,,,,,,,,7.7635725,13.7500397,24.359375,,,,,,,,,,
15:08:52.179,,,,,,,,,,,,,,,,,,,,,,,,,,,,,,,,,,,,,,,,,,,,,,,,,,,,,,,,,,,,,,,,,,,0,0,,,,,26,1,,,0,,,,,,,26,26,,,,,,,,,,,,,,,,,,,,,,,,,,,,,,
15:08:52.362,,,,,,,,,,,,,,,,,,,,,,,,,,,,,,,,,,,,,,,,,,,,,,,,,,,,,,,,,,,,,,,,,,,,,,,,,,,,,,,,,,,,,,,,-50,0,0,0,0,400,0,0,0,0,,,,,,,,,,0,,,,,,0,,
15:08:52.623,,,,,,,,,,,,,,,,,,,,,,,,,,,,,,,,,,,,,,,,,,,,,,,,,,,,,,,,,,,,,,,,,,,,,0,17,123,0,,,0,825.6,,0,0.6000000000000001,9,0,30,0,,,350,825.6,,,,,,,,,,,0,0,62,741.7,4.444,,,,,,,,,,,,,
15:08:52.808,,,,0,,,,20,,,,,,,,,23,20,,,,,,,,23,,,,,0,,,,,,,,,,,,,,,,,,,,,,,,,,,,,,,,,,,,,,,,,,,,,,,,,,,,,,,,,,,,,,,,,,,,,,,,,,,,,,,,,,,,
15:08:52.958,13.3,-15.2,741.5,,0,0,27,,22,20,20,21,22,20,20,-11.2708,,,1116.2072222222223,4018346,0,0,5.14930555555556,4.11944444444444,3.86197916666667,,1706.5,1664.7,1274.7,1203.8,,1524,0,0,740,2482,3.86,22,3.86,2,0,1116.20722222222,0,62,,,,,,,,,,,,,,,,,,,,,,,,,,,,,,,,,,,,,,,,,,,,,,,,,,,,,,,,,,,,,,,,,,,,-11.2708,,,
15:08:53.114,,,,,,,,,,,,,,,,,,,,,,,,,,,,,,,,,,,,,,,,,,,,,44,44,,,,,,,42,,,,,,,,,,,,,,,,,,,,,,,,,,,,,,,,,,,,,,,,,,,,,,,,,,,,,,,,,,,,,,
15:08:53.201,,,,,,,,,,,,,,,,,,,,,,,,,,,,,,,,,,,,,,,,,,,,,,,3,27,29,15.5,8,29,,26.5,26.5,18,,,,,,,,,,,,,,,,,,,,,,,,,,,,,,,,,,,,,,,,,,,,,,,,,,24.118372884225167,,1.9668431749722222,1.9668431749722222,-1.5970472371082798,-62.61555555555556,,,-0.11607797317292588,
15:08:53.408,,,,,,,,,,,,,,,,,,,,,,,,,,,,,,,,,,,,,,,,,,,,,,,,,,,,,,,,,7.680000000000007,86,20,13.801,744.5,41.93,14.032,28,,,,,,,,,,,,,,,,,,,,,,,,,,,,,,,,,,,,,,,,,,,,,,,,,,,
15:08:53.526,,,,,,,,,,,,,,,,,,,,,,,,,,,,,,,,,,,,,,,,,,,,,,,,,,,,,,,,,,,,,,,,,4.5,3,,,,,,,,,,,,,,,,,,,,,,,,,,,,,,,,,,,,,,,,,,,,,,,,,
15:08:53.739,,,,,,,,,,,,,,,,,,,,,,,,,,,,,,,,,,,,,,,,,,,,,,,,,,,,,,,,,,,,,,,,,,,,,,,,,,,,,,,,,,,,,,,,,,,,,,,,,,,,,,,2.636685,13.760294,16.703125,,,,,,,,,,
15:08:54.004,,,,,,,,,,,,,,,,,,,,,,,,,,,,,,,,,,,,,,,,,,,,,,,,,,,,,,,,,,,,,,,,,,,0,0,,,,,27,1,,,0,,,,,,,27,26,,,,,,,,,,,,,,,,,,,,,,,,,,,,,,
15:08:54.191,,,,,,,,,,,,,,,,,,,,,,,,,,,,,,,,,,,,,,,,,,,,,,,,,,,,,,,,,,,,,,,,,,,,,,,,,,,,,,,,,,,,,,,,-50,0,0,0,0,400,0,0,0,0,,,,,,,,,,0,,,,,,0,,
15:08:54.458,,,,,,,,,,,,,,,,,,,,,,,,,,,,,,,,,,,,,,,,,,,,,,,,,,,,,,,,,,,,,,,,,,,,,0,17,123,0,,,0,825.6,,0,0.6000000000000001,9,0,30,0,,,350,825.6,,,,,,,,,,,0,0,62,741.3000000000001,4.444,,,,,,,,,,,,,
15:08:54.639,,,,0,,,,20,,,,,,,,,23,20,,,,,,,,23,,,,,0,,,,,,,,,,,,,,,,,,,,,,,,,,,,,,,,,,,,,,,,,,,,,,,,,,,,,,,,,,,,,,,,,,,,,,,,,,,,,,,,,,,,
15:08:54.790,13.3,-10,741,,0,0,27,,22,20,20,21,22,20,20,-7.41,,,1116.2077777777777,4018348,0,0,5.14583333333333,4.11666666666667,3.859375,,1706.5,1664.7,1274.7,1203.8,,816,0,0,739,2482,3.86,12,3.84,2,0,1116.20777777778,0,62,,,,,,,,,,,,,,,,,,,,,,,,,,,,,,,,,,,,,,,,,,,,,,,,,,,,,,,,,,,,,,,,,,,,-11.2632,,,
15:08:54.969,,,,,,,,,,,,,,,,,,,,,,,,,,,,,,,,,,,,,,,,,,,,,44,44,,,,,,,40,,,,,,,,,,,,,,,,,,,,,,,,,,,,,,,,,,,,,,,,,,,,,,,,,,,,,,,,,,,,,,
15:08:55.056,,,,,,,,,,,,,,,,,,,,,,,,,,,,,,,,,,,,,,,,,,,,,,,2.5,26,29,15.5,7.5,29,,26.5,26.5,8,,,,,,,,,,,,,,,,,,,,,,,,,,,,,,,,,,,,,,,,,,,,,,,,,,24.0171502852513,,1.9709660871944443,1.9709660871944443,-1.0796221322537112,-92.625,,,-0.13176092941009632,
15:08:55.267,,,,,,,,,,,,,,,,,,,,,,,,,,,,,,,,,,,,,,,,,,,,,,,,,,,,,,,,,7.569999999999993,86,20,13.801,744,41.54,14.041,29,,,,,,,,,,,,,,,,,,,,,,,,,,,,,,,,,,,,,,,,,,,,,,,,,,,
15:08:55.386,,,,,,,,,,,,,,,,,,,,,,,,,,,,,,,,,,,,,,,,,,,,,,,,,,,,,,,,,,,,,,,,,7.300000000000001,3,,,,,,,,,,,,,,,,,,,,,,,,,,,,,,,,,,,,,,,,,,,,,,,,,
15:08:55.598,,,,,,,,,,,,,,,,,,,,,,,,,,,,,,,,,,,,,,,,,,,,,,,,,,,,,,,,,,,,,,,,,,,,,,,,,,,,,,,,,,,,,,,,,,,,,,,,,,,,,,,1.8066175000000002,13.770548300000002,4,,,,,,,,,,
15:08:55.869,,,,,,,,,,,,,,,,,,,,,,,,,,,,,,,,,,,,,,,,,,,,,,,,,,,,,,,,,,,,,,,,,,,0,0,,,,,26,1,,,0,,,,,,,26,26,,,,,,,,,,,,,,,,,,,,,,,,,,,,,,
15:08:56.050,,,,,,,,,,,,,,,,,,,,,,,,,,,,,,,,,,,,,,,,,,,,,,,,,,,,,,,,,,,,,,,,,,,,,,,,,,,,,,,,,,,,,,,,-50,0,0,0,0,400,0,0,0,0,,,,,,,,,,0,,,,,,0,,
15:08:56.321,,,,,,,,,,,,,,,,,,,,,,,,,,,,,,,,,,,,,,,,,,,,,,,,,,,,,,,,,,,,,,,,,,,,,0,17,123,0,,,0,825.6,,0,0.6000000000000001,9,0,30,0,,,350,825.6,,,,,,,,,,,0,0,62,740.2,4.444,,,,,,,,,,,,,
15:08:56.499,,,,0,,,,20,,,,,,,,,23,20,,,,,,,,23,,,,,0,,,,,,,,,,,,,,,,,,,,,,,,,,,,,,,,,,,,,,,,,,,,,,,,,,,,,,,,,,,,,,,,,,,,,,,,,,,,,,,,,,,,
15:08:56.644,13.3,0.2,740,,0,0,27,,22,20,20,21,22,20,20,0.148,,,1116.2083333333333,4018350,0,0,5.13888888888889,4.11111111111111,3.85416666666667,,1706.5,1664.7,1274.7,1203.8,,163,0,0,738,2482,3.84,24,3.84,61,0,1116.20833333333,0,62,,,,,,,,,,,,,,,,,,,,,,,,,,,,,,,,,,,,,,,,,,,,,,,,,,,,,,,,,,,,,,,,,,,,0.148,,,
15:08:56.825,,,,,,,,,,,,,,,,,,,,,,,,,,,,,,,,,,,,,,,,,,,,,43.5,43.5,,,,,,,39,,,,,,,,,,,,,,,,,,,,,,,,,,,,,,,,,,,,,,,,,,,,,,,,,,,,,,,,,,,,,,
15:08:56.919,,,,,,,,,,,,,,,,,,,,,,,,,,,,,,,,,,,,,,,,,,,,,,,2,26,29,15.5,7.5,29,,26.5,26.5,1,,,,,,,,,,,,,,,,,,,,,,,,,,,,,,,,,,,,,,,,,,,,,,,,,,23.872821642044048,,1.9714839212777777,1.9714839212777777,6.756756756756757,14.799999999999999,,,-0.12459386583075631,
15:08:57.191,,,,,,,,,,,,,,,,,,,,,,,,,,,,,,,,,,,,,,,,,,,,,,,,,,,,,,,,,7.53000000000003,86,20,13.801,744.3000000000001,41.54,14.033,29,,,,,,,,,,,,,,,,,,,,,,,,,,,,,,,,,,,,,,,,,,,,,,,,,,,
15:08:57.314,,,,,,,,,,,,,,,,,,,,,,,,,,,,,,,,,,,,,,,,,,,,,,,,,,,,,,,,,,,,,,,,,11.5,3,,,,,,,,,,,,,,,,,,,,,,,,,,,,,,,,,,,,,,,,,,,,,,,,,
15:08:57.521,,,,,,,,,,,,,,,,,,,,,,,,,,,,,,,,,,,,,,,,,,,,,,,,,,,,,,,,,,,,,,,,,,,,,,,,,,,,,,,,,,,,,,,,,,,,,,,,,,,,,,,0,13.761270600000001,0.5,,,,,,,,,,
15:08:57.787,,,,,,,,,,,,,,,,,,,,,,,,,,,,,,,,,,,,,,,,,,,,,,,,,,,,,,,,,,,,,,,,,,,0,0,,,,,27,1,,,0,,,,,,,27,26,,,,,,,,,,,,,,,,,,,,,,,,,,,,,,
15:08:57.967,,,,,,,,,,,,,,,,,,,,,,,,,,,,,,,,,,,,,,,,,,,,,,,,,,,,,,,,,,,,,,,,,,,,,,,,,,,,,,,,,,,,,,,,-50,0,0,0,0,400,0,0,0,0,,,,,,,,,,0,,,,,,0,,
15:08:58.240,,,,,,,,,,,,,,,,,,,,,,,,,,,,,,,,,,,,,,,,,,,,,,,,,,,,,,,,,,,,,,,,,,,,,0,17,123,0,,,0,825.6,,0,0.6000000000000001,9,0,30,0,,,350,825.6,,,,,,,,,,,0,0,62,739.7,4.444,,,,,,,,,,,,,
15:08:58.417,,,,0,,,,20,,,,,,,,,23,20,,,,,,,,23,,,,,0,,,,,,,,,,,,,,,,,,,,,,,,,,,,,,,,,,,,,,,,,,,,,,,,,,,,,,,,,,,,,,,,,,,,,,,,,,,,,,,,,,,,
15:08:58.567,13.3,1.7,739.7,,0,0,27,,22,20,20,21,22,20,20,1.25749,,,1116.2088888888889,4018352,0,0,5.13680555555556,4.10944444444444,3.85260416666667,,1706.5,1664.7,1274.7,1203.8,,-14,0,0,738,2486,3.84,24,3.84,78,0,1116.20888888889,0,62,,,,,,,,,,,,,,,,,,,,,,,,,,,,,,,,,,,,,,,,,,,,,,,,,,,,,,,,,,,,,,,,,,,,0.14794000000000002,,,
15:08:58.715,,,,,,,,,,,,,,,,,,,,,,,,,,,,,,,,,,,,,,,,,,,,,43,43,,,,,,,38,,,,,,,,,,,,,,,,,,,,,,,,,,,,,,,,,,,,,,,,,,,,,,,,,,,,,,,,,,,,,,
15:08:58.806,,,,,,,,,,,,,,,,,,,,,,,,,,,,,,,,,,,,,,,,,,,,,,,2,25,29,16,7,29,,26.5,26.5,0,,,,,,,,,,,,,,,,,,,,,,,,,,,,,,,,,,,,,,,,,,,,,,,,,,23.722407813493938,,1.9714839212777777,1.9714839212777777,0,,,,-0.09823562700344048,
15:08:59.017,,,,,,,,,,,,,,,,,,,,,,,,,,,,,,,,,,,,,,,,,,,,,,,,,,,,,,,,,7.550000000000011,86,20,13.802,743.7,41.28,14.039,29,,,,,,,,,,,,,,,,,,,,,,,,,,,,,,,,,,,,,,,,,,,,,,,,,,,
15:08:59.145,,,,,,,,,,,,,,,,,,,,,,,,,,,,,,,,,,,,,,,,,,,,,,,,,,,,,,,,,,,,,,,,,9.4,3,,,,,,,,,,,,,,,,,,,,,,,,,,,,,,,,,,,,,,,,,,,,,,,,,
15:08:59.381,,,,,,,,,,,,,,,,,,,,,,,,,,,,,,,,,,,,,,,,,,,,,,,,,,,,,,,,,,,,,,,,,,,,,,,,,,,,,,,,,,,,,,,,,,,,,,,,,,,,,,,0,13.770548300000002,0.171875,,,,,,,,,,
15:08:59.647,,,,,,,,,,,,,,,,,,,,,,,,,,,,,,,,,,,,,,,,,,,,,,,,,,,,,,,,,,,,,,,,,,,0,0,,,,,26,1,,,0,,,,,,,26,26,,,,,,,,,,,,,,,,,,,,,,,,,,,,,,
15:08:59.828,,,,,,,,,,,,,,,,,,,,,,,,,,,,,,,,,,,,,,,,,,,,,,,,,,,,,,,,,,,,,,,,,,,,,,,,,,,,,,,,,,,,,,,,-50,0,0,0,0,400,0,0,0,0,,,,,,,,,,0,,,,,,0,,
15:09:00.112,,,,,,,,,,,,,,,,,,,,,,,,,,,,,,,,,,,,,,,,,,,,,,,,,,,,,,,,,,,,,,,,,,,,,0,17,123,0,,,0,825.6,,0,0.6000000000000001,9,0,30,0,,,350,825.6,,,,,,,,,,,0,0,62,739.6,4.444,,,,,,,,,,,,,
15:09:00.277,,,,0,,,,20,,,,,,,,,23,20,,,,,,,,23,,,,,0,,,,,,,,,,,,,,,,,,,,,,,,,,,,,,,,,,,,,,,,,,,,,,,,,,,,,,,,,,,,,,,,,,,,,,,,,,,,,,,,,,,,
15:09:00.432,13.3,1.6,739.6,,0,0,27,,22,20,20,21,22,20,20,1.18336,,,1116.2094444444444,4018354,0,0,5.13611111111111,4.10888888888889,3.85208333333333,,1706.5,1664.7,1274.7,1203.8,,0,0,0,738,2486,3.84,23,3.84,181,0,1116.20944444444,0,62,,,,,,,,,,,,,,,,,,,,,,,,,,,,,,,,,,,,,,,,,,,,,,,,,,,,,,,,,,,,,,,,,,,,1.25732,,,
15:09:00.576,,,,,,,,,,,,,,,,,,,,,,,,,,,,,,,,,,,,,,,,,,,,,43,43,,,,,,,38,,,,,,,,,,,,,,,,,,,,,,,,,,,,,,,,,,,,,,,,,,,,,,,,,,,,,,,,,,,,,,
15:09:00.676,,,,,,,,,,,,,,,,,,,,,,,,,,,,,,,,,,,,,,,,,,,,,,,1.5,25,28.5,16,7,28.5,,26.5,26.5,0,,,,,,,,,,,,,,,,,,,,,,,,,,,,,,,,,,,,,,,,,,,,,,,,,,23.575010479071995,,1.9714839212777777,1.9714839212777777,0,,,,-0.06820708914751085,
15:09:00.887,,,,,,,,,,,,,,,,,,,,,,,,,,,,,,,,,,,,,,,,,,,,,,,,,,,,,,,,,7.410000000000025,86,20,13.801,744.1,40.95,14.035,29,,,,,,,,,,,,,,,,,,,,,,,,,,,,,,,,,,,,,,,,,,,,,,,,,,,
15:09:01.011,,,,,,,,,,,,,,,,,,,,,,,,,,,,,,,,,,,,,,,,,,,,,,,,,,,,,,,,,,,,,,,,,-0.2,3,,,,,,,,,,,,,,,,,,,,,,,,,,,,,,,,,,,,,,,,,,,,,,,,,
15:09:01.207,,,,,,,,,,,,,,,,,,,,,,,,,,,,,,,,,,,,,,,,,,,,,,,,,,,,,,,,,,,,,,,,,,,,,,,,,,,,,,,,,,,,,,,,,,,,,,,,,,,,,,,0,13.760294,0.0625,,,,,,,,,,
15:09:01.510,,,,,,,,,,,,,,,,,,,,,,,,,,,,,,,,,,,,,,,,,,,,,,,,,,,,,,,,,,,,,,,,,,,0,0,,,,,26,1,,,0,,,,,,,26,26,,,,,,,,,,,,,,,,,,,,,,,,,,,,,,
15:09:01.691,,,,,,,,,,,,,,,,,,,,,,,,,,,,,,,,,,,,,,,,,,,,,,,,,,,,,,,,,,,,,,,,,,,,,,,,,,,,,,,,,,,,,,,,-50,0,0,0,0,400,0,0,0,0,,,,,,,,,,0,,,,,,0,,
15:09:01.965,,,,,,,,,,,,,,,,,,,,,,,,,,,,,,,,,,,,,,,,,,,,,,,,,,,,,,,,,,,,,,,,,,,,,0,17,123,0,,,0,825.6,,0,0.6000000000000001,9,0,30,0,,,350,825.6,,,,,,,,,,,0,0,62,739.6,4.442,,,,,,,,,,,,,
15:09:02.138,,,,0,,,,20,,,,,,,,,23,20,,,,,,,,23,,,,,0,,,,,,,,,,,,,,,,,,,,,,,,,,,,,,,,,,,,,,,,,,,,,,,,,,,,,,,,,,,,,,,,,,,,,,,,,,,,,,,,,,,,
15:09:02.293,13.3,1.6,739.6,,0,0,27,,22,20,20,21,22,20,20,1.18336,,,1116.21,4018356,0,0,5.13611111111111,4.10888888888889,3.85208333333333,,1706.5,1664.7,1274.7,1203.8,,0,0,0,738,2486,3.84,24,3.84,61,0,1116.21,0,62,,,,,,,,,,,,,,,,,,,,,,,,,,,,,,,,,,,,,,,,,,,,,,,,,,,,,,,,,,,,,,,,,,,,1.1833600000000002,,,
15:09:02.469,,,,,,,,,,,,,,,,,,,,,,,,,,,,,,,,,,,,,,,,,,,,,42.5,42.5,,,,,,,37,,,,,,,,,,,,,,,,,,,,,,,,,,,,,,,,,,,,,,,,,,,,,,,,,,,,,,,,,,,,,,
15:09:02.556,,,,,,,,,,,,,,,,,,,,,,,,,,,,,,,,,,,,,,,,,,,,,,,1.5,25,28.5,16,7,28.5,,26.5,26.5,0,,,,,,,,,,,,,,,,,,,,,,,,,,,,,,,,,,,,,,,,,,,,,,,,,,23.428730649961235,,1.9714839212777777,1.9714839212777777,0,,,,-0.030216091608290592,
15:09:02.766,,,,,,,,,,,,,,,,,,,,,,,,,,,,,,,,,,,,,,,,,,,,,,,,,,,,,,,,,7.509999999999991,86,20,13.801,742.8000000000001,41.12,14.03,29,,,,,,,,,,,,,,,,,,,,,,,,,,,,,,,,,,,,,,,,,,,,,,,,,,,
15:09:02.888,,,,,,,,,,,,,,,,,,,,,,,,,,,,,,,,,,,,,,,,,,,,,,,,,,,,,,,,,,,,,,,,,-0.1,3,,,,,,,,,,,,,,,,,,,,,,,,,,,,,,,,,,,,,,,,,,,,,,,,,
15:09:03.105,,,,,,,,,,,,,,,,,,,,,,,,,,,,,,,,,,,,,,,,,,,,,,,,,,,,,,,,,,,,,,,,,,,,,,,,,,,,,,,,,,,,,,,,,,,,,,,,,,,,,,,0,13.750528,0,,,,,,,,,,
15:09:03.373,,,,,,,,,,,,,,,,,,,,,,,,,,,,,,,,,,,,,,,,,,,,,,,,,,,,,,,,,,,,,,,,,,,0,0,,,,,26,1,,,0,,,,,,,26,26,,,,,,,,,,,,,,,,,,,,,,,,,,,,,,
15:09:03.552,,,,,,,,,,,,,,,,,,,,,,,,,,,,,,,,,,,,,,,,,,,,,,,,,,,,,,,,,,,,,,,,,,,,,,,,,,,,,,,,,,,,,,,,-50,0,0,0,0,400,0,0,0,0,,,,,,,,,,0,,,,,,0,,
15:09:03.820,,,,,,,,,,,,,,,,,,,,,,,,,,,,,,,,,,,,,,,,,,,,,,,,,,,,,,,,,,,,,,,,,,,,,0,17,123,0,,,0,825.6,,0,0.6000000000000001,9,0,30,0,,,350,825.6,,,,,,,,,,,0,0,62,739.6,4.441,,,,,,,,,,,,,
15:09:04.000,,,,0,,,,20,,,,,,,,,23,20,,,,,,,,23,,,,,0,,,,,,,,,,,,,,,,,,,,,,,,,,,,,,,,,,,,,,,,,,,,,,,,,,,,,,,,,,,,,,,,,,,,,,,,,,,,,,,,,,,,
15:09:04.151,13.3,1.6,739.6,,0,0,27,,22,20,20,21,22,20,20,1.18336,,,1116.2105555555556,4018358,0,0,5.13611111111111,4.10888888888889,3.85208333333333,,1706.5,1664.7,1274.7,1203.8,,0,0,0,738,2486,3.84,24,3.84,61,0,1116.21055555556,0,62,,,,,,,,,,,,,,,,,,,,,,,,,,,,,,,,,,,,,,,,,,,,,,,,,,,,,,,,,,,,,,,,,,,,1.1833600000000002,,,
15:09:04.332,,,,,,,,,,,,,,,,,,,,,,,,,,,,,,,,,,,,,,,,,,,,,42.5,42.5,,,,,,,37,,,,,,,,,,,,,,,,,,,,,,,,,,,,,,,,,,,,,,,,,,,,,,,,,,,,,,,,,,,,,,
15:09:04.417,,,,,,,,,,,,,,,,,,,,,,,,,,,,,,,,,,,,,,,,,,,,,,,1,25,28.5,16,7,28.5,,26.5,26.5,0,,,,,,,,,,,,,,,,,,,,,,,,,,,,,,,,,,,,,,,,,,,,,,,,,,23.28567319332624,,1.9714839212777777,1.9714839212777777,0,,,,-0.0037780875818800613,
15:09:04.632,,,,,,,,,,,,,,,,,,,,,,,,,,,,,,,,,,,,,,,,,,,,,,,,,,,,,,,,,7.490000000000009,86,20,13.802,743.7,41.11,14.03,29,,,,,,,,,,,,,,,,,,,,,,,,,,,,,,,,,,,,,,,,,,,,,,,,,,,
15:09:04.756,,,,,,,,,,,,,,,,,,,,,,,,,,,,,,,,,,,,,,,,,,,,,,,,,,,,,,,,,,,,,,,,,0,3,,,,,,,,,,,,,,,,,,,,,,,,,,,,,,,,,,,,,,,,,,,,,,,,,
15:09:04.960,,,,,,,,,,,,,,,,,,,,,,,,,,,,,,,,,,,,,,,,,,,,,,,,,,,,,,,,,,,,,,,,,,,,,,,,,,,,,,,,,,,,,,,,,,,,,,,,,,,,,,,0,13.760294,0,,,,,,,,,,
15:09:05.261,,,,,,,,,,,,,,,,,,,,,,,,,,,,,,,,,,,,,,,,,,,,,,,,,,,,,,,,,,,,,,,,,,,0,0,,,,,27,1,,,0,,,,,,,27,26,,,,,,,,,,,,,,,,,,,,,,,,,,,,,,
15:09:05.442,,,,,,,,,,,,,,,,,,,,,,,,,,,,,,,,,,,,,,,,,,,,,,,,,,,,,,,,,,,,,,,,,,,,,,,,,,,,,,,,,,,,,,,,-50,0,0,0,0,400,0,0,0,0,,,,,,,,,,0,,,,,,0,,
15:09:05.714,,,,,,,,,,,,,,,,,,,,,,,,,,,,,,,,,,,,,,,,,,,,,,,,,,,,,,,,,,,,,,,,,,,,,0,17,123,0,,,0,825.6,,0,0.6000000000000001,9,0,30,0,,,350,825.6,,,,,,,,,,,0,0,62,739.6,4.444,,,,,,,,,,,,,
15:09:05.886,,,,0,,,,20,,,,,,,,,23,20,,,,,,,,23,,,,,0,,,,,,,,,,,,,,,,,,,,,,,,,,,,,,,,,,,,,,,,,,,,,,,,,,,,,,,,,,,,,,,,,,,,,,,,,,,,,,,,,,,,
15:09:06.040,13.3,1.5,739.6,,0,0,27,,22,20,20,21,22,20,20,1.1094,,,1116.2108333333333,4018359,0,0,5.13611111111111,4.10888888888889,3.85208333333333,,1706.5,1664.7,1274.7,1203.8,,0,0,0,738,2486,3.84,24,3.84,64,0,1116.21083333333,0,62,,,,,,,,,,,,,,,,,,,,,,,,,,,,,,,,,,,,,,,,,,,,,,,,,,,,,,,,,,,,,,,,,,,,1.1094000000000002,,,
15:09:06.217,,,,,,,,,,,,,,,,,,,,,,,,,,,,,,,,,,,,,,,,,,,,,42.5,42.5,,,,,,,37,,,,,,,,,,,,,,,,,,,,,,,,,,,,,,,,,,,,,,,,,,,,,,,,,,,,,,,,,,,,,,
15:09:06.337,,,,,,,,,,,,,,,,,,,,,,,,,,,,,,,,,,,,,,,,,,,,,,,1,25,28.5,16,7,28.5,,26.5,26.5,0,,,,,,,,,,,,,,,,,,,,,,,,,,,,,,,,,,,,,,,,,,,,,,,,,,23.139915521672147,,1.9714839212777777,1.9714839212777777,0,,,,0,
15:09:06.545,,,,,,,,,,,,,,,,,,,,,,,,,,,,,,,,,,,,,,,,,,,,,,,,,,,,,,,,,7.360000000000014,86,20,13.786999999999999,742.8000000000001,41,14.035,29,,,,,,,,,,,,,,,,,,,,,,,,,,,,,,,,,,,,,,,,,,,,,,,,,,,
15:09:06.675,,,,,,,,,,,,,,,,,,,,,,,,,,,,,,,,,,,,,,,,,,,,,,,,,,,,,,,,,,,,,,,,,0,3,,,,,,,,,,,,,,,,,,,,,,,,,,,,,,,,,,,,,,,,,,,,,,,,,
15:09:06.881,,,,,,,,,,,,,,,,,,,,,,,,,,,,,,,,,,,,,,,,,,,,,,,,,,,,,,,,,,,,,,,,,,,,,,,,,,,,,,,,,,,,,,,,,,,,,,,,,,,,,,,0,13.770548300000002,0,,,,,,,,,,
15:09:07.148,,,,,,,,,,,,,,,,,,,,,,,,,,,,,,,,,,,,,,,,,,,,,,,,,,,,,,,,,,,,,,,,,,,0,0,,,,,27,1,,,0,,,,,,,27,26,,,,,,,,,,,,,,,,,,,,,,,,,,,,,,
15:09:07.328,,,,,,,,,,,,,,,,,,,,,,,,,,,,,,,,,,,,,,,,,,,,,,,,,,,,,,,,,,,,,,,,,,,,,,,,,,,,,,,,,,,,,,,,-50,0,0,0,0,400,0,0,0,0,,,,,,,,,,0,,,,,,0,,
15:09:07.600,,,,,,,,,,,,,,,,,,,,,,,,,,,,,,,,,,,,,,,,,,,,,,,,,,,,,,,,,,,,,,,,,,,,,0,17,123,0,,,0,825.6,,0,0.6000000000000001,9,0,30,0,,,350,825.6,,,,,,,,,,,0,0,62,739.6,4.443,,,,,,,,,,,,,
15:09:07.776,,,,0,,,,20,,,,,,,,,23,20,,,,,,,,23,,,,,0,,,,,,,,,,,,,,,,,,,,,,,,,,,,,,,,,,,,,,,,,,,,,,,,,,,,,,,,,,,,,,,,,,,,,,,,,,,,,,,,,,,,
15:09:07.927,13.3,1.5,739.6,,0,0,27,,22,20,20,21,22,20,20,1.1094,,,1116.211388888889,4018361,0,0,5.13611111111111,4.10888888888889,3.85208333333333,,1706.5,1664.7,1274.7,1203.8,,0,0,0,738,2478,3.84,24,3.84,78,0,1116.21138888889,0,62,,,,,,,,,,,,,,,,,,,,,,,,,,,,,,,,,,,,,,,,,,,,,,,,,,,,,,,,,,,,,,,,,,,,1.1094000000000002,,,
15:09:08.108,,,,,,,,,,,,,,,,,,,,,,,,,,,,,,,,,,,,,,,,,,,,,42,42,,,,,,,37,,,,,,,,,,,,,,,,,,,,,,,,,,,,,,,,,,,,,,,,,,,,,,,,,,,,,,,,,,,,,,
15:09:08.227,,,,,,,,,,,,,,,,,,,,,,,,,,,,,,,,,,,,,,,,,,,,,,,1,25,28.5,16,7,28.5,,26.5,26.5,0,,,,,,,,,,,,,,,,,,,,,,,,,,,,,,,,,,,,,,,,,,,,,,,,,,22.99816148364309,,1.9714839212777777,1.9714839212777777,0,,,,0,
15:09:08.466,,,,,,,,,,,,,,,,,,,,,,,,,,,,,,,,,,,,,,,,,,,,,,,,,,,,,,,,,7.5400000000000205,86,20,13.804,742.5,40.85,14.035,29,,,,,,,,,,,,,,,,,,,,,,,,,,,,,,,,,,,,,,,,,,,,,,,,,,,
15:09:08.595,,,,,,,,,,,,,,,,,,,,,,,,,,,,,,,,,,,,,,,,,,,,,,,,,,,,,,,,,,,,,,,,,-0.1,3,,,,,,,,,,,,,,,,,,,,,,,,,,,,,,,,,,,,,,,,,,,,,,,,,
15:09:08.796,,,,,,,,,,,,,,,,,,,,,,,,,,,,,,,,,,,,,,,,,,,,,,,,,,,,,,,,,,,,,,,,,,,,,,,,,,,,,,,,,,,,,,,,,,,,,,,,,,,,,,,0,13.770548300000002,0,,,,,,,,,,
15:09:09.064,,,,,,,,,,,,,,,,,,,,,,,,,,,,,,,,,,,,,,,,,,,,,,,,,,,,,,,,,,,,,,,,,,,0,0,,,,,26,1,,,0,,,,,,,26,26,,,,,,,,,,,,,,,,,,,,,,,,,,,,,,
15:09:09.245,,,,,,,,,,,,,,,,,,,,,,,,,,,,,,,,,,,,,,,,,,,,,,,,,,,,,,,,,,,,,,,,,,,,,,,,,,,,,,,,,,,,,,,,-50,0,0,0,0,400,0,0,0,0,,,,,,,,,,0,,,,,,0,,
15:09:09.521,,,,,,,,,,,,,,,,,,,,,,,,,,,,,,,,,,,,,,,,,,,,,,,,,,,,,,,,,,,,,,,,,,,,,0,17,123,0,,,0,825.6,,0,0.6000000000000001,9,0,30,0,,,350,825.6,,,,,,,,,,,0,0,62,739.6,4.444,,,,,,,,,,,,,
15:09:09.696,,,,0,,,,20,,,,,,,,,23,20,,,,,,,,23,,,,,0,,,,,,,,,,,,,,,,,,,,,,,,,,,,,,,,,,,,,,,,,,,,,,,,,,,,,,,,,,,,,,,,,,,,,,,,,,,,,,,,,,,,
15:09:09.847,13.3,1.5,739.6,,0,0,27,,22,20,20,21,22,20,20,1.1094,,,1116.2119444444445,4018363,0,0,5.13611111111111,4.10888888888889,3.85208333333333,,1706.5,1664.7,1274.7,1203.8,,0,0,0,738,2478,3.84,24,3.84,64,0,1116.21194444444,0,62,,,,,,,,,,,,,,,,,,,,,,,,,,,,,,,,,,,,,,,,,,,,,,,,,,,,,,,,,,,,,,,,,,,,1.1094000000000002,,,
15:09:10.027,,,,,,,,,,,,,,,,,,,,,,,,,,,,,,,,,,,,,,,,,,,,,42,42,,,,,,,37,,,,,,,,,,,,,,,,,,,,,,,,,,,,,,,,,,,,,,,,,,,,,,,,,,,,,,,,,,,,,,
15:09:10.147,,,,,,,,,,,,,,,,,,,,,,,,,,,,,,,,,,,,,,,,,,,,,,,1,25,28.5,16,7,28.5,,26.5,26.5,0,,,,,,,,,,,,,,,,,,,,,,,,,,,,,,,,,,,,,,,,,,,,,,,,,,22.855968005132322,,1.9714839212777777,1.9714839212777777,0,,,,0,
15:09:10.366,,,,,,,,,,,,,,,,,,,,,,,,,,,,,,,,,,,,,,,,,,,,,,,,,,,,,,,,,7.480000000000018,86,20,13.803,743.6,40.87,14.033,29,,,,,,,,,,,,,,,,,,,,,,,,,,,,,,,,,,,,,,,,,,,,,,,,,,,
15:09:10.475,,,,,,,,,,,,,,,,,,,,,,,,,,,,,,,,,,,,,,,,,,,,,,,,,,,,,,,,,,,,,,,,,-0.1,3,,,,,,,,,,,,,,,,,,,,,,,,,,,,,,,,,,,,,,,,,,,,,,,,,
15:09:10.687,,,,,,,,,,,,,,,,,,,,,,,,,,,,,,,,,,,,,,,,,,,,,,,,,,,,,,,,,,,,,,,,,,,,,,,,,,,,,,,,,,,,,,,,,,,,,,,,,,,,,,,0,13.770548300000002,0,,,,,,,,,,
15:09:10.989,,,,,,,,,,,,,,,,,,,,,,,,,,,,,,,,,,,,,,,,,,,,,,,,,,,,,,,,,,,,,,,,,,,0,0,,,,,26,1,,,0,,,,,,,26,26,,,,,,,,,,,,,,,,,,,,,,,,,,,,,,
15:09:11.170,,,,,,,,,,,,,,,,,,,,,,,,,,,,,,,,,,,,,,,,,,,,,,,,,,,,,,,,,,,,,,,,,,,,,,,,,,,,,,,,,,,,,,,,-50,0,0,0,0,400,0,0,0,0,,,,,,,,,,0,,,,,,0,,
15:09:11.441,,,,,,,,,,,,,,,,,,,,,,,,,,,,,,,,,,,,,,,,,,,,,,,,,,,,,,,,,,,,,,,,,,,,,0,17,123,0,,,0,825.6,,0,0.6000000000000001,9,0,30,0,,,350,825.6,,,,,,,,,,,0,0,62,739.6,4.444,,,,,,,,,,,,,
15:09:11.620,,,,0,,,,20,,,,,,,,,23,20,,,,,,,,23,,,,,0,,,,,,,,,,,,,,,,,,,,,,,,,,,,,,,,,,,,,,,,,,,,,,,,,,,,,,,,,,,,,,,,,,,,,,,,,,,,,,,,,,,,
15:09:11.767,13.3,1.4,739.6,,0,0,27,,22,20,20,21,22,20,20,1.03544,,,1116.2125,4018365,0,0,5.13611111111111,4.10888888888889,3.85208333333333,,1706.5,1664.7,1274.7,1203.8,,0,0,0,738,2478,3.84,24,3.84,64,0,1116.2125,0,62,,,,,,,,,,,,,,,,,,,,,,,,,,,,,,,,,,,,,,,,,,,,,,,,,,,,,,,,,,,,,,,,,,,,1.1094000000000002,,,
15:09:11.946,,,,,,,,,,,,,,,,,,,,,,,,,,,,,,,,,,,,,,,,,,,,,42,42,,,,,,,37,,,,,,,,,,,,,,,,,,,,,,,,,,,,,,,,,,,,,,,,,,,,,,,,,,,,,,,,,,,,,,
15:09:12.067,,,,,,,,,,,,,,,,,,,,,,,,,,,,,,,,,,,,,,,,,,,,,,,0.5,25,28.5,16,7,28.5,,26.5,26.5,0,,,,,,,,,,,,,,,,,,,,,,,,,,,,,,,,,,,,,,,,,,,,,,,,,,22.715487952371255,,1.9714839212777777,1.9714839212777777,0,,,,0,
15:09:12.276,,,,,,,,,,,,,,,,,,,,,,,,,,,,,,,,,,,,,,,,,,,,,,,,,,,,,,,,,7.300000000000011,86,20,13.788,742.8000000000001,41.28,14.033,30,,,,,,,,,,,,,,,,,,,,,,,,,,,,,,,,,,,,,,,,,,,,,,,,,,,
15:09:12.396,,,,,,,,,,,,,,,,,,,,,,,,,,,,,,,,,,,,,,,,,,,,,,,,,,,,,,,,,,,,,,,,,0,3,,,,,,,,,,,,,,,,,,,,,,,,,,,,,,,,,,,,,,,,,,,,,,,,,
15:09:12.608,,,,,,,,,,,,,,,,,,,,,,,,,,,,,,,,,,,,,,,,,,,,,,,,,,,,,,,,,,,,,,,,,,,,,,,,,,,,,,,,,,,,,,,,,,,,,,,,,,,,,,,0,13.770548300000002,0,,,,,,,,,,
15:09:12.878,,,,,,,,,,,,,,,,,,,,,,,,,,,,,,,,,,,,,,,,,,,,,,,,,,,,,,,,,,,,,,,,,,,0,0,,,,,26,1,,,0,,,,,,,26,26,,,,,,,,,,,,,,,,,,,,,,,,,,,,,,
15:09:13.059,,,,,,,,,,,,,,,,,,,,,,,,,,,,,,,,,,,,,,,,,,,,,,,,,,,,,,,,,,,,,,,,,,,,,,,,,,,,,,,,,,,,,,,,-50,0,0,0,0,400,0,0,0,0,,,,,,,,,,0,,,,,,0,,
15:09:13.328,,,,,,,,,,,,,,,,,,,,,,,,,,,,,,,,,,,,,,,,,,,,,,,,,,,,,,,,,,,,,,,,,,,,,0,17,123,0,,,0,825.6,,0,0.6000000000000001,9,0,30,0,,,350,825.6,,,,,,,,,,,0,0,62,739.5,4.444,,,,,,,,,,,,,
15:09:13.505,,,,0,,,,20,,,,,,,,,23,20,,,,,,,,23,,,,,0,,,,,,,,,,,,,,,,,,,,,,,,,,,,,,,,,,,,,,,,,,,,,,,,,,,,,,,,,,,,,,,,,,,,,,,,,,,,,,,,,,,,
15:09:13.657,13.3,1.4,739.5,,0,0,27,,22,20,20,21,22,20,20,1.0353,,,1116.2130555555555,4018367,0,0,5.13541666666667,4.10833333333333,3.8515625,,1706.5,1664.7,1274.7,1203.8,,0,0,0,738,2478,3.84,22,3.84,61,0,1116.21305555556,0,62,,,,,,,,,,,,,,,,,,,,,,,,,,,,,,,,,,,,,,,,,,,,,,,,,,,,,,,,,,,,,,,,,,,,1.0352999999999999,,,
15:09:13.835,,,,,,,,,,,,,,,,,,,,,,,,,,,,,,,,,,,,,,,,,,,,,42,42,,,,,,,37,,,,,,,,,,,,,,,,,,,,,,,,,,,,,,,,,,,,,,,,,,,,,,,,,,,,,,,,,,,,,,
15:09:13.926,,,,,,,,,,,,,,,,,,,,,,,,,,,,,,,,,,,,,,,,,,,,,,,0.5,25,28,16.5,7,28,,26.5,26.5,0,,,,,,,,,,,,,,,,,,,,,,,,,,,,,,,,,,,,,,,,,,,,,,,,,,22.58118657115389,,1.9714839212777777,1.9714839212777777,0,,,,0,
15:09:14.136,,,,,,,,,,,,,,,,,,,,,,,,,,,,,,,,,,,,,,,,,,,,,,,,,,,,,,,,,7.509999999999991,86,20,13.801,742.8000000000001,41.34,14.031,30,,,,,,,,,,,,,,,,,,,,,,,,,,,,,,,,,,,,,,,,,,,,,,,,,,,
15:09:14.265,,,,,,,,,,,,,,,,,,,,,,,,,,,,,,,,,,,,,,,,,,,,,,,,,,,,,,,,,,,,,,,,,0,3,,,,,,,,,,,,,,,,,,,,,,,,,,,,,,,,,,,,,,,,,,,,,,,,,
15:09:14.469,,,,,,,,,,,,,,,,,,,,,,,,,,,,,,,,,,,,,,,,,,,,,,,,,,,,,,,,,,,,,,,,,,,,,,,,,,,,,,,,,,,,,,,,,,,,,,,,,,,,,,,0,13.7695717,0,,,,,,,,,,
15:09:14.736,,,,,,,,,,,,,,,,,,,,,,,,,,,,,,,,,,,,,,,,,,,,,,,,,,,,,,,,,,,,,,,,,,,0,0,,,,,27,1,,,0,,,,,,,27,26,,,,,,,,,,,,,,,,,,,,,,,,,,,,,,
15:09:14.918,,,,,,,,,,,,,,,,,,,,,,,,,,,,,,,,,,,,,,,,,,,,,,,,,,,,,,,,,,,,,,,,,,,,,,,,,,,,,,,,,,,,,,,,-50,0,0,0,0,400,0,0,0,0,,,,,,,,,,0,,,,,,0,,
15:09:15.192,,,,,,,,,,,,,,,,,,,,,,,,,,,,,,,,,,,,,,,,,,,,,,,,,,,,,,,,,,,,,,,,,,,,,0,17,123,0,,,0,825.6,,0,0.6000000000000001,9,0,30,0,,,350,825.6,,,,,,,,,,,0,0,62,739.6,4.444,,,,,,,,,,,,,
15:09:15.366,,,,0,,,,20,,,,,,,,,23,20,,,,,,,,23,,,,,0,,,,,,,,,,,,,,,,,,,,,,,,,,,,,,,,,,,,,,,,,,,,,,,,,,,,,,,,,,,,,,,,,,,,,,,,,,,,,,,,,,,,
15:09:15.523,13.3,1.4,739.5,,0,0,27,,22,20,20,21,22,20,20,1.0353,,,1116.213611111111,4018369,0,0,5.13541666666667,4.10833333333333,3.8515625,,1706.5,1664.7,1274.7,1203.8,,0,0,0,738,2475,3.84,24,3.84,61,0,1116.21361111111,0,62,,,,,,,,,,,,,,,,,,,,,,,,,,,,,,,,,,,,,,,,,,,,,,,,,,,,,,,,,,,,,,,,,,,,1.0352999999999999,,,
15:09:15.665,,,,,,,,,,,,,,,,,,,,,,,,,,,,,,,,,,,,,,,,,,,,,41.5,41.5,,,,,,,37,,,,,,,,,,,,,,,,,,,,,,,,,,,,,,,,,,,,,,,,,,,,,,,,,,,,,,,,,,,,,,
15:09:15.756,,,,,,,,,,,,,,,,,,,,,,,,,,,,,,,,,,,,,,,,,,,,,,,0.5,25,28,16.5,7,28,,26.5,26.5,0,,,,,,,,,,,,,,,,,,,,,,,,,,,,,,,,,,,,,,,,,,,,,,,,,,22.450480358980737,,1.9714839212777777,1.9714839212777777,0,,,,0,
15:09:15.970,,,,,,,,,,,,,,,,,,,,,,,,,,,,,,,,,,,,,,,,,,,,,,,,,,,,,,,,,7.2900000000000205,86,20,13.788,742.8000000000001,41.29,14.031,30,,,,,,,,,,,,,,,,,,,,,,,,,,,,,,,,,,,,,,,,,,,,,,,,,,,
15:09:16.099,,,,,,,,,,,,,,,,,,,,,,,,,,,,,,,,,,,,,,,,,,,,,,,,,,,,,,,,,,,,,,,,,-0.1,3,,,,,,,,,,,,,,,,,,,,,,,,,,,,,,,,,,,,,,,,,,,,,,,,,
15:09:16.295,,,,,,,,,,,,,,,,,,,,,,,,,,,,,,,,,,,,,,,,,,,,,,,,,,,,,,,,,,,,,,,,,,,,,,,,,,,,,,,,,,,,,,,,,,,,,,,,,,,,,,,0,13.761270600000001,0,,,,,,,,,,
15:09:16.566,,,,,,,,,,,,,,,,,,,,,,,,,,,,,,,,,,,,,,,,,,,,,,,,,,,,,,,,,,,,,,,,,,,0,0,,,,,27,1,,,0,,,,,,,27,26,,,,,,,,,,,,,,,,,,,,,,,,,,,,,,
15:09:16.745,,,,,,,,,,,,,,,,,,,,,,,,,,,,,,,,,,,,,,,,,,,,,,,,,,,,,,,,,,,,,,,,,,,,,,,,,,,,,,,,,,,,,,,,-50,0,0,0,0,400,0,0,0,0,,,,,,,,,,0,,,,,,0,,
15:09:17.020,,,,,,,,,,,,,,,,,,,,,,,,,,,,,,,,,,,,,,,,,,,,,,,,,,,,,,,,,,,,,,,,,,,,,0,17,123,0,,,0,825.6,,0,0.6000000000000001,9,0,30,0,,,350,825.6,,,,,,,,,,,0,0,62,739.6,4.444,,,,,,,,,,,,,
15:09:17.195,,,,0,,,,20,,,,,,,,,23,20,,,,,,,,23,,,,,0,,,,,,,,,,,,,,,,,,,,,,,,,,,,,,,,,,,,,,,,,,,,,,,,,,,,,,,,,,,,,,,,,,,,,,,,,,,,,,,,,,,,
15:09:17.346,13.3,1.4,739.5,,0,0,27,,22,20,20,21,22,20,20,1.0353,,,1116.2141666666666,4018371,0,0,5.13541666666667,4.10833333333333,3.8515625,,1706.5,1664.7,1274.7,1203.8,,0,0,0,738,2475,3.84,22,3.84,61,0,1116.21416666667,0,62,,,,,,,,,,,,,,,,,,,,,,,,,,,,,,,,,,,,,,,,,,,,,,,,,,,,,,,,,,,,,,,,,,,,1.0352999999999999,,,
15:09:17.526,,,,,,,,,,,,,,,,,,,,,,,,,,,,,,,,,,,,,,,,,,,,,41.5,41.5,,,,,,,37,,,,,,,,,,,,,,,,,,,,,,,,,,,,,,,,,,,,,,,,,,,,,,,,,,,,,,,,,,,,,,
15:09:17.616,,,,,,,,,,,,,,,,,,,,,,,,,,,,,,,,,,,,,,,,,,,,,,,0.5,25,28,16.5,7.5,28,,26.5,26.5,0,,,,,,,,,,,,,,,,,,,,,,,,,,,,,,,,,,,,,,,,,,,,,,,,,,22.319123313963264,,1.9714839212777777,1.9714839212777777,0,,,,0,
15:09:17.825,,,,,,,,,,,,,,,,,,,,,,,,,,,,,,,,,,,,,,,,,,,,,,,,,,,,,,,,,7.240000000000009,86,20,13.788,742.8000000000001,41.09,14.032,30,,,,,,,,,,,,,,,,,,,,,,,,,,,,,,,,,,,,,,,,,,,,,,,,,,,
15:09:17.946,,,,,,,,,,,,,,,,,,,,,,,,,,,,,,,,,,,,,,,,,,,,,,,,,,,,,,,,,,,,,,,,,0,3,,,,,,,,,,,,,,,,,,,,,,,,,,,,,,,,,,,,,,,,,,,,,,,,,
15:09:18.158,,,,,,,,,,,,,,,,,,,,,,,,,,,,,,,,,,,,,,,,,,,,,,,,,,,,,,,,,,,,,,,,,,,,,,,,,,,,,,,,,,,,,,,,,,,,,,,,,,,,,,,0,13.761270600000001,0,,,,,,,,,,
15:09:18.427,,,,,,,,,,,,,,,,,,,,,,,,,,,,,,,,,,,,,,,,,,,,,,,,,,,,,,,,,,,,,,,,,,,0,0,,,,,27,1,,,0,,,,,,,27,26,,,,,,,,,,,,,,,,,,,,,,,,,,,,,,
15:09:18.607,,,,,,,,,,,,,,,,,,,,,,,,,,,,,,,,,,,,,,,,,,,,,,,,,,,,,,,,,,,,,,,,,,,,,,,,,,,,,,,,,,,,,,,,-50,0,0,0,0,400,0,0,0,0,,,,,,,,,,0,,,,,,0,,
15:09:18.881,,,,,,,,,,,,,,,,,,,,,,,,,,,,,,,,,,,,,,,,,,,,,,,,,,,,,,,,,,,,,,,,,,,,,0,17,123,0,,,0,825.6,,0,0.6000000000000001,9,0,30,0,,,350,825.6,,,,,,,,,,,0,0,62,739.6,4.443,,,,,,,,,,,,,
15:09:19.059,,,,0,,,,20,,,,,,,,,23,20,,,,,,,,23,,,,,0,,,,,,,,,,,,,,,,,,,,,,,,,,,,,,,,,,,,,,,,,,,,,,,,,,,,,,,,,,,,,,,,,,,,,,,,,,,,,,,,,,,,
15:09:19.207,13.3,1.3,739.6,,0,0,27,,22,20,20,21,22,20,20,0.96148,,,1116.2147222222222,4018373,0,0,5.13611111111111,4.10888888888889,3.85208333333333,,1706.5,1664.7,1274.7,1203.8,,0,0,0,738,2475,3.84,24,3.84,64,0,1116.21472222222,0,62,,,,,,,,,,,,,,,,,,,,,,,,,,,,,,,,,,,,,,,,,,,,,,,,,,,,,,,,,,,,,,,,,,,,1.0354400000000001,,,
15:09:19.356,,,,,,,,,,,,,,,,,,,,,,,,,,,,,,,,,,,,,,,,,,,,,41.5,41.5,,,,,,,37,,,,,,,,,,,,,,,,,,,,,,,,,,,,,,,,,,,,,,,,,,,,,,,,,,,,,,,,,,,,,,
15:09:19.476,,,,,,,,,,,,,,,,,,,,,,,,,,,,,,,,,,,,,,,,,,,,,,,0.5,25,28,16.5,7.5,28,,26.5,26.5,0,,,,,,,,,,,,,,,,,,,,,,,,,,,,,,,,,,,,,,,,,,,,,,,,,,22.189326128195848,,1.9714839212777777,1.9714839212777777,0,,,,0,
15:09:19.686,,,,,,,,,,,,,,,,,,,,,,,,,,,,,,,,,,,,,,,,,,,,,,,,,,,,,,,,,7.079999999999984,86,20,13.789000000000001,742.6,41.11,14.03,30,,,,,,,,,,,,,,,,,,,,,,,,,,,,,,,,,,,,,,,,,,,,,,,,,,,
15:09:19.835,,,,,,,,,,,,,,,,,,,,,,,,,,,,,,,,,,,,,,,,,,,,,,,,,,,,,,,,,,,,,,,,,-0.1,3,,,,,,,,,,,,,,,,,,,,,,,,,,,,,,,,,,,,,,,,,,,,,,,,,
15:09:20.079,,,,,,,,,,,,,,,,,,,,,,,,,,,,,,,,,,,,,,,,,,,,,,,,,,,,,,,,,,,,,,,,,,,,,,,,,,,,,,,,,,,,,,,,,,,,,,,,,,,,,,,0,13.7695717,0,,,,,,,,,,
15:09:20.349,,,,,,,,,,,,,,,,,,,,,,,,,,,,,,,,,,,,,,,,,,,,,,,,,,,,,,,,,,,,,,,,,,,0,0,,,,,26,1,,,0,,,,,,,26,26,,,,,,,,,,,,,,,,,,,,,,,,,,,,,,
15:09:20.527,,,,,,,,,,,,,,,,,,,,,,,,,,,,,,,,,,,,,,,,,,,,,,,,,,,,,,,,,,,,,,,,,,,,,,,,,,,,,,,,,,,,,,,,-50,0,0,0,0,400,0,0,0,0,,,,,,,,,,0,,,,,,0,,
15:09:20.799,,,,,,,,,,,,,,,,,,,,,,,,,,,,,,,,,,,,,,,,,,,,,,,,,,,,,,,,,,,,,,,,,,,,,0,17,123,0,,,0,825.6,,0,0.6000000000000001,9,0,30,0,,,350,825.6,,,,,,,,,,,0,0,62,739.6,4.443,,,,,,,,,,,,,
15:09:20.976,,,,0,,,,20,,,,,,,,,23,20,,,,,,,,23,,,,,0,,,,,,,,,,,,,,,,,,,,,,,,,,,,,,,,,,,,,,,,,,,,,,,,,,,,,,,,,,,,,,,,,,,,,,,,,,,,,,,,,,,,
15:09:21.127,13.3,1.3,739.6,,0,0,27,,22,20,20,21,22,20,20,0.96148,,,1116.2152777777778,4018375,0,0,5.13611111111111,4.10888888888889,3.85208333333333,,1706.5,1664.7,1274.7,1203.8,,0,0,0,738,2475,3.84,22,3.84,77,0,1116.21527777778,0,62,,,,,,,,,,,,,,,,,,,,,,,,,,,,,,,,,,,,,,,,,,,,,,,,,,,,,,,,,,,,,,,,,,,,0.96148,,,
15:09:21.308,,,,,,,,,,,,,,,,,,,,,,,,,,,,,,,,,,,,,,,,,,,,,41,41,,,,,,,36,,,,,,,,,,,,,,,,,,,,,,,,,,,,,,,,,,,,,,,,,,,,,,,,,,,,,,,,,,,,,,
15:09:21.426,,,,,,,,,,,,,,,,,,,,,,,,,,,,,,,,,,,,,,,,,,,,,,,0.5,25,28,16.5,7.5,28,,26.5,26.5,0,,,,,,,,,,,,,,,,,,,,,,,,,,,,,,,,,,,,,,,,,,,,,,,,,,22.054889085969013,,1.9714839212777777,1.9714839212777777,0,,,,0,
15:09:21.635,,,,,,,,,,,,,,,,,,,,,,,,,,,,,,,,,,,,,,,,,,,,,,,,,,,,,,,,,7.420000000000016,86,20,13.804,742.8000000000001,41.11,14.04,30,,,,,,,,,,,,,,,,,,,,,,,,,,,,,,,,,,,,,,,,,,,,,,,,,,,
15:09:21.765,,,,,,,,,,,,,,,,,,,,,,,,,,,,,,,,,,,,,,,,,,,,,,,,,,,,,,,,,,,,,,,,,-0.1,3,,,,,,,,,,,,,,,,,,,,,,,,,,,,,,,,,,,,,,,,,,,,,,,,,
15:09:21.967,,,,,,,,,,,,,,,,,,,,,,,,,,,,,,,,,,,,,,,,,,,,,,,,,,,,,,,,,,,,,,,,,,,,,,,,,,,,,,,,,,,,,,,,,,,,,,,,,,,,,,,0,13.761270600000001,0,,,,,,,,,,
15:09:22.236,,,,,,,,,,,,,,,,,,,,,,,,,,,,,,,,,,,,,,,,,,,,,,,,,,,,,,,,,,,,,,,,,,,0,0,,,,,26,1,,,0,,,,,,,26,26,,,,,,,,,,,,,,,,,,,,,,,,,,,,,,
15:09:22.419,,,,,,,,,,,,,,,,,,,,,,,,,,,,,,,,,,,,,,,,,,,,,,,,,,,,,,,,,,,,,,,,,,,,,,,,,,,,,,,,,,,,,,,,-50,0,0,0,0,400,0,0,0,0,,,,,,,,,,0,,,,,,0,,
15:09:22.692,,,,,,,,,,,,,,,,,,,,,,,,,,,,,,,,,,,,,,,,,,,,,,,,,,,,,,,,,,,,,,,,,,,,,0,17,123,0,,,0,825.6,,0,0.6000000000000001,9,0,30,0,,,350,825.6,,,,,,,,,,,0,0,62,739.6,4.443,,,,,,,,,,,,,
15:09:22.866,,,,0,,,,20,,,,,,,,,23,20,,,,,,,,23,,,,,0,,,,,,,,,,,,,,,,,,,,,,,,,,,,,,,,,,,,,,,,,,,,,,,,,,,,,,,,,,,,,,,,,,,,,,,,,,,,,,,,,,,,
15:09:23.018,13.3,1.3,739.6,,0,0,27,,22,20,20,21,22,20,20,0.96148,,,1116.2155555555555,4018376,0,0,5.13611111111111,4.10888888888889,3.85208333333333,,1706.5,1664.7,1274.7,1203.8,,0,0,0,738,2475,3.84,24,3.84,64,0,1116.21555555556,0,62,,,,,,,,,,,,,,,,,,,,,,,,,,,,,,,,,,,,,,,,,,,,,,,,,,,,,,,,,,,,,,,,,,,,0.96148,,,
15:09:23.166,,,,,,,,,,,,,,,,,,,,,,,,,,,,,,,,,,,,,,,,,,,,,41,41,,,,,,,36,,,,,,,,,,,,,,,,,,,,,,,,,,,,,,,,,,,,,,,,,,,,,,,,,,,,,,,,,,,,,,
15:09:23.286,,,,,,,,,,,,,,,,,,,,,,,,,,,,,,,,,,,,,,,,,,,,,,,0.5,25,27.5,16.5,7.5,27.5,,26.5,26.5,0,,,,,,,,,,,,,,,,,,,,,,,,,,,,,,,,,,,,,,,,,,,,,,,,,,21.92815013299298,,1.9714839212777777,1.9714839212777777,0,,,,0,
15:09:23.497,,,,,,,,,,,,,,,,,,,,,,,,,,,,,,,,,,,,,,,,,,,,,,,,,,,,,,,,,7.3799999999999955,86,20,13.803,742.8000000000001,41.01,14.037,30,,,,,,,,,,,,,,,,,,,,,,,,,,,,,,,,,,,,,,,,,,,,,,,,,,,
15:09:23.619,,,,,,,,,,,,,,,,,,,,,,,,,,,,,,,,,,,,,,,,,,,,,,,,,,,,,,,,,,,,,,,,,-0.1,3,,,,,,,,,,,,,,,,,,,,,,,,,,,,,,,,,,,,,,,,,,,,,,,,,
15:09:23.827,,,,,,,,,,,,,,,,,,,,,,,,,,,,,,,,,,,,,,,,,,,,,,,,,,,,,,,,,,,,,,,,,,,,,,,,,,,,,,,,,,,,,,,,,,,,,,,,,,,,,,,0,13.770548300000002,0,,,,,,,,,,
15:09:24.098,,,,,,,,,,,,,,,,,,,,,,,,,,,,,,,,,,,,,,,,,,,,,,,,,,,,,,,,,,,,,,,,,,,0,0,,,,,27,1,,,0,,,,,,,27,26,,,,,,,,,,,,,,,,,,,,,,,,,,,,,,
15:09:24.278,,,,,,,,,,,,,,,,,,,,,,,,,,,,,,,,,,,,,,,,,,,,,,,,,,,,,,,,,,,,,,,,,,,,,,,,,,,,,,,,,,,,,,,,-50,0,0,0,0,400,0,0,0,0,,,,,,,,,,0,,,,,,0,,
15:09:24.551,,,,,,,,,,,,,,,,,,,,,,,,,,,,,,,,,,,,,,,,,,,,,,,,,,,,,,,,,,,,,,,,,,,,,0,17,123,0,,,0,825.6,,0,0.6000000000000001,9,0,30,0,,,350,825.6,,,,,,,,,,,0,0,62,739.6,4.443,,,,,,,,,,,,,
15:09:24.726,,,,0,,,,20,,,,,,,,,23,20,,,,,,,,23,,,,,0,,,,,,,,,,,,,,,,,,,,,,,,,,,,,,,,,,,,,,,,,,,,,,,,,,,,,,,,,,,,,,,,,,,,,,,,,,,,,,,,,,,,
15:09:24.876,13.3,1.3,739.6,,0,0,27,,22,20,20,21,22,20,20,0.96148,,,1116.216111111111,4018378,0,0,5.13611111111111,4.10888888888889,3.85208333333333,,1706.5,1664.7,1274.7,1203.8,,0,0,0,738,2472,3.84,24,3.84,64,0,1116.21611111111,0,62,,,,,,,,,,,,,,,,,,,,,,,,,,,,,,,,,,,,,,,,,,,,,,,,,,,,,,,,,,,,,,,,,,,,0.96148,,,
15:09:25.059,,,,,,,,,,,,,,,,,,,,,,,,,,,,,,,,,,,,,,,,,,,,,41,41,,,,,,,36,,,,,,,,,,,,,,,,,,,,,,,,,,,,,,,,,,,,,,,,,,,,,,,,,,,,,,,,,,,,,,
15:09:25.176,,,,,,,,,,,,,,,,,,,,,,,,,,,,,,,,,,,,,,,,,,,,,,,0.5,25,27.5,16.5,7.5,27.5,,26.5,26.5,0,,,,,,,,,,,,,,,,,,,,,,,,,,,,,,,,,,,,,,,,,,,,,,,,,,21.800812890425785,,1.9714839212777777,1.9714839212777777,0,,,,0,
15:09:25.396,,,,,,,,,,,,,,,,,,,,,,,,,,,,,,,,,,,,,,,,,,,,,,,,,,,,,,,,,7.340000000000032,86,20,13.805,743,41.39,14.036,30,,,,,,,,,,,,,,,,,,,,,,,,,,,,,,,,,,,,,,,,,,,,,,,,,,,
15:09:25.524,,,,,,,,,,,,,,,,,,,,,,,,,,,,,,,,,,,,,,,,,,,,,,,,,,,,,,,,,,,,,,,,,-0.1,3,,,,,,,,,,,,,,,,,,,,,,,,,,,,,,,,,,,,,,,,,,,,,,,,,
15:09:25.717,,,,,,,,,,,,,,,,,,,,,,,,,,,,,,,,,,,,,,,,,,,,,,,,,,,,,,,,,,,,,,,,,,,,,,,,,,,,,,,,,,,,,,,,,,,,,,,,,,,,,,,0,13.770548300000002,0,,,,,,,,,,
15:09:25.987,,,,,,,,,,,,,,,,,,,,,,,,,,,,,,,,,,,,,,,,,,,,,,,,,,,,,,,,,,,,,,,,,,,0,0,,,,,27,1,,,0,,,,,,,27,26,,,,,,,,,,,,,,,,,,,,,,,,,,,,,,
15:09:26.170,,,,,,,,,,,,,,,,,,,,,,,,,,,,,,,,,,,,,,,,,,,,,,,,,,,,,,,,,,,,,,,,,,,,,,,,,,,,,,,,,,,,,,,,-50,0,0,0,0,400,0,0,0,0,,,,,,,,,,0,,,,,,0,,
15:09:26.439,,,,,,,,,,,,,,,,,,,,,,,,,,,,,,,,,,,,,,,,,,,,,,,,,,,,,,,,,,,,,,,,,,,,,0,17,123,0,,,0,825.6,,0,0.6000000000000001,9,0,30,0,,,350,825.6,,,,,,,,,,,0,0,62,739.5,4.444,,,,,,,,,,,,,
15:09:26.646,,,,0,,,,20,,,,,,,,,23,20,,,,,,,,23,,,,,0,,,,,,,,,,,,,,,,,,,,,,,,,,,,,,,,,,,,,,,,,,,,,,,,,,,,,,,,,,,,,,,,,,,,,,,,,,,,,,,,,,,,
15:09:26.796,13.3,1.2,739.5,,0,0,27,,22,20,20,21,22,20,20,0.8874,,,1116.2166666666667,4018380,0,0,5.13541666666667,4.10833333333333,3.8515625,,1706.5,1664.7,1274.7,1203.8,,0,0,0,738,2472,3.84,23,3.84,61,0,1116.21666666667,0,62,,,,,,,,,,,,,,,,,,,,,,,,,,,,,,,,,,,,,,,,,,,,,,,,,,,,,,,,,,,,,,,,,,,,0.96135,,,
15:09:27.015,,,,,,,,,,,,,,,,,,,,,,,,,,,,,,,,,,,,,,,,,,,,,41,41,,,,,,,36,,,,,,,,,,,,,,,,,,,,,,,,,,,,,,,,,,,,,,,,,,,,,,,,,,,,,,,,,,,,,,
15:09:27.127,,,,,,,,,,,,,,,,,,,,,,,,,,,,,,,,,,,,,,,,,,,,,,,0.5,25,27.5,16.5,7.5,27.5,,26.5,26.5,0,,,,,,,,,,,,,,,,,,,,,,,,,,,,,,,,,,,,,,,,,,,,,,,,,,21.670941692583202,,1.9714839212777777,1.9714839212777777,0,,,,0,
15:09:27.336,,,,,,,,,,,,,,,,,,,,,,,,,,,,,,,,,,,,,,,,,,,,,,,,,,,,,,,,,7.310000000000002,86,20,13.804,742.6,41.2,14.033,30,,,,,,,,,,,,,,,,,,,,,,,,,,,,,,,,,,,,,,,,,,,,,,,,,,,
15:09:27.485,,,,,,,,,,,,,,,,,,,,,,,,,,,,,,,,,,,,,,,,,,,,,,,,,,,,,,,,,,,,,,,,,-0.1,3,,,,,,,,,,,,,,,,,,,,,,,,,,,,,,,,,,,,,,,,,,,,,,,,,
15:09:27.697,,,,,,,,,,,,,,,,,,,,,,,,,,,,,,,,,,,,,,,,,,,,,,,,,,,,,,,,,,,,,,,,,,,,,,,,,,,,,,,,,,,,,,,,,,,,,,,,,,,,,,,0,13.7417386,0,,,,,,,,,,
15:09:27.998,,,,,,,,,,,,,,,,,,,,,,,,,,,,,,,,,,,,,,,,,,,,,,,,,,,,,,,,,,,,,,,,,,,0,0,,,,,27,1,,,0,,,,,,,27,26,,,,,,,,,,,,,,,,,,,,,,,,,,,,,,
15:09:28.178,,,,,,,,,,,,,,,,,,,,,,,,,,,,,,,,,,,,,,,,,,,,,,,,,,,,,,,,,,,,,,,,,,,,,,,,,,,,,,,,,,,,,,,,-50,0,0,0,0,400,0,0,0,0,,,,,,,,,,0,,,,,,0,,
15:09:28.451,,,,,,,,,,,,,,,,,,,,,,,,,,,,,,,,,,,,,,,,,,,,,,,,,,,,,,,,,,,,,,,,,,,,,0,17,123,0,,,0,825.6,,0,0.6000000000000001,9,0,30,0,,,350,825.6,,,,,,,,,,,0,0,62,739.6,4.444,,,,,,,,,,,,,
15:09:28.625,,,,0,,,,20,,,,,,,,,23,20,,,,,,,,23,,,,,0,,,,,,,,,,,,,,,,,,,,,,,,,,,,,,,,,,,,,,,,,,,,,,,,,,,,,,,,,,,,,,,,,,,,,,,,,,,,,,,,,,,,
15:09:28.776,13.3,1.2,739.5,,0,0,27,,22,20,20,21,22,20,20,0.8874,,,1116.2172222222223,4018382,0,0,5.13541666666667,4.10833333333333,3.8515625,,1706.5,1664.7,1274.7,1203.8,,0,0,0,738,2472,3.84,24,3.84,61,0,1116.21722222222,0,62,,,,,,,,,,,,,,,,,,,,,,,,,,,,,,,,,,,,,,,,,,,,,,,,,,,,,,,,,,,,,,,,,,,,0.8874,,,
15:09:28.956,,,,,,,,,,,,,,,,,,,,,,,,,,,,,,,,,,,,,,,,,,,,,40.5,40.5,,,,,,,36,,,,,,,,,,,,,,,,,,,,,,,,,,,,,,,,,,,,,,,,,,,,,,,,,,,,,,,,,,,,,,
15:09:29.078,,,,,,,,,,,,,,,,,,,,,,,,,,,,,,,,,,,,,,,,,,,,,,,0.5,25,27.5,16.5,7.5,27.5,,26.5,26.5,0,,,,,,,,,,,,,,,,,,,,,,,,,,,,,,,,,,,,,,,,,,,,,,,,,,21.542623021115922,,1.9714839212777777,1.9714839212777777,0,,,,0,
15:09:29.285,,,,,,,,,,,,,,,,,,,,,,,,,,,,,,,,,,,,,,,,,,,,,,,,,,,,,,,,,7.189999999999998,86,20,13.804,743.6,40.74,14.027,31,,,,,,,,,,,,,,,,,,,,,,,,,,,,,,,,,,,,,,,,,,,,,,,,,,,
15:09:29.467,,,,,,,,,,,,,,,,,,,,,,,,,,,,,,,,,,,,,,,,,,,,,,,,,,,,,,,,,,,,,,,,,0,3,,,,,,,,,,,,,,,,,,,,,,,,,,,,,,,,,,,,,,,,,,,,,,,,,
15:09:29.707,,,,,,,,,,,,,,,,,,,,,,,,,,,,,,,,,,,,,,,,,,,,,,,,,,,,,,,,,,,,,,,,,,,,,,,,,,,,,,,,,,,,,,,,,,,,,,,,,,,,,,,0,13.761270600000001,0,,,,,,,,,,
15:09:29.977,,,,,,,,,,,,,,,,,,,,,,,,,,,,,,,,,,,,,,,,,,,,,,,,,,,,,,,,,,,,,,,,,,,0,0,,,,,26,1,,,0,,,,,,,26,26,,,,,,,,,,,,,,,,,,,,,,,,,,,,,,
15:09:30.160,,,,,,,,,,,,,,,,,,,,,,,,,,,,,,,,,,,,,,,,,,,,,,,,,,,,,,,,,,,,,,,,,,,,,,,,,,,,,,,,,,,,,,,,-50,0,0,0,0,400,0,0,0,0,,,,,,,,,,0,,,,,,0,,
15:09:30.431,,,,,,,,,,,,,,,,,,,,,,,,,,,,,,,,,,,,,,,,,,,,,,,,,,,,,,,,,,,,,,,,,,,,,0,17,123,0,,,0,825.6,,0,0.6000000000000001,9,0,30,0,,,350,825.6,,,,,,,,,,,0,0,62,739.6,4.443,,,,,,,,,,,,,
15:09:30.608,,,,0,,,,20,,,,,,,,,23,20,,,,,,,,23,,,,,0,,,,,,,,,,,,,,,,,,,,,,,,,,,,,,,,,,,,,,,,,,,,,,,,,,,,,,,,,,,,,,,,,,,,,,,,,,,,,,,,,,,,
15:09:30.756,13.3,0.8,739.6,,0,0,27,,22,20,20,21,22,20,20,0.59168,,,1116.2177777777779,4018384,0,0,5.13611111111111,4.10888888888889,3.85208333333333,,1706.5,1664.7,1274.7,1203.8,,0,0,0,738,2472,3.84,24,3.84,64,0,1116.21777777778,0,62,,,,,,,,,,,,,,,,,,,,,,,,,,,,,,,,,,,,,,,,,,,,,,,,,,,,,,,,,,,,,,,,,,,,0.88752,,,
15:09:30.936,,,,,,,,,,,,,,,,,,,,,,,,,,,,,,,,,,,,,,,,,,,,,40.5,40.5,,,,,,,34,,,,,,,,,,,,,,,,,,,,,,,,,,,,,,,,,,,,,,,,,,,,,,,,,,,,,,,,,,,,,,
15:09:31.058,,,,,,,,,,,,,,,,,,,,,,,,,,,,,,,,,,,,,,,,,,,,,,,1,25,27.5,16.5,8,27.5,,26.5,26.5,0,,,,,,,,,,,,,,,,,,,,,,,,,,,,,,,,,,,,,,,,,,,,,,,,,,21.4138816902292,,1.9714839212777777,1.9714839212777777,0,,,,0,
15:09:31.296,,,,,,,,,,,,,,,,,,,,,,,,,,,,,,,,,,,,,,,,,,,,,,,,,,,,,,,,,7.110000000000014,86,20,13.789000000000001,742.7,41.1,14.033,31,,,,,,,,,,,,,,,,,,,,,,,,,,,,,,,,,,,,,,,,,,,,,,,,,,,
15:09:31.425,,,,,,,,,,,,,,,,,,,,,,,,,,,,,,,,,,,,,,,,,,,,,,,,,,,,,,,,,,,,,,,,,-0.1,3,,,,,,,,,,,,,,,,,,,,,,,,,,,,,,,,,,,,,,,,,,,,,,,,,
15:09:31.629,,,,,,,,,,,,,,,,,,,,,,,,,,,,,,,,,,,,,,,,,,,,,,,,,,,,,,,,,,,,,,,,,,,,,,,,,,,,,,,,,,,,,,,,,,,,,,,,,,,,,,,0,13.760294,0,,,,,,,,,,
15:09:31.897,,,,,,,,,,,,,,,,,,,,,,,,,,,,,,,,,,,,,,,,,,,,,,,,,,,,,,,,,,,,,,,,,,,0,0,,,,,27,1,,,0,,,,,,,27,26,,,,,,,,,,,,,,,,,,,,,,,,,,,,,,
15:09:32.080,,,,,,,,,,,,,,,,,,,,,,,,,,,,,,,,,,,,,,,,,,,,,,,,,,,,,,,,,,,,,,,,,,,,,,,,,,,,,,,,,,,,,,,,-50,0,0,0,0,400,0,0,0,0,,,,,,,,,,0,,,,,,0,,
15:09:32.351,,,,,,,,,,,,,,,,,,,,,,,,,,,,,,,,,,,,,,,,,,,,,,,,,,,,,,,,,,,,,,,,,,,,,0,17,123,0,,,0,825.6,,0,0.6000000000000001,9,0,30,0,,,350,825.6,,,,,,,,,,,0,0,62,739.6,4.443,,,,,,,,,,,,,
15:09:32.527,,,,0,,,,20,,,,,,,,,23,22,,,,,,,,23,,,,,0,,,,,,,,,,,,,,,,,,,,,,,,,,,,,,,,,,,,,,,,,,,,,,,,,,,,,,,,,,,,,,,,,,,,,,,,,,,,,,,,,,,,
15:09:32.676,13.3,0.7,739.6,,0,0,27,,22,20,20,21,22,20,20,0.51772,,,1116.2183333333332,4018386,0,0,5.13611111111111,4.10888888888889,3.85208333333333,,1706.5,1664.7,1274.7,1203.8,,0,0,0,738,2472,3.84,24,3.84,64,0,1116.21833333333,0,62,,,,,,,,,,,,,,,,,,,,,,,,,,,,,,,,,,,,,,,,,,,,,,,,,,,,,,,,,,,,,,,,,,,,0.5916800000000001,,,
15:09:32.856,,,,,,,,,,,,,,,,,,,,,,,,,,,,,,,,,,,,,,,,,,,,,40.5,40.5,,,,,,,34,,,,,,,,,,,,,,,,,,,,,,,,,,,,,,,,,,,,,,,,,,,,,,,,,,,,,,,,,,,,,,
15:09:32.977,,,,,,,,,,,,,,,,,,,,,,,,,,,,,,,,,,,,,,,,,,,,,,,1,24,27.5,16.5,8,27.5,,26.5,26.5,0,,,,,,,,,,,,,,,,,,,,,,,,,,,,,,,,,,,,,,,,,,,,,,,,,,21.29064266241711,,1.9714839212777777,1.9714839212777777,0,,,,0,
15:09:33.225,,,,,,,,,,,,,,,,,,,,,,,,,,,,,,,,,,,,,,,,,,,,,,,,,,,,,,,,,7.2900000000000205,86,20,13.805,744.2,40.96,14.04,31,,,,,,,,,,,,,,,,,,,,,,,,,,,,,,,,,,,,,,,,,,,,,,,,,,,
15:09:33.366,,,,,,,,,,,,,,,,,,,,,,,,,,,,,,,,,,,,,,,,,,,,,,,,,,,,,,,,,,,,,,,,,0,3,,,,,,,,,,,,,,,,,,,,,,,,,,,,,,,,,,,,,,,,,,,,,,,,,
15:09:33.576,,,,,,,,,,,,,,,,,,,,,,,,,,,,,,,,,,,,,,,,,,,,,,,,,,,,,,,,,,,,,,,,,,,,,,,,,,,,,,,,,,,,,,,,,,,,,,,,,,,,,,,0,13.7515046,0,,,,,,,,,,
15:09:33.846,,,,,,,,,,,,,,,,,,,,,,,,,,,,,,,,,,,,,,,,,,,,,,,,,,,,,,,,,,,,,,,,,,,0,0,,,,,27,1,,,0,,,,,,,27,26,,,,,,,,,,,,,,,,,,,,,,,,,,,,,,
15:09:34.028,,,,,,,,,,,,,,,,,,,,,,,,,,,,,,,,,,,,,,,,,,,,,,,,,,,,,,,,,,,,,,,,,,,,,,,,,,,,,,,,,,,,,,,,-50,0,0,0,0,400,0,0,0,0,,,,,,,,,,0,,,,,,0,,
15:09:34.300,,,,,,,,,,,,,,,,,,,,,,,,,,,,,,,,,,,,,,,,,,,,,,,,,,,,,,,,,,,,,,,,,,,,,0,17,123,0,,,0,825.6,,0,0.6000000000000001,9,0,30,0,,,350,825.6,,,,,,,,,,,0,0,62,739.6,4.444,,,,,,,,,,,,,
15:09:34.476,,,,0,,,,20,,,,,,,,,23,22,,,,,,,,23,,,,,0,,,,,,,,,,,,,,,,,,,,,,,,,,,,,,,,,,,,,,,,,,,,,,,,,,,,,,,,,,,,,,,,,,,,,,,,,,,,,,,,,,,,
15:09:34.627,13.3,0.8,739.6,,0,0,27,,22,20,20,21,22,20,20,0.59168,,,1116.2188888888888,4018388,0,0,5.13611111111111,4.10888888888889,3.85208333333333,,1706.5,1664.7,1274.7,1203.8,,0,0,0,738,2466,3.84,22,3.84,61,0,1116.21888888889,0,62,,,,,,,,,,,,,,,,,,,,,,,,,,,,,,,,,,,,,,,,,,,,,,,,,,,,,,,,,,,,,,,,,,,,0.5177200000000001,,,
15:09:34.806,,,,,,,,,,,,,,,,,,,,,,,,,,,,,,,,,,,,,,,,,,,,,40.5,40.5,,,,,,,34,,,,,,,,,,,,,,,,,,,,,,,,,,,,,,,,,,,,,,,,,,,,,,,,,,,,,,,,,,,,,,
15:09:34.926,,,,,,,,,,,,,,,,,,,,,,,,,,,,,,,,,,,,,,,,,,,,,,,1,24,27.5,16.5,8.5,27.5,,26.5,26.5,0,,,,,,,,,,,,,,,,,,,,,,,,,,,,,,,,,,,,,,,,,,,,,,,,,,21.16691359194812,,1.9714839212777777,1.9714839212777777,0,,,,0,
15:09:35.135,,,,,,,,,,,,,,,,,,,,,,,,,,,,,,,,,,,,,,,,,,,,,,,,,,,,,,,,,7.259999999999991,86,20,13.804,743.2,41.11,14.042,31,,,,,,,,,,,,,,,,,,,,,,,,,,,,,,,,,,,,,,,,,,,,,,,,,,,
15:09:35.265,,,,,,,,,,,,,,,,,,,,,,,,,,,,,,,,,,,,,,,,,,,,,,,,,,,,,,,,,,,,,,,,,-0.1,3,,,,,,,,,,,,,,,,,,,,,,,,,,,,,,,,,,,,,,,,,,,,,,,,,
15:09:35.528,,,,,,,,,,,,,,,,,,,,,,,,,,,,,,,,,,,,,,,,,,,,,,,,,,,,,,,,,,,,,,,,,,,,,,,,,,,,,,,,,,,,,,,,,,,,,,,,,,,,,,,0,13.7417386,0,,,,,,,,,,
15:09:35.796,,,,,,,,,,,,,,,,,,,,,,,,,,,,,,,,,,,,,,,,,,,,,,,,,,,,,,,,,,,,,,,,,,,0,0,,,,,26,1,,,0,,,,,,,26,26,,,,,,,,,,,,,,,,,,,,,,,,,,,,,,
15:09:35.978,,,,,,,,,,,,,,,,,,,,,,,,,,,,,,,,,,,,,,,,,,,,,,,,,,,,,,,,,,,,,,,,,,,,,,,,,,,,,,,,,,,,,,,,-50,0,0,0,0,400,0,0,0,0,,,,,,,,,,0,,,,,,0,,
15:09:36.251,,,,,,,,,,,,,,,,,,,,,,,,,,,,,,,,,,,,,,,,,,,,,,,,,,,,,,,,,,,,,,,,,,,,,0,17,123,0,,,0,825.6,,0,0.6000000000000001,9,0,30,0,,,350,825.6,,,,,,,,,,,0,0,62,739.6,4.444,,,,,,,,,,,,,
15:09:36.426,,,,0,,,,20,,,,,,,,,23,22,,,,,,,,23,,,,,0,,,,,,,,,,,,,,,,,,,,,,,,,,,,,,,,,,,,,,,,,,,,,,,,,,,,,,,,,,,,,,,,,,,,,,,,,,,,,,,,,,,,
15:09:36.579,13.3,0.8,739.6,,0,0,27,,22,20,20,21,22,20,20,0.59168,,,1116.2194444444444,4018390,0,0,5.13611111111111,4.10888888888889,3.85208333333333,,1706.5,1664.7,1274.7,1203.8,,0,0,0,738,2466,3.84,24,3.84,61,0,1116.21944444444,0,62,,,,,,,,,,,,,,,,,,,,,,,,,,,,,,,,,,,,,,,,,,,,,,,,,,,,,,,,,,,,,,,,,,,,0.5916800000000001,,,
15:09:36.756,,,,,,,,,,,,,,,,,,,,,,,,,,,,,,,,,,,,,,,,,,,,,40.5,40.5,,,,,,,33,,,,,,,,,,,,,,,,,,,,,,,,,,,,,,,,,,,,,,,,,,,,,,,,,,,,,,,,,,,,,,
15:09:36.876,,,,,,,,,,,,,,,,,,,,,,,,,,,,,,,,,,,,,,,,,,,,,,,1.5,24,27.5,16.5,8.5,27.5,,26.5,26.5,0,,,,,,,,,,,,,,,,,,,,,,,,,,,,,,,,,,,,,,,,,,,,,,,,,,21.044538120065944,,1.9714839212777777,1.9714839212777777,0,,,,0,
15:09:37.125,,,,,,,,,,,,,,,,,,,,,,,,,,,,,,,,,,,,,,,,,,,,,,,,,,,,,,,,,7.240000000000009,86,20,13.804,744.1,41.05,14.039,31,,,,,,,,,,,,,,,,,,,,,,,,,,,,,,,,,,,,,,,,,,,,,,,,,,,
15:09:37.245,,,,,,,,,,,,,,,,,,,,,,,,,,,,,,,,,,,,,,,,,,,,,,,,,,,,,,,,,,,,,,,,,-0.1,3,,,,,,,,,,,,,,,,,,,,,,,,,,,,,,,,,,,,,,,,,,,,,,,,,
15:09:37.477,,,,,,,,,,,,,,,,,,,,,,,,,,,,,,,,,,,,,,,,,,,,,,,,,,,,,,,,,,,,,,,,,,,,,,,,,,,,,,,,,,,,,,,,,,,,,,,,,,,,,,,0,13.7417386,0,,,,,,,,,,
15:09:37.746,,,,,,,,,,,,,,,,,,,,,,,,,,,,,,,,,,,,,,,,,,,,,,,,,,,,,,,,,,,,,,,,,,,0,0,,,,,26,1,,,0,,,,,,,26,26,,,,,,,,,,,,,,,,,,,,,,,,,,,,,,
15:09:37.927,,,,,,,,,,,,,,,,,,,,,,,,,,,,,,,,,,,,,,,,,,,,,,,,,,,,,,,,,,,,,,,,,,,,,,,,,,,,,,,,,,,,,,,,-50,0,0,0,0,400,0,0,0,0,,,,,,,,,,0,,,,,,0,,
15:09:38.194,,,,,,,,,,,,,,,,,,,,,,,,,,,,,,,,,,,,,,,,,,,,,,,,,,,,,,,,,,,,,,,,,,,,,0,17,123,0,,,0,825.6,,0,0.6000000000000001,9,0,30,0,,,350,825.6,,,,,,,,,,,0,0,62,739.6,4.444,,,,,,,,,,,,,
15:09:38.377,,,,0,,,,20,,,,,,,,,23,22,,,,,,,,23,,,,,0,,,,,,,,,,,,,,,,,,,,,,,,,,,,,,,,,,,,,,,,,,,,,,,,,,,,,,,,,,,,,,,,,,,,,,,,,,,,,,,,,,,,
15:09:38.529,13.3,0.8,739.6,,0,0,27,,22,20,20,21,22,20,20,0.59168,,,1116.22,4018392,0,0,5.13611111111111,4.10888888888889,3.85208333333333,,1706.5,1664.7,1274.7,1203.8,,0,0,0,738,2466,3.84,24,3.84,2,0,1116.22,0,62,,,,,,,,,,,,,,,,,,,,,,,,,,,,,,,,,,,,,,,,,,,,,,,,,,,,,,,,,,,,,,,,,,,,0.5916800000000001,,,
15:09:38.706,,,,,,,,,,,,,,,,,,,,,,,,,,,,,,,,,,,,,,,,,,,,,40.5,40.5,,,,,,,33,,,,,,,,,,,,,,,,,,,,,,,,,,,,,,,,,,,,,,,,,,,,,,,,,,,,,,,,,,,,,,
15:09:38.826,,,,,,,,,,,,,,,,,,,,,,,,,,,,,,,,,,,,,,,,,,,,,,,2,24,27.5,16.5,9,27.5,,26.5,26.5,0,,,,,,,,,,,,,,,,,,,,,,,,,,,,,,,,,,,,,,,,,,,,,,,,,,20.923555583084365,,1.9714839212777777,1.9714839212777777,0,,,,0,
15:09:39.038,,,,,,,,,,,,,,,,,,,,,,,,,,,,,,,,,,,,,,,,,,,,,,,,,,,,,,,,,7.069999999999993,86,20,13.804,742.8000000000001,40.73,14.013,31,,,,,,,,,,,,,,,,,,,,,,,,,,,,,,,,,,,,,,,,,,,,,,,,,,,
15:09:39.164,,,,,,,,,,,,,,,,,,,,,,,,,,,,,,,,,,,,,,,,,,,,,,,,,,,,,,,,,,,,,,,,,0.1,3,,,,,,,,,,,,,,,,,,,,,,,,,,,,,,,,,,,,,,,,,,,,,,,,,
15:09:39.397,,,,,,,,,,,,,,,,,,,,,,,,,,,,,,,,,,,,,,,,,,,,,,,,,,,,,,,,,,,,,,,,,,,,,,,,,,,,,,,,,,,,,,,,,,,,,,,,,,,,,,,29.052362500000005,13.790568599999999,0,,,,,,,,,,
15:09:39.666,,,,,,,,,,,,,,,,,,,,,,,,,,,,,,,,,,,,,,,,,,,,,,,,,,,,,,,,,,,,,,,,,,,0,0,,,,,27,1,,,0,,,,,,,27,26,,,,,,,,,,,,,,,,,,,,,,,,,,,,,,
15:09:39.847,,,,,,,,,,,,,,,,,,,,,,,,,,,,,,,,,,,,,,,,,,,,,,,,,,,,,,,,,,,,,,,,,,,,,,,,,,,,,,,,,,,,,,,,-50,0,0,0,0,400,0,0,0,0,,,,,,,,,,0,,,,,,0,,
15:09:40.120,,,,,,,,,,,,,,,,,,,,,,,,,,,,,,,,,,,,,,,,,,,,,,,,,,,,,,,,,,,,,,,,,,,,,0,17,123,0,,,0,825.6,,0,0.6000000000000001,9,0,30,0,,,350,825.6,,,,,,,,,,,0,0,62,739.6,4.444,,,,,,,,,,,,,
15:09:40.308,,,,0,,,,20,,,,,,,,,23,22,,,,,,,,23,,,,,0,,,,,,,,,,,,,,,,,,,,,,,,,,,,,,,,,,,,,,,,,,,,,,,,,,,,,,,,,,,,,,,,,,,,,,,,,,,,,,,,,,,,
15:09:40.447,13.3,5.2,739.2,,0,0,27,,22,20,20,21,22,20,20,3.84384,,,1116.2205555555556,4018394,0,0,5.13333333333333,4.10666666666667,3.85,,1706.5,1664.7,1274.7,1203.8,,257,0,0,737,2466,3.84,22,3.84,2,0,1116.22055555556,0,62,,,,,,,,,,,,,,,,,,,,,,,,,,,,,,,,,,,,,,,,,,,,,,,,,,,,,,,,,,,,,,,,,,,,0.59136,,,
15:09:40.626,,,,,,,,,,,,,,,,,,,,,,,,,,,,,,,,,,,,,,,,,,,,,40.5,40.5,,,,,,,33,,,,,,,,,,,,,,,,,,,,,,,,,,,,,,,,,,,,,,,,,,,,,,,,,,,,,,,,,,,,,,
15:09:40.746,,,,,,,,,,,,,,,,,,,,,,,,,,,,,,,,,,,,,,,,,,,,,,,2,24,27.5,16.5,9.5,27.5,,26.5,26.5,4,,,,,,,,,,,,,,,,,,,,,,,,,,,,,,,,,,,,,,,,,,,,,,,,,,20.828281914553262,,1.9736177115,1.9736177115,1.0406260406260406,96.096,,,0.014584114951632744,
15:09:40.956,,,,,,,,,,,,,,,,,,,,,,,,,,,,,,,,,,,,,,,,,,,,,,,,,,,,,,,,,7.269999999999982,86,20,13.812999999999999,741.9000000000001,35.77,14.037,31,,,,,,,,,,,,,,,,,,,,,,,,,,,,,,,,,,,,,,,,,,,,,,,,,,,
15:09:41.076,,,,,,,,,,,,,,,,,,,,,,,,,,,,,,,,,,,,,,,,,,,,,,,,,,,,,,,,,,,,,,,,,-6.6000000000000005,3,,,,,,,,,,,,,,,,,,,,,,,,,,,,,,,,,,,,,,,,,,,,,,,,,
15:09:41.289,,,,,,,,,,,,,,,,,,,,,,,,,,,,,,,,,,,,,,,,,,,,,,,,,,,,,,,,,,,,,,,,,,,,,,,,,,,,,,,,,,,,,,,,,,,,,,,,,,,,,,,67.9190525,13.779337700000001,4,,,,,,,,,,
15:09:41.589,,,,,,,,,,,,,,,,,,,,,,,,,,,,,,,,,,,,,,,,,,,,,,,,,,,,,,,,,,,,,,,,,,,0,0,,,,,27,1,,,0,,,,,,,27,26,,,,,,,,,,,,,,,,,,,,,,,,,,,,,,
15:09:41.765,,,,,,,,,,,,,,,,,,,,,,,,,,,,,,,,,,,,,,,,,,,,,,,,,,,,,,,,,,,,,,,,,,,,,,,,,,,,,,,,,,,,,,,,-50,0,0,0,0,400,0,0,0,0,,,,,,,,,,0,,,,,,0,,
15:09:42.042,,,,,,,,,,,,,,,,,,,,,,,,,,,,,,,,,,,,,,,,,,,,,,,,,,,,,,,,,,,,,,,,,,,,,0,17,123,0,,,0,825.6,,0,0.6000000000000001,9,0,30,0,,,350,825.6,,,,,,,,,,,0,0,62,737.5,4.444,,,,,,,,,,,,,
15:09:42.218,,,,0,,,,20,,,,,,,,,23,22,,,,,,,,23,,,,,0,,,,,,,,,,,,,,,,,,,,,,,,,,,,,,,,,,,,,,,,,,,,,,,,,,,,,,,,,,,,,,,,,,,,,,,,,,,,,,,,,,,,
15:09:42.369,13.3,28.8,736.8,,0,0,27,,22,20,20,21,22,20,20,21.21984,,,1116.2211111111112,4018396,0,0,5.11666666666667,4.09333333333333,3.8375,,1706.5,1664.7,1274.7,1203.8,,1253,0,0,735,2471,3.84,24,3.82,64,0,1116.22111111111,0,62,,,,,,,,,,,,,,,,,,,,,,,,,,,,,,,,,,,,,,,,,,,,,,,,,,,,,,,,,,,,,,,,,,,,21.21984,,,
15:09:42.553,,,,,,,,,,,,,,,,,,,,,,,,,,,,,,,,,,,,,,,,,,,,,40.5,40.5,,,,,,,33,,,,,,,,,,,,,,,,,,,,,,,,,,,,,,,,,,,,,,,,,,,,,,,,,,,,,,,,,,,,,,
15:09:42.666,,,,,,,,,,,,,,,,,,,,,,,,,,,,,,,,,,,,,,,,,,,,,,,2.5,24,27,16.5,10,27,,26.5,26.5,18,,,,,,,,,,,,,,,,,,,,,,,,,,,,,,,,,,,,,,,,,,,,,,,,,,20.81239795963531,,1.9832507315,1.9832507315,0.8482627578718783,117.888,,,0.06587073362344903,
15:09:42.877,,,,,,,,,,,,,,,,,,,,,,,,,,,,,,,,,,,,,,,,,,,,,,,,,,,,,,,,,7.240000000000009,86,20,13.811,740.3000000000001,36.69,14.026,31,,,,,,,,,,,,,,,,,,,,,,,,,,,,,,,,,,,,,,,,,,,,,,,,,,,
15:09:42.998,,,,,,,,,,,,,,,,,,,,,,,,,,,,,,,,,,,,,,,,,,,,,,,,,,,,,,,,,,,,,,,,,-12.3,3,,,,,,,,,,,,,,,,,,,,,,,,,,,,,,,,,,,,,,,,,,,,,,,,,
15:09:43.212,,,,,,,,,,,,,,,,,,,,,,,,,,,,,,,,,,,,,,,,,,,,,,,,,,,,,,,,,,,,,,,,,,,,,,,,,,,,,,,,,,,,,,,,,,,,,,,,,,,,,,,64.45230000000001,13.770548300000002,20.703125,,,,,,,,,,
15:09:43.482,,,,,,,,,,,,,,,,,,,,,,,,,,,,,,,,,,,,,,,,,,,,,,,,,,,,,,,,,,,,,,,,,,,0,0,,,,,27,1,,,0,,,,,,,27,26,,,,,,,,,,,,,,,,,,,,,,,,,,,,,,
15:09:43.660,,,,,,,,,,,,,,,,,,,,,,,,,,,,,,,,,,,,,,,,,,,,,,,,,,,,,,,,,,,,,,,,,,,,,,,,,,,,,,,,,,,,,,,,-50,0,0,0,0,400,0,0,0,0,,,,,,,,,,0,,,,,,0,,
15:09:43.932,,,,,,,,,,,,,,,,,,,,,,,,,,,,,,,,,,,,,,,,,,,,,,,,,,,,,,,,,,,,,,,,,,,,,0,17,123,0,,,0,825.6,,0,0.6000000000000001,9,0,30,0,,,350,825.6,,,,,,,,,,,0,0,62,735.9000000000001,4.443,,,,,,,,,,,,,
15:09:44.107,,,,0,,,,20,,,,,,,,,23,22,,,,,,,,23,,,,,0,,,,,,,,,,,,,,,,,,,,,,,,,,,,,,,,,,,,,,,,,,,,,,,,,,,,,,,,,,,,,,,,,,,,,,,,,,,,,,,,,,,,
15:09:44.260,13.3,34.3,735.9,,0,0,27,,22,20,20,21,22,20,20,25.24137,,,1116.2216666666666,4018398,0,0,5.11041666666667,4.08833333333333,3.8328125,,1706.5,1664.8,1274.7,1203.8,,2130,0,0,734,2471,3.82,24,3.82,61,0,1116.22166666667,0,62,,,,,,,,,,,,,,,,,,,,,,,,,,,,,,,,,,,,,,,,,,,,,,,,,,,,,,,,,,,,,,,,,,,,25.241369999999996,,,
15:09:44.437,,,,,,,,,,,,,,,,,,,,,,,,,,,,,,,,,,,,,,,,,,,,,40.5,40.5,,,,,,,33,,,,,,,,,,,,,,,,,,,,,,,,,,,,,,,,,,,,,,,,,,,,,,,,,,,,,,,,,,,,,,
15:09:44.559,,,,,,,,,,,,,,,,,,,,,,,,,,,,,,,,,,,,,,,,,,,,,,,3,24,27,16.5,10.5,27,,26.5,26.5,28,,,,,,,,,,,,,,,,,,,,,,,,,,,,,,,,,,,,,,,,,,,,,,,,,,20.85169341117019,,1.9979181262777779,1.9979181262777779,1.1092900266506929,90.14775,,,0.1032326589584484,
15:09:44.767,,,,,,,,,,,,,,,,,,,,,,,,,,,,,,,,,,,,,,,,,,,,,,,,,,,,,,,,,7.199999999999989,86,20,13.811,738.7,36.25,14.032,31,,,,,,,,,,,,,,,,,,,,,,,,,,,,,,,,,,,,,,,,,,,,,,,,,,,
15:09:44.895,,,,,,,,,,,,,,,,,,,,,,,,,,,,,,,,,,,,,,,,,,,,,,,,,,,,,,,,,,,,,,,,,3,3,,,,,,,,,,,,,,,,,,,,,,,,,,,,,,,,,,,,,,,,,,,,,,,,,
15:09:45.103,,,,,,,,,,,,,,,,,,,,,,,,,,,,,,,,,,,,,,,,,,,,,,,,,,,,,,,,,,,,,,,,,,,,,,,,,,,,,,,,,,,,,,,,,,,,,,,,,,,,,,,57.762932500000005,13.779337700000001,28,,,,,,,,,,
15:09:45.368,,,,,,,,,,,,,,,,,,,,,,,,,,,,,,,,,,,,,,,,,,,,,,,,,,,,,,,,,,,,,,,,,,,0,0,,,,,27,1,,,0,,,,,,,27,26,,,,,,,,,,,,,,,,,,,,,,,,,,,,,,
15:09:45.550,,,,,,,,,,,,,,,,,,,,,,,,,,,,,,,,,,,,,,,,,,,,,,,,,,,,,,,,,,,,,,,,,,,,,,,,,,,,,,,,,,,,,,,,-50,0,0,0,0,400,0,0,0,0,,,,,,,,,,0,,,,,,0,,
15:09:45.818,,,,,,,,,,,,,,,,,,,,,,,,,,,,,,,,,,,,,,,,,,,,,,,,,,,,,,,,,,,,,,,,,,,,,0,17,123,0,,,0,825.6,,0,0.6000000000000001,9,0,30,0,,,350,825.6,,,,,,,,,,,0,0,62,735,4.442,,,,,,,,,,,,,
15:09:46.002,,,,0,,,,20,,,,,,,,,23,22,,,,,,,,23,,,,,0,,,,,,,,,,,,,,,,,,,,,,,,,,,,,,,,,,,,,,,,,,,,,,,,,,,,,,,,,,,,,,,,,,,,,,,,,,,,,,,,,,,,
15:09:46.148,13.3,43.6,734.7,,0,0,27,,22,20,20,21,22,20,20,32.03292,,,1116.2222222222222,4018400,0,0,5.10208333333333,4.08166666666667,3.8265625,,1706.5,1664.8,1274.7,1203.9,,2858,0,0,733,2471,3.82,21,3.82,145,0,1116.22222222222,0,62,,,,,,,,,,,,,,,,,,,,,,,,,,,,,,,,,,,,,,,,,,,,,,,,,,,,,,,,,,,,,,,,,,,,32.032920000000004,,,
15:09:46.358,,,,,,,,,,,,,,,,,,,,,,,,,,,,,,,,,,,,,,,,,,,,,40,40,,,,,,,33,,,,,,,,,,,,,,,,,,,,,,,,,,,,,,,,,,,,,,,,,,,,,,,,,,,,,,,,,,,,,,
15:09:46.481,,,,,,,,,,,,,,,,,,,,,,,,,,,,,,,,,,,,,,,,,,,,,,,4,24,27,16.5,11,27,,26.5,26.5,37,,,,,,,,,,,,,,,,,,,,,,,,,,,,,,,,,,,,,,,,,,,,,,,,,,20.941179257112776,,2.0176732485,2.0176732485,1.1550617302450106,86.57545945945945,,,0.13691418988728848,
15:09:46.686,,,,,,,,,,,,,,,,,,,,,,,,,,,,,,,,,,,,,,,,,,,,,,,,,,,,,,,,,7.189999999999998,86,20,13.811,737.8000000000001,36.08,14.025,31,,,,,,,,,,,,,,,,,,,,,,,,,,,,,,,,,,,,,,,,,,,,,,,,,,,
15:09:46.805,,,,,,,,,,,,,,,,,,,,,,,,,,,,,,,,,,,,,,,,,,,,,,,,,,,,,,,,,,,,,,,,,6.5,3,,,,,,,,,,,,,,,,,,,,,,,,,,,,,,,,,,,,,,,,,,,,,,,,,
15:09:47.022,,,,,,,,,,,,,,,,,,,,,,,,,,,,,,,,,,,,,,,,,,,,,,,,,,,,,,,,,,,,,,,,,,,,,,,,,,,,,,,,,,,,,,,,,,,,,,,,,,,,,,,55.1262475,13.770548300000002,36,,,,,,,,,,
15:09:47.288,,,,,,,,,,,,,,,,,,,,,,,,,,,,,,,,,,,,,,,,,,,,,,,,,,,,,,,,,,,,,,,,,,,0,0,,,,,27,1,,,0,,,,,,,27,26,,,,,,,,,,,,,,,,,,,,,,,,,,,,,,
15:09:47.470,,,,,,,,,,,,,,,,,,,,,,,,,,,,,,,,,,,,,,,,,,,,,,,,,,,,,,,,,,,,,,,,,,,,,,,,,,,,,,,,,,,,,,,,-50,0,0,0,0,400,0,0,0,0,,,,,,,,,,0,,,,,,0,,
15:09:47.735,,,,,,,,,,,,,,,,,,,,,,,,,,,,,,,,,,,,,,,,,,,,,,,,,,,,,,,,,,,,,,,,,,,,,0,17,123,0,,,0,825.6,,0,0.6000000000000001,9,0,30,0,,,350,825.6,,,,,,,,,,,0,0,62,734.4000000000001,4.443,,,,,,,,,,,,,
15:09:47.924,,,,0,,,,20,,,,,,,,,23,22,,,,,,,,23,,,,,0,,,,,,,,,,,,,,,,,,,,,,,,,,,,,,,,,,,,,,,,,,,,,,,,,,,,,,,,,,,,,,,,,,,,,,,,,,,,,,,,,,,,
15:09:48.067,13.3,41.7,734.5,,0,0,27,,22,20,20,21,22,20,20,30.62865,,,1116.2225,4018401,0,0,5.10069444444444,4.08055555555556,3.82552083333333,,1706.5,1664.8,1274.7,1203.9,,3461,0,0,732,2471,3.82,24,3.82,150,0,1116.2225,0,62,,,,,,,,,,,,,,,,,,,,,,,,,,,,,,,,,,,,,,,,,,,,,,,,,,,,,,,,,,,,,,,,,,,,32.0242,,,
15:09:48.244,,,,,,,,,,,,,,,,,,,,,,,,,,,,,,,,,,,,,,,,,,,,,40,40,,,,,,,33,,,,,,,,,,,,,,,,,,,,,,,,,,,,,,,,,,,,,,,,,,,,,,,,,,,,,,,,,,,,,,
15:09:48.367,,,,,,,,,,,,,,,,,,,,,,,,,,,,,,,,,,,,,,,,,,,,,,,4,25,27,17,11.5,27,,26.5,26.5,44,,,,,,,,,,,,,,,,,,,,,,,,,,,,,,,,,,,,,,,,,,,,,,,,,,21.065902377059516,,2.0407283575,2.0407283575,1.436563478964956,69.61056818181818,,,0.1486728956365173,
15:09:48.577,,,,,,,,,,,,,,,,,,,,,,,,,,,,,,,,,,,,,,,,,,,,,,,,,,,,,,,,,7.03000000000003,86,20,13.811,738.4000000000001,35.93,14.01,31,,,,,,,,,,,,,,,,,,,,,,,,,,,,,,,,,,,,,,,,,,,,,,,,,,,
15:09:48.695,,,,,,,,,,,,,,,,,,,,,,,,,,,,,,,,,,,,,,,,,,,,,,,,,,,,,,,,,,,,,,,,,2.5,3,,,,,,,,,,,,,,,,,,,,,,,,,,,,,,,,,,,,,,,,,,,,,,,,,
15:09:48.908,,,,,,,,,,,,,,,,,,,,,,,,,,,,,,,,,,,,,,,,,,,,,,,,,,,,,,,,,,,,,,,,,,,,,,,,,,,,,,,,,,,,,,,,,,,,,,,,,,,,,,,49.169292500000005,13.7695717,45.625,,,,,,,,,,
15:09:49.179,,,,,,,,,,,,,,,,,,,,,,,,,,,,,,,,,,,,,,,,,,,,,,,,,,,,,,,,,,,,,,,,,,,0,0,,,,,27,1,,,0,,,,,,,27,26,,,,,,,,,,,,,,,,,,,,,,,,,,,,,,
15:09:49.359,,,,,,,,,,,,,,,,,,,,,,,,,,,,,,,,,,,,,,,,,,,,,,,,,,,,,,,,,,,,,,,,,,,,,,,,,,,,,,,,,,,,,,,,-50,0,0,0,0,400,0,0,0,0,,,,,,,,,,0,,,,,,0,,
15:09:49.633,,,,,,,,,,,,,,,,,,,,,,,,,,,,,,,,,,,,,,,,,,,,,,,,,,,,,,,,,,,,,,,,,,,,,0,17,123,0,,,0,825.6,,0,0.6000000000000001,9,0,30,0,,,350,825.6,,,,,,,,,,,0,0,62,735.2,4.443,,,,,,,,,,,,,
15:09:49.807,,,,0,,,,20,,,,,,,,,23,22,,,,,,,,23,,,,,0,,,,,,,,,,,,,,,,,,,,,,,,,,,,,,,,,,,,,,,,,,,,,,,,,,,,,,,,,,,,,,,,,,,,,,,,,,,,,,,,,,,,
15:09:49.959,13.3,34.1,735.1,,0,0,27,,22,20,20,21,22,20,20,25.06691,,,1116.2230555555554,4018403,0,0,5.10486111111111,4.08388888888889,3.82864583333333,,1706.5,1664.8,1274.7,1203.9,,3789,0,0,733,2471,3.82,24,3.82,64,0,1116.22305555556,0,62,,,,,,,,,,,,,,,,,,,,,,,,,,,,,,,,,,,,,,,,,,,,,,,,,,,,,,,,,,,,,,,,,,,,30.65367,,,
15:09:50.137,,,,,,,,,,,,,,,,,,,,,,,,,,,,,,,,,,,,,,,,,,,,,40,40,,,,,,,35,,,,,,,,,,,,,,,,,,,,,,,,,,,,,,,,,,,,,,,,,,,,,,,,,,,,,,,,,,,,,,
15:09:50.259,,,,,,,,,,,,,,,,,,,,,,,,,,,,,,,,,,,,,,,,,,,,,,,5,25,27,17,12,27,,26.5,26.5,48,,,,,,,,,,,,,,,,,,,,,,,,,,,,,,,,,,,,,,,,,,,,,,,,,,21.211261088867314,,2.0659593961666665,2.0659593961666665,1.9148750284737928,52.22272916666667,,,0.11191200209975585,
15:09:50.497,,,,,,,,,,,,,,,,,,,,,,,,,,,,,,,,,,,,,,,,,,,,,,,,,,,,,,,,,6.900000000000034,86,20,13.795,738.4000000000001,36.17,13.995,31,,,,,,,,,,,,,,,,,,,,,,,,,,,,,,,,,,,,,,,,,,,,,,,,,,,
15:09:50.647,,,,,,,,,,,,,,,,,,,,,,,,,,,,,,,,,,,,,,,,,,,,,,,,,,,,,,,,,,,,,,,,,-2.5,3,,,,,,,,,,,,,,,,,,,,,,,,,,,,,,,,,,,,,,,,,,,,,,,,,
15:09:50.890,,,,,,,,,,,,,,,,,,,,,,,,,,,,,,,,,,,,,,,,,,,,,,,,,,,,,,,,,,,,,,,,,,,,,,,,,,,,,,,,,,,,,,,,,,,,,,,,,,,,,,,49.169292500000005,13.760294,49.609375,,,,,,,,,,
15:09:51.158,,,,,,,,,,,,,,,,,,,,,,,,,,,,,,,,,,,,,,,,,,,,,,,,,,,,,,,,,,,,,,,,,,,0,0,,,,,27,1,,,0,,,,,,,27,26,,,,,,,,,,,,,,,,,,,,,,,,,,,,,,
15:09:51.342,,,,,,,,,,,,,,,,,,,,,,,,,,,,,,,,,,,,,,,,,,,,,,,,,,,,,,,,,,,,,,,,,,,,,,,,,,,,,,,,,,,,,,,,-50,0,0,0,0,400,0,0,0,0,,,,,,,,,,0,,,,,,0,,
15:09:51.611,,,,,,,,,,,,,,,,,,,,,,,,,,,,,,,,,,,,,,,,,,,,,,,,,,,,,,,,,,,,,,,,,,,,,0,17,123,0,,,0,825.6,,0,0.6000000000000001,9,0,30,0,,,350,825.6,,,,,,,,,,,0,0,62,734.9000000000001,4.444,,,,,,,,,,,,,
15:09:51.787,,,,0,,,,20,,,,,,,,,23,22,,,,,,,,23,,,,,0,,,,,,,,,,,,,,,,,,,,,,,,,,,,,,,,,,,,,,,,,,,,,,,,,,,,,,,,,,,,,,,,,,,,,,,,,,,,,,,,,,,,
15:09:51.969,13.3,33.5,734.9,,0,0,27,,22,20,20,21,22,20,20,24.61915,,,1116.223611111111,4018405,0,0,5.10347222222222,4.08277777777778,3.82760416666667,,1706.5,1664.8,1274.7,1203.9,,4126,0,0,733,2468,3.82,22,3.82,64,0,1116.22361111111,0,62,,,,,,,,,,,,,,,,,,,,,,,,,,,,,,,,,,,,,,,,,,,,,,,,,,,,,,,,,,,,,,,,,,,,24.619149999999998,,,
15:09:52.181,,,,,,,,,,,,,,,,,,,,,,,,,,,,,,,,,,,,,,,,,,,,,39.5,39.5,,,,,,,36,,,,,,,,,,,,,,,,,,,,,,,,,,,,,,,,,,,,,,,,,,,,,,,,,,,,,,,,,,,,,,
15:09:52.297,,,,,,,,,,,,,,,,,,,,,,,,,,,,,,,,,,,,,,,,,,,,,,,5,25,27,17,12,27,,26.5,26.5,53,,,,,,,,,,,,,,,,,,,,,,,,,,,,,,,,,,,,,,,,,,,,,,,,,,21.394888318427576,,2.0959517840555555,2.0959517840555555,2.1527956895343663,46.45122641509435,,,0.09151465436480066,
15:09:52.506,,,,,,,,,,,,,,,,,,,,,,,,,,,,,,,,,,,,,,,,,,,,,,,,,,,,,,,,,6.949999999999989,86,20,13.797,738.4000000000001,35.77,13.996,31,,,,,,,,,,,,,,,,,,,,,,,,,,,,,,,,,,,,,,,,,,,,,,,,,,,
15:09:52.635,,,,,,,,,,,,,,,,,,,,,,,,,,,,,,,,,,,,,,,,,,,,,,,,,,,,,,,,,,,,,,,,,0,3,,,,,,,,,,,,,,,,,,,,,,,,,,,,,,,,,,,,,,,,,,,,,,,,,
15:09:52.872,,,,,,,,,,,,,,,,,,,,,,,,,,,,,,,,,,,,,,,,,,,,,,,,,,,,,,,,,,,,,,,,,,,,,,,,,,,,,,,,,,,,,,,,,,,,,,,,,,,,,,,47.460330000000006,13.760294,53.78125,,,,,,,,,,
15:09:53.138,,,,,,,,,,,,,,,,,,,,,,,,,,,,,,,,,,,,,,,,,,,,,,,,,,,,,,,,,,,,,,,,,,,0,0,,,,,26,1,,,0,,,,,,,26,26,,,,,,,,,,,,,,,,,,,,,,,,,,,,,,
15:09:53.319,,,,,,,,,,,,,,,,,,,,,,,,,,,,,,,,,,,,,,,,,,,,,,,,,,,,,,,,,,,,,,,,,,,,,,,,,,,,,,,,,,,,,,,,-50,0,0,0,0,400,0,0,0,0,,,,,,,,,,0,,,,,,0,,
15:09:53.592,,,,,,,,,,,,,,,,,,,,,,,,,,,,,,,,,,,,,,,,,,,,,,,,,,,,,,,,,,,,,,,,,,,,,0,17,123,0,,,0,825.6,,0,0.6000000000000001,9,0,30,0,,,350,825.6,,,,,,,,,,,0,0,62,736,4.444,,,,,,,,,,,,,
15:09:53.766,,,,0,,,,20,,,,,,,,,23,22,,,,,,,,23,,,,,0,,,,,,,,,,,,,,,,,,,,,,,,,,,,,,,,,,,,,,,,,,,,,,,,,,,,,,,,,,,,,,,,,,,,,,,,,,,,,,,,,,,,
15:09:53.918,13.3,16.1,736.4,,0,0,27,,22,20,20,21,22,20,20,11.85604,,,1116.2241666666666,4018407,0,0,5.11388888888889,4.09111111111111,3.83541666666667,,1706.5,1664.8,1274.7,1203.9,,4381,0,0,734,2468,3.82,21,3.82,61,0,1116.22416666667,0,62,,,,,,,,,,,,,,,,,,,,,,,,,,,,,,,,,,,,,,,,,,,,,,,,,,,,,,,,,,,,,,,,,,,,24.6694,,,
15:09:54.097,,,,,,,,,,,,,,,,,,,,,,,,,,,,,,,,,,,,,,,,,,,,,39.5,39.5,,,,,,,36,,,,,,,,,,,,,,,,,,,,,,,,,,,,,,,,,,,,,,,,,,,,,,,,,,,,,,,,,,,,,,
15:09:54.217,,,,,,,,,,,,,,,,,,,,,,,,,,,,,,,,,,,,,,,,,,,,,,,5.5,26,27,17,12,27,,26.5,26.5,56,,,,,,,,,,,,,,,,,,,,,,,,,,,,,,,,,,,,,,,,,,,,,,,,,,21.582323656226663,,2.1258282398333335,2.1258282398333335,4.723330892945706,21.171499999999998,,,0.0695625120860107,
15:09:54.459,,,,,,,,,,,,,,,,,,,,,,,,,,,,,,,,,,,,,,,,,,,,,,,,,,,,,,,,,6.970000000000027,86,20,13.797,740.3000000000001,35.59,13.994,31,,,,,,,,,,,,,,,,,,,,,,,,,,,,,,,,,,,,,,,,,,,,,,,,,,,
15:09:54.607,,,,,,,,,,,,,,,,,,,,,,,,,,,,,,,,,,,,,,,,,,,,,,,,,,,,,,,,,,,,,,,,,2.5,3,,,,,,,,,,,,,,,,,,,,,,,,,,,,,,,,,,,,,,,,,,,,,,,,,
15:09:54.850,,,,,,,,,,,,,,,,,,,,,,,,,,,,,,,,,,,,,,,,,,,,,,,,,,,,,,,,,,,,,,,,,,,,,,,,,,,,,,,,,,,,,,,,,,,,,,,,,,,,,,,41.1615825,13.7803143,56.3125,,,,,,,,,,
15:09:55.123,,,,,,,,,,,,,,,,,,,,,,,,,,,,,,,,,,,,,,,,,,,,,,,,,,,,,,,,,,,,,,,,,,,0,0,,,,,27,1,,,0,,,,,,,27,26,,,,,,,,,,,,,,,,,,,,,,,,,,,,,,
15:09:55.296,,,,,,,,,,,,,,,,,,,,,,,,,,,,,,,,,,,,,,,,,,,,,,,,,,,,,,,,,,,,,,,,,,,,,,,,,,,,,,,,,,,,,,,,-50,0,0,0,0,400,0,0,0,0,,,,,,,,,,0,,,,,,0,,
15:09:55.573,,,,,,,,,,,,,,,,,,,,,,,,,,,,,,,,,,,,,,,,,,,,,,,,,,,,,,,,,,,,,,,,,,,,,0,17,123,0,,,0,825.6,,0,0.6000000000000001,9,0,30,0,,,350,825.6,,,,,,,,,,,0,0,62,736.6,4.444,,,,,,,,,,,,,
15:09:55.750,,,,0,,,,20,,,,,,,,,23,22,,,,,,,,23,,,,,0,,,,,,,,,,,,,,,,,,,,,,,,,,,,,,,,,,,,,,,,,,,,,,,,,,,,,,,,,,,,,,,,,,,,,,,,,,,,,,,,,,,,
15:09:55.898,13.3,14.9,736.6,,0,0,27,,22,20,20,21,22,20,20,10.97534,,,1116.2247222222222,4018409,0,0,5.11527777777778,4.09222222222222,3.83645833333333,,1706.5,1664.9,1274.7,1203.9,,4541,0,0,735,2468,3.84,24,3.82,61,0,1116.22472222222,0,62,,,,,,,,,,,,,,,,,,,,,,,,,,,,,,,,,,,,,,,,,,,,,,,,,,,,,,,,,,,,,,,,,,,,11.859260000000003,,,
15:09:56.079,,,,,,,,,,,,,,,,,,,,,,,,,,,,,,,,,,,,,,,,,,,,,39,39,,,,,,,36,,,,,,,,,,,,,,,,,,,,,,,,,,,,,,,,,,,,,,,,,,,,,,,,,,,,,,,,,,,,,,
15:09:56.202,,,,,,,,,,,,,,,,,,,,,,,,,,,,,,,,,,,,,,,,,,,,,,,5.5,26,27,17,12,27,,26.5,26.5,58,,,,,,,,,,,,,,,,,,,,,,,,,,,,,,,,,,,,,,,,,,,,,,,,,,21.785062470144116,,2.157810342055556,2.157810342055556,5.284574327537917,18.923,,,0.05061197785516091,
15:09:56.407,,,,,,,,,,,,,,,,,,,,,,,,,,,,,,,,,,,,,,,,,,,,,,,,,,,,,,,,,6.9599999999999795,86,20,13.796,740.3000000000001,35.9,14.004,31,,,,,,,,,,,,,,,,,,,,,,,,,,,,,,,,,,,,,,,,,,,,,,,,,,,
15:09:56.535,,,,,,,,,,,,,,,,,,,,,,,,,,,,,,,,,,,,,,,,,,,,,,,,,,,,,,,,,,,,,,,,,2.3000000000000003,3,,,,,,,,,,,,,,,,,,,,,,,,,,,,,,,,,,,,,,,,,,,,,,,,,
15:09:56.763,,,,,,,,,,,,,,,,,,,,,,,,,,,,,,,,,,,,,,,,,,,,,,,,,,,,,,,,,,,,,,,,,,,,,,,,,,,,,,,,,,,,,,,,,,,,,,,,,,,,,,,41.1615825,13.770548300000002,56,,,,,,,,,,
15:09:57.036,,,,,,,,,,,,,,,,,,,,,,,,,,,,,,,,,,,,,,,,,,,,,,,,,,,,,,,,,,,,,,,,,,,0,0,,,,,27,1,,,0,,,,,,,27,26,,,,,,,,,,,,,,,,,,,,,,,,,,,,,,
15:09:57.225,,,,,,,,,,,,,,,,,,,,,,,,,,,,,,,,,,,,,,,,,,,,,,,,,,,,,,,,,,,,,,,,,,,,,,,,,,,,,,,,,,,,,,,,-50,0,0,0,0,400,0,0,0,0,,,,,,,,,,0,,,,,,0,,
15:09:57.486,,,,,,,,,,,,,,,,,,,,,,,,,,,,,,,,,,,,,,,,,,,,,,,,,,,,,,,,,,,,,,,,,,,,,0,17,123,0,,,0,825.6,,0,0.6000000000000001,9,0,30,0,,,350,825.6,,,,,,,,,,,0,0,62,737.1,4.444,,,,,,,,,,,,,
15:09:57.669,,,,0,,,,20,,,,,,,,,23,22,,,,,,,,23,,,,,0,,,,,,,,,,,,,,,,,,,,,,,,,,,,,,,,,,,,,,,,,,,,,,,,,,,,,,,,,,,,,,,,,,,,,,,,,,,,,,,,,,,,
15:09:57.821,13.3,9,737.2,,0,0,27,,22,20,20,21,22,20,20,6.6348,,,1116.2252777777778,4018411,0,0,5.11944444444444,4.09555555555556,3.83958333333333,,1706.5,1664.9,1274.7,1203.9,,4659,0,0,735,2468,3.84,24,3.82,64,0,1116.22527777778,0,62,,,,,,,,,,,,,,,,,,,,,,,,,,,,,,,,,,,,,,,,,,,,,,,,,,,,,,,,,,,,,,,,,,,,10.98428,,,
15:09:57.998,,,,,,,,,,,,,,,,,,,,,,,,,,,,,,,,,,,,,,,,,,,,,39,39,,,,,,,37,,,,,,,,,,,,,,,,,,,,,,,,,,,,,,,,,,,,,,,,,,,,,,,,,,,,,,,,,,,,,,
15:09:58.117,,,,,,,,,,,,,,,,,,,,,,,,,,,,,,,,,,,,,,,,,,,,,,,5.5,26,27,17,12,27,,26.5,26.5,59,,,,,,,,,,,,,,,,,,,,,,,,,,,,,,,,,,,,,,,,,,,,,,,,,,21.983836240148907,,2.1891921814722224,2.1891921814722224,8.892506179538191,11.245423728813561,,,0.03965222985736968,
15:09:58.332,,,,,,,,,,,,,,,,,,,,,,,,,,,,,,,,,,,,,,,,,,,,,,,,,,,,,,,,,6.930000000000007,86,20,13.796,741.2,36.37,14.035,31,,,,,,,,,,,,,,,,,,,,,,,,,,,,,,,,,,,,,,,,,,,,,,,,,,,
15:09:58.482,,,,,,,,,,,,,,,,,,,,,,,,,,,,,,,,,,,,,,,,,,,,,,,,,,,,,,,,,,,,,,,,,11.9,3,,,,,,,,,,,,,,,,,,,,,,,,,,,,,,,,,,,,,,,,,,,,,,,,,
15:09:58.692,,,,,,,,,,,,,,,,,,,,,,,,,,,,,,,,,,,,,,,,,,,,,,,,,,,,,,,,,,,,,,,,,,,,,,,,,,,,,,,,,,,,,,,,,,,,,,,,,,,,,,,34.17925,13.760294,56,,,,,,,,,,
15:09:58.963,,,,,,,,,,,,,,,,,,,,,,,,,,,,,,,,,,,,,,,,,,,,,,,,,,,,,,,,,,,,,,,,,,,0,0,,,,,27,1,,,0,,,,,,,27,26,,,,,,,,,,,,,,,,,,,,,,,,,,,,,,
15:09:59.143,,,,,,,,,,,,,,,,,,,,,,,,,,,,,,,,,,,,,,,,,,,,,,,,,,,,,,,,,,,,,,,,,,,,,,,,,,,,,,,,,,,,,,,,-50,0,0,0,0,400,0,0,0,0,,,,,,,,,,0,,,,,,0,,
15:09:59.405,,,,,,,,,,,,,,,,,,,,,,,,,,,,,,,,,,,,,,,,,,,,,,,,,,,,,,,,,,,,,,,,,,,,,0,17,123,0,,,0,825.6,,0,0.6000000000000001,9,0,30,0,,,350,825.6,,,,,,,,,,,0,0,62,739,4.443,,,,,,,,,,,,,
15:09:59.591,,,,0,,,,20,,,,,,,,,23,22,,,,,,,,23,,,,,0,,,,,,,,,,,,,,,,,,,,,,,,,,,,,,,,,,,,,,,,,,,,,,,,,,,,,,,,,,,,,,,,,,,,,,,,,,,,,,,,,,,,
15:09:59.738,13.3,-15.4,739.7,,0,0,27,,22,20,20,21,22,20,20,-11.39138,,,1116.2258333333334,4018413,0,0,5.13680555555556,4.10944444444444,3.85260416666667,,1706.5,1664.9,1274.7,1203.9,,4593,0,0,738,2468,3.84,12,3.84,64,0,1116.22583333333,0,62,,,,,,,,,,,,,,,,,,,,,,,,,,,,,,,,,,,,,,,,,,,,,,,,,,,,,,,,,,,,,,,,,,,,-11.391380000000002,,,
15:09:59.919,,,,,,,,,,,,,,,,,,,,,,,,,,,,,,,,,,,,,,,,,,,,,39,39,,,,,,,37,,,,,,,,,,,,,,,,,,,,,,,,,,,,,,,,,,,,,,,,,,,,,,,,,,,,,,,,,,,,,,
15:10:00.070,,,,,,,,,,,,,,,,,,,,,,,,,,,,,,,,,,,,,,,,,,,,,,,5.5,26,27,17,12,27,,26.5,26.5,57,,,,,,,,,,,,,,,,,,,,,,,,,,,,,,,,,,,,,,,,,,,,,,,,,,22.173537367640883,,2.2201101895555557,2.2201101895555557,-5.003783562658782,-19.984877192982456,,,,
15:10:00.277,,,,,,,,,,,,,,,,,,,,,,,,,,,,,,,,,,,,,,,,,,,,,,,,,,,,,,,,,7.199999999999989,86,20,13.812999999999999,745.9000000000001,40.44,13.994,31,,,,,,,,,,,,,,,,,,,,,,,,,,,,,,,,,,,,,,,,,,,,,,,,,,,
15:10:00.405,,,,,,,,,,,,,,,,,,,,,,,,,,,,,,,,,,,,,,,,,,,,,,,,,,,,,,,,,,,,,,,,,7.4,3,,,,,,,,,,,,,,,,,,,,,,,,,,,,,,,,,,,,,,,,,,,,,,,,,
15:10:00.634,,,,,,,,,,,,,,,,,,,,,,,,,,,,,,,,,,,,,,,,,,,,,,,,,,,,,,,,,,,,,,,,,,,,,,,,,,,,,,,,,,,,,,,,,,,,,,,,,,,,,,,13.9158375,13.739785399999999,56.3125,,,,,,,,,,
15:10:00.911,,,,,,,,,,,,,,,,,,,,,,,,,,,,,,,,,,,,,,,,,,,,,,,,,,,,,,,,,,,,,,,,,,,0,0,,,,,27,1,,,0,,,,,,,27,26,,,,,,,,,,,,,,,,,,,,,,,,,,,,,,
15:10:01.087,,,,,,,,,,,,,,,,,,,,,,,,,,,,,,,,,,,,,,,,,,,,,,,,,,,,,,,,,,,,,,,,,,,,,,,,,,,,,,,,,,,,,,,,-50,0,0,0,0,400,0,0,0,0,,,,,,,,,,0,,,,,,0,,
15:10:01.354,,,,,,,,,,,,,,,,,,,,,,,,,,,,,,,,,,,,,,,,,,,,,,,,,,,,,,,,,,,,,,,,,,,,,0,17,123,0,,,0,825.6,,0,0.6000000000000001,9,0,30,0,,,350,825.6,,,,,,,,,,,0,0,62,743,4.443,,,,,,,,,,,,,
15:10:01.545,,,,0,,,,20,,,,,,,,,23,22,,,,,,,,23,,,,,0,,,,,,,,,,,,,,,,,,,,,,,,,,,,,,,,,,,,,,,,,,,,,,,,,,,,,,,,,,,,,,,,,,,,,,,,,,,,,,,,,,,,
15:10:01.688,13.3,-44.4,743,,0,0,27,,22,20,20,21,22,20,20,-32.9892,,,1116.2263888888888,4018415,0,0,5.15972222222222,4.12777777777778,3.86979166666667,,1706.5,1664.9,1274.7,1203.9,,4088,0,0,741,2458,3.86,21,3.86,78,0,1116.22638888889,0,62,,,,,,,,,,,,,,,,,,,,,,,,,,,,,,,,,,,,,,,,,,,,,,,,,,,,,,,,,,,,,,,,,,,,-32.9892,,,
15:10:01.867,,,,,,,,,,,,,,,,,,,,,,,,,,,,,,,,,,,,,,,,,,,,,38.5,38.5,,,,,,,37,,,,,,,,,,,,,,,,,,,,,,,,,,,,,,,,,,,,,,,,,,,,,,,,,,,,,,,,,,,,,,
15:10:01.987,,,,,,,,,,,,,,,,,,,,,,,,,,,,,,,,,,,,,,,,,,,,,,,5.5,25,27,17,11.5,27,,26.5,26.5,50,,,,,,,,,,,,,,,,,,,,,,,,,,,,,,,,,,,,,,,,,,,,,,,,,,22.32084722604062,,2.2467538395555557,2.2467538395555557,-1.5156475452572358,-65.9784,,,,
15:10:02.200,,,,,,,,,,,,,,,,,,,,,,,,,,,,,,,,,,,,,,,,,,,,,,,,,,,,,,,,,6.840000000000032,86,20,13.789000000000001,745.7,40.45,14.031,31,,,,,,,,,,,,,,,,,,,,,,,,,,,,,,,,,,,,,,,,,,,,,,,,,,,
15:10:02.345,,,,,,,,,,,,,,,,,,,,,,,,,,,,,,,,,,,,,,,,,,,,,,,,,,,,,,,,,,,,,,,,,4.3,3,,,,,,,,,,,,,,,,,,,,,,,,,,,,,,,,,,,,,,,,,,,,,,,,,
15:10:02.557,,,,,,,,,,,,,,,,,,,,,,,,,,,,,,,,,,,,,,,,,,,,,,,,,,,,,,,,,,,,,,,,,,,,,,,,,,,,,,,,,,,,,,,,,,,,,,,,,,,,,,,18.4079675,13.7515046,49.5625,,,,,,,,,,
15:10:02.858,,,,,,,,,,,,,,,,,,,,,,,,,,,,,,,,,,,,,,,,,,,,,,,,,,,,,,,,,,,,,,,,,,,0,0,,,,,26,1,,,0,,,,,,,26,26,,,,,,,,,,,,,,,,,,,,,,,,,,,,,,
15:10:03.043,,,,,,,,,,,,,,,,,,,,,,,,,,,,,,,,,,,,,,,,,,,,,,,,,,,,,,,,,,,,,,,,,,,,,,,,,,,,,,,,,,,,,,,,-50,0,0,0,0,400,0,0,0,0,,,,,,,,,,0,,,,,,0,,
15:10:03.336,,,,,,,,,,,,,,,,,,,,,,,,,,,,,,,,,,,,,,,,,,,,,,,,,,,,,,,,,,,,,,,,,,,,,0,17,123,0,,,0,825.6,,0,0.6000000000000001,9,0,30,0,,,350,825.6,,,,,,,,,,,0,0,62,742.3000000000001,4.443,,,,,,,,,,,,,
15:10:03.517,,,,0,,,,20,,,,,,,,,23,22,,,,,,,,23,,,,,0,,,,,,,,,,,,,,,,,,,,,,,,,,,,,,,,,,,,,,,,,,,,,,,,,,,,,,,,,,,,,,,,,,,,,,,,,,,,,,,,,,,,
15:10:03.698,13.3,-31.6,742.3,,0,0,27,,22,20,20,21,22,20,20,-23.45668,,,1116.2269444444444,4018417,0,0,5.15486111111111,4.12388888888889,3.86614583333333,,1706.6,1664.9,1274.7,1203.9,,3658,0,0,741,2458,3.86,24,3.86,64,0,1116.22694444444,0,62,,,,,,,,,,,,,,,,,,,,,,,,,,,,,,,,,,,,,,,,,,,,,,,,,,,,,,,,,,,,,,,,,,,,-23.45668,,,
15:10:03.877,,,,,,,,,,,,,,,,,,,,,,,,,,,,,,,,,,,,,,,,,,,,,38.5,38.5,,,,,,,37,,,,,,,,,,,,,,,,,,,,,,,,,,,,,,,,,,,,,,,,,,,,,,,,,,,,,,,,,,,,,,
15:10:04.064,,,,,,,,,,,,,,,,,,,,,,,,,,,,,,,,,,,,,,,,,,,,,,,5.5,25,27,17,11.5,27,,26.5,26.5,45,,,,,,,,,,,,,,,,,,,,,,,,,,,,,,,,,,,,,,,,,,,,,,,,,,22.45003240354321,,2.272702720805556,2.272702720805556,-1.9184300591558567,-52.12595555555556,,,-0.046837819156738576,
15:10:04.329,,,,,,,,,,,,,,,,,,,,,,,,,,,,,,,,,,,,,,,,,,,,,,,,,,,,,,,,,6.829999999999984,86,20,13.789000000000001,746.3000000000001,40.56,14.012,31,,,,,,,,,,,,,,,,,,,,,,,,,,,,,,,,,,,,,,,,,,,,,,,,,,,
15:10:04.476,,,,,,,,,,,,,,,,,,,,,,,,,,,,,,,,,,,,,,,,,,,,,,,,,,,,,,,,,,,,,,,,,7.5,3,,,,,,,,,,,,,,,,,,,,,,,,,,,,,,,,,,,,,,,,,,,,,,,,,
15:10:04.718,,,,,,,,,,,,,,,,,,,,,,,,,,,,,,,,,,,,,,,,,,,,,,,,,,,,,,,,,,,,,,,,,,,,,,,,,,,,,,,,,,,,,,,,,,,,,,,,,,,,,,,0,13.7422269,40,,,,,,,,,,
15:10:05.018,,,,,,,,,,,,,,,,,,,,,,,,,,,,,,,,,,,,,,,,,,,,,,,,,,,,,,,,,,,,,,,,,,,0,0,,,,,27,1,,,0,,,,,,,27,26,,,,,,,,,,,,,,,,,,,,,,,,,,,,,,
15:10:05.225,,,,,,,,,,,,,,,,,,,,,,,,,,,,,,,,,,,,,,,,,,,,,,,,,,,,,,,,,,,,,,,,,,,,,,,,,,,,,,,,,,,,,,,,-50,0,0,0,0,400,0,0,0,0,,,,,,,,,,0,,,,,,0,,
15:10:05.504,,,,,,,,,,,,,,,,,,,,,,,,,,,,,,,,,,,,,,,,,,,,,,,,,,,,,,,,,,,,,,,,,,,,,0,17,123,0,,,0,825.6,,0,0.6000000000000001,9,0,30,0,,,350,825.6,,,,,,,,,,,0,0,62,744.4000000000001,4.442,,,,,,,,,,,,,
15:10:05.679,,,,0,,,,20,,,,,,,,,23,22,,,,,,,,23,,,,,0,,,,,,,,,,,,,,,,,,,,,,,,,,,,,,,,,,,,,,,,,,,,,,,,,,,,,,,,,,,,,,,,,,,,,,,,,,,,,,,,,,,,
15:10:05.864,13.3,-46.7,744.2,,0,0,27,,22,20,20,21,22,20,20,-34.75414,,,1116.2275,4018419,0,0,5.16805555555556,4.13444444444444,3.87604166666667,,1706.6,1664.9,1274.8,1203.9,,2921,0,0,742,2458,3.86,12,3.86,61,0,1116.2275,0,62,,,,,,,,,,,,,,,,,,,,,,,,,,,,,,,,,,,,,,,,,,,,,,,,,,,,,,,,,,,,,,,,,,,,-23.51672,,,
15:10:06.036,,,,,,,,,,,,,,,,,,,,,,,,,,,,,,,,,,,,,,,,,,,,,38.5,38.5,,,,,,,37,,,,,,,,,,,,,,,,,,,,,,,,,,,,,,,,,,,,,,,,,,,,,,,,,,,,,,,,,,,,,,
15:10:06.157,,,,,,,,,,,,,,,,,,,,,,,,,,,,,,,,,,,,,,,,,,,,,,,5.5,24,27,17,11.5,27,,26.5,26.5,35,,,,,,,,,,,,,,,,,,,,,,,,,,,,,,,,,,,,,,,,,,,,,,,,,,22.521701783466703,,2.2930530916388894,2.2930530916388894,-1.0070742651091351,-99.29754285714287,,,-0.08455223706039906,
15:10:06.367,,,,,,,,,,,,,,,,,,,,,,,,,,,,,,,,,,,,,,,,,,,,,,,,,,,,,,,,,6.819999999999993,86,20,13.786999999999999,747.2,40.8,14.024,31,,,,,,,,,,,,,,,,,,,,,,,,,,,,,,,,,,,,,,,,,,,,,,,,,,,
15:10:06.490,,,,,,,,,,,,,,,,,,,,,,,,,,,,,,,,,,,,,,,,,,,,,,,,,,,,,,,,,,,,,,,,,1.1,3,,,,,,,,,,,,,,,,,,,,,,,,,,,,,,,,,,,,,,,,,,,,,,,,,
15:10:06.728,,,,,,,,,,,,,,,,,,,,,,,,,,,,,,,,,,,,,,,,,,,,,,,,,,,,,,,,,,,,,,,,,,,,,,,,,,,,,,,,,,,,,,,,,,,,,,,,,,,,,,,0,13.7495514,33.46875,,,,,,,,,,
15:10:07.054,,,,,,,,,,,,,,,,,,,,,,,,,,,,,,,,,,,,,,,,,,,,,,,,,,,,,,,,,,,,,,,,,,,0,0,,,,,26,1,,,0,,,,,,,26,26,,,,,,,,,,,,,,,,,,,,,,,,,,,,,,
15:10:07.238,,,,,,,,,,,,,,,,,,,,,,,,,,,,,,,,,,,,,,,,,,,,,,,,,,,,,,,,,,,,,,,,,,,,,,,,,,,,,,,,,,,,,,,,-50,0,0,0,0,400,0,0,0,0,,,,,,,,,,0,,,,,,0,,
15:10:07.538,,,,,,,,,,,,,,,,,,,,,,,,,,,,,,,,,,,,,,,,,,,,,,,,,,,,,,,,,,,,,,,,,,,,,0,17,123,0,,,0,825.6,,0,0.6000000000000001,9,0,30,0,,,350,825.6,,,,,,,,,,,0,0,62,743.5,4.444,,,,,,,,,,,,,
15:10:07.716,,,,0,,,,20,,,,,,,,,23,22,,,,,,,,23,,,,,0,,,,,,,,,,,,,,,,,,,,,,,,,,,,,,,,,,,,,,,,,,,,,,,,,,,,,,,,,,,,,,,,,,,,,,,,,,,,,,,,,,,,
15:10:07.906,13.3,-32.9,743.3,,0,0,27,,22,20,20,21,22,20,20,-24.45457,,,1116.2280555555556,4018421,0,0,5.16180555555556,4.12944444444444,3.87135416666667,,1706.6,1664.9,1274.8,1203.9,,2091,0,0,741,2458,3.86,23,3.86,64,0,1116.22805555556,0,62,,,,,,,,,,,,,,,,,,,,,,,,,,,,,,,,,,,,,,,,,,,,,,,,,,,,,,,,,,,,,,,,,,,,-24.454569999999997,,,
15:10:08.080,,,,,,,,,,,,,,,,,,,,,,,,,,,,,,,,,,,,,,,,,,,,,38,38,,,,,,,38,,,,,,,,,,,,,,,,,,,,,,,,,,,,,,,,,,,,,,,,,,,,,,,,,,,,,,,,,,,,,,
15:10:08.198,,,,,,,,,,,,,,,,,,,,,,,,,,,,,,,,,,,,,,,,,,,,,,,5,24,27,17,11.5,27,,26.5,26.5,24,,,,,,,,,,,,,,,,,,,,,,,,,,,,,,,,,,,,,,,,,,,,,,,,,,22.52988591200896,,2.3066563089722227,2.3066563089722227,-0.9814116543451796,-101.89404166666667,,,-0.11500196116259334,
15:10:08.413,,,,,,,,,,,,,,,,,,,,,,,,,,,,,,,,,,,,,,,,,,,,,,,,,,,,,,,,,6.800000000000011,86,20,13.786000000000001,747,40.79,14.01,31,,,,,,,,,,,,,,,,,,,,,,,,,,,,,,,,,,,,,,,,,,,,,,,,,,,
15:10:08.557,,,,,,,,,,,,,,,,,,,,,,,,,,,,,,,,,,,,,,,,,,,,,,,,,,,,,,,,,,,,,,,,,1.2000000000000002,3,,,,,,,,,,,,,,,,,,,,,,,,,,,,,,,,,,,,,,,,,,,,,,,,,
15:10:08.800,,,,,,,,,,,,,,,,,,,,,,,,,,,,,,,,,,,,,,,,,,,,,,,,,,,,,,,,,,,,,,,,,,,,,,,,,,,,,,,,,,,,,,,,,,,,,,,,,,,,,,,0,13.750528,21.875,,,,,,,,,,
15:10:09.102,,,,,,,,,,,,,,,,,,,,,,,,,,,,,,,,,,,,,,,,,,,,,,,,,,,,,,,,,,,,,,,,,,,0,0,,,,,27,1,,,0,,,,,,,27,26,,,,,,,,,,,,,,,,,,,,,,,,,,,,,,
15:10:09.282,,,,,,,,,,,,,,,,,,,,,,,,,,,,,,,,,,,,,,,,,,,,,,,,,,,,,,,,,,,,,,,,,,,,,,,,,,,,,,,,,,,,,,,,-50,0,0,0,0,400,0,0,0,0,,,,,,,,,,0,,,,,,0,,
15:10:09.575,,,,,,,,,,,,,,,,,,,,,,,,,,,,,,,,,,,,,,,,,,,,,,,,,,,,,,,,,,,,,,,,,,,,,0,17,123,0,,,0,825.6,,0,0.6000000000000001,9,0,30,0,,,350,825.6,,,,,,,,,,,0,0,62,742.9000000000001,4.443,,,,,,,,,,,,,
15:10:09.761,,,,0,,,,20,,,,,,,,,23,22,,,,,,,,23,,,,,0,,,,,,,,,,,,,,,,,,,,,,,,,,,,,,,,,,,,,,,,,,,,,,,,,,,,,,,,,,,,,,,,,,,,,,,,,,,,,,,,,,,,
15:10:09.908,13.3,-18.3,742.1,,0,0,27,,22,20,20,21,22,20,20,-13.58043,,,1116.2286111111111,4018423,0,0,5.15347222222222,4.12277777777778,3.86510416666667,,1706.6,1664.9,1274.8,1203.9,,1085,0,0,740,2477,3.86,24,3.86,61,0,1116.22861111111,0,62,,,,,,,,,,,,,,,,,,,,,,,,,,,,,,,,,,,,,,,,,,,,,,,,,,,,,,,,,,,,,,,,,,,,-13.58043,,,
15:10:10.146,,,,,,,,,,,,,,,,,,,,,,,,,,,,,,,,,,,,,,,,,,,,,38,38,,,,,,,38,,,,,,,,,,,,,,,,,,,,,,,,,,,,,,,,,,,,,,,,,,,,,,,,,,,,,,,,,,,,,,
15:10:10.330,,,,,,,,,,,,,,,,,,,,,,,,,,,,,,,,,,,,,,,,,,,,,,,5,23,27,17,11,27,,26.5,26.5,11,,,,,,,,,,,,,,,,,,,,,,,,,,,,,,,,,,,,,,,,,,,,,,,,,,22.46343899145012,,2.3131842562222227,2.3131842562222227,-0.8099890798744959,-123.45845454545454,,,-0.13241799610192242,
15:10:10.571,,,,,,,,,,,,,,,,,,,,,,,,,,,,,,,,,,,,,,,,,,,,,,,,,,,,,,,,,6.9599999999999795,86,20,13.803,744.5,40.94,14.032,31,,,,,,,,,,,,,,,,,,,,,,,,,,,,,,,,,,,,,,,,,,,,,,,,,,,
15:10:10.685,,,,,,,,,,,,,,,,,,,,,,,,,,,,,,,,,,,,,,,,,,,,,,,,,,,,,,,,,,,,,,,,,0.6000000000000001,3,,,,,,,,,,,,,,,,,,,,,,,,,,,,,,,,,,,,,,,,,,,,,,,,,
15:10:10.932,,,,,,,,,,,,,,,,,,,,,,,,,,,,,,,,,,,,,,,,,,,,,,,,,,,,,,,,,,,,,,,,,,,,,,,,,,,,,,,,,,,,,,,,,,,,,,,,,,,,,,,0,13.7588291,8.609375,,,,,,,,,,
15:10:11.253,,,,,,,,,,,,,,,,,,,,,,,,,,,,,,,,,,,,,,,,,,,,,,,,,,,,,,,,,,,,,,,,,,,0,0,,,,,27,1,,,0,,,,,,,27,26,,,,,,,,,,,,,,,,,,,,,,,,,,,,,,
15:10:11.438,,,,,,,,,,,,,,,,,,,,,,,,,,,,,,,,,,,,,,,,,,,,,,,,,,,,,,,,,,,,,,,,,,,,,,,,,,,,,,,,,,,,,,,,-50,0,0,0,0,400,0,0,0,0,,,,,,,,,,0,,,,,,0,,
15:10:11.737,,,,,,,,,,,,,,,,,,,,,,,,,,,,,,,,,,,,,,,,,,,,,,,,,,,,,,,,,,,,,,,,,,,,,0,17,123,0,,,0,825.6,,0,0.6000000000000001,9,0,30,0,,,350,825.6,,,,,,,,,,,0,0,62,740.7,4.444,,,,,,,,,,,,,
15:10:11.918,,,,0,,,,20,,,,,,,,,23,22,,,,,,,,23,,,,,0,,,,,,,,,,,,,,,,,,,,,,,,,,,,,,,,,,,,,,,,,,,,,,,,,,,,,,,,,,,,,,,,,,,,,,,,,,,,,,,,,,,,
15:10:12.065,13.3,-0.9,740.4,,0,0,27,,22,20,20,21,22,20,20,-0.66636,,,1116.2291666666667,4018425,0,0,5.14166666666667,4.11333333333333,3.85625,,1706.6,1664.9,1274.8,1203.9,,203,0,0,738,2477,3.84,24,3.84,2,0,1116.22916666667,0,62,,,,,,,,,,,,,,,,,,,,,,,,,,,,,,,,,,,,,,,,,,,,,,,,,,,,,,,,,,,,,,,,,,,,-13.54932,,,
15:10:12.247,,,,,,,,,,,,,,,,,,,,,,,,,,,,,,,,,,,,,,,,,,,,,38.5,38.5,,,,,,,38,,,,,,,,,,,,,,,,,,,,,,,,,,,,,,,,,,,,,,,,,,,,,,,,,,,,,,,,,,,,,,
15:10:12.367,,,,,,,,,,,,,,,,,,,,,,,,,,,,,,,,,,,,,,,,,,,,,,,5,23,27,17,11,27,,26.5,26.5,1,,,,,,,,,,,,,,,,,,,,,,,,,,,,,,,,,,,,,,,,,,,,,,,,,,22.34641261886544,,2.3137487934722225,2.3137487934722225,-1.5006903175460713,-66.636,,,-0.1501153303981207,
15:10:12.606,,,,,,,,,,,,,,,,,,,,,,,,,,,,,,,,,,,,,,,,,,,,,,,,,,,,,,,,,6.600000000000023,86,20,13.789000000000001,744,40.78,14.022,31,,,,,,,,,,,,,,,,,,,,,,,,,,,,,,,,,,,,,,,,,,,,,,,,,,,
15:10:12.755,,,,,,,,,,,,,,,,,,,,,,,,,,,,,,,,,,,,,,,,,,,,,,,,,,,,,,,,,,,,,,,,,-5.9,3,,,,,,,,,,,,,,,,,,,,,,,,,,,,,,,,,,,,,,,,,,,,,,,,,
15:10:13.028,,,,,,,,,,,,,,,,,,,,,,,,,,,,,,,,,,,,,,,,,,,,,,,,,,,,,,,,,,,,,,,,,,,,,,,,,,,,,,,,,,,,,,,,,,,,,,,,,,,,,,,9.765500000000001,13.760294,0.5,,,,,,,,,,
15:10:13.329,,,,,,,,,,,,,,,,,,,,,,,,,,,,,,,,,,,,,,,,,,,,,,,,,,,,,,,,,,,,,,,,,,,0,0,,,,,27,1,,,0,,,,,,,27,26,,,,,,,,,,,,,,,,,,,,,,,,,,,,,,
15:10:13.509,,,,,,,,,,,,,,,,,,,,,,,,,,,,,,,,,,,,,,,,,,,,,,,,,,,,,,,,,,,,,,,,,,,,,,,,,,,,,,,,,,,,,,,,-50,0,0,0,0,400,0,0,0,0,,,,,,,,,,0,,,,,,0,,
15:10:13.779,,,,,,,,,,,,,,,,,,,,,,,,,,,,,,,,,,,,,,,,,,,,,,,,,,,,,,,,,,,,,,,,,,,,,0,17,123,0,,,0,825.6,,0,0.6000000000000001,9,0,30,0,,,350,825.6,,,,,,,,,,,0,0,62,740,4.444,,,,,,,,,,,,,
15:10:13.956,,,,0,,,,20,,,,,,,,,23,22,,,,,,,,23,,,,,0,,,,,,,,,,,,,,,,,,,,,,,,,,,,,,,,,,,,,,,,,,,,,,,,,,,,,,,,,,,,,,,,,,,,,,,,,,,,,,,,,,,,
15:10:14.110,13.3,1.5,740,,0,0,27,,22,20,20,21,22,20,20,1.11,,,1116.23,4018428,0,0,5.13888888888889,4.11111111111111,3.85416666666667,,1706.6,1664.9,1274.8,1203.9,,92,0,0,738,2477,3.84,24,3.84,2,0,1116.23,0,62,,,,,,,,,,,,,,,,,,,,,,,,,,,,,,,,,,,,,,,,,,,,,,,,,,,,,,,,,,,,,,,,,,,,1.11,,,
15:10:14.286,,,,,,,,,,,,,,,,,,,,,,,,,,,,,,,,,,,,,,,,,,,,,38.5,38.5,,,,,,,38,,,,,,,,,,,,,,,,,,,,,,,,,,,,,,,,,,,,,,,,,,,,,,,,,,,,,,,,,,,,,,
15:10:14.408,,,,,,,,,,,,,,,,,,,,,,,,,,,,,,,,,,,,,,,,,,,,,,,5,22,27,17,10.5,27,,26.5,26.5,1,,,,,,,,,,,,,,,,,,,,,,,,,,,,,,,,,,,,,,,,,,,,,,,,,,22.23012999615718,,2.3143159071944446,2.3143159071944446,0.9009009009009008,111.00000000000001,,,-0.11672769756861452,
15:10:14.707,,,,,,,,,,,,,,,,,,,,,,,,,,,,,,,,,,,,,,,,,,,,,,,,,,,,,,,,,6.980000000000018,86,20,13.811,744,35.69,14.033,31,,,,,,,,,,,,,,,,,,,,,,,,,,,,,,,,,,,,,,,,,,,,,,,,,,,
15:10:14.830,,,,,,,,,,,,,,,,,,,,,,,,,,,,,,,,,,,,,,,,,,,,,,,,,,,,,,,,,,,,,,,,,1.8,3,,,,,,,,,,,,,,,,,,,,,,,,,,,,,,,,,,,,,,,,,,,,,,,,,
15:10:15.038,,,,,,,,,,,,,,,,,,,,,,,,,,,,,,,,,,,,,,,,,,,,,,,,,,,,,,,,,,,,,,,,,,,,,,,,,,,,,,,,,,,,,,,,,,,,,,,,,,,,,,,26.562160000000002,13.770548300000002,0,,,,,,,,,,
15:10:15.306,,,,,,,,,,,,,,,,,,,,,,,,,,,,,,,,,,,,,,,,,,,,,,,,,,,,,,,,,,,,,,,,,,,0,0,,,,,27,1,,,0,,,,,,,27,26,,,,,,,,,,,,,,,,,,,,,,,,,,,,,,
15:10:15.490,,,,,,,,,,,,,,,,,,,,,,,,,,,,,,,,,,,,,,,,,,,,,,,,,,,,,,,,,,,,,,,,,,,,,,,,,,,,,,,,,,,,,,,,-50,0,0,0,0,400,0,0,0,0,,,,,,,,,,0,,,,,,0,,
15:10:15.761,,,,,,,,,,,,,,,,,,,,,,,,,,,,,,,,,,,,,,,,,,,,,,,,,,,,,,,,,,,,,,,,,,,,,0,17,123,0,,,0,825.6,,0,0.6000000000000001,9,0,30,0,,,350,825.6,,,,,,,,,,,0,0,62,739.9000000000001,4.444,,,,,,,,,,,,,
15:10:15.971,,,,0,,,,20,,,,,,,,,23,22,,,,,,,,23,,,,,0,,,,,,,,,,,,,,,,,,,,,,,,,,,,,,,,,,,,,,,,,,,,,,,,,,,,,,,,,,,,,,,,,,,,,,,,,,,,,,,,,,,,
15:10:16.119,13.3,2.7,739.7,,0,0,27,,22,20,20,21,22,20,20,1.99719,,,1116.2305555555556,4018430,0,0,5.13680555555556,4.10944444444444,3.85260416666667,,1706.6,1664.9,1274.8,1203.9,,308,0,0,738,2477,3.84,24,3.84,78,0,1116.23055555556,0,62,,,,,,,,,,,,,,,,,,,,,,,,,,,,,,,,,,,,,,,,,,,,,,,,,,,,,,,,,,,,,,,,,,,,1.9971900000000002,,,
15:10:16.301,,,,,,,,,,,,,,,,,,,,,,,,,,,,,,,,,,,,,,,,,,,,,38.5,38.5,,,,,,,38,,,,,,,,,,,,,,,,,,,,,,,,,,,,,,,,,,,,,,,,,,,,,,,,,,,,,,,,,,,,,,
15:10:16.418,,,,,,,,,,,,,,,,,,,,,,,,,,,,,,,,,,,,,,,,,,,,,,,4.5,22,27,17,10.5,27,,26.5,26.5,4,,,,,,,,,,,,,,,,,,,,,,,,,,,,,,,,,,,,,,,,,,,,,,,,,,22.132770331059508,,2.3165518274166668,2.3165518274166668,2.002813953604815,49.92975,,,,
15:10:16.632,,,,,,,,,,,,,,,,,,,,,,,,,,,,,,,,,,,,,,,,,,,,,,,,,,,,,,,,,6.9599999999999795,86,20,13.812000000000001,742.2,36.39,14.004,31,,,,,,,,,,,,,,,,,,,,,,,,,,,,,,,,,,,,,,,,,,,,,,,,,,,
15:10:16.756,,,,,,,,,,,,,,,,,,,,,,,,,,,,,,,,,,,,,,,,,,,,,,,,,,,,,,,,,,,,,,,,,1,3,,,,,,,,,,,,,,,,,,,,,,,,,,,,,,,,,,,,,,,,,,,,,,,,,
15:10:16.958,,,,,,,,,,,,,,,,,,,,,,,,,,,,,,,,,,,,,,,,,,,,,,,,,,,,,,,,,,,,,,,,,,,,,,,,,,,,,,,,,,,,,,,,,,,,,,,,,,,,,,,51.3177025,13.770548300000002,4,,,,,,,,,,
15:10:17.262,,,,,,,,,,,,,,,,,,,,,,,,,,,,,,,,,,,,,,,,,,,,,,,,,,,,,,,,,,,,,,,,,,,0,0,,,,,27,1,,,0,,,,,,,27,26,,,,,,,,,,,,,,,,,,,,,,,,,,,,,,
15:10:17.440,,,,,,,,,,,,,,,,,,,,,,,,,,,,,,,,,,,,,,,,,,,,,,,,,,,,,,,,,,,,,,,,,,,,,,,,,,,,,,,,,,,,,,,,-50,0,0,0,0,400,0,0,0,0,,,,,,,,,,0,,,,,,0,,
15:10:17.708,,,,,,,,,,,,,,,,,,,,,,,,,,,,,,,,,,,,,,,,,,,,,,,,,,,,,,,,,,,,,,,,,,,,,0,17,123,0,,,0,825.6,,0,0.6000000000000001,9,0,30,0,,,350,825.6,,,,,,,,,,,0,0,62,739,4.444,,,,,,,,,,,,,
15:10:17.888,,,,0,,,,20,,,,,,,,,23,22,,,,,,,,23,,,,,0,,,,,,,,,,,,,,,,,,,,,,,,,,,,,,,,,,,,,,,,,,,,,,,,,,,,,,,,,,,,,,,,,,,,,,,,,,,,,,,,,,,,
15:10:18.072,13.3,14.1,738.6,,0,0,27,,22,20,20,21,22,20,20,10.41426,,,1116.2308333333333,4018431,0,0,5.12916666666667,4.10333333333333,3.846875,,1706.6,1664.9,1274.8,1203.9,,978,0,0,737,2477,3.84,12,3.84,2,0,1116.23083333333,0,62,,,,,,,,,,,,,,,,,,,,,,,,,,,,,,,,,,,,,,,,,,,,,,,,,,,,,,,,,,,,,,,,,,,,1.9942200000000003,,,
15:10:18.245,,,,,,,,,,,,,,,,,,,,,,,,,,,,,,,,,,,,,,,,,,,,,38.5,38.5,,,,,,,39,,,,,,,,,,,,,,,,,,,,,,,,,,,,,,,,,,,,,,,,,,,,,,,,,,,,,,,,,,,,,,
15:10:18.367,,,,,,,,,,,,,,,,,,,,,,,,,,,,,,,,,,,,,,,,,,,,,,,4.5,22,27,17,10.5,27,,26.5,26.5,14,,,,,,,,,,,,,,,,,,,,,,,,,,,,,,,,,,,,,,,,,,,,,,,,,,22.09097200990773,,2.3241217363055555,2.3241217363055555,1.3443105895186023,74.38757142857143,,,,
15:10:18.608,,,,,,,,,,,,,,,,,,,,,,,,,,,,,,,,,,,,,,,,,,,,,,,,,,,,,,,,,6.949999999999989,86,20,13.812000000000001,741.1,36.35,14.03,31,,,,,,,,,,,,,,,,,,,,,,,,,,,,,,,,,,,,,,,,,,,,,,,,,,,
15:10:18.760,,,,,,,,,,,,,,,,,,,,,,,,,,,,,,,,,,,,,,,,,,,,,,,,,,,,,,,,,,,,,,,,,-0.7000000000000001,3,,,,,,,,,,,,,,,,,,,,,,,,,,,,,,,,,,,,,,,,,,,,,,,,,
15:10:19.008,,,,,,,,,,,,,,,,,,,,,,,,,,,,,,,,,,,,,,,,,,,,,,,,,,,,,,,,,,,,,,,,,,,,,,,,,,,,,,,,,,,,,,,,,,,,,,,,,,,,,,,51.122392500000004,13.779337700000001,16.703125,,,,,,,,,,
15:10:19.301,,,,,,,,,,,,,,,,,,,,,,,,,,,,,,,,,,,,,,,,,,,,,,,,,,,,,,,,,,,,,,,,,,,0,0,,,,,27,1,,,0,,,,,,,27,26,,,,,,,,,,,,,,,,,,,,,,,,,,,,,,
15:10:19.479,,,,,,,,,,,,,,,,,,,,,,,,,,,,,,,,,,,,,,,,,,,,,,,,,,,,,,,,,,,,,,,,,,,,,,,,,,,,,,,,,,,,,,,,-50,0,0,0,0,400,0,0,0,0,,,,,,,,,,0,,,,,,0,,
15:10:19.748,,,,,,,,,,,,,,,,,,,,,,,,,,,,,,,,,,,,,,,,,,,,,,,,,,,,,,,,,,,,,,,,,,,,,0,17,123,0,,,0,825.6,,0,0.6000000000000001,9,0,30,0,,,350,825.6,,,,,,,,,,,0,0,62,738.4000000000001,4.443,,,,,,,,,,,,,
15:10:19.927,,,,0,,,,20,,,,,,,,,23,22,,,,,,,,23,,,,,0,,,,,,,,,,,,,,,,,,,,,,,,,,,,,,,,,,,,,,,,,,,,,,,,,,,,,,,,,,,,,,,,,,,,,,,,,,,,,,,,,,,,
15:10:20.084,13.3,12.4,738.5,,0,0,27,,22,20,20,21,22,20,20,9.1574,,,1116.231388888889,4018433,0,0,5.12847222222222,4.10277777777778,3.84635416666667,,1706.6,1664.9,1274.8,1203.9,,1644,0,0,736,2476,3.84,24,3.84,61,0,1116.23138888889,0,62,,,,,,,,,,,,,,,,,,,,,,,,,,,,,,,,,,,,,,,,,,,,,,,,,,,,,,,,,,,,,,,,,,,,10.41285,,,
15:10:20.290,,,,,,,,,,,,,,,,,,,,,,,,,,,,,,,,,,,,,,,,,,,,,38.5,38.5,,,,,,,39,,,,,,,,,,,,,,,,,,,,,,,,,,,,,,,,,,,,,,,,,,,,,,,,,,,,,,,,,,,,,,
15:10:20.407,,,,,,,,,,,,,,,,,,,,,,,,,,,,,,,,,,,,,,,,,,,,,,,4.5,23,27,17,10,27,,26.5,26.5,21,,,,,,,,,,,,,,,,,,,,,,,,,,,,,,,,,,,,,,,,,,,,,,,,,,22.085128605468768,,2.336019276388889,2.336019276388889,2.2932273352698362,43.60666666666667,,,0.07045984613306285,
15:10:20.650,,,,,,,,,,,,,,,,,,,,,,,,,,,,,,,,,,,,,,,,,,,,,,,,,,,,,,,,,6.910000000000025,86,20,13.812999999999999,741.9000000000001,35.94,14.034,31,,,,,,,,,,,,,,,,,,,,,,,,,,,,,,,,,,,,,,,,,,,,,,,,,,,
15:10:20.796,,,,,,,,,,,,,,,,,,,,,,,,,,,,,,,,,,,,,,,,,,,,,,,,,,,,,,,,,,,,,,,,,6.5,3,,,,,,,,,,,,,,,,,,,,,,,,,,,,,,,,,,,,,,,,,,,,,,,,,
15:10:21.041,,,,,,,,,,,,,,,,,,,,,,,,,,,,,,,,,,,,,,,,,,,,,,,,,,,,,,,,,,,,,,,,,,,,,,,,,,,,,,,,,,,,,,,,,,,,,,,,,,,,,,,32.8609075,13.770548300000002,20,,,,,,,,,,
15:10:21.310,,,,,,,,,,,,,,,,,,,,,,,,,,,,,,,,,,,,,,,,,,,,,,,,,,,,,,,,,,,,,,,,,,,0,0,,,,,27,1,,,0,,,,,,,27,26,,,,,,,,,,,,,,,,,,,,,,,,,,,,,,
15:10:21.488,,,,,,,,,,,,,,,,,,,,,,,,,,,,,,,,,,,,,,,,,,,,,,,,,,,,,,,,,,,,,,,,,,,,,,,,,,,,,,,,,,,,,,,,-50,0,0,0,0,400,0,0,0,0,,,,,,,,,,0,,,,,,0,,
15:10:21.763,,,,,,,,,,,,,,,,,,,,,,,,,,,,,,,,,,,,,,,,,,,,,,,,,,,,,,,,,,,,,,,,,,,,,0,17,123,0,,,0,825.6,,0,0.6000000000000001,9,0,30,0,,,350,825.6,,,,,,,,,,,0,0,62,739.3000000000001,4.443,,,,,,,,,,,,,
15:10:21.938,,,,0,,,,20,,,,,,,,,23,22,,,,,,,,23,,,,,0,,,,,,,,,,,,,,,,,,,,,,,,,,,,,,,,,,,,,,,,,,,,,,,,,,,,,,,,,,,,,,,,,,,,,,,,,,,,,,,,,,,,
15:10:22.086,13.3,1.1,739.5,,0,0,27,,22,20,20,21,22,20,20,0.81345,,,1116.2322222222222,4018436,0,0,5.13541666666667,4.10833333333333,3.8515625,,1706.6,1664.9,1274.8,1203.9,,1897,0,0,737,2476,3.84,24,3.84,61,0,1116.23222222222,0,62,,,,,,,,,,,,,,,,,,,,,,,,,,,,,,,,,,,,,,,,,,,,,,,,,,,,,,,,,,,,,,,,,,,,0.81345,,,
15:10:22.269,,,,,,,,,,,,,,,,,,,,,,,,,,,,,,,,,,,,,,,,,,,,,38.5,38.5,,,,,,,39,,,,,,,,,,,,,,,,,,,,,,,,,,,,,,,,,,,,,,,,,,,,,,,,,,,,,,,,,,,,,,
15:10:22.388,,,,,,,,,,,,,,,,,,,,,,,,,,,,,,,,,,,,,,,,,,,,,,,4.5,23,27,17,10,27,,26.5,26.5,24,,,,,,,,,,,,,,,,,,,,,,,,,,,,,,,,,,,,,,,,,,,,,,,,,,22.095038332867677,,2.349224968388889,2.349224968388889,29.503964595242486,3.389375,,,0.08164193609693227,
15:10:22.659,,,,,,,,,,,,,,,,,,,,,,,,,,,,,,,,,,,,,,,,,,,,,,,,,,,,,,,,,6.560000000000002,86,20,13.797,742.1,35.73,13.998,31,,,,,,,,,,,,,,,,,,,,,,,,,,,,,,,,,,,,,,,,,,,,,,,,,,,
15:10:22.806,,,,,,,,,,,,,,,,,,,,,,,,,,,,,,,,,,,,,,,,,,,,,,,,,,,,,,,,,,,,,,,,,-1.9000000000000001,3,,,,,,,,,,,,,,,,,,,,,,,,,,,,,,,,,,,,,,,,,,,,,,,,,
15:10:23.052,,,,,,,,,,,,,,,,,,,,,,,,,,,,,,,,,,,,,,,,,,,,,,,,,,,,,,,,,,,,,,,,,,,,,,,,,,,,,,,,,,,,,,,,,,,,,,,,,,,,,,,31.347255,13.760294,24.8125,,,,,,,,,,
15:10:23.348,,,,,,,,,,,,,,,,,,,,,,,,,,,,,,,,,,,,,,,,,,,,,,,,,,,,,,,,,,,,,,,,,,,0,0,,,,,27,1,,,0,,,,,,,27,26,,,,,,,,,,,,,,,,,,,,,,,,,,,,,,
15:10:23.529,,,,,,,,,,,,,,,,,,,,,,,,,,,,,,,,,,,,,,,,,,,,,,,,,,,,,,,,,,,,,,,,,,,,,,,,,,,,,,,,,,,,,,,,-50,0,0,0,0,400,0,0,0,0,,,,,,,,,,0,,,,,,0,,
15:10:23.800,,,,,,,,,,,,,,,,,,,,,,,,,,,,,,,,,,,,,,,,,,,,,,,,,,,,,,,,,,,,,,,,,,,,,0,17,123,0,,,0,825.6,,0,0.6000000000000001,9,0,30,0,,,350,825.6,,,,,,,,,,,0,0,62,739.6,4.443,,,,,,,,,,,,,
15:10:23.977,,,,0,,,,20,,,,,,,,,24,22,,,,,,,,24,,,,,0,,,,,,,,,,,,,,,,,,,,,,,,,,,,,,,,,,,,,,,,,,,,,,,,,,,,,,,,,,,,,,,,,,,,,,,,,,,,,,,,,,,,
15:10:24.132,13.3,-4.5,740,,0,0,27,,22,20,20,21,22,20,20,-3.33,,,1116.2327777777778,4018438,0,0,5.13888888888889,4.11111111111111,3.85416666666667,,1706.6,1664.9,1274.8,1203.9,,1993,0,0,738,2476,3.84,12,3.84,64,0,1116.23277777778,0,62,,,,,,,,,,,,,,,,,,,,,,,,,,,,,,,,,,,,,,,,,,,,,,,,,,,,,,,,,,,,,,,,,,,,-3.33,,,
15:10:24.308,,,,,,,,,,,,,,,,,,,,,,,,,,,,,,,,,,,,,,,,,,,,,38.5,38.5,,,,,,,38,,,,,,,,,,,,,,,,,,,,,,,,,,,,,,,,,,,,,,,,,,,,,,,,,,,,,,,,,,,,,,
15:10:24.430,,,,,,,,,,,,,,,,,,,,,,,,,,,,,,,,,,,,,,,,,,,,,,,4,23,27,17,10,27,,26.5,26.5,25,,,,,,,,,,,,,,,,,,,,,,,,,,,,,,,,,,,,,,,,,,,,,,,,,,22.110457355500323,,2.363409160055556,2.363409160055556,-7.5075075075075075,-13.32,,,0.07424119053436445,
15:10:24.666,,,,,,,,,,,,,,,,,,,,,,,,,,,,,,,,,,,,,,,,,,,,,,,,,,,,,,,,,6.970000000000027,86,20,13.811,742.8000000000001,35.49,13.999,30,,,,,,,,,,,,,,,,,,,,,,,,,,,,,,,,,,,,,,,,,,,,,,,,,,,
15:10:24.785,,,,,,,,,,,,,,,,,,,,,,,,,,,,,,,,,,,,,,,,,,,,,,,,,,,,,,,,,,,,,,,,,0.1,3,,,,,,,,,,,,,,,,,,,,,,,,,,,,,,,,,,,,,,,,,,,,,,,,,
15:10:25.054,,,,,,,,,,,,,,,,,,,,,,,,,,,,,,,,,,,,,,,,,,,,,,,,,,,,,,,,,,,,,,,,,,,,,,,,,,,,,,,,,,,,,,,,,,,,,,,,,,,,,,,33.690975,13.760294,25.140625,,,,,,,,,,
15:10:25.358,,,,,,,,,,,,,,,,,,,,,,,,,,,,,,,,,,,,,,,,,,,,,,,,,,,,,,,,,,,,,,,,,,,0,0,,,,,27,1,,,0,,,,,,,27,26,,,,,,,,,,,,,,,,,,,,,,,,,,,,,,
15:10:25.539,,,,,,,,,,,,,,,,,,,,,,,,,,,,,,,,,,,,,,,,,,,,,,,,,,,,,,,,,,,,,,,,,,,,,,,,,,,,,,,,,,,,,,,,-50,0,0,0,0,400,0,0,0,0,,,,,,,,,,0,,,,,,0,,
15:10:25.808,,,,,,,,,,,,,,,,,,,,,,,,,,,,,,,,,,,,,,,,,,,,,,,,,,,,,,,,,,,,,,,,,,,,,0,17,123,0,,,0,825.6,,0,0.6000000000000001,9,0,30,0,,,350,825.6,,,,,,,,,,,0,0,62,738.9000000000001,4.442,,,,,,,,,,,,,
15:10:25.988,,,,0,,,,20,,,,,,,,,24,22,,,,,,,,24,,,,,0,,,,,,,,,,,,,,,,,,,,,,,,,,,,,,,,,,,,,,,,,,,,,,,,,,,,,,,,,,,,,,,,,,,,,,,,,,,,,,,,,,,,
15:10:26.135,13.3,-4.9,739.8,,0,0,27,,22,20,20,21,22,20,20,-3.62502,,,1116.2333333333333,4018440,0,0,5.1375,4.11,3.853125,,1706.6,1664.9,1274.8,1203.9,,2059,0,0,738,2476,3.84,24,3.84,64,0,1116.23333333333,0,62,,,,,,,,,,,,,,,,,,,,,,,,,,,,,,,,,,,,,,,,,,,,,,,,,,,,,,,,,,,,,,,,,,,,-3.62502,,,
15:10:26.318,,,,,,,,,,,,,,,,,,,,,,,,,,,,,,,,,,,,,,,,,,,,,38.5,38.5,,,,,,,38,,,,,,,,,,,,,,,,,,,,,,,,,,,,,,,,,,,,,,,,,,,,,,,,,,,,,,,,,,,,,,
15:10:26.437,,,,,,,,,,,,,,,,,,,,,,,,,,,,,,,,,,,,,,,,,,,,,,,4,23,27,17,10,27,,26.5,26.5,25,,,,,,,,,,,,,,,,,,,,,,,,,,,,,,,,,,,,,,,,,,,,,,,,,,22.125452216731382,,2.3773487378333336,2.3773487378333336,-6.896513674407314,-14.50008,,,0.038606885959479406,
15:10:26.646,,,,,,,,,,,,,,,,,,,,,,,,,,,,,,,,,,,,,,,,,,,,,,,,,,,,,,,,,6.350000000000023,86,20,13.79,744.6,39.73,13.996,30,,,,,,,,,,,,,,,,,,,,,,,,,,,,,,,,,,,,,,,,,,,,,,,,,,,
15:10:26.796,,,,,,,,,,,,,,,,,,,,,,,,,,,,,,,,,,,,,,,,,,,,,,,,,,,,,,,,,,,,,,,,,-3.1,3,,,,,,,,,,,,,,,,,,,,,,,,,,,,,,,,,,,,,,,,,,,,,,,,,
15:10:27.032,,,,,,,,,,,,,,,,,,,,,,,,,,,,,,,,,,,,,,,,,,,,,,,,,,,,,,,,,,,,,,,,,,,,,,,,,,,,,,,,,,,,,,,,,,,,,,,,,,,,,,,31.6890475,13.770548300000002,24.6875,,,,,,,,,,
15:10:27.315,,,,,,,,,,,,,,,,,,,,,,,,,,,,,,,,,,,,,,,,,,,,,,,,,,,,,,,,,,,,,,,,,,,0,0,,,,,27,1,,,0,,,,,,,27,26,,,,,,,,,,,,,,,,,,,,,,,,,,,,,,
15:10:27.490,,,,,,,,,,,,,,,,,,,,,,,,,,,,,,,,,,,,,,,,,,,,,,,,,,,,,,,,,,,,,,,,,,,,,,,,,,,,,,,,,,,,,,,,-50,0,0,0,0,400,0,0,0,0,,,,,,,,,,0,,,,,,0,,
15:10:27.762,,,,,,,,,,,,,,,,,,,,,,,,,,,,,,,,,,,,,,,,,,,,,,,,,,,,,,,,,,,,,,,,,,,,,0,17,123,0,,,0,825.6,,0,0.6000000000000001,9,0,30,0,,,350,825.6,,,,,,,,,,,0,0,62,739.4000000000001,4.444,,,,,,,,,,,,,
15:10:27.971,,,,0,,,,20,,,,,,,,,24,22,,,,,,,,24,,,,,0,,,,,,,,,,,,,,,,,,,,,,,,,,,,,,,,,,,,,,,,,,,,,,,,,,,,,,,,,,,,,,,,,,,,,,,,,,,,,,,,,,,,
15:10:28.121,13.3,0,739.7,,0,0,27,,22,20,20,21,22,20,20,0,,,1116.233888888889,4018442,0,0,5.13680555555556,4.10944444444444,3.85260416666667,,1706.6,1664.9,1274.8,1203.9,,1969,0,0,738,2474,3.84,23,3.84,61,0,1116.23388888889,0,62,,,,,,,,,,,,,,,,,,,,,,,,,,,,,,,,,,,,,,,,,,,,,,,,,,,,,,,,,,,,,,,,,,,,0,,,
15:10:28.299,,,,,,,,,,,,,,,,,,,,,,,,,,,,,,,,,,,,,,,,,,,,,38.5,38.5,,,,,,,38,,,,,,,,,,,,,,,,,,,,,,,,,,,,,,,,,,,,,,,,,,,,,,,,,,,,,,,,,,,,,,
15:10:28.417,,,,,,,,,,,,,,,,,,,,,,,,,,,,,,,,,,,,,,,,,,,,,,,4,23,27,17,10,27,,26.5,26.5,25,,,,,,,,,,,,,,,,,,,,,,,,,,,,,,,,,,,,,,,,,,,,,,,,,,22.14008920945548,,2.391096799638889,2.391096799638889,,0,,,0.01414492185117255,
15:10:28.627,,,,,,,,,,,,,,,,,,,,,,,,,,,,,,,,,,,,,,,,,,,,,,,,,,,,,,,,,6.660000000000025,86,20,13.794,742.7,35.64,14.012,30,,,,,,,,,,,,,,,,,,,,,,,,,,,,,,,,,,,,,,,,,,,,,,,,,,,
15:10:28.776,,,,,,,,,,,,,,,,,,,,,,,,,,,,,,,,,,,,,,,,,,,,,,,,,,,,,,,,,,,,,,,,,-2.3000000000000003,3,,,,,,,,,,,,,,,,,,,,,,,,,,,,,,,,,,,,,,,,,,,,,,,,,
15:10:29.024,,,,,,,,,,,,,,,,,,,,,,,,,,,,,,,,,,,,,,,,,,,,,,,,,,,,,,,,,,,,,,,,,,,,,,,,,,,,,,,,,,,,,,,,,,,,,,,,,,,,,,,29.052362500000005,13.760294,25.09375,,,,,,,,,,
15:10:29.285,,,,,,,,,,,,,,,,,,,,,,,,,,,,,,,,,,,,,,,,,,,,,,,,,,,,,,,,,,,,,,,,,,,0,0,,,,,27,1,,,0,,,,,,,27,26,,,,,,,,,,,,,,,,,,,,,,,,,,,,,,
15:10:29.473,,,,,,,,,,,,,,,,,,,,,,,,,,,,,,,,,,,,,,,,,,,,,,,,,,,,,,,,,,,,,,,,,,,,,,,,,,,,,,,,,,,,,,,,-50,0,0,0,0,400,0,0,0,0,,,,,,,,,,0,,,,,,0,,
15:10:29.734,,,,,,,,,,,,,,,,,,,,,,,,,,,,,,,,,,,,,,,,,,,,,,,,,,,,,,,,,,,,,,,,,,,,,0,17,123,0,,,0,825.6,,0,0.6000000000000001,9,0,30,0,,,350,825.6,,,,,,,,,,,0,0,62,739.5,4.442,,,,,,,,,,,,,
15:10:29.918,,,,0,,,,20,,,,,,,,,24,22,,,,,,,,24,,,,,0,,,,,,,,,,,,,,,,,,,,,,,,,,,,,,,,,,,,,,,,,,,,,,,,,,,,,,,,,,,,,,,,,,,,,,,,,,,,,,,,,,,,
15:10:30.096,13.3,8.8,739.1,,0,0,27,,22,20,20,21,22,20,20,6.50408,,,1116.2341666666666,4018443,0,0,5.13263888888889,4.10611111111111,3.84947916666667,,1706.6,1664.9,1274.8,1203.9,,2059,0,0,737,2474,3.84,24,3.84,64,0,1116.23416666667,0,62,,,,,,,,,,,,,,,,,,,,,,,,,,,,,,,,,,,,,,,,,,,,,,,,,,,,,,,,,,,,,,,,,,,,0,,,
15:10:30.279,,,,,,,,,,,,,,,,,,,,,,,,,,,,,,,,,,,,,,,,,,,,,38.5,38.5,,,,,,,38,,,,,,,,,,,,,,,,,,,,,,,,,,,,,,,,,,,,,,,,,,,,,,,,,,,,,,,,,,,,,,
15:10:30.398,,,,,,,,,,,,,,,,,,,,,,,,,,,,,,,,,,,,,,,,,,,,,,,4,23,27,17,9.5,27,,26.5,26.5,26,,,,,,,,,,,,,,,,,,,,,,,,,,,,,,,,,,,,,,,,,,,,,,,,,,22.159656729325743,,2.40540408975,2.40540408975,3.9974908057711467,25.01569230769231,,,0.007072136457705191,
15:10:30.637,,,,,,,,,,,,,,,,,,,,,,,,,,,,,,,,,,,,,,,,,,,,,,,,,,,,,,,,,6.680000000000007,86,20,13.797,740.9000000000001,35.8,14.008,30,,,,,,,,,,,,,,,,,,,,,,,,,,,,,,,,,,,,,,,,,,,,,,,,,,,
15:10:30.786,,,,,,,,,,,,,,,,,,,,,,,,,,,,,,,,,,,,,,,,,,,,,,,,,,,,,,,,,,,,,,,,,14.5,3,,,,,,,,,,,,,,,,,,,,,,,,,,,,,,,,,,,,,,,,,,,,,,,,,
15:10:31.033,,,,,,,,,,,,,,,,,,,,,,,,,,,,,,,,,,,,,,,,,,,,,,,,,,,,,,,,,,,,,,,,,,,,,,,,,,,,,,,,,,,,,,,,,,,,,,,,,,,,,,,40.185032500000005,13.7695717,28.0625,,,,,,,,,,
15:10:31.333,,,,,,,,,,,,,,,,,,,,,,,,,,,,,,,,,,,,,,,,,,,,,,,,,,,,,,,,,,,,,,,,,,,0,0,,,,,27,1,,,0,,,,,,,27,26,,,,,,,,,,,,,,,,,,,,,,,,,,,,,,
15:10:31.508,,,,,,,,,,,,,,,,,,,,,,,,,,,,,,,,,,,,,,,,,,,,,,,,,,,,,,,,,,,,,,,,,,,,,,,,,,,,,,,,,,,,,,,,-50,0,0,0,0,400,0,0,0,0,,,,,,,,,,0,,,,,,0,,
15:10:31.781,,,,,,,,,,,,,,,,,,,,,,,,,,,,,,,,,,,,,,,,,,,,,,,,,,,,,,,,,,,,,,,,,,,,,0,17,123,0,,,0,825.6,,0,0.6000000000000001,9,0,30,0,,,350,825.6,,,,,,,,,,,0,0,62,738.2,4.443,,,,,,,,,,,,,
15:10:31.957,,,,0,,,,20,,,,,,,,,24,22,,,,,,,,24,,,,,0,,,,,,,,,,,,,,,,,,,,,,,,,,,,,,,,,,,,,,,,,,,,,,,,,,,,,,,,,,,,,,,,,,,,,,,,,,,,,,,,,,,,
15:10:32.113,13.3,7.4,738.8,,0,0,27,,22,20,20,21,22,20,20,5.46712,,,1116.235,4018446,0,0,5.13055555555556,4.10444444444444,3.84791666666667,,1706.6,1664.9,1274.8,1203.9,,2376,0,0,737,2474,3.84,22,3.84,149,0,1116.235,0,62,,,,,,,,,,,,,,,,,,,,,,,,,,,,,,,,,,,,,,,,,,,,,,,,,,,,,,,,,,,,,,,,,,,,6.5014400000000006,,,
15:10:32.289,,,,,,,,,,,,,,,,,,,,,,,,,,,,,,,,,,,,,,,,,,,,,38.5,38.5,,,,,,,38,,,,,,,,,,,,,,,,,,,,,,,,,,,,,,,,,,,,,,,,,,,,,,,,,,,,,,,,,,,,,,
15:10:32.407,,,,,,,,,,,,,,,,,,,,,,,,,,,,,,,,,,,,,,,,,,,,,,,4,23,27,17,9.5,27,,26.5,26.5,30,,,,,,,,,,,,,,,,,,,,,,,,,,,,,,,,,,,,,,,,,,,,,,,,,,22.199761133335954,,2.422147003916667,2.422147003916667,5.487349829526331,18.223733333333335,,,0.017753730979223326,
15:10:32.679,,,,,,,,,,,,,,,,,,,,,,,,,,,,,,,,,,,,,,,,,,,,,,,,,,,,,,,,,6.670000000000016,86,20,13.798,741.9000000000001,35.74,14.008,30,,,,,,,,,,,,,,,,,,,,,,,,,,,,,,,,,,,,,,,,,,,,,,,,,,,
15:10:32.826,,,,,,,,,,,,,,,,,,,,,,,,,,,,,,,,,,,,,,,,,,,,,,,,,,,,,,,,,,,,,,,,,-0.6000000000000001,3,,,,,,,,,,,,,,,,,,,,,,,,,,,,,,,,,,,,,,,,,,,,,,,,,
15:10:33.068,,,,,,,,,,,,,,,,,,,,,,,,,,,,,,,,,,,,,,,,,,,,,,,,,,,,,,,,,,,,,,,,,,,,,,,,,,,,,,,,,,,,,,,,,,,,,,,,,,,,,,,36.669452500000006,13.760294,28,,,,,,,,,,
15:10:33.367,,,,,,,,,,,,,,,,,,,,,,,,,,,,,,,,,,,,,,,,,,,,,,,,,,,,,,,,,,,,,,,,,,,0,0,,,,,27,1,,,0,,,,,,,27,26,,,,,,,,,,,,,,,,,,,,,,,,,,,,,,
15:10:33.554,,,,,,,,,,,,,,,,,,,,,,,,,,,,,,,,,,,,,,,,,,,,,,,,,,,,,,,,,,,,,,,,,,,,,,,,,,,,,,,,,,,,,,,,-50,0,0,0,0,400,0,0,0,0,,,,,,,,,,0,,,,,,0,,
15:10:33.823,,,,,,,,,,,,,,,,,,,,,,,,,,,,,,,,,,,,,,,,,,,,,,,,,,,,,,,,,,,,,,,,,,,,,0,17,123,0,,,0,825.6,,0,0.6000000000000001,9,0,30,0,,,350,825.6,,,,,,,,,,,0,0,62,739.9000000000001,4.444,,,,,,,,,,,,,
15:10:34.000,,,,0,,,,20,,,,,,,,,24,22,,,,,,,,24,,,,,0,,,,,,,,,,,,,,,,,,,,,,,,,,,,,,,,,,,,,,,,,,,,,,,,,,,,,,,,,,,,,,,,,,,,,,,,,,,,,,,,,,,,
15:10:34.151,13.3,4.9,738.9,,0,0,27,,22,20,20,21,22,20,20,3.62061,,,1116.2355555555555,4018448,0,0,5.13125,4.105,3.8484375,,1706.6,1664.9,1274.8,1204,,2439,0,0,737,2474,3.84,24,3.84,61,0,1116.23555555556,0,62,,,,,,,,,,,,,,,,,,,,,,,,,,,,,,,,,,,,,,,,,,,,,,,,,,,,,,,,,,,,,,,,,,,,3.62061,,,
15:10:34.331,,,,,,,,,,,,,,,,,,,,,,,,,,,,,,,,,,,,,,,,,,,,,38.5,38.5,,,,,,,38,,,,,,,,,,,,,,,,,,,,,,,,,,,,,,,,,,,,,,,,,,,,,,,,,,,,,,,,,,,,,,
15:10:34.447,,,,,,,,,,,,,,,,,,,,,,,,,,,,,,,,,,,,,,,,,,,,,,,4,23,27,17,9.5,27,,26.5,26.5,31,,,,,,,,,,,,,,,,,,,,,,,,,,,,,,,,,,,,,,,,,,,,,,,,,,22.245236094618498,,2.4397157716944444,2.4397157716944444,8.562093127953577,11.679387096774192,,,0.021217453765879368,
15:10:34.687,,,,,,,,,,,,,,,,,,,,,,,,,,,,,,,,,,,,,,,,,,,,,,,,,,,,,,,,,6.660000000000025,86,20,13.796,741.6,36.25,14.002,30,,,,,,,,,,,,,,,,,,,,,,,,,,,,,,,,,,,,,,,,,,,,,,,,,,,
15:10:34.835,,,,,,,,,,,,,,,,,,,,,,,,,,,,,,,,,,,,,,,,,,,,,,,,,,,,,,,,,,,,,,,,,-5,3,,,,,,,,,,,,,,,,,,,,,,,,,,,,,,,,,,,,,,,,,,,,,,,,,
15:10:35.079,,,,,,,,,,,,,,,,,,,,,,,,,,,,,,,,,,,,,,,,,,,,,,,,,,,,,,,,,,,,,,,,,,,,,,,,,,,,,,,,,,,,,,,,,,,,,,,,,,,,,,,45.995505,13.760294,28,,,,,,,,,,
15:10:35.378,,,,,,,,,,,,,,,,,,,,,,,,,,,,,,,,,,,,,,,,,,,,,,,,,,,,,,,,,,,,,,,,,,,0,0,,,,,27,1,,,0,,,,,,,27,26,,,,,,,,,,,,,,,,,,,,,,,,,,,,,,
15:10:35.555,,,,,,,,,,,,,,,,,,,,,,,,,,,,,,,,,,,,,,,,,,,,,,,,,,,,,,,,,,,,,,,,,,,,,,,,,,,,,,,,,,,,,,,,-50,0,0,0,0,400,0,0,0,0,,,,,,,,,,0,,,,,,0,,
15:10:35.827,,,,,,,,,,,,,,,,,,,,,,,,,,,,,,,,,,,,,,,,,,,,,,,,,,,,,,,,,,,,,,,,,,,,,0,17,123,0,,,0,825.6,,0,0.6000000000000001,9,0,30,0,,,350,825.6,,,,,,,,,,,0,0,62,737.6,4.444,,,,,,,,,,,,,
15:10:36.007,,,,0,,,,20,,,,,,,,,24,22,,,,,,,,24,,,,,0,,,,,,,,,,,,,,,,,,,,,,,,,,,,,,,,,,,,,,,,,,,,,,,,,,,,,,,,,,,,,,,,,,,,,,,,,,,,,,,,,,,,
15:10:36.160,13.3,10.2,738.3,,0,0,27,,22,20,20,21,22,20,20,7.53066,,,1116.236111111111,4018450,0,0,5.12708333333333,4.10166666666667,3.8453125,,1706.6,1664.9,1274.8,1204,,2622,0,0,736,2474,3.84,22,3.84,2,0,1116.23611111111,0,62,,,,,,,,,,,,,,,,,,,,,,,,,,,,,,,,,,,,,,,,,,,,,,,,,,,,,,,,,,,,,,,,,,,,3.61767,,,
15:10:36.336,,,,,,,,,,,,,,,,,,,,,,,,,,,,,,,,,,,,,,,,,,,,,38.5,38.5,,,,,,,38,,,,,,,,,,,,,,,,,,,,,,,,,,,,,,,,,,,,,,,,,,,,,,,,,,,,,,,,,,,,,,
15:10:36.457,,,,,,,,,,,,,,,,,,,,,,,,,,,,,,,,,,,,,,,,,,,,,,,4,23,27,17,9.5,27,,26.5,26.5,33,,,,,,,,,,,,,,,,,,,,,,,,,,,,,,,,,,,,,,,,,,,,,,,,,,22.299701926756597,,2.458138141777778,2.458138141777778,4.3820860322999575,22.82018181818182,,,0.0281832426501528,
15:10:36.699,,,,,,,,,,,,,,,,,,,,,,,,,,,,,,,,,,,,,,,,,,,,,,,,,,,,,,,,,6.6299999999999955,86,20,13.795,742,35.66,13.995,30,,,,,,,,,,,,,,,,,,,,,,,,,,,,,,,,,,,,,,,,,,,,,,,,,,,
15:10:36.847,,,,,,,,,,,,,,,,,,,,,,,,,,,,,,,,,,,,,,,,,,,,,,,,,,,,,,,,,,,,,,,,,6.1000000000000005,3,,,,,,,,,,,,,,,,,,,,,,,,,,,,,,,,,,,,,,,,,,,,,,,,,
15:10:37.091,,,,,,,,,,,,,,,,,,,,,,,,,,,,,,,,,,,,,,,,,,,,,,,,,,,,,,,,,,,,,,,,,,,,,,,,,,,,,,,,,,,,,,,,,,,,,,,,,,,,,,,29.882430000000003,13.7695717,33.359375,,,,,,,,,,
15:10:37.394,,,,,,,,,,,,,,,,,,,,,,,,,,,,,,,,,,,,,,,,,,,,,,,,,,,,,,,,,,,,,,,,,,,0,0,,,,,27,1,,,0,,,,,,,27,26,,,,,,,,,,,,,,,,,,,,,,,,,,,,,,
15:10:37.571,,,,,,,,,,,,,,,,,,,,,,,,,,,,,,,,,,,,,,,,,,,,,,,,,,,,,,,,,,,,,,,,,,,,,,,,,,,,,,,,,,,,,,,,-50,0,0,0,0,400,0,0,0,0,,,,,,,,,,0,,,,,,0,,
15:10:37.834,,,,,,,,,,,,,,,,,,,,,,,,,,,,,,,,,,,,,,,,,,,,,,,,,,,,,,,,,,,,,,,,,,,,,0,17,123,0,,,0,825.6,,0,0.6000000000000001,9,0,30,0,,,350,825.6,,,,,,,,,,,0,0,62,738.6,4.444,,,,,,,,,,,,,
15:10:38.024,,,,0,,,,20,,,,,,,,,24,22,,,,,,,,24,,,,,0,,,,,,,,,,,,,,,,,,,,,,,,,,,,,,,,,,,,,,,,,,,,,,,,,,,,,,,,,,,,,,,,,,,,,,,,,,,,,,,,,,,,
15:10:38.169,13.3,3.3,739,,0,0,27,,22,20,20,21,22,20,20,2.4387,,,1116.2366666666667,4018452,0,0,5.13194444444444,4.10555555555556,3.84895833333333,,1706.6,1664.9,1274.8,1204,,2578,0,0,737,2466,3.84,24,3.84,61,0,1116.23666666667,0,62,,,,,,,,,,,,,,,,,,,,,,,,,,,,,,,,,,,,,,,,,,,,,,,,,,,,,,,,,,,,,,,,,,,,7.537799999999999,,,
15:10:38.349,,,,,,,,,,,,,,,,,,,,,,,,,,,,,,,,,,,,,,,,,,,,,38.5,38.5,,,,,,,38,,,,,,,,,,,,,,,,,,,,,,,,,,,,,,,,,,,,,,,,,,,,,,,,,,,,,,,,,,,,,,
15:10:38.467,,,,,,,,,,,,,,,,,,,,,,,,,,,,,,,,,,,,,,,,,,,,,,,4,23,27,17,9.5,27,,26.5,26.5,32,,,,,,,,,,,,,,,,,,,,,,,,,,,,,,,,,,,,,,,,,,,,,,,,,,22.348587048945486,,2.4760047684444446,2.4760047684444446,13.121745192110552,7.620937499999999,,,,
15:10:38.707,,,,,,,,,,,,,,,,,,,,,,,,,,,,,,,,,,,,,,,,,,,,,,,,,,,,,,,,,6.6299999999999955,86,20,13.795,743.6,35.79,14.002,30,,,,,,,,,,,,,,,,,,,,,,,,,,,,,,,,,,,,,,,,,,,,,,,,,,,
15:10:38.861,,,,,,,,,,,,,,,,,,,,,,,,,,,,,,,,,,,,,,,,,,,,,,,,,,,,,,,,,,,,,,,,,-0.2,3,,,,,,,,,,,,,,,,,,,,,,,,,,,,,,,,,,,,,,,,,,,,,,,,,
15:10:39.098,,,,,,,,,,,,,,,,,,,,,,,,,,,,,,,,,,,,,,,,,,,,,,,,,,,,,,,,,,,,,,,,,,,,,,,,,,,,,,,,,,,,,,,,,,,,,,,,,,,,,,,28.026985,13.7803143,28,,,,,,,,,,
15:10:39.398,,,,,,,,,,,,,,,,,,,,,,,,,,,,,,,,,,,,,,,,,,,,,,,,,,,,,,,,,,,,,,,,,,,0,0,,,,,27,1,,,0,,,,,,,27,26,,,,,,,,,,,,,,,,,,,,,,,,,,,,,,
15:10:39.579,,,,,,,,,,,,,,,,,,,,,,,,,,,,,,,,,,,,,,,,,,,,,,,,,,,,,,,,,,,,,,,,,,,,,,,,,,,,,,,,,,,,,,,,-50,0,0,0,0,400,0,0,0,0,,,,,,,,,,0,,,,,,0,,
15:10:39.852,,,,,,,,,,,,,,,,,,,,,,,,,,,,,,,,,,,,,,,,,,,,,,,,,,,,,,,,,,,,,,,,,,,,,0,17,123,0,,,0,825.6,,0,0.6000000000000001,9,0,30,0,,,350,825.6,,,,,,,,,,,0,0,62,739.4000000000001,4.442,,,,,,,,,,,,,
15:10:40.026,,,,0,,,,20,,,,,,,,,24,22,,,,,,,,24,,,,,0,,,,,,,,,,,,,,,,,,,,,,,,,,,,,,,,,,,,,,,,,,,,,,,,,,,,,,,,,,,,,,,,,,,,,,,,,,,,,,,,,,,,
15:10:40.181,13.3,4.1,739.1,,0,0,27,,22,20,20,21,22,20,20,3.03031,,,1116.2372222222223,4018454,0,0,5.13263888888889,4.10611111111111,3.84947916666667,,1706.6,1664.9,1274.8,1204,,2363,0,0,736,2466,3.84,24,3.84,61,0,1116.23722222222,0,62,,,,,,,,,,,,,,,,,,,,,,,,,,,,,,,,,,,,,,,,,,,,,,,,,,,,,,,,,,,,,,,,,,,,2.43903,,,
15:10:40.358,,,,,,,,,,,,,,,,,,,,,,,,,,,,,,,,,,,,,,,,,,,,,38.5,38.5,,,,,,,38,,,,,,,,,,,,,,,,,,,,,,,,,,,,,,,,,,,,,,,,,,,,,,,,,,,,,,,,,,,,,,
15:10:40.508,,,,,,,,,,,,,,,,,,,,,,,,,,,,,,,,,,,,,,,,,,,,,,,3.5,23,27,17,9.5,27,,26.5,26.5,30,,,,,,,,,,,,,,,,,,,,,,,,,,,,,,,,,,,,,,,,,,,,,,,,,,22.387545406324943,,2.493014529277778,2.493014529277778,9.89997723005237,10.101033333333334,,,,
15:10:40.748,,,,,,,,,,,,,,,,,,,,,,,,,,,,,,,,,,,,,,,,,,,,,,,,,,,,,,,,,6.300000000000011,86,20,13.783000000000001,741.3000000000001,38.9,14.004,30,,,,,,,,,,,,,,,,,,,,,,,,,,,,,,,,,,,,,,,,,,,,,,,,,,,
15:10:40.896,,,,,,,,,,,,,,,,,,,,,,,,,,,,,,,,,,,,,,,,,,,,,,,,,,,,,,,,,,,,,,,,,24.400000000000002,3,,,,,,,,,,,,,,,,,,,,,,,,,,,,,,,,,,,,,,,,,,,,,,,,,
15:10:41.135,,,,,,,,,,,,,,,,,,,,,,,,,,,,,,,,,,,,,,,,,,,,,,,,,,,,,,,,,,,,,,,,,,,,,,,,,,,,,,,,,,,,,,,,,,,,,,,,,,,,,,,41.649857499999996,13.7803143,28,,,,,,,,,,
15:10:41.438,,,,,,,,,,,,,,,,,,,,,,,,,,,,,,,,,,,,,,,,,,,,,,,,,,,,,,,,,,,,,,,,,,,0,0,,,,,27,1,,,0,,,,,,,27,26,,,,,,,,,,,,,,,,,,,,,,,,,,,,,,
15:10:41.621,,,,,,,,,,,,,,,,,,,,,,,,,,,,,,,,,,,,,,,,,,,,,,,,,,,,,,,,,,,,,,,,,,,,,,,,,,,,,,,,,,,,,,,,-50,0,0,0,0,400,0,0,0,0,,,,,,,,,,0,,,,,,0,,
15:10:41.891,,,,,,,,,,,,,,,,,,,,,,,,,,,,,,,,,,,,,,,,,,,,,,,,,,,,,,,,,,,,,,,,,,,,,0,17,123,0,,,0,825.6,,0,0.6000000000000001,9,0,30,0,,,350,825.6,,,,,,,,,,,0,0,62,737.4000000000001,4.444,,,,,,,,,,,,,
15:10:42.069,,,,0,,,,20,,,,,,,,,24,22,,,,,,,,24,,,,,0,,,,,,,,,,,,,,,,,,,,,,,,,,,,,,,,,,,,,,,,,,,,,,,,,,,,,,,,,,,,,,,,,,,,,,,,,,,,,,,,,,,,
15:10:42.219,13.3,18.3,737.5,,0,0,27,,22,20,20,21,22,20,20,13.49625,,,1116.2377777777779,4018456,0,0,5.12152777777778,4.09722222222222,3.84114583333333,,1706.6,1664.9,1274.8,1204,,2523,0,0,736,2466,3.84,24,3.82,64,0,1116.23777777778,0,62,,,,,,,,,,,,,,,,,,,,,,,,,,,,,,,,,,,,,,,,,,,,,,,,,,,,,,,,,,,,,,,,,,,,3.0237499999999997,,,
15:10:42.395,,,,,,,,,,,,,,,,,,,,,,,,,,,,,,,,,,,,,,,,,,,,,38.5,38.5,,,,,,,39,,,,,,,,,,,,,,,,,,,,,,,,,,,,,,,,,,,,,,,,,,,,,,,,,,,,,,,,,,,,,,
15:10:42.522,,,,,,,,,,,,,,,,,,,,,,,,,,,,,,,,,,,,,,,,,,,,,,,3.5,23,27,17,9.5,27,,26.5,26.5,32,,,,,,,,,,,,,,,,,,,,,,,,,,,,,,,,,,,,,,,,,,,,,,,,,,22.435581878205127,,2.5109115506111115,2.5109115506111115,2.3710289895341297,42.17578125,,,,
15:10:42.731,,,,,,,,,,,,,,,,,,,,,,,,,,,,,,,,,,,,,,,,,,,,,,,,,,,,,,,,,6.660000000000025,86,20,13.794,740.7,35.72,14.035,30,,,,,,,,,,,,,,,,,,,,,,,,,,,,,,,,,,,,,,,,,,,,,,,,,,,
15:10:42.876,,,,,,,,,,,,,,,,,,,,,,,,,,,,,,,,,,,,,,,,,,,,,,,,,,,,,,,,,,,,,,,,,33.6,3,,,,,,,,,,,,,,,,,,,,,,,,,,,,,,,,,,,,,,,,,,,,,,,,,
15:10:43.124,,,,,,,,,,,,,,,,,,,,,,,,,,,,,,,,,,,,,,,,,,,,,,,,,,,,,,,,,,,,,,,,,,,,,,,,,,,,,,,,,,,,,,,,,,,,,,,,,,,,,,,41.015100000000004,13.770548300000002,32.6875,,,,,,,,,,
15:10:43.421,,,,,,,,,,,,,,,,,,,,,,,,,,,,,,,,,,,,,,,,,,,,,,,,,,,,,,,,,,,,,,,,,,,0,0,,,,,27,1,,,0,,,,,,,27,26,,,,,,,,,,,,,,,,,,,,,,,,,,,,,,
15:10:43.604,,,,,,,,,,,,,,,,,,,,,,,,,,,,,,,,,,,,,,,,,,,,,,,,,,,,,,,,,,,,,,,,,,,,,,,,,,,,,,,,,,,,,,,,-50,0,0,0,0,400,0,0,0,0,,,,,,,,,,0,,,,,,0,,
15:10:43.867,,,,,,,,,,,,,,,,,,,,,,,,,,,,,,,,,,,,,,,,,,,,,,,,,,,,,,,,,,,,,,,,,,,,,0,17,123,0,,,0,825.6,,0,0.6000000000000001,9,0,30,0,,,350,825.6,,,,,,,,,,,0,0,62,737.3000000000001,4.444,,,,,,,,,,,,,
15:10:44.044,,,,0,,,,20,,,,,,,,,24,22,,,,,,,,24,,,,,0,,,,,,,,,,,,,,,,,,,,,,,,,,,,,,,,,,,,,,,,,,,,,,,,,,,,,,,,,,,,,,,,,,,,,,,,,,,,,,,,,,,,
15:10:44.199,13.3,9.1,738.1,,0,0,27,,22,20,20,21,22,20,20,6.71671,,,1116.2383333333332,4018458,0,0,5.12569444444444,4.10055555555556,3.84427083333333,,1706.6,1664.9,1274.8,1204,,2628,0,0,736,2466,3.84,24,3.84,85,0,1116.23833333333,0,62,,,,,,,,,,,,,,,,,,,,,,,,,,,,,,,,,,,,,,,,,,,,,,,,,,,,,,,,,,,,,,,,,,,,13.507230000000002,,,
15:10:44.378,,,,,,,,,,,,,,,,,,,,,,,,,,,,,,,,,,,,,,,,,,,,,38.5,38.5,,,,,,,39,,,,,,,,,,,,,,,,,,,,,,,,,,,,,,,,,,,,,,,,,,,,,,,,,,,,,,,,,,,,,,
15:10:44.501,,,,,,,,,,,,,,,,,,,,,,,,,,,,,,,,,,,,,,,,,,,,,,,3.5,23,27,17,9.5,27,,26.5,26.5,33,,,,,,,,,,,,,,,,,,,,,,,,,,,,,,,,,,,,,,,,,,,,,,,,,,22.487234471915052,,2.5290576923611114,2.5290576923611114,4.9131196672180275,20.35366666666667,,,,
15:10:44.736,,,,,,,,,,,,,,,,,,,,,,,,,,,,,,,,,,,,,,,,,,,,,,,,,,,,,,,,,6.519999999999982,86,20,13.797,741.9000000000001,39.47,14.014,30,,,,,,,,,,,,,,,,,,,,,,,,,,,,,,,,,,,,,,,,,,,,,,,,,,,
15:10:44.887,,,,,,,,,,,,,,,,,,,,,,,,,,,,,,,,,,,,,,,,,,,,,,,,,,,,,,,,,,,,,,,,,-24.200000000000003,3,,,,,,,,,,,,,,,,,,,,,,,,,,,,,,,,,,,,,,,,,,,,,,,,,
15:10:45.134,,,,,,,,,,,,,,,,,,,,,,,,,,,,,,,,,,,,,,,,,,,,,,,,,,,,,,,,,,,,,,,,,,,,,,,,,,,,,,,,,,,,,,,,,,,,,,,,,,,,,,,32.519115,13.779337700000001,33.125,,,,,,,,,,
15:10:45.435,,,,,,,,,,,,,,,,,,,,,,,,,,,,,,,,,,,,,,,,,,,,,,,,,,,,,,,,,,,,,,,,,,,0,0,,,,,27,1,,,0,,,,,,,27,26,,,,,,,,,,,,,,,,,,,,,,,,,,,,,,
15:10:45.611,,,,,,,,,,,,,,,,,,,,,,,,,,,,,,,,,,,,,,,,,,,,,,,,,,,,,,,,,,,,,,,,,,,,,,,,,,,,,,,,,,,,,,,,-50,0,0,0,0,400,0,0,0,0,,,,,,,,,,0,,,,,,0,,
15:10:45.877,,,,,,,,,,,,,,,,,,,,,,,,,,,,,,,,,,,,,,,,,,,,,,,,,,,,,,,,,,,,,,,,,,,,,0,17,123,0,,,0,825.6,,0,0.6000000000000001,9,0,30,0,,,350,825.6,,,,,,,,,,,0,0,62,738.9000000000001,4.444,,,,,,,,,,,,,
15:10:46.065,,,,0,,,,20,,,,,,,,,24,22,,,,,,,,24,,,,,0,,,,,,,,,,,,,,,,,,,,,,,,,,,,,,,,,,,,,,,,,,,,,,,,,,,,,,,,,,,,,,,,,,,,,,,,,,,,,,,,,,,,
15:10:46.213,13.3,2.1,738.9,,0,0,27,,22,20,20,21,22,20,20,1.55169,,,1116.2388888888888,4018460,0,0,5.13125,4.105,3.8484375,,1706.6,1664.9,1274.8,1204,,2559,0,0,737,2467,3.84,24,3.84,64,0,1116.23888888889,0,62,,,,,,,,,,,,,,,,,,,,,,,,,,,,,,,,,,,,,,,,,,,,,,,,,,,,,,,,,,,,,,,,,,,,6.72399,,,
15:10:46.420,,,,,,,,,,,,,,,,,,,,,,,,,,,,,,,,,,,,,,,,,,,,,38.5,38.5,,,,,,,38,,,,,,,,,,,,,,,,,,,,,,,,,,,,,,,,,,,,,,,,,,,,,,,,,,,,,,,,,,,,,,
15:10:46.542,,,,,,,,,,,,,,,,,,,,,,,,,,,,,,,,,,,,,,,,,,,,,,,3.5,23,27,17,9.5,27,,26.5,26.5,32,,,,,,,,,,,,,,,,,,,,,,,,,,,,,,,,,,,,,,,,,,,,,,,,,,22.534935567326592,,2.547195146583334,2.547195146583334,20.622675921092487,4.8490312499999995,,,,
15:10:46.777,,,,,,,,,,,,,,,,,,,,,,,,,,,,,,,,,,,,,,,,,,,,,,,,,,,,,,,,,6.569999999999993,86,20,13.797,742.8000000000001,35.72,14.026,30,,,,,,,,,,,,,,,,,,,,,,,,,,,,,,,,,,,,,,,,,,,,,,,,,,,
15:10:46.926,,,,,,,,,,,,,,,,,,,,,,,,,,,,,,,,,,,,,,,,,,,,,,,,,,,,,,,,,,,,,,,,,10.600000000000001,3,,,,,,,,,,,,,,,,,,,,,,,,,,,,,,,,,,,,,,,,,,,,,,,,,
15:10:47.168,,,,,,,,,,,,,,,,,,,,,,,,,,,,,,,,,,,,,,,,,,,,,,,,,,,,,,,,,,,,,,,,,,,,,,,,,,,,,,,,,,,,,,,,,,,,,,,,,,,,,,,28.5640875,13.760294,28,,,,,,,,,,
15:10:47.471,,,,,,,,,,,,,,,,,,,,,,,,,,,,,,,,,,,,,,,,,,,,,,,,,,,,,,,,,,,,,,,,,,,0,0,,,,,27,1,,,0,,,,,,,27,26,,,,,,,,,,,,,,,,,,,,,,,,,,,,,,
15:10:47.654,,,,,,,,,,,,,,,,,,,,,,,,,,,,,,,,,,,,,,,,,,,,,,,,,,,,,,,,,,,,,,,,,,,,,,,,,,,,,,,,,,,,,,,,-50,0,0,0,0,400,0,0,0,0,,,,,,,,,,0,,,,,,0,,
15:10:47.922,,,,,,,,,,,,,,,,,,,,,,,,,,,,,,,,,,,,,,,,,,,,,,,,,,,,,,,,,,,,,,,,,,,,,0,17,123,0,,,0,825.6,,0,0.6000000000000001,9,0,30,0,,,350,825.6,,,,,,,,,,,0,0,62,739.7,4.444,,,,,,,,,,,,,
15:10:48.155,,,,0,,,,20,,,,,,,,,24,22,,,,,,,,24,,,,,0,,,,,,,,,,,,,,,,,,,,,,,,,,,,,,,,,,,,,,,,,,,,,,,,,,,,,,,,,,,,,,,,,,,,,,,,,,,,,,,,,,,,
15:10:48.372,13.3,-8.4,740,,0,0,27,,22,20,20,21,22,20,20,-6.216,,,1116.2394444444444,4018462,0,0,5.13888888888889,4.11111111111111,3.85416666666667,,1706.6,1664.9,1274.8,1204,,2290,0,0,738,2467,3.84,24,3.84,64,0,1116.23944444444,0,62,,,,,,,,,,,,,,,,,,,,,,,,,,,,,,,,,,,,,,,,,,,,,,,,,,,,,,,,,,,,,,,,,,,,-6.216,,,
15:10:48.544,,,,,,,,,,,,,,,,,,,,,,,,,,,,,,,,,,,,,,,,,,,,,38.5,38.5,,,,,,,39,,,,,,,,,,,,,,,,,,,,,,,,,,,,,,,,,,,,,,,,,,,,,,,,,,,,,,,,,,,,,,
15:10:48.669,,,,,,,,,,,,,,,,,,,,,,,,,,,,,,,,,,,,,,,,,,,,,,,3.5,24,27,17,9,27,,26.5,26.5,28,,,,,,,,,,,,,,,,,,,,,,,,,,,,,,,,,,,,,,,,,,,,,,,,,,22.563386915267635,,2.5637581055833336,2.5637581055833336,-4.504504504504505,-22.2,,,,
15:10:48.906,,,,,,,,,,,,,,,,,,,,,,,,,,,,,,,,,,,,,,,,,,,,,,,,,,,,,,,,,6.550000000000011,86,20,13.797,744,35.67,13.986,30,,,,,,,,,,,,,,,,,,,,,,,,,,,,,,,,,,,,,,,,,,,,,,,,,,,
15:10:49.060,,,,,,,,,,,,,,,,,,,,,,,,,,,,,,,,,,,,,,,,,,,,,,,,,,,,,,,,,,,,,,,,,4.2,3,,,,,,,,,,,,,,,,,,,,,,,,,,,,,,,,,,,,,,,,,,,,,,,,,
15:10:49.301,,,,,,,,,,,,,,,,,,,,,,,,,,,,,,,,,,,,,,,,,,,,,,,,,,,,,,,,,,,,,,,,,,,,,,,,,,,,,,,,,,,,,,,,,,,,,,,,,,,,,,,13.9158375,13.7314843,24,,,,,,,,,,
15:10:49.628,,,,,,,,,,,,,,,,,,,,,,,,,,,,,,,,,,,,,,,,,,,,,,,,,,,,,,,,,,,,,,,,,,,0,0,,,,,27,1,,,0,,,,,,,27,26,,,,,,,,,,,,,,,,,,,,,,,,,,,,,,
15:10:49.811,,,,,,,,,,,,,,,,,,,,,,,,,,,,,,,,,,,,,,,,,,,,,,,,,,,,,,,,,,,,,,,,,,,,,,,,,,,,,,,,,,,,,,,,-50,0,0,0,0,400,0,0,0,0,,,,,,,,,,0,,,,,,0,,
15:10:50.081,,,,,,,,,,,,,,,,,,,,,,,,,,,,,,,,,,,,,,,,,,,,,,,,,,,,,,,,,,,,,,,,,,,,,0,17,123,0,,,0,825.6,,0,0.6000000000000001,9,0,30,0,,,350,825.6,,,,,,,,,,,0,0,62,741,4.443,,,,,,,,,,,,,
15:10:50.263,,,,0,,,,20,,,,,,,,,24,22,,,,,,,,24,,,,,0,,,,,,,,,,,,,,,,,,,,,,,,,,,,,,,,,,,,,,,,,,,,,,,,,,,,,,,,,,,,,,,,,,,,,,,,,,,,,,,,,,,,
15:10:50.410,13.3,-16.4,741.1,,0,0,27,,22,20,20,21,22,20,20,-12.15404,,,1116.24,4018464,0,0,5.14652777777778,4.11722222222222,3.85989583333333,,1706.6,1664.9,1274.8,1204,,1627,0,0,739,2467,3.86,22,3.84,64,0,1116.24,0,62,,,,,,,,,,,,,,,,,,,,,,,,,,,,,,,,,,,,,,,,,,,,,,,,,,,,,,,,,,,,,,,,,,,,-12.154039999999998,,,
15:10:50.588,,,,,,,,,,,,,,,,,,,,,,,,,,,,,,,,,,,,,,,,,,,,,38.5,38.5,,,,,,,38,,,,,,,,,,,,,,,,,,,,,,,,,,,,,,,,,,,,,,,,,,,,,,,,,,,,,,,,,,,,,,
15:10:50.707,,,,,,,,,,,,,,,,,,,,,,,,,,,,,,,,,,,,,,,,,,,,,,,3.5,24,27,17,9,27,,26.5,26.5,19,,,,,,,,,,,,,,,,,,,,,,,,,,,,,,,,,,,,,,,,,,,,,,,,,,22.545739558485284,,2.574502866305556,2.574502866305556,-1.5632662061339275,-63.96863157894737,,,-0.044985498607194155,
15:10:50.978,,,,,,,,,,,,,,,,,,,,,,,,,,,,,,,,,,,,,,,,,,,,,,,,,,,,,,,,,6.470000000000027,86,20,13.789000000000001,744.1,40.78,14.012,30,,,,,,,,,,,,,,,,,,,,,,,,,,,,,,,,,,,,,,,,,,,,,,,,,,,
15:10:51.127,,,,,,,,,,,,,,,,,,,,,,,,,,,,,,,,,,,,,,,,,,,,,,,,,,,,,,,,,,,,,,,,,-3.3000000000000003,3,,,,,,,,,,,,,,,,,,,,,,,,,,,,,,,,,,,,,,,,,,,,,,,,,
15:10:51.369,,,,,,,,,,,,,,,,,,,,,,,,,,,,,,,,,,,,,,,,,,,,,,,,,,,,,,,,,,,,,,,,,,,,,,,,,,,,,,,,,,,,,,,,,,,,,,,,,,,,,,,9.619017500000002,13.7588291,17.046875,,,,,,,,,,
15:10:51.669,,,,,,,,,,,,,,,,,,,,,,,,,,,,,,,,,,,,,,,,,,,,,,,,,,,,,,,,,,,,,,,,,,,0,0,,,,,27,1,,,0,,,,,,,27,26,,,,,,,,,,,,,,,,,,,,,,,,,,,,,,
15:10:51.882,,,,,,,,,,,,,,,,,,,,,,,,,,,,,,,,,,,,,,,,,,,,,,,,,,,,,,,,,,,,,,,,,,,,,,,,,,,,,,,,,,,,,,,,-50,0,0,0,0,400,0,0,0,0,,,,,,,,,,0,,,,,,0,,
15:10:52.173,,,,,,,,,,,,,,,,,,,,,,,,,,,,,,,,,,,,,,,,,,,,,,,,,,,,,,,,,,,,,,,,,,,,,0,17,123,0,,,0,825.6,,0,0.6000000000000001,9,0,30,0,,,350,825.6,,,,,,,,,,,0,0,62,740.9000000000001,4.443,,,,,,,,,,,,,
15:10:52.357,,,,0,,,,20,,,,,,,,,24,22,,,,,,,,24,,,,,0,,,,,,,,,,,,,,,,,,,,,,,,,,,,,,,,,,,,,,,,,,,,,,,,,,,,,,,,,,,,,,,,,,,,,,,,,,,,,,,,,,,,
15:10:52.508,13.3,-8.9,740.5,,0,0,27,,22,20,20,21,22,20,20,-6.59045,,,1116.2405555555556,4018466,0,0,5.14236111111111,4.11388888888889,3.85677083333333,,1706.6,1664.9,1274.8,1204,,751,0,0,739,2467,3.86,24,3.84,64,0,1116.24055555556,0,62,,,,,,,,,,,,,,,,,,,,,,,,,,,,,,,,,,,,,,,,,,,,,,,,,,,,,,,,,,,,,,,,,,,,-12.1442,,,
15:10:52.688,,,,,,,,,,,,,,,,,,,,,,,,,,,,,,,,,,,,,,,,,,,,,38.5,38.5,,,,,,,38,,,,,,,,,,,,,,,,,,,,,,,,,,,,,,,,,,,,,,,,,,,,,,,,,,,,,,,,,,,,,,
15:10:52.807,,,,,,,,,,,,,,,,,,,,,,,,,,,,,,,,,,,,,,,,,,,,,,,3.5,23,27,17,9,27,,26.5,26.5,7,,,,,,,,,,,,,,,,,,,,,,,,,,,,,,,,,,,,,,,,,,,,,,,,,,22.46671256188803,,2.5785870398333337,2.5785870398333337,-1.0621429492675007,-94.14928571428571,,,-0.08866572970746749,
15:10:53.081,,,,,,,,,,,,,,,,,,,,,,,,,,,,,,,,,,,,,,,,,,,,,,,,,,,,,,,,,6.470000000000027,86,20,13.79,744,40.87,14.021,30,,,,,,,,,,,,,,,,,,,,,,,,,,,,,,,,,,,,,,,,,,,,,,,,,,,
15:10:53.226,,,,,,,,,,,,,,,,,,,,,,,,,,,,,,,,,,,,,,,,,,,,,,,,,,,,,,,,,,,,,,,,,0.30000000000000004,3,,,,,,,,,,,,,,,,,,,,,,,,,,,,,,,,,,,,,,,,,,,,,,,,,
15:10:53.469,,,,,,,,,,,,,,,,,,,,,,,,,,,,,,,,,,,,,,,,,,,,,,,,,,,,,,,,,,,,,,,,,,,,,,,,,,,,,,,,,,,,,,,,,,,,,,,,,,,,,,,0,13.7593174,5.34375,,,,,,,,,,
15:10:53.769,,,,,,,,,,,,,,,,,,,,,,,,,,,,,,,,,,,,,,,,,,,,,,,,,,,,,,,,,,,,,,,,,,,0,0,,,,,27,1,,,0,,,,,,,27,26,,,,,,,,,,,,,,,,,,,,,,,,,,,,,,
15:10:53.980,,,,,,,,,,,,,,,,,,,,,,,,,,,,,,,,,,,,,,,,,,,,,,,,,,,,,,,,,,,,,,,,,,,,,,,,,,,,,,,,,,,,,,,,-50,0,0,0,0,400,0,0,0,0,,,,,,,,,,0,,,,,,0,,
15:10:54.247,,,,,,,,,,,,,,,,,,,,,,,,,,,,,,,,,,,,,,,,,,,,,,,,,,,,,,,,,,,,,,,,,,,,,0,17,123,0,,,0,825.6,,0,0.6000000000000001,9,0,30,0,,,350,825.6,,,,,,,,,,,0,0,62,739.7,4.444,,,,,,,,,,,,,
15:10:54.426,,,,0,,,,20,,,,,,,,,24,22,,,,,,,,24,,,,,0,,,,,,,,,,,,,,,,,,,,,,,,,,,,,,,,,,,,,,,,,,,,,,,,,,,,,,,,,,,,,,,,,,,,,,,,,,,,,,,,,,,,
15:10:54.578,13.3,1,739.5,,0,0,27,,22,20,20,21,22,20,20,0.7395,,,1116.2411111111112,4018468,0,0,5.13541666666667,4.10833333333333,3.8515625,,1706.6,1664.9,1274.8,1204,,109,0,0,737,2465,3.84,22,3.84,61,0,1116.24111111111,0,62,,,,,,,,,,,,,,,,,,,,,,,,,,,,,,,,,,,,,,,,,,,,,,,,,,,,,,,,,,,,,,,,,,,,-6.58155,,,
15:10:54.756,,,,,,,,,,,,,,,,,,,,,,,,,,,,,,,,,,,,,,,,,,,,,38.5,38.5,,,,,,,39,,,,,,,,,,,,,,,,,,,,,,,,,,,,,,,,,,,,,,,,,,,,,,,,,,,,,,,,,,,,,,
15:10:54.875,,,,,,,,,,,,,,,,,,,,,,,,,,,,,,,,,,,,,,,,,,,,,,,3.5,23,27,16.5,9,27,,26.5,26.5,1,,,,,,,,,,,,,,,,,,,,,,,,,,,,,,,,,,,,,,,,,,,,,,,,,,22.35958184836835,,2.5791626964722227,2.5791626964722227,1.352265043948614,73.95,,,-0.10536732634595203,
15:10:55.119,,,,,,,,,,,,,,,,,,,,,,,,,,,,,,,,,,,,,,,,,,,,,,,,,,,,,,,,,6.4599999999999795,86,20,13.791,742.8000000000001,40.72,14.016,31,,,,,,,,,,,,,,,,,,,,,,,,,,,,,,,,,,,,,,,,,,,,,,,,,,,
15:10:55.265,,,,,,,,,,,,,,,,,,,,,,,,,,,,,,,,,,,,,,,,,,,,,,,,,,,,,,,,,,,,,,,,,-5.5,3,,,,,,,,,,,,,,,,,,,,,,,,,,,,,,,,,,,,,,,,,,,,,,,,,
15:10:55.507,,,,,,,,,,,,,,,,,,,,,,,,,,,,,,,,,,,,,,,,,,,,,,,,,,,,,,,,,,,,,,,,,,,,,,,,,,,,,,,,,,,,,,,,,,,,,,,,,,,,,,,0,13.7588291,0.5625,,,,,,,,,,
15:10:55.806,,,,,,,,,,,,,,,,,,,,,,,,,,,,,,,,,,,,,,,,,,,,,,,,,,,,,,,,,,,,,,,,,,,0,0,,,,,27,1,,,0,,,,,,,27,26,,,,,,,,,,,,,,,,,,,,,,,,,,,,,,
15:10:55.987,,,,,,,,,,,,,,,,,,,,,,,,,,,,,,,,,,,,,,,,,,,,,,,,,,,,,,,,,,,,,,,,,,,,,,,,,,,,,,,,,,,,,,,,-50,0,0,0,0,400,0,0,0,0,,,,,,,,,,0,,,,,,0,,
15:10:56.287,,,,,,,,,,,,,,,,,,,,,,,,,,,,,,,,,,,,,,,,,,,,,,,,,,,,,,,,,,,,,,,,,,,,,0,17,123,0,,,0,825.6,,0,0.6000000000000001,9,0,30,0,,,350,825.6,,,,,,,,,,,0,0,62,739.5,4.444,,,,,,,,,,,,,
15:10:56.465,,,,0,,,,20,,,,,,,,,24,22,,,,,,,,24,,,,,0,,,,,,,,,,,,,,,,,,,,,,,,,,,,,,,,,,,,,,,,,,,,,,,,,,,,,,,,,,,,,,,,,,,,,,,,,,,,,,,,,,,,
15:10:56.648,13.3,1.4,739.5,,0,0,27,,22,20,20,21,22,20,20,1.0353,,,1116.2416666666666,4018470,0,0,5.13541666666667,4.10833333333333,3.8515625,,1706.6,1664.9,1274.8,1204,,8,0,0,737,2465,3.84,24,3.84,2,0,1116.24166666667,0,62,,,,,,,,,,,,,,,,,,,,,,,,,,,,,,,,,,,,,,,,,,,,,,,,,,,,,,,,,,,,,,,,,,,,0.7395,,,
15:10:56.827,,,,,,,,,,,,,,,,,,,,,,,,,,,,,,,,,,,,,,,,,,,,,38.5,38.5,,,,,,,39,,,,,,,,,,,,,,,,,,,,,,,,,,,,,,,,,,,,,,,,,,,,,,,,,,,,,,,,,,,,,,
15:10:56.945,,,,,,,,,,,,,,,,,,,,,,,,,,,,,,,,,,,,,,,,,,,,,,,3.5,22,27,16.5,9,27,,26.5,26.5,0,,,,,,,,,,,,,,,,,,,,,,,,,,,,,,,,,,,,,,,,,,,,,,,,,,22.248914385794777,,2.5791626964722227,2.5791626964722227,0,,,,-0.09583299254948624,
15:10:57.186,,,,,,,,,,,,,,,,,,,,,,,,,,,,,,,,,,,,,,,,,,,,,,,,,,,,,,,,,6.449999999999989,86,20,13.79,742.8000000000001,40.81,14.029,31,,,,,,,,,,,,,,,,,,,,,,,,,,,,,,,,,,,,,,,,,,,,,,,,,,,
15:10:57.335,,,,,,,,,,,,,,,,,,,,,,,,,,,,,,,,,,,,,,,,,,,,,,,,,,,,,,,,,,,,,,,,,-2.8000000000000003,3,,,,,,,,,,,,,,,,,,,,,,,,,,,,,,,,,,,,,,,,,,,,,,,,,
15:10:57.576,,,,,,,,,,,,,,,,,,,,,,,,,,,,,,,,,,,,,,,,,,,,,,,,,,,,,,,,,,,,,,,,,,,,,,,,,,,,,,,,,,,,,,,,,,,,,,,,,,,,,,,0,13.7217183,0.109375,,,,,,,,,,
15:10:57.877,,,,,,,,,,,,,,,,,,,,,,,,,,,,,,,,,,,,,,,,,,,,,,,,,,,,,,,,,,,,,,,,,,,0,0,,,,,27,1,,,0,,,,,,,27,26,,,,,,,,,,,,,,,,,,,,,,,,,,,,,,
15:10:58.058,,,,,,,,,,,,,,,,,,,,,,,,,,,,,,,,,,,,,,,,,,,,,,,,,,,,,,,,,,,,,,,,,,,,,,,,,,,,,,,,,,,,,,,,-50,0,0,0,0,400,0,0,0,0,,,,,,,,,,0,,,,,,0,,
15:10:58.331,,,,,,,,,,,,,,,,,,,,,,,,,,,,,,,,,,,,,,,,,,,,,,,,,,,,,,,,,,,,,,,,,,,,,0,17,123,0,,,0,825.6,,0,0.6000000000000001,9,0,30,0,,,350,825.6,,,,,,,,,,,0,0,62,739.4000000000001,4.444,,,,,,,,,,,,,
15:10:58.537,,,,0,,,,20,,,,,,,,,24,22,,,,,,,,24,,,,,0,,,,,,,,,,,,,,,,,,,,,,,,,,,,,,,,,,,,,,,,,,,,,,,,,,,,,,,,,,,,,,,,,,,,,,,,,,,,,,,,,,,,
15:10:58.687,13.3,1.4,739.4,,0,0,27,,22,20,20,21,22,20,20,1.03516,,,1116.2422222222222,4018472,0,0,5.13472222222222,4.10777777777778,3.85104166666667,,1706.6,1664.9,1274.8,1204,,0,0,0,737,2465,3.84,11,3.84,37,0,1116.24222222222,0,62,,,,,,,,,,,,,,,,,,,,,,,,,,,,,,,,,,,,,,,,,,,,,,,,,,,,,,,,,,,,,,,,,,,,1.0351599999999999,,,
15:10:58.865,,,,,,,,,,,,,,,,,,,,,,,,,,,,,,,,,,,,,,,,,,,,,38.5,38.5,,,,,,,39,,,,,,,,,,,,,,,,,,,,,,,,,,,,,,,,,,,,,,,,,,,,,,,,,,,,,,,,,,,,,,
15:10:58.987,,,,,,,,,,,,,,,,,,,,,,,,,,,,,,,,,,,,,,,,,,,,,,,3.5,22,27,16.5,9,27,,26.5,26.5,0,,,,,,,,,,,,,,,,,,,,,,,,,,,,,,,,,,,,,,,,,,,,,,,,,,22.140586484884533,,2.5791626964722227,2.5791626964722227,0,,,,-0.06499658936817534,
15:10:59.284,,,,,,,,,,,,,,,,,,,,,,,,,,,,,,,,,,,,,,,,,,,,,,,,,,,,,,,,,6.449999999999989,86,20,13.792,742.8000000000001,40.08,14.02,31,,,,,,,,,,,,,,,,,,,,,,,,,,,,,,,,,,,,,,,,,,,,,,,,,,,
15:10:59.467,,,,,,,,,,,,,,,,,,,,,,,,,,,,,,,,,,,,,,,,,,,,,,,,,,,,,,,,,,,,,,,,,-0.30000000000000004,3,,,,,,,,,,,,,,,,,,,,,,,,,,,,,,,,,,,,,,,,,,,,,,,,,
15:10:59.713,,,,,,,,,,,,,,,,,,,,,,,,,,,,,,,,,,,,,,,,,,,,,,,,,,,,,,,,,,,,,,,,,,,,,,,,,,,,,,,,,,,,,,,,,,,,,,,,,,,,,,,0,13.760294,0.0625,,,,,,,,,,
15:11:00.036,,,,,,,,,,,,,,,,,,,,,,,,,,,,,,,,,,,,,,,,,,,,,,,,,,,,,,,,,,,,,,,,,,,0,0,,,,,27,1,,,0,,,,,,,27,26,,,,,,,,,,,,,,,,,,,,,,,,,,,,,,
15:11:00.216,,,,,,,,,,,,,,,,,,,,,,,,,,,,,,,,,,,,,,,,,,,,,,,,,,,,,,,,,,,,,,,,,,,,,,,,,,,,,,,,,,,,,,,,-50,0,0,0,0,400,0,0,0,0,,,,,,,,,,0,,,,,,0,,
15:11:00.486,,,,,,,,,,,,,,,,,,,,,,,,,,,,,,,,,,,,,,,,,,,,,,,,,,,,,,,,,,,,,,,,,,,,,0,17,123,0,,,0,825.6,,0,0.6000000000000001,9,0,30,0,,,350,825.6,,,,,,,,,,,0,0,62,739.4000000000001,4.443,,,,,,,,,,,,,
15:11:00.697,,,,0,,,,20,,,,,,,,,24,22,,,,,,,,24,,,,,0,,,,,,,,,,,,,,,,,,,,,,,,,,,,,,,,,,,,,,,,,,,,,,,,,,,,,,,,,,,,,,,,,,,,,,,,,,,,,,,,,,,,
15:11:00.849,13.3,1.4,739.4,,0,0,27,,22,20,20,21,22,20,20,1.03516,,,1116.2427777777777,4018474,0,0,5.13472222222222,4.10777777777778,3.85104166666667,,1706.6,1664.9,1274.8,1204,,0,0,0,737,2465,3.84,22,3.84,2,0,1116.24277777778,0,62,,,,,,,,,,,,,,,,,,,,,,,,,,,,,,,,,,,,,,,,,,,,,,,,,,,,,,,,,,,,,,,,,,,,1.0351599999999999,,,
15:11:01.027,,,,,,,,,,,,,,,,,,,,,,,,,,,,,,,,,,,,,,,,,,,,,38.5,38.5,,,,,,,39,,,,,,,,,,,,,,,,,,,,,,,,,,,,,,,,,,,,,,,,,,,,,,,,,,,,,,,,,,,,,,
15:11:01.150,,,,,,,,,,,,,,,,,,,,,,,,,,,,,,,,,,,,,,,,,,,,,,,3,22,26.5,16.5,9,26.5,,26.5,26.5,0,,,,,,,,,,,,,,,,,,,,,,,,,,,,,,,,,,,,,,,,,,,,,,,,,,22.02697887860395,,2.5791626964722227,2.5791626964722227,0,,,,-0.023766483959437958,
15:11:01.392,,,,,,,,,,,,,,,,,,,,,,,,,,,,,,,,,,,,,,,,,,,,,,,,,,,,,,,,,6.639999999999986,86,20,13.807,742.8000000000001,40.5,14.033,31,,,,,,,,,,,,,,,,,,,,,,,,,,,,,,,,,,,,,,,,,,,,,,,,,,,
15:11:01.515,,,,,,,,,,,,,,,,,,,,,,,,,,,,,,,,,,,,,,,,,,,,,,,,,,,,,,,,,,,,,,,,,-0.2,3,,,,,,,,,,,,,,,,,,,,,,,,,,,,,,,,,,,,,,,,,,,,,,,,,
15:11:01.750,,,,,,,,,,,,,,,,,,,,,,,,,,,,,,,,,,,,,,,,,,,,,,,,,,,,,,,,,,,,,,,,,,,,,,,,,,,,,,,,,,,,,,,,,,,,,,,,,,,,,,,0,13.770548300000002,0,,,,,,,,,,
15:11:02.050,,,,,,,,,,,,,,,,,,,,,,,,,,,,,,,,,,,,,,,,,,,,,,,,,,,,,,,,,,,,,,,,,,,0,0,,,,,27,1,,,0,,,,,,,27,26,,,,,,,,,,,,,,,,,,,,,,,,,,,,,,
15:11:02.225,,,,,,,,,,,,,,,,,,,,,,,,,,,,,,,,,,,,,,,,,,,,,,,,,,,,,,,,,,,,,,,,,,,,,,,,,,,,,,,,,,,,,,,,-50,0,0,0,0,400,0,0,0,0,,,,,,,,,,0,,,,,,0,,
15:11:02.499,,,,,,,,,,,,,,,,,,,,,,,,,,,,,,,,,,,,,,,,,,,,,,,,,,,,,,,,,,,,,,,,,,,,,0,17,123,0,,,0,825.6,,0,0.6000000000000001,9,0,30,0,,,350,825.6,,,,,,,,,,,0,0,62,739.4000000000001,4.443,,,,,,,,,,,,,
15:11:02.677,,,,0,,,,20,,,,,,,,,24,22,,,,,,,,24,,,,,0,,,,,,,,,,,,,,,,,,,,,,,,,,,,,,,,,,,,,,,,,,,,,,,,,,,,,,,,,,,,,,,,,,,,,,,,,,,,,,,,,,,,
15:11:02.832,13.3,1.4,739.4,,0,0,27,,22,20,20,21,22,20,20,1.03516,,,1116.2433333333333,4018476,0,0,5.13472222222222,4.10777777777778,3.85104166666667,,1706.6,1664.9,1274.8,1204,,0,0,0,737,2465,3.84,22,3.84,145,0,1116.24333333333,0,62,,,,,,,,,,,,,,,,,,,,,,,,,,,,,,,,,,,,,,,,,,,,,,,,,,,,,,,,,,,,,,,,,,,,1.0351599999999999,,,
15:11:03.009,,,,,,,,,,,,,,,,,,,,,,,,,,,,,,,,,,,,,,,,,,,,,38.5,38.5,,,,,,,39,,,,,,,,,,,,,,,,,,,,,,,,,,,,,,,,,,,,,,,,,,,,,,,,,,,,,,,,,,,,,,
15:11:03.129,,,,,,,,,,,,,,,,,,,,,,,,,,,,,,,,,,,,,,,,,,,,,,,3,22,26.5,16.5,9,26.5,,26.5,26.5,0,,,,,,,,,,,,,,,,,,,,,,,,,,,,,,,,,,,,,,,,,,,,,,,,,,21.924008015343727,,2.5791626964722227,2.5791626964722227,0,,,,-0.0034317972740486994,
15:11:03.366,,,,,,,,,,,,,,,,,,,,,,,,,,,,,,,,,,,,,,,,,,,,,,,,,,,,,,,,,6.579999999999984,86,20,13.808,742.8000000000001,40.78,14.03,31,,,,,,,,,,,,,,,,,,,,,,,,,,,,,,,,,,,,,,,,,,,,,,,,,,,
15:11:03.484,,,,,,,,,,,,,,,,,,,,,,,,,,,,,,,,,,,,,,,,,,,,,,,,,,,,,,,,,,,,,,,,,-0.30000000000000004,3,,,,,,,,,,,,,,,,,,,,,,,,,,,,,,,,,,,,,,,,,,,,,,,,,
15:11:03.727,,,,,,,,,,,,,,,,,,,,,,,,,,,,,,,,,,,,,,,,,,,,,,,,,,,,,,,,,,,,,,,,,,,,,,,,,,,,,,,,,,,,,,,,,,,,,,,,,,,,,,,0,13.750528,0,,,,,,,,,,
15:11:04.027,,,,,,,,,,,,,,,,,,,,,,,,,,,,,,,,,,,,,,,,,,,,,,,,,,,,,,,,,,,,,,,,,,,0,0,,,,,27,1,,,0,,,,,,,27,26,,,,,,,,,,,,,,,,,,,,,,,,,,,,,,
15:11:04.207,,,,,,,,,,,,,,,,,,,,,,,,,,,,,,,,,,,,,,,,,,,,,,,,,,,,,,,,,,,,,,,,,,,,,,,,,,,,,,,,,,,,,,,,-50,0,0,0,0,400,0,0,0,0,,,,,,,,,,0,,,,,,0,,
15:11:04.480,,,,,,,,,,,,,,,,,,,,,,,,,,,,,,,,,,,,,,,,,,,,,,,,,,,,,,,,,,,,,,,,,,,,,0,17,123,0,,,0,825.6,,0,0.6000000000000001,9,0,30,0,,,350,825.6,,,,,,,,,,,0,0,62,739.4000000000001,4.444,,,,,,,,,,,,,
15:11:04.656,,,,0,,,,20,,,,,,,,,24,22,,,,,,,,24,,,,,0,,,,,,,,,,,,,,,,,,,,,,,,,,,,,,,,,,,,,,,,,,,,,,,,,,,,,,,,,,,,,,,,,,,,,,,,,,,,,,,,,,,,
15:11:04.806,13.3,1.4,739.4,,0,0,27,,22,20,20,21,22,20,20,1.03516,,,1116.243888888889,4018478,0,0,5.13472222222222,4.10777777777778,3.85104166666667,,1706.6,1664.9,1274.8,1204,,0,0,0,737,2468,3.84,24,3.84,61,0,1116.24388888889,0,62,,,,,,,,,,,,,,,,,,,,,,,,,,,,,,,,,,,,,,,,,,,,,,,,,,,,,,,,,,,,,,,,,,,,1.0351599999999999,,,
15:11:04.987,,,,,,,,,,,,,,,,,,,,,,,,,,,,,,,,,,,,,,,,,,,,,38.5,38.5,,,,,,,38,,,,,,,,,,,,,,,,,,,,,,,,,,,,,,,,,,,,,,,,,,,,,,,,,,,,,,,,,,,,,,
15:11:05.105,,,,,,,,,,,,,,,,,,,,,,,,,,,,,,,,,,,,,,,,,,,,,,,3,22,26.5,16.5,9,26.5,,26.5,26.5,0,,,,,,,,,,,,,,,,,,,,,,,,,,,,,,,,,,,,,,,,,,,,,,,,,,21.822199802169578,,2.5791626964722227,2.5791626964722227,0,,,,0,
15:11:05.346,,,,,,,,,,,,,,,,,,,,,,,,,,,,,,,,,,,,,,,,,,,,,,,,,,,,,,,,,6.439999999999998,86,20,13.792,742.8000000000001,40.74,14.041,31,,,,,,,,,,,,,,,,,,,,,,,,,,,,,,,,,,,,,,,,,,,,,,,,,,,
15:11:05.495,,,,,,,,,,,,,,,,,,,,,,,,,,,,,,,,,,,,,,,,,,,,,,,,,,,,,,,,,,,,,,,,,-0.30000000000000004,3,,,,,,,,,,,,,,,,,,,,,,,,,,,,,,,,,,,,,,,,,,,,,,,,,
15:11:05.737,,,,,,,,,,,,,,,,,,,,,,,,,,,,,,,,,,,,,,,,,,,,,,,,,,,,,,,,,,,,,,,,,,,,,,,,,,,,,,,,,,,,,,,,,,,,,,,,,,,,,,,0,13.770548300000002,0,,,,,,,,,,
15:11:06.037,,,,,,,,,,,,,,,,,,,,,,,,,,,,,,,,,,,,,,,,,,,,,,,,,,,,,,,,,,,,,,,,,,,0,0,,,,,27,1,,,0,,,,,,,27,26,,,,,,,,,,,,,,,,,,,,,,,,,,,,,,
15:11:06.217,,,,,,,,,,,,,,,,,,,,,,,,,,,,,,,,,,,,,,,,,,,,,,,,,,,,,,,,,,,,,,,,,,,,,,,,,,,,,,,,,,,,,,,,-50,0,0,0,0,400,0,0,0,0,,,,,,,,,,0,,,,,,0,,
15:11:06.490,,,,,,,,,,,,,,,,,,,,,,,,,,,,,,,,,,,,,,,,,,,,,,,,,,,,,,,,,,,,,,,,,,,,,0,17,123,0,,,0,825.6,,0,0.6000000000000001,9,0,30,0,,,350,825.6,,,,,,,,,,,0,0,62,739.4000000000001,4.443,,,,,,,,,,,,,
15:11:06.665,,,,0,,,,20,,,,,,,,,24,22,,,,,,,,24,,,,,0,,,,,,,,,,,,,,,,,,,,,,,,,,,,,,,,,,,,,,,,,,,,,,,,,,,,,,,,,,,,,,,,,,,,,,,,,,,,,,,,,,,,
15:11:06.816,13.3,1.4,739.4,,0,0,27,,22,20,21,21,22,20,20,1.03516,,,1116.2444444444445,4018480,0,0,5.13472222222222,4.10777777777778,3.85104166666667,,1706.6,1664.9,1274.8,1204,,0,0,0,737,2468,3.84,24,3.84,64,0,1116.24444444444,0,62,,,,,,,,,,,,,,,,,,,,,,,,,,,,,,,,,,,,,,,,,,,,,,,,,,,,,,,,,,,,,,,,,,,,1.0351599999999999,,,
15:11:07.027,,,,,,,,,,,,,,,,,,,,,,,,,,,,,,,,,,,,,,,,,,,,,38.5,38.5,,,,,,,38,,,,,,,,,,,,,,,,,,,,,,,,,,,,,,,,,,,,,,,,,,,,,,,,,,,,,,,,,,,,,,
15:11:07.147,,,,,,,,,,,,,,,,,,,,,,,,,,,,,,,,,,,,,,,,,,,,,,,3,22,26.5,16.5,9,26.5,,26.5,26.5,0,,,,,,,,,,,,,,,,,,,,,,,,,,,,,,,,,,,,,,,,,,,,,,,,,,21.71799105095247,,2.5791626964722227,2.5791626964722227,0,,,,0,
15:11:07.390,,,,,,,,,,,,,,,,,,,,,,,,,,,,,,,,,,,,,,,,,,,,,,,,,,,,,,,,,6.53000000000003,86,20,13.808,742.3000000000001,40.05,14.027,31,,,,,,,,,,,,,,,,,,,,,,,,,,,,,,,,,,,,,,,,,,,,,,,,,,,
15:11:07.515,,,,,,,,,,,,,,,,,,,,,,,,,,,,,,,,,,,,,,,,,,,,,,,,,,,,,,,,,,,,,,,,,-0.30000000000000004,3,,,,,,,,,,,,,,,,,,,,,,,,,,,,,,,,,,,,,,,,,,,,,,,,,
15:11:07.752,,,,,,,,,,,,,,,,,,,,,,,,,,,,,,,,,,,,,,,,,,,,,,,,,,,,,,,,,,,,,,,,,,,,,,,,,,,,,,,,,,,,,,,,,,,,,,,,,,,,,,,0,13.760294,0,,,,,,,,,,
15:11:08.046,,,,,,,,,,,,,,,,,,,,,,,,,,,,,,,,,,,,,,,,,,,,,,,,,,,,,,,,,,,,,,,,,,,0,0,,,,,27,1,,,0,,,,,,,27,26,,,,,,,,,,,,,,,,,,,,,,,,,,,,,,
15:11:08.228,,,,,,,,,,,,,,,,,,,,,,,,,,,,,,,,,,,,,,,,,,,,,,,,,,,,,,,,,,,,,,,,,,,,,,,,,,,,,,,,,,,,,,,,-50,0,0,0,0,400,0,0,0,0,,,,,,,,,,0,,,,,,0,,
15:11:08.500,,,,,,,,,,,,,,,,,,,,,,,,,,,,,,,,,,,,,,,,,,,,,,,,,,,,,,,,,,,,,,,,,,,,,0,17,123,0,,,0,825.6,,0,0.6000000000000001,9,0,30,0,,,350,825.6,,,,,,,,,,,0,0,62,739.4000000000001,4.444,,,,,,,,,,,,,
15:11:08.676,,,,0,,,,20,,,,,,,,,24,22,,,,,,,,24,,,,,0,,,,,,,,,,,,,,,,,,,,,,,,,,,,,,,,,,,,,,,,,,,,,,,,,,,,,,,,,,,,,,,,,,,,,,,,,,,,,,,,,,,,
15:11:08.825,13.3,1.4,739.4,,0,0,27,,22,20,20,21,22,20,20,1.03516,,,1116.245,4018482,0,0,5.13472222222222,4.10777777777778,3.85104166666667,,1706.6,1664.9,1274.8,1204,,0,0,0,737,2468,3.84,12,3.84,61,0,1116.245,0,62,,,,,,,,,,,,,,,,,,,,,,,,,,,,,,,,,,,,,,,,,,,,,,,,,,,,,,,,,,,,,,,,,,,,1.0351599999999999,,,
15:11:09.007,,,,,,,,,,,,,,,,,,,,,,,,,,,,,,,,,,,,,,,,,,,,,38.5,38.5,,,,,,,38,,,,,,,,,,,,,,,,,,,,,,,,,,,,,,,,,,,,,,,,,,,,,,,,,,,,,,,,,,,,,,
15:11:09.190,,,,,,,,,,,,,,,,,,,,,,,,,,,,,,,,,,,,,,,,,,,,,,,3,22,26.5,16.5,9,26.5,,26.5,26.5,0,,,,,,,,,,,,,,,,,,,,,,,,,,,,,,,,,,,,,,,,,,,,,,,,,,21.614735436108642,,2.5791626964722227,2.5791626964722227,0,,,,0,
15:11:09.456,,,,,,,,,,,,,,,,,,,,,,,,,,,,,,,,,,,,,,,,,,,,,,,,,,,,,,,,,6.319999999999993,86,20,13.791,742.8000000000001,40.88,14.038,31,,,,,,,,,,,,,,,,,,,,,,,,,,,,,,,,,,,,,,,,,,,,,,,,,,,
15:11:09.585,,,,,,,,,,,,,,,,,,,,,,,,,,,,,,,,,,,,,,,,,,,,,,,,,,,,,,,,,,,,,,,,,-0.2,3,,,,,,,,,,,,,,,,,,,,,,,,,,,,,,,,,,,,,,,,,,,,,,,,,
15:11:09.816,,,,,,,,,,,,,,,,,,,,,,,,,,,,,,,,,,,,,,,,,,,,,,,,,,,,,,,,,,,,,,,,,,,,,,,,,,,,,,,,,,,,,,,,,,,,,,,,,,,,,,,0,13.7695717,0,,,,,,,,,,
15:11:10.118,,,,,,,,,,,,,,,,,,,,,,,,,,,,,,,,,,,,,,,,,,,,,,,,,,,,,,,,,,,,,,,,,,,0,0,,,,,27,1,,,0,,,,,,,27,26,,,,,,,,,,,,,,,,,,,,,,,,,,,,,,
15:11:10.299,,,,,,,,,,,,,,,,,,,,,,,,,,,,,,,,,,,,,,,,,,,,,,,,,,,,,,,,,,,,,,,,,,,,,,,,,,,,,,,,,,,,,,,,-50,0,0,0,0,400,0,0,0,0,,,,,,,,,,0,,,,,,0,,
15:11:10.570,,,,,,,,,,,,,,,,,,,,,,,,,,,,,,,,,,,,,,,,,,,,,,,,,,,,,,,,,,,,,,,,,,,,,0,17,123,0,,,0,825.6,,0,0.6000000000000001,9,0,30,0,,,350,825.6,,,,,,,,,,,0,0,62,739.4000000000001,4.444,,,,,,,,,,,,,
15:11:10.746,,,,0,,,,20,,,,,,,,,24,22,,,,,,,,24,,,,,0,,,,,,,,,,,,,,,,,,,,,,,,,,,,,,,,,,,,,,,,,,,,,,,,,,,,,,,,,,,,,,,,,,,,,,,,,,,,,,,,,,,,
15:11:10.896,13.3,1.4,739.4,,0,0,27,,22,20,20,21,22,20,20,1.03516,,,1116.2455555555555,4018484,0,0,5.13472222222222,4.10777777777778,3.85104166666667,,1706.6,1664.9,1274.8,1204,,0,0,0,737,2468,3.84,24,3.84,61,0,1116.24555555556,0,62,,,,,,,,,,,,,,,,,,,,,,,,,,,,,,,,,,,,,,,,,,,,,,,,,,,,,,,,,,,,,,,,,,,,1.0351599999999999,,,
15:11:11.077,,,,,,,,,,,,,,,,,,,,,,,,,,,,,,,,,,,,,,,,,,,,,38.5,38.5,,,,,,,38,,,,,,,,,,,,,,,,,,,,,,,,,,,,,,,,,,,,,,,,,,,,,,,,,,,,,,,,,,,,,,
15:11:11.196,,,,,,,,,,,,,,,,,,,,,,,,,,,,,,,,,,,,,,,,,,,,,,,3,23,26.5,16.5,8.5,26.5,,26.5,26.5,0,,,,,,,,,,,,,,,,,,,,,,,,,,,,,,,,,,,,,,,,,,,,,,,,,,21.51423647889878,,2.5791626964722227,2.5791626964722227,0,,,,0,
15:11:11.436,,,,,,,,,,,,,,,,,,,,,,,,,,,,,,,,,,,,,,,,,,,,,,,,,,,,,,,,,6.509999999999991,86,20,13.809000000000001,742.8000000000001,39.79,14.031,31,,,,,,,,,,,,,,,,,,,,,,,,,,,,,,,,,,,,,,,,,,,,,,,,,,,
15:11:11.615,,,,,,,,,,,,,,,,,,,,,,,,,,,,,,,,,,,,,,,,,,,,,,,,,,,,,,,,,,,,,,,,,-0.30000000000000004,3,,,,,,,,,,,,,,,,,,,,,,,,,,,,,,,,,,,,,,,,,,,,,,,,,
15:11:11.858,,,,,,,,,,,,,,,,,,,,,,,,,,,,,,,,,,,,,,,,,,,,,,,,,,,,,,,,,,,,,,,,,,,,,,,,,,,,,,,,,,,,,,,,,,,,,,,,,,,,,,,0,13.750528,0,,,,,,,,,,
15:11:12.156,,,,,,,,,,,,,,,,,,,,,,,,,,,,,,,,,,,,,,,,,,,,,,,,,,,,,,,,,,,,,,,,,,,0,0,,,,,27,1,,,0,,,,,,,27,26,,,,,,,,,,,,,,,,,,,,,,,,,,,,,,
15:11:12.337,,,,,,,,,,,,,,,,,,,,,,,,,,,,,,,,,,,,,,,,,,,,,,,,,,,,,,,,,,,,,,,,,,,,,,,,,,,,,,,,,,,,,,,,-50,0,0,0,0,400,0,0,0,0,,,,,,,,,,0,,,,,,0,,
15:11:12.610,,,,,,,,,,,,,,,,,,,,,,,,,,,,,,,,,,,,,,,,,,,,,,,,,,,,,,,,,,,,,,,,,,,,,0,17,123,0,,,0,825.6,,0,0.6000000000000001,9,0,30,0,,,350,825.6,,,,,,,,,,,0,0,62,739.4000000000001,4.444,,,,,,,,,,,,,
15:11:12.816,,,,0,,,,20,,,,,,,,,24,22,,,,,,,,24,,,,,0,,,,,,,,,,,,,,,,,,,,,,,,,,,,,,,,,,,,,,,,,,,,,,,,,,,,,,,,,,,,,,,,,,,,,,,,,,,,,,,,,,,,
15:11:12.966,13.3,1.4,739.4,,0,0,27,,22,20,20,21,22,20,20,1.03516,,,1116.246111111111,4018486,0,0,5.13472222222222,4.10777777777778,3.85104166666667,,1706.6,1664.9,1274.8,1204,,0,0,0,737,2471,3.84,22,3.84,2,0,1116.24611111111,0,62,,,,,,,,,,,,,,,,,,,,,,,,,,,,,,,,,,,,,,,,,,,,,,,,,,,,,,,,,,,,,,,,,,,,1.0351599999999999,,,
15:11:13.146,,,,,,,,,,,,,,,,,,,,,,,,,,,,,,,,,,,,,,,,,,,,,38.5,38.5,,,,,,,38,,,,,,,,,,,,,,,,,,,,,,,,,,,,,,,,,,,,,,,,,,,,,,,,,,,,,,,,,,,,,,
15:11:13.265,,,,,,,,,,,,,,,,,,,,,,,,,,,,,,,,,,,,,,,,,,,,,,,3,23,26.5,16.5,8.5,26.5,,26.5,26.5,0,,,,,,,,,,,,,,,,,,,,,,,,,,,,,,,,,,,,,,,,,,,,,,,,,,21.411593861936115,,2.5791626964722227,2.5791626964722227,0,,,,0,
15:11:13.535,,,,,,,,,,,,,,,,,,,,,,,,,,,,,,,,,,,,,,,,,,,,,,,,,,,,,,,,,6.28000000000003,86,20,13.792,742.8000000000001,40.51,14.039,31,,,,,,,,,,,,,,,,,,,,,,,,,,,,,,,,,,,,,,,,,,,,,,,,,,,
15:11:13.659,,,,,,,,,,,,,,,,,,,,,,,,,,,,,,,,,,,,,,,,,,,,,,,,,,,,,,,,,,,,,,,,,-0.30000000000000004,3,,,,,,,,,,,,,,,,,,,,,,,,,,,,,,,,,,,,,,,,,,,,,,,,,
15:11:13.897,,,,,,,,,,,,,,,,,,,,,,,,,,,,,,,,,,,,,,,,,,,,,,,,,,,,,,,,,,,,,,,,,,,,,,,,,,,,,,,,,,,,,,,,,,,,,,,,,,,,,,,0,13.761270600000001,0,,,,,,,,,,
15:11:14.167,,,,,,,,,,,,,,,,,,,,,,,,,,,,,,,,,,,,,,,,,,,,,,,,,,,,,,,,,,,,,,,,,,,0,0,,,,,27,1,,,0,,,,,,,27,26,,,,,,,,,,,,,,,,,,,,,,,,,,,,,,
15:11:14.347,,,,,,,,,,,,,,,,,,,,,,,,,,,,,,,,,,,,,,,,,,,,,,,,,,,,,,,,,,,,,,,,,,,,,,,,,,,,,,,,,,,,,,,,-50,0,0,0,0,400,0,0,0,0,,,,,,,,,,0,,,,,,0,,
15:11:14.619,,,,,,,,,,,,,,,,,,,,,,,,,,,,,,,,,,,,,,,,,,,,,,,,,,,,,,,,,,,,,,,,,,,,,0,17,123,0,,,0,825.6,,0,0.6000000000000001,9,0,30,0,,,350,825.6,,,,,,,,,,,0,0,62,739.4000000000001,4.444,,,,,,,,,,,,,
15:11:14.795,,,,0,,,,20,,,,,,,,,24,22,,,,,,,,24,,,,,0,,,,,,,,,,,,,,,,,,,,,,,,,,,,,,,,,,,,,,,,,,,,,,,,,,,,,,,,,,,,,,,,,,,,,,,,,,,,,,,,,,,,
15:11:14.946,13.3,1.4,739.4,,0,0,27,,22,20,20,21,22,20,20,1.03516,,,1116.2466666666667,4018488,0,0,5.13472222222222,4.10777777777778,3.85104166666667,,1706.6,1664.9,1274.8,1204,,0,0,0,737,2471,3.84,12,3.84,61,0,1116.24666666667,0,62,,,,,,,,,,,,,,,,,,,,,,,,,,,,,,,,,,,,,,,,,,,,,,,,,,,,,,,,,,,,,,,,,,,,1.0351599999999999,,,
15:11:15.126,,,,,,,,,,,,,,,,,,,,,,,,,,,,,,,,,,,,,,,,,,,,,38.5,38.5,,,,,,,38,,,,,,,,,,,,,,,,,,,,,,,,,,,,,,,,,,,,,,,,,,,,,,,,,,,,,,,,,,,,,,
15:11:15.246,,,,,,,,,,,,,,,,,,,,,,,,,,,,,,,,,,,,,,,,,,,,,,,3,23,26.5,16.5,8.5,26.5,,26.5,26.5,0,,,,,,,,,,,,,,,,,,,,,,,,,,,,,,,,,,,,,,,,,,,,,,,,,,21.31423878859254,,2.5791626964722227,2.5791626964722227,0,,,,0,
15:11:15.487,,,,,,,,,,,,,,,,,,,,,,,,,,,,,,,,,,,,,,,,,,,,,,,,,,,,,,,,,6.470000000000027,86,20,13.807,742.8000000000001,40.1,14.022,31,,,,,,,,,,,,,,,,,,,,,,,,,,,,,,,,,,,,,,,,,,,,,,,,,,,
15:11:15.606,,,,,,,,,,,,,,,,,,,,,,,,,,,,,,,,,,,,,,,,,,,,,,,,,,,,,,,,,,,,,,,,,-0.30000000000000004,3,,,,,,,,,,,,,,,,,,,,,,,,,,,,,,,,,,,,,,,,,,,,,,,,,
15:11:15.846,,,,,,,,,,,,,,,,,,,,,,,,,,,,,,,,,,,,,,,,,,,,,,,,,,,,,,,,,,,,,,,,,,,,,,,,,,,,,,,,,,,,,,,,,,,,,,,,,,,,,,,0,13.760294,0,,,,,,,,,,
15:11:16.149,,,,,,,,,,,,,,,,,,,,,,,,,,,,,,,,,,,,,,,,,,,,,,,,,,,,,,,,,,,,,,,,,,,0,0,,,,,27,1,,,0,,,,,,,27,26,,,,,,,,,,,,,,,,,,,,,,,,,,,,,,
15:11:16.326,,,,,,,,,,,,,,,,,,,,,,,,,,,,,,,,,,,,,,,,,,,,,,,,,,,,,,,,,,,,,,,,,,,,,,,,,,,,,,,,,,,,,,,,-50,0,0,0,0,400,0,0,0,0,,,,,,,,,,0,,,,,,0,,
15:11:16.602,,,,,,,,,,,,,,,,,,,,,,,,,,,,,,,,,,,,,,,,,,,,,,,,,,,,,,,,,,,,,,,,,,,,,0,17,123,0,,,0,825.6,,0,0.6000000000000001,9,0,30,0,,,350,825.6,,,,,,,,,,,0,0,62,739.4000000000001,4.444,,,,,,,,,,,,,
15:11:16.775,,,,0,,,,20,,,,,,,,,24,22,,,,,,,,24,,,,,0,,,,,,,,,,,,,,,,,,,,,,,,,,,,,,,,,,,,,,,,,,,,,,,,,,,,,,,,,,,,,,,,,,,,,,,,,,,,,,,,,,,,
15:11:16.926,13.3,1.4,739.4,,0,0,27,,22,20,21,21,22,20,20,1.03516,,,1116.2472222222223,4018490,0,0,5.13472222222222,4.10777777777778,3.85104166666667,,1706.6,1664.9,1274.8,1204,,0,0,0,737,2471,3.84,24,3.84,2,0,1116.24722222222,0,62,,,,,,,,,,,,,,,,,,,,,,,,,,,,,,,,,,,,,,,,,,,,,,,,,,,,,,,,,,,,,,,,,,,,1.0351599999999999,,,
15:11:17.108,,,,,,,,,,,,,,,,,,,,,,,,,,,,,,,,,,,,,,,,,,,,,38.5,38.5,,,,,,,38,,,,,,,,,,,,,,,,,,,,,,,,,,,,,,,,,,,,,,,,,,,,,,,,,,,,,,,,,,,,,,
15:11:17.227,,,,,,,,,,,,,,,,,,,,,,,,,,,,,,,,,,,,,,,,,,,,,,,3,23,26.5,16.5,8.5,26.5,,26.5,26.5,0,,,,,,,,,,,,,,,,,,,,,,,,,,,,,,,,,,,,,,,,,,,,,,,,,,21.217758104822966,,2.5791626964722227,2.5791626964722227,0,,,,0,
15:11:17.466,,,,,,,,,,,,,,,,,,,,,,,,,,,,,,,,,,,,,,,,,,,,,,,,,,,,,,,,,6.550000000000011,86,20,13.808,742.7,40.81,14.039,31,,,,,,,,,,,,,,,,,,,,,,,,,,,,,,,,,,,,,,,,,,,,,,,,,,,
15:11:17.595,,,,,,,,,,,,,,,,,,,,,,,,,,,,,,,,,,,,,,,,,,,,,,,,,,,,,,,,,,,,,,,,,-0.30000000000000004,3,,,,,,,,,,,,,,,,,,,,,,,,,,,,,,,,,,,,,,,,,,,,,,,,,
15:11:17.832,,,,,,,,,,,,,,,,,,,,,,,,,,,,,,,,,,,,,,,,,,,,,,,,,,,,,,,,,,,,,,,,,,,,,,,,,,,,,,,,,,,,,,,,,,,,,,,,,,,,,,,0,13.760294,0,,,,,,,,,,
15:11:18.126,,,,,,,,,,,,,,,,,,,,,,,,,,,,,,,,,,,,,,,,,,,,,,,,,,,,,,,,,,,,,,,,,,,0,0,,,,,27,1,,,0,,,,,,,27,26,,,,,,,,,,,,,,,,,,,,,,,,,,,,,,
15:11:18.307,,,,,,,,,,,,,,,,,,,,,,,,,,,,,,,,,,,,,,,,,,,,,,,,,,,,,,,,,,,,,,,,,,,,,,,,,,,,,,,,,,,,,,,,-50,0,0,0,0,400,0,0,0,0,,,,,,,,,,0,,,,,,0,,
15:11:18.579,,,,,,,,,,,,,,,,,,,,,,,,,,,,,,,,,,,,,,,,,,,,,,,,,,,,,,,,,,,,,,,,,,,,,0,17,123,0,,,0,825.6,,0,0.6000000000000001,9,0,30,0,,,350,825.6,,,,,,,,,,,0,0,62,739.4000000000001,4.444,,,,,,,,,,,,,
15:11:18.755,,,,0,,,,20,,,,,,,,,24,22,,,,,,,,24,,,,,0,,,,,,,,,,,,,,,,,,,,,,,,,,,,,,,,,,,,,,,,,,,,,,,,,,,,,,,,,,,,,,,,,,,,,,,,,,,,,,,,,,,,
15:11:18.906,13.3,1.4,739.4,,0,0,27,,22,20,21,21,22,20,20,1.03516,,,1116.2477777777779,4018492,0,0,5.13472222222222,4.10777777777778,3.85104166666667,,1706.6,1664.9,1274.8,1204,,0,0,0,737,2471,3.84,24,3.84,2,0,1116.24777777778,0,62,,,,,,,,,,,,,,,,,,,,,,,,,,,,,,,,,,,,,,,,,,,,,,,,,,,,,,,,,,,,,,,,,,,,1.0351599999999999,,,
15:11:19.088,,,,,,,,,,,,,,,,,,,,,,,,,,,,,,,,,,,,,,,,,,,,,38.5,38.5,,,,,,,38,,,,,,,,,,,,,,,,,,,,,,,,,,,,,,,,,,,,,,,,,,,,,,,,,,,,,,,,,,,,,,
15:11:19.206,,,,,,,,,,,,,,,,,,,,,,,,,,,,,,,,,,,,,,,,,,,,,,,3,22,26.5,16.5,8.5,26.5,,26.5,26.5,0,,,,,,,,,,,,,,,,,,,,,,,,,,,,,,,,,,,,,,,,,,,,,,,,,,21.122246813600547,,2.5791626964722227,2.5791626964722227,0,,,,0,
15:11:19.476,,,,,,,,,,,,,,,,,,,,,,,,,,,,,,,,,,,,,,,,,,,,,,,,,,,,,,,,,6.139999999999986,86,20,13.791,742.8000000000001,39.97,14.017,31,,,,,,,,,,,,,,,,,,,,,,,,,,,,,,,,,,,,,,,,,,,,,,,,,,,
15:11:19.625,,,,,,,,,,,,,,,,,,,,,,,,,,,,,,,,,,,,,,,,,,,,,,,,,,,,,,,,,,,,,,,,,-0.2,3,,,,,,,,,,,,,,,,,,,,,,,,,,,,,,,,,,,,,,,,,,,,,,,,,
15:11:19.867,,,,,,,,,,,,,,,,,,,,,,,,,,,,,,,,,,,,,,,,,,,,,,,,,,,,,,,,,,,,,,,,,,,,,,,,,,,,,,,,,,,,,,,,,,,,,,,,,,,,,,,0,13.761270600000001,0,,,,,,,,,,
15:11:20.137,,,,,,,,,,,,,,,,,,,,,,,,,,,,,,,,,,,,,,,,,,,,,,,,,,,,,,,,,,,,,,,,,,,0,0,,,,,27,1,,,0,,,,,,,27,26,,,,,,,,,,,,,,,,,,,,,,,,,,,,,,
15:11:20.347,,,,,,,,,,,,,,,,,,,,,,,,,,,,,,,,,,,,,,,,,,,,,,,,,,,,,,,,,,,,,,,,,,,,,,,,,,,,,,,,,,,,,,,,-50,0,0,0,0,400,0,0,0,0,,,,,,,,,,0,,,,,,0,,
15:11:20.618,,,,,,,,,,,,,,,,,,,,,,,,,,,,,,,,,,,,,,,,,,,,,,,,,,,,,,,,,,,,,,,,,,,,,0,17,123,0,,,0,825.6,,0,0.6000000000000001,9,0,30,0,,,350,825.6,,,,,,,,,,,0,0,62,739.4000000000001,4.444,,,,,,,,,,,,,
15:11:20.795,,,,0,,,,20,,,,,,,,,24,22,,,,,,,,24,,,,,0,,,,,,,,,,,,,,,,,,,,,,,,,,,,,,,,,,,,,,,,,,,,,,,,,,,,,,,,,,,,,,,,,,,,,,,,,,,,,,,,,,,,
15:11:20.976,13.3,1.4,739.4,,0,0,27,,22,20,20,21,22,20,20,1.03516,,,1116.2483333333332,4018494,0,0,5.13472222222222,4.10777777777778,3.85104166666667,,1706.6,1664.9,1274.8,1204,,0,0,0,737,2471,3.84,11,3.84,85,0,1116.24833333333,0,62,,,,,,,,,,,,,,,,,,,,,,,,,,,,,,,,,,,,,,,,,,,,,,,,,,,,,,,,,,,,,,,,,,,,1.0351599999999999,,,
15:11:21.159,,,,,,,,,,,,,,,,,,,,,,,,,,,,,,,,,,,,,,,,,,,,,38.5,38.5,,,,,,,38,,,,,,,,,,,,,,,,,,,,,,,,,,,,,,,,,,,,,,,,,,,,,,,,,,,,,,,,,,,,,,
15:11:21.276,,,,,,,,,,,,,,,,,,,,,,,,,,,,,,,,,,,,,,,,,,,,,,,3,22,26.5,16.5,8.5,26.5,,26.5,26.5,0,,,,,,,,,,,,,,,,,,,,,,,,,,,,,,,,,,,,,,,,,,,,,,,,,,21.0232485647589,,2.5791626964722227,2.5791626964722227,0,,,,0,
15:11:21.517,,,,,,,,,,,,,,,,,,,,,,,,,,,,,,,,,,,,,,,,,,,,,,,,,,,,,,,,,6.470000000000027,86,20,13.807,742.6,40.77,14.043,31,,,,,,,,,,,,,,,,,,,,,,,,,,,,,,,,,,,,,,,,,,,,,,,,,,,
15:11:21.644,,,,,,,,,,,,,,,,,,,,,,,,,,,,,,,,,,,,,,,,,,,,,,,,,,,,,,,,,,,,,,,,,-0.30000000000000004,3,,,,,,,,,,,,,,,,,,,,,,,,,,,,,,,,,,,,,,,,,,,,,,,,,
15:11:21.876,,,,,,,,,,,,,,,,,,,,,,,,,,,,,,,,,,,,,,,,,,,,,,,,,,,,,,,,,,,,,,,,,,,,,,,,,,,,,,,,,,,,,,,,,,,,,,,,,,,,,,,0,13.750528,0,,,,,,,,,,
15:11:22.205,,,,,,,,,,,,,,,,,,,,,,,,,,,,,,,,,,,,,,,,,,,,,,,,,,,,,,,,,,,,,,,,,,,0,0,,,,,27,1,,,0,,,,,,,27,26,,,,,,,,,,,,,,,,,,,,,,,,,,,,,,
15:11:22.387,,,,,,,,,,,,,,,,,,,,,,,,,,,,,,,,,,,,,,,,,,,,,,,,,,,,,,,,,,,,,,,,,,,,,,,,,,,,,,,,,,,,,,,,-50,0,0,0,0,400,0,0,0,0,,,,,,,,,,0,,,,,,0,,
15:11:22.659,,,,,,,,,,,,,,,,,,,,,,,,,,,,,,,,,,,,,,,,,,,,,,,,,,,,,,,,,,,,,,,,,,,,,0,17,123,0,,,0,825.6,,0,0.6000000000000001,9,0,30,0,,,350,825.6,,,,,,,,,,,0,0,62,739.4000000000001,4.442,,,,,,,,,,,,,
15:11:22.837,,,,0,,,,20,,,,,,,,,24,22,,,,,,,,24,,,,,0,,,,,,,,,,,,,,,,,,,,,,,,,,,,,,,,,,,,,,,,,,,,,,,,,,,,,,,,,,,,,,,,,,,,,,,,,,,,,,,,,,,,
15:11:22.986,13.3,1.4,739.4,,0,0,27,,22,20,20,21,22,20,20,1.03516,,,1116.2488888888888,4018496,0,0,5.13472222222222,4.10777777777778,3.85104166666667,,1706.6,1664.9,1274.8,1204,,0,0,0,737,2465,3.84,24,3.84,2,0,1116.24888888889,0,62,,,,,,,,,,,,,,,,,,,,,,,,,,,,,,,,,,,,,,,,,,,,,,,,,,,,,,,,,,,,,,,,,,,,1.0351599999999999,,,
15:11:23.165,,,,,,,,,,,,,,,,,,,,,,,,,,,,,,,,,,,,,,,,,,,,,38.5,38.5,,,,,,,38,,,,,,,,,,,,,,,,,,,,,,,,,,,,,,,,,,,,,,,,,,,,,,,,,,,,,,,,,,,,,,
15:11:23.285,,,,,,,,,,,,,,,,,,,,,,,,,,,,,,,,,,,,,,,,,,,,,,,3,22,26.5,16.5,8.5,26.5,,26.5,26.5,0,,,,,,,,,,,,,,,,,,,,,,,,,,,,,,,,,,,,,,,,,,,,,,,,,,20.928017824928492,,2.5791626964722227,2.5791626964722227,0,,,,0,
15:11:23.557,,,,,,,,,,,,,,,,,,,,,,,,,,,,,,,,,,,,,,,,,,,,,,,,,,,,,,,,,6.170000000000016,86,20,13.791,742.8000000000001,39.71,14.022,31,,,,,,,,,,,,,,,,,,,,,,,,,,,,,,,,,,,,,,,,,,,,,,,,,,,
15:11:23.684,,,,,,,,,,,,,,,,,,,,,,,,,,,,,,,,,,,,,,,,,,,,,,,,,,,,,,,,,,,,,,,,,-0.2,3,,,,,,,,,,,,,,,,,,,,,,,,,,,,,,,,,,,,,,,,,,,,,,,,,
15:11:23.920,,,,,,,,,,,,,,,,,,,,,,,,,,,,,,,,,,,,,,,,,,,,,,,,,,,,,,,,,,,,,,,,,,,,,,,,,,,,,,,,,,,,,,,,,,,,,,,,,,,,,,,0,13.770548300000002,0,,,,,,,,,,
15:11:24.189,,,,,,,,,,,,,,,,,,,,,,,,,,,,,,,,,,,,,,,,,,,,,,,,,,,,,,,,,,,,,,,,,,,0,0,,,,,27,1,,,0,,,,,,,27,26,,,,,,,,,,,,,,,,,,,,,,,,,,,,,,
15:11:24.377,,,,,,,,,,,,,,,,,,,,,,,,,,,,,,,,,,,,,,,,,,,,,,,,,,,,,,,,,,,,,,,,,,,,,,,,,,,,,,,,,,,,,,,,-50,0,0,0,0,400,0,0,0,0,,,,,,,,,,0,,,,,,0,,
15:11:24.639,,,,,,,,,,,,,,,,,,,,,,,,,,,,,,,,,,,,,,,,,,,,,,,,,,,,,,,,,,,,,,,,,,,,,0,17,123,0,,,0,825.6,,0,0.6000000000000001,9,0,30,0,,,350,825.6,,,,,,,,,,,0,0,62,739.4000000000001,4.443,,,,,,,,,,,,,
15:11:24.845,,,,0,,,,20,,,,,,,,,24,22,,,,,,,,24,,,,,0,,,,,,,,,,,,,,,,,,,,,,,,,,,,,,,,,,,,,,,,,,,,,,,,,,,,,,,,,,,,,,,,,,,,,,,,,,,,,,,,,,,,
15:11:25.033,13.3,1.3,739.4,,0,0,27,,22,20,20,21,22,20,20,0.96122,,,1116.2494444444444,4018498,0,0,5.13472222222222,4.10777777777778,3.85104166666667,,1706.6,1664.9,1274.8,1204,,0,0,0,737,2465,3.84,23,3.84,61,0,1116.24944444444,0,62,,,,,,,,,,,,,,,,,,,,,,,,,,,,,,,,,,,,,,,,,,,,,,,,,,,,,,,,,,,,,,,,,,,,1.0351599999999999,,,
15:11:25.207,,,,,,,,,,,,,,,,,,,,,,,,,,,,,,,,,,,,,,,,,,,,,38.5,38.5,,,,,,,38,,,,,,,,,,,,,,,,,,,,,,,,,,,,,,,,,,,,,,,,,,,,,,,,,,,,,,,,,,,,,,
15:11:25.325,,,,,,,,,,,,,,,,,,,,,,,,,,,,,,,,,,,,,,,,,,,,,,,3,22,26.5,16.5,8.5,26.5,,26.5,26.5,0,,,,,,,,,,,,,,,,,,,,,,,,,,,,,,,,,,,,,,,,,,,,,,,,,,20.832223455301296,,2.5791626964722227,2.5791626964722227,0,,,,0,
15:11:25.567,,,,,,,,,,,,,,,,,,,,,,,,,,,,,,,,,,,,,,,,,,,,,,,,,,,,,,,,,6.400000000000034,86,20,13.808,742.8000000000001,39.82,14.033,31,,,,,,,,,,,,,,,,,,,,,,,,,,,,,,,,,,,,,,,,,,,,,,,,,,,
15:11:25.694,,,,,,,,,,,,,,,,,,,,,,,,,,,,,,,,,,,,,,,,,,,,,,,,,,,,,,,,,,,,,,,,,-0.2,3,,,,,,,,,,,,,,,,,,,,,,,,,,,,,,,,,,,,,,,,,,,,,,,,,
15:11:25.926,,,,,,,,,,,,,,,,,,,,,,,,,,,,,,,,,,,,,,,,,,,,,,,,,,,,,,,,,,,,,,,,,,,,,,,,,,,,,,,,,,,,,,,,,,,,,,,,,,,,,,,0,13.742715200000001,0,,,,,,,,,,
15:11:26.197,,,,,,,,,,,,,,,,,,,,,,,,,,,,,,,,,,,,,,,,,,,,,,,,,,,,,,,,,,,,,,,,,,,0,0,,,,,27,1,,,0,,,,,,,27,27,,,,,,,,,,,,,,,,,,,,,,,,,,,,,,
15:11:26.378,,,,,,,,,,,,,,,,,,,,,,,,,,,,,,,,,,,,,,,,,,,,,,,,,,,,,,,,,,,,,,,,,,,,,,,,,,,,,,,,,,,,,,,,-50,0,0,0,0,400,0,0,0,0,,,,,,,,,,0,,,,,,0,,
15:11:26.649,,,,,,,,,,,,,,,,,,,,,,,,,,,,,,,,,,,,,,,,,,,,,,,,,,,,,,,,,,,,,,,,,,,,,0,17,123,0,,,0,825.6,,0,0.6000000000000001,9,0,30,0,,,350,825.6,,,,,,,,,,,0,0,62,739.4000000000001,4.442,,,,,,,,,,,,,
15:11:26.825,,,,0,,,,20,,,,,,,,,24,22,,,,,,,,24,,,,,0,,,,,,,,,,,,,,,,,,,,,,,,,,,,,,,,,,,,,,,,,,,,,,,,,,,,,,,,,,,,,,,,,,,,,,,,,,,,,,,,,,,,
15:11:26.976,13.3,1.3,739.4,,0,0,27,,22,20,21,21,22,20,20,0.96122,,,1116.25,4018500,0,0,5.13472222222222,4.10777777777778,3.85104166666667,,1706.6,1664.9,1274.8,1204,,0,0,0,737,2465,3.84,24,3.84,64,0,1116.25,0,62,,,,,,,,,,,,,,,,,,,,,,,,,,,,,,,,,,,,,,,,,,,,,,,,,,,,,,,,,,,,,,,,,,,,0.9612200000000001,,,
15:11:27.156,,,,,,,,,,,,,,,,,,,,,,,,,,,,,,,,,,,,,,,,,,,,,38.5,38.5,,,,,,,38,,,,,,,,,,,,,,,,,,,,,,,,,,,,,,,,,,,,,,,,,,,,,,,,,,,,,,,,,,,,,,
15:11:27.275,,,,,,,,,,,,,,,,,,,,,,,,,,,,,,,,,,,,,,,,,,,,,,,3,22,26.5,16.5,8.5,26.5,,26.5,26.5,0,,,,,,,,,,,,,,,,,,,,,,,,,,,,,,,,,,,,,,,,,,,,,,,,,,20.741476460696134,,2.5791626964722227,2.5791626964722227,0,,,,0,
15:11:27.515,,,,,,,,,,,,,,,,,,,,,,,,,,,,,,,,,,,,,,,,,,,,,,,,,,,,,,,,,6.170000000000016,86,20,13.792,742.8000000000001,40.45,14.026,31,,,,,,,,,,,,,,,,,,,,,,,,,,,,,,,,,,,,,,,,,,,,,,,,,,,
15:11:27.644,,,,,,,,,,,,,,,,,,,,,,,,,,,,,,,,,,,,,,,,,,,,,,,,,,,,,,,,,,,,,,,,,-0.30000000000000004,3,,,,,,,,,,,,,,,,,,,,,,,,,,,,,,,,,,,,,,,,,,,,,,,,,
15:11:27.876,,,,,,,,,,,,,,,,,,,,,,,,,,,,,,,,,,,,,,,,,,,,,,,,,,,,,,,,,,,,,,,,,,,,,,,,,,,,,,,,,,,,,,,,,,,,,,,,,,,,,,,0,13.770548300000002,0,,,,,,,,,,
15:11:28.150,,,,,,,,,,,,,,,,,,,,,,,,,,,,,,,,,,,,,,,,,,,,,,,,,,,,,,,,,,,,,,,,,,,0,0,,,,,27,1,,,0,,,,,,,27,26,,,,,,,,,,,,,,,,,,,,,,,,,,,,,,
15:11:28.327,,,,,,,,,,,,,,,,,,,,,,,,,,,,,,,,,,,,,,,,,,,,,,,,,,,,,,,,,,,,,,,,,,,,,,,,,,,,,,,,,,,,,,,,-50,0,0,0,0,400,0,0,0,0,,,,,,,,,,0,,,,,,0,,
15:11:28.599,,,,,,,,,,,,,,,,,,,,,,,,,,,,,,,,,,,,,,,,,,,,,,,,,,,,,,,,,,,,,,,,,,,,,0,17,123,0,,,0,825.6,,0,0.6000000000000001,9,0,30,0,,,350,825.6,,,,,,,,,,,0,0,62,739.4000000000001,4.445,,,,,,,,,,,,,
15:11:28.775,,,,0,,,,20,,,,,,,,,24,22,,,,,,,,24,,,,,0,,,,,,,,,,,,,,,,,,,,,,,,,,,,,,,,,,,,,,,,,,,,,,,,,,,,,,,,,,,,,,,,,,,,,,,,,,,,,,,,,,,,
15:11:28.957,13.3,1.4,739.4,,0,0,27,,22,20,21,21,22,20,20,1.03516,,,1116.2505555555556,4018502,0,0,5.13472222222222,4.10777777777778,3.85104166666667,,1706.6,1664.9,1274.8,1204,,0,0,0,737,2465,3.84,24,3.84,2,0,1116.25055555556,0,62,,,,,,,,,,,,,,,,,,,,,,,,,,,,,,,,,,,,,,,,,,,,,,,,,,,,,,,,,,,,,,,,,,,,0.9612200000000001,,,
15:11:29.138,,,,,,,,,,,,,,,,,,,,,,,,,,,,,,,,,,,,,,,,,,,,,38.5,38.5,,,,,,,38,,,,,,,,,,,,,,,,,,,,,,,,,,,,,,,,,,,,,,,,,,,,,,,,,,,,,,,,,,,,,,
15:11:29.256,,,,,,,,,,,,,,,,,,,,,,,,,,,,,,,,,,,,,,,,,,,,,,,3,22,26.5,16.5,8.5,26.5,,26.5,26.5,0,,,,,,,,,,,,,,,,,,,,,,,,,,,,,,,,,,,,,,,,,,,,,,,,,,20.650116741572532,,2.5791626964722227,2.5791626964722227,0,,,,0,
15:11:29.497,,,,,,,,,,,,,,,,,,,,,,,,,,,,,,,,,,,,,,,,,,,,,,,,,,,,,,,,,6.420000000000016,86,20,13.808,742.8000000000001,40.51,14.039,31,,,,,,,,,,,,,,,,,,,,,,,,,,,,,,,,,,,,,,,,,,,,,,,,,,,
15:11:29.624,,,,,,,,,,,,,,,,,,,,,,,,,,,,,,,,,,,,,,,,,,,,,,,,,,,,,,,,,,,,,,,,,-0.2,3,,,,,,,,,,,,,,,,,,,,,,,,,,,,,,,,,,,,,,,,,,,,,,,,,
15:11:29.856,,,,,,,,,,,,,,,,,,,,,,,,,,,,,,,,,,,,,,,,,,,,,,,,,,,,,,,,,,,,,,,,,,,,,,,,,,,,,,,,,,,,,,,,,,,,,,,,,,,,,,,0,13.750528,0,,,,,,,,,,
15:11:30.188,,,,,,,,,,,,,,,,,,,,,,,,,,,,,,,,,,,,,,,,,,,,,,,,,,,,,,,,,,,,,,,,,,,0,0,,,,,27,1,,,0,,,,,,,27,26,,,,,,,,,,,,,,,,,,,,,,,,,,,,,,
15:11:30.371,,,,,,,,,,,,,,,,,,,,,,,,,,,,,,,,,,,,,,,,,,,,,,,,,,,,,,,,,,,,,,,,,,,,,,,,,,,,,,,,,,,,,,,,-50,0,0,0,0,400,0,0,0,0,,,,,,,,,,0,,,,,,0,,
15:11:30.639,,,,,,,,,,,,,,,,,,,,,,,,,,,,,,,,,,,,,,,,,,,,,,,,,,,,,,,,,,,,,,,,,,,,,0,17,123,0,,,0,825.6,,0,0.6000000000000001,9,0,30,0,,,350,825.6,,,,,,,,,,,0,0,62,739.4000000000001,4.443,,,,,,,,,,,,,
15:11:30.815,,,,0,,,,20,,,,,,,,,24,22,,,,,,,,24,,,,,0,,,,,,,,,,,,,,,,,,,,,,,,,,,,,,,,,,,,,,,,,,,,,,,,,,,,,,,,,,,,,,,,,,,,,,,,,,,,,,,,,,,,
15:11:30.966,13.3,1.4,739.4,,0,0,28,,22,20,21,21,22,20,20,1.03516,,,1116.2511111111112,4018504,0,0,5.13472222222222,4.10777777777778,3.85104166666667,,1706.6,1664.9,1274.8,1204,,0,0,0,737,2465,3.84,24,3.84,2,0,1116.25111111111,0,62,,,,,,,,,,,,,,,,,,,,,,,,,,,,,,,,,,,,,,,,,,,,,,,,,,,,,,,,,,,,,,,,,,,,1.0351599999999999,,,
15:11:31.147,,,,,,,,,,,,,,,,,,,,,,,,,,,,,,,,,,,,,,,,,,,,,38.5,38.5,,,,,,,38,,,,,,,,,,,,,,,,,,,,,,,,,,,,,,,,,,,,,,,,,,,,,,,,,,,,,,,,,,,,,,
15:11:31.265,,,,,,,,,,,,,,,,,,,,,,,,,,,,,,,,,,,,,,,,,,,,,,,3,22,26.5,16.5,8.5,26.5,,26.5,26.5,0,,,,,,,,,,,,,,,,,,,,,,,,,,,,,,,,,,,,,,,,,,,,,,,,,,20.558240439000386,,2.5791626964722227,2.5791626964722227,0,,,,0,
15:11:31.507,,,,,,,,,,,,,,,,,,,,,,,,,,,,,,,,,,,,,,,,,,,,,,,,,,,,,,,,,6.060000000000002,86,20,13.792,742.8000000000001,39.92,14.017,31,,,,,,,,,,,,,,,,,,,,,,,,,,,,,,,,,,,,,,,,,,,,,,,,,,,
15:11:31.655,,,,,,,,,,,,,,,,,,,,,,,,,,,,,,,,,,,,,,,,,,,,,,,,,,,,,,,,,,,,,,,,,-0.30000000000000004,3,,,,,,,,,,,,,,,,,,,,,,,,,,,,,,,,,,,,,,,,,,,,,,,,,
15:11:31.897,,,,,,,,,,,,,,,,,,,,,,,,,,,,,,,,,,,,,,,,,,,,,,,,,,,,,,,,,,,,,,,,,,,,,,,,,,,,,,,,,,,,,,,,,,,,,,,,,,,,,,,0,13.770548300000002,0,,,,,,,,,,
15:11:32.167,,,,,,,,,,,,,,,,,,,,,,,,,,,,,,,,,,,,,,,,,,,,,,,,,,,,,,,,,,,,,,,,,,,0,0,,,,,27,1,,,0,,,,,,,27,26,,,,,,,,,,,,,,,,,,,,,,,,,,,,,,
15:11:32.347,,,,,,,,,,,,,,,,,,,,,,,,,,,,,,,,,,,,,,,,,,,,,,,,,,,,,,,,,,,,,,,,,,,,,,,,,,,,,,,,,,,,,,,,-50,0,0,0,0,400,0,0,0,0,,,,,,,,,,0,,,,,,0,,
15:11:32.619,,,,,,,,,,,,,,,,,,,,,,,,,,,,,,,,,,,,,,,,,,,,,,,,,,,,,,,,,,,,,,,,,,,,,0,17,123,0,,,0,825.6,,0,0.6000000000000001,9,0,30,0,,,350,825.6,,,,,,,,,,,0,0,62,739.4000000000001,4.444,,,,,,,,,,,,,
15:11:32.830,,,,0,,,,20,,,,,,,,,24,22,,,,,,,,24,,,,,0,,,,,,,,,,,,,,,,,,,,,,,,,,,,,,,,,,,,,,,,,,,,,,,,,,,,,,,,,,,,,,,,,,,,,,,,,,,,,,,,,,,,
15:11:32.976,13.3,1.4,739.4,,0,0,28,,22,20,20,21,22,20,20,1.03516,,,1116.2516666666668,4018506,0,0,5.13472222222222,4.10777777777778,3.85104166666667,,1706.6,1664.9,1274.8,1204,,0,0,0,737,2465,3.84,23,3.84,85,0,1116.25166666667,0,62,,,,,,,,,,,,,,,,,,,,,,,,,,,,,,,,,,,,,,,,,,,,,,,,,,,,,,,,,,,,,,,,,,,,1.0351599999999999,,,
15:11:33.189,,,,,,,,,,,,,,,,,,,,,,,,,,,,,,,,,,,,,,,,,,,,,38.5,38.5,,,,,,,38,,,,,,,,,,,,,,,,,,,,,,,,,,,,,,,,,,,,,,,,,,,,,,,,,,,,,,,,,,,,,,
15:11:33.306,,,,,,,,,,,,,,,,,,,,,,,,,,,,,,,,,,,,,,,,,,,,,,,3,22,26.5,16.5,8.5,26.5,,26.5,26.5,0,,,,,,,,,,,,,,,,,,,,,,,,,,,,,,,,,,,,,,,,,,,,,,,,,,20.46579026998177,,2.5791626964722227,2.5791626964722227,0,,,,0,
15:11:33.546,,,,,,,,,,,,,,,,,,,,,,,,,,,,,,,,,,,,,,,,,,,,,,,,,,,,,,,,,6.360000000000014,86,20,13.808,742.9000000000001,39.72,14.016,31,,,,,,,,,,,,,,,,,,,,,,,,,,,,,,,,,,,,,,,,,,,,,,,,,,,
15:11:33.674,,,,,,,,,,,,,,,,,,,,,,,,,,,,,,,,,,,,,,,,,,,,,,,,,,,,,,,,,,,,,,,,,-0.30000000000000004,3,,,,,,,,,,,,,,,,,,,,,,,,,,,,,,,,,,,,,,,,,,,,,,,,,
15:11:33.906,,,,,,,,,,,,,,,,,,,,,,,,,,,,,,,,,,,,,,,,,,,,,,,,,,,,,,,,,,,,,,,,,,,,,,,,,,,,,,,,,,,,,,,,,,,,,,,,,,,,,,,0,13.7417386,0,,,,,,,,,,
15:11:34.177,,,,,,,,,,,,,,,,,,,,,,,,,,,,,,,,,,,,,,,,,,,,,,,,,,,,,,,,,,,,,,,,,,,0,0,,,,,27,1,,,0,,,,,,,27,26,,,,,,,,,,,,,,,,,,,,,,,,,,,,,,
15:11:34.356,,,,,,,,,,,,,,,,,,,,,,,,,,,,,,,,,,,,,,,,,,,,,,,,,,,,,,,,,,,,,,,,,,,,,,,,,,,,,,,,,,,,,,,,-50,0,0,0,0,400,0,0,0,0,,,,,,,,,,0,,,,,,0,,
15:11:34.629,,,,,,,,,,,,,,,,,,,,,,,,,,,,,,,,,,,,,,,,,,,,,,,,,,,,,,,,,,,,,,,,,,,,,0,17,123,0,,,0,825.6,,0,0.6000000000000001,9,0,30,0,,,350,825.6,,,,,,,,,,,0,0,62,739.4000000000001,4.442,,,,,,,,,,,,,
15:11:34.805,,,,0,,,,20,,,,,,,,,24,22,,,,,,,,24,,,,,0,,,,,,,,,,,,,,,,,,,,,,,,,,,,,,,,,,,,,,,,,,,,,,,,,,,,,,,,,,,,,,,,,,,,,,,,,,,,,,,,,,,,
15:11:34.956,13.3,1.4,739.4,,0,0,28,,22,20,20,21,22,20,20,1.03516,,,1116.2522222222221,4018508,0,0,5.13472222222222,4.10777777777778,3.85104166666667,,1706.6,1664.9,1274.8,1204,,0,0,0,737,2465,3.84,24,3.84,2,0,1116.25222222222,0,62,,,,,,,,,,,,,,,,,,,,,,,,,,,,,,,,,,,,,,,,,,,,,,,,,,,,,,,,,,,,,,,,,,,,1.0351599999999999,,,
15:11:35.137,,,,,,,,,,,,,,,,,,,,,,,,,,,,,,,,,,,,,,,,,,,,,38.5,38.5,,,,,,,38,,,,,,,,,,,,,,,,,,,,,,,,,,,,,,,,,,,,,,,,,,,,,,,,,,,,,,,,,,,,,,
15:11:35.255,,,,,,,,,,,,,,,,,,,,,,,,,,,,,,,,,,,,,,,,,,,,,,,3,22,26.5,16.5,8.5,26.5,,26.5,26.5,0,,,,,,,,,,,,,,,,,,,,,,,,,,,,,,,,,,,,,,,,,,,,,,,,,,20.37821806492132,,2.5791626964722227,2.5791626964722227,0,,,,0,
15:11:35.497,,,,,,,,,,,,,,,,,,,,,,,,,,,,,,,,,,,,,,,,,,,,,,,,,,,,,,,,,6.139999999999986,86,20,13.792,742.8000000000001,39.63,14.033,31,,,,,,,,,,,,,,,,,,,,,,,,,,,,,,,,,,,,,,,,,,,,,,,,,,,
15:11:35.624,,,,,,,,,,,,,,,,,,,,,,,,,,,,,,,,,,,,,,,,,,,,,,,,,,,,,,,,,,,,,,,,,-0.2,3,,,,,,,,,,,,,,,,,,,,,,,,,,,,,,,,,,,,,,,,,,,,,,,,,
15:11:35.861,,,,,,,,,,,,,,,,,,,,,,,,,,,,,,,,,,,,,,,,,,,,,,,,,,,,,,,,,,,,,,,,,,,,,,,,,,,,,,,,,,,,,,,,,,,,,,,,,,,,,,,0,13.770548300000002,0,,,,,,,,,,
15:11:36.160,,,,,,,,,,,,,,,,,,,,,,,,,,,,,,,,,,,,,,,,,,,,,,,,,,,,,,,,,,,,,,,,,,,0,0,,,,,27,1,,,0,,,,,,,27,27,,,,,,,,,,,,,,,,,,,,,,,,,,,,,,
15:11:36.336,,,,,,,,,,,,,,,,,,,,,,,,,,,,,,,,,,,,,,,,,,,,,,,,,,,,,,,,,,,,,,,,,,,,,,,,,,,,,,,,,,,,,,,,-50,0,0,0,0,400,0,0,0,0,,,,,,,,,,0,,,,,,0,,
15:11:36.609,,,,,,,,,,,,,,,,,,,,,,,,,,,,,,,,,,,,,,,,,,,,,,,,,,,,,,,,,,,,,,,,,,,,,0,17,123,0,,,0,825.6,,0,0.6000000000000001,9,0,30,0,,,350,825.6,,,,,,,,,,,0,0,62,739.4000000000001,4.443,,,,,,,,,,,,,
15:11:36.785,,,,0,,,,20,,,,,,,,,24,22,,,,,,,,24,,,,,0,,,,,,,,,,,,,,,,,,,,,,,,,,,,,,,,,,,,,,,,,,,,,,,,,,,,,,,,,,,,,,,,,,,,,,,,,,,,,,,,,,,,
15:11:36.936,13.3,1.3,739.4,,0,0,28,,22,20,21,21,22,20,20,0.96122,,,1116.2527777777777,4018510,0,0,5.13472222222222,4.10777777777778,3.85104166666667,,1706.6,1664.9,1274.8,1204,,0,0,0,737,2465,3.84,24,3.84,2,0,1116.25277777778,0,62,,,,,,,,,,,,,,,,,,,,,,,,,,,,,,,,,,,,,,,,,,,,,,,,,,,,,,,,,,,,,,,,,,,,1.0351599999999999,,,
15:11:37.117,,,,,,,,,,,,,,,,,,,,,,,,,,,,,,,,,,,,,,,,,,,,,38.5,38.5,,,,,,,38,,,,,,,,,,,,,,,,,,,,,,,,,,,,,,,,,,,,,,,,,,,,,,,,,,,,,,,,,,,,,,
15:11:37.235,,,,,,,,,,,,,,,,,,,,,,,,,,,,,,,,,,,,,,,,,,,,,,,3,22,26.5,16.5,8.5,26.5,,26.5,26.5,0,,,,,,,,,,,,,,,,,,,,,,,,,,,,,,,,,,,,,,,,,,,,,,,,,,20.290033868001853,,2.5791626964722227,2.5791626964722227,0,,,,0,
15:11:37.477,,,,,,,,,,,,,,,,,,,,,,,,,,,,,,,,,,,,,,,,,,,,,,,,,,,,,,,,,6.310000000000002,86,20,13.808,742.3000000000001,39.18,14.011,31,,,,,,,,,,,,,,,,,,,,,,,,,,,,,,,,,,,,,,,,,,,,,,,,,,,
15:11:37.596,,,,,,,,,,,,,,,,,,,,,,,,,,,,,,,,,,,,,,,,,,,,,,,,,,,,,,,,,,,,,,,,,-0.30000000000000004,3,,,,,,,,,,,,,,,,,,,,,,,,,,,,,,,,,,,,,,,,,,,,,,,,,
15:11:37.837,,,,,,,,,,,,,,,,,,,,,,,,,,,,,,,,,,,,,,,,,,,,,,,,,,,,,,,,,,,,,,,,,,,,,,,,,,,,,,,,,,,,,,,,,,,,,,,,,,,,,,,0,13.7515046,0,,,,,,,,,,
15:11:38.107,,,,,,,,,,,,,,,,,,,,,,,,,,,,,,,,,,,,,,,,,,,,,,,,,,,,,,,,,,,,,,,,,,,0,0,,,,,27,1,,,0,,,,,,,27,26,,,,,,,,,,,,,,,,,,,,,,,,,,,,,,
15:11:38.317,,,,,,,,,,,,,,,,,,,,,,,,,,,,,,,,,,,,,,,,,,,,,,,,,,,,,,,,,,,,,,,,,,,,,,,,,,,,,,,,,,,,,,,,-50,0,0,0,0,400,0,0,0,0,,,,,,,,,,0,,,,,,0,,
15:11:38.592,,,,,,,,,,,,,,,,,,,,,,,,,,,,,,,,,,,,,,,,,,,,,,,,,,,,,,,,,,,,,,,,,,,,,0,17,123,0,,,0,825.6,,0,0.6000000000000001,9,0,30,0,,,350,825.6,,,,,,,,,,,0,0,62,739.4000000000001,4.444,,,,,,,,,,,,,
15:11:38.796,,,,0,,,,20,,,,,,,,,24,22,,,,,,,,24,,,,,0,,,,,,,,,,,,,,,,,,,,,,,,,,,,,,,,,,,,,,,,,,,,,,,,,,,,,,,,,,,,,,,,,,,,,,,,,,,,,,,,,,,,
15:11:38.976,13.3,1.3,739.4,,0,0,28,,22,20,20,21,22,20,20,0.96122,,,1116.2533333333333,4018512,0,0,5.13472222222222,4.10777777777778,3.85104166666667,,1706.6,1664.9,1274.8,1204,,0,0,0,737,2465,3.84,24,3.84,61,0,1116.25333333333,0,62,,,,,,,,,,,,,,,,,,,,,,,,,,,,,,,,,,,,,,,,,,,,,,,,,,,,,,,,,,,,,,,,,,,,0.9612200000000001,,,
15:11:39.125,,,,,,,,,,,,,,,,,,,,,,,,,,,,,,,,,,,,,,,,,,,,,38.5,38.5,,,,,,,38,,,,,,,,,,,,,,,,,,,,,,,,,,,,,,,,,,,,,,,,,,,,,,,,,,,,,,,,,,,,,,
15:11:39.215,,,,,,,,,,,,,,,,,,,,,,,,,,,,,,,,,,,,,,,,,,,,,,,3,22,26.5,16.5,8.5,26.5,,26.5,26.5,0,,,,,,,,,,,,,,,,,,,,,,,,,,,,,,,,,,,,,,,,,,,,,,,,,,20.20265939888588,,2.5791626964722227,2.5791626964722227,0,,,,0,
15:11:39.486,,,,,,,,,,,,,,,,,,,,,,,,,,,,,,,,,,,,,,,,,,,,,,,,,,,,,,,,,6.110000000000014,86,20,13.792,742.7,40.9,14.021,32,,,,,,,,,,,,,,,,,,,,,,,,,,,,,,,,,,,,,,,,,,,,,,,,,,,
15:11:39.696,,,,,,,,,,,,,,,,,,,,,,,,,,,,,,,,,,,,,,,,,,,,,,,,,,,,,,,,,,,,,,,,,-0.2,3,,,,,,,,,,,,,,,,,,,,,,,,,,,,,,,,,,,,,,,,,,,,,,,,,
15:11:39.936,,,,,,,,,,,,,,,,,,,,,,,,,,,,,,,,,,,,,,,,,,,,,,,,,,,,,,,,,,,,,,,,,,,,,,,,,,,,,,,,,,,,,,,,,,,,,,,,,,,,,,,0,13.770548300000002,0,,,,,,,,,,
15:11:40.237,,,,,,,,,,,,,,,,,,,,,,,,,,,,,,,,,,,,,,,,,,,,,,,,,,,,,,,,,,,,,,,,,,,0,0,,,,,27,1,,,0,,,,,,,27,26,,,,,,,,,,,,,,,,,,,,,,,,,,,,,,
15:11:40.417,,,,,,,,,,,,,,,,,,,,,,,,,,,,,,,,,,,,,,,,,,,,,,,,,,,,,,,,,,,,,,,,,,,,,,,,,,,,,,,,,,,,,,,,-50,0,0,0,0,400,0,0,0,0,,,,,,,,,,0,,,,,,0,,
15:11:40.689,,,,,,,,,,,,,,,,,,,,,,,,,,,,,,,,,,,,,,,,,,,,,,,,,,,,,,,,,,,,,,,,,,,,,0,17,123,0,,,0,825.6,,0,0.6000000000000001,9,0,30,0,,,350,825.6,,,,,,,,,,,0,0,62,739.4000000000001,4.443,,,,,,,,,,,,,
15:11:40.865,,,,0,,,,20,,,,,,,,,24,22,,,,,,,,24,,,,,0,,,,,,,,,,,,,,,,,,,,,,,,,,,,,,,,,,,,,,,,,,,,,,,,,,,,,,,,,,,,,,,,,,,,,,,,,,,,,,,,,,,,
15:11:41.017,13.3,1.3,739.4,,0,0,28,,22,20,20,21,22,20,20,0.96122,,,1116.253888888889,4018514,0,0,5.13472222222222,4.10777777777778,3.85104166666667,,1706.6,1665,1274.8,1204,,0,0,0,737,2465,3.84,24,3.84,40,0,1116.25388888889,0,62,,,,,,,,,,,,,,,,,,,,,,,,,,,,,,,,,,,,,,,,,,,,,,,,,,,,,,,,,,,,,,,,,,,,0.9612200000000001,,,
15:11:41.195,,,,,,,,,,,,,,,,,,,,,,,,,,,,,,,,,,,,,,,,,,,,,38.5,38.5,,,,,,,38,,,,,,,,,,,,,,,,,,,,,,,,,,,,,,,,,,,,,,,,,,,,,,,,,,,,,,,,,,,,,,
15:11:41.346,,,,,,,,,,,,,,,,,,,,,,,,,,,,,,,,,,,,,,,,,,,,,,,3,22,26.5,16.5,8.5,26.5,,26.5,26.5,0,,,,,,,,,,,,,,,,,,,,,,,,,,,,,,,,,,,,,,,,,,,,,,,,,,20.10938190646523,,2.5791626964722227,2.5791626964722227,0,,,,0,
15:11:41.587,,,,,,,,,,,,,,,,,,,,,,,,,,,,,,,,,,,,,,,,,,,,,,,,,,,,,,,,,5.990000000000009,86,20,13.792,742.8000000000001,40.14,14.024,32,,,,,,,,,,,,,,,,,,,,,,,,,,,,,,,,,,,,,,,,,,,,,,,,,,,
15:11:41.714,,,,,,,,,,,,,,,,,,,,,,,,,,,,,,,,,,,,,,,,,,,,,,,,,,,,,,,,,,,,,,,,,-0.30000000000000004,3,,,,,,,,,,,,,,,,,,,,,,,,,,,,,,,,,,,,,,,,,,,,,,,,,
15:11:41.947,,,,,,,,,,,,,,,,,,,,,,,,,,,,,,,,,,,,,,,,,,,,,,,,,,,,,,,,,,,,,,,,,,,,,,,,,,,,,,,,,,,,,,,,,,,,,,,,,,,,,,,0,13.7515046,0,,,,,,,,,,
15:11:42.218,,,,,,,,,,,,,,,,,,,,,,,,,,,,,,,,,,,,,,,,,,,,,,,,,,,,,,,,,,,,,,,,,,,0,0,,,,,27,1,,,0,,,,,,,27,26,,,,,,,,,,,,,,,,,,,,,,,,,,,,,,
15:11:42.397,,,,,,,,,,,,,,,,,,,,,,,,,,,,,,,,,,,,,,,,,,,,,,,,,,,,,,,,,,,,,,,,,,,,,,,,,,,,,,,,,,,,,,,,-50,0,0,0,0,400,0,0,0,0,,,,,,,,,,0,,,,,,0,,
15:11:42.669,,,,,,,,,,,,,,,,,,,,,,,,,,,,,,,,,,,,,,,,,,,,,,,,,,,,,,,,,,,,,,,,,,,,,0,17,123,0,,,0,825.6,,0,0.6000000000000001,9,0,30,0,,,350,825.6,,,,,,,,,,,0,0,62,739.4000000000001,4.444,,,,,,,,,,,,,
15:11:42.845,,,,0,,,,20,,,,,,,,,24,22,,,,,,,,24,,,,,0,,,,,,,,,,,,,,,,,,,,,,,,,,,,,,,,,,,,,,,,,,,,,,,,,,,,,,,,,,,,,,,,,,,,,,,,,,,,,,,,,,,,
15:11:42.998,13.3,1.3,739.4,,0,0,28,,22,20,20,21,22,20,20,0.96122,,,1116.2544444444445,4018516,0,0,5.13472222222222,4.10777777777778,3.85104166666667,,1706.6,1665,1274.8,1204,,0,0,0,737,2465,3.84,24,3.84,61,0,1116.25444444444,0,62,,,,,,,,,,,,,,,,,,,,,,,,,,,,,,,,,,,,,,,,,,,,,,,,,,,,,,,,,,,,,,,,,,,,0.9612200000000001,,,
15:11:43.177,,,,,,,,,,,,,,,,,,,,,,,,,,,,,,,,,,,,,,,,,,,,,38.5,38.5,,,,,,,38,,,,,,,,,,,,,,,,,,,,,,,,,,,,,,,,,,,,,,,,,,,,,,,,,,,,,,,,,,,,,,
15:11:43.275,,,,,,,,,,,,,,,,,,,,,,,,,,,,,,,,,,,,,,,,,,,,,,,3,22,26.5,16,8.5,26.5,,26.5,26.5,0,,,,,,,,,,,,,,,,,,,,,,,,,,,,,,,,,,,,,,,,,,,,,,,,,,20.0257530314376,,2.5791626964722227,2.5791626964722227,0,,,,0,
15:11:43.507,,,,,,,,,,,,,,,,,,,,,,,,,,,,,,,,,,,,,,,,,,,,,,,,,,,,,,,,,6.220000000000027,86,20,13.793,742.3000000000001,39.88,14.033,31,,,,,,,,,,,,,,,,,,,,,,,,,,,,,,,,,,,,,,,,,,,,,,,,,,,
15:11:43.634,,,,,,,,,,,,,,,,,,,,,,,,,,,,,,,,,,,,,,,,,,,,,,,,,,,,,,,,,,,,,,,,,-0.30000000000000004,3,,,,,,,,,,,,,,,,,,,,,,,,,,,,,,,,,,,,,,,,,,,,,,,,,
15:11:43.866,,,,,,,,,,,,,,,,,,,,,,,,,,,,,,,,,,,,,,,,,,,,,,,,,,,,,,,,,,,,,,,,,,,,,,,,,,,,,,,,,,,,,,,,,,,,,,,,,,,,,,,0,13.770548300000002,0,,,,,,,,,,
15:11:44.139,,,,,,,,,,,,,,,,,,,,,,,,,,,,,,,,,,,,,,,,,,,,,,,,,,,,,,,,,,,,,,,,,,,0,0,,,,,27,1,,,0,,,,,,,27,26,,,,,,,,,,,,,,,,,,,,,,,,,,,,,,
15:11:44.317,,,,,,,,,,,,,,,,,,,,,,,,,,,,,,,,,,,,,,,,,,,,,,,,,,,,,,,,,,,,,,,,,,,,,,,,,,,,,,,,,,,,,,,,-50,0,0,0,0,400,0,0,0,0,,,,,,,,,,0,,,,,,0,,
15:11:44.590,,,,,,,,,,,,,,,,,,,,,,,,,,,,,,,,,,,,,,,,,,,,,,,,,,,,,,,,,,,,,,,,,,,,,0,17,123,0,,,0,825.6,,0,0.6000000000000001,9,0,30,0,,,350,825.6,,,,,,,,,,,0,0,62,739.4000000000001,4.444,,,,,,,,,,,,,
15:11:44.794,,,,0,,,,20,,,,,,,,,24,22,,,,,,,,24,,,,,0,,,,,,,,,,,,,,,,,,,,,,,,,,,,,,,,,,,,,,,,,,,,,,,,,,,,,,,,,,,,,,,,,,,,,,,,,,,,,,,,,,,,
15:11:44.946,13.3,1.3,739.4,,0,0,28,,22,20,20,21,22,20,20,0.96122,,,1116.255,4018518,0,0,5.13472222222222,4.10777777777778,3.85104166666667,,1706.6,1665,1274.8,1204,,0,0,0,737,2465,3.84,10,3.84,61,0,1116.255,0,62,,,,,,,,,,,,,,,,,,,,,,,,,,,,,,,,,,,,,,,,,,,,,,,,,,,,,,,,,,,,,,,,,,,,0.9612200000000001,,,
15:11:45.132,,,,,,,,,,,,,,,,,,,,,,,,,,,,,,,,,,,,,,,,,,,,,38.5,38.5,,,,,,,38,,,,,,,,,,,,,,,,,,,,,,,,,,,,,,,,,,,,,,,,,,,,,,,,,,,,,,,,,,,,,,
15:11:45.224,,,,,,,,,,,,,,,,,,,,,,,,,,,,,,,,,,,,,,,,,,,,,,,3,22,26.5,16,8.5,26.5,,26.5,26.5,0,,,,,,,,,,,,,,,,,,,,,,,,,,,,,,,,,,,,,,,,,,,,,,,,,,19.941881495785807,,2.5791626964722227,2.5791626964722227,0,,,,0,
15:11:45.456,,,,,,,,,,,,,,,,,,,,,,,,,,,,,,,,,,,,,,,,,,,,,,,,,,,,,,,,,6.090000000000032,86,20,13.809000000000001,742.8000000000001,40.14,14.034,32,,,,,,,,,,,,,,,,,,,,,,,,,,,,,,,,,,,,,,,,,,,,,,,,,,,
15:11:45.575,,,,,,,,,,,,,,,,,,,,,,,,,,,,,,,,,,,,,,,,,,,,,,,,,,,,,,,,,,,,,,,,,-0.30000000000000004,3,,,,,,,,,,,,,,,,,,,,,,,,,,,,,,,,,,,,,,,,,,,,,,,,,
15:11:45.877,,,,,,,,,,,,,,,,,,,,,,,,,,,,,,,,,,,,,,,,,,,,,,,,,,,,,,,,,,,,,,,,,,,,,,,,,,,,,,,,,,,,,,,,,,,,,,,,,,,,,,,0,13.7593174,0,,,,,,,,,,
15:11:46.148,,,,,,,,,,,,,,,,,,,,,,,,,,,,,,,,,,,,,,,,,,,,,,,,,,,,,,,,,,,,,,,,,,,0,0,,,,,27,1,,,0,,,,,,,27,26,,,,,,,,,,,,,,,,,,,,,,,,,,,,,,
15:11:46.326,,,,,,,,,,,,,,,,,,,,,,,,,,,,,,,,,,,,,,,,,,,,,,,,,,,,,,,,,,,,,,,,,,,,,,,,,,,,,,,,,,,,,,,,-50,0,0,0,0,400,0,0,0,0,,,,,,,,,,0,,,,,,0,,
15:11:46.599,,,,,,,,,,,,,,,,,,,,,,,,,,,,,,,,,,,,,,,,,,,,,,,,,,,,,,,,,,,,,,,,,,,,,0,17,123,0,,,0,825.6,,0,0.6000000000000001,9,0,30,0,,,350,825.6,,,,,,,,,,,0,0,62,739.4000000000001,4.443,,,,,,,,,,,,,
15:11:46.775,,,,0,,,,20,,,,,,,,,24,22,,,,,,,,24,,,,,0,,,,,,,,,,,,,,,,,,,,,,,,,,,,,,,,,,,,,,,,,,,,,,,,,,,,,,,,,,,,,,,,,,,,,,,,,,,,,,,,,,,,
15:11:46.928,13.3,1.3,739.4,,0,0,28,,22,20,21,21,22,20,20,0.96122,,,1116.2555555555555,4018520,0,0,5.13472222222222,4.10777777777778,3.85104166666667,,1706.6,1665,1274.8,1204,,0,0,0,737,2465,3.84,24,3.84,2,0,1116.25555555556,0,62,,,,,,,,,,,,,,,,,,,,,,,,,,,,,,,,,,,,,,,,,,,,,,,,,,,,,,,,,,,,,,,,,,,,0.9612200000000001,,,
15:11:47.105,,,,,,,,,,,,,,,,,,,,,,,,,,,,,,,,,,,,,,,,,,,,,38.5,38.5,,,,,,,38,,,,,,,,,,,,,,,,,,,,,,,,,,,,,,,,,,,,,,,,,,,,,,,,,,,,,,,,,,,,,,
15:11:47.226,,,,,,,,,,,,,,,,,,,,,,,,,,,,,,,,,,,,,,,,,,,,,,,3,22,26.5,16,8.5,26.5,,26.5,26.5,0,,,,,,,,,,,,,,,,,,,,,,,,,,,,,,,,,,,,,,,,,,,,,,,,,,19.85653731990064,,2.5791626964722227,2.5791626964722227,0,,,,0,
15:11:47.498,,,,,,,,,,,,,,,,,,,,,,,,,,,,,,,,,,,,,,,,,,,,,,,,,,,,,,,,,6.189999999999998,86,20,13.792,742.8000000000001,40.07,14.046,32,,,,,,,,,,,,,,,,,,,,,,,,,,,,,,,,,,,,,,,,,,,,,,,,,,,
15:11:47.624,,,,,,,,,,,,,,,,,,,,,,,,,,,,,,,,,,,,,,,,,,,,,,,,,,,,,,,,,,,,,,,,,-0.30000000000000004,3,,,,,,,,,,,,,,,,,,,,,,,,,,,,,,,,,,,,,,,,,,,,,,,,,
15:11:47.856,,,,,,,,,,,,,,,,,,,,,,,,,,,,,,,,,,,,,,,,,,,,,,,,,,,,,,,,,,,,,,,,,,,,,,,,,,,,,,,,,,,,,,,,,,,,,,,,,,,,,,,0,13.761270600000001,0,,,,,,,,,,
15:11:48.188,,,,,,,,,,,,,,,,,,,,,,,,,,,,,,,,,,,,,,,,,,,,,,,,,,,,,,,,,,,,,,,,,,,0,0,,,,,27,1,,,0,,,,,,,27,26,,,,,,,,,,,,,,,,,,,,,,,,,,,,,,
15:11:48.371,,,,,,,,,,,,,,,,,,,,,,,,,,,,,,,,,,,,,,,,,,,,,,,,,,,,,,,,,,,,,,,,,,,,,,,,,,,,,,,,,,,,,,,,-50,0,0,0,0,400,0,0,0,0,,,,,,,,,,0,,,,,,0,,
15:11:48.640,,,,,,,,,,,,,,,,,,,,,,,,,,,,,,,,,,,,,,,,,,,,,,,,,,,,,,,,,,,,,,,,,,,,,0,17,123,0,,,0,825.6,,0,0.6000000000000001,9,0,30,0,,,350,825.6,,,,,,,,,,,0,0,62,739.4000000000001,4.443,,,,,,,,,,,,,
15:11:48.845,,,,0,,,,20,,,,,,,,,24,22,,,,,,,,24,,,,,0,,,,,,,,,,,,,,,,,,,,,,,,,,,,,,,,,,,,,,,,,,,,,,,,,,,,,,,,,,,,,,,,,,,,,,,,,,,,,,,,,,,,
15:11:48.998,13.3,1.3,739.4,,0,0,28,,22,20,20,21,22,20,20,0.96122,,,1116.256111111111,4018522,0,0,5.13472222222222,4.10777777777778,3.85104166666667,,1706.6,1665,1274.8,1204,,0,0,0,737,2468,3.84,24,3.84,61,0,1116.25611111111,0,62,,,,,,,,,,,,,,,,,,,,,,,,,,,,,,,,,,,,,,,,,,,,,,,,,,,,,,,,,,,,,,,,,,,,0.9612200000000001,,,
15:11:49.177,,,,,,,,,,,,,,,,,,,,,,,,,,,,,,,,,,,,,,,,,,,,,38.5,38.5,,,,,,,38,,,,,,,,,,,,,,,,,,,,,,,,,,,,,,,,,,,,,,,,,,,,,,,,,,,,,,,,,,,,,,
15:11:49.266,,,,,,,,,,,,,,,,,,,,,,,,,,,,,,,,,,,,,,,,,,,,,,,3,22,26.5,16,8.5,26.5,,26.5,26.5,0,,,,,,,,,,,,,,,,,,,,,,,,,,,,,,,,,,,,,,,,,,,,,,,,,,19.77028848204617,,2.5791626964722227,2.5791626964722227,0,,,,0,
15:11:49.505,,,,,,,,,,,,,,,,,,,,,,,,,,,,,,,,,,,,,,,,,,,,,,,,,,,,,,,,,5.8799999999999955,86,20,13.793,742.9000000000001,40.03,14.015,32,,,,,,,,,,,,,,,,,,,,,,,,,,,,,,,,,,,,,,,,,,,,,,,,,,,
15:11:49.634,,,,,,,,,,,,,,,,,,,,,,,,,,,,,,,,,,,,,,,,,,,,,,,,,,,,,,,,,,,,,,,,,-0.30000000000000004,3,,,,,,,,,,,,,,,,,,,,,,,,,,,,,,,,,,,,,,,,,,,,,,,,,
15:11:49.871,,,,,,,,,,,,,,,,,,,,,,,,,,,,,,,,,,,,,,,,,,,,,,,,,,,,,,,,,,,,,,,,,,,,,,,,,,,,,,,,,,,,,,,,,,,,,,,,,,,,,,,32.030840000000005,13.760294,0,,,,,,,,,,
15:11:50.165,,,,,,,,,,,,,,,,,,,,,,,,,,,,,,,,,,,,,,,,,,,,,,,,,,,,,,,,,,,,,,,,,,,0,0,,,,,27,1,,,0,,,,,,,27,26,,,,,,,,,,,,,,,,,,,,,,,,,,,,,,
15:11:50.347,,,,,,,,,,,,,,,,,,,,,,,,,,,,,,,,,,,,,,,,,,,,,,,,,,,,,,,,,,,,,,,,,,,,,,,,,,,,,,,,,,,,,,,,-50,0,0,0,0,400,0,0,0,0,,,,,,,,,,0,,,,,,0,,
15:11:50.621,,,,,,,,,,,,,,,,,,,,,,,,,,,,,,,,,,,,,,,,,,,,,,,,,,,,,,,,,,,,,,,,,,,,,0,17,123,0,,,0,825.6,,0,0.6000000000000001,9,0,30,0,,,350,825.6,,,,,,,,,,,0,0,62,739.2,4.442,,,,,,,,,,,,,
15:11:50.825,,,,0,,,,20,,,,,,,,,24,22,,,,,,,,24,,,,,0,,,,,,,,,,,,,,,,,,,,,,,,,,,,,,,,,,,,,,,,,,,,,,,,,,,,,,,,,,,,,,,,,,,,,,,,,,,,,,,,,,,,
15:11:50.976,13.3,8.4,738.7,,0,0,28,,22,20,20,21,22,20,20,6.20508,,,1116.2566666666667,4018524,0,0,5.12986111111111,4.10388888888889,3.84739583333333,,1706.6,1665,1274.8,1204,,337,0,0,737,2468,3.84,22,3.84,61,0,1116.25666666667,0,62,,,,,,,,,,,,,,,,,,,,,,,,,,,,,,,,,,,,,,,,,,,,,,,,,,,,,,,,,,,,,,,,,,,,0.9603100000000001,,,
15:11:51.163,,,,,,,,,,,,,,,,,,,,,,,,,,,,,,,,,,,,,,,,,,,,,38.5,38.5,,,,,,,38,,,,,,,,,,,,,,,,,,,,,,,,,,,,,,,,,,,,,,,,,,,,,,,,,,,,,,,,,,,,,,
15:11:51.278,,,,,,,,,,,,,,,,,,,,,,,,,,,,,,,,,,,,,,,,,,,,,,,3,22,26.5,16,8.5,26.5,,26.5,26.5,5,,,,,,,,,,,,,,,,,,,,,,,,,,,,,,,,,,,,,,,,,,,,,,,,,,19.707278065928477,,2.5819572663333337,2.5819572663333337,0.8057913838338909,124.1016,,,0.017697003478240284,
15:11:51.517,,,,,,,,,,,,,,,,,,,,,,,,,,,,,,,,,,,,,,,,,,,,,,,,,,,,,,,,,6,86,20,13.801,741.5,35.73,14.03,32,,,,,,,,,,,,,,,,,,,,,,,,,,,,,,,,,,,,,,,,,,,,,,,,,,,
15:11:51.670,,,,,,,,,,,,,,,,,,,,,,,,,,,,,,,,,,,,,,,,,,,,,,,,,,,,,,,,,,,,,,,,,10.200000000000001,3,,,,,,,,,,,,,,,,,,,,,,,,,,,,,,,,,,,,,,,,,,,,,,,,,
15:11:51.907,,,,,,,,,,,,,,,,,,,,,,,,,,,,,,,,,,,,,,,,,,,,,,,,,,,,,,,,,,,,,,,,,,,,,,,,,,,,,,,,,,,,,,,,,,,,,,,,,,,,,,,64.59878250000001,13.760294,8.78125,,,,,,,,,,
15:11:52.178,,,,,,,,,,,,,,,,,,,,,,,,,,,,,,,,,,,,,,,,,,,,,,,,,,,,,,,,,,,,,,,,,,,0,0,,,,,27,1,,,0,,,,,,,27,27,,,,,,,,,,,,,,,,,,,,,,,,,,,,,,
15:11:52.360,,,,,,,,,,,,,,,,,,,,,,,,,,,,,,,,,,,,,,,,,,,,,,,,,,,,,,,,,,,,,,,,,,,,,,,,,,,,,,,,,,,,,,,,-50,0,0,0,0,400,0,0,0,0,,,,,,,,,,0,,,,,,0,,
15:11:52.631,,,,,,,,,,,,,,,,,,,,,,,,,,,,,,,,,,,,,,,,,,,,,,,,,,,,,,,,,,,,,,,,,,,,,0,17,123,0,,,0,825.6,,0,0.6000000000000001,9,0,30,0,,,350,825.6,,,,,,,,,,,0,0,62,737.8000000000001,4.444,,,,,,,,,,,,,
15:11:52.807,,,,0,,,,20,,,,,,,,,24,22,,,,,,,,24,,,,,0,,,,,,,,,,,,,,,,,,,,,,,,,,,,,,,,,,,,,,,,,,,,,,,,,,,,,,,,,,,,,,,,,,,,,,,,,,,,,,,,,,,,
15:11:52.958,13.3,20,737.5,,0,0,28,,22,20,21,21,22,20,20,14.75,,,1116.2572222222223,4018526,0,0,5.12152777777778,4.09722222222222,3.84114583333333,,1706.6,1665,1274.8,1204,,1132,0,0,735,2468,3.84,24,3.82,61,0,1116.25722222222,0,62,,,,,,,,,,,,,,,,,,,,,,,,,,,,,,,,,,,,,,,,,,,,,,,,,,,,,,,,,,,,,,,,,,,,6.195,,,
15:11:53.198,,,,,,,,,,,,,,,,,,,,,,,,,,,,,,,,,,,,,,,,,,,,,38.5,38.5,,,,,,,38,,,,,,,,,,,,,,,,,,,,,,,,,,,,,,,,,,,,,,,,,,,,,,,,,,,,,,,,,,,,,,
15:11:53.317,,,,,,,,,,,,,,,,,,,,,,,,,,,,,,,,,,,,,,,,,,,,,,,3,22,26.5,16,8.5,26.5,,26.5,26.5,15,,,,,,,,,,,,,,,,,,,,,,,,,,,,,,,,,,,,,,,,,,,,,,,,,,19.687013880762247,,2.590453923416667,2.590453923416667,1.0169491525423728,98.33333333333334,,,0.052504900275328316,
15:11:53.557,,,,,,,,,,,,,,,,,,,,,,,,,,,,,,,,,,,,,,,,,,,,,,,,,,,,,,,,,6.269999999999982,86,20,13.812999999999999,740.8000000000001,39.2,14.02,32,,,,,,,,,,,,,,,,,,,,,,,,,,,,,,,,,,,,,,,,,,,,,,,,,,,
15:11:53.676,,,,,,,,,,,,,,,,,,,,,,,,,,,,,,,,,,,,,,,,,,,,,,,,,,,,,,,,,,,,,,,,,67.60000000000001,3,,,,,,,,,,,,,,,,,,,,,,,,,,,,,,,,,,,,,,,,,,,,,,,,,
15:11:53.920,,,,,,,,,,,,,,,,,,,,,,,,,,,,,,,,,,,,,,,,,,,,,,,,,,,,,,,,,,,,,,,,,,,,,,,,,,,,,,,,,,,,,,,,,,,,,,,,,,,,,,,52.489562500000005,13.770548300000002,17.375,,,,,,,,,,
15:11:54.192,,,,,,,,,,,,,,,,,,,,,,,,,,,,,,,,,,,,,,,,,,,,,,,,,,,,,,,,,,,,,,,,,,,0,0,,,,,27,1,,,0,,,,,,,27,27,,,,,,,,,,,,,,,,,,,,,,,,,,,,,,
15:11:54.371,,,,,,,,,,,,,,,,,,,,,,,,,,,,,,,,,,,,,,,,,,,,,,,,,,,,,,,,,,,,,,,,,,,,,,,,,,,,,,,,,,,,,,,,-50,0,0,0,0,400,0,0,0,0,,,,,,,,,,0,,,,,,0,,
15:11:54.636,,,,,,,,,,,,,,,,,,,,,,,,,,,,,,,,,,,,,,,,,,,,,,,,,,,,,,,,,,,,,,,,,,,,,0,17,123,0,,,0,825.6,,0,0.6000000000000001,9,0,30,0,,,350,825.6,,,,,,,,,,,0,0,62,737.7,4.444,,,,,,,,,,,,,
15:11:54.816,,,,0,,,,20,,,,,,,,,24,22,,,,,,,,24,,,,,0,,,,,,,,,,,,,,,,,,,,,,,,,,,,,,,,,,,,,,,,,,,,,,,,,,,,,,,,,,,,,,,,,,,,,,,,,,,,,,,,,,,,
15:11:55.002,13.3,12.6,737.9,,0,0,28,,22,20,21,21,22,20,20,9.29754,,,1116.2577777777778,4018528,0,0,5.12430555555556,4.09944444444444,3.84322916666667,,1706.6,1665,1274.8,1204,,1545,0,0,736,2468,3.84,24,3.84,61,0,1116.25777777778,0,62,,,,,,,,,,,,,,,,,,,,,,,,,,,,,,,,,,,,,,,,,,,,,,,,,,,,,,,,,,,,,,,,,,,,14.758,,,
15:11:55.177,,,,,,,,,,,,,,,,,,,,,,,,,,,,,,,,,,,,,,,,,,,,,38.5,38.5,,,,,,,38,,,,,,,,,,,,,,,,,,,,,,,,,,,,,,,,,,,,,,,,,,,,,,,,,,,,,,,,,,,,,,
15:11:55.268,,,,,,,,,,,,,,,,,,,,,,,,,,,,,,,,,,,,,,,,,,,,,,,3,22,26.5,16,8.5,26.5,,26.5,26.5,19,,,,,,,,,,,,,,,,,,,,,,,,,,,,,,,,,,,,,,,,,,,,,,,,,,19.684191347961775,,2.6007678148055557,2.6007678148055557,2.043551304968841,48.93442105263158,,,0.06691828189453435,
15:11:55.508,,,,,,,,,,,,,,,,,,,,,,,,,,,,,,,,,,,,,,,,,,,,,,,,,,,,,,,,,6.0400000000000205,86,20,13.796,741.9000000000001,35.27,14.033,32,,,,,,,,,,,,,,,,,,,,,,,,,,,,,,,,,,,,,,,,,,,,,,,,,,,
15:11:55.635,,,,,,,,,,,,,,,,,,,,,,,,,,,,,,,,,,,,,,,,,,,,,,,,,,,,,,,,,,,,,,,,,49.7,3,,,,,,,,,,,,,,,,,,,,,,,,,,,,,,,,,,,,,,,,,,,,,,,,,
15:11:55.871,,,,,,,,,,,,,,,,,,,,,,,,,,,,,,,,,,,,,,,,,,,,,,,,,,,,,,,,,,,,,,,,,,,,,,,,,,,,,,,,,,,,,,,,,,,,,,,,,,,,,,,30.370705,13.761270600000001,16,,,,,,,,,,
15:11:56.139,,,,,,,,,,,,,,,,,,,,,,,,,,,,,,,,,,,,,,,,,,,,,,,,,,,,,,,,,,,,,,,,,,,0,0,,,,,27,1,,,0,,,,,,,27,26,,,,,,,,,,,,,,,,,,,,,,,,,,,,,,
15:11:56.317,,,,,,,,,,,,,,,,,,,,,,,,,,,,,,,,,,,,,,,,,,,,,,,,,,,,,,,,,,,,,,,,,,,,,,,,,,,,,,,,,,,,,,,,-50,0,0,0,0,400,0,0,0,0,,,,,,,,,,0,,,,,,0,,
15:11:56.623,,,,,,,,,,,,,,,,,,,,,,,,,,,,,,,,,,,,,,,,,,,,,,,,,,,,,,,,,,,,,,,,,,,,,0,17,123,0,,,0,825.6,,0,0.6000000000000001,9,0,30,0,,,350,825.6,,,,,,,,,,,0,0,62,738.8000000000001,4.444,,,,,,,,,,,,,
15:11:56.798,,,,0,,,,20,,,,,,,,,24,22,,,,,,,,24,,,,,0,,,,,,,,,,,,,,,,,,,,,,,,,,,,,,,,,,,,,,,,,,,,,,,,,,,,,,,,,,,,,,,,,,,,,,,,,,,,,,,,,,,,
15:11:56.951,13.3,7.4,738.5,,0,0,28,,22,20,20,21,22,20,20,5.4649,,,1116.2583333333334,4018530,0,0,5.12847222222222,4.10277777777778,3.84635416666667,,1706.6,1665,1274.8,1204,,1643,0,0,736,2468,3.84,22,3.84,61,0,1116.25833333333,0,62,,,,,,,,,,,,,,,,,,,,,,,,,,,,,,,,,,,,,,,,,,,,,,,,,,,,,,,,,,,,,,,,,,,,9.3051,,,
15:11:57.132,,,,,,,,,,,,,,,,,,,,,,,,,,,,,,,,,,,,,,,,,,,,,38.5,38.5,,,,,,,38,,,,,,,,,,,,,,,,,,,,,,,,,,,,,,,,,,,,,,,,,,,,,,,,,,,,,,,,,,,,,,
15:11:57.274,,,,,,,,,,,,,,,,,,,,,,,,,,,,,,,,,,,,,,,,,,,,,,,3,22,26,16,8.5,26,,26.5,26.5,20,,,,,,,,,,,,,,,,,,,,,,,,,,,,,,,,,,,,,,,,,,,,,,,,,,19.685515412616912,,2.6118964153611115,2.6118964153611115,3.659719299529726,27.3245,,,0.07073989371003105,
15:11:57.518,,,,,,,,,,,,,,,,,,,,,,,,,,,,,,,,,,,,,,,,,,,,,,,,,,,,,,,,,6.310000000000002,86,20,13.822,740.9000000000001,38.28,14.038,32,,,,,,,,,,,,,,,,,,,,,,,,,,,,,,,,,,,,,,,,,,,,,,,,,,,
15:11:57.636,,,,,,,,,,,,,,,,,,,,,,,,,,,,,,,,,,,,,,,,,,,,,,,,,,,,,,,,,,,,,,,,,1.8,3,,,,,,,,,,,,,,,,,,,,,,,,,,,,,,,,,,,,,,,,,,,,,,,,,
15:11:57.875,,,,,,,,,,,,,,,,,,,,,,,,,,,,,,,,,,,,,,,,,,,,,,,,,,,,,,,,,,,,,,,,,,,,,,,,,,,,,,,,,,,,,,,,,,,,,,,,,,,,,,,50.6341175,13.770548300000002,20.875,,,,,,,,,,
15:11:58.151,,,,,,,,,,,,,,,,,,,,,,,,,,,,,,,,,,,,,,,,,,,,,,,,,,,,,,,,,,,,,,,,,,,0,0,,,,,27,1,,,0,,,,,,,27,26,,,,,,,,,,,,,,,,,,,,,,,,,,,,,,
15:11:58.330,,,,,,,,,,,,,,,,,,,,,,,,,,,,,,,,,,,,,,,,,,,,,,,,,,,,,,,,,,,,,,,,,,,,,,,,,,,,,,,,,,,,,,,,-50,0,0,0,0,400,0,0,0,0,,,,,,,,,,0,,,,,,0,,
15:11:58.594,,,,,,,,,,,,,,,,,,,,,,,,,,,,,,,,,,,,,,,,,,,,,,,,,,,,,,,,,,,,,,,,,,,,,0,17,123,0,,,0,825.6,,0,0.6000000000000001,9,0,30,0,,,350,825.6,,,,,,,,,,,0,0,62,736.8000000000001,4.442,,,,,,,,,,,,,
15:11:58.779,,,,0,,,,20,,,,,,,,,24,22,,,,,,,,24,,,,,0,,,,,,,,,,,,,,,,,,,,,,,,,,,,,,,,,,,,,,,,,,,,,,,,,,,,,,,,,,,,,,,,,,,,,,,,,,,,,,,,,,,,
15:11:58.932,13.3,26.5,736.5,,0,0,28,,22,20,21,21,22,20,20,19.51725,,,1116.2588888888888,4018532,0,0,5.11458333333333,4.09166666666667,3.8359375,,1706.6,1665,1274.8,1204,,1940,0,0,734,2469,3.84,22,3.82,61,0,1116.25888888889,0,62,,,,,,,,,,,,,,,,,,,,,,,,,,,,,,,,,,,,,,,,,,,,,,,,,,,,,,,,,,,,,,,,,,,,5.4501,,,
15:11:59.075,,,,,,,,,,,,,,,,,,,,,,,,,,,,,,,,,,,,,,,,,,,,,38.5,38.5,,,,,,,38,,,,,,,,,,,,,,,,,,,,,,,,,,,,,,,,,,,,,,,,,,,,,,,,,,,,,,,,,,,,,,
15:11:59.166,,,,,,,,,,,,,,,,,,,,,,,,,,,,,,,,,,,,,,,,,,,,,,,3,22,26,16,8.5,26,,26.5,26.5,25,,,,,,,,,,,,,,,,,,,,,,,,,,,,,,,,,,,,,,,,,,,,,,,,,,19.706472842494865,,2.6250285514722225,2.6250285514722225,1.280918162138621,78.069,,,0.0718189985157677,
15:11:59.409,,,,,,,,,,,,,,,,,,,,,,,,,,,,,,,,,,,,,,,,,,,,,,,,,,,,,,,,,6.160000000000025,86,20.5,13.815999999999999,740.3000000000001,34.83,14.032,32,,,,,,,,,,,,,,,,,,,,,,,,,,,,,,,,,,,,,,,,,,,,,,,,,,,
15:11:59.524,,,,,,,,,,,,,,,,,,,,,,,,,,,,,,,,,,,,,,,,,,,,,,,,,,,,,,,,,,,,,,,,,-0.1,3,,,,,,,,,,,,,,,,,,,,,,,,,,,,,,,,,,,,,,,,,,,,,,,,,
15:11:59.764,,,,,,,,,,,,,,,,,,,,,,,,,,,,,,,,,,,,,,,,,,,,,,,,,,,,,,,,,,,,,,,,,,,,,,,,,,,,,,,,,,,,,,,,,,,,,,,,,,,,,,,43.505302500000006,13.771524900000001,24,,,,,,,,,,
15:12:00.040,,,,,,,,,,,,,,,,,,,,,,,,,,,,,,,,,,,,,,,,,,,,,,,,,,,,,,,,,,,,,,,,,,,0,0,,,,,27,1,,,0,,,,,,,27,26,,,,,,,,,,,,,,,,,,,,,,,,,,,,,,
15:12:00.215,,,,,,,,,,,,,,,,,,,,,,,,,,,,,,,,,,,,,,,,,,,,,,,,,,,,,,,,,,,,,,,,,,,,,,,,,,,,,,,,,,,,,,,,-50,0,0,0,0,400,0,0,0,0,,,,,,,,,,0,,,,,,0,,
15:12:00.494,,,,,,,,,,,,,,,,,,,,,,,,,,,,,,,,,,,,,,,,,,,,,,,,,,,,,,,,,,,,,,,,,,,,,0,17,123,0,,,0,825.6,,0,0.6000000000000001,9,0,30,0,,,350,825.6,,,,,,,,,,,0,0,62,738.1,4.444,,,,,,,,,,,,,
15:12:00.668,,,,0,,,,20,,,,,,,,,24,22,,,,,,,,24,,,,,0,,,,,,,,,,,,,,,,,,,,,,,,,,,,,,,,,,,,,,,,,,,,,,,,,,,,,,,,,,,,,,,,,,,,,,,,,,,,,,,,,,,,
15:12:00.822,13.3,-4.5,739.4,,0,0,28,,22,20,21,21,22,20,20,-3.3273,,,1116.2594444444444,4018534,0,0,5.13472222222222,4.10777777777778,3.85104166666667,,1706.6,1665,1274.8,1204,,2052,0,0,737,2469,3.84,24,3.84,64,0,1116.25944444444,0,62,,,,,,,,,,,,,,,,,,,,,,,,,,,,,,,,,,,,,,,,,,,,,,,,,,,,,,,,,,,,,,,,,,,,-3.3272999999999997,,,
15:12:00.998,,,,,,,,,,,,,,,,,,,,,,,,,,,,,,,,,,,,,,,,,,,,,38.5,38.5,,,,,,,38,,,,,,,,,,,,,,,,,,,,,,,,,,,,,,,,,,,,,,,,,,,,,,,,,,,,,,,,,,,,,,
15:12:01.114,,,,,,,,,,,,,,,,,,,,,,,,,,,,,,,,,,,,,,,,,,,,,,,3,22,26,16,8.5,26,,26.5,26.5,25,,,,,,,,,,,,,,,,,,,,,,,,,,,,,,,,,,,,,,,,,,,,,,,,,,19.727899037777078,,2.6385626000833335,2.6385626000833335,-7.5135996153037,-13.3092,,,0.03632608727219803,
15:12:01.364,,,,,,,,,,,,,,,,,,,,,,,,,,,,,,,,,,,,,,,,,,,,,,,,,,,,,,,,,6.139999999999986,86,20.5,13.817,743.2,35.26,14.026,32,,,,,,,,,,,,,,,,,,,,,,,,,,,,,,,,,,,,,,,,,,,,,,,,,,,
15:12:01.509,,,,,,,,,,,,,,,,,,,,,,,,,,,,,,,,,,,,,,,,,,,,,,,,,,,,,,,,,,,,,,,,,-5.4,3,,,,,,,,,,,,,,,,,,,,,,,,,,,,,,,,,,,,,,,,,,,,,,,,,
15:12:01.748,,,,,,,,,,,,,,,,,,,,,,,,,,,,,,,,,,,,,,,,,,,,,,,,,,,,,,,,,,,,,,,,,,,,,,,,,,,,,,,,,,,,,,,,,,,,,,,,,,,,,,,20.89817,13.760294,20,,,,,,,,,,
15:12:02.018,,,,,,,,,,,,,,,,,,,,,,,,,,,,,,,,,,,,,,,,,,,,,,,,,,,,,,,,,,,,,,,,,,,0,0,,,,,27,1,,,0,,,,,,,27,27,,,,,,,,,,,,,,,,,,,,,,,,,,,,,,
15:12:02.203,,,,,,,,,,,,,,,,,,,,,,,,,,,,,,,,,,,,,,,,,,,,,,,,,,,,,,,,,,,,,,,,,,,,,,,,,,,,,,,,,,,,,,,,-50,0,0,0,0,400,0,0,0,0,,,,,,,,,,0,,,,,,0,,
15:12:02.465,,,,,,,,,,,,,,,,,,,,,,,,,,,,,,,,,,,,,,,,,,,,,,,,,,,,,,,,,,,,,,,,,,,,,0,17,123,0,,,0,825.6,,0,0.6000000000000001,9,0,30,0,,,350,825.6,,,,,,,,,,,0,0,62,740.4000000000001,4.442,,,,,,,,,,,,,
15:12:02.646,,,,0,,,,20,,,,,,,,,24,22,,,,,,,,24,,,,,0,,,,,,,,,,,,,,,,,,,,,,,,,,,,,,,,,,,,,,,,,,,,,,,,,,,,,,,,,,,,,,,,,,,,,,,,,,,,,,,,,,,,
15:12:02.798,13.3,-18.7,740.9,,0,0,28,,22,20,20,21,22,20,20,-13.85483,,,1116.26,4018536,0,0,5.14513888888889,4.11611111111111,3.85885416666667,,1706.7,1665,1274.8,1204,,1547,0,0,739,2469,3.86,23,3.84,61,0,1116.26,0,62,,,,,,,,,,,,,,,,,,,,,,,,,,,,,,,,,,,,,,,,,,,,,,,,,,,,,,,,,,,,,,,,,,,,-13.85483,,,
15:12:02.976,,,,,,,,,,,,,,,,,,,,,,,,,,,,,,,,,,,,,,,,,,,,,38.5,38.5,,,,,,,38,,,,,,,,,,,,,,,,,,,,,,,,,,,,,,,,,,,,,,,,,,,,,,,,,,,,,,,,,,,,,,
15:12:03.068,,,,,,,,,,,,,,,,,,,,,,,,,,,,,,,,,,,,,,,,,,,,,,,3,22,26,16,8.5,26,,26.5,26.5,18,,,,,,,,,,,,,,,,,,,,,,,,,,,,,,,,,,,,,,,,,,,,,,,,,,19.720893427042512,,2.6483632735833336,2.6483632735833336,-1.2991859156698422,-76.97127777777777,,,,
15:12:03.309,,,,,,,,,,,,,,,,,,,,,,,,,,,,,,,,,,,,,,,,,,,,,,,,,,,,,,,,,6.019999999999982,86,20.5,13.792,744.2,39.84,14.025,32,,,,,,,,,,,,,,,,,,,,,,,,,,,,,,,,,,,,,,,,,,,,,,,,,,,
15:12:03.456,,,,,,,,,,,,,,,,,,,,,,,,,,,,,,,,,,,,,,,,,,,,,,,,,,,,,,,,,,,,,,,,,-6.5,3,,,,,,,,,,,,,,,,,,,,,,,,,,,,,,,,,,,,,,,,,,,,,,,,,
15:12:03.693,,,,,,,,,,,,,,,,,,,,,,,,,,,,,,,,,,,,,,,,,,,,,,,,,,,,,,,,,,,,,,,,,,,,,,,,,,,,,,,,,,,,,,,,,,,,,,,,,,,,,,,0,13.7515046,16.09375,,,,,,,,,,
15:12:03.965,,,,,,,,,,,,,,,,,,,,,,,,,,,,,,,,,,,,,,,,,,,,,,,,,,,,,,,,,,,,,,,,,,,0,0,,,,,27,1,,,0,,,,,,,27,26,,,,,,,,,,,,,,,,,,,,,,,,,,,,,,
15:12:04.174,,,,,,,,,,,,,,,,,,,,,,,,,,,,,,,,,,,,,,,,,,,,,,,,,,,,,,,,,,,,,,,,,,,,,,,,,,,,,,,,,,,,,,,,-50,0,0,0,0,400,0,0,0,0,,,,,,,,,,0,,,,,,0,,
15:12:04.443,,,,,,,,,,,,,,,,,,,,,,,,,,,,,,,,,,,,,,,,,,,,,,,,,,,,,,,,,,,,,,,,,,,,,0,17,123,0,,,0,825.6,,0,0.6000000000000001,9,0,30,0,,,350,825.6,,,,,,,,,,,0,0,62,740.7,4.442,,,,,,,,,,,,,
15:12:04.627,,,,0,,,,20,,,,,,,,,24,22,,,,,,,,24,,,,,0,,,,,,,,,,,,,,,,,,,,,,,,,,,,,,,,,,,,,,,,,,,,,,,,,,,,,,,,,,,,,,,,,,,,,,,,,,,,,,,,,,,,
15:12:04.778,13.3,-10.9,740.5,,0,0,28,,22,20,21,21,22,20,20,-8.07145,,,1116.2605555555556,4018538,0,0,5.14236111111111,4.11388888888889,3.85677083333333,,1706.7,1665,1274.8,1204,,860,0,0,738,2469,3.86,24,3.84,61,0,1116.26055555556,0,62,,,,,,,,,,,,,,,,,,,,,,,,,,,,,,,,,,,,,,,,,,,,,,,,,,,,,,,,,,,,,,,,,,,,-13.84735,,,
15:12:04.957,,,,,,,,,,,,,,,,,,,,,,,,,,,,,,,,,,,,,,,,,,,,,38.5,38.5,,,,,,,38,,,,,,,,,,,,,,,,,,,,,,,,,,,,,,,,,,,,,,,,,,,,,,,,,,,,,,,,,,,,,,
15:12:05.077,,,,,,,,,,,,,,,,,,,,,,,,,,,,,,,,,,,,,,,,,,,,,,,3,23,26,16,8.5,26,,26.5,26.5,9,,,,,,,,,,,,,,,,,,,,,,,,,,,,,,,,,,,,,,,,,,,,,,,,,,19.676654277513844,,2.6533711840833334,2.6533711840833334,-1.1150412875010065,-89.68277777777779,,,-0.03992893447825661,
15:12:05.318,,,,,,,,,,,,,,,,,,,,,,,,,,,,,,,,,,,,,,,,,,,,,,,,,,,,,,,,,5.949999999999989,86,20.5,13.793,742.9000000000001,35.07,14.01,32,,,,,,,,,,,,,,,,,,,,,,,,,,,,,,,,,,,,,,,,,,,,,,,,,,,
15:12:05.469,,,,,,,,,,,,,,,,,,,,,,,,,,,,,,,,,,,,,,,,,,,,,,,,,,,,,,,,,,,,,,,,,-24.400000000000002,3,,,,,,,,,,,,,,,,,,,,,,,,,,,,,,,,,,,,,,,,,,,,,,,,,
15:12:05.704,,,,,,,,,,,,,,,,,,,,,,,,,,,,,,,,,,,,,,,,,,,,,,,,,,,,,,,,,,,,,,,,,,,,,,,,,,,,,,,,,,,,,,,,,,,,,,,,,,,,,,,44.6771625,13.771524900000001,8,,,,,,,,,,
15:12:05.979,,,,,,,,,,,,,,,,,,,,,,,,,,,,,,,,,,,,,,,,,,,,,,,,,,,,,,,,,,,,,,,,,,,0,0,,,,,27,1,,,0,,,,,,,27,26,,,,,,,,,,,,,,,,,,,,,,,,,,,,,,
15:12:06.154,,,,,,,,,,,,,,,,,,,,,,,,,,,,,,,,,,,,,,,,,,,,,,,,,,,,,,,,,,,,,,,,,,,,,,,,,,,,,,,,,,,,,,,,-50,0,0,0,0,400,0,0,0,0,,,,,,,,,,0,,,,,,0,,
15:12:06.426,,,,,,,,,,,,,,,,,,,,,,,,,,,,,,,,,,,,,,,,,,,,,,,,,,,,,,,,,,,,,,,,,,,,,0,17,123,0,,,0,825.6,,0,0.6000000000000001,9,0,30,0,,,350,825.6,,,,,,,,,,,0,0,62,738.8000000000001,4.444,,,,,,,,,,,,,
15:12:06.607,,,,0,,,,20,,,,,,,,,24,22,,,,,,,,24,,,,,0,,,,,,,,,,,,,,,,,,,,,,,,,,,,,,,,,,,,,,,,,,,,,,,,,,,,,,,,,,,,,,,,,,,,,,,,,,,,,,,,,,,,
15:12:06.759,13.3,8.2,738.6,,0,0,28,,22,20,21,21,22,20,20,6.05652,,,1116.2611111111112,4018540,0,0,5.12916666666667,4.10333333333333,3.846875,,1706.7,1665,1274.8,1204,,1088,0,0,737,2469,3.84,24,3.84,2,0,1116.26111111111,0,62,,,,,,,,,,,,,,,,,,,,,,,,,,,,,,,,,,,,,,,,,,,,,,,,,,,,,,,,,,,,,,,,,,,,6.05652,,,
15:12:06.936,,,,,,,,,,,,,,,,,,,,,,,,,,,,,,,,,,,,,,,,,,,,,38.5,38.5,,,,,,,38,,,,,,,,,,,,,,,,,,,,,,,,,,,,,,,,,,,,,,,,,,,,,,,,,,,,,,,,,,,,,,
15:12:07.025,,,,,,,,,,,,,,,,,,,,,,,,,,,,,,,,,,,,,,,,,,,,,,,3,22,26,16,8.5,26,,26.5,26.5,14,,,,,,,,,,,,,,,,,,,,,,,,,,,,,,,,,,,,,,,,,,,,,,,,,,19.65396945388248,,2.66094597975,2.66094597975,2.3115584527088164,43.26085714285714,,,,
15:12:07.267,,,,,,,,,,,,,,,,,,,,,,,,,,,,,,,,,,,,,,,,,,,,,,,,,,,,,,,,,5.889999999999986,86,20.5,13.814,741.9000000000001,36.11,14,32,,,,,,,,,,,,,,,,,,,,,,,,,,,,,,,,,,,,,,,,,,,,,,,,,,,
15:12:07.415,,,,,,,,,,,,,,,,,,,,,,,,,,,,,,,,,,,,,,,,,,,,,,,,,,,,,,,,,,,,,,,,,44,3,,,,,,,,,,,,,,,,,,,,,,,,,,,,,,,,,,,,,,,,,,,,,,,,,
15:12:07.659,,,,,,,,,,,,,,,,,,,,,,,,,,,,,,,,,,,,,,,,,,,,,,,,,,,,,,,,,,,,,,,,,,,,,,,,,,,,,,,,,,,,,,,,,,,,,,,,,,,,,,,29.882430000000003,13.7515046,12,,,,,,,,,,
15:12:07.957,,,,,,,,,,,,,,,,,,,,,,,,,,,,,,,,,,,,,,,,,,,,,,,,,,,,,,,,,,,,,,,,,,,0,0,,,,,27,1,,,0,,,,,,,27,26,,,,,,,,,,,,,,,,,,,,,,,,,,,,,,
15:12:08.142,,,,,,,,,,,,,,,,,,,,,,,,,,,,,,,,,,,,,,,,,,,,,,,,,,,,,,,,,,,,,,,,,,,,,,,,,,,,,,,,,,,,,,,,-50,0,0,0,0,400,0,0,0,0,,,,,,,,,,0,,,,,,0,,
15:12:08.404,,,,,,,,,,,,,,,,,,,,,,,,,,,,,,,,,,,,,,,,,,,,,,,,,,,,,,,,,,,,,,,,,,,,,0,17,123,0,,,0,825.6,,0,0.6000000000000001,9,0,30,0,,,350,825.6,,,,,,,,,,,0,0,62,739,4.443,,,,,,,,,,,,,
15:12:08.586,,,,0,,,,20,,,,,,,,,24,22,,,,,,,,24,,,,,0,,,,,,,,,,,,,,,,,,,,,,,,,,,,,,,,,,,,,,,,,,,,,,,,,,,,,,,,,,,,,,,,,,,,,,,,,,,,,,,,,,,,
15:12:08.738,13.3,6.4,738.7,,0,0,28,,22,20,21,21,22,20,20,4.72768,,,1116.2616666666668,4018542,0,0,5.12986111111111,4.10388888888889,3.84739583333333,,1706.7,1665,1274.8,1204,,1386,0,0,737,2469,3.84,24,3.84,64,0,1116.26166666667,0,62,,,,,,,,,,,,,,,,,,,,,,,,,,,,,,,,,,,,,,,,,,,,,,,,,,,,,,,,,,,,,,,,,,,,4.72768,,,
15:12:08.919,,,,,,,,,,,,,,,,,,,,,,,,,,,,,,,,,,,,,,,,,,,,,38.5,38.5,,,,,,,38,,,,,,,,,,,,,,,,,,,,,,,,,,,,,,,,,,,,,,,,,,,,,,,,,,,,,,,,,,,,,,
15:12:09.068,,,,,,,,,,,,,,,,,,,,,,,,,,,,,,,,,,,,,,,,,,,,,,,3,22,26,16,8.5,26,,26.5,26.5,18,,,,,,,,,,,,,,,,,,,,,,,,,,,,,,,,,,,,,,,,,,,,,,,,,,19.6470598213525,,2.6711697232500002,2.6711697232500002,3.8073642886151347,26.26488888888889,,,,
15:12:09.308,,,,,,,,,,,,,,,,,,,,,,,,,,,,,,,,,,,,,,,,,,,,,,,,,,,,,,,,,6.319999999999993,86,20.5,13.815999999999999,741.9000000000001,35.09,14.033,32,,,,,,,,,,,,,,,,,,,,,,,,,,,,,,,,,,,,,,,,,,,,,,,,,,,
15:12:09.453,,,,,,,,,,,,,,,,,,,,,,,,,,,,,,,,,,,,,,,,,,,,,,,,,,,,,,,,,,,,,,,,,50.7,3,,,,,,,,,,,,,,,,,,,,,,,,,,,,,,,,,,,,,,,,,,,,,,,,,
15:12:09.698,,,,,,,,,,,,,,,,,,,,,,,,,,,,,,,,,,,,,,,,,,,,,,,,,,,,,,,,,,,,,,,,,,,,,,,,,,,,,,,,,,,,,,,,,,,,,,,,,,,,,,,32.519115,13.760294,16,,,,,,,,,,
15:12:09.969,,,,,,,,,,,,,,,,,,,,,,,,,,,,,,,,,,,,,,,,,,,,,,,,,,,,,,,,,,,,,,,,,,,0,0,,,,,27,1,,,0,,,,,,,27,27,,,,,,,,,,,,,,,,,,,,,,,,,,,,,,
15:12:10.145,,,,,,,,,,,,,,,,,,,,,,,,,,,,,,,,,,,,,,,,,,,,,,,,,,,,,,,,,,,,,,,,,,,,,,,,,,,,,,,,,,,,,,,,-50,0,0,0,0,400,0,0,0,0,,,,,,,,,,0,,,,,,0,,
15:12:10.422,,,,,,,,,,,,,,,,,,,,,,,,,,,,,,,,,,,,,,,,,,,,,,,,,,,,,,,,,,,,,,,,,,,,,0,17,123,0,,,0,825.6,,0,0.6000000000000001,9,0,30,0,,,350,825.6,,,,,,,,,,,0,0,62,738.7,4.444,,,,,,,,,,,,,
15:12:10.599,,,,0,,,,20,,,,,,,,,24,22,,,,,,,,24,,,,,0,,,,,,,,,,,,,,,,,,,,,,,,,,,,,,,,,,,,,,,,,,,,,,,,,,,,,,,,,,,,,,,,,,,,,,,,,,,,,,,,,,,,
15:12:10.749,13.3,6.1,738.6,,0,0,28,,22,20,20,21,22,20,20,4.50546,,,1116.2622222222221,4018544,0,0,5.12916666666667,4.10333333333333,3.846875,,1706.7,1665,1274.8,1204,,1651,0,0,737,2469,3.84,24,3.84,61,0,1116.26222222222,0,62,,,,,,,,,,,,,,,,,,,,,,,,,,,,,,,,,,,,,,,,,,,,,,,,,,,,,,,,,,,,,,,,,,,,4.72704,,,
15:12:10.927,,,,,,,,,,,,,,,,,,,,,,,,,,,,,,,,,,,,,,,,,,,,,38.5,38.5,,,,,,,38,,,,,,,,,,,,,,,,,,,,,,,,,,,,,,,,,,,,,,,,,,,,,,,,,,,,,,,,,,,,,,
15:12:11.047,,,,,,,,,,,,,,,,,,,,,,,,,,,,,,,,,,,,,,,,,,,,,,,3,22,26,16,8.5,26,,26.5,26.5,21,,,,,,,,,,,,,,,,,,,,,,,,,,,,,,,,,,,,,,,,,,,,,,,,,,19.65250281885893,,2.68270359525,2.68270359525,4.661011306281711,21.45457142857143,,,,
15:12:11.288,,,,,,,,,,,,,,,,,,,,,,,,,,,,,,,,,,,,,,,,,,,,,,,,,,,,,,,,,5.850000000000023,86,20.5,13.803,741.6,37.68,14.003,32,,,,,,,,,,,,,,,,,,,,,,,,,,,,,,,,,,,,,,,,,,,,,,,,,,,
15:12:11.435,,,,,,,,,,,,,,,,,,,,,,,,,,,,,,,,,,,,,,,,,,,,,,,,,,,,,,,,,,,,,,,,,-1.8,3,,,,,,,,,,,,,,,,,,,,,,,,,,,,,,,,,,,,,,,,,,,,,,,,,
15:12:11.684,,,,,,,,,,,,,,,,,,,,,,,,,,,,,,,,,,,,,,,,,,,,,,,,,,,,,,,,,,,,,,,,,,,,,,,,,,,,,,,,,,,,,,,,,,,,,,,,,,,,,,,34.5210425,13.7695717,20,,,,,,,,,,
15:12:11.946,,,,,,,,,,,,,,,,,,,,,,,,,,,,,,,,,,,,,,,,,,,,,,,,,,,,,,,,,,,,,,,,,,,0,0,,,,,27,1,,,0,,,,,,,27,26,,,,,,,,,,,,,,,,,,,,,,,,,,,,,,
15:12:12.125,,,,,,,,,,,,,,,,,,,,,,,,,,,,,,,,,,,,,,,,,,,,,,,,,,,,,,,,,,,,,,,,,,,,,,,,,,,,,,,,,,,,,,,,-50,0,0,0,0,400,0,0,0,0,,,,,,,,,,0,,,,,,0,,
15:12:12.398,,,,,,,,,,,,,,,,,,,,,,,,,,,,,,,,,,,,,,,,,,,,,,,,,,,,,,,,,,,,,,,,,,,,,0,17,123,0,,,0,825.6,,0,0.6000000000000001,9,0,30,0,,,350,825.6,,,,,,,,,,,0,0,62,738.5,4.444,,,,,,,,,,,,,
15:12:12.581,,,,0,,,,20,,,,,,,,,24,22,,,,,,,,24,,,,,0,,,,,,,,,,,,,,,,,,,,,,,,,,,,,,,,,,,,,,,,,,,,,,,,,,,,,,,,,,,,,,,,,,,,,,,,,,,,,,,,,,,,
15:12:12.725,13.3,5.7,738.7,,0,0,28,,22,20,21,21,22,20,20,4.21059,,,1116.2627777777777,4018546,0,0,5.12986111111111,4.10388888888889,3.84739583333333,,1706.7,1665,1274.8,1204,,1791,0,0,737,2469,3.84,24,3.84,61,0,1116.26277777778,0,62,,,,,,,,,,,,,,,,,,,,,,,,,,,,,,,,,,,,,,,,,,,,,,,,,,,,,,,,,,,,,,,,,,,,4.506069999999999,,,
15:12:12.909,,,,,,,,,,,,,,,,,,,,,,,,,,,,,,,,,,,,,,,,,,,,,38.5,38.5,,,,,,,38,,,,,,,,,,,,,,,,,,,,,,,,,,,,,,,,,,,,,,,,,,,,,,,,,,,,,,,,,,,,,,
15:12:13.022,,,,,,,,,,,,,,,,,,,,,,,,,,,,,,,,,,,,,,,,,,,,,,,3,21,26,16,8.5,26,,26.5,26.5,22,,,,,,,,,,,,,,,,,,,,,,,,,,,,,,,,,,,,,,,,,,,,,,,,,,19.66189714875193,,2.6947694439166665,2.6947694439166665,5.224920973070282,19.139045454545457,,,0.046351131035396134,
15:12:13.272,,,,,,,,,,,,,,,,,,,,,,,,,,,,,,,,,,,,,,,,,,,,,,,,,,,,,,,,,5.949999999999989,86,20.5,13.8,741.9000000000001,34.65,13.993,32,,,,,,,,,,,,,,,,,,,,,,,,,,,,,,,,,,,,,,,,,,,,,,,,,,,
15:12:13.422,,,,,,,,,,,,,,,,,,,,,,,,,,,,,,,,,,,,,,,,,,,,,,,,,,,,,,,,,,,,,,,,,5.800000000000001,3,,,,,,,,,,,,,,,,,,,,,,,,,,,,,,,,,,,,,,,,,,,,,,,,,
15:12:13.661,,,,,,,,,,,,,,,,,,,,,,,,,,,,,,,,,,,,,,,,,,,,,,,,,,,,,,,,,,,,,,,,,,,,,,,,,,,,,,,,,,,,,,,,,,,,,,,,,,,,,,,32.1773225,13.760294,20,,,,,,,,,,
15:12:13.933,,,,,,,,,,,,,,,,,,,,,,,,,,,,,,,,,,,,,,,,,,,,,,,,,,,,,,,,,,,,,,,,,,,0,0,,,,,27,1,,,0,,,,,,,27,27,,,,,,,,,,,,,,,,,,,,,,,,,,,,,,
15:12:14.111,,,,,,,,,,,,,,,,,,,,,,,,,,,,,,,,,,,,,,,,,,,,,,,,,,,,,,,,,,,,,,,,,,,,,,,,,,,,,,,,,,,,,,,,-50,0,0,0,0,400,0,0,0,0,,,,,,,,,,0,,,,,,0,,
15:12:14.376,,,,,,,,,,,,,,,,,,,,,,,,,,,,,,,,,,,,,,,,,,,,,,,,,,,,,,,,,,,,,,,,,,,,,0,17,123,0,,,0,825.6,,0,0.6000000000000001,9,0,30,0,,,350,825.6,,,,,,,,,,,0,0,62,738.7,4.442,,,,,,,,,,,,,
15:12:14.559,,,,0,,,,20,,,,,,,,,24,22,,,,,,,,24,,,,,0,,,,,,,,,,,,,,,,,,,,,,,,,,,,,,,,,,,,,,,,,,,,,,,,,,,,,,,,,,,,,,,,,,,,,,,,,,,,,,,,,,,,
15:12:14.704,13.3,5.7,738.7,,0,0,28,,22,20,21,21,22,20,20,4.21059,,,1116.2633333333333,4018548,0,0,5.12986111111111,4.10388888888889,3.84739583333333,,1706.7,1665,1274.8,1204,,1770,0,0,737,2469,3.84,24,3.84,2,0,1116.26333333333,0,62,,,,,,,,,,,,,,,,,,,,,,,,,,,,,,,,,,,,,,,,,,,,,,,,,,,,,,,,,,,,,,,,,,,,4.21059,,,
15:12:14.889,,,,,,,,,,,,,,,,,,,,,,,,,,,,,,,,,,,,,,,,,,,,,38.5,38.5,,,,,,,38,,,,,,,,,,,,,,,,,,,,,,,,,,,,,,,,,,,,,,,,,,,,,,,,,,,,,,,,,,,,,,
15:12:15.009,,,,,,,,,,,,,,,,,,,,,,,,,,,,,,,,,,,,,,,,,,,,,,,3,21,26,16,8.5,26,,26.5,26.5,22,,,,,,,,,,,,,,,,,,,,,,,,,,,,,,,,,,,,,,,,,,,,,,,,,,19.671275836994738,,2.7069130411944444,2.7069130411944444,5.224920973070282,19.139045454545457,,,0.02838442005758339,
15:12:15.255,,,,,,,,,,,,,,,,,,,,,,,,,,,,,,,,,,,,,,,,,,,,,,,,,,,,,,,,,5.949999999999989,86,20.5,13.8,741.9000000000001,34.49,13.999,32,,,,,,,,,,,,,,,,,,,,,,,,,,,,,,,,,,,,,,,,,,,,,,,,,,,
15:12:15.399,,,,,,,,,,,,,,,,,,,,,,,,,,,,,,,,,,,,,,,,,,,,,,,,,,,,,,,,,,,,,,,,,2.8000000000000003,3,,,,,,,,,,,,,,,,,,,,,,,,,,,,,,,,,,,,,,,,,,,,,,,,,
15:12:15.634,,,,,,,,,,,,,,,,,,,,,,,,,,,,,,,,,,,,,,,,,,,,,,,,,,,,,,,,,,,,,,,,,,,,,,,,,,,,,,,,,,,,,,,,,,,,,,,,,,,,,,,28.5640875,13.760294,20,,,,,,,,,,
15:12:15.906,,,,,,,,,,,,,,,,,,,,,,,,,,,,,,,,,,,,,,,,,,,,,,,,,,,,,,,,,,,,,,,,,,,0,0,,,,,27,1,,,0,,,,,,,27,26,,,,,,,,,,,,,,,,,,,,,,,,,,,,,,
15:12:16.090,,,,,,,,,,,,,,,,,,,,,,,,,,,,,,,,,,,,,,,,,,,,,,,,,,,,,,,,,,,,,,,,,,,,,,,,,,,,,,,,,,,,,,,,-50,0,0,0,0,400,0,0,0,0,,,,,,,,,,0,,,,,,0,,
15:12:16.359,,,,,,,,,,,,,,,,,,,,,,,,,,,,,,,,,,,,,,,,,,,,,,,,,,,,,,,,,,,,,,,,,,,,,0,17,123,0,,,0,825.6,,0,0.6000000000000001,9,0,30,0,,,350,825.6,,,,,,,,,,,0,0,62,739,4.444,,,,,,,,,,,,,
15:12:16.539,,,,0,,,,20,,,,,,,,,24,22,,,,,,,,24,,,,,0,,,,,,,,,,,,,,,,,,,,,,,,,,,,,,,,,,,,,,,,,,,,,,,,,,,,,,,,,,,,,,,,,,,,,,,,,,,,,,,,,,,,
15:12:16.690,13.3,0.9,739.1,,0,0,28,,22,20,20,21,22,20,20,0.66519,,,1116.263888888889,4018550,0,0,5.13263888888889,4.10611111111111,3.84947916666667,,1706.7,1665,1274.8,1204,,1714,0,0,737,2469,3.84,23,3.84,61,0,1116.26388888889,0,62,,,,,,,,,,,,,,,,,,,,,,,,,,,,,,,,,,,,,,,,,,,,,,,,,,,,,,,,,,,,,,,,,,,,0.6651900000000001,,,
15:12:16.866,,,,,,,,,,,,,,,,,,,,,,,,,,,,,,,,,,,,,,,,,,,,,38,38,,,,,,,38,,,,,,,,,,,,,,,,,,,,,,,,,,,,,,,,,,,,,,,,,,,,,,,,,,,,,,,,,,,,,,
15:12:16.990,,,,,,,,,,,,,,,,,,,,,,,,,,,,,,,,,,,,,,,,,,,,,,,3,21,26,16,8.5,26,,26.5,26.5,21,,,,,,,,,,,,,,,,,,,,,,,,,,,,,,,,,,,,,,,,,,,,,,,,,,19.676568980064438,,2.7184705422777777,2.7184705422777777,31.569927389167006,3.1675714285714283,,,,
15:12:17.228,,,,,,,,,,,,,,,,,,,,,,,,,,,,,,,,,,,,,,,,,,,,,,,,,,,,,,,,,5.840000000000032,86,20.5,13.795,742.5,36.47,14.003,32,,,,,,,,,,,,,,,,,,,,,,,,,,,,,,,,,,,,,,,,,,,,,,,,,,,
15:12:17.377,,,,,,,,,,,,,,,,,,,,,,,,,,,,,,,,,,,,,,,,,,,,,,,,,,,,,,,,,,,,,,,,,-75.5,3,,,,,,,,,,,,,,,,,,,,,,,,,,,,,,,,,,,,,,,,,,,,,,,,,
15:12:17.621,,,,,,,,,,,,,,,,,,,,,,,,,,,,,,,,,,,,,,,,,,,,,,,,,,,,,,,,,,,,,,,,,,,,,,,,,,,,,,,,,,,,,,,,,,,,,,,,,,,,,,,28.222295000000003,13.750528,20.921875,,,,,,,,,,
15:12:17.889,,,,,,,,,,,,,,,,,,,,,,,,,,,,,,,,,,,,,,,,,,,,,,,,,,,,,,,,,,,,,,,,,,,0,0,,,,,27,1,,,0,,,,,,,27,26,,,,,,,,,,,,,,,,,,,,,,,,,,,,,,
15:12:18.067,,,,,,,,,,,,,,,,,,,,,,,,,,,,,,,,,,,,,,,,,,,,,,,,,,,,,,,,,,,,,,,,,,,,,,,,,,,,,,,,,,,,,,,,-50,0,0,0,0,400,0,0,0,0,,,,,,,,,,0,,,,,,0,,
15:12:18.336,,,,,,,,,,,,,,,,,,,,,,,,,,,,,,,,,,,,,,,,,,,,,,,,,,,,,,,,,,,,,,,,,,,,,0,17,123,0,,,0,825.6,,0,0.6000000000000001,9,0,30,0,,,350,825.6,,,,,,,,,,,0,0,62,739.1,4.444,,,,,,,,,,,,,
15:12:18.520,,,,0,,,,20,,,,,,,,,24,22,,,,,,,,24,,,,,0,,,,,,,,,,,,,,,,,,,,,,,,,,,,,,,,,,,,,,,,,,,,,,,,,,,,,,,,,,,,,,,,,,,,,,,,,,,,,,,,,,,,
15:12:18.669,13.3,1,739.1,,0,0,28,,22,20,21,21,22,20,20,0.7391,,,1116.2644444444445,4018552,0,0,5.13263888888889,4.10611111111111,3.84947916666667,,1706.7,1665,1274.8,1204,,1599,0,0,737,2469,3.84,24,3.84,64,0,1116.26444444444,0,62,,,,,,,,,,,,,,,,,,,,,,,,,,,,,,,,,,,,,,,,,,,,,,,,,,,,,,,,,,,,,,,,,,,,0.6651900000000001,,,
15:12:18.850,,,,,,,,,,,,,,,,,,,,,,,,,,,,,,,,,,,,,,,,,,,,,38,38,,,,,,,38,,,,,,,,,,,,,,,,,,,,,,,,,,,,,,,,,,,,,,,,,,,,,,,,,,,,,,,,,,,,,,
15:12:18.968,,,,,,,,,,,,,,,,,,,,,,,,,,,,,,,,,,,,,,,,,,,,,,,3,21,26,16,8.5,26,,26.5,26.5,20,,,,,,,,,,,,,,,,,,,,,,,,,,,,,,,,,,,,,,,,,,,,,,,,,,19.677850012822645,,2.729458935611111,2.729458935611111,27.059937762143147,3.6955,,,-0.003576046291962565,
15:12:19.211,,,,,,,,,,,,,,,,,,,,,,,,,,,,,,,,,,,,,,,,,,,,,,,,,,,,,,,,,5.75,86,20.5,13.801,742.6,34.82,13.996,32,,,,,,,,,,,,,,,,,,,,,,,,,,,,,,,,,,,,,,,,,,,,,,,,,,,
15:12:19.357,,,,,,,,,,,,,,,,,,,,,,,,,,,,,,,,,,,,,,,,,,,,,,,,,,,,,,,,,,,,,,,,,-68.5,3,,,,,,,,,,,,,,,,,,,,,,,,,,,,,,,,,,,,,,,,,,,,,,,,,
15:12:19.601,,,,,,,,,,,,,,,,,,,,,,,,,,,,,,,,,,,,,,,,,,,,,,,,,,,,,,,,,,,,,,,,,,,,,,,,,,,,,,,,,,,,,,,,,,,,,,,,,,,,,,,30.0289125,13.760294,16,,,,,,,,,,
15:12:19.869,,,,,,,,,,,,,,,,,,,,,,,,,,,,,,,,,,,,,,,,,,,,,,,,,,,,,,,,,,,,,,,,,,,0,0,,,,,27,1,,,0,,,,,,,27,27,,,,,,,,,,,,,,,,,,,,,,,,,,,,,,
15:12:20.050,,,,,,,,,,,,,,,,,,,,,,,,,,,,,,,,,,,,,,,,,,,,,,,,,,,,,,,,,,,,,,,,,,,,,,,,,,,,,,,,,,,,,,,,-50,0,0,0,0,400,0,0,0,0,,,,,,,,,,0,,,,,,0,,
15:12:20.316,,,,,,,,,,,,,,,,,,,,,,,,,,,,,,,,,,,,,,,,,,,,,,,,,,,,,,,,,,,,,,,,,,,,,0,17,123,0,,,0,825.6,,0,0.6000000000000001,9,0,30,0,,,350,825.6,,,,,,,,,,,0,0,62,738.8000000000001,4.444,,,,,,,,,,,,,
15:12:20.499,,,,0,,,,20,,,,,,,,,24,22,,,,,,,,24,,,,,0,,,,,,,,,,,,,,,,,,,,,,,,,,,,,,,,,,,,,,,,,,,,,,,,,,,,,,,,,,,,,,,,,,,,,,,,,,,,,,,,,,,,
15:12:20.652,13.3,6.5,738.6,,0,0,28,,22,20,21,21,22,20,20,4.8009,,,1116.265,4018554,0,0,5.12916666666667,4.10333333333333,3.846875,,1706.7,1665,1274.8,1204,,1646,0,0,736,2469,3.84,24,3.84,64,0,1116.265,0,62,,,,,,,,,,,,,,,,,,,,,,,,,,,,,,,,,,,,,,,,,,,,,,,,,,,,,,,,,,,,,,,,,,,,0.7386,,,
15:12:20.828,,,,,,,,,,,,,,,,,,,,,,,,,,,,,,,,,,,,,,,,,,,,,38,38,,,,,,,38,,,,,,,,,,,,,,,,,,,,,,,,,,,,,,,,,,,,,,,,,,,,,,,,,,,,,,,,,,,,,,
15:12:20.950,,,,,,,,,,,,,,,,,,,,,,,,,,,,,,,,,,,,,,,,,,,,,,,3,21,26,16,8.5,26,,26.5,26.5,21,,,,,,,,,,,,,,,,,,,,,,,,,,,,,,,,,,,,,,,,,,,,,,,,,,19.683080151906466,,2.7410273998611108,2.7410273998611108,4.3741798412797595,22.861428571428576,,,,
15:12:21.222,,,,,,,,,,,,,,,,,,,,,,,,,,,,,,,,,,,,,,,,,,,,,,,,,,,,,,,,,5.8799999999999955,86,20.5,13.802,741.8000000000001,34.92,14.008,32,,,,,,,,,,,,,,,,,,,,,,,,,,,,,,,,,,,,,,,,,,,,,,,,,,,
15:12:21.365,,,,,,,,,,,,,,,,,,,,,,,,,,,,,,,,,,,,,,,,,,,,,,,,,,,,,,,,,,,,,,,,,15.8,3,,,,,,,,,,,,,,,,,,,,,,,,,,,,,,,,,,,,,,,,,,,,,,,,,
15:12:21.605,,,,,,,,,,,,,,,,,,,,,,,,,,,,,,,,,,,,,,,,,,,,,,,,,,,,,,,,,,,,,,,,,,,,,,,,,,,,,,,,,,,,,,,,,,,,,,,,,,,,,,,35.351110000000006,13.760294,20,,,,,,,,,,
15:12:21.883,,,,,,,,,,,,,,,,,,,,,,,,,,,,,,,,,,,,,,,,,,,,,,,,,,,,,,,,,,,,,,,,,,,0,0,,,,,27,1,,,0,,,,,,,27,26,,,,,,,,,,,,,,,,,,,,,,,,,,,,,,
15:12:22.053,,,,,,,,,,,,,,,,,,,,,,,,,,,,,,,,,,,,,,,,,,,,,,,,,,,,,,,,,,,,,,,,,,,,,,,,,,,,,,,,,,,,,,,,-50,0,0,0,0,400,0,0,0,0,,,,,,,,,,0,,,,,,0,,
15:12:22.333,,,,,,,,,,,,,,,,,,,,,,,,,,,,,,,,,,,,,,,,,,,,,,,,,,,,,,,,,,,,,,,,,,,,,0,17,123,0,,,0,825.6,,0,0.6000000000000001,9,0,30,0,,,350,825.6,,,,,,,,,,,0,0,62,738.2,4.444,,,,,,,,,,,,,
15:12:22.506,,,,0,,,,20,,,,,,,,,24,22,,,,,,,,24,,,,,0,,,,,,,,,,,,,,,,,,,,,,,,,,,,,,,,,,,,,,,,,,,,,,,,,,,,,,,,,,,,,,,,,,,,,,,,,,,,,,,,,,,,
15:12:22.655,13.3,9.8,738.2,,0,0,28,,22,20,20,21,22,20,20,7.23436,,,1116.2655555555555,4018556,0,0,5.12638888888889,4.10111111111111,3.84479166666667,,1706.7,1665,1274.8,1204,,1896,0,0,736,2469,3.84,22,3.84,61,0,1116.26555555556,0,62,,,,,,,,,,,,,,,,,,,,,,,,,,,,,,,,,,,,,,,,,,,,,,,,,,,,,,,,,,,,,,,,,,,,4.7983,,,
15:12:22.839,,,,,,,,,,,,,,,,,,,,,,,,,,,,,,,,,,,,,,,,,,,,,38,38,,,,,,,38,,,,,,,,,,,,,,,,,,,,,,,,,,,,,,,,,,,,,,,,,,,,,,,,,,,,,,,,,,,,,,
15:12:22.958,,,,,,,,,,,,,,,,,,,,,,,,,,,,,,,,,,,,,,,,,,,,,,,3,22,26,16,8.5,26,,26.5,26.5,24,,,,,,,,,,,,,,,,,,,,,,,,,,,,,,,,,,,,,,,,,,,,,,,,,,19.700316138644855,,2.7544253425277776,2.7544253425277776,3.317501479052743,30.143166666666666,,,,
15:12:23.229,,,,,,,,,,,,,,,,,,,,,,,,,,,,,,,,,,,,,,,,,,,,,,,,,,,,,,,,,5.889999999999986,86,20.5,13.801,741.7,34.89,13.996,32,,,,,,,,,,,,,,,,,,,,,,,,,,,,,,,,,,,,,,,,,,,,,,,,,,,
15:12:23.374,,,,,,,,,,,,,,,,,,,,,,,,,,,,,,,,,,,,,,,,,,,,,,,,,,,,,,,,,,,,,,,,,-0.6000000000000001,3,,,,,,,,,,,,,,,,,,,,,,,,,,,,,,,,,,,,,,,,,,,,,,,,,
15:12:23.613,,,,,,,,,,,,,,,,,,,,,,,,,,,,,,,,,,,,,,,,,,,,,,,,,,,,,,,,,,,,,,,,,,,,,,,,,,,,,,,,,,,,,,,,,,,,,,,,,,,,,,,35.351110000000006,13.760294,25.140625,,,,,,,,,,
15:12:23.889,,,,,,,,,,,,,,,,,,,,,,,,,,,,,,,,,,,,,,,,,,,,,,,,,,,,,,,,,,,,,,,,,,,0,0,,,,,27,1,,,0,,,,,,,27,27,,,,,,,,,,,,,,,,,,,,,,,,,,,,,,
15:12:24.065,,,,,,,,,,,,,,,,,,,,,,,,,,,,,,,,,,,,,,,,,,,,,,,,,,,,,,,,,,,,,,,,,,,,,,,,,,,,,,,,,,,,,,,,-50,0,0,0,0,400,0,0,0,0,,,,,,,,,,0,,,,,,0,,
15:12:24.336,,,,,,,,,,,,,,,,,,,,,,,,,,,,,,,,,,,,,,,,,,,,,,,,,,,,,,,,,,,,,,,,,,,,,0,17,123,0,,,0,825.6,,0,0.6000000000000001,9,0,30,0,,,350,825.6,,,,,,,,,,,0,0,62,738.6,4.443,,,,,,,,,,,,,
15:12:24.550,,,,0,,,,20,,,,,,,,,24,22,,,,,,,,24,,,,,0,,,,,,,,,,,,,,,,,,,,,,,,,,,,,,,,,,,,,,,,,,,,,,,,,,,,,,,,,,,,,,,,,,,,,,,,,,,,,,,,,,,,
15:12:24.701,13.3,-2.9,739.4,,0,0,28,,22,20,20,21,22,20,20,-2.14426,,,1116.266111111111,4018558,0,0,5.13472222222222,4.10777777777778,3.85104166666667,,1706.7,1665,1274.8,1204,,2023,0,0,737,2463,3.84,24,3.84,64,0,1116.26611111111,0,62,,,,,,,,,,,,,,,,,,,,,,,,,,,,,,,,,,,,,,,,,,,,,,,,,,,,,,,,,,,,,,,,,,,,-2.1442599999999996,,,
15:12:24.879,,,,,,,,,,,,,,,,,,,,,,,,,,,,,,,,,,,,,,,,,,,,,38,38,,,,,,,38,,,,,,,,,,,,,,,,,,,,,,,,,,,,,,,,,,,,,,,,,,,,,,,,,,,,,,,,,,,,,,
15:12:24.997,,,,,,,,,,,,,,,,,,,,,,,,,,,,,,,,,,,,,,,,,,,,,,,3.5,21,26,16,8.5,26,,26.5,26.5,25,,,,,,,,,,,,,,,,,,,,,,,,,,,,,,,,,,,,,,,,,,,,,,,,,,19.72166762201552,,2.7685645501666665,2.7685645501666665,-11.659033885816086,-8.57704,,,,
15:12:25.240,,,,,,,,,,,,,,,,,,,,,,,,,,,,,,,,,,,,,,,,,,,,,,,,,,,,,,,,,5.8700000000000045,86,20.5,13.801,743.2,34.42,14.003,32,,,,,,,,,,,,,,,,,,,,,,,,,,,,,,,,,,,,,,,,,,,,,,,,,,,
15:12:25.417,,,,,,,,,,,,,,,,,,,,,,,,,,,,,,,,,,,,,,,,,,,,,,,,,,,,,,,,,,,,,,,,,12.5,3,,,,,,,,,,,,,,,,,,,,,,,,,,,,,,,,,,,,,,,,,,,,,,,,,
15:12:25.653,,,,,,,,,,,,,,,,,,,,,,,,,,,,,,,,,,,,,,,,,,,,,,,,,,,,,,,,,,,,,,,,,,,,,,,,,,,,,,,,,,,,,,,,,,,,,,,,,,,,,,,22.216512500000004,13.760294,24.75,,,,,,,,,,
15:12:25.930,,,,,,,,,,,,,,,,,,,,,,,,,,,,,,,,,,,,,,,,,,,,,,,,,,,,,,,,,,,,,,,,,,,0,0,,,,,27,1,,,0,,,,,,,27,27,,,,,,,,,,,,,,,,,,,,,,,,,,,,,,
15:12:26.104,,,,,,,,,,,,,,,,,,,,,,,,,,,,,,,,,,,,,,,,,,,,,,,,,,,,,,,,,,,,,,,,,,,,,,,,,,,,,,,,,,,,,,,,-50,0,0,0,0,400,0,0,0,0,,,,,,,,,,0,,,,,,0,,
15:12:26.381,,,,,,,,,,,,,,,,,,,,,,,,,,,,,,,,,,,,,,,,,,,,,,,,,,,,,,,,,,,,,,,,,,,,,0,17,123,0,,,0,825.6,,0,0.6000000000000001,9,0,30,0,,,350,825.6,,,,,,,,,,,0,0,62,739.9000000000001,4.444,,,,,,,,,,,,,
15:12:26.563,,,,0,,,,20,,,,,,,,,24,22,,,,,,,,24,,,,,0,,,,,,,,,,,,,,,,,,,,,,,,,,,,,,,,,,,,,,,,,,,,,,,,,,,,,,,,,,,,,,,,,,,,,,,,,,,,,,,,,,,,
15:12:26.710,13.3,-6.7,739.9,,0,0,28,,22,20,21,21,22,20,20,-4.95733,,,1116.2666666666667,4018560,0,0,5.13819444444444,4.11055555555556,3.85364583333333,,1706.7,1665,1274.8,1204,,1827,0,0,738,2463,3.84,22,3.84,64,0,1116.26666666667,0,62,,,,,,,,,,,,,,,,,,,,,,,,,,,,,,,,,,,,,,,,,,,,,,,,,,,,,,,,,,,,,,,,,,,,-4.95733,,,
15:12:26.888,,,,,,,,,,,,,,,,,,,,,,,,,,,,,,,,,,,,,,,,,,,,,38,38,,,,,,,38,,,,,,,,,,,,,,,,,,,,,,,,,,,,,,,,,,,,,,,,,,,,,,,,,,,,,,,,,,,,,,
15:12:27.008,,,,,,,,,,,,,,,,,,,,,,,,,,,,,,,,,,,,,,,,,,,,,,,3.5,21,26,16,8.5,26,,26.5,26.5,23,,,,,,,,,,,,,,,,,,,,,,,,,,,,,,,,,,,,,,,,,,,,,,,,,,19.73466083097517,,2.781412277972222,2.781412277972222,-4.6395942977368865,-21.553608695652173,,,,
15:12:27.246,,,,,,,,,,,,,,,,,,,,,,,,,,,,,,,,,,,,,,,,,,,,,,,,,,,,,,,,,5.8700000000000045,86,20.5,13.804,744.1,34.11,13.996,32,,,,,,,,,,,,,,,,,,,,,,,,,,,,,,,,,,,,,,,,,,,,,,,,,,,
15:12:27.396,,,,,,,,,,,,,,,,,,,,,,,,,,,,,,,,,,,,,,,,,,,,,,,,,,,,,,,,,,,,,,,,,13,3,,,,,,,,,,,,,,,,,,,,,,,,,,,,,,,,,,,,,,,,,,,,,,,,,
15:12:27.641,,,,,,,,,,,,,,,,,,,,,,,,,,,,,,,,,,,,,,,,,,,,,,,,,,,,,,,,,,,,,,,,,,,,,,,,,,,,,,,,,,,,,,,,,,,,,,,,,,,,,,,22.411822500000003,13.7695717,20,,,,,,,,,,
15:12:27.912,,,,,,,,,,,,,,,,,,,,,,,,,,,,,,,,,,,,,,,,,,,,,,,,,,,,,,,,,,,,,,,,,,,0,0,,,,,27,1,,,0,,,,,,,27,26,,,,,,,,,,,,,,,,,,,,,,,,,,,,,,
15:12:28.091,,,,,,,,,,,,,,,,,,,,,,,,,,,,,,,,,,,,,,,,,,,,,,,,,,,,,,,,,,,,,,,,,,,,,,,,,,,,,,,,,,,,,,,,-50,0,0,0,0,400,0,0,0,0,,,,,,,,,,0,,,,,,0,,
15:12:28.360,,,,,,,,,,,,,,,,,,,,,,,,,,,,,,,,,,,,,,,,,,,,,,,,,,,,,,,,,,,,,,,,,,,,,0,17,123,0,,,0,825.6,,0,0.6000000000000001,9,0,30,0,,,350,825.6,,,,,,,,,,,0,0,62,740.3000000000001,4.444,,,,,,,,,,,,,
15:12:28.542,,,,0,,,,20,,,,,,,,,24,22,,,,,,,,24,,,,,0,,,,,,,,,,,,,,,,,,,,,,,,,,,,,,,,,,,,,,,,,,,,,,,,,,,,,,,,,,,,,,,,,,,,,,,,,,,,,,,,,,,,
15:12:28.684,13.3,-11.6,740.4,,0,0,28,,22,20,20,21,22,20,20,-8.58864,,,1116.2672222222222,4018562,0,0,5.14166666666667,4.11333333333333,3.85625,,1706.7,1665,1274.8,1204,,1440,0,0,738,2463,3.84,23,3.84,61,0,1116.26722222222,0,62,,,,,,,,,,,,,,,,,,,,,,,,,,,,,,,,,,,,,,,,,,,,,,,,,,,,,,,,,,,,,,,,,,,,-4.96068,,,
15:12:28.872,,,,,,,,,,,,,,,,,,,,,,,,,,,,,,,,,,,,,,,,,,,,,38,38,,,,,,,38,,,,,,,,,,,,,,,,,,,,,,,,,,,,,,,,,,,,,,,,,,,,,,,,,,,,,,,,,,,,,,
15:12:28.989,,,,,,,,,,,,,,,,,,,,,,,,,,,,,,,,,,,,,,,,,,,,,,,3.5,20,26,16,8.5,26,,26.5,26.5,17,,,,,,,,,,,,,,,,,,,,,,,,,,,,,,,,,,,,,,,,,,,,,,,,,,19.72402588463497,,2.790766645083333,2.790766645083333,-1.9793587809012836,-50.52141176470588,,,,
15:12:29.222,,,,,,,,,,,,,,,,,,,,,,,,,,,,,,,,,,,,,,,,,,,,,,,,,,,,,,,,,5.680000000000007,86,20.5,13.780000000000001,743.9000000000001,38.96,13.999,32,,,,,,,,,,,,,,,,,,,,,,,,,,,,,,,,,,,,,,,,,,,,,,,,,,,
15:12:29.377,,,,,,,,,,,,,,,,,,,,,,,,,,,,,,,,,,,,,,,,,,,,,,,,,,,,,,,,,,,,,,,,,-3.6,3,,,,,,,,,,,,,,,,,,,,,,,,,,,,,,,,,,,,,,,,,,,,,,,,,
15:12:29.621,,,,,,,,,,,,,,,,,,,,,,,,,,,,,,,,,,,,,,,,,,,,,,,,,,,,,,,,,,,,,,,,,,,,,,,,,,,,,,,,,,,,,,,,,,,,,,,,,,,,,,,12.451012500000001,13.760294,12,,,,,,,,,,
15:12:29.887,,,,,,,,,,,,,,,,,,,,,,,,,,,,,,,,,,,,,,,,,,,,,,,,,,,,,,,,,,,,,,,,,,,0,0,,,,,27,1,,,0,,,,,,,27,26,,,,,,,,,,,,,,,,,,,,,,,,,,,,,,
15:12:30.068,,,,,,,,,,,,,,,,,,,,,,,,,,,,,,,,,,,,,,,,,,,,,,,,,,,,,,,,,,,,,,,,,,,,,,,,,,,,,,,,,,,,,,,,-50,0,0,0,0,400,0,0,0,0,,,,,,,,,,0,,,,,,0,,
15:12:30.337,,,,,,,,,,,,,,,,,,,,,,,,,,,,,,,,,,,,,,,,,,,,,,,,,,,,,,,,,,,,,,,,,,,,,0,17,123,0,,,0,825.6,,0,0.6000000000000001,9,0,30,0,,,350,825.6,,,,,,,,,,,0,0,62,739.9000000000001,4.444,,,,,,,,,,,,,
15:12:30.518,,,,0,,,,20,,,,,,,,,24,22,,,,,,,,24,,,,,0,,,,,,,,,,,,,,,,,,,,,,,,,,,,,,,,,,,,,,,,,,,,,,,,,,,,,,,,,,,,,,,,,,,,,,,,,,,,,,,,,,,,
15:12:30.673,13.3,-6.7,740.1,,0,0,28,,22,20,21,21,22,20,20,-4.95867,,,1116.2677777777778,4018564,0,0,5.13958333333333,4.11166666666667,3.8546875,,1706.7,1665,1274.8,1204,,856,0,0,738,2463,3.84,24,3.84,78,0,1116.26777777778,0,62,,,,,,,,,,,,,,,,,,,,,,,,,,,,,,,,,,,,,,,,,,,,,,,,,,,,,,,,,,,,,,,,,,,,-8.58516,,,
15:12:30.851,,,,,,,,,,,,,,,,,,,,,,,,,,,,,,,,,,,,,,,,,,,,,38,38,,,,,,,38,,,,,,,,,,,,,,,,,,,,,,,,,,,,,,,,,,,,,,,,,,,,,,,,,,,,,,,,,,,,,,
15:12:30.970,,,,,,,,,,,,,,,,,,,,,,,,,,,,,,,,,,,,,,,,,,,,,,,3.5,20,26,16,8.5,26,,26.5,26.5,9,,,,,,,,,,,,,,,,,,,,,,,,,,,,,,,,,,,,,,,,,,,,,,,,,,19.682472306247803,,2.795720078333333,2.795720078333333,-1.8150028132543607,-55.09633333333333,,,-0.05302816364550871,
15:12:31.205,,,,,,,,,,,,,,,,,,,,,,,,,,,,,,,,,,,,,,,,,,,,,,,,,,,,,,,,,5.800000000000011,86,20.5,13.793,743.1,43.91,14.03,32,,,,,,,,,,,,,,,,,,,,,,,,,,,,,,,,,,,,,,,,,,,,,,,,,,,
15:12:31.355,,,,,,,,,,,,,,,,,,,,,,,,,,,,,,,,,,,,,,,,,,,,,,,,,,,,,,,,,,,,,,,,,-83.30000000000001,3,,,,,,,,,,,,,,,,,,,,,,,,,,,,,,,,,,,,,,,,,,,,,,,,,
15:12:31.594,,,,,,,,,,,,,,,,,,,,,,,,,,,,,,,,,,,,,,,,,,,,,,,,,,,,,,,,,,,,,,,,,,,,,,,,,,,,,,,,,,,,,,,,,,,,,,,,,,,,,,,29.052362500000005,13.730507699999999,4,,,,,,,,,,
15:12:31.872,,,,,,,,,,,,,,,,,,,,,,,,,,,,,,,,,,,,,,,,,,,,,,,,,,,,,,,,,,,,,,,,,,,0,0,,,,,27,1,,,0,,,,,,,27,26,,,,,,,,,,,,,,,,,,,,,,,,,,,,,,
15:12:32.044,,,,,,,,,,,,,,,,,,,,,,,,,,,,,,,,,,,,,,,,,,,,,,,,,,,,,,,,,,,,,,,,,,,,,,,,,,,,,,,,,,,,,,,,-50,0,0,0,0,400,0,0,0,0,,,,,,,,,,0,,,,,,0,,
15:12:32.313,,,,,,,,,,,,,,,,,,,,,,,,,,,,,,,,,,,,,,,,,,,,,,,,,,,,,,,,,,,,,,,,,,,,,0,17,123,0,,,0,825.6,,0,0.6000000000000001,9,0,30,0,,,350,825.6,,,,,,,,,,,0,0,62,739.4000000000001,4.443,,,,,,,,,,,,,
15:12:32.502,,,,0,,,,20,,,,,,,,,24,22,,,,,,,,24,,,,,0,,,,,,,,,,,,,,,,,,,,,,,,,,,,,,,,,,,,,,,,,,,,,,,,,,,,,,,,,,,,,,,,,,,,,,,,,,,,,,,,,,,,
15:12:32.653,13.3,-2,739.7,,0,0,28,,22,20,20,21,22,20,20,-1.4794,,,1116.2683333333334,4018566,0,0,5.13680555555556,4.10944444444444,3.85260416666667,,1706.7,1665,1274.8,1204,,486,0,0,738,2463,3.84,12,3.84,61,0,1116.26833333333,0,62,,,,,,,,,,,,,,,,,,,,,,,,,,,,,,,,,,,,,,,,,,,,,,,,,,,,,,,,,,,,,,,,,,,,-1.4794,,,
15:12:32.831,,,,,,,,,,,,,,,,,,,,,,,,,,,,,,,,,,,,,,,,,,,,,38,38,,,,,,,38,,,,,,,,,,,,,,,,,,,,,,,,,,,,,,,,,,,,,,,,,,,,,,,,,,,,,,,,,,,,,,
15:12:32.955,,,,,,,,,,,,,,,,,,,,,,,,,,,,,,,,,,,,,,,,,,,,,,,3.5,20,26,15.5,8.5,26,,26.5,26.5,5,,,,,,,,,,,,,,,,,,,,,,,,,,,,,,,,,,,,,,,,,,,,,,,,,,19.62570728280381,,2.7984765188888883,2.7984765188888883,-3.3797485467081247,-29.588,,,-0.0711909584484222,
15:12:33.187,,,,,,,,,,,,,,,,,,,,,,,,,,,,,,,,,,,,,,,,,,,,,,,,,,,,,,,,,5.069999999999993,86,20.5,13.75,742.8000000000001,44.44,14.027,32,,,,,,,,,,,,,,,,,,,,,,,,,,,,,,,,,,,,,,,,,,,,,,,,,,,
15:12:33.338,,,,,,,,,,,,,,,,,,,,,,,,,,,,,,,,,,,,,,,,,,,,,,,,,,,,,,,,,,,,,,,,,-100.5,3,,,,,,,,,,,,,,,,,,,,,,,,,,,,,,,,,,,,,,,,,,,,,,,,,
15:12:33.575,,,,,,,,,,,,,,,,,,,,,,,,,,,,,,,,,,,,,,,,,,,,,,,,,,,,,,,,,,,,,,,,,,,,,,,,,,,,,,,,,,,,,,,,,,,,,,,,,,,,,,,15.722455,13.760294,0,,,,,,,,,,
15:12:33.857,,,,,,,,,,,,,,,,,,,,,,,,,,,,,,,,,,,,,,,,,,,,,,,,,,,,,,,,,,,,,,,,,,,0,0,,,,,27,1,,,0,,,,,,,27,27,,,,,,,,,,,,,,,,,,,,,,,,,,,,,,
15:12:34.027,,,,,,,,,,,,,,,,,,,,,,,,,,,,,,,,,,,,,,,,,,,,,,,,,,,,,,,,,,,,,,,,,,,,,,,,,,,,,,,,,,,,,,,,-50,0,0,0,0,400,0,0,0,0,,,,,,,,,,0,,,,,,0,,
15:12:34.302,,,,,,,,,,,,,,,,,,,,,,,,,,,,,,,,,,,,,,,,,,,,,,,,,,,,,,,,,,,,,,,,,,,,,0,17,123,0,,,0,825.6,,0,0.6000000000000001,9,0,30,0,,,350,825.6,,,,,,,,,,,0,0,62,739.3000000000001,4.444,,,,,,,,,,,,,
15:12:34.476,,,,0,,,,20,,,,,,,,,24,22,,,,,,,,24,,,,,0,,,,,,,,,,,,,,,,,,,,,,,,,,,,,,,,,,,,,,,,,,,,,,,,,,,,,,,,,,,,,,,,,,,,,,,,,,,,,,,,,,,,
15:12:34.630,13.3,1.4,739.3,,0,0,28,,22,20,20,21,22,20,20,1.03502,,,1116.2688888888888,4018568,0,0,5.13402777777778,4.10722222222222,3.85052083333333,,1706.7,1665,1274.8,1204,,217,0,0,737,2472,3.84,22,3.84,61,0,1116.26888888889,0,62,,,,,,,,,,,,,,,,,,,,,,,,,,,,,,,,,,,,,,,,,,,,,,,,,,,,,,,,,,,,,,,,,,,,-1.4786,,,
15:12:34.808,,,,,,,,,,,,,,,,,,,,,,,,,,,,,,,,,,,,,,,,,,,,,38,38,,,,,,,38,,,,,,,,,,,,,,,,,,,,,,,,,,,,,,,,,,,,,,,,,,,,,,,,,,,,,,,,,,,,,,
15:12:34.927,,,,,,,,,,,,,,,,,,,,,,,,,,,,,,,,,,,,,,,,,,,,,,,3.5,20,26,15.5,8.5,26,,26.5,26.5,2,,,,,,,,,,,,,,,,,,,,,,,,,,,,,,,,,,,,,,,,,,,,,,,,,,19.558251123639693,,2.799572154055555,2.799572154055555,1.9323298100519797,51.751,,,-0.07511410799397235,
15:12:35.166,,,,,,,,,,,,,,,,,,,,,,,,,,,,,,,,,,,,,,,,,,,,,,,,,,,,,,,,,6.160000000000025,86,20.5,13.818999999999999,742.3000000000001,34.77,14.02,32,,,,,,,,,,,,,,,,,,,,,,,,,,,,,,,,,,,,,,,,,,,,,,,,,,,
15:12:35.321,,,,,,,,,,,,,,,,,,,,,,,,,,,,,,,,,,,,,,,,,,,,,,,,,,,,,,,,,,,,,,,,,-163,3,,,,,,,,,,,,,,,,,,,,,,,,,,,,,,,,,,,,,,,,,,,,,,,,,
15:12:35.559,,,,,,,,,,,,,,,,,,,,,,,,,,,,,,,,,,,,,,,,,,,,,,,,,,,,,,,,,,,,,,,,,,,,,,,,,,,,,,,,,,,,,,,,,,,,,,,,,,,,,,,10.449085,13.760294,1.90625,,,,,,,,,,
15:12:35.827,,,,,,,,,,,,,,,,,,,,,,,,,,,,,,,,,,,,,,,,,,,,,,,,,,,,,,,,,,,,,,,,,,,0,0,,,,,27,1,,,0,,,,,,,27,27,,,,,,,,,,,,,,,,,,,,,,,,,,,,,,
15:12:36.009,,,,,,,,,,,,,,,,,,,,,,,,,,,,,,,,,,,,,,,,,,,,,,,,,,,,,,,,,,,,,,,,,,,,,,,,,,,,,,,,,,,,,,,,-50,0,0,0,0,400,0,0,0,0,,,,,,,,,,0,,,,,,0,,
15:12:36.283,,,,,,,,,,,,,,,,,,,,,,,,,,,,,,,,,,,,,,,,,,,,,,,,,,,,,,,,,,,,,,,,,,,,,0,17,123,0,,,0,825.6,,0,0.6000000000000001,9,0,30,0,,,350,825.6,,,,,,,,,,,0,0,62,739.4000000000001,4.444,,,,,,,,,,,,,
15:12:36.459,,,,0,,,,20,,,,,,,,,24,22,,,,,,,,24,,,,,0,,,,,,,,,,,,,,,,,,,,,,,,,,,,,,,,,,,,,,,,,,,,,,,,,,,,,,,,,,,,,,,,,,,,,,,,,,,,,,,,,,,,
15:12:36.611,13.3,1.3,739.3,,0,0,28,,22,20,21,21,22,20,20,0.96109,,,1116.2694444444444,4018570,0,0,5.13402777777778,4.10722222222222,3.85052083333333,,1706.7,1665,1274.8,1204,,48,0,0,737,2472,3.84,22,3.84,64,0,1116.26944444444,0,62,,,,,,,,,,,,,,,,,,,,,,,,,,,,,,,,,,,,,,,,,,,,,,,,,,,,,,,,,,,,,,,,,,,,1.03502,,,
15:12:36.782,,,,,,,,,,,,,,,,,,,,,,,,,,,,,,,,,,,,,,,,,,,,,38,38,,,,,,,38,,,,,,,,,,,,,,,,,,,,,,,,,,,,,,,,,,,,,,,,,,,,,,,,,,,,,,,,,,,,,,
15:12:36.908,,,,,,,,,,,,,,,,,,,,,,,,,,,,,,,,,,,,,,,,,,,,,,,3.5,20,26,15.5,8.5,26,,26.5,26.5,0,,,,,,,,,,,,,,,,,,,,,,,,,,,,,,,,,,,,,,,,,,,,,,,,,,19.483336073409312,,2.799572154055555,2.799572154055555,0,,,,-0.06080393848049535,
15:12:37.150,,,,,,,,,,,,,,,,,,,,,,,,,,,,,,,,,,,,,,,,,,,,,,,,,,,,,,,,,5.5,86,20.5,13.792,742.7,40.82,14.034,32,,,,,,,,,,,,,,,,,,,,,,,,,,,,,,,,,,,,,,,,,,,,,,,,,,,
15:12:37.296,,,,,,,,,,,,,,,,,,,,,,,,,,,,,,,,,,,,,,,,,,,,,,,,,,,,,,,,,,,,,,,,,-250.4,3,,,,,,,,,,,,,,,,,,,,,,,,,,,,,,,,,,,,,,,,,,,,,,,,,
15:12:37.540,,,,,,,,,,,,,,,,,,,,,,,,,,,,,,,,,,,,,,,,,,,,,,,,,,,,,,,,,,,,,,,,,,,,,,,,,,,,,,,,,,,,,,,,,,,,,,,,,,,,,,,29.394155,13.770548300000002,0.625,,,,,,,,,,
15:12:37.809,,,,,,,,,,,,,,,,,,,,,,,,,,,,,,,,,,,,,,,,,,,,,,,,,,,,,,,,,,,,,,,,,,,0,0,,,,,27,1,,,0,,,,,,,27,27,,,,,,,,,,,,,,,,,,,,,,,,,,,,,,
15:12:38.000,,,,,,,,,,,,,,,,,,,,,,,,,,,,,,,,,,,,,,,,,,,,,,,,,,,,,,,,,,,,,,,,,,,,,,,,,,,,,,,,,,,,,,,,-50,0,0,0,0,400,0,0,0,0,,,,,,,,,,0,,,,,,0,,
15:12:38.286,,,,,,,,,,,,,,,,,,,,,,,,,,,,,,,,,,,,,,,,,,,,,,,,,,,,,,,,,,,,,,,,,,,,,0,17,123,0,,,0,825.6,,0,0.6000000000000001,9,0,30,0,,,350,825.6,,,,,,,,,,,0,0,62,739.3000000000001,4.443,,,,,,,,,,,,,
15:12:38.470,,,,0,,,,20,,,,,,,,,24,22,,,,,,,,24,,,,,0,,,,,,,,,,,,,,,,,,,,,,,,,,,,,,,,,,,,,,,,,,,,,,,,,,,,,,,,,,,,,,,,,,,,,,,,,,,,,,,,,,,,
15:12:38.618,13.3,1.5,739.3,,0,0,28,,22,20,21,21,22,20,20,1.10895,,,1116.27,4018572,0,0,5.13402777777778,4.10722222222222,3.85052083333333,,1706.7,1665,1274.8,1204,,58,0,0,737,2472,3.84,24,3.84,64,0,1116.27,0,62,,,,,,,,,,,,,,,,,,,,,,,,,,,,,,,,,,,,,,,,,,,,,,,,,,,,,,,,,,,,,,,,,,,,0.9610899999999999,,,
15:12:38.797,,,,,,,,,,,,,,,,,,,,,,,,,,,,,,,,,,,,,,,,,,,,,38,38,,,,,,,38,,,,,,,,,,,,,,,,,,,,,,,,,,,,,,,,,,,,,,,,,,,,,,,,,,,,,,,,,,,,,,
15:12:38.916,,,,,,,,,,,,,,,,,,,,,,,,,,,,,,,,,,,,,,,,,,,,,,,3.5,20,26,15.5,8.5,26,,26.5,26.5,0,,,,,,,,,,,,,,,,,,,,,,,,,,,,,,,,,,,,,,,,,,,,,,,,,,19.408001920237705,,2.799572154055555,2.799572154055555,0,,,,-0.03208244594321006,
15:12:39.157,,,,,,,,,,,,,,,,,,,,,,,,,,,,,,,,,,,,,,,,,,,,,,,,,,,,,,,,,5.8700000000000045,86,20.5,13.807,742.8000000000001,38.87,14.021,32,,,,,,,,,,,,,,,,,,,,,,,,,,,,,,,,,,,,,,,,,,,,,,,,,,,
15:12:39.306,,,,,,,,,,,,,,,,,,,,,,,,,,,,,,,,,,,,,,,,,,,,,,,,,,,,,,,,,,,,,,,,,-198.3,3,,,,,,,,,,,,,,,,,,,,,,,,,,,,,,,,,,,,,,,,,,,,,,,,,
15:12:39.548,,,,,,,,,,,,,,,,,,,,,,,,,,,,,,,,,,,,,,,,,,,,,,,,,,,,,,,,,,,,,,,,,,,,,,,,,,,,,,,,,,,,,,,,,,,,,,,,,,,,,,,14.111147500000001,13.760294,0.453125,,,,,,,,,,
15:12:39.818,,,,,,,,,,,,,,,,,,,,,,,,,,,,,,,,,,,,,,,,,,,,,,,,,,,,,,,,,,,,,,,,,,,0,0,,,,,27,1,,,0,,,,,,,27,27,,,,,,,,,,,,,,,,,,,,,,,,,,,,,,
15:12:40.000,,,,,,,,,,,,,,,,,,,,,,,,,,,,,,,,,,,,,,,,,,,,,,,,,,,,,,,,,,,,,,,,,,,,,,,,,,,,,,,,,,,,,,,,-50,0,0,0,0,400,0,0,0,0,,,,,,,,,,0,,,,,,0,,
15:12:40.275,,,,,,,,,,,,,,,,,,,,,,,,,,,,,,,,,,,,,,,,,,,,,,,,,,,,,,,,,,,,,,,,,,,,,0,17,123,0,,,0,825.6,,0,0.6000000000000001,9,0,30,0,,,350,825.6,,,,,,,,,,,0,0,62,739.3000000000001,4.444,,,,,,,,,,,,,
15:12:40.448,,,,0,,,,20,,,,,,,,,24,22,,,,,,,,24,,,,,0,,,,,,,,,,,,,,,,,,,,,,,,,,,,,,,,,,,,,,,,,,,,,,,,,,,,,,,,,,,,,,,,,,,,,,,,,,,,,,,,,,,,
15:12:40.661,13.3,1.5,739.3,,0,0,28,,22,20,20,21,22,20,20,1.10895,,,1116.2705555555556,4018574,0,0,5.13402777777778,4.10722222222222,3.85052083333333,,1706.7,1665,1274.8,1204,,34,0,0,737,2472,3.84,22,3.84,181,0,1116.27055555556,0,62,,,,,,,,,,,,,,,,,,,,,,,,,,,,,,,,,,,,,,,,,,,,,,,,,,,,,,,,,,,,,,,,,,,,1.1089499999999999,,,
15:12:40.835,,,,,,,,,,,,,,,,,,,,,,,,,,,,,,,,,,,,,,,,,,,,,38,38,,,,,,,38,,,,,,,,,,,,,,,,,,,,,,,,,,,,,,,,,,,,,,,,,,,,,,,,,,,,,,,,,,,,,,
15:12:40.957,,,,,,,,,,,,,,,,,,,,,,,,,,,,,,,,,,,,,,,,,,,,,,,3.5,19,26,15.5,9,26,,26.5,26.5,0,,,,,,,,,,,,,,,,,,,,,,,,,,,,,,,,,,,,,,,,,,,,,,,,,,19.3318553884014,,2.799572154055555,2.799572154055555,0,,,,-0.017698059006782358,
15:12:41.198,,,,,,,,,,,,,,,,,,,,,,,,,,,,,,,,,,,,,,,,,,,,,,,,,,,,,,,,,5.7099999999999795,86,20.5,13.799,742.5,34.97,14.01,32,,,,,,,,,,,,,,,,,,,,,,,,,,,,,,,,,,,,,,,,,,,,,,,,,,,
15:12:41.377,,,,,,,,,,,,,,,,,,,,,,,,,,,,,,,,,,,,,,,,,,,,,,,,,,,,,,,,,,,,,,,,,-157.8,3,,,,,,,,,,,,,,,,,,,,,,,,,,,,,,,,,,,,,,,,,,,,,,,,,
15:12:41.644,,,,,,,,,,,,,,,,,,,,,,,,,,,,,,,,,,,,,,,,,,,,,,,,,,,,,,,,,,,,,,,,,,,,,,,,,,,,,,,,,,,,,,,,,,,,,,,,,,,,,,,6.5917125,13.7803143,0.625,,,,,,,,,,
15:12:41.917,,,,,,,,,,,,,,,,,,,,,,,,,,,,,,,,,,,,,,,,,,,,,,,,,,,,,,,,,,,,,,,,,,,0,0,,,,,27,1,,,0,,,,,,,27,27,,,,,,,,,,,,,,,,,,,,,,,,,,,,,,
15:12:42.099,,,,,,,,,,,,,,,,,,,,,,,,,,,,,,,,,,,,,,,,,,,,,,,,,,,,,,,,,,,,,,,,,,,,,,,,,,,,,,,,,,,,,,,,-50,0,0,0,0,400,0,0,0,0,,,,,,,,,,0,,,,,,0,,
15:12:42.369,,,,,,,,,,,,,,,,,,,,,,,,,,,,,,,,,,,,,,,,,,,,,,,,,,,,,,,,,,,,,,,,,,,,,0,17,123,0,,,0,825.6,,0,0.6000000000000001,9,0,30,0,,,350,825.6,,,,,,,,,,,0,0,62,739.3000000000001,4.444,,,,,,,,,,,,,
15:12:42.547,,,,0,,,,20,,,,,,,,,24,22,,,,,,,,24,,,,,0,,,,,,,,,,,,,,,,,,,,,,,,,,,,,,,,,,,,,,,,,,,,,,,,,,,,,,,,,,,,,,,,,,,,,,,,,,,,,,,,,,,,
15:12:42.704,13.3,1.3,739.3,,0,0,28,,22,20,21,21,22,20,20,0.96109,,,1116.2711111111112,4018576,0,0,5.13402777777778,4.10722222222222,3.85052083333333,,1706.7,1665,1274.8,1204,,-7,0,0,737,2473,3.84,24,3.84,64,0,1116.27111111111,0,62,,,,,,,,,,,,,,,,,,,,,,,,,,,,,,,,,,,,,,,,,,,,,,,,,,,,,,,,,,,,,,,,,,,,1.1089499999999999,,,
15:12:42.877,,,,,,,,,,,,,,,,,,,,,,,,,,,,,,,,,,,,,,,,,,,,,38,38,,,,,,,38,,,,,,,,,,,,,,,,,,,,,,,,,,,,,,,,,,,,,,,,,,,,,,,,,,,,,,,,,,,,,,
15:12:43.056,,,,,,,,,,,,,,,,,,,,,,,,,,,,,,,,,,,,,,,,,,,,,,,4,19,26,15.5,9,26,,26.5,26.5,0,,,,,,,,,,,,,,,,,,,,,,,,,,,,,,,,,,,,,,,,,,,,,,,,,,19.254492355937437,,2.799572154055555,2.799572154055555,0,,,,-0.0069686472470382845,
15:12:43.292,,,,,,,,,,,,,,,,,,,,,,,,,,,,,,,,,,,,,,,,,,,,,,,,,,,,,,,,,5.930000000000007,86,20.5,13.804,742.7,40.55,14.017,32,,,,,,,,,,,,,,,,,,,,,,,,,,,,,,,,,,,,,,,,,,,,,,,,,,,
15:12:43.448,,,,,,,,,,,,,,,,,,,,,,,,,,,,,,,,,,,,,,,,,,,,,,,,,,,,,,,,,,,,,,,,,39.800000000000004,3,,,,,,,,,,,,,,,,,,,,,,,,,,,,,,,,,,,,,,,,,,,,,,,,,
15:12:43.690,,,,,,,,,,,,,,,,,,,,,,,,,,,,,,,,,,,,,,,,,,,,,,,,,,,,,,,,,,,,,,,,,,,,,,,,,,,,,,,,,,,,,,,,,,,,,,,,,,,,,,,0,13.760294,0.21875,,,,,,,,,,
15:12:43.958,,,,,,,,,,,,,,,,,,,,,,,,,,,,,,,,,,,,,,,,,,,,,,,,,,,,,,,,,,,,,,,,,,,0,0,,,,,27,1,,,0,,,,,,,27,26,,,,,,,,,,,,,,,,,,,,,,,,,,,,,,
15:12:44.140,,,,,,,,,,,,,,,,,,,,,,,,,,,,,,,,,,,,,,,,,,,,,,,,,,,,,,,,,,,,,,,,,,,,,,,,,,,,,,,,,,,,,,,,-50,0,0,0,0,400,0,0,0,0,,,,,,,,,,0,,,,,,0,,
15:12:44.403,,,,,,,,,,,,,,,,,,,,,,,,,,,,,,,,,,,,,,,,,,,,,,,,,,,,,,,,,,,,,,,,,,,,,0,17,123,0,,,0,825.6,,0,0.6000000000000001,9,0,30,0,,,350,825.6,,,,,,,,,,,0,0,62,739.3000000000001,4.443,,,,,,,,,,,,,
15:12:44.586,,,,0,,,,20,,,,,,,,,24,22,,,,,,,,24,,,,,0,,,,,,,,,,,,,,,,,,,,,,,,,,,,,,,,,,,,,,,,,,,,,,,,,,,,,,,,,,,,,,,,,,,,,,,,,,,,,,,,,,,,
15:12:44.739,13.2,1.7,739.3,,0,0,28,,22,20,21,21,22,20,20,1.25681,,,1116.2716666666668,4018578,0,0,5.13402777777778,4.10722222222222,3.85052083333333,,1706.7,1665,1274.8,1204,,0,0,0,737,2473,3.84,12,3.84,64,0,1116.27166666667,0,62,,,,,,,,,,,,,,,,,,,,,,,,,,,,,,,,,,,,,,,,,,,,,,,,,,,,,,,,,,,,,,,,,,,,0.9610899999999999,,,
15:12:44.916,,,,,,,,,,,,,,,,,,,,,,,,,,,,,,,,,,,,,,,,,,,,,38,38,,,,,,,38,,,,,,,,,,,,,,,,,,,,,,,,,,,,,,,,,,,,,,,,,,,,,,,,,,,,,,,,,,,,,,
15:12:45.039,,,,,,,,,,,,,,,,,,,,,,,,,,,,,,,,,,,,,,,,,,,,,,,4,19,26,15.5,9,26,,26.5,26.5,0,,,,,,,,,,,,,,,,,,,,,,,,,,,,,,,,,,,,,,,,,,,,,,,,,,19.181856280612735,,2.799572154055555,2.799572154055555,0,,,,0,
15:12:45.341,,,,,,,,,,,,,,,,,,,,,,,,,,,,,,,,,,,,,,,,,,,,,,,,,,,,,,,,,5.560000000000002,86,20.5,13.728,742.9000000000001,53.87,14.033,32,,,,,,,,,,,,,,,,,,,,,,,,,,,,,,,,,,,,,,,,,,,,,,,,,,,
15:12:45.488,,,,,,,,,,,,,,,,,,,,,,,,,,,,,,,,,,,,,,,,,,,,,,,,,,,,,,,,,,,,,,,,,151.8,3,,,,,,,,,,,,,,,,,,,,,,,,,,,,,,,,,,,,,,,,,,,,,,,,,
15:12:45.730,,,,,,,,,,,,,,,,,,,,,,,,,,,,,,,,,,,,,,,,,,,,,,,,,,,,,,,,,,,,,,,,,,,,,,,,,,,,,,,,,,,,,,,,,,,,,,,,,,,,,,,0,13.760294,0,,,,,,,,,,
15:12:45.997,,,,,,,,,,,,,,,,,,,,,,,,,,,,,,,,,,,,,,,,,,,,,,,,,,,,,,,,,,,,,,,,,,,0,0,,,,,27,1,,,0,,,,,,,27,27,,,,,,,,,,,,,,,,,,,,,,,,,,,,,,
15:12:46.176,,,,,,,,,,,,,,,,,,,,,,,,,,,,,,,,,,,,,,,,,,,,,,,,,,,,,,,,,,,,,,,,,,,,,,,,,,,,,,,,,,,,,,,,-50,0,0,0,0,400,0,0,0,0,,,,,,,,,,0,,,,,,0,,
15:12:46.449,,,,,,,,,,,,,,,,,,,,,,,,,,,,,,,,,,,,,,,,,,,,,,,,,,,,,,,,,,,,,,,,,,,,,0,17,123,0,,,0,825.6,,0,0.6000000000000001,9,0,30,0,,,350,825.6,,,,,,,,,,,0,0,62,739.3000000000001,4.444,,,,,,,,,,,,,
15:12:46.625,,,,0,,,,20,,,,,,,,,24,22,,,,,,,,24,,,,,0,,,,,,,,,,,,,,,,,,,,,,,,,,,,,,,,,,,,,,,,,,,,,,,,,,,,,,,,,,,,,,,,,,,,,,,,,,,,,,,,,,,,
15:12:46.776,13.3,1.4,739.3,,0,0,28,,22,20,21,21,22,20,20,1.03502,,,1116.2722222222221,4018580,0,0,5.13402777777778,4.10722222222222,3.85052083333333,,1706.7,1665,1274.8,1204,,-35,0,0,737,2473,3.84,21,3.84,61,0,1116.27222222222,0,62,,,,,,,,,,,,,,,,,,,,,,,,,,,,,,,,,,,,,,,,,,,,,,,,,,,,,,,,,,,,,,,,,,,,1.25681,,,
15:12:46.955,,,,,,,,,,,,,,,,,,,,,,,,,,,,,,,,,,,,,,,,,,,,,38,38,,,,,,,38,,,,,,,,,,,,,,,,,,,,,,,,,,,,,,,,,,,,,,,,,,,,,,,,,,,,,,,,,,,,,,
15:12:47.077,,,,,,,,,,,,,,,,,,,,,,,,,,,,,,,,,,,,,,,,,,,,,,,4,19,26,15.5,9,26,,26.5,26.5,0,,,,,,,,,,,,,,,,,,,,,,,,,,,,,,,,,,,,,,,,,,,,,,,,,,19.107748013831618,,2.799572154055555,2.799572154055555,0,,,,0,
15:12:47.315,,,,,,,,,,,,,,,,,,,,,,,,,,,,,,,,,,,,,,,,,,,,,,,,,,,,,,,,,5.860000000000014,86,20.5,13.812000000000001,742.1,39.09,14.032,32,,,,,,,,,,,,,,,,,,,,,,,,,,,,,,,,,,,,,,,,,,,,,,,,,,,
15:12:47.466,,,,,,,,,,,,,,,,,,,,,,,,,,,,,,,,,,,,,,,,,,,,,,,,,,,,,,,,,,,,,,,,,22.1,3,,,,,,,,,,,,,,,,,,,,,,,,,,,,,,,,,,,,,,,,,,,,,,,,,
15:12:47.707,,,,,,,,,,,,,,,,,,,,,,,,,,,,,,,,,,,,,,,,,,,,,,,,,,,,,,,,,,,,,,,,,,,,,,,,,,,,,,,,,,,,,,,,,,,,,,,,,,,,,,,0,13.7915452,0,,,,,,,,,,
15:12:47.976,,,,,,,,,,,,,,,,,,,,,,,,,,,,,,,,,,,,,,,,,,,,,,,,,,,,,,,,,,,,,,,,,,,0,0,,,,,27,1,,,0,,,,,,,27,27,,,,,,,,,,,,,,,,,,,,,,,,,,,,,,
15:12:48.158,,,,,,,,,,,,,,,,,,,,,,,,,,,,,,,,,,,,,,,,,,,,,,,,,,,,,,,,,,,,,,,,,,,,,,,,,,,,,,,,,,,,,,,,-50,0,0,0,0,400,0,0,0,0,,,,,,,,,,0,,,,,,0,,
15:12:48.429,,,,,,,,,,,,,,,,,,,,,,,,,,,,,,,,,,,,,,,,,,,,,,,,,,,,,,,,,,,,,,,,,,,,,0,17,123,0,,,0,825.6,,0,0.6000000000000001,9,0,30,0,,,350,825.6,,,,,,,,,,,0,0,62,739.2,4.444,,,,,,,,,,,,,
15:12:48.607,,,,0,,,,20,,,,,,,,,24,22,,,,,,,,24,,,,,0,,,,,,,,,,,,,,,,,,,,,,,,,,,,,,,,,,,,,,,,,,,,,,,,,,,,,,,,,,,,,,,,,,,,,,,,,,,,,,,,,,,,
15:12:48.757,13.3,1.4,739.3,,0,0,28,,22,20,21,21,22,20,20,1.03502,,,1116.2727777777777,4018582,0,0,5.13402777777778,4.10722222222222,3.85052083333333,,1706.7,1665,1274.8,1204,,-24,0,0,737,2473,3.84,22,3.84,61,0,1116.27277777778,0,62,,,,,,,,,,,,,,,,,,,,,,,,,,,,,,,,,,,,,,,,,,,,,,,,,,,,,,,,,,,,,,,,,,,,1.03502,,,
15:12:48.935,,,,,,,,,,,,,,,,,,,,,,,,,,,,,,,,,,,,,,,,,,,,,38,38,,,,,,,38,,,,,,,,,,,,,,,,,,,,,,,,,,,,,,,,,,,,,,,,,,,,,,,,,,,,,,,,,,,,,,
15:12:49.087,,,,,,,,,,,,,,,,,,,,,,,,,,,,,,,,,,,,,,,,,,,,,,,4,19,26,15.5,9,26,,26.5,26.5,0,,,,,,,,,,,,,,,,,,,,,,,,,,,,,,,,,,,,,,,,,,,,,,,,,,19.035194555866607,,2.799572154055555,2.799572154055555,0,,,,0,
15:12:49.325,,,,,,,,,,,,,,,,,,,,,,,,,,,,,,,,,,,,,,,,,,,,,,,,,,,,,,,,,5.7099999999999795,87,20.5,13.812999999999999,742.3000000000001,38.82,14.03,32,,,,,,,,,,,,,,,,,,,,,,,,,,,,,,,,,,,,,,,,,,,,,,,,,,,
15:12:49.476,,,,,,,,,,,,,,,,,,,,,,,,,,,,,,,,,,,,,,,,,,,,,,,,,,,,,,,,,,,,,,,,,-31.1,3,,,,,,,,,,,,,,,,,,,,,,,,,,,,,,,,,,,,,,,,,,,,,,,,,
15:12:49.718,,,,,,,,,,,,,,,,,,,,,,,,,,,,,,,,,,,,,,,,,,,,,,,,,,,,,,,,,,,,,,,,,,,,,,,,,,,,,,,,,,,,,,,,,,,,,,,,,,,,,,,0,13.7417386,0.109375,,,,,,,,,,
15:12:49.986,,,,,,,,,,,,,,,,,,,,,,,,,,,,,,,,,,,,,,,,,,,,,,,,,,,,,,,,,,,,,,,,,,,0,0,,,,,27,1,,,0,,,,,,,27,27,,,,,,,,,,,,,,,,,,,,,,,,,,,,,,
15:12:50.167,,,,,,,,,,,,,,,,,,,,,,,,,,,,,,,,,,,,,,,,,,,,,,,,,,,,,,,,,,,,,,,,,,,,,,,,,,,,,,,,,,,,,,,,-50,0,0,0,0,400,0,0,0,0,,,,,,,,,,0,,,,,,0,,
15:12:50.439,,,,,,,,,,,,,,,,,,,,,,,,,,,,,,,,,,,,,,,,,,,,,,,,,,,,,,,,,,,,,,,,,,,,,0,17,123,0,,,0,825.6,,0,0.6000000000000001,9,0,30,0,,,350,825.6,,,,,,,,,,,0,0,62,739.2,4.443,,,,,,,,,,,,,
15:12:50.616,,,,0,,,,20,,,,,,,,,24,22,,,,,,,,24,,,,,0,,,,,,,,,,,,,,,,,,,,,,,,,,,,,,,,,,,,,,,,,,,,,,,,,,,,,,,,,,,,,,,,,,,,,,,,,,,,,,,,,,,,
15:12:50.765,13.3,1.9,739.2,,0,0,28,,22,20,21,21,22,20,20,1.40448,,,1116.2733333333333,4018584,0,0,5.13333333333333,4.10666666666667,3.85,,1706.7,1665,1274.8,1204,,21,0,0,737,2473,3.84,12,3.84,61,0,1116.27333333333,0,62,,,,,,,,,,,,,,,,,,,,,,,,,,,,,,,,,,,,,,,,,,,,,,,,,,,,,,,,,,,,,,,,,,,,1.03488,,,
15:12:50.947,,,,,,,,,,,,,,,,,,,,,,,,,,,,,,,,,,,,,,,,,,,,,38,38,,,,,,,38,,,,,,,,,,,,,,,,,,,,,,,,,,,,,,,,,,,,,,,,,,,,,,,,,,,,,,,,,,,,,,
15:12:51.066,,,,,,,,,,,,,,,,,,,,,,,,,,,,,,,,,,,,,,,,,,,,,,,4,20,26,15.5,9,26,,26.5,26.5,0,,,,,,,,,,,,,,,,,,,,,,,,,,,,,,,,,,,,,,,,,,,,,,,,,,18.964302839818867,,2.799572154055555,2.799572154055555,0,,,,0,
15:12:51.306,,,,,,,,,,,,,,,,,,,,,,,,,,,,,,,,,,,,,,,,,,,,,,,,,,,,,,,,,5.25,87,20.5,13.739,742.8000000000001,54.37,14.031,32,,,,,,,,,,,,,,,,,,,,,,,,,,,,,,,,,,,,,,,,,,,,,,,,,,,
15:12:51.456,,,,,,,,,,,,,,,,,,,,,,,,,,,,,,,,,,,,,,,,,,,,,,,,,,,,,,,,,,,,,,,,,-333.20000000000005,3,,,,,,,,,,,,,,,,,,,,,,,,,,,,,,,,,,,,,,,,,,,,,,,,,
15:12:51.698,,,,,,,,,,,,,,,,,,,,,,,,,,,,,,,,,,,,,,,,,,,,,,,,,,,,,,,,,,,,,,,,,,,,,,,,,,,,,,,,,,,,,,,,,,,,,,,,,,,,,,,0,13.7495514,0.171875,,,,,,,,,,
15:12:51.965,,,,,,,,,,,,,,,,,,,,,,,,,,,,,,,,,,,,,,,,,,,,,,,,,,,,,,,,,,,,,,,,,,,0,0,,,,,27,1,,,0,,,,,,,27,27,,,,,,,,,,,,,,,,,,,,,,,,,,,,,,
15:12:52.147,,,,,,,,,,,,,,,,,,,,,,,,,,,,,,,,,,,,,,,,,,,,,,,,,,,,,,,,,,,,,,,,,,,,,,,,,,,,,,,,,,,,,,,,-50,0,0,0,0,400,0,0,0,0,,,,,,,,,,0,,,,,,0,,
15:12:52.419,,,,,,,,,,,,,,,,,,,,,,,,,,,,,,,,,,,,,,,,,,,,,,,,,,,,,,,,,,,,,,,,,,,,,0,17,123,0,,,0,825.6,,0,0.6000000000000001,9,0,30,0,,,350,825.6,,,,,,,,,,,0,0,62,739.2,4.443,,,,,,,,,,,,,
15:12:52.596,,,,0,,,,20,,,,,,,,,24,22,,,,,,,,24,,,,,0,,,,,,,,,,,,,,,,,,,,,,,,,,,,,,,,,,,,,,,,,,,,,,,,,,,,,,,,,,,,,,,,,,,,,,,,,,,,,,,,,,,,
15:12:52.747,13.3,2,739.2,,0,0,28,,22,20,20,21,22,20,20,1.4784,,,1116.273888888889,4018586,0,0,5.13333333333333,4.10666666666667,3.85,,1706.7,1665,1274.8,1204,,75,0,0,737,2473,3.84,24,3.84,61,0,1116.27388888889,0,62,,,,,,,,,,,,,,,,,,,,,,,,,,,,,,,,,,,,,,,,,,,,,,,,,,,,,,,,,,,,,,,,,,,,1.40448,,,
15:12:52.985,,,,,,,,,,,,,,,,,,,,,,,,,,,,,,,,,,,,,,,,,,,,,38,38,,,,,,,38,,,,,,,,,,,,,,,,,,,,,,,,,,,,,,,,,,,,,,,,,,,,,,,,,,,,,,,,,,,,,,
15:12:53.107,,,,,,,,,,,,,,,,,,,,,,,,,,,,,,,,,,,,,,,,,,,,,,,4,20,26,15.5,9,26,,26.5,26.5,0,,,,,,,,,,,,,,,,,,,,,,,,,,,,,,,,,,,,,,,,,,,,,,,,,,18.89176196137017,,2.799572154055555,2.799572154055555,0,,,,0,
15:12:53.346,,,,,,,,,,,,,,,,,,,,,,,,,,,,,,,,,,,,,,,,,,,,,,,,,,,,,,,,,5.9599999999999795,87,20.5,13.827,742.1,39.23,14.057,32,,,,,,,,,,,,,,,,,,,,,,,,,,,,,,,,,,,,,,,,,,,,,,,,,,,
15:12:53.496,,,,,,,,,,,,,,,,,,,,,,,,,,,,,,,,,,,,,,,,,,,,,,,,,,,,,,,,,,,,,,,,,-111.10000000000001,3,,,,,,,,,,,,,,,,,,,,,,,,,,,,,,,,,,,,,,,,,,,,,,,,,
15:12:53.738,,,,,,,,,,,,,,,,,,,,,,,,,,,,,,,,,,,,,,,,,,,,,,,,,,,,,,,,,,,,,,,,,,,,,,,,,,,,,,,,,,,,,,,,,,,,,,,,,,,,,,,0,13.771524900000001,0.78125,,,,,,,,,,
15:12:54.008,,,,,,,,,,,,,,,,,,,,,,,,,,,,,,,,,,,,,,,,,,,,,,,,,,,,,,,,,,,,,,,,,,,0,0,,,,,27,1,,,0,,,,,,,27,27,,,,,,,,,,,,,,,,,,,,,,,,,,,,,,
15:12:54.190,,,,,,,,,,,,,,,,,,,,,,,,,,,,,,,,,,,,,,,,,,,,,,,,,,,,,,,,,,,,,,,,,,,,,,,,,,,,,,,,,,,,,,,,-50,0,0,0,0,400,0,0,0,0,,,,,,,,,,0,,,,,,0,,
15:12:54.459,,,,,,,,,,,,,,,,,,,,,,,,,,,,,,,,,,,,,,,,,,,,,,,,,,,,,,,,,,,,,,,,,,,,,0,17,123,0,,,0,825.6,,0,0.6000000000000001,9,0,30,0,,,350,825.6,,,,,,,,,,,0,0,62,739.2,4.444,,,,,,,,,,,,,
15:12:54.637,,,,0,,,,20,,,,,,,,,24,22,,,,,,,,24,,,,,0,,,,,,,,,,,,,,,,,,,,,,,,,,,,,,,,,,,,,,,,,,,,,,,,,,,,,,,,,,,,,,,,,,,,,,,,,,,,,,,,,,,,
15:12:54.785,13.3,2.1,739.2,,0,0,28,,22,20,21,21,22,20,20,1.55232,,,1116.2744444444445,4018588,0,0,5.13333333333333,4.10666666666667,3.85,,1706.7,1665,1274.8,1204,,93,0,0,737,2473,3.84,24,3.84,149,0,1116.27444444444,0,62,,,,,,,,,,,,,,,,,,,,,,,,,,,,,,,,,,,,,,,,,,,,,,,,,,,,,,,,,,,,,,,,,,,,1.4784000000000002,,,
15:12:54.966,,,,,,,,,,,,,,,,,,,,,,,,,,,,,,,,,,,,,,,,,,,,,38,38,,,,,,,38,,,,,,,,,,,,,,,,,,,,,,,,,,,,,,,,,,,,,,,,,,,,,,,,,,,,,,,,,,,,,,
15:12:55.087,,,,,,,,,,,,,,,,,,,,,,,,,,,,,,,,,,,,,,,,,,,,,,,4,20,26,15.5,9,26,,26.5,26.5,1,,,,,,,,,,,,,,,,,,,,,,,,,,,,,,,,,,,,,,,,,,,,,,,,,,18.825590067463114,,2.8001222628888884,2.8001222628888884,0.6441970727685014,155.232,,,0.0035359849324743736,
15:12:55.330,,,,,,,,,,,,,,,,,,,,,,,,,,,,,,,,,,,,,,,,,,,,,,,,,,,,,,,,,5.3799999999999955,87,20.5,13.776,742.3000000000001,48.11,14.037,32,,,,,,,,,,,,,,,,,,,,,,,,,,,,,,,,,,,,,,,,,,,,,,,,,,,
15:12:55.476,,,,,,,,,,,,,,,,,,,,,,,,,,,,,,,,,,,,,,,,,,,,,,,,,,,,,,,,,,,,,,,,,143.9,3,,,,,,,,,,,,,,,,,,,,,,,,,,,,,,,,,,,,,,,,,,,,,,,,,
15:12:55.718,,,,,,,,,,,,,,,,,,,,,,,,,,,,,,,,,,,,,,,,,,,,,,,,,,,,,,,,,,,,,,,,,,,,,,,,,,,,,,,,,,,,,,,,,,,,,,,,,,,,,,,0,13.740762,1.75,,,,,,,,,,
15:12:56.015,,,,,,,,,,,,,,,,,,,,,,,,,,,,,,,,,,,,,,,,,,,,,,,,,,,,,,,,,,,,,,,,,,,0,0,,,,,27,1,,,0,,,,,,,27,26,,,,,,,,,,,,,,,,,,,,,,,,,,,,,,
15:12:56.199,,,,,,,,,,,,,,,,,,,,,,,,,,,,,,,,,,,,,,,,,,,,,,,,,,,,,,,,,,,,,,,,,,,,,,,,,,,,,,,,,,,,,,,,-50,0,0,0,0,400,0,0,0,0,,,,,,,,,,0,,,,,,0,,
15:12:56.469,,,,,,,,,,,,,,,,,,,,,,,,,,,,,,,,,,,,,,,,,,,,,,,,,,,,,,,,,,,,,,,,,,,,,0,17,123,0,,,0,825.6,,0,0.6000000000000001,9,0,30,0,,,350,825.6,,,,,,,,,,,0,0,62,739.1,4.444,,,,,,,,,,,,,
15:12:56.646,,,,0,,,,20,,,,,,,,,24,22,,,,,,,,24,,,,,0,,,,,,,,,,,,,,,,,,,,,,,,,,,,,,,,,,,,,,,,,,,,,,,,,,,,,,,,,,,,,,,,,,,,,,,,,,,,,,,,,,,,
15:12:56.796,13.4,2.6,739.1,,0,0,28,,22,20,20,21,22,20,20,1.92166,,,1116.275,4018590,0,0,5.13263888888889,4.10611111111111,3.84947916666667,,1706.7,1665,1274.8,1204,,213,0,0,737,2473,3.84,22,3.84,181,0,1116.275,0,62,,,,,,,,,,,,,,,,,,,,,,,,,,,,,,,,,,,,,,,,,,,,,,,,,,,,,,,,,,,,,,,,,,,,1.55211,,,
15:12:56.978,,,,,,,,,,,,,,,,,,,,,,,,,,,,,,,,,,,,,,,,,,,,,38,38,,,,,,,38,,,,,,,,,,,,,,,,,,,,,,,,,,,,,,,,,,,,,,,,,,,,,,,,,,,,,,,,,,,,,,
15:12:57.097,,,,,,,,,,,,,,,,,,,,,,,,,,,,,,,,,,,,,,,,,,,,,,,4,20,26,15.5,9,26,,26.5,26.5,3,,,,,,,,,,,,,,,,,,,,,,,,,,,,,,,,,,,,,,,,,,,,,,,,,,18.766420686196465,,2.801796873055555,2.801796873055555,1.5611502555082586,64.05533333333332,,,0.010608952967672293,
15:12:57.338,,,,,,,,,,,,,,,,,,,,,,,,,,,,,,,,,,,,,,,,,,,,,,,,,,,,,,,,,5.900000000000034,87,20.5,13.842,742.1,33.91,14.041,32,,,,,,,,,,,,,,,,,,,,,,,,,,,,,,,,,,,,,,,,,,,,,,,,,,,
15:12:57.486,,,,,,,,,,,,,,,,,,,,,,,,,,,,,,,,,,,,,,,,,,,,,,,,,,,,,,,,,,,,,,,,,12.200000000000001,3,,,,,,,,,,,,,,,,,,,,,,,,,,,,,,,,,,,,,,,,,,,,,,,,,
15:12:57.728,,,,,,,,,,,,,,,,,,,,,,,,,,,,,,,,,,,,,,,,,,,,,,,,,,,,,,,,,,,,,,,,,,,,,,,,,,,,,,,,,,,,,,,,,,,,,,,,,,,,,,,0,13.8096123,0,,,,,,,,,,
15:12:57.997,,,,,,,,,,,,,,,,,,,,,,,,,,,,,,,,,,,,,,,,,,,,,,,,,,,,,,,,,,,,,,,,,,,0,0,,,,,27,1,,,0,,,,,,,27,27,,,,,,,,,,,,,,,,,,,,,,,,,,,,,,
15:12:58.178,,,,,,,,,,,,,,,,,,,,,,,,,,,,,,,,,,,,,,,,,,,,,,,,,,,,,,,,,,,,,,,,,,,,,,,,,,,,,,,,,,,,,,,,-50,0,0,0,0,400,0,0,0,0,,,,,,,,,,0,,,,,,0,,
15:12:58.449,,,,,,,,,,,,,,,,,,,,,,,,,,,,,,,,,,,,,,,,,,,,,,,,,,,,,,,,,,,,,,,,,,,,,0,17,123,0,,,0,825.6,,0,0.6000000000000001,9,0,30,0,,,350,825.6,,,,,,,,,,,0,0,62,738.9000000000001,4.444,,,,,,,,,,,,,
15:12:58.627,,,,0,,,,20,,,,,,,,,24,22,,,,,,,,24,,,,,0,,,,,,,,,,,,,,,,,,,,,,,,,,,,,,,,,,,,,,,,,,,,,,,,,,,,,,,,,,,,,,,,,,,,,,,,,,,,,,,,,,,,
15:12:58.776,13.4,6,738.8,,0,0,28,,22,20,21,21,22,20,20,4.4328,,,1116.2755555555555,4018592,0,0,5.13055555555556,4.10444444444444,3.84791666666667,,1706.7,1665,1274.8,1204,,469,0,0,737,2473,3.84,24,3.84,61,0,1116.27555555556,0,62,,,,,,,,,,,,,,,,,,,,,,,,,,,,,,,,,,,,,,,,,,,,,,,,,,,,,,,,,,,,,,,,,,,,1.92088,,,
15:12:58.956,,,,,,,,,,,,,,,,,,,,,,,,,,,,,,,,,,,,,,,,,,,,,38,38,,,,,,,38,,,,,,,,,,,,,,,,,,,,,,,,,,,,,,,,,,,,,,,,,,,,,,,,,,,,,,,,,,,,,,
15:12:59.077,,,,,,,,,,,,,,,,,,,,,,,,,,,,,,,,,,,,,,,,,,,,,,,4,20,26,15.5,9,26,,26.5,26.5,6,,,,,,,,,,,,,,,,,,,,,,,,,,,,,,,,,,,,,,,,,,,,,,,,,,18.71955968503388,,2.8050971137222214,2.8050971137222214,1.3535462912831617,73.88000000000001,,,0.021215947997746693,
15:12:59.315,,,,,,,,,,,,,,,,,,,,,,,,,,,,,,,,,,,,,,,,,,,,,,,,,,,,,,,,,5.579999999999984,87,20.5,13.826,741.9000000000001,40.77,14.013,32,,,,,,,,,,,,,,,,,,,,,,,,,,,,,,,,,,,,,,,,,,,,,,,,,,,
15:12:59.465,,,,,,,,,,,,,,,,,,,,,,,,,,,,,,,,,,,,,,,,,,,,,,,,,,,,,,,,,,,,,,,,,96.60000000000001,3,,,,,,,,,,,,,,,,,,,,,,,,,,,,,,,,,,,,,,,,,,,,,,,,,
15:12:59.703,,,,,,,,,,,,,,,,,,,,,,,,,,,,,,,,,,,,,,,,,,,,,,,,,,,,,,,,,,,,,,,,,,,,,,,,,,,,,,,,,,,,,,,,,,,,,,,,,,,,,,,14.111147500000001,13.761270600000001,4,,,,,,,,,,
15:12:59.977,,,,,,,,,,,,,,,,,,,,,,,,,,,,,,,,,,,,,,,,,,,,,,,,,,,,,,,,,,,,,,,,,,,0,0,,,,,27,1,,,0,,,,,,,27,27,,,,,,,,,,,,,,,,,,,,,,,,,,,,,,
15:13:00.159,,,,,,,,,,,,,,,,,,,,,,,,,,,,,,,,,,,,,,,,,,,,,,,,,,,,,,,,,,,,,,,,,,,,,,,,,,,,,,,,,,,,,,,,-50,0,0,0,0,400,0,0,0,0,,,,,,,,,,0,,,,,,0,,
15:13:00.429,,,,,,,,,,,,,,,,,,,,,,,,,,,,,,,,,,,,,,,,,,,,,,,,,,,,,,,,,,,,,,,,,,,,,0,17,123,0,,,0,825.6,,0,0.6000000000000001,9,0,30,0,,,350,825.6,,,,,,,,,,,0,0,62,738.4000000000001,4.443,,,,,,,,,,,,,
15:13:00.615,,,,0,,,,20,,,,,,,,,24,22,,,,,,,,24,,,,,0,,,,,,,,,,,,,,,,,,,,,,,,,,,,,,,,,,,,,,,,,,,,,,,,,,,,,,,,,,,,,,,,,,,,,,,,,,,,,,,,,,,,
15:13:00.756,13.3,9.9,738.4,,0,0,28,,22,20,21,21,22,20,20,7.31016,,,1116.276111111111,4018594,0,0,5.12777777777778,4.10222222222222,3.84583333333333,,1706.7,1665,1274.8,1204,,887,0,0,736,2464,3.84,24,3.84,64,0,1116.27611111111,0,62,,,,,,,,,,,,,,,,,,,,,,,,,,,,,,,,,,,,,,,,,,,,,,,,,,,,,,,,,,,,,,,,,,,,4.4304,,,
15:13:00.936,,,,,,,,,,,,,,,,,,,,,,,,,,,,,,,,,,,,,,,,,,,,,38,38,,,,,,,38,,,,,,,,,,,,,,,,,,,,,,,,,,,,,,,,,,,,,,,,,,,,,,,,,,,,,,,,,,,,,,
15:13:01.056,,,,,,,,,,,,,,,,,,,,,,,,,,,,,,,,,,,,,,,,,,,,,,,4,20,26,15.5,9,26,,26.5,26.5,12,,,,,,,,,,,,,,,,,,,,,,,,,,,,,,,,,,,,,,,,,,,,,,,,,,18.695002077472367,,2.811692960722221,2.811692960722221,1.6415509373255852,60.918,,,0.042760617868898294,
15:13:01.297,,,,,,,,,,,,,,,,,,,,,,,,,,,,,,,,,,,,,,,,,,,,,,,,,,,,,,,,,5.7900000000000205,87,20.5,13.823,741.2,33.25,14.026,32,,,,,,,,,,,,,,,,,,,,,,,,,,,,,,,,,,,,,,,,,,,,,,,,,,,
15:13:01.446,,,,,,,,,,,,,,,,,,,,,,,,,,,,,,,,,,,,,,,,,,,,,,,,,,,,,,,,,,,,,,,,,31.900000000000002,3,,,,,,,,,,,,,,,,,,,,,,,,,,,,,,,,,,,,,,,,,,,,,,,,,
15:13:01.689,,,,,,,,,,,,,,,,,,,,,,,,,,,,,,,,,,,,,,,,,,,,,,,,,,,,,,,,,,,,,,,,,,,,,,,,,,,,,,,,,,,,,,,,,,,,,,,,,,,,,,,22.070030000000003,13.790568599999999,13.84375,,,,,,,,,,
15:13:01.989,,,,,,,,,,,,,,,,,,,,,,,,,,,,,,,,,,,,,,,,,,,,,,,,,,,,,,,,,,,,,,,,,,,0,0,,,,,27,1,,,0,,,,,,,27,27,,,,,,,,,,,,,,,,,,,,,,,,,,,,,,
15:13:02.168,,,,,,,,,,,,,,,,,,,,,,,,,,,,,,,,,,,,,,,,,,,,,,,,,,,,,,,,,,,,,,,,,,,,,,,,,,,,,,,,,,,,,,,,-50,0,0,0,0,400,0,0,0,0,,,,,,,,,,0,,,,,,0,,
15:13:02.442,,,,,,,,,,,,,,,,,,,,,,,,,,,,,,,,,,,,,,,,,,,,,,,,,,,,,,,,,,,,,,,,,,,,,0,17,123,0,,,0,825.6,,0,0.6000000000000001,9,0,30,0,,,350,825.6,,,,,,,,,,,0,0,62,738.1,4.443,,,,,,,,,,,,,
15:13:02.616,,,,0,,,,20,,,,,,,,,24,22,,,,,,,,24,,,,,0,,,,,,,,,,,,,,,,,,,,,,,,,,,,,,,,,,,,,,,,,,,,,,,,,,,,,,,,,,,,,,,,,,,,,,,,,,,,,,,,,,,,
15:13:02.771,13.4,15.2,737.8,,0,0,28,,22,20,21,21,22,20,20,11.21456,,,1116.2766666666666,4018596,0,0,5.12361111111111,4.09888888888889,3.84270833333333,,1706.7,1665,1274.8,1204.1,,1324,0,0,736,2464,3.84,24,3.84,64,0,1116.27666666667,0,62,,,,,,,,,,,,,,,,,,,,,,,,,,,,,,,,,,,,,,,,,,,,,,,,,,,,,,,,,,,,,,,,,,,,11.214559999999999,,,
15:13:02.946,,,,,,,,,,,,,,,,,,,,,,,,,,,,,,,,,,,,,,,,,,,,,38,38,,,,,,,38,,,,,,,,,,,,,,,,,,,,,,,,,,,,,,,,,,,,,,,,,,,,,,,,,,,,,,,,,,,,,,
15:13:03.064,,,,,,,,,,,,,,,,,,,,,,,,,,,,,,,,,,,,,,,,,,,,,,,4,20,26,15.5,9,26,,26.5,26.5,17,,,,,,,,,,,,,,,,,,,,,,,,,,,,,,,,,,,,,,,,,,,,,,,,,,18.688736665815554,,2.821178770888888,2.821178770888888,1.5158864904195972,65.968,,,0.05681329584584178,
15:13:03.306,,,,,,,,,,,,,,,,,,,,,,,,,,,,,,,,,,,,,,,,,,,,,,,,,,,,,,,,,5.769999999999982,87,20.5,13.826,741,33.49,14.014,32,,,,,,,,,,,,,,,,,,,,,,,,,,,,,,,,,,,,,,,,,,,,,,,,,,,
15:13:03.484,,,,,,,,,,,,,,,,,,,,,,,,,,,,,,,,,,,,,,,,,,,,,,,,,,,,,,,,,,,,,,,,,-5.7,3,,,,,,,,,,,,,,,,,,,,,,,,,,,,,,,,,,,,,,,,,,,,,,,,,
15:13:03.729,,,,,,,,,,,,,,,,,,,,,,,,,,,,,,,,,,,,,,,,,,,,,,,,,,,,,,,,,,,,,,,,,,,,,,,,,,,,,,,,,,,,,,,,,,,,,,,,,,,,,,,35.6929025,13.781290900000002,16,,,,,,,,,,
15:13:04.004,,,,,,,,,,,,,,,,,,,,,,,,,,,,,,,,,,,,,,,,,,,,,,,,,,,,,,,,,,,,,,,,,,,0,0,,,,,27,1,,,0,,,,,,,27,27,,,,,,,,,,,,,,,,,,,,,,,,,,,,,,
15:13:04.175,,,,,,,,,,,,,,,,,,,,,,,,,,,,,,,,,,,,,,,,,,,,,,,,,,,,,,,,,,,,,,,,,,,,,,,,,,,,,,,,,,,,,,,,-50,0,0,0,0,400,0,0,0,0,,,,,,,,,,0,,,,,,0,,
15:13:04.449,,,,,,,,,,,,,,,,,,,,,,,,,,,,,,,,,,,,,,,,,,,,,,,,,,,,,,,,,,,,,,,,,,,,,0,17,123,0,,,0,825.6,,0,0.6000000000000001,9,0,30,0,,,350,825.6,,,,,,,,,,,0,0,62,737.2,4.444,,,,,,,,,,,,,
15:13:04.627,,,,0,,,,20,,,,,,,,,24,22,,,,,,,,24,,,,,0,,,,,,,,,,,,,,,,,,,,,,,,,,,,,,,,,,,,,,,,,,,,,,,,,,,,,,,,,,,,,,,,,,,,,,,,,,,,,,,,,,,,
15:13:04.779,13.3,20.2,737,,0,0,28,,22,20,21,21,22,20,20,14.8874,,,1116.2772222222222,4018598,0,0,5.11805555555556,4.09444444444444,3.83854166666667,,1706.7,1665,1274.8,1204.1,,1608,0,0,735,2464,3.84,22,3.82,61,0,1116.27722222222,0,62,,,,,,,,,,,,,,,,,,,,,,,,,,,,,,,,,,,,,,,,,,,,,,,,,,,,,,,,,,,,,,,,,,,,11.202399999999999,,,
15:13:04.957,,,,,,,,,,,,,,,,,,,,,,,,,,,,,,,,,,,,,,,,,,,,,38,38,,,,,,,38,,,,,,,,,,,,,,,,,,,,,,,,,,,,,,,,,,,,,,,,,,,,,,,,,,,,,,,,,,,,,,
15:13:05.078,,,,,,,,,,,,,,,,,,,,,,,,,,,,,,,,,,,,,,,,,,,,,,,4,20,26,15.5,9,26,,26.5,26.5,20,,,,,,,,,,,,,,,,,,,,,,,,,,,,,,,,,,,,,,,,,,,,,,,,,,18.69357869684979,,2.8323685914444434,2.8323685914444434,1.3434179238819404,74.437,,,0.06032976281304935,
15:13:05.317,,,,,,,,,,,,,,,,,,,,,,,,,,,,,,,,,,,,,,,,,,,,,,,,,,,,,,,,,5.560000000000002,87,20.5,13.809000000000001,740.3000000000001,33.16,14.006,32,,,,,,,,,,,,,,,,,,,,,,,,,,,,,,,,,,,,,,,,,,,,,,,,,,,
15:13:05.466,,,,,,,,,,,,,,,,,,,,,,,,,,,,,,,,,,,,,,,,,,,,,,,,,,,,,,,,,,,,,,,,,3.2,3,,,,,,,,,,,,,,,,,,,,,,,,,,,,,,,,,,,,,,,,,,,,,,,,,
15:13:05.711,,,,,,,,,,,,,,,,,,,,,,,,,,,,,,,,,,,,,,,,,,,,,,,,,,,,,,,,,,,,,,,,,,,,,,,,,,,,,,,,,,,,,,,,,,,,,,,,,,,,,,,35.4975925,13.770548300000002,21.265625,,,,,,,,,,
15:13:05.980,,,,,,,,,,,,,,,,,,,,,,,,,,,,,,,,,,,,,,,,,,,,,,,,,,,,,,,,,,,,,,,,,,,0,0,,,,,27,1,,,0,,,,,,,27,27,,,,,,,,,,,,,,,,,,,,,,,,,,,,,,
15:13:06.158,,,,,,,,,,,,,,,,,,,,,,,,,,,,,,,,,,,,,,,,,,,,,,,,,,,,,,,,,,,,,,,,,,,,,,,,,,,,,,,,,,,,,,,,-50,0,0,0,0,400,0,0,0,0,,,,,,,,,,0,,,,,,0,,
15:13:06.433,,,,,,,,,,,,,,,,,,,,,,,,,,,,,,,,,,,,,,,,,,,,,,,,,,,,,,,,,,,,,,,,,,,,,0,17,123,0,,,0,825.6,,0,0.6000000000000001,9,0,30,0,,,350,825.6,,,,,,,,,,,0,0,62,737.3000000000001,4.443,,,,,,,,,,,,,
15:13:06.608,,,,0,,,,20,,,,,,,,,24,22,,,,,,,,24,,,,,0,,,,,,,,,,,,,,,,,,,,,,,,,,,,,,,,,,,,,,,,,,,,,,,,,,,,,,,,,,,,,,,,,,,,,,,,,,,,,,,,,,,,
15:13:06.755,13.3,14.3,737.5,,0,0,28,,22,20,21,21,22,20,20,10.54625,,,1116.2777777777778,4018600,0,0,5.12152777777778,4.09722222222222,3.84114583333333,,1706.7,1665.1,1274.8,1204.1,,1778,0,0,735,2464,3.84,24,3.82,112,0,1116.27777777778,0,62,,,,,,,,,,,,,,,,,,,,,,,,,,,,,,,,,,,,,,,,,,,,,,,,,,,,,,,,,,,,,,,,,,,,14.8975,,,
15:13:06.937,,,,,,,,,,,,,,,,,,,,,,,,,,,,,,,,,,,,,,,,,,,,,38,38,,,,,,,38,,,,,,,,,,,,,,,,,,,,,,,,,,,,,,,,,,,,,,,,,,,,,,,,,,,,,,,,,,,,,,
15:13:07.057,,,,,,,,,,,,,,,,,,,,,,,,,,,,,,,,,,,,,,,,,,,,,,,4,20,26,15.5,9,26,,26.5,26.5,22,,,,,,,,,,,,,,,,,,,,,,,,,,,,,,,,,,,,,,,,,,,,,,,,,,18.70553023361244,,2.84446116461111,2.84446116461111,2.0860495436766624,47.9375,,,0.05678916387856207,
15:13:07.297,,,,,,,,,,,,,,,,,,,,,,,,,,,,,,,,,,,,,,,,,,,,,,,,,,,,,,,,,5.639999999999986,87,20.5,13.809000000000001,740.9000000000001,33.32,13.996,32,,,,,,,,,,,,,,,,,,,,,,,,,,,,,,,,,,,,,,,,,,,,,,,,,,,
15:13:07.447,,,,,,,,,,,,,,,,,,,,,,,,,,,,,,,,,,,,,,,,,,,,,,,,,,,,,,,,,,,,,,,,,-4.6000000000000005,3,,,,,,,,,,,,,,,,,,,,,,,,,,,,,,,,,,,,,,,,,,,,,,,,,
15:13:07.691,,,,,,,,,,,,,,,,,,,,,,,,,,,,,,,,,,,,,,,,,,,,,,,,,,,,,,,,,,,,,,,,,,,,,,,,,,,,,,,,,,,,,,,,,,,,,,,,,,,,,,,32.1773225,13.770548300000002,20,,,,,,,,,,
15:13:07.958,,,,,,,,,,,,,,,,,,,,,,,,,,,,,,,,,,,,,,,,,,,,,,,,,,,,,,,,,,,,,,,,,,,0,0,,,,,27,1,,,0,,,,,,,27,27,,,,,,,,,,,,,,,,,,,,,,,,,,,,,,
15:13:08.137,,,,,,,,,,,,,,,,,,,,,,,,,,,,,,,,,,,,,,,,,,,,,,,,,,,,,,,,,,,,,,,,,,,,,,,,,,,,,,,,,,,,,,,,-50,0,0,0,0,400,0,0,0,0,,,,,,,,,,0,,,,,,0,,
15:13:08.406,,,,,,,,,,,,,,,,,,,,,,,,,,,,,,,,,,,,,,,,,,,,,,,,,,,,,,,,,,,,,,,,,,,,,0,17,123,0,,,0,825.6,,0,0.6000000000000001,9,0,30,0,,,350,825.6,,,,,,,,,,,0,0,62,737.5,4.444,,,,,,,,,,,,,
15:13:08.588,,,,0,,,,20,,,,,,,,,24,22,,,,,,,,24,,,,,0,,,,,,,,,,,,,,,,,,,,,,,,,,,,,,,,,,,,,,,,,,,,,,,,,,,,,,,,,,,,,,,,,,,,,,,,,,,,,,,,,,,,
15:13:08.740,13.3,10.1,737.9,,0,0,28,,22,20,21,21,22,20,20,7.45279,,,1116.2783333333334,4018602,0,0,5.12430555555556,4.09944444444444,3.84322916666667,,1706.7,1665.1,1274.8,1204.1,,1794,0,0,736,2464,3.84,22,3.84,64,0,1116.27833333333,0,62,,,,,,,,,,,,,,,,,,,,,,,,,,,,,,,,,,,,,,,,,,,,,,,,,,,,,,,,,,,,,,,,,,,,10.551969999999999,,,
15:13:08.917,,,,,,,,,,,,,,,,,,,,,,,,,,,,,,,,,,,,,,,,,,,,,38,38,,,,,,,38,,,,,,,,,,,,,,,,,,,,,,,,,,,,,,,,,,,,,,,,,,,,,,,,,,,,,,,,,,,,,,
15:13:09.037,,,,,,,,,,,,,,,,,,,,,,,,,,,,,,,,,,,,,,,,,,,,,,,4,21,26,15.5,9,26,,26.5,26.5,22,,,,,,,,,,,,,,,,,,,,,,,,,,,,,,,,,,,,,,,,,,,,,,,,,,18.717403069954777,,2.8565612507777765,2.8565612507777765,2.9519146520967317,33.87631818181818,,,0.035488445691429796,
15:13:09.278,,,,,,,,,,,,,,,,,,,,,,,,,,,,,,,,,,,,,,,,,,,,,,,,,,,,,,,,,5.6200000000000045,87,20.5,13.809000000000001,741.1,33.15,14.009,31,,,,,,,,,,,,,,,,,,,,,,,,,,,,,,,,,,,,,,,,,,,,,,,,,,,
15:13:09.428,,,,,,,,,,,,,,,,,,,,,,,,,,,,,,,,,,,,,,,,,,,,,,,,,,,,,,,,,,,,,,,,,-3.8000000000000003,3,,,,,,,,,,,,,,,,,,,,,,,,,,,,,,,,,,,,,,,,,,,,,,,,,
15:13:09.670,,,,,,,,,,,,,,,,,,,,,,,,,,,,,,,,,,,,,,,,,,,,,,,,,,,,,,,,,,,,,,,,,,,,,,,,,,,,,,,,,,,,,,,,,,,,,,,,,,,,,,,25.194990000000004,13.770548300000002,20,,,,,,,,,,
15:13:09.938,,,,,,,,,,,,,,,,,,,,,,,,,,,,,,,,,,,,,,,,,,,,,,,,,,,,,,,,,,,,,,,,,,,0,0,,,,,27,1,,,0,,,,,,,27,27,,,,,,,,,,,,,,,,,,,,,,,,,,,,,,
15:13:10.122,,,,,,,,,,,,,,,,,,,,,,,,,,,,,,,,,,,,,,,,,,,,,,,,,,,,,,,,,,,,,,,,,,,,,,,,,,,,,,,,,,,,,,,,-50,0,0,0,0,400,0,0,0,0,,,,,,,,,,0,,,,,,0,,
15:13:10.387,,,,,,,,,,,,,,,,,,,,,,,,,,,,,,,,,,,,,,,,,,,,,,,,,,,,,,,,,,,,,,,,,,,,,0,17,123,0,,,0,825.6,,0,0.6000000000000001,9,0,30,0,,,350,825.6,,,,,,,,,,,0,0,62,738.1,4.444,,,,,,,,,,,,,
15:13:10.568,,,,0,,,,20,,,,,,,,,24,22,,,,,,,,24,,,,,0,,,,,,,,,,,,,,,,,,,,,,,,,,,,,,,,,,,,,,,,,,,,,,,,,,,,,,,,,,,,,,,,,,,,,,,,,,,,,,,,,,,,
15:13:10.718,13.3,7.9,738.1,,0,0,27,,22,20,20,21,22,20,20,5.83099,,,1116.2788888888888,4018604,0,0,5.12569444444444,4.10055555555556,3.84427083333333,,1706.7,1665.1,1274.8,1204.1,,1683,0,0,736,2471,3.84,24,3.84,64,0,1116.27888888889,0,62,,,,,,,,,,,,,,,,,,,,,,,,,,,,,,,,,,,,,,,,,,,,,,,,,,,,,,,,,,,,,,,,,,,,7.45481,,,
15:13:10.898,,,,,,,,,,,,,,,,,,,,,,,,,,,,,,,,,,,,,,,,,,,,,38,38,,,,,,,38,,,,,,,,,,,,,,,,,,,,,,,,,,,,,,,,,,,,,,,,,,,,,,,,,,,,,,,,,,,,,,
15:13:11.017,,,,,,,,,,,,,,,,,,,,,,,,,,,,,,,,,,,,,,,,,,,,,,,4,21,26,15.5,9,26,,26.5,26.5,21,,,,,,,,,,,,,,,,,,,,,,,,,,,,,,,,,,,,,,,,,,,,,,,,,,18.72559649739044,,2.868106862944443,2.868106862944443,3.6014467526097627,27.76661904761905,,,,
15:13:11.258,,,,,,,,,,,,,,,,,,,,,,,,,,,,,,,,,,,,,,,,,,,,,,,,,,,,,,,,,5.600000000000023,87,20.5,13.807,741.2,33.2,14,31,,,,,,,,,,,,,,,,,,,,,,,,,,,,,,,,,,,,,,,,,,,,,,,,,,,
15:13:11.404,,,,,,,,,,,,,,,,,,,,,,,,,,,,,,,,,,,,,,,,,,,,,,,,,,,,,,,,,,,,,,,,,-3.4000000000000004,3,,,,,,,,,,,,,,,,,,,,,,,,,,,,,,,,,,,,,,,,,,,,,,,,,
15:13:11.649,,,,,,,,,,,,,,,,,,,,,,,,,,,,,,,,,,,,,,,,,,,,,,,,,,,,,,,,,,,,,,,,,,,,,,,,,,,,,,,,,,,,,,,,,,,,,,,,,,,,,,,25.5367825,13.770548300000002,20.984375,,,,,,,,,,
15:13:11.919,,,,,,,,,,,,,,,,,,,,,,,,,,,,,,,,,,,,,,,,,,,,,,,,,,,,,,,,,,,,,,,,,,,0,0,,,,,27,1,,,0,,,,,,,27,27,,,,,,,,,,,,,,,,,,,,,,,,,,,,,,
15:13:12.104,,,,,,,,,,,,,,,,,,,,,,,,,,,,,,,,,,,,,,,,,,,,,,,,,,,,,,,,,,,,,,,,,,,,,,,,,,,,,,,,,,,,,,,,-50,0,0,0,0,400,0,0,0,0,,,,,,,,,,0,,,,,,0,,
15:13:12.367,,,,,,,,,,,,,,,,,,,,,,,,,,,,,,,,,,,,,,,,,,,,,,,,,,,,,,,,,,,,,,,,,,,,,0,17,123,0,,,0,825.6,,0,0.6000000000000001,9,0,30,0,,,350,825.6,,,,,,,,,,,0,0,62,738.2,4.444,,,,,,,,,,,,,
15:13:12.550,,,,0,,,,20,,,,,,,,,24,22,,,,,,,,24,,,,,0,,,,,,,,,,,,,,,,,,,,,,,,,,,,,,,,,,,,,,,,,,,,,,,,,,,,,,,,,,,,,,,,,,,,,,,,,,,,,,,,,,,,
15:13:12.701,13.3,2.2,738.6,,0,0,27,,22,20,21,21,22,20,20,1.62492,,,1116.2794444444444,4018606,0,0,5.12916666666667,4.10333333333333,3.846875,,1706.7,1665.1,1274.8,1204.1,,1570,0,0,736,2471,3.84,24,3.84,64,0,1116.27944444444,0,62,,,,,,,,,,,,,,,,,,,,,,,,,,,,,,,,,,,,,,,,,,,,,,,,,,,,,,,,,,,,,,,,,,,,1.6249200000000001,,,
15:13:12.882,,,,,,,,,,,,,,,,,,,,,,,,,,,,,,,,,,,,,,,,,,,,,38,38,,,,,,,38,,,,,,,,,,,,,,,,,,,,,,,,,,,,,,,,,,,,,,,,,,,,,,,,,,,,,,,,,,,,,,
15:13:12.998,,,,,,,,,,,,,,,,,,,,,,,,,,,,,,,,,,,,,,,,,,,,,,,4.5,21,26,15.5,9,26,,26.5,26.5,19,,,,,,,,,,,,,,,,,,,,,,,,,,,,,,,,,,,,,,,,,,,,,,,,,,18.7265809926453,,2.8785863166388874,2.8785863166388874,11.692883341949143,8.55221052631579,,,-0.0035767812113108297,
15:13:13.238,,,,,,,,,,,,,,,,,,,,,,,,,,,,,,,,,,,,,,,,,,,,,,,,,,,,,,,,,5.579999999999984,87,20.5,13.807,741.9000000000001,33.53,14.01,31,,,,,,,,,,,,,,,,,,,,,,,,,,,,,,,,,,,,,,,,,,,,,,,,,,,
15:13:13.385,,,,,,,,,,,,,,,,,,,,,,,,,,,,,,,,,,,,,,,,,,,,,,,,,,,,,,,,,,,,,,,,,-25.700000000000003,3,,,,,,,,,,,,,,,,,,,,,,,,,,,,,,,,,,,,,,,,,,,,,,,,,
15:13:13.631,,,,,,,,,,,,,,,,,,,,,,,,,,,,,,,,,,,,,,,,,,,,,,,,,,,,,,,,,,,,,,,,,,,,,,,,,,,,,,,,,,,,,,,,,,,,,,,,,,,,,,,12.9392875,13.7695717,16,,,,,,,,,,
15:13:13.901,,,,,,,,,,,,,,,,,,,,,,,,,,,,,,,,,,,,,,,,,,,,,,,,,,,,,,,,,,,,,,,,,,,0,0,,,,,27,1,,,0,,,,,,,27,27,,,,,,,,,,,,,,,,,,,,,,,,,,,,,,
15:13:14.080,,,,,,,,,,,,,,,,,,,,,,,,,,,,,,,,,,,,,,,,,,,,,,,,,,,,,,,,,,,,,,,,,,,,,,,,,,,,,,,,,,,,,,,,-50,0,0,0,0,400,0,0,0,0,,,,,,,,,,0,,,,,,0,,
15:13:14.352,,,,,,,,,,,,,,,,,,,,,,,,,,,,,,,,,,,,,,,,,,,,,,,,,,,,,,,,,,,,,,,,,,,,,0,17,123,0,,,0,825.6,,0,0.6000000000000001,9,0,30,0,,,350,825.6,,,,,,,,,,,0,0,62,738.8000000000001,4.444,,,,,,,,,,,,,
15:13:14.529,,,,0,,,,20,,,,,,,,,24,22,,,,,,,,24,,,,,0,,,,,,,,,,,,,,,,,,,,,,,,,,,,,,,,,,,,,,,,,,,,,,,,,,,,,,,,,,,,,,,,,,,,,,,,,,,,,,,,,,,,
15:13:14.673,13.3,1.7,738.7,,0,0,27,,22,20,21,21,22,20,20,1.25579,,,1116.28,4018608,0,0,5.12986111111111,4.10388888888889,3.84739583333333,,1706.7,1665.1,1274.8,1204.1,,1264,0,0,737,2471,3.84,24,3.84,64,0,1116.28,0,62,,,,,,,,,,,,,,,,,,,,,,,,,,,,,,,,,,,,,,,,,,,,,,,,,,,,,,,,,,,,,,,,,,,,1.6251400000000003,,,
15:13:14.857,,,,,,,,,,,,,,,,,,,,,,,,,,,,,,,,,,,,,,,,,,,,,38,38,,,,,,,38,,,,,,,,,,,,,,,,,,,,,,,,,,,,,,,,,,,,,,,,,,,,,,,,,,,,,,,,,,,,,,
15:13:15.003,,,,,,,,,,,,,,,,,,,,,,,,,,,,,,,,,,,,,,,,,,,,,,,4.5,21,25.5,15.5,9,25.5,,26.5,26.5,15,,,,,,,,,,,,,,,,,,,,,,,,,,,,,,,,,,,,,,,,,,,,,,,,,,18.713156938298926,,2.8869222445555542,2.8869222445555542,11.944672278008266,8.371933333333333,,,-0.02495522636298881,
15:13:15.242,,,,,,,,,,,,,,,,,,,,,,,,,,,,,,,,,,,,,,,,,,,,,,,,,,,,,,,,,5.53000000000003,87,20.5,13.788,741.9000000000001,35.98,14.001,32,,,,,,,,,,,,,,,,,,,,,,,,,,,,,,,,,,,,,,,,,,,,,,,,,,,
15:13:15.396,,,,,,,,,,,,,,,,,,,,,,,,,,,,,,,,,,,,,,,,,,,,,,,,,,,,,,,,,,,,,,,,,-96.30000000000001,3,,,,,,,,,,,,,,,,,,,,,,,,,,,,,,,,,,,,,,,,,,,,,,,,,
15:13:15.663,,,,,,,,,,,,,,,,,,,,,,,,,,,,,,,,,,,,,,,,,,,,,,,,,,,,,,,,,,,,,,,,,,,,,,,,,,,,,,,,,,,,,,,,,,,,,,,,,,,,,,,9.277225000000001,13.760294,12,,,,,,,,,,
15:13:15.940,,,,,,,,,,,,,,,,,,,,,,,,,,,,,,,,,,,,,,,,,,,,,,,,,,,,,,,,,,,,,,,,,,,0,0,,,,,27,1,,,0,,,,,,,27,27,,,,,,,,,,,,,,,,,,,,,,,,,,,,,,
15:13:16.121,,,,,,,,,,,,,,,,,,,,,,,,,,,,,,,,,,,,,,,,,,,,,,,,,,,,,,,,,,,,,,,,,,,,,,,,,,,,,,,,,,,,,,,,-50,0,0,0,0,400,0,0,0,0,,,,,,,,,,0,,,,,,0,,
15:13:16.386,,,,,,,,,,,,,,,,,,,,,,,,,,,,,,,,,,,,,,,,,,,,,,,,,,,,,,,,,,,,,,,,,,,,,0,17,123,0,,,0,825.6,,0,0.6000000000000001,9,0,30,0,,,350,825.6,,,,,,,,,,,0,0,62,738.7,4.444,,,,,,,,,,,,,
15:13:16.566,,,,0,,,,20,,,,,,,,,25,22,,,,,,,,25,,,,,0,,,,,,,,,,,,,,,,,,,,,,,,,,,,,,,,,,,,,,,,,,,,,,,,,,,,,,,,,,,,,,,,,,,,,,,,,,,,,,,,,,,,
15:13:16.719,13.3,2.5,738.7,,0,0,27,,22,20,20,21,22,20,20,1.84675,,,1116.2805555555556,4018610,0,0,5.12986111111111,4.10388888888889,3.84739583333333,,1706.7,1665.1,1274.8,1204.1,,1153,0,0,737,2471,3.84,24,3.84,85,0,1116.28055555556,0,62,,,,,,,,,,,,,,,,,,,,,,,,,,,,,,,,,,,,,,,,,,,,,,,,,,,,,,,,,,,,,,,,,,,,1.84675,,,
15:13:16.897,,,,,,,,,,,,,,,,,,,,,,,,,,,,,,,,,,,,,,,,,,,,,38,38,,,,,,,38,,,,,,,,,,,,,,,,,,,,,,,,,,,,,,,,,,,,,,,,,,,,,,,,,,,,,,,,,,,,,,
15:13:17.014,,,,,,,,,,,,,,,,,,,,,,,,,,,,,,,,,,,,,,,,,,,,,,,4.5,21,25.5,15.5,9,25.5,,26.5,26.5,14,,,,,,,,,,,,,,,,,,,,,,,,,,,,,,,,,,,,,,,,,,,,,,,,,,18.696148440393113,,2.8947446107777766,2.8947446107777766,7.580885339109247,13.191071428571426,,,-0.02840723550168826,
15:13:17.255,,,,,,,,,,,,,,,,,,,,,,,,,,,,,,,,,,,,,,,,,,,,,,,,,,,,,,,,,5.449999999999989,87,20.5,13.798,741.9000000000001,35.1,14.01,31,,,,,,,,,,,,,,,,,,,,,,,,,,,,,,,,,,,,,,,,,,,,,,,,,,,
15:13:17.406,,,,,,,,,,,,,,,,,,,,,,,,,,,,,,,,,,,,,,,,,,,,,,,,,,,,,,,,,,,,,,,,,-109.80000000000001,3,,,,,,,,,,,,,,,,,,,,,,,,,,,,,,,,,,,,,,,,,,,,,,,,,
15:13:17.648,,,,,,,,,,,,,,,,,,,,,,,,,,,,,,,,,,,,,,,,,,,,,,,,,,,,,,,,,,,,,,,,,,,,,,,,,,,,,,,,,,,,,,,,,,,,,,,,,,,,,,,15.0876975,13.760294,12,,,,,,,,,,
15:13:17.914,,,,,,,,,,,,,,,,,,,,,,,,,,,,,,,,,,,,,,,,,,,,,,,,,,,,,,,,,,,,,,,,,,,0,0,,,,,27,1,,,0,,,,,,,27,27,,,,,,,,,,,,,,,,,,,,,,,,,,,,,,
15:13:18.095,,,,,,,,,,,,,,,,,,,,,,,,,,,,,,,,,,,,,,,,,,,,,,,,,,,,,,,,,,,,,,,,,,,,,,,,,,,,,,,,,,,,,,,,-50,0,0,0,0,400,0,0,0,0,,,,,,,,,,0,,,,,,0,,
15:13:18.371,,,,,,,,,,,,,,,,,,,,,,,,,,,,,,,,,,,,,,,,,,,,,,,,,,,,,,,,,,,,,,,,,,,,,0,17,123,0,,,0,825.6,,0,0.6000000000000001,9,0,30,0,,,350,825.6,,,,,,,,,,,0,0,62,738.4000000000001,4.443,,,,,,,,,,,,,
15:13:18.550,,,,0,,,,20,,,,,,,,,25,22,,,,,,,,25,,,,,0,,,,,,,,,,,,,,,,,,,,,,,,,,,,,,,,,,,,,,,,,,,,,,,,,,,,,,,,,,,,,,,,,,,,,,,,,,,,,,,,,,,,
15:13:18.700,13.3,10.2,737.9,,0,0,27,,22,20,21,21,22,20,20,7.52658,,,1116.2811111111112,4018612,0,0,5.12430555555556,4.09944444444444,3.84322916666667,,1706.7,1665.1,1274.8,1204.1,,1226,0,0,736,2456,3.84,24,3.84,64,0,1116.28111111111,0,62,,,,,,,,,,,,,,,,,,,,,,,,,,,,,,,,,,,,,,,,,,,,,,,,,,,,,,,,,,,,,,,,,,,,7.526579999999999,,,
15:13:18.882,,,,,,,,,,,,,,,,,,,,,,,,,,,,,,,,,,,,,,,,,,,,,38,38,,,,,,,38,,,,,,,,,,,,,,,,,,,,,,,,,,,,,,,,,,,,,,,,,,,,,,,,,,,,,,,,,,,,,,
15:13:19.002,,,,,,,,,,,,,,,,,,,,,,,,,,,,,,,,,,,,,,,,,,,,,,,4.5,21,25.5,15.5,9,25.5,,26.5,26.5,16,,,,,,,,,,,,,,,,,,,,,,,,,,,,,,,,,,,,,,,,,,,,,,,,,,18.686568263296824,,2.9035784685555543,2.9035784685555543,2.1257994999056677,47.041125,,,,
15:13:19.239,,,,,,,,,,,,,,,,,,,,,,,,,,,,,,,,,,,,,,,,,,,,,,,,,,,,,,,,,5.650000000000034,87,20.5,13.812999999999999,740.9000000000001,33.23,13.994,31,,,,,,,,,,,,,,,,,,,,,,,,,,,,,,,,,,,,,,,,,,,,,,,,,,,
15:13:19.386,,,,,,,,,,,,,,,,,,,,,,,,,,,,,,,,,,,,,,,,,,,,,,,,,,,,,,,,,,,,,,,,,-20,3,,,,,,,,,,,,,,,,,,,,,,,,,,,,,,,,,,,,,,,,,,,,,,,,,
15:13:19.631,,,,,,,,,,,,,,,,,,,,,,,,,,,,,,,,,,,,,,,,,,,,,,,,,,,,,,,,,,,,,,,,,,,,,,,,,,,,,,,,,,,,,,,,,,,,,,,,,,,,,,,28.3687775,13.770548300000002,17.09375,,,,,,,,,,
15:13:19.927,,,,,,,,,,,,,,,,,,,,,,,,,,,,,,,,,,,,,,,,,,,,,,,,,,,,,,,,,,,,,,,,,,,0,0,,,,,27,1,,,0,,,,,,,27,26,,,,,,,,,,,,,,,,,,,,,,,,,,,,,,
15:13:20.109,,,,,,,,,,,,,,,,,,,,,,,,,,,,,,,,,,,,,,,,,,,,,,,,,,,,,,,,,,,,,,,,,,,,,,,,,,,,,,,,,,,,,,,,-50,0,0,0,0,400,0,0,0,0,,,,,,,,,,0,,,,,,0,,
15:13:20.374,,,,,,,,,,,,,,,,,,,,,,,,,,,,,,,,,,,,,,,,,,,,,,,,,,,,,,,,,,,,,,,,,,,,,0,17,123,0,,,0,825.6,,0,0.6000000000000001,9,0,30,0,,,350,825.6,,,,,,,,,,,0,0,62,737.3000000000001,4.442,,,,,,,,,,,,,
15:13:20.558,,,,0,,,,20,,,,,,,,,25,22,,,,,,,,25,,,,,0,,,,,,,,,,,,,,,,,,,,,,,,,,,,,,,,,,,,,,,,,,,,,,,,,,,,,,,,,,,,,,,,,,,,,,,,,,,,,,,,,,,,
15:13:20.712,13.3,16.6,737.2,,0,0,27,,22,20,21,21,22,20,20,12.23752,,,1116.2816666666668,4018614,0,0,5.11944444444444,4.09555555555556,3.83958333333333,,1706.7,1665.1,1274.8,1204.1,,1597,0,0,735,2456,3.84,24,3.82,64,0,1116.28166666667,0,62,,,,,,,,,,,,,,,,,,,,,,,,,,,,,,,,,,,,,,,,,,,,,,,,,,,,,,,,,,,,,,,,,,,,7.5194399999999995,,,
15:13:20.887,,,,,,,,,,,,,,,,,,,,,,,,,,,,,,,,,,,,,,,,,,,,,38,38,,,,,,,38,,,,,,,,,,,,,,,,,,,,,,,,,,,,,,,,,,,,,,,,,,,,,,,,,,,,,,,,,,,,,,
15:13:21.012,,,,,,,,,,,,,,,,,,,,,,,,,,,,,,,,,,,,,,,,,,,,,,,4.5,21,25.5,15.5,9,25.5,,26.5,26.5,21,,,,,,,,,,,,,,,,,,,,,,,,,,,,,,,,,,,,,,,,,,,,,,,,,,18.694851124545323,,2.9153032253055544,2.9153032253055544,1.7160339676666514,58.27390476190476,,,,
15:13:21.276,,,,,,,,,,,,,,,,,,,,,,,,,,,,,,,,,,,,,,,,,,,,,,,,,,,,,,,,,5.550000000000011,87,20.5,13.808,740.3000000000001,33.07,13.998,32,,,,,,,,,,,,,,,,,,,,,,,,,,,,,,,,,,,,,,,,,,,,,,,,,,,
15:13:21.456,,,,,,,,,,,,,,,,,,,,,,,,,,,,,,,,,,,,,,,,,,,,,,,,,,,,,,,,,,,,,,,,,1.8,3,,,,,,,,,,,,,,,,,,,,,,,,,,,,,,,,,,,,,,,,,,,,,,,,,
15:13:21.693,,,,,,,,,,,,,,,,,,,,,,,,,,,,,,,,,,,,,,,,,,,,,,,,,,,,,,,,,,,,,,,,,,,,,,,,,,,,,,,,,,,,,,,,,,,,,,,,,,,,,,,32.8609075,13.770548300000002,20,,,,,,,,,,
15:13:21.968,,,,,,,,,,,,,,,,,,,,,,,,,,,,,,,,,,,,,,,,,,,,,,,,,,,,,,,,,,,,,,,,,,,0,0,,,,,27,1,,,0,,,,,,,27,27,,,,,,,,,,,,,,,,,,,,,,,,,,,,,,
15:13:22.152,,,,,,,,,,,,,,,,,,,,,,,,,,,,,,,,,,,,,,,,,,,,,,,,,,,,,,,,,,,,,,,,,,,,,,,,,,,,,,,,,,,,,,,,-50,0,0,0,0,400,0,0,0,0,,,,,,,,,,0,,,,,,0,,
15:13:22.413,,,,,,,,,,,,,,,,,,,,,,,,,,,,,,,,,,,,,,,,,,,,,,,,,,,,,,,,,,,,,,,,,,,,,0,17,123,0,,,0,825.6,,0,0.6000000000000001,9,0,30,0,,,350,825.6,,,,,,,,,,,0,0,62,737.5,4.444,,,,,,,,,,,,,
15:13:22.627,,,,0,,,,20,,,,,,,,,25,22,,,,,,,,25,,,,,0,,,,,,,,,,,,,,,,,,,,,,,,,,,,,,,,,,,,,,,,,,,,,,,,,,,,,,,,,,,,,,,,,,,,,,,,,,,,,,,,,,,,
15:13:22.778,13.3,11.4,737.6,,0,0,27,,22,20,21,21,22,20,20,8.40864,,,1116.2822222222221,4018616,0,0,5.12222222222222,4.09777777777778,3.84166666666667,,1706.7,1665.1,1274.8,1204.1,,1924,0,0,735,2456,3.84,22,3.82,85,0,1116.28222222222,0,62,,,,,,,,,,,,,,,,,,,,,,,,,,,,,,,,,,,,,,,,,,,,,,,,,,,,,,,,,,,,,,,,,,,,12.24416,,,
15:13:22.957,,,,,,,,,,,,,,,,,,,,,,,,,,,,,,,,,,,,,,,,,,,,,38,38,,,,,,,38,,,,,,,,,,,,,,,,,,,,,,,,,,,,,,,,,,,,,,,,,,,,,,,,,,,,,,,,,,,,,,
15:13:23.076,,,,,,,,,,,,,,,,,,,,,,,,,,,,,,,,,,,,,,,,,,,,,,,4.5,20,25.5,15.5,9,25.5,,26.5,26.5,24,,,,,,,,,,,,,,,,,,,,,,,,,,,,,,,,,,,,,,,,,,,,,,,,,,18.71428260004563,,2.9290618406388877,2.9290618406388877,2.854207101267268,35.036,,,,
15:13:23.316,,,,,,,,,,,,,,,,,,,,,,,,,,,,,,,,,,,,,,,,,,,,,,,,,,,,,,,,,5.550000000000011,87,20.5,13.809000000000001,740.9000000000001,33.45,14.003,31,,,,,,,,,,,,,,,,,,,,,,,,,,,,,,,,,,,,,,,,,,,,,,,,,,,
15:13:23.466,,,,,,,,,,,,,,,,,,,,,,,,,,,,,,,,,,,,,,,,,,,,,,,,,,,,,,,,,,,,,,,,,1.7000000000000002,3,,,,,,,,,,,,,,,,,,,,,,,,,,,,,,,,,,,,,,,,,,,,,,,,,
15:13:23.710,,,,,,,,,,,,,,,,,,,,,,,,,,,,,,,,,,,,,,,,,,,,,,,,,,,,,,,,,,,,,,,,,,,,,,,,,,,,,,,,,,,,,,,,,,,,,,,,,,,,,,,25.5367825,13.770548300000002,25.09375,,,,,,,,,,
15:13:23.977,,,,,,,,,,,,,,,,,,,,,,,,,,,,,,,,,,,,,,,,,,,,,,,,,,,,,,,,,,,,,,,,,,,0,0,,,,,27,1,,,0,,,,,,,27,27,,,,,,,,,,,,,,,,,,,,,,,,,,,,,,
15:13:24.154,,,,,,,,,,,,,,,,,,,,,,,,,,,,,,,,,,,,,,,,,,,,,,,,,,,,,,,,,,,,,,,,,,,,,,,,,,,,,,,,,,,,,,,,-50,0,0,0,0,400,0,0,0,0,,,,,,,,,,0,,,,,,0,,
15:13:24.423,,,,,,,,,,,,,,,,,,,,,,,,,,,,,,,,,,,,,,,,,,,,,,,,,,,,,,,,,,,,,,,,,,,,,0,17,123,0,,,0,825.6,,0,0.6000000000000001,9,0,30,0,,,350,825.6,,,,,,,,,,,0,0,62,738.2,4.443,,,,,,,,,,,,,
15:13:24.607,,,,0,,,,20,,,,,,,,,25,22,,,,,,,,25,,,,,0,,,,,,,,,,,,,,,,,,,,,,,,,,,,,,,,,,,,,,,,,,,,,,,,,,,,,,,,,,,,,,,,,,,,,,,,,,,,,,,,,,,,
15:13:24.758,13.3,4.2,738.3,,0,0,27,,22,20,21,21,22,20,20,3.10086,,,1116.2827777777777,4018618,0,0,5.12708333333333,4.10166666666667,3.8453125,,1706.7,1665.1,1274.8,1204.1,,2037,0,0,736,2456,3.84,24,3.84,2,0,1116.28277777778,0,62,,,,,,,,,,,,,,,,,,,,,,,,,,,,,,,,,,,,,,,,,,,,,,,,,,,,,,,,,,,,,,,,,,,,8.416619999999998,,,
15:13:24.942,,,,,,,,,,,,,,,,,,,,,,,,,,,,,,,,,,,,,,,,,,,,,38,38,,,,,,,38,,,,,,,,,,,,,,,,,,,,,,,,,,,,,,,,,,,,,,,,,,,,,,,,,,,,,,,,,,,,,,
15:13:25.058,,,,,,,,,,,,,,,,,,,,,,,,,,,,,,,,,,,,,,,,,,,,,,,4.5,20,25.5,15.5,9,25.5,,26.5,26.5,26,,,,,,,,,,,,,,,,,,,,,,,,,,,,,,,,,,,,,,,,,,,,,,,,,,18.739831716276782,,2.9433823481388877,2.9433823481388877,8.384770676521997,11.926384615384615,,,0.042255488825015126,
15:13:25.296,,,,,,,,,,,,,,,,,,,,,,,,,,,,,,,,,,,,,,,,,,,,,,,,,,,,,,,,,5.590000000000032,87,20.5,13.808,741.7,32.95,13.998,31,,,,,,,,,,,,,,,,,,,,,,,,,,,,,,,,,,,,,,,,,,,,,,,,,,,
15:13:25.446,,,,,,,,,,,,,,,,,,,,,,,,,,,,,,,,,,,,,,,,,,,,,,,,,,,,,,,,,,,,,,,,,-2.6,3,,,,,,,,,,,,,,,,,,,,,,,,,,,,,,,,,,,,,,,,,,,,,,,,,
15:13:25.688,,,,,,,,,,,,,,,,,,,,,,,,,,,,,,,,,,,,,,,,,,,,,,,,,,,,,,,,,,,,,,,,,,,,,,,,,,,,,,,,,,,,,,,,,,,,,,,,,,,,,,,22.558305,13.760294,25.765625,,,,,,,,,,
15:13:25.953,,,,,,,,,,,,,,,,,,,,,,,,,,,,,,,,,,,,,,,,,,,,,,,,,,,,,,,,,,,,,,,,,,,0,0,,,,,27,1,,,0,,,,,,,27,27,,,,,,,,,,,,,,,,,,,,,,,,,,,,,,
15:13:26.145,,,,,,,,,,,,,,,,,,,,,,,,,,,,,,,,,,,,,,,,,,,,,,,,,,,,,,,,,,,,,,,,,,,,,,,,,,,,,,,,,,,,,,,,-50,0,0,0,0,400,0,0,0,0,,,,,,,,,,0,,,,,,0,,
15:13:26.404,,,,,,,,,,,,,,,,,,,,,,,,,,,,,,,,,,,,,,,,,,,,,,,,,,,,,,,,,,,,,,,,,,,,,0,17,123,0,,,0,825.6,,0,0.6000000000000001,9,0,30,0,,,350,825.6,,,,,,,,,,,0,0,62,739.1,4.444,,,,,,,,,,,,,
15:13:26.591,,,,0,,,,20,,,,,,,,,25,22,,,,,,,,25,,,,,0,,,,,,,,,,,,,,,,,,,,,,,,,,,,,,,,,,,,,,,,,,,,,,,,,,,,,,,,,,,,,,,,,,,,,,,,,,,,,,,,,,,,
15:13:26.737,13.3,-6.4,739.4,,0,0,27,,22,20,21,21,22,20,20,-4.73216,,,1116.2833333333333,4018620,0,0,5.13472222222222,4.10777777777778,3.85104166666667,,1706.7,1665.1,1274.8,1204.1,,1900,0,0,737,2456,3.84,24,3.84,64,0,1116.28333333333,0,62,,,,,,,,,,,,,,,,,,,,,,,,,,,,,,,,,,,,,,,,,,,,,,,,,,,,,,,,,,,,,,,,,,,,-4.7321599999999995,,,
15:13:26.916,,,,,,,,,,,,,,,,,,,,,,,,,,,,,,,,,,,,,,,,,,,,,38,38,,,,,,,38,,,,,,,,,,,,,,,,,,,,,,,,,,,,,,,,,,,,,,,,,,,,,,,,,,,,,,,,,,,,,,
15:13:27.071,,,,,,,,,,,,,,,,,,,,,,,,,,,,,,,,,,,,,,,,,,,,,,,4.5,20,25.5,15.5,9,25.5,,26.5,26.5,23,,,,,,,,,,,,,,,,,,,,,,,,,,,,,,,,,,,,,,,,,,,,,,,,,,18.7549422090364,,2.956241158749999,2.956241158749999,-4.860359751149581,-20.574608695652174,,,,
15:13:27.306,,,,,,,,,,,,,,,,,,,,,,,,,,,,,,,,,,,,,,,,,,,,,,,,,,,,,,,,,5.389999999999986,87,20.5,13.791,742,33.34,14.007,31,,,,,,,,,,,,,,,,,,,,,,,,,,,,,,,,,,,,,,,,,,,,,,,,,,,
15:13:27.455,,,,,,,,,,,,,,,,,,,,,,,,,,,,,,,,,,,,,,,,,,,,,,,,,,,,,,,,,,,,,,,,,12.3,3,,,,,,,,,,,,,,,,,,,,,,,,,,,,,,,,,,,,,,,,,,,,,,,,,
15:13:27.697,,,,,,,,,,,,,,,,,,,,,,,,,,,,,,,,,,,,,,,,,,,,,,,,,,,,,,,,,,,,,,,,,,,,,,,,,,,,,,,,,,,,,,,,,,,,,,,,,,,,,,,15.5759725,13.770548300000002,20,,,,,,,,,,
15:13:27.967,,,,,,,,,,,,,,,,,,,,,,,,,,,,,,,,,,,,,,,,,,,,,,,,,,,,,,,,,,,,,,,,,,,0,0,,,,,27,1,,,0,,,,,,,27,27,,,,,,,,,,,,,,,,,,,,,,,,,,,,,,
15:13:28.150,,,,,,,,,,,,,,,,,,,,,,,,,,,,,,,,,,,,,,,,,,,,,,,,,,,,,,,,,,,,,,,,,,,,,,,,,,,,,,,,,,,,,,,,-50,0,0,0,0,400,0,0,0,0,,,,,,,,,,0,,,,,,0,,
15:13:28.416,,,,,,,,,,,,,,,,,,,,,,,,,,,,,,,,,,,,,,,,,,,,,,,,,,,,,,,,,,,,,,,,,,,,,0,17,123,0,,,0,825.6,,0,0.6000000000000001,9,0,30,0,,,350,825.6,,,,,,,,,,,0,0,62,739.4000000000001,4.444,,,,,,,,,,,,,
15:13:28.628,,,,0,,,,20,,,,,,,,,25,22,,,,,,,,25,,,,,0,,,,,,,,,,,,,,,,,,,,,,,,,,,,,,,,,,,,,,,,,,,,,,,,,,,,,,,,,,,,,,,,,,,,,,,,,,,,,,,,,,,,
15:13:28.777,13.3,-12.1,740.1,,0,0,27,,22,20,21,21,22,20,20,-8.95521,,,1116.283888888889,4018622,0,0,5.13958333333333,4.11166666666667,3.8546875,,1706.7,1665.1,1274.8,1204.1,,1547,0,0,738,2455,3.84,22,3.84,61,0,1116.28388888889,0,62,,,,,,,,,,,,,,,,,,,,,,,,,,,,,,,,,,,,,,,,,,,,,,,,,,,,,,,,,,,,,,,,,,,,-8.95521,,,
15:13:28.956,,,,,,,,,,,,,,,,,,,,,,,,,,,,,,,,,,,,,,,,,,,,,38,38,,,,,,,38,,,,,,,,,,,,,,,,,,,,,,,,,,,,,,,,,,,,,,,,,,,,,,,,,,,,,,,,,,,,,,
15:13:29.077,,,,,,,,,,,,,,,,,,,,,,,,,,,,,,,,,,,,,,,,,,,,,,,4.5,20,25.5,15.5,9,25.5,,26.5,26.5,18,,,,,,,,,,,,,,,,,,,,,,,,,,,,,,,,,,,,,,,,,,,,,,,,,,18.752283121561526,,2.966269324249999,2.966269324249999,-2.010003115504829,-49.75116666666667,,,,
15:13:29.316,,,,,,,,,,,,,,,,,,,,,,,,,,,,,,,,,,,,,,,,,,,,,,,,,,,,,,,,,5.310000000000002,87,20.5,13.783000000000001,743.7,38.09,14.017,31,,,,,,,,,,,,,,,,,,,,,,,,,,,,,,,,,,,,,,,,,,,,,,,,,,,
15:13:29.466,,,,,,,,,,,,,,,,,,,,,,,,,,,,,,,,,,,,,,,,,,,,,,,,,,,,,,,,,,,,,,,,,-22.8,3,,,,,,,,,,,,,,,,,,,,,,,,,,,,,,,,,,,,,,,,,,,,,,,,,
15:13:29.708,,,,,,,,,,,,,,,,,,,,,,,,,,,,,,,,,,,,,,,,,,,,,,,,,,,,,,,,,,,,,,,,,,,,,,,,,,,,,,,,,,,,,,,,,,,,,,,,,,,,,,,0,13.7314843,17.265625,,,,,,,,,,
15:13:29.976,,,,,,,,,,,,,,,,,,,,,,,,,,,,,,,,,,,,,,,,,,,,,,,,,,,,,,,,,,,,,,,,,,,0,0,,,,,27,1,,,0,,,,,,,27,27,,,,,,,,,,,,,,,,,,,,,,,,,,,,,,
15:13:30.154,,,,,,,,,,,,,,,,,,,,,,,,,,,,,,,,,,,,,,,,,,,,,,,,,,,,,,,,,,,,,,,,,,,,,,,,,,,,,,,,,,,,,,,,-50,0,0,0,0,400,0,0,0,0,,,,,,,,,,0,,,,,,0,,
15:13:30.428,,,,,,,,,,,,,,,,,,,,,,,,,,,,,,,,,,,,,,,,,,,,,,,,,,,,,,,,,,,,,,,,,,,,,0,17,123,0,,,0,825.6,,0,0.6000000000000001,9,0,30,0,,,350,825.6,,,,,,,,,,,0,0,62,739.6,4.443,,,,,,,,,,,,,
15:13:30.606,,,,0,,,,20,,,,,,,,,25,22,,,,,,,,25,,,,,0,,,,,,,,,,,,,,,,,,,,,,,,,,,,,,,,,,,,,,,,,,,,,,,,,,,,,,,,,,,,,,,,,,,,,,,,,,,,,,,,,,,,
15:13:30.757,13.3,-4,739.5,,0,0,27,,22,20,21,21,22,20,20,-2.958,,,1116.2844444444445,4018624,0,0,5.13541666666667,4.10833333333333,3.8515625,,1706.7,1665.1,1274.8,1204.1,,1163,0,0,737,2455,3.84,22,3.84,40,0,1116.28444444444,0,62,,,,,,,,,,,,,,,,,,,,,,,,,,,,,,,,,,,,,,,,,,,,,,,,,,,,,,,,,,,,,,,,,,,,-8.947949999999999,,,
15:13:30.936,,,,,,,,,,,,,,,,,,,,,,,,,,,,,,,,,,,,,,,,,,,,,38,38,,,,,,,38,,,,,,,,,,,,,,,,,,,,,,,,,,,,,,,,,,,,,,,,,,,,,,,,,,,,,,,,,,,,,,
15:13:31.056,,,,,,,,,,,,,,,,,,,,,,,,,,,,,,,,,,,,,,,,,,,,,,,4.5,20,25.5,15.5,9,25.5,,26.5,26.5,14,,,,,,,,,,,,,,,,,,,,,,,,,,,,,,,,,,,,,,,,,,,,,,,,,,18.735820084161354,,2.9739677823055546,2.9739677823055546,-4.732927653820148,-21.12857142857143,,,-0.035492457581734395,
15:13:31.325,,,,,,,,,,,,,,,,,,,,,,,,,,,,,,,,,,,,,,,,,,,,,,,,,,,,,,,,,5.2099999999999795,87,20.5,13.751000000000001,742,42.16,14.01,32,,,,,,,,,,,,,,,,,,,,,,,,,,,,,,,,,,,,,,,,,,,,,,,,,,,
15:13:31.505,,,,,,,,,,,,,,,,,,,,,,,,,,,,,,,,,,,,,,,,,,,,,,,,,,,,,,,,,,,,,,,,,-46.1,3,,,,,,,,,,,,,,,,,,,,,,,,,,,,,,,,,,,,,,,,,,,,,,,,,
15:13:31.748,,,,,,,,,,,,,,,,,,,,,,,,,,,,,,,,,,,,,,,,,,,,,,,,,,,,,,,,,,,,,,,,,,,,,,,,,,,,,,,,,,,,,,,,,,,,,,,,,,,,,,,0,13.740762,13.328125,,,,,,,,,,
15:13:32.018,,,,,,,,,,,,,,,,,,,,,,,,,,,,,,,,,,,,,,,,,,,,,,,,,,,,,,,,,,,,,,,,,,,0,0,,,,,27,1,,,0,,,,,,,27,27,,,,,,,,,,,,,,,,,,,,,,,,,,,,,,
15:13:32.202,,,,,,,,,,,,,,,,,,,,,,,,,,,,,,,,,,,,,,,,,,,,,,,,,,,,,,,,,,,,,,,,,,,,,,,,,,,,,,,,,,,,,,,,-50,0,0,0,0,400,0,0,0,0,,,,,,,,,,0,,,,,,0,,
15:13:32.470,,,,,,,,,,,,,,,,,,,,,,,,,,,,,,,,,,,,,,,,,,,,,,,,,,,,,,,,,,,,,,,,,,,,,0,17,123,0,,,0,825.6,,0,0.6000000000000001,9,0,30,0,,,350,825.6,,,,,,,,,,,0,0,62,739.1,4.443,,,,,,,,,,,,,
15:13:32.646,,,,0,,,,20,,,,,,,,,25,22,,,,,,,,25,,,,,0,,,,,,,,,,,,,,,,,,,,,,,,,,,,,,,,,,,,,,,,,,,,,,,,,,,,,,,,,,,,,,,,,,,,,,,,,,,,,,,,,,,,
15:13:32.801,13.3,4.2,738.8,,0,0,27,,22,20,20,21,22,20,20,3.10296,,,1116.285,4018626,0,0,5.13055555555556,4.10444444444444,3.84791666666667,,1706.7,1665.1,1274.8,1204.1,,972,0,0,736,2455,3.84,24,3.84,61,0,1116.285,0,62,,,,,,,,,,,,,,,,,,,,,,,,,,,,,,,,,,,,,,,,,,,,,,,,,,,,,,,,,,,,,,,,,,,,-2.9551999999999996,,,
15:13:32.977,,,,,,,,,,,,,,,,,,,,,,,,,,,,,,,,,,,,,,,,,,,,,37.5,37.5,,,,,,,38,,,,,,,,,,,,,,,,,,,,,,,,,,,,,,,,,,,,,,,,,,,,,,,,,,,,,,,,,,,,,,
15:13:33.098,,,,,,,,,,,,,,,,,,,,,,,,,,,,,,,,,,,,,,,,,,,,,,,4.5,20,25.5,15.5,9,25.5,,26.5,26.5,12,,,,,,,,,,,,,,,,,,,,,,,,,,,,,,,,,,,,,,,,,,,,,,,,,,18.711822435658284,,2.9807781543055545,2.9807781543055545,3.867275117951891,25.858,,,-0.04932407808936177,
15:13:33.336,,,,,,,,,,,,,,,,,,,,,,,,,,,,,,,,,,,,,,,,,,,,,,,,,,,,,,,,,5.389999999999986,87,20.5,13.802,741.2,36.98,13.999,32,,,,,,,,,,,,,,,,,,,,,,,,,,,,,,,,,,,,,,,,,,,,,,,,,,,
15:13:33.485,,,,,,,,,,,,,,,,,,,,,,,,,,,,,,,,,,,,,,,,,,,,,,,,,,,,,,,,,,,,,,,,,-121.5,3,,,,,,,,,,,,,,,,,,,,,,,,,,,,,,,,,,,,,,,,,,,,,,,,,
15:13:33.731,,,,,,,,,,,,,,,,,,,,,,,,,,,,,,,,,,,,,,,,,,,,,,,,,,,,,,,,,,,,,,,,,,,,,,,,,,,,,,,,,,,,,,,,,,,,,,,,,,,,,,,14.941215000000001,13.7495514,13.15625,,,,,,,,,,
15:13:34.000,,,,,,,,,,,,,,,,,,,,,,,,,,,,,,,,,,,,,,,,,,,,,,,,,,,,,,,,,,,,,,,,,,,0,0,,,,,27,1,,,0,,,,,,,27,27,,,,,,,,,,,,,,,,,,,,,,,,,,,,,,
15:13:34.180,,,,,,,,,,,,,,,,,,,,,,,,,,,,,,,,,,,,,,,,,,,,,,,,,,,,,,,,,,,,,,,,,,,,,,,,,,,,,,,,,,,,,,,,-50,0,0,0,0,400,0,0,0,0,,,,,,,,,,0,,,,,,0,,
15:13:34.445,,,,,,,,,,,,,,,,,,,,,,,,,,,,,,,,,,,,,,,,,,,,,,,,,,,,,,,,,,,,,,,,,,,,,0,17,123,0,,,0,825.6,,0,0.6000000000000001,9,0,30,0,,,350,825.6,,,,,,,,,,,0,0,62,738.4000000000001,4.444,,,,,,,,,,,,,
15:13:34.627,,,,0,,,,20,,,,,,,,,25,22,,,,,,,,25,,,,,0,,,,,,,,,,,,,,,,,,,,,,,,,,,,,,,,,,,,,,,,,,,,,,,,,,,,,,,,,,,,,,,,,,,,,,,,,,,,,,,,,,,,
15:13:34.812,13.3,9.7,738.1,,0,0,27,,22,20,21,21,22,20,20,7.15957,,,1116.2855555555554,4018628,0,0,5.12569444444444,4.10055555555556,3.84427083333333,,1706.7,1665.1,1274.8,1204.1,,1130,0,0,736,2455,3.84,24,3.84,61,0,1116.28555555556,0,62,,,,,,,,,,,,,,,,,,,,,,,,,,,,,,,,,,,,,,,,,,,,,,,,,,,,,,,,,,,,,,,,,,,,3.10002,,,
15:13:34.989,,,,,,,,,,,,,,,,,,,,,,,,,,,,,,,,,,,,,,,,,,,,,38,38,,,,,,,38,,,,,,,,,,,,,,,,,,,,,,,,,,,,,,,,,,,,,,,,,,,,,,,,,,,,,,,,,,,,,,
15:13:35.109,,,,,,,,,,,,,,,,,,,,,,,,,,,,,,,,,,,,,,,,,,,,,,,4.5,20,25.5,15.5,9,25.5,,26.5,26.5,14,,,,,,,,,,,,,,,,,,,,,,,,,,,,,,,,,,,,,,,,,,,,,,,,,,18.695366859475804,,2.98859418086111,2.98859418086111,1.9554246972932732,51.139785714285715,,,,
15:13:35.406,,,,,,,,,,,,,,,,,,,,,,,,,,,,,,,,,,,,,,,,,,,,,,,,,,,,,,,,,5.490000000000009,87,20.5,13.811,740.9000000000001,32.99,13.999,32,,,,,,,,,,,,,,,,,,,,,,,,,,,,,,,,,,,,,,,,,,,,,,,,,,,
15:13:35.556,,,,,,,,,,,,,,,,,,,,,,,,,,,,,,,,,,,,,,,,,,,,,,,,,,,,,,,,,,,,,,,,,-36.800000000000004,3,,,,,,,,,,,,,,,,,,,,,,,,,,,,,,,,,,,,,,,,,,,,,,,,,
15:13:35.795,,,,,,,,,,,,,,,,,,,,,,,,,,,,,,,,,,,,,,,,,,,,,,,,,,,,,,,,,,,,,,,,,,,,,,,,,,,,,,,,,,,,,,,,,,,,,,,,,,,,,,,29.052362500000005,13.770548300000002,16.25,,,,,,,,,,
15:13:36.072,,,,,,,,,,,,,,,,,,,,,,,,,,,,,,,,,,,,,,,,,,,,,,,,,,,,,,,,,,,,,,,,,,,0,0,,,,,27,1,,,0,,,,,,,27,27,,,,,,,,,,,,,,,,,,,,,,,,,,,,,,
15:13:36.252,,,,,,,,,,,,,,,,,,,,,,,,,,,,,,,,,,,,,,,,,,,,,,,,,,,,,,,,,,,,,,,,,,,,,,,,,,,,,,,,,,,,,,,,-50,0,0,0,0,400,0,0,0,0,,,,,,,,,,0,,,,,,0,,
15:13:36.519,,,,,,,,,,,,,,,,,,,,,,,,,,,,,,,,,,,,,,,,,,,,,,,,,,,,,,,,,,,,,,,,,,,,,0,17,123,0,,,0,825.6,,0,0.6000000000000001,9,0,30,0,,,350,825.6,,,,,,,,,,,0,0,62,737.2,4.444,,,,,,,,,,,,,
15:13:36.699,,,,0,,,,20,,,,,,,,,25,22,,,,,,,,25,,,,,0,,,,,,,,,,,,,,,,,,,,,,,,,,,,,,,,,,,,,,,,,,,,,,,,,,,,,,,,,,,,,,,,,,,,,,,,,,,,,,,,,,,,
15:13:36.854,13.3,18,737.1,,0,0,27,,22,20,21,21,22,20,20,13.2678,,,1116.286111111111,4018630,0,0,5.11875,4.095,3.8390625,,1706.7,1665.1,1274.8,1204.1,,1403,0,0,735,2449,3.84,22,3.82,64,0,1116.28611111111,0,62,,,,,,,,,,,,,,,,,,,,,,,,,,,,,,,,,,,,,,,,,,,,,,,,,,,,,,,,,,,,,,,,,,,,13.267800000000001,,,
15:13:37.058,,,,,,,,,,,,,,,,,,,,,,,,,,,,,,,,,,,,,,,,,,,,,38,38,,,,,,,38,,,,,,,,,,,,,,,,,,,,,,,,,,,,,,,,,,,,,,,,,,,,,,,,,,,,,,,,,,,,,,
15:13:37.171,,,,,,,,,,,,,,,,,,,,,,,,,,,,,,,,,,,,,,,,,,,,,,,4.5,20,25.5,15.5,9,25.5,,26.5,26.5,18,,,,,,,,,,,,,,,,,,,,,,,,,,,,,,,,,,,,,,,,,,,,,,,,,,18.69288444038974,,2.99890359436111,2.99890359436111,1.3566680233346902,73.71,,,,
15:13:37.421,,,,,,,,,,,,,,,,,,,,,,,,,,,,,,,,,,,,,,,,,,,,,,,,,,,,,,,,,5.430000000000007,87,20.5,13.807,740.3000000000001,33.3,13.997,31,,,,,,,,,,,,,,,,,,,,,,,,,,,,,,,,,,,,,,,,,,,,,,,,,,,
15:13:37.571,,,,,,,,,,,,,,,,,,,,,,,,,,,,,,,,,,,,,,,,,,,,,,,,,,,,,,,,,,,,,,,,,14.700000000000001,3,,,,,,,,,,,,,,,,,,,,,,,,,,,,,,,,,,,,,,,,,,,,,,,,,
15:13:37.808,,,,,,,,,,,,,,,,,,,,,,,,,,,,,,,,,,,,,,,,,,,,,,,,,,,,,,,,,,,,,,,,,,,,,,,,,,,,,,,,,,,,,,,,,,,,,,,,,,,,,,,35.0093175,13.770548300000002,16,,,,,,,,,,
15:13:38.104,,,,,,,,,,,,,,,,,,,,,,,,,,,,,,,,,,,,,,,,,,,,,,,,,,,,,,,,,,,,,,,,,,,0,0,,,,,27,1,,,0,,,,,,,27,27,,,,,,,,,,,,,,,,,,,,,,,,,,,,,,
15:13:38.288,,,,,,,,,,,,,,,,,,,,,,,,,,,,,,,,,,,,,,,,,,,,,,,,,,,,,,,,,,,,,,,,,,,,,,,,,,,,,,,,,,,,,,,,-50,0,0,0,0,400,0,0,0,0,,,,,,,,,,0,,,,,,0,,
15:13:38.559,,,,,,,,,,,,,,,,,,,,,,,,,,,,,,,,,,,,,,,,,,,,,,,,,,,,,,,,,,,,,,,,,,,,,0,17,123,0,,,0,825.6,,0,0.6000000000000001,9,0,30,0,,,350,825.6,,,,,,,,,,,0,0,62,737,4.444,,,,,,,,,,,,,
15:13:38.741,,,,0,,,,20,,,,,,,,,25,22,,,,,,,,25,,,,,0,,,,,,,,,,,,,,,,,,,,,,,,,,,,,,,,,,,,,,,,,,,,,,,,,,,,,,,,,,,,,,,,,,,,,,,,,,,,,,,,,,,,
15:13:38.892,13.3,17.3,737,,0,0,27,,22,20,20,21,22,20,20,12.7501,,,1116.2866666666666,4018632,0,0,5.11805555555556,4.09444444444444,3.83854166666667,,1706.7,1665.1,1274.8,1204.1,,1631,0,0,735,2449,3.84,24,3.82,61,0,1116.28666666667,0,62,,,,,,,,,,,,,,,,,,,,,,,,,,,,,,,,,,,,,,,,,,,,,,,,,,,,,,,,,,,,,,,,,,,,13.266,,,
15:13:39.071,,,,,,,,,,,,,,,,,,,,,,,,,,,,,,,,,,,,,,,,,,,,,38,38,,,,,,,39,,,,,,,,,,,,,,,,,,,,,,,,,,,,,,,,,,,,,,,,,,,,,,,,,,,,,,,,,,,,,,
15:13:39.190,,,,,,,,,,,,,,,,,,,,,,,,,,,,,,,,,,,,,,,,,,,,,,,4.5,19,25.5,15.5,9,25.5,,26.5,26.5,21,,,,,,,,,,,,,,,,,,,,,,,,,,,,,,,,,,,,,,,,,,,,,,,,,,18.700920921189464,,3.01068010911111,3.01068010911111,1.6470459055223097,60.7147619047619,,,,
15:13:39.459,,,,,,,,,,,,,,,,,,,,,,,,,,,,,,,,,,,,,,,,,,,,,,,,,,,,,,,,,5.439999999999998,87,20.5,13.81,740.5,33.11,14.003,31,,,,,,,,,,,,,,,,,,,,,,,,,,,,,,,,,,,,,,,,,,,,,,,,,,,
15:13:39.609,,,,,,,,,,,,,,,,,,,,,,,,,,,,,,,,,,,,,,,,,,,,,,,,,,,,,,,,,,,,,,,,,-4.7,3,,,,,,,,,,,,,,,,,,,,,,,,,,,,,,,,,,,,,,,,,,,,,,,,,
15:13:39.877,,,,,,,,,,,,,,,,,,,,,,,,,,,,,,,,,,,,,,,,,,,,,,,,,,,,,,,,,,,,,,,,,,,,,,,,,,,,,,,,,,,,,,,,,,,,,,,,,,,,,,,30.5171875,13.770548300000002,21.03125,,,,,,,,,,
15:13:40.172,,,,,,,,,,,,,,,,,,,,,,,,,,,,,,,,,,,,,,,,,,,,,,,,,,,,,,,,,,,,,,,,,,,0,0,,,,,27,1,,,0,,,,,,,27,27,,,,,,,,,,,,,,,,,,,,,,,,,,,,,,
15:13:40.359,,,,,,,,,,,,,,,,,,,,,,,,,,,,,,,,,,,,,,,,,,,,,,,,,,,,,,,,,,,,,,,,,,,,,,,,,,,,,,,,,,,,,,,,-50,0,0,0,0,400,0,0,0,0,,,,,,,,,,0,,,,,,0,,
15:13:40.629,,,,,,,,,,,,,,,,,,,,,,,,,,,,,,,,,,,,,,,,,,,,,,,,,,,,,,,,,,,,,,,,,,,,,0,17,123,0,,,0,825.6,,0,0.6000000000000001,9,0,30,0,,,350,825.6,,,,,,,,,,,0,0,62,737.4000000000001,4.444,,,,,,,,,,,,,
15:13:40.806,,,,0,,,,20,,,,,,,,,25,22,,,,,,,,25,,,,,0,,,,,,,,,,,,,,,,,,,,,,,,,,,,,,,,,,,,,,,,,,,,,,,,,,,,,,,,,,,,,,,,,,,,,,,,,,,,,,,,,,,,
15:13:40.955,13.3,11.8,737.5,,0,0,27,,22,20,21,21,22,20,20,8.7025,,,1116.2872222222222,4018634,0,0,5.12152777777778,4.09722222222222,3.84114583333333,,1706.7,1665.1,1274.8,1204.1,,1690,0,0,735,2449,3.84,24,3.82,64,0,1116.28722222222,0,62,,,,,,,,,,,,,,,,,,,,,,,,,,,,,,,,,,,,,,,,,,,,,,,,,,,,,,,,,,,,,,,,,,,,12.75875,,,
15:13:41.169,,,,,,,,,,,,,,,,,,,,,,,,,,,,,,,,,,,,,,,,,,,,,38,38,,,,,,,39,,,,,,,,,,,,,,,,,,,,,,,,,,,,,,,,,,,,,,,,,,,,,,,,,,,,,,,,,,,,,,
15:13:41.288,,,,,,,,,,,,,,,,,,,,,,,,,,,,,,,,,,,,,,,,,,,,,,,4.5,19,25.5,15.5,9,25.5,,26.5,26.5,21,,,,,,,,,,,,,,,,,,,,,,,,,,,,,,,,,,,,,,,,,,,,,,,,,,18.7092131631486,,3.0229181029444434,3.0229181029444434,2.4130996839988508,41.44047619047619,,,0.03112706806050736,
15:13:41.527,,,,,,,,,,,,,,,,,,,,,,,,,,,,,,,,,,,,,,,,,,,,,,,,,,,,,,,,,5.420000000000016,87,20.5,13.809000000000001,740.8000000000001,33.31,14.003,31,,,,,,,,,,,,,,,,,,,,,,,,,,,,,,,,,,,,,,,,,,,,,,,,,,,
15:13:41.679,,,,,,,,,,,,,,,,,,,,,,,,,,,,,,,,,,,,,,,,,,,,,,,,,,,,,,,,,,,,,,,,,0.5,3,,,,,,,,,,,,,,,,,,,,,,,,,,,,,,,,,,,,,,,,,,,,,,,,,
15:13:41.951,,,,,,,,,,,,,,,,,,,,,,,,,,,,,,,,,,,,,,,,,,,,,,,,,,,,,,,,,,,,,,,,,,,,,,,,,,,,,,,,,,,,,,,,,,,,,,,,,,,,,,,29.882430000000003,13.770548300000002,21.484375,,,,,,,,,,
15:13:42.217,,,,,,,,,,,,,,,,,,,,,,,,,,,,,,,,,,,,,,,,,,,,,,,,,,,,,,,,,,,,,,,,,,,0,0,,,,,27,1,,,0,,,,,,,27,27,,,,,,,,,,,,,,,,,,,,,,,,,,,,,,
15:13:42.399,,,,,,,,,,,,,,,,,,,,,,,,,,,,,,,,,,,,,,,,,,,,,,,,,,,,,,,,,,,,,,,,,,,,,,,,,,,,,,,,,,,,,,,,-50,0,0,0,0,400,0,0,0,0,,,,,,,,,,0,,,,,,0,,
15:13:42.667,,,,,,,,,,,,,,,,,,,,,,,,,,,,,,,,,,,,,,,,,,,,,,,,,,,,,,,,,,,,,,,,,,,,,0,17,123,0,,,0,825.6,,0,0.6000000000000001,9,0,30,0,,,350,825.6,,,,,,,,,,,0,0,62,737.5,4.444,,,,,,,,,,,,,
15:13:42.847,,,,0,,,,20,,,,,,,,,25,22,,,,,,,,25,,,,,0,,,,,,,,,,,,,,,,,,,,,,,,,,,,,,,,,,,,,,,,,,,,,,,,,,,,,,,,,,,,,,,,,,,,,,,,,,,,,,,,,,,,
15:13:43.028,13.3,11.9,737.4,,0,0,27,,22,20,20,21,22,20,20,8.77506,,,1116.2877777777778,4018636,0,0,5.12083333333333,4.09666666666667,3.840625,,1706.7,1665.1,1274.8,1204.1,,1710,0,0,735,2449,3.84,24,3.82,49,0,1116.28777777778,0,62,,,,,,,,,,,,,,,,,,,,,,,,,,,,,,,,,,,,,,,,,,,,,,,,,,,,,,,,,,,,,,,,,,,,8.701319999999999,,,
15:13:43.208,,,,,,,,,,,,,,,,,,,,,,,,,,,,,,,,,,,,,,,,,,,,,38,38,,,,,,,38,,,,,,,,,,,,,,,,,,,,,,,,,,,,,,,,,,,,,,,,,,,,,,,,,,,,,,,,,,,,,,
15:13:43.327,,,,,,,,,,,,,,,,,,,,,,,,,,,,,,,,,,,,,,,,,,,,,,,4.5,19,25.5,15.5,9,25.5,,26.5,26.5,21,,,,,,,,,,,,,,,,,,,,,,,,,,,,,,,,,,,,,,,,,,,,,,,,,,18.71721392236612,,3.034810261194443,3.034810261194443,2.3931460297707368,41.785999999999994,,,0.024129070619745653,
15:13:43.568,,,,,,,,,,,,,,,,,,,,,,,,,,,,,,,,,,,,,,,,,,,,,,,,,,,,,,,,,5.410000000000025,87,20.5,13.809000000000001,740.7,33.32,14.009,31,,,,,,,,,,,,,,,,,,,,,,,,,,,,,,,,,,,,,,,,,,,,,,,,,,,
15:13:43.715,,,,,,,,,,,,,,,,,,,,,,,,,,,,,,,,,,,,,,,,,,,,,,,,,,,,,,,,,,,,,,,,,-0.8,3,,,,,,,,,,,,,,,,,,,,,,,,,,,,,,,,,,,,,,,,,,,,,,,,,
15:13:43.955,,,,,,,,,,,,,,,,,,,,,,,,,,,,,,,,,,,,,,,,,,,,,,,,,,,,,,,,,,,,,,,,,,,,,,,,,,,,,,,,,,,,,,,,,,,,,,,,,,,,,,,29.882430000000003,13.770548300000002,21.3125,,,,,,,,,,
15:13:44.225,,,,,,,,,,,,,,,,,,,,,,,,,,,,,,,,,,,,,,,,,,,,,,,,,,,,,,,,,,,,,,,,,,,0,0,,,,,27,1,,,0,,,,,,,27,27,,,,,,,,,,,,,,,,,,,,,,,,,,,,,,
15:13:44.409,,,,,,,,,,,,,,,,,,,,,,,,,,,,,,,,,,,,,,,,,,,,,,,,,,,,,,,,,,,,,,,,,,,,,,,,,,,,,,,,,,,,,,,,-50,0,0,0,0,400,0,0,0,0,,,,,,,,,,0,,,,,,0,,
15:13:44.674,,,,,,,,,,,,,,,,,,,,,,,,,,,,,,,,,,,,,,,,,,,,,,,,,,,,,,,,,,,,,,,,,,,,,0,17,123,0,,,0,825.6,,0,0.6000000000000001,9,0,30,0,,,350,825.6,,,,,,,,,,,0,0,62,737.6,4.444,,,,,,,,,,,,,
15:13:44.856,,,,0,,,,20,,,,,,,,,25,22,,,,,,,,25,,,,,0,,,,,,,,,,,,,,,,,,,,,,,,,,,,,,,,,,,,,,,,,,,,,,,,,,,,,,,,,,,,,,,,,,,,,,,,,,,,,,,,,,,,
15:13:45.008,13.3,8.5,737.6,,0,0,27,,22,20,21,21,22,20,20,6.2696,,,1116.2883333333334,4018638,0,0,5.12222222222222,4.09777777777778,3.84166666666667,,1706.7,1665.1,1274.8,1204.1,,1696,0,0,736,2449,3.84,24,3.82,78,0,1116.28833333333,0,62,,,,,,,,,,,,,,,,,,,,,,,,,,,,,,,,,,,,,,,,,,,,,,,,,,,,,,,,,,,,,,,,,,,,8.77744,,,
15:13:45.189,,,,,,,,,,,,,,,,,,,,,,,,,,,,,,,,,,,,,,,,,,,,,38,38,,,,,,,38,,,,,,,,,,,,,,,,,,,,,,,,,,,,,,,,,,,,,,,,,,,,,,,,,,,,,,,,,,,,,,
15:13:45.305,,,,,,,,,,,,,,,,,,,,,,,,,,,,,,,,,,,,,,,,,,,,,,,4.5,19,25.5,15.5,9,25.5,,26.5,26.5,21,,,,,,,,,,,,,,,,,,,,,,,,,,,,,,,,,,,,,,,,,,,,,,,,,,18.724925781148816,,3.04635196386111,3.04635196386111,3.3494959806048237,29.855238095238093,,,0.01044719647089098,
15:13:45.547,,,,,,,,,,,,,,,,,,,,,,,,,,,,,,,,,,,,,,,,,,,,,,,,,,,,,,,,,5.400000000000034,87,20.5,13.809000000000001,740.9000000000001,33.15,14.009,31,,,,,,,,,,,,,,,,,,,,,,,,,,,,,,,,,,,,,,,,,,,,,,,,,,,
15:13:45.695,,,,,,,,,,,,,,,,,,,,,,,,,,,,,,,,,,,,,,,,,,,,,,,,,,,,,,,,,,,,,,,,,-7,3,,,,,,,,,,,,,,,,,,,,,,,,,,,,,,,,,,,,,,,,,,,,,,,,,
15:13:45.938,,,,,,,,,,,,,,,,,,,,,,,,,,,,,,,,,,,,,,,,,,,,,,,,,,,,,,,,,,,,,,,,,,,,,,,,,,,,,,,,,,,,,,,,,,,,,,,,,,,,,,,18.6032775,13.770548300000002,20.53125,,,,,,,,,,
15:13:46.237,,,,,,,,,,,,,,,,,,,,,,,,,,,,,,,,,,,,,,,,,,,,,,,,,,,,,,,,,,,,,,,,,,,0,0,,,,,27,1,,,0,,,,,,,27,27,,,,,,,,,,,,,,,,,,,,,,,,,,,,,,
15:13:46.418,,,,,,,,,,,,,,,,,,,,,,,,,,,,,,,,,,,,,,,,,,,,,,,,,,,,,,,,,,,,,,,,,,,,,,,,,,,,,,,,,,,,,,,,-50,0,0,0,0,400,0,0,0,0,,,,,,,,,,0,,,,,,0,,
15:13:46.686,,,,,,,,,,,,,,,,,,,,,,,,,,,,,,,,,,,,,,,,,,,,,,,,,,,,,,,,,,,,,,,,,,,,,0,17,123,0,,,0,825.6,,0,0.6000000000000001,9,0,30,0,,,350,825.6,,,,,,,,,,,0,0,62,738.7,4.443,,,,,,,,,,,,,
15:13:46.867,,,,0,,,,20,,,,,,,,,25,22,,,,,,,,25,,,,,0,,,,,,,,,,,,,,,,,,,,,,,,,,,,,,,,,,,,,,,,,,,,,,,,,,,,,,,,,,,,,,,,,,,,,,,,,,,,,,,,,,,,
15:13:47.018,13.3,-3.3,738.9,,0,0,27,,22,20,21,21,22,20,20,-2.43837,,,1116.2888888888888,4018640,0,0,5.13125,4.105,3.8484375,,1706.7,1665.1,1274.8,1204.1,,1418,0,0,737,2462,3.84,24,3.84,2,0,1116.28888888889,0,62,,,,,,,,,,,,,,,,,,,,,,,,,,,,,,,,,,,,,,,,,,,,,,,,,,,,,,,,,,,,,,,,,,,,-2.43837,,,
15:13:47.202,,,,,,,,,,,,,,,,,,,,,,,,,,,,,,,,,,,,,,,,,,,,,38,38,,,,,,,38,,,,,,,,,,,,,,,,,,,,,,,,,,,,,,,,,,,,,,,,,,,,,,,,,,,,,,,,,,,,,,
15:13:47.316,,,,,,,,,,,,,,,,,,,,,,,,,,,,,,,,,,,,,,,,,,,,,,,4.5,19,25.5,15.5,9,25.5,,26.5,26.5,16,,,,,,,,,,,,,,,,,,,,,,,,,,,,,,,,,,,,,,,,,,,,,,,,,,18.715602824181868,,3.0552868051944433,3.0552868051944433,-6.561760520347609,-15.239812500000001,,,-0.017429899327423958,
15:13:47.556,,,,,,,,,,,,,,,,,,,,,,,,,,,,,,,,,,,,,,,,,,,,,,,,,,,,,,,,,5.519999999999982,87,20.5,13.806000000000001,742.1,33.29,13.995,31,,,,,,,,,,,,,,,,,,,,,,,,,,,,,,,,,,,,,,,,,,,,,,,,,,,
15:13:47.706,,,,,,,,,,,,,,,,,,,,,,,,,,,,,,,,,,,,,,,,,,,,,,,,,,,,,,,,,,,,,,,,,-44.7,3,,,,,,,,,,,,,,,,,,,,,,,,,,,,,,,,,,,,,,,,,,,,,,,,,
15:13:47.949,,,,,,,,,,,,,,,,,,,,,,,,,,,,,,,,,,,,,,,,,,,,,,,,,,,,,,,,,,,,,,,,,,,,,,,,,,,,,,,,,,,,,,,,,,,,,,,,,,,,,,,0,13.7417386,12,,,,,,,,,,
15:13:48.216,,,,,,,,,,,,,,,,,,,,,,,,,,,,,,,,,,,,,,,,,,,,,,,,,,,,,,,,,,,,,,,,,,,0,0,,,,,27,1,,,0,,,,,,,27,27,,,,,,,,,,,,,,,,,,,,,,,,,,,,,,
15:13:48.399,,,,,,,,,,,,,,,,,,,,,,,,,,,,,,,,,,,,,,,,,,,,,,,,,,,,,,,,,,,,,,,,,,,,,,,,,,,,,,,,,,,,,,,,-50,0,0,0,0,400,0,0,0,0,,,,,,,,,,0,,,,,,0,,
15:13:48.668,,,,,,,,,,,,,,,,,,,,,,,,,,,,,,,,,,,,,,,,,,,,,,,,,,,,,,,,,,,,,,,,,,,,,0,17,123,0,,,0,825.6,,0,0.6000000000000001,9,0,30,0,,,350,825.6,,,,,,,,,,,0,0,62,738.7,4.443,,,,,,,,,,,,,
15:13:48.845,,,,0,,,,20,,,,,,,,,25,22,,,,,,,,25,,,,,0,,,,,,,,,,,,,,,,,,,,,,,,,,,,,,,,,,,,,,,,,,,,,,,,,,,,,,,,,,,,,,,,,,,,,,,,,,,,,,,,,,,,
15:13:48.997,13.3,1.2,738.5,,0,0,27,,22,20,20,21,22,20,20,0.8862,,,1116.2894444444444,4018642,0,0,5.12847222222222,4.10277777777778,3.84635416666667,,1706.7,1665.1,1274.9,1204.1,,954,0,0,736,2462,3.84,22,3.84,61,0,1116.28944444444,0,62,,,,,,,,,,,,,,,,,,,,,,,,,,,,,,,,,,,,,,,,,,,,,,,,,,,,,,,,,,,,,,,,,,,,-2.4370499999999997,,,
15:13:49.173,,,,,,,,,,,,,,,,,,,,,,,,,,,,,,,,,,,,,,,,,,,,,38,38,,,,,,,38,,,,,,,,,,,,,,,,,,,,,,,,,,,,,,,,,,,,,,,,,,,,,,,,,,,,,,,,,,,,,,
15:13:49.296,,,,,,,,,,,,,,,,,,,,,,,,,,,,,,,,,,,,,,,,,,,,,,,4.5,19,25.5,15.5,9,25.5,,26.5,26.5,11,,,,,,,,,,,,,,,,,,,,,,,,,,,,,,,,,,,,,,,,,,,,,,,,,,18.689687258184243,,3.0613391011388877,3.0613391011388877,12.412547957571654,8.056363636363637,,,-0.03537082048796447,
15:13:49.536,,,,,,,,,,,,,,,,,,,,,,,,,,,,,,,,,,,,,,,,,,,,,,,,,,,,,,,,,5.400000000000034,87,20.5,13.794,741.9000000000001,35.2,14.008,31,,,,,,,,,,,,,,,,,,,,,,,,,,,,,,,,,,,,,,,,,,,,,,,,,,,
15:13:49.686,,,,,,,,,,,,,,,,,,,,,,,,,,,,,,,,,,,,,,,,,,,,,,,,,,,,,,,,,,,,,,,,,-45.2,3,,,,,,,,,,,,,,,,,,,,,,,,,,,,,,,,,,,,,,,,,,,,,,,,,
15:13:49.924,,,,,,,,,,,,,,,,,,,,,,,,,,,,,,,,,,,,,,,,,,,,,,,,,,,,,,,,,,,,,,,,,,,,,,,,,,,,,,,,,,,,,,,,,,,,,,,,,,,,,,,7.128815,13.770548300000002,8,,,,,,,,,,
15:13:50.224,,,,,,,,,,,,,,,,,,,,,,,,,,,,,,,,,,,,,,,,,,,,,,,,,,,,,,,,,,,,,,,,,,,0,0,,,,,27,1,,,0,,,,,,,27,27,,,,,,,,,,,,,,,,,,,,,,,,,,,,,,
15:13:50.408,,,,,,,,,,,,,,,,,,,,,,,,,,,,,,,,,,,,,,,,,,,,,,,,,,,,,,,,,,,,,,,,,,,,,,,,,,,,,,,,,,,,,,,,-50,0,0,0,0,400,0,0,0,0,,,,,,,,,,0,,,,,,0,,
15:13:50.681,,,,,,,,,,,,,,,,,,,,,,,,,,,,,,,,,,,,,,,,,,,,,,,,,,,,,,,,,,,,,,,,,,,,,0,17,123,0,,,0,825.6,,0,0.6000000000000001,9,0,30,0,,,350,825.6,,,,,,,,,,,0,0,62,738.3000000000001,4.443,,,,,,,,,,,,,
15:13:50.856,,,,0,,,,20,,,,,,,,,25,22,,,,,,,,25,,,,,0,,,,,,,,,,,,,,,,,,,,,,,,,,,,,,,,,,,,,,,,,,,,,,,,,,,,,,,,,,,,,,,,,,,,,,,,,,,,,,,,,,,,
15:13:51.009,13.3,3.9,738.3,,0,0,27,,22,20,21,21,22,20,20,2.87937,,,1116.29,4018644,0,0,5.12708333333333,4.10166666666667,3.8453125,,1706.7,1665.1,1274.9,1204.1,,941,0,0,736,2462,3.84,24,3.84,64,0,1116.29,0,62,,,,,,,,,,,,,,,,,,,,,,,,,,,,,,,,,,,,,,,,,,,,,,,,,,,,,,,,,,,,,,,,,,,,2.8793699999999998,,,
15:13:51.244,,,,,,,,,,,,,,,,,,,,,,,,,,,,,,,,,,,,,,,,,,,,,38,38,,,,,,,38,,,,,,,,,,,,,,,,,,,,,,,,,,,,,,,,,,,,,,,,,,,,,,,,,,,,,,,,,,,,,,
15:13:51.366,,,,,,,,,,,,,,,,,,,,,,,,,,,,,,,,,,,,,,,,,,,,,,,4.5,20,25.5,15.5,9,25.5,,26.5,26.5,11,,,,,,,,,,,,,,,,,,,,,,,,,,,,,,,,,,,,,,,,,,,,,,,,,,18.66278754521864,,3.06766414086111,3.06766414086111,3.82028013072304,26.17609090909091,,,-0.03523184894636618,
15:13:51.606,,,,,,,,,,,,,,,,,,,,,,,,,,,,,,,,,,,,,,,,,,,,,,,,,,,,,,,,,5.319999999999993,87,20.5,13.804,741.7,34.15,13.996,31,,,,,,,,,,,,,,,,,,,,,,,,,,,,,,,,,,,,,,,,,,,,,,,,,,,
15:13:51.755,,,,,,,,,,,,,,,,,,,,,,,,,,,,,,,,,,,,,,,,,,,,,,,,,,,,,,,,,,,,,,,,,-71.8,3,,,,,,,,,,,,,,,,,,,,,,,,,,,,,,,,,,,,,,,,,,,,,,,,,
15:13:52.000,,,,,,,,,,,,,,,,,,,,,,,,,,,,,,,,,,,,,,,,,,,,,,,,,,,,,,,,,,,,,,,,,,,,,,,,,,,,,,,,,,,,,,,,,,,,,,,,,,,,,,,10.449085,13.7695717,12.375,,,,,,,,,,
15:13:52.293,,,,,,,,,,,,,,,,,,,,,,,,,,,,,,,,,,,,,,,,,,,,,,,,,,,,,,,,,,,,,,,,,,,0,0,,,,,27,1,,,0,,,,,,,27,27,,,,,,,,,,,,,,,,,,,,,,,,,,,,,,
15:13:52.478,,,,,,,,,,,,,,,,,,,,,,,,,,,,,,,,,,,,,,,,,,,,,,,,,,,,,,,,,,,,,,,,,,,,,,,,,,,,,,,,,,,,,,,,-50,0,0,0,0,400,0,0,0,0,,,,,,,,,,0,,,,,,0,,
15:13:52.746,,,,,,,,,,,,,,,,,,,,,,,,,,,,,,,,,,,,,,,,,,,,,,,,,,,,,,,,,,,,,,,,,,,,,0,17,123,0,,,0,825.6,,0,0.6000000000000001,9,0,30,0,,,350,825.6,,,,,,,,,,,0,0,62,738.2,4.443,,,,,,,,,,,,,
15:13:52.926,,,,0,,,,20,,,,,,,,,25,22,,,,,,,,25,,,,,0,,,,,,,,,,,,,,,,,,,,,,,,,,,,,,,,,,,,,,,,,,,,,,,,,,,,,,,,,,,,,,,,,,,,,,,,,,,,,,,,,,,,
15:13:53.073,13.3,5.7,738.2,,0,0,27,,22,20,21,21,22,20,20,4.20774,,,1116.2905555555556,4018646,0,0,5.12638888888889,4.10111111111111,3.84479166666667,,1706.7,1665.2,1274.9,1204.1,,1029,0,0,736,2462,3.84,24,3.84,64,0,1116.29055555556,0,62,,,,,,,,,,,,,,,,,,,,,,,,,,,,,,,,,,,,,,,,,,,,,,,,,,,,,,,,,,,,,,,,,,,,2.87898,,,
15:13:53.256,,,,,,,,,,,,,,,,,,,,,,,,,,,,,,,,,,,,,,,,,,,,,38,38,,,,,,,38,,,,,,,,,,,,,,,,,,,,,,,,,,,,,,,,,,,,,,,,,,,,,,,,,,,,,,,,,,,,,,
15:13:53.376,,,,,,,,,,,,,,,,,,,,,,,,,,,,,,,,,,,,,,,,,,,,,,,4.5,20,25.5,15.5,9,25.5,,26.5,26.5,13,,,,,,,,,,,,,,,,,,,,,,,,,,,,,,,,,,,,,,,,,,,,,,,,,,18.643617523804064,,3.0749225204166657,3.0749225204166657,3.089544506076896,32.36723076923077,,,,
15:13:53.616,,,,,,,,,,,,,,,,,,,,,,,,,,,,,,,,,,,,,,,,,,,,,,,,,,,,,,,,,5.360000000000014,87,20.5,13.811,741.2,32.49,14.006,31,,,,,,,,,,,,,,,,,,,,,,,,,,,,,,,,,,,,,,,,,,,,,,,,,,,
15:13:53.768,,,,,,,,,,,,,,,,,,,,,,,,,,,,,,,,,,,,,,,,,,,,,,,,,,,,,,,,,,,,,,,,,-33.9,3,,,,,,,,,,,,,,,,,,,,,,,,,,,,,,,,,,,,,,,,,,,,,,,,,
15:13:54.010,,,,,,,,,,,,,,,,,,,,,,,,,,,,,,,,,,,,,,,,,,,,,,,,,,,,,,,,,,,,,,,,,,,,,,,,,,,,,,,,,,,,,,,,,,,,,,,,,,,,,,,16.0642475,13.760294,12,,,,,,,,,,
15:13:54.306,,,,,,,,,,,,,,,,,,,,,,,,,,,,,,,,,,,,,,,,,,,,,,,,,,,,,,,,,,,,,,,,,,,0,0,,,,,27,1,,,0,,,,,,,27,27,,,,,,,,,,,,,,,,,,,,,,,,,,,,,,
15:13:54.489,,,,,,,,,,,,,,,,,,,,,,,,,,,,,,,,,,,,,,,,,,,,,,,,,,,,,,,,,,,,,,,,,,,,,,,,,,,,,,,,,,,,,,,,-50,0,0,0,0,400,0,0,0,0,,,,,,,,,,0,,,,,,0,,
15:13:54.762,,,,,,,,,,,,,,,,,,,,,,,,,,,,,,,,,,,,,,,,,,,,,,,,,,,,,,,,,,,,,,,,,,,,,0,17,123,0,,,0,825.6,,0,0.6000000000000001,9,0,30,0,,,350,825.6,,,,,,,,,,,0,0,62,738,4.444,,,,,,,,,,,,,
15:13:54.938,,,,0,,,,20,,,,,,,,,25,22,,,,,,,,25,,,,,0,,,,,,,,,,,,,,,,,,,,,,,,,,,,,,,,,,,,,,,,,,,,,,,,,,,,,,,,,,,,,,,,,,,,,,,,,,,,,,,,,,,,
15:13:55.087,13.3,7.6,737.9,,0,0,27,,22,20,20,21,22,20,20,5.60804,,,1116.2913888888888,4018649,0,0,5.12430555555556,4.09944444444444,3.84322916666667,,1706.7,1665.2,1274.9,1204.1,,1214,0,0,736,2457,3.84,23,3.84,181,0,1116.29138888889,0,62,,,,,,,,,,,,,,,,,,,,,,,,,,,,,,,,,,,,,,,,,,,,,,,,,,,,,,,,,,,,,,,,,,,,4.20603,,,
15:13:55.268,,,,,,,,,,,,,,,,,,,,,,,,,,,,,,,,,,,,,,,,,,,,,38,38,,,,,,,39,,,,,,,,,,,,,,,,,,,,,,,,,,,,,,,,,,,,,,,,,,,,,,,,,,,,,,,,,,,,,,
15:13:55.385,,,,,,,,,,,,,,,,,,,,,,,,,,,,,,,,,,,,,,,,,,,,,,,4.5,20,25.5,15,9,25.5,,26.5,26.5,15,,,,,,,,,,,,,,,,,,,,,,,,,,,,,,,,,,,,,,,,,,,,,,,,,,18.631323566871142,,3.083298243749999,3.083298243749999,2.6747312786642037,37.38693333333333,,,,
15:13:55.626,,,,,,,,,,,,,,,,,,,,,,,,,,,,,,,,,,,,,,,,,,,,,,,,,,,,,,,,,5.340000000000032,87,20.5,13.805,740.9000000000001,33.19,14.005,31,,,,,,,,,,,,,,,,,,,,,,,,,,,,,,,,,,,,,,,,,,,,,,,,,,,
15:13:55.776,,,,,,,,,,,,,,,,,,,,,,,,,,,,,,,,,,,,,,,,,,,,,,,,,,,,,,,,,,,,,,,,,12.8,3,,,,,,,,,,,,,,,,,,,,,,,,,,,,,,,,,,,,,,,,,,,,,,,,,
15:13:56.022,,,,,,,,,,,,,,,,,,,,,,,,,,,,,,,,,,,,,,,,,,,,,,,,,,,,,,,,,,,,,,,,,,,,,,,,,,,,,,,,,,,,,,,,,,,,,,,,,,,,,,,22.558305,13.7515046,16.65625,,,,,,,,,,
15:13:56.317,,,,,,,,,,,,,,,,,,,,,,,,,,,,,,,,,,,,,,,,,,,,,,,,,,,,,,,,,,,,,,,,,,,0,0,,,,,27,1,,,0,,,,,,,27,27,,,,,,,,,,,,,,,,,,,,,,,,,,,,,,
15:13:56.500,,,,,,,,,,,,,,,,,,,,,,,,,,,,,,,,,,,,,,,,,,,,,,,,,,,,,,,,,,,,,,,,,,,,,,,,,,,,,,,,,,,,,,,,-50,0,0,0,0,400,0,0,0,0,,,,,,,,,,0,,,,,,0,,
15:13:56.766,,,,,,,,,,,,,,,,,,,,,,,,,,,,,,,,,,,,,,,,,,,,,,,,,,,,,,,,,,,,,,,,,,,,,0,17,123,0,,,0,825.6,,0,0.6000000000000001,9,0,30,0,,,350,825.6,,,,,,,,,,,0,0,62,737.8000000000001,4.444,,,,,,,,,,,,,
15:13:56.946,,,,0,,,,20,,,,,,,,,25,22,,,,,,,,25,,,,,0,,,,,,,,,,,,,,,,,,,,,,,,,,,,,,,,,,,,,,,,,,,,,,,,,,,,,,,,,,,,,,,,,,,,,,,,,,,,,,,,,,,,
15:13:57.129,13.3,6.8,738,,0,0,27,,22,20,21,21,22,20,20,5.0184,,,1116.2919444444444,4018651,0,0,5.125,4.1,3.84375,,1706.7,1665.2,1274.9,1204.1,,1424,0,0,736,2457,3.84,24,3.84,64,0,1116.29194444444,0,62,,,,,,,,,,,,,,,,,,,,,,,,,,,,,,,,,,,,,,,,,,,,,,,,,,,,,,,,,,,,,,,,,,,,5.6088000000000005,,,
15:13:57.312,,,,,,,,,,,,,,,,,,,,,,,,,,,,,,,,,,,,,,,,,,,,,38,38,,,,,,,39,,,,,,,,,,,,,,,,,,,,,,,,,,,,,,,,,,,,,,,,,,,,,,,,,,,,,,,,,,,,,,
15:13:57.426,,,,,,,,,,,,,,,,,,,,,,,,,,,,,,,,,,,,,,,,,,,,,,,4.5,19,25.5,15,8.5,25.5,,26.5,26.5,18,,,,,,,,,,,,,,,,,,,,,,,,,,,,,,,,,,,,,,,,,,,,,,,,,,18.629169164977604,,3.093498028749999,3.093498028749999,3.586800573888092,27.88,,,0.02438808767388711,
15:13:57.670,,,,,,,,,,,,,,,,,,,,,,,,,,,,,,,,,,,,,,,,,,,,,,,,,,,,,,,,,5.220000000000027,87,20.5,13.793,741.7,32.68,13.984,31,,,,,,,,,,,,,,,,,,,,,,,,,,,,,,,,,,,,,,,,,,,,,,,,,,,
15:13:57.821,,,,,,,,,,,,,,,,,,,,,,,,,,,,,,,,,,,,,,,,,,,,,,,,,,,,,,,,,,,,,,,,,5.5,3,,,,,,,,,,,,,,,,,,,,,,,,,,,,,,,,,,,,,,,,,,,,,,,,,
15:13:58.054,,,,,,,,,,,,,,,,,,,,,,,,,,,,,,,,,,,,,,,,,,,,,,,,,,,,,,,,,,,,,,,,,,,,,,,,,,,,,,,,,,,,,,,,,,,,,,,,,,,,,,,17.577900000000003,13.770548300000002,16,,,,,,,,,,
15:13:58.354,,,,,,,,,,,,,,,,,,,,,,,,,,,,,,,,,,,,,,,,,,,,,,,,,,,,,,,,,,,,,,,,,,,0,0,,,,,27,1,,,0,,,,,,,27,27,,,,,,,,,,,,,,,,,,,,,,,,,,,,,,
15:13:58.537,,,,,,,,,,,,,,,,,,,,,,,,,,,,,,,,,,,,,,,,,,,,,,,,,,,,,,,,,,,,,,,,,,,,,,,,,,,,,,,,,,,,,,,,-50,0,0,0,0,400,0,0,0,0,,,,,,,,,,0,,,,,,0,,
15:13:58.808,,,,,,,,,,,,,,,,,,,,,,,,,,,,,,,,,,,,,,,,,,,,,,,,,,,,,,,,,,,,,,,,,,,,,0,17,123,0,,,0,825.6,,0,0.6000000000000001,9,0,30,0,,,350,825.6,,,,,,,,,,,0,0,62,738.2,4.444,,,,,,,,,,,,,
15:13:58.991,,,,0,,,,20,,,,,,,,,25,22,,,,,,,,25,,,,,0,,,,,,,,,,,,,,,,,,,,,,,,,,,,,,,,,,,,,,,,,,,,,,,,,,,,,,,,,,,,,,,,,,,,,,,,,,,,,,,,,,,,
15:13:59.145,13.3,3.8,738.3,,0,0,27,,22,20,21,21,22,20,20,2.80554,,,1116.2925,4018653,0,0,5.12708333333333,4.10166666666667,3.8453125,,1706.7,1665.2,1274.9,1204.1,,1513,0,0,736,2457,3.84,24,3.84,64,0,1116.2925,0,62,,,,,,,,,,,,,,,,,,,,,,,,,,,,,,,,,,,,,,,,,,,,,,,,,,,,,,,,,,,,,,,,,,,,5.02044,,,
15:13:59.321,,,,,,,,,,,,,,,,,,,,,,,,,,,,,,,,,,,,,,,,,,,,,38,38,,,,,,,39,,,,,,,,,,,,,,,,,,,,,,,,,,,,,,,,,,,,,,,,,,,,,,,,,,,,,,,,,,,,,,
15:13:59.441,,,,,,,,,,,,,,,,,,,,,,,,,,,,,,,,,,,,,,,,,,,,,,,4,19,25.5,15,8.5,25.5,,26.5,26.5,19,,,,,,,,,,,,,,,,,,,,,,,,,,,,,,,,,,,,,,,,,,,,,,,,,,18.6304147559228,,3.1041308098055547,3.1041308098055547,6.772314777190844,14.766,,,0.02806287689574928,
15:13:59.681,,,,,,,,,,,,,,,,,,,,,,,,,,,,,,,,,,,,,,,,,,,,,,,,,,,,,,,,,5.3700000000000045,87,20.5,13.81,741.2,32.5,13.973,31,,,,,,,,,,,,,,,,,,,,,,,,,,,,,,,,,,,,,,,,,,,,,,,,,,,
15:13:59.825,,,,,,,,,,,,,,,,,,,,,,,,,,,,,,,,,,,,,,,,,,,,,,,,,,,,,,,,,,,,,,,,,-2.1,3,,,,,,,,,,,,,,,,,,,,,,,,,,,,,,,,,,,,,,,,,,,,,,,,,
15:14:00.065,,,,,,,,,,,,,,,,,,,,,,,,,,,,,,,,,,,,,,,,,,,,,,,,,,,,,,,,,,,,,,,,,,,,,,,,,,,,,,,,,,,,,,,,,,,,,,,,,,,,,,,17.7243825,13.760294,16,,,,,,,,,,
15:14:00.371,,,,,,,,,,,,,,,,,,,,,,,,,,,,,,,,,,,,,,,,,,,,,,,,,,,,,,,,,,,,,,,,,,,0,0,,,,,27,1,,,0,,,,,,,27,27,,,,,,,,,,,,,,,,,,,,,,,,,,,,,,
15:14:00.571,,,,,,,,,,,,,,,,,,,,,,,,,,,,,,,,,,,,,,,,,,,,,,,,,,,,,,,,,,,,,,,,,,,,,,,,,,,,,,,,,,,,,,,,-50,0,0,0,0,400,0,0,0,0,,,,,,,,,,0,,,,,,0,,
15:14:00.842,,,,,,,,,,,,,,,,,,,,,,,,,,,,,,,,,,,,,,,,,,,,,,,,,,,,,,,,,,,,,,,,,,,,,0,17,123,0,,,0,825.6,,0,0.6000000000000001,9,0,30,0,,,350,825.6,,,,,,,,,,,0,0,62,738.3000000000001,4.442,,,,,,,,,,,,,
15:14:01.032,,,,0,,,,20,,,,,,,,,25,22,,,,,,,,25,,,,,0,,,,,,,,,,,,,,,,,,,,,,,,,,,,,,,,,,,,,,,,,,,,,,,,,,,,,,,,,,,,,,,,,,,,,,,,,,,,,,,,,,,,
15:14:01.173,13.3,3.5,738.3,,0,0,27,,22,20,21,21,22,20,20,2.58405,,,1116.2930555555556,4018655,0,0,5.12708333333333,4.10166666666667,3.8453125,,1706.7,1665.2,1274.9,1204.1,,1528,0,0,736,2457,3.84,24,3.84,61,0,1116.29305555556,0,62,,,,,,,,,,,,,,,,,,,,,,,,,,,,,,,,,,,,,,,,,,,,,,,,,,,,,,,,,,,,,,,,,,,,2.5840499999999995,,,
15:14:01.359,,,,,,,,,,,,,,,,,,,,,,,,,,,,,,,,,,,,,,,,,,,,,38,38,,,,,,,39,,,,,,,,,,,,,,,,,,,,,,,,,,,,,,,,,,,,,,,,,,,,,,,,,,,,,,,,,,,,,,
15:14:01.482,,,,,,,,,,,,,,,,,,,,,,,,,,,,,,,,,,,,,,,,,,,,,,,4,19,25.5,15,8.5,25.5,,26.5,26.5,19,,,,,,,,,,,,,,,,,,,,,,,,,,,,,,,,,,,,,,,,,,,,,,,,,,18.63166770558784,,3.114899657249999,3.114899657249999,7.352798900950059,13.600263157894735,,,0.020968135315051317,
15:14:01.719,,,,,,,,,,,,,,,,,,,,,,,,,,,,,,,,,,,,,,,,,,,,,,,,,,,,,,,,,5.199999999999989,87,20.5,13.791,741.7,32.88,13.995,31,,,,,,,,,,,,,,,,,,,,,,,,,,,,,,,,,,,,,,,,,,,,,,,,,,,
15:14:01.868,,,,,,,,,,,,,,,,,,,,,,,,,,,,,,,,,,,,,,,,,,,,,,,,,,,,,,,,,,,,,,,,,4.9,3,,,,,,,,,,,,,,,,,,,,,,,,,,,,,,,,,,,,,,,,,,,,,,,,,
15:14:02.105,,,,,,,,,,,,,,,,,,,,,,,,,,,,,,,,,,,,,,,,,,,,,,,,,,,,,,,,,,,,,,,,,,,,,,,,,,,,,,,,,,,,,,,,,,,,,,,,,,,,,,,17.577900000000003,13.770548300000002,16,,,,,,,,,,
15:14:02.407,,,,,,,,,,,,,,,,,,,,,,,,,,,,,,,,,,,,,,,,,,,,,,,,,,,,,,,,,,,,,,,,,,,0,0,,,,,27,1,,,0,,,,,,,27,27,,,,,,,,,,,,,,,,,,,,,,,,,,,,,,
15:14:02.589,,,,,,,,,,,,,,,,,,,,,,,,,,,,,,,,,,,,,,,,,,,,,,,,,,,,,,,,,,,,,,,,,,,,,,,,,,,,,,,,,,,,,,,,-50,0,0,0,0,400,0,0,0,0,,,,,,,,,,0,,,,,,0,,
15:14:02.889,,,,,,,,,,,,,,,,,,,,,,,,,,,,,,,,,,,,,,,,,,,,,,,,,,,,,,,,,,,,,,,,,,,,,0,17,123,0,,,0,825.6,,0,0.6000000000000001,9,0,30,0,,,350,825.6,,,,,,,,,,,0,0,62,738.5,4.443,,,,,,,,,,,,,
15:14:03.068,,,,0,,,,20,,,,,,,,,25,22,,,,,,,,25,,,,,0,,,,,,,,,,,,,,,,,,,,,,,,,,,,,,,,,,,,,,,,,,,,,,,,,,,,,,,,,,,,,,,,,,,,,,,,,,,,,,,,,,,,
15:14:03.222,13.3,1.4,738.5,,0,0,27,,22,20,21,21,22,20,20,1.0339,,,1116.2936111111112,4018657,0,0,5.12847222222222,4.10277777777778,3.84635416666667,,1706.7,1665.2,1274.9,1204.1,,1507,0,0,736,2455,3.84,24,3.84,64,0,1116.29361111111,0,62,,,,,,,,,,,,,,,,,,,,,,,,,,,,,,,,,,,,,,,,,,,,,,,,,,,,,,,,,,,,,,,,,,,,2.58475,,,
15:14:03.397,,,,,,,,,,,,,,,,,,,,,,,,,,,,,,,,,,,,,,,,,,,,,38,38,,,,,,,39,,,,,,,,,,,,,,,,,,,,,,,,,,,,,,,,,,,,,,,,,,,,,,,,,,,,,,,,,,,,,,
15:14:03.518,,,,,,,,,,,,,,,,,,,,,,,,,,,,,,,,,,,,,,,,,,,,,,,4,19,25.5,15,8.5,25.5,,26.5,26.5,19,,,,,,,,,,,,,,,,,,,,,,,,,,,,,,,,,,,,,,,,,,,,,,,,,,18.632909692716396,,3.1256468351944435,3.1256468351944435,18.377019054067123,5.441578947368422,,,0.013932404594333755,
15:14:03.758,,,,,,,,,,,,,,,,,,,,,,,,,,,,,,,,,,,,,,,,,,,,,,,,,,,,,,,,,5.329999999999984,87,20.5,13.81,741.9000000000001,33.5,14.002,31,,,,,,,,,,,,,,,,,,,,,,,,,,,,,,,,,,,,,,,,,,,,,,,,,,,
15:14:03.909,,,,,,,,,,,,,,,,,,,,,,,,,,,,,,,,,,,,,,,,,,,,,,,,,,,,,,,,,,,,,,,,,-4.2,3,,,,,,,,,,,,,,,,,,,,,,,,,,,,,,,,,,,,,,,,,,,,,,,,,
15:14:04.150,,,,,,,,,,,,,,,,,,,,,,,,,,,,,,,,,,,,,,,,,,,,,,,,,,,,,,,,,,,,,,,,,,,,,,,,,,,,,,,,,,,,,,,,,,,,,,,,,,,,,,,13.281080000000001,13.760294,16,,,,,,,,,,
15:14:04.450,,,,,,,,,,,,,,,,,,,,,,,,,,,,,,,,,,,,,,,,,,,,,,,,,,,,,,,,,,,,,,,,,,,0,0,,,,,27,1,,,0,,,,,,,27,27,,,,,,,,,,,,,,,,,,,,,,,,,,,,,,
15:14:04.629,,,,,,,,,,,,,,,,,,,,,,,,,,,,,,,,,,,,,,,,,,,,,,,,,,,,,,,,,,,,,,,,,,,,,,,,,,,,,,,,,,,,,,,,-50,0,0,0,0,400,0,0,0,0,,,,,,,,,,0,,,,,,0,,
15:14:04.895,,,,,,,,,,,,,,,,,,,,,,,,,,,,,,,,,,,,,,,,,,,,,,,,,,,,,,,,,,,,,,,,,,,,,0,17,123,0,,,0,825.6,,0,0.6000000000000001,9,0,30,0,,,350,825.6,,,,,,,,,,,0,0,62,738.7,4.443,,,,,,,,,,,,,
15:14:05.076,,,,0,,,,20,,,,,,,,,25,22,,,,,,,,25,,,,,0,,,,,,,,,,,,,,,,,,,,,,,,,,,,,,,,,,,,,,,,,,,,,,,,,,,,,,,,,,,,,,,,,,,,,,,,,,,,,,,,,,,,
15:14:05.232,13.3,-0.8,738.8,,0,0,27,,22,20,20,21,22,20,20,-0.59104,,,1116.2941666666666,4018659,0,0,5.13055555555556,4.10444444444444,3.84791666666667,,1706.7,1665.2,1274.9,1204.1,,1382,0,0,737,2455,3.84,24,3.84,61,0,1116.29416666667,0,62,,,,,,,,,,,,,,,,,,,,,,,,,,,,,,,,,,,,,,,,,,,,,,,,,,,,,,,,,,,,,,,,,,,,-0.59104,,,
15:14:05.406,,,,,,,,,,,,,,,,,,,,,,,,,,,,,,,,,,,,,,,,,,,,,38,38,,,,,,,39,,,,,,,,,,,,,,,,,,,,,,,,,,,,,,,,,,,,,,,,,,,,,,,,,,,,,,,,,,,,,,
15:14:05.526,,,,,,,,,,,,,,,,,,,,,,,,,,,,,,,,,,,,,,,,,,,,,,,4,19,25.5,15,8.5,25.5,,26.5,26.5,17,,,,,,,,,,,,,,,,,,,,,,,,,,,,,,,,,,,,,,,,,,,,,,,,,,18.627495574420667,,3.1351334793055545,3.1351334793055545,-28.76285868976719,-3.4767058823529413,,,-0.0034969241520134515,
15:14:05.765,,,,,,,,,,,,,,,,,,,,,,,,,,,,,,,,,,,,,,,,,,,,,,,,,,,,,,,,,4.9599999999999795,87,20.5,13.791,741.9000000000001,33.51,13.989,31,,,,,,,,,,,,,,,,,,,,,,,,,,,,,,,,,,,,,,,,,,,,,,,,,,,
15:14:05.912,,,,,,,,,,,,,,,,,,,,,,,,,,,,,,,,,,,,,,,,,,,,,,,,,,,,,,,,,,,,,,,,,-32.1,3,,,,,,,,,,,,,,,,,,,,,,,,,,,,,,,,,,,,,,,,,,,,,,,,,
15:14:06.157,,,,,,,,,,,,,,,,,,,,,,,,,,,,,,,,,,,,,,,,,,,,,,,,,,,,,,,,,,,,,,,,,,,,,,,,,,,,,,,,,,,,,,,,,,,,,,,,,,,,,,,8.300675,13.7695717,16.765625,,,,,,,,,,
15:14:06.458,,,,,,,,,,,,,,,,,,,,,,,,,,,,,,,,,,,,,,,,,,,,,,,,,,,,,,,,,,,,,,,,,,,0,0,,,,,27,1,,,0,,,,,,,27,27,,,,,,,,,,,,,,,,,,,,,,,,,,,,,,
15:14:06.639,,,,,,,,,,,,,,,,,,,,,,,,,,,,,,,,,,,,,,,,,,,,,,,,,,,,,,,,,,,,,,,,,,,,,,,,,,,,,,,,,,,,,,,,-50,0,0,0,0,400,0,0,0,0,,,,,,,,,,0,,,,,,0,,
15:14:06.908,,,,,,,,,,,,,,,,,,,,,,,,,,,,,,,,,,,,,,,,,,,,,,,,,,,,,,,,,,,,,,,,,,,,,0,17,123,0,,,0,825.6,,0,0.6000000000000001,9,0,30,0,,,350,825.6,,,,,,,,,,,0,0,62,738.9000000000001,4.444,,,,,,,,,,,,,
15:14:07.087,,,,0,,,,20,,,,,,,,,25,22,,,,,,,,25,,,,,0,,,,,,,,,,,,,,,,,,,,,,,,,,,,,,,,,,,,,,,,,,,,,,,,,,,,,,,,,,,,,,,,,,,,,,,,,,,,,,,,,,,,
15:14:07.233,13.3,0,738.8,,0,0,27,,22,20,20,21,22,20,20,0,,,1116.2947222222222,4018661,0,0,5.13055555555556,4.10444444444444,3.84791666666667,,1706.7,1665.2,1274.9,1204.1,,1198,0,0,737,2455,3.84,24,3.84,64,0,1116.29472222222,0,62,,,,,,,,,,,,,,,,,,,,,,,,,,,,,,,,,,,,,,,,,,,,,,,,,,,,,,,,,,,,,,,,,,,,0,,,
15:14:07.415,,,,,,,,,,,,,,,,,,,,,,,,,,,,,,,,,,,,,,,,,,,,,38,38,,,,,,,38,,,,,,,,,,,,,,,,,,,,,,,,,,,,,,,,,,,,,,,,,,,,,,,,,,,,,,,,,,,,,,
15:14:07.536,,,,,,,,,,,,,,,,,,,,,,,,,,,,,,,,,,,,,,,,,,,,,,,4,19,25.5,15,8.5,25.5,,26.5,26.5,15,,,,,,,,,,,,,,,,,,,,,,,,,,,,,,,,,,,,,,,,,,,,,,,,,,18.615503999408784,,3.1435068972222213,3.1435068972222213,,0,,,-0.01399652432691186,
15:14:07.776,,,,,,,,,,,,,,,,,,,,,,,,,,,,,,,,,,,,,,,,,,,,,,,,,,,,,,,,,5.400000000000034,87,20.5,13.803,741.9000000000001,34.26,14.011,31,,,,,,,,,,,,,,,,,,,,,,,,,,,,,,,,,,,,,,,,,,,,,,,,,,,
15:14:07.926,,,,,,,,,,,,,,,,,,,,,,,,,,,,,,,,,,,,,,,,,,,,,,,,,,,,,,,,,,,,,,,,,-37.300000000000004,3,,,,,,,,,,,,,,,,,,,,,,,,,,,,,,,,,,,,,,,,,,,,,,,,,
15:14:08.171,,,,,,,,,,,,,,,,,,,,,,,,,,,,,,,,,,,,,,,,,,,,,,,,,,,,,,,,,,,,,,,,,,,,,,,,,,,,,,,,,,,,,,,,,,,,,,,,,,,,,,,0,13.770548300000002,12,,,,,,,,,,
15:14:08.470,,,,,,,,,,,,,,,,,,,,,,,,,,,,,,,,,,,,,,,,,,,,,,,,,,,,,,,,,,,,,,,,,,,0,0,,,,,27,1,,,0,,,,,,,27,27,,,,,,,,,,,,,,,,,,,,,,,,,,,,,,
15:14:08.650,,,,,,,,,,,,,,,,,,,,,,,,,,,,,,,,,,,,,,,,,,,,,,,,,,,,,,,,,,,,,,,,,,,,,,,,,,,,,,,,,,,,,,,,-50,0,0,0,0,400,0,0,0,0,,,,,,,,,,0,,,,,,0,,
15:14:08.921,,,,,,,,,,,,,,,,,,,,,,,,,,,,,,,,,,,,,,,,,,,,,,,,,,,,,,,,,,,,,,,,,,,,,0,17,123,0,,,0,825.6,,0,0.6000000000000001,9,0,30,0,,,350,825.6,,,,,,,,,,,0,0,62,739,4.444,,,,,,,,,,,,,
15:14:09.096,,,,0,,,,20,,,,,,,,,25,22,,,,,,,,25,,,,,0,,,,,,,,,,,,,,,,,,,,,,,,,,,,,,,,,,,,,,,,,,,,,,,,,,,,,,,,,,,,,,,,,,,,,,,,,,,,,,,,,,,,
15:14:09.250,13.3,-4,739.1,,0,0,27,,22,20,21,21,22,20,20,-2.9564,,,1116.2952777777778,4018663,0,0,5.13263888888889,4.10611111111111,3.84947916666667,,1706.7,1665.2,1274.9,1204.1,,1001,0,0,737,2455,3.84,24,3.84,2,0,1116.29527777778,0,62,,,,,,,,,,,,,,,,,,,,,,,,,,,,,,,,,,,,,,,,,,,,,,,,,,,,,,,,,,,,,,,,,,,,-2.9564,,,
15:14:09.428,,,,,,,,,,,,,,,,,,,,,,,,,,,,,,,,,,,,,,,,,,,,,38,38,,,,,,,38,,,,,,,,,,,,,,,,,,,,,,,,,,,,,,,,,,,,,,,,,,,,,,,,,,,,,,,,,,,,,,
15:14:09.551,,,,,,,,,,,,,,,,,,,,,,,,,,,,,,,,,,,,,,,,,,,,,,,4,19,25.5,15,8.5,25.5,,26.5,26.5,11,,,,,,,,,,,,,,,,,,,,,,,,,,,,,,,,,,,,,,,,,,,,,,,,,,18.59035162602732,,3.1496621904444435,3.1496621904444435,-3.720741442294683,-26.876363636363635,,,-0.028082311948503375,
15:14:09.785,,,,,,,,,,,,,,,,,,,,,,,,,,,,,,,,,,,,,,,,,,,,,,,,,,,,,,,,,5.1200000000000045,87,20.5,13.785,742.8000000000001,38.48,13.989,31,,,,,,,,,,,,,,,,,,,,,,,,,,,,,,,,,,,,,,,,,,,,,,,,,,,
15:14:09.935,,,,,,,,,,,,,,,,,,,,,,,,,,,,,,,,,,,,,,,,,,,,,,,,,,,,,,,,,,,,,,,,,-44,3,,,,,,,,,,,,,,,,,,,,,,,,,,,,,,,,,,,,,,,,,,,,,,,,,
15:14:10.190,,,,,,,,,,,,,,,,,,,,,,,,,,,,,,,,,,,,,,,,,,,,,,,,,,,,,,,,,,,,,,,,,,,,,,,,,,,,,,,,,,,,,,,,,,,,,,,,,,,,,,,0,13.740762,9.734375,,,,,,,,,,
15:14:10.478,,,,,,,,,,,,,,,,,,,,,,,,,,,,,,,,,,,,,,,,,,,,,,,,,,,,,,,,,,,,,,,,,,,0,0,,,,,27,1,,,0,,,,,,,27,27,,,,,,,,,,,,,,,,,,,,,,,,,,,,,,
15:14:10.658,,,,,,,,,,,,,,,,,,,,,,,,,,,,,,,,,,,,,,,,,,,,,,,,,,,,,,,,,,,,,,,,,,,,,,,,,,,,,,,,,,,,,,,,-50,0,0,0,0,400,0,0,0,0,,,,,,,,,,0,,,,,,0,,
15:14:10.932,,,,,,,,,,,,,,,,,,,,,,,,,,,,,,,,,,,,,,,,,,,,,,,,,,,,,,,,,,,,,,,,,,,,,0,17,123,0,,,0,825.6,,0,0.6000000000000001,9,0,30,0,,,350,825.6,,,,,,,,,,,0,0,62,739.4000000000001,4.443,,,,,,,,,,,,,
15:14:11.108,,,,0,,,,20,,,,,,,,,25,22,,,,,,,,25,,,,,0,,,,,,,,,,,,,,,,,,,,,,,,,,,,,,,,,,,,,,,,,,,,,,,,,,,,,,,,,,,,,,,,,,,,,,,,,,,,,,,,,,,,
15:14:11.257,13.3,-1.7,739.1,,0,0,27,,22,20,20,21,22,20,20,-1.25647,,,1116.2958333333333,4018665,0,0,5.13263888888889,4.10611111111111,3.84947916666667,,1706.7,1665.2,1274.9,1204.1,,367,0,0,737,2455,3.84,22,3.84,61,0,1116.29583333333,0,62,,,,,,,,,,,,,,,,,,,,,,,,,,,,,,,,,,,,,,,,,,,,,,,,,,,,,,,,,,,,,,,,,,,,-1.25647,,,
15:14:11.436,,,,,,,,,,,,,,,,,,,,,,,,,,,,,,,,,,,,,,,,,,,,,38,38,,,,,,,38,,,,,,,,,,,,,,,,,,,,,,,,,,,,,,,,,,,,,,,,,,,,,,,,,,,,,,,,,,,,,,
15:14:11.555,,,,,,,,,,,,,,,,,,,,,,,,,,,,,,,,,,,,,,,,,,,,,,,4,19,25.5,15,8.5,25.5,,26.5,26.5,4,,,,,,,,,,,,,,,,,,,,,,,,,,,,,,,,,,,,,,,,,,,,,,,,,,18.542557546758992,,3.1518894056666658,3.1518894056666658,-3.1835220896639,-31.411749999999998,,,-0.05286205060008409,
15:14:11.795,,,,,,,,,,,,,,,,,,,,,,,,,,,,,,,,,,,,,,,,,,,,,,,,,,,,,,,,,5.180000000000007,87,20.5,13.786000000000001,741.9000000000001,37.41,14.009,31,,,,,,,,,,,,,,,,,,,,,,,,,,,,,,,,,,,,,,,,,,,,,,,,,,,
15:14:11.944,,,,,,,,,,,,,,,,,,,,,,,,,,,,,,,,,,,,,,,,,,,,,,,,,,,,,,,,,,,,,,,,,-29.200000000000003,3,,,,,,,,,,,,,,,,,,,,,,,,,,,,,,,,,,,,,,,,,,,,,,,,,
15:14:12.190,,,,,,,,,,,,,,,,,,,,,,,,,,,,,,,,,,,,,,,,,,,,,,,,,,,,,,,,,,,,,,,,,,,,,,,,,,,,,,,,,,,,,,,,,,,,,,,,,,,,,,,0,13.740762,0,,,,,,,,,,
15:14:12.487,,,,,,,,,,,,,,,,,,,,,,,,,,,,,,,,,,,,,,,,,,,,,,,,,,,,,,,,,,,,,,,,,,,0,0,,,,,27,1,,,0,,,,,,,27,27,,,,,,,,,,,,,,,,,,,,,,,,,,,,,,
15:14:12.668,,,,,,,,,,,,,,,,,,,,,,,,,,,,,,,,,,,,,,,,,,,,,,,,,,,,,,,,,,,,,,,,,,,,,,,,,,,,,,,,,,,,,,,,-50,0,0,0,0,400,0,0,0,0,,,,,,,,,,0,,,,,,0,,
15:14:12.941,,,,,,,,,,,,,,,,,,,,,,,,,,,,,,,,,,,,,,,,,,,,,,,,,,,,,,,,,,,,,,,,,,,,,0,17,123,0,,,0,825.6,,0,0.6000000000000001,9,0,30,0,,,350,825.6,,,,,,,,,,,0,0,62,738.8000000000001,4.444,,,,,,,,,,,,,
15:14:13.116,,,,0,,,,20,,,,,,,,,25,22,,,,,,,,25,,,,,0,,,,,,,,,,,,,,,,,,,,,,,,,,,,,,,,,,,,,,,,,,,,,,,,,,,,,,,,,,,,,,,,,,,,,,,,,,,,,,,,,,,,
15:14:13.271,13.3,1.4,738.8,,0,0,26,,22,20,21,21,22,20,20,1.03432,,,1116.296388888889,4018667,0,0,5.13055555555556,4.10444444444444,3.84791666666667,,1706.7,1665.2,1274.9,1204.1,,134,0,0,737,2452,3.84,24,3.84,64,0,1116.29638888889,0,62,,,,,,,,,,,,,,,,,,,,,,,,,,,,,,,,,,,,,,,,,,,,,,,,,,,,,,,,,,,,,,,,,,,,-1.2559599999999997,,,
15:14:13.445,,,,,,,,,,,,,,,,,,,,,,,,,,,,,,,,,,,,,,,,,,,,,38,38,,,,,,,38,,,,,,,,,,,,,,,,,,,,,,,,,,,,,,,,,,,,,,,,,,,,,,,,,,,,,,,,,,,,,,
15:14:13.565,,,,,,,,,,,,,,,,,,,,,,,,,,,,,,,,,,,,,,,,,,,,,,,4,19,25.5,15,8.5,25.5,,26.5,26.5,1,,,,,,,,,,,,,,,,,,,,,,,,,,,,,,,,,,,,,,,,,,,,,,,,,,18.485144942796126,,3.152447548499999,3.152447548499999,0.9668187794879729,103.43199999999999,,,-0.056382336148776954,
15:14:13.805,,,,,,,,,,,,,,,,,,,,,,,,,,,,,,,,,,,,,,,,,,,,,,,,,,,,,,,,,5.579999999999984,87,20.5,13.806000000000001,741.9000000000001,35.1,13.996,31,,,,,,,,,,,,,,,,,,,,,,,,,,,,,,,,,,,,,,,,,,,,,,,,,,,
15:14:13.954,,,,,,,,,,,,,,,,,,,,,,,,,,,,,,,,,,,,,,,,,,,,,,,,,,,,,,,,,,,,,,,,,-90,3,,,,,,,,,,,,,,,,,,,,,,,,,,,,,,,,,,,,,,,,,,,,,,,,,
15:14:14.198,,,,,,,,,,,,,,,,,,,,,,,,,,,,,,,,,,,,,,,,,,,,,,,,,,,,,,,,,,,,,,,,,,,,,,,,,,,,,,,,,,,,,,,,,,,,,,,,,,,,,,,0,13.770548300000002,0,,,,,,,,,,
15:14:14.498,,,,,,,,,,,,,,,,,,,,,,,,,,,,,,,,,,,,,,,,,,,,,,,,,,,,,,,,,,,,,,,,,,,0,0,,,,,27,1,,,0,,,,,,,27,27,,,,,,,,,,,,,,,,,,,,,,,,,,,,,,
15:14:14.679,,,,,,,,,,,,,,,,,,,,,,,,,,,,,,,,,,,,,,,,,,,,,,,,,,,,,,,,,,,,,,,,,,,,,,,,,,,,,,,,,,,,,,,,-50,0,0,0,0,400,0,0,0,0,,,,,,,,,,0,,,,,,0,,
15:14:14.973,,,,,,,,,,,,,,,,,,,,,,,,,,,,,,,,,,,,,,,,,,,,,,,,,,,,,,,,,,,,,,,,,,,,,0,17,123,0,,,0,825.6,,0,0.6000000000000001,9,0,30,0,,,350,825.6,,,,,,,,,,,0,0,62,738.6,4.444,,,,,,,,,,,,,
15:14:15.158,,,,0,,,,20,,,,,,,,,25,22,,,,,,,,25,,,,,0,,,,,,,,,,,,,,,,,,,,,,,,,,,,,,,,,,,,,,,,,,,,,,,,,,,,,,,,,,,,,,,,,,,,,,,,,,,,,,,,,,,,
15:14:15.304,13.3,2.8,738.6,,0,0,27,,22,20,21,21,22,20,20,2.06808,,,1116.2969444444445,4018669,0,0,5.12916666666667,4.10333333333333,3.846875,,1706.7,1665.2,1274.9,1204.1,,345,0,0,736,2452,3.84,24,3.84,61,0,1116.29694444444,0,62,,,,,,,,,,,,,,,,,,,,,,,,,,,,,,,,,,,,,,,,,,,,,,,,,,,,,,,,,,,,,,,,,,,,1.03404,,,
15:14:15.487,,,,,,,,,,,,,,,,,,,,,,,,,,,,,,,,,,,,,,,,,,,,,38,38,,,,,,,39,,,,,,,,,,,,,,,,,,,,,,,,,,,,,,,,,,,,,,,,,,,,,,,,,,,,,,,,,,,,,,
15:14:15.606,,,,,,,,,,,,,,,,,,,,,,,,,,,,,,,,,,,,,,,,,,,,,,,4,19,25.5,15,8.5,25.5,,26.5,26.5,4,,,,,,,,,,,,,,,,,,,,,,,,,,,,,,,,,,,,,,,,,,,,,,,,,,18.437134403325313,,3.154716056499999,3.154716056499999,1.9341611543073767,51.702000000000005,,,,
15:14:15.851,,,,,,,,,,,,,,,,,,,,,,,,,,,,,,,,,,,,,,,,,,,,,,,,,,,,,,,,,5.259999999999991,87,20.5,13.81,741.9000000000001,32.48,14.012,31,,,,,,,,,,,,,,,,,,,,,,,,,,,,,,,,,,,,,,,,,,,,,,,,,,,
15:14:15.996,,,,,,,,,,,,,,,,,,,,,,,,,,,,,,,,,,,,,,,,,,,,,,,,,,,,,,,,,,,,,,,,,-0.7000000000000001,3,,,,,,,,,,,,,,,,,,,,,,,,,,,,,,,,,,,,,,,,,,,,,,,,,
15:14:16.235,,,,,,,,,,,,,,,,,,,,,,,,,,,,,,,,,,,,,,,,,,,,,,,,,,,,,,,,,,,,,,,,,,,,,,,,,,,,,,,,,,,,,,,,,,,,,,,,,,,,,,,0,13.770548300000002,5.28125,,,,,,,,,,
15:14:16.507,,,,,,,,,,,,,,,,,,,,,,,,,,,,,,,,,,,,,,,,,,,,,,,,,,,,,,,,,,,,,,,,,,,0,0,,,,,27,1,,,0,,,,,,,27,27,,,,,,,,,,,,,,,,,,,,,,,,,,,,,,
15:14:16.688,,,,,,,,,,,,,,,,,,,,,,,,,,,,,,,,,,,,,,,,,,,,,,,,,,,,,,,,,,,,,,,,,,,,,,,,,,,,,,,,,,,,,,,,-50,0,0,0,0,400,0,0,0,0,,,,,,,,,,0,,,,,,0,,
15:14:16.955,,,,,,,,,,,,,,,,,,,,,,,,,,,,,,,,,,,,,,,,,,,,,,,,,,,,,,,,,,,,,,,,,,,,,0,17,123,0,,,0,825.6,,0,0.6000000000000001,9,0,30,0,,,350,825.6,,,,,,,,,,,0,0,62,738.6,4.443,,,,,,,,,,,,,
15:14:17.138,,,,0,,,,20,,,,,,,,,25,22,,,,,,,,25,,,,,0,,,,,,,,,,,,,,,,,,,,,,,,,,,,,,,,,,,,,,,,,,,,,,,,,,,,,,,,,,,,,,,,,,,,,,,,,,,,,,,,,,,,
15:14:17.287,13.3,1.5,738.7,,0,0,27,,22,20,20,21,22,20,20,1.10805,,,1116.2975,4018671,0,0,5.12986111111111,4.10388888888889,3.84739583333333,,1706.7,1665.2,1274.9,1204.1,,405,0,0,737,2452,3.84,22,3.84,61,0,1116.2975,0,62,,,,,,,,,,,,,,,,,,,,,,,,,,,,,,,,,,,,,,,,,,,,,,,,,,,,,,,,,,,,,,,,,,,,1.1080500000000002,,,
15:14:17.463,,,,,,,,,,,,,,,,,,,,,,,,,,,,,,,,,,,,,,,,,,,,,38,38,,,,,,,39,,,,,,,,,,,,,,,,,,,,,,,,,,,,,,,,,,,,,,,,,,,,,,,,,,,,,,,,,,,,,,
15:14:17.619,,,,,,,,,,,,,,,,,,,,,,,,,,,,,,,,,,,,,,,,,,,,,,,4,19,25.5,15,8.5,25.5,,26.5,26.5,4,,,,,,,,,,,,,,,,,,,,,,,,,,,,,,,,,,,,,,,,,,,,,,,,,,18.390120683653812,,3.15695213261111,3.15695213261111,3.6099453995758313,27.70125,,,,
15:14:17.853,,,,,,,,,,,,,,,,,,,,,,,,,,,,,,,,,,,,,,,,,,,,,,,,,,,,,,,,,5.160000000000025,87,20.5,13.782,741.9000000000001,37.44,14,31,,,,,,,,,,,,,,,,,,,,,,,,,,,,,,,,,,,,,,,,,,,,,,,,,,,
15:14:18.004,,,,,,,,,,,,,,,,,,,,,,,,,,,,,,,,,,,,,,,,,,,,,,,,,,,,,,,,,,,,,,,,,16.5,3,,,,,,,,,,,,,,,,,,,,,,,,,,,,,,,,,,,,,,,,,,,,,,,,,
15:14:18.249,,,,,,,,,,,,,,,,,,,,,,,,,,,,,,,,,,,,,,,,,,,,,,,,,,,,,,,,,,,,,,,,,,,,,,,,,,,,,,,,,,,,,,,,,,,,,,,,,,,,,,,0,13.7495514,0,,,,,,,,,,
15:14:18.518,,,,,,,,,,,,,,,,,,,,,,,,,,,,,,,,,,,,,,,,,,,,,,,,,,,,,,,,,,,,,,,,,,,0,0,,,,,27,1,,,0,,,,,,,27,27,,,,,,,,,,,,,,,,,,,,,,,,,,,,,,
15:14:18.701,,,,,,,,,,,,,,,,,,,,,,,,,,,,,,,,,,,,,,,,,,,,,,,,,,,,,,,,,,,,,,,,,,,,,,,,,,,,,,,,,,,,,,,,-50,0,0,0,0,400,0,0,0,0,,,,,,,,,,0,,,,,,0,,
15:14:18.966,,,,,,,,,,,,,,,,,,,,,,,,,,,,,,,,,,,,,,,,,,,,,,,,,,,,,,,,,,,,,,,,,,,,,0,17,123,0,,,0,825.6,,0,0.6000000000000001,9,0,30,0,,,350,825.6,,,,,,,,,,,0,0,62,738.7,4.444,,,,,,,,,,,,,
15:14:19.174,,,,0,,,,20,,,,,,,,,25,22,,,,,,,,25,,,,,0,,,,,,,,,,,,,,,,,,,,,,,,,,,,,,,,,,,,,,,,,,,,,,,,,,,,,,,,,,,,,,,,,,,,,,,,,,,,,,,,,,,,
15:14:19.323,13.3,1.8,738.7,,0,0,27,,22,20,21,21,22,20,20,1.32966,,,1116.2980555555555,4018673,0,0,5.12986111111111,4.10388888888889,3.84739583333333,,1706.7,1665.2,1274.9,1204.1,,155,0,0,737,2452,3.84,24,3.84,64,0,1116.29805555556,0,62,,,,,,,,,,,,,,,,,,,,,,,,,,,,,,,,,,,,,,,,,,,,,,,,,,,,,,,,,,,,,,,,,,,,1.1080500000000002,,,
15:14:19.506,,,,,,,,,,,,,,,,,,,,,,,,,,,,,,,,,,,,,,,,,,,,,38,38,,,,,,,39,,,,,,,,,,,,,,,,,,,,,,,,,,,,,,,,,,,,,,,,,,,,,,,,,,,,,,,,,,,,,,
15:14:19.627,,,,,,,,,,,,,,,,,,,,,,,,,,,,,,,,,,,,,,,,,,,,,,,4,19,25.5,15,8.5,25.5,,26.5,26.5,2,,,,,,,,,,,,,,,,,,,,,,,,,,,,,,,,,,,,,,,,,,,,,,,,,,18.337038397738343,,3.1580676845555544,3.1580676845555544,1.5041439164899297,66.483,,,,
15:14:19.931,,,,,,,,,,,,,,,,,,,,,,,,,,,,,,,,,,,,,,,,,,,,,,,,,,,,,,,,,5.28000000000003,87,20.5,13.81,741.9000000000001,32.15,13.997,31,,,,,,,,,,,,,,,,,,,,,,,,,,,,,,,,,,,,,,,,,,,,,,,,,,,
15:14:20.076,,,,,,,,,,,,,,,,,,,,,,,,,,,,,,,,,,,,,,,,,,,,,,,,,,,,,,,,,,,,,,,,,4.7,3,,,,,,,,,,,,,,,,,,,,,,,,,,,,,,,,,,,,,,,,,,,,,,,,,
15:14:20.344,,,,,,,,,,,,,,,,,,,,,,,,,,,,,,,,,,,,,,,,,,,,,,,,,,,,,,,,,,,,,,,,,,,,,,,,,,,,,,,,,,,,,,,,,,,,,,,,,,,,,,,18.4079675,13.770548300000002,0,,,,,,,,,,
15:14:20.618,,,,,,,,,,,,,,,,,,,,,,,,,,,,,,,,,,,,,,,,,,,,,,,,,,,,,,,,,,,,,,,,,,,0,0,,,,,27,1,,,0,,,,,,,27,27,,,,,,,,,,,,,,,,,,,,,,,,,,,,,,
15:14:20.801,,,,,,,,,,,,,,,,,,,,,,,,,,,,,,,,,,,,,,,,,,,,,,,,,,,,,,,,,,,,,,,,,,,,,,,,,,,,,,,,,,,,,,,,-50,0,0,0,0,400,0,0,0,0,,,,,,,,,,0,,,,,,0,,
15:14:21.069,,,,,,,,,,,,,,,,,,,,,,,,,,,,,,,,,,,,,,,,,,,,,,,,,,,,,,,,,,,,,,,,,,,,,0,17,123,0,,,0,825.6,,0,0.6000000000000001,9,0,30,0,,,350,825.6,,,,,,,,,,,0,0,62,738.3000000000001,4.444,,,,,,,,,,,,,
15:14:21.243,,,,0,,,,20,,,,,,,,,25,22,,,,,,,,25,,,,,0,,,,,,,,,,,,,,,,,,,,,,,,,,,,,,,,,,,,,,,,,,,,,,,,,,,,,,,,,,,,,,,,,,,,,,,,,,,,,,,,,,,,
15:14:21.404,13.3,3.2,738.5,,0,0,27,,22,20,20,21,22,20,20,2.3632,,,1116.298611111111,4018675,0,0,5.12847222222222,4.10277777777778,3.84635416666667,,1706.7,1665.2,1274.9,1204.2,,471,0,0,736,2458,3.84,22,3.84,181,0,1116.29861111111,0,62,,,,,,,,,,,,,,,,,,,,,,,,,,,,,,,,,,,,,,,,,,,,,,,,,,,,,,,,,,,,,,,,,,,,1.3293,,,
15:14:21.576,,,,,,,,,,,,,,,,,,,,,,,,,,,,,,,,,,,,,,,,,,,,,38,38,,,,,,,39,,,,,,,,,,,,,,,,,,,,,,,,,,,,,,,,,,,,,,,,,,,,,,,,,,,,,,,,,,,,,,
15:14:21.698,,,,,,,,,,,,,,,,,,,,,,,,,,,,,,,,,,,,,,,,,,,,,,,4,19,25.5,15,8.5,25.5,,26.5,26.5,6,,,,,,,,,,,,,,,,,,,,,,,,,,,,,,,,,,,,,,,,,,,,,,,,,,18.295956487547663,,3.1615201700555544,3.1615201700555544,2.5389302640487474,39.38666666666667,,,,
15:14:21.939,,,,,,,,,,,,,,,,,,,,,,,,,,,,,,,,,,,,,,,,,,,,,,,,,,,,,,,,,5.090000000000032,87,20.5,13.796,741.9000000000001,37.18,13.993,31,,,,,,,,,,,,,,,,,,,,,,,,,,,,,,,,,,,,,,,,,,,,,,,,,,,
15:14:22.091,,,,,,,,,,,,,,,,,,,,,,,,,,,,,,,,,,,,,,,,,,,,,,,,,,,,,,,,,,,,,,,,,-114.80000000000001,3,,,,,,,,,,,,,,,,,,,,,,,,,,,,,,,,,,,,,,,,,,,,,,,,,
15:14:22.327,,,,,,,,,,,,,,,,,,,,,,,,,,,,,,,,,,,,,,,,,,,,,,,,,,,,,,,,,,,,,,,,,,,,,,,,,,,,,,,,,,,,,,,,,,,,,,,,,,,,,,,0,13.740762,4,,,,,,,,,,
15:14:22.597,,,,,,,,,,,,,,,,,,,,,,,,,,,,,,,,,,,,,,,,,,,,,,,,,,,,,,,,,,,,,,,,,,,0,0,,,,,27,1,,,0,,,,,,,27,27,,,,,,,,,,,,,,,,,,,,,,,,,,,,,,
15:14:22.777,,,,,,,,,,,,,,,,,,,,,,,,,,,,,,,,,,,,,,,,,,,,,,,,,,,,,,,,,,,,,,,,,,,,,,,,,,,,,,,,,,,,,,,,-50,0,0,0,0,400,0,0,0,0,,,,,,,,,,0,,,,,,0,,
15:14:23.051,,,,,,,,,,,,,,,,,,,,,,,,,,,,,,,,,,,,,,,,,,,,,,,,,,,,,,,,,,,,,,,,,,,,,0,17,123,0,,,0,825.6,,0,0.6000000000000001,9,0,30,0,,,350,825.6,,,,,,,,,,,0,0,62,738.6,4.44,,,,,,,,,,,,,
15:14:23.232,,,,0,,,,20,,,,,,,,,25,22,,,,,,,,25,,,,,0,,,,,,,,,,,,,,,,,,,,,,,,,,,,,,,,,,,,,,,,,,,,,,,,,,,,,,,,,,,,,,,,,,,,,,,,,,,,,,,,,,,,
15:14:23.502,13.3,2.7,738.6,,0,0,27,,22,20,21,21,22,20,20,1.99422,,,1116.2991666666667,4018677,0,0,5.12916666666667,4.10333333333333,3.846875,,1706.7,1665.2,1274.9,1204.2,,490,0,0,736,2458,3.84,24,3.84,64,0,1116.29916666667,0,62,,,,,,,,,,,,,,,,,,,,,,,,,,,,,,,,,,,,,,,,,,,,,,,,,,,,,,,,,,,,,,,,,,,,1.9942200000000003,,,
15:14:23.677,,,,,,,,,,,,,,,,,,,,,,,,,,,,,,,,,,,,,,,,,,,,,38,38,,,,,,,39,,,,,,,,,,,,,,,,,,,,,,,,,,,,,,,,,,,,,,,,,,,,,,,,,,,,,,,,,,,,,,
15:14:23.796,,,,,,,,,,,,,,,,,,,,,,,,,,,,,,,,,,,,,,,,,,,,,,,4,19,25.5,15,8.5,25.5,,26.5,26.5,6,,,,,,,,,,,,,,,,,,,,,,,,,,,,,,,,,,,,,,,,,,,,,,,,,,18.254622530993963,,3.165017196222221,3.165017196222221,3.0086951289225863,33.237,,,,
15:14:24.039,,,,,,,,,,,,,,,,,,,,,,,,,,,,,,,,,,,,,,,,,,,,,,,,,,,,,,,,,5.259999999999991,87,20.5,13.814,741.2,32.53,14.001,31,,,,,,,,,,,,,,,,,,,,,,,,,,,,,,,,,,,,,,,,,,,,,,,,,,,
15:14:24.193,,,,,,,,,,,,,,,,,,,,,,,,,,,,,,,,,,,,,,,,,,,,,,,,,,,,,,,,,,,,,,,,,15.600000000000001,3,,,,,,,,,,,,,,,,,,,,,,,,,,,,,,,,,,,,,,,,,,,,,,,,,
15:14:24.422,,,,,,,,,,,,,,,,,,,,,,,,,,,,,,,,,,,,,,,,,,,,,,,,,,,,,,,,,,,,,,,,,,,,,,,,,,,,,,,,,,,,,,,,,,,,,,,,,,,,,,,14.25763,13.779337700000001,4,,,,,,,,,,
15:14:24.725,,,,,,,,,,,,,,,,,,,,,,,,,,,,,,,,,,,,,,,,,,,,,,,,,,,,,,,,,,,,,,,,,,,0,0,,,,,27,1,,,0,,,,,,,27,27,,,,,,,,,,,,,,,,,,,,,,,,,,,,,,
15:14:24.910,,,,,,,,,,,,,,,,,,,,,,,,,,,,,,,,,,,,,,,,,,,,,,,,,,,,,,,,,,,,,,,,,,,,,,,,,,,,,,,,,,,,,,,,-50,0,0,0,0,400,0,0,0,0,,,,,,,,,,0,,,,,,0,,
15:14:25.175,,,,,,,,,,,,,,,,,,,,,,,,,,,,,,,,,,,,,,,,,,,,,,,,,,,,,,,,,,,,,,,,,,,,,0,17,123,0,,,0,825.6,,0,0.6000000000000001,9,0,30,0,,,350,825.6,,,,,,,,,,,0,0,62,738.1,4.444,,,,,,,,,,,,,
15:14:25.356,,,,0,,,,20,,,,,,,,,25,22,,,,,,,,25,,,,,0,,,,,,,,,,,,,,,,,,,,,,,,,,,,,,,,,,,,,,,,,,,,,,,,,,,,,,,,,,,,,,,,,,,,,,,,,,,,,,,,,,,,
15:14:25.509,13.3,6,738.2,,0,0,27,,22,20,21,21,22,20,20,4.4292,,,1116.2997222222223,4018679,0,0,5.12638888888889,4.10111111111111,3.84479166666667,,1706.7,1665.2,1274.9,1204.2,,682,0,0,736,2458,3.84,24,3.84,2,0,1116.29972222222,0,62,,,,,,,,,,,,,,,,,,,,,,,,,,,,,,,,,,,,,,,,,,,,,,,,,,,,,,,,,,,,,,,,,,,,1.9931400000000004,,,
15:14:25.718,,,,,,,,,,,,,,,,,,,,,,,,,,,,,,,,,,,,,,,,,,,,,38,38,,,,,,,38,,,,,,,,,,,,,,,,,,,,,,,,,,,,,,,,,,,,,,,,,,,,,,,,,,,,,,,,,,,,,,
15:14:25.837,,,,,,,,,,,,,,,,,,,,,,,,,,,,,,,,,,,,,,,,,,,,,,,4,19,25.5,15,8.5,25.5,,26.5,26.5,8,,,,,,,,,,,,,,,,,,,,,,,,,,,,,,,,,,,,,,,,,,,,,,,,,,18.221133840957286,,3.1695617664444433,3.1695617664444433,1.8061952497064933,55.365,,,,
15:14:26.080,,,,,,,,,,,,,,,,,,,,,,,,,,,,,,,,,,,,,,,,,,,,,,,,,,,,,,,,,5.090000000000032,87,20.5,13.803,741.4000000000001,34.47,14.001,31,,,,,,,,,,,,,,,,,,,,,,,,,,,,,,,,,,,,,,,,,,,,,,,,,,,
15:14:26.236,,,,,,,,,,,,,,,,,,,,,,,,,,,,,,,,,,,,,,,,,,,,,,,,,,,,,,,,,,,,,,,,,40,3,,,,,,,,,,,,,,,,,,,,,,,,,,,,,,,,,,,,,,,,,,,,,,,,,
15:14:26.468,,,,,,,,,,,,,,,,,,,,,,,,,,,,,,,,,,,,,,,,,,,,,,,,,,,,,,,,,,,,,,,,,,,,,,,,,,,,,,,,,,,,,,,,,,,,,,,,,,,,,,,3.9550275000000004,13.7695717,8.609375,,,,,,,,,,
15:14:26.738,,,,,,,,,,,,,,,,,,,,,,,,,,,,,,,,,,,,,,,,,,,,,,,,,,,,,,,,,,,,,,,,,,,0,0,,,,,27,1,,,0,,,,,,,27,27,,,,,,,,,,,,,,,,,,,,,,,,,,,,,,
15:14:26.918,,,,,,,,,,,,,,,,,,,,,,,,,,,,,,,,,,,,,,,,,,,,,,,,,,,,,,,,,,,,,,,,,,,,,,,,,,,,,,,,,,,,,,,,-50,0,0,0,0,400,0,0,0,0,,,,,,,,,,0,,,,,,0,,
15:14:27.191,,,,,,,,,,,,,,,,,,,,,,,,,,,,,,,,,,,,,,,,,,,,,,,,,,,,,,,,,,,,,,,,,,,,,0,17,123,0,,,0,825.6,,0,0.6000000000000001,9,0,30,0,,,350,825.6,,,,,,,,,,,0,0,62,738.7,4.443,,,,,,,,,,,,,
15:14:27.367,,,,0,,,,20,,,,,,,,,25,22,,,,,,,,25,,,,,0,,,,,,,,,,,,,,,,,,,,,,,,,,,,,,,,,,,,,,,,,,,,,,,,,,,,,,,,,,,,,,,,,,,,,,,,,,,,,,,,,,,,
15:14:27.516,13.3,1.7,738.6,,0,0,27,,22,20,20,21,22,20,20,1.25562,,,1116.3002777777779,4018681,0,0,5.12916666666667,4.10333333333333,3.846875,,1706.7,1665.2,1274.9,1204.2,,546,0,0,736,2458,3.84,24,3.84,61,0,1116.30027777778,0,62,,,,,,,,,,,,,,,,,,,,,,,,,,,,,,,,,,,,,,,,,,,,,,,,,,,,,,,,,,,,,,,,,,,,4.4316,,,
15:14:27.695,,,,,,,,,,,,,,,,,,,,,,,,,,,,,,,,,,,,,,,,,,,,,38,38,,,,,,,38,,,,,,,,,,,,,,,,,,,,,,,,,,,,,,,,,,,,,,,,,,,,,,,,,,,,,,,,,,,,,,
15:14:27.814,,,,,,,,,,,,,,,,,,,,,,,,,,,,,,,,,,,,,,,,,,,,,,,4,19,25.5,15,8.5,25.5,,26.5,26.5,6,,,,,,,,,,,,,,,,,,,,,,,,,,,,,,,,,,,,,,,,,,,,,,,,,,18.182751003171038,,3.1728500257777768,3.1728500257777768,4.778515792994696,20.927,,,,
15:14:28.088,,,,,,,,,,,,,,,,,,,,,,,,,,,,,,,,,,,,,,,,,,,,,,,,,,,,,,,,,4.920000000000016,87,20.5,13.792,741.9000000000001,37.14,13.995,31,,,,,,,,,,,,,,,,,,,,,,,,,,,,,,,,,,,,,,,,,,,,,,,,,,,
15:14:28.237,,,,,,,,,,,,,,,,,,,,,,,,,,,,,,,,,,,,,,,,,,,,,,,,,,,,,,,,,,,,,,,,,56.800000000000004,3,,,,,,,,,,,,,,,,,,,,,,,,,,,,,,,,,,,,,,,,,,,,,,,,,
15:14:28.480,,,,,,,,,,,,,,,,,,,,,,,,,,,,,,,,,,,,,,,,,,,,,,,,,,,,,,,,,,,,,,,,,,,,,,,,,,,,,,,,,,,,,,,,,,,,,,,,,,,,,,,4.785095,13.770548300000002,5.796875,,,,,,,,,,
15:14:28.748,,,,,,,,,,,,,,,,,,,,,,,,,,,,,,,,,,,,,,,,,,,,,,,,,,,,,,,,,,,,,,,,,,,0,0,,,,,27,1,,,0,,,,,,,27,27,,,,,,,,,,,,,,,,,,,,,,,,,,,,,,
15:14:28.925,,,,,,,,,,,,,,,,,,,,,,,,,,,,,,,,,,,,,,,,,,,,,,,,,,,,,,,,,,,,,,,,,,,,,,,,,,,,,,,,,,,,,,,,-50,0,0,0,0,400,0,0,0,0,,,,,,,,,,0,,,,,,0,,
15:14:29.195,,,,,,,,,,,,,,,,,,,,,,,,,,,,,,,,,,,,,,,,,,,,,,,,,,,,,,,,,,,,,,,,,,,,,0,17,123,0,,,0,825.6,,0,0.6000000000000001,9,0,30,0,,,350,825.6,,,,,,,,,,,0,0,62,738.4000000000001,4.444,,,,,,,,,,,,,
15:14:29.376,,,,0,,,,20,,,,,,,,,25,22,,,,,,,,25,,,,,0,,,,,,,,,,,,,,,,,,,,,,,,,,,,,,,,,,,,,,,,,,,,,,,,,,,,,,,,,,,,,,,,,,,,,,,,,,,,,,,,,,,,
15:14:29.527,13.3,3.4,738.5,,0,0,27,,22,20,21,21,22,20,20,2.5109,,,1116.3008333333332,4018683,0,0,5.12847222222222,4.10277777777778,3.84635416666667,,1706.7,1665.2,1274.9,1204.2,,456,0,0,736,2458,3.84,24,3.84,2,0,1116.30083333333,0,62,,,,,,,,,,,,,,,,,,,,,,,,,,,,,,,,,,,,,,,,,,,,,,,,,,,,,,,,,,,,,,,,,,,,1.25545,,,
15:14:29.706,,,,,,,,,,,,,,,,,,,,,,,,,,,,,,,,,,,,,,,,,,,,,38,38,,,,,,,38,,,,,,,,,,,,,,,,,,,,,,,,,,,,,,,,,,,,,,,,,,,,,,,,,,,,,,,,,,,,,,
15:14:29.888,,,,,,,,,,,,,,,,,,,,,,,,,,,,,,,,,,,,,,,,,,,,,,,4,19,25.5,15,8.5,25.5,,26.5,26.5,5,,,,,,,,,,,,,,,,,,,,,,,,,,,,,,,,,,,,,,,,,,,,,,,,,,18.139382979663388,,3.175729776749999,3.175729776749999,1.9913178541558805,50.217999999999996,,,,
15:14:30.127,,,,,,,,,,,,,,,,,,,,,,,,,,,,,,,,,,,,,,,,,,,,,,,,,,,,,,,,,5.389999999999986,87,20.5,13.812999999999999,741.9000000000001,31.86,13.999,31,,,,,,,,,,,,,,,,,,,,,,,,,,,,,,,,,,,,,,,,,,,,,,,,,,,
15:14:30.276,,,,,,,,,,,,,,,,,,,,,,,,,,,,,,,,,,,,,,,,,,,,,,,,,,,,,,,,,,,,,,,,,27,3,,,,,,,,,,,,,,,,,,,,,,,,,,,,,,,,,,,,,,,,,,,,,,,,,
15:14:30.517,,,,,,,,,,,,,,,,,,,,,,,,,,,,,,,,,,,,,,,,,,,,,,,,,,,,,,,,,,,,,,,,,,,,,,,,,,,,,,,,,,,,,,,,,,,,,,,,,,,,,,,4.443302500000001,13.7593174,5.40625,,,,,,,,,,
15:14:30.787,,,,,,,,,,,,,,,,,,,,,,,,,,,,,,,,,,,,,,,,,,,,,,,,,,,,,,,,,,,,,,,,,,,0,0,,,,,27,1,,,0,,,,,,,27,27,,,,,,,,,,,,,,,,,,,,,,,,,,,,,,
15:14:30.999,,,,,,,,,,,,,,,,,,,,,,,,,,,,,,,,,,,,,,,,,,,,,,,,,,,,,,,,,,,,,,,,,,,,,,,,,,,,,,,,,,,,,,,,-50,0,0,0,0,400,0,0,0,0,,,,,,,,,,0,,,,,,0,,
15:14:31.262,,,,,,,,,,,,,,,,,,,,,,,,,,,,,,,,,,,,,,,,,,,,,,,,,,,,,,,,,,,,,,,,,,,,,0,17,123,0,,,0,825.6,,0,0.6000000000000001,9,0,30,0,,,350,825.6,,,,,,,,,,,0,0,62,738.5,4.444,,,,,,,,,,,,,
15:14:31.446,,,,0,,,,20,,,,,,,,,25,22,,,,,,,,25,,,,,0,,,,,,,,,,,,,,,,,,,,,,,,,,,,,,,,,,,,,,,,,,,,,,,,,,,,,,,,,,,,,,,,,,,,,,,,,,,,,,,,,,,,
15:14:31.597,13.3,3.7,738.4,,0,0,27,,22,20,20,21,22,20,20,2.73208,,,1116.3013888888888,4018685,0,0,5.12777777777778,4.10222222222222,3.84583333333333,,1706.7,1665.2,1274.9,1204.2,,428,0,0,736,2449,3.84,24,3.84,61,0,1116.30138888889,0,62,,,,,,,,,,,,,,,,,,,,,,,,,,,,,,,,,,,,,,,,,,,,,,,,,,,,,,,,,,,,,,,,,,,,2.51056,,,
15:14:31.780,,,,,,,,,,,,,,,,,,,,,,,,,,,,,,,,,,,,,,,,,,,,,38,38,,,,,,,38,,,,,,,,,,,,,,,,,,,,,,,,,,,,,,,,,,,,,,,,,,,,,,,,,,,,,,,,,,,,,,
15:14:31.865,,,,,,,,,,,,,,,,,,,,,,,,,,,,,,,,,,,,,,,,,,,,,,,4,19,25.5,15,8.5,25.5,,26.5,26.5,5,,,,,,,,,,,,,,,,,,,,,,,,,,,,,,,,,,,,,,,,,,,,,,,,,,18.098285809660066,,3.178476333138888,3.178476333138888,1.830107463910281,54.6416,,,-0.003510353116637508,
15:14:32.078,,,,,,,,,,,,,,,,,,,,,,,,,,,,,,,,,,,,,,,,,,,,,,,,,,,,,,,,,4.1200000000000045,87,20.5,13.741,741.6,43.21,13.996,31,,,,,,,,,,,,,,,,,,,,,,,,,,,,,,,,,,,,,,,,,,,,,,,,,,,
15:14:32.233,,,,,,,,,,,,,,,,,,,,,,,,,,,,,,,,,,,,,,,,,,,,,,,,,,,,,,,,,,,,,,,,,131.20000000000002,3,,,,,,,,,,,,,,,,,,,,,,,,,,,,,,,,,,,,,,,,,,,,,,,,,
15:14:32.469,,,,,,,,,,,,,,,,,,,,,,,,,,,,,,,,,,,,,,,,,,,,,,,,,,,,,,,,,,,,,,,,,,,,,,,,,,,,,,,,,,,,,,,,,,,,,,,,,,,,,,,9.765500000000001,13.730507699999999,5.40625,,,,,,,,,,
15:14:32.736,,,,,,,,,,,,,,,,,,,,,,,,,,,,,,,,,,,,,,,,,,,,,,,,,,,,,,,,,,,,,,,,,,,0,0,,,,,27,1,,,0,,,,,,,27,27,,,,,,,,,,,,,,,,,,,,,,,,,,,,,,
15:14:32.919,,,,,,,,,,,,,,,,,,,,,,,,,,,,,,,,,,,,,,,,,,,,,,,,,,,,,,,,,,,,,,,,,,,,,,,,,,,,,,,,,,,,,,,,-50,0,0,0,0,400,0,0,0,0,,,,,,,,,,0,,,,,,0,,
15:14:33.189,,,,,,,,,,,,,,,,,,,,,,,,,,,,,,,,,,,,,,,,,,,,,,,,,,,,,,,,,,,,,,,,,,,,,0,17,123,0,,,0,825.6,,0,0.6000000000000001,9,0,30,0,,,350,825.6,,,,,,,,,,,0,0,62,738.4000000000001,4.443,,,,,,,,,,,,,
15:14:33.366,,,,0,,,,20,,,,,,,,,25,22,,,,,,,,25,,,,,0,,,,,,,,,,,,,,,,,,,,,,,,,,,,,,,,,,,,,,,,,,,,,,,,,,,,,,,,,,,,,,,,,,,,,,,,,,,,,,,,,,,,
15:14:33.578,13.3,3.8,738.4,,0,0,27,,22,20,20,21,22,20,20,2.80592,,,1116.3019444444444,4018687,0,0,5.12777777777778,4.10222222222222,3.84583333333333,,1706.7,1665.2,1274.9,1204.2,,410,0,0,736,2449,3.84,23,3.84,61,0,1116.30194444444,0,62,,,,,,,,,,,,,,,,,,,,,,,,,,,,,,,,,,,,,,,,,,,,,,,,,,,,,,,,,,,,,,,,,,,,2.73208,,,
15:14:33.725,,,,,,,,,,,,,,,,,,,,,,,,,,,,,,,,,,,,,,,,,,,,,38,38,,,,,,,38,,,,,,,,,,,,,,,,,,,,,,,,,,,,,,,,,,,,,,,,,,,,,,,,,,,,,,,,,,,,,,
15:14:33.814,,,,,,,,,,,,,,,,,,,,,,,,,,,,,,,,,,,,,,,,,,,,,,,4,19,25.5,15,8.5,25.5,,26.5,26.5,5,,,,,,,,,,,,,,,,,,,,,,,,,,,,,,,,,,,,,,,,,,,,,,,,,,18.058040876965524,,3.181182686749999,3.181182686749999,1.7819467411757997,56.1184,,,-0.010653314692971465,
15:14:34.057,,,,,,,,,,,,,,,,,,,,,,,,,,,,,,,,,,,,,,,,,,,,,,,,,,,,,,,,,5.389999999999986,87,20.5,13.81,741.7,32.64,14,31,,,,,,,,,,,,,,,,,,,,,,,,,,,,,,,,,,,,,,,,,,,,,,,,,,,
15:14:34.202,,,,,,,,,,,,,,,,,,,,,,,,,,,,,,,,,,,,,,,,,,,,,,,,,,,,,,,,,,,,,,,,,-28.6,3,,,,,,,,,,,,,,,,,,,,,,,,,,,,,,,,,,,,,,,,,,,,,,,,,
15:14:34.444,,,,,,,,,,,,,,,,,,,,,,,,,,,,,,,,,,,,,,,,,,,,,,,,,,,,,,,,,,,,,,,,,,,,,,,,,,,,,,,,,,,,,,,,,,,,,,,,,,,,,,,0.97655,13.760294,4.671875,,,,,,,,,,
15:14:34.720,,,,,,,,,,,,,,,,,,,,,,,,,,,,,,,,,,,,,,,,,,,,,,,,,,,,,,,,,,,,,,,,,,,0,0,,,,,27,1,,,0,,,,,,,27,27,,,,,,,,,,,,,,,,,,,,,,,,,,,,,,
15:14:34.899,,,,,,,,,,,,,,,,,,,,,,,,,,,,,,,,,,,,,,,,,,,,,,,,,,,,,,,,,,,,,,,,,,,,,,,,,,,,,,,,,,,,,,,,-50,0,0,0,0,400,0,0,0,0,,,,,,,,,,0,,,,,,0,,
15:14:35.166,,,,,,,,,,,,,,,,,,,,,,,,,,,,,,,,,,,,,,,,,,,,,,,,,,,,,,,,,,,,,,,,,,,,,0,17,123,0,,,0,825.6,,0,0.6000000000000001,9,0,30,0,,,350,825.6,,,,,,,,,,,0,0,62,738.5,4.444,,,,,,,,,,,,,
15:14:35.347,,,,0,,,,20,,,,,,,,,25,22,,,,,,,,25,,,,,0,,,,,,,,,,,,,,,,,,,,,,,,,,,,,,,,,,,,,,,,,,,,,,,,,,,,,,,,,,,,,,,,,,,,,,,,,,,,,,,,,,,,
15:14:35.497,13.3,2.8,738.5,,0,0,27,,22,20,21,21,22,20,20,2.0678,,,1116.3025,4018689,0,0,5.12847222222222,4.10277777777778,3.84635416666667,,1706.7,1665.2,1274.9,1204.2,,303,0,0,736,2449,3.84,24,3.84,64,0,1116.3025,0,62,,,,,,,,,,,,,,,,,,,,,,,,,,,,,,,,,,,,,,,,,,,,,,,,,,,,,,,,,,,,,,,,,,,,2.0677999999999996,,,
15:14:35.676,,,,,,,,,,,,,,,,,,,,,,,,,,,,,,,,,,,,,,,,,,,,,38,38,,,,,,,38,,,,,,,,,,,,,,,,,,,,,,,,,,,,,,,,,,,,,,,,,,,,,,,,,,,,,,,,,,,,,,
15:14:35.799,,,,,,,,,,,,,,,,,,,,,,,,,,,,,,,,,,,,,,,,,,,,,,,4,19,25.5,15,8.5,25.5,,26.5,26.5,3,,,,,,,,,,,,,,,,,,,,,,,,,,,,,,,,,,,,,,,,,,,,,,,,,,18.011064225896497,,3.1828365891666657,3.1828365891666657,1.4508172937421413,68.92666666666668,,,-0.010643028078459797,
15:14:36.035,,,,,,,,,,,,,,,,,,,,,,,,,,,,,,,,,,,,,,,,,,,,,,,,,,,,,,,,,4.860000000000014,87,20.5,13.796,742,36.31,13.996,31,,,,,,,,,,,,,,,,,,,,,,,,,,,,,,,,,,,,,,,,,,,,,,,,,,,
15:14:36.192,,,,,,,,,,,,,,,,,,,,,,,,,,,,,,,,,,,,,,,,,,,,,,,,,,,,,,,,,,,,,,,,,-33,3,,,,,,,,,,,,,,,,,,,,,,,,,,,,,,,,,,,,,,,,,,,,,,,,,
15:14:36.431,,,,,,,,,,,,,,,,,,,,,,,,,,,,,,,,,,,,,,,,,,,,,,,,,,,,,,,,,,,,,,,,,,,,,,,,,,,,,,,,,,,,,,,,,,,,,,,,,,,,,,,0,13.771524900000001,0,,,,,,,,,,
15:14:36.701,,,,,,,,,,,,,,,,,,,,,,,,,,,,,,,,,,,,,,,,,,,,,,,,,,,,,,,,,,,,,,,,,,,0,0,,,,,27,1,,,0,,,,,,,27,27,,,,,,,,,,,,,,,,,,,,,,,,,,,,,,
15:14:36.883,,,,,,,,,,,,,,,,,,,,,,,,,,,,,,,,,,,,,,,,,,,,,,,,,,,,,,,,,,,,,,,,,,,,,,,,,,,,,,,,,,,,,,,,-50,0,0,0,0,400,0,0,0,0,,,,,,,,,,0,,,,,,0,,
15:14:37.151,,,,,,,,,,,,,,,,,,,,,,,,,,,,,,,,,,,,,,,,,,,,,,,,,,,,,,,,,,,,,,,,,,,,,0,17,123,0,,,0,825.6,,0,0.6000000000000001,9,0,30,0,,,350,825.6,,,,,,,,,,,0,0,62,738.6,4.444,,,,,,,,,,,,,
15:14:37.325,,,,0,,,,20,,,,,,,,,25,22,,,,,,,,25,,,,,0,,,,,,,,,,,,,,,,,,,,,,,,,,,,,,,,,,,,,,,,,,,,,,,,,,,,,,,,,,,,,,,,,,,,,,,,,,,,,,,,,,,,
15:14:37.477,13.3,2.8,738.5,,0,0,27,,22,20,21,21,22,20,20,2.0678,,,1116.3030555555556,4018691,0,0,5.12847222222222,4.10277777777778,3.84635416666667,,1706.7,1665.2,1274.9,1204.2,,235,0,0,736,2449,3.84,24,3.84,64,0,1116.30305555556,0,62,,,,,,,,,,,,,,,,,,,,,,,,,,,,,,,,,,,,,,,,,,,,,,,,,,,,,,,,,,,,,,,,,,,,2.0677999999999996,,,
15:14:37.655,,,,,,,,,,,,,,,,,,,,,,,,,,,,,,,,,,,,,,,,,,,,,38,38,,,,,,,38,,,,,,,,,,,,,,,,,,,,,,,,,,,,,,,,,,,,,,,,,,,,,,,,,,,,,,,,,,,,,,
15:14:37.776,,,,,,,,,,,,,,,,,,,,,,,,,,,,,,,,,,,,,,,,,,,,,,,3.5,19,25,15,8,25,,26.5,26.5,2,,,,,,,,,,,,,,,,,,,,,,,,,,,,,,,,,,,,,,,,,,,,,,,,,,17.961443542336426,,3.1839353304444433,3.1839353304444433,0.9672115291614276,103.39,,,-0.010771879517437867,
15:14:37.985,,,,,,,,,,,,,,,,,,,,,,,,,,,,,,,,,,,,,,,,,,,,,,,,,,,,,,,,,5.360000000000014,87,20.5,13.808,741.8000000000001,32.25,14.014,31,,,,,,,,,,,,,,,,,,,,,,,,,,,,,,,,,,,,,,,,,,,,,,,,,,,
15:14:38.134,,,,,,,,,,,,,,,,,,,,,,,,,,,,,,,,,,,,,,,,,,,,,,,,,,,,,,,,,,,,,,,,,-24.200000000000003,3,,,,,,,,,,,,,,,,,,,,,,,,,,,,,,,,,,,,,,,,,,,,,,,,,
15:14:38.407,,,,,,,,,,,,,,,,,,,,,,,,,,,,,,,,,,,,,,,,,,,,,,,,,,,,,,,,,,,,,,,,,,,,,,,,,,,,,,,,,,,,,,,,,,,,,,,,,,,,,,,0,13.730507699999999,0,,,,,,,,,,
15:14:38.676,,,,,,,,,,,,,,,,,,,,,,,,,,,,,,,,,,,,,,,,,,,,,,,,,,,,,,,,,,,,,,,,,,,0,0,,,,,27,1,,,0,,,,,,,27,27,,,,,,,,,,,,,,,,,,,,,,,,,,,,,,
15:14:38.858,,,,,,,,,,,,,,,,,,,,,,,,,,,,,,,,,,,,,,,,,,,,,,,,,,,,,,,,,,,,,,,,,,,,,,,,,,,,,,,,,,,,,,,,-50,0,0,0,0,400,0,0,0,0,,,,,,,,,,0,,,,,,0,,
15:14:39.129,,,,,,,,,,,,,,,,,,,,,,,,,,,,,,,,,,,,,,,,,,,,,,,,,,,,,,,,,,,,,,,,,,,,,0,17,123,0,,,0,825.6,,0,0.6000000000000001,9,0,30,0,,,350,825.6,,,,,,,,,,,0,0,62,738.6,4.442,,,,,,,,,,,,,
15:14:39.309,,,,0,,,,20,,,,,,,,,25,22,,,,,,,,25,,,,,0,,,,,,,,,,,,,,,,,,,,,,,,,,,,,,,,,,,,,,,,,,,,,,,,,,,,,,,,,,,,,,,,,,,,,,,,,,,,,,,,,,,,
15:14:39.456,13.3,2,738.6,,0,0,27,,22,20,20,21,22,20,20,1.4772,,,1116.3036111111112,4018693,0,0,5.12916666666667,4.10333333333333,3.846875,,1706.7,1665.2,1274.9,1204.2,,117,0,0,736,2459,3.84,22,3.84,61,0,1116.30361111111,0,62,,,,,,,,,,,,,,,,,,,,,,,,,,,,,,,,,,,,,,,,,,,,,,,,,,,,,,,,,,,,,,,,,,,,2.06808,,,
15:14:39.635,,,,,,,,,,,,,,,,,,,,,,,,,,,,,,,,,,,,,,,,,,,,,38,38,,,,,,,38,,,,,,,,,,,,,,,,,,,,,,,,,,,,,,,,,,,,,,,,,,,,,,,,,,,,,,,,,,,,,,
15:14:39.725,,,,,,,,,,,,,,,,,,,,,,,,,,,,,,,,,,,,,,,,,,,,,,,3.5,19,25,15,8,25,,26.5,26.5,1,,,,,,,,,,,,,,,,,,,,,,,,,,,,,,,,,,,,,,,,,,,,,,,,,,17.909806146663644,,3.1844766437499987,3.1844766437499987,0.6769564040075818,147.72000000000003,,,-0.014415494020539507,
15:14:39.940,,,,,,,,,,,,,,,,,,,,,,,,,,,,,,,,,,,,,,,,,,,,,,,,,,,,,,,,,5.259999999999991,87,20.5,13.808,741.8000000000001,40.7,14.033,31,,,,,,,,,,,,,,,,,,,,,,,,,,,,,,,,,,,,,,,,,,,,,,,,,,,
15:14:40.084,,,,,,,,,,,,,,,,,,,,,,,,,,,,,,,,,,,,,,,,,,,,,,,,,,,,,,,,,,,,,,,,,-140.3,3,,,,,,,,,,,,,,,,,,,,,,,,,,,,,,,,,,,,,,,,,,,,,,,,,
15:14:40.329,,,,,,,,,,,,,,,,,,,,,,,,,,,,,,,,,,,,,,,,,,,,,,,,,,,,,,,,,,,,,,,,,,,,,,,,,,,,,,,,,,,,,,,,,,,,,,,,,,,,,,,0,13.7593174,1.1875,,,,,,,,,,
15:14:40.596,,,,,,,,,,,,,,,,,,,,,,,,,,,,,,,,,,,,,,,,,,,,,,,,,,,,,,,,,,,,,,,,,,,0,0,,,,,27,1,,,0,,,,,,,27,27,,,,,,,,,,,,,,,,,,,,,,,,,,,,,,
15:14:40.781,,,,,,,,,,,,,,,,,,,,,,,,,,,,,,,,,,,,,,,,,,,,,,,,,,,,,,,,,,,,,,,,,,,,,,,,,,,,,,,,,,,,,,,,-50,0,0,0,0,400,0,0,0,0,,,,,,,,,,0,,,,,,0,,
15:14:41.052,,,,,,,,,,,,,,,,,,,,,,,,,,,,,,,,,,,,,,,,,,,,,,,,,,,,,,,,,,,,,,,,,,,,,0,17,123,0,,,0,825.6,,0,0.6000000000000001,9,0,30,0,,,350,825.6,,,,,,,,,,,0,0,62,738.6,4.444,,,,,,,,,,,,,
15:14:41.228,,,,0,,,,20,,,,,,,,,25,22,,,,,,,,25,,,,,0,,,,,,,,,,,,,,,,,,,,,,,,,,,,,,,,,,,,,,,,,,,,,,,,,,,,,,,,,,,,,,,,,,,,,,,,,,,,,,,,,,,,
15:14:41.376,13.3,2.2,738.6,,0,0,27,,22,20,21,21,22,20,20,1.62492,,,1116.3041666666666,4018695,0,0,5.12916666666667,4.10333333333333,3.846875,,1706.7,1665.2,1274.9,1204.2,,54,0,0,736,2459,3.84,24,3.84,150,0,1116.30416666667,0,62,,,,,,,,,,,,,,,,,,,,,,,,,,,,,,,,,,,,,,,,,,,,,,,,,,,,,,,,,,,,,,,,,,,,1.4772,,,
15:14:41.527,,,,,,,,,,,,,,,,,,,,,,,,,,,,,,,,,,,,,,,,,,,,,38,38,,,,,,,38,,,,,,,,,,,,,,,,,,,,,,,,,,,,,,,,,,,,,,,,,,,,,,,,,,,,,,,,,,,,,,
15:14:41.617,,,,,,,,,,,,,,,,,,,,,,,,,,,,,,,,,,,,,,,,,,,,,,,3.5,19,25,15,8,25,,26.5,26.5,0,,,,,,,,,,,,,,,,,,,,,,,,,,,,,,,,,,,,,,,,,,,,,,,,,,17.85700188987942,,3.1844766437499987,3.1844766437499987,0,,,,-0.018150006441306363,
15:14:41.824,,,,,,,,,,,,,,,,,,,,,,,,,,,,,,,,,,,,,,,,,,,,,,,,,,,,,,,,,5.259999999999991,87,20.5,13.777000000000001,741.9000000000001,38.72,14.018,31,,,,,,,,,,,,,,,,,,,,,,,,,,,,,,,,,,,,,,,,,,,,,,,,,,,
15:14:41.974,,,,,,,,,,,,,,,,,,,,,,,,,,,,,,,,,,,,,,,,,,,,,,,,,,,,,,,,,,,,,,,,,-91.5,3,,,,,,,,,,,,,,,,,,,,,,,,,,,,,,,,,,,,,,,,,,,,,,,,,
15:14:42.219,,,,,,,,,,,,,,,,,,,,,,,,,,,,,,,,,,,,,,,,,,,,,,,,,,,,,,,,,,,,,,,,,,,,,,,,,,,,,,,,,,,,,,,,,,,,,,,,,,,,,,,0,13.760294,0.90625,,,,,,,,,,
15:14:42.486,,,,,,,,,,,,,,,,,,,,,,,,,,,,,,,,,,,,,,,,,,,,,,,,,,,,,,,,,,,,,,,,,,,0,0,,,,,27,1,,,0,,,,,,,27,27,,,,,,,,,,,,,,,,,,,,,,,,,,,,,,
15:14:42.668,,,,,,,,,,,,,,,,,,,,,,,,,,,,,,,,,,,,,,,,,,,,,,,,,,,,,,,,,,,,,,,,,,,,,,,,,,,,,,,,,,,,,,,,-50,0,0,0,0,400,0,0,0,0,,,,,,,,,,0,,,,,,0,,
15:14:42.931,,,,,,,,,,,,,,,,,,,,,,,,,,,,,,,,,,,,,,,,,,,,,,,,,,,,,,,,,,,,,,,,,,,,,0,17,123,0,,,0,825.6,,0,0.6000000000000001,9,0,30,0,,,350,825.6,,,,,,,,,,,0,0,62,738.6,4.442,,,,,,,,,,,,,
15:14:43.117,,,,0,,,,20,,,,,,,,,25,22,,,,,,,,25,,,,,0,,,,,,,,,,,,,,,,,,,,,,,,,,,,,,,,,,,,,,,,,,,,,,,,,,,,,,,,,,,,,,,,,,,,,,,,,,,,,,,,,,,,
15:14:43.267,13.3,1.9,738.7,,0,0,27,,22,20,21,21,22,20,20,1.40353,,,1116.3047222222222,4018697,0,0,5.12986111111111,4.10388888888889,3.84739583333333,,1706.7,1665.2,1274.9,1204.2,,22,0,0,737,2459,3.84,24,3.84,61,0,1116.30472222222,0,62,,,,,,,,,,,,,,,,,,,,,,,,,,,,,,,,,,,,,,,,,,,,,,,,,,,,,,,,,,,,,,,,,,,,1.40353,,,
15:14:43.444,,,,,,,,,,,,,,,,,,,,,,,,,,,,,,,,,,,,,,,,,,,,,38,38,,,,,,,39,,,,,,,,,,,,,,,,,,,,,,,,,,,,,,,,,,,,,,,,,,,,,,,,,,,,,,,,,,,,,,
15:14:43.574,,,,,,,,,,,,,,,,,,,,,,,,,,,,,,,,,,,,,,,,,,,,,,,3.5,19,25,15,8,25,,26.5,26.5,0,,,,,,,,,,,,,,,,,,,,,,,,,,,,,,,,,,,,,,,,,,,,,,,,,,17.80274757482535,,3.1844766437499987,3.1844766437499987,0,,,,-0.010928772452144509,
15:14:43.839,,,,,,,,,,,,,,,,,,,,,,,,,,,,,,,,,,,,,,,,,,,,,,,,,,,,,,,,,5.03000000000003,87,20.5,13.774000000000001,741.9000000000001,41.61,14.025,32,,,,,,,,,,,,,,,,,,,,,,,,,,,,,,,,,,,,,,,,,,,,,,,,,,,
15:14:43.983,,,,,,,,,,,,,,,,,,,,,,,,,,,,,,,,,,,,,,,,,,,,,,,,,,,,,,,,,,,,,,,,,-130.4,3,,,,,,,,,,,,,,,,,,,,,,,,,,,,,,,,,,,,,,,,,,,,,,,,,
15:14:44.227,,,,,,,,,,,,,,,,,,,,,,,,,,,,,,,,,,,,,,,,,,,,,,,,,,,,,,,,,,,,,,,,,,,,,,,,,,,,,,,,,,,,,,,,,,,,,,,,,,,,,,,0,13.740762,0.34375,,,,,,,,,,
15:14:44.494,,,,,,,,,,,,,,,,,,,,,,,,,,,,,,,,,,,,,,,,,,,,,,,,,,,,,,,,,,,,,,,,,,,0,0,,,,,27,1,,,0,,,,,,,27,27,,,,,,,,,,,,,,,,,,,,,,,,,,,,,,
15:14:44.677,,,,,,,,,,,,,,,,,,,,,,,,,,,,,,,,,,,,,,,,,,,,,,,,,,,,,,,,,,,,,,,,,,,,,,,,,,,,,,,,,,,,,,,,-50,0,0,0,0,400,0,0,0,0,,,,,,,,,,0,,,,,,0,,
15:14:44.945,,,,,,,,,,,,,,,,,,,,,,,,,,,,,,,,,,,,,,,,,,,,,,,,,,,,,,,,,,,,,,,,,,,,,0,17,123,0,,,0,825.6,,0,0.6000000000000001,9,0,30,0,,,350,825.6,,,,,,,,,,,0,0,62,738.6,4.444,,,,,,,,,,,,,
15:14:45.126,,,,0,,,,20,,,,,,,,,25,22,,,,,,,,25,,,,,0,,,,,,,,,,,,,,,,,,,,,,,,,,,,,,,,,,,,,,,,,,,,,,,,,,,,,,,,,,,,,,,,,,,,,,,,,,,,,,,,,,,,
15:14:45.278,13.3,2,738.7,,0,0,27,,22,20,21,21,22,20,20,1.4774,,,1116.3052777777777,4018699,0,0,5.12986111111111,4.10388888888889,3.84739583333333,,1706.7,1665.2,1274.9,1204.2,,68,0,0,736,2459,3.84,24,3.84,61,0,1116.30527777778,0,62,,,,,,,,,,,,,,,,,,,,,,,,,,,,,,,,,,,,,,,,,,,,,,,,,,,,,,,,,,,,,,,,,,,,1.40353,,,
15:14:45.424,,,,,,,,,,,,,,,,,,,,,,,,,,,,,,,,,,,,,,,,,,,,,38,38,,,,,,,39,,,,,,,,,,,,,,,,,,,,,,,,,,,,,,,,,,,,,,,,,,,,,,,,,,,,,,,,,,,,,,
15:14:45.515,,,,,,,,,,,,,,,,,,,,,,,,,,,,,,,,,,,,,,,,,,,,,,,3.5,19,25,15,8,25,,26.5,26.5,0,,,,,,,,,,,,,,,,,,,,,,,,,,,,,,,,,,,,,,,,,,,,,,,,,,17.749251031756746,,3.1844766437499987,3.1844766437499987,0,,,,-0.007320266628815872,
15:14:45.726,,,,,,,,,,,,,,,,,,,,,,,,,,,,,,,,,,,,,,,,,,,,,,,,,,,,,,,,,4.850000000000023,87,20.5,13.802,741.9000000000001,37.57,14.033,32,,,,,,,,,,,,,,,,,,,,,,,,,,,,,,,,,,,,,,,,,,,,,,,,,,,
15:14:45.874,,,,,,,,,,,,,,,,,,,,,,,,,,,,,,,,,,,,,,,,,,,,,,,,,,,,,,,,,,,,,,,,,-61.900000000000006,3,,,,,,,,,,,,,,,,,,,,,,,,,,,,,,,,,,,,,,,,,,,,,,,,,
15:14:46.119,,,,,,,,,,,,,,,,,,,,,,,,,,,,,,,,,,,,,,,,,,,,,,,,,,,,,,,,,,,,,,,,,,,,,,,,,,,,,,,,,,,,,,,,,,,,,,,,,,,,,,,0,13.750528,1.015625,,,,,,,,,,
15:14:46.386,,,,,,,,,,,,,,,,,,,,,,,,,,,,,,,,,,,,,,,,,,,,,,,,,,,,,,,,,,,,,,,,,,,0,0,,,,,27,1,,,0,,,,,,,27,27,,,,,,,,,,,,,,,,,,,,,,,,,,,,,,
15:14:46.571,,,,,,,,,,,,,,,,,,,,,,,,,,,,,,,,,,,,,,,,,,,,,,,,,,,,,,,,,,,,,,,,,,,,,,,,,,,,,,,,,,,,,,,,-50,0,0,0,0,400,0,0,0,0,,,,,,,,,,0,,,,,,0,,
15:14:46.841,,,,,,,,,,,,,,,,,,,,,,,,,,,,,,,,,,,,,,,,,,,,,,,,,,,,,,,,,,,,,,,,,,,,,0,17,123,0,,,0,825.6,,0,0.6000000000000001,9,0,30,0,,,350,825.6,,,,,,,,,,,0,0,62,738.6,4.444,,,,,,,,,,,,,
15:14:47.015,,,,0,,,,20,,,,,,,,,25,22,,,,,,,,25,,,,,0,,,,,,,,,,,,,,,,,,,,,,,,,,,,,,,,,,,,,,,,,,,,,,,,,,,,,,,,,,,,,,,,,,,,,,,,,,,,,,,,,,,,
15:14:47.167,13.3,2,738.7,,0,0,27,,22,20,20,21,22,20,20,1.4774,,,1116.3058333333333,4018701,0,0,5.12986111111111,4.10388888888889,3.84739583333333,,1706.7,1665.2,1274.9,1204.2,,52,0,0,736,2459,3.84,24,3.84,149,0,1116.30583333333,0,62,,,,,,,,,,,,,,,,,,,,,,,,,,,,,,,,,,,,,,,,,,,,,,,,,,,,,,,,,,,,,,,,,,,,1.4774,,,
15:14:47.319,,,,,,,,,,,,,,,,,,,,,,,,,,,,,,,,,,,,,,,,,,,,,38,38,,,,,,,38,,,,,,,,,,,,,,,,,,,,,,,,,,,,,,,,,,,,,,,,,,,,,,,,,,,,,,,,,,,,,,
15:14:47.435,,,,,,,,,,,,,,,,,,,,,,,,,,,,,,,,,,,,,,,,,,,,,,,3.5,20,25,15,8,25,,26.5,26.5,0,,,,,,,,,,,,,,,,,,,,,,,,,,,,,,,,,,,,,,,,,,,,,,,,,,17.696665277695217,,3.1844766437499987,3.1844766437499987,0,,,,-0.0036741015152568332,
15:14:47.676,,,,,,,,,,,,,,,,,,,,,,,,,,,,,,,,,,,,,,,,,,,,,,,,,,,,,,,,,5.340000000000032,87,20.5,13.815999999999999,741.9000000000001,38.34,14.039,32,,,,,,,,,,,,,,,,,,,,,,,,,,,,,,,,,,,,,,,,,,,,,,,,,,,
15:14:47.824,,,,,,,,,,,,,,,,,,,,,,,,,,,,,,,,,,,,,,,,,,,,,,,,,,,,,,,,,,,,,,,,,-36.6,3,,,,,,,,,,,,,,,,,,,,,,,,,,,,,,,,,,,,,,,,,,,,,,,,,
15:14:48.097,,,,,,,,,,,,,,,,,,,,,,,,,,,,,,,,,,,,,,,,,,,,,,,,,,,,,,,,,,,,,,,,,,,,,,,,,,,,,,,,,,,,,,,,,,,,,,,,,,,,,,,0,13.771524900000001,0.78125,,,,,,,,,,
15:14:48.369,,,,,,,,,,,,,,,,,,,,,,,,,,,,,,,,,,,,,,,,,,,,,,,,,,,,,,,,,,,,,,,,,,,0,0,,,,,27,1,,,0,,,,,,,27,27,,,,,,,,,,,,,,,,,,,,,,,,,,,,,,
15:14:48.550,,,,,,,,,,,,,,,,,,,,,,,,,,,,,,,,,,,,,,,,,,,,,,,,,,,,,,,,,,,,,,,,,,,,,,,,,,,,,,,,,,,,,,,,-50,0,0,0,0,400,0,0,0,0,,,,,,,,,,0,,,,,,0,,
15:14:48.825,,,,,,,,,,,,,,,,,,,,,,,,,,,,,,,,,,,,,,,,,,,,,,,,,,,,,,,,,,,,,,,,,,,,,0,17,123,0,,,0,825.6,,0,0.6000000000000001,9,0,30,0,,,350,825.6,,,,,,,,,,,0,0,62,738.7,4.443,,,,,,,,,,,,,
15:14:48.995,,,,0,,,,20,,,,,,,,,25,22,,,,,,,,25,,,,,0,,,,,,,,,,,,,,,,,,,,,,,,,,,,,,,,,,,,,,,,,,,,,,,,,,,,,,,,,,,,,,,,,,,,,,,,,,,,,,,,,,,,
15:14:49.149,13.3,1.8,738.6,,0,0,27,,22,20,20,21,22,20,20,1.32948,,,1116.306388888889,4018703,0,0,5.12916666666667,4.10333333333333,3.846875,,1706.7,1665.2,1274.9,1204.2,,28,0,0,736,2460,3.84,23,3.84,145,0,1116.30638888889,0,62,,,,,,,,,,,,,,,,,,,,,,,,,,,,,,,,,,,,,,,,,,,,,,,,,,,,,,,,,,,,,,,,,,,,1.4772,,,
15:14:49.327,,,,,,,,,,,,,,,,,,,,,,,,,,,,,,,,,,,,,,,,,,,,,38,38,,,,,,,38,,,,,,,,,,,,,,,,,,,,,,,,,,,,,,,,,,,,,,,,,,,,,,,,,,,,,,,,,,,,,,
15:14:49.444,,,,,,,,,,,,,,,,,,,,,,,,,,,,,,,,,,,,,,,,,,,,,,,3.5,20,25,15,8,25,,26.5,26.5,0,,,,,,,,,,,,,,,,,,,,,,,,,,,,,,,,,,,,,,,,,,,,,,,,,,17.641803739330843,,3.1844766437499987,3.1844766437499987,0,,,,0,
15:14:49.656,,,,,,,,,,,,,,,,,,,,,,,,,,,,,,,,,,,,,,,,,,,,,,,,,,,,,,,,,4.829999999999984,87,20.5,13.786999999999999,741.9000000000001,40.41,14.025,32,,,,,,,,,,,,,,,,,,,,,,,,,,,,,,,,,,,,,,,,,,,,,,,,,,,
15:14:49.805,,,,,,,,,,,,,,,,,,,,,,,,,,,,,,,,,,,,,,,,,,,,,,,,,,,,,,,,,,,,,,,,,122.60000000000001,3,,,,,,,,,,,,,,,,,,,,,,,,,,,,,,,,,,,,,,,,,,,,,,,,,
15:14:50.053,,,,,,,,,,,,,,,,,,,,,,,,,,,,,,,,,,,,,,,,,,,,,,,,,,,,,,,,,,,,,,,,,,,,,,,,,,,,,,,,,,,,,,,,,,,,,,,,,,,,,,,0,13.761270600000001,0.5,,,,,,,,,,
15:14:50.319,,,,,,,,,,,,,,,,,,,,,,,,,,,,,,,,,,,,,,,,,,,,,,,,,,,,,,,,,,,,,,,,,,,0,0,,,,,27,1,,,0,,,,,,,27,27,,,,,,,,,,,,,,,,,,,,,,,,,,,,,,
15:14:50.499,,,,,,,,,,,,,,,,,,,,,,,,,,,,,,,,,,,,,,,,,,,,,,,,,,,,,,,,,,,,,,,,,,,,,,,,,,,,,,,,,,,,,,,,-50,0,0,0,0,400,0,0,0,0,,,,,,,,,,0,,,,,,0,,
15:14:50.770,,,,,,,,,,,,,,,,,,,,,,,,,,,,,,,,,,,,,,,,,,,,,,,,,,,,,,,,,,,,,,,,,,,,,0,17,123,0,,,0,825.6,,0,0.6000000000000001,9,0,30,0,,,350,825.6,,,,,,,,,,,0,0,62,738.7,4.443,,,,,,,,,,,,,
15:14:50.945,,,,0,,,,20,,,,,,,,,25,22,,,,,,,,25,,,,,0,,,,,,,,,,,,,,,,,,,,,,,,,,,,,,,,,,,,,,,,,,,,,,,,,,,,,,,,,,,,,,,,,,,,,,,,,,,,,,,,,,,,
15:14:51.097,13.3,1.8,738.7,,0,0,27,,22,20,21,21,22,20,20,1.32966,,,1116.3069444444445,4018705,0,0,5.12986111111111,4.10388888888889,3.84739583333333,,1706.7,1665.2,1274.9,1204.2,,27,0,0,736,2460,3.84,24,3.84,64,0,1116.30694444444,0,62,,,,,,,,,,,,,,,,,,,,,,,,,,,,,,,,,,,,,,,,,,,,,,,,,,,,,,,,,,,,,,,,,,,,1.32966,,,
15:14:51.277,,,,,,,,,,,,,,,,,,,,,,,,,,,,,,,,,,,,,,,,,,,,,38,38,,,,,,,39,,,,,,,,,,,,,,,,,,,,,,,,,,,,,,,,,,,,,,,,,,,,,,,,,,,,,,,,,,,,,,
15:14:51.395,,,,,,,,,,,,,,,,,,,,,,,,,,,,,,,,,,,,,,,,,,,,,,,3.5,19,25,15,8,25,,26.5,26.5,0,,,,,,,,,,,,,,,,,,,,,,,,,,,,,,,,,,,,,,,,,,,,,,,,,,17.589145407567344,,3.1844766437499987,3.1844766437499987,0,,,,0,
15:14:51.606,,,,,,,,,,,,,,,,,,,,,,,,,,,,,,,,,,,,,,,,,,,,,,,,,,,,,,,,,5.060000000000002,87,20.5,13.802,741.9000000000001,37.59,14.035,32,,,,,,,,,,,,,,,,,,,,,,,,,,,,,,,,,,,,,,,,,,,,,,,,,,,
15:14:51.755,,,,,,,,,,,,,,,,,,,,,,,,,,,,,,,,,,,,,,,,,,,,,,,,,,,,,,,,,,,,,,,,,57.5,3,,,,,,,,,,,,,,,,,,,,,,,,,,,,,,,,,,,,,,,,,,,,,,,,,
15:14:52.026,,,,,,,,,,,,,,,,,,,,,,,,,,,,,,,,,,,,,,,,,,,,,,,,,,,,,,,,,,,,,,,,,,,,,,,,,,,,,,,,,,,,,,,,,,,,,,,,,,,,,,,0,13.760294,0.28125,,,,,,,,,,
15:14:52.301,,,,,,,,,,,,,,,,,,,,,,,,,,,,,,,,,,,,,,,,,,,,,,,,,,,,,,,,,,,,,,,,,,,0,0,,,,,27,1,,,0,,,,,,,27,27,,,,,,,,,,,,,,,,,,,,,,,,,,,,,,
15:14:52.476,,,,,,,,,,,,,,,,,,,,,,,,,,,,,,,,,,,,,,,,,,,,,,,,,,,,,,,,,,,,,,,,,,,,,,,,,,,,,,,,,,,,,,,,-50,0,0,0,0,400,0,0,0,0,,,,,,,,,,0,,,,,,0,,
15:14:52.751,,,,,,,,,,,,,,,,,,,,,,,,,,,,,,,,,,,,,,,,,,,,,,,,,,,,,,,,,,,,,,,,,,,,,0,17,123,0,,,0,825.6,,0,0.6000000000000001,9,0,30,0,,,350,825.6,,,,,,,,,,,0,0,62,738.7,4.443,,,,,,,,,,,,,
15:14:52.925,,,,0,,,,20,,,,,,,,,25,22,,,,,,,,25,,,,,0,,,,,,,,,,,,,,,,,,,,,,,,,,,,,,,,,,,,,,,,,,,,,,,,,,,,,,,,,,,,,,,,,,,,,,,,,,,,,,,,,,,,
15:14:53.076,13.3,1.4,738.7,,0,0,27,,22,20,21,21,22,20,20,1.03418,,,1116.3075,4018707,0,0,5.12986111111111,4.10388888888889,3.84739583333333,,1706.7,1665.2,1274.9,1204.2,,-11,0,0,737,2460,3.84,24,3.84,64,0,1116.3075,0,62,,,,,,,,,,,,,,,,,,,,,,,,,,,,,,,,,,,,,,,,,,,,,,,,,,,,,,,,,,,,,,,,,,,,1.32966,,,
15:14:53.256,,,,,,,,,,,,,,,,,,,,,,,,,,,,,,,,,,,,,,,,,,,,,38,38,,,,,,,38,,,,,,,,,,,,,,,,,,,,,,,,,,,,,,,,,,,,,,,,,,,,,,,,,,,,,,,,,,,,,,
15:14:53.375,,,,,,,,,,,,,,,,,,,,,,,,,,,,,,,,,,,,,,,,,,,,,,,3.5,19,25,15,8,25,,26.5,26.5,0,,,,,,,,,,,,,,,,,,,,,,,,,,,,,,,,,,,,,,,,,,,,,,,,,,17.535858767630106,,3.1844766437499987,3.1844766437499987,0,,,,0,
15:14:53.585,,,,,,,,,,,,,,,,,,,,,,,,,,,,,,,,,,,,,,,,,,,,,,,,,,,,,,,,,5.019999999999982,87,20.5,13.793,741.9000000000001,38.87,14.012,32,,,,,,,,,,,,,,,,,,,,,,,,,,,,,,,,,,,,,,,,,,,,,,,,,,,
15:14:53.740,,,,,,,,,,,,,,,,,,,,,,,,,,,,,,,,,,,,,,,,,,,,,,,,,,,,,,,,,,,,,,,,,0.6000000000000001,3,,,,,,,,,,,,,,,,,,,,,,,,,,,,,,,,,,,,,,,,,,,,,,,,,
15:14:53.978,,,,,,,,,,,,,,,,,,,,,,,,,,,,,,,,,,,,,,,,,,,,,,,,,,,,,,,,,,,,,,,,,,,,,,,,,,,,,,,,,,,,,,,,,,,,,,,,,,,,,,,0,13.7676185,0.0625,,,,,,,,,,
15:14:54.241,,,,,,,,,,,,,,,,,,,,,,,,,,,,,,,,,,,,,,,,,,,,,,,,,,,,,,,,,,,,,,,,,,,0,0,,,,,27,1,,,0,,,,,,,27,27,,,,,,,,,,,,,,,,,,,,,,,,,,,,,,
15:14:54.430,,,,,,,,,,,,,,,,,,,,,,,,,,,,,,,,,,,,,,,,,,,,,,,,,,,,,,,,,,,,,,,,,,,,,,,,,,,,,,,,,,,,,,,,-50,0,0,0,0,400,0,0,0,0,,,,,,,,,,0,,,,,,0,,
15:14:54.695,,,,,,,,,,,,,,,,,,,,,,,,,,,,,,,,,,,,,,,,,,,,,,,,,,,,,,,,,,,,,,,,,,,,,0,17,123,0,,,0,825.6,,0,0.6000000000000001,9,0,30,0,,,350,825.6,,,,,,,,,,,0,0,62,738.7,4.444,,,,,,,,,,,,,
15:14:54.877,,,,0,,,,20,,,,,,,,,25,22,,,,,,,,25,,,,,0,,,,,,,,,,,,,,,,,,,,,,,,,,,,,,,,,,,,,,,,,,,,,,,,,,,,,,,,,,,,,,,,,,,,,,,,,,,,,,,,,,,,
15:14:55.027,13.4,1.1,738.7,,0,0,27,,22,20,20,21,22,20,20,0.81257,,,1116.3077777777778,4018708,0,0,5.12986111111111,4.10388888888889,3.84739583333333,,1706.7,1665.2,1274.9,1204.2,,0,0,0,737,2460,3.84,22,3.84,61,0,1116.30777777778,0,62,,,,,,,,,,,,,,,,,,,,,,,,,,,,,,,,,,,,,,,,,,,,,,,,,,,,,,,,,,,,,,,,,,,,1.03418,,,
15:14:55.177,,,,,,,,,,,,,,,,,,,,,,,,,,,,,,,,,,,,,,,,,,,,,38,38,,,,,,,39,,,,,,,,,,,,,,,,,,,,,,,,,,,,,,,,,,,,,,,,,,,,,,,,,,,,,,,,,,,,,,
15:14:55.300,,,,,,,,,,,,,,,,,,,,,,,,,,,,,,,,,,,,,,,,,,,,,,,3.5,19,25,15,8,25,,26.5,26.5,0,,,,,,,,,,,,,,,,,,,,,,,,,,,,,,,,,,,,,,,,,,,,,,,,,,17.48439091484185,,3.1844766437499987,3.1844766437499987,0,,,,0,
15:14:55.507,,,,,,,,,,,,,,,,,,,,,,,,,,,,,,,,,,,,,,,,,,,,,,,,,,,,,,,,,5.110000000000014,87,20.5,13.83,741.6,32.68,14.019,31,,,,,,,,,,,,,,,,,,,,,,,,,,,,,,,,,,,,,,,,,,,,,,,,,,,
15:14:55.654,,,,,,,,,,,,,,,,,,,,,,,,,,,,,,,,,,,,,,,,,,,,,,,,,,,,,,,,,,,,,,,,,0.30000000000000004,3,,,,,,,,,,,,,,,,,,,,,,,,,,,,,,,,,,,,,,,,,,,,,,,,,
15:14:55.899,,,,,,,,,,,,,,,,,,,,,,,,,,,,,,,,,,,,,,,,,,,,,,,,,,,,,,,,,,,,,,,,,,,,,,,,,,,,,,,,,,,,,,,,,,,,,,,,,,,,,,,0,13.781290900000002,0,,,,,,,,,,
15:14:56.167,,,,,,,,,,,,,,,,,,,,,,,,,,,,,,,,,,,,,,,,,,,,,,,,,,,,,,,,,,,,,,,,,,,0,0,,,,,27,1,,,0,,,,,,,27,27,,,,,,,,,,,,,,,,,,,,,,,,,,,,,,
15:14:56.346,,,,,,,,,,,,,,,,,,,,,,,,,,,,,,,,,,,,,,,,,,,,,,,,,,,,,,,,,,,,,,,,,,,,,,,,,,,,,,,,,,,,,,,,-50,0,0,0,0,400,0,0,0,0,,,,,,,,,,0,,,,,,0,,
15:14:56.619,,,,,,,,,,,,,,,,,,,,,,,,,,,,,,,,,,,,,,,,,,,,,,,,,,,,,,,,,,,,,,,,,,,,,0,17,123,0,,,0,825.6,,0,0.6000000000000001,9,0,30,0,,,350,825.6,,,,,,,,,,,0,0,62,738.8000000000001,4.444,,,,,,,,,,,,,
15:14:56.796,,,,0,,,,20,,,,,,,,,25,22,,,,,,,,25,,,,,0,,,,,,,,,,,,,,,,,,,,,,,,,,,,,,,,,,,,,,,,,,,,,,,,,,,,,,,,,,,,,,,,,,,,,,,,,,,,,,,,,,,,
15:14:56.946,13.4,1.1,738.8,,0,0,27,,22,20,20,21,22,20,20,0.81268,,,1116.3083333333334,4018710,0,0,5.13055555555556,4.10444444444444,3.84791666666667,,1706.7,1665.2,1274.9,1204.2,,0,0,0,737,2460,3.84,24,3.84,61,0,1116.30833333333,0,62,,,,,,,,,,,,,,,,,,,,,,,,,,,,,,,,,,,,,,,,,,,,,,,,,,,,,,,,,,,,,,,,,,,,0.8126800000000001,,,
15:14:57.126,,,,,,,,,,,,,,,,,,,,,,,,,,,,,,,,,,,,,,,,,,,,,38,38,,,,,,,38,,,,,,,,,,,,,,,,,,,,,,,,,,,,,,,,,,,,,,,,,,,,,,,,,,,,,,,,,,,,,,
15:14:57.217,,,,,,,,,,,,,,,,,,,,,,,,,,,,,,,,,,,,,,,,,,,,,,,3.5,19,25,15,8,25,,26.5,26.5,0,,,,,,,,,,,,,,,,,,,,,,,,,,,,,,,,,,,,,,,,,,,,,,,,,,17.433317505620575,,3.1844766437499987,3.1844766437499987,0,,,,0,
15:14:57.424,,,,,,,,,,,,,,,,,,,,,,,,,,,,,,,,,,,,,,,,,,,,,,,,,,,,,,,,,5.079999999999984,87,20.5,13.831,741.9000000000001,32.4,14.032,31,,,,,,,,,,,,,,,,,,,,,,,,,,,,,,,,,,,,,,,,,,,,,,,,,,,
15:14:57.574,,,,,,,,,,,,,,,,,,,,,,,,,,,,,,,,,,,,,,,,,,,,,,,,,,,,,,,,,,,,,,,,,0.1,3,,,,,,,,,,,,,,,,,,,,,,,,,,,,,,,,,,,,,,,,,,,,,,,,,
15:14:57.786,,,,,,,,,,,,,,,,,,,,,,,,,,,,,,,,,,,,,,,,,,,,,,,,,,,,,,,,,,,,,,,,,,,,,,,,,,,,,,,,,,,,,,,,,,,,,,,,,,,,,,,0,13.788615400000001,0,,,,,,,,,,
15:14:58.055,,,,,,,,,,,,,,,,,,,,,,,,,,,,,,,,,,,,,,,,,,,,,,,,,,,,,,,,,,,,,,,,,,,0,0,,,,,27,1,,,0,,,,,,,27,27,,,,,,,,,,,,,,,,,,,,,,,,,,,,,,
15:14:58.238,,,,,,,,,,,,,,,,,,,,,,,,,,,,,,,,,,,,,,,,,,,,,,,,,,,,,,,,,,,,,,,,,,,,,,,,,,,,,,,,,,,,,,,,-50,0,0,0,0,400,0,0,0,0,,,,,,,,,,0,,,,,,0,,
15:14:58.509,,,,,,,,,,,,,,,,,,,,,,,,,,,,,,,,,,,,,,,,,,,,,,,,,,,,,,,,,,,,,,,,,,,,,0,17,123,0,,,0,825.6,,0,0.6000000000000001,9,0,30,0,,,350,825.6,,,,,,,,,,,0,0,62,738.8000000000001,4.444,,,,,,,,,,,,,
15:14:58.686,,,,0,,,,20,,,,,,,,,25,22,,,,,,,,25,,,,,0,,,,,,,,,,,,,,,,,,,,,,,,,,,,,,,,,,,,,,,,,,,,,,,,,,,,,,,,,,,,,,,,,,,,,,,,,,,,,,,,,,,,
15:14:58.835,13.3,1.1,738.8,,0,0,27,,22,20,21,21,22,20,20,0.81268,,,1116.308888888889,4018712,0,0,5.13055555555556,4.10444444444444,3.84791666666667,,1706.7,1665.2,1274.9,1204.2,,0,0,0,737,2517,3.84,24,3.84,64,0,1116.30888888889,0,62,,,,,,,,,,,,,,,,,,,,,,,,,,,,,,,,,,,,,,,,,,,,,,,,,,,,,,,,,,,,,,,,,,,,0.8126800000000001,,,
15:14:59.024,,,,,,,,,,,,,,,,,,,,,,,,,,,,,,,,,,,,,,,,,,,,,38,38,,,,,,,39,,,,,,,,,,,,,,,,,,,,,,,,,,,,,,,,,,,,,,,,,,,,,,,,,,,,,,,,,,,,,,
15:14:59.165,,,,,,,,,,,,,,,,,,,,,,,,,,,,,,,,,,,,,,,,,,,,,,,3.5,19,25,14.5,8,25,,26.5,26.5,0,,,,,,,,,,,,,,,,,,,,,,,,,,,,,,,,,,,,,,,,,,,,,,,,,,17.38191832961487,,3.1844766437499987,3.1844766437499987,0,,,,0,
15:14:59.375,,,,,,,,,,,,,,,,,,,,,,,,,,,,,,,,,,,,,,,,,,,,,,,,,,,,,,,,,5.03000000000003,87,20.5,13.814,741.9000000000001,32.3,14.003,31,,,,,,,,,,,,,,,,,,,,,,,,,,,,,,,,,,,,,,,,,,,,,,,,,,,
15:14:59.524,,,,,,,,,,,,,,,,,,,,,,,,,,,,,,,,,,,,,,,,,,,,,,,,,,,,,,,,,,,,,,,,,0.2,3,,,,,,,,,,,,,,,,,,,,,,,,,,,,,,,,,,,,,,,,,,,,,,,,,
15:14:59.737,,,,,,,,,,,,,,,,,,,,,,,,,,,,,,,,,,,,,,,,,,,,,,,,,,,,,,,,,,,,,,,,,,,,,,,,,,,,,,,,,,,,,,,,,,,,,,,,,,,,,,,0,13.770548300000002,0,,,,,,,,,,
15:15:00.036,,,,,,,,,,,,,,,,,,,,,,,,,,,,,,,,,,,,,,,,,,,,,,,,,,,,,,,,,,,,,,,,,,,0,0,,,,,27,1,,,0,,,,,,,27,27,,,,,,,,,,,,,,,,,,,,,,,,,,,,,,
15:15:00.216,,,,,,,,,,,,,,,,,,,,,,,,,,,,,,,,,,,,,,,,,,,,,,,,,,,,,,,,,,,,,,,,,,,,,,,,,,,,,,,,,,,,,,,,-50,0,0,0,0,400,0,0,0,0,,,,,,,,,,0,,,,,,0,,
15:15:00.521,,,,,,,,,,,,,,,,,,,,,,,,,,,,,,,,,,,,,,,,,,,,,,,,,,,,,,,,,,,,,,,,,,,,,0,17,123,0,,,0,825.6,,0,0.6000000000000001,9,0,30,0,,,350,825.6,,,,,,,,,,,0,0,62,738.8000000000001,4.444,,,,,,,,,,,,,
15:15:00.695,,,,0,,,,20,,,,,,,,,25,22,,,,,,,,25,,,,,0,,,,,,,,,,,,,,,,,,,,,,,,,,,,,,,,,,,,,,,,,,,,,,,,,,,,,,,,,,,,,,,,,,,,,,,,,,,,,,,,,,,,
15:15:00.846,13.4,1.1,738.8,,0,0,27,,22,20,21,21,22,20,20,0.81268,,,1116.3094444444444,4018714,0,0,5.13055555555556,4.10444444444444,3.84791666666667,,1706.7,1665.2,1274.9,1204.2,,0,0,0,737,2517,3.84,24,3.84,149,0,1116.30944444444,0,62,,,,,,,,,,,,,,,,,,,,,,,,,,,,,,,,,,,,,,,,,,,,,,,,,,,,,,,,,,,,,,,,,,,,0.8126800000000001,,,
15:15:01.025,,,,,,,,,,,,,,,,,,,,,,,,,,,,,,,,,,,,,,,,,,,,,38,38,,,,,,,39,,,,,,,,,,,,,,,,,,,,,,,,,,,,,,,,,,,,,,,,,,,,,,,,,,,,,,,,,,,,,,
15:15:01.146,,,,,,,,,,,,,,,,,,,,,,,,,,,,,,,,,,,,,,,,,,,,,,,3.5,19,25,14.5,8,25,,26.5,26.5,0,,,,,,,,,,,,,,,,,,,,,,,,,,,,,,,,,,,,,,,,,,,,,,,,,,17.329861625185686,,3.1844766437499987,3.1844766437499987,0,,,,0,
15:15:01.360,,,,,,,,,,,,,,,,,,,,,,,,,,,,,,,,,,,,,,,,,,,,,,,,,,,,,,,,,5.03000000000003,87,20.5,13.815999999999999,741.8000000000001,31.86,13.993,31,,,,,,,,,,,,,,,,,,,,,,,,,,,,,,,,,,,,,,,,,,,,,,,,,,,
15:15:01.505,,,,,,,,,,,,,,,,,,,,,,,,,,,,,,,,,,,,,,,,,,,,,,,,,,,,,,,,,,,,,,,,,0.1,3,,,,,,,,,,,,,,,,,,,,,,,,,,,,,,,,,,,,,,,,,,,,,,,,,
15:15:01.718,,,,,,,,,,,,,,,,,,,,,,,,,,,,,,,,,,,,,,,,,,,,,,,,,,,,,,,,,,,,,,,,,,,,,,,,,,,,,,,,,,,,,,,,,,,,,,,,,,,,,,,0,13.7803143,0,,,,,,,,,,
15:15:01.990,,,,,,,,,,,,,,,,,,,,,,,,,,,,,,,,,,,,,,,,,,,,,,,,,,,,,,,,,,,,,,,,,,,0,0,,,,,27,1,,,0,,,,,,,27,27,,,,,,,,,,,,,,,,,,,,,,,,,,,,,,
15:15:02.166,,,,,,,,,,,,,,,,,,,,,,,,,,,,,,,,,,,,,,,,,,,,,,,,,,,,,,,,,,,,,,,,,,,,,,,,,,,,,,,,,,,,,,,,-50,0,0,0,0,400,0,0,0,0,,,,,,,,,,0,,,,,,0,,
15:15:02.441,,,,,,,,,,,,,,,,,,,,,,,,,,,,,,,,,,,,,,,,,,,,,,,,,,,,,,,,,,,,,,,,,,,,,0,17,123,0,,,0,825.6,,0,0.6000000000000001,9,0,30,0,,,350,825.6,,,,,,,,,,,0,0,62,738.8000000000001,4.444,,,,,,,,,,,,,
15:15:02.620,,,,0,,,,20,,,,,,,,,25,22,,,,,,,,25,,,,,0,,,,,,,,,,,,,,,,,,,,,,,,,,,,,,,,,,,,,,,,,,,,,,,,,,,,,,,,,,,,,,,,,,,,,,,,,,,,,,,,,,,,
15:15:02.767,13.4,1.1,738.8,,0,0,27,,22,20,20,21,22,20,20,0.81268,,,1116.31,4018716,0,0,5.13055555555556,4.10444444444444,3.84791666666667,,1706.7,1665.2,1274.9,1204.2,,0,0,0,737,2517,3.84,24,3.84,2,0,1116.31,0,62,,,,,,,,,,,,,,,,,,,,,,,,,,,,,,,,,,,,,,,,,,,,,,,,,,,,,,,,,,,,,,,,,,,,0.8126800000000001,,,
15:15:02.916,,,,,,,,,,,,,,,,,,,,,,,,,,,,,,,,,,,,,,,,,,,,,38,38,,,,,,,39,,,,,,,,,,,,,,,,,,,,,,,,,,,,,,,,,,,,,,,,,,,,,,,,,,,,,,,,,,,,,,
15:15:03.035,,,,,,,,,,,,,,,,,,,,,,,,,,,,,,,,,,,,,,,,,,,,,,,3.5,19,25,14.5,8,25,,26.5,26.5,0,,,,,,,,,,,,,,,,,,,,,,,,,,,,,,,,,,,,,,,,,,,,,,,,,,17.28052659031831,,3.1844766437499987,3.1844766437499987,0,,,,0,
15:15:03.255,,,,,,,,,,,,,,,,,,,,,,,,,,,,,,,,,,,,,,,,,,,,,,,,,,,,,,,,,5.009999999999991,87,20.5,13.815999999999999,741.9000000000001,31.36,13.999,31,,,,,,,,,,,,,,,,,,,,,,,,,,,,,,,,,,,,,,,,,,,,,,,,,,,
15:15:03.395,,,,,,,,,,,,,,,,,,,,,,,,,,,,,,,,,,,,,,,,,,,,,,,,,,,,,,,,,,,,,,,,,0.2,3,,,,,,,,,,,,,,,,,,,,,,,,,,,,,,,,,,,,,,,,,,,,,,,,,
15:15:03.609,,,,,,,,,,,,,,,,,,,,,,,,,,,,,,,,,,,,,,,,,,,,,,,,,,,,,,,,,,,,,,,,,,,,,,,,,,,,,,,,,,,,,,,,,,,,,,,,,,,,,,,0,13.779337700000001,0,,,,,,,,,,
15:15:03.876,,,,,,,,,,,,,,,,,,,,,,,,,,,,,,,,,,,,,,,,,,,,,,,,,,,,,,,,,,,,,,,,,,,0,0,,,,,27,1,,,0,,,,,,,27,27,,,,,,,,,,,,,,,,,,,,,,,,,,,,,,
15:15:04.057,,,,,,,,,,,,,,,,,,,,,,,,,,,,,,,,,,,,,,,,,,,,,,,,,,,,,,,,,,,,,,,,,,,,,,,,,,,,,,,,,,,,,,,,-50,0,0,0,0,400,0,0,0,0,,,,,,,,,,0,,,,,,0,,
15:15:04.328,,,,,,,,,,,,,,,,,,,,,,,,,,,,,,,,,,,,,,,,,,,,,,,,,,,,,,,,,,,,,,,,,,,,,0,17,123,0,,,0,825.6,,0,0.6000000000000001,9,0,30,0,,,350,825.6,,,,,,,,,,,0,0,62,738.8000000000001,4.443,,,,,,,,,,,,,
15:15:04.506,,,,0,,,,20,,,,,,,,,25,22,,,,,,,,25,,,,,0,,,,,,,,,,,,,,,,,,,,,,,,,,,,,,,,,,,,,,,,,,,,,,,,,,,,,,,,,,,,,,,,,,,,,,,,,,,,,,,,,,,,
