time,[BMS] Auxillary Battery Voltage (V),[BMS] Battery Current (A),[BMS] Battery DC Voltage (V),[BMS] Battery Fan Duty Feedback (%),[BMS] Battery Fan Feedback (Hz),[BMS] Battery Fan Status (),[BMS] Battery Inlet Temperature (℃),[BMS] Battery management (),[BMS] Battery Max Temperature (℃),[BMS] Battery Min Temperature (℃),[BMS] Battery Pack B01 (℃),[BMS] Battery Pack B02 (℃),[BMS] Battery Pack B03 (℃),[BMS] Battery Pack B04 (℃),[BMS] Battery Pack B05 (℃),[BMS] Battery Power (kW),[BMS] Battery temperature at WCS input (℃),[BMS] Battery temperature PRA (℃),[BMS] Battery work time total (h) (h),[BMS] Battery work time total (sec.) (sec.),[BMS] BMS Ignition (),[BMS] BMS Main Relay (),[BMS] CALC Average Cell Voltage 58kWh (V),[BMS] CALC Average Cell Voltage 72kWh (V),[BMS] CALC Average Cell Voltage 77kWh (V),[BMS] Coolant temperature 2 (℃),[BMS] Cumulative Charge Current (Ah),[BMS] Cumulative Discharge Current (Ah),[BMS] Cumulative Energy Charged (kWh),[BMS] Cumulative Energy Discharged (kWh),[BMS] DATC A/C Compressor operation RPM var.1 (rpm),[BMS] Drive Motor Speed 1 (rpm),[BMS] Drive Motor Speed 2 (rpm),[BMS] HV_Charging (),[BMS] Inverter Capacitor Voltage (V),[BMS] Isolation Resistance (kOhm),[BMS] Maximum Cell Voltage (V),[BMS] Maximum Cell Voltage No (),[BMS] Minimum Cell Voltage (V),[BMS] Minimum Cell Voltage No (),[BMS] Normal Charge Port (),[BMS] Operating Time (Hours),[BMS] Rapid Charge Port (),[BMS] State of Charge BMS (%),[HVAC] Coolant temperature #1 (℃),[HVAC] Coolant temperature 1 (℃),[HVAC] Evaporator Temperature (℃),[HVAC] Humidity sensor for automatic defogger (%),[HVAC] Indoor Temperature (℃),[HVAC] Interior temperature: driver legs vent (℃),[HVAC] Interior temperature: driver vent (℃),[HVAC] Interior temperature: front (℃),[HVAC] Inverter temperature (℃),[HVAC] Outdoor Temperature (℃),[HVAC] Outside temperature (℃),[HVAC] Real Vehicle Speed (km/h),[ICCU] Aux. Battery Current (A),[ICCU] Aux. Battery State of Charge (%),[ICCU] Aux. Battery Temperature (℃),[ICCU] Aux. Battery Voltage (V),[ICCU] LDC Input Voltage (V),[ICCU] LDC Output Current (A),[ICCU] LDC Output Voltage (V),[ICCU] LDC Temperature (℃),[PS] Absolute wheels turn angle (°),[PS] MDPS motor current (A),[VCMS] 400V Relay On/Off request (),[VCMS] 400V Relay Status (),[VCMS] AC Charger current (A),[VCMS] AC Charging Counter (),[VCMS] AC Charging Time (Hours),[VCMS] AC Charging Time after plug-in (min),[VCMS] AC Inlet temperature 1 (℃),[VCMS] Battery main relay status (),[VCMS] BMS Target current (A),[VCMS] BMS Target voltage (V),[VCMS] Charging socket connected (),[VCMS] CP duty cycle (%),[VCMS] CP voltage (V),[VCMS] Cumulative DC Charging time (h),[VCMS] DC Charger current capability (A),[VCMS] DC Charging counter (),[VCMS] DC Charging time after plug-in (min),[VCMS] DC Inlet Temperature 1 (℃),[VCMS] DC Inlet Temperature 2 (℃),[VCMS] EV Max Current (A),[VCMS] EV Max Voltage (V),[VCMS] EVSE Current regulation tolerance Value (A),[VCMS] EVSE Delivered Power Value (Wh),[VCMS] EVSE Main Power (kW),[VCMS] EVSE Maximum Current Value (A),[VCMS] EVSE Maximum Power value (W),[VCMS] EVSE Maximum Voltage Value (V),[VCMS] EVSE Minimum Current Value (A),[VCMS] EVSE Minimum Voltage Value (V),[VCMS] EVSE Output Current (A),[VCMS] EVSE Output Voltage (V),[VCMS] EVSE Target Current (A),[VCMS] EVSE Target Voltage (V),[VCMS] HV Battery SoC (%),[VCMS] HV Battery Voltage (V),[VCMS] PD voltage (V),[VCS] Accelerator pedal position (%),[VCS] Aux. battery voltage (V),[VCS] Vehicle speed (high res.) (km/h),Average speed (km/h),DC Charger Power (kW),Distance travelled (km),Distance travelled (total) (km),EV Instant Energy Consumption (km/kWh),EV Instant Energy Consumption [kWh/100km] (kWh/100km),HV EV Battery Power (kW),Hybrid/EV Charger Power (kW),Vehicle acceleration (g),12V device load (A)
0.0,,,,0.0,,,,20.0,,,,,,,,,18.0,26.0,,,,,,,,18.0,,,,,0.0,,,,,,,,,,,,,,,,,,,,,,,,,,,,,,,,,,,,,,,,,,,,,,,,,,,,,,,,,,,,,,,,,,,,,,,,,,,,,,,,,,,,
1.0,13.3,1.0,715.0,0.0,0.0,0.0,17.0,20.0,19.0,18.0,19.0,18.0,18.0,18.0,18.0,0.715,18.0,26.0,1019.37833333333,3669762.0,0.0,0.0,4.96527777777778,3.97222222222222,3.72395833333333,18.0,1572.6,1544.4,1175.6,1117.6,0.0,0.0,0.0,0.0,714.0,3000.0,3.72,9.0,3.72,40.0,0.0,1019.37833333333,0.0,50.5,19.5,19.5,20.0,54.0,23.5,21.5,23.0,23.5,23.0,16.0,16.0,0.0,18.61,85.0,20.0,13.76,719.3,60.12,14.035,25.0,,,,,,,,,,,,,,,,,,,,,,,,,,,,,,,,,,,,,,,,,,,,,,0.0,,0.715,,0.0,41.51
2.0,13.3,1.0,715.0,0.0,0.0,0.0,17.0,20.0,19.0,18.0,19.0,18.0,18.0,18.0,18.0,0.715,18.0,26.0,1019.37833333333,3669762.0,0.0,0.0,4.96527777777778,3.97222222222222,3.72395833333333,18.0,1572.6,1544.4,1175.6,1117.6,0.0,0.0,0.0,0.0,714.0,3000.0,3.72,9.0,3.72,40.0,0.0,1019.37833333333,0.0,50.5,19.5,19.5,20.0,54.0,23.5,21.5,23.0,23.5,23.0,16.0,16.0,0.0,18.61,85.0,20.0,13.76,719.3,60.12,14.035,25.0,-9.9,3.0,0.0,0.0,,,,,20.0,1.0,,,0.0,,,,,,,20.0,20.0,,,,,,,,,,,,,,,,,,0.0,13.7417386,0.0,,,,,0.0,,0.715,,0.0,41.51
3.0,13.3,1.1,715.0,0.0,0.0,0.0,17.0,20.0,19.0,18.0,19.0,18.0,18.0,18.0,18.0,0.7865,18.0,26.0,1019.37916666667,3669765.0,0.0,0.0,4.96527777777778,3.97222222222222,3.72395833333333,18.0,1572.6,1544.4,1175.6,1117.6,0.0,34.0,0.0,0.0,714.0,3000.0,3.72,9.0,3.72,77.0,0.0,1019.37916666667,0.0,50.5,19.5,19.5,20.0,54.0,23.5,21.5,23.0,23.5,23.0,16.0,16.0,0.0,18.61,85.0,20.0,13.76,719.3,60.12,14.035,25.0,-9.9,3.0,0.0,0.0,0.0,14.0,63.0,0.0,20.0,1.0,0.0,825.6,0.0,0.0,0.6,9.0,0.0,29.0,0.0,20.0,20.0,350.0,825.6,-50.0,0.0,0.0,0.0,0.0,400.0,0.0,0.0,0.0,0.0,0.0,0.0,49.5,715.1,4.443,0.0,13.7417386,0.0,,0.0,,,0.0,,0.715,0.0,0.0,41.51
4.0,13.3,1.1,715.0,0.0,0.0,0.0,17.0,20.0,19.0,18.0,19.0,18.0,18.0,18.0,18.0,0.7865,18.0,26.0,1019.37916666667,3669765.0,0.0,0.0,4.96527777777778,3.97222222222222,3.72395833333333,18.0,1572.6,1544.4,1175.6,1117.6,0.0,34.0,0.0,0.0,714.0,3000.0,3.72,9.0,3.72,77.0,0.0,1019.37916666667,0.0,50.5,19.5,19.5,20.0,54.0,23.5,21.5,22.5,23.5,23.0,16.0,16.0,0.0,18.01,85.0,20.0,13.786,718.6,46.06,14.063,25.0,-9.4,3.0,0.0,0.0,0.0,14.0,63.0,0.0,20.0,1.0,0.0,825.6,0.0,0.0,0.6,9.0,0.0,29.0,0.0,20.0,20.0,350.0,825.6,-50.0,0.0,0.0,0.0,0.0,400.0,0.0,0.0,0.0,0.0,0.0,0.0,49.5,715.1,4.443,0.0,13.760294,0.390625,,0.0,0.0,0.0,0.0,,0.715,0.0,0.0,28.05
5.0,13.3,1.1,715.0,0.0,0.0,0.0,17.0,20.0,19.0,18.0,19.0,18.0,18.0,18.0,18.0,0.7865,18.0,26.0,1019.37916666667,3669765.0,0.0,0.0,4.96527777777778,3.97222222222222,3.72395833333333,18.0,1572.6,1544.4,1175.6,1117.6,0.0,34.0,0.0,0.0,714.0,3000.0,3.72,9.0,3.72,77.0,0.0,1019.37916666667,0.0,50.5,19.5,19.5,20.0,54.0,23.5,21.5,22.5,23.5,23.0,16.0,16.0,0.0,18.01,85.0,20.0,13.786,718.6,46.06,14.063,25.0,-9.4,3.0,0.0,0.0,0.0,14.0,63.0,0.0,20.0,1.0,0.0,825.6,0.0,0.0,0.6,9.0,0.0,29.0,0.0,20.0,20.0,350.0,825.6,-50.0,0.0,0.0,0.0,0.0,400.0,0.0,0.0,0.0,0.0,0.0,0.0,49.5,715.1,4.443,0.0,13.760294,0.390625,,0.0,0.0,0.0,0.0,,0.715,0.0,0.0,28.05
6.0,13.3,1.1,715.0,0.0,0.0,0.0,17.0,20.0,19.0,18.0,19.0,18.0,18.0,18.0,18.0,0.7865,18.0,26.0,1019.37972222222,3669767.0,0.0,0.0,4.96527777777778,3.97222222222222,3.72395833333333,18.0,1572.6,1544.4,1175.6,1117.6,0.0,0.0,0.0,0.0,714.0,2536.0,3.72,9.0,3.72,41.0,0.0,1019.37972222222,0.0,50.5,19.5,19.5,20.0,54.0,23.0,21.0,22.5,23.0,23.0,16.0,16.0,0.0,18.01,85.0,20.0,13.786,718.6,46.06,14.063,25.0,-9.4,3.0,0.0,0.0,0.0,14.0,63.0,0.0,20.0,1.0,0.0,825.6,0.0,0.0,0.6,9.0,0.0,29.0,0.0,20.0,20.0,350.0,825.6,-50.0,0.0,0.0,0.0,0.0,400.0,0.0,0.0,0.0,0.0,0.0,0.0,49.5,715.1,4.442,0.0,13.760294,0.390625,0.0,0.0,0.0,0.0,0.0,,0.7865,0.0,0.0,28.05
7.0,13.3,1.1,715.0,0.0,0.0,0.0,17.0,20.0,19.0,18.0,19.0,18.0,18.0,18.0,18.0,0.7865,18.0,26.0,1019.37972222222,3669767.0,0.0,0.0,4.96527777777778,3.97222222222222,3.72395833333333,18.0,1572.6,1544.4,1175.6,1117.6,0.0,0.0,0.0,0.0,714.0,2536.0,3.72,9.0,3.72,41.0,0.0,1019.37972222222,0.0,50.5,19.5,19.5,20.0,54.0,23.0,21.0,22.5,23.0,23.0,16.0,16.0,0.0,17.53,85.0,20.0,13.819,719.3,40.9,14.055,25.0,32.0,3.0,0.0,0.0,0.0,14.0,63.0,0.0,20.0,1.0,0.0,825.6,0.0,0.0,0.6,9.0,0.0,29.0,0.0,20.0,20.0,350.0,825.6,-50.0,0.0,0.0,0.0,0.0,400.0,0.0,0.0,0.0,0.0,0.0,0.0,49.5,715.1,4.442,24.0719575,13.799358,0.0625,0.0,0.0,0.0,0.0,0.0,,0.7865,0.0,0.0,23.369999999999997
8.0,13.4,1.0,715.1,0.0,0.0,0.0,17.0,20.0,19.0,18.0,19.0,18.0,18.0,18.0,18.0,0.7151,18.0,26.0,1019.38055555556,3669770.0,0.0,0.0,4.96597222222222,3.97277777777778,3.72447916666667,18.0,1572.6,1544.4,1175.6,1117.6,0.0,58.0,0.0,0.0,714.0,2536.0,3.72,9.0,3.72,77.0,0.0,1019.38055555556,0.0,50.5,19.5,19.5,20.0,54.0,23.0,21.0,22.5,23.0,23.0,16.0,16.0,0.0,17.53,85.0,20.0,13.819,719.3,40.9,14.055,25.0,32.0,3.0,0.0,0.0,0.0,14.0,63.0,0.0,20.0,1.0,0.0,825.6,0.0,0.0,0.6,9.0,0.0,29.0,0.0,20.0,20.0,350.0,825.6,-50.0,0.0,0.0,0.0,0.0,400.0,0.0,0.0,0.0,0.0,0.0,0.0,49.5,715.1,4.442,24.0719575,13.799358,0.0625,0.0,0.0,0.0,0.0,0.0,,0.78661,0.0,0.0,23.369999999999997
9.0,13.4,1.0,715.1,0.0,0.0,0.0,17.0,20.0,19.0,18.0,19.0,18.0,18.0,18.0,18.0,0.7151,18.0,26.0,1019.38055555556,3669770.0,0.0,0.0,4.96597222222222,3.97277777777778,3.72447916666667,18.0,1572.6,1544.4,1175.6,1117.6,0.0,58.0,0.0,0.0,714.0,2536.0,3.72,9.0,3.72,77.0,0.0,1019.38055555556,0.0,50.5,19.5,19.5,20.0,54.0,23.0,21.0,22.5,23.0,23.0,16.0,16.0,0.0,16.46,85.0,20.0,13.803,719.0,44.08,14.062,25.0,2.1,3.0,0.0,0.0,0.0,14.0,63.0,0.0,20.0,1.0,0.0,825.6,0.0,0.0,0.6,9.0,0.0,29.0,0.0,20.0,20.0,350.0,825.6,-50.0,0.0,0.0,0.0,0.0,400.0,0.0,0.0,0.0,0.0,0.0,0.0,49.5,715.1,4.442,0.0,13.7705483,0.84375,0.0,0.0,0.0,0.0,0.0,,0.78661,0.0,0.0,27.619999999999997
10.0,13.4,1.0,715.1,0.0,0.0,0.0,17.0,20.0,19.0,18.0,19.0,18.0,18.0,18.0,18.0,0.7151,18.0,26.0,1019.38055555556,3669770.0,0.0,0.0,4.96597222222222,3.97277777777778,3.72447916666667,18.0,1572.6,1544.4,1175.6,1117.6,0.0,58.0,0.0,0.0,714.0,2536.0,3.72,9.0,3.72,77.0,0.0,1019.38055555556,0.0,50.5,19.5,19.5,20.0,54.0,23.0,21.0,22.5,23.0,23.0,16.0,16.0,0.0,16.46,85.0,20.0,13.803,719.0,44.08,14.062,25.0,2.1,3.0,0.0,0.0,0.0,14.0,63.0,0.0,20.0,1.0,0.0,825.6,0.0,0.0,0.6,9.0,0.0,29.0,0.0,20.0,20.0,350.0,825.6,-50.0,0.0,0.0,0.0,0.0,400.0,0.0,0.0,0.0,0.0,0.0,0.0,49.5,715.1,4.443,0.0,13.7705483,0.84375,0.0,0.0,0.0,0.0,0.0,,0.78661,0.0,0.0,27.619999999999997
11.0,13.3,1.0,715.0,0.0,0.0,0.0,17.0,20.0,19.0,18.0,19.0,18.0,18.0,18.0,18.0,0.715,18.0,26.0,1019.38111111111,3669772.0,0.0,0.0,4.96527777777778,3.97222222222222,3.72395833333333,18.0,1572.6,1544.4,1175.6,1117.6,0.0,6.0,0.0,0.0,713.0,2536.0,3.72,9.0,3.72,77.0,0.0,1019.38111111111,0.0,50.5,19.5,19.5,20.0,54.0,23.0,21.0,22.5,23.0,23.0,16.0,16.0,0.0,15.82,85.0,20.0,13.805,718.9,44.0,14.056,25.0,2.1,3.0,0.0,0.0,0.0,14.0,63.0,0.0,20.0,1.0,0.0,825.6,0.0,0.0,0.6,9.0,0.0,29.0,0.0,20.0,20.0,350.0,825.6,-50.0,0.0,0.0,0.0,0.0,400.0,0.0,0.0,0.0,0.0,0.0,0.0,49.5,715.1,4.443,0.0,13.7705483,0.84375,0.0,0.0,0.0,0.0,0.0,,0.715,0.0,0.0,28.18
12.0,13.3,1.0,715.0,0.0,0.0,0.0,17.0,20.0,19.0,18.0,19.0,18.0,18.0,18.0,18.0,0.715,18.0,26.0,1019.38111111111,3669772.0,0.0,0.0,4.96527777777778,3.97222222222222,3.72395833333333,18.0,1572.6,1544.4,1175.6,1117.6,0.0,6.0,0.0,0.0,713.0,2536.0,3.72,9.0,3.72,77.0,0.0,1019.38111111111,0.0,50.5,19.5,19.5,20.0,54.0,23.0,21.0,22.5,23.0,23.0,16.0,16.0,0.0,15.82,85.0,20.0,13.805,718.9,44.0,14.056,25.0,3.4,3.0,0.0,0.0,0.0,14.0,63.0,0.0,20.0,1.0,0.0,825.6,0.0,0.0,0.6,9.0,0.0,29.0,0.0,20.0,20.0,350.0,825.6,-50.0,0.0,0.0,0.0,0.0,400.0,0.0,0.0,0.0,0.0,0.0,0.0,49.5,715.1,4.443,0.0,13.7705483,0.109375,0.0,0.0,0.0,0.0,0.0,,0.715,0.0,0.0,28.18
13.0,13.3,1.0,715.0,0.0,0.0,0.0,17.0,20.0,19.0,18.0,19.0,18.0,18.0,18.0,18.0,0.715,18.0,26.0,1019.38194444444,3669775.0,0.0,0.0,4.96527777777778,3.97222222222222,3.72395833333333,18.0,1572.6,1544.4,1175.6,1117.6,0.0,2.0,0.0,0.0,714.0,2536.0,3.72,24.0,3.72,77.0,0.0,1019.38194444444,0.0,50.5,19.5,19.5,20.0,54.0,22.5,21.0,22.0,22.5,23.0,16.0,16.0,0.0,15.82,85.0,20.0,13.805,718.9,44.0,14.056,25.0,3.4,3.0,0.0,0.0,0.0,14.0,63.0,0.0,20.0,1.0,0.0,825.6,0.0,0.0,0.6,9.0,0.0,29.0,0.0,20.0,20.0,350.0,825.6,-50.0,0.0,0.0,0.0,0.0,400.0,0.0,0.0,0.0,0.0,0.0,0.0,49.5,715.0,4.442,0.0,13.7705483,0.109375,0.0,0.0,0.0,0.0,0.0,,0.715,0.0,0.0,28.18
14.0,13.3,1.0,715.0,0.0,0.0,0.0,17.0,20.0,19.0,18.0,19.0,18.0,18.0,18.0,18.0,0.715,18.0,26.0,1019.38194444444,3669775.0,0.0,0.0,4.96527777777778,3.97222222222222,3.72395833333333,18.0,1572.6,1544.4,1175.6,1117.6,0.0,2.0,0.0,0.0,714.0,2536.0,3.72,24.0,3.72,77.0,0.0,1019.38194444444,0.0,50.5,19.5,19.5,20.0,54.0,22.5,21.0,22.0,22.5,23.0,16.0,16.0,0.0,15.65,85.0,20.0,13.832,719.7,38.74,14.063,25.0,-6.0,3.0,0.0,0.0,0.0,14.0,63.0,0.0,20.0,1.0,0.0,825.6,0.0,0.0,0.6,9.0,0.0,29.0,0.0,20.0,20.0,350.0,825.6,-50.0,0.0,0.0,0.0,0.0,400.0,0.0,0.0,0.0,0.0,0.0,0.0,49.5,715.0,4.442,33.00739,13.7803143,0.5,0.0,0.0,0.0,0.0,0.0,,0.715,0.0,0.0,23.090000000000003
15.0,13.3,1.0,715.0,0.0,0.0,0.0,17.0,20.0,19.0,18.0,19.0,18.0,18.0,18.0,18.0,0.715,18.0,26.0,1019.38194444444,3669775.0,0.0,0.0,4.96527777777778,3.97222222222222,3.72395833333333,18.0,1572.6,1544.4,1175.6,1117.6,0.0,2.0,0.0,0.0,714.0,2536.0,3.72,24.0,3.72,77.0,0.0,1019.38194444444,0.0,50.5,19.5,19.5,20.0,54.0,22.5,21.0,22.0,22.5,23.0,16.0,16.0,0.0,15.65,85.0,20.0,13.832,719.7,38.74,14.063,25.0,-6.0,3.0,0.0,0.0,0.0,14.0,63.0,0.0,20.0,1.0,0.0,825.6,0.0,0.0,0.6,9.0,0.0,29.0,0.0,20.0,20.0,350.0,825.6,-50.0,0.0,0.0,0.0,0.0,400.0,0.0,0.0,0.0,0.0,0.0,0.0,49.5,715.0,4.441,33.00739,13.7803143,0.5,0.0,0.0,0.0,0.0,0.0,,0.715,0.0,0.0,23.090000000000003
16.0,13.3,0.8,715.1,0.0,0.0,0.0,17.0,20.0,19.0,18.0,19.0,18.0,18.0,18.0,18.0,0.57208,18.0,26.0,1019.3825,3669777.0,0.0,0.0,4.96597222222222,3.97277777777778,3.72447916666667,18.0,1572.6,1544.4,1175.6,1117.6,0.0,167.0,0.0,0.0,714.0,2446.0,3.72,9.0,3.72,64.0,0.0,1019.3825,0.0,50.5,19.5,19.5,20.0,54.0,22.5,21.0,22.0,22.5,23.0,16.0,16.0,2.0,14.93,85.0,20.0,13.816,719.5,38.11,14.036,25.0,-19.8,3.0,0.0,0.0,0.0,14.0,63.0,0.0,20.0,1.0,0.0,825.6,0.0,0.0,0.6,9.0,0.0,29.0,0.0,20.0,20.0,350.0,825.6,-50.0,0.0,0.0,0.0,0.0,400.0,0.0,0.0,0.0,0.0,0.0,0.0,49.5,715.0,4.441,33.00739,13.7803143,0.5,0.39614070711488,0.0,0.0013502387777777,0.0013502387777777,3.4960145434205,28.604,0.7151,0.0,0.0059194196541728,23.18
17.0,13.3,0.8,715.1,0.0,0.0,0.0,17.0,20.0,19.0,18.0,19.0,18.0,18.0,18.0,18.0,0.57208,18.0,26.0,1019.3825,3669777.0,0.0,0.0,4.96597222222222,3.97277777777778,3.72447916666667,18.0,1572.6,1544.4,1175.6,1117.6,0.0,167.0,0.0,0.0,714.0,2446.0,3.72,9.0,3.72,64.0,0.0,1019.3825,0.0,50.5,19.5,19.5,20.0,54.0,22.5,21.0,22.0,22.5,23.0,16.0,16.0,2.0,14.93,85.0,20.0,13.816,719.5,38.11,14.036,25.0,-19.8,3.0,0.0,0.0,0.0,14.0,63.0,0.0,20.0,1.0,0.0,825.6,0.0,0.0,0.6,9.0,0.0,29.0,0.0,20.0,20.0,350.0,825.6,-50.0,0.0,0.0,0.0,0.0,400.0,0.0,0.0,0.0,0.0,0.0,0.0,49.5,715.0,4.441,22.7047875,13.7715249,0.0,0.39614070711488,0.0,0.0013502387777777,0.0013502387777777,3.4960145434205,28.604,0.7151,0.0,0.0059194196541728,23.18
18.0,13.3,0.9,715.0,0.0,0.0,0.0,17.0,20.0,19.0,18.0,19.0,18.0,18.0,18.0,18.0,0.6435,18.0,26.0,1019.38305555556,3669779.0,0.0,0.0,4.96527777777778,3.97222222222222,3.72395833333333,18.0,1572.6,1544.4,1175.6,1117.6,0.0,201.0,0.0,0.0,714.0,2446.0,3.72,9.0,3.72,64.0,0.0,1019.38305555556,0.0,50.5,19.5,19.5,20.0,54.0,22.5,21.0,22.0,22.5,23.0,16.0,16.0,2.0,14.93,85.0,20.0,13.816,719.5,38.11,14.036,25.0,-19.8,3.0,0.0,0.0,0.0,14.0,63.0,0.0,20.0,1.0,0.0,825.6,0.0,0.0,0.6,9.0,0.0,29.0,0.0,20.0,20.0,350.0,825.6,-50.0,0.0,0.0,0.0,0.0,400.0,0.0,0.0,0.0,0.0,0.0,0.0,49.5,715.1,4.443,22.7047875,13.7715249,0.0,0.65848703531876,0.0,0.0026833646666666,0.0026833646666666,3.10800310800311,32.175,0.572,0.0,0.0059006494257739,23.18
19.0,13.3,0.9,715.0,0.0,0.0,0.0,17.0,20.0,19.0,18.0,19.0,18.0,18.0,18.0,18.0,0.6435,18.0,26.0,1019.38305555556,3669779.0,0.0,0.0,4.96527777777778,3.97222222222222,3.72395833333333,18.0,1572.6,1544.4,1175.6,1117.6,0.0,201.0,0.0,0.0,714.0,2446.0,3.72,9.0,3.72,64.0,0.0,1019.38305555556,0.0,50.5,19.5,19.5,20.0,54.0,22.5,21.0,22.0,22.5,23.0,16.0,16.0,2.0,13.21,85.0,20.0,13.776,719.0,48.72,14.034,25.0,-195.6,3.0,0.0,0.0,0.0,14.0,63.0,0.0,20.0,1.0,0.0,825.6,0.0,0.0,0.6,9.0,0.0,29.0,0.0,20.0,20.0,350.0,825.6,-50.0,0.0,0.0,0.0,0.0,400.0,0.0,0.0,0.0,0.0,0.0,0.0,49.5,715.1,4.443,38.67138,13.7905686,0.0,0.65848703531876,0.0,0.0026833646666666,0.0026833646666666,3.10800310800311,32.175,0.572,0.0,0.0059006494257739,35.51
20.0,13.4,5.7,714.6,0.0,0.0,0.0,17.0,20.0,19.0,18.0,19.0,18.0,18.0,18.0,18.0,4.07322,18.0,26.0,1019.38388888889,3669782.0,0.0,0.0,4.9625,3.97,3.721875,18.0,1572.6,1544.4,1175.6,1117.6,0.0,411.0,0.0,0.0,713.0,2446.0,3.72,34.0,3.7,77.0,0.0,1019.38388888889,0.0,50.5,19.5,19.5,20.0,54.0,22.5,21.0,22.0,22.5,23.0,16.0,16.0,2.0,13.21,85.0,20.0,13.776,719.0,48.72,14.034,25.0,-195.6,3.0,0.0,0.0,0.0,14.0,63.0,0.0,20.0,1.0,0.0,825.6,0.0,0.0,0.6,9.0,0.0,29.0,0.0,20.0,20.0,350.0,825.6,-50.0,0.0,0.0,0.0,0.0,400.0,0.0,0.0,0.0,0.0,0.0,0.0,49.5,714.8,4.442,38.67138,13.7905686,0.0,0.65848703531876,0.0,0.0026833646666666,0.0026833646666666,3.10800310800311,32.175,0.64314,0.0,0.0059006494257739,35.51
21.0,13.4,5.7,714.6,0.0,0.0,0.0,17.0,20.0,19.0,18.0,19.0,18.0,18.0,18.0,18.0,4.07322,18.0,26.0,1019.38388888889,3669782.0,0.0,0.0,4.9625,3.97,3.721875,18.0,1572.6,1544.4,1175.6,1117.6,0.0,411.0,0.0,0.0,713.0,2446.0,3.72,34.0,3.7,77.0,0.0,1019.38388888889,0.0,50.5,19.5,19.5,20.0,54.0,22.5,21.0,22.0,22.5,23.0,16.0,16.0,6.0,14.17,85.0,20.0,13.82,718.3,37.82,14.047,25.0,35.0,3.0,0.0,0.0,0.0,14.0,63.0,0.0,20.0,1.0,0.0,825.6,0.0,0.0,0.6,9.0,0.0,29.0,0.0,20.0,20.0,350.0,825.6,-50.0,0.0,0.0,0.0,0.0,400.0,0.0,0.0,0.0,0.0,0.0,0.0,49.5,714.8,4.442,38.67138,13.7905686,0.0,1.44971427765108,0.0,0.0069349051666666,0.0069349051666666,1.47303607465347,67.887,0.64314,0.0,0.017377391762655,23.65
22.0,13.4,5.7,714.6,0.0,0.0,0.0,17.0,20.0,19.0,18.0,19.0,18.0,18.0,18.0,18.0,4.07322,18.0,26.0,1019.38388888889,3669782.0,0.0,0.0,4.9625,3.97,3.721875,18.0,1572.6,1544.4,1175.6,1117.6,0.0,411.0,0.0,0.0,713.0,2446.0,3.72,34.0,3.7,77.0,0.0,1019.38388888889,0.0,50.5,19.5,19.5,20.0,54.0,22.5,21.0,22.0,22.5,23.0,16.0,16.0,6.0,14.17,85.0,20.0,13.82,718.3,37.82,14.047,25.0,35.0,3.0,0.0,0.0,0.0,14.0,63.0,0.0,20.0,1.0,0.0,825.6,0.0,0.0,0.6,9.0,0.0,29.0,0.0,20.0,20.0,350.0,825.6,-50.0,0.0,0.0,0.0,0.0,400.0,0.0,0.0,0.0,0.0,0.0,0.0,49.5,714.8,4.442,46.8255725,13.789592,8.5,1.44971427765108,0.0,0.0069349051666666,0.0069349051666666,1.47303607465347,67.887,0.64314,0.0,0.017377391762655,23.65
23.0,13.3,4.4,714.6,0.0,0.0,0.0,17.0,20.0,19.0,18.0,19.0,18.0,18.0,18.0,18.0,3.14424,18.0,26.0,1019.38444444444,3669784.0,0.0,0.0,4.9625,3.97,3.721875,18.0,1572.6,1544.4,1175.6,1117.6,0.0,796.0,0.0,0.0,713.0,2446.0,3.72,9.0,3.7,77.0,0.0,1019.38444444444,0.0,50.5,19.5,19.5,20.0,55.0,22.0,21.0,22.0,22.0,23.0,16.0,16.0,10.0,14.17,85.0,20.0,13.82,718.3,37.82,14.047,25.0,35.0,3.0,0.0,0.0,0.0,14.0,63.0,0.0,20.0,1.0,0.0,825.6,0.0,0.0,0.6,9.0,0.0,29.0,0.0,20.0,20.0,350.0,825.6,-50.0,0.0,0.0,0.0,0.0,400.0,0.0,0.0,0.0,0.0,0.0,0.0,49.5,714.3,4.443,46.8255725,13.789592,8.5,2.54152333265215,0.0,0.013937431,0.013937431,3.18041879754726,31.4424,4.07322,0.0,0.0286074693732979,23.65
24.0,13.3,4.4,714.6,0.0,0.0,0.0,17.0,20.0,19.0,18.0,19.0,18.0,18.0,18.0,18.0,3.14424,18.0,26.0,1019.38444444444,3669784.0,0.0,0.0,4.9625,3.97,3.721875,18.0,1572.6,1544.4,1175.6,1117.6,0.0,796.0,0.0,0.0,713.0,2446.0,3.72,9.0,3.7,77.0,0.0,1019.38444444444,0.0,50.5,19.5,19.5,20.0,55.0,22.0,21.0,22.0,22.0,23.0,16.0,16.0,10.0,13.71,85.0,20.0,13.819,719.5,38.16,14.037,25.0,18.6,3.0,0.0,0.0,0.0,14.0,63.0,0.0,20.0,1.0,0.0,825.6,0.0,0.0,0.6,9.0,0.0,29.0,0.0,20.0,20.0,350.0,825.6,-50.0,0.0,0.0,0.0,0.0,400.0,0.0,0.0,0.0,0.0,0.0,0.0,49.5,714.3,4.443,17.089625,13.7812909,9.390625,2.54152333265215,0.0,0.013937431,0.013937431,3.18041879754726,31.4424,4.07322,0.0,0.0286074693732979,24.449999999999996
25.0,13.4,1.1,715.0,0.0,0.0,0.0,17.0,20.0,19.0,18.0,19.0,18.0,18.0,18.0,18.0,0.7865,18.0,26.0,1019.38527777778,3669787.0,0.0,0.0,4.96527777777778,3.97222222222222,3.72395833333333,18.0,1572.6,1544.4,1175.6,1117.6,0.0,678.0,0.0,0.0,713.0,2414.0,3.72,9.0,3.72,77.0,0.0,1019.38527777778,0.0,50.5,19.5,19.5,20.0,55.0,22.0,21.0,22.0,22.0,23.0,16.0,16.0,10.0,13.71,85.0,20.0,13.819,719.5,38.16,14.037,25.0,18.6,3.0,0.0,0.0,0.0,14.0,63.0,0.0,20.0,1.0,0.0,825.6,0.0,0.0,0.6,9.0,0.0,29.0,0.0,20.0,20.0,350.0,825.6,-50.0,0.0,0.0,0.0,0.0,400.0,0.0,0.0,0.0,0.0,0.0,0.0,49.5,715.1,4.443,17.089625,13.7812909,9.390625,2.54152333265215,0.0,0.013937431,0.013937431,3.18041879754726,31.4424,3.146,0.0,0.0286074693732979,24.449999999999996
26.0,13.4,1.1,715.0,0.0,0.0,0.0,17.0,20.0,19.0,18.0,19.0,18.0,18.0,18.0,18.0,0.7865,18.0,26.0,1019.38527777778,3669787.0,0.0,0.0,4.96527777777778,3.97222222222222,3.72395833333333,18.0,1572.6,1544.4,1175.6,1117.6,0.0,678.0,0.0,0.0,713.0,2414.0,3.72,9.0,3.72,77.0,0.0,1019.38527777778,0.0,50.5,19.5,19.5,20.0,55.0,22.0,21.0,22.0,22.0,23.0,16.0,16.0,8.0,13.48,85.0,20.0,13.825,718.2,35.97,14.016,25.0,-17.3,3.0,0.0,0.0,0.0,14.0,63.0,0.0,20.0,1.0,0.0,825.6,0.0,0.0,0.6,9.0,0.0,29.0,0.0,20.0,20.0,350.0,825.6,-50.0,0.0,0.0,0.0,0.0,400.0,0.0,0.0,0.0,0.0,0.0,0.0,49.5,715.1,4.443,44.6771625,13.7715249,8.0,3.09965074591133,0.0,0.0189341501111111,0.0189341501111111,10.1716465352829,9.83125,3.146,0.0,0.0286074693732979,22.49
27.0,13.4,1.1,715.0,0.0,0.0,0.0,17.0,20.0,19.0,18.0,19.0,18.0,18.0,18.0,18.0,0.7865,18.0,26.0,1019.38527777778,3669787.0,0.0,0.0,4.96527777777778,3.97222222222222,3.72395833333333,18.0,1572.6,1544.4,1175.6,1117.6,0.0,678.0,0.0,0.0,713.0,2414.0,3.72,9.0,3.72,77.0,0.0,1019.38527777778,0.0,50.5,19.5,19.5,20.0,55.0,22.0,21.0,22.0,22.0,23.0,16.0,16.0,8.0,13.48,85.0,20.0,13.825,718.2,35.97,14.016,25.0,-17.3,3.0,0.0,0.0,0.0,14.0,63.0,0.0,20.0,1.0,0.0,825.6,0.0,0.0,0.6,9.0,0.0,29.0,0.0,20.0,20.0,350.0,825.6,-50.0,0.0,0.0,0.0,0.0,400.0,0.0,0.0,0.0,0.0,0.0,0.0,49.5,714.0,4.443,44.6771625,13.7715249,8.0,3.09965074591133,0.0,0.0189341501111111,0.0189341501111111,10.1716465352829,9.83125,3.146,0.0,0.0286074693732979,22.49
28.0,13.3,11.6,713.9,0.0,0.0,0.0,17.0,20.0,19.0,18.0,19.0,18.0,18.0,18.0,18.0,8.28124,18.0,26.0,1019.38583333333,3669789.0,0.0,0.0,4.95763888888889,3.96611111111111,3.71822916666667,18.0,1572.6,1544.4,1175.6,1117.6,0.0,1137.0,0.0,0.0,712.0,2414.0,3.72,11.0,3.7,40.0,0.0,1019.38583333333,0.0,50.5,19.5,19.5,19.5,55.0,22.0,21.0,21.5,22.0,23.0,16.0,16.0,15.0,12.87,85.0,20.0,13.811,717.4,36.37,14.022,24.0,-24.7,3.0,0.0,0.0,0.0,14.0,63.0,0.0,20.0,1.0,0.0,825.6,0.0,0.0,0.6,9.0,0.0,29.0,0.0,20.0,20.0,350.0,825.6,-50.0,0.0,0.0,0.0,0.0,400.0,0.0,0.0,0.0,0.0,0.0,0.0,49.5,714.0,4.443,44.6771625,13.7715249,8.0,4.23068389443118,0.0,0.0285571701111111,0.0285571701111111,1.81132294197487,55.2082666666667,0.78529,0.0,,23.5
29.0,13.3,11.6,713.9,0.0,0.0,0.0,17.0,20.0,19.0,18.0,19.0,18.0,18.0,18.0,18.0,8.28124,18.0,26.0,1019.38583333333,3669789.0,0.0,0.0,4.95763888888889,3.96611111111111,3.71822916666667,18.0,1572.6,1544.4,1175.6,1117.6,0.0,1137.0,0.0,0.0,712.0,2414.0,3.72,11.0,3.7,40.0,0.0,1019.38583333333,0.0,50.5,19.5,19.5,19.5,55.0,22.0,21.0,21.5,22.0,23.0,16.0,16.0,15.0,12.87,85.0,20.0,13.811,717.4,36.37,14.022,24.0,-24.7,3.0,0.0,0.0,0.0,14.0,63.0,0.0,20.0,1.0,0.0,825.6,0.0,0.0,0.6,9.0,0.0,29.0,0.0,20.0,20.0,350.0,825.6,-50.0,0.0,0.0,0.0,0.0,400.0,0.0,0.0,0.0,0.0,0.0,0.0,49.5,714.6,4.443,37.49952,13.7715249,17.328125,4.23068389443118,0.0,0.0285571701111111,0.0285571701111111,1.81132294197487,55.2082666666667,0.78529,0.0,,23.5
30.0,13.3,-2.7,715.2,0.0,0.0,0.0,16.0,20.0,19.0,18.0,19.0,18.0,18.0,18.0,18.0,-1.93104,18.0,26.0,1019.38638888889,3669791.0,0.0,0.0,4.96666666666667,3.97333333333333,3.725,18.0,1572.6,1544.4,1175.6,1117.6,0.0,1484.0,0.0,0.0,714.0,2414.0,3.72,11.0,3.72,40.0,0.0,1019.38638888889,0.0,50.5,19.5,19.5,19.5,55.0,22.0,21.0,21.5,22.0,23.0,16.0,16.0,18.0,12.87,85.0,20.0,13.811,717.4,36.37,14.022,24.0,-24.7,3.0,0.0,0.0,0.0,14.0,63.0,0.0,20.0,1.0,0.0,825.6,0.0,0.0,0.6,9.0,0.0,29.0,0.0,20.0,20.0,350.0,825.6,-50.0,0.0,0.0,0.0,0.0,400.0,0.0,0.0,0.0,0.0,0.0,0.0,49.5,714.6,4.443,37.49952,13.7715249,17.328125,5.44063250004983,0.0,0.0402623021111111,0.0402623021111111,-9.3214019388516,-10.728,8.29632,0.0,,23.5
31.0,13.3,-2.7,715.2,0.0,0.0,0.0,16.0,20.0,19.0,18.0,19.0,18.0,18.0,18.0,18.0,-1.93104,18.0,26.0,1019.38638888889,3669791.0,0.0,0.0,4.96666666666667,3.97333333333333,3.725,18.0,1572.6,1544.4,1175.6,1117.6,0.0,1484.0,0.0,0.0,714.0,2414.0,3.72,11.0,3.72,40.0,0.0,1019.38638888889,0.0,50.5,19.5,19.5,19.5,55.0,22.0,21.0,21.5,22.0,23.0,16.0,16.0,18.0,12.66,85.0,20.0,13.813,719.5,35.86,14.025,24.0,-35.8,3.0,0.0,0.0,0.0,14.0,63.0,0.0,20.0,1.0,0.0,825.6,0.0,0.0,0.6,9.0,0.0,29.0,0.0,20.0,20.0,350.0,825.6,-50.0,0.0,0.0,0.0,0.0,400.0,0.0,0.0,0.0,0.0,0.0,0.0,49.5,714.6,4.443,19.238035,13.7715249,17.9375,5.44063250004983,0.0,0.0402623021111111,0.0402623021111111,-9.3214019388516,-10.728,8.29632,0.0,,23.2
32.0,13.3,-6.2,715.6,0.0,0.0,0.0,16.0,20.0,19.0,18.0,19.0,18.0,18.0,18.0,18.0,-4.43672,18.0,26.0,1019.38722222222,3669794.0,0.0,0.0,4.96944444444444,3.97555555555556,3.72708333333333,18.0,1572.6,1544.4,1175.6,1117.6,0.0,1261.0,0.0,0.0,714.0,2416.0,3.72,9.0,3.72,40.0,0.0,1019.38722222222,0.0,50.5,19.5,19.5,19.5,55.0,22.0,21.0,21.5,22.0,23.0,16.0,16.0,18.0,12.66,85.0,20.0,13.813,719.5,35.86,14.025,24.0,-35.8,3.0,0.0,0.0,0.0,14.0,63.0,0.0,20.0,1.0,0.0,825.6,0.0,0.0,0.6,9.0,0.0,29.0,0.0,20.0,20.0,350.0,825.6,-50.0,0.0,0.0,0.0,0.0,400.0,0.0,0.0,0.0,0.0,0.0,0.0,49.5,715.6,4.442,19.238035,13.7715249,17.9375,5.44063250004983,0.0,0.0402623021111111,0.0402623021111111,-9.3214019388516,-10.728,-4.43672,0.0,,23.2
33.0,13.3,-6.2,715.6,0.0,0.0,0.0,16.0,20.0,19.0,18.0,19.0,18.0,18.0,18.0,18.0,-4.43672,18.0,26.0,1019.38722222222,3669794.0,0.0,0.0,4.96944444444444,3.97555555555556,3.72708333333333,18.0,1572.6,1544.4,1175.6,1117.6,0.0,1261.0,0.0,0.0,714.0,2416.0,3.72,9.0,3.72,40.0,0.0,1019.38722222222,0.0,50.5,19.5,19.5,19.5,55.0,22.0,21.0,21.5,22.0,23.0,16.0,16.0,15.0,12.22,85.0,20.0,13.804,720.0,36.8,14.028,24.0,-93.8,3.0,0.0,0.0,0.0,14.0,63.0,0.0,20.0,1.0,0.0,825.6,0.0,0.0,0.6,9.0,0.0,29.0,0.0,20.0,20.0,350.0,825.6,-50.0,0.0,0.0,0.0,0.0,400.0,0.0,0.0,0.0,0.0,0.0,0.0,49.5,715.6,4.442,21.386445,13.7705483,13.78125,6.21159560350338,0.0,0.0500001766944444,0.0500001766944444,-3.38087596242269,-29.5781333333333,-4.43672,0.0,,24.58
34.0,13.3,-6.2,715.6,0.0,0.0,0.0,16.0,20.0,19.0,18.0,19.0,18.0,18.0,18.0,18.0,-4.43672,18.0,26.0,1019.38722222222,3669794.0,0.0,0.0,4.96944444444444,3.97555555555556,3.72708333333333,18.0,1572.6,1544.4,1175.6,1117.6,0.0,1261.0,0.0,0.0,714.0,2416.0,3.72,9.0,3.72,40.0,0.0,1019.38722222222,0.0,50.5,19.5,19.5,19.5,55.0,22.0,21.0,21.5,22.0,23.0,16.0,16.0,15.0,12.22,85.0,20.0,13.804,720.0,36.8,14.028,24.0,-93.8,3.0,0.0,0.0,0.0,14.0,63.0,0.0,20.0,1.0,0.0,825.6,0.0,0.0,0.6,9.0,0.0,29.0,0.0,20.0,20.0,350.0,825.6,-50.0,0.0,0.0,0.0,0.0,400.0,0.0,0.0,0.0,0.0,0.0,0.0,49.5,715.3,4.442,21.386445,13.7705483,13.78125,6.21159560350338,0.0,0.0500001766944444,0.0500001766944444,-3.38087596242269,-29.5781333333333,-4.43672,0.0,,24.58
35.0,13.3,-0.9,715.2,0.0,0.0,0.0,16.0,20.0,19.0,18.0,19.0,18.0,18.0,18.0,18.0,-0.64368,18.0,26.0,1019.38777777778,3669796.0,0.0,0.0,4.96666666666667,3.97333333333333,3.725,18.0,1572.6,1544.4,1175.6,1117.6,0.0,945.0,0.0,0.0,714.0,2416.0,3.72,9.0,3.72,64.0,0.0,1019.38777777778,0.0,50.5,19.5,19.5,19.5,55.0,22.0,21.0,21.5,22.0,23.0,16.0,16.0,11.0,12.13,85.0,20.0,13.809,719.2,36.33,14.029,24.0,-93.8,3.0,0.0,0.0,0.0,14.0,63.0,0.0,20.0,1.0,0.0,825.6,0.0,0.0,0.6,9.0,0.0,29.0,0.0,20.0,20.0,350.0,825.6,-50.0,0.0,0.0,0.0,0.0,400.0,0.0,0.0,0.0,0.0,0.0,0.0,49.5,715.3,4.442,21.386445,13.7705483,13.78125,6.58653986491379,0.0,0.05752244175,0.05752244175,-17.0892368878946,-5.85163636363636,-4.43424,0.0,,24.199999999999996
36.0,13.3,-0.9,715.2,0.0,0.0,0.0,16.0,20.0,19.0,18.0,19.0,18.0,18.0,18.0,18.0,-0.64368,18.0,26.0,1019.38777777778,3669796.0,0.0,0.0,4.96666666666667,3.97333333333333,3.725,18.0,1572.6,1544.4,1175.6,1117.6,0.0,945.0,0.0,0.0,714.0,2416.0,3.72,9.0,3.72,64.0,0.0,1019.38777777778,0.0,50.5,19.5,19.5,19.5,55.0,22.0,21.0,21.5,22.0,23.0,16.0,16.0,11.0,12.13,85.0,20.0,13.809,719.2,36.33,14.029,24.0,-78.1,3.0,0.0,0.0,0.0,14.0,63.0,0.0,20.0,1.0,0.0,825.6,0.0,0.0,0.6,9.0,0.0,29.0,0.0,20.0,20.0,350.0,825.6,-50.0,0.0,0.0,0.0,0.0,400.0,0.0,0.0,0.0,0.0,0.0,0.0,49.5,715.3,4.442,17.2361075,13.7793377,8.0,6.58653986491379,0.0,0.05752244175,0.05752244175,-17.0892368878946,-5.85163636363636,-4.43424,0.0,,24.199999999999996
37.0,13.3,-0.2,715.2,0.0,0.0,0.0,16.0,20.0,19.0,18.0,19.0,18.0,18.0,18.0,18.0,-0.14304,18.0,26.0,1019.38861111111,3669799.0,0.0,0.0,4.96666666666667,3.97333333333333,3.725,18.0,1572.6,1544.4,1175.6,1117.6,0.0,548.0,0.0,0.0,714.0,2416.0,3.72,24.0,3.72,77.0,0.0,1019.38861111111,0.0,50.5,20.0,20.0,19.5,55.0,22.0,21.0,21.5,22.0,23.0,16.0,16.0,11.0,12.13,85.0,20.0,13.809,719.2,36.33,14.029,24.0,-78.1,3.0,0.0,0.0,0.0,14.0,63.0,0.0,20.0,1.0,0.0,825.6,0.0,0.0,0.6,9.0,0.0,29.0,0.0,20.0,20.0,350.0,825.6,-50.0,0.0,0.0,0.0,0.0,400.0,0.0,0.0,0.0,0.0,0.0,0.0,49.5,715.3,4.443,17.2361075,13.7793377,8.0,6.58653986491379,0.0,0.05752244175,0.05752244175,-17.0892368878946,-5.85163636363636,-0.64368,0.0,,24.199999999999996
38.0,13.3,-0.2,715.2,0.0,0.0,0.0,16.0,20.0,19.0,18.0,19.0,18.0,18.0,18.0,18.0,-0.14304,18.0,26.0,1019.38861111111,3669799.0,0.0,0.0,4.96666666666667,3.97333333333333,3.725,18.0,1572.6,1544.4,1175.6,1117.6,0.0,548.0,0.0,0.0,714.0,2416.0,3.72,24.0,3.72,77.0,0.0,1019.38861111111,0.0,50.5,20.0,20.0,19.5,55.0,22.0,21.0,21.5,22.0,23.0,16.0,16.0,5.0,11.38,85.0,20.0,13.799,718.2,35.12,14.002,24.0,24.5,3.0,0.0,0.0,0.0,14.0,63.0,0.0,20.0,1.0,0.0,825.6,0.0,0.0,0.6,9.0,0.0,29.0,0.0,20.0,20.0,350.0,825.6,-50.0,0.0,0.0,0.0,0.0,400.0,0.0,0.0,0.0,0.0,0.0,0.0,49.5,715.3,4.443,42.3334425,13.7705483,4.0,6.47137821298504,0.0,0.06094014425,0.06094014425,-34.9552572706935,-2.8608,-0.64368,0.0,-0.0295036632191777,23.739999999999995
39.0,13.3,-0.2,715.2,0.0,0.0,0.0,16.0,20.0,19.0,18.0,19.0,18.0,18.0,18.0,18.0,-0.14304,18.0,26.0,1019.38861111111,3669799.0,0.0,0.0,4.96666666666667,3.97333333333333,3.725,18.0,1572.6,1544.4,1175.6,1117.6,0.0,548.0,0.0,0.0,714.0,2416.0,3.72,24.0,3.72,77.0,0.0,1019.38861111111,0.0,50.5,20.0,20.0,19.5,55.0,22.0,21.0,21.5,22.0,23.0,16.0,16.0,5.0,11.38,85.0,20.0,13.799,718.2,35.12,14.002,24.0,24.5,3.0,0.0,0.0,0.0,14.0,63.0,0.0,20.0,1.0,0.0,825.6,0.0,0.0,0.6,9.0,0.0,29.0,0.0,20.0,20.0,350.0,825.6,-50.0,0.0,0.0,0.0,0.0,400.0,0.0,0.0,0.0,0.0,0.0,0.0,49.5,714.3,4.443,42.3334425,13.7705483,4.0,6.47137821298504,0.0,0.06094014425,0.06094014425,-34.9552572706935,-2.8608,-0.64368,0.0,-0.0295036632191777,23.739999999999995
40.0,13.3,13.6,713.8,0.0,0.0,0.0,16.0,20.0,19.0,18.0,19.0,18.0,18.0,18.0,18.0,9.70768,18.0,26.0,1019.38916666667,3669801.0,0.0,0.0,4.95694444444444,3.96555555555556,3.71770833333333,18.0,1572.6,1544.4,1175.6,1117.6,0.0,739.0,0.0,0.0,712.0,2416.0,3.72,9.0,3.7,77.0,0.0,1019.38916666667,0.0,50.5,20.0,20.0,19.5,55.0,22.0,21.0,21.5,22.0,23.0,16.0,16.0,10.0,11.48,86.0,20.0,13.802,716.7,34.93,14.0,24.0,-0.9,3.0,0.0,0.0,0.0,14.0,63.0,0.0,20.0,1.0,0.0,825.6,0.0,0.0,0.6,9.0,0.0,29.0,0.0,20.0,20.0,350.0,825.6,-50.0,0.0,0.0,0.0,0.0,400.0,0.0,0.0,0.0,0.0,0.0,0.0,49.5,714.3,4.443,42.3334425,13.7705483,4.0,6.70184828960631,0.0,0.0675205131388889,0.0675205131388889,1.03011224102978,97.0768,-0.14276,0.0,-0.0295036632191777,23.45
41.0,13.3,13.6,713.8,0.0,0.0,0.0,16.0,20.0,19.0,18.0,19.0,18.0,18.0,18.0,18.0,9.70768,18.0,26.0,1019.38916666667,3669801.0,0.0,0.0,4.95694444444444,3.96555555555556,3.71770833333333,18.0,1572.6,1544.4,1175.6,1117.6,0.0,739.0,0.0,0.0,712.0,2416.0,3.72,9.0,3.7,77.0,0.0,1019.38916666667,0.0,50.5,20.0,20.0,19.5,55.0,22.0,21.0,21.5,22.0,23.0,16.0,16.0,10.0,11.48,86.0,20.0,13.802,716.7,34.93,14.0,24.0,-0.9,3.0,0.0,0.0,0.0,14.0,63.0,0.0,20.0,1.0,0.0,825.6,0.0,0.0,0.6,9.0,0.0,29.0,0.0,20.0,20.0,350.0,825.6,-50.0,0.0,0.0,0.0,0.0,400.0,0.0,0.0,0.0,0.0,0.0,0.0,49.5,713.0,4.443,57.4699675,13.7695717,13.609375,6.70184828960631,0.0,0.0675205131388889,0.0675205131388889,1.03011224102978,97.0768,-0.14276,0.0,-0.0295036632191777,23.45
42.0,13.3,17.2,713.1,0.0,0.0,0.0,16.0,20.0,19.0,18.0,19.0,18.0,18.0,18.0,18.0,12.26532,18.0,26.0,1019.38972222222,3669803.0,0.0,0.0,4.95208333333333,3.96166666666667,3.7140625,18.0,1572.6,1544.4,1175.6,1117.6,0.0,1359.0,0.0,0.0,711.0,2415.0,3.7,9.0,3.7,40.0,0.0,1019.38972222222,0.0,50.5,20.0,20.0,19.5,55.0,22.0,21.0,21.5,22.0,23.0,16.0,16.0,18.0,11.48,86.0,20.0,13.802,716.7,34.93,14.0,24.0,-0.9,3.0,0.0,0.0,0.0,14.0,63.0,0.0,20.0,1.0,0.0,825.6,0.0,0.0,0.6,9.0,0.0,29.0,0.0,20.0,20.0,350.0,825.6,-50.0,0.0,0.0,0.0,0.0,400.0,0.0,0.0,0.0,0.0,0.0,0.0,49.5,713.0,4.443,57.4699675,13.7695717,13.609375,7.39553236258867,0.0,0.0793832986388889,0.0793832986388889,1.46755241608046,68.1406666666667,9.69816,0.0,-0.0295036632191777,23.45
43.0,13.3,17.2,713.1,0.0,0.0,0.0,16.0,20.0,19.0,18.0,19.0,18.0,18.0,18.0,18.0,12.26532,18.0,26.0,1019.38972222222,3669803.0,0.0,0.0,4.95208333333333,3.96166666666667,3.7140625,18.0,1572.6,1544.4,1175.6,1117.6,0.0,1359.0,0.0,0.0,711.0,2415.0,3.7,9.0,3.7,40.0,0.0,1019.38972222222,0.0,50.5,20.0,20.0,19.5,55.0,22.0,21.0,21.5,22.0,23.0,16.0,16.0,18.0,11.32,86.0,20.0,13.802,716.7,35.26,14.0,24.0,7.8,3.0,0.0,0.0,0.0,14.0,63.0,0.0,20.0,1.0,0.0,825.6,0.0,0.0,0.6,9.0,0.0,29.0,0.0,20.0,20.0,350.0,825.6,-50.0,0.0,0.0,0.0,0.0,400.0,0.0,0.0,0.0,0.0,0.0,0.0,49.5,713.0,4.443,33.5444925,13.7695717,16.0,7.39553236258867,0.0,0.0793832986388889,0.0793832986388889,1.46755241608046,68.1406666666667,9.69816,0.0,,23.939999999999998
44.0,13.3,-6.9,715.4,0.0,0.0,0.0,16.0,20.0,19.0,18.0,19.0,18.0,18.0,18.0,18.0,-4.93626,18.0,26.0,1019.39055555556,3669806.0,0.0,0.0,4.96805555555556,3.97444444444444,3.72604166666667,18.0,1572.6,1544.4,1175.6,1117.6,0.0,1325.0,0.0,0.0,714.0,2415.0,3.72,9.0,3.72,40.0,0.0,1019.39055555556,0.0,50.5,20.0,20.0,19.5,55.0,22.0,21.0,21.5,22.0,23.0,16.0,16.0,18.0,11.32,86.0,20.0,13.802,716.7,35.26,14.0,24.0,7.8,3.0,0.0,0.0,0.0,14.0,63.0,0.0,20.0,1.0,0.0,825.6,0.0,0.0,0.6,9.0,0.0,29.0,0.0,20.0,20.0,350.0,825.6,-50.0,0.0,0.0,0.0,0.0,400.0,0.0,0.0,0.0,0.0,0.0,0.0,49.5,714.7,4.443,33.5444925,13.7695717,16.0,7.39553236258867,0.0,0.0793832986388889,0.0793832986388889,1.46755241608046,68.1406666666667,12.30488,0.0,,23.939999999999998
45.0,13.3,-6.9,715.4,0.0,0.0,0.0,16.0,20.0,19.0,18.0,19.0,18.0,18.0,18.0,18.0,-4.93626,18.0,26.0,1019.39055555556,3669806.0,0.0,0.0,4.96805555555556,3.97444444444444,3.72604166666667,18.0,1572.6,1544.4,1175.6,1117.6,0.0,1325.0,0.0,0.0,714.0,2415.0,3.72,9.0,3.72,40.0,0.0,1019.39055555556,0.0,50.5,20.0,20.0,19.5,55.0,22.0,21.0,21.5,22.0,23.0,16.0,16.0,15.0,10.54,86.0,20.0,13.781,719.5,39.13,14.013,24.0,30.5,3.0,0.0,0.0,0.0,14.0,63.0,0.0,20.0,1.0,0.0,825.6,0.0,0.0,0.6,9.0,0.0,29.0,0.0,20.0,20.0,350.0,825.6,-50.0,0.0,0.0,0.0,0.0,400.0,0.0,0.0,0.0,0.0,0.0,0.0,49.5,714.7,4.443,13.769355,13.740762,13.4375,7.8289052795763,0.0,0.0891136232222222,0.0891136232222222,-3.03873782985499,-32.9084,12.30488,0.0,,28.590000000000003
46.0,13.3,-1.0,715.1,0.0,0.0,0.0,16.0,20.0,19.0,18.0,19.0,18.0,18.0,18.0,18.0,-0.7151,18.0,26.0,1019.39111111111,3669808.0,0.0,0.0,4.96597222222222,3.97277777777778,3.72447916666667,18.0,1572.6,1544.4,1175.6,1117.6,0.0,940.0,0.0,0.0,713.0,2415.0,3.72,9.0,3.72,40.0,0.0,1019.39111111111,0.0,50.5,20.0,20.0,19.5,55.0,22.0,21.0,21.5,22.0,23.0,16.0,16.0,15.0,10.54,86.0,20.0,13.781,719.5,39.13,14.013,24.0,30.5,3.0,0.0,0.0,0.0,14.0,63.0,0.0,20.0,1.0,0.0,825.6,0.0,0.0,0.6,9.0,0.0,29.0,0.0,20.0,20.0,350.0,825.6,-50.0,0.0,0.0,0.0,0.0,400.0,0.0,0.0,0.0,0.0,0.0,0.0,49.5,715.2,4.443,13.769355,13.740762,13.4375,7.8289052795763,0.0,0.0891136232222222,0.0891136232222222,-3.03873782985499,-32.9084,-0.7151,0.0,,28.590000000000003
47.0,13.3,-1.0,715.1,0.0,0.0,0.0,16.0,20.0,19.0,18.0,19.0,18.0,18.0,18.0,18.0,-0.7151,18.0,26.0,1019.39111111111,3669808.0,0.0,0.0,4.96597222222222,3.97277777777778,3.72447916666667,18.0,1572.6,1544.4,1175.6,1117.6,0.0,940.0,0.0,0.0,713.0,2415.0,3.72,9.0,3.72,40.0,0.0,1019.39111111111,0.0,50.5,20.0,20.0,19.5,55.0,22.0,21.0,21.5,22.0,23.0,16.0,16.0,12.0,11.07,86.0,20.0,13.806,717.5,34.06,14.003,24.0,-20.0,3.0,0.0,0.0,0.0,14.0,63.0,0.0,20.0,1.0,0.0,825.6,0.0,0.0,0.6,9.0,0.0,29.0,0.0,20.0,20.0,350.0,825.6,-50.0,0.0,0.0,0.0,0.0,400.0,0.0,0.0,0.0,0.0,0.0,0.0,49.5,715.2,4.443,13.769355,13.740762,13.4375,8.04608119235147,0.0,0.0966161668888889,0.0966161668888889,-16.7808698084184,-5.95916666666667,-0.7151,0.0,,22.990000000000002
48.0,13.3,-1.0,715.1,0.0,0.0,0.0,16.0,20.0,19.0,18.0,19.0,18.0,18.0,18.0,18.0,-0.7151,18.0,26.0,1019.39111111111,3669808.0,0.0,0.0,4.96597222222222,3.97277777777778,3.72447916666667,18.0,1572.6,1544.4,1175.6,1117.6,0.0,940.0,0.0,0.0,713.0,2415.0,3.72,9.0,3.72,40.0,0.0,1019.39111111111,0.0,50.5,20.0,20.0,19.5,55.0,22.0,21.0,21.5,22.0,23.0,16.0,16.0,12.0,11.07,86.0,20.0,13.806,717.5,34.06,14.003,24.0,-20.0,3.0,0.0,0.0,0.0,14.0,63.0,0.0,20.0,1.0,0.0,825.6,0.0,0.0,0.6,9.0,0.0,29.0,0.0,20.0,20.0,350.0,825.6,-50.0,0.0,0.0,0.0,0.0,400.0,0.0,0.0,0.0,0.0,0.0,0.0,49.5,712.9,4.443,44.33537,13.7705483,13.78125,8.04608119235147,0.0,0.0966161668888889,0.0966161668888889,-16.7808698084184,-5.95916666666667,-0.7151,0.0,,22.990000000000002
49.0,13.3,29.5,712.0,0.0,0.0,0.0,16.0,20.0,19.0,18.0,19.0,18.0,18.0,18.0,18.0,21.004,18.0,26.0,1019.39166666667,3669810.0,0.0,0.0,4.94444444444444,3.95555555555556,3.70833333333333,18.0,1572.6,1544.4,1175.6,1117.6,0.0,1362.0,0.0,0.0,710.0,2415.0,3.7,11.0,3.7,77.0,0.0,1019.39166666667,0.0,50.5,20.0,20.0,19.5,56.0,22.0,21.0,21.5,22.0,23.0,16.0,16.0,18.0,10.93,86.0,20.0,13.804,714.7,33.96,14.014,24.0,-20.0,3.0,0.0,0.0,0.0,14.0,63.0,0.0,20.0,1.0,0.0,825.6,0.0,0.0,0.6,9.0,0.0,29.0,0.0,20.0,20.0,350.0,825.6,-50.0,0.0,0.0,0.0,0.0,400.0,0.0,0.0,0.0,0.0,0.0,0.0,49.5,712.9,4.443,44.33537,13.7705483,13.78125,8.5516340588416,0.0,0.108181216888889,0.108181216888889,0.856979622928966,116.688888888889,21.004,0.0,,23.03
50.0,13.3,29.5,712.0,0.0,0.0,0.0,16.0,20.0,19.0,18.0,19.0,18.0,18.0,18.0,18.0,21.004,18.0,26.0,1019.39166666667,3669810.0,0.0,0.0,4.94444444444444,3.95555555555556,3.70833333333333,18.0,1572.6,1544.4,1175.6,1117.6,0.0,1362.0,0.0,0.0,710.0,2415.0,3.7,11.0,3.7,77.0,0.0,1019.39166666667,0.0,50.5,20.0,20.0,19.5,56.0,22.0,21.0,21.5,22.0,23.0,16.0,16.0,18.0,10.93,86.0,20.0,13.804,714.7,33.96,14.014,24.0,1.1,3.0,0.0,0.0,0.0,14.0,63.0,0.0,20.0,1.0,0.0,825.6,0.0,0.0,0.6,9.0,0.0,29.0,0.0,20.0,20.0,350.0,825.6,-50.0,0.0,0.0,0.0,0.0,400.0,0.0,0.0,0.0,0.0,0.0,0.0,49.5,712.9,4.443,65.5753325,13.7705483,20.984375,8.5516340588416,0.0,0.108181216888889,0.108181216888889,0.856979622928966,116.688888888889,21.004,0.0,,23.03
51.0,13.3,39.8,710.5,0.0,0.0,0.0,16.0,20.0,19.0,18.0,19.0,18.0,18.0,18.0,18.0,28.2779,18.0,26.0,1019.39222222222,3669812.0,0.0,0.0,4.93402777777778,3.94722222222222,3.70052083333333,18.0,1572.6,1544.4,1175.6,1117.6,0.0,2112.0,0.0,0.0,709.0,2422.0,3.7,20.0,3.68,77.0,0.0,1019.39222222222,0.0,50.5,20.0,20.0,19.5,56.0,22.0,21.0,21.5,22.0,23.0,16.0,16.0,28.0,10.93,86.0,20.0,13.804,714.7,33.96,14.014,24.0,1.1,3.0,0.0,0.0,0.0,14.0,63.0,0.0,20.0,1.0,0.0,825.6,0.0,0.0,0.6,9.0,0.0,29.0,0.0,20.0,20.0,350.0,825.6,-50.0,0.0,0.0,0.0,0.0,400.0,0.0,0.0,0.0,0.0,0.0,0.0,49.5,710.6,4.442,65.5753325,13.7705483,20.984375,9.46714317935541,0.0,0.125678930222222,0.125678930222222,0.990172537564671,100.9925,20.95975,0.0,,23.03
52.0,13.3,39.8,710.5,0.0,0.0,0.0,16.0,20.0,19.0,18.0,19.0,18.0,18.0,18.0,18.0,28.2779,18.0,26.0,1019.39222222222,3669812.0,0.0,0.0,4.93402777777778,3.94722222222222,3.70052083333333,18.0,1572.6,1544.4,1175.6,1117.6,0.0,2112.0,0.0,0.0,709.0,2422.0,3.7,20.0,3.68,77.0,0.0,1019.39222222222,0.0,50.5,20.0,20.0,19.5,56.0,22.0,21.0,21.5,22.0,23.0,16.0,16.0,28.0,10.79,86.0,20.0,13.804,713.9,34.87,13.999,24.0,-2.0,3.0,0.0,0.0,0.0,14.0,63.0,0.0,20.0,1.0,0.0,825.6,0.0,0.0,0.6,9.0,0.0,29.0,0.0,20.0,20.0,350.0,825.6,-50.0,0.0,0.0,0.0,0.0,400.0,0.0,0.0,0.0,0.0,0.0,0.0,49.5,710.6,4.442,57.4699675,13.7705483,28.0,9.46714317935541,0.0,0.125678930222222,0.125678930222222,0.990172537564671,100.9925,20.95975,0.0,,24.08
53.0,13.3,17.4,712.4,0.0,0.0,0.0,16.0,20.0,19.0,18.0,19.0,18.0,18.0,18.0,18.0,12.39576,18.0,26.0,1019.39305555556,3669815.0,0.0,0.0,4.94722222222222,3.95777777777778,3.71041666666667,18.0,1572.6,1544.4,1175.6,1117.6,0.0,2548.0,0.0,0.0,711.0,2422.0,3.7,9.0,3.7,77.0,0.0,1019.39305555556,0.0,50.5,20.0,20.0,19.5,56.0,22.0,21.0,21.5,22.0,23.0,16.0,16.0,28.0,10.79,86.0,20.0,13.804,713.9,34.87,13.999,24.0,-2.0,3.0,0.0,0.0,0.0,14.0,63.0,0.0,20.0,1.0,0.0,825.6,0.0,0.0,0.6,9.0,0.0,29.0,0.0,20.0,20.0,350.0,825.6,-50.0,0.0,0.0,0.0,0.0,400.0,0.0,0.0,0.0,0.0,0.0,0.0,49.5,710.8,4.442,57.4699675,13.7705483,28.0,9.46714317935541,0.0,0.125678930222222,0.125678930222222,0.990172537564671,100.9925,28.35352,0.0,,24.08
54.0,13.3,17.4,712.4,0.0,0.0,0.0,16.0,20.0,19.0,18.0,19.0,18.0,18.0,18.0,18.0,12.39576,18.0,26.0,1019.39305555556,3669815.0,0.0,0.0,4.94722222222222,3.95777777777778,3.71041666666667,18.0,1572.6,1544.4,1175.6,1117.6,0.0,2548.0,0.0,0.0,711.0,2422.0,3.7,9.0,3.7,77.0,0.0,1019.39305555556,0.0,50.5,20.0,20.0,19.5,56.0,22.0,21.0,21.5,22.0,23.0,16.0,16.0,32.0,10.69,86.0,20.0,13.805,716.8,34.02,14.002,24.0,3.3,3.0,0.0,0.0,0.0,14.0,63.0,0.0,20.0,1.0,0.0,825.6,0.0,0.0,0.6,9.0,0.0,29.0,0.0,20.0,20.0,350.0,825.6,-50.0,0.0,0.0,0.0,0.0,400.0,0.0,0.0,0.0,0.0,0.0,0.0,49.5,710.8,4.442,35.35111,13.7705483,28.0,10.4928005507927,0.0,0.145937642222222,0.145937642222222,2.58152787727416,38.73675,28.35352,0.0,,23.330000000000005
55.0,13.3,17.4,712.4,0.0,0.0,0.0,16.0,20.0,19.0,18.0,19.0,18.0,18.0,18.0,18.0,12.39576,18.0,26.0,1019.39305555556,3669815.0,0.0,0.0,4.94722222222222,3.95777777777778,3.71041666666667,18.0,1572.6,1544.4,1175.6,1117.6,0.0,2548.0,0.0,0.0,711.0,2422.0,3.7,9.0,3.7,77.0,0.0,1019.39305555556,0.0,50.5,20.0,20.0,19.5,56.0,22.0,21.0,21.5,22.0,23.0,16.0,16.0,32.0,10.69,86.0,20.0,13.805,716.8,34.02,14.002,24.0,3.3,3.0,0.0,0.0,0.0,14.0,63.0,0.0,20.0,1.0,0.0,825.6,0.0,0.0,0.6,9.0,0.0,29.0,0.0,20.0,20.0,350.0,825.6,-50.0,0.0,0.0,0.0,0.0,400.0,0.0,0.0,0.0,0.0,0.0,0.0,49.5,712.9,4.443,35.35111,13.7705483,28.0,10.4928005507927,0.0,0.145937642222222,0.145937642222222,2.58152787727416,38.73675,28.35352,0.0,,23.330000000000005
56.0,13.3,14.0,712.8,0.0,0.0,0.0,16.0,20.0,19.0,18.0,19.0,18.0,18.0,18.0,18.0,9.9792,18.0,26.0,1019.39361111111,3669817.0,0.0,0.0,4.95,3.96,3.7125,18.0,1572.6,1544.5,1175.6,1117.6,0.0,2515.0,0.0,0.0,711.0,2422.0,3.7,24.0,3.7,77.0,0.0,1019.39361111111,0.0,50.5,20.0,20.0,19.5,56.0,22.0,21.0,21.5,22.0,23.0,16.0,16.0,32.0,10.61,86.0,20.0,13.806,715.8,33.93,14.015,24.0,3.3,3.0,0.0,0.0,0.0,14.0,63.0,0.0,20.0,1.0,0.0,825.6,0.0,0.0,0.6,9.0,0.0,29.0,0.0,20.0,20.0,350.0,825.6,-50.0,0.0,0.0,0.0,0.0,400.0,0.0,0.0,0.0,0.0,0.0,0.0,49.5,712.9,4.443,35.35111,13.7705483,28.0,11.4300933315287,0.0,0.166217692,0.166217692,3.20666987333654,31.185,12.40272,0.0,0.0620948928612089,23.32
57.0,13.3,14.0,712.8,0.0,0.0,0.0,16.0,20.0,19.0,18.0,19.0,18.0,18.0,18.0,18.0,9.9792,18.0,26.0,1019.39361111111,3669817.0,0.0,0.0,4.95,3.96,3.7125,18.0,1572.6,1544.5,1175.6,1117.6,0.0,2515.0,0.0,0.0,711.0,2422.0,3.7,24.0,3.7,77.0,0.0,1019.39361111111,0.0,50.5,20.0,20.0,19.5,56.0,22.0,21.0,21.5,22.0,23.0,16.0,16.0,32.0,10.61,86.0,20.0,13.806,715.8,33.93,14.015,24.0,3.3,3.0,0.0,0.0,0.0,14.0,63.0,0.0,20.0,1.0,0.0,825.6,0.0,0.0,0.6,9.0,0.0,29.0,0.0,20.0,20.0,350.0,825.6,-50.0,0.0,0.0,0.0,0.0,400.0,0.0,0.0,0.0,0.0,0.0,0.0,49.5,712.9,4.443,39.84324,13.7705483,32.234375,11.4300933315287,0.0,0.166217692,0.166217692,3.20666987333654,31.185,12.40272,0.0,0.0620948928612089,23.32
58.0,13.3,15.9,712.6,0.0,0.0,0.0,16.0,20.0,19.0,18.0,19.0,18.0,18.0,18.0,18.0,11.33034,18.0,26.0,1019.39416666667,3669819.0,0.0,0.0,4.94861111111111,3.95888888888889,3.71145833333333,18.0,1572.6,1544.5,1175.6,1117.6,0.0,2566.0,0.0,0.0,711.0,2422.0,3.7,9.0,3.7,41.0,0.0,1019.39416666667,0.0,50.5,20.0,20.0,19.5,56.0,22.0,21.0,21.5,22.0,23.0,16.0,16.0,32.0,10.61,86.0,20.0,13.806,715.8,33.93,14.015,24.0,3.3,3.0,0.0,0.0,0.0,14.0,63.0,0.0,20.0,1.0,0.0,825.6,0.0,0.0,0.6,9.0,0.0,29.0,0.0,20.0,20.0,350.0,825.6,-50.0,0.0,0.0,0.0,0.0,400.0,0.0,0.0,0.0,0.0,0.0,0.0,49.5,712.3,4.443,39.84324,13.7705483,32.234375,12.3093480664401,0.0,0.186997035111111,0.186997035111111,2.82427535272551,35.4073125,9.9764,0.0,0.0433486981334156,23.32
59.0,13.3,15.9,712.6,0.0,0.0,0.0,16.0,20.0,19.0,18.0,19.0,18.0,18.0,18.0,18.0,11.33034,18.0,26.0,1019.39416666667,3669819.0,0.0,0.0,4.94861111111111,3.95888888888889,3.71145833333333,18.0,1572.6,1544.5,1175.6,1117.6,0.0,2566.0,0.0,0.0,711.0,2422.0,3.7,9.0,3.7,41.0,0.0,1019.39416666667,0.0,50.5,20.0,20.0,19.5,56.0,22.0,21.0,21.5,22.0,23.0,16.0,16.0,32.0,10.49,86.0,20.0,13.807,715.8,33.91,13.999,23.0,-12.5,3.0,0.0,0.0,0.0,14.0,63.0,0.0,20.0,1.0,0.0,825.6,0.0,0.0,0.6,9.0,0.0,29.0,0.0,20.0,20.0,350.0,825.6,-50.0,0.0,0.0,0.0,0.0,400.0,0.0,0.0,0.0,0.0,0.0,0.0,49.5,712.3,4.443,36.52297,13.7695717,32.6875,12.3093480664401,0.0,0.186997035111111,0.186997035111111,2.82427535272551,35.4073125,9.9764,0.0,0.0433486981334156,23.419999999999995
60.0,13.3,3.9,713.6,0.0,0.0,0.0,16.0,20.0,19.0,18.0,19.0,18.0,18.0,18.0,18.0,2.78304,18.0,26.0,1019.395,3669822.0,0.0,0.0,4.95555555555556,3.96444444444444,3.71666666666667,18.0,1572.6,1544.5,1175.6,1117.6,0.0,2517.0,0.0,0.0,712.0,2420.0,3.7,36.0,3.7,77.0,0.0,1019.395,0.0,50.5,20.0,20.0,19.5,56.0,22.0,21.0,21.5,22.0,23.0,16.0,16.0,32.0,10.49,86.0,20.0,13.807,715.8,33.91,13.999,23.0,-12.5,3.0,0.0,0.0,0.0,14.0,63.0,0.0,20.0,1.0,0.0,825.6,0.0,0.0,0.6,9.0,0.0,29.0,0.0,20.0,20.0,350.0,825.6,-50.0,0.0,0.0,0.0,0.0,400.0,0.0,0.0,0.0,0.0,0.0,0.0,49.5,713.1,4.442,36.52297,13.7695717,32.6875,12.3093480664401,0.0,0.186997035111111,0.186997035111111,2.82427535272551,35.4073125,11.34624,0.0,0.0433486981334156,23.419999999999995
61.0,13.3,3.9,713.6,0.0,0.0,0.0,16.0,20.0,19.0,18.0,19.0,18.0,18.0,18.0,18.0,2.78304,18.0,26.0,1019.395,3669822.0,0.0,0.0,4.95555555555556,3.96444444444444,3.71666666666667,18.0,1572.6,1544.5,1175.6,1117.6,0.0,2517.0,0.0,0.0,712.0,2420.0,3.7,36.0,3.7,77.0,0.0,1019.395,0.0,50.5,20.0,20.0,19.5,56.0,22.5,21.0,21.5,22.5,23.0,16.0,16.0,31.0,10.35,86.0,20.0,13.806,719.5,33.99,14.008,23.0,-20.4,3.0,0.0,0.0,0.0,14.0,63.0,0.0,20.0,1.0,0.0,825.6,0.0,0.0,0.6,9.0,0.0,29.0,0.0,20.0,20.0,350.0,825.6,-50.0,0.0,0.0,0.0,0.0,400.0,0.0,0.0,0.0,0.0,0.0,0.0,49.5,713.1,4.442,13.9158375,13.7593174,28.1875,13.0759788531963,0.0,0.207139490055556,0.207139490055556,11.138898470737,8.97754838709677,11.34624,0.0,0.0091989779755875,23.64
62.0,13.3,3.9,713.6,0.0,0.0,0.0,16.0,20.0,19.0,18.0,19.0,18.0,18.0,18.0,18.0,2.78304,18.0,26.0,1019.395,3669822.0,0.0,0.0,4.95555555555556,3.96444444444444,3.71666666666667,18.0,1572.6,1544.5,1175.6,1117.6,0.0,2517.0,0.0,0.0,712.0,2420.0,3.7,36.0,3.7,77.0,0.0,1019.395,0.0,50.5,20.0,20.0,19.5,56.0,22.5,21.0,21.5,22.5,23.0,16.0,16.0,31.0,10.35,86.0,20.0,13.806,719.5,33.99,14.008,23.0,-20.4,3.0,0.0,0.0,0.0,14.0,63.0,0.0,20.0,1.0,0.0,825.6,0.0,0.0,0.6,9.0,0.0,29.0,0.0,20.0,20.0,350.0,825.6,-50.0,0.0,0.0,0.0,0.0,400.0,0.0,0.0,0.0,0.0,0.0,0.0,49.5,715.6,4.442,13.9158375,13.7593174,28.1875,13.0759788531963,0.0,0.207139490055556,0.207139490055556,11.138898470737,8.97754838709677,11.34624,0.0,0.0091989779755875,23.64
63.0,13.3,-9.3,715.3,0.0,0.0,0.0,16.0,20.0,19.0,18.0,19.0,18.0,18.0,18.0,18.0,-6.65229,18.0,26.0,1019.39555555556,3669824.0,0.0,0.0,4.96736111111111,3.97388888888889,3.72552083333333,18.0,1572.6,1544.5,1175.6,1117.6,0.0,1827.0,0.0,0.0,714.0,2420.0,3.72,9.0,3.72,77.0,0.0,1019.39555555556,0.0,50.5,20.0,20.0,19.5,56.0,22.0,21.0,21.5,22.0,23.0,16.0,16.0,22.0,10.32,86.0,20.0,13.807,719.5,38.27,14.003,23.0,-20.4,3.0,0.0,0.0,0.0,14.0,63.0,0.0,20.0,1.0,0.0,825.6,0.0,0.0,0.6,9.0,0.0,29.0,0.0,20.0,20.0,350.0,825.6,-50.0,0.0,0.0,0.0,0.0,400.0,0.0,0.0,0.0,0.0,0.0,0.0,49.5,715.6,4.442,13.9158375,13.7593174,28.1875,13.4459538610833,0.0,0.222212928777778,0.222212928777778,-3.30713182979094,-30.2376818181818,2.78967,0.0,-0.030054266118001,27.950000000000003
64.0,13.3,-9.3,715.3,0.0,0.0,0.0,16.0,20.0,19.0,18.0,19.0,18.0,18.0,18.0,18.0,-6.65229,18.0,26.0,1019.39555555556,3669824.0,0.0,0.0,4.96736111111111,3.97388888888889,3.72552083333333,18.0,1572.6,1544.5,1175.6,1117.6,0.0,1827.0,0.0,0.0,714.0,2420.0,3.72,9.0,3.72,77.0,0.0,1019.39555555556,0.0,50.5,20.0,20.0,19.5,56.0,22.0,21.0,21.5,22.0,23.0,16.0,16.0,22.0,10.32,86.0,20.0,13.807,719.5,38.27,14.003,23.0,-1.7,3.0,0.0,0.0,0.0,14.0,63.0,0.0,20.0,1.0,0.0,825.6,0.0,0.0,0.6,9.0,0.0,29.0,0.0,20.0,20.0,350.0,825.6,-50.0,0.0,0.0,0.0,0.0,400.0,0.0,0.0,0.0,0.0,0.0,0.0,49.5,715.6,4.442,2.636685,13.740762,16.0,13.4459538610833,0.0,0.222212928777778,0.222212928777778,-3.30713182979094,-30.2376818181818,2.78967,0.0,-0.030054266118001,27.950000000000003
65.0,13.3,-11.3,715.7,0.0,0.0,0.0,16.0,20.0,19.0,18.0,19.0,18.0,18.0,18.0,18.0,-8.08741,18.0,26.0,1019.39611111111,3669826.0,0.0,0.0,4.97013888888889,3.97611111111111,3.72760416666667,18.0,1572.6,1544.5,1175.6,1117.6,0.0,865.0,0.0,0.0,714.0,2420.0,3.72,23.0,3.72,2.0,0.0,1019.39611111111,0.0,50.5,20.0,20.0,19.5,56.0,22.0,21.0,21.5,22.0,23.0,16.0,16.0,8.0,10.32,86.0,20.0,13.807,719.5,38.27,14.003,23.0,-1.7,3.0,0.0,0.0,0.0,14.0,63.0,0.0,20.0,1.0,0.0,825.6,0.0,0.0,0.6,9.0,0.0,29.0,0.0,20.0,20.0,350.0,825.6,-50.0,0.0,0.0,0.0,0.0,400.0,0.0,0.0,0.0,0.0,0.0,0.0,49.5,716.2,4.442,2.636685,13.740762,16.0,13.2477919822824,0.0,0.227205359222222,0.227205359222222,-0.98919184262947,-101.092625,-8.08741,0.0,-0.0723973534525573,27.950000000000003
66.0,13.3,-11.3,715.7,0.0,0.0,0.0,16.0,20.0,19.0,18.0,19.0,18.0,18.0,18.0,18.0,-8.08741,18.0,26.0,1019.39611111111,3669826.0,0.0,0.0,4.97013888888889,3.97611111111111,3.72760416666667,18.0,1572.6,1544.5,1175.6,1117.6,0.0,865.0,0.0,0.0,714.0,2420.0,3.72,23.0,3.72,2.0,0.0,1019.39611111111,0.0,50.5,20.0,20.0,19.5,56.0,22.0,21.0,21.5,22.0,23.0,16.0,16.0,8.0,9.47000000000003,86.0,20.0,13.776,719.7,37.4,14.003,23.0,-2.2,3.0,0.0,0.0,0.0,14.0,63.0,0.0,20.0,1.0,0.0,825.6,0.0,0.0,0.6,9.0,0.0,29.0,0.0,20.0,20.0,350.0,825.6,-50.0,0.0,0.0,0.0,0.0,400.0,0.0,0.0,0.0,0.0,0.0,0.0,49.5,716.2,4.442,0.0,13.7695717,4.0,13.2477919822824,0.0,0.227205359222222,0.227205359222222,-0.98919184262947,-101.092625,-8.08741,0.0,-0.0723973534525573,27.929999999999968
67.0,13.3,5.4,714.2,0.0,0.0,0.0,16.0,20.0,19.0,18.0,19.0,18.0,18.0,18.0,18.0,3.85668,18.0,26.0,1019.39694444444,3669829.0,0.0,0.0,4.95972222222222,3.96777777777778,3.71979166666667,18.0,1572.6,1544.5,1175.6,1117.6,0.0,358.0,0.0,0.0,712.0,2420.0,3.72,24.0,3.7,78.0,0.0,1019.39694444444,0.0,50.5,20.0,20.0,19.5,56.0,22.0,21.0,21.5,22.0,23.0,16.0,16.0,8.0,9.47000000000003,86.0,20.0,13.776,719.7,37.4,14.003,23.0,-2.2,3.0,0.0,0.0,0.0,14.0,63.0,0.0,20.0,1.0,0.0,825.6,0.0,0.0,0.6,9.0,0.0,29.0,0.0,20.0,20.0,350.0,825.6,-50.0,0.0,0.0,0.0,0.0,400.0,0.0,0.0,0.0,0.0,0.0,0.0,49.5,714.6,4.441,0.0,13.7695717,4.0,13.2477919822824,0.0,0.227205359222222,0.227205359222222,-0.98919184262947,-101.092625,-8.07046,0.0,-0.0723973534525573,27.929999999999968
68.0,13.3,5.4,714.2,0.0,0.0,0.0,16.0,20.0,19.0,18.0,19.0,18.0,18.0,18.0,18.0,3.85668,18.0,26.0,1019.39694444444,3669829.0,0.0,0.0,4.95972222222222,3.96777777777778,3.71979166666667,18.0,1572.6,1544.5,1175.6,1117.6,0.0,358.0,0.0,0.0,712.0,2420.0,3.72,24.0,3.7,78.0,0.0,1019.39694444444,0.0,50.5,20.0,20.0,19.5,56.0,22.0,21.0,21.5,22.0,23.0,16.0,16.0,5.0,10.23,86.0,20.0,13.792,716.7,37.06,13.999,23.0,-10.1,3.0,0.0,0.0,0.0,14.0,63.0,0.0,20.0,1.0,0.0,825.6,0.0,0.0,0.6,9.0,0.0,29.0,0.0,20.0,20.0,350.0,825.6,-50.0,0.0,0.0,0.0,0.0,400.0,0.0,0.0,0.0,0.0,0.0,0.0,49.5,714.6,4.441,67.2354675,13.7705483,9.0625,12.9688739816729,0.0,0.230206752416667,0.230206752416667,1.29645187052076,77.1336,-8.07046,0.0,-0.0830128743139393,26.830000000000002
69.0,13.3,5.4,714.2,0.0,0.0,0.0,16.0,20.0,19.0,18.0,19.0,18.0,18.0,18.0,18.0,3.85668,18.0,26.0,1019.39694444444,3669829.0,0.0,0.0,4.95972222222222,3.96777777777778,3.71979166666667,18.0,1572.6,1544.5,1175.6,1117.6,0.0,358.0,0.0,0.0,712.0,2420.0,3.72,24.0,3.7,78.0,0.0,1019.39694444444,0.0,50.5,20.0,20.0,19.5,56.0,22.0,21.0,21.5,22.0,23.0,16.0,16.0,5.0,10.23,86.0,20.0,13.792,716.7,37.06,13.999,23.0,-10.1,3.0,0.0,0.0,0.0,14.0,63.0,0.0,20.0,1.0,0.0,825.6,0.0,0.0,0.6,9.0,0.0,29.0,0.0,20.0,20.0,350.0,825.6,-50.0,0.0,0.0,0.0,0.0,400.0,0.0,0.0,0.0,0.0,0.0,0.0,49.5,711.7,4.443,67.2354675,13.7705483,9.0625,12.9688739816729,0.0,0.230206752416667,0.230206752416667,1.29645187052076,77.1336,-8.07046,0.0,-0.0830128743139393,26.830000000000002
70.0,13.3,23.1,712.2,0.0,0.0,0.0,16.0,20.0,19.0,18.0,19.0,18.0,18.0,18.0,18.0,16.45182,18.0,26.0,1019.3975,3669831.0,0.0,0.0,4.94583333333333,3.95666666666667,3.709375,18.0,1572.6,1544.5,1175.6,1117.6,0.0,1239.0,0.0,0.0,710.0,2421.0,3.7,9.0,3.7,78.0,0.0,1019.3975,0.0,50.5,20.0,20.0,19.5,56.0,22.0,21.0,21.5,22.0,23.0,16.0,16.0,17.0,9.75,86.0,20.0,13.777,715.3,39.67,13.995,23.0,127.5,3.0,0.0,0.0,0.0,14.0,63.0,0.0,20.0,1.0,0.0,825.6,0.0,0.0,0.6,9.0,0.0,29.0,0.0,20.0,20.0,350.0,825.6,-50.0,0.0,0.0,0.0,0.0,400.0,0.0,0.0,0.0,0.0,0.0,0.0,49.5,711.7,4.443,67.2354675,13.7705483,9.0625,13.1130455852579,0.0,0.241399395166667,0.241399395166667,1.03332032565394,96.7754117647059,3.84588,0.0,-0.0830128743139393,29.92
71.0,13.3,23.1,712.2,0.0,0.0,0.0,16.0,20.0,19.0,18.0,19.0,18.0,18.0,18.0,18.0,16.45182,18.0,26.0,1019.3975,3669831.0,0.0,0.0,4.94583333333333,3.95666666666667,3.709375,18.0,1572.6,1544.5,1175.6,1117.6,0.0,1239.0,0.0,0.0,710.0,2421.0,3.7,9.0,3.7,78.0,0.0,1019.3975,0.0,50.5,20.0,20.0,19.5,56.0,22.0,21.0,21.5,22.0,23.0,16.0,16.0,17.0,9.75,86.0,20.0,13.777,715.3,39.67,13.995,23.0,127.5,3.0,0.0,0.0,0.0,14.0,63.0,0.0,20.0,1.0,0.0,825.6,0.0,0.0,0.6,9.0,0.0,29.0,0.0,20.0,20.0,350.0,825.6,-50.0,0.0,0.0,0.0,0.0,400.0,0.0,0.0,0.0,0.0,0.0,0.0,49.5,712.7,4.443,48.143915,13.7715249,16.0,13.1130455852579,0.0,0.241399395166667,0.241399395166667,1.03332032565394,96.7754117647059,3.84588,0.0,-0.0830128743139393,29.92
72.0,13.3,17.0,712.6,0.0,0.0,0.0,16.0,20.0,19.0,18.0,19.0,18.0,18.0,18.0,18.0,12.1142,18.0,26.0,1019.39805555556,3669833.0,0.0,0.0,4.94861111111111,3.95888888888889,3.71145833333333,18.0,1572.6,1544.5,1175.6,1117.7,0.0,1772.0,0.0,0.0,711.0,2421.0,3.7,9.0,3.7,77.0,0.0,1019.39805555556,0.0,50.5,20.0,20.0,19.5,56.0,22.0,21.0,21.5,22.0,23.0,16.0,16.0,23.0,9.75,86.0,20.0,13.777,715.3,39.67,13.995,23.0,127.5,3.0,0.0,0.0,0.0,14.0,63.0,0.0,20.0,1.0,0.0,825.6,0.0,0.0,0.6,9.0,0.0,29.0,0.0,20.0,20.0,350.0,825.6,-50.0,0.0,0.0,0.0,0.0,400.0,0.0,0.0,0.0,0.0,0.0,0.0,49.5,712.7,4.443,48.143915,13.7715249,16.0,13.4454951325418,0.0,0.25613193975,0.25613193975,1.89859833913919,52.6704347826087,12.1142,0.0,-0.0830128743139393,29.92
73.0,13.3,17.0,712.6,0.0,0.0,0.0,16.0,20.0,19.0,18.0,19.0,18.0,18.0,18.0,18.0,12.1142,18.0,26.0,1019.39805555556,3669833.0,0.0,0.0,4.94861111111111,3.95888888888889,3.71145833333333,18.0,1572.6,1544.5,1175.6,1117.7,0.0,1772.0,0.0,0.0,711.0,2421.0,3.7,9.0,3.7,77.0,0.0,1019.39805555556,0.0,50.5,20.0,20.0,19.5,56.0,22.0,21.0,21.5,22.0,23.0,16.0,16.0,23.0,10.28,86.0,20.0,13.813,715.1,36.41,14.014,23.0,3.3,3.0,0.0,0.0,0.0,14.0,63.0,0.0,20.0,1.0,0.0,825.6,0.0,0.0,0.6,9.0,0.0,29.0,0.0,20.0,20.0,350.0,825.6,-50.0,0.0,0.0,0.0,0.0,400.0,0.0,0.0,0.0,0.0,0.0,0.0,49.5,712.7,4.443,52.2942525,13.7705483,25.65625,13.4454951325418,0.0,0.25613193975,0.25613193975,1.89859833913919,52.6704347826087,12.1142,0.0,,26.129999999999995
74.0,13.3,32.3,710.9,0.0,0.0,0.0,16.0,20.0,19.0,18.0,19.0,18.0,18.0,18.0,18.0,22.96207,18.0,26.0,1019.39888888889,3669836.0,0.0,0.0,4.93680555555556,3.94944444444444,3.70260416666667,18.0,1572.6,1544.5,1175.6,1117.7,0.0,2461.0,0.0,0.0,709.0,2421.0,3.7,34.0,3.7,78.0,0.0,1019.39888888889,0.0,50.5,20.0,20.0,19.5,56.0,22.0,21.0,21.5,22.0,23.0,16.0,16.0,23.0,10.28,86.0,20.0,13.813,715.1,36.41,14.014,23.0,3.3,3.0,0.0,0.0,0.0,14.0,63.0,0.0,20.0,1.0,0.0,825.6,0.0,0.0,0.6,9.0,0.0,29.0,0.0,20.0,20.0,350.0,825.6,-50.0,0.0,0.0,0.0,0.0,400.0,0.0,0.0,0.0,0.0,0.0,0.0,49.5,711.2,4.442,52.2942525,13.7705483,25.65625,13.4454951325418,0.0,0.25613193975,0.25613193975,1.89859833913919,52.6704347826087,12.0853,0.0,,26.129999999999995
75.0,13.3,32.3,710.9,0.0,0.0,0.0,16.0,20.0,19.0,18.0,19.0,18.0,18.0,18.0,18.0,22.96207,18.0,26.0,1019.39888888889,3669836.0,0.0,0.0,4.93680555555556,3.94944444444444,3.70260416666667,18.0,1572.6,1544.5,1175.6,1117.7,0.0,2461.0,0.0,0.0,709.0,2421.0,3.7,34.0,3.7,78.0,0.0,1019.39888888889,0.0,50.5,20.0,20.0,19.5,56.0,22.0,21.0,21.5,22.0,23.0,16.0,16.0,32.0,9.94,86.0,20.0,13.807,715.1,33.57,14.004,23.0,-14.0,3.0,0.0,0.0,0.0,14.0,63.0,0.0,20.0,1.0,0.0,825.6,0.0,0.0,0.6,9.0,0.0,29.0,0.0,20.0,20.0,350.0,825.6,-50.0,0.0,0.0,0.0,0.0,400.0,0.0,0.0,0.0,0.0,0.0,0.0,49.5,711.2,4.442,47.46033,13.7705483,32.0,14.0604064154886,0.0,0.277026673972222,0.277026673972222,1.39360258025518,71.75646875,12.0853,0.0,,23.630000000000003
76.0,13.3,32.3,710.9,0.0,0.0,0.0,16.0,20.0,19.0,18.0,19.0,18.0,18.0,18.0,18.0,22.96207,18.0,26.0,1019.39888888889,3669836.0,0.0,0.0,4.93680555555556,3.94944444444444,3.70260416666667,18.0,1572.6,1544.5,1175.6,1117.7,0.0,2461.0,0.0,0.0,709.0,2421.0,3.7,34.0,3.7,78.0,0.0,1019.39888888889,0.0,50.5,20.0,20.0,19.5,56.0,22.0,21.0,21.5,22.0,23.0,16.0,16.0,32.0,9.94,86.0,20.0,13.807,715.1,33.57,14.004,23.0,-14.0,3.0,0.0,0.0,0.0,14.0,63.0,0.0,20.0,1.0,0.0,825.6,0.0,0.0,0.6,9.0,0.0,29.0,0.0,20.0,20.0,350.0,825.6,-50.0,0.0,0.0,0.0,0.0,400.0,0.0,0.0,0.0,0.0,0.0,0.0,49.5,711.1,4.442,47.46033,13.7705483,32.0,14.0604064154886,0.0,0.277026673972222,0.277026673972222,1.39360258025518,71.75646875,12.0853,0.0,,23.630000000000003
77.0,13.3,30.5,710.8,0.0,0.0,0.0,16.0,20.0,19.0,18.0,19.0,18.0,18.0,18.0,18.0,21.6794,18.0,26.0,1019.39944444444,3669838.0,0.0,0.0,4.93611111111111,3.94888888888889,3.70208333333333,18.0,1572.6,1544.5,1175.6,1117.7,0.0,3093.0,0.0,0.0,709.0,2421.0,3.7,9.0,3.7,77.0,0.0,1019.39944444444,0.0,50.5,20.0,20.0,19.5,57.0,22.0,21.0,21.5,22.0,23.0,16.0,16.0,40.0,9.88,86.0,20.0,13.81,715.1,33.31,14.017,23.0,-11.4,3.0,0.0,0.0,0.0,14.0,63.0,0.0,20.0,1.0,0.0,825.6,0.0,0.0,0.6,9.0,0.0,29.0,0.0,20.0,20.0,350.0,825.6,-50.0,0.0,0.0,0.0,0.0,400.0,0.0,0.0,0.0,0.0,0.0,0.0,49.5,711.1,4.442,47.46033,13.7705483,32.0,14.8971003545345,0.0,0.303294639527778,0.303294639527778,1.8450695129939,54.1985,22.95884,0.0,0.105563068219212,23.43
78.0,13.3,30.5,710.8,0.0,0.0,0.0,16.0,20.0,19.0,18.0,19.0,18.0,18.0,18.0,18.0,21.6794,18.0,26.0,1019.39944444444,3669838.0,0.0,0.0,4.93611111111111,3.94888888888889,3.70208333333333,18.0,1572.6,1544.5,1175.6,1117.7,0.0,3093.0,0.0,0.0,709.0,2421.0,3.7,9.0,3.7,77.0,0.0,1019.39944444444,0.0,50.5,20.0,20.0,19.5,57.0,22.0,21.0,21.5,22.0,23.0,16.0,16.0,40.0,9.88,86.0,20.0,13.81,715.1,33.31,14.017,23.0,-11.4,3.0,0.0,0.0,0.0,14.0,63.0,0.0,20.0,1.0,0.0,825.6,0.0,0.0,0.6,9.0,0.0,29.0,0.0,20.0,20.0,350.0,825.6,-50.0,0.0,0.0,0.0,0.0,400.0,0.0,0.0,0.0,0.0,0.0,0.0,49.5,711.1,4.442,38.5248975,13.7705483,40.0,14.8971003545345,0.0,0.303294639527778,0.303294639527778,1.8450695129939,54.1985,22.95884,0.0,0.105563068219212,23.43
79.0,13.3,5.2,713.3,0.0,0.0,0.0,16.0,20.0,19.0,18.0,19.0,18.0,18.0,18.0,18.0,3.70916,18.0,26.0,1019.4,3669840.0,0.0,0.0,4.95347222222222,3.96277777777778,3.71510416666667,18.0,1572.6,1544.5,1175.6,1117.7,0.0,3502.0,0.0,0.0,711.0,2414.0,3.7,24.0,3.7,40.0,0.0,1019.4,0.0,50.5,20.0,20.0,19.5,57.0,22.0,21.0,21.0,22.0,23.0,16.0,16.0,44.0,9.88,86.0,20.0,13.81,715.1,33.31,14.017,23.0,-11.4,3.0,0.0,0.0,0.0,14.0,63.0,0.0,20.0,1.0,0.0,825.6,0.0,0.0,0.6,9.0,0.0,29.0,0.0,20.0,20.0,350.0,825.6,-50.0,0.0,0.0,0.0,0.0,400.0,0.0,0.0,0.0,0.0,0.0,0.0,49.5,712.7,4.441,38.5248975,13.7705483,40.0,15.8189143423651,0.0,0.332596922305556,0.332596922305556,11.8625241294525,8.42990909090909,21.75565,0.0,0.0812028820258869,23.43
80.0,13.3,5.2,713.3,0.0,0.0,0.0,16.0,20.0,19.0,18.0,19.0,18.0,18.0,18.0,18.0,3.70916,18.0,26.0,1019.4,3669840.0,0.0,0.0,4.95347222222222,3.96277777777778,3.71510416666667,18.0,1572.6,1544.5,1175.6,1117.7,0.0,3502.0,0.0,0.0,711.0,2414.0,3.7,24.0,3.7,40.0,0.0,1019.4,0.0,50.5,20.0,20.0,19.5,57.0,22.0,21.0,21.0,22.0,23.0,16.0,16.0,44.0,9.76999999999998,86.0,20.0,13.809,716.8,33.7,14.012,23.0,4.0,3.0,0.0,0.0,0.0,14.0,63.0,0.0,20.0,1.0,0.0,825.6,0.0,0.0,0.6,9.0,0.0,29.0,0.0,20.0,20.0,350.0,825.6,-50.0,0.0,0.0,0.0,0.0,400.0,0.0,0.0,0.0,0.0,0.0,0.0,49.5,712.7,4.441,29.198845,13.7705483,45.390625,15.8189143423651,0.0,0.332596922305556,0.332596922305556,11.8625241294525,8.42990909090909,21.75565,0.0,0.0812028820258869,23.93000000000002
81.0,13.3,-20.9,716.0,0.0,0.0,0.0,16.0,20.0,19.0,18.0,19.0,18.0,18.0,18.0,18.0,-14.9644,18.0,26.0,1019.40083333333,3669843.0,0.0,0.0,4.97222222222222,3.97777777777778,3.72916666666667,18.0,1572.6,1544.5,1175.6,1117.7,0.0,3592.0,0.0,0.0,715.0,2414.0,3.72,9.0,3.72,40.0,0.0,1019.40083333333,0.0,50.5,20.0,20.0,19.5,57.0,22.0,21.0,21.0,22.0,23.0,16.0,16.0,44.0,9.76999999999998,86.0,20.0,13.809,716.8,33.7,14.012,23.0,4.0,3.0,0.0,0.0,0.0,14.0,63.0,0.0,20.0,1.0,0.0,825.6,0.0,0.0,0.6,9.0,0.0,29.0,0.0,20.0,20.0,350.0,825.6,-50.0,0.0,0.0,0.0,0.0,400.0,0.0,0.0,0.0,0.0,0.0,0.0,49.5,714.7,4.439,29.198845,13.7705483,45.390625,15.8189143423651,0.0,0.332596922305556,0.332596922305556,11.8625241294525,8.42990909090909,3.7232,0.0,0.0812028820258869,23.93000000000002
82.0,13.3,-20.9,716.0,0.0,0.0,0.0,16.0,20.0,19.0,18.0,19.0,18.0,18.0,18.0,18.0,-14.9644,18.0,26.0,1019.40083333333,3669843.0,0.0,0.0,4.97222222222222,3.97777777777778,3.72916666666667,18.0,1572.6,1544.5,1175.6,1117.7,0.0,3592.0,0.0,0.0,715.0,2414.0,3.72,9.0,3.72,40.0,0.0,1019.40083333333,0.0,50.5,20.0,20.0,19.5,57.0,22.0,21.0,21.0,22.0,23.0,16.0,16.0,45.0,9.80000000000001,86.0,20.0,13.811,719.5,33.74,14.013,23.0,6.2,3.0,0.0,0.0,0.0,14.0,63.0,0.0,20.0,1.0,0.0,825.6,0.0,0.0,0.6,9.0,0.0,29.0,0.0,20.0,20.0,350.0,825.6,-50.0,0.0,0.0,0.0,0.0,400.0,0.0,0.0,0.0,0.0,0.0,0.0,49.5,714.7,4.439,28.71057,13.7793377,45.5,16.683647230071,0.0,0.361490309805556,0.361490309805556,-3.00713693833365,-33.2542222222222,3.7232,0.0,0.0661261715395399,23.93999999999999
83.0,13.3,-20.9,716.0,0.0,0.0,0.0,16.0,20.0,19.0,18.0,19.0,18.0,18.0,18.0,18.0,-14.9644,18.0,26.0,1019.40083333333,3669843.0,0.0,0.0,4.97222222222222,3.97777777777778,3.72916666666667,18.0,1572.6,1544.5,1175.6,1117.7,0.0,3592.0,0.0,0.0,715.0,2414.0,3.72,9.0,3.72,40.0,0.0,1019.40083333333,0.0,50.5,20.0,20.0,19.5,57.0,22.0,21.0,21.0,22.0,23.0,16.0,16.0,45.0,9.80000000000001,86.0,20.0,13.811,719.5,33.74,14.013,23.0,6.2,3.0,0.0,0.0,0.0,14.0,63.0,0.0,20.0,1.0,0.0,825.6,0.0,0.0,0.6,9.0,0.0,29.0,0.0,20.0,20.0,350.0,825.6,-50.0,0.0,0.0,0.0,0.0,400.0,0.0,0.0,0.0,0.0,0.0,0.0,49.5,714.4,4.442,28.71057,13.7793377,45.5,16.683647230071,0.0,0.361490309805556,0.361490309805556,-3.00713693833365,-33.2542222222222,3.7232,0.0,0.0661261715395399,23.93999999999999
84.0,13.3,-1.9,714.4,0.0,0.0,0.0,16.0,20.0,19.0,18.0,19.0,18.0,18.0,18.0,18.0,-1.35736,18.0,26.0,1019.40138888889,3669845.0,0.0,0.0,4.96111111111111,3.96888888888889,3.72083333333333,18.0,1572.6,1544.5,1175.6,1117.7,0.0,3664.0,0.0,0.0,713.0,2414.0,3.72,24.0,3.7,78.0,0.0,1019.40138888889,0.0,50.5,20.0,20.0,19.5,57.0,22.0,21.0,21.0,22.0,23.0,16.0,16.0,47.0,9.65000000000003,86.0,20.0,13.812,718.0,33.32,13.996,23.0,9.7,3.0,0.0,0.0,0.0,14.0,63.0,0.0,20.0,1.0,0.0,825.6,0.0,0.0,0.6,9.0,0.0,29.0,0.0,20.0,20.0,350.0,825.6,-50.0,0.0,0.0,0.0,0.0,400.0,0.0,0.0,0.0,0.0,0.0,0.0,49.5,714.4,4.442,28.71057,13.7793377,45.5,17.566769203287,0.0,0.392045593388889,0.392045593388889,-34.6260387811634,-2.888,-14.93096,0.0,0.0451358873128153,23.66999999999997
85.0,13.3,-1.9,714.4,0.0,0.0,0.0,16.0,20.0,19.0,18.0,19.0,18.0,18.0,18.0,18.0,-1.35736,18.0,26.0,1019.40138888889,3669845.0,0.0,0.0,4.96111111111111,3.96888888888889,3.72083333333333,18.0,1572.6,1544.5,1175.6,1117.7,0.0,3664.0,0.0,0.0,713.0,2414.0,3.72,24.0,3.7,78.0,0.0,1019.40138888889,0.0,50.5,20.0,20.0,19.5,57.0,22.0,21.0,21.0,22.0,23.0,16.0,16.0,47.0,9.65000000000003,86.0,20.0,13.812,718.0,33.32,13.996,23.0,9.7,3.0,0.0,0.0,0.0,14.0,63.0,0.0,20.0,1.0,0.0,825.6,0.0,0.0,0.6,9.0,0.0,29.0,0.0,20.0,20.0,350.0,825.6,-50.0,0.0,0.0,0.0,0.0,400.0,0.0,0.0,0.0,0.0,0.0,0.0,49.5,715.0,4.442,31.8843575,13.7705483,44.0,17.566769203287,0.0,0.392045593388889,0.392045593388889,-34.6260387811634,-2.888,-14.93096,0.0,0.0451358873128153,23.66999999999997
86.0,13.3,-6.6,714.9,0.0,0.0,0.0,16.0,20.0,19.0,18.0,19.0,18.0,18.0,18.0,18.0,-4.71834,18.0,26.0,1019.40194444444,3669847.0,0.0,0.0,4.96458333333333,3.97166666666667,3.7234375,18.0,1572.6,1544.5,1175.6,1117.7,0.0,3841.0,0.0,0.0,713.0,2414.0,3.72,24.0,3.72,78.0,0.0,1019.40194444444,0.0,50.5,20.0,20.0,19.5,57.0,22.0,21.0,21.0,22.0,23.0,16.0,16.0,49.0,9.67000000000002,86.0,20.0,13.811,718.6,32.87,13.997,23.0,9.7,3.0,0.0,0.0,0.0,14.0,63.0,0.0,20.0,1.0,0.0,825.6,0.0,0.0,0.6,9.0,0.0,29.0,0.0,20.0,20.0,350.0,825.6,-50.0,0.0,0.0,0.0,0.0,400.0,0.0,0.0,0.0,0.0,0.0,0.0,49.5,715.0,4.442,31.8843575,13.7705483,44.0,18.3900593936476,0.0,0.421458047555555,0.421458047555555,-10.3850082868127,-9.62926530612245,-4.71834,0.0,0.0276792641004412,23.199999999999978
87.0,13.3,-6.6,714.9,0.0,0.0,0.0,16.0,20.0,19.0,18.0,19.0,18.0,18.0,18.0,18.0,-4.71834,18.0,26.0,1019.40194444444,3669847.0,0.0,0.0,4.96458333333333,3.97166666666667,3.7234375,18.0,1572.6,1544.5,1175.6,1117.7,0.0,3841.0,0.0,0.0,713.0,2414.0,3.72,24.0,3.72,78.0,0.0,1019.40194444444,0.0,50.5,20.0,20.0,19.5,57.0,22.0,21.0,21.0,22.0,23.0,16.0,16.0,49.0,9.67000000000002,86.0,20.0,13.811,718.6,32.87,13.997,23.0,-1.1,3.0,0.0,0.0,0.0,14.0,63.0,0.0,20.0,1.0,0.0,825.6,0.0,0.0,0.6,9.0,0.0,29.0,0.0,20.0,20.0,350.0,825.6,-50.0,0.0,0.0,0.0,0.0,400.0,0.0,0.0,0.0,0.0,0.0,0.0,49.5,715.0,4.442,26.56216,13.760294,49.5,18.3900593936476,0.0,0.421458047555555,0.421458047555555,-10.3850082868127,-9.62926530612245,-4.71834,0.0,0.0276792641004412,23.199999999999978
88.0,13.3,-32.4,717.5,0.0,0.0,0.0,16.0,20.0,19.0,18.0,19.0,18.0,18.0,18.0,18.0,-23.247,18.0,26.0,1019.4025,3669849.0,0.0,0.0,4.98263888888889,3.98611111111111,3.73697916666667,18.0,1572.6,1544.5,1175.6,1117.7,0.0,3839.0,0.0,0.0,716.0,2422.0,3.72,9.0,3.72,77.0,0.0,1019.4025,0.0,50.5,20.0,20.0,19.5,57.0,22.0,21.0,21.0,22.0,23.0,16.0,16.0,47.0,9.67000000000002,86.0,20.0,13.811,718.6,32.87,13.997,23.0,-1.1,3.0,0.0,0.0,0.0,14.0,63.0,0.0,20.0,1.0,0.0,825.6,0.0,0.0,0.6,9.0,0.0,29.0,0.0,20.0,20.0,350.0,825.6,-50.0,0.0,0.0,0.0,0.0,400.0,0.0,0.0,0.0,0.0,0.0,0.0,49.5,716.2,4.443,26.56216,13.760294,49.5,19.1786589219544,0.0,0.451989498222222,0.451989498222222,-2.02176624940853,-49.4617021276596,-23.247,0.0,0.0276792641004412,23.199999999999978
89.0,13.3,-32.4,717.5,0.0,0.0,0.0,16.0,20.0,19.0,18.0,19.0,18.0,18.0,18.0,18.0,-23.247,18.0,26.0,1019.4025,3669849.0,0.0,0.0,4.98263888888889,3.98611111111111,3.73697916666667,18.0,1572.6,1544.5,1175.6,1117.7,0.0,3839.0,0.0,0.0,716.0,2422.0,3.72,9.0,3.72,77.0,0.0,1019.4025,0.0,50.5,20.0,20.0,19.5,57.0,22.0,21.0,21.0,22.0,23.0,16.0,16.0,47.0,8.95999999999998,86.0,20.0,13.788,721.5,37.68,14.007,23.0,4.2,3.0,0.0,0.0,0.0,14.0,63.0,0.0,20.0,1.0,0.0,825.6,0.0,0.0,0.6,9.0,0.0,29.0,0.0,20.0,20.0,350.0,825.6,-50.0,0.0,0.0,0.0,0.0,400.0,0.0,0.0,0.0,0.0,0.0,0.0,49.5,716.2,4.443,17.9196925,13.7515046,44.0,19.1786589219544,0.0,0.451989498222222,0.451989498222222,-2.02176624940853,-49.4617021276596,-23.247,0.0,0.0276792641004412,28.72000000000002
90.0,13.3,-47.0,719.5,0.0,0.0,0.0,16.0,20.0,19.0,18.0,19.0,18.0,18.0,18.0,18.0,-33.8165,18.0,26.0,1019.40333333333,3669852.0,0.0,0.0,4.99652777777778,3.99722222222222,3.74739583333333,18.0,1572.6,1544.5,1175.6,1117.7,0.0,3275.0,0.0,0.0,718.0,2422.0,3.74,143.0,3.74,77.0,0.0,1019.40333333333,0.0,50.5,20.0,20.0,19.5,57.0,22.0,21.0,21.0,22.0,23.0,16.0,16.0,47.0,8.95999999999998,86.0,20.0,13.788,721.5,37.68,14.007,23.0,4.2,3.0,0.0,0.0,0.0,14.0,63.0,0.0,20.0,1.0,0.0,825.6,0.0,0.0,0.6,9.0,0.0,29.0,0.0,20.0,20.0,350.0,825.6,-50.0,0.0,0.0,0.0,0.0,400.0,0.0,0.0,0.0,0.0,0.0,0.0,49.5,718.8,4.443,17.9196925,13.7515046,44.0,19.1786589219544,0.0,0.451989498222222,0.451989498222222,-2.02176624940853,-49.4617021276596,-33.8165,0.0,0.0276792641004412,28.72000000000002
91.0,13.3,-47.0,719.5,0.0,0.0,0.0,16.0,20.0,19.0,18.0,19.0,18.0,18.0,18.0,18.0,-33.8165,18.0,26.0,1019.40333333333,3669852.0,0.0,0.0,4.99652777777778,3.99722222222222,3.74739583333333,18.0,1572.6,1544.5,1175.6,1117.7,0.0,3275.0,0.0,0.0,718.0,2422.0,3.74,143.0,3.74,77.0,0.0,1019.40333333333,0.0,50.5,20.0,20.0,19.5,57.0,22.0,21.0,21.0,22.0,23.0,16.0,16.0,39.0,8.85000000000002,86.0,20.0,13.78,723.6,36.21,13.994,23.0,-2.6,3.0,0.0,0.0,0.0,14.0,63.0,0.0,20.0,1.0,0.0,825.6,0.0,0.0,0.6,9.0,0.0,29.0,0.0,20.0,20.0,350.0,825.6,-50.0,0.0,0.0,0.0,0.0,400.0,0.0,0.0,0.0,0.0,0.0,0.0,49.5,718.8,4.443,0.0,13.740762,36.109375,19.6706319058946,0.0,0.475383186722222,0.475383186722222,-1.15328316058729,-86.7089743589744,-33.8165,0.0,,27.35999999999998
92.0,13.3,-47.0,719.5,0.0,0.0,0.0,16.0,20.0,19.0,18.0,19.0,18.0,18.0,18.0,18.0,-33.8165,18.0,26.0,1019.40333333333,3669852.0,0.0,0.0,4.99652777777778,3.99722222222222,3.74739583333333,18.0,1572.6,1544.5,1175.6,1117.7,0.0,3275.0,0.0,0.0,718.0,2422.0,3.74,143.0,3.74,77.0,0.0,1019.40333333333,0.0,50.5,20.0,20.0,19.5,57.0,22.0,21.0,21.0,22.0,23.0,16.0,16.0,39.0,8.85000000000002,86.0,20.0,13.78,723.6,36.21,13.994,23.0,-2.6,3.0,0.0,0.0,0.0,14.0,63.0,0.0,20.0,1.0,0.0,825.6,0.0,0.0,0.6,9.0,0.0,29.0,0.0,20.0,20.0,350.0,825.6,-50.0,0.0,0.0,0.0,0.0,400.0,0.0,0.0,0.0,0.0,0.0,0.0,49.5,719.5,4.443,0.0,13.740762,36.109375,19.6706319058946,0.0,0.475383186722222,0.475383186722222,-1.15328316058729,-86.7089743589744,-33.8165,0.0,,27.35999999999998
93.0,13.3,-37.7,719.0,0.0,0.0,0.0,16.0,20.0,19.0,18.0,19.0,18.0,18.0,18.0,18.0,-27.1063,18.0,26.0,1019.40388888889,3669854.0,0.0,0.0,4.99305555555556,3.99444444444444,3.74479166666667,18.0,1572.6,1544.5,1175.6,1117.7,0.0,2313.0,0.0,0.0,718.0,2422.0,3.74,9.0,3.74,13.0,0.0,1019.40388888889,0.0,50.5,20.0,20.0,19.5,57.0,22.0,21.0,21.0,22.0,23.0,16.0,16.0,27.0,8.78000000000003,86.0,20.0,13.781,720.7,36.68,14.018,23.0,-51.4,3.0,0.0,0.0,0.0,14.0,63.0,0.0,20.0,1.0,0.0,825.6,0.0,0.0,0.6,9.0,0.0,29.0,0.0,20.0,20.0,350.0,825.6,-50.0,0.0,0.0,0.0,0.0,400.0,0.0,0.0,0.0,0.0,0.0,0.0,49.5,719.5,4.443,0.0,13.740762,36.109375,19.8554410741583,0.0,0.492261829472222,0.492261829472222,-0.99607840243781,-100.393703703704,-33.793,0.0,-0.0635859579036853,27.89999999999997
94.0,13.3,-37.7,719.0,0.0,0.0,0.0,16.0,20.0,19.0,18.0,19.0,18.0,18.0,18.0,18.0,-27.1063,18.0,26.0,1019.40388888889,3669854.0,0.0,0.0,4.99305555555556,3.99444444444444,3.74479166666667,18.0,1572.6,1544.5,1175.6,1117.7,0.0,2313.0,0.0,0.0,718.0,2422.0,3.74,9.0,3.74,13.0,0.0,1019.40388888889,0.0,50.5,20.0,20.0,19.5,57.0,22.0,21.0,21.0,22.0,23.0,16.0,16.0,27.0,8.78000000000003,86.0,20.0,13.781,720.7,36.68,14.018,23.0,-51.4,3.0,0.0,0.0,0.0,14.0,63.0,0.0,20.0,1.0,0.0,825.6,0.0,0.0,0.6,9.0,0.0,29.0,0.0,20.0,20.0,350.0,825.6,-50.0,0.0,0.0,0.0,0.0,400.0,0.0,0.0,0.0,0.0,0.0,0.0,49.5,717.0,4.443,12.4510125,13.7612706,25.3125,19.8554410741583,0.0,0.492261829472222,0.492261829472222,-0.99607840243781,-100.393703703704,-33.793,0.0,-0.0635859579036853,27.89999999999997
95.0,13.3,-5.6,716.0,0.0,0.0,0.0,16.0,20.0,19.0,18.0,19.0,18.0,18.0,18.0,18.0,-4.0096,18.0,26.0,1019.40444444444,3669856.0,0.0,0.0,4.97222222222222,3.97777777777778,3.72916666666667,18.0,1572.7,1544.5,1175.6,1117.7,0.0,1690.0,0.0,0.0,714.0,2422.0,3.72,9.0,3.72,40.0,0.0,1019.40444444444,0.0,50.5,20.0,20.0,19.5,57.0,22.0,21.0,21.0,22.0,23.0,16.0,16.0,21.0,8.93000000000001,86.0,20.0,13.79,719.3,37.57,13.999,24.0,-51.4,3.0,0.0,0.0,0.0,14.0,63.0,0.0,20.0,1.0,0.0,825.6,0.0,0.0,0.6,9.0,0.0,29.0,0.0,20.0,20.0,350.0,825.6,-50.0,0.0,0.0,0.0,0.0,400.0,0.0,0.0,0.0,0.0,0.0,0.0,49.5,717.0,4.443,12.4510125,13.7612706,25.3125,19.8835949728483,0.0,0.505391298972222,0.505391298972222,-5.23743016759777,-19.0933333333333,-4.0096,0.0,-0.0881301067819605,28.63999999999999
96.0,13.3,-5.6,716.0,0.0,0.0,0.0,16.0,20.0,19.0,18.0,19.0,18.0,18.0,18.0,18.0,-4.0096,18.0,26.0,1019.40444444444,3669856.0,0.0,0.0,4.97222222222222,3.97777777777778,3.72916666666667,18.0,1572.7,1544.5,1175.6,1117.7,0.0,1690.0,0.0,0.0,714.0,2422.0,3.72,9.0,3.72,40.0,0.0,1019.40444444444,0.0,50.5,20.0,20.0,19.5,57.0,22.0,21.0,21.0,22.0,23.0,16.0,16.0,21.0,8.93000000000001,86.0,20.0,13.79,719.3,37.57,13.999,24.0,-98.9,3.0,0.0,0.0,0.0,14.0,63.0,0.0,20.0,1.0,0.0,825.6,0.0,0.0,0.6,9.0,0.0,29.0,0.0,20.0,20.0,350.0,825.6,-50.0,0.0,0.0,0.0,0.0,400.0,0.0,0.0,0.0,0.0,0.0,0.0,49.5,717.0,4.443,36.034695,13.7695717,16.0,19.8835949728483,0.0,0.505391298972222,0.505391298972222,-5.23743016759777,-19.0933333333333,-4.0096,0.0,-0.0881301067819605,28.63999999999999
97.0,13.3,18.6,713.3,0.0,0.0,0.0,16.0,20.0,19.0,18.0,19.0,18.0,18.0,18.0,18.0,13.26738,18.0,26.0,1019.40527777778,3669859.0,0.0,0.0,4.95347222222222,3.96277777777778,3.71510416666667,18.0,1572.7,1544.6,1175.6,1117.7,0.0,1613.0,0.0,0.0,711.0,2432.0,3.7,9.0,3.7,41.0,0.0,1019.40527777778,0.0,50.5,20.0,20.0,19.5,57.0,22.0,21.0,21.0,22.0,23.0,16.0,16.0,21.0,8.93000000000001,86.0,20.0,13.79,719.3,37.57,13.999,24.0,-98.9,3.0,0.0,0.0,0.0,14.0,63.0,0.0,20.0,1.0,0.0,825.6,0.0,0.0,0.6,9.0,0.0,29.0,0.0,20.0,20.0,350.0,825.6,-50.0,0.0,0.0,0.0,0.0,400.0,0.0,0.0,0.0,0.0,0.0,0.0,49.5,713.8,4.442,36.034695,13.7695717,16.0,19.8835949728483,0.0,0.505391298972222,0.505391298972222,-5.23743016759777,-19.0933333333333,-3.99448,0.0,-0.0881301067819605,28.63999999999999
98.0,13.3,18.6,713.3,0.0,0.0,0.0,16.0,20.0,19.0,18.0,19.0,18.0,18.0,18.0,18.0,13.26738,18.0,26.0,1019.40527777778,3669859.0,0.0,0.0,4.95347222222222,3.96277777777778,3.71510416666667,18.0,1572.7,1544.6,1175.6,1117.7,0.0,1613.0,0.0,0.0,711.0,2432.0,3.7,9.0,3.7,41.0,0.0,1019.40527777778,0.0,50.5,20.0,20.0,19.5,57.0,22.0,21.0,21.0,22.0,23.0,16.0,16.0,20.0,9.28000000000003,86.0,20.0,13.798,716.3,35.89,14.006,24.0,-21.9,3.0,0.0,0.0,0.0,14.0,63.0,0.0,20.0,1.0,0.0,825.6,0.0,0.0,0.6,9.0,0.0,29.0,0.0,20.0,20.0,350.0,825.6,-50.0,0.0,0.0,0.0,0.0,400.0,0.0,0.0,0.0,0.0,0.0,0.0,49.5,713.8,4.442,52.9778375,13.7793377,20.0,19.8865321011409,0.0,0.518549894527778,0.518549894527778,1.50745663424127,66.3369,-3.99448,0.0,-0.084701747076342,26.60999999999997
99.0,13.3,38.3,711.1,0.0,0.0,0.0,16.0,20.0,19.0,18.0,19.0,18.0,18.0,18.0,18.0,27.23513,18.0,26.0,1019.40583333333,3669861.0,0.0,0.0,4.93819444444444,3.95055555555556,3.70364583333333,18.0,1572.7,1544.6,1175.6,1117.7,0.0,2063.0,0.0,0.0,709.0,2432.0,3.7,20.0,3.7,77.0,0.0,1019.40583333333,0.0,50.5,20.0,20.0,19.5,57.0,22.0,21.0,21.0,22.0,23.0,16.0,16.0,20.0,9.28000000000003,86.0,20.0,13.798,716.3,35.89,14.006,24.0,-21.9,3.0,0.0,0.0,0.0,14.0,63.0,0.0,20.0,1.0,0.0,825.6,0.0,0.0,0.6,9.0,0.0,29.0,0.0,20.0,20.0,350.0,825.6,-50.0,0.0,0.0,0.0,0.0,400.0,0.0,0.0,0.0,0.0,0.0,0.0,49.5,712.1,4.443,52.9778375,13.7793377,20.0,19.8865321011409,0.0,0.518549894527778,0.518549894527778,1.50745663424127,66.3369,27.23513,0.0,-0.084701747076342,26.60999999999997
100.0,13.3,38.3,711.1,0.0,0.0,0.0,16.0,20.0,19.0,18.0,19.0,18.0,18.0,18.0,18.0,27.23513,18.0,26.0,1019.40583333333,3669861.0,0.0,0.0,4.93819444444444,3.95055555555556,3.70364583333333,18.0,1572.7,1544.6,1175.6,1117.7,0.0,2063.0,0.0,0.0,709.0,2432.0,3.7,20.0,3.7,77.0,0.0,1019.40583333333,0.0,50.5,20.0,20.0,19.5,57.0,22.0,21.0,21.0,22.0,23.0,16.0,16.0,27.0,9.35000000000002,86.0,20.0,13.813,713.0,36.36,13.999,24.0,8.1,3.0,0.0,0.0,0.0,14.0,63.0,0.0,20.0,1.0,0.0,825.6,0.0,0.0,0.6,9.0,0.0,29.0,0.0,20.0,20.0,350.0,825.6,-50.0,0.0,0.0,0.0,0.0,400.0,0.0,0.0,0.0,0.0,0.0,0.0,49.5,712.1,4.443,52.9778375,13.7793377,20.0,20.0551518660047,0.0,0.535643740027778,0.535643740027778,0.991366665038867,100.870851851852,27.23513,0.0,-0.084701747076342,27.00999999999998
101.0,13.3,38.3,711.1,0.0,0.0,0.0,16.0,20.0,19.0,18.0,19.0,18.0,18.0,18.0,18.0,27.23513,18.0,26.0,1019.40583333333,3669861.0,0.0,0.0,4.93819444444444,3.95055555555556,3.70364583333333,18.0,1572.7,1544.6,1175.6,1117.7,0.0,2063.0,0.0,0.0,709.0,2432.0,3.7,20.0,3.7,77.0,0.0,1019.40583333333,0.0,50.5,20.0,20.0,19.5,57.0,22.0,21.0,21.0,22.0,23.0,16.0,16.0,27.0,9.35000000000002,86.0,20.0,13.813,713.0,36.36,13.999,24.0,8.1,3.0,0.0,0.0,0.0,14.0,63.0,0.0,20.0,1.0,0.0,825.6,0.0,0.0,0.6,9.0,0.0,29.0,0.0,20.0,20.0,350.0,825.6,-50.0,0.0,0.0,0.0,0.0,400.0,0.0,0.0,0.0,0.0,0.0,0.0,49.5,709.2,4.443,63.9151975,13.7705483,28.0,20.0551518660047,0.0,0.535643740027778,0.535643740027778,0.991366665038867,100.870851851852,27.23513,0.0,-0.084701747076342,27.00999999999998
102.0,13.3,59.3,708.6,0.0,0.0,0.0,16.0,20.0,19.0,18.0,19.0,18.0,18.0,18.0,18.0,42.01998,18.0,26.0,1019.40638888889,3669863.0,0.0,0.0,4.92083333333333,3.93666666666667,3.690625,18.0,1572.7,1544.6,1175.6,1117.7,0.0,2832.0,0.0,0.0,706.0,2432.0,3.68,34.0,3.68,77.0,0.0,1019.40638888889,0.0,50.5,20.0,20.0,19.5,57.0,22.0,21.0,21.0,22.0,23.0,16.0,16.0,37.0,9.22000000000003,86.0,20.0,13.814,711.4,33.07,14.017,24.0,8.1,3.0,0.0,0.0,0.0,14.0,63.0,0.0,20.0,1.0,0.0,825.6,0.0,0.0,0.6,9.0,0.0,29.0,0.0,20.0,20.0,350.0,825.6,-50.0,0.0,0.0,0.0,0.0,400.0,0.0,0.0,0.0,0.0,0.0,0.0,49.5,709.2,4.443,63.9151975,13.7705483,28.0,20.442817273378,0.0,0.558781585194444,0.558781585194444,0.880533498588053,113.567513513514,27.13938,0.0,,23.84999999999997
103.0,13.3,59.3,708.6,0.0,0.0,0.0,16.0,20.0,19.0,18.0,19.0,18.0,18.0,18.0,18.0,42.01998,18.0,26.0,1019.40638888889,3669863.0,0.0,0.0,4.92083333333333,3.93666666666667,3.690625,18.0,1572.7,1544.6,1175.6,1117.7,0.0,2832.0,0.0,0.0,706.0,2432.0,3.68,34.0,3.68,77.0,0.0,1019.40638888889,0.0,50.5,20.0,20.0,19.5,57.0,22.0,21.0,21.0,22.0,23.0,16.0,16.0,37.0,9.22000000000003,86.0,20.0,13.814,711.4,33.07,14.017,24.0,4.2,3.0,0.0,0.0,0.0,14.0,63.0,0.0,20.0,1.0,0.0,825.6,0.0,0.0,0.6,9.0,0.0,29.0,0.0,20.0,20.0,350.0,825.6,-50.0,0.0,0.0,0.0,0.0,400.0,0.0,0.0,0.0,0.0,0.0,0.0,49.5,709.2,4.443,66.893675,13.7705483,40.5625,20.442817273378,0.0,0.558781585194444,0.558781585194444,0.880533498588053,113.567513513514,27.13938,0.0,,23.84999999999997
104.0,13.3,70.8,706.7,0.0,0.0,0.0,16.0,20.0,19.0,18.0,19.0,18.0,18.0,18.0,18.0,50.03436,18.0,26.0,1019.40694444444,3669865.0,0.0,0.0,4.90763888888889,3.92611111111111,3.68072916666667,18.0,1572.7,1544.6,1175.6,1117.7,0.0,3606.0,0.0,0.0,705.0,2432.0,3.68,11.0,3.66,78.0,0.0,1019.40694444444,0.0,50.5,20.0,20.0,19.5,57.0,22.0,21.0,21.0,22.0,23.0,16.0,16.0,47.0,9.22000000000003,86.0,20.0,13.814,711.4,33.07,14.017,24.0,4.2,3.0,0.0,0.0,0.0,14.0,63.0,0.0,20.0,1.0,0.0,825.6,0.0,0.0,0.6,9.0,0.0,29.0,0.0,20.0,20.0,350.0,825.6,-50.0,0.0,0.0,0.0,0.0,400.0,0.0,0.0,0.0,0.0,0.0,0.0,49.5,706.8,4.443,66.893675,13.7705483,40.5625,21.0368440283403,0.0,0.588174851222222,0.588174851222222,0.939354475604365,106.456085106383,41.90731,0.0,,23.84999999999997
105.0,13.3,70.8,706.7,0.0,0.0,0.0,16.0,20.0,19.0,18.0,19.0,18.0,18.0,18.0,18.0,50.03436,18.0,26.0,1019.40694444444,3669865.0,0.0,0.0,4.90763888888889,3.92611111111111,3.68072916666667,18.0,1572.7,1544.6,1175.6,1117.7,0.0,3606.0,0.0,0.0,705.0,2432.0,3.68,11.0,3.66,78.0,0.0,1019.40694444444,0.0,50.5,20.0,20.0,19.5,57.0,22.0,21.0,21.0,22.0,23.0,16.0,16.0,47.0,9.13999999999999,86.0,20.0,13.814,710.1,32.82,14.008,24.0,0.2,3.0,0.0,0.0,0.0,14.0,63.0,0.0,20.0,1.0,0.0,825.6,0.0,0.0,0.6,9.0,0.0,29.0,0.0,20.0,20.0,350.0,825.6,-50.0,0.0,0.0,0.0,0.0,400.0,0.0,0.0,0.0,0.0,0.0,0.0,49.5,706.8,4.443,63.08513,13.7793377,48.875,21.0368440283403,0.0,0.588174851222222,0.588174851222222,0.939354475604365,106.456085106383,41.90731,0.0,,23.68000000000001
106.0,13.3,57.7,707.5,0.0,0.0,0.0,16.0,20.0,19.0,18.0,19.0,18.0,18.0,18.0,18.0,40.82275,18.0,26.0,1019.40777777778,3669868.0,0.0,0.0,4.91319444444444,3.93055555555556,3.68489583333333,18.0,1572.7,1544.7,1175.6,1117.8,0.0,4125.0,0.0,0.0,706.0,2417.0,3.68,11.0,3.68,73.0,0.0,1019.40777777778,0.0,50.5,20.0,20.0,19.5,57.0,22.0,21.0,21.0,22.0,23.0,16.0,16.0,47.0,9.13999999999999,86.0,20.0,13.814,710.1,32.82,14.008,24.0,0.2,3.0,0.0,0.0,0.0,14.0,63.0,0.0,20.0,1.0,0.0,825.6,0.0,0.0,0.6,9.0,0.0,29.0,0.0,20.0,20.0,350.0,825.6,-50.0,0.0,0.0,0.0,0.0,400.0,0.0,0.0,0.0,0.0,0.0,0.0,49.5,707.3,4.442,63.08513,13.7793377,48.875,21.0368440283403,0.0,0.588174851222222,0.588174851222222,0.939354475604365,106.456085106383,50.091,0.0,,23.68000000000001
107.0,13.3,57.7,707.5,0.0,0.0,0.0,16.0,20.0,19.0,18.0,19.0,18.0,18.0,18.0,18.0,40.82275,18.0,26.0,1019.40777777778,3669868.0,0.0,0.0,4.91319444444444,3.93055555555556,3.68489583333333,18.0,1572.7,1544.7,1175.6,1117.8,0.0,4125.0,0.0,0.0,706.0,2417.0,3.68,11.0,3.68,73.0,0.0,1019.40777777778,0.0,50.5,20.0,20.0,19.5,57.0,22.0,21.0,21.0,22.0,23.0,16.0,16.0,53.0,8.79000000000002,86.0,20.0,13.799,710.5,32.18,13.996,24.0,4.3,3.0,0.0,0.0,0.0,14.0,63.0,0.0,20.0,1.0,0.0,825.6,0.0,0.0,0.6,9.0,0.0,29.0,0.0,20.0,20.0,350.0,825.6,-50.0,0.0,0.0,0.0,0.0,400.0,0.0,0.0,0.0,0.0,0.0,0.0,49.5,707.3,4.442,60.1066525,13.760294,53.890625,21.7718467143188,0.0,0.623052259416667,0.623052259416667,1.29829568071725,77.0240566037736,50.091,0.0,0.102147225378775,23.38999999999998
108.0,13.3,57.7,707.5,0.0,0.0,0.0,16.0,20.0,19.0,18.0,19.0,18.0,18.0,18.0,18.0,40.82275,18.0,26.0,1019.40777777778,3669868.0,0.0,0.0,4.91319444444444,3.93055555555556,3.68489583333333,18.0,1572.7,1544.7,1175.6,1117.8,0.0,4125.0,0.0,0.0,706.0,2417.0,3.68,11.0,3.68,73.0,0.0,1019.40777777778,0.0,50.5,20.0,20.0,19.5,57.0,22.0,21.0,21.0,22.0,23.0,16.0,16.0,53.0,8.79000000000002,86.0,20.0,13.799,710.5,32.18,13.996,24.0,4.3,3.0,0.0,0.0,0.0,14.0,63.0,0.0,20.0,1.0,0.0,825.6,0.0,0.0,0.6,9.0,0.0,29.0,0.0,20.0,20.0,350.0,825.6,-50.0,0.0,0.0,0.0,0.0,400.0,0.0,0.0,0.0,0.0,0.0,0.0,49.5,707.1,4.442,60.1066525,13.760294,53.890625,21.7718467143188,0.0,0.623052259416667,0.623052259416667,1.29829568071725,77.0240566037736,50.091,0.0,0.102147225378775,23.38999999999998
109.0,13.3,60.0,706.9,0.0,0.0,0.0,16.0,20.0,19.0,18.0,19.0,18.0,18.0,18.0,18.0,42.414,18.0,26.0,1019.40833333333,3669870.0,0.0,0.0,4.90902777777778,3.92722222222222,3.68177083333333,18.0,1572.7,1544.7,1175.6,1117.8,0.0,4415.0,0.0,0.0,705.0,2417.0,3.68,9.0,3.66,73.0,0.0,1019.40833333333,0.0,50.5,20.0,20.0,19.5,57.0,22.0,20.5,21.0,22.0,23.0,16.0,16.0,56.0,8.76999999999998,86.0,20.0,13.799,710.7,32.91,13.998,24.0,4.3,3.0,0.0,0.0,0.0,14.0,63.0,0.0,20.0,1.0,0.0,825.6,0.0,0.0,0.6,9.0,0.0,29.0,0.0,20.0,20.0,350.0,825.6,-50.0,0.0,0.0,0.0,0.0,400.0,0.0,0.0,0.0,0.0,0.0,0.0,49.5,707.1,4.442,60.1066525,13.760294,53.890625,22.5506186080175,0.0,0.66036348675,0.66036348675,1.3203187626727,75.7392857142857,40.78813,0.0,0.0886103616218757,24.140000000000015
110.0,13.3,60.0,706.9,0.0,0.0,0.0,16.0,20.0,19.0,18.0,19.0,18.0,18.0,18.0,18.0,42.414,18.0,26.0,1019.40833333333,3669870.0,0.0,0.0,4.90902777777778,3.92722222222222,3.68177083333333,18.0,1572.7,1544.7,1175.6,1117.8,0.0,4415.0,0.0,0.0,705.0,2417.0,3.68,9.0,3.66,73.0,0.0,1019.40833333333,0.0,50.5,20.0,20.0,19.5,57.0,22.0,20.5,21.0,22.0,23.0,16.0,16.0,56.0,8.76999999999998,86.0,20.0,13.799,710.7,32.91,13.998,24.0,15.0,3.0,0.0,0.0,0.0,14.0,63.0,0.0,20.0,1.0,0.0,825.6,0.0,0.0,0.6,9.0,0.0,29.0,0.0,20.0,20.0,350.0,825.6,-50.0,0.0,0.0,0.0,0.0,400.0,0.0,0.0,0.0,0.0,0.0,0.0,49.5,707.1,4.442,54.784455,13.760294,56.703125,22.5506186080175,0.0,0.66036348675,0.66036348675,1.3203187626727,75.7392857142857,40.78813,0.0,0.0886103616218757,24.140000000000015
111.0,13.3,40.7,708.6,0.0,0.0,0.0,16.0,20.0,19.0,18.0,19.0,18.0,18.0,18.0,18.0,28.84002,18.0,26.0,1019.40888888889,3669872.0,0.0,0.0,4.92083333333333,3.93666666666667,3.690625,18.0,1572.7,1544.7,1175.6,1117.8,0.0,4475.0,0.0,0.0,707.0,2417.0,3.68,34.0,3.68,77.0,0.0,1019.40888888889,0.0,50.5,20.0,20.0,19.5,57.0,22.0,21.0,21.0,22.0,23.0,16.0,16.0,56.0,8.76999999999998,86.0,20.0,13.799,710.7,32.91,13.998,24.0,15.0,3.0,0.0,0.0,0.0,14.0,63.0,0.0,20.0,1.0,0.0,825.6,0.0,0.0,0.6,9.0,0.0,29.0,0.0,20.0,20.0,350.0,825.6,-50.0,0.0,0.0,0.0,0.0,400.0,0.0,0.0,0.0,0.0,0.0,0.0,49.5,708.3,4.443,54.784455,13.760294,56.703125,23.2587446982354,0.0,0.695830761638889,0.695830761638889,1.94174622625088,51.5000357142857,28.84002,0.0,0.0578757240600609,24.140000000000015
112.0,13.3,40.7,708.6,0.0,0.0,0.0,16.0,20.0,19.0,18.0,19.0,18.0,18.0,18.0,18.0,28.84002,18.0,26.0,1019.40888888889,3669872.0,0.0,0.0,4.92083333333333,3.93666666666667,3.690625,18.0,1572.7,1544.7,1175.6,1117.8,0.0,4475.0,0.0,0.0,707.0,2417.0,3.68,34.0,3.68,77.0,0.0,1019.40888888889,0.0,50.5,20.0,20.0,19.5,57.0,22.0,21.0,21.0,22.0,23.0,16.0,16.0,56.0,8.73000000000002,86.0,20.0,13.8,712.0,31.91,13.977,24.0,23.3,3.0,0.0,0.0,0.0,14.0,63.0,0.0,20.0,1.0,0.0,825.6,0.0,0.0,0.6,9.0,0.0,29.0,0.0,20.0,20.0,350.0,825.6,-50.0,0.0,0.0,0.0,0.0,400.0,0.0,0.0,0.0,0.0,0.0,0.0,49.5,708.3,4.443,49.1692925,13.760294,52.0,23.2587446982354,0.0,0.695830761638889,0.695830761638889,1.94174622625088,51.5000357142857,28.84002,0.0,0.0578757240600609,23.17999999999998
113.0,13.3,40.0,708.6,0.0,0.0,0.0,16.0,20.0,19.0,18.0,19.0,18.0,18.0,18.0,18.0,28.344,18.0,26.0,1019.40972222222,3669875.0,0.0,0.0,4.92083333333333,3.93666666666667,3.690625,18.0,1572.7,1544.8,1175.6,1117.9,0.0,4323.0,0.0,0.0,707.0,2426.0,3.68,24.0,3.68,78.0,0.0,1019.40972222222,0.0,50.5,20.0,20.0,19.5,57.0,22.0,21.0,21.0,22.0,23.0,16.0,16.0,56.0,8.73000000000002,86.0,20.0,13.8,712.0,31.91,13.977,24.0,23.3,3.0,0.0,0.0,0.0,14.0,63.0,0.0,20.0,1.0,0.0,825.6,0.0,0.0,0.6,9.0,0.0,29.0,0.0,20.0,20.0,350.0,825.6,-50.0,0.0,0.0,0.0,0.0,400.0,0.0,0.0,0.0,0.0,0.0,0.0,49.5,709.1,4.443,49.1692925,13.760294,52.0,23.2587446982354,0.0,0.695830761638889,0.695830761638889,1.94174622625088,51.5000357142857,28.84002,0.0,0.0578757240600609,23.17999999999998
114.0,13.3,40.0,708.6,0.0,0.0,0.0,16.0,20.0,19.0,18.0,19.0,18.0,18.0,18.0,18.0,28.344,18.0,26.0,1019.40972222222,3669875.0,0.0,0.0,4.92083333333333,3.93666666666667,3.690625,18.0,1572.7,1544.8,1175.6,1117.9,0.0,4323.0,0.0,0.0,707.0,2426.0,3.68,24.0,3.68,78.0,0.0,1019.40972222222,0.0,50.5,20.0,20.0,19.5,57.0,22.0,20.5,21.0,22.0,23.0,16.0,16.0,55.0,8.67000000000002,86.0,20.0,13.8,712.0,31.77,13.991,24.0,2.8,3.0,0.0,0.0,0.0,14.0,63.0,0.0,20.0,1.0,0.0,825.6,0.0,0.0,0.6,9.0,0.0,29.0,0.0,20.0,20.0,350.0,825.6,-50.0,0.0,0.0,0.0,0.0,400.0,0.0,0.0,0.0,0.0,0.0,0.0,49.5,709.1,4.443,50.97591,13.760294,52.0,23.9509967077092,0.0,0.732516443027778,0.732516443027778,1.94044594976009,51.5345454545455,28.84002,0.0,0.0578757240600609,23.09999999999998
115.0,13.3,40.0,708.6,0.0,0.0,0.0,16.0,20.0,19.0,18.0,19.0,18.0,18.0,18.0,18.0,28.344,18.0,26.0,1019.40972222222,3669875.0,0.0,0.0,4.92083333333333,3.93666666666667,3.690625,18.0,1572.7,1544.8,1175.6,1117.9,0.0,4323.0,0.0,0.0,707.0,2426.0,3.68,24.0,3.68,78.0,0.0,1019.40972222222,0.0,50.5,20.0,20.0,19.5,57.0,22.0,20.5,21.0,22.0,23.0,16.0,16.0,55.0,8.67000000000002,86.0,20.0,13.8,712.0,31.77,13.991,24.0,2.8,3.0,0.0,0.0,0.0,14.0,63.0,0.0,20.0,1.0,0.0,825.6,0.0,0.0,0.6,9.0,0.0,29.0,0.0,20.0,20.0,350.0,825.6,-50.0,0.0,0.0,0.0,0.0,400.0,0.0,0.0,0.0,0.0,0.0,0.0,49.5,708.6,4.443,50.97591,13.760294,52.0,23.9509967077092,0.0,0.732516443027778,0.732516443027778,1.94044594976009,51.5345454545455,28.84002,0.0,0.0578757240600609,23.09999999999998
116.0,13.3,38.7,708.6,0.0,0.0,0.0,16.0,20.0,19.0,18.0,19.0,18.0,18.0,18.0,18.0,27.42282,18.0,26.0,1019.41027777778,3669877.0,0.0,0.0,4.92083333333333,3.93666666666667,3.690625,18.0,1572.7,1544.8,1175.6,1117.9,0.0,4238.0,0.0,0.0,707.0,2426.0,3.68,9.0,3.68,77.0,0.0,1019.41027777778,0.0,50.5,20.0,20.0,19.5,57.0,22.0,20.5,21.0,22.0,23.0,16.0,16.0,53.0,8.63,86.0,20.0,13.8,712.9,31.81,13.984,24.0,2.2,3.0,0.0,0.0,0.0,14.0,63.0,0.0,20.0,1.0,0.0,825.6,0.0,0.0,0.6,9.0,0.0,29.0,0.0,20.0,20.0,350.0,825.6,-50.0,0.0,0.0,0.0,0.0,400.0,0.0,0.0,0.0,0.0,0.0,0.0,49.5,708.6,4.443,50.97591,13.760294,52.0,24.5324867165592,0.0,0.765626706083333,0.765626706083333,1.93269692905398,51.7411698113208,28.344,0.0,0.0,23.18
117.0,13.3,38.7,708.6,0.0,0.0,0.0,16.0,20.0,19.0,18.0,19.0,18.0,18.0,18.0,18.0,27.42282,18.0,26.0,1019.41027777778,3669877.0,0.0,0.0,4.92083333333333,3.93666666666667,3.690625,18.0,1572.7,1544.8,1175.6,1117.9,0.0,4238.0,0.0,0.0,707.0,2426.0,3.68,9.0,3.68,77.0,0.0,1019.41027777778,0.0,50.5,20.0,20.0,19.5,57.0,22.0,20.5,21.0,22.0,23.0,16.0,16.0,53.0,8.63,86.0,20.0,13.8,712.9,31.81,13.984,24.0,2.2,3.0,0.0,0.0,0.0,14.0,63.0,0.0,20.0,1.0,0.0,825.6,0.0,0.0,0.6,9.0,0.0,29.0,0.0,20.0,20.0,350.0,825.6,-50.0,0.0,0.0,0.0,0.0,400.0,0.0,0.0,0.0,0.0,0.0,0.0,49.5,708.6,4.443,40.4779975,13.7705483,52.375,24.5324867165592,0.0,0.765626706083333,0.765626706083333,1.93269692905398,51.7411698113208,28.344,0.0,0.0,23.18
118.0,13.4,-20.7,714.5,0.0,0.0,0.0,16.0,20.0,19.0,18.0,19.0,18.0,18.0,18.0,18.0,-14.79015,18.0,26.0,1019.41083333333,3669879.0,0.0,0.0,4.96180555555556,3.96944444444444,3.72135416666667,18.0,1572.7,1544.8,1175.6,1117.9,0.0,3728.0,0.0,0.0,713.0,2426.0,3.72,9.0,3.7,77.0,0.0,1019.41083333333,0.0,50.0,20.0,20.0,19.5,57.0,22.0,20.5,21.0,22.0,23.0,16.0,16.0,45.0,8.63,86.0,20.0,13.8,712.9,31.81,13.984,24.0,2.2,3.0,0.0,0.0,0.0,14.0,63.0,0.0,20.0,1.0,0.0,825.6,0.0,0.0,0.6,9.0,0.0,29.0,0.0,20.0,20.0,350.0,825.6,-50.0,0.0,0.0,0.0,0.0,400.0,0.0,0.0,0.0,0.0,0.0,0.0,49.5,712.6,4.443,40.4779975,13.7705483,52.375,24.9499870942086,0.0,0.794870262333333,0.794870262333333,-3.0425654912222,-32.867,-14.79015,0.0,-0.0336126926980722,23.18
119.0,13.4,-20.7,714.5,0.0,0.0,0.0,16.0,20.0,19.0,18.0,19.0,18.0,18.0,18.0,18.0,-14.79015,18.0,26.0,1019.41083333333,3669879.0,0.0,0.0,4.96180555555556,3.96944444444444,3.72135416666667,18.0,1572.7,1544.8,1175.6,1117.9,0.0,3728.0,0.0,0.0,713.0,2426.0,3.72,9.0,3.7,77.0,0.0,1019.41083333333,0.0,50.0,20.0,20.0,19.5,57.0,22.0,20.5,21.0,22.0,23.0,16.0,16.0,45.0,7.99000000000001,86.0,20.0,13.776,720.1,36.98,13.978,24.0,-5.1,3.0,0.0,0.0,0.0,14.0,63.0,0.0,20.0,1.0,0.0,825.6,0.0,0.0,0.6,9.0,0.0,29.0,0.0,20.0,20.0,350.0,825.6,-50.0,0.0,0.0,0.0,0.0,400.0,0.0,0.0,0.0,0.0,0.0,0.0,49.5,712.6,4.443,14.5994225,13.7515046,41.234375,24.9499870942086,0.0,0.794870262333333,0.794870262333333,-3.0425654912222,-32.867,-14.79015,0.0,-0.0336126926980722,28.989999999999988
120.0,13.3,-37.0,716.8,0.0,0.0,0.0,16.0,20.0,19.0,18.0,19.0,18.0,18.0,18.0,18.0,-26.5216,18.0,26.0,1019.41166666667,3669882.0,0.0,0.0,4.97777777777778,3.98222222222222,3.73333333333333,18.0,1572.7,1544.8,1175.6,1117.9,0.0,2545.0,0.0,0.0,715.0,2426.0,3.72,6.0,3.72,78.0,0.0,1019.41166666667,0.0,50.5,20.0,20.0,19.5,57.0,22.0,20.5,21.0,22.0,23.0,16.0,16.0,45.0,7.99000000000001,86.0,20.0,13.776,720.1,36.98,13.978,24.0,-5.1,3.0,0.0,0.0,0.0,14.0,63.0,0.0,20.0,1.0,0.0,825.6,0.0,0.0,0.6,9.0,0.0,29.0,0.0,20.0,20.0,350.0,825.6,-50.0,0.0,0.0,0.0,0.0,400.0,0.0,0.0,0.0,0.0,0.0,0.0,49.5,716.0,4.443,14.5994225,13.7515046,41.234375,24.9499870942086,0.0,0.794870262333333,0.794870262333333,-3.0425654912222,-32.867,-14.83776,0.0,-0.0336126926980722,28.989999999999988
121.0,13.3,-37.0,716.8,0.0,0.0,0.0,16.0,20.0,19.0,18.0,19.0,18.0,18.0,18.0,18.0,-26.5216,18.0,26.0,1019.41166666667,3669882.0,0.0,0.0,4.97777777777778,3.98222222222222,3.73333333333333,18.0,1572.7,1544.8,1175.6,1117.9,0.0,2545.0,0.0,0.0,715.0,2426.0,3.72,6.0,3.72,78.0,0.0,1019.41166666667,0.0,50.5,20.0,20.0,19.0,57.0,22.0,20.5,21.0,22.0,23.0,16.0,16.0,29.0,8.42000000000002,86.0,20.0,13.793,719.5,36.88,13.997,25.0,-16.0,3.0,0.0,0.0,0.0,14.0,63.0,0.0,20.0,1.0,0.0,825.6,0.0,0.0,0.6,9.0,0.0,29.0,0.0,20.0,20.0,350.0,825.6,-50.0,0.0,0.0,0.0,0.0,400.0,0.0,0.0,0.0,0.0,0.0,0.0,49.5,716.0,4.443,13.769355,13.760294,24.53125,25.0279437682083,0.0,0.813002844222222,0.813002844222222,-1.09344835907336,-91.4537931034483,-14.83776,0.0,-0.0827623559853145,28.459999999999983
122.0,13.3,-37.0,716.8,0.0,0.0,0.0,16.0,20.0,19.0,18.0,19.0,18.0,18.0,18.0,18.0,-26.5216,18.0,26.0,1019.41166666667,3669882.0,0.0,0.0,4.97777777777778,3.98222222222222,3.73333333333333,18.0,1572.7,1544.8,1175.6,1117.9,0.0,2545.0,0.0,0.0,715.0,2426.0,3.72,6.0,3.72,78.0,0.0,1019.41166666667,0.0,50.5,20.0,20.0,19.0,57.0,22.0,20.5,21.0,22.0,23.0,16.0,16.0,29.0,8.42000000000002,86.0,20.0,13.793,719.5,36.88,13.997,25.0,-16.0,3.0,0.0,0.0,0.0,14.0,63.0,0.0,20.0,1.0,0.0,825.6,0.0,0.0,0.6,9.0,0.0,29.0,0.0,20.0,20.0,350.0,825.6,-50.0,0.0,0.0,0.0,0.0,400.0,0.0,0.0,0.0,0.0,0.0,0.0,49.5,714.8,4.443,13.769355,13.760294,24.53125,25.0279437682083,0.0,0.813002844222222,0.813002844222222,-1.09344835907336,-91.4537931034483,-14.83776,0.0,-0.0827623559853145,28.459999999999983
123.0,13.3,-9.4,714.4,0.0,0.0,0.0,16.0,20.0,19.0,18.0,19.0,18.0,18.0,18.0,18.0,-6.71536,18.0,26.0,1019.41222222222,3669884.0,0.0,0.0,4.96111111111111,3.96888888888889,3.72083333333333,18.0,1572.7,1544.8,1175.7,1117.9,0.0,1372.0,0.0,0.0,713.0,2421.0,3.72,9.0,3.7,77.0,0.0,1019.41222222222,0.0,50.5,20.0,20.0,19.0,57.0,22.0,20.5,21.0,22.0,23.0,16.0,16.0,15.0,8.38999999999999,86.0,20.0,13.793,718.2,37.45,13.999,24.0,0.2,3.0,0.0,0.0,0.0,14.0,63.0,0.0,20.0,1.0,0.0,825.6,0.0,0.0,0.6,9.0,0.0,29.0,0.0,20.0,20.0,350.0,825.6,-50.0,0.0,0.0,0.0,0.0,400.0,0.0,0.0,0.0,0.0,0.0,0.0,49.5,714.8,4.443,13.769355,13.760294,24.53125,24.8353749102953,0.0,0.822542927972222,0.822542927972222,-2.23368516356532,-44.7690666666667,-6.71536,0.0,-0.124112965367054,29.060000000000013
124.0,13.3,-9.4,714.4,0.0,0.0,0.0,16.0,20.0,19.0,18.0,19.0,18.0,18.0,18.0,18.0,-6.71536,18.0,26.0,1019.41222222222,3669884.0,0.0,0.0,4.96111111111111,3.96888888888889,3.72083333333333,18.0,1572.7,1544.8,1175.7,1117.9,0.0,1372.0,0.0,0.0,713.0,2421.0,3.72,9.0,3.7,77.0,0.0,1019.41222222222,0.0,50.5,20.0,20.0,19.0,57.0,22.0,20.5,21.0,22.0,23.0,16.0,16.0,15.0,8.38999999999999,86.0,20.0,13.793,718.2,37.45,13.999,24.0,0.2,3.0,0.0,0.0,0.0,14.0,63.0,0.0,20.0,1.0,0.0,825.6,0.0,0.0,0.6,9.0,0.0,29.0,0.0,20.0,20.0,350.0,825.6,-50.0,0.0,0.0,0.0,0.0,400.0,0.0,0.0,0.0,0.0,0.0,0.0,49.5,714.0,4.443,0.0,13.760294,8.0,24.8353749102953,0.0,0.822542927972222,0.822542927972222,-2.23368516356532,-44.7690666666667,-6.71536,0.0,-0.124112965367054,29.060000000000013
125.0,13.3,-0.3,713.7,0.0,0.0,0.0,16.0,20.0,19.0,18.0,19.0,18.0,18.0,18.0,18.0,-0.21411,18.0,26.0,1019.41277777778,3669886.0,0.0,0.0,4.95625,3.965,3.7171875,18.0,1572.7,1544.8,1175.7,1117.9,0.0,303.0,0.0,0.0,712.0,2421.0,3.7,9.0,3.7,40.0,0.0,1019.41277777778,0.0,50.5,20.0,20.0,19.5,57.0,22.0,20.5,21.0,22.0,23.0,16.0,16.0,2.0,8.38999999999999,86.0,20.0,13.793,718.2,37.45,13.999,24.0,0.2,3.0,0.0,0.0,0.0,14.0,63.0,0.0,20.0,1.0,0.0,825.6,0.0,0.0,0.6,9.0,0.0,29.0,0.0,20.0,20.0,350.0,825.6,-50.0,0.0,0.0,0.0,0.0,400.0,0.0,0.0,0.0,0.0,0.0,0.0,49.5,714.0,4.443,0.0,13.760294,8.0,24.4034470029428,0.0,0.823819998027778,0.823819998027778,-9.34099294755032,-10.7055,-0.21411,0.0,-0.157384844638017,29.060000000000013
126.0,13.3,-0.3,713.7,0.0,0.0,0.0,16.0,20.0,19.0,18.0,19.0,18.0,18.0,18.0,18.0,-0.21411,18.0,26.0,1019.41277777778,3669886.0,0.0,0.0,4.95625,3.965,3.7171875,18.0,1572.7,1544.8,1175.7,1117.9,0.0,303.0,0.0,0.0,712.0,2421.0,3.7,9.0,3.7,40.0,0.0,1019.41277777778,0.0,50.5,20.0,20.0,19.5,57.0,22.0,20.5,21.0,22.0,23.0,16.0,16.0,2.0,8.36000000000001,86.0,20.0,13.795,716.7,36.87,14.007,24.0,-15.3,3.0,0.0,0.0,0.0,14.0,63.0,0.0,20.0,1.0,0.0,825.6,0.0,0.0,0.6,9.0,0.0,29.0,0.0,20.0,20.0,350.0,825.6,-50.0,0.0,0.0,0.0,0.0,400.0,0.0,0.0,0.0,0.0,0.0,0.0,49.5,714.0,4.443,0.0,13.7612706,0.90625,24.4034470029428,0.0,0.823819998027778,0.823819998027778,-9.34099294755032,-10.7055,-0.21411,0.0,-0.157384844638017,28.509999999999987
127.0,13.3,1.3,713.5,0.0,0.0,0.0,16.0,20.0,19.0,18.0,19.0,18.0,18.0,18.0,18.0,0.92755,18.0,26.0,1019.41361111111,3669889.0,0.0,0.0,4.95486111111111,3.96388888888889,3.71614583333333,18.0,1572.7,1544.8,1175.7,1117.9,0.0,6.0,0.0,0.0,712.0,2421.0,3.7,19.0,3.7,77.0,0.0,1019.41361111111,0.0,50.5,20.0,20.0,19.5,57.0,22.0,20.5,21.0,22.0,23.0,16.0,16.0,2.0,8.36000000000001,86.0,20.0,13.795,716.7,36.87,14.007,24.0,-15.3,3.0,0.0,0.0,0.0,14.0,63.0,0.0,20.0,1.0,0.0,825.6,0.0,0.0,0.6,9.0,0.0,29.0,0.0,20.0,20.0,350.0,825.6,-50.0,0.0,0.0,0.0,0.0,400.0,0.0,0.0,0.0,0.0,0.0,0.0,49.5,713.4,4.441,0.0,13.7612706,0.90625,24.4034470029428,0.0,0.823819998027778,0.823819998027778,-9.34099294755032,-10.7055,-0.21405,0.0,-0.157384844638017,28.509999999999987
128.0,13.3,1.3,713.5,0.0,0.0,0.0,16.0,20.0,19.0,18.0,19.0,18.0,18.0,18.0,18.0,0.92755,18.0,26.0,1019.41361111111,3669889.0,0.0,0.0,4.95486111111111,3.96388888888889,3.71614583333333,18.0,1572.7,1544.8,1175.7,1117.9,0.0,6.0,0.0,0.0,712.0,2421.0,3.7,19.0,3.7,77.0,0.0,1019.41361111111,0.0,50.5,20.0,20.0,19.5,57.0,22.0,20.5,21.0,22.0,23.0,15.5,15.5,0.0,8.31,86.0,20.0,13.796,716.7,36.46,14.002,25.0,-9.0,3.0,0.0,0.0,0.0,14.0,63.0,0.0,20.0,1.0,0.0,825.6,0.0,0.0,0.6,9.0,0.0,29.0,0.0,20.0,20.0,350.0,825.6,-50.0,0.0,0.0,0.0,0.0,400.0,0.0,0.0,0.0,0.0,0.0,0.0,49.5,713.4,4.441,0.0,13.760294,0.109375,23.9361461618495,0.0,0.823819998027778,0.823819998027778,0.0,-10.7055,-0.21405,0.0,-0.138370287366123,28.15
129.0,13.3,1.2,713.5,0.0,0.0,0.0,16.0,20.0,19.0,18.0,19.0,18.0,18.0,18.0,18.0,0.8562,18.0,26.0,1019.41416666667,3669891.0,0.0,0.0,4.95486111111111,3.96388888888889,3.71614583333333,18.0,1572.7,1544.8,1175.7,1117.9,0.0,0.0,0.0,0.0,712.0,2421.0,3.7,9.0,3.7,78.0,0.0,1019.41416666667,0.0,50.5,20.0,20.0,19.5,57.0,22.0,20.5,21.0,22.0,23.0,15.5,15.5,0.0,8.31,86.0,20.0,13.796,716.7,36.46,14.002,25.0,-9.0,3.0,0.0,0.0,0.0,14.0,63.0,0.0,20.0,1.0,0.0,825.6,0.0,0.0,0.6,9.0,0.0,29.0,0.0,20.0,20.0,350.0,825.6,-50.0,0.0,0.0,0.0,0.0,400.0,0.0,0.0,0.0,0.0,0.0,0.0,49.5,713.5,4.442,0.0,13.760294,0.109375,23.9361461618495,0.0,0.823819998027778,0.823819998027778,0.0,-10.7055,0.8562,0.0,-0.138370287366123,28.15
130.0,13.3,1.2,713.5,0.0,0.0,0.0,16.0,20.0,19.0,18.0,19.0,18.0,18.0,18.0,18.0,0.8562,18.0,26.0,1019.41416666667,3669891.0,0.0,0.0,4.95486111111111,3.96388888888889,3.71614583333333,18.0,1572.7,1544.8,1175.7,1117.9,0.0,0.0,0.0,0.0,712.0,2421.0,3.7,9.0,3.7,78.0,0.0,1019.41416666667,0.0,50.5,20.0,20.0,19.5,57.0,22.0,20.5,21.0,22.0,23.0,15.5,15.5,0.0,8.25999999999999,86.0,20.0,13.795,716.7,37.05,14.004,25.0,-0.7,3.0,0.0,0.0,0.0,14.0,63.0,0.0,20.0,1.0,0.0,825.6,0.0,0.0,0.6,9.0,0.0,29.0,0.0,20.0,20.0,350.0,825.6,-50.0,0.0,0.0,0.0,0.0,400.0,0.0,0.0,0.0,0.0,0.0,0.0,49.5,713.5,4.442,0.0,13.760294,0.109375,23.5091738311211,0.0,0.823819998027778,0.823819998027778,0.0,,0.8562,0.0,-0.0891781102846792,28.790000000000006
131.0,13.3,1.2,713.5,0.0,0.0,0.0,16.0,20.0,19.0,18.0,19.0,18.0,18.0,18.0,18.0,0.8562,18.0,26.0,1019.41416666667,3669891.0,0.0,0.0,4.95486111111111,3.96388888888889,3.71614583333333,18.0,1572.7,1544.8,1175.7,1117.9,0.0,0.0,0.0,0.0,712.0,2421.0,3.7,9.0,3.7,78.0,0.0,1019.41416666667,0.0,50.5,20.0,20.0,19.5,57.0,22.0,20.5,21.0,22.0,23.0,15.5,15.5,0.0,8.25999999999999,86.0,20.0,13.795,716.7,37.05,14.004,25.0,-0.7,3.0,0.0,0.0,0.0,14.0,63.0,0.0,20.0,1.0,0.0,825.6,0.0,0.0,0.6,9.0,0.0,29.0,0.0,20.0,20.0,350.0,825.6,-50.0,0.0,0.0,0.0,0.0,400.0,0.0,0.0,0.0,0.0,0.0,0.0,49.5,713.5,4.442,0.0,13.760294,0.0,23.5091738311211,0.0,0.823819998027778,0.823819998027778,0.0,,0.8562,0.0,-0.0891781102846792,28.790000000000006
132.0,13.3,1.3,713.5,0.0,0.0,0.0,16.0,20.0,19.0,18.0,19.0,18.0,18.0,18.0,18.0,0.92755,18.0,26.0,1019.41472222222,3669893.0,0.0,0.0,4.95486111111111,3.96388888888889,3.71614583333333,18.0,1572.7,1544.8,1175.7,1117.9,0.0,0.0,0.0,0.0,712.0,2420.0,3.7,9.0,3.7,77.0,0.0,1019.41472222222,0.0,50.5,20.0,20.0,19.5,57.0,22.0,20.5,21.0,22.0,23.0,15.5,15.5,0.0,8.20999999999998,86.0,20.0,13.796,716.6,36.69,13.997,25.0,-0.7,3.0,0.0,0.0,0.0,14.0,63.0,0.0,20.0,1.0,0.0,825.6,0.0,0.0,0.6,9.0,0.0,29.0,0.0,20.0,20.0,350.0,825.6,-50.0,0.0,0.0,0.0,0.0,400.0,0.0,0.0,0.0,0.0,0.0,0.0,49.5,713.5,4.442,0.0,13.760294,0.0,23.0920688954969,0.0,0.823819998027778,0.823819998027778,0.0,,0.8562,0.0,-0.0461811490267033,28.480000000000018
133.0,13.3,1.3,713.5,0.0,0.0,0.0,16.0,20.0,19.0,18.0,19.0,18.0,18.0,18.0,18.0,0.92755,18.0,26.0,1019.41472222222,3669893.0,0.0,0.0,4.95486111111111,3.96388888888889,3.71614583333333,18.0,1572.7,1544.8,1175.7,1117.9,0.0,0.0,0.0,0.0,712.0,2420.0,3.7,9.0,3.7,77.0,0.0,1019.41472222222,0.0,50.5,20.0,20.0,19.5,57.0,22.0,20.5,21.0,22.0,23.0,15.5,15.5,0.0,8.20999999999998,86.0,20.0,13.796,716.6,36.69,13.997,25.0,-1.2,3.0,0.0,0.0,0.0,14.0,63.0,0.0,20.0,1.0,0.0,825.6,0.0,0.0,0.6,9.0,0.0,29.0,0.0,20.0,20.0,350.0,825.6,-50.0,0.0,0.0,0.0,0.0,400.0,0.0,0.0,0.0,0.0,0.0,0.0,49.5,713.5,4.442,0.0,13.760294,0.0,23.0920688954969,0.0,0.823819998027778,0.823819998027778,0.0,,0.8562,0.0,-0.0461811490267033,28.480000000000018
134.0,13.3,1.3,713.5,0.0,0.0,0.0,16.0,20.0,19.0,18.0,19.0,18.0,18.0,18.0,18.0,0.92755,18.0,26.0,1019.41527777778,3669895.0,0.0,0.0,4.95486111111111,3.96388888888889,3.71614583333333,18.0,1572.7,1544.8,1175.7,1117.9,0.0,0.0,0.0,0.0,712.0,2420.0,3.7,9.0,3.7,49.0,0.0,1019.41527777778,0.0,50.5,20.0,20.0,19.5,57.0,22.0,20.5,21.0,22.0,23.0,15.5,15.5,0.0,8.20999999999998,86.0,20.0,13.796,716.6,36.69,13.997,25.0,-1.2,3.0,0.0,0.0,0.0,14.0,63.0,0.0,20.0,1.0,0.0,825.6,0.0,0.0,0.6,9.0,0.0,29.0,0.0,20.0,20.0,350.0,825.6,-50.0,0.0,0.0,0.0,0.0,400.0,0.0,0.0,0.0,0.0,0.0,0.0,49.5,713.5,4.442,0.0,13.760294,0.0,22.698860595725,0.0,0.823819998027778,0.823819998027778,0.0,,0.92755,0.0,-0.006207387697431,28.480000000000018
135.0,13.3,1.3,713.5,0.0,0.0,0.0,16.0,20.0,19.0,18.0,19.0,18.0,18.0,18.0,18.0,0.92755,18.0,26.0,1019.41527777778,3669895.0,0.0,0.0,4.95486111111111,3.96388888888889,3.71614583333333,18.0,1572.7,1544.8,1175.7,1117.9,0.0,0.0,0.0,0.0,712.0,2420.0,3.7,9.0,3.7,49.0,0.0,1019.41527777778,0.0,50.5,20.0,20.0,19.5,57.0,22.0,20.5,21.0,22.0,23.0,15.5,15.5,0.0,8.18000000000001,86.0,20.0,13.796,716.8,36.94,14.001,25.0,-1.1,3.0,0.0,0.0,0.0,14.0,63.0,0.0,20.0,1.0,0.0,825.6,0.0,0.0,0.6,9.0,0.0,29.0,0.0,20.0,20.0,350.0,825.6,-50.0,0.0,0.0,0.0,0.0,400.0,0.0,0.0,0.0,0.0,0.0,0.0,49.5,713.5,4.442,0.0,13.760294,0.0,22.698860595725,0.0,0.823819998027778,0.823819998027778,0.0,,0.92755,0.0,-0.006207387697431,28.759999999999987
136.0,13.3,1.2,713.6,0.0,0.0,0.0,16.0,20.0,19.0,18.0,19.0,18.0,18.0,18.0,18.0,0.85632,18.0,26.0,1019.41611111111,3669898.0,0.0,0.0,4.95555555555556,3.96444444444444,3.71666666666667,18.0,1572.7,1544.8,1175.7,1117.9,0.0,0.0,0.0,0.0,712.0,2420.0,3.7,24.0,3.7,77.0,0.0,1019.41611111111,0.0,50.5,20.0,20.0,19.5,57.0,22.0,20.5,21.0,22.0,23.0,15.5,15.5,0.0,8.18000000000001,86.0,20.0,13.796,716.8,36.94,14.001,25.0,-1.1,3.0,0.0,0.0,0.0,14.0,63.0,0.0,20.0,1.0,0.0,825.6,0.0,0.0,0.6,9.0,0.0,29.0,0.0,20.0,20.0,350.0,825.6,-50.0,0.0,0.0,0.0,0.0,400.0,0.0,0.0,0.0,0.0,0.0,0.0,49.5,713.5,4.444,0.0,13.760294,0.0,22.698860595725,0.0,0.823819998027778,0.823819998027778,0.0,,0.92768,0.0,-0.006207387697431,28.759999999999987
137.0,13.3,1.2,713.6,0.0,0.0,0.0,16.0,20.0,19.0,18.0,19.0,18.0,18.0,18.0,18.0,0.85632,18.0,26.0,1019.41611111111,3669898.0,0.0,0.0,4.95555555555556,3.96444444444444,3.71666666666667,18.0,1572.7,1544.8,1175.7,1117.9,0.0,0.0,0.0,0.0,712.0,2420.0,3.7,24.0,3.7,77.0,0.0,1019.41611111111,0.0,50.5,20.0,20.0,19.5,57.0,22.0,20.5,21.0,22.0,23.0,15.5,15.5,0.0,8.11000000000001,86.0,20.0,13.796,716.9,36.33,14.01,25.0,-0.7,3.0,0.0,0.0,0.0,14.0,63.0,0.0,20.0,1.0,0.0,825.6,0.0,0.0,0.6,9.0,0.0,29.0,0.0,20.0,20.0,350.0,825.6,-50.0,0.0,0.0,0.0,0.0,400.0,0.0,0.0,0.0,0.0,0.0,0.0,49.5,713.5,4.444,0.0,13.760294,0.0,22.3152891706567,0.0,0.823819998027778,0.823819998027778,0.0,,0.92768,0.0,0.0,28.219999999999988
138.0,13.3,1.2,713.6,0.0,0.0,0.0,16.0,20.0,19.0,18.0,19.0,18.0,18.0,18.0,18.0,0.85632,18.0,26.0,1019.41666666667,3669900.0,0.0,0.0,4.95555555555556,3.96444444444444,3.71666666666667,18.0,1572.7,1544.8,1175.7,1117.9,0.0,0.0,0.0,0.0,712.0,2420.0,3.7,14.0,3.7,77.0,0.0,1019.41666666667,0.0,50.5,20.0,20.0,19.5,57.0,22.0,20.5,21.0,22.0,23.0,15.5,15.5,0.0,8.11000000000001,86.0,20.0,13.796,716.9,36.33,14.01,25.0,-0.7,3.0,0.0,0.0,0.0,14.0,63.0,0.0,20.0,1.0,0.0,825.6,0.0,0.0,0.6,9.0,0.0,29.0,0.0,20.0,20.0,350.0,825.6,-50.0,0.0,0.0,0.0,0.0,400.0,0.0,0.0,0.0,0.0,0.0,0.0,49.5,713.6,4.442,0.0,13.760294,0.0,22.3152891706567,0.0,0.823819998027778,0.823819998027778,0.0,,0.85632,0.0,0.0,28.219999999999988
139.0,13.3,1.2,713.6,0.0,0.0,0.0,16.0,20.0,19.0,18.0,19.0,18.0,18.0,18.0,18.0,0.85632,18.0,26.0,1019.41666666667,3669900.0,0.0,0.0,4.95555555555556,3.96444444444444,3.71666666666667,18.0,1572.7,1544.8,1175.7,1117.9,0.0,0.0,0.0,0.0,712.0,2420.0,3.7,14.0,3.7,77.0,0.0,1019.41666666667,0.0,50.5,20.0,20.0,19.5,58.0,22.0,20.5,21.0,22.0,23.0,15.5,15.5,0.0,8.06,86.0,20.0,13.797,716.9,36.58,14.01,25.0,-1.0,3.0,0.0,0.0,0.0,14.0,63.0,0.0,20.0,1.0,0.0,825.6,0.0,0.0,0.6,9.0,0.0,29.0,0.0,20.0,20.0,350.0,825.6,-50.0,0.0,0.0,0.0,0.0,400.0,0.0,0.0,0.0,0.0,0.0,0.0,49.5,713.6,4.442,0.0,13.760294,0.0,21.9437728702035,0.0,0.823819998027778,0.823819998027778,0.0,,0.85632,0.0,0.0,28.519999999999996
140.0,13.3,1.2,713.6,0.0,0.0,0.0,16.0,20.0,19.0,18.0,19.0,18.0,18.0,18.0,18.0,0.85632,18.0,26.0,1019.41666666667,3669900.0,0.0,0.0,4.95555555555556,3.96444444444444,3.71666666666667,18.0,1572.7,1544.8,1175.7,1117.9,0.0,0.0,0.0,0.0,712.0,2420.0,3.7,14.0,3.7,77.0,0.0,1019.41666666667,0.0,50.5,20.0,20.0,19.5,58.0,22.0,20.5,21.0,22.0,23.0,15.5,15.5,0.0,8.06,86.0,20.0,13.797,716.9,36.58,14.01,25.0,-1.0,3.0,0.0,0.0,0.0,14.0,63.0,0.0,20.0,1.0,0.0,825.6,0.0,0.0,0.6,9.0,0.0,29.0,0.0,20.0,20.0,350.0,825.6,-50.0,0.0,0.0,0.0,0.0,400.0,0.0,0.0,0.0,0.0,0.0,0.0,49.5,713.6,4.443,0.0,13.7705483,0.0,21.9437728702035,0.0,0.823819998027778,0.823819998027778,0.0,,0.85632,0.0,0.0,28.519999999999996
141.0,13.3,1.3,713.7,0.0,0.0,0.0,16.0,20.0,19.0,18.0,19.0,18.0,18.0,18.0,18.0,0.92781,18.0,26.0,1019.41722222222,3669902.0,0.0,0.0,4.95625,3.965,3.7171875,18.0,1572.7,1544.8,1175.7,1117.9,0.0,0.0,0.0,0.0,712.0,2427.0,3.7,9.0,3.7,78.0,0.0,1019.41722222222,0.0,50.5,20.0,20.0,19.5,58.0,22.0,20.5,21.0,22.0,23.0,15.5,15.5,0.0,8.35000000000002,86.0,20.0,13.813,716.9,36.69,14.014,25.0,-1.0,3.0,0.0,0.0,0.0,14.0,63.0,0.0,20.0,1.0,0.0,825.6,0.0,0.0,0.6,9.0,0.0,29.0,0.0,20.0,20.0,350.0,825.6,-50.0,0.0,0.0,0.0,0.0,400.0,0.0,0.0,0.0,0.0,0.0,0.0,49.5,713.6,4.443,0.0,13.7705483,0.0,21.5845970685213,0.0,0.823819998027778,0.823819998027778,0.0,,0.85644,0.0,0.0,28.33999999999998
142.0,13.3,1.3,713.7,0.0,0.0,0.0,16.0,20.0,19.0,18.0,19.0,18.0,18.0,18.0,18.0,0.92781,18.0,26.0,1019.41722222222,3669902.0,0.0,0.0,4.95625,3.965,3.7171875,18.0,1572.7,1544.8,1175.7,1117.9,0.0,0.0,0.0,0.0,712.0,2427.0,3.7,9.0,3.7,78.0,0.0,1019.41722222222,0.0,50.5,20.0,20.0,19.5,58.0,22.0,20.5,21.0,22.0,23.0,15.5,15.5,0.0,8.35000000000002,86.0,20.0,13.813,716.9,36.69,14.014,25.0,-1.2,3.0,0.0,0.0,0.0,14.0,63.0,0.0,20.0,1.0,0.0,825.6,0.0,0.0,0.6,9.0,0.0,29.0,0.0,20.0,20.0,350.0,825.6,-50.0,0.0,0.0,0.0,0.0,400.0,0.0,0.0,0.0,0.0,0.0,0.0,49.5,713.6,4.443,0.0,13.760294,0.0,21.5845970685213,0.0,0.823819998027778,0.823819998027778,0.0,,0.85644,0.0,0.0,28.33999999999998
143.0,13.3,1.3,713.6,0.0,0.0,0.0,16.0,20.0,19.0,18.0,19.0,18.0,18.0,18.0,18.0,0.92768,18.0,26.0,1019.41777777778,3669904.0,0.0,0.0,4.95555555555556,3.96444444444444,3.71666666666667,18.0,1572.7,1544.8,1175.7,1117.9,0.0,0.0,0.0,0.0,712.0,2427.0,3.7,9.0,3.7,49.0,0.0,1019.41777777778,0.0,50.5,20.0,20.0,19.5,58.0,22.0,20.5,21.0,22.0,23.0,15.5,15.5,0.0,8.35000000000002,86.0,20.0,13.813,716.9,36.69,14.014,25.0,-1.2,3.0,0.0,0.0,0.0,14.0,63.0,0.0,20.0,1.0,0.0,825.6,0.0,0.0,0.6,9.0,0.0,29.0,0.0,20.0,20.0,350.0,825.6,-50.0,0.0,0.0,0.0,0.0,400.0,0.0,0.0,0.0,0.0,0.0,0.0,49.5,713.6,4.442,0.0,13.760294,0.0,21.2363384810911,0.0,0.823819998027778,0.823819998027778,0.0,,0.92768,0.0,0.0,28.33999999999998
144.0,13.3,1.3,713.6,0.0,0.0,0.0,16.0,20.0,19.0,18.0,19.0,18.0,18.0,18.0,18.0,0.92768,18.0,26.0,1019.41777777778,3669904.0,0.0,0.0,4.95555555555556,3.96444444444444,3.71666666666667,18.0,1572.7,1544.8,1175.7,1117.9,0.0,0.0,0.0,0.0,712.0,2427.0,3.7,9.0,3.7,49.0,0.0,1019.41777777778,0.0,50.5,20.0,20.0,19.5,58.0,22.0,20.5,21.0,22.0,23.0,15.5,15.5,0.0,8.26999999999998,86.0,20.0,13.82,716.4,32.06,14.009,25.0,9.3,3.0,0.0,0.0,0.0,14.0,63.0,0.0,20.0,1.0,0.0,825.6,0.0,0.0,0.6,9.0,0.0,29.0,0.0,20.0,20.0,350.0,825.6,-50.0,0.0,0.0,0.0,0.0,400.0,0.0,0.0,0.0,0.0,0.0,0.0,49.5,713.6,4.442,74.2178,13.7715249,0.0,21.2363384810911,0.0,0.823819998027778,0.823819998027778,0.0,,0.92768,0.0,0.0,23.79000000000002
145.0,13.3,28.5,711.0,0.0,0.0,0.0,16.0,20.0,19.0,18.0,19.0,18.0,18.0,18.0,18.0,20.2635,18.0,26.0,1019.41861111111,3669907.0,0.0,0.0,4.9375,3.95,3.703125,18.0,1572.7,1544.8,1175.7,1117.9,0.0,860.0,0.0,0.0,709.0,2427.0,3.7,24.0,3.7,78.0,0.0,1019.41861111111,0.0,50.5,20.0,20.0,19.5,58.0,22.0,20.5,21.0,22.0,23.0,15.5,15.5,0.0,8.26999999999998,86.0,20.0,13.82,716.4,32.06,14.009,25.0,9.3,3.0,0.0,0.0,0.0,14.0,63.0,0.0,20.0,1.0,0.0,825.6,0.0,0.0,0.6,9.0,0.0,29.0,0.0,20.0,20.0,350.0,825.6,-50.0,0.0,0.0,0.0,0.0,400.0,0.0,0.0,0.0,0.0,0.0,0.0,49.5,711.6,4.443,74.2178,13.7715249,0.0,21.2363384810911,0.0,0.823819998027778,0.823819998027778,0.0,,20.2635,0.0,0.0,23.79000000000002
146.0,13.3,28.5,711.0,0.0,0.0,0.0,16.0,20.0,19.0,18.0,19.0,18.0,18.0,18.0,18.0,20.2635,18.0,26.0,1019.41861111111,3669907.0,0.0,0.0,4.9375,3.95,3.703125,18.0,1572.7,1544.8,1175.7,1117.9,0.0,860.0,0.0,0.0,709.0,2427.0,3.7,24.0,3.7,78.0,0.0,1019.41861111111,0.0,50.5,20.0,20.0,19.5,58.0,22.0,20.5,21.0,22.0,23.0,15.5,15.5,13.0,8.04000000000002,86.0,20.0,13.812,712.9,33.5,14.011,25.0,-8.9,3.0,0.0,0.0,0.0,14.0,63.0,0.0,20.0,1.0,0.0,825.6,0.0,0.0,0.6,9.0,0.0,29.0,0.0,20.0,20.0,350.0,825.6,-50.0,0.0,0.0,0.0,0.0,400.0,0.0,0.0,0.0,0.0,0.0,0.0,49.5,711.6,4.443,78.0751725,13.7705483,16.984375,21.1058127584976,0.0,0.831940725361111,0.831940725361111,0.641547610235152,155.873076923077,20.2635,0.0,0.0409094843609907,25.45999999999998
147.0,13.3,50.3,708.4,0.0,0.0,0.0,16.0,20.0,19.0,18.0,19.0,18.0,18.0,18.0,18.0,35.63252,18.0,26.0,1019.41916666667,3669909.0,0.0,0.0,4.91944444444444,3.93555555555556,3.68958333333333,18.0,1572.7,1544.9,1175.7,1117.9,0.0,1838.0,0.0,0.0,706.0,2427.0,3.68,34.0,3.68,77.0,0.0,1019.41916666667,0.0,50.5,20.0,20.0,19.5,58.0,22.0,20.5,21.0,22.0,23.0,15.5,15.5,13.0,8.04000000000002,86.0,20.0,13.812,712.9,33.5,14.011,25.0,-8.9,3.0,0.0,0.0,0.0,14.0,63.0,0.0,20.0,1.0,0.0,825.6,0.0,0.0,0.6,9.0,0.0,29.0,0.0,20.0,20.0,350.0,825.6,-50.0,0.0,0.0,0.0,0.0,400.0,0.0,0.0,0.0,0.0,0.0,0.0,49.5,708.8,4.442,78.0751725,13.7705483,16.984375,21.1058127584976,0.0,0.831940725361111,0.831940725361111,0.641547610235152,155.873076923077,20.1894,0.0,0.0409094843609907,25.45999999999998
148.0,13.3,50.3,708.4,0.0,0.0,0.0,16.0,20.0,19.0,18.0,19.0,18.0,18.0,18.0,18.0,35.63252,18.0,26.0,1019.41916666667,3669909.0,0.0,0.0,4.91944444444444,3.93555555555556,3.68958333333333,18.0,1572.7,1544.9,1175.7,1117.9,0.0,1838.0,0.0,0.0,706.0,2427.0,3.68,34.0,3.68,77.0,0.0,1019.41916666667,0.0,50.5,20.0,20.0,19.5,58.0,22.0,20.5,21.0,22.0,23.0,15.5,15.5,25.0,8.0,86.0,20.0,13.812,711.4,33.39,14.006,25.0,-1.3,3.0,0.0,0.0,0.0,14.0,63.0,0.0,20.0,1.0,0.0,825.6,0.0,0.0,0.6,9.0,0.0,29.0,0.0,20.0,20.0,350.0,825.6,-50.0,0.0,0.0,0.0,0.0,400.0,0.0,0.0,0.0,0.0,0.0,0.0,49.5,708.8,4.442,78.0751725,13.7705483,16.984375,21.1665670856817,0.0,0.847558460777778,0.847558460777778,0.701606285494262,142.53008,20.1894,0.0,0.0786811570002761,25.39
149.0,13.3,50.3,708.4,0.0,0.0,0.0,16.0,20.0,19.0,18.0,19.0,18.0,18.0,18.0,18.0,35.63252,18.0,26.0,1019.41916666667,3669909.0,0.0,0.0,4.91944444444444,3.93555555555556,3.68958333333333,18.0,1572.7,1544.9,1175.7,1117.9,0.0,1838.0,0.0,0.0,706.0,2427.0,3.68,34.0,3.68,77.0,0.0,1019.41916666667,0.0,50.5,20.0,20.0,19.5,58.0,22.0,20.5,21.0,22.0,23.0,15.5,15.5,25.0,8.0,86.0,20.0,13.812,711.4,33.39,14.006,25.0,-1.3,3.0,0.0,0.0,0.0,14.0,63.0,0.0,20.0,1.0,0.0,825.6,0.0,0.0,0.6,9.0,0.0,29.0,0.0,20.0,20.0,350.0,825.6,-50.0,0.0,0.0,0.0,0.0,400.0,0.0,0.0,0.0,0.0,0.0,0.0,49.5,707.3,4.443,70.409255,13.7705483,24.0,21.1665670856817,0.0,0.847558460777778,0.847558460777778,0.701606285494262,142.53008,20.1894,0.0,0.0786811570002761,25.39
150.0,13.3,60.6,706.9,0.0,0.0,0.0,16.0,20.0,19.0,18.0,19.0,18.0,18.0,18.0,18.0,42.83814,18.0,26.0,1019.41972222222,3669911.0,0.0,0.0,4.90902777777778,3.92722222222222,3.68177083333333,18.0,1572.7,1544.9,1175.7,1117.9,0.0,2566.0,0.0,0.0,705.0,2420.0,3.68,9.0,3.66,78.0,0.0,1019.41972222222,0.0,50.0,20.0,20.0,19.5,58.0,22.0,20.5,21.0,22.0,23.0,15.5,15.5,34.0,8.06,86.0,20.0,13.82,710.1,31.25,13.994,25.0,-1.3,3.0,0.0,0.0,0.0,14.0,63.0,0.0,20.0,1.0,0.0,825.6,0.0,0.0,0.6,9.0,0.0,29.0,0.0,20.0,20.0,350.0,825.6,-50.0,0.0,0.0,0.0,0.0,400.0,0.0,0.0,0.0,0.0,0.0,0.0,49.5,707.3,4.443,70.409255,13.7705483,24.0,21.3663522660797,0.0,0.869087932277778,0.869087932277778,0.79368525337468,125.994529411765,42.83814,0.0,0.10664302477585,23.189999999999998
151.0,13.3,60.6,706.9,0.0,0.0,0.0,16.0,20.0,19.0,18.0,19.0,18.0,18.0,18.0,18.0,42.83814,18.0,26.0,1019.41972222222,3669911.0,0.0,0.0,4.90902777777778,3.92722222222222,3.68177083333333,18.0,1572.7,1544.9,1175.7,1117.9,0.0,2566.0,0.0,0.0,705.0,2420.0,3.68,9.0,3.66,78.0,0.0,1019.41972222222,0.0,50.0,20.0,20.0,19.5,58.0,22.0,20.5,21.0,22.0,23.0,15.5,15.5,34.0,8.06,86.0,20.0,13.82,710.1,31.25,13.994,25.0,-8.1,3.0,0.0,0.0,0.0,14.0,63.0,0.0,20.0,1.0,0.0,825.6,0.0,0.0,0.6,9.0,0.0,29.0,0.0,20.0,20.0,350.0,825.6,-50.0,0.0,0.0,0.0,0.0,400.0,0.0,0.0,0.0,0.0,0.0,0.0,49.5,707.3,4.443,66.4054,13.7803143,32.0,21.3663522660797,0.0,0.869087932277778,0.869087932277778,0.79368525337468,125.994529411765,42.83814,0.0,0.10664302477585,23.189999999999998
152.0,13.3,58.9,706.5,0.0,0.0,0.0,16.0,20.0,19.0,18.0,19.0,18.0,18.0,18.0,18.0,41.61285,18.0,26.0,1019.42027777778,3669913.0,0.0,0.0,4.90625,3.925,3.6796875,18.0,1572.7,1544.9,1175.7,1118.0,0.0,3080.0,0.0,0.0,705.0,2420.0,3.68,11.0,3.66,73.0,0.0,1019.42027777778,0.0,50.0,20.0,20.0,19.0,58.0,21.5,20.5,21.0,21.5,23.0,15.5,15.5,39.0,8.06,86.0,20.0,13.82,710.1,31.25,13.994,25.0,-8.1,3.0,0.0,0.0,0.0,14.0,63.0,0.0,20.0,1.0,0.0,825.6,0.0,0.0,0.6,9.0,0.0,29.0,0.0,20.0,20.0,350.0,825.6,-50.0,0.0,0.0,0.0,0.0,400.0,0.0,0.0,0.0,0.0,0.0,0.0,49.5,706.3,4.442,66.4054,13.7803143,32.0,21.6298692469264,0.0,0.893153873527778,0.893153873527778,0.937210501083199,106.699615384615,42.8139,0.0,0.122760018967359,23.189999999999998
153.0,13.3,58.9,706.5,0.0,0.0,0.0,16.0,20.0,19.0,18.0,19.0,18.0,18.0,18.0,18.0,41.61285,18.0,26.0,1019.42027777778,3669913.0,0.0,0.0,4.90625,3.925,3.6796875,18.0,1572.7,1544.9,1175.7,1118.0,0.0,3080.0,0.0,0.0,705.0,2420.0,3.68,11.0,3.66,73.0,0.0,1019.42027777778,0.0,50.0,20.0,20.0,19.0,58.0,21.5,20.5,21.0,21.5,23.0,15.5,15.5,39.0,7.74000000000001,86.0,20.0,13.804,710.3,31.63,13.993,25.0,0.0,3.0,0.0,0.0,0.0,14.0,63.0,0.0,20.0,1.0,0.0,825.6,0.0,0.0,0.6,9.0,0.0,29.0,0.0,20.0,20.0,350.0,825.6,-50.0,0.0,0.0,0.0,0.0,400.0,0.0,0.0,0.0,0.0,0.0,0.0,49.5,706.3,4.442,60.1066525,13.7705483,40.78125,21.6298692469264,0.0,0.893153873527778,0.893153873527778,0.937210501083199,106.699615384615,42.8139,0.0,0.122760018967359,23.88999999999999
154.0,13.3,50.4,707.1,0.0,0.0,0.0,16.0,20.0,19.0,18.0,19.0,18.0,18.0,18.0,18.0,35.63784,18.0,26.0,1019.42111111111,3669916.0,0.0,0.0,4.91041666666667,3.92833333333333,3.6828125,18.0,1572.7,1545.0,1175.7,1118.0,0.0,3386.0,0.0,0.0,705.0,2420.0,3.68,11.0,3.68,73.0,0.0,1019.42111111111,0.0,50.0,20.0,20.0,19.0,58.0,21.5,20.5,21.0,21.5,23.0,15.5,15.5,39.0,7.74000000000001,86.0,20.0,13.804,710.3,31.63,13.993,25.0,0.0,3.0,0.0,0.0,0.0,14.0,63.0,0.0,20.0,1.0,0.0,825.6,0.0,0.0,0.6,9.0,0.0,29.0,0.0,20.0,20.0,350.0,825.6,-50.0,0.0,0.0,0.0,0.0,400.0,0.0,0.0,0.0,0.0,0.0,0.0,49.5,706.9,4.442,60.1066525,13.7705483,40.78125,21.6298692469264,0.0,0.893153873527778,0.893153873527778,0.937210501083199,106.699615384615,41.64819,0.0,0.122760018967359,23.88999999999999
155.0,13.3,50.4,707.1,0.0,0.0,0.0,16.0,20.0,19.0,18.0,19.0,18.0,18.0,18.0,18.0,35.63784,18.0,26.0,1019.42111111111,3669916.0,0.0,0.0,4.91041666666667,3.92833333333333,3.6828125,18.0,1572.7,1545.0,1175.7,1118.0,0.0,3386.0,0.0,0.0,705.0,2420.0,3.68,11.0,3.68,73.0,0.0,1019.42111111111,0.0,50.0,20.0,20.0,19.0,58.0,21.5,20.5,21.0,21.5,23.0,15.5,15.5,43.0,7.74000000000001,86.0,20.0,13.805,711.4,31.23,13.987,24.0,-0.2,3.0,0.0,0.0,0.0,14.0,63.0,0.0,20.0,1.0,0.0,825.6,0.0,0.0,0.6,9.0,0.0,29.0,0.0,20.0,20.0,350.0,825.6,-50.0,0.0,0.0,0.0,0.0,400.0,0.0,0.0,0.0,0.0,0.0,0.0,49.5,706.9,4.442,45.1654375,13.7705483,40.0,21.9530426380716,0.0,0.92041776075,0.92041776075,1.20658266606506,82.8786976744186,41.64819,0.0,0.0940783672589393,23.48999999999999
156.0,13.3,1.4,712.0,0.0,0.0,0.0,16.0,20.0,19.0,18.0,19.0,18.0,18.0,18.0,18.0,0.9968,18.0,26.0,1019.42166666667,3669918.0,0.0,0.0,4.94444444444444,3.95555555555556,3.70833333333333,18.0,1572.7,1545.0,1175.7,1118.0,0.0,3275.0,0.0,0.0,710.0,2420.0,3.7,9.0,3.7,77.0,0.0,1019.42166666667,0.0,50.0,20.0,20.0,19.0,58.0,21.5,20.5,21.0,21.5,23.0,15.5,15.5,43.0,7.74000000000001,86.0,20.0,13.805,711.4,31.23,13.987,24.0,-0.2,3.0,0.0,0.0,0.0,14.0,63.0,0.0,20.0,1.0,0.0,825.6,0.0,0.0,0.6,9.0,0.0,29.0,0.0,20.0,20.0,350.0,825.6,-50.0,0.0,0.0,0.0,0.0,400.0,0.0,0.0,0.0,0.0,0.0,0.0,49.5,711.0,4.442,45.1654375,13.7705483,40.0,21.9530426380716,0.0,0.92041776075,0.92041776075,1.20658266606506,82.8786976744186,35.8848,0.0,0.0940783672589393,23.48999999999999
157.0,13.3,1.4,712.0,0.0,0.0,0.0,16.0,20.0,19.0,18.0,19.0,18.0,18.0,18.0,18.0,0.9968,18.0,26.0,1019.42166666667,3669918.0,0.0,0.0,4.94444444444444,3.95555555555556,3.70833333333333,18.0,1572.7,1545.0,1175.7,1118.0,0.0,3275.0,0.0,0.0,710.0,2420.0,3.7,9.0,3.7,77.0,0.0,1019.42166666667,0.0,50.0,20.0,20.0,19.0,58.0,21.5,20.5,21.0,21.5,23.0,15.5,15.5,40.0,7.69999999999999,86.0,20.0,13.806,716.7,31.16,13.98,24.0,-6.2,3.0,0.0,0.0,0.0,14.0,63.0,0.0,20.0,1.0,0.0,825.6,0.0,0.0,0.6,9.0,0.0,29.0,0.0,20.0,20.0,350.0,825.6,-50.0,0.0,0.0,0.0,0.0,400.0,0.0,0.0,0.0,0.0,0.0,0.0,49.5,711.0,4.442,45.1654375,13.7705483,40.0,22.2175317025111,0.0,0.945361736305556,0.945361736305556,40.1284109149278,2.492,35.8848,0.0,0.0940783672589393,23.460000000000008
158.0,13.3,1.4,712.0,0.0,0.0,0.0,16.0,20.0,19.0,18.0,19.0,18.0,18.0,18.0,18.0,0.9968,18.0,26.0,1019.42166666667,3669918.0,0.0,0.0,4.94444444444444,3.95555555555556,3.70833333333333,18.0,1572.7,1545.0,1175.7,1118.0,0.0,3275.0,0.0,0.0,710.0,2420.0,3.7,9.0,3.7,77.0,0.0,1019.42166666667,0.0,50.0,20.0,20.0,19.0,58.0,21.5,20.5,21.0,21.5,23.0,15.5,15.5,40.0,7.69999999999999,86.0,20.0,13.806,716.7,31.16,13.98,24.0,-6.2,3.0,0.0,0.0,0.0,14.0,63.0,0.0,20.0,1.0,0.0,825.6,0.0,0.0,0.6,9.0,0.0,29.0,0.0,20.0,20.0,350.0,825.6,-50.0,0.0,0.0,0.0,0.0,400.0,0.0,0.0,0.0,0.0,0.0,0.0,49.5,714.4,4.443,23.24189,13.7612706,36.0,22.2175317025111,0.0,0.945361736305556,0.945361736305556,40.1284109149278,2.492,35.8848,0.0,0.0940783672589393,23.460000000000008
159.0,13.3,-19.8,714.6,0.0,0.0,0.0,16.0,20.0,19.0,18.0,19.0,18.0,18.0,18.0,18.0,-14.14908,18.0,26.0,1019.42222222222,3669920.0,0.0,0.0,4.9625,3.97,3.721875,18.0,1572.7,1545.0,1175.7,1118.0,0.0,2510.0,0.0,0.0,713.0,2414.0,3.72,9.0,3.72,40.0,0.0,1019.42222222222,0.0,50.0,20.0,20.0,19.0,58.0,21.5,20.5,21.0,21.5,23.0,15.5,15.5,30.0,7.69999999999999,86.0,20.0,13.806,716.7,31.16,13.98,24.0,-6.2,3.0,0.0,0.0,0.0,14.0,63.0,0.0,20.0,1.0,0.0,825.6,0.0,0.0,0.6,9.0,0.0,29.0,0.0,20.0,20.0,350.0,825.6,-50.0,0.0,0.0,0.0,0.0,400.0,0.0,0.0,0.0,0.0,0.0,0.0,49.5,714.4,4.443,23.24189,13.7612706,36.0,22.3360387582608,0.0,0.965100147138889,0.965100147138889,-2.12027919836484,-47.1636,-14.14908,0.0,0.0940783672589393,23.460000000000008
160.0,13.3,-19.8,714.6,0.0,0.0,0.0,16.0,20.0,19.0,18.0,19.0,18.0,18.0,18.0,18.0,-14.14908,18.0,26.0,1019.42222222222,3669920.0,0.0,0.0,4.9625,3.97,3.721875,18.0,1572.7,1545.0,1175.7,1118.0,0.0,2510.0,0.0,0.0,713.0,2414.0,3.72,9.0,3.72,40.0,0.0,1019.42222222222,0.0,50.0,20.0,20.0,19.0,58.0,21.5,20.5,21.0,21.5,23.0,15.5,15.5,30.0,7.63,86.0,20.0,13.806,717.7,30.94,13.983,24.0,0.8,3.0,0.0,0.0,0.0,14.0,63.0,0.0,20.0,1.0,0.0,825.6,0.0,0.0,0.6,9.0,0.0,29.0,0.0,20.0,20.0,350.0,825.6,-50.0,0.0,0.0,0.0,0.0,400.0,0.0,0.0,0.0,0.0,0.0,0.0,49.5,714.4,4.443,13.9158375,13.740762,24.0,22.3360387582608,0.0,0.965100147138889,0.965100147138889,-2.12027919836484,-47.1636,-14.14908,0.0,,23.310000000000002
161.0,13.3,-14.1,714.4,0.0,0.0,0.0,16.0,20.0,19.0,18.0,19.0,18.0,18.0,18.0,18.0,-10.07304,18.0,26.0,1019.42305555556,3669923.0,0.0,0.0,4.96111111111111,3.96888888888889,3.72083333333333,18.0,1572.7,1545.0,1175.7,1118.0,0.0,1574.0,0.0,0.0,713.0,2414.0,3.72,24.0,3.7,78.0,0.0,1019.42305555556,0.0,50.0,20.0,20.0,19.0,58.0,21.5,20.5,21.0,21.5,23.0,15.5,15.5,30.0,7.63,86.0,20.0,13.806,717.7,30.94,13.983,24.0,0.8,3.0,0.0,0.0,0.0,14.0,63.0,0.0,20.0,1.0,0.0,825.6,0.0,0.0,0.6,9.0,0.0,29.0,0.0,20.0,20.0,350.0,825.6,-50.0,0.0,0.0,0.0,0.0,400.0,0.0,0.0,0.0,0.0,0.0,0.0,49.5,714.6,4.443,13.9158375,13.740762,24.0,22.3360387582608,0.0,0.965100147138889,0.965100147138889,-2.12027919836484,-47.1636,-14.14512,0.0,,23.310000000000002
162.0,13.3,-14.1,714.4,0.0,0.0,0.0,16.0,20.0,19.0,18.0,19.0,18.0,18.0,18.0,18.0,-10.07304,18.0,26.0,1019.42305555556,3669923.0,0.0,0.0,4.96111111111111,3.96888888888889,3.72083333333333,18.0,1572.7,1545.0,1175.7,1118.0,0.0,1574.0,0.0,0.0,713.0,2414.0,3.72,24.0,3.7,78.0,0.0,1019.42305555556,0.0,50.0,20.0,20.0,19.0,59.0,21.5,20.5,21.0,21.5,23.0,15.5,15.5,18.0,7.34000000000003,86.0,20.0,13.781,717.6,35.6,13.976,24.0,0.5,3.0,0.0,0.0,0.0,14.0,63.0,0.0,20.0,1.0,0.0,825.6,0.0,0.0,0.6,9.0,0.0,29.0,0.0,20.0,20.0,350.0,825.6,-50.0,0.0,0.0,0.0,0.0,400.0,0.0,0.0,0.0,0.0,0.0,0.0,49.5,714.6,4.443,17.089625,13.740762,13.890625,22.2716684813254,0.0,0.976819975638889,0.976819975638889,-1.78694813085226,-55.9613333333333,-14.14512,0.0,-0.0643776190525131,28.25999999999997
163.0,13.3,-14.1,714.4,0.0,0.0,0.0,16.0,20.0,19.0,18.0,19.0,18.0,18.0,18.0,18.0,-10.07304,18.0,26.0,1019.42305555556,3669923.0,0.0,0.0,4.96111111111111,3.96888888888889,3.72083333333333,18.0,1572.7,1545.0,1175.7,1118.0,0.0,1574.0,0.0,0.0,713.0,2414.0,3.72,24.0,3.7,78.0,0.0,1019.42305555556,0.0,50.0,20.0,20.0,19.0,59.0,21.5,20.5,21.0,21.5,23.0,15.5,15.5,18.0,7.34000000000003,86.0,20.0,13.781,717.6,35.6,13.976,24.0,0.5,3.0,0.0,0.0,0.0,14.0,63.0,0.0,20.0,1.0,0.0,825.6,0.0,0.0,0.6,9.0,0.0,29.0,0.0,20.0,20.0,350.0,825.6,-50.0,0.0,0.0,0.0,0.0,400.0,0.0,0.0,0.0,0.0,0.0,0.0,49.5,713.4,4.442,17.089625,13.740762,13.890625,22.2716684813254,0.0,0.976819975638889,0.976819975638889,-1.78694813085226,-55.9613333333333,-14.14512,0.0,-0.0643776190525131,28.25999999999997
164.0,13.3,3.7,712.9,0.0,0.0,0.0,16.0,20.0,19.0,18.0,19.0,18.0,18.0,18.0,18.0,2.63773,18.0,26.0,1019.42361111111,3669925.0,0.0,0.0,4.95069444444444,3.96055555555556,3.71302083333333,18.0,1572.7,1545.0,1175.7,1118.0,0.0,859.0,0.0,0.0,711.0,2414.0,3.7,9.0,3.7,77.0,0.0,1019.42361111111,0.0,50.0,20.0,20.0,19.0,59.0,21.5,20.5,21.0,21.5,23.0,15.5,15.5,11.0,7.55000000000001,86.0,20.0,13.808,715.1,30.61,13.991,24.0,8.0,3.0,0.0,0.0,0.0,14.0,63.0,0.0,20.0,1.0,0.0,825.6,0.0,0.0,0.6,9.0,0.0,29.0,0.0,20.0,20.0,350.0,825.6,-50.0,0.0,0.0,0.0,0.0,400.0,0.0,0.0,0.0,0.0,0.0,0.0,49.5,713.4,4.442,17.089625,13.740762,13.890625,22.0925927988047,0.0,0.984608546416667,0.984608546416667,4.17025245191889,23.9793636363636,-10.05189,0.0,-0.0953459164101563,23.059999999999988
165.0,13.3,3.7,712.9,0.0,0.0,0.0,16.0,20.0,19.0,18.0,19.0,18.0,18.0,18.0,18.0,2.63773,18.0,26.0,1019.42361111111,3669925.0,0.0,0.0,4.95069444444444,3.96055555555556,3.71302083333333,18.0,1572.7,1545.0,1175.7,1118.0,0.0,859.0,0.0,0.0,711.0,2414.0,3.7,9.0,3.7,77.0,0.0,1019.42361111111,0.0,50.0,20.0,20.0,19.0,59.0,21.5,20.5,21.0,21.5,23.0,15.5,15.5,11.0,7.55000000000001,86.0,20.0,13.808,715.1,30.61,13.991,24.0,8.0,3.0,0.0,0.0,0.0,14.0,63.0,0.0,20.0,1.0,0.0,825.6,0.0,0.0,0.6,9.0,0.0,29.0,0.0,20.0,20.0,350.0,825.6,-50.0,0.0,0.0,0.0,0.0,400.0,0.0,0.0,0.0,0.0,0.0,0.0,49.5,709.7,4.442,66.2589175,13.7705483,13.0,22.0925927988047,0.0,0.984608546416667,0.984608546416667,4.17025245191889,23.9793636363636,-10.05189,0.0,-0.0953459164101563,23.059999999999988
166.0,13.3,39.2,709.2,0.0,0.0,0.0,16.0,20.0,19.0,18.0,19.0,18.0,18.0,18.0,18.0,27.80064,18.0,26.0,1019.42416666667,3669927.0,0.0,0.0,4.925,3.94,3.69375,18.0,1572.7,1545.0,1175.7,1118.0,0.0,1550.0,0.0,0.0,707.0,2414.0,3.68,34.0,3.68,78.0,0.0,1019.42416666667,0.0,50.0,20.0,20.0,19.0,59.0,21.5,20.5,21.0,21.5,23.0,15.5,15.5,21.0,7.55000000000001,86.0,20.0,13.808,715.1,30.61,13.991,24.0,8.0,3.0,0.0,0.0,0.0,14.0,63.0,0.0,20.0,1.0,0.0,825.6,0.0,0.0,0.6,9.0,0.0,29.0,0.0,20.0,20.0,350.0,825.6,-50.0,0.0,0.0,0.0,0.0,400.0,0.0,0.0,0.0,0.0,0.0,0.0,49.5,709.7,4.442,66.2589175,13.7705483,13.0,22.0780737476777,0.0,0.997213438833333,0.997213438833333,0.755378293449359,132.384,27.80064,0.0,-0.0953459164101563,23.059999999999988
167.0,13.3,39.2,709.2,0.0,0.0,0.0,16.0,20.0,19.0,18.0,19.0,18.0,18.0,18.0,18.0,27.80064,18.0,26.0,1019.42416666667,3669927.0,0.0,0.0,4.925,3.94,3.69375,18.0,1572.7,1545.0,1175.7,1118.0,0.0,1550.0,0.0,0.0,707.0,2414.0,3.68,34.0,3.68,78.0,0.0,1019.42416666667,0.0,50.0,20.0,20.0,19.0,59.0,21.5,20.5,21.0,21.5,23.0,15.5,15.5,21.0,7.49000000000001,86.0,20.0,13.8,712.0,31.35,13.981,24.0,9.4,3.0,0.0,0.0,0.0,14.0,63.0,0.0,20.0,1.0,0.0,825.6,0.0,0.0,0.6,9.0,0.0,29.0,0.0,20.0,20.0,350.0,825.6,-50.0,0.0,0.0,0.0,0.0,400.0,0.0,0.0,0.0,0.0,0.0,0.0,49.5,709.7,4.442,64.1105075,13.7705483,24.578125,22.0780737476777,0.0,0.997213438833333,0.997213438833333,0.755378293449359,132.384,27.80064,0.0,-0.0953459164101563,23.859999999999992
168.0,13.3,39.8,708.7,0.0,0.0,0.0,16.0,20.0,19.0,18.0,19.0,18.0,18.0,18.0,18.0,28.20626,18.0,26.0,1019.425,3669930.0,0.0,0.0,4.92152777777778,3.93722222222222,3.69114583333333,18.0,1572.7,1545.0,1175.7,1118.0,0.0,2310.0,0.0,0.0,707.0,2427.0,3.68,9.0,3.68,77.0,0.0,1019.425,0.0,50.0,20.0,20.0,19.0,59.0,21.5,20.5,21.0,21.5,23.0,15.5,15.5,21.0,7.49000000000001,86.0,20.0,13.8,712.0,31.35,13.981,24.0,9.4,3.0,0.0,0.0,0.0,14.0,63.0,0.0,20.0,1.0,0.0,825.6,0.0,0.0,0.6,9.0,0.0,29.0,0.0,20.0,20.0,350.0,825.6,-50.0,0.0,0.0,0.0,0.0,400.0,0.0,0.0,0.0,0.0,0.0,0.0,49.0,708.9,4.442,64.1105075,13.7705483,24.578125,22.0780737476777,0.0,0.997213438833333,0.997213438833333,0.755378293449359,132.384,27.78104,0.0,-0.0953459164101563,23.859999999999992
169.0,13.3,39.8,708.7,0.0,0.0,0.0,16.0,20.0,19.0,18.0,19.0,18.0,18.0,18.0,18.0,28.20626,18.0,26.0,1019.425,3669930.0,0.0,0.0,4.92152777777778,3.93722222222222,3.69114583333333,18.0,1572.7,1545.0,1175.7,1118.0,0.0,2310.0,0.0,0.0,707.0,2427.0,3.68,9.0,3.68,77.0,0.0,1019.425,0.0,50.0,20.0,20.0,19.0,59.0,21.5,20.5,21.0,21.5,23.0,15.5,15.5,30.0,7.43000000000001,86.0,20.0,13.808,711.4,31.07,13.98,24.0,5.2,3.0,0.0,0.0,0.0,14.0,63.0,0.0,20.0,1.0,0.0,825.6,0.0,0.0,0.6,9.0,0.0,29.0,0.0,20.0,20.0,350.0,825.6,-50.0,0.0,0.0,0.0,0.0,400.0,0.0,0.0,0.0,0.0,0.0,0.0,49.0,708.9,4.442,61.91327,13.7705483,32.96875,22.1933778362518,0.0,1.01722729966667,1.01722729966667,1.06359368452251,94.0208666666667,27.78104,0.0,,23.63999999999999
170.0,13.3,39.8,708.7,0.0,0.0,0.0,16.0,20.0,19.0,18.0,19.0,18.0,18.0,18.0,18.0,28.20626,18.0,26.0,1019.425,3669930.0,0.0,0.0,4.92152777777778,3.93722222222222,3.69114583333333,18.0,1572.7,1545.0,1175.7,1118.0,0.0,2310.0,0.0,0.0,707.0,2427.0,3.68,9.0,3.68,77.0,0.0,1019.425,0.0,50.0,20.0,20.0,19.0,59.0,21.5,20.5,21.0,21.5,23.0,15.5,15.5,30.0,7.43000000000001,86.0,20.0,13.808,711.4,31.07,13.98,24.0,5.2,3.0,0.0,0.0,0.0,14.0,63.0,0.0,20.0,1.0,0.0,825.6,0.0,0.0,0.6,9.0,0.0,29.0,0.0,20.0,20.0,350.0,825.6,-50.0,0.0,0.0,0.0,0.0,400.0,0.0,0.0,0.0,0.0,0.0,0.0,49.0,707.6,4.443,61.91327,13.7705483,32.96875,22.1933778362518,0.0,1.01722729966667,1.01722729966667,1.06359368452251,94.0208666666667,27.78104,0.0,,23.63999999999999
171.0,13.3,47.6,707.6,0.0,0.0,0.0,16.0,20.0,19.0,18.0,19.0,18.0,18.0,18.0,18.0,33.68176,18.0,26.0,1019.42555555556,3669932.0,0.0,0.0,4.91388888888889,3.93111111111111,3.68541666666667,18.0,1572.7,1545.0,1175.7,1118.0,0.0,2953.0,0.0,0.0,706.0,2427.0,3.68,9.0,3.68,73.0,0.0,1019.42555555556,0.0,50.0,20.0,20.0,19.0,59.0,21.5,20.5,21.0,21.5,23.0,15.5,15.5,38.0,7.37,86.0,20.0,13.809,711.4,31.51,13.98,24.0,1.2,3.0,0.0,0.0,0.0,14.0,63.0,0.0,20.0,1.0,0.0,825.6,0.0,0.0,0.6,9.0,0.0,29.0,0.0,20.0,20.0,350.0,825.6,-50.0,0.0,0.0,0.0,0.0,400.0,0.0,0.0,0.0,0.0,0.0,0.0,49.0,707.6,4.443,61.91327,13.7705483,32.96875,22.408380438759,0.0,1.04124497588889,1.04124497588889,1.12820707706486,88.6362105263158,28.16248,0.0,,24.14
172.0,13.3,47.6,707.6,0.0,0.0,0.0,16.0,20.0,19.0,18.0,19.0,18.0,18.0,18.0,18.0,33.68176,18.0,26.0,1019.42555555556,3669932.0,0.0,0.0,4.91388888888889,3.93111111111111,3.68541666666667,18.0,1572.7,1545.0,1175.7,1118.0,0.0,2953.0,0.0,0.0,706.0,2427.0,3.68,9.0,3.68,73.0,0.0,1019.42555555556,0.0,50.0,20.0,20.0,19.0,59.0,21.5,20.5,21.0,21.5,23.0,15.5,15.5,38.0,7.37,86.0,20.0,13.809,711.4,31.51,13.98,24.0,1.2,3.0,0.0,0.0,0.0,14.0,63.0,0.0,20.0,1.0,0.0,825.6,0.0,0.0,0.6,9.0,0.0,29.0,0.0,20.0,20.0,350.0,825.6,-50.0,0.0,0.0,0.0,0.0,400.0,0.0,0.0,0.0,0.0,0.0,0.0,49.0,709.9,4.441,46.48378,13.7705483,40.328125,22.408380438759,0.0,1.04124497588889,1.04124497588889,1.12820707706486,88.6362105263158,28.16248,0.0,,24.14
173.0,13.3,12.3,710.9,0.0,0.0,0.0,16.0,20.0,19.0,18.0,19.0,18.0,18.0,18.0,18.0,8.74407,18.0,26.0,1019.42611111111,3669934.0,0.0,0.0,4.93680555555556,3.94944444444444,3.70260416666667,18.0,1572.7,1545.1,1175.7,1118.1,0.0,3238.0,0.0,0.0,709.0,2427.0,3.7,11.0,3.7,78.0,0.0,1019.42611111111,0.0,50.0,20.0,20.0,19.0,59.0,21.5,20.5,21.0,21.5,23.0,15.5,15.5,41.0,7.37,86.0,20.0,13.809,711.4,31.51,13.98,24.0,1.2,3.0,0.0,0.0,0.0,14.0,63.0,0.0,20.0,1.0,0.0,825.6,0.0,0.0,0.6,9.0,0.0,29.0,0.0,20.0,20.0,350.0,825.6,-50.0,0.0,0.0,0.0,0.0,400.0,0.0,0.0,0.0,0.0,0.0,0.0,49.0,709.9,4.441,46.48378,13.7705483,40.328125,22.6684385486596,0.0,1.06827191508333,1.06827191508333,4.6888920148169,21.327,33.83884,0.0,0.092255767507626,24.14
174.0,13.3,12.3,710.9,0.0,0.0,0.0,16.0,20.0,19.0,18.0,19.0,18.0,18.0,18.0,18.0,8.74407,18.0,26.0,1019.42611111111,3669934.0,0.0,0.0,4.93680555555556,3.94944444444444,3.70260416666667,18.0,1572.7,1545.1,1175.7,1118.1,0.0,3238.0,0.0,0.0,709.0,2427.0,3.7,11.0,3.7,78.0,0.0,1019.42611111111,0.0,50.0,20.0,20.0,19.0,59.0,21.5,20.5,21.0,21.5,23.0,15.5,15.5,41.0,7.31999999999999,86.0,20.0,13.808,713.0,31.13,13.989,24.0,-9.3,3.0,0.0,0.0,0.0,14.0,63.0,0.0,20.0,1.0,0.0,825.6,0.0,0.0,0.6,9.0,0.0,29.0,0.0,20.0,20.0,350.0,825.6,-50.0,0.0,0.0,0.0,0.0,400.0,0.0,0.0,0.0,0.0,0.0,0.0,49.0,709.9,4.441,43.16351,13.7705483,41.90625,22.6684385486596,0.0,1.06827191508333,1.06827191508333,4.6888920148169,21.327,33.83884,0.0,0.092255767507626,23.81000000000001
175.0,13.3,28.4,709.4,0.0,0.0,0.0,16.0,20.0,19.0,18.0,19.0,18.0,18.0,18.0,18.0,20.14696,18.0,26.0,1019.42694444444,3669937.0,0.0,0.0,4.92638888888889,3.94111111111111,3.69479166666667,18.0,1572.7,1545.1,1175.7,1118.1,0.0,3456.0,0.0,0.0,708.0,2427.0,3.68,11.0,3.68,78.0,0.0,1019.42694444444,0.0,50.0,20.0,20.0,19.0,59.0,21.5,20.5,21.0,21.5,23.0,15.5,15.5,41.0,7.31999999999999,86.0,20.0,13.808,713.0,31.13,13.989,24.0,-9.3,3.0,0.0,0.0,0.0,14.0,63.0,0.0,20.0,1.0,0.0,825.6,0.0,0.0,0.6,9.0,0.0,29.0,0.0,20.0,20.0,350.0,825.6,-50.0,0.0,0.0,0.0,0.0,400.0,0.0,0.0,0.0,0.0,0.0,0.0,49.0,710.0,4.443,43.16351,13.7705483,41.90625,22.6684385486596,0.0,1.06827191508333,1.06827191508333,4.6888920148169,21.327,20.14696,0.0,0.092255767507626,23.81000000000001
176.0,13.3,28.4,709.4,0.0,0.0,0.0,16.0,20.0,19.0,18.0,19.0,18.0,18.0,18.0,18.0,20.14696,18.0,26.0,1019.42694444444,3669937.0,0.0,0.0,4.92638888888889,3.94111111111111,3.69479166666667,18.0,1572.7,1545.1,1175.7,1118.1,0.0,3456.0,0.0,0.0,708.0,2427.0,3.68,11.0,3.68,78.0,0.0,1019.42694444444,0.0,50.0,20.0,20.0,19.0,59.0,21.5,20.5,21.0,21.5,23.0,15.5,15.5,44.0,7.26999999999998,86.0,20.0,13.81,712.3,30.81,13.982,24.0,-2.9,3.0,0.0,0.0,0.0,14.0,63.0,0.0,20.0,1.0,0.0,825.6,0.0,0.0,0.6,9.0,0.0,29.0,0.0,20.0,20.0,350.0,825.6,-50.0,0.0,0.0,0.0,0.0,400.0,0.0,0.0,0.0,0.0,0.0,0.0,49.0,710.0,4.443,46.972055,13.7705483,45.671875,22.9585780591745,0.0,1.09686394130556,1.09686394130556,2.18395231836466,45.7885454545455,20.14696,0.0,0.0693851138642182,23.54000000000002
177.0,13.3,28.4,709.4,0.0,0.0,0.0,16.0,20.0,19.0,18.0,19.0,18.0,18.0,18.0,18.0,20.14696,18.0,26.0,1019.42694444444,3669937.0,0.0,0.0,4.92638888888889,3.94111111111111,3.69479166666667,18.0,1572.7,1545.1,1175.7,1118.1,0.0,3456.0,0.0,0.0,708.0,2427.0,3.68,11.0,3.68,78.0,0.0,1019.42694444444,0.0,50.0,20.0,20.0,19.0,59.0,21.5,20.5,21.0,21.5,23.0,15.5,15.5,44.0,7.26999999999998,86.0,20.0,13.81,712.3,30.81,13.982,24.0,-2.9,3.0,0.0,0.0,0.0,14.0,63.0,0.0,20.0,1.0,0.0,825.6,0.0,0.0,0.6,9.0,0.0,29.0,0.0,20.0,20.0,350.0,825.6,-50.0,0.0,0.0,0.0,0.0,400.0,0.0,0.0,0.0,0.0,0.0,0.0,49.0,709.3,4.443,46.972055,13.7705483,45.671875,22.9585780591745,0.0,1.09686394130556,1.09686394130556,2.18395231836466,45.7885454545455,20.14696,0.0,0.0693851138642182,23.54000000000002
178.0,13.3,26.4,709.5,0.0,0.0,0.0,16.0,20.0,19.0,18.0,19.0,18.0,18.0,18.0,18.0,18.7308,18.0,26.0,1019.4275,3669939.0,0.0,0.0,4.92708333333333,3.94166666666667,3.6953125,18.0,1572.7,1545.1,1175.7,1118.1,0.0,3779.0,0.0,0.0,708.0,2423.0,3.68,95.0,3.68,78.0,0.0,1019.4275,0.0,50.0,20.0,20.0,19.0,59.0,21.5,20.5,21.0,21.5,23.0,16.0,16.0,48.0,6.94999999999999,86.0,20.0,13.793,713.0,30.68,13.968,24.0,-3.1,3.0,0.0,0.0,0.0,14.0,63.0,0.0,20.0,1.0,0.0,825.6,0.0,0.0,0.6,9.0,0.0,29.0,0.0,20.0,20.0,350.0,825.6,-50.0,0.0,0.0,0.0,0.0,400.0,0.0,0.0,0.0,0.0,0.0,0.0,49.0,709.3,4.443,46.972055,13.7705483,45.671875,23.2861259809467,0.0,1.12725759330556,1.12725759330556,2.56262412710616,39.0225,20.1498,0.0,0.0550166898558891,23.73000000000001
179.0,13.3,26.4,709.5,0.0,0.0,0.0,16.0,20.0,19.0,18.0,19.0,18.0,18.0,18.0,18.0,18.7308,18.0,26.0,1019.4275,3669939.0,0.0,0.0,4.92708333333333,3.94166666666667,3.6953125,18.0,1572.7,1545.1,1175.7,1118.1,0.0,3779.0,0.0,0.0,708.0,2423.0,3.68,95.0,3.68,78.0,0.0,1019.4275,0.0,50.0,20.0,20.0,19.0,59.0,21.5,20.5,21.0,21.5,23.0,16.0,16.0,48.0,6.94999999999999,86.0,20.0,13.793,713.0,30.68,13.968,24.0,-3.1,3.0,0.0,0.0,0.0,14.0,63.0,0.0,20.0,1.0,0.0,825.6,0.0,0.0,0.6,9.0,0.0,29.0,0.0,20.0,20.0,350.0,825.6,-50.0,0.0,0.0,0.0,0.0,400.0,0.0,0.0,0.0,0.0,0.0,0.0,49.0,711.1,4.443,40.1850325,13.7695717,49.0,23.2861259809467,0.0,1.12725759330556,1.12725759330556,2.56262412710616,39.0225,20.1498,0.0,0.0550166898558891,23.73000000000001
180.0,13.3,8.4,711.3,0.0,0.0,0.0,16.0,20.0,19.0,18.0,19.0,18.0,18.0,18.0,18.0,5.97492,18.0,26.0,1019.42805555556,3669941.0,0.0,0.0,4.93958333333333,3.95166666666667,3.7046875,18.0,1572.7,1545.1,1175.7,1118.1,0.0,3920.0,0.0,0.0,710.0,2423.0,3.7,6.0,3.7,77.0,0.0,1019.42805555556,0.0,50.0,20.0,20.0,19.0,59.0,21.5,20.5,21.0,21.5,23.0,16.0,16.0,50.0,6.85000000000002,86.0,20.0,13.793,715.6,31.07,13.962,24.0,-3.1,3.0,0.0,0.0,0.0,14.0,63.0,0.0,20.0,1.0,0.0,825.6,0.0,0.0,0.6,9.0,0.0,29.0,0.0,20.0,20.0,350.0,825.6,-50.0,0.0,0.0,0.0,0.0,400.0,0.0,0.0,0.0,0.0,0.0,0.0,49.0,711.1,4.443,40.1850325,13.7695717,49.0,23.6221359591131,0.0,1.15809004747222,1.15809004747222,8.36831288117665,11.94984,18.77832,0.0,0.0368979285812679,24.21999999999998
181.0,13.3,8.4,711.3,0.0,0.0,0.0,16.0,20.0,19.0,18.0,19.0,18.0,18.0,18.0,18.0,5.97492,18.0,26.0,1019.42805555556,3669941.0,0.0,0.0,4.93958333333333,3.95166666666667,3.7046875,18.0,1572.7,1545.1,1175.7,1118.1,0.0,3920.0,0.0,0.0,710.0,2423.0,3.7,6.0,3.7,77.0,0.0,1019.42805555556,0.0,50.0,20.0,20.0,19.0,59.0,21.5,20.5,21.0,21.5,23.0,16.0,16.0,50.0,6.85000000000002,86.0,20.0,13.793,715.6,31.07,13.962,24.0,-3.8,3.0,0.0,0.0,0.0,14.0,63.0,0.0,20.0,1.0,0.0,825.6,0.0,0.0,0.6,9.0,0.0,29.0,0.0,20.0,20.0,350.0,825.6,-50.0,0.0,0.0,0.0,0.0,400.0,0.0,0.0,0.0,0.0,0.0,0.0,49.0,711.1,4.443,29.88243,13.7705483,49.21875,23.6221359591131,0.0,1.15809004747222,1.15809004747222,8.36831288117665,11.94984,18.77832,0.0,0.0368979285812679,24.21999999999998
182.0,13.3,-16.8,714.1,0.0,0.0,0.0,16.0,20.0,19.0,18.0,19.0,18.0,18.0,18.0,18.0,-11.99688,18.0,26.0,1019.42861111111,3669943.0,0.0,0.0,4.95902777777778,3.96722222222222,3.71927083333333,18.0,1572.7,1545.1,1175.7,1118.1,0.0,3727.0,0.0,0.0,712.0,2423.0,3.72,9.0,3.7,77.0,0.0,1019.42861111111,0.0,50.0,20.0,20.0,19.0,59.0,21.5,20.5,21.0,21.5,23.0,16.0,16.0,46.0,6.85000000000002,86.0,20.0,13.793,715.6,31.07,13.962,24.0,-3.8,3.0,0.0,0.0,0.0,14.0,63.0,0.0,20.0,1.0,0.0,825.6,0.0,0.0,0.6,9.0,0.0,29.0,0.0,20.0,20.0,350.0,825.6,-50.0,0.0,0.0,0.0,0.0,400.0,0.0,0.0,0.0,0.0,0.0,0.0,49.0,713.6,4.443,29.88243,13.7705483,49.21875,23.9111940836783,0.0,1.18760180108333,1.18760180108333,-3.83433025920073,-26.0801739130435,-11.99688,0.0,0.0368979285812679,24.21999999999998
183.0,13.3,-16.8,714.1,0.0,0.0,0.0,16.0,20.0,19.0,18.0,19.0,18.0,18.0,18.0,18.0,-11.99688,18.0,26.0,1019.42861111111,3669943.0,0.0,0.0,4.95902777777778,3.96722222222222,3.71927083333333,18.0,1572.7,1545.1,1175.7,1118.1,0.0,3727.0,0.0,0.0,712.0,2423.0,3.72,9.0,3.7,77.0,0.0,1019.42861111111,0.0,50.0,20.0,20.0,19.0,59.0,21.5,20.5,21.0,21.5,23.0,16.0,16.0,46.0,6.80000000000001,86.0,20.0,13.794,717.6,30.92,13.972,24.0,5.3,3.0,0.0,0.0,0.0,14.0,63.0,0.0,20.0,1.0,0.0,825.6,0.0,0.0,0.6,9.0,0.0,29.0,0.0,20.0,20.0,350.0,825.6,-50.0,0.0,0.0,0.0,0.0,400.0,0.0,0.0,0.0,0.0,0.0,0.0,49.0,713.6,4.443,24.902025,13.7705483,45.5625,23.9111940836783,0.0,1.18760180108333,1.18760180108333,-3.83433025920073,-26.0801739130435,-11.99688,0.0,0.0368979285812679,24.11999999999999
184.0,13.3,-16.5,714.3,0.0,0.0,0.0,16.0,20.0,19.0,18.0,19.0,18.0,18.0,18.0,18.0,-11.78595,18.0,26.0,1019.42944444444,3669946.0,0.0,0.0,4.96041666666667,3.96833333333333,3.7203125,18.0,1572.7,1545.1,1175.7,1118.1,0.0,3412.0,0.0,0.0,713.0,2423.0,3.72,9.0,3.7,77.0,0.0,1019.42944444444,0.0,50.0,20.0,20.0,19.0,59.0,21.5,20.5,21.0,21.5,23.0,16.0,16.0,46.0,6.80000000000001,86.0,20.0,13.794,717.6,30.92,13.972,24.0,5.3,3.0,0.0,0.0,0.0,14.0,63.0,0.0,20.0,1.0,0.0,825.6,0.0,0.0,0.6,9.0,0.0,29.0,0.0,20.0,20.0,350.0,825.6,-50.0,0.0,0.0,0.0,0.0,400.0,0.0,0.0,0.0,0.0,0.0,0.0,49.0,714.3,4.443,24.902025,13.7705483,45.5625,23.9111940836783,0.0,1.18760180108333,1.18760180108333,-3.83433025920073,-26.0801739130435,-12.00024,0.0,0.0368979285812679,24.11999999999999
185.0,13.3,-16.5,714.3,0.0,0.0,0.0,16.0,20.0,19.0,18.0,19.0,18.0,18.0,18.0,18.0,-11.78595,18.0,26.0,1019.42944444444,3669946.0,0.0,0.0,4.96041666666667,3.96833333333333,3.7203125,18.0,1572.7,1545.1,1175.7,1118.1,0.0,3412.0,0.0,0.0,713.0,2423.0,3.72,9.0,3.7,77.0,0.0,1019.42944444444,0.0,50.0,20.0,20.0,19.0,59.0,22.0,20.5,21.0,22.0,23.0,16.0,16.0,42.0,7.12,86.0,20.0,13.809,716.9,30.48,13.969,24.0,-5.2,3.0,0.0,0.0,0.0,14.0,63.0,0.0,20.0,1.0,0.0,825.6,0.0,0.0,0.6,9.0,0.0,29.0,0.0,20.0,20.0,350.0,825.6,-50.0,0.0,0.0,0.0,0.0,400.0,0.0,0.0,0.0,0.0,0.0,0.0,49.0,714.3,4.443,20.89817,13.7705483,41.796875,24.1359298499598,0.0,1.21384455141667,1.21384455141667,-3.56356509233452,-28.0617857142857,-12.00024,0.0,,23.36
186.0,13.3,-16.5,714.3,0.0,0.0,0.0,16.0,20.0,19.0,18.0,19.0,18.0,18.0,18.0,18.0,-11.78595,18.0,26.0,1019.42944444444,3669946.0,0.0,0.0,4.96041666666667,3.96833333333333,3.7203125,18.0,1572.7,1545.1,1175.7,1118.1,0.0,3412.0,0.0,0.0,713.0,2423.0,3.72,9.0,3.7,77.0,0.0,1019.42944444444,0.0,50.0,20.0,20.0,19.0,59.0,22.0,20.5,21.0,22.0,23.0,16.0,16.0,42.0,7.12,86.0,20.0,13.809,716.9,30.48,13.969,24.0,-5.2,3.0,0.0,0.0,0.0,14.0,63.0,0.0,20.0,1.0,0.0,825.6,0.0,0.0,0.6,9.0,0.0,29.0,0.0,20.0,20.0,350.0,825.6,-50.0,0.0,0.0,0.0,0.0,400.0,0.0,0.0,0.0,0.0,0.0,0.0,49.0,715.6,4.443,20.89817,13.7705483,41.796875,24.1359298499598,0.0,1.21384455141667,1.21384455141667,-3.56356509233452,-28.0617857142857,-12.00024,0.0,,23.36
187.0,13.3,-39.5,716.8,0.0,0.0,0.0,16.0,20.0,19.0,18.0,19.0,18.0,18.0,18.0,18.0,-28.3136,18.0,26.0,1019.43,3669948.0,0.0,0.0,4.97777777777778,3.98222222222222,3.73333333333333,18.0,1572.8,1545.1,1175.7,1118.1,0.0,2953.0,0.0,0.0,715.0,2422.0,3.72,33.0,3.72,40.0,0.0,1019.43,0.0,50.0,20.0,20.0,19.0,59.0,22.0,20.5,21.0,22.0,23.0,16.0,16.0,35.0,6.84000000000003,86.0,20.0,13.785,720.8,35.59,13.982,24.0,-3.8,3.0,0.0,0.0,0.0,14.0,63.0,0.0,20.0,1.0,0.0,825.6,0.0,0.0,0.6,9.0,0.0,29.0,0.0,20.0,20.0,350.0,825.6,-50.0,0.0,0.0,0.0,0.0,400.0,0.0,0.0,0.0,0.0,0.0,0.0,49.0,715.6,4.443,20.89817,13.7705483,41.796875,24.2674955265066,0.0,1.23542244516667,1.23542244516667,-1.23615506329114,-80.896,-11.8272,0.0,-0.0409222482517956,28.74999999999997
188.0,13.3,-39.5,716.8,0.0,0.0,0.0,16.0,20.0,19.0,18.0,19.0,18.0,18.0,18.0,18.0,-28.3136,18.0,26.0,1019.43,3669948.0,0.0,0.0,4.97777777777778,3.98222222222222,3.73333333333333,18.0,1572.8,1545.1,1175.7,1118.1,0.0,2953.0,0.0,0.0,715.0,2422.0,3.72,33.0,3.72,40.0,0.0,1019.43,0.0,50.0,20.0,20.0,19.0,59.0,22.0,20.5,21.0,22.0,23.0,16.0,16.0,35.0,6.84000000000003,86.0,20.0,13.785,720.8,35.59,13.982,24.0,-3.8,3.0,0.0,0.0,0.0,14.0,63.0,0.0,20.0,1.0,0.0,825.6,0.0,0.0,0.6,9.0,0.0,29.0,0.0,20.0,20.0,350.0,825.6,-50.0,0.0,0.0,0.0,0.0,400.0,0.0,0.0,0.0,0.0,0.0,0.0,49.0,717.2,4.442,0.0,13.7417386,33.125,24.2674955265066,0.0,1.23542244516667,1.23542244516667,-1.23615506329114,-80.896,-11.8272,0.0,-0.0409222482517956,28.74999999999997
189.0,13.3,-38.3,717.2,0.0,0.0,0.0,16.0,20.0,19.0,18.0,19.0,18.0,18.0,18.0,18.0,-27.46876,18.0,26.0,1019.43055555556,3669950.0,0.0,0.0,4.98055555555556,3.98444444444444,3.73541666666667,18.0,1572.8,1545.1,1175.7,1118.1,0.0,2001.0,0.0,0.0,716.0,2422.0,3.72,24.0,3.72,77.0,0.0,1019.43055555556,0.0,50.0,20.0,20.0,19.0,59.0,22.0,20.5,21.0,22.0,23.0,16.0,16.0,23.0,6.84000000000003,86.0,20.0,13.785,720.8,35.59,13.982,24.0,-3.8,3.0,0.0,0.0,0.0,14.0,63.0,0.0,20.0,1.0,0.0,825.6,0.0,0.0,0.6,9.0,0.0,29.0,0.0,20.0,20.0,350.0,825.6,-50.0,0.0,0.0,0.0,0.0,400.0,0.0,0.0,0.0,0.0,0.0,0.0,49.0,717.2,4.442,0.0,13.7417386,33.125,24.2521046418535,0.0,1.24981497755556,1.24981497755556,-0.837314826005979,-119.429391304348,-28.3294,0.0,-0.0846836636395048,28.74999999999997
190.0,13.3,-38.3,717.2,0.0,0.0,0.0,16.0,20.0,19.0,18.0,19.0,18.0,18.0,18.0,18.0,-27.46876,18.0,26.0,1019.43055555556,3669950.0,0.0,0.0,4.98055555555556,3.98444444444444,3.73541666666667,18.0,1572.8,1545.1,1175.7,1118.1,0.0,2001.0,0.0,0.0,716.0,2422.0,3.72,24.0,3.72,77.0,0.0,1019.43055555556,0.0,50.0,20.0,20.0,19.0,59.0,22.0,20.5,21.0,22.0,23.0,16.0,16.0,23.0,6.79000000000002,86.0,20.0,13.784,720.3,35.84,13.998,24.0,15.7,3.0,0.0,0.0,0.0,14.0,63.0,0.0,20.0,1.0,0.0,825.6,0.0,0.0,0.6,9.0,0.0,29.0,0.0,20.0,20.0,350.0,825.6,-50.0,0.0,0.0,0.0,0.0,400.0,0.0,0.0,0.0,0.0,0.0,0.0,49.0,717.2,4.442,0.0,13.740762,16.0,24.2521046418535,0.0,1.24981497755556,1.24981497755556,-0.837314826005979,-119.429391304348,-28.3294,0.0,-0.0846836636395048,29.049999999999983
191.0,13.3,-13.9,715.2,0.0,0.0,0.0,16.0,20.0,19.0,18.0,19.0,18.0,18.0,18.0,18.0,-9.94128,18.0,26.0,1019.43111111111,3669952.0,0.0,0.0,4.96666666666667,3.97333333333333,3.725,18.0,1572.8,1545.1,1175.7,1118.1,0.0,698.0,0.0,0.0,713.0,2422.0,3.72,11.0,3.72,41.0,0.0,1019.43111111111,0.0,50.0,20.0,20.0,19.0,59.0,22.0,20.5,21.0,22.0,23.0,16.0,16.0,23.0,6.79000000000002,86.0,20.0,13.784,720.3,35.84,13.998,24.0,15.7,3.0,0.0,0.0,0.0,14.0,63.0,0.0,20.0,1.0,0.0,825.6,0.0,0.0,0.6,9.0,0.0,29.0,0.0,20.0,20.0,350.0,825.6,-50.0,0.0,0.0,0.0,0.0,400.0,0.0,0.0,0.0,0.0,0.0,0.0,49.0,715.9,4.442,0.0,13.740762,16.0,24.2521046418535,0.0,1.24981497755556,1.24981497755556,-0.837314826005979,-119.429391304348,-27.39216,0.0,-0.0846836636395048,29.049999999999983
192.0,13.3,-13.9,715.2,0.0,0.0,0.0,16.0,20.0,19.0,18.0,19.0,18.0,18.0,18.0,18.0,-9.94128,18.0,26.0,1019.43111111111,3669952.0,0.0,0.0,4.96666666666667,3.97333333333333,3.725,18.0,1572.8,1545.1,1175.7,1118.1,0.0,698.0,0.0,0.0,713.0,2422.0,3.72,11.0,3.72,41.0,0.0,1019.43111111111,0.0,50.0,20.0,20.0,19.0,59.0,22.0,20.5,21.0,22.0,23.0,16.0,16.0,6.0,6.75,86.0,20.0,13.785,717.2,35.72,13.978,24.0,6.3,3.0,0.0,0.0,0.0,14.0,63.0,0.0,20.0,1.0,0.0,825.6,0.0,0.0,0.6,9.0,0.0,29.0,0.0,20.0,20.0,350.0,825.6,-50.0,0.0,0.0,0.0,0.0,400.0,0.0,0.0,0.0,0.0,0.0,0.0,49.0,715.9,4.442,0.0,13.7417386,0.0,24.0219612994724,0.0,1.25376358938889,1.25376358938889,-0.60354401042924,-165.688,-27.39216,0.0,-0.12462980854085,28.97
193.0,13.3,0.7,713.6,0.0,0.0,0.0,16.0,20.0,19.0,18.0,19.0,18.0,18.0,18.0,18.0,0.49952,18.0,26.0,1019.43194444444,3669955.0,0.0,0.0,4.95555555555556,3.96444444444444,3.71666666666667,18.0,1572.8,1545.1,1175.7,1118.1,0.0,29.0,0.0,0.0,712.0,2422.0,3.7,24.0,3.7,77.0,0.0,1019.43194444444,0.0,50.0,20.0,20.0,19.0,59.0,22.0,20.5,21.0,22.0,23.0,16.0,16.0,6.0,6.75,86.0,20.0,13.785,717.2,35.72,13.978,24.0,6.3,3.0,0.0,0.0,0.0,14.0,63.0,0.0,20.0,1.0,0.0,825.6,0.0,0.0,0.6,9.0,0.0,29.0,0.0,20.0,20.0,350.0,825.6,-50.0,0.0,0.0,0.0,0.0,400.0,0.0,0.0,0.0,0.0,0.0,0.0,49.0,713.6,4.443,0.0,13.7417386,0.0,24.0219612994724,0.0,1.25376358938889,1.25376358938889,-0.60354401042924,-165.688,-9.91904,0.0,-0.12462980854085,28.97
194.0,13.3,0.7,713.6,0.0,0.0,0.0,16.0,20.0,19.0,18.0,19.0,18.0,18.0,18.0,18.0,0.49952,18.0,26.0,1019.43194444444,3669955.0,0.0,0.0,4.95555555555556,3.96444444444444,3.71666666666667,18.0,1572.8,1545.1,1175.7,1118.1,0.0,29.0,0.0,0.0,712.0,2422.0,3.7,24.0,3.7,77.0,0.0,1019.43194444444,0.0,50.0,20.0,20.0,19.0,59.0,22.0,20.5,21.0,22.0,23.0,16.0,16.0,0.0,6.82999999999998,86.0,20.0,13.805,716.7,35.29,13.999,24.0,-0.8,3.0,0.0,0.0,0.0,14.0,63.0,0.0,20.0,1.0,0.0,825.6,0.0,0.0,0.6,9.0,0.0,29.0,0.0,20.0,20.0,350.0,825.6,-50.0,0.0,0.0,0.0,0.0,400.0,0.0,0.0,0.0,0.0,0.0,0.0,49.0,713.6,4.443,0.0,13.7417386,0.0,23.7299949474296,0.0,1.25376358938889,1.25376358938889,0.0,-165.688,-9.91904,0.0,-0.129976596842881,28.46000000000002
195.0,13.3,0.7,713.6,0.0,0.0,0.0,16.0,20.0,19.0,18.0,19.0,18.0,18.0,18.0,18.0,0.49952,18.0,26.0,1019.43194444444,3669955.0,0.0,0.0,4.95555555555556,3.96444444444444,3.71666666666667,18.0,1572.8,1545.1,1175.7,1118.1,0.0,29.0,0.0,0.0,712.0,2422.0,3.7,24.0,3.7,77.0,0.0,1019.43194444444,0.0,50.0,20.0,20.0,19.0,59.0,22.0,20.5,21.0,22.0,23.0,16.0,16.0,0.0,6.82999999999998,86.0,20.0,13.805,716.7,35.29,13.999,24.0,-0.8,3.0,0.0,0.0,0.0,14.0,63.0,0.0,20.0,1.0,0.0,825.6,0.0,0.0,0.6,9.0,0.0,29.0,0.0,20.0,20.0,350.0,825.6,-50.0,0.0,0.0,0.0,0.0,400.0,0.0,0.0,0.0,0.0,0.0,0.0,49.0,713.5,4.443,0.0,13.7593174,0.109375,23.7299949474296,0.0,1.25376358938889,1.25376358938889,0.0,-165.688,-9.91904,0.0,-0.129976596842881,28.46000000000002
196.0,13.3,0.7,713.5,0.0,0.0,0.0,16.0,20.0,19.0,18.0,19.0,18.0,18.0,18.0,18.0,0.49945,18.0,26.0,1019.4325,3669957.0,0.0,0.0,4.95486111111111,3.96388888888889,3.71614583333333,18.0,1572.8,1545.1,1175.7,1118.1,0.0,0.0,0.0,0.0,712.0,2427.0,3.7,24.0,3.7,64.0,0.0,1019.4325,0.0,50.0,20.0,20.0,19.0,59.0,22.0,20.5,21.0,22.0,23.0,16.0,16.0,0.0,6.82999999999998,86.0,20.0,13.805,716.7,35.29,13.999,24.0,-0.8,3.0,0.0,0.0,0.0,14.0,63.0,0.0,20.0,1.0,0.0,825.6,0.0,0.0,0.6,9.0,0.0,29.0,0.0,20.0,20.0,350.0,825.6,-50.0,0.0,0.0,0.0,0.0,400.0,0.0,0.0,0.0,0.0,0.0,0.0,49.0,713.5,4.443,0.0,13.7593174,0.109375,23.434465990201,0.0,1.25376358938889,1.25376358938889,0.0,-165.688,0.49945,0.0,-0.106230685180849,28.46000000000002
197.0,13.3,0.7,713.5,0.0,0.0,0.0,16.0,20.0,19.0,18.0,19.0,18.0,18.0,18.0,18.0,0.49945,18.0,26.0,1019.4325,3669957.0,0.0,0.0,4.95486111111111,3.96388888888889,3.71614583333333,18.0,1572.8,1545.1,1175.7,1118.1,0.0,0.0,0.0,0.0,712.0,2427.0,3.7,24.0,3.7,64.0,0.0,1019.4325,0.0,50.0,20.0,20.0,19.0,59.0,22.0,20.5,21.0,22.0,23.0,16.0,16.0,0.0,6.87,86.0,20.0,13.805,716.7,34.83,14.013,24.0,-0.2,3.0,0.0,0.0,0.0,14.0,63.0,0.0,20.0,1.0,0.0,825.6,0.0,0.0,0.6,9.0,0.0,29.0,0.0,20.0,20.0,350.0,825.6,-50.0,0.0,0.0,0.0,0.0,400.0,0.0,0.0,0.0,0.0,0.0,0.0,49.0,713.5,4.443,0.0,13.750528,0.0,23.434465990201,0.0,1.25376358938889,1.25376358938889,0.0,,0.49945,0.0,-0.106230685180849,27.959999999999997
198.0,13.3,0.8,713.5,0.0,0.0,0.0,16.0,20.0,19.0,18.0,19.0,18.0,18.0,18.0,18.0,0.5708,18.0,26.0,1019.43333333333,3669960.0,0.0,0.0,4.95486111111111,3.96388888888889,3.71614583333333,18.0,1572.8,1545.1,1175.7,1118.1,0.0,0.0,0.0,0.0,712.0,2427.0,3.7,9.0,3.7,49.0,0.0,1019.43333333333,0.0,50.0,20.0,20.0,19.0,59.0,22.0,20.5,21.0,22.0,23.0,16.0,16.0,0.0,6.87,86.0,20.0,13.805,716.7,34.83,14.013,24.0,-0.2,3.0,0.0,0.0,0.0,14.0,63.0,0.0,20.0,1.0,0.0,825.6,0.0,0.0,0.6,9.0,0.0,29.0,0.0,20.0,20.0,350.0,825.6,-50.0,0.0,0.0,0.0,0.0,400.0,0.0,0.0,0.0,0.0,0.0,0.0,49.0,713.5,4.443,0.0,13.750528,0.0,23.434465990201,0.0,1.25376358938889,1.25376358938889,0.0,,0.5708,0.0,-0.106230685180849,27.959999999999997
199.0,13.3,0.8,713.5,0.0,0.0,0.0,16.0,20.0,19.0,18.0,19.0,18.0,18.0,18.0,18.0,0.5708,18.0,26.0,1019.43333333333,3669960.0,0.0,0.0,4.95486111111111,3.96388888888889,3.71614583333333,18.0,1572.8,1545.1,1175.7,1118.1,0.0,0.0,0.0,0.0,712.0,2427.0,3.7,9.0,3.7,49.0,0.0,1019.43333333333,0.0,50.0,20.0,20.0,19.0,59.0,22.0,20.5,21.0,22.0,23.0,16.0,16.0,0.0,6.82999999999998,86.0,20.0,13.806,716.7,34.94,14.01,24.0,-0.2,3.0,0.0,0.0,0.0,14.0,63.0,0.0,20.0,1.0,0.0,825.6,0.0,0.0,0.6,9.0,0.0,29.0,0.0,20.0,20.0,350.0,825.6,-50.0,0.0,0.0,0.0,0.0,400.0,0.0,0.0,0.0,0.0,0.0,0.0,49.0,713.5,4.443,0.0,13.7593174,0.0,23.1638733286701,0.0,1.25376358938889,1.25376358938889,0.0,,0.5708,0.0,-0.0698302924219079,28.110000000000017
200.0,13.3,0.7,713.5,0.0,0.0,0.0,16.0,20.0,19.0,18.0,19.0,18.0,18.0,18.0,18.0,0.49945,18.0,26.0,1019.43388888889,3669962.0,0.0,0.0,4.95486111111111,3.96388888888889,3.71614583333333,18.0,1572.8,1545.1,1175.7,1118.1,0.0,0.0,0.0,0.0,712.0,2427.0,3.7,9.0,3.7,77.0,0.0,1019.43388888889,0.0,50.0,20.0,20.0,19.0,59.0,22.0,20.5,21.0,22.0,23.0,16.0,16.0,0.0,6.82999999999998,86.0,20.0,13.806,716.7,34.94,14.01,24.0,-0.2,3.0,0.0,0.0,0.0,14.0,63.0,0.0,20.0,1.0,0.0,825.6,0.0,0.0,0.6,9.0,0.0,29.0,0.0,20.0,20.0,350.0,825.6,-50.0,0.0,0.0,0.0,0.0,400.0,0.0,0.0,0.0,0.0,0.0,0.0,49.0,713.5,4.443,0.0,13.7593174,0.0,23.1638733286701,0.0,1.25376358938889,1.25376358938889,0.0,,0.5708,0.0,-0.0698302924219079,28.110000000000017
201.0,13.3,0.7,713.5,0.0,0.0,0.0,16.0,20.0,19.0,18.0,19.0,18.0,18.0,18.0,18.0,0.49945,18.0,26.0,1019.43388888889,3669962.0,0.0,0.0,4.95486111111111,3.96388888888889,3.71614583333333,18.0,1572.8,1545.1,1175.7,1118.1,0.0,0.0,0.0,0.0,712.0,2427.0,3.7,9.0,3.7,77.0,0.0,1019.43388888889,0.0,50.0,20.0,20.0,19.0,59.0,22.0,20.5,21.0,22.0,23.0,16.0,16.0,0.0,6.85000000000002,86.0,20.0,13.808,716.7,34.12,14.003,25.0,-0.2,3.0,0.0,0.0,0.0,14.0,63.0,0.0,20.0,1.0,0.0,825.6,0.0,0.0,0.6,9.0,0.0,29.0,0.0,20.0,20.0,350.0,825.6,-50.0,0.0,0.0,0.0,0.0,400.0,0.0,0.0,0.0,0.0,0.0,0.0,49.0,713.5,4.443,0.0,13.750528,0.0,22.8994395095815,0.0,1.25376358938889,1.25376358938889,0.0,,0.5708,0.0,-0.0184521751775284,27.26999999999998
202.0,13.3,0.7,713.5,0.0,0.0,0.0,16.0,20.0,19.0,18.0,19.0,18.0,18.0,18.0,18.0,0.49945,18.0,26.0,1019.43388888889,3669962.0,0.0,0.0,4.95486111111111,3.96388888888889,3.71614583333333,18.0,1572.8,1545.1,1175.7,1118.1,0.0,0.0,0.0,0.0,712.0,2427.0,3.7,9.0,3.7,77.0,0.0,1019.43388888889,0.0,50.0,20.0,20.0,19.0,59.0,22.0,20.5,21.0,22.0,23.0,16.0,16.0,0.0,6.85000000000002,86.0,20.0,13.808,716.7,34.12,14.003,25.0,-0.2,3.0,0.0,0.0,0.0,14.0,63.0,0.0,20.0,1.0,0.0,825.6,0.0,0.0,0.6,9.0,0.0,29.0,0.0,20.0,20.0,350.0,825.6,-50.0,0.0,0.0,0.0,0.0,400.0,0.0,0.0,0.0,0.0,0.0,0.0,49.0,713.5,4.443,0.0,13.750528,0.0,22.8994395095815,0.0,1.25376358938889,1.25376358938889,0.0,,0.5708,0.0,-0.0184521751775284,27.26999999999998
203.0,13.3,0.8,713.5,0.0,0.0,0.0,16.0,20.0,19.0,18.0,19.0,18.0,18.0,18.0,18.0,0.5708,18.0,26.0,1019.43444444444,3669964.0,0.0,0.0,4.95486111111111,3.96388888888889,3.71614583333333,18.0,1572.8,1545.1,1175.7,1118.1,0.0,0.0,0.0,0.0,712.0,2427.0,3.7,24.0,3.7,77.0,0.0,1019.43444444444,0.0,50.0,20.0,20.0,19.0,59.0,22.0,20.5,21.0,22.0,23.0,16.0,16.0,0.0,6.79000000000002,86.0,20.0,13.807,716.7,34.19,13.996,25.0,-0.2,3.0,0.0,0.0,0.0,14.0,63.0,0.0,20.0,1.0,0.0,825.6,0.0,0.0,0.6,9.0,0.0,29.0,0.0,20.0,20.0,350.0,825.6,-50.0,0.0,0.0,0.0,0.0,400.0,0.0,0.0,0.0,0.0,0.0,0.0,49.0,713.5,4.443,0.0,13.750528,0.0,22.6409179161382,0.0,1.25376358938889,1.25376358938889,0.0,,0.49945,0.0,0.0,27.399999999999977
204.0,13.3,0.8,713.5,0.0,0.0,0.0,16.0,20.0,19.0,18.0,19.0,18.0,18.0,18.0,18.0,0.5708,18.0,26.0,1019.43444444444,3669964.0,0.0,0.0,4.95486111111111,3.96388888888889,3.71614583333333,18.0,1572.8,1545.1,1175.7,1118.1,0.0,0.0,0.0,0.0,712.0,2427.0,3.7,24.0,3.7,77.0,0.0,1019.43444444444,0.0,50.0,20.0,20.0,19.0,59.0,22.0,20.5,21.0,22.0,23.0,16.0,16.0,0.0,6.79000000000002,86.0,20.0,13.807,716.7,34.19,13.996,25.0,-0.2,3.0,0.0,0.0,0.0,14.0,63.0,0.0,20.0,1.0,0.0,825.6,0.0,0.0,0.6,9.0,0.0,29.0,0.0,20.0,20.0,350.0,825.6,-50.0,0.0,0.0,0.0,0.0,400.0,0.0,0.0,0.0,0.0,0.0,0.0,49.0,713.5,4.442,0.0,13.760294,0.0,22.6409179161382,0.0,1.25376358938889,1.25376358938889,0.0,,0.49945,0.0,0.0,27.399999999999977
205.0,13.3,0.7,713.6,0.0,0.0,0.0,16.0,20.0,19.0,18.0,19.0,18.0,18.0,18.0,18.0,0.49952,18.0,26.0,1019.435,3669966.0,0.0,0.0,4.95555555555556,3.96444444444444,3.71666666666667,18.0,1572.8,1545.1,1175.7,1118.1,0.0,0.0,0.0,0.0,712.0,2427.0,3.7,9.0,3.7,77.0,0.0,1019.435,0.0,50.0,20.0,20.0,19.0,59.0,22.0,20.5,21.0,22.0,23.0,16.0,16.0,0.0,6.79000000000002,86.0,20.0,13.807,716.7,34.19,13.996,25.0,-0.2,3.0,0.0,0.0,0.0,14.0,63.0,0.0,20.0,1.0,0.0,825.6,0.0,0.0,0.6,9.0,0.0,29.0,0.0,20.0,20.0,350.0,825.6,-50.0,0.0,0.0,0.0,0.0,400.0,0.0,0.0,0.0,0.0,0.0,0.0,49.0,713.5,4.442,0.0,13.760294,0.0,22.3882854413144,0.0,1.25376358938889,1.25376358938889,0.0,,0.57088,0.0,0.0,27.399999999999977
206.0,13.3,0.7,713.6,0.0,0.0,0.0,16.0,20.0,19.0,18.0,19.0,18.0,18.0,18.0,18.0,0.49952,18.0,26.0,1019.435,3669966.0,0.0,0.0,4.95555555555556,3.96444444444444,3.71666666666667,18.0,1572.8,1545.1,1175.7,1118.1,0.0,0.0,0.0,0.0,712.0,2427.0,3.7,9.0,3.7,77.0,0.0,1019.435,0.0,50.0,20.0,20.0,19.0,59.0,22.0,20.5,21.0,22.0,23.0,16.0,16.0,0.0,6.66000000000003,86.0,20.0,13.806,716.8,34.68,14.011,25.0,-0.3,3.0,0.0,0.0,0.0,14.0,63.0,0.0,20.0,1.0,0.0,825.6,0.0,0.0,0.6,9.0,0.0,29.0,0.0,20.0,20.0,350.0,825.6,-50.0,0.0,0.0,0.0,0.0,400.0,0.0,0.0,0.0,0.0,0.0,0.0,49.0,713.5,4.442,0.0,13.750528,0.0,22.3882854413144,0.0,1.25376358938889,1.25376358938889,0.0,,0.57088,0.0,0.0,28.019999999999968
207.0,13.3,0.7,713.5,0.0,0.0,0.0,16.0,20.0,19.0,18.0,19.0,18.0,18.0,18.0,18.0,0.49945,18.0,26.0,1019.43583333333,3669969.0,0.0,0.0,4.95486111111111,3.96388888888889,3.71614583333333,18.0,1572.8,1545.1,1175.7,1118.1,0.0,0.0,0.0,0.0,712.0,2427.0,3.7,9.0,3.7,49.0,0.0,1019.43583333333,0.0,50.0,20.0,20.0,19.0,59.0,22.0,20.5,21.0,22.0,23.0,16.0,16.0,0.0,6.66000000000003,86.0,20.0,13.806,716.8,34.68,14.011,25.0,-0.3,3.0,0.0,0.0,0.0,14.0,63.0,0.0,20.0,1.0,0.0,825.6,0.0,0.0,0.6,9.0,0.0,29.0,0.0,20.0,20.0,350.0,825.6,-50.0,0.0,0.0,0.0,0.0,400.0,0.0,0.0,0.0,0.0,0.0,0.0,49.0,713.5,4.443,0.0,13.750528,0.0,22.3882854413144,0.0,1.25376358938889,1.25376358938889,0.0,,0.49945,0.0,0.0,28.019999999999968
208.0,13.3,0.7,713.5,0.0,0.0,0.0,16.0,20.0,19.0,18.0,19.0,18.0,18.0,18.0,18.0,0.49945,18.0,26.0,1019.43583333333,3669969.0,0.0,0.0,4.95486111111111,3.96388888888889,3.71614583333333,18.0,1572.8,1545.1,1175.7,1118.1,0.0,0.0,0.0,0.0,712.0,2427.0,3.7,9.0,3.7,49.0,0.0,1019.43583333333,0.0,50.0,20.0,20.0,19.0,59.0,22.0,20.5,21.0,22.0,23.0,16.0,16.0,0.0,6.69,86.0,20.0,13.807,716.8,35.15,14.008,25.0,-0.2,3.0,0.0,0.0,0.0,14.0,63.0,0.0,20.0,1.0,0.0,825.6,0.0,0.0,0.6,9.0,0.0,29.0,0.0,20.0,20.0,350.0,825.6,-50.0,0.0,0.0,0.0,0.0,400.0,0.0,0.0,0.0,0.0,0.0,0.0,49.0,713.5,4.443,0.0,13.7515046,0.0,22.1411318380453,0.0,1.25376358938889,1.25376358938889,0.0,,0.49945,0.0,0.0,28.459999999999997
209.0,13.3,0.7,713.6,0.0,0.0,0.0,16.0,20.0,19.0,18.0,19.0,18.0,18.0,18.0,18.0,0.49952,18.0,26.0,1019.43638888889,3669971.0,0.0,0.0,4.95555555555556,3.96444444444444,3.71666666666667,18.0,1572.8,1545.1,1175.7,1118.1,0.0,0.0,0.0,0.0,712.0,2427.0,3.7,20.0,3.7,77.0,0.0,1019.43638888889,0.0,50.0,20.0,20.0,19.0,59.0,22.0,20.5,21.0,22.0,23.0,16.0,16.0,0.0,6.69,86.0,20.0,13.807,716.8,35.15,14.008,25.0,-0.2,3.0,0.0,0.0,0.0,14.0,63.0,0.0,20.0,1.0,0.0,825.6,0.0,0.0,0.6,9.0,0.0,29.0,0.0,20.0,20.0,350.0,825.6,-50.0,0.0,0.0,0.0,0.0,400.0,0.0,0.0,0.0,0.0,0.0,0.0,49.0,713.5,4.443,0.0,13.7515046,0.0,22.1411318380453,0.0,1.25376358938889,1.25376358938889,0.0,,0.49952,0.0,0.0,28.459999999999997
210.0,13.3,0.7,713.6,0.0,0.0,0.0,16.0,20.0,19.0,18.0,19.0,18.0,18.0,18.0,18.0,0.49952,18.0,26.0,1019.43638888889,3669971.0,0.0,0.0,4.95555555555556,3.96444444444444,3.71666666666667,18.0,1572.8,1545.1,1175.7,1118.1,0.0,0.0,0.0,0.0,712.0,2427.0,3.7,20.0,3.7,77.0,0.0,1019.43638888889,0.0,50.0,20.0,20.0,19.0,59.0,22.0,20.5,21.0,22.0,23.0,16.0,16.0,0.0,6.56,86.0,20.0,13.809,716.7,34.24,14.008,25.0,-0.3,3.0,0.0,0.0,0.0,14.0,63.0,0.0,20.0,1.0,0.0,825.6,0.0,0.0,0.6,9.0,0.0,29.0,0.0,20.0,20.0,350.0,825.6,-50.0,0.0,0.0,0.0,0.0,400.0,0.0,0.0,0.0,0.0,0.0,0.0,49.0,713.5,4.443,0.0,13.750528,0.0,21.896432993248,0.0,1.25376358938889,1.25376358938889,0.0,,0.49952,0.0,0.0,27.680000000000003
211.0,13.3,0.7,713.6,0.0,0.0,0.0,16.0,20.0,19.0,18.0,19.0,18.0,18.0,18.0,18.0,0.49952,18.0,26.0,1019.43638888889,3669971.0,0.0,0.0,4.95555555555556,3.96444444444444,3.71666666666667,18.0,1572.8,1545.1,1175.7,1118.1,0.0,0.0,0.0,0.0,712.0,2427.0,3.7,20.0,3.7,77.0,0.0,1019.43638888889,0.0,50.0,20.0,20.0,19.0,59.0,22.0,20.5,21.0,22.0,23.0,16.0,16.0,0.0,6.56,86.0,20.0,13.809,716.7,34.24,14.008,25.0,-0.3,3.0,0.0,0.0,0.0,14.0,63.0,0.0,20.0,1.0,0.0,825.6,0.0,0.0,0.6,9.0,0.0,29.0,0.0,20.0,20.0,350.0,825.6,-50.0,0.0,0.0,0.0,0.0,400.0,0.0,0.0,0.0,0.0,0.0,0.0,49.0,713.6,4.442,0.0,13.750528,0.0,21.896432993248,0.0,1.25376358938889,1.25376358938889,0.0,,0.49952,0.0,0.0,27.680000000000003
212.0,13.3,0.7,713.6,0.0,0.0,0.0,16.0,20.0,19.0,18.0,19.0,18.0,18.0,18.0,18.0,0.49952,18.0,26.0,1019.43694444444,3669973.0,0.0,0.0,4.95555555555556,3.96444444444444,3.71666666666667,18.0,1572.8,1545.1,1175.7,1118.1,0.0,0.0,0.0,0.0,712.0,2427.0,3.7,34.0,3.7,77.0,0.0,1019.43694444444,0.0,50.0,20.0,20.0,19.0,59.0,22.0,20.5,21.0,22.0,23.0,16.0,16.0,0.0,6.60000000000002,86.0,20.0,13.808,716.9,33.69,14.007,25.0,-0.2,3.0,0.0,0.0,0.0,14.0,63.0,0.0,20.0,1.0,0.0,825.6,0.0,0.0,0.6,9.0,0.0,29.0,0.0,20.0,20.0,350.0,825.6,-50.0,0.0,0.0,0.0,0.0,400.0,0.0,0.0,0.0,0.0,0.0,0.0,49.0,713.6,4.442,0.0,13.750528,0.0,21.6630515254807,0.0,1.25376358938889,1.25376358938889,0.0,,0.49952,0.0,0.0,27.08999999999998
213.0,13.3,0.7,713.6,0.0,0.0,0.0,16.0,20.0,19.0,18.0,19.0,18.0,18.0,18.0,18.0,0.49952,18.0,26.0,1019.43694444444,3669973.0,0.0,0.0,4.95555555555556,3.96444444444444,3.71666666666667,18.0,1572.8,1545.1,1175.7,1118.1,0.0,0.0,0.0,0.0,712.0,2427.0,3.7,34.0,3.7,77.0,0.0,1019.43694444444,0.0,50.0,20.0,20.0,19.0,59.0,22.0,20.5,21.0,22.0,23.0,16.0,16.0,0.0,6.60000000000002,86.0,20.0,13.808,716.9,33.69,14.007,25.0,-0.2,3.0,0.0,0.0,0.0,14.0,63.0,0.0,20.0,1.0,0.0,825.6,0.0,0.0,0.6,9.0,0.0,29.0,0.0,20.0,20.0,350.0,825.6,-50.0,0.0,0.0,0.0,0.0,400.0,0.0,0.0,0.0,0.0,0.0,0.0,49.0,713.6,4.443,0.0,13.750528,0.0,21.6630515254807,0.0,1.25376358938889,1.25376358938889,0.0,,0.49952,0.0,0.0,27.08999999999998
214.0,13.3,0.7,713.6,0.0,0.0,0.0,16.0,20.0,19.0,18.0,19.0,18.0,18.0,18.0,18.0,0.49952,18.0,26.0,1019.4375,3669975.0,0.0,0.0,4.95555555555556,3.96444444444444,3.71666666666667,18.0,1572.8,1545.1,1175.7,1118.1,0.0,0.0,0.0,0.0,712.0,2430.0,3.7,9.0,3.7,77.0,0.0,1019.4375,0.0,50.0,20.5,20.5,19.0,59.0,21.5,20.5,21.0,21.5,23.0,16.0,16.0,0.0,6.60000000000002,86.0,20.0,13.808,716.9,33.69,14.007,25.0,-0.2,3.0,0.0,0.0,0.0,14.0,63.0,0.0,20.0,1.0,0.0,825.6,0.0,0.0,0.6,9.0,0.0,29.0,0.0,20.0,20.0,350.0,825.6,-50.0,0.0,0.0,0.0,0.0,400.0,0.0,0.0,0.0,0.0,0.0,0.0,49.0,713.6,4.443,0.0,13.750528,0.0,21.4223482054537,0.0,1.25376358938889,1.25376358938889,0.0,,0.49952,0.0,0.0,27.08999999999998
215.0,13.3,0.7,713.6,0.0,0.0,0.0,16.0,20.0,19.0,18.0,19.0,18.0,18.0,18.0,18.0,0.49952,18.0,26.0,1019.4375,3669975.0,0.0,0.0,4.95555555555556,3.96444444444444,3.71666666666667,18.0,1572.8,1545.1,1175.7,1118.1,0.0,0.0,0.0,0.0,712.0,2430.0,3.7,9.0,3.7,77.0,0.0,1019.4375,0.0,50.0,20.5,20.5,19.0,59.0,21.5,20.5,21.0,21.5,23.0,16.0,16.0,0.0,6.55000000000001,86.0,20.0,13.809,716.9,34.68,14.003,25.0,-0.2,3.0,0.0,0.0,0.0,14.0,63.0,0.0,20.0,1.0,0.0,825.6,0.0,0.0,0.6,9.0,0.0,29.0,0.0,20.0,20.0,350.0,825.6,-50.0,0.0,0.0,0.0,0.0,400.0,0.0,0.0,0.0,0.0,0.0,0.0,49.0,713.6,4.443,0.0,13.7593174,0.0,21.4223482054537,0.0,1.25376358938889,1.25376358938889,0.0,,0.49952,0.0,0.0,28.12999999999999
216.0,13.3,0.7,713.6,0.0,0.0,0.0,16.0,20.0,19.0,18.0,19.0,18.0,18.0,18.0,18.0,0.49952,18.0,26.0,1019.43833333333,3669978.0,0.0,0.0,4.95555555555556,3.96444444444444,3.71666666666667,18.0,1572.8,1545.1,1175.7,1118.1,0.0,0.0,0.0,0.0,712.0,2430.0,3.7,9.0,3.7,78.0,0.0,1019.43833333333,0.0,50.0,20.0,20.0,19.0,59.0,21.5,20.5,21.0,21.5,23.0,16.0,16.0,0.0,6.55000000000001,86.0,20.0,13.809,716.9,34.68,14.003,25.0,-0.2,3.0,0.0,0.0,0.0,14.0,63.0,0.0,20.0,1.0,0.0,825.6,0.0,0.0,0.6,9.0,0.0,29.0,0.0,20.0,20.0,350.0,825.6,-50.0,0.0,0.0,0.0,0.0,400.0,0.0,0.0,0.0,0.0,0.0,0.0,49.0,713.6,4.443,0.0,13.7593174,0.0,21.4223482054537,0.0,1.25376358938889,1.25376358938889,0.0,,0.49952,0.0,0.0,28.12999999999999
217.0,13.3,0.7,713.6,0.0,0.0,0.0,16.0,20.0,19.0,18.0,19.0,18.0,18.0,18.0,18.0,0.49952,18.0,26.0,1019.43833333333,3669978.0,0.0,0.0,4.95555555555556,3.96444444444444,3.71666666666667,18.0,1572.8,1545.1,1175.7,1118.1,0.0,0.0,0.0,0.0,712.0,2430.0,3.7,9.0,3.7,78.0,0.0,1019.43833333333,0.0,50.0,20.0,20.0,19.0,59.0,21.5,20.5,21.0,21.5,23.0,16.0,16.0,0.0,6.35000000000002,86.0,20.0,13.809,716.6,33.87,13.981,25.0,-0.2,3.0,0.0,0.0,0.0,14.0,63.0,0.0,20.0,1.0,0.0,825.6,0.0,0.0,0.6,9.0,0.0,29.0,0.0,20.0,20.0,350.0,825.6,-50.0,0.0,0.0,0.0,0.0,400.0,0.0,0.0,0.0,0.0,0.0,0.0,49.0,713.6,4.443,0.0,13.7495514,0.0,21.1899243625691,0.0,1.25376358938889,1.25376358938889,0.0,,0.49952,0.0,0.0,27.51999999999998
218.0,13.3,0.7,713.6,0.0,0.0,0.0,16.0,20.0,19.0,18.0,19.0,18.0,18.0,18.0,18.0,0.49952,18.0,26.0,1019.43833333333,3669978.0,0.0,0.0,4.95555555555556,3.96444444444444,3.71666666666667,18.0,1572.8,1545.1,1175.7,1118.1,0.0,0.0,0.0,0.0,712.0,2430.0,3.7,9.0,3.7,78.0,0.0,1019.43833333333,0.0,50.0,20.0,20.0,19.0,59.0,21.5,20.5,21.0,21.5,23.0,16.0,16.0,0.0,6.35000000000002,86.0,20.0,13.809,716.6,33.87,13.981,25.0,-0.2,3.0,0.0,0.0,0.0,14.0,63.0,0.0,20.0,1.0,0.0,825.6,0.0,0.0,0.6,9.0,0.0,29.0,0.0,20.0,20.0,350.0,825.6,-50.0,0.0,0.0,0.0,0.0,400.0,0.0,0.0,0.0,0.0,0.0,0.0,49.0,713.6,4.443,0.0,13.7495514,0.0,21.1899243625691,0.0,1.25376358938889,1.25376358938889,0.0,,0.49952,0.0,0.0,27.51999999999998
219.0,13.3,0.7,713.6,0.0,0.0,0.0,16.0,20.0,19.0,18.0,19.0,18.0,18.0,18.0,18.0,0.49952,18.0,26.0,1019.43888888889,3669980.0,0.0,0.0,4.95555555555556,3.96444444444444,3.71666666666667,18.0,1572.8,1545.1,1175.7,1118.1,0.0,0.0,0.0,0.0,712.0,2430.0,3.7,9.0,3.7,77.0,0.0,1019.43888888889,0.0,50.0,20.5,20.5,19.0,59.0,21.5,20.5,21.0,21.5,23.0,16.0,16.0,0.0,5.97000000000003,86.0,20.0,13.793,716.6,33.99,13.986,25.0,-0.3,3.0,0.0,0.0,0.0,14.0,63.0,0.0,20.0,1.0,0.0,825.6,0.0,0.0,0.6,9.0,0.0,29.0,0.0,20.0,20.0,350.0,825.6,-50.0,0.0,0.0,0.0,0.0,400.0,0.0,0.0,0.0,0.0,0.0,0.0,49.0,713.6,4.443,0.0,13.7495514,0.0,20.9597683295642,0.0,1.25376358938889,1.25376358938889,0.0,,0.49952,0.0,0.0,28.01999999999997
220.0,13.3,0.7,713.6,0.0,0.0,0.0,16.0,20.0,19.0,18.0,19.0,18.0,18.0,18.0,18.0,0.49952,18.0,26.0,1019.43888888889,3669980.0,0.0,0.0,4.95555555555556,3.96444444444444,3.71666666666667,18.0,1572.8,1545.1,1175.7,1118.1,0.0,0.0,0.0,0.0,712.0,2430.0,3.7,9.0,3.7,77.0,0.0,1019.43888888889,0.0,50.0,20.5,20.5,19.0,59.0,21.5,20.5,21.0,21.5,23.0,16.0,16.0,0.0,5.97000000000003,86.0,20.0,13.793,716.6,33.99,13.986,25.0,-0.3,3.0,0.0,0.0,0.0,14.0,63.0,0.0,20.0,1.0,0.0,825.6,0.0,0.0,0.6,9.0,0.0,29.0,0.0,20.0,20.0,350.0,825.6,-50.0,0.0,0.0,0.0,0.0,400.0,0.0,0.0,0.0,0.0,0.0,0.0,49.0,713.6,4.442,0.0,13.7695717,0.0,20.9597683295642,0.0,1.25376358938889,1.25376358938889,0.0,,0.49952,0.0,0.0,28.01999999999997
221.0,13.3,0.7,713.6,0.0,0.0,0.0,16.0,20.0,19.0,18.0,19.0,18.0,18.0,18.0,18.0,0.49952,18.0,26.0,1019.43944444444,3669982.0,0.0,0.0,4.95555555555556,3.96444444444444,3.71666666666667,18.0,1572.8,1545.1,1175.7,1118.1,0.0,0.0,0.0,0.0,712.0,2430.0,3.7,9.0,3.7,77.0,0.0,1019.43944444444,0.0,50.0,20.0,20.0,19.0,59.0,21.5,20.5,21.0,21.5,23.0,16.0,16.0,0.0,6.0,86.0,20.0,13.793,717.0,33.66,13.99,25.0,-0.3,3.0,0.0,0.0,0.0,14.0,63.0,0.0,20.0,1.0,0.0,825.6,0.0,0.0,0.6,9.0,0.0,29.0,0.0,20.0,20.0,350.0,825.6,-50.0,0.0,0.0,0.0,0.0,400.0,0.0,0.0,0.0,0.0,0.0,0.0,49.0,713.6,4.442,0.0,13.7695717,0.0,20.7517376556308,0.0,1.25376358938889,1.25376358938889,0.0,,0.49952,0.0,0.0,27.659999999999997
222.0,13.3,0.7,713.6,0.0,0.0,0.0,16.0,20.0,19.0,18.0,19.0,18.0,18.0,18.0,18.0,0.49952,18.0,26.0,1019.43944444444,3669982.0,0.0,0.0,4.95555555555556,3.96444444444444,3.71666666666667,18.0,1572.8,1545.1,1175.7,1118.1,0.0,0.0,0.0,0.0,712.0,2430.0,3.7,9.0,3.7,77.0,0.0,1019.43944444444,0.0,50.0,20.0,20.0,19.0,59.0,21.5,20.5,21.0,21.5,23.0,16.0,16.0,0.0,6.0,86.0,20.0,13.793,717.0,33.66,13.99,25.0,-0.2,3.0,0.0,0.0,0.0,14.0,63.0,0.0,20.0,1.0,0.0,825.6,0.0,0.0,0.6,9.0,0.0,29.0,0.0,20.0,20.0,350.0,825.6,-50.0,0.0,0.0,0.0,0.0,400.0,0.0,0.0,0.0,0.0,0.0,0.0,49.0,713.6,4.442,0.0,13.7705483,0.0,20.7517376556308,0.0,1.25376358938889,1.25376358938889,0.0,,0.49952,0.0,0.0,27.659999999999997
223.0,13.3,0.8,713.7,0.0,0.0,0.0,16.0,20.0,19.0,18.0,19.0,18.0,18.0,18.0,18.0,0.57096,18.0,26.0,1019.44,3669984.0,0.0,0.0,4.95625,3.965,3.7171875,18.0,1572.8,1545.1,1175.7,1118.1,0.0,0.0,0.0,0.0,712.0,2428.0,3.7,11.0,3.7,41.0,0.0,1019.44,0.0,50.0,20.5,20.5,19.0,59.0,21.5,20.5,21.0,21.5,23.0,16.0,16.0,0.0,6.0,86.0,20.0,13.793,717.0,33.66,13.99,25.0,-0.2,3.0,0.0,0.0,0.0,14.0,63.0,0.0,20.0,1.0,0.0,825.6,0.0,0.0,0.6,9.0,0.0,29.0,0.0,20.0,20.0,350.0,825.6,-50.0,0.0,0.0,0.0,0.0,400.0,0.0,0.0,0.0,0.0,0.0,0.0,49.0,713.6,4.442,0.0,13.7705483,0.0,20.5388283804924,0.0,1.25376358938889,1.25376358938889,0.0,,0.49959,0.0,0.0,27.659999999999997
224.0,13.3,0.8,713.7,0.0,0.0,0.0,16.0,20.0,19.0,18.0,19.0,18.0,18.0,18.0,18.0,0.57096,18.0,26.0,1019.44,3669984.0,0.0,0.0,4.95625,3.965,3.7171875,18.0,1572.8,1545.1,1175.7,1118.1,0.0,0.0,0.0,0.0,712.0,2428.0,3.7,11.0,3.7,41.0,0.0,1019.44,0.0,50.0,20.5,20.5,19.0,59.0,21.5,20.5,21.0,21.5,23.0,16.0,16.0,0.0,5.95999999999998,86.0,20.0,13.793,717.0,33.96,13.985,25.0,-0.2,3.0,0.0,0.0,0.0,14.0,63.0,0.0,20.0,1.0,0.0,825.6,0.0,0.0,0.6,9.0,0.0,29.0,0.0,20.0,20.0,350.0,825.6,-50.0,0.0,0.0,0.0,0.0,400.0,0.0,0.0,0.0,0.0,0.0,0.0,49.0,713.6,4.442,0.0,13.7705483,0.0,20.5388283804924,0.0,1.25376358938889,1.25376358938889,0.0,,0.49959,0.0,0.0,28.00000000000002
225.0,13.3,0.7,713.7,0.0,0.0,0.0,16.0,20.0,19.0,18.0,19.0,18.0,18.0,18.0,18.0,0.49959,18.0,26.0,1019.44083333333,3669987.0,0.0,0.0,4.95625,3.965,3.7171875,18.0,1572.8,1545.1,1175.7,1118.1,0.0,0.0,0.0,0.0,712.0,2428.0,3.7,9.0,3.7,40.0,0.0,1019.44083333333,0.0,50.0,20.5,20.5,19.0,59.0,21.5,20.5,21.0,21.5,23.0,16.0,16.0,0.0,5.95999999999998,86.0,20.0,13.793,717.0,33.96,13.985,25.0,-0.2,3.0,0.0,0.0,0.0,14.0,63.0,0.0,20.0,1.0,0.0,825.6,0.0,0.0,0.6,9.0,0.0,29.0,0.0,20.0,20.0,350.0,825.6,-50.0,0.0,0.0,0.0,0.0,400.0,0.0,0.0,0.0,0.0,0.0,0.0,49.0,713.7,4.443,0.0,13.7705483,0.0,20.5388283804924,0.0,1.25376358938889,1.25376358938889,0.0,,0.57096,0.0,0.0,28.00000000000002
226.0,13.3,0.7,713.7,0.0,0.0,0.0,16.0,20.0,19.0,18.0,19.0,18.0,18.0,18.0,18.0,0.49959,18.0,26.0,1019.44083333333,3669987.0,0.0,0.0,4.95625,3.965,3.7171875,18.0,1572.8,1545.1,1175.7,1118.1,0.0,0.0,0.0,0.0,712.0,2428.0,3.7,9.0,3.7,40.0,0.0,1019.44083333333,0.0,50.0,20.0,20.0,19.0,60.0,21.5,20.5,21.0,21.5,23.0,16.0,16.0,0.0,5.85000000000002,86.0,20.0,13.798,716.7,33.92,13.986,25.0,-0.1,3.0,0.0,0.0,0.0,14.0,63.0,0.0,20.0,1.0,0.0,825.6,0.0,0.0,0.6,9.0,0.0,29.0,0.0,20.0,20.0,350.0,825.6,-50.0,0.0,0.0,0.0,0.0,400.0,0.0,0.0,0.0,0.0,0.0,0.0,49.0,713.7,4.443,0.0,13.7705483,0.0,20.3309490739065,0.0,1.25376358938889,1.25376358938889,0.0,,0.57096,0.0,0.0,28.069999999999983
227.0,13.3,0.7,713.7,0.0,0.0,0.0,16.0,20.0,19.0,18.0,19.0,18.0,18.0,18.0,18.0,0.49959,18.0,26.0,1019.44083333333,3669987.0,0.0,0.0,4.95625,3.965,3.7171875,18.0,1572.8,1545.1,1175.7,1118.1,0.0,0.0,0.0,0.0,712.0,2428.0,3.7,9.0,3.7,40.0,0.0,1019.44083333333,0.0,50.0,20.0,20.0,19.0,60.0,21.5,20.5,21.0,21.5,23.0,16.0,16.0,0.0,5.85000000000002,86.0,20.0,13.798,716.7,33.92,13.986,25.0,-0.1,3.0,0.0,0.0,0.0,14.0,63.0,0.0,20.0,1.0,0.0,825.6,0.0,0.0,0.6,9.0,0.0,29.0,0.0,20.0,20.0,350.0,825.6,-50.0,0.0,0.0,0.0,0.0,400.0,0.0,0.0,0.0,0.0,0.0,0.0,49.0,713.7,4.442,0.0,13.7705483,0.0,20.3309490739065,0.0,1.25376358938889,1.25376358938889,0.0,,0.57096,0.0,0.0,28.069999999999983
228.0,13.3,0.7,713.7,0.0,0.0,0.0,16.0,20.0,19.0,18.0,19.0,18.0,18.0,18.0,18.0,0.49959,18.0,26.0,1019.44138888889,3669989.0,0.0,0.0,4.95625,3.965,3.7171875,18.0,1572.8,1545.1,1175.7,1118.1,0.0,0.0,0.0,0.0,712.0,2428.0,3.7,9.0,3.7,78.0,0.0,1019.44138888889,0.0,50.0,20.5,20.5,19.0,60.0,21.5,20.5,21.0,21.5,23.0,16.0,16.0,0.0,6.11000000000001,86.0,20.0,13.81,716.6,33.47,13.994,25.0,-0.2,3.0,0.0,0.0,0.0,14.0,63.0,0.0,20.0,1.0,0.0,825.6,0.0,0.0,0.6,9.0,0.0,29.0,0.0,20.0,20.0,350.0,825.6,-50.0,0.0,0.0,0.0,0.0,400.0,0.0,0.0,0.0,0.0,0.0,0.0,49.0,713.7,4.442,0.0,13.7705483,0.0,20.1188880600491,0.0,1.25376358938889,1.25376358938889,0.0,,0.49959,0.0,0.0,27.35999999999999
229.0,13.3,0.7,713.7,0.0,0.0,0.0,16.0,20.0,19.0,18.0,19.0,18.0,18.0,18.0,18.0,0.49959,18.0,26.0,1019.44138888889,3669989.0,0.0,0.0,4.95625,3.965,3.7171875,18.0,1572.8,1545.1,1175.7,1118.1,0.0,0.0,0.0,0.0,712.0,2428.0,3.7,9.0,3.7,78.0,0.0,1019.44138888889,0.0,50.0,20.5,20.5,19.0,60.0,21.5,20.5,21.0,21.5,23.0,16.0,16.0,0.0,6.11000000000001,86.0,20.0,13.81,716.6,33.47,13.994,25.0,-0.2,3.0,0.0,0.0,0.0,14.0,63.0,0.0,20.0,1.0,0.0,825.6,0.0,0.0,0.6,9.0,0.0,29.0,0.0,20.0,20.0,350.0,825.6,-50.0,0.0,0.0,0.0,0.0,400.0,0.0,0.0,0.0,0.0,0.0,0.0,49.0,713.7,4.442,0.0,13.7515046,0.0,20.1188880600491,0.0,1.25376358938889,1.25376358938889,0.0,,0.49959,0.0,0.0,27.35999999999999
230.0,13.3,0.7,713.7,0.0,0.0,0.0,16.0,20.0,19.0,18.0,19.0,18.0,18.0,18.0,18.0,0.49959,18.0,26.0,1019.44194444444,3669991.0,0.0,0.0,4.95625,3.965,3.7171875,18.0,1572.8,1545.1,1175.7,1118.1,0.0,0.0,0.0,0.0,712.0,2428.0,3.7,9.0,3.7,77.0,0.0,1019.44194444444,0.0,50.0,20.5,20.5,19.0,60.0,21.5,20.5,21.0,21.5,23.0,16.0,16.0,0.0,6.19999999999999,86.0,20.0,13.81,717.0,34.02,13.998,26.0,-0.2,3.0,0.0,0.0,0.0,14.0,63.0,0.0,20.0,1.0,0.0,825.6,0.0,0.0,0.6,9.0,0.0,29.0,0.0,20.0,20.0,350.0,825.6,-50.0,0.0,0.0,0.0,0.0,400.0,0.0,0.0,0.0,0.0,0.0,0.0,49.0,713.7,4.442,0.0,13.7515046,0.0,19.9270390941268,0.0,1.25376358938889,1.25376358938889,0.0,,0.49959,0.0,0.0,27.820000000000014
231.0,13.3,0.7,713.7,0.0,0.0,0.0,16.0,20.0,19.0,18.0,19.0,18.0,18.0,18.0,18.0,0.49959,18.0,26.0,1019.44194444444,3669991.0,0.0,0.0,4.95625,3.965,3.7171875,18.0,1572.8,1545.1,1175.7,1118.1,0.0,0.0,0.0,0.0,712.0,2428.0,3.7,9.0,3.7,77.0,0.0,1019.44194444444,0.0,50.0,20.5,20.5,19.0,60.0,21.5,20.5,21.0,21.5,23.0,16.0,16.0,0.0,6.19999999999999,86.0,20.0,13.81,717.0,34.02,13.998,26.0,-0.1,3.0,0.0,0.0,0.0,14.0,63.0,0.0,20.0,1.0,0.0,825.6,0.0,0.0,0.6,9.0,0.0,29.0,0.0,20.0,20.0,350.0,825.6,-50.0,0.0,0.0,0.0,0.0,400.0,0.0,0.0,0.0,0.0,0.0,0.0,49.0,713.7,4.442,0.0,13.7515046,0.0,19.9270390941268,0.0,1.25376358938889,1.25376358938889,0.0,,0.49959,0.0,0.0,27.820000000000014
232.0,13.3,0.7,713.7,0.0,0.0,0.0,16.0,20.0,19.0,18.0,19.0,18.0,18.0,18.0,18.0,0.49959,18.0,26.0,1019.44277777778,3669994.0,0.0,0.0,4.95625,3.965,3.7171875,18.0,1572.8,1545.1,1175.7,1118.1,0.0,0.0,0.0,0.0,712.0,2424.0,3.72,9.0,3.7,41.0,0.0,1019.44277777778,0.0,50.0,20.0,20.0,19.0,60.0,21.5,20.5,21.0,21.5,23.0,16.0,16.0,0.0,6.19999999999999,86.0,20.0,13.81,717.0,34.02,13.998,26.0,-0.1,3.0,0.0,0.0,0.0,14.0,63.0,0.0,20.0,1.0,0.0,825.6,0.0,0.0,0.6,9.0,0.0,29.0,0.0,20.0,20.0,350.0,825.6,-50.0,0.0,0.0,0.0,0.0,400.0,0.0,0.0,0.0,0.0,0.0,0.0,49.0,713.7,4.443,0.0,13.7515046,0.0,19.7232890935046,0.0,1.25376358938889,1.25376358938889,0.0,,0.49959,0.0,0.0,27.820000000000014
233.0,13.3,0.7,713.7,0.0,0.0,0.0,16.0,20.0,19.0,18.0,19.0,18.0,18.0,18.0,18.0,0.49959,18.0,26.0,1019.44277777778,3669994.0,0.0,0.0,4.95625,3.965,3.7171875,18.0,1572.8,1545.1,1175.7,1118.1,0.0,0.0,0.0,0.0,712.0,2424.0,3.72,9.0,3.7,41.0,0.0,1019.44277777778,0.0,50.0,20.0,20.0,19.0,60.0,21.5,20.5,21.0,21.5,23.0,16.0,16.0,0.0,5.88,86.0,20.0,13.794,716.9,34.04,14.015,25.0,-0.1,3.0,0.0,0.0,0.0,14.0,63.0,0.0,20.0,1.0,0.0,825.6,0.0,0.0,0.6,9.0,0.0,29.0,0.0,20.0,20.0,350.0,825.6,-50.0,0.0,0.0,0.0,0.0,400.0,0.0,0.0,0.0,0.0,0.0,0.0,49.0,713.7,4.443,0.0,13.760294,0.0,19.7232890935046,0.0,1.25376358938889,1.25376358938889,0.0,,0.49959,0.0,0.0,28.16
234.0,13.3,0.7,713.7,0.0,0.0,0.0,16.0,20.0,19.0,18.0,19.0,18.0,18.0,18.0,18.0,0.49959,18.0,26.0,1019.44333333333,3669996.0,0.0,0.0,4.95625,3.965,3.7171875,18.0,1572.8,1545.1,1175.7,1118.1,0.0,0.0,0.0,0.0,712.0,2424.0,3.7,9.0,3.7,77.0,0.0,1019.44333333333,0.0,50.0,20.0,20.0,19.0,60.0,21.5,20.5,21.0,21.5,23.0,16.0,16.0,0.0,5.88,86.0,20.0,13.794,716.9,34.04,14.015,25.0,-0.1,3.0,0.0,0.0,0.0,14.0,63.0,0.0,20.0,1.0,0.0,825.6,0.0,0.0,0.6,9.0,0.0,29.0,0.0,20.0,20.0,350.0,825.6,-50.0,0.0,0.0,0.0,0.0,400.0,0.0,0.0,0.0,0.0,0.0,0.0,49.0,713.7,4.442,0.0,13.760294,0.0,19.7232890935046,0.0,1.25376358938889,1.25376358938889,0.0,,0.49959,0.0,0.0,28.16
235.0,13.3,0.7,713.7,0.0,0.0,0.0,16.0,20.0,19.0,18.0,19.0,18.0,18.0,18.0,18.0,0.49959,18.0,26.0,1019.44333333333,3669996.0,0.0,0.0,4.95625,3.965,3.7171875,18.0,1572.8,1545.1,1175.7,1118.1,0.0,0.0,0.0,0.0,712.0,2424.0,3.7,9.0,3.7,77.0,0.0,1019.44333333333,0.0,50.0,20.0,20.0,19.0,60.0,21.5,20.5,21.0,21.5,23.0,16.0,16.0,0.0,5.81999999999999,86.0,20.0,13.792,716.8,33.92,14.014,25.0,-0.1,3.0,0.0,0.0,0.0,14.0,63.0,0.0,20.0,1.0,0.0,825.6,0.0,0.0,0.6,9.0,0.0,29.0,0.0,20.0,20.0,350.0,825.6,-50.0,0.0,0.0,0.0,0.0,400.0,0.0,0.0,0.0,0.0,0.0,0.0,49.0,713.7,4.442,0.0,13.760294,0.0,19.5388592694748,0.0,1.25376358938889,1.25376358938889,0.0,,0.49959,0.0,0.0,28.100000000000012
236.0,13.3,0.7,713.7,0.0,0.0,0.0,16.0,20.0,19.0,18.0,19.0,18.0,18.0,18.0,18.0,0.49959,18.0,26.0,1019.44333333333,3669996.0,0.0,0.0,4.95625,3.965,3.7171875,18.0,1572.8,1545.1,1175.7,1118.1,0.0,0.0,0.0,0.0,712.0,2424.0,3.7,9.0,3.7,77.0,0.0,1019.44333333333,0.0,50.0,20.0,20.0,19.0,60.0,21.5,20.5,21.0,21.5,23.0,16.0,16.0,0.0,5.81999999999999,86.0,20.0,13.792,716.8,33.92,14.014,25.0,-0.1,3.0,0.0,0.0,0.0,14.0,63.0,0.0,20.0,1.0,0.0,825.6,0.0,0.0,0.6,9.0,0.0,29.0,0.0,20.0,20.0,350.0,825.6,-50.0,0.0,0.0,0.0,0.0,400.0,0.0,0.0,0.0,0.0,0.0,0.0,49.0,713.7,4.442,0.0,13.760294,0.0,19.5388592694748,0.0,1.25376358938889,1.25376358938889,0.0,,0.49959,0.0,0.0,28.100000000000012
237.0,13.3,0.7,713.7,0.0,0.0,0.0,16.0,20.0,19.0,18.0,19.0,18.0,18.0,18.0,18.0,0.49959,18.0,26.0,1019.44388888889,3669998.0,0.0,0.0,4.95625,3.965,3.7171875,18.0,1572.8,1545.1,1175.7,1118.1,0.0,0.0,0.0,0.0,712.0,2424.0,3.7,9.0,3.7,77.0,0.0,1019.44388888889,0.0,50.0,20.0,20.0,19.0,60.0,21.5,20.5,21.0,21.5,23.0,16.0,16.0,0.0,5.75,86.0,20.0,13.795,717.0,33.24,13.988,26.0,-0.1,3.0,0.0,0.0,0.0,14.0,63.0,0.0,20.0,1.0,0.0,825.6,0.0,0.0,0.6,9.0,0.0,29.0,0.0,20.0,20.0,350.0,825.6,-50.0,0.0,0.0,0.0,0.0,400.0,0.0,0.0,0.0,0.0,0.0,0.0,49.0,713.7,4.442,0.0,13.760294,0.0,19.3503182473784,0.0,1.25376358938889,1.25376358938889,0.0,,0.49959,0.0,0.0,27.490000000000002
238.0,13.3,0.7,713.7,0.0,0.0,0.0,16.0,20.0,19.0,18.0,19.0,18.0,18.0,18.0,18.0,0.49959,18.0,26.0,1019.44388888889,3669998.0,0.0,0.0,4.95625,3.965,3.7171875,18.0,1572.8,1545.1,1175.7,1118.1,0.0,0.0,0.0,0.0,712.0,2424.0,3.7,9.0,3.7,77.0,0.0,1019.44388888889,0.0,50.0,20.0,20.0,19.0,60.0,21.5,20.5,21.0,21.5,23.0,16.0,16.0,0.0,5.75,86.0,20.0,13.795,717.0,33.24,13.988,26.0,-0.1,3.0,0.0,0.0,0.0,14.0,63.0,0.0,20.0,1.0,0.0,825.6,0.0,0.0,0.6,9.0,0.0,29.0,0.0,20.0,20.0,350.0,825.6,-50.0,0.0,0.0,0.0,0.0,400.0,0.0,0.0,0.0,0.0,0.0,0.0,49.0,713.7,4.442,0.0,13.7705483,0.0,19.3503182473784,0.0,1.25376358938889,1.25376358938889,0.0,,0.49959,0.0,0.0,27.490000000000002
239.0,13.3,0.7,713.7,0.0,0.0,0.0,16.0,20.0,19.0,18.0,19.0,18.0,18.0,18.0,18.0,0.49959,18.0,26.0,1019.44444444444,3670000.0,0.0,0.0,4.95625,3.965,3.7171875,18.0,1572.8,1545.1,1175.7,1118.1,0.0,0.0,0.0,0.0,712.0,2424.0,3.7,9.0,3.7,61.0,0.0,1019.44444444444,0.0,50.0,20.0,20.0,19.0,60.0,21.5,20.5,21.0,21.5,23.0,16.0,16.0,0.0,5.69,86.0,20.0,13.795,716.6,33.2,13.998,26.0,-0.1,3.0,0.0,0.0,0.0,14.0,63.0,0.0,20.0,1.0,0.0,825.6,0.0,0.0,0.6,9.0,0.0,29.0,0.0,20.0,20.0,350.0,825.6,-50.0,0.0,0.0,0.0,0.0,400.0,0.0,0.0,0.0,0.0,0.0,0.0,49.0,713.7,4.442,0.0,13.7705483,0.0,19.1632517584378,0.0,1.25376358938889,1.25376358938889,0.0,,0.49959,0.0,0.0,27.51
240.0,13.3,0.7,713.7,0.0,0.0,0.0,16.0,20.0,19.0,18.0,19.0,18.0,18.0,18.0,18.0,0.49959,18.0,26.0,1019.44444444444,3670000.0,0.0,0.0,4.95625,3.965,3.7171875,18.0,1572.8,1545.1,1175.7,1118.1,0.0,0.0,0.0,0.0,712.0,2424.0,3.7,9.0,3.7,61.0,0.0,1019.44444444444,0.0,50.0,20.0,20.0,19.0,60.0,21.5,20.5,21.0,21.5,23.0,16.0,16.0,0.0,5.69,86.0,20.0,13.795,716.6,33.2,13.998,26.0,-0.2,3.0,0.0,0.0,0.0,14.0,63.0,0.0,20.0,1.0,0.0,825.6,0.0,0.0,0.6,9.0,0.0,29.0,0.0,20.0,20.0,350.0,825.6,-50.0,0.0,0.0,0.0,0.0,400.0,0.0,0.0,0.0,0.0,0.0,0.0,49.0,713.7,4.442,0.0,13.7695717,0.0,19.1632517584378,0.0,1.25376358938889,1.25376358938889,0.0,,0.49959,0.0,0.0,27.51
241.0,13.3,0.7,713.7,0.0,0.0,0.0,16.0,20.0,19.0,18.0,19.0,18.0,18.0,18.0,18.0,0.49959,18.0,26.0,1019.44527777778,3670003.0,0.0,0.0,4.95625,3.965,3.7171875,18.0,1572.8,1545.1,1175.7,1118.1,0.0,0.0,0.0,0.0,712.0,2428.0,3.72,24.0,3.7,77.0,0.0,1019.44527777778,0.0,50.0,20.5,20.5,19.0,60.0,21.5,20.5,21.0,21.5,23.0,16.0,16.0,0.0,5.69,86.0,20.0,13.795,716.6,33.2,13.998,26.0,-0.2,3.0,0.0,0.0,0.0,14.0,63.0,0.0,20.0,1.0,0.0,825.6,0.0,0.0,0.6,9.0,0.0,29.0,0.0,20.0,20.0,350.0,825.6,-50.0,0.0,0.0,0.0,0.0,400.0,0.0,0.0,0.0,0.0,0.0,0.0,49.0,713.7,4.441,0.0,13.7695717,0.0,19.1632517584378,0.0,1.25376358938889,1.25376358938889,0.0,,0.49959,0.0,0.0,27.51
242.0,13.3,0.7,713.7,0.0,0.0,0.0,16.0,20.0,19.0,18.0,19.0,18.0,18.0,18.0,18.0,0.49959,18.0,26.0,1019.44527777778,3670003.0,0.0,0.0,4.95625,3.965,3.7171875,18.0,1572.8,1545.1,1175.7,1118.1,0.0,0.0,0.0,0.0,712.0,2428.0,3.72,24.0,3.7,77.0,0.0,1019.44527777778,0.0,50.0,20.5,20.5,19.0,60.0,21.5,20.5,20.5,21.5,23.0,16.0,16.0,0.0,5.57999999999998,86.0,20.0,13.8,716.7,33.37,13.985,25.0,-0.1,3.0,0.0,0.0,0.0,14.0,63.0,0.0,20.0,1.0,0.0,825.6,0.0,0.0,0.6,9.0,0.0,29.0,0.0,20.0,20.0,350.0,825.6,-50.0,0.0,0.0,0.0,0.0,400.0,0.0,0.0,0.0,0.0,0.0,0.0,49.0,713.7,4.441,0.0,13.760294,0.0,18.9721362179,0.0,1.25376358938889,1.25376358938889,0.0,,0.49959,0.0,0.0,27.790000000000017
243.0,13.3,0.7,713.7,0.0,0.0,0.0,16.0,20.0,19.0,18.0,19.0,18.0,18.0,18.0,18.0,0.49959,18.0,26.0,1019.44527777778,3670003.0,0.0,0.0,4.95625,3.965,3.7171875,18.0,1572.8,1545.1,1175.7,1118.1,0.0,0.0,0.0,0.0,712.0,2428.0,3.72,24.0,3.7,77.0,0.0,1019.44527777778,0.0,50.0,20.5,20.5,19.0,60.0,21.5,20.5,20.5,21.5,23.0,16.0,16.0,0.0,5.57999999999998,86.0,20.0,13.8,716.7,33.37,13.985,25.0,-0.1,3.0,0.0,0.0,0.0,14.0,63.0,0.0,20.0,1.0,0.0,825.6,0.0,0.0,0.6,9.0,0.0,29.0,0.0,20.0,20.0,350.0,825.6,-50.0,0.0,0.0,0.0,0.0,400.0,0.0,0.0,0.0,0.0,0.0,0.0,49.0,713.8,4.443,0.0,13.760294,0.0,18.9721362179,0.0,1.25376358938889,1.25376358938889,0.0,,0.49959,0.0,0.0,27.790000000000017
244.0,13.3,0.7,713.7,0.0,0.0,0.0,16.0,20.0,19.0,18.0,19.0,18.0,18.0,18.0,18.0,0.49959,18.0,26.0,1019.44583333333,3670005.0,0.0,0.0,4.95625,3.965,3.7171875,18.0,1572.8,1545.1,1175.7,1118.1,0.0,0.0,0.0,0.0,712.0,2428.0,3.72,24.0,3.7,78.0,0.0,1019.44583333333,0.0,50.0,20.0,20.0,19.0,60.0,21.5,20.5,20.5,21.5,23.0,16.0,16.0,0.0,5.66000000000003,86.0,20.0,13.795,716.7,33.36,13.986,25.0,-0.2,3.0,0.0,0.0,0.0,14.0,63.0,0.0,20.0,1.0,0.0,825.6,0.0,0.0,0.6,9.0,0.0,29.0,0.0,20.0,20.0,350.0,825.6,-50.0,0.0,0.0,0.0,0.0,400.0,0.0,0.0,0.0,0.0,0.0,0.0,49.0,713.8,4.443,0.0,13.760294,0.0,18.7868712281907,0.0,1.25376358938889,1.25376358938889,0.0,,0.49959,0.0,0.0,27.699999999999967
245.0,13.3,0.7,713.7,0.0,0.0,0.0,16.0,20.0,19.0,18.0,19.0,18.0,18.0,18.0,18.0,0.49959,18.0,26.0,1019.44583333333,3670005.0,0.0,0.0,4.95625,3.965,3.7171875,18.0,1572.8,1545.1,1175.7,1118.1,0.0,0.0,0.0,0.0,712.0,2428.0,3.72,24.0,3.7,78.0,0.0,1019.44583333333,0.0,50.0,20.0,20.0,19.0,60.0,21.5,20.5,20.5,21.5,23.0,16.0,16.0,0.0,5.66000000000003,86.0,20.0,13.795,716.7,33.36,13.986,25.0,-0.2,3.0,0.0,0.0,0.0,14.0,63.0,0.0,20.0,1.0,0.0,825.6,0.0,0.0,0.6,9.0,0.0,29.0,0.0,20.0,20.0,350.0,825.6,-50.0,0.0,0.0,0.0,0.0,400.0,0.0,0.0,0.0,0.0,0.0,0.0,49.0,713.8,4.443,0.0,13.7705483,0.0,18.7868712281907,0.0,1.25376358938889,1.25376358938889,0.0,,0.49959,0.0,0.0,27.699999999999967
246.0,13.3,0.7,713.8,0.0,0.0,0.0,16.0,20.0,19.0,18.0,19.0,18.0,18.0,18.0,18.0,0.49966,18.0,26.0,1019.44638888889,3670007.0,0.0,0.0,4.95694444444444,3.96555555555556,3.71770833333333,18.0,1572.8,1545.1,1175.7,1118.1,0.0,0.0,0.0,0.0,712.0,2428.0,3.72,34.0,3.7,77.0,0.0,1019.44638888889,0.0,50.0,20.0,20.0,19.0,60.0,21.5,20.5,20.5,21.5,23.0,16.0,16.0,0.0,5.74000000000001,86.0,20.0,13.813,716.8,33.43,13.987,26.0,-0.2,3.0,0.0,0.0,0.0,14.0,63.0,0.0,20.0,1.0,0.0,825.6,0.0,0.0,0.6,9.0,0.0,29.0,0.0,20.0,20.0,350.0,825.6,-50.0,0.0,0.0,0.0,0.0,400.0,0.0,0.0,0.0,0.0,0.0,0.0,49.0,713.8,4.443,0.0,13.7705483,0.0,18.6198747052571,0.0,1.25376358938889,1.25376358938889,0.0,,0.49966,0.0,0.0,27.68999999999999
247.0,13.3,0.7,713.8,0.0,0.0,0.0,16.0,20.0,19.0,18.0,19.0,18.0,18.0,18.0,18.0,0.49966,18.0,26.0,1019.44638888889,3670007.0,0.0,0.0,4.95694444444444,3.96555555555556,3.71770833333333,18.0,1572.8,1545.1,1175.7,1118.1,0.0,0.0,0.0,0.0,712.0,2428.0,3.72,34.0,3.7,77.0,0.0,1019.44638888889,0.0,50.0,20.0,20.0,19.0,60.0,21.5,20.5,20.5,21.5,23.0,16.0,16.0,0.0,5.74000000000001,86.0,20.0,13.813,716.8,33.43,13.987,26.0,-0.1,3.0,0.0,0.0,0.0,14.0,63.0,0.0,20.0,1.0,0.0,825.6,0.0,0.0,0.6,9.0,0.0,29.0,0.0,20.0,20.0,350.0,825.6,-50.0,0.0,0.0,0.0,0.0,400.0,0.0,0.0,0.0,0.0,0.0,0.0,49.0,713.8,4.443,0.0,13.760294,0.0,18.6198747052571,0.0,1.25376358938889,1.25376358938889,0.0,,0.49966,0.0,0.0,27.68999999999999
248.0,13.4,4.9,713.4,0.0,0.0,0.0,16.0,20.0,19.0,18.0,19.0,18.0,18.0,18.0,18.0,3.49566,18.0,26.0,1019.44694444444,3670009.0,0.0,0.0,4.95416666666667,3.96333333333333,3.715625,18.0,1572.8,1545.1,1175.7,1118.1,0.0,156.0,0.0,0.0,711.0,2428.0,3.7,6.0,3.7,77.0,0.0,1019.44694444444,0.0,50.0,20.0,20.0,19.0,60.0,22.0,20.5,20.5,22.0,23.0,16.0,16.0,4.0,5.74000000000001,86.0,20.0,13.813,716.8,33.43,13.987,26.0,-0.1,3.0,0.0,0.0,0.0,14.0,63.0,0.0,20.0,1.0,0.0,825.6,0.0,0.0,0.6,9.0,0.0,29.0,0.0,20.0,20.0,350.0,825.6,-50.0,0.0,0.0,0.0,0.0,400.0,0.0,0.0,0.0,0.0,0.0,0.0,49.0,713.7,4.443,0.0,13.760294,0.0,18.4802249399086,0.0,1.2563611395,1.2563611395,1.14427604515313,87.3915,0.49938,0.0,0.0123004394207282,27.68999999999999
249.0,13.4,4.9,713.4,0.0,0.0,0.0,16.0,20.0,19.0,18.0,19.0,18.0,18.0,18.0,18.0,3.49566,18.0,26.0,1019.44694444444,3670009.0,0.0,0.0,4.95416666666667,3.96333333333333,3.715625,18.0,1572.8,1545.1,1175.7,1118.1,0.0,156.0,0.0,0.0,711.0,2428.0,3.7,6.0,3.7,77.0,0.0,1019.44694444444,0.0,50.0,20.0,20.0,19.0,60.0,22.0,20.5,20.5,22.0,23.0,16.0,16.0,4.0,5.63999999999999,86.0,20.0,13.819,715.6,28.78,13.981,25.0,-5.6,3.0,0.0,0.0,0.0,14.0,63.0,0.0,20.0,1.0,0.0,825.6,0.0,0.0,0.6,9.0,0.0,29.0,0.0,20.0,20.0,350.0,825.6,-50.0,0.0,0.0,0.0,0.0,400.0,0.0,0.0,0.0,0.0,0.0,0.0,49.0,713.7,4.443,71.87408,13.7715249,8.265625,18.4802249399086,0.0,1.2563611395,1.2563611395,1.14427604515313,87.3915,0.49938,0.0,0.0123004394207282,23.14000000000001
250.0,13.3,30.2,710.7,0.0,0.0,0.0,16.0,20.0,19.0,18.0,19.0,18.0,18.0,18.0,18.0,21.46314,18.0,26.0,1019.44777777778,3670012.0,0.0,0.0,4.93541666666667,3.94833333333333,3.7015625,18.0,1572.8,1545.1,1175.7,1118.1,0.0,1366.0,0.0,0.0,709.0,2427.0,3.7,9.0,3.68,49.0,0.0,1019.44777777778,0.0,50.0,20.0,20.0,19.0,60.0,22.0,20.5,20.5,22.0,23.0,16.0,16.0,4.0,5.63999999999999,86.0,20.0,13.819,715.6,28.78,13.981,25.0,-5.6,3.0,0.0,0.0,0.0,14.0,63.0,0.0,20.0,1.0,0.0,825.6,0.0,0.0,0.6,9.0,0.0,29.0,0.0,20.0,20.0,350.0,825.6,-50.0,0.0,0.0,0.0,0.0,400.0,0.0,0.0,0.0,0.0,0.0,0.0,49.0,711.1,4.443,71.87408,13.7715249,8.265625,18.4802249399086,0.0,1.2563611395,1.2563611395,1.14427604515313,87.3915,3.48243,0.0,0.0123004394207282,23.14000000000001
251.0,13.3,30.2,710.7,0.0,0.0,0.0,16.0,20.0,19.0,18.0,19.0,18.0,18.0,18.0,18.0,21.46314,18.0,26.0,1019.44777777778,3670012.0,0.0,0.0,4.93541666666667,3.94833333333333,3.7015625,18.0,1572.8,1545.1,1175.7,1118.1,0.0,1366.0,0.0,0.0,709.0,2427.0,3.7,9.0,3.68,49.0,0.0,1019.44777777778,0.0,50.0,20.0,20.0,19.0,61.0,22.0,20.5,20.5,22.0,23.0,16.0,16.0,19.0,5.66000000000003,86.0,20.0,13.817,713.2,29.74,13.99,25.0,0.0,3.0,0.0,0.0,0.0,14.0,63.0,0.0,20.0,1.0,0.0,825.6,0.0,0.0,0.6,9.0,0.0,29.0,0.0,20.0,20.0,350.0,825.6,-50.0,0.0,0.0,0.0,0.0,400.0,0.0,0.0,0.0,0.0,0.0,0.0,49.0,711.1,4.443,56.44459,13.7803143,20.0,18.4850961714845,0.0,1.26858109030556,1.26858109030556,0.885238599757538,112.963894736842,3.48243,0.0,0.0587921292531976,24.07999999999997
252.0,13.3,30.2,710.7,0.0,0.0,0.0,16.0,20.0,19.0,18.0,19.0,18.0,18.0,18.0,18.0,21.46314,18.0,26.0,1019.44777777778,3670012.0,0.0,0.0,4.93541666666667,3.94833333333333,3.7015625,18.0,1572.8,1545.1,1175.7,1118.1,0.0,1366.0,0.0,0.0,709.0,2427.0,3.7,9.0,3.68,49.0,0.0,1019.44777777778,0.0,50.0,20.0,20.0,19.0,61.0,22.0,20.5,20.5,22.0,23.0,16.0,16.0,19.0,5.66000000000003,86.0,20.0,13.817,713.2,29.74,13.99,25.0,0.0,3.0,0.0,0.0,0.0,14.0,63.0,0.0,20.0,1.0,0.0,825.6,0.0,0.0,0.6,9.0,0.0,29.0,0.0,20.0,20.0,350.0,825.6,-50.0,0.0,0.0,0.0,0.0,400.0,0.0,0.0,0.0,0.0,0.0,0.0,49.0,710.9,4.443,56.44459,13.7803143,20.0,18.4850961714845,0.0,1.26858109030556,1.26858109030556,0.885238599757538,112.963894736842,3.48243,0.0,0.0587921292531976,24.07999999999997
253.0,13.3,25.0,710.9,0.0,0.0,0.0,16.0,20.0,19.0,18.0,19.0,18.0,18.0,18.0,18.0,17.7725,18.0,26.0,1019.44833333333,3670014.0,0.0,0.0,4.93680555555556,3.94944444444444,3.70260416666667,18.0,1572.8,1545.2,1175.7,1118.1,0.0,2154.0,0.0,0.0,709.0,2427.0,3.7,11.0,3.7,77.0,0.0,1019.44833333333,0.0,50.0,20.0,20.0,19.0,61.0,22.0,20.5,20.5,22.0,23.0,16.0,16.0,28.0,5.56,86.0,20.0,13.819,713.3,29.44,13.982,25.0,0.0,3.0,0.0,0.0,0.0,14.0,63.0,0.0,20.0,1.0,0.0,825.6,0.0,0.0,0.6,9.0,0.0,29.0,0.0,20.0,20.0,350.0,825.6,-50.0,0.0,0.0,0.0,0.0,400.0,0.0,0.0,0.0,0.0,0.0,0.0,49.0,710.9,4.443,56.44459,13.7803143,20.0,18.5743075435134,0.0,1.28676812086111,1.28676812086111,1.57546771697848,63.4732142857143,21.46918,0.0,0.0867140555393158,23.880000000000003
254.0,13.3,25.0,710.9,0.0,0.0,0.0,16.0,20.0,19.0,18.0,19.0,18.0,18.0,18.0,18.0,17.7725,18.0,26.0,1019.44833333333,3670014.0,0.0,0.0,4.93680555555556,3.94944444444444,3.70260416666667,18.0,1572.8,1545.2,1175.7,1118.1,0.0,2154.0,0.0,0.0,709.0,2427.0,3.7,11.0,3.7,77.0,0.0,1019.44833333333,0.0,50.0,20.0,20.0,19.0,61.0,22.0,20.5,20.5,22.0,23.0,16.0,16.0,28.0,5.56,86.0,20.0,13.819,713.3,29.44,13.982,25.0,6.1,3.0,0.0,0.0,0.0,14.0,63.0,0.0,20.0,1.0,0.0,825.6,0.0,0.0,0.6,9.0,0.0,29.0,0.0,20.0,20.0,350.0,825.6,-50.0,0.0,0.0,0.0,0.0,400.0,0.0,0.0,0.0,0.0,0.0,0.0,49.0,710.9,4.443,47.8021225,13.7715249,28.0,18.5743075435134,0.0,1.28676812086111,1.28676812086111,1.57546771697848,63.4732142857143,21.46918,0.0,0.0867140555393158,23.880000000000003
255.0,13.3,31.6,710.1,0.0,0.0,0.0,16.0,20.0,19.0,18.0,19.0,18.0,18.0,18.0,18.0,22.43916,18.0,26.0,1019.44888888889,3670016.0,0.0,0.0,4.93125,3.945,3.6984375,18.0,1572.8,1545.2,1175.7,1118.1,0.0,2823.0,0.0,0.0,708.0,2427.0,3.7,34.0,3.68,73.0,0.0,1019.44888888889,0.0,50.0,20.0,20.0,19.0,61.0,22.0,20.5,20.5,22.0,23.0,16.0,16.0,37.0,5.56,86.0,20.0,13.819,713.3,29.44,13.982,25.0,6.1,3.0,0.0,0.0,0.0,14.0,63.0,0.0,20.0,1.0,0.0,825.6,0.0,0.0,0.6,9.0,0.0,29.0,0.0,20.0,20.0,350.0,825.6,-50.0,0.0,0.0,0.0,0.0,400.0,0.0,0.0,0.0,0.0,0.0,0.0,49.0,710.4,4.442,47.8021225,13.7715249,28.0,18.745430789531,0.0,1.31079686744444,1.31079686744444,1.64890307836835,60.6463783783784,17.7525,0.0,0.112337367532088,23.880000000000003
256.0,13.3,31.6,710.1,0.0,0.0,0.0,16.0,20.0,19.0,18.0,19.0,18.0,18.0,18.0,18.0,22.43916,18.0,26.0,1019.44888888889,3670016.0,0.0,0.0,4.93125,3.945,3.6984375,18.0,1572.8,1545.2,1175.7,1118.1,0.0,2823.0,0.0,0.0,708.0,2427.0,3.7,34.0,3.68,73.0,0.0,1019.44888888889,0.0,50.0,20.0,20.0,19.0,61.0,22.0,20.5,20.5,22.0,23.0,16.0,16.0,37.0,5.47000000000003,86.0,20.0,13.802,712.0,28.99,13.954,25.0,15.1,3.0,0.0,0.0,0.0,14.0,63.0,0.0,20.0,1.0,0.0,825.6,0.0,0.0,0.6,9.0,0.0,29.0,0.0,20.0,20.0,350.0,825.6,-50.0,0.0,0.0,0.0,0.0,400.0,0.0,0.0,0.0,0.0,0.0,0.0,49.0,710.4,4.442,57.2746575,13.7705483,37.796875,18.745430789531,0.0,1.31079686744444,1.31079686744444,1.64890307836835,60.6463783783784,17.7525,0.0,0.112337367532088,23.519999999999968
257.0,13.3,61.8,706.6,0.0,0.0,0.0,16.0,20.0,19.0,18.0,19.0,18.0,18.0,18.0,18.0,43.66788,18.0,26.0,1019.44972222222,3670019.0,0.0,0.0,4.90694444444444,3.92555555555556,3.68020833333333,18.0,1572.8,1545.2,1175.7,1118.2,0.0,3295.0,0.0,0.0,705.0,2423.0,3.68,190.0,3.66,78.0,0.0,1019.44972222222,0.0,50.0,20.0,20.0,19.0,61.0,22.0,20.5,20.5,22.0,23.0,16.0,16.0,37.0,5.47000000000003,86.0,20.0,13.802,712.0,28.99,13.954,25.0,15.1,3.0,0.0,0.0,0.0,14.0,63.0,0.0,20.0,1.0,0.0,825.6,0.0,0.0,0.6,9.0,0.0,29.0,0.0,20.0,20.0,350.0,825.6,-50.0,0.0,0.0,0.0,0.0,400.0,0.0,0.0,0.0,0.0,0.0,0.0,49.0,706.8,4.443,57.2746575,13.7705483,37.796875,18.745430789531,0.0,1.31079686744444,1.31079686744444,1.64890307836835,60.6463783783784,43.66788,0.0,0.112337367532088,23.519999999999968
258.0,13.3,61.8,706.6,0.0,0.0,0.0,16.0,20.0,19.0,18.0,19.0,18.0,18.0,18.0,18.0,43.66788,18.0,26.0,1019.44972222222,3670019.0,0.0,0.0,4.90694444444444,3.92555555555556,3.68020833333333,18.0,1572.8,1545.2,1175.7,1118.2,0.0,3295.0,0.0,0.0,705.0,2423.0,3.68,190.0,3.66,78.0,0.0,1019.44972222222,0.0,50.0,20.0,20.0,19.0,61.0,22.0,20.5,20.5,22.0,23.0,16.0,16.0,43.0,5.41000000000003,86.0,20.0,13.802,710.3,28.83,13.972,25.0,-3.3,3.0,0.0,0.0,0.0,14.0,63.0,0.0,20.0,1.0,0.0,825.6,0.0,0.0,0.6,9.0,0.0,29.0,0.0,20.0,20.0,350.0,825.6,-50.0,0.0,0.0,0.0,0.0,400.0,0.0,0.0,0.0,0.0,0.0,0.0,49.0,706.8,4.443,56.1027975,13.7695717,45.109375,18.9661291395253,0.0,1.33840776227778,1.33840776227778,0.98470546314591,101.553209302326,43.66788,0.0,0.118743398535198,23.419999999999966
259.0,13.3,61.8,706.6,0.0,0.0,0.0,16.0,20.0,19.0,18.0,19.0,18.0,18.0,18.0,18.0,43.66788,18.0,26.0,1019.44972222222,3670019.0,0.0,0.0,4.90694444444444,3.92555555555556,3.68020833333333,18.0,1572.8,1545.2,1175.7,1118.2,0.0,3295.0,0.0,0.0,705.0,2423.0,3.68,190.0,3.66,78.0,0.0,1019.44972222222,0.0,50.0,20.0,20.0,19.0,61.0,22.0,20.5,20.5,22.0,23.0,16.0,16.0,43.0,5.41000000000003,86.0,20.0,13.802,710.3,28.83,13.972,25.0,-3.3,3.0,0.0,0.0,0.0,14.0,63.0,0.0,20.0,1.0,0.0,825.6,0.0,0.0,0.6,9.0,0.0,29.0,0.0,20.0,20.0,350.0,825.6,-50.0,0.0,0.0,0.0,0.0,400.0,0.0,0.0,0.0,0.0,0.0,0.0,49.0,707.9,4.443,56.1027975,13.7695717,45.109375,18.9661291395253,0.0,1.33840776227778,1.33840776227778,0.98470546314591,101.553209302326,43.66788,0.0,0.118743398535198,23.419999999999966
260.0,13.3,41.9,708.3,0.0,0.0,0.0,16.0,20.0,19.0,18.0,19.0,18.0,18.0,18.0,18.0,29.67777,18.0,26.0,1019.45027777778,3670021.0,0.0,0.0,4.91875,3.935,3.6890625,18.0,1572.8,1545.2,1175.7,1118.2,0.0,3806.0,0.0,0.0,706.0,2423.0,3.68,9.0,3.68,78.0,0.0,1019.45027777778,0.0,50.0,20.0,20.0,19.0,61.0,22.0,20.5,20.5,22.0,23.0,16.0,16.0,48.0,5.37,86.0,20.0,13.804,712.0,28.7,13.967,25.0,-21.3,3.0,0.0,0.0,0.0,14.0,63.0,0.0,20.0,1.0,0.0,825.6,0.0,0.0,0.6,9.0,0.0,29.0,0.0,20.0,20.0,350.0,825.6,-50.0,0.0,0.0,0.0,0.0,400.0,0.0,0.0,0.0,0.0,0.0,0.0,49.0,707.9,4.443,56.1027975,13.7695717,45.109375,19.2377652418447,0.0,1.37039789827778,1.37039789827778,1.61737219474374,61.8286875,29.67777,0.0,0.0875064004018548,23.33
261.0,13.3,41.9,708.3,0.0,0.0,0.0,16.0,20.0,19.0,18.0,19.0,18.0,18.0,18.0,18.0,29.67777,18.0,26.0,1019.45027777778,3670021.0,0.0,0.0,4.91875,3.935,3.6890625,18.0,1572.8,1545.2,1175.7,1118.2,0.0,3806.0,0.0,0.0,706.0,2423.0,3.68,9.0,3.68,78.0,0.0,1019.45027777778,0.0,50.0,20.0,20.0,19.0,61.0,22.0,20.5,20.5,22.0,23.0,16.0,16.0,48.0,5.37,86.0,20.0,13.804,712.0,28.7,13.967,25.0,-21.3,3.0,0.0,0.0,0.0,14.0,63.0,0.0,20.0,1.0,0.0,825.6,0.0,0.0,0.6,9.0,0.0,29.0,0.0,20.0,20.0,350.0,825.6,-50.0,0.0,0.0,0.0,0.0,400.0,0.0,0.0,0.0,0.0,0.0,0.0,49.0,707.9,4.443,48.4857075,13.7695717,49.4375,19.2377652418447,0.0,1.37039789827778,1.37039789827778,1.61737219474374,61.8286875,29.67777,0.0,0.0875064004018548,23.33
262.0,13.3,21.3,710.2,0.0,0.0,0.0,16.0,20.0,19.0,18.0,19.0,18.0,18.0,18.0,18.0,15.12726,18.0,26.0,1019.45083333333,3670023.0,0.0,0.0,4.93194444444444,3.94555555555556,3.69895833333333,18.0,1572.8,1545.3,1175.7,1118.2,0.0,4022.0,0.0,0.0,708.0,2423.0,3.7,9.0,3.68,78.0,0.0,1019.45083333333,0.0,50.0,20.0,20.0,19.0,61.0,22.0,20.5,20.5,22.0,23.0,16.0,16.0,51.0,5.37,86.0,20.0,13.804,712.0,28.7,13.967,25.0,-21.3,3.0,0.0,0.0,0.0,14.0,63.0,0.0,20.0,1.0,0.0,825.6,0.0,0.0,0.6,9.0,0.0,29.0,0.0,20.0,20.0,350.0,825.6,-50.0,0.0,0.0,0.0,0.0,400.0,0.0,0.0,0.0,0.0,0.0,0.0,49.0,709.6,4.443,48.4857075,13.7695717,49.4375,19.5218337358514,0.0,1.40318292527778,1.40318292527778,3.37139706728119,29.6612941176471,29.75738,0.0,0.0696162669710646,23.33
263.0,13.3,21.3,710.2,0.0,0.0,0.0,16.0,20.0,19.0,18.0,19.0,18.0,18.0,18.0,18.0,15.12726,18.0,26.0,1019.45083333333,3670023.0,0.0,0.0,4.93194444444444,3.94555555555556,3.69895833333333,18.0,1572.8,1545.3,1175.7,1118.2,0.0,4022.0,0.0,0.0,708.0,2423.0,3.7,9.0,3.68,78.0,0.0,1019.45083333333,0.0,50.0,20.0,20.0,19.0,61.0,22.0,20.5,20.5,22.0,23.0,16.0,16.0,51.0,5.31999999999999,86.0,20.0,13.803,714.7,28.88,13.967,24.0,-8.0,3.0,0.0,0.0,0.0,14.0,63.0,0.0,20.0,1.0,0.0,825.6,0.0,0.0,0.6,9.0,0.0,29.0,0.0,20.0,20.0,350.0,825.6,-50.0,0.0,0.0,0.0,0.0,400.0,0.0,0.0,0.0,0.0,0.0,0.0,49.0,709.6,4.443,40.1850325,13.7705483,48.0,19.5218337358514,0.0,1.40318292527778,1.40318292527778,3.37139706728119,29.6612941176471,29.75738,0.0,0.0696162669710646,23.56000000000001
264.0,13.3,8.7,711.5,0.0,0.0,0.0,16.0,20.0,19.0,18.0,19.0,18.0,18.0,18.0,18.0,6.19005,18.0,26.0,1019.45166666667,3670026.0,0.0,0.0,4.94097222222222,3.95277777777778,3.70572916666667,18.0,1572.8,1545.3,1175.7,1118.2,0.0,4084.0,0.0,0.0,710.0,2423.0,3.7,9.0,3.7,77.0,0.0,1019.45166666667,0.0,50.0,20.0,20.0,19.0,61.0,22.0,20.5,20.5,22.0,23.0,16.0,16.0,51.0,5.31999999999999,86.0,20.0,13.803,714.7,28.88,13.967,24.0,-8.0,3.0,0.0,0.0,0.0,14.0,63.0,0.0,20.0,1.0,0.0,825.6,0.0,0.0,0.6,9.0,0.0,29.0,0.0,20.0,20.0,350.0,825.6,-50.0,0.0,0.0,0.0,0.0,400.0,0.0,0.0,0.0,0.0,0.0,0.0,49.0,711.4,4.443,40.1850325,13.7705483,48.0,19.5218337358514,0.0,1.40318292527778,1.40318292527778,3.37139706728119,29.6612941176471,15.15495,0.0,0.0696162669710646,23.56000000000001
265.0,13.3,8.7,711.5,0.0,0.0,0.0,16.0,20.0,19.0,18.0,19.0,18.0,18.0,18.0,18.0,6.19005,18.0,26.0,1019.45166666667,3670026.0,0.0,0.0,4.94097222222222,3.95277777777778,3.70572916666667,18.0,1572.8,1545.3,1175.7,1118.2,0.0,4084.0,0.0,0.0,710.0,2423.0,3.7,9.0,3.7,77.0,0.0,1019.45166666667,0.0,50.0,20.0,20.0,19.0,61.0,22.0,20.5,20.5,22.0,23.0,16.0,16.0,52.0,5.28000000000003,86.0,20.0,13.803,715.7,28.72,13.962,25.0,9.6,3.0,0.0,0.0,0.0,14.0,63.0,0.0,20.0,1.0,0.0,825.6,0.0,0.0,0.6,9.0,0.0,29.0,0.0,20.0,20.0,350.0,825.6,-50.0,0.0,0.0,0.0,0.0,400.0,0.0,0.0,0.0,0.0,0.0,0.0,49.0,711.4,4.443,40.1850325,13.7705483,48.0,19.8198056265038,0.0,1.43779151516667,1.43779151516667,8.40057834750931,11.9039423076923,15.15495,0.0,0.0450994968411769,23.43999999999997
266.0,13.3,8.7,711.5,0.0,0.0,0.0,16.0,20.0,19.0,18.0,19.0,18.0,18.0,18.0,18.0,6.19005,18.0,26.0,1019.45166666667,3670026.0,0.0,0.0,4.94097222222222,3.95277777777778,3.70572916666667,18.0,1572.8,1545.3,1175.7,1118.2,0.0,4084.0,0.0,0.0,710.0,2423.0,3.7,9.0,3.7,77.0,0.0,1019.45166666667,0.0,50.0,20.0,20.0,19.0,61.0,22.0,20.5,20.5,22.0,23.0,16.0,16.0,52.0,5.28000000000003,86.0,20.0,13.803,715.7,28.72,13.962,25.0,9.6,3.0,0.0,0.0,0.0,14.0,63.0,0.0,20.0,1.0,0.0,825.6,0.0,0.0,0.6,9.0,0.0,29.0,0.0,20.0,20.0,350.0,825.6,-50.0,0.0,0.0,0.0,0.0,400.0,0.0,0.0,0.0,0.0,0.0,0.0,49.0,713.4,4.442,29.88243,13.7705483,48.0,19.8198056265038,0.0,1.43779151516667,1.43779151516667,8.40057834750931,11.9039423076923,15.15495,0.0,0.0450994968411769,23.43999999999997
267.0,13.3,-8.6,713.5,0.0,0.0,0.0,16.0,20.0,19.0,18.0,19.0,18.0,18.0,18.0,18.0,-6.1361,18.0,26.0,1019.45222222222,3670028.0,0.0,0.0,4.95486111111111,3.96388888888889,3.71614583333333,18.0,1572.8,1545.3,1175.7,1118.2,0.0,3960.0,0.0,0.0,712.0,2416.0,3.7,9.0,3.7,40.0,0.0,1019.45222222222,0.0,50.0,20.0,20.0,19.0,61.0,22.0,20.5,20.5,22.0,23.0,16.0,16.0,49.0,5.28000000000003,86.0,20.0,13.803,715.7,28.72,13.962,25.0,9.6,3.0,0.0,0.0,0.0,14.0,63.0,0.0,20.0,1.0,0.0,825.6,0.0,0.0,0.6,9.0,0.0,29.0,0.0,20.0,20.0,350.0,825.6,-50.0,0.0,0.0,0.0,0.0,400.0,0.0,0.0,0.0,0.0,0.0,0.0,49.0,713.4,4.442,29.88243,13.7705483,48.0,20.0855806598325,0.0,1.47046476144444,1.47046476144444,-7.98552826714037,-12.5226530612245,6.20745,0.0,0.0450994968411769,23.43999999999997
268.0,13.3,-8.6,713.5,0.0,0.0,0.0,16.0,20.0,19.0,18.0,19.0,18.0,18.0,18.0,18.0,-6.1361,18.0,26.0,1019.45222222222,3670028.0,0.0,0.0,4.95486111111111,3.96388888888889,3.71614583333333,18.0,1572.8,1545.3,1175.7,1118.2,0.0,3960.0,0.0,0.0,712.0,2416.0,3.7,9.0,3.7,40.0,0.0,1019.45222222222,0.0,50.0,20.0,20.0,19.0,61.0,22.0,20.5,20.5,22.0,23.0,16.0,16.0,49.0,5.23000000000002,86.0,20.0,13.803,717.1,28.97,13.975,24.0,16.2,3.0,0.0,0.0,0.0,14.0,63.0,0.0,20.0,1.0,0.0,825.6,0.0,0.0,0.6,9.0,0.0,29.0,0.0,20.0,20.0,350.0,825.6,-50.0,0.0,0.0,0.0,0.0,400.0,0.0,0.0,0.0,0.0,0.0,0.0,49.0,713.4,4.442,23.5836825,13.7705483,48.375,20.0855806598325,0.0,1.47046476144444,1.47046476144444,-7.98552826714037,-12.5226530612245,6.20745,0.0,0.0450994968411769,23.73999999999998
269.0,13.3,-6.0,713.7,0.0,0.0,0.0,16.0,20.0,19.0,18.0,19.0,18.0,18.0,18.0,18.0,-4.2822,18.0,26.0,1019.45277777778,3670030.0,0.0,0.0,4.95625,3.965,3.7171875,18.0,1572.8,1545.3,1175.7,1118.2,0.0,3619.0,0.0,0.0,711.0,2416.0,3.7,9.0,3.7,77.0,0.0,1019.45277777778,0.0,50.0,20.0,20.0,19.0,61.0,22.0,20.5,20.5,22.0,23.0,16.0,16.0,45.0,5.23000000000002,86.0,20.0,13.803,717.1,28.97,13.975,24.0,16.2,3.0,0.0,0.0,0.0,14.0,63.0,0.0,20.0,1.0,0.0,825.6,0.0,0.0,0.6,9.0,0.0,29.0,0.0,20.0,20.0,350.0,825.6,-50.0,0.0,0.0,0.0,0.0,400.0,0.0,0.0,0.0,0.0,0.0,0.0,49.0,714.9,4.443,23.5836825,13.7705483,48.375,20.2964333666118,0.0,1.49858391019444,1.49858391019444,-10.5086170659941,-9.516,-4.2822,0.0,0.0450994968411769,23.73999999999998
270.0,13.3,-6.0,713.7,0.0,0.0,0.0,16.0,20.0,19.0,18.0,19.0,18.0,18.0,18.0,18.0,-4.2822,18.0,26.0,1019.45277777778,3670030.0,0.0,0.0,4.95625,3.965,3.7171875,18.0,1572.8,1545.3,1175.7,1118.2,0.0,3619.0,0.0,0.0,711.0,2416.0,3.7,9.0,3.7,77.0,0.0,1019.45277777778,0.0,50.0,20.0,20.0,19.0,61.0,22.0,20.5,20.5,22.0,23.0,16.0,16.0,45.0,5.29000000000002,86.0,20.0,13.803,715.8,31.97,13.972,25.0,-8.1,3.0,0.0,0.0,0.0,14.0,63.0,0.0,20.0,1.0,0.0,825.6,0.0,0.0,0.6,9.0,0.0,29.0,0.0,20.0,20.0,350.0,825.6,-50.0,0.0,0.0,0.0,0.0,400.0,0.0,0.0,0.0,0.0,0.0,0.0,49.0,714.9,4.443,35.0093175,13.7612706,44.828125,20.2964333666118,0.0,1.49858391019444,1.49858391019444,-10.5086170659941,-9.516,-4.2822,0.0,,26.67999999999998
271.0,13.3,5.6,712.4,0.0,0.0,0.0,16.0,20.0,19.0,18.0,19.0,18.0,18.0,18.0,18.0,3.98944,18.0,26.0,1019.45361111111,3670033.0,0.0,0.0,4.94722222222222,3.95777777777778,3.71041666666667,18.0,1572.8,1545.3,1175.7,1118.2,0.0,3489.0,0.0,0.0,710.0,2416.0,3.7,9.0,3.7,77.0,0.0,1019.45361111111,0.0,50.0,20.0,20.0,19.0,61.0,22.0,20.5,20.5,22.0,23.0,16.0,16.0,45.0,5.29000000000002,86.0,20.0,13.803,715.8,31.97,13.972,25.0,-8.1,3.0,0.0,0.0,0.0,14.0,63.0,0.0,20.0,1.0,0.0,825.6,0.0,0.0,0.6,9.0,0.0,29.0,0.0,20.0,20.0,350.0,825.6,-50.0,0.0,0.0,0.0,0.0,400.0,0.0,0.0,0.0,0.0,0.0,0.0,49.0,712.4,4.442,35.0093175,13.7612706,44.828125,20.2964333666118,0.0,1.49858391019444,1.49858391019444,-10.5086170659941,-9.516,-4.2744,0.0,,26.67999999999998
272.0,13.3,5.6,712.4,0.0,0.0,0.0,16.0,20.0,19.0,18.0,19.0,18.0,18.0,18.0,18.0,3.98944,18.0,26.0,1019.45361111111,3670033.0,0.0,0.0,4.94722222222222,3.95777777777778,3.71041666666667,18.0,1572.8,1545.3,1175.7,1118.2,0.0,3489.0,0.0,0.0,710.0,2416.0,3.7,9.0,3.7,77.0,0.0,1019.45361111111,0.0,50.0,20.0,20.0,18.5,61.0,22.0,20.5,20.5,22.0,23.0,16.0,16.0,44.0,5.16000000000003,86.0,20.0,13.805,715.8,31.66,13.969,25.0,-0.3,3.0,0.0,0.0,0.0,14.0,63.0,0.0,20.0,1.0,0.0,825.6,0.0,0.0,0.6,9.0,0.0,29.0,0.0,20.0,20.0,350.0,825.6,-50.0,0.0,0.0,0.0,0.0,400.0,0.0,0.0,0.0,0.0,0.0,0.0,49.0,712.4,4.442,35.0093175,13.7612706,44.828125,20.5086268707897,0.0,1.52792915652778,1.52792915652778,11.0291168685329,9.06690909090909,-4.2744,0.0,-0.0209779400456447,26.49999999999997
273.0,13.3,5.6,712.4,0.0,0.0,0.0,16.0,20.0,19.0,18.0,19.0,18.0,18.0,18.0,18.0,3.98944,18.0,26.0,1019.45361111111,3670033.0,0.0,0.0,4.94722222222222,3.95777777777778,3.71041666666667,18.0,1572.8,1545.3,1175.7,1118.2,0.0,3489.0,0.0,0.0,710.0,2416.0,3.7,9.0,3.7,77.0,0.0,1019.45361111111,0.0,50.0,20.0,20.0,18.5,61.0,22.0,20.5,20.5,22.0,23.0,16.0,16.0,44.0,5.16000000000003,86.0,20.0,13.805,715.8,31.66,13.969,25.0,-0.3,3.0,0.0,0.0,0.0,14.0,63.0,0.0,20.0,1.0,0.0,825.6,0.0,0.0,0.6,9.0,0.0,29.0,0.0,20.0,20.0,350.0,825.6,-50.0,0.0,0.0,0.0,0.0,400.0,0.0,0.0,0.0,0.0,0.0,0.0,49.0,717.6,4.443,17.5779,13.760294,40.0,20.5086268707897,0.0,1.52792915652778,1.52792915652778,11.0291168685329,9.06690909090909,-4.2744,0.0,-0.0209779400456447,26.49999999999997
274.0,13.3,-47.5,717.9,0.0,0.0,0.0,16.0,20.0,19.0,18.0,19.0,18.0,18.0,18.0,18.0,-34.10025,18.0,26.0,1019.45416666667,3670035.0,0.0,0.0,4.98541666666667,3.98833333333333,3.7390625,18.0,1572.8,1545.3,1175.7,1118.2,0.0,2847.0,0.0,0.0,716.0,2416.0,3.74,9.0,3.72,77.0,0.0,1019.45416666667,0.0,50.0,20.0,20.0,18.5,61.0,22.0,20.5,20.5,22.0,23.0,16.0,16.0,33.0,5.16000000000003,86.0,20.0,13.805,715.8,31.66,13.969,25.0,-0.3,3.0,0.0,0.0,0.0,14.0,63.0,0.0,20.0,1.0,0.0,825.6,0.0,0.0,0.6,9.0,0.0,29.0,0.0,20.0,20.0,350.0,825.6,-50.0,0.0,0.0,0.0,0.0,400.0,0.0,0.0,0.0,0.0,0.0,0.0,49.0,717.6,4.443,17.5779,13.760294,40.0,20.6193742528634,0.0,1.54992151061111,1.54992151061111,-0.967734840653661,-103.334090909091,-34.10025,0.0,-0.0569490909569596,26.49999999999997
275.0,13.3,-47.5,717.9,0.0,0.0,0.0,16.0,20.0,19.0,18.0,19.0,18.0,18.0,18.0,18.0,-34.10025,18.0,26.0,1019.45416666667,3670035.0,0.0,0.0,4.98541666666667,3.98833333333333,3.7390625,18.0,1572.8,1545.3,1175.7,1118.2,0.0,2847.0,0.0,0.0,716.0,2416.0,3.74,9.0,3.72,77.0,0.0,1019.45416666667,0.0,50.0,20.0,20.0,18.5,61.0,22.0,20.5,20.5,22.0,23.0,16.0,16.0,33.0,5.20999999999998,86.0,20.0,13.805,721.1,35.17,13.996,25.0,-15.5,3.0,0.0,0.0,0.0,14.0,63.0,0.0,20.0,1.0,0.0,825.6,0.0,0.0,0.6,9.0,0.0,29.0,0.0,20.0,20.0,350.0,825.6,-50.0,0.0,0.0,0.0,0.0,400.0,0.0,0.0,0.0,0.0,0.0,0.0,49.0,717.6,4.443,0.0,13.760294,29.46875,20.6193742528634,0.0,1.54992151061111,1.54992151061111,-0.967734840653661,-103.334090909091,-34.10025,0.0,-0.0569490909569596,29.960000000000022
276.0,13.3,-27.1,716.4,0.0,0.0,0.0,16.0,20.0,19.0,18.0,19.0,18.0,18.0,18.0,18.0,-19.41444,18.0,26.0,1019.455,3670038.0,0.0,0.0,4.975,3.98,3.73125,18.0,1572.9,1545.3,1175.8,1118.2,0.0,1686.0,0.0,0.0,714.0,2429.0,3.72,9.0,3.72,77.0,0.0,1019.455,0.0,50.0,20.0,20.0,18.5,61.0,22.0,20.5,20.5,22.0,23.0,16.0,16.0,33.0,5.20999999999998,86.0,20.0,13.805,721.1,35.17,13.996,25.0,-15.5,3.0,0.0,0.0,0.0,14.0,63.0,0.0,20.0,1.0,0.0,825.6,0.0,0.0,0.6,9.0,0.0,29.0,0.0,20.0,20.0,350.0,825.6,-50.0,0.0,0.0,0.0,0.0,400.0,0.0,0.0,0.0,0.0,0.0,0.0,49.0,716.8,4.443,0.0,13.760294,29.46875,20.6193742528634,0.0,1.54992151061111,1.54992151061111,-0.967734840653661,-103.334090909091,-19.41444,0.0,-0.0569490909569596,29.960000000000022
277.0,13.3,-27.1,716.4,0.0,0.0,0.0,16.0,20.0,19.0,18.0,19.0,18.0,18.0,18.0,18.0,-19.41444,18.0,26.0,1019.455,3670038.0,0.0,0.0,4.975,3.98,3.73125,18.0,1572.9,1545.3,1175.8,1118.2,0.0,1686.0,0.0,0.0,714.0,2429.0,3.72,9.0,3.72,77.0,0.0,1019.455,0.0,50.0,20.0,20.0,18.5,61.0,22.0,20.5,20.5,22.0,23.0,16.0,16.0,19.0,4.73000000000002,86.0,20.0,13.8,719.5,35.75,13.994,25.0,-1.2,3.0,0.0,0.0,0.0,14.0,63.0,0.0,20.0,1.0,0.0,825.6,0.0,0.0,0.6,9.0,0.0,29.0,0.0,20.0,20.0,350.0,825.6,-50.0,0.0,0.0,0.0,0.0,400.0,0.0,0.0,0.0,0.0,0.0,0.0,49.0,716.8,4.443,0.0,13.7612706,12.0,20.6054933902177,0.0,1.56226953355556,1.56226953355556,-0.978653002610428,-102.181263157895,-19.41444,0.0,-0.0905033065601463,31.019999999999982
278.0,13.3,-5.7,714.4,0.0,0.0,0.0,16.0,20.0,19.0,18.0,19.0,18.0,18.0,18.0,18.0,-4.07208,18.0,26.0,1019.45555555556,3670040.0,0.0,0.0,4.96111111111111,3.96888888888889,3.72083333333333,18.0,1572.9,1545.3,1175.8,1118.2,0.0,366.0,0.0,0.0,713.0,2429.0,3.72,9.0,3.7,40.0,0.0,1019.45555555556,0.0,50.0,20.0,20.0,18.5,61.0,22.0,20.5,20.5,22.0,23.0,16.0,16.0,19.0,4.73000000000002,86.0,20.0,13.8,719.5,35.75,13.994,25.0,-1.2,3.0,0.0,0.0,0.0,14.0,63.0,0.0,20.0,1.0,0.0,825.6,0.0,0.0,0.6,9.0,0.0,29.0,0.0,20.0,20.0,350.0,825.6,-50.0,0.0,0.0,0.0,0.0,400.0,0.0,0.0,0.0,0.0,0.0,0.0,49.0,715.3,4.443,0.0,13.7612706,12.0,20.6054933902177,0.0,1.56226953355556,1.56226953355556,-0.978653002610428,-102.181263157895,-4.07208,0.0,-0.0905033065601463,31.019999999999982
279.0,13.3,-5.7,714.4,0.0,0.0,0.0,16.0,20.0,19.0,18.0,19.0,18.0,18.0,18.0,18.0,-4.07208,18.0,26.0,1019.45555555556,3670040.0,0.0,0.0,4.96111111111111,3.96888888888889,3.72083333333333,18.0,1572.9,1545.3,1175.8,1118.2,0.0,366.0,0.0,0.0,713.0,2429.0,3.72,9.0,3.7,40.0,0.0,1019.45555555556,0.0,50.0,20.0,20.0,18.5,61.0,22.0,20.5,20.5,22.0,23.0,16.0,16.0,2.0,5.03000000000003,86.0,20.0,13.804,716.7,35.06,13.978,25.0,33.5,3.0,0.0,0.0,0.0,14.0,63.0,0.0,20.0,1.0,0.0,825.6,0.0,0.0,0.6,9.0,0.0,29.0,0.0,20.0,20.0,350.0,825.6,-50.0,0.0,0.0,0.0,0.0,400.0,0.0,0.0,0.0,0.0,0.0,0.0,49.0,715.3,4.443,0.0,13.7612706,12.0,20.4512524124355,0.0,1.56353711794444,1.56353711794444,-0.491149486257637,-203.604,-4.07208,0.0,-0.129278939399741,30.029999999999973
280.0,13.3,-5.7,714.4,0.0,0.0,0.0,16.0,20.0,19.0,18.0,19.0,18.0,18.0,18.0,18.0,-4.07208,18.0,26.0,1019.45555555556,3670040.0,0.0,0.0,4.96111111111111,3.96888888888889,3.72083333333333,18.0,1572.9,1545.3,1175.8,1118.2,0.0,366.0,0.0,0.0,713.0,2429.0,3.72,9.0,3.7,40.0,0.0,1019.45555555556,0.0,50.0,20.0,20.0,18.5,61.0,22.0,20.5,20.5,22.0,23.0,16.0,16.0,2.0,5.03000000000003,86.0,20.0,13.804,716.7,35.06,13.978,25.0,33.5,3.0,0.0,0.0,0.0,14.0,63.0,0.0,20.0,1.0,0.0,825.6,0.0,0.0,0.6,9.0,0.0,29.0,0.0,20.0,20.0,350.0,825.6,-50.0,0.0,0.0,0.0,0.0,400.0,0.0,0.0,0.0,0.0,0.0,0.0,49.0,712.5,4.443,72.8994575,13.7803143,0.734375,20.4512524124355,0.0,1.56353711794444,1.56353711794444,-0.491149486257637,-203.604,-4.07208,0.0,-0.129278939399741,30.029999999999973
281.0,13.3,21.7,711.7,0.0,0.0,0.0,16.0,20.0,19.0,18.0,19.0,18.0,18.0,18.0,18.0,15.44389,18.0,26.0,1019.45611111111,3670042.0,0.0,0.0,4.94236111111111,3.95388888888889,3.70677083333333,18.0,1572.9,1545.3,1175.8,1118.2,0.0,684.0,0.0,0.0,709.0,2429.0,3.7,36.0,3.7,78.0,0.0,1019.45611111111,0.0,50.0,20.0,20.0,18.5,61.0,22.0,20.5,20.5,22.0,23.0,15.5,15.5,11.0,5.19,86.0,20.0,13.813,713.4,30.24,13.971,25.0,33.5,3.0,0.0,0.0,0.0,14.0,63.0,0.0,20.0,1.0,0.0,825.6,0.0,0.0,0.6,9.0,0.0,29.0,0.0,20.0,20.0,350.0,825.6,-50.0,0.0,0.0,0.0,0.0,400.0,0.0,0.0,0.0,0.0,0.0,0.0,49.0,712.5,4.443,72.8994575,13.7803143,0.734375,20.3736375820308,0.0,1.57050045741667,1.57050045741667,0.712255785297616,140.399,-4.05669,0.0,-0.129278939399741,25.049999999999997
282.0,13.3,21.7,711.7,0.0,0.0,0.0,16.0,20.0,19.0,18.0,19.0,18.0,18.0,18.0,18.0,15.44389,18.0,26.0,1019.45611111111,3670042.0,0.0,0.0,4.94236111111111,3.95388888888889,3.70677083333333,18.0,1572.9,1545.3,1175.8,1118.2,0.0,684.0,0.0,0.0,709.0,2429.0,3.7,36.0,3.7,78.0,0.0,1019.45611111111,0.0,50.0,20.0,20.0,18.5,61.0,22.0,20.5,20.5,22.0,23.0,15.5,15.5,11.0,5.19,86.0,20.0,13.813,713.4,30.24,13.971,25.0,54.9,3.0,0.0,0.0,0.0,14.0,63.0,0.0,20.0,1.0,0.0,825.6,0.0,0.0,0.6,9.0,0.0,29.0,0.0,20.0,20.0,350.0,825.6,-50.0,0.0,0.0,0.0,0.0,400.0,0.0,0.0,0.0,0.0,0.0,0.0,49.0,712.5,4.443,66.0636075,13.7515046,12.0,20.3736375820308,0.0,1.57050045741667,1.57050045741667,0.712255785297616,140.399,-4.05669,0.0,-0.129278939399741,25.049999999999997
283.0,13.4,23.7,711.0,0.0,0.0,0.0,16.0,20.0,19.0,18.0,19.0,18.0,18.0,18.0,18.0,16.8507,18.0,26.0,1019.45694444444,3670045.0,0.0,0.0,4.9375,3.95,3.703125,18.0,1572.9,1545.3,1175.8,1118.2,0.0,1674.0,0.0,0.0,709.0,2429.0,3.7,9.0,3.7,78.0,0.0,1019.45694444444,0.0,50.0,20.0,20.0,18.5,61.0,22.0,20.0,20.5,22.0,23.0,15.5,15.5,22.0,5.19,86.0,20.0,13.813,713.4,30.24,13.971,25.0,54.9,3.0,0.0,0.0,0.0,14.0,63.0,0.0,20.0,1.0,0.0,825.6,0.0,0.0,0.6,9.0,0.0,29.0,0.0,20.0,20.0,350.0,825.6,-50.0,0.0,0.0,0.0,0.0,400.0,0.0,0.0,0.0,0.0,0.0,0.0,49.0,710.8,4.443,66.0636075,13.7515046,12.0,20.3872371066951,0.0,1.58480074952778,1.58480074952778,1.30558374429549,76.5940909090909,15.4287,0.0,-0.129278939399741,25.049999999999997
284.0,13.4,23.7,711.0,0.0,0.0,0.0,16.0,20.0,19.0,18.0,19.0,18.0,18.0,18.0,18.0,16.8507,18.0,26.0,1019.45694444444,3670045.0,0.0,0.0,4.9375,3.95,3.703125,18.0,1572.9,1545.3,1175.8,1118.2,0.0,1674.0,0.0,0.0,709.0,2429.0,3.7,9.0,3.7,78.0,0.0,1019.45694444444,0.0,50.0,20.0,20.0,18.5,61.0,22.0,20.0,20.5,22.0,23.0,15.5,15.5,22.0,4.92000000000002,86.0,20.0,13.801,714.4,28.36,13.995,25.0,93.8,3.0,0.0,0.0,0.0,14.0,63.0,0.0,20.0,1.0,0.0,825.6,0.0,0.0,0.6,9.0,0.0,29.0,0.0,20.0,20.0,350.0,825.6,-50.0,0.0,0.0,0.0,0.0,400.0,0.0,0.0,0.0,0.0,0.0,0.0,49.0,710.8,4.443,48.143915,13.7695717,20.0,20.3872371066951,0.0,1.58480074952778,1.58480074952778,1.30558374429549,76.5940909090909,15.4287,0.0,,23.43999999999998
285.0,13.4,32.6,710.0,0.0,0.0,0.0,16.0,20.0,19.0,18.0,19.0,18.0,18.0,18.0,18.0,23.146,18.0,26.0,1019.4575,3670047.0,0.0,0.0,4.93055555555556,3.94444444444444,3.69791666666667,18.0,1572.9,1545.3,1175.8,1118.2,0.0,2173.0,0.0,0.0,708.0,2416.0,3.7,95.0,3.68,77.0,0.0,1019.4575,0.0,50.0,20.0,20.0,18.5,61.0,22.0,20.0,20.5,22.0,23.0,15.5,15.5,22.0,4.92000000000002,86.0,20.0,13.801,714.4,28.36,13.995,25.0,93.8,3.0,0.0,0.0,0.0,14.0,63.0,0.0,20.0,1.0,0.0,825.6,0.0,0.0,0.6,9.0,0.0,29.0,0.0,20.0,20.0,350.0,825.6,-50.0,0.0,0.0,0.0,0.0,400.0,0.0,0.0,0.0,0.0,0.0,0.0,49.0,710.9,4.442,48.143915,13.7695717,20.0,20.3872371066951,0.0,1.58480074952778,1.58480074952778,1.30558374429549,76.5940909090909,16.827,0.0,,23.43999999999998
286.0,13.4,32.6,710.0,0.0,0.0,0.0,16.0,20.0,19.0,18.0,19.0,18.0,18.0,18.0,18.0,23.146,18.0,26.0,1019.4575,3670047.0,0.0,0.0,4.93055555555556,3.94444444444444,3.69791666666667,18.0,1572.9,1545.3,1175.8,1118.2,0.0,2173.0,0.0,0.0,708.0,2416.0,3.7,95.0,3.68,77.0,0.0,1019.4575,0.0,50.0,20.0,20.0,18.5,61.0,22.0,20.0,20.5,22.0,23.0,15.5,15.5,28.0,4.70999999999998,86.0,20.0,13.789,712.0,27.84,13.967,25.0,25.2,3.0,0.0,0.0,0.0,14.0,63.0,0.0,20.0,1.0,0.0,825.6,0.0,0.0,0.6,9.0,0.0,29.0,0.0,20.0,20.0,350.0,825.6,-50.0,0.0,0.0,0.0,0.0,400.0,0.0,0.0,0.0,0.0,0.0,0.0,49.0,710.9,4.442,48.143915,13.7695717,20.0,20.449537377027,0.0,1.60276009652778,1.60276009652778,1.20971226129785,82.6642857142857,16.827,0.0,,23.13000000000002
287.0,13.4,32.6,710.0,0.0,0.0,0.0,16.0,20.0,19.0,18.0,19.0,18.0,18.0,18.0,18.0,23.146,18.0,26.0,1019.4575,3670047.0,0.0,0.0,4.93055555555556,3.94444444444444,3.69791666666667,18.0,1572.9,1545.3,1175.8,1118.2,0.0,2173.0,0.0,0.0,708.0,2416.0,3.7,95.0,3.68,77.0,0.0,1019.4575,0.0,50.0,20.0,20.0,18.5,61.0,22.0,20.0,20.5,22.0,23.0,15.5,15.5,28.0,4.70999999999998,86.0,20.0,13.789,712.0,27.84,13.967,25.0,25.2,3.0,0.0,0.0,0.0,14.0,63.0,0.0,20.0,1.0,0.0,825.6,0.0,0.0,0.6,9.0,0.0,29.0,0.0,20.0,20.0,350.0,825.6,-50.0,0.0,0.0,0.0,0.0,400.0,0.0,0.0,0.0,0.0,0.0,0.0,49.0,707.4,4.443,61.91327,13.7583408,28.0,20.449537377027,0.0,1.60276009652778,1.60276009652778,1.20971226129785,82.6642857142857,16.827,0.0,,23.13000000000002
288.0,13.3,59.7,706.9,0.0,0.0,0.0,16.0,20.0,19.0,18.0,19.0,18.0,18.0,18.0,18.0,42.20193,18.0,26.0,1019.45805555556,3670049.0,0.0,0.0,4.90902777777778,3.92722222222222,3.68177083333333,18.0,1572.9,1545.3,1175.8,1118.2,0.0,2906.0,0.0,0.0,705.0,2416.0,3.68,11.0,3.66,77.0,0.0,1019.45805555556,0.0,50.0,20.0,20.0,18.5,61.0,22.0,20.0,20.5,22.0,23.0,15.5,15.5,38.0,4.70999999999998,86.0,20.0,13.789,712.0,27.84,13.967,25.0,25.2,3.0,0.0,0.0,0.0,14.0,63.0,0.0,20.0,1.0,0.0,825.6,0.0,0.0,0.6,9.0,0.0,29.0,0.0,20.0,20.0,350.0,825.6,-50.0,0.0,0.0,0.0,0.0,400.0,0.0,0.0,0.0,0.0,0.0,0.0,49.0,707.4,4.443,61.91327,13.7583408,28.0,20.5976670173252,0.0,1.62811160019444,1.62811160019444,0.900432752720077,111.057710526316,42.20193,0.0,0.109296733166256,23.13000000000002
289.0,13.3,59.7,706.9,0.0,0.0,0.0,16.0,20.0,19.0,18.0,19.0,18.0,18.0,18.0,18.0,42.20193,18.0,26.0,1019.45805555556,3670049.0,0.0,0.0,4.90902777777778,3.92722222222222,3.68177083333333,18.0,1572.9,1545.3,1175.8,1118.2,0.0,2906.0,0.0,0.0,705.0,2416.0,3.68,11.0,3.66,77.0,0.0,1019.45805555556,0.0,50.0,20.0,20.0,18.5,61.0,22.0,20.0,20.5,22.0,23.0,15.5,15.5,38.0,4.88,86.0,20.0,13.806,709.4,28.1,13.969,25.0,-5.7,3.0,0.0,0.0,0.0,14.0,63.0,0.0,20.0,1.0,0.0,825.6,0.0,0.0,0.6,9.0,0.0,29.0,0.0,20.0,20.0,350.0,825.6,-50.0,0.0,0.0,0.0,0.0,400.0,0.0,0.0,0.0,0.0,0.0,0.0,49.0,707.4,4.443,61.424995,13.7695717,40.390625,20.5976670173252,0.0,1.62811160019444,1.62811160019444,0.900432752720077,111.057710526316,42.20193,0.0,0.109296733166256,23.220000000000002
290.0,13.3,40.8,708.2,0.0,0.0,0.0,16.0,20.0,19.0,18.0,19.0,18.0,18.0,18.0,18.0,28.89456,18.0,26.0,1019.45888888889,3670052.0,0.0,0.0,4.91805555555556,3.93444444444444,3.68854166666667,18.0,1572.9,1545.4,1175.8,1118.3,0.0,3409.0,0.0,0.0,706.0,2416.0,3.68,20.0,3.68,77.0,0.0,1019.45888888889,0.0,50.0,20.0,20.0,18.5,61.0,22.0,20.0,20.5,22.0,23.0,15.5,15.5,43.0,4.88,86.0,20.0,13.806,709.4,28.1,13.969,25.0,-5.7,3.0,0.0,0.0,0.0,14.0,63.0,0.0,20.0,1.0,0.0,825.6,0.0,0.0,0.6,9.0,0.0,29.0,0.0,20.0,20.0,350.0,825.6,-50.0,0.0,0.0,0.0,0.0,400.0,0.0,0.0,0.0,0.0,0.0,0.0,49.0,707.6,4.443,61.424995,13.7695717,40.390625,20.7706897360244,0.0,1.65456680194444,1.65456680194444,1.48816939936099,67.1966511627907,28.89456,0.0,0.0978246821278223,23.220000000000002
291.0,13.3,40.8,708.2,0.0,0.0,0.0,16.0,20.0,19.0,18.0,19.0,18.0,18.0,18.0,18.0,28.89456,18.0,26.0,1019.45888888889,3670052.0,0.0,0.0,4.91805555555556,3.93444444444444,3.68854166666667,18.0,1572.9,1545.4,1175.8,1118.3,0.0,3409.0,0.0,0.0,706.0,2416.0,3.68,20.0,3.68,77.0,0.0,1019.45888888889,0.0,50.0,20.0,20.0,18.5,61.0,22.0,20.0,20.5,22.0,23.0,15.5,15.5,43.0,4.85000000000002,86.0,20.0,13.806,711.9,28.09,13.972,25.0,28.1,3.0,0.0,0.0,0.0,14.0,63.0,0.0,20.0,1.0,0.0,825.6,0.0,0.0,0.6,9.0,0.0,29.0,0.0,20.0,20.0,350.0,825.6,-50.0,0.0,0.0,0.0,0.0,400.0,0.0,0.0,0.0,0.0,0.0,0.0,49.0,707.6,4.443,49.80405,13.7612706,40.0,20.7706897360244,0.0,1.65456680194444,1.65456680194444,1.48816939936099,67.1966511627907,28.89456,0.0,0.0978246821278223,23.23999999999998
292.0,13.3,30.9,709.1,0.0,0.0,0.0,16.0,20.0,19.0,18.0,19.0,18.0,18.0,18.0,18.0,21.91119,18.0,26.0,1019.45916666667,3670053.0,0.0,0.0,4.92430555555556,3.93944444444444,3.69322916666667,18.0,1572.9,1545.4,1175.8,1118.3,0.0,3543.0,0.0,0.0,707.0,2416.0,3.68,9.0,3.68,40.0,0.0,1019.45916666667,0.0,50.0,20.0,20.0,18.5,61.0,22.0,20.0,20.5,22.0,23.0,15.5,15.5,45.0,4.85000000000002,86.0,20.0,13.806,711.9,28.09,13.972,25.0,28.1,3.0,0.0,0.0,0.0,14.0,63.0,0.0,20.0,1.0,0.0,825.6,0.0,0.0,0.6,9.0,0.0,29.0,0.0,20.0,20.0,350.0,825.6,-50.0,0.0,0.0,0.0,0.0,400.0,0.0,0.0,0.0,0.0,0.0,0.0,49.0,708.9,4.443,49.80405,13.7612706,40.0,20.9345154005843,0.0,1.67896923944444,1.67896923944444,2.05374514118129,48.6915333333333,21.91119,0.0,0.0733819916197858,23.23999999999998
293.0,13.3,30.9,709.1,0.0,0.0,0.0,16.0,20.0,19.0,18.0,19.0,18.0,18.0,18.0,18.0,21.91119,18.0,26.0,1019.45916666667,3670053.0,0.0,0.0,4.92430555555556,3.93944444444444,3.69322916666667,18.0,1572.9,1545.4,1175.8,1118.3,0.0,3543.0,0.0,0.0,707.0,2416.0,3.68,9.0,3.68,40.0,0.0,1019.45916666667,0.0,50.0,20.0,20.0,18.5,61.0,22.0,20.0,20.5,22.0,23.0,15.5,15.5,45.0,4.81,86.0,20.0,13.807,712.3,28.17,13.966,25.0,23.2,3.0,0.0,0.0,0.0,14.0,63.0,0.0,20.0,1.0,0.0,825.6,0.0,0.0,0.6,9.0,0.0,29.0,0.0,20.0,20.0,350.0,825.6,-50.0,0.0,0.0,0.0,0.0,400.0,0.0,0.0,0.0,0.0,0.0,0.0,49.0,708.9,4.443,47.8021225,13.7705483,45.5,20.9345154005843,0.0,1.67896923944444,1.67896923944444,2.05374514118129,48.6915333333333,21.91119,0.0,0.0733819916197858,23.360000000000003
294.0,13.3,30.2,709.1,0.0,0.0,0.0,16.0,20.0,19.0,18.0,19.0,18.0,18.0,18.0,18.0,21.41482,18.0,26.0,1019.46,3670056.0,0.0,0.0,4.92430555555556,3.93944444444444,3.69322916666667,18.0,1572.9,1545.4,1175.8,1118.3,0.0,3712.0,0.0,0.0,707.0,2424.0,3.68,9.0,3.68,78.0,0.0,1019.46,0.0,50.0,20.0,20.0,18.5,61.0,22.0,20.0,20.5,22.0,23.0,15.5,15.5,47.0,4.81,86.0,20.0,13.807,712.3,28.17,13.966,25.0,23.2,3.0,0.0,0.0,0.0,14.0,63.0,0.0,20.0,1.0,0.0,825.6,0.0,0.0,0.6,9.0,0.0,29.0,0.0,20.0,20.0,350.0,825.6,-50.0,0.0,0.0,0.0,0.0,400.0,0.0,0.0,0.0,0.0,0.0,0.0,49.0,708.9,4.443,47.8021225,13.7705483,45.5,21.1147189979118,0.0,1.70521070897222,1.70521070897222,2.19474177228667,45.5634468085106,21.91119,0.0,0.0627339503886654,23.360000000000003
295.0,13.3,30.2,709.1,0.0,0.0,0.0,16.0,20.0,19.0,18.0,19.0,18.0,18.0,18.0,18.0,21.41482,18.0,26.0,1019.46,3670056.0,0.0,0.0,4.92430555555556,3.93944444444444,3.69322916666667,18.0,1572.9,1545.4,1175.8,1118.3,0.0,3712.0,0.0,0.0,707.0,2424.0,3.68,9.0,3.68,78.0,0.0,1019.46,0.0,50.0,20.0,20.0,18.5,61.0,22.0,20.0,20.5,22.0,23.0,15.5,15.5,47.0,4.79000000000002,86.0,20.0,13.807,712.3,28.13,13.963,25.0,30.3,3.0,0.0,0.0,0.0,14.0,63.0,0.0,20.0,1.0,0.0,825.6,0.0,0.0,0.6,9.0,0.0,29.0,0.0,20.0,20.0,350.0,825.6,-50.0,0.0,0.0,0.0,0.0,400.0,0.0,0.0,0.0,0.0,0.0,0.0,49.0,708.9,4.443,45.800195,13.7695717,44.0,21.1147189979118,0.0,1.70521070897222,1.70521070897222,2.19474177228667,45.5634468085106,21.91119,0.0,0.0627339503886654,23.33999999999998
296.0,13.3,15.9,710.4,0.0,0.0,0.0,16.0,20.0,19.0,18.0,19.0,18.0,18.0,18.0,18.0,11.29536,18.0,26.0,1019.46055555556,3670058.0,0.0,0.0,4.93333333333333,3.94666666666667,3.7,18.0,1572.9,1545.4,1175.8,1118.3,0.0,3838.0,0.0,0.0,708.0,2424.0,3.7,9.0,3.68,78.0,0.0,1019.46055555556,0.0,50.0,20.0,20.0,18.5,61.0,22.0,20.0,20.5,22.0,23.0,15.5,15.5,48.0,4.79000000000002,86.0,20.0,13.807,712.3,28.13,13.963,25.0,30.3,3.0,0.0,0.0,0.0,14.0,63.0,0.0,20.0,1.0,0.0,825.6,0.0,0.0,0.6,9.0,0.0,29.0,0.0,20.0,20.0,350.0,825.6,-50.0,0.0,0.0,0.0,0.0,400.0,0.0,0.0,0.0,0.0,0.0,0.0,49.0,709.6,4.442,45.800195,13.7695717,44.0,21.3020947542693,0.0,1.73241707163889,1.73241707163889,4.24953255141934,23.532,21.45408,0.0,0.0344694242820255,23.33999999999998
297.0,13.3,15.9,710.4,0.0,0.0,0.0,16.0,20.0,19.0,18.0,19.0,18.0,18.0,18.0,18.0,11.29536,18.0,26.0,1019.46055555556,3670058.0,0.0,0.0,4.93333333333333,3.94666666666667,3.7,18.0,1572.9,1545.4,1175.8,1118.3,0.0,3838.0,0.0,0.0,708.0,2424.0,3.7,9.0,3.68,78.0,0.0,1019.46055555556,0.0,50.0,20.0,20.0,18.5,61.0,22.0,20.0,20.5,22.0,23.0,15.5,15.5,48.0,4.74000000000001,86.0,20.0,13.805,714.4,28.03,13.962,25.0,16.6,3.0,0.0,0.0,0.0,14.0,63.0,0.0,20.0,1.0,0.0,825.6,0.0,0.0,0.6,9.0,0.0,29.0,0.0,20.0,20.0,350.0,825.6,-50.0,0.0,0.0,0.0,0.0,400.0,0.0,0.0,0.0,0.0,0.0,0.0,49.0,709.6,4.442,38.183105,13.7705483,48.71875,21.3020947542693,0.0,1.73241707163889,1.73241707163889,4.24953255141934,23.532,21.45408,0.0,0.0344694242820255,23.289999999999992
298.0,13.3,5.6,711.6,0.0,0.0,0.0,16.0,20.0,19.0,18.0,19.0,18.0,18.0,18.0,18.0,3.98496,18.0,26.0,1019.46111111111,3670060.0,0.0,0.0,4.94166666666667,3.95333333333333,3.70625,18.0,1572.9,1545.4,1175.8,1118.3,0.0,3866.0,0.0,0.0,710.0,2424.0,3.7,9.0,3.7,78.0,0.0,1019.46111111111,0.0,50.0,20.0,20.0,18.5,61.0,22.0,20.0,20.5,22.0,23.0,15.5,15.5,49.0,4.74000000000001,86.0,20.0,13.805,714.4,28.03,13.962,25.0,16.6,3.0,0.0,0.0,0.0,14.0,63.0,0.0,20.0,1.0,0.0,825.6,0.0,0.0,0.6,9.0,0.0,29.0,0.0,20.0,20.0,350.0,825.6,-50.0,0.0,0.0,0.0,0.0,400.0,0.0,0.0,0.0,0.0,0.0,0.0,49.0,711.1,4.442,38.183105,13.7705483,48.71875,21.4854058538056,0.0,1.75896629927778,1.75896629927778,12.2962338392355,8.13257142857143,11.31444,0.0,0.0213691230502793,23.289999999999992
299.0,13.3,5.6,711.6,0.0,0.0,0.0,16.0,20.0,19.0,18.0,19.0,18.0,18.0,18.0,18.0,3.98496,18.0,26.0,1019.46111111111,3670060.0,0.0,0.0,4.94166666666667,3.95333333333333,3.70625,18.0,1572.9,1545.4,1175.8,1118.3,0.0,3866.0,0.0,0.0,710.0,2424.0,3.7,9.0,3.7,78.0,0.0,1019.46111111111,0.0,50.0,20.0,20.0,18.5,61.0,22.0,20.0,20.5,22.0,23.0,15.5,15.5,49.0,4.70999999999998,86.0,20.0,13.805,715.6,28.08,13.968,25.0,12.3,3.0,0.0,0.0,0.0,14.0,63.0,0.0,20.0,1.0,0.0,825.6,0.0,0.0,0.6,9.0,0.0,29.0,0.0,20.0,20.0,350.0,825.6,-50.0,0.0,0.0,0.0,0.0,400.0,0.0,0.0,0.0,0.0,0.0,0.0,49.0,711.1,4.442,31.2007725,13.7705483,48.875,21.4854058538056,0.0,1.75896629927778,1.75896629927778,12.2962338392355,8.13257142857143,11.31444,0.0,0.0213691230502793,23.37000000000002
300.0,13.3,-12.9,713.6,0.0,0.0,0.0,16.0,20.0,19.0,18.0,19.0,18.0,18.0,18.0,18.0,-9.20544,18.0,26.0,1019.46166666667,3670062.0,0.0,0.0,4.95555555555556,3.96444444444444,3.71666666666667,18.0,1572.9,1545.4,1175.8,1118.3,0.0,3721.0,0.0,0.0,712.0,2424.0,3.7,9.0,3.7,78.0,0.0,1019.46166666667,0.0,50.0,20.0,20.0,18.5,61.0,22.0,20.0,20.5,22.0,23.0,15.5,15.5,46.0,4.70999999999998,86.0,20.0,13.805,715.6,28.08,13.968,25.0,12.3,3.0,0.0,0.0,0.0,14.0,63.0,0.0,20.0,1.0,0.0,825.6,0.0,0.0,0.6,9.0,0.0,29.0,0.0,20.0,20.0,350.0,825.6,-50.0,0.0,0.0,0.0,0.0,400.0,0.0,0.0,0.0,0.0,0.0,0.0,49.0,713.5,4.44,31.2007725,13.7705483,48.875,21.6539564363308,0.0,1.78503825977778,1.78503825977778,-4.99704522543192,-20.0118260869565,-9.20544,0.0,0.0213691230502793,23.37000000000002
301.0,13.3,-12.9,713.6,0.0,0.0,0.0,16.0,20.0,19.0,18.0,19.0,18.0,18.0,18.0,18.0,-9.20544,18.0,26.0,1019.46166666667,3670062.0,0.0,0.0,4.95555555555556,3.96444444444444,3.71666666666667,18.0,1572.9,1545.4,1175.8,1118.3,0.0,3721.0,0.0,0.0,712.0,2424.0,3.7,9.0,3.7,78.0,0.0,1019.46166666667,0.0,50.0,20.0,20.0,18.5,61.0,22.0,20.0,20.5,22.0,23.0,15.5,15.5,46.0,4.69,86.0,20.0,13.807,716.7,28.35,13.955,25.0,22.1,3.0,0.0,0.0,0.0,14.0,63.0,0.0,20.0,1.0,0.0,825.6,0.0,0.0,0.6,9.0,0.0,29.0,0.0,20.0,20.0,350.0,825.6,-50.0,0.0,0.0,0.0,0.0,400.0,0.0,0.0,0.0,0.0,0.0,0.0,49.0,713.5,4.44,28.5640875,13.7705483,44.0,21.6539564363308,0.0,1.78503825977778,1.78503825977778,-4.99704522543192,-20.0118260869565,-9.20544,0.0,0.0213691230502793,23.66
302.0,13.3,-8.6,713.4,0.0,0.0,0.0,16.0,20.0,19.0,18.0,19.0,18.0,18.0,18.0,18.0,-6.13524,18.0,26.0,1019.46222222222,3670064.0,0.0,0.0,4.95416666666667,3.96333333333333,3.715625,18.0,1572.9,1545.4,1175.8,1118.3,0.0,3547.0,0.0,0.0,712.0,2424.0,3.7,9.0,3.7,78.0,0.0,1019.46222222222,0.0,50.0,20.0,20.0,18.5,61.0,22.0,20.0,20.5,22.0,23.0,15.5,15.5,44.0,4.69,86.0,20.0,13.807,716.7,28.35,13.955,25.0,22.1,3.0,0.0,0.0,0.0,14.0,63.0,0.0,20.0,1.0,0.0,825.6,0.0,0.0,0.6,9.0,0.0,29.0,0.0,20.0,20.0,350.0,825.6,-50.0,0.0,0.0,0.0,0.0,400.0,0.0,0.0,0.0,0.0,0.0,0.0,49.0,713.4,4.442,28.5640875,13.7705483,44.0,21.8020373151376,0.0,1.80923455155556,1.80923455155556,-7.17168358532022,-13.9437272727273,-6.13524,0.0,0.0213691230502793,23.66
303.0,13.3,-8.6,713.4,0.0,0.0,0.0,16.0,20.0,19.0,18.0,19.0,18.0,18.0,18.0,18.0,-6.13524,18.0,26.0,1019.46222222222,3670064.0,0.0,0.0,4.95416666666667,3.96333333333333,3.715625,18.0,1572.9,1545.4,1175.8,1118.3,0.0,3547.0,0.0,0.0,712.0,2424.0,3.7,9.0,3.7,78.0,0.0,1019.46222222222,0.0,50.0,20.0,20.0,18.5,61.0,22.0,20.0,20.5,22.0,23.0,15.5,15.5,44.0,4.66000000000003,86.0,20.0,13.807,717.6,27.85,13.966,25.0,-2.7,3.0,0.0,0.0,0.0,14.0,63.0,0.0,20.0,1.0,0.0,825.6,0.0,0.0,0.6,9.0,0.0,29.0,0.0,20.0,20.0,350.0,825.6,-50.0,0.0,0.0,0.0,0.0,400.0,0.0,0.0,0.0,0.0,0.0,0.0,49.0,713.4,4.442,24.5602325,13.7705483,40.0,21.8020373151376,0.0,1.80923455155556,1.80923455155556,-7.17168358532022,-13.9437272727273,-6.13524,0.0,,23.18999999999997
304.0,13.3,-35.4,716.1,0.0,0.0,0.0,16.0,20.0,19.0,18.0,19.0,18.0,18.0,18.0,18.0,-25.34994,18.0,26.0,1019.4625,3670065.0,0.0,0.0,4.97291666666667,3.97833333333333,3.7296875,18.0,1572.9,1545.4,1175.8,1118.3,0.0,3196.0,0.0,0.0,715.0,2427.0,3.72,9.0,3.72,40.0,0.0,1019.4625,0.0,50.0,20.0,20.0,18.5,61.0,22.0,20.0,20.5,22.0,23.0,15.5,15.5,39.0,4.66000000000003,86.0,20.0,13.807,717.6,27.85,13.966,25.0,-2.7,3.0,0.0,0.0,0.0,14.0,63.0,0.0,20.0,1.0,0.0,825.6,0.0,0.0,0.6,9.0,0.0,29.0,0.0,20.0,20.0,350.0,825.6,-50.0,0.0,0.0,0.0,0.0,400.0,0.0,0.0,0.0,0.0,0.0,0.0,49.0,714.7,4.443,24.5602325,13.7705483,40.0,21.9118570435898,0.0,1.83003380947222,1.83003380947222,-1.53846517979924,-64.9998461538461,-6.15846,0.0,-0.032307849009548,23.18999999999997
305.0,13.3,-35.4,716.1,0.0,0.0,0.0,16.0,20.0,19.0,18.0,19.0,18.0,18.0,18.0,18.0,-25.34994,18.0,26.0,1019.4625,3670065.0,0.0,0.0,4.97291666666667,3.97833333333333,3.7296875,18.0,1572.9,1545.4,1175.8,1118.3,0.0,3196.0,0.0,0.0,715.0,2427.0,3.72,9.0,3.72,40.0,0.0,1019.4625,0.0,50.0,20.0,20.0,18.5,61.0,22.0,20.0,20.5,22.0,23.0,15.5,15.5,39.0,4.5,86.0,20.0,13.782,721.3,33.11,13.952,25.0,-3.6,3.0,0.0,0.0,0.0,14.0,63.0,0.0,20.0,1.0,0.0,825.6,0.0,0.0,0.6,9.0,0.0,29.0,0.0,20.0,20.0,350.0,825.6,-50.0,0.0,0.0,0.0,0.0,400.0,0.0,0.0,0.0,0.0,0.0,0.0,49.0,714.7,4.443,0.0,13.740762,37.0625,21.9118570435898,0.0,1.83003380947222,1.83003380947222,-1.53846517979924,-64.9998461538461,-6.15846,0.0,-0.032307849009548,28.61
306.0,13.3,-40.0,717.2,0.0,0.0,0.0,15.0,20.0,19.0,18.0,19.0,18.0,18.0,18.0,18.0,-28.688,18.0,26.0,1019.46305555556,3670067.0,0.0,0.0,4.98055555555556,3.98444444444444,3.73541666666667,18.0,1572.9,1545.4,1175.8,1118.3,0.0,2387.0,0.0,0.0,715.0,2427.0,3.72,9.0,3.72,2.0,0.0,1019.46305555556,0.0,50.0,20.0,20.0,18.5,61.0,22.0,20.0,20.5,22.0,23.0,15.5,15.5,28.0,4.53000000000003,86.0,20.0,13.782,720.1,32.96,13.975,25.0,-3.6,3.0,0.0,0.0,0.0,14.0,63.0,0.0,20.0,1.0,0.0,825.6,0.0,0.0,0.6,9.0,0.0,29.0,0.0,20.0,20.0,350.0,825.6,-50.0,0.0,0.0,0.0,0.0,400.0,0.0,0.0,0.0,0.0,0.0,0.0,49.0,717.5,4.443,0.0,13.740762,37.0625,21.9504844965377,0.0,1.84496568991667,1.84496568991667,-0.976017847183491,-102.457142857143,-28.688,0.0,-0.0756797096004492,28.42999999999997
307.0,13.3,-40.0,717.2,0.0,0.0,0.0,15.0,20.0,19.0,18.0,19.0,18.0,18.0,18.0,18.0,-28.688,18.0,26.0,1019.46305555556,3670067.0,0.0,0.0,4.98055555555556,3.98444444444444,3.73541666666667,18.0,1572.9,1545.4,1175.8,1118.3,0.0,2387.0,0.0,0.0,715.0,2427.0,3.72,9.0,3.72,2.0,0.0,1019.46305555556,0.0,50.0,20.0,20.0,18.5,61.0,22.0,20.0,20.5,22.0,23.0,15.5,15.5,28.0,4.53000000000003,86.0,20.0,13.782,720.1,32.96,13.975,25.0,-0.1,3.0,0.0,0.0,0.0,14.0,63.0,0.0,20.0,1.0,0.0,825.6,0.0,0.0,0.6,9.0,0.0,29.0,0.0,20.0,20.0,350.0,825.6,-50.0,0.0,0.0,0.0,0.0,400.0,0.0,0.0,0.0,0.0,0.0,0.0,49.0,717.5,4.443,0.0,13.740762,25.703125,21.9504844965377,0.0,1.84496568991667,1.84496568991667,-0.976017847183491,-102.457142857143,-28.688,0.0,-0.0756797096004492,28.42999999999997
308.0,13.3,-24.6,715.9,0.0,0.0,0.0,15.0,20.0,19.0,18.0,19.0,18.0,18.0,18.0,18.0,-17.61114,18.0,26.0,1019.46361111111,3670069.0,0.0,0.0,4.97152777777778,3.97722222222222,3.72864583333333,18.0,1572.9,1545.4,1175.8,1118.3,0.0,1529.0,0.0,0.0,714.0,2427.0,3.72,9.0,3.72,1.0,0.0,1019.46361111111,0.0,50.0,20.0,20.0,18.5,61.0,22.0,20.0,20.5,22.0,23.0,15.5,15.5,17.0,4.56,86.0,20.0,13.781,719.5,33.36,13.972,25.0,-0.1,3.0,0.0,0.0,0.0,14.0,63.0,0.0,20.0,1.0,0.0,825.6,0.0,0.0,0.6,9.0,0.0,29.0,0.0,20.0,20.0,350.0,825.6,-50.0,0.0,0.0,0.0,0.0,400.0,0.0,0.0,0.0,0.0,0.0,0.0,49.0,716.3,4.442,0.0,13.740762,25.703125,21.9183379170491,0.0,1.85430492844444,1.85430492844444,-0.965298101088289,-103.594941176471,-28.636,0.0,-0.105348865888059,28.8
309.0,13.3,-24.6,715.9,0.0,0.0,0.0,15.0,20.0,19.0,18.0,19.0,18.0,18.0,18.0,18.0,-17.61114,18.0,26.0,1019.46361111111,3670069.0,0.0,0.0,4.97152777777778,3.97722222222222,3.72864583333333,18.0,1572.9,1545.4,1175.8,1118.3,0.0,1529.0,0.0,0.0,714.0,2427.0,3.72,9.0,3.72,1.0,0.0,1019.46361111111,0.0,50.0,20.0,20.0,18.5,61.0,22.0,20.0,20.5,22.0,23.0,15.5,15.5,17.0,4.56,86.0,20.0,13.781,719.5,33.36,13.972,25.0,0.3,3.0,0.0,0.0,0.0,14.0,63.0,0.0,20.0,1.0,0.0,825.6,0.0,0.0,0.6,9.0,0.0,29.0,0.0,20.0,20.0,350.0,825.6,-50.0,0.0,0.0,0.0,0.0,400.0,0.0,0.0,0.0,0.0,0.0,0.0,49.0,716.3,4.442,0.0,13.740762,13.953125,21.9183379170491,0.0,1.85430492844444,1.85430492844444,-0.965298101088289,-103.594941176471,-28.636,0.0,-0.105348865888059,28.8
310.0,13.3,-7.2,714.4,0.0,0.0,0.0,15.0,20.0,19.0,18.0,19.0,18.0,18.0,18.0,18.0,-5.14368,18.0,26.0,1019.46416666667,3670071.0,0.0,0.0,4.96111111111111,3.96888888888889,3.72083333333333,18.0,1572.9,1545.4,1175.8,1118.3,0.0,407.0,0.0,0.0,712.0,2427.0,3.72,9.0,3.7,77.0,0.0,1019.46416666667,0.0,50.0,20.0,20.0,18.0,61.0,22.0,20.0,20.5,22.0,23.0,15.5,15.5,3.0,4.53000000000003,86.0,20.0,13.799,716.7,33.2,13.987,25.0,0.3,3.0,0.0,0.0,0.0,14.0,63.0,0.0,20.0,1.0,0.0,825.6,0.0,0.0,0.6,9.0,0.0,29.0,0.0,20.0,20.0,350.0,825.6,-50.0,0.0,0.0,0.0,0.0,400.0,0.0,0.0,0.0,0.0,0.0,0.0,49.0,715.2,4.443,0.0,13.740762,13.953125,21.7977740196251,0.0,1.85593274394444,1.85593274394444,-0.583240014930944,-171.456,-17.57424,0.0,-0.149449281386059,28.669999999999973
311.0,13.3,-7.2,714.4,0.0,0.0,0.0,15.0,20.0,19.0,18.0,19.0,18.0,18.0,18.0,18.0,-5.14368,18.0,26.0,1019.46416666667,3670071.0,0.0,0.0,4.96111111111111,3.96888888888889,3.72083333333333,18.0,1572.9,1545.4,1175.8,1118.3,0.0,407.0,0.0,0.0,712.0,2427.0,3.72,9.0,3.7,77.0,0.0,1019.46416666667,0.0,50.0,20.0,20.0,18.0,61.0,22.0,20.0,20.5,22.0,23.0,15.5,15.5,3.0,4.53000000000003,86.0,20.0,13.799,716.7,33.2,13.987,25.0,-15.1,3.0,0.0,0.0,0.0,14.0,63.0,0.0,20.0,1.0,0.0,825.6,0.0,0.0,0.6,9.0,0.0,29.0,0.0,20.0,20.0,350.0,825.6,-50.0,0.0,0.0,0.0,0.0,400.0,0.0,0.0,0.0,0.0,0.0,0.0,49.0,713.5,4.443,0.0,13.760294,1.0625,21.7977740196251,0.0,1.85593274394444,1.85593274394444,-0.583240014930944,-171.456,-17.57424,0.0,-0.149449281386059,28.669999999999973
312.0,13.3,0.7,713.5,0.0,0.0,0.0,15.0,20.0,19.0,18.0,19.0,18.0,18.0,18.0,18.0,0.49945,18.0,26.0,1019.46472222222,3670073.0,0.0,0.0,4.95486111111111,3.96388888888889,3.71614583333333,18.0,1572.9,1545.4,1175.8,1118.3,0.0,-2.0,0.0,0.0,711.0,2438.0,3.7,20.0,3.7,40.0,0.0,1019.46472222222,0.0,50.0,20.0,20.0,18.0,61.0,22.0,20.0,20.5,22.0,23.0,15.5,15.5,0.0,4.50999999999999,86.0,20.0,13.802,716.7,32.29,13.993,25.0,-17.8,3.0,0.0,0.0,0.0,14.0,63.0,0.0,20.0,1.0,0.0,825.6,0.0,0.0,0.6,9.0,0.0,29.0,0.0,20.0,20.0,350.0,825.6,-50.0,0.0,0.0,0.0,0.0,400.0,0.0,0.0,0.0,0.0,0.0,0.0,49.0,713.5,4.443,0.0,13.760294,1.0625,21.6600474960952,0.0,1.85593274394444,1.85593274394444,0.0,-171.456,-5.1372,0.0,-0.141630369486393,27.78000000000001
313.0,13.3,0.7,713.5,0.0,0.0,0.0,15.0,20.0,19.0,18.0,19.0,18.0,18.0,18.0,18.0,0.49945,18.0,26.0,1019.46472222222,3670073.0,0.0,0.0,4.95486111111111,3.96388888888889,3.71614583333333,18.0,1572.9,1545.4,1175.8,1118.3,0.0,-2.0,0.0,0.0,711.0,2438.0,3.7,20.0,3.7,40.0,0.0,1019.46472222222,0.0,50.0,20.0,20.0,18.0,61.0,22.0,20.0,20.5,22.0,23.0,15.5,15.5,0.0,4.50999999999999,86.0,20.0,13.802,716.7,32.29,13.993,25.0,-17.8,3.0,0.0,0.0,0.0,14.0,63.0,0.0,20.0,1.0,0.0,825.6,0.0,0.0,0.6,9.0,0.0,29.0,0.0,20.0,20.0,350.0,825.6,-50.0,0.0,0.0,0.0,0.0,400.0,0.0,0.0,0.0,0.0,0.0,0.0,49.0,713.4,4.443,0.0,13.7705483,0.109375,21.6600474960952,0.0,1.85593274394444,1.85593274394444,0.0,-171.456,-5.1372,0.0,-0.141630369486393,27.78000000000001
314.0,13.3,0.7,713.4,0.0,0.0,0.0,15.0,20.0,19.0,18.0,19.0,18.0,18.0,18.0,18.0,0.49938,18.0,26.0,1019.46527777778,3670075.0,0.0,0.0,4.95416666666667,3.96333333333333,3.715625,18.0,1572.9,1545.4,1175.8,1118.3,0.0,0.0,0.0,0.0,712.0,2438.0,3.7,24.0,3.7,77.0,0.0,1019.46527777778,0.0,50.0,20.0,20.0,18.0,61.0,22.0,20.0,20.5,22.0,23.0,15.5,15.5,0.0,4.48000000000002,86.0,20.0,13.802,716.9,32.48,13.997,25.0,-20.6,3.0,0.0,0.0,0.0,14.0,63.0,0.0,20.0,1.0,0.0,825.6,0.0,0.0,0.6,9.0,0.0,29.0,0.0,20.0,20.0,350.0,825.6,-50.0,0.0,0.0,0.0,0.0,400.0,0.0,0.0,0.0,0.0,0.0,0.0,49.0,713.4,4.443,0.0,13.7705483,0.109375,21.5257284856857,0.0,1.85593274394444,1.85593274394444,0.0,,0.49938,0.0,-0.101618798506662,27.99999999999998
315.0,13.3,0.7,713.4,0.0,0.0,0.0,15.0,20.0,19.0,18.0,19.0,18.0,18.0,18.0,18.0,0.49938,18.0,26.0,1019.46527777778,3670075.0,0.0,0.0,4.95416666666667,3.96333333333333,3.715625,18.0,1572.9,1545.4,1175.8,1118.3,0.0,0.0,0.0,0.0,712.0,2438.0,3.7,24.0,3.7,77.0,0.0,1019.46527777778,0.0,50.0,20.0,20.0,18.0,61.0,22.0,20.0,20.5,22.0,23.0,15.5,15.5,0.0,4.48000000000002,86.0,20.0,13.802,716.9,32.48,13.997,25.0,-20.6,3.0,0.0,0.0,0.0,14.0,63.0,0.0,20.0,1.0,0.0,825.6,0.0,0.0,0.6,9.0,0.0,29.0,0.0,20.0,20.0,350.0,825.6,-50.0,0.0,0.0,0.0,0.0,400.0,0.0,0.0,0.0,0.0,0.0,0.0,49.0,713.4,4.443,0.0,13.7695717,0.0,21.5257284856857,0.0,1.85593274394444,1.85593274394444,0.0,,0.49938,0.0,-0.101618798506662,27.99999999999998
316.0,13.3,0.7,713.4,0.0,0.0,0.0,15.0,20.0,19.0,18.0,19.0,18.0,18.0,18.0,18.0,0.49938,18.0,26.0,1019.46583333333,3670077.0,0.0,0.0,4.95416666666667,3.96333333333333,3.715625,18.0,1572.9,1545.4,1175.8,1118.3,0.0,0.0,0.0,0.0,711.0,2438.0,3.7,95.0,3.7,49.0,0.0,1019.46583333333,0.0,50.0,20.0,20.0,18.0,61.0,22.0,20.0,20.5,22.0,23.0,15.5,15.5,0.0,4.94,86.0,20.0,13.824,716.7,27.53,13.997,25.0,-4.8,3.0,0.0,0.0,0.0,14.0,63.0,0.0,20.0,1.0,0.0,825.6,0.0,0.0,0.6,9.0,0.0,29.0,0.0,20.0,20.0,350.0,825.6,-50.0,0.0,0.0,0.0,0.0,400.0,0.0,0.0,0.0,0.0,0.0,0.0,49.0,713.4,4.443,0.0,13.7695717,0.0,21.3894584816339,0.0,1.85593274394444,1.85593274394444,0.0,,0.49938,0.0,-0.061699262099765,22.59
317.0,13.3,0.7,713.4,0.0,0.0,0.0,15.0,20.0,19.0,18.0,19.0,18.0,18.0,18.0,18.0,0.49938,18.0,26.0,1019.46583333333,3670077.0,0.0,0.0,4.95416666666667,3.96333333333333,3.715625,18.0,1572.9,1545.4,1175.8,1118.3,0.0,0.0,0.0,0.0,711.0,2438.0,3.7,95.0,3.7,49.0,0.0,1019.46583333333,0.0,50.0,20.0,20.0,18.0,61.0,22.0,20.0,20.5,22.0,23.0,15.5,15.5,0.0,4.94,86.0,20.0,13.824,716.7,27.53,13.997,25.0,-4.8,3.0,0.0,0.0,0.0,14.0,63.0,0.0,20.0,1.0,0.0,825.6,0.0,0.0,0.6,9.0,0.0,29.0,0.0,20.0,20.0,350.0,825.6,-50.0,0.0,0.0,0.0,0.0,400.0,0.0,0.0,0.0,0.0,0.0,0.0,49.0,712.5,4.443,66.60071,13.7705483,0.21875,21.3894584816339,0.0,1.85593274394444,1.85593274394444,0.0,,0.49938,0.0,-0.061699262099765,22.59
318.0,13.3,17.3,711.8,0.0,0.0,0.0,15.0,20.0,19.0,18.0,19.0,18.0,18.0,18.0,18.0,12.31414,18.0,26.0,1019.46638888889,3670079.0,0.0,0.0,4.94305555555556,3.95444444444444,3.70729166666667,18.0,1572.9,1545.4,1175.8,1118.3,0.0,683.0,0.0,0.0,710.0,2438.0,3.7,9.0,3.7,77.0,0.0,1019.46638888889,0.0,50.0,20.0,20.0,18.0,61.0,22.0,20.0,20.5,22.0,23.0,15.5,15.5,10.0,4.42000000000002,86.0,20.0,13.806,714.3,27.72,13.965,25.0,-11.4,3.0,0.0,0.0,0.0,14.0,63.0,0.0,20.0,1.0,0.0,825.6,0.0,0.0,0.6,9.0,0.0,29.0,0.0,20.0,20.0,350.0,825.6,-50.0,0.0,0.0,0.0,0.0,400.0,0.0,0.0,0.0,0.0,0.0,0.0,49.0,712.5,4.443,66.60071,13.7705483,0.21875,21.3199329458958,0.0,1.86126195255556,1.86126195255556,0.812074574432319,123.1414,0.49826,0.0,-0.061699262099765,23.29999999999998
319.0,13.3,17.3,711.8,0.0,0.0,0.0,15.0,20.0,19.0,18.0,19.0,18.0,18.0,18.0,18.0,12.31414,18.0,26.0,1019.46638888889,3670079.0,0.0,0.0,4.94305555555556,3.95444444444444,3.70729166666667,18.0,1572.9,1545.4,1175.8,1118.3,0.0,683.0,0.0,0.0,710.0,2438.0,3.7,9.0,3.7,77.0,0.0,1019.46638888889,0.0,50.0,20.0,20.0,18.0,61.0,22.0,20.0,20.5,22.0,23.0,15.5,15.5,10.0,4.42000000000002,86.0,20.0,13.806,714.3,27.72,13.965,25.0,-11.4,3.0,0.0,0.0,0.0,14.0,63.0,0.0,20.0,1.0,0.0,825.6,0.0,0.0,0.6,9.0,0.0,29.0,0.0,20.0,20.0,350.0,825.6,-50.0,0.0,0.0,0.0,0.0,400.0,0.0,0.0,0.0,0.0,0.0,0.0,49.0,710.0,4.442,72.557665,13.7705483,13.84375,21.3199329458958,0.0,1.86126195255556,1.86126195255556,0.812074574432319,123.1414,0.49826,0.0,-0.061699262099765,23.29999999999998
320.0,13.3,40.3,709.2,0.0,0.0,0.0,15.0,20.0,19.0,18.0,19.0,18.0,18.0,18.0,18.0,28.58076,18.0,26.0,1019.46694444444,3670081.0,0.0,0.0,4.925,3.94,3.69375,18.0,1572.9,1545.4,1175.8,1118.3,0.0,1739.0,0.0,0.0,707.0,2438.0,3.68,11.0,3.68,77.0,0.0,1019.46694444444,0.0,50.0,20.0,20.0,18.0,61.0,22.0,20.0,20.5,22.0,22.0,15.5,15.5,24.0,4.44,86.0,20.0,13.807,712.0,27.83,13.968,25.0,-0.6,3.0,0.0,0.0,0.0,14.0,63.0,0.0,20.0,1.0,0.0,825.6,0.0,0.0,0.6,9.0,0.0,29.0,0.0,20.0,20.0,350.0,825.6,-50.0,0.0,0.0,0.0,0.0,400.0,0.0,0.0,0.0,0.0,0.0,0.0,49.0,710.0,4.442,62.10858,13.7705483,24.0,21.3367257107336,0.0,1.87447315055556,1.87447315055556,0.839725745571496,119.0865,12.26916,0.0,0.0871276637920145,23.389999999999997
321.0,13.3,40.3,709.2,0.0,0.0,0.0,15.0,20.0,19.0,18.0,19.0,18.0,18.0,18.0,18.0,28.58076,18.0,26.0,1019.46694444444,3670081.0,0.0,0.0,4.925,3.94,3.69375,18.0,1572.9,1545.4,1175.8,1118.3,0.0,1739.0,0.0,0.0,707.0,2438.0,3.68,11.0,3.68,77.0,0.0,1019.46694444444,0.0,50.0,20.0,20.0,18.0,61.0,22.0,20.0,20.5,22.0,22.0,15.5,15.5,24.0,4.44,86.0,20.0,13.807,712.0,27.83,13.968,25.0,-0.6,3.0,0.0,0.0,0.0,14.0,63.0,0.0,20.0,1.0,0.0,825.6,0.0,0.0,0.6,9.0,0.0,29.0,0.0,20.0,20.0,350.0,825.6,-50.0,0.0,0.0,0.0,0.0,400.0,0.0,0.0,0.0,0.0,0.0,0.0,49.0,708.8,4.443,62.10858,13.7705483,24.0,21.3367257107336,0.0,1.87447315055556,1.87447315055556,0.839725745571496,119.0865,12.26916,0.0,0.0871276637920145,23.389999999999997
322.0,13.4,42.0,708.7,0.0,0.0,0.0,15.0,20.0,19.0,18.0,19.0,18.0,18.0,18.0,18.0,29.7654,18.0,26.0,1019.4675,3670083.0,0.0,0.0,4.92152777777778,3.93722222222222,3.69114583333333,18.0,1572.9,1545.5,1175.8,1118.3,0.0,2554.0,0.0,0.0,707.0,2424.0,3.68,34.0,3.68,78.0,0.0,1019.4675,0.0,50.0,20.0,20.0,18.0,61.0,22.0,20.0,20.5,22.0,23.0,15.5,15.5,33.0,4.38,86.0,20.0,13.808,712.0,27.67,13.972,25.0,0.0,3.0,0.0,0.0,0.0,14.0,63.0,0.0,20.0,1.0,0.0,825.6,0.0,0.0,0.6,9.0,0.0,29.0,0.0,20.0,20.0,350.0,825.6,-50.0,0.0,0.0,0.0,0.0,400.0,0.0,0.0,0.0,0.0,0.0,0.0,49.0,708.8,4.443,55.46804,13.7705483,32.0,21.4070257562811,0.0,1.89205337988889,1.89205337988889,1.10866979781894,90.1981818181818,28.56061,0.0,0.119905575582693,23.290000000000003
323.0,13.3,36.0,708.8,0.0,0.0,0.0,15.0,20.0,19.0,18.0,19.0,18.0,18.0,18.0,18.0,25.5168,18.0,26.0,1019.46805555556,3670085.0,0.0,0.0,4.92222222222222,3.93777777777778,3.69166666666667,18.0,1572.9,1545.5,1175.8,1118.4,0.0,3138.0,0.0,0.0,707.0,2424.0,3.68,34.0,3.68,78.0,0.0,1019.46805555556,0.0,50.0,20.0,20.0,18.0,61.0,22.0,20.0,20.5,22.0,23.0,15.5,15.5,33.0,4.38,86.0,20.0,13.808,712.0,27.67,13.972,25.0,0.0,3.0,0.0,0.0,0.0,14.0,63.0,0.0,20.0,1.0,0.0,825.6,0.0,0.0,0.6,9.0,0.0,29.0,0.0,20.0,20.0,350.0,825.6,-50.0,0.0,0.0,0.0,0.0,400.0,0.0,0.0,0.0,0.0,0.0,0.0,49.0,708.8,4.443,55.46804,13.7705483,32.0,21.4070257562811,0.0,1.89205337988889,1.89205337988889,1.10866979781894,90.1981818181818,25.5168,0.0,0.119905575582693,23.290000000000003
324.0,13.3,36.0,708.8,0.0,0.0,0.0,15.0,20.0,19.0,18.0,19.0,18.0,18.0,18.0,18.0,25.5168,18.0,26.0,1019.46805555556,3670085.0,0.0,0.0,4.92222222222222,3.93777777777778,3.69166666666667,18.0,1572.9,1545.5,1175.8,1118.4,0.0,3138.0,0.0,0.0,707.0,2424.0,3.68,34.0,3.68,78.0,0.0,1019.46805555556,0.0,50.0,20.0,20.0,18.0,61.0,22.0,20.0,20.5,22.0,23.0,15.5,15.5,40.0,4.35000000000002,86.0,20.0,13.809,712.5,27.55,13.969,25.0,-27.1,3.0,0.0,0.0,0.0,14.0,63.0,0.0,20.0,1.0,0.0,825.6,0.0,0.0,0.6,9.0,0.0,29.0,0.0,20.0,20.0,350.0,825.6,-50.0,0.0,0.0,0.0,0.0,400.0,0.0,0.0,0.0,0.0,0.0,0.0,49.0,708.8,4.443,47.167365,13.7705483,41.6875,21.5203296727225,0.0,1.91372982877778,1.91372982877778,1.56759468271884,63.792,25.5168,0.0,0.14583848010813,23.19999999999998
325.0,13.3,26.5,709.8,0.0,0.0,0.0,15.0,20.0,19.0,18.0,19.0,18.0,18.0,18.0,18.0,18.8097,18.0,26.0,1019.46861111111,3670087.0,0.0,0.0,4.92916666666667,3.94333333333333,3.696875,18.0,1572.9,1545.5,1175.8,1118.4,0.0,3496.0,0.0,0.0,708.0,2424.0,3.68,9.0,3.68,78.0,0.0,1019.46861111111,0.0,50.0,20.0,20.0,18.0,61.0,22.0,20.0,20.5,22.0,23.0,15.5,15.5,40.0,4.35000000000002,86.0,20.0,13.809,712.5,27.55,13.969,25.0,-27.1,3.0,0.0,0.0,0.0,14.0,63.0,0.0,20.0,1.0,0.0,825.6,0.0,0.0,0.6,9.0,0.0,29.0,0.0,20.0,20.0,350.0,825.6,-50.0,0.0,0.0,0.0,0.0,400.0,0.0,0.0,0.0,0.0,0.0,0.0,49.0,709.9,4.441,47.167365,13.7705483,41.6875,21.5203296727225,0.0,1.91372982877778,1.91372982877778,1.56759468271884,63.792,18.8097,0.0,0.14583848010813,23.19999999999998
326.0,13.3,26.5,709.8,0.0,0.0,0.0,15.0,20.0,19.0,18.0,19.0,18.0,18.0,18.0,18.0,18.8097,18.0,26.0,1019.46861111111,3670087.0,0.0,0.0,4.92916666666667,3.94333333333333,3.696875,18.0,1572.9,1545.5,1175.8,1118.4,0.0,3496.0,0.0,0.0,708.0,2424.0,3.68,9.0,3.68,78.0,0.0,1019.46861111111,0.0,50.0,20.0,20.0,18.0,61.0,22.0,20.0,20.5,22.0,22.0,15.5,15.5,45.0,4.31999999999999,86.0,20.0,13.808,713.0,27.91,13.967,24.0,-23.3,3.0,0.0,0.0,0.0,14.0,63.0,0.0,20.0,1.0,0.0,825.6,0.0,0.0,0.6,9.0,0.0,29.0,0.0,20.0,20.0,350.0,825.6,-50.0,0.0,0.0,0.0,0.0,400.0,0.0,0.0,0.0,0.0,0.0,0.0,49.0,709.9,4.441,43.847095,13.7705483,45.671875,21.6602275239509,0.0,1.93771587502778,1.93771587502778,2.39238265363084,41.7993333333333,18.8097,0.0,0.127601481109628,23.59000000000001
327.0,13.3,13.9,711.0,0.0,0.0,0.0,15.0,20.0,19.0,18.0,19.0,18.0,18.0,18.0,18.0,9.8829,18.0,26.0,1019.46916666667,3670089.0,0.0,0.0,4.9375,3.95,3.703125,18.0,1572.9,1545.5,1175.8,1118.4,0.0,3706.0,0.0,0.0,709.0,2424.0,3.7,24.0,3.7,78.0,0.0,1019.46916666667,0.0,50.0,20.0,20.0,18.0,61.0,22.0,20.0,20.5,22.0,22.0,15.5,15.5,45.0,4.31999999999999,86.0,20.0,13.808,713.0,27.91,13.967,24.0,-23.3,3.0,0.0,0.0,0.0,14.0,63.0,0.0,20.0,1.0,0.0,825.6,0.0,0.0,0.6,9.0,0.0,29.0,0.0,20.0,20.0,350.0,825.6,-50.0,0.0,0.0,0.0,0.0,400.0,0.0,0.0,0.0,0.0,0.0,0.0,49.0,710.6,4.442,43.847095,13.7705483,45.671875,21.6602275239509,0.0,1.93771587502778,1.93771587502778,2.39238265363084,41.7993333333333,18.8415,0.0,0.127601481109628,23.59000000000001
328.0,13.3,13.9,711.0,0.0,0.0,0.0,15.0,20.0,19.0,18.0,19.0,18.0,18.0,18.0,18.0,9.8829,18.0,26.0,1019.46916666667,3670089.0,0.0,0.0,4.9375,3.95,3.703125,18.0,1572.9,1545.5,1175.8,1118.4,0.0,3706.0,0.0,0.0,709.0,2424.0,3.7,24.0,3.7,78.0,0.0,1019.46916666667,0.0,50.0,20.0,20.0,18.0,61.0,22.0,20.0,20.5,22.0,22.0,15.5,15.5,47.0,4.29000000000002,86.0,20.0,13.808,714.4,27.58,13.973,24.0,-8.8,3.0,0.0,0.0,0.0,14.0,63.0,0.0,20.0,1.0,0.0,825.6,0.0,0.0,0.6,9.0,0.0,29.0,0.0,20.0,20.0,350.0,825.6,-50.0,0.0,0.0,0.0,0.0,400.0,0.0,0.0,0.0,0.0,0.0,0.0,49.0,710.6,4.442,39.84324,13.7705483,44.0,21.8151980166473,0.0,1.96358819741667,1.96358819741667,4.7556891195904,21.0274468085106,18.8415,0.0,0.083853735859462,23.289999999999978
329.0,13.3,5.8,711.8,0.0,0.0,0.0,15.0,20.0,19.0,18.0,19.0,18.0,18.0,18.0,18.0,4.12844,18.0,26.0,1019.46972222222,3670091.0,0.0,0.0,4.94305555555556,3.95444444444444,3.70729166666667,18.0,1572.9,1545.5,1175.8,1118.4,0.0,3812.0,0.0,0.0,710.0,2420.0,3.7,9.0,3.7,77.0,0.0,1019.46972222222,0.0,50.0,20.0,20.0,18.0,61.0,22.0,20.0,20.5,22.0,22.0,15.5,15.5,47.0,4.29000000000002,86.0,20.0,13.808,714.4,27.58,13.973,24.0,-8.8,3.0,0.0,0.0,0.0,14.0,63.0,0.0,20.0,1.0,0.0,825.6,0.0,0.0,0.6,9.0,0.0,29.0,0.0,20.0,20.0,350.0,825.6,-50.0,0.0,0.0,0.0,0.0,400.0,0.0,0.0,0.0,0.0,0.0,0.0,49.0,711.7,4.442,39.84324,13.7705483,44.0,21.8151980166473,0.0,1.96358819741667,1.96358819741667,4.7556891195904,21.0274468085106,9.89402,0.0,0.083853735859462,23.289999999999978
330.0,13.3,5.8,711.8,0.0,0.0,0.0,15.0,20.0,19.0,18.0,19.0,18.0,18.0,18.0,18.0,4.12844,18.0,26.0,1019.46972222222,3670091.0,0.0,0.0,4.94305555555556,3.95444444444444,3.70729166666667,18.0,1572.9,1545.5,1175.8,1118.4,0.0,3812.0,0.0,0.0,710.0,2420.0,3.7,9.0,3.7,77.0,0.0,1019.46972222222,0.0,50.0,20.0,20.0,18.0,61.0,22.0,20.0,20.5,22.0,23.0,15.5,15.5,48.0,4.25999999999999,86.0,20.0,13.809,715.5,27.35,13.978,24.0,-32.7,3.0,0.0,0.0,0.0,14.0,63.0,0.0,20.0,1.0,0.0,825.6,0.0,0.0,0.6,9.0,0.0,29.0,0.0,20.0,20.0,350.0,825.6,-50.0,0.0,0.0,0.0,0.0,400.0,0.0,0.0,0.0,0.0,0.0,0.0,49.0,711.7,4.442,32.8609075,13.7705483,48.71875,21.9716652051652,0.0,1.98956045075,1.98956045075,11.6266677001482,8.60091666666667,9.89402,0.0,0.0544766832678062,23.09000000000001
331.0,13.3,-2.5,712.6,0.0,0.0,0.0,15.0,20.0,19.0,18.0,19.0,18.0,18.0,18.0,18.0,-1.7815,18.0,26.0,1019.47027777778,3670093.0,0.0,0.0,4.94861111111111,3.95888888888889,3.71145833333333,18.0,1572.9,1545.5,1175.8,1118.4,0.0,3870.0,0.0,0.0,711.0,2420.0,3.7,34.0,3.7,49.0,0.0,1019.47027777778,0.0,50.0,20.0,20.0,18.0,61.0,22.0,20.0,20.5,22.0,22.0,15.5,15.5,48.0,4.25999999999999,86.0,20.0,13.809,715.5,27.35,13.978,24.0,-32.7,3.0,0.0,0.0,0.0,14.0,63.0,0.0,20.0,1.0,0.0,825.6,0.0,0.0,0.6,9.0,0.0,29.0,0.0,20.0,20.0,350.0,825.6,-50.0,0.0,0.0,0.0,0.0,400.0,0.0,0.0,0.0,0.0,0.0,0.0,49.0,712.9,4.442,32.8609075,13.7705483,48.71875,21.9716652051652,0.0,1.98956045075,1.98956045075,11.6266677001482,8.60091666666667,-1.7815,0.0,0.0544766832678062,23.09000000000001
332.0,13.3,-2.5,712.6,0.0,0.0,0.0,15.0,20.0,19.0,18.0,19.0,18.0,18.0,18.0,18.0,-1.7815,18.0,26.0,1019.47027777778,3670093.0,0.0,0.0,4.94861111111111,3.95888888888889,3.71145833333333,18.0,1572.9,1545.5,1175.8,1118.4,0.0,3870.0,0.0,0.0,711.0,2420.0,3.7,34.0,3.7,49.0,0.0,1019.47027777778,0.0,50.0,20.0,20.0,18.0,61.0,22.0,20.0,20.5,22.0,22.0,15.5,15.5,49.0,4.42000000000002,86.0,20.0,13.805,716.7,27.54,13.963,24.0,-13.0,3.0,0.0,0.0,0.0,14.0,63.0,0.0,20.0,1.0,0.0,825.6,0.0,0.0,0.6,9.0,0.0,29.0,0.0,20.0,20.0,350.0,825.6,-50.0,0.0,0.0,0.0,0.0,400.0,0.0,0.0,0.0,0.0,0.0,0.0,49.0,712.9,4.442,30.175395,13.7705483,49.28125,22.134783879298,0.0,2.01650081952778,2.01650081952778,-27.5049115913556,-3.63571428571429,-1.7815,0.0,0.0325671006375286,23.11999999999998
333.0,13.3,-12.9,714.0,0.0,0.0,0.0,15.0,20.0,19.0,18.0,19.0,18.0,18.0,18.0,18.0,-9.2106,18.0,26.0,1019.47083333333,3670095.0,0.0,0.0,4.95833333333333,3.96666666666667,3.71875,18.0,1572.9,1545.5,1175.8,1118.4,0.0,3851.0,0.0,0.0,712.0,2420.0,3.72,20.0,3.7,77.0,0.0,1019.47083333333,0.0,50.0,20.0,20.0,18.0,61.0,22.0,20.0,20.5,22.0,22.0,15.5,15.5,49.0,4.42000000000002,86.0,20.0,13.805,716.7,27.54,13.963,24.0,-13.0,3.0,0.0,0.0,0.0,14.0,63.0,0.0,20.0,1.0,0.0,825.6,0.0,0.0,0.6,9.0,0.0,29.0,0.0,20.0,20.0,350.0,825.6,-50.0,0.0,0.0,0.0,0.0,400.0,0.0,0.0,0.0,0.0,0.0,0.0,49.0,714.0,4.442,30.175395,13.7705483,49.28125,22.134783879298,0.0,2.01650081952778,2.01650081952778,-27.5049115913556,-3.63571428571429,-9.2106,0.0,0.0325671006375286,23.11999999999998
334.0,13.3,-12.9,714.0,0.0,0.0,0.0,15.0,20.0,19.0,18.0,19.0,18.0,18.0,18.0,18.0,-9.2106,18.0,26.0,1019.47083333333,3670095.0,0.0,0.0,4.95833333333333,3.96666666666667,3.71875,18.0,1572.9,1545.5,1175.8,1118.4,0.0,3851.0,0.0,0.0,712.0,2420.0,3.72,20.0,3.7,77.0,0.0,1019.47083333333,0.0,50.0,20.0,20.0,18.0,61.0,22.0,20.0,20.5,22.0,23.0,15.5,15.5,48.0,4.07999999999998,86.0,20.0,13.792,717.2,27.43,13.95,24.0,-1.1,3.0,0.0,0.0,0.0,14.0,63.0,0.0,20.0,1.0,0.0,825.6,0.0,0.0,0.6,9.0,0.0,29.0,0.0,20.0,20.0,350.0,825.6,-50.0,0.0,0.0,0.0,0.0,400.0,0.0,0.0,0.0,0.0,0.0,0.0,49.0,714.0,4.442,28.71057,13.7705483,48.4375,22.2925876112273,0.0,2.04334332752778,2.04334332752778,-5.21138688033353,-19.18875,-9.2106,0.0,0.0325671006375286,23.35000000000002
335.0,13.3,-8.6,713.8,0.0,0.0,0.0,15.0,20.0,19.0,18.0,19.0,18.0,18.0,18.0,18.0,-6.13868,18.0,26.0,1019.47138888889,3670097.0,0.0,0.0,4.95694444444444,3.96555555555556,3.71770833333333,18.0,1573.0,1545.5,1175.8,1118.4,0.0,3808.0,0.0,0.0,712.0,2420.0,3.72,24.0,3.7,77.0,0.0,1019.47138888889,0.0,50.0,20.0,20.0,18.0,61.0,22.0,20.0,20.5,22.0,22.0,15.5,15.5,48.0,4.07999999999998,86.0,20.0,13.792,717.2,27.43,13.95,24.0,-1.1,3.0,0.0,0.0,0.0,14.0,63.0,0.0,20.0,1.0,0.0,825.6,0.0,0.0,0.6,9.0,0.0,29.0,0.0,20.0,20.0,350.0,825.6,-50.0,0.0,0.0,0.0,0.0,400.0,0.0,0.0,0.0,0.0,0.0,0.0,49.0,713.8,4.442,28.71057,13.7705483,48.4375,22.2925876112273,0.0,2.04334332752778,2.04334332752778,-5.21138688033353,-19.18875,-6.13868,0.0,0.0325671006375286,23.35000000000002
336.0,13.3,-8.6,713.8,0.0,0.0,0.0,15.0,20.0,19.0,18.0,19.0,18.0,18.0,18.0,18.0,-6.13868,18.0,26.0,1019.47138888889,3670097.0,0.0,0.0,4.95694444444444,3.96555555555556,3.71770833333333,18.0,1573.0,1545.5,1175.8,1118.4,0.0,3808.0,0.0,0.0,712.0,2420.0,3.72,24.0,3.7,77.0,0.0,1019.47138888889,0.0,50.0,20.0,20.0,18.0,61.0,22.0,20.0,20.5,22.0,22.0,15.5,15.5,48.0,3.93000000000001,86.0,20.0,13.793,717.0,27.33,13.95,24.0,-0.4,3.0,0.0,0.0,0.0,14.0,63.0,0.0,20.0,1.0,0.0,825.6,0.0,0.0,0.6,9.0,0.0,29.0,0.0,20.0,20.0,350.0,825.6,-50.0,0.0,0.0,0.0,0.0,400.0,0.0,0.0,0.0,0.0,0.0,0.0,49.0,713.8,4.442,29.198845,13.760294,48.3125,22.4412537040723,0.0,2.06893476486111,2.06893476486111,-7.81927059237491,-12.7889166666667,-6.13868,0.0,,23.399999999999988
337.0,13.3,-10.4,714.1,0.0,0.0,0.0,15.0,20.0,19.0,18.0,19.0,18.0,18.0,18.0,18.0,-7.42664,18.0,26.0,1019.47194444444,3670099.0,0.0,0.0,4.95902777777778,3.96722222222222,3.71927083333333,18.0,1573.0,1545.5,1175.8,1118.4,0.0,3784.0,0.0,0.0,712.0,2420.0,3.72,9.0,3.7,49.0,0.0,1019.47194444444,0.0,50.0,20.0,20.0,18.0,61.0,22.0,20.0,20.5,22.0,22.0,15.5,15.5,48.0,3.93000000000001,86.0,20.0,13.793,717.0,27.33,13.95,24.0,-0.4,3.0,0.0,0.0,0.0,14.0,63.0,0.0,20.0,1.0,0.0,825.6,0.0,0.0,0.6,9.0,0.0,29.0,0.0,20.0,20.0,350.0,825.6,-50.0,0.0,0.0,0.0,0.0,400.0,0.0,0.0,0.0,0.0,0.0,0.0,49.0,714.1,4.443,29.198845,13.760294,48.3125,22.4412537040723,0.0,2.06893476486111,2.06893476486111,-7.81927059237491,-12.7889166666667,-6.14126,0.0,,23.399999999999988
338.0,13.3,-10.4,714.1,0.0,0.0,0.0,15.0,20.0,19.0,18.0,19.0,18.0,18.0,18.0,18.0,-7.42664,18.0,26.0,1019.47194444444,3670099.0,0.0,0.0,4.95902777777778,3.96722222222222,3.71927083333333,18.0,1573.0,1545.5,1175.8,1118.4,0.0,3784.0,0.0,0.0,712.0,2420.0,3.72,9.0,3.7,49.0,0.0,1019.47194444444,0.0,50.0,20.0,20.0,18.0,61.0,22.0,20.0,20.5,22.0,22.0,15.5,15.5,48.0,4.18000000000001,86.0,20.0,13.809,717.2,27.5,13.95,24.0,7.0,3.0,0.0,0.0,0.0,14.0,63.0,0.0,20.0,1.0,0.0,825.6,0.0,0.0,0.6,9.0,0.0,29.0,0.0,20.0,20.0,350.0,825.6,-50.0,0.0,0.0,0.0,0.0,400.0,0.0,0.0,0.0,0.0,0.0,0.0,49.0,714.1,4.443,28.5640875,13.7583408,44.0,22.5951621368519,0.0,2.09574414619444,2.09574414619444,-6.46321889845206,-15.4721666666667,-6.14126,0.0,0.0,23.31999999999999
339.0,13.3,-14.0,714.5,0.0,0.0,0.0,15.0,20.0,19.0,18.0,19.0,18.0,18.0,18.0,18.0,-10.003,18.0,26.0,1019.4725,3670101.0,0.0,0.0,4.96180555555556,3.96944444444444,3.72135416666667,18.0,1573.0,1545.5,1175.8,1118.4,0.0,3723.0,0.0,0.0,713.0,2421.0,3.72,34.0,3.7,78.0,0.0,1019.4725,0.0,50.0,20.0,20.0,18.0,61.0,22.0,20.0,20.5,22.0,22.0,15.5,15.5,48.0,4.18000000000001,86.0,20.0,13.809,717.2,27.5,13.95,24.0,7.0,3.0,0.0,0.0,0.0,14.0,63.0,0.0,20.0,1.0,0.0,825.6,0.0,0.0,0.6,9.0,0.0,29.0,0.0,20.0,20.0,350.0,825.6,-50.0,0.0,0.0,0.0,0.0,400.0,0.0,0.0,0.0,0.0,0.0,0.0,49.0,714.2,4.442,28.5640875,13.7583408,44.0,22.5951621368519,0.0,2.09574414619444,2.09574414619444,-6.46321889845206,-15.4721666666667,-10.003,0.0,0.0,23.31999999999999
340.0,13.3,-14.0,714.5,0.0,0.0,0.0,15.0,20.0,19.0,18.0,19.0,18.0,18.0,18.0,18.0,-10.003,18.0,26.0,1019.4725,3670101.0,0.0,0.0,4.96180555555556,3.96944444444444,3.72135416666667,18.0,1573.0,1545.5,1175.8,1118.4,0.0,3723.0,0.0,0.0,713.0,2421.0,3.72,34.0,3.7,78.0,0.0,1019.4725,0.0,50.0,20.0,20.0,18.0,61.0,22.0,20.0,20.5,22.0,22.0,15.5,15.5,47.0,4.31999999999999,86.0,20.0,13.804,717.7,27.54,13.979,24.0,1.4,3.0,0.0,0.0,0.0,14.0,63.0,0.0,20.0,1.0,0.0,825.6,0.0,0.0,0.6,9.0,0.0,29.0,0.0,20.0,20.0,350.0,825.6,-50.0,0.0,0.0,0.0,0.0,400.0,0.0,0.0,0.0,0.0,0.0,0.0,49.0,714.2,4.442,23.8766475,13.750528,44.0,22.7366594261493,0.0,2.12116664072222,2.12116664072222,-4.69859042287314,-21.2829787234043,-10.003,0.0,-0.0071796452930139,23.22000000000001
341.0,13.3,-24.9,715.7,0.0,0.0,0.0,15.0,20.0,19.0,18.0,19.0,18.0,18.0,18.0,18.0,-17.82093,18.0,26.0,1019.47305555556,3670103.0,0.0,0.0,4.97013888888889,3.97611111111111,3.72760416666667,18.0,1573.0,1545.5,1175.9,1118.4,0.0,3551.0,0.0,0.0,714.0,2421.0,3.72,9.0,3.72,77.0,0.0,1019.47305555556,0.0,50.0,20.0,20.0,18.0,61.0,22.0,20.0,20.5,22.0,22.0,15.5,15.5,44.0,4.31999999999999,86.0,20.0,13.804,717.7,27.54,13.979,24.0,1.4,3.0,0.0,0.0,0.0,14.0,63.0,0.0,20.0,1.0,0.0,825.6,0.0,0.0,0.6,9.0,0.0,29.0,0.0,20.0,20.0,350.0,825.6,-50.0,0.0,0.0,0.0,0.0,400.0,0.0,0.0,0.0,0.0,0.0,0.0,49.0,715.8,4.442,23.8766475,13.750528,44.0,22.8615559769088,0.0,2.14542038427778,2.14542038427778,-2.46900694857115,-40.5021136363636,-17.82093,0.0,-0.0144119092530201,23.22000000000001
342.0,13.3,-24.9,715.7,0.0,0.0,0.0,15.0,20.0,19.0,18.0,19.0,18.0,18.0,18.0,18.0,-17.82093,18.0,26.0,1019.47305555556,3670103.0,0.0,0.0,4.97013888888889,3.97611111111111,3.72760416666667,18.0,1573.0,1545.5,1175.9,1118.4,0.0,3551.0,0.0,0.0,714.0,2421.0,3.72,9.0,3.72,77.0,0.0,1019.47305555556,0.0,50.0,20.0,20.0,18.0,61.0,22.0,20.0,20.5,22.0,22.0,15.5,15.5,44.0,4.04000000000002,86.0,20.0,13.793,719.5,27.28,13.943,24.0,-3.3,3.0,0.0,0.0,0.0,14.0,63.0,0.0,20.0,1.0,0.0,825.6,0.0,0.0,0.6,9.0,0.0,29.0,0.0,20.0,20.0,350.0,825.6,-50.0,0.0,0.0,0.0,0.0,400.0,0.0,0.0,0.0,0.0,0.0,0.0,49.0,715.8,4.442,20.214585,13.7705483,40.0,22.8615559769088,0.0,2.14542038427778,2.14542038427778,-2.46900694857115,-40.5021136363636,-17.82093,0.0,-0.0144119092530201,23.23999999999998
343.0,13.3,-24.2,716.0,0.0,0.0,0.0,15.0,20.0,19.0,18.0,19.0,18.0,18.0,18.0,18.0,-17.3272,18.0,26.0,1019.47361111111,3670105.0,0.0,0.0,4.97222222222222,3.97777777777778,3.72916666666667,18.0,1573.0,1545.5,1175.9,1118.4,0.0,3260.0,0.0,0.0,714.0,2421.0,3.72,9.0,3.72,13.0,0.0,1019.47361111111,0.0,50.0,20.0,20.0,18.0,61.0,22.0,20.0,20.0,22.0,22.0,15.5,15.5,41.0,4.04000000000002,86.0,20.0,13.793,719.5,27.28,13.943,24.0,-3.3,3.0,0.0,0.0,0.0,14.0,63.0,0.0,20.0,1.0,0.0,825.6,0.0,0.0,0.6,9.0,0.0,29.0,0.0,20.0,20.0,350.0,825.6,-50.0,0.0,0.0,0.0,0.0,400.0,0.0,0.0,0.0,0.0,0.0,0.0,49.0,715.9,4.442,20.214585,13.7705483,40.0,22.9655473865522,0.0,2.16760666872222,2.16760666872222,-2.36622189390092,-42.2614634146342,-17.3272,0.0,-0.0251274875799425,23.23999999999998
344.0,13.3,-24.2,716.0,0.0,0.0,0.0,15.0,20.0,19.0,18.0,19.0,18.0,18.0,18.0,18.0,-17.3272,18.0,26.0,1019.47361111111,3670105.0,0.0,0.0,4.97222222222222,3.97777777777778,3.72916666666667,18.0,1573.0,1545.5,1175.9,1118.4,0.0,3260.0,0.0,0.0,714.0,2421.0,3.72,9.0,3.72,13.0,0.0,1019.47361111111,0.0,50.0,20.0,20.0,18.0,61.0,22.0,20.0,20.0,22.0,22.0,15.5,15.5,41.0,3.87,87.0,20.0,13.799,719.5,27.44,13.951,24.0,6.9,3.0,0.0,0.0,0.0,14.0,63.0,0.0,20.0,1.0,0.0,825.6,0.0,0.0,0.6,9.0,0.0,29.0,0.0,20.0,20.0,350.0,825.6,-50.0,0.0,0.0,0.0,0.0,400.0,0.0,0.0,0.0,0.0,0.0,0.0,49.0,715.9,4.442,20.409895,13.740762,40.328125,22.9655473865522,0.0,2.16760666872222,2.16760666872222,-2.36622189390092,-42.2614634146342,-17.3272,0.0,-0.0251274875799425,23.57
345.0,13.3,-26.5,716.3,0.0,0.0,0.0,15.0,20.0,19.0,18.0,19.0,18.0,18.0,18.0,18.0,-18.98195,18.0,26.0,1019.47416666667,3670107.0,0.0,0.0,4.97430555555556,3.97944444444444,3.73072916666667,18.0,1573.0,1545.5,1175.9,1118.4,0.0,2959.0,0.0,0.0,715.0,2421.0,3.72,9.0,3.72,61.0,0.0,1019.47416666667,0.0,50.0,20.0,20.0,18.0,61.0,22.0,20.0,20.0,22.0,22.0,15.5,15.5,37.0,3.87,87.0,20.0,13.799,719.5,27.44,13.951,24.0,6.9,3.0,0.0,0.0,0.0,14.0,63.0,0.0,20.0,1.0,0.0,825.6,0.0,0.0,0.6,9.0,0.0,29.0,0.0,20.0,20.0,350.0,825.6,-50.0,0.0,0.0,0.0,0.0,400.0,0.0,0.0,0.0,0.0,0.0,0.0,49.0,716.3,4.442,20.409895,13.740762,40.328125,23.0468218323305,0.0,2.18794831494444,2.18794831494444,-1.94922018022384,-51.3025675675676,-17.33446,0.0,-0.0396472655083624,23.57
346.0,13.3,-26.5,716.3,0.0,0.0,0.0,15.0,20.0,19.0,18.0,19.0,18.0,18.0,18.0,18.0,-18.98195,18.0,26.0,1019.47416666667,3670107.0,0.0,0.0,4.97430555555556,3.97944444444444,3.73072916666667,18.0,1573.0,1545.5,1175.9,1118.4,0.0,2959.0,0.0,0.0,715.0,2421.0,3.72,9.0,3.72,61.0,0.0,1019.47416666667,0.0,50.0,20.0,20.0,18.0,61.0,22.0,20.0,20.0,22.0,22.0,15.5,15.5,37.0,4.00999999999999,87.0,20.0,13.785,720.1,32.22,13.969,24.0,6.7,3.0,0.0,0.0,0.0,14.0,63.0,0.0,20.0,1.0,0.0,825.6,0.0,0.0,0.6,9.0,0.0,29.0,0.0,20.0,20.0,350.0,825.6,-50.0,0.0,0.0,0.0,0.0,400.0,0.0,0.0,0.0,0.0,0.0,0.0,49.0,716.3,4.442,10.5955675,13.7495514,32.0,23.0468218323305,0.0,2.18794831494444,2.18794831494444,-1.94922018022384,-51.3025675675676,-17.33446,0.0,-0.0396472655083624,28.210000000000008
347.0,13.3,-39.2,717.9,0.0,0.0,0.0,15.0,20.0,19.0,18.0,19.0,18.0,18.0,18.0,18.0,-28.14168,18.0,26.0,1019.47472222222,3670109.0,0.0,0.0,4.98541666666667,3.98833333333333,3.7390625,18.0,1573.0,1545.5,1175.9,1118.4,0.0,2370.0,0.0,0.0,716.0,2421.0,3.74,9.0,3.72,64.0,0.0,1019.47472222222,0.0,50.0,20.0,20.0,18.0,61.0,22.0,20.0,20.0,22.0,22.0,15.5,15.5,28.0,4.00999999999999,87.0,20.0,13.785,720.1,32.22,13.969,24.0,6.7,3.0,0.0,0.0,0.0,14.0,63.0,0.0,20.0,1.0,0.0,825.6,0.0,0.0,0.6,9.0,0.0,29.0,0.0,20.0,20.0,350.0,825.6,-50.0,0.0,0.0,0.0,0.0,400.0,0.0,0.0,0.0,0.0,0.0,0.0,49.0,718.0,4.442,10.5955675,13.7495514,32.0,23.0753477361483,0.0,2.20334570705556,2.20334570705556,-0.994965474698028,-100.506,-28.14168,0.0,-0.0682002661829828,28.210000000000008
348.0,13.3,-39.2,717.9,0.0,0.0,0.0,15.0,20.0,19.0,18.0,19.0,18.0,18.0,18.0,18.0,-28.14168,18.0,26.0,1019.47472222222,3670109.0,0.0,0.0,4.98541666666667,3.98833333333333,3.7390625,18.0,1573.0,1545.5,1175.9,1118.4,0.0,2370.0,0.0,0.0,716.0,2421.0,3.74,9.0,3.72,64.0,0.0,1019.47472222222,0.0,50.0,20.0,20.0,18.0,61.0,22.0,20.0,20.0,22.0,22.0,15.5,15.5,28.0,4.10000000000002,87.0,20.0,13.783,721.2,32.45,13.968,24.0,-0.9,3.0,0.0,0.0,0.0,14.0,63.0,0.0,20.0,1.0,0.0,825.6,0.0,0.0,0.6,9.0,0.0,29.0,0.0,20.0,20.0,350.0,825.6,-50.0,0.0,0.0,0.0,0.0,400.0,0.0,0.0,0.0,0.0,0.0,0.0,49.0,718.0,4.442,0.0,13.740762,25.421875,23.0753477361483,0.0,2.20334570705556,2.20334570705556,-0.994965474698028,-100.506,-28.14168,0.0,-0.0682002661829828,28.349999999999984
349.0,13.3,-28.8,717.2,0.0,0.0,0.0,15.0,20.0,19.0,18.0,19.0,18.0,18.0,18.0,18.0,-20.65536,18.0,26.0,1019.47527777778,3670111.0,0.0,0.0,4.98055555555556,3.98444444444444,3.73541666666667,18.0,1573.0,1545.5,1175.9,1118.4,0.0,1336.0,0.0,0.0,715.0,2425.0,3.72,33.0,3.72,78.0,0.0,1019.47527777778,0.0,50.0,20.0,20.0,17.5,61.0,22.0,19.5,20.0,22.0,22.0,15.5,15.5,14.0,4.10000000000002,87.0,20.0,13.783,721.2,32.45,13.968,24.0,-0.9,3.0,0.0,0.0,0.0,14.0,63.0,0.0,20.0,1.0,0.0,825.6,0.0,0.0,0.6,9.0,0.0,29.0,0.0,20.0,20.0,350.0,825.6,-50.0,0.0,0.0,0.0,0.0,400.0,0.0,0.0,0.0,0.0,0.0,0.0,49.0,717.9,4.443,0.0,13.740762,25.421875,23.0233646485095,0.0,2.21104686127778,2.21104686127778,-0.677790171655202,-147.538285714286,-20.65536,0.0,-0.107740285266501,28.349999999999984
350.0,13.3,-28.8,717.2,0.0,0.0,0.0,15.0,20.0,19.0,18.0,19.0,18.0,18.0,18.0,18.0,-20.65536,18.0,26.0,1019.47527777778,3670111.0,0.0,0.0,4.98055555555556,3.98444444444444,3.73541666666667,18.0,1573.0,1545.5,1175.9,1118.4,0.0,1336.0,0.0,0.0,715.0,2425.0,3.72,33.0,3.72,78.0,0.0,1019.47527777778,0.0,50.0,20.0,20.0,17.5,61.0,22.0,19.5,20.0,22.0,22.0,15.5,15.5,14.0,3.95999999999998,87.0,20.0,13.783,720.2,32.96,13.967,24.0,1.7,3.0,0.0,0.0,0.0,14.0,63.0,0.0,20.0,1.0,0.0,825.6,0.0,0.0,0.6,9.0,0.0,29.0,0.0,20.0,20.0,350.0,825.6,-50.0,0.0,0.0,0.0,0.0,400.0,0.0,0.0,0.0,0.0,0.0,0.0,49.0,717.9,4.443,0.0,13.740762,8.0,23.0233646485095,0.0,2.21104686127778,2.21104686127778,-0.677790171655202,-147.538285714286,-20.65536,0.0,-0.107740285266501,29.00000000000002
351.0,13.3,-3.6,714.7,0.0,0.0,0.0,15.0,20.0,19.0,18.0,19.0,18.0,18.0,18.0,18.0,-2.57292,18.0,26.0,1019.47583333333,3670113.0,0.0,0.0,4.96319444444444,3.97055555555556,3.72239583333333,18.0,1573.1,1545.5,1175.9,1118.4,0.0,287.0,0.0,0.0,713.0,2425.0,3.72,9.0,3.72,13.0,0.0,1019.47583333333,0.0,50.0,20.0,20.0,17.5,61.0,22.0,19.5,20.0,22.0,22.0,15.5,15.5,2.0,3.95999999999998,87.0,20.0,13.783,720.2,32.96,13.967,24.0,1.7,3.0,0.0,0.0,0.0,14.0,63.0,0.0,20.0,1.0,0.0,825.6,0.0,0.0,0.6,9.0,0.0,29.0,0.0,20.0,20.0,350.0,825.6,-50.0,0.0,0.0,0.0,0.0,400.0,0.0,0.0,0.0,0.0,0.0,0.0,49.0,715.3,4.443,0.0,13.740762,8.0,22.9000527842181,0.0,2.21218008705556,2.21218008705556,-0.777326928159445,-128.646,-20.58336,0.0,-0.138451318776102,29.00000000000002
352.0,13.3,-3.6,714.7,0.0,0.0,0.0,15.0,20.0,19.0,18.0,19.0,18.0,18.0,18.0,18.0,-2.57292,18.0,26.0,1019.47583333333,3670113.0,0.0,0.0,4.96319444444444,3.97055555555556,3.72239583333333,18.0,1573.1,1545.5,1175.9,1118.4,0.0,287.0,0.0,0.0,713.0,2425.0,3.72,9.0,3.72,13.0,0.0,1019.47583333333,0.0,50.0,20.0,20.0,17.5,61.0,22.0,19.5,20.0,22.0,22.0,15.5,15.5,2.0,3.94,87.0,20.0,13.783,717.4,32.15,13.976,24.0,0.7,3.0,0.0,0.0,0.0,14.0,63.0,0.0,20.0,1.0,0.0,825.6,0.0,0.0,0.6,9.0,0.0,29.0,0.0,20.0,20.0,350.0,825.6,-50.0,0.0,0.0,0.0,0.0,400.0,0.0,0.0,0.0,0.0,0.0,0.0,49.0,715.3,4.443,0.0,13.760294,0.734375,22.9000527842181,0.0,2.21218008705556,2.21218008705556,-0.777326928159445,-128.646,-20.58336,0.0,-0.138451318776102,28.209999999999997
353.0,13.3,0.8,714.1,0.0,0.0,0.0,15.0,20.0,19.0,18.0,19.0,18.0,18.0,18.0,18.0,0.57128,18.0,26.0,1019.47638888889,3670115.0,0.0,0.0,4.95902777777778,3.96722222222222,3.71927083333333,18.0,1573.1,1545.5,1175.9,1118.4,0.0,0.0,0.0,0.0,712.0,2425.0,3.72,9.0,3.7,64.0,0.0,1019.47638888889,0.0,50.0,20.0,20.0,17.5,61.0,22.0,19.5,20.0,22.0,22.0,15.5,15.5,0.0,3.94,87.0,20.0,13.783,717.4,32.15,13.976,24.0,0.7,3.0,0.0,0.0,0.0,14.0,63.0,0.0,20.0,1.0,0.0,825.6,0.0,0.0,0.6,9.0,0.0,29.0,0.0,20.0,20.0,350.0,825.6,-50.0,0.0,0.0,0.0,0.0,400.0,0.0,0.0,0.0,0.0,0.0,0.0,49.0,714.1,4.442,0.0,13.760294,0.734375,22.7685342034475,0.0,2.21218008705556,2.21218008705556,0.0,-128.646,-2.57076,0.0,-0.130864392923103,28.209999999999997
354.0,13.3,0.8,714.1,0.0,0.0,0.0,15.0,20.0,19.0,18.0,19.0,18.0,18.0,18.0,18.0,0.57128,18.0,26.0,1019.47638888889,3670115.0,0.0,0.0,4.95902777777778,3.96722222222222,3.71927083333333,18.0,1573.1,1545.5,1175.9,1118.4,0.0,0.0,0.0,0.0,712.0,2425.0,3.72,9.0,3.7,64.0,0.0,1019.47638888889,0.0,50.0,20.0,20.0,17.5,61.0,22.0,19.5,20.0,22.0,22.0,15.5,15.5,0.0,3.94999999999999,87.0,20.0,13.805,717.2,32.18,13.993,24.0,-0.6,3.0,0.0,0.0,0.0,14.0,63.0,0.0,20.0,1.0,0.0,825.6,0.0,0.0,0.6,9.0,0.0,29.0,0.0,20.0,20.0,350.0,825.6,-50.0,0.0,0.0,0.0,0.0,400.0,0.0,0.0,0.0,0.0,0.0,0.0,49.0,714.1,4.442,0.0,13.7427152,0.0625,22.7685342034475,0.0,2.21218008705556,2.21218008705556,0.0,-128.646,-2.57076,0.0,-0.130864392923103,28.23000000000001
355.0,13.3,0.7,714.0,0.0,0.0,0.0,15.0,20.0,19.0,18.0,19.0,18.0,18.0,18.0,18.0,0.4998,18.0,26.0,1019.47694444444,3670117.0,0.0,0.0,4.95833333333333,3.96666666666667,3.71875,18.0,1573.1,1545.5,1175.9,1118.4,0.0,0.0,0.0,0.0,712.0,2425.0,3.72,9.0,3.7,77.0,0.0,1019.47694444444,0.0,50.0,20.0,20.0,17.5,61.0,22.0,19.5,20.0,22.0,22.0,15.5,15.5,0.0,3.94999999999999,87.0,20.0,13.805,717.2,32.18,13.993,24.0,-0.6,3.0,0.0,0.0,0.0,14.0,63.0,0.0,20.0,1.0,0.0,825.6,0.0,0.0,0.6,9.0,0.0,29.0,0.0,20.0,20.0,350.0,825.6,-50.0,0.0,0.0,0.0,0.0,400.0,0.0,0.0,0.0,0.0,0.0,0.0,49.0,714.0,4.443,0.0,13.7427152,0.0625,22.6383322520547,0.0,2.21218008705556,2.21218008705556,0.0,-128.646,0.5712,0.0,-0.0986374002790861,28.23000000000001
356.0,13.3,0.7,714.0,0.0,0.0,0.0,15.0,20.0,19.0,18.0,19.0,18.0,18.0,18.0,18.0,0.4998,18.0,26.0,1019.47694444444,3670117.0,0.0,0.0,4.95833333333333,3.96666666666667,3.71875,18.0,1573.1,1545.5,1175.9,1118.4,0.0,0.0,0.0,0.0,712.0,2425.0,3.72,9.0,3.7,77.0,0.0,1019.47694444444,0.0,50.0,20.0,20.0,17.5,61.0,22.0,19.5,20.0,22.0,22.0,15.5,15.5,0.0,3.93000000000001,87.0,20.0,13.803,717.0,32.33,13.979,25.0,-0.3,3.0,0.0,0.0,0.0,14.0,63.0,0.0,20.0,1.0,0.0,825.6,0.0,0.0,0.6,9.0,0.0,29.0,0.0,20.0,20.0,350.0,825.6,-50.0,0.0,0.0,0.0,0.0,400.0,0.0,0.0,0.0,0.0,0.0,0.0,49.0,714.0,4.443,0.0,13.740762,0.0,22.6383322520547,0.0,2.21218008705556,2.21218008705556,0.0,,0.5712,0.0,-0.0986374002790861,28.399999999999988
357.0,13.3,0.8,713.9,0.0,0.0,0.0,15.0,20.0,19.0,18.0,19.0,18.0,18.0,18.0,18.0,0.57112,18.0,26.0,1019.4775,3670119.0,0.0,0.0,4.95763888888889,3.96611111111111,3.71822916666667,18.0,1573.1,1545.5,1175.9,1118.4,0.0,0.0,0.0,0.0,712.0,2435.0,3.72,9.0,3.7,13.0,0.0,1019.4775,0.0,50.0,20.0,20.0,17.5,61.0,22.0,19.5,20.0,22.0,22.0,15.5,15.5,0.0,3.93000000000001,87.0,20.0,13.803,717.0,32.33,13.979,25.0,-0.3,3.0,0.0,0.0,0.0,14.0,63.0,0.0,20.0,1.0,0.0,825.6,0.0,0.0,0.6,9.0,0.0,29.0,0.0,20.0,20.0,350.0,825.6,-50.0,0.0,0.0,0.0,0.0,400.0,0.0,0.0,0.0,0.0,0.0,0.0,49.0,713.9,4.442,0.0,13.740762,0.0,22.5135592207493,0.0,2.21218008705556,2.21218008705556,0.0,,0.49973,0.0,-0.0495075070810305,28.399999999999988
358.0,13.3,0.8,713.9,0.0,0.0,0.0,15.0,20.0,19.0,18.0,19.0,18.0,18.0,18.0,18.0,0.57112,18.0,26.0,1019.4775,3670119.0,0.0,0.0,4.95763888888889,3.96611111111111,3.71822916666667,18.0,1573.1,1545.5,1175.9,1118.4,0.0,0.0,0.0,0.0,712.0,2435.0,3.72,9.0,3.7,13.0,0.0,1019.4775,0.0,50.0,20.0,20.0,17.5,61.0,22.0,19.5,20.0,22.0,22.0,15.5,15.5,0.0,3.90000000000003,87.0,20.0,13.804,717.0,31.8,13.969,25.0,-0.3,3.0,0.0,0.0,0.0,14.0,63.0,0.0,20.0,1.0,0.0,825.6,0.0,0.0,0.6,9.0,0.0,29.0,0.0,20.0,20.0,350.0,825.6,-50.0,0.0,0.0,0.0,0.0,400.0,0.0,0.0,0.0,0.0,0.0,0.0,49.0,713.9,4.442,0.0,13.760294,0.0,22.5135592207493,0.0,2.21218008705556,2.21218008705556,0.0,,0.49973,0.0,-0.0495075070810305,27.89999999999997
359.0,13.3,0.7,713.9,0.0,0.0,0.0,15.0,20.0,19.0,18.0,19.0,18.0,18.0,18.0,18.0,0.49973,18.0,26.0,1019.47777777778,3670120.0,0.0,0.0,4.95763888888889,3.96611111111111,3.71822916666667,18.0,1573.1,1545.5,1175.9,1118.4,0.0,0.0,0.0,0.0,712.0,2435.0,3.72,9.0,3.7,78.0,0.0,1019.47777777778,0.0,50.0,20.0,20.0,17.5,61.0,22.0,19.5,20.0,22.0,22.0,15.5,15.5,0.0,3.90000000000003,87.0,20.0,13.804,717.0,31.8,13.969,25.0,-0.3,3.0,0.0,0.0,0.0,14.0,63.0,0.0,20.0,1.0,0.0,825.6,0.0,0.0,0.6,9.0,0.0,29.0,0.0,20.0,20.0,350.0,825.6,-50.0,0.0,0.0,0.0,0.0,400.0,0.0,0.0,0.0,0.0,0.0,0.0,49.0,713.9,4.443,0.0,13.760294,0.0,22.3902427652138,0.0,2.21218008705556,2.21218008705556,0.0,,0.57112,0.0,-0.0071542602994479,27.89999999999997
360.0,13.3,0.7,713.9,0.0,0.0,0.0,15.0,20.0,19.0,18.0,19.0,18.0,18.0,18.0,18.0,0.49973,18.0,26.0,1019.47777777778,3670120.0,0.0,0.0,4.95763888888889,3.96611111111111,3.71822916666667,18.0,1573.1,1545.5,1175.9,1118.4,0.0,0.0,0.0,0.0,712.0,2435.0,3.72,9.0,3.7,78.0,0.0,1019.47777777778,0.0,50.0,20.0,20.0,17.5,61.0,22.0,19.5,20.0,22.0,22.0,15.5,15.5,0.0,3.65000000000003,87.0,20.0,13.787,717.0,32.48,13.984,25.0,-0.3,3.0,0.0,0.0,0.0,14.0,63.0,0.0,20.0,1.0,0.0,825.6,0.0,0.0,0.6,9.0,0.0,29.0,0.0,20.0,20.0,350.0,825.6,-50.0,0.0,0.0,0.0,0.0,400.0,0.0,0.0,0.0,0.0,0.0,0.0,49.0,713.9,4.443,0.0,13.760294,0.0,22.3902427652138,0.0,2.21218008705556,2.21218008705556,0.0,,0.57112,0.0,-0.0071542602994479,28.829999999999966
361.0,13.3,0.7,713.9,0.0,0.0,0.0,15.0,20.0,19.0,18.0,19.0,18.0,18.0,18.0,18.0,0.49973,18.0,26.0,1019.47833333333,3670122.0,0.0,0.0,4.95763888888889,3.96611111111111,3.71822916666667,18.0,1573.1,1545.5,1175.9,1118.4,0.0,0.0,0.0,0.0,712.0,2435.0,3.72,9.0,3.7,40.0,0.0,1019.47833333333,0.0,50.0,20.0,20.0,17.5,61.0,22.0,19.5,20.0,22.0,22.0,15.5,15.5,0.0,3.92000000000002,87.0,20.0,13.804,716.9,31.72,13.998,25.0,-0.3,3.0,0.0,0.0,0.0,14.0,63.0,0.0,20.0,1.0,0.0,825.6,0.0,0.0,0.6,9.0,0.0,29.0,0.0,20.0,20.0,350.0,825.6,-50.0,0.0,0.0,0.0,0.0,400.0,0.0,0.0,0.0,0.0,0.0,0.0,49.0,713.9,4.442,0.0,13.760294,0.0,22.2680765561694,0.0,2.21218008705556,2.21218008705556,0.0,,0.49973,0.0,0.0,27.79999999999998
362.0,13.3,0.7,713.9,0.0,0.0,0.0,15.0,20.0,19.0,18.0,19.0,18.0,18.0,18.0,18.0,0.49973,18.0,26.0,1019.47833333333,3670122.0,0.0,0.0,4.95763888888889,3.96611111111111,3.71822916666667,18.0,1573.1,1545.5,1175.9,1118.4,0.0,0.0,0.0,0.0,712.0,2435.0,3.72,9.0,3.7,40.0,0.0,1019.47833333333,0.0,50.0,20.0,20.0,17.5,61.0,22.0,19.5,20.0,22.0,22.0,15.5,15.5,0.0,3.92000000000002,87.0,20.0,13.804,716.9,31.72,13.998,25.0,-0.3,3.0,0.0,0.0,0.0,14.0,63.0,0.0,20.0,1.0,0.0,825.6,0.0,0.0,0.6,9.0,0.0,29.0,0.0,20.0,20.0,350.0,825.6,-50.0,0.0,0.0,0.0,0.0,400.0,0.0,0.0,0.0,0.0,0.0,0.0,49.0,713.9,4.442,0.0,13.760294,0.0,22.2680765561694,0.0,2.21218008705556,2.21218008705556,0.0,,0.49973,0.0,0.0,27.79999999999998
363.0,13.3,0.7,713.9,0.0,0.0,0.0,15.0,20.0,19.0,18.0,19.0,18.0,18.0,18.0,18.0,0.49973,18.0,26.0,1019.47888888889,3670124.0,0.0,0.0,4.95763888888889,3.96611111111111,3.71822916666667,18.0,1573.1,1545.5,1175.9,1118.4,0.0,0.0,0.0,0.0,712.0,2435.0,3.72,9.0,3.7,40.0,0.0,1019.47888888889,0.0,50.0,20.0,20.0,17.5,61.0,22.0,19.5,20.0,22.0,22.0,15.5,15.5,0.0,3.85000000000002,87.0,20.0,13.804,717.0,31.67,13.98,25.0,-0.3,3.0,0.0,0.0,0.0,14.0,63.0,0.0,20.0,1.0,0.0,825.6,0.0,0.0,0.6,9.0,0.0,29.0,0.0,20.0,20.0,350.0,825.6,-50.0,0.0,0.0,0.0,0.0,400.0,0.0,0.0,0.0,0.0,0.0,0.0,49.0,713.8,4.442,0.0,13.760294,0.0,22.1499643533423,0.0,2.21218008705556,2.21218008705556,0.0,,0.49973,0.0,0.0,27.819999999999983
364.0,13.3,0.7,713.9,0.0,0.0,0.0,15.0,20.0,19.0,18.0,19.0,18.0,18.0,18.0,18.0,0.49973,18.0,26.0,1019.47888888889,3670124.0,0.0,0.0,4.95763888888889,3.96611111111111,3.71822916666667,18.0,1573.1,1545.5,1175.9,1118.4,0.0,0.0,0.0,0.0,712.0,2435.0,3.72,9.0,3.7,40.0,0.0,1019.47888888889,0.0,50.0,20.0,20.0,17.5,61.0,22.0,19.5,20.0,22.0,22.0,15.5,15.5,0.0,3.85000000000002,87.0,20.0,13.804,717.0,31.67,13.98,25.0,-0.3,3.0,0.0,0.0,0.0,14.0,63.0,0.0,20.0,1.0,0.0,825.6,0.0,0.0,0.6,9.0,0.0,29.0,0.0,20.0,20.0,350.0,825.6,-50.0,0.0,0.0,0.0,0.0,400.0,0.0,0.0,0.0,0.0,0.0,0.0,49.0,713.8,4.442,0.0,13.7495514,0.0,22.1499643533423,0.0,2.21218008705556,2.21218008705556,0.0,,0.49973,0.0,0.0,27.819999999999983
365.0,13.3,0.7,713.8,0.0,0.0,0.0,15.0,20.0,19.0,18.0,19.0,18.0,18.0,18.0,18.0,0.49966,18.0,26.0,1019.47944444444,3670126.0,0.0,0.0,4.95694444444444,3.96555555555556,3.71770833333333,18.0,1573.1,1545.5,1175.9,1118.4,0.0,0.0,0.0,0.0,712.0,2435.0,3.72,9.0,3.7,40.0,0.0,1019.47944444444,0.0,50.0,20.0,20.0,17.5,61.0,22.0,19.5,20.0,22.0,22.0,15.5,15.5,0.0,3.56999999999999,87.0,20.0,13.788,717.0,31.79,13.957,25.0,-0.3,3.0,0.0,0.0,0.0,14.0,63.0,0.0,20.0,1.0,0.0,825.6,0.0,0.0,0.6,9.0,0.0,29.0,0.0,20.0,20.0,350.0,825.6,-50.0,0.0,0.0,0.0,0.0,400.0,0.0,0.0,0.0,0.0,0.0,0.0,49.0,713.8,4.443,0.0,13.7495514,0.0,22.0310057655164,0.0,2.21218008705556,2.21218008705556,0.0,,0.49966,0.0,0.0,28.22000000000001
366.0,13.3,0.7,713.8,0.0,0.0,0.0,15.0,20.0,19.0,18.0,19.0,18.0,18.0,18.0,18.0,0.49966,18.0,26.0,1019.47944444444,3670126.0,0.0,0.0,4.95694444444444,3.96555555555556,3.71770833333333,18.0,1573.1,1545.5,1175.9,1118.4,0.0,0.0,0.0,0.0,712.0,2435.0,3.72,9.0,3.7,40.0,0.0,1019.47944444444,0.0,50.0,20.0,20.0,17.5,61.0,22.0,19.5,20.0,22.0,22.0,15.5,15.5,0.0,3.56999999999999,87.0,20.0,13.788,717.0,31.79,13.957,25.0,-0.3,3.0,0.0,0.0,0.0,14.0,63.0,0.0,20.0,1.0,0.0,825.6,0.0,0.0,0.6,9.0,0.0,29.0,0.0,20.0,20.0,350.0,825.6,-50.0,0.0,0.0,0.0,0.0,400.0,0.0,0.0,0.0,0.0,0.0,0.0,49.0,713.8,4.442,0.0,13.7695717,0.0,22.0310057655164,0.0,2.21218008705556,2.21218008705556,0.0,,0.49966,0.0,0.0,28.22000000000001
367.0,13.3,0.7,713.8,0.0,0.0,0.0,15.0,20.0,19.0,18.0,19.0,18.0,18.0,18.0,18.0,0.49966,18.0,26.0,1019.48,3670128.0,0.0,0.0,4.95694444444444,3.96555555555556,3.71770833333333,18.0,1573.1,1545.5,1175.9,1118.4,0.0,0.0,0.0,0.0,712.0,2426.0,3.72,20.0,3.7,40.0,0.0,1019.48,0.0,50.0,20.0,20.0,17.5,61.0,22.0,19.5,20.0,22.0,22.0,15.5,15.5,0.0,3.85000000000002,87.0,20.0,13.805,717.0,32.08,13.984,25.0,-0.3,3.0,0.0,0.0,0.0,14.0,63.0,0.0,20.0,1.0,0.0,825.6,0.0,0.0,0.6,9.0,0.0,29.0,0.0,20.0,20.0,350.0,825.6,-50.0,0.0,0.0,0.0,0.0,400.0,0.0,0.0,0.0,0.0,0.0,0.0,49.0,713.8,4.442,0.0,13.7695717,0.0,21.9133962667097,0.0,2.21218008705556,2.21218008705556,0.0,,0.49966,0.0,0.0,28.22999999999998
368.0,13.3,0.7,713.8,0.0,0.0,0.0,15.0,20.0,19.0,18.0,19.0,18.0,18.0,18.0,18.0,0.49966,18.0,26.0,1019.48,3670128.0,0.0,0.0,4.95694444444444,3.96555555555556,3.71770833333333,18.0,1573.1,1545.5,1175.9,1118.4,0.0,0.0,0.0,0.0,712.0,2426.0,3.72,20.0,3.7,40.0,0.0,1019.48,0.0,50.0,20.0,20.0,17.5,61.0,22.0,19.5,20.0,22.0,22.0,15.5,15.5,0.0,3.85000000000002,87.0,20.0,13.805,717.0,32.08,13.984,25.0,-0.3,3.0,0.0,0.0,0.0,14.0,63.0,0.0,20.0,1.0,0.0,825.6,0.0,0.0,0.6,9.0,0.0,29.0,0.0,20.0,20.0,350.0,825.6,-50.0,0.0,0.0,0.0,0.0,400.0,0.0,0.0,0.0,0.0,0.0,0.0,49.0,713.8,4.443,0.0,13.7695717,0.0,21.9133962667097,0.0,2.21218008705556,2.21218008705556,0.0,,0.49966,0.0,0.0,28.22999999999998
369.0,13.3,0.7,713.8,0.0,0.0,0.0,15.0,20.0,19.0,18.0,19.0,18.0,18.0,18.0,18.0,0.49966,18.0,26.0,1019.48055555556,3670130.0,0.0,0.0,4.95694444444444,3.96555555555556,3.71770833333333,18.0,1573.1,1545.5,1175.9,1118.4,0.0,0.0,0.0,0.0,712.0,2426.0,3.72,9.0,3.7,77.0,0.0,1019.48055555556,0.0,50.0,20.0,20.0,17.5,61.0,22.0,19.5,20.0,22.0,22.0,15.5,15.5,0.0,3.53000000000003,87.0,20.0,13.788,716.9,32.31,13.986,26.0,-0.3,3.0,0.0,0.0,0.0,14.0,63.0,0.0,20.0,1.0,0.0,825.6,0.0,0.0,0.6,9.0,0.0,29.0,0.0,20.0,20.0,350.0,825.6,-50.0,0.0,0.0,0.0,0.0,400.0,0.0,0.0,0.0,0.0,0.0,0.0,49.0,713.8,4.443,0.0,13.7695717,0.0,21.7909020103703,0.0,2.21218008705556,2.21218008705556,0.0,,0.49966,0.0,0.0,28.779999999999973
370.0,13.3,0.7,713.8,0.0,0.0,0.0,15.0,20.0,19.0,18.0,19.0,18.0,18.0,18.0,18.0,0.49966,18.0,26.0,1019.48055555556,3670130.0,0.0,0.0,4.95694444444444,3.96555555555556,3.71770833333333,18.0,1573.1,1545.5,1175.9,1118.4,0.0,0.0,0.0,0.0,712.0,2426.0,3.72,9.0,3.7,77.0,0.0,1019.48055555556,0.0,50.0,20.0,20.0,17.5,61.0,22.0,19.5,20.0,22.0,22.0,15.5,15.5,0.0,3.53000000000003,87.0,20.0,13.788,716.9,32.31,13.986,26.0,-0.3,3.0,0.0,0.0,0.0,14.0,63.0,0.0,20.0,1.0,0.0,825.6,0.0,0.0,0.6,9.0,0.0,29.0,0.0,20.0,20.0,350.0,825.6,-50.0,0.0,0.0,0.0,0.0,400.0,0.0,0.0,0.0,0.0,0.0,0.0,49.0,713.8,4.443,59.6183775,13.7915452,0.0,21.7909020103703,0.0,2.21218008705556,2.21218008705556,0.0,,0.49966,0.0,0.0,28.779999999999973
371.0,13.3,13.7,712.5,0.0,0.0,0.0,15.0,20.0,19.0,18.0,19.0,18.0,18.0,18.0,18.0,9.76125,18.0,26.0,1019.48111111111,3670132.0,0.0,0.0,4.94791666666667,3.95833333333333,3.7109375,18.0,1573.1,1545.5,1175.9,1118.4,0.0,608.0,0.0,0.0,710.0,2426.0,3.7,9.0,3.7,49.0,0.0,1019.48111111111,0.0,50.0,20.0,20.0,17.5,61.0,22.0,19.5,20.0,22.0,22.0,15.5,15.5,9.0,3.76999999999998,87.0,20.0,13.811,715.1,27.42,13.966,25.0,-2.2,3.0,0.0,0.0,0.0,14.0,63.0,0.0,20.0,1.0,0.0,825.6,0.0,0.0,0.6,9.0,0.0,29.0,0.0,20.0,20.0,350.0,825.6,-50.0,0.0,0.0,0.0,0.0,400.0,0.0,0.0,0.0,0.0,0.0,0.0,49.0,713.1,4.443,59.6183775,13.7915452,0.0,21.7199234014056,0.0,2.21727845705556,2.21727845705556,0.92201306185171,108.458333333333,0.49875,0.0,0.0320110930903426,23.65000000000002
372.0,13.3,13.7,712.5,0.0,0.0,0.0,15.0,20.0,19.0,18.0,19.0,18.0,18.0,18.0,18.0,9.76125,18.0,26.0,1019.48111111111,3670132.0,0.0,0.0,4.94791666666667,3.95833333333333,3.7109375,18.0,1573.1,1545.5,1175.9,1118.4,0.0,608.0,0.0,0.0,710.0,2426.0,3.7,9.0,3.7,49.0,0.0,1019.48111111111,0.0,50.0,20.0,20.0,17.5,61.0,22.0,19.5,20.0,22.0,22.0,15.5,15.5,9.0,3.76999999999998,87.0,20.0,13.811,715.1,27.42,13.966,25.0,-2.2,3.0,0.0,0.0,0.0,14.0,63.0,0.0,20.0,1.0,0.0,825.6,0.0,0.0,0.6,9.0,0.0,29.0,0.0,20.0,20.0,350.0,825.6,-50.0,0.0,0.0,0.0,0.0,400.0,0.0,0.0,0.0,0.0,0.0,0.0,49.0,713.1,4.443,63.768715,13.7705483,12.875,21.7199234014056,0.0,2.21727845705556,2.21727845705556,0.92201306185171,108.458333333333,0.49875,0.0,0.0320110930903426,23.65000000000002
373.0,13.3,35.1,710.3,0.0,0.0,0.0,15.0,20.0,19.0,18.0,19.0,18.0,18.0,18.0,18.0,24.93153,18.0,26.0,1019.48166666667,3670134.0,0.0,0.0,4.93263888888889,3.94611111111111,3.69947916666667,18.0,1573.1,1545.5,1175.9,1118.4,0.0,1715.0,0.0,0.0,708.0,2426.0,3.7,34.0,3.68,78.0,0.0,1019.48166666667,0.0,50.0,20.0,20.0,17.5,61.0,22.0,19.5,20.0,22.0,22.0,15.5,15.5,23.0,3.75,87.0,20.0,13.811,712.2,27.41,13.965,25.0,-3.0,3.0,0.0,0.0,0.0,14.0,63.0,0.0,20.0,1.0,0.0,825.6,0.0,0.0,0.6,9.0,0.0,29.0,0.0,20.0,20.0,350.0,825.6,-50.0,0.0,0.0,0.0,0.0,400.0,0.0,0.0,0.0,0.0,0.0,0.0,49.0,710.9,4.443,63.768715,13.7705483,12.875,21.7267813612975,0.0,2.22992548494444,2.22992548494444,0.922526615895615,108.397956521739,9.73111,0.0,0.0814182707019828,23.66
374.0,13.3,35.1,710.3,0.0,0.0,0.0,15.0,20.0,19.0,18.0,19.0,18.0,18.0,18.0,18.0,24.93153,18.0,26.0,1019.48166666667,3670134.0,0.0,0.0,4.93263888888889,3.94611111111111,3.69947916666667,18.0,1573.1,1545.5,1175.9,1118.4,0.0,1715.0,0.0,0.0,708.0,2426.0,3.7,34.0,3.68,78.0,0.0,1019.48166666667,0.0,50.0,20.0,20.0,17.5,61.0,22.0,19.5,20.0,22.0,22.0,15.5,15.5,23.0,3.75,87.0,20.0,13.811,712.2,27.41,13.965,25.0,-3.0,3.0,0.0,0.0,0.0,14.0,63.0,0.0,20.0,1.0,0.0,825.6,0.0,0.0,0.6,9.0,0.0,29.0,0.0,20.0,20.0,350.0,825.6,-50.0,0.0,0.0,0.0,0.0,400.0,0.0,0.0,0.0,0.0,0.0,0.0,49.0,708.4,4.443,67.2354675,13.7705483,25.875,21.7267813612975,0.0,2.22992548494444,2.22992548494444,0.922526615895615,108.397956521739,9.73111,0.0,0.0814182707019828,23.66
375.0,13.3,51.2,708.2,0.0,0.0,0.0,15.0,20.0,19.0,18.0,19.0,18.0,18.0,18.0,18.0,36.25984,18.0,26.0,1019.48222222222,3670136.0,0.0,0.0,4.91805555555556,3.93444444444444,3.68854166666667,18.0,1573.1,1545.6,1175.9,1118.4,0.0,2478.0,0.0,0.0,706.0,2427.0,3.68,20.0,3.68,77.0,0.0,1019.48222222222,0.0,50.0,20.0,20.0,17.5,61.0,22.0,19.5,20.0,22.0,22.0,15.5,15.5,32.0,3.73000000000002,87.0,20.0,13.811,711.4,27.36,13.953,25.0,-6.7,3.0,0.0,0.0,0.0,14.0,63.0,0.0,20.0,1.0,0.0,825.6,0.0,0.0,0.6,9.0,0.0,29.0,0.0,20.0,20.0,350.0,825.6,-50.0,0.0,0.0,0.0,0.0,400.0,0.0,0.0,0.0,0.0,0.0,0.0,49.0,708.4,4.443,67.2354675,13.7705483,25.875,21.7798829202732,0.0,2.24699013916667,2.24699013916667,0.882519062411748,113.312,36.25984,0.0,0.11356421284907,23.62999999999998
376.0,13.3,51.2,708.2,0.0,0.0,0.0,15.0,20.0,19.0,18.0,19.0,18.0,18.0,18.0,18.0,36.25984,18.0,26.0,1019.48222222222,3670136.0,0.0,0.0,4.91805555555556,3.93444444444444,3.68854166666667,18.0,1573.1,1545.6,1175.9,1118.4,0.0,2478.0,0.0,0.0,706.0,2427.0,3.68,20.0,3.68,77.0,0.0,1019.48222222222,0.0,50.0,20.0,20.0,17.5,61.0,22.0,19.5,20.0,22.0,22.0,15.5,15.5,32.0,3.73000000000002,87.0,20.0,13.811,711.4,27.36,13.953,25.0,-6.7,3.0,0.0,0.0,0.0,14.0,63.0,0.0,20.0,1.0,0.0,825.6,0.0,0.0,0.6,9.0,0.0,29.0,0.0,20.0,20.0,350.0,825.6,-50.0,0.0,0.0,0.0,0.0,400.0,0.0,0.0,0.0,0.0,0.0,0.0,49.0,708.4,4.443,60.448445,13.7705483,32.0,21.7798829202732,0.0,2.24699013916667,2.24699013916667,0.882519062411748,113.312,36.25984,0.0,0.11356421284907,23.62999999999998
377.0,13.3,41.1,708.8,0.0,0.0,0.0,15.0,20.0,19.0,18.0,19.0,18.0,18.0,18.0,18.0,29.13168,18.0,26.0,1019.48277777778,3670138.0,0.0,0.0,4.92222222222222,3.93777777777778,3.69166666666667,18.0,1573.1,1545.6,1175.9,1118.4,0.0,3162.0,0.0,0.0,707.0,2427.0,3.68,11.0,3.68,77.0,0.0,1019.48277777778,0.0,50.0,20.0,20.0,17.5,61.0,22.0,19.5,20.0,22.0,22.0,15.5,15.5,41.0,3.72000000000003,87.0,20.0,13.814,711.8,26.53,13.967,25.0,3.0,3.0,0.0,0.0,0.0,14.0,63.0,0.0,20.0,1.0,0.0,825.6,0.0,0.0,0.6,9.0,0.0,29.0,0.0,20.0,20.0,350.0,825.6,-50.0,0.0,0.0,0.0,0.0,400.0,0.0,0.0,0.0,0.0,0.0,0.0,49.0,708.4,4.443,60.448445,13.7705483,32.0,21.8787468149527,0.0,2.26886021566667,2.26886021566667,1.40740252536071,71.0528780487805,36.29056,0.0,0.147772907153763,22.80999999999997
378.0,13.3,41.1,708.8,0.0,0.0,0.0,15.0,20.0,19.0,18.0,19.0,18.0,18.0,18.0,18.0,29.13168,18.0,26.0,1019.48277777778,3670138.0,0.0,0.0,4.92222222222222,3.93777777777778,3.69166666666667,18.0,1573.1,1545.6,1175.9,1118.4,0.0,3162.0,0.0,0.0,707.0,2427.0,3.68,11.0,3.68,77.0,0.0,1019.48277777778,0.0,50.0,20.0,20.0,17.5,61.0,22.0,19.5,20.0,22.0,22.0,15.5,15.5,41.0,3.72000000000003,87.0,20.0,13.814,711.8,26.53,13.967,25.0,3.0,3.0,0.0,0.0,0.0,14.0,63.0,0.0,20.0,1.0,0.0,825.6,0.0,0.0,0.6,9.0,0.0,29.0,0.0,20.0,20.0,350.0,825.6,-50.0,0.0,0.0,0.0,0.0,400.0,0.0,0.0,0.0,0.0,0.0,0.0,49.0,708.5,4.443,53.12432,13.7715249,40.0,21.8787468149527,0.0,2.26886021566667,2.26886021566667,1.40740252536071,71.0528780487805,36.29056,0.0,0.147772907153763,22.80999999999997
379.0,13.3,41.7,708.5,0.0,0.0,0.0,15.0,20.0,19.0,18.0,19.0,18.0,18.0,18.0,18.0,29.54445,18.0,26.0,1019.48333333333,3670140.0,0.0,0.0,4.92013888888889,3.93611111111111,3.69010416666667,18.0,1573.1,1545.6,1175.9,1118.4,0.0,3671.0,0.0,0.0,706.0,2427.0,3.68,34.0,3.68,61.0,0.0,1019.48333333333,0.0,50.0,20.0,20.0,17.5,61.0,22.0,19.5,20.0,22.0,22.0,15.5,15.5,47.0,3.69,87.0,20.0,13.812,711.4,27.17,13.968,25.0,-4.9,3.0,0.0,0.0,0.0,14.0,63.0,0.0,20.0,1.0,0.0,825.6,0.0,0.0,0.6,9.0,0.0,29.0,0.0,20.0,20.0,350.0,825.6,-50.0,0.0,0.0,0.0,0.0,400.0,0.0,0.0,0.0,0.0,0.0,0.0,49.0,708.5,4.443,53.12432,13.7715249,40.0,22.0113169474216,0.0,2.29471762861111,2.29471762861111,1.59082331876207,62.8605319148936,29.11935,0.0,0.137994042959628,23.48
380.0,13.3,41.7,708.5,0.0,0.0,0.0,15.0,20.0,19.0,18.0,19.0,18.0,18.0,18.0,18.0,29.54445,18.0,26.0,1019.48333333333,3670140.0,0.0,0.0,4.92013888888889,3.93611111111111,3.69010416666667,18.0,1573.1,1545.6,1175.9,1118.4,0.0,3671.0,0.0,0.0,706.0,2427.0,3.68,34.0,3.68,61.0,0.0,1019.48333333333,0.0,50.0,20.0,20.0,17.5,61.0,22.0,19.5,20.0,22.0,22.0,15.5,15.5,47.0,3.69,87.0,20.0,13.812,711.4,27.17,13.968,25.0,-4.9,3.0,0.0,0.0,0.0,14.0,63.0,0.0,20.0,1.0,0.0,825.6,0.0,0.0,0.6,9.0,0.0,29.0,0.0,20.0,20.0,350.0,825.6,-50.0,0.0,0.0,0.0,0.0,400.0,0.0,0.0,0.0,0.0,0.0,0.0,49.0,708.5,4.443,52.4895625,13.760294,48.875,22.0113169474216,0.0,2.29471762861111,2.29471762861111,1.59082331876207,62.8605319148936,29.11935,0.0,0.137994042959628,23.48
381.0,13.3,37.0,708.8,0.0,0.0,0.0,15.0,20.0,19.0,18.0,19.0,18.0,18.0,18.0,18.0,26.2256,18.0,26.0,1019.48388888889,3670142.0,0.0,0.0,4.92222222222222,3.93777777777778,3.69166666666667,18.0,1573.1,1545.6,1175.9,1118.5,0.0,4083.0,0.0,0.0,707.0,2427.0,3.68,34.0,3.68,77.0,0.0,1019.48388888889,0.0,50.0,20.0,20.0,17.5,61.0,22.0,19.5,20.0,22.0,22.0,15.5,15.5,52.0,3.62,87.0,20.0,13.796,712.4,26.79,13.95,25.0,0.7,3.0,0.0,0.0,0.0,14.0,63.0,0.0,20.0,1.0,0.0,825.6,0.0,0.0,0.6,9.0,0.0,29.0,0.0,20.0,20.0,350.0,825.6,-50.0,0.0,0.0,0.0,0.0,400.0,0.0,0.0,0.0,0.0,0.0,0.0,49.0,708.5,4.443,52.4895625,13.760294,48.875,22.1687925760006,0.0,2.32333496772222,2.32333496772222,1.98279543652004,50.4338461538462,29.55696,0.0,0.105286201709075,23.169999999999998
382.0,13.3,37.0,708.8,0.0,0.0,0.0,15.0,20.0,19.0,18.0,19.0,18.0,18.0,18.0,18.0,26.2256,18.0,26.0,1019.48388888889,3670142.0,0.0,0.0,4.92222222222222,3.93777777777778,3.69166666666667,18.0,1573.1,1545.6,1175.9,1118.5,0.0,4083.0,0.0,0.0,707.0,2427.0,3.68,34.0,3.68,77.0,0.0,1019.48388888889,0.0,50.0,20.0,20.0,17.5,61.0,22.0,19.5,20.0,22.0,22.0,15.5,15.5,52.0,3.62,87.0,20.0,13.796,712.4,26.79,13.95,25.0,0.7,3.0,0.0,0.0,0.0,14.0,63.0,0.0,20.0,1.0,0.0,825.6,0.0,0.0,0.6,9.0,0.0,29.0,0.0,20.0,20.0,350.0,825.6,-50.0,0.0,0.0,0.0,0.0,400.0,0.0,0.0,0.0,0.0,0.0,0.0,49.0,710.1,4.443,47.167365,13.760294,53.609375,22.1687925760006,0.0,2.32333496772222,2.32333496772222,1.98279543652004,50.4338461538462,29.55696,0.0,0.105286201709075,23.169999999999998
383.0,13.3,16.6,710.7,0.0,0.0,0.0,15.0,20.0,19.0,18.0,19.0,18.0,18.0,18.0,18.0,11.79762,18.0,26.0,1019.48444444444,3670144.0,0.0,0.0,4.93541666666667,3.94833333333333,3.7015625,18.0,1573.1,1545.7,1175.9,1118.5,0.0,4328.0,0.0,0.0,709.0,2427.0,3.7,11.0,3.68,77.0,0.0,1019.48444444444,0.0,50.0,20.0,20.0,17.5,61.0,22.0,19.5,20.0,22.0,22.0,15.5,15.5,55.0,3.61000000000001,87.0,20.0,13.795,715.2,27.3,13.949,24.0,1.0,3.0,0.0,0.0,0.0,14.0,63.0,0.0,20.0,1.0,0.0,825.6,0.0,0.0,0.6,9.0,0.0,29.0,0.0,20.0,20.0,350.0,825.6,-50.0,0.0,0.0,0.0,0.0,400.0,0.0,0.0,0.0,0.0,0.0,0.0,49.0,710.1,4.443,47.167365,13.760294,53.609375,22.3402231439176,0.0,2.35359066938889,2.35359066938889,4.66195724222343,21.4502181818182,26.2959,0.0,0.0828598567177101,23.68999999999999
384.0,13.3,16.6,710.7,0.0,0.0,0.0,15.0,20.0,19.0,18.0,19.0,18.0,18.0,18.0,18.0,11.79762,18.0,26.0,1019.48444444444,3670144.0,0.0,0.0,4.93541666666667,3.94833333333333,3.7015625,18.0,1573.1,1545.7,1175.9,1118.5,0.0,4328.0,0.0,0.0,709.0,2427.0,3.7,11.0,3.68,77.0,0.0,1019.48444444444,0.0,50.0,20.0,20.0,17.5,61.0,22.0,19.5,20.0,22.0,22.0,15.5,15.5,55.0,3.61000000000001,87.0,20.0,13.795,715.2,27.3,13.949,24.0,1.0,3.0,0.0,0.0,0.0,14.0,63.0,0.0,20.0,1.0,0.0,825.6,0.0,0.0,0.6,9.0,0.0,29.0,0.0,20.0,20.0,350.0,825.6,-50.0,0.0,0.0,0.0,0.0,400.0,0.0,0.0,0.0,0.0,0.0,0.0,49.0,711.9,4.443,38.5248975,13.7705483,52.0,22.3402231439176,0.0,2.35359066938889,2.35359066938889,4.66195724222343,21.4502181818182,26.2959,0.0,0.0828598567177101,23.68999999999999
385.0,13.3,2.0,712.2,0.0,0.0,0.0,15.0,20.0,19.0,18.0,19.0,18.0,18.0,18.0,18.0,1.4244,18.0,26.0,1019.485,3670146.0,0.0,0.0,4.94583333333333,3.95666666666667,3.709375,18.0,1573.1,1545.7,1175.9,1118.5,0.0,4339.0,0.0,0.0,710.0,2417.0,3.7,167.0,3.7,49.0,0.0,1019.485,0.0,50.0,20.0,20.0,17.5,61.0,22.0,19.5,20.0,22.0,22.0,15.5,15.5,55.0,3.72000000000003,87.0,20.0,13.812,715.6,27.33,13.95,24.0,8.3,3.0,0.0,0.0,0.0,14.0,63.0,0.0,20.0,1.0,0.0,825.6,0.0,0.0,0.6,9.0,0.0,29.0,0.0,20.0,20.0,350.0,825.6,-50.0,0.0,0.0,0.0,0.0,400.0,0.0,0.0,0.0,0.0,0.0,0.0,49.0,711.9,4.443,33.2027,13.7593174,52.0,22.5098058786841,0.0,2.38383442383333,2.38383442383333,38.612749227745,2.58981818181818,11.82252,0.0,0.0500595384137033,23.609999999999967
386.0,13.3,2.0,712.2,0.0,0.0,0.0,15.0,20.0,19.0,18.0,19.0,18.0,18.0,18.0,18.0,1.4244,18.0,26.0,1019.485,3670146.0,0.0,0.0,4.94583333333333,3.95666666666667,3.709375,18.0,1573.1,1545.7,1175.9,1118.5,0.0,4339.0,0.0,0.0,710.0,2417.0,3.7,167.0,3.7,49.0,0.0,1019.485,0.0,50.0,20.0,20.0,17.5,61.0,22.0,19.5,20.0,22.0,22.0,15.5,15.5,55.0,3.72000000000003,87.0,20.0,13.812,715.6,27.33,13.95,24.0,8.3,3.0,0.0,0.0,0.0,14.0,63.0,0.0,20.0,1.0,0.0,825.6,0.0,0.0,0.6,9.0,0.0,29.0,0.0,20.0,20.0,350.0,825.6,-50.0,0.0,0.0,0.0,0.0,400.0,0.0,0.0,0.0,0.0,0.0,0.0,49.0,713.0,4.443,33.2027,13.7593174,52.0,22.5098058786841,0.0,2.38383442383333,2.38383442383333,38.612749227745,2.58981818181818,11.82252,0.0,0.0500595384137033,23.609999999999967
387.0,13.3,-6.8,713.3,0.0,0.0,0.0,15.0,20.0,19.0,18.0,19.0,18.0,18.0,18.0,18.0,-4.85044,18.0,26.0,1019.48555555556,3670148.0,0.0,0.0,4.95347222222222,3.96277777777778,3.71510416666667,18.0,1573.1,1545.7,1175.9,1118.5,0.0,4260.0,0.0,0.0,711.0,2417.0,3.7,9.0,3.7,41.0,0.0,1019.48555555556,0.0,50.0,20.0,20.0,17.5,61.0,22.0,19.5,20.0,22.0,22.0,15.5,15.5,54.0,3.59000000000003,87.0,20.0,13.795,717.4,26.86,13.95,24.0,12.3,3.0,0.0,0.0,0.0,14.0,63.0,0.0,20.0,1.0,0.0,825.6,0.0,0.0,0.6,9.0,0.0,29.0,0.0,20.0,20.0,350.0,825.6,-50.0,0.0,0.0,0.0,0.0,400.0,0.0,0.0,0.0,0.0,0.0,0.0,49.0,713.0,4.443,25.878575,13.7803143,53.046875,22.670272872981,0.0,2.41312496283333,2.41312496283333,-11.1330106134701,-8.9822962962963,-4.85044,0.0,0.0500595384137033,23.269999999999968
388.0,13.3,-6.8,713.3,0.0,0.0,0.0,15.0,20.0,19.0,18.0,19.0,18.0,18.0,18.0,18.0,-4.85044,18.0,26.0,1019.48555555556,3670148.0,0.0,0.0,4.95347222222222,3.96277777777778,3.71510416666667,18.0,1573.1,1545.7,1175.9,1118.5,0.0,4260.0,0.0,0.0,711.0,2417.0,3.7,9.0,3.7,41.0,0.0,1019.48555555556,0.0,50.0,20.0,20.0,17.5,61.0,22.0,19.5,20.0,22.0,22.0,15.5,15.5,54.0,3.59000000000003,87.0,20.0,13.795,717.4,26.86,13.95,24.0,12.3,3.0,0.0,0.0,0.0,14.0,63.0,0.0,20.0,1.0,0.0,825.6,0.0,0.0,0.6,9.0,0.0,29.0,0.0,20.0,20.0,350.0,825.6,-50.0,0.0,0.0,0.0,0.0,400.0,0.0,0.0,0.0,0.0,0.0,0.0,49.0,714.7,4.443,25.878575,13.7803143,53.046875,22.670272872981,0.0,2.41312496283333,2.41312496283333,-11.1330106134701,-8.9822962962963,-4.85044,0.0,0.0500595384137033,23.269999999999968
389.0,13.3,-20.0,714.9,0.0,0.0,0.0,15.0,20.0,19.0,18.0,19.0,18.0,18.0,18.0,18.0,-14.298,18.0,26.0,1019.48611111111,3670150.0,0.0,0.0,4.96458333333333,3.97166666666667,3.7234375,18.0,1573.1,1545.7,1175.9,1118.5,0.0,4013.0,0.0,0.0,713.0,2417.0,3.72,9.0,3.72,77.0,0.0,1019.48611111111,0.0,50.0,20.0,20.0,17.5,61.0,22.0,19.5,20.0,22.0,22.0,15.5,15.5,50.0,3.81999999999999,87.0,20.0,13.807,718.3,27.41,13.969,25.0,5.2,3.0,0.0,0.0,0.0,14.0,63.0,0.0,20.0,1.0,0.0,825.6,0.0,0.0,0.6,9.0,0.0,29.0,0.0,20.0,20.0,350.0,825.6,-50.0,0.0,0.0,0.0,0.0,400.0,0.0,0.0,0.0,0.0,0.0,0.0,49.0,714.7,4.443,25.878575,13.7588291,49.609375,22.8083240018091,0.0,2.44014568088889,2.44014568088889,-3.49699258637572,-28.596,-4.86132,0.0,-0.0072091900913575,23.59000000000001
390.0,13.3,-5.6,713.8,0.0,0.0,0.0,15.0,20.0,19.0,18.0,19.0,18.0,18.0,18.0,18.0,-3.99728,18.0,26.0,1019.48666666667,3670152.0,0.0,0.0,4.95694444444444,3.96555555555556,3.71770833333333,18.0,1573.1,1545.7,1175.9,1118.5,0.0,3751.0,0.0,0.0,712.0,2417.0,3.72,24.0,3.7,99.0,0.0,1019.48666666667,0.0,50.0,20.0,20.0,17.5,61.0,22.0,19.5,20.0,22.0,22.0,15.5,15.5,50.0,3.81999999999999,87.0,20.0,13.807,718.3,27.41,13.969,25.0,5.2,3.0,0.0,0.0,0.0,14.0,63.0,0.0,20.0,1.0,0.0,825.6,0.0,0.0,0.6,9.0,0.0,29.0,0.0,20.0,20.0,350.0,825.6,-50.0,0.0,0.0,0.0,0.0,400.0,0.0,0.0,0.0,0.0,0.0,0.0,49.0,714.8,4.443,25.878575,13.7588291,49.609375,22.8083240018091,0.0,2.44014568088889,2.44014568088889,-3.49699258637572,-28.596,-3.99728,0.0,-0.0072091900913575,23.59000000000001
391.0,13.3,-5.6,713.8,0.0,0.0,0.0,15.0,20.0,19.0,18.0,19.0,18.0,18.0,18.0,18.0,-3.99728,18.0,26.0,1019.48666666667,3670152.0,0.0,0.0,4.95694444444444,3.96555555555556,3.71770833333333,18.0,1573.1,1545.7,1175.9,1118.5,0.0,3751.0,0.0,0.0,712.0,2417.0,3.72,24.0,3.7,99.0,0.0,1019.48666666667,0.0,50.0,20.0,20.0,17.5,61.0,22.0,19.5,20.0,22.0,22.0,15.5,15.5,47.0,3.37,87.0,20.0,13.803,716.1,26.97,13.95,24.0,-8.0,3.0,0.0,0.0,0.0,14.0,63.0,0.0,20.0,1.0,0.0,825.6,0.0,0.0,0.6,9.0,0.0,29.0,0.0,20.0,20.0,350.0,825.6,-50.0,0.0,0.0,0.0,0.0,400.0,0.0,0.0,0.0,0.0,0.0,0.0,49.0,714.8,4.443,36.6694525,13.7593174,44.0,22.9341063218277,0.0,2.46642644763889,2.46642644763889,-11.7579954368971,-8.50485106382979,-3.99728,0.0,-0.0287183886360715,23.599999999999998
392.0,13.3,8.1,712.3,0.0,0.0,0.0,15.0,20.0,19.0,18.0,19.0,18.0,18.0,18.0,18.0,5.76963,18.0,26.0,1019.48722222222,3670154.0,0.0,0.0,4.94652777777778,3.95722222222222,3.70989583333333,18.0,1573.1,1545.7,1175.9,1118.5,0.0,3767.0,0.0,0.0,710.0,2429.0,3.7,9.0,3.7,77.0,0.0,1019.48722222222,0.0,50.0,20.0,20.0,17.5,61.0,22.0,19.5,20.0,22.0,22.0,15.5,15.5,47.0,3.37,87.0,20.0,13.803,716.1,26.97,13.95,24.0,-8.0,3.0,0.0,0.0,0.0,14.0,63.0,0.0,20.0,1.0,0.0,825.6,0.0,0.0,0.6,9.0,0.0,29.0,0.0,20.0,20.0,350.0,825.6,-50.0,0.0,0.0,0.0,0.0,400.0,0.0,0.0,0.0,0.0,0.0,0.0,49.0,712.3,4.442,36.6694525,13.7593174,44.0,22.9341063218277,0.0,2.46642644763889,2.46642644763889,-11.7579954368971,-8.50485106382979,-3.98888,0.0,-0.0287183886360715,23.599999999999998
393.0,13.3,8.1,712.3,0.0,0.0,0.0,15.0,20.0,19.0,18.0,19.0,18.0,18.0,18.0,18.0,5.76963,18.0,26.0,1019.48722222222,3670154.0,0.0,0.0,4.94652777777778,3.95722222222222,3.70989583333333,18.0,1573.1,1545.7,1175.9,1118.5,0.0,3767.0,0.0,0.0,710.0,2429.0,3.7,9.0,3.7,77.0,0.0,1019.48722222222,0.0,50.0,20.0,20.0,17.5,61.0,22.0,19.5,20.0,22.0,22.0,15.5,15.5,47.0,3.35000000000002,87.0,20.0,13.807,715.7,27.41,13.95,24.0,4.9,3.0,0.0,0.0,0.0,14.0,63.0,0.0,20.0,1.0,0.0,825.6,0.0,0.0,0.6,9.0,0.0,29.0,0.0,20.0,20.0,350.0,825.6,-50.0,0.0,0.0,0.0,0.0,400.0,0.0,0.0,0.0,0.0,0.0,0.0,49.0,712.3,4.442,35.839385,13.760294,44.0,23.0527833608884,0.0,2.49147575694444,2.49147575694444,8.14610295634209,12.2758085106383,-3.98888,0.0,-0.0289408419112085,24.05999999999998
394.0,13.3,1.2,712.9,0.0,0.0,0.0,15.0,20.0,19.0,18.0,19.0,18.0,18.0,18.0,18.0,0.85548,18.0,26.0,1019.48777777778,3670156.0,0.0,0.0,4.95069444444444,3.96055555555556,3.71302083333333,18.0,1573.1,1545.7,1175.9,1118.5,0.0,3742.0,0.0,0.0,711.0,2429.0,3.7,9.0,3.7,78.0,0.0,1019.48777777778,0.0,50.0,20.0,20.0,17.5,61.0,22.0,19.5,20.0,22.0,22.0,15.5,15.5,47.0,3.35000000000002,87.0,20.0,13.807,715.7,27.41,13.95,24.0,4.9,3.0,0.0,0.0,0.0,14.0,63.0,0.0,20.0,1.0,0.0,825.6,0.0,0.0,0.6,9.0,0.0,29.0,0.0,20.0,20.0,350.0,825.6,-50.0,0.0,0.0,0.0,0.0,400.0,0.0,0.0,0.0,0.0,0.0,0.0,49.0,712.8,4.441,35.839385,13.760294,44.0,23.0527833608884,0.0,2.49147575694444,2.49147575694444,8.14610295634209,12.2758085106383,5.77449,0.0,-0.0289408419112085,24.05999999999998
395.0,13.3,1.2,712.9,0.0,0.0,0.0,15.0,20.0,19.0,18.0,19.0,18.0,18.0,18.0,18.0,0.85548,18.0,26.0,1019.48777777778,3670156.0,0.0,0.0,4.95069444444444,3.96055555555556,3.71302083333333,18.0,1573.1,1545.7,1175.9,1118.5,0.0,3742.0,0.0,0.0,711.0,2429.0,3.7,9.0,3.7,78.0,0.0,1019.48777777778,0.0,50.0,20.0,20.0,17.5,61.0,22.0,19.5,20.0,22.0,22.0,15.5,15.5,47.0,3.48000000000002,87.0,20.0,13.797,716.7,26.9,13.952,24.0,5.3,3.0,0.0,0.0,0.0,14.0,63.0,0.0,20.0,1.0,0.0,825.6,0.0,0.0,0.6,9.0,0.0,29.0,0.0,20.0,20.0,350.0,825.6,-50.0,0.0,0.0,0.0,0.0,400.0,0.0,0.0,0.0,0.0,0.0,0.0,49.0,712.8,4.441,30.5171875,13.7427152,44.0,23.1703203990563,0.0,2.51653037855555,2.51653037855555,54.9399167718708,1.82017021276596,5.77449,0.0,-0.0254324235334105,23.41999999999998
396.0,13.3,-10.4,714.1,0.0,0.0,0.0,15.0,20.0,19.0,18.0,19.0,18.0,18.0,18.0,18.0,-7.42664,18.0,26.0,1019.48833333333,3670158.0,0.0,0.0,4.95902777777778,3.96722222222222,3.71927083333333,18.0,1573.1,1545.7,1175.9,1118.5,0.0,3652.0,0.0,0.0,712.0,2429.0,3.72,34.0,3.7,77.0,0.0,1019.48833333333,0.0,50.0,20.0,20.0,17.5,61.0,22.0,19.5,20.0,22.0,22.0,15.5,15.5,47.0,3.48000000000002,87.0,20.0,13.797,716.7,26.9,13.952,24.0,5.3,3.0,0.0,0.0,0.0,14.0,63.0,0.0,20.0,1.0,0.0,825.6,0.0,0.0,0.6,9.0,0.0,29.0,0.0,20.0,20.0,350.0,825.6,-50.0,0.0,0.0,0.0,0.0,400.0,0.0,0.0,0.0,0.0,0.0,0.0,49.0,713.8,4.443,30.5171875,13.7427152,44.0,23.1703203990563,0.0,2.51653037855555,2.51653037855555,54.9399167718708,1.82017021276596,-7.42664,0.0,-0.0254324235334105,23.41999999999998
397.0,13.3,-10.4,714.1,0.0,0.0,0.0,15.0,20.0,19.0,18.0,19.0,18.0,18.0,18.0,18.0,-7.42664,18.0,26.0,1019.48833333333,3670158.0,0.0,0.0,4.95902777777778,3.96722222222222,3.71927083333333,18.0,1573.1,1545.7,1175.9,1118.5,0.0,3652.0,0.0,0.0,712.0,2429.0,3.72,34.0,3.7,77.0,0.0,1019.48833333333,0.0,50.0,20.0,20.0,17.5,61.0,22.0,19.5,20.0,22.0,22.0,15.5,15.5,46.0,3.49000000000001,87.0,20.0,13.796,717.9,26.74,13.947,25.0,-1.1,3.0,0.0,0.0,0.0,14.0,63.0,0.0,20.0,1.0,0.0,825.6,0.0,0.0,0.6,9.0,0.0,29.0,0.0,20.0,20.0,350.0,825.6,-50.0,0.0,0.0,0.0,0.0,400.0,0.0,0.0,0.0,0.0,0.0,0.0,49.0,713.8,4.443,26.56216,13.7705483,45.28125,23.2842069335952,0.0,2.54157834072222,2.54157834072222,-6.19391811101656,-16.1448695652174,-7.42664,0.0,-0.0145052559198544,23.24999999999999
398.0,13.4,-24.4,715.5,0.0,0.0,0.0,15.0,20.0,19.0,18.0,19.0,18.0,18.0,18.0,18.0,-17.4582,18.0,26.0,1019.48888888889,3670160.0,0.0,0.0,4.96875,3.975,3.7265625,18.0,1573.1,1545.7,1175.9,1118.5,0.0,3381.0,0.0,0.0,714.0,2429.0,3.72,9.0,3.72,77.0,0.0,1019.48888888889,0.0,50.0,20.0,20.0,17.5,61.0,22.0,19.5,20.0,22.0,22.0,15.5,15.5,46.0,3.49000000000001,87.0,20.0,13.796,717.9,26.74,13.947,25.0,-1.1,3.0,0.0,0.0,0.0,14.0,63.0,0.0,20.0,1.0,0.0,825.6,0.0,0.0,0.6,9.0,0.0,29.0,0.0,20.0,20.0,350.0,825.6,-50.0,0.0,0.0,0.0,0.0,400.0,0.0,0.0,0.0,0.0,0.0,0.0,49.0,714.5,4.443,26.56216,13.7705483,45.28125,23.2842069335952,0.0,2.54157834072222,2.54157834072222,-6.19391811101656,-16.1448695652174,-17.4582,0.0,-0.0145052559198544,23.24999999999999
399.0,13.4,-24.4,715.5,0.0,0.0,0.0,15.0,20.0,19.0,18.0,19.0,18.0,18.0,18.0,18.0,-17.4582,18.0,26.0,1019.48888888889,3670160.0,0.0,0.0,4.96875,3.975,3.7265625,18.0,1573.1,1545.7,1175.9,1118.5,0.0,3381.0,0.0,0.0,714.0,2429.0,3.72,9.0,3.72,77.0,0.0,1019.48888888889,0.0,50.0,20.0,20.0,17.0,61.0,22.0,19.5,20.0,22.0,22.0,15.5,15.5,42.0,3.48000000000002,87.0,20.0,13.797,719.5,31.34,13.975,24.0,2.2,3.0,0.0,0.0,0.0,14.0,63.0,0.0,20.0,1.0,0.0,825.6,0.0,0.0,0.6,9.0,0.0,29.0,0.0,20.0,20.0,350.0,825.6,-50.0,0.0,0.0,0.0,0.0,400.0,0.0,0.0,0.0,0.0,0.0,0.0,49.0,714.5,4.443,14.25763,13.740762,41.0,23.3751309891353,0.0,2.56395919338889,2.56395919338889,-2.40574629686909,-41.5671428571429,-17.4582,0.0,-0.018353609236404,27.859999999999978
400.0,13.3,-36.7,717.2,0.0,0.0,0.0,15.0,20.0,19.0,18.0,19.0,18.0,18.0,18.0,18.0,-26.32124,18.0,26.0,1019.48944444444,3670162.0,0.0,0.0,4.98055555555556,3.98444444444444,3.73541666666667,18.0,1573.1,1545.7,1175.9,1118.5,0.0,2799.0,0.0,0.0,715.0,2429.0,3.72,24.0,3.72,13.0,0.0,1019.48944444444,0.0,50.0,20.0,20.0,17.0,61.0,22.0,19.5,20.0,22.0,22.0,15.5,15.5,34.0,3.48000000000002,87.0,20.0,13.797,719.5,31.34,13.975,24.0,2.2,3.0,0.0,0.0,0.0,14.0,63.0,0.0,20.0,1.0,0.0,825.6,0.0,0.0,0.6,9.0,0.0,29.0,0.0,20.0,20.0,350.0,825.6,-50.0,0.0,0.0,0.0,0.0,400.0,0.0,0.0,0.0,0.0,0.0,0.0,49.0,717.0,4.443,14.25763,13.740762,41.0,23.4279172110091,0.0,2.58257992238889,2.58257992238889,-1.29173245637364,-77.4154117647059,-26.32124,0.0,-0.0473953903525736,27.859999999999978
401.0,13.3,-36.7,717.2,0.0,0.0,0.0,15.0,20.0,19.0,18.0,19.0,18.0,18.0,18.0,18.0,-26.32124,18.0,26.0,1019.48944444444,3670162.0,0.0,0.0,4.98055555555556,3.98444444444444,3.73541666666667,18.0,1573.1,1545.7,1175.9,1118.5,0.0,2799.0,0.0,0.0,715.0,2429.0,3.72,24.0,3.72,13.0,0.0,1019.48944444444,0.0,50.0,20.0,20.0,17.0,61.0,22.0,19.5,20.0,22.0,22.0,15.5,15.5,34.0,3.44,87.0,20.0,13.788,720.1,31.44,13.972,25.0,5.4,3.0,0.0,0.0,0.0,14.0,63.0,0.0,20.0,1.0,0.0,825.6,0.0,0.0,0.6,9.0,0.0,29.0,0.0,20.0,20.0,350.0,825.6,-50.0,0.0,0.0,0.0,0.0,400.0,0.0,0.0,0.0,0.0,0.0,0.0,49.0,717.0,4.443,7.2752975,13.740762,32.171875,23.4279172110091,0.0,2.58257992238889,2.58257992238889,-1.29173245637364,-77.4154117647059,-26.32124,0.0,-0.0473953903525736,28.0
402.0,13.3,-27.0,716.6,0.0,0.0,0.0,15.0,20.0,19.0,18.0,19.0,18.0,18.0,18.0,18.0,-19.3482,18.0,26.0,1019.49,3670164.0,0.0,0.0,4.97638888888889,3.98111111111111,3.73229166666667,18.0,1573.1,1545.7,1176.0,1118.5,0.0,2110.0,0.0,0.0,715.0,2425.0,3.72,9.0,3.72,40.0,0.0,1019.49,0.0,50.0,20.0,20.0,17.0,61.0,22.0,19.5,19.5,22.0,22.0,15.5,15.5,25.0,3.44,87.0,20.0,13.788,720.1,31.44,13.972,25.0,5.4,3.0,0.0,0.0,0.0,14.0,63.0,0.0,20.0,1.0,0.0,825.6,0.0,0.0,0.6,9.0,0.0,29.0,0.0,20.0,20.0,350.0,825.6,-50.0,0.0,0.0,0.0,0.0,400.0,0.0,0.0,0.0,0.0,0.0,0.0,49.0,716.7,4.442,7.2752975,13.740762,32.171875,23.4357317220206,0.0,2.59634748002778,2.59634748002778,-1.29210986034877,-77.3928,-26.29922,0.0,-0.0795606615510274,28.0
403.0,13.3,-27.0,716.6,0.0,0.0,0.0,15.0,20.0,19.0,18.0,19.0,18.0,18.0,18.0,18.0,-19.3482,18.0,26.0,1019.49,3670164.0,0.0,0.0,4.97638888888889,3.98111111111111,3.73229166666667,18.0,1573.1,1545.7,1176.0,1118.5,0.0,2110.0,0.0,0.0,715.0,2425.0,3.72,9.0,3.72,40.0,0.0,1019.49,0.0,50.0,20.0,20.0,17.0,61.0,22.0,19.5,19.5,22.0,22.0,15.5,15.5,25.0,3.43000000000001,87.0,20.0,13.788,719.6,31.46,13.975,25.0,-2.3,3.0,0.0,0.0,0.0,14.0,63.0,0.0,20.0,1.0,0.0,825.6,0.0,0.0,0.6,9.0,0.0,29.0,0.0,20.0,20.0,350.0,825.6,-50.0,0.0,0.0,0.0,0.0,400.0,0.0,0.0,0.0,0.0,0.0,0.0,49.0,716.7,4.442,7.61709,13.740762,20.0,23.4357317220206,0.0,2.59634748002778,2.59634748002778,-1.29210986034877,-77.3928,-26.29922,0.0,-0.0795606615510274,28.02999999999999
404.0,13.3,-22.4,716.2,0.0,0.0,0.0,15.0,20.0,19.0,18.0,19.0,18.0,18.0,18.0,18.0,-16.04288,18.0,26.0,1019.49055555556,3670166.0,0.0,0.0,4.97361111111111,3.97888888888889,3.73020833333333,18.0,1573.1,1545.7,1176.0,1118.5,0.0,1394.0,0.0,0.0,714.0,2425.0,3.72,9.0,3.72,40.0,0.0,1019.49055555556,0.0,50.0,20.0,20.0,17.0,61.0,22.0,19.5,19.5,22.0,22.0,15.5,15.5,16.0,3.43000000000001,87.0,20.0,13.788,719.6,31.46,13.975,25.0,-2.3,3.0,0.0,0.0,0.0,14.0,63.0,0.0,20.0,1.0,0.0,825.6,0.0,0.0,0.6,9.0,0.0,29.0,0.0,20.0,20.0,350.0,825.6,-50.0,0.0,0.0,0.0,0.0,400.0,0.0,0.0,0.0,0.0,0.0,0.0,49.0,715.9,4.442,7.61709,13.740762,20.0,23.3985222881078,0.0,2.60526232358333,2.60526232358333,-0.997327163202617,-100.268,-19.3374,0.0,-0.107861275813651,28.02999999999999
405.0,13.3,-22.4,716.2,0.0,0.0,0.0,15.0,20.0,19.0,18.0,19.0,18.0,18.0,18.0,18.0,-16.04288,18.0,26.0,1019.49055555556,3670166.0,0.0,0.0,4.97361111111111,3.97888888888889,3.73020833333333,18.0,1573.1,1545.7,1176.0,1118.5,0.0,1394.0,0.0,0.0,714.0,2425.0,3.72,9.0,3.72,40.0,0.0,1019.49055555556,0.0,50.0,20.0,20.0,17.0,61.0,22.0,19.5,19.5,22.0,22.0,15.5,15.5,16.0,3.40000000000003,87.0,20.0,13.788,719.5,31.72,13.971,25.0,2.7,3.0,0.0,0.0,0.0,14.0,63.0,0.0,20.0,1.0,0.0,825.6,0.0,0.0,0.6,9.0,0.0,29.0,0.0,20.0,20.0,350.0,825.6,-50.0,0.0,0.0,0.0,0.0,400.0,0.0,0.0,0.0,0.0,0.0,0.0,49.0,715.9,4.442,0.0,13.740762,13.28125,23.3985222881078,0.0,2.60526232358333,2.60526232358333,-0.997327163202617,-100.268,-19.3374,0.0,-0.107861275813651,28.31999999999997
406.0,13.3,-6.0,714.7,0.0,0.0,0.0,15.0,20.0,19.0,18.0,19.0,18.0,18.0,18.0,18.0,-4.2882,18.0,26.0,1019.49111111111,3670168.0,0.0,0.0,4.96319444444444,3.97055555555556,3.72239583333333,18.0,1573.1,1545.7,1176.0,1118.5,0.0,622.0,0.0,0.0,713.0,2425.0,3.72,9.0,3.72,40.0,0.0,1019.49111111111,0.0,50.0,20.0,20.0,17.0,61.0,22.0,19.5,19.5,22.0,22.0,15.5,15.5,6.0,3.40000000000003,87.0,20.0,13.788,719.5,31.72,13.971,25.0,2.7,3.0,0.0,0.0,0.0,14.0,63.0,0.0,20.0,1.0,0.0,825.6,0.0,0.0,0.6,9.0,0.0,29.0,0.0,20.0,20.0,350.0,825.6,-50.0,0.0,0.0,0.0,0.0,400.0,0.0,0.0,0.0,0.0,0.0,0.0,49.0,715.2,4.443,0.0,13.740762,13.28125,23.3141885593315,0.0,2.60851629458333,2.60851629458333,-1.399188470687,-71.47,-16.00928,0.0,-0.128876852608847,28.31999999999997
407.0,13.3,-6.0,714.7,0.0,0.0,0.0,15.0,20.0,19.0,18.0,19.0,18.0,18.0,18.0,18.0,-4.2882,18.0,26.0,1019.49111111111,3670168.0,0.0,0.0,4.96319444444444,3.97055555555556,3.72239583333333,18.0,1573.1,1545.7,1176.0,1118.5,0.0,622.0,0.0,0.0,713.0,2425.0,3.72,9.0,3.72,40.0,0.0,1019.49111111111,0.0,50.0,20.0,20.0,17.0,61.0,22.0,19.5,19.5,22.0,22.0,15.5,15.5,6.0,3.38,87.0,20.0,13.788,717.6,31.71,13.969,25.0,0.9,3.0,0.0,0.0,0.0,14.0,63.0,0.0,20.0,1.0,0.0,825.6,0.0,0.0,0.6,9.0,0.0,29.0,0.0,20.0,20.0,350.0,825.6,-50.0,0.0,0.0,0.0,0.0,400.0,0.0,0.0,0.0,0.0,0.0,0.0,49.0,715.2,4.443,0.0,13.740762,5.0625,23.3141885593315,0.0,2.60851629458333,2.60851629458333,-1.399188470687,-71.47,-16.00928,0.0,-0.128876852608847,28.330000000000002
408.0,13.3,0.0,714.0,0.0,0.0,0.0,15.0,20.0,19.0,18.0,19.0,18.0,18.0,18.0,18.0,0.0,18.0,26.0,1019.49166666667,3670170.0,0.0,0.0,4.95833333333333,3.96666666666667,3.71875,18.0,1573.1,1545.7,1176.0,1118.5,0.0,161.0,0.0,0.0,712.0,2425.0,3.72,24.0,3.7,77.0,0.0,1019.49166666667,0.0,50.0,20.0,20.0,17.0,61.0,22.0,19.5,19.5,22.0,22.0,15.5,15.5,1.0,3.38,87.0,20.0,13.788,717.6,31.71,13.969,25.0,0.9,3.0,0.0,0.0,0.0,14.0,63.0,0.0,20.0,1.0,0.0,825.6,0.0,0.0,0.6,9.0,0.0,29.0,0.0,20.0,20.0,350.0,825.6,-50.0,0.0,0.0,0.0,0.0,400.0,0.0,0.0,0.0,0.0,0.0,0.0,49.0,714.1,4.442,0.0,13.740762,5.0625,23.2016800049128,0.0,2.60908328066667,2.60908328066667,-1.399188470687,0.0,-4.284,0.0,-0.117107445652057,28.330000000000002
409.0,13.3,0.0,714.0,0.0,0.0,0.0,15.0,20.0,19.0,18.0,19.0,18.0,18.0,18.0,18.0,0.0,18.0,26.0,1019.49166666667,3670170.0,0.0,0.0,4.95833333333333,3.96666666666667,3.71875,18.0,1573.1,1545.7,1176.0,1118.5,0.0,161.0,0.0,0.0,712.0,2425.0,3.72,24.0,3.7,77.0,0.0,1019.49166666667,0.0,50.0,20.0,20.0,17.0,61.0,22.0,19.5,19.5,22.0,22.0,15.5,15.5,1.0,3.5,87.0,20.0,13.806,717.0,31.56,13.995,25.0,6.2,3.0,0.0,0.0,0.0,14.0,63.0,0.0,20.0,1.0,0.0,825.6,0.0,0.0,0.6,9.0,0.0,29.0,0.0,20.0,20.0,350.0,825.6,-50.0,0.0,0.0,0.0,0.0,400.0,0.0,0.0,0.0,0.0,0.0,0.0,49.0,714.1,4.442,6.44523,13.750528,1.125,23.2016800049128,0.0,2.60908328066667,2.60908328066667,-1.399188470687,0.0,-4.284,0.0,-0.117107445652057,28.06
410.0,13.3,0.7,713.8,0.0,0.0,0.0,15.0,20.0,19.0,18.0,19.0,18.0,18.0,18.0,18.0,0.49966,18.0,26.0,1019.49222222222,3670172.0,0.0,0.0,4.95694444444444,3.96555555555556,3.71770833333333,18.0,1573.1,1545.7,1176.0,1118.5,0.0,9.0,0.0,0.0,712.0,2425.0,3.72,19.0,3.7,78.0,0.0,1019.49222222222,0.0,50.0,20.0,20.0,17.0,61.0,22.0,19.5,19.5,22.0,22.0,15.5,15.5,0.0,3.5,87.0,20.0,13.806,717.0,31.56,13.995,25.0,6.2,3.0,0.0,0.0,0.0,14.0,63.0,0.0,20.0,1.0,0.0,825.6,0.0,0.0,0.6,9.0,0.0,29.0,0.0,20.0,20.0,350.0,825.6,-50.0,0.0,0.0,0.0,0.0,400.0,0.0,0.0,0.0,0.0,0.0,0.0,49.0,713.9,4.443,6.44523,13.750528,1.125,23.0887860471817,0.0,2.60908328066667,2.60908328066667,0.0,0.0,0.0,0.0,-0.0887494850277409,28.06
411.0,13.3,0.7,713.8,0.0,0.0,0.0,15.0,20.0,19.0,18.0,19.0,18.0,18.0,18.0,18.0,0.49966,18.0,26.0,1019.49222222222,3670172.0,0.0,0.0,4.95694444444444,3.96555555555556,3.71770833333333,18.0,1573.1,1545.7,1176.0,1118.5,0.0,9.0,0.0,0.0,712.0,2425.0,3.72,19.0,3.7,78.0,0.0,1019.49222222222,0.0,50.0,20.0,20.0,17.0,61.0,22.0,19.5,19.5,22.0,22.0,15.5,15.5,0.0,3.31,87.0,20.0,13.792,717.0,31.24,13.962,25.0,0.8,3.0,0.0,0.0,0.0,14.0,63.0,0.0,20.0,1.0,0.0,825.6,0.0,0.0,0.6,9.0,0.0,29.0,0.0,20.0,20.0,350.0,825.6,-50.0,0.0,0.0,0.0,0.0,400.0,0.0,0.0,0.0,0.0,0.0,0.0,49.0,713.9,4.443,0.0,13.760294,0.109375,23.0887860471817,0.0,2.60908328066667,2.60908328066667,0.0,0.0,0.0,0.0,-0.0887494850277409,27.93
412.0,13.3,0.7,713.8,0.0,0.0,0.0,15.0,20.0,19.0,18.0,19.0,18.0,18.0,18.0,18.0,0.49966,18.0,26.0,1019.49277777778,3670174.0,0.0,0.0,4.95694444444444,3.96555555555556,3.71770833333333,18.0,1573.1,1545.7,1176.0,1118.5,0.0,0.0,0.0,0.0,712.0,2431.0,3.72,9.0,3.7,77.0,0.0,1019.49277777778,0.0,50.0,20.0,20.0,17.0,61.0,22.0,19.5,19.5,22.0,22.0,15.5,15.5,0.0,3.31,87.0,20.0,13.792,717.0,31.24,13.962,25.0,0.8,3.0,0.0,0.0,0.0,14.0,63.0,0.0,20.0,1.0,0.0,825.6,0.0,0.0,0.6,9.0,0.0,29.0,0.0,20.0,20.0,350.0,825.6,-50.0,0.0,0.0,0.0,0.0,400.0,0.0,0.0,0.0,0.0,0.0,0.0,49.0,713.8,4.443,0.0,13.760294,0.109375,22.9769850187192,0.0,2.60908328066667,2.60908328066667,0.0,0.0,0.49966,0.0,-0.0569897625615591,27.93
413.0,13.3,0.7,713.8,0.0,0.0,0.0,15.0,20.0,19.0,18.0,19.0,18.0,18.0,18.0,18.0,0.49966,18.0,26.0,1019.49277777778,3670174.0,0.0,0.0,4.95694444444444,3.96555555555556,3.71770833333333,18.0,1573.1,1545.7,1176.0,1118.5,0.0,0.0,0.0,0.0,712.0,2431.0,3.72,9.0,3.7,77.0,0.0,1019.49277777778,0.0,50.0,20.0,20.0,17.0,61.0,22.0,19.5,19.5,22.0,22.0,15.5,15.5,0.0,3.42000000000002,87.0,20.0,13.807,717.1,31.25,13.985,25.0,-0.3,3.0,0.0,0.0,0.0,14.0,63.0,0.0,20.0,1.0,0.0,825.6,0.0,0.0,0.6,9.0,0.0,29.0,0.0,20.0,20.0,350.0,825.6,-50.0,0.0,0.0,0.0,0.0,400.0,0.0,0.0,0.0,0.0,0.0,0.0,49.0,713.8,4.443,0.0,13.7593174,0.0625,22.9769850187192,0.0,2.60908328066667,2.60908328066667,0.0,,0.49966,0.0,-0.0569897625615591,27.82999999999998
414.0,13.3,0.7,713.8,0.0,0.0,0.0,15.0,20.0,19.0,18.0,19.0,18.0,18.0,18.0,18.0,0.49966,18.0,26.0,1019.49333333333,3670176.0,0.0,0.0,4.95694444444444,3.96555555555556,3.71770833333333,18.0,1573.1,1545.7,1176.0,1118.5,0.0,0.0,0.0,0.0,712.0,2431.0,3.72,34.0,3.7,77.0,0.0,1019.49333333333,0.0,50.0,20.0,20.0,17.0,61.0,22.0,19.5,19.5,22.0,22.0,15.5,15.5,0.0,3.42000000000002,87.0,20.0,13.807,717.1,31.25,13.985,25.0,-0.3,3.0,0.0,0.0,0.0,14.0,63.0,0.0,20.0,1.0,0.0,825.6,0.0,0.0,0.6,9.0,0.0,29.0,0.0,20.0,20.0,350.0,825.6,-50.0,0.0,0.0,0.0,0.0,400.0,0.0,0.0,0.0,0.0,0.0,0.0,49.0,713.8,4.443,0.0,13.7593174,0.0625,22.8629024051881,0.0,2.60908328066667,2.60908328066667,0.0,,0.49966,0.0,-0.0211389650185217,27.82999999999998
415.0,13.3,0.7,713.8,0.0,0.0,0.0,15.0,20.0,19.0,18.0,19.0,18.0,18.0,18.0,18.0,0.49966,18.0,26.0,1019.49333333333,3670176.0,0.0,0.0,4.95694444444444,3.96555555555556,3.71770833333333,18.0,1573.1,1545.7,1176.0,1118.5,0.0,0.0,0.0,0.0,712.0,2431.0,3.72,34.0,3.7,77.0,0.0,1019.49333333333,0.0,50.0,20.0,20.0,17.0,61.0,22.0,19.5,19.5,22.0,22.0,15.5,15.5,0.0,3.45999999999998,87.0,20.0,13.808,716.7,31.36,13.986,25.0,-0.1,3.0,0.0,0.0,0.0,14.0,63.0,0.0,20.0,1.0,0.0,825.6,0.0,0.0,0.6,9.0,0.0,29.0,0.0,20.0,20.0,350.0,825.6,-50.0,0.0,0.0,0.0,0.0,400.0,0.0,0.0,0.0,0.0,0.0,0.0,49.0,713.8,4.443,0.0,13.7422269,0.0,22.8629024051881,0.0,2.60908328066667,2.60908328066667,0.0,,0.49966,0.0,-0.0211389650185217,27.90000000000002
416.0,13.3,0.7,713.7,0.0,0.0,0.0,15.0,20.0,19.0,18.0,19.0,18.0,18.0,18.0,18.0,0.49959,18.0,26.0,1019.49388888889,3670178.0,0.0,0.0,4.95625,3.965,3.7171875,18.0,1573.1,1545.7,1176.0,1118.5,0.0,0.0,0.0,0.0,712.0,2431.0,3.72,9.0,3.7,77.0,0.0,1019.49388888889,0.0,50.0,20.0,20.0,17.0,61.0,22.0,19.5,19.5,22.0,22.0,15.5,15.5,0.0,3.45999999999998,87.0,20.0,13.808,716.7,31.36,13.986,25.0,-0.1,3.0,0.0,0.0,0.0,14.0,63.0,0.0,20.0,1.0,0.0,825.6,0.0,0.0,0.6,9.0,0.0,29.0,0.0,20.0,20.0,350.0,825.6,-50.0,0.0,0.0,0.0,0.0,400.0,0.0,0.0,0.0,0.0,0.0,0.0,49.0,713.7,4.443,0.0,13.7422269,0.0,22.7532404540501,0.0,2.60908328066667,2.60908328066667,0.0,,0.49959,0.0,-0.0035501479865526,27.90000000000002
417.0,13.3,0.7,713.7,0.0,0.0,0.0,15.0,20.0,19.0,18.0,19.0,18.0,18.0,18.0,18.0,0.49959,18.0,26.0,1019.49388888889,3670178.0,0.0,0.0,4.95625,3.965,3.7171875,18.0,1573.1,1545.7,1176.0,1118.5,0.0,0.0,0.0,0.0,712.0,2431.0,3.72,9.0,3.7,77.0,0.0,1019.49388888889,0.0,50.0,20.0,20.0,17.0,61.0,22.0,19.5,19.5,22.0,22.0,15.5,15.5,0.0,3.53000000000003,87.0,20.0,13.803,716.6,31.04,13.983,25.0,0.0,3.0,0.0,0.0,0.0,14.0,63.0,0.0,20.0,1.0,0.0,825.6,0.0,0.0,0.6,9.0,0.0,29.0,0.0,20.0,20.0,350.0,825.6,-50.0,0.0,0.0,0.0,0.0,400.0,0.0,0.0,0.0,0.0,0.0,0.0,49.0,713.7,4.443,0.0,13.7705483,0.0,22.7532404540501,0.0,2.60908328066667,2.60908328066667,0.0,,0.49959,0.0,-0.0035501479865526,27.50999999999997
418.0,13.3,0.7,713.7,0.0,0.0,0.0,15.0,20.0,19.0,18.0,19.0,18.0,18.0,18.0,18.0,0.49959,18.0,26.0,1019.49444444444,3670180.0,0.0,0.0,4.95625,3.965,3.7171875,18.0,1573.1,1545.7,1176.0,1118.5,0.0,0.0,0.0,0.0,712.0,2431.0,3.7,22.0,3.7,77.0,0.0,1019.49444444444,0.0,50.0,20.0,20.0,17.0,61.0,22.0,19.5,19.5,22.0,22.0,15.5,15.5,0.0,3.53000000000003,87.0,20.0,13.803,716.6,31.04,13.983,25.0,0.0,3.0,0.0,0.0,0.0,14.0,63.0,0.0,20.0,1.0,0.0,825.6,0.0,0.0,0.6,9.0,0.0,29.0,0.0,20.0,20.0,350.0,825.6,-50.0,0.0,0.0,0.0,0.0,400.0,0.0,0.0,0.0,0.0,0.0,0.0,49.0,713.7,4.443,0.0,13.7705483,0.0,22.6462727083869,0.0,2.60908328066667,2.60908328066667,0.0,,0.49959,0.0,0.0,27.50999999999997
419.0,13.3,0.7,713.7,0.0,0.0,0.0,15.0,20.0,19.0,18.0,19.0,18.0,18.0,18.0,18.0,0.49959,18.0,26.0,1019.49444444444,3670180.0,0.0,0.0,4.95625,3.965,3.7171875,18.0,1573.1,1545.7,1176.0,1118.5,0.0,0.0,0.0,0.0,712.0,2431.0,3.7,22.0,3.7,77.0,0.0,1019.49444444444,0.0,50.0,20.0,20.0,17.0,61.0,22.0,19.5,19.5,22.0,22.0,15.5,15.5,0.0,3.17000000000002,87.0,20.0,13.79,716.7,31.79,13.968,25.0,0.0,3.0,0.0,0.0,0.0,14.0,63.0,0.0,20.0,1.0,0.0,825.6,0.0,0.0,0.6,9.0,0.0,29.0,0.0,20.0,20.0,350.0,825.6,-50.0,0.0,0.0,0.0,0.0,400.0,0.0,0.0,0.0,0.0,0.0,0.0,49.0,713.7,4.443,0.0,13.7695717,0.0,22.6462727083869,0.0,2.60908328066667,2.60908328066667,0.0,,0.49959,0.0,0.0,28.61999999999998
420.0,13.3,0.7,713.7,0.0,0.0,0.0,15.0,20.0,19.0,18.0,19.0,18.0,18.0,18.0,18.0,0.49959,18.0,26.0,1019.495,3670182.0,0.0,0.0,4.95625,3.965,3.7171875,18.0,1573.1,1545.7,1176.0,1118.5,0.0,0.0,0.0,0.0,712.0,2428.0,3.7,9.0,3.7,49.0,0.0,1019.495,0.0,50.0,20.0,20.0,17.0,61.0,22.0,19.5,19.5,22.0,22.0,15.5,15.5,0.0,3.17000000000002,87.0,20.0,13.79,716.7,31.79,13.968,25.0,0.0,3.0,0.0,0.0,0.0,14.0,63.0,0.0,20.0,1.0,0.0,825.6,0.0,0.0,0.6,9.0,0.0,29.0,0.0,20.0,20.0,350.0,825.6,-50.0,0.0,0.0,0.0,0.0,400.0,0.0,0.0,0.0,0.0,0.0,0.0,49.0,713.7,4.443,0.0,13.7695717,0.0,22.5368447351976,0.0,2.60908328066667,2.60908328066667,0.0,,0.49959,0.0,0.0,28.61999999999998
421.0,13.3,0.7,713.7,0.0,0.0,0.0,15.0,20.0,19.0,18.0,19.0,18.0,18.0,18.0,18.0,0.49959,18.0,26.0,1019.495,3670182.0,0.0,0.0,4.95625,3.965,3.7171875,18.0,1573.1,1545.7,1176.0,1118.5,0.0,0.0,0.0,0.0,712.0,2428.0,3.7,9.0,3.7,49.0,0.0,1019.495,0.0,50.0,20.0,20.0,17.0,61.0,22.0,19.5,19.5,22.0,22.0,15.5,15.5,0.0,3.06999999999999,87.0,20.0,13.796,716.7,31.29,13.97,25.0,0.0,3.0,0.0,0.0,0.0,14.0,63.0,0.0,20.0,1.0,0.0,825.6,0.0,0.0,0.6,9.0,0.0,29.0,0.0,20.0,20.0,350.0,825.6,-50.0,0.0,0.0,0.0,0.0,400.0,0.0,0.0,0.0,0.0,0.0,0.0,49.0,713.7,4.443,0.0,13.760294,0.0,22.5368447351976,0.0,2.60908328066667,2.60908328066667,0.0,,0.49959,0.0,0.0,28.22000000000001
422.0,13.3,0.7,713.7,0.0,0.0,0.0,15.0,20.0,19.0,18.0,19.0,18.0,18.0,18.0,18.0,0.49959,18.0,26.0,1019.49527777778,3670183.0,0.0,0.0,4.95625,3.965,3.7171875,18.0,1573.1,1545.7,1176.0,1118.5,0.0,0.0,0.0,0.0,712.0,2428.0,3.7,9.0,3.7,77.0,0.0,1019.49527777778,0.0,50.0,20.0,20.0,17.0,61.0,21.5,19.5,19.5,21.5,22.0,15.5,15.5,0.0,3.06999999999999,87.0,20.0,13.796,716.7,31.29,13.97,25.0,0.0,3.0,0.0,0.0,0.0,14.0,63.0,0.0,20.0,1.0,0.0,825.6,0.0,0.0,0.6,9.0,0.0,29.0,0.0,20.0,20.0,350.0,825.6,-50.0,0.0,0.0,0.0,0.0,400.0,0.0,0.0,0.0,0.0,0.0,0.0,49.0,713.7,4.443,0.0,13.760294,0.0,22.4305040391245,0.0,2.60908328066667,2.60908328066667,0.0,,0.49959,0.0,0.0,28.22000000000001
423.0,13.3,0.7,713.7,0.0,0.0,0.0,15.0,20.0,19.0,18.0,19.0,18.0,18.0,18.0,18.0,0.49959,18.0,26.0,1019.49527777778,3670183.0,0.0,0.0,4.95625,3.965,3.7171875,18.0,1573.1,1545.7,1176.0,1118.5,0.0,0.0,0.0,0.0,712.0,2428.0,3.7,9.0,3.7,77.0,0.0,1019.49527777778,0.0,50.0,20.0,20.0,17.0,61.0,21.5,19.5,19.5,21.5,22.0,15.5,15.5,0.0,3.31,87.0,20.0,13.809,716.7,30.92,13.968,26.0,0.0,3.0,0.0,0.0,0.0,14.0,63.0,0.0,20.0,1.0,0.0,825.6,0.0,0.0,0.6,9.0,0.0,29.0,0.0,20.0,20.0,350.0,825.6,-50.0,0.0,0.0,0.0,0.0,400.0,0.0,0.0,0.0,0.0,0.0,0.0,49.0,713.7,4.443,0.0,13.7417386,0.0,22.4305040391245,0.0,2.60908328066667,2.60908328066667,0.0,,0.49959,0.0,0.0,27.610000000000003
424.0,13.3,0.7,713.7,0.0,0.0,0.0,15.0,20.0,19.0,18.0,19.0,18.0,18.0,18.0,18.0,0.49959,18.0,26.0,1019.49611111111,3670186.0,0.0,0.0,4.95625,3.965,3.7171875,18.0,1573.1,1545.7,1176.0,1118.5,0.0,0.0,0.0,0.0,712.0,2428.0,3.7,9.0,3.7,78.0,0.0,1019.49611111111,0.0,50.0,20.0,20.0,17.0,61.0,21.5,19.5,19.5,21.5,22.0,15.5,15.5,0.0,3.31,87.0,20.0,13.809,716.7,30.92,13.968,26.0,0.0,3.0,0.0,0.0,0.0,14.0,63.0,0.0,20.0,1.0,0.0,825.6,0.0,0.0,0.6,9.0,0.0,29.0,0.0,20.0,20.0,350.0,825.6,-50.0,0.0,0.0,0.0,0.0,400.0,0.0,0.0,0.0,0.0,0.0,0.0,49.0,713.7,4.443,0.0,13.7417386,0.0,22.3233024342929,0.0,2.60908328066667,2.60908328066667,0.0,,0.49959,0.0,0.0,27.610000000000003
425.0,13.3,0.7,713.7,0.0,0.0,0.0,15.0,20.0,19.0,18.0,19.0,18.0,18.0,18.0,18.0,0.49959,18.0,26.0,1019.49611111111,3670186.0,0.0,0.0,4.95625,3.965,3.7171875,18.0,1573.1,1545.7,1176.0,1118.5,0.0,0.0,0.0,0.0,712.0,2428.0,3.7,9.0,3.7,78.0,0.0,1019.49611111111,0.0,50.0,20.0,20.0,17.0,61.0,21.5,19.5,19.5,21.5,22.0,15.5,15.5,0.0,3.38,87.0,20.0,13.808,717.0,31.29,13.997,26.0,0.0,3.0,0.0,0.0,0.0,14.0,63.0,0.0,20.0,1.0,0.0,825.6,0.0,0.0,0.6,9.0,0.0,29.0,0.0,20.0,20.0,350.0,825.6,-50.0,0.0,0.0,0.0,0.0,400.0,0.0,0.0,0.0,0.0,0.0,0.0,49.0,713.7,4.443,0.0,13.7593174,0.0,22.3233024342929,0.0,2.60908328066667,2.60908328066667,0.0,,0.49959,0.0,0.0,27.91
426.0,13.3,0.7,713.6,0.0,0.0,0.0,15.0,20.0,19.0,18.0,19.0,18.0,18.0,18.0,18.0,0.49952,18.0,26.0,1019.49666666667,3670188.0,0.0,0.0,4.95555555555556,3.96444444444444,3.71666666666667,18.0,1573.1,1545.7,1176.0,1118.5,0.0,0.0,0.0,0.0,712.0,2428.0,3.7,9.0,3.7,78.0,0.0,1019.49666666667,0.0,50.0,20.0,20.0,17.0,61.0,21.5,19.5,19.5,21.5,22.0,15.5,15.5,0.0,3.38,87.0,20.0,13.808,717.0,31.29,13.997,26.0,0.0,3.0,0.0,0.0,0.0,14.0,63.0,0.0,20.0,1.0,0.0,825.6,0.0,0.0,0.6,9.0,0.0,29.0,0.0,20.0,20.0,350.0,825.6,-50.0,0.0,0.0,0.0,0.0,400.0,0.0,0.0,0.0,0.0,0.0,0.0,49.0,713.7,4.443,0.0,13.7593174,0.0,22.2157356186545,0.0,2.60908328066667,2.60908328066667,0.0,,0.49952,0.0,0.0,27.91
427.0,13.3,0.7,713.6,0.0,0.0,0.0,15.0,20.0,19.0,18.0,19.0,18.0,18.0,18.0,18.0,0.49952,18.0,26.0,1019.49666666667,3670188.0,0.0,0.0,4.95555555555556,3.96444444444444,3.71666666666667,18.0,1573.1,1545.7,1176.0,1118.5,0.0,0.0,0.0,0.0,712.0,2428.0,3.7,9.0,3.7,78.0,0.0,1019.49666666667,0.0,50.0,20.0,20.0,17.0,61.0,21.5,19.5,19.5,21.5,22.0,15.5,15.5,0.0,3.19,87.0,20.0,13.79,716.7,31.08,13.993,26.0,-0.1,3.0,0.0,0.0,0.0,14.0,63.0,0.0,20.0,1.0,0.0,825.6,0.0,0.0,0.6,9.0,0.0,29.0,0.0,20.0,20.0,350.0,825.6,-50.0,0.0,0.0,0.0,0.0,400.0,0.0,0.0,0.0,0.0,0.0,0.0,49.0,713.7,4.443,0.0,13.7705483,0.0,22.2157356186545,0.0,2.60908328066667,2.60908328066667,0.0,,0.49952,0.0,0.0,27.889999999999997
428.0,13.3,0.7,713.7,0.0,0.0,0.0,15.0,20.0,19.0,18.0,19.0,18.0,18.0,18.0,18.0,0.49959,18.0,26.0,1019.49722222222,3670190.0,0.0,0.0,4.95625,3.965,3.7171875,18.0,1573.1,1545.7,1176.0,1118.5,0.0,0.0,0.0,0.0,712.0,2428.0,3.7,9.0,3.7,77.0,0.0,1019.49722222222,0.0,50.0,20.0,20.0,17.0,61.0,21.5,19.5,19.5,21.5,22.0,15.5,15.5,0.0,3.19,87.0,20.0,13.79,716.7,31.08,13.993,26.0,-0.1,3.0,0.0,0.0,0.0,14.0,63.0,0.0,20.0,1.0,0.0,825.6,0.0,0.0,0.6,9.0,0.0,29.0,0.0,20.0,20.0,350.0,825.6,-50.0,0.0,0.0,0.0,0.0,400.0,0.0,0.0,0.0,0.0,0.0,0.0,49.0,713.7,4.442,0.0,13.7705483,0.0,22.1137247757415,0.0,2.60908328066667,2.60908328066667,0.0,,0.49959,0.0,0.0,27.889999999999997
429.0,13.3,0.7,713.7,0.0,0.0,0.0,15.0,20.0,19.0,18.0,19.0,18.0,18.0,18.0,18.0,0.49959,18.0,26.0,1019.49722222222,3670190.0,0.0,0.0,4.95625,3.965,3.7171875,18.0,1573.1,1545.7,1176.0,1118.5,0.0,0.0,0.0,0.0,712.0,2428.0,3.7,9.0,3.7,77.0,0.0,1019.49722222222,0.0,50.0,20.0,20.0,17.0,61.0,21.5,19.5,19.5,21.5,22.0,15.5,15.5,0.0,3.01999999999998,87.0,20.0,13.791,716.7,30.92,13.958,26.0,0.0,3.0,0.0,0.0,0.0,14.0,63.0,0.0,20.0,1.0,0.0,825.6,0.0,0.0,0.6,9.0,0.0,29.0,0.0,20.0,20.0,350.0,825.6,-50.0,0.0,0.0,0.0,0.0,400.0,0.0,0.0,0.0,0.0,0.0,0.0,49.0,713.7,4.442,0.0,13.7612706,0.0,22.1137247757415,0.0,2.60908328066667,2.60908328066667,0.0,,0.49959,0.0,0.0,27.90000000000002
430.0,13.3,0.7,713.7,0.0,0.0,0.0,15.0,20.0,19.0,18.0,19.0,18.0,18.0,18.0,18.0,0.49959,18.0,26.0,1019.4975,3670191.0,0.0,0.0,4.95625,3.965,3.7171875,18.0,1573.1,1545.7,1176.0,1118.5,0.0,0.0,0.0,0.0,712.0,2424.0,3.7,9.0,3.7,77.0,0.0,1019.4975,0.0,50.0,20.0,20.0,17.0,61.0,21.5,19.0,19.5,21.5,22.0,15.5,15.5,0.0,3.01999999999998,87.0,20.0,13.791,716.7,30.92,13.958,26.0,0.0,3.0,0.0,0.0,0.0,14.0,63.0,0.0,20.0,1.0,0.0,825.6,0.0,0.0,0.6,9.0,0.0,29.0,0.0,20.0,20.0,350.0,825.6,-50.0,0.0,0.0,0.0,0.0,400.0,0.0,0.0,0.0,0.0,0.0,0.0,49.0,713.7,4.443,0.0,13.7612706,0.0,22.0125709629119,0.0,2.60908328066667,2.60908328066667,0.0,,0.49959,0.0,0.0,27.90000000000002
431.0,13.3,0.7,713.7,0.0,0.0,0.0,15.0,20.0,19.0,18.0,19.0,18.0,18.0,18.0,18.0,0.49959,18.0,26.0,1019.4975,3670191.0,0.0,0.0,4.95625,3.965,3.7171875,18.0,1573.1,1545.7,1176.0,1118.5,0.0,0.0,0.0,0.0,712.0,2424.0,3.7,9.0,3.7,77.0,0.0,1019.4975,0.0,50.0,20.0,20.0,17.0,61.0,21.5,19.0,19.5,21.5,22.0,15.5,15.5,0.0,3.0,87.0,20.0,13.792,716.7,30.59,13.978,26.0,0.0,3.0,0.0,0.0,0.0,14.0,63.0,0.0,20.0,1.0,0.0,825.6,0.0,0.0,0.6,9.0,0.0,29.0,0.0,20.0,20.0,350.0,825.6,-50.0,0.0,0.0,0.0,0.0,400.0,0.0,0.0,0.0,0.0,0.0,0.0,49.0,713.7,4.443,0.0,13.7705483,0.0,22.0125709629119,0.0,2.60908328066667,2.60908328066667,0.0,,0.49959,0.0,0.0,27.59
432.0,13.3,0.7,713.6,0.0,0.0,0.0,15.0,20.0,19.0,18.0,19.0,18.0,18.0,18.0,18.0,0.49952,18.0,26.0,1019.49805555556,3670193.0,0.0,0.0,4.95555555555556,3.96444444444444,3.71666666666667,18.0,1573.1,1545.7,1176.0,1118.5,0.0,10.0,0.0,0.0,712.0,2424.0,3.72,9.0,3.7,49.0,0.0,1019.49805555556,0.0,50.0,20.0,20.0,17.0,61.0,21.5,19.0,19.5,21.5,22.0,15.5,15.5,0.0,3.0,87.0,20.0,13.792,716.7,30.59,13.978,26.0,0.0,3.0,0.0,0.0,0.0,14.0,63.0,0.0,20.0,1.0,0.0,825.6,0.0,0.0,0.6,9.0,0.0,29.0,0.0,20.0,20.0,350.0,825.6,-50.0,0.0,0.0,0.0,0.0,400.0,0.0,0.0,0.0,0.0,0.0,0.0,49.0,713.6,4.443,0.0,13.7705483,0.0,21.9109073497643,0.0,2.60908328066667,2.60908328066667,0.0,,0.49952,0.0,0.0,27.59
433.0,13.3,0.7,713.6,0.0,0.0,0.0,15.0,20.0,19.0,18.0,19.0,18.0,18.0,18.0,18.0,0.49952,18.0,26.0,1019.49805555556,3670193.0,0.0,0.0,4.95555555555556,3.96444444444444,3.71666666666667,18.0,1573.1,1545.7,1176.0,1118.5,0.0,10.0,0.0,0.0,712.0,2424.0,3.72,9.0,3.7,49.0,0.0,1019.49805555556,0.0,50.0,20.0,20.0,17.0,61.0,21.5,19.0,19.5,21.5,22.0,15.5,15.5,0.0,3.44999999999999,87.0,20.0,13.809,716.7,26.35,13.988,26.0,-0.3,3.0,0.0,0.0,0.0,14.0,63.0,0.0,20.0,1.0,0.0,825.6,0.0,0.0,0.6,9.0,0.0,29.0,0.0,20.0,20.0,350.0,825.6,-50.0,0.0,0.0,0.0,0.0,400.0,0.0,0.0,0.0,0.0,0.0,0.0,49.0,713.6,4.443,67.57726,13.7793377,0.84375,21.9109073497643,0.0,2.60908328066667,2.60908328066667,0.0,,0.49952,0.0,0.0,22.900000000000013
434.0,13.3,17.2,712.1,0.0,0.0,0.0,15.0,20.0,19.0,18.0,19.0,18.0,18.0,18.0,18.0,12.24812,18.0,26.0,1019.49861111111,3670195.0,0.0,0.0,4.94513888888889,3.95611111111111,3.70885416666667,18.0,1573.1,1545.7,1176.0,1118.5,0.0,766.0,0.0,0.0,710.0,2424.0,3.7,24.0,3.7,77.0,0.0,1019.49861111111,0.0,50.0,20.0,20.0,17.0,61.0,21.5,19.0,19.5,21.5,22.0,15.5,15.5,11.0,3.44999999999999,87.0,20.0,13.809,716.7,26.35,13.988,26.0,-0.3,3.0,0.0,0.0,0.0,14.0,63.0,0.0,20.0,1.0,0.0,825.6,0.0,0.0,0.6,9.0,0.0,29.0,0.0,20.0,20.0,350.0,825.6,-50.0,0.0,0.0,0.0,0.0,400.0,0.0,0.0,0.0,0.0,0.0,0.0,49.0,712.7,4.443,67.57726,13.7793377,0.84375,21.8607388620972,0.0,2.61513376986111,2.61513376986111,0.898097014072364,111.346545454545,0.49847,0.0,0.0396304663834854,22.900000000000013
435.0,13.3,17.2,712.1,0.0,0.0,0.0,15.0,20.0,19.0,18.0,19.0,18.0,18.0,18.0,18.0,12.24812,18.0,26.0,1019.49861111111,3670195.0,0.0,0.0,4.94513888888889,3.95611111111111,3.70885416666667,18.0,1573.1,1545.7,1176.0,1118.5,0.0,766.0,0.0,0.0,710.0,2424.0,3.7,24.0,3.7,77.0,0.0,1019.49861111111,0.0,50.0,20.0,20.0,17.0,61.0,21.5,19.0,19.5,21.5,22.0,15.5,15.5,11.0,3.22000000000003,87.0,20.0,13.814,715.1,26.85,13.968,25.0,-3.2,3.0,0.0,0.0,0.0,14.0,63.0,0.0,20.0,1.0,0.0,825.6,0.0,0.0,0.6,9.0,0.0,29.0,0.0,20.0,20.0,350.0,825.6,-50.0,0.0,0.0,0.0,0.0,400.0,0.0,0.0,0.0,0.0,0.0,0.0,49.0,712.7,4.443,67.2354675,13.7705483,12.0,21.8607388620972,0.0,2.61513376986111,2.61513376986111,0.898097014072364,111.346545454545,0.49847,0.0,0.0396304663834854,23.62999999999997
436.0,13.4,35.9,709.9,0.0,0.0,0.0,15.0,20.0,19.0,18.0,19.0,18.0,18.0,18.0,18.0,25.48541,18.0,26.0,1019.49916666667,3670197.0,0.0,0.0,4.92986111111111,3.94388888888889,3.69739583333333,18.0,1573.1,1545.7,1176.0,1118.5,0.0,1692.0,0.0,0.0,708.0,2424.0,3.7,24.0,3.68,77.0,0.0,1019.49916666667,0.0,50.0,20.0,20.0,17.0,61.0,21.5,19.0,19.5,21.5,22.0,15.5,15.5,22.0,3.19999999999999,87.0,20.0,13.815,713.1,26.65,13.97,25.0,-3.2,3.0,0.0,0.0,0.0,14.0,63.0,0.0,20.0,1.0,0.0,825.6,0.0,0.0,0.6,9.0,0.0,29.0,0.0,20.0,20.0,350.0,825.6,-50.0,0.0,0.0,0.0,0.0,400.0,0.0,0.0,0.0,0.0,0.0,0.0,49.0,710.2,4.443,67.2354675,13.7705483,12.0,21.861366625988,0.0,2.62705113625,2.62705113625,0.86323900616078,115.842772727273,12.21028,0.0,0.079264262778007,23.45000000000001
437.0,13.4,35.9,709.9,0.0,0.0,0.0,15.0,20.0,19.0,18.0,19.0,18.0,18.0,18.0,18.0,25.48541,18.0,26.0,1019.49916666667,3670197.0,0.0,0.0,4.92986111111111,3.94388888888889,3.69739583333333,18.0,1573.1,1545.7,1176.0,1118.5,0.0,1692.0,0.0,0.0,708.0,2424.0,3.7,24.0,3.68,77.0,0.0,1019.49916666667,0.0,50.0,20.0,20.0,17.0,61.0,21.5,19.0,19.5,21.5,22.0,15.5,15.5,22.0,3.19999999999999,87.0,20.0,13.815,713.1,26.65,13.97,25.0,0.0,3.0,0.0,0.0,0.0,14.0,63.0,0.0,20.0,1.0,0.0,825.6,0.0,0.0,0.6,9.0,0.0,29.0,0.0,20.0,20.0,350.0,825.6,-50.0,0.0,0.0,0.0,0.0,400.0,0.0,0.0,0.0,0.0,0.0,0.0,49.0,710.2,4.443,55.46804,13.7705483,24.078125,21.861366625988,0.0,2.62705113625,2.62705113625,0.86323900616078,115.842772727273,12.21028,0.0,0.079264262778007,23.45000000000001
438.0,13.3,22.6,711.0,0.0,0.0,0.0,15.0,20.0,19.0,18.0,19.0,18.0,18.0,18.0,18.0,16.0686,18.0,26.0,1019.49972222222,3670199.0,0.0,0.0,4.9375,3.95,3.703125,18.0,1573.1,1545.7,1176.0,1118.5,0.0,2164.0,0.0,0.0,709.0,2423.0,3.7,9.0,3.7,64.0,0.0,1019.49972222222,0.0,50.0,20.0,20.0,17.0,61.0,21.5,19.0,19.5,21.5,22.0,15.5,15.5,28.0,3.19,87.0,20.0,13.814,713.9,26.53,13.967,25.0,0.0,3.0,0.0,0.0,0.0,14.0,63.0,0.0,20.0,1.0,0.0,825.6,0.0,0.0,0.6,9.0,0.0,29.0,0.0,20.0,20.0,350.0,825.6,-50.0,0.0,0.0,0.0,0.0,400.0,0.0,0.0,0.0,0.0,0.0,0.0,49.0,710.8,4.442,55.46804,13.7705483,24.078125,21.8889125915626,0.0,2.64221771269444,2.64221771269444,1.74252890730991,57.3878571428571,25.5249,0.0,0.100904795402075,23.34
439.0,13.3,22.6,711.0,0.0,0.0,0.0,15.0,20.0,19.0,18.0,19.0,18.0,18.0,18.0,18.0,16.0686,18.0,26.0,1019.49972222222,3670199.0,0.0,0.0,4.9375,3.95,3.703125,18.0,1573.1,1545.7,1176.0,1118.5,0.0,2164.0,0.0,0.0,709.0,2423.0,3.7,9.0,3.7,64.0,0.0,1019.49972222222,0.0,50.0,20.0,20.0,17.0,61.0,21.5,19.0,19.5,21.5,22.0,15.5,15.5,28.0,3.19,87.0,20.0,13.814,713.9,26.53,13.967,25.0,-3.1,3.0,0.0,0.0,0.0,14.0,63.0,0.0,20.0,1.0,0.0,825.6,0.0,0.0,0.6,9.0,0.0,29.0,0.0,20.0,20.0,350.0,825.6,-50.0,0.0,0.0,0.0,0.0,400.0,0.0,0.0,0.0,0.0,0.0,0.0,49.0,710.8,4.442,47.46033,13.7705483,29.75,21.8889125915626,0.0,2.64221771269444,2.64221771269444,1.74252890730991,57.3878571428571,25.5249,0.0,0.100904795402075,23.34
440.0,13.4,27.3,710.3,0.0,0.0,0.0,15.0,20.0,19.0,18.0,19.0,18.0,18.0,18.0,18.0,19.39119,18.0,26.0,1019.50027777778,3670201.0,0.0,0.0,4.93263888888889,3.94611111111111,3.69947916666667,18.0,1573.1,1545.7,1176.0,1118.5,0.0,2586.0,0.0,0.0,708.0,2423.0,3.7,9.0,3.68,77.0,0.0,1019.50027777778,0.0,50.0,19.5,19.5,17.0,61.0,21.5,19.0,19.5,21.5,22.0,15.5,15.5,33.0,3.04000000000002,87.0,20.0,13.798,713.3,26.62,13.944,25.0,-3.1,3.0,0.0,0.0,0.0,14.0,63.0,0.0,20.0,1.0,0.0,825.6,0.0,0.0,0.6,9.0,0.0,29.0,0.0,20.0,20.0,350.0,825.6,-50.0,0.0,0.0,0.0,0.0,400.0,0.0,0.0,0.0,0.0,0.0,0.0,49.0,710.5,4.443,47.46033,13.7705483,29.75,21.9408610958439,0.0,2.66092929661111,2.66092929661111,1.70180375727328,58.7611818181818,16.05278,0.0,0.118002178648265,23.57999999999998
441.0,13.4,27.3,710.3,0.0,0.0,0.0,15.0,20.0,19.0,18.0,19.0,18.0,18.0,18.0,18.0,19.39119,18.0,26.0,1019.50027777778,3670201.0,0.0,0.0,4.93263888888889,3.94611111111111,3.69947916666667,18.0,1573.1,1545.7,1176.0,1118.5,0.0,2586.0,0.0,0.0,708.0,2423.0,3.7,9.0,3.68,77.0,0.0,1019.50027777778,0.0,50.0,19.5,19.5,17.0,61.0,21.5,19.0,19.5,21.5,22.0,15.5,15.5,33.0,3.04000000000002,87.0,20.0,13.798,713.3,26.62,13.944,25.0,-17.8,3.0,0.0,0.0,0.0,14.0,63.0,0.0,20.0,1.0,0.0,825.6,0.0,0.0,0.6,9.0,0.0,29.0,0.0,20.0,20.0,350.0,825.6,-50.0,0.0,0.0,0.0,0.0,400.0,0.0,0.0,0.0,0.0,0.0,0.0,49.0,710.5,4.443,47.65564,13.760294,33.46875,21.9408610958439,0.0,2.66092929661111,2.66092929661111,1.70180375727328,58.7611818181818,16.05278,0.0,0.118002178648265,23.57999999999998
442.0,13.3,24.2,710.5,0.0,0.0,0.0,15.0,20.0,19.0,18.0,19.0,18.0,18.0,18.0,18.0,17.1941,18.0,26.0,1019.50083333333,3670203.0,0.0,0.0,4.93402777777778,3.94722222222222,3.70052083333333,18.0,1573.1,1545.7,1176.0,1118.5,0.0,2756.0,0.0,0.0,708.0,2423.0,3.7,20.0,3.68,64.0,0.0,1019.50083333333,0.0,50.0,19.5,19.5,17.0,61.0,21.5,19.0,19.5,21.5,22.0,15.5,15.5,35.0,3.37,87.0,20.0,13.814,715.1,26.74,13.975,25.0,-17.8,3.0,0.0,0.0,0.0,14.0,63.0,0.0,20.0,1.0,0.0,825.6,0.0,0.0,0.6,9.0,0.0,29.0,0.0,20.0,20.0,350.0,825.6,-50.0,0.0,0.0,0.0,0.0,400.0,0.0,0.0,0.0,0.0,0.0,0.0,49.0,710.2,4.442,47.65564,13.760294,33.46875,21.9988961994257,0.0,2.67987702688889,2.67987702688889,2.03558197288605,49.126,17.1941,0.0,0.0861587834557934,23.369999999999997
443.0,13.3,24.2,710.5,0.0,0.0,0.0,15.0,20.0,19.0,18.0,19.0,18.0,18.0,18.0,18.0,17.1941,18.0,26.0,1019.50083333333,3670203.0,0.0,0.0,4.93402777777778,3.94722222222222,3.70052083333333,18.0,1573.1,1545.7,1176.0,1118.5,0.0,2756.0,0.0,0.0,708.0,2423.0,3.7,20.0,3.68,64.0,0.0,1019.50083333333,0.0,50.0,19.5,19.5,17.0,61.0,21.5,19.0,19.5,21.5,22.0,15.5,15.5,35.0,3.37,87.0,20.0,13.814,715.1,26.74,13.975,25.0,-29.2,3.0,0.0,0.0,0.0,14.0,63.0,0.0,20.0,1.0,0.0,825.6,0.0,0.0,0.6,9.0,0.0,29.0,0.0,20.0,20.0,350.0,825.6,-50.0,0.0,0.0,0.0,0.0,400.0,0.0,0.0,0.0,0.0,0.0,0.0,49.0,710.2,4.442,35.839385,13.760294,32.0,21.9988961994257,0.0,2.67987702688889,2.67987702688889,2.03558197288605,49.126,17.1941,0.0,0.0861587834557934,23.369999999999997
444.0,13.3,1.5,712.7,0.0,0.0,0.0,15.0,20.0,19.0,18.0,19.0,18.0,18.0,18.0,18.0,1.06905,18.0,26.0,1019.50138888889,3670205.0,0.0,0.0,4.94930555555556,3.95944444444444,3.71197916666667,18.0,1573.1,1545.7,1176.0,1118.5,0.0,2746.0,0.0,0.0,711.0,2423.0,3.7,9.0,3.7,78.0,0.0,1019.50138888889,0.0,50.0,19.5,19.5,17.0,61.0,21.5,19.0,19.5,21.5,22.0,15.5,15.5,34.0,3.12,87.0,20.0,13.799,716.4,26.49,13.956,25.0,-29.2,3.0,0.0,0.0,0.0,14.0,63.0,0.0,20.0,1.0,0.0,825.6,0.0,0.0,0.6,9.0,0.0,29.0,0.0,20.0,20.0,350.0,825.6,-50.0,0.0,0.0,0.0,0.0,400.0,0.0,0.0,0.0,0.0,0.0,0.0,49.0,712.4,4.443,35.839385,13.760294,32.0,22.0520461333424,0.0,2.69830185827778,2.69830185827778,31.8039380758617,3.14426470588235,17.24734,0.0,0.0861587834557934,23.369999999999997
445.0,13.3,1.5,712.7,0.0,0.0,0.0,15.0,20.0,19.0,18.0,19.0,18.0,18.0,18.0,18.0,1.06905,18.0,26.0,1019.50138888889,3670205.0,0.0,0.0,4.94930555555556,3.95944444444444,3.71197916666667,18.0,1573.1,1545.7,1176.0,1118.5,0.0,2746.0,0.0,0.0,711.0,2423.0,3.7,9.0,3.7,78.0,0.0,1019.50138888889,0.0,50.0,19.5,19.5,17.0,61.0,21.5,19.0,19.5,21.5,22.0,15.5,15.5,34.0,3.12,87.0,20.0,13.799,716.4,26.49,13.956,25.0,11.0,3.0,0.0,0.0,0.0,14.0,63.0,0.0,20.0,1.0,0.0,825.6,0.0,0.0,0.6,9.0,0.0,29.0,0.0,20.0,20.0,350.0,825.6,-50.0,0.0,0.0,0.0,0.0,400.0,0.0,0.0,0.0,0.0,0.0,0.0,49.0,713.3,4.443,28.90588,13.7705483,32.0,22.0520461333424,0.0,2.69830185827778,2.69830185827778,31.8039380758617,3.14426470588235,17.24734,0.0,0.0861587834557934,23.369999999999997
446.0,13.3,-6.0,713.6,0.0,0.0,0.0,15.0,20.0,19.0,18.0,19.0,18.0,18.0,18.0,18.0,-4.2816,18.0,26.0,1019.50194444444,3670207.0,0.0,0.0,4.95555555555556,3.96444444444444,3.71666666666667,18.0,1573.1,1545.7,1176.0,1118.5,0.0,2645.0,0.0,0.0,712.0,2423.0,3.7,9.0,3.7,49.0,0.0,1019.50194444444,0.0,50.0,19.5,19.5,17.0,61.0,21.5,19.0,19.5,21.5,22.0,15.5,15.5,33.0,3.11000000000001,87.0,20.0,13.799,716.7,26.38,13.95,24.0,10.6,3.0,0.0,0.0,0.0,14.0,63.0,0.0,20.0,1.0,0.0,825.6,0.0,0.0,0.6,9.0,0.0,29.0,0.0,20.0,20.0,350.0,825.6,-50.0,0.0,0.0,0.0,0.0,400.0,0.0,0.0,0.0,0.0,0.0,0.0,49.0,713.3,4.443,28.90588,13.7705483,32.0,22.1002920578457,0.0,2.71617501119444,2.71617501119444,-7.70739910313901,-12.9745454545455,-4.2816,0.0,,23.26999999999999
447.0,13.3,-6.0,713.6,0.0,0.0,0.0,15.0,20.0,19.0,18.0,19.0,18.0,18.0,18.0,18.0,-4.2816,18.0,26.0,1019.50194444444,3670207.0,0.0,0.0,4.95555555555556,3.96444444444444,3.71666666666667,18.0,1573.1,1545.7,1176.0,1118.5,0.0,2645.0,0.0,0.0,712.0,2423.0,3.7,9.0,3.7,49.0,0.0,1019.50194444444,0.0,50.0,19.5,19.5,17.0,61.0,21.5,19.0,19.5,21.5,22.0,15.5,15.5,33.0,3.11000000000001,87.0,20.0,13.799,716.7,26.38,13.95,24.0,10.6,3.0,0.0,0.0,0.0,14.0,63.0,0.0,20.0,1.0,0.0,825.6,0.0,0.0,0.6,9.0,0.0,29.0,0.0,20.0,20.0,350.0,825.6,-50.0,0.0,0.0,0.0,0.0,400.0,0.0,0.0,0.0,0.0,0.0,0.0,49.0,714.0,4.443,26.56216,13.760294,33.078125,22.1002920578457,0.0,2.71617501119444,2.71617501119444,-7.70739910313901,-12.9745454545455,-4.2816,0.0,,23.26999999999999
448.0,13.3,-28.2,715.8,0.0,0.0,0.0,15.0,20.0,19.0,18.0,19.0,18.0,18.0,18.0,18.0,-20.18556,18.0,26.0,1019.5025,3670209.0,0.0,0.0,4.97083333333333,3.97666666666667,3.728125,18.0,1573.1,1545.7,1176.0,1118.5,0.0,2477.0,0.0,0.0,714.0,2418.0,3.72,9.0,3.72,49.0,0.0,1019.5025,0.0,50.0,19.5,19.5,17.0,61.0,21.5,19.0,19.5,21.5,22.0,15.5,15.5,30.0,3.26999999999998,87.0,20.0,13.789,719.9,31.55,13.972,24.0,-1.0,3.0,0.0,0.0,0.0,14.0,63.0,0.0,20.0,1.0,0.0,825.6,0.0,0.0,0.6,9.0,0.0,29.0,0.0,20.0,20.0,350.0,825.6,-50.0,0.0,0.0,0.0,0.0,400.0,0.0,0.0,0.0,0.0,0.0,0.0,49.0,714.0,4.443,26.56216,13.760294,33.078125,22.1349282326696,0.0,2.73241210452778,2.73241210452778,-1.48621093494557,-67.2852,-20.18556,0.0,-0.0108971784343778,28.280000000000022
449.0,13.3,-28.2,715.8,0.0,0.0,0.0,15.0,20.0,19.0,18.0,19.0,18.0,18.0,18.0,18.0,-20.18556,18.0,26.0,1019.5025,3670209.0,0.0,0.0,4.97083333333333,3.97666666666667,3.728125,18.0,1573.1,1545.7,1176.0,1118.5,0.0,2477.0,0.0,0.0,714.0,2418.0,3.72,9.0,3.72,49.0,0.0,1019.5025,0.0,50.0,19.5,19.5,17.0,61.0,21.5,19.0,19.5,21.5,22.0,15.5,15.5,30.0,3.26999999999998,87.0,20.0,13.789,719.9,31.55,13.972,24.0,-1.0,3.0,0.0,0.0,0.0,14.0,63.0,0.0,20.0,1.0,0.0,825.6,0.0,0.0,0.6,9.0,0.0,29.0,0.0,20.0,20.0,350.0,825.6,-50.0,0.0,0.0,0.0,0.0,400.0,0.0,0.0,0.0,0.0,0.0,0.0,49.0,716.7,4.443,1.3183425,13.750528,28.578125,22.1349282326696,0.0,2.73241210452778,2.73241210452778,-1.48621093494557,-67.2852,-20.18556,0.0,-0.0108971784343778,28.280000000000022
450.0,13.3,-29.4,716.5,0.0,0.0,0.0,15.0,20.0,19.0,18.0,19.0,18.0,18.0,18.0,18.0,-21.0651,18.0,26.0,1019.50305555556,3670211.0,0.0,0.0,4.97569444444444,3.98055555555556,3.73177083333333,18.0,1573.2,1545.7,1176.0,1118.5,0.0,1810.0,0.0,0.0,715.0,2418.0,3.72,33.0,3.72,77.0,0.0,1019.50305555556,0.0,50.0,19.0,19.0,17.0,61.0,21.5,19.0,19.5,21.5,22.0,15.5,15.5,21.0,2.94,87.0,20.0,13.777,719.4,31.37,13.971,25.0,-0.5,3.0,0.0,0.0,0.0,14.0,63.0,0.0,20.0,1.0,0.0,825.6,0.0,0.0,0.6,9.0,0.0,29.0,0.0,20.0,20.0,350.0,825.6,-50.0,0.0,0.0,0.0,0.0,400.0,0.0,0.0,0.0,0.0,0.0,0.0,49.0,716.7,4.443,1.3183425,13.750528,28.578125,22.1299663945205,0.0,2.74379515802778,2.74379515802778,-0.996909580301067,-100.31,-20.2053,0.0,-0.0508375714135339,28.43
451.0,13.3,-29.4,716.5,0.0,0.0,0.0,15.0,20.0,19.0,18.0,19.0,18.0,18.0,18.0,18.0,-21.0651,18.0,26.0,1019.50305555556,3670211.0,0.0,0.0,4.97569444444444,3.98055555555556,3.73177083333333,18.0,1573.2,1545.7,1176.0,1118.5,0.0,1810.0,0.0,0.0,715.0,2418.0,3.72,33.0,3.72,77.0,0.0,1019.50305555556,0.0,50.0,19.0,19.0,17.0,61.0,21.5,19.0,19.5,21.5,22.0,15.5,15.5,21.0,2.94,87.0,20.0,13.777,719.4,31.37,13.971,25.0,-0.5,3.0,0.0,0.0,0.0,14.0,63.0,0.0,20.0,1.0,0.0,825.6,0.0,0.0,0.6,9.0,0.0,29.0,0.0,20.0,20.0,350.0,825.6,-50.0,0.0,0.0,0.0,0.0,400.0,0.0,0.0,0.0,0.0,0.0,0.0,49.0,716.2,4.443,0.0,13.750528,16.0,22.1299663945205,0.0,2.74379515802778,2.74379515802778,-0.996909580301067,-100.31,-20.2053,0.0,-0.0508375714135339,28.43
452.0,13.3,-19.2,715.7,0.0,0.0,0.0,15.0,20.0,19.0,18.0,19.0,18.0,18.0,18.0,18.0,-13.74144,18.0,26.0,1019.50361111111,3670213.0,0.0,0.0,4.97013888888889,3.97611111111111,3.72760416666667,18.0,1573.2,1545.7,1176.0,1118.5,0.0,892.0,0.0,0.0,714.0,2418.0,3.72,9.0,3.72,77.0,0.0,1019.50361111111,0.0,50.0,18.5,18.5,17.0,61.0,21.5,19.0,19.5,21.5,22.0,15.5,15.5,9.0,3.04000000000002,87.0,20.0,13.788,718.1,31.71,13.965,25.0,-3.9,3.0,0.0,0.0,0.0,14.0,63.0,0.0,20.0,1.0,0.0,825.6,0.0,0.0,0.6,9.0,0.0,29.0,0.0,20.0,20.0,350.0,825.6,-50.0,0.0,0.0,0.0,0.0,400.0,0.0,0.0,0.0,0.0,0.0,0.0,49.0,716.2,4.443,0.0,13.750528,16.0,22.0728017581102,0.0,2.74867463952778,2.74867463952778,-0.654953192678496,-152.682666666667,-13.74144,0.0,-0.0907647545848434,28.66999999999998
453.0,13.3,-19.2,715.7,0.0,0.0,0.0,15.0,20.0,19.0,18.0,19.0,18.0,18.0,18.0,18.0,-13.74144,18.0,26.0,1019.50361111111,3670213.0,0.0,0.0,4.97013888888889,3.97611111111111,3.72760416666667,18.0,1573.2,1545.7,1176.0,1118.5,0.0,892.0,0.0,0.0,714.0,2418.0,3.72,9.0,3.72,77.0,0.0,1019.50361111111,0.0,50.0,18.5,18.5,17.0,61.0,21.5,19.0,19.5,21.5,22.0,15.5,15.5,9.0,3.04000000000002,87.0,20.0,13.788,718.1,31.71,13.965,25.0,-3.9,3.0,0.0,0.0,0.0,14.0,63.0,0.0,20.0,1.0,0.0,825.6,0.0,0.0,0.6,9.0,0.0,29.0,0.0,20.0,20.0,350.0,825.6,-50.0,0.0,0.0,0.0,0.0,400.0,0.0,0.0,0.0,0.0,0.0,0.0,49.0,714.1,4.442,0.0,13.7495514,4.0,22.0728017581102,0.0,2.74867463952778,2.74867463952778,-0.654953192678496,-152.682666666667,-13.74144,0.0,-0.0907647545848434,28.66999999999998
454.0,13.3,0.2,713.7,0.0,0.0,0.0,15.0,20.0,19.0,18.0,19.0,18.0,18.0,18.0,18.0,0.14274,18.0,26.0,1019.50416666667,3670215.0,0.0,0.0,4.95625,3.965,3.7171875,18.0,1573.2,1545.7,1176.0,1118.5,0.0,87.0,0.0,0.0,712.0,2418.0,3.72,9.0,3.7,61.0,0.0,1019.50416666667,0.0,50.0,18.5,18.5,17.0,61.0,21.5,19.0,19.5,21.5,22.0,15.5,15.5,0.0,3.06,87.0,20.0,13.791,716.7,26.97,13.966,25.0,-11.1,3.0,0.0,0.0,0.0,14.0,63.0,0.0,20.0,1.0,0.0,825.6,0.0,0.0,0.6,9.0,0.0,29.0,0.0,20.0,20.0,350.0,825.6,-50.0,0.0,0.0,0.0,0.0,400.0,0.0,0.0,0.0,0.0,0.0,0.0,49.0,714.1,4.442,0.0,13.7495514,4.0,21.9770795345472,0.0,2.74867463952778,2.74867463952778,0.0,-152.682666666667,-13.70304,0.0,-0.119774626990272,23.91
455.0,13.3,0.2,713.7,0.0,0.0,0.0,15.0,20.0,19.0,18.0,19.0,18.0,18.0,18.0,18.0,0.14274,18.0,26.0,1019.50416666667,3670215.0,0.0,0.0,4.95625,3.965,3.7171875,18.0,1573.2,1545.7,1176.0,1118.5,0.0,87.0,0.0,0.0,712.0,2418.0,3.72,9.0,3.7,61.0,0.0,1019.50416666667,0.0,50.0,18.5,18.5,17.0,61.0,21.5,19.0,19.5,21.5,22.0,15.5,15.5,0.0,3.06,87.0,20.0,13.791,716.7,26.97,13.966,25.0,-11.1,3.0,0.0,0.0,0.0,14.0,63.0,0.0,20.0,1.0,0.0,825.6,0.0,0.0,0.6,9.0,0.0,29.0,0.0,20.0,20.0,350.0,825.6,-50.0,0.0,0.0,0.0,0.0,400.0,0.0,0.0,0.0,0.0,0.0,0.0,49.0,712.6,4.443,78.0751725,13.7793377,1.296875,21.9770795345472,0.0,2.74867463952778,2.74867463952778,0.0,-152.682666666667,-13.70304,0.0,-0.119774626990272,23.91
456.0,13.3,20.6,711.7,0.0,0.0,0.0,15.0,20.0,19.0,18.0,19.0,18.0,18.0,18.0,18.0,14.66102,18.0,26.0,1019.50472222222,3670217.0,0.0,0.0,4.94236111111111,3.95388888888889,3.70677083333333,18.0,1573.2,1545.7,1176.0,1118.5,0.0,800.0,0.0,0.0,709.0,2427.0,3.7,20.0,3.7,78.0,0.0,1019.50472222222,0.0,50.0,18.5,18.5,17.0,61.0,21.5,19.0,19.5,21.5,22.0,15.5,15.5,12.0,2.95999999999998,87.0,20.0,13.808,714.4,28.61,13.972,25.0,15.3,3.0,0.0,0.0,0.0,14.0,63.0,0.0,20.0,1.0,0.0,825.6,0.0,0.0,0.6,9.0,0.0,29.0,0.0,20.0,20.0,350.0,825.6,-50.0,0.0,0.0,0.0,0.0,400.0,0.0,0.0,0.0,0.0,0.0,0.0,49.0,712.6,4.443,66.4054,13.7705483,12.0,21.9341239094905,0.0,2.75516434552778,2.75516434552778,0.818496939503527,122.175166666667,14.66102,0.0,-0.119774626990272,25.65000000000002
457.0,13.3,20.6,711.7,0.0,0.0,0.0,15.0,20.0,19.0,18.0,19.0,18.0,18.0,18.0,18.0,14.66102,18.0,26.0,1019.50472222222,3670217.0,0.0,0.0,4.94236111111111,3.95388888888889,3.70677083333333,18.0,1573.2,1545.7,1176.0,1118.5,0.0,800.0,0.0,0.0,709.0,2427.0,3.7,20.0,3.7,78.0,0.0,1019.50472222222,0.0,50.0,18.5,18.5,17.0,61.0,21.5,19.0,19.5,21.5,22.0,15.5,15.5,12.0,2.95999999999998,87.0,20.0,13.808,714.4,28.61,13.972,25.0,15.3,3.0,0.0,0.0,0.0,14.0,63.0,0.0,20.0,1.0,0.0,825.6,0.0,0.0,0.6,9.0,0.0,29.0,0.0,20.0,20.0,350.0,825.6,-50.0,0.0,0.0,0.0,0.0,400.0,0.0,0.0,0.0,0.0,0.0,0.0,49.0,710.3,4.443,66.4054,13.7705483,12.0,21.9341239094905,0.0,2.75516434552778,2.75516434552778,0.818496939503527,122.175166666667,14.66102,0.0,-0.119774626990272,25.65000000000002
458.0,13.3,33.9,710.0,0.0,0.0,0.0,15.0,20.0,19.0,18.0,19.0,18.0,18.0,18.0,18.0,24.069,18.0,26.0,1019.50527777778,3670219.0,0.0,0.0,4.93055555555556,3.94444444444444,3.69791666666667,18.0,1573.2,1545.8,1176.0,1118.5,0.0,1786.0,0.0,0.0,708.0,2427.0,3.7,9.0,3.68,77.0,0.0,1019.50527777778,0.0,50.0,18.5,18.5,17.0,61.0,21.5,19.0,19.5,21.5,22.0,15.5,15.5,24.0,3.06,87.0,20.0,13.815,713.0,26.37,13.978,25.0,3.1,3.0,0.0,0.0,0.0,14.0,63.0,0.0,20.0,1.0,0.0,825.6,0.0,0.0,0.6,9.0,0.0,29.0,0.0,20.0,20.0,350.0,825.6,-50.0,0.0,0.0,0.0,0.0,400.0,0.0,0.0,0.0,0.0,0.0,0.0,49.0,710.3,4.443,55.46804,13.7803143,24.0,21.9432691911721,0.0,2.76856916152778,2.76856916152778,0.997133241929453,100.2875,14.626,0.0,,23.310000000000002
459.0,13.3,33.9,710.0,0.0,0.0,0.0,15.0,20.0,19.0,18.0,19.0,18.0,18.0,18.0,18.0,24.069,18.0,26.0,1019.50527777778,3670219.0,0.0,0.0,4.93055555555556,3.94444444444444,3.69791666666667,18.0,1573.2,1545.8,1176.0,1118.5,0.0,1786.0,0.0,0.0,708.0,2427.0,3.7,9.0,3.68,77.0,0.0,1019.50527777778,0.0,50.0,18.5,18.5,17.0,61.0,21.5,19.0,19.5,21.5,22.0,15.5,15.5,24.0,3.06,87.0,20.0,13.815,713.0,26.37,13.978,25.0,3.1,3.0,0.0,0.0,0.0,14.0,63.0,0.0,20.0,1.0,0.0,825.6,0.0,0.0,0.6,9.0,0.0,29.0,0.0,20.0,20.0,350.0,825.6,-50.0,0.0,0.0,0.0,0.0,400.0,0.0,0.0,0.0,0.0,0.0,0.0,49.0,710.1,4.439,55.46804,13.7803143,24.0,21.9432691911721,0.0,2.76856916152778,2.76856916152778,0.997133241929453,100.2875,14.626,0.0,,23.310000000000002
460.0,13.3,29.9,710.1,0.0,0.0,0.0,15.0,20.0,19.0,18.0,19.0,18.0,18.0,18.0,18.0,21.23199,18.0,26.0,1019.50583333333,3670221.0,0.0,0.0,4.93125,3.945,3.6984375,18.0,1573.2,1545.8,1176.0,1118.6,0.0,2475.0,0.0,0.0,708.0,2427.0,3.7,20.0,3.68,77.0,0.0,1019.50583333333,0.0,50.0,18.5,18.5,17.0,61.0,21.5,19.0,19.5,21.5,22.0,15.0,15.0,32.0,2.80000000000001,87.0,20.0,13.799,713.2,26.29,13.966,25.0,-4.3,3.0,0.0,0.0,0.0,14.0,63.0,0.0,20.0,1.0,0.0,825.6,0.0,0.0,0.6,9.0,0.0,29.0,0.0,20.0,20.0,350.0,825.6,-50.0,0.0,0.0,0.0,0.0,400.0,0.0,0.0,0.0,0.0,0.0,0.0,49.0,710.1,4.439,45.1654375,13.7588291,33.8125,21.98621770539,0.0,2.78588539708333,2.78588539708333,1.50715971512797,66.34996875,21.23199,0.0,,23.489999999999988
461.0,13.3,18.2,711.1,0.0,0.0,0.0,15.0,20.0,19.0,18.0,19.0,18.0,18.0,18.0,18.0,12.94202,18.0,26.0,1019.50638888889,3670223.0,0.0,0.0,4.93819444444444,3.95055555555556,3.70364583333333,18.0,1573.2,1545.8,1176.0,1118.6,0.0,2810.0,0.0,0.0,709.0,2427.0,3.7,9.0,3.7,13.0,0.0,1019.50638888889,0.0,50.0,18.5,18.5,17.0,61.0,21.5,19.0,19.5,21.5,22.0,15.0,15.0,32.0,2.80000000000001,87.0,20.0,13.799,713.2,26.29,13.966,25.0,-4.3,3.0,0.0,0.0,0.0,14.0,63.0,0.0,20.0,1.0,0.0,825.6,0.0,0.0,0.6,9.0,0.0,29.0,0.0,20.0,20.0,350.0,825.6,-50.0,0.0,0.0,0.0,0.0,400.0,0.0,0.0,0.0,0.0,0.0,0.0,49.0,710.8,4.443,45.1654375,13.7588291,33.8125,21.98621770539,0.0,2.78588539708333,2.78588539708333,1.50715971512797,66.34996875,12.94202,0.0,,23.489999999999988
462.0,13.3,18.2,711.1,0.0,0.0,0.0,15.0,20.0,19.0,18.0,19.0,18.0,18.0,18.0,18.0,12.94202,18.0,26.0,1019.50638888889,3670223.0,0.0,0.0,4.93819444444444,3.95055555555556,3.70364583333333,18.0,1573.2,1545.8,1176.0,1118.6,0.0,2810.0,0.0,0.0,709.0,2427.0,3.7,9.0,3.7,13.0,0.0,1019.50638888889,0.0,50.0,18.5,18.5,17.0,61.0,21.5,19.0,19.5,21.5,22.0,15.0,15.0,36.0,3.0,87.0,20.0,13.798,715.1,26.38,13.943,25.0,-5.0,3.0,0.0,0.0,0.0,14.0,63.0,0.0,20.0,1.0,0.0,825.6,0.0,0.0,0.6,9.0,0.0,29.0,0.0,20.0,20.0,350.0,825.6,-50.0,0.0,0.0,0.0,0.0,400.0,0.0,0.0,0.0,0.0,0.0,0.0,49.0,710.8,4.443,36.1811775,13.760294,36.0,22.0458927401999,0.0,2.80539309508333,2.80539309508333,2.7816368696695,35.9500555555556,12.94202,0.0,0.129791571056475,23.38
463.0,13.3,7.9,712.2,0.0,0.0,0.0,15.0,20.0,19.0,18.0,19.0,18.0,18.0,18.0,18.0,5.62638,18.0,26.0,1019.50694444444,3670225.0,0.0,0.0,4.94583333333333,3.95666666666667,3.709375,18.0,1573.2,1545.8,1176.0,1118.6,0.0,2862.0,0.0,0.0,710.0,2427.0,3.7,9.0,3.7,77.0,0.0,1019.50694444444,0.0,50.0,18.5,18.5,17.0,61.0,21.5,19.0,19.5,21.5,22.0,15.0,15.0,36.0,3.0,87.0,20.0,13.798,715.1,26.38,13.943,25.0,-5.0,3.0,0.0,0.0,0.0,14.0,63.0,0.0,20.0,1.0,0.0,825.6,0.0,0.0,0.6,9.0,0.0,29.0,0.0,20.0,20.0,350.0,825.6,-50.0,0.0,0.0,0.0,0.0,400.0,0.0,0.0,0.0,0.0,0.0,0.0,49.0,711.8,4.443,36.1811775,13.760294,36.0,22.0458927401999,0.0,2.80539309508333,2.80539309508333,2.7816368696695,35.9500555555556,12.96204,0.0,0.129791571056475,23.38
464.0,13.3,7.9,712.2,0.0,0.0,0.0,15.0,20.0,19.0,18.0,19.0,18.0,18.0,18.0,18.0,5.62638,18.0,26.0,1019.50694444444,3670225.0,0.0,0.0,4.94583333333333,3.95666666666667,3.709375,18.0,1573.2,1545.8,1176.0,1118.6,0.0,2862.0,0.0,0.0,710.0,2427.0,3.7,9.0,3.7,77.0,0.0,1019.50694444444,0.0,50.0,18.0,18.0,17.0,61.0,21.5,19.0,19.5,21.5,22.0,15.0,15.0,36.0,2.99000000000001,87.0,20.0,13.8,715.8,26.5,13.95,25.0,-4.7,3.0,0.0,0.0,0.0,14.0,63.0,0.0,20.0,1.0,0.0,825.6,0.0,0.0,0.6,9.0,0.0,29.0,0.0,20.0,20.0,350.0,825.6,-50.0,0.0,0.0,0.0,0.0,400.0,0.0,0.0,0.0,0.0,0.0,0.0,49.0,711.8,4.443,33.2027,13.760294,36.21875,22.1050093654126,0.0,2.82488348908333,2.82488348908333,6.39843025177823,15.6288333333333,12.96204,0.0,0.0865040559618075,23.50999999999999
465.0,13.3,3.7,712.6,0.0,0.0,0.0,15.0,20.0,19.0,18.0,19.0,18.0,18.0,18.0,18.0,2.63662,18.0,26.0,1019.5075,3670227.0,0.0,0.0,4.94861111111111,3.95888888888889,3.71145833333333,18.0,1573.2,1545.8,1176.0,1118.6,0.0,2877.0,0.0,0.0,711.0,2420.0,3.7,167.0,3.7,77.0,0.0,1019.5075,0.0,50.0,18.0,18.0,17.0,61.0,21.5,19.0,19.5,21.5,22.0,15.0,15.0,36.0,2.99000000000001,87.0,20.0,13.8,715.8,26.5,13.95,25.0,-4.7,3.0,0.0,0.0,0.0,14.0,63.0,0.0,20.0,1.0,0.0,825.6,0.0,0.0,0.6,9.0,0.0,29.0,0.0,20.0,20.0,350.0,825.6,-50.0,0.0,0.0,0.0,0.0,400.0,0.0,0.0,0.0,0.0,0.0,0.0,49.0,712.5,4.443,33.2027,13.760294,36.21875,22.1050093654126,0.0,2.82488348908333,2.82488348908333,6.39843025177823,15.6288333333333,5.62954,0.0,0.0865040559618075,23.50999999999999
466.0,13.3,3.7,712.6,0.0,0.0,0.0,15.0,20.0,19.0,18.0,19.0,18.0,18.0,18.0,18.0,2.63662,18.0,26.0,1019.5075,3670227.0,0.0,0.0,4.94861111111111,3.95888888888889,3.71145833333333,18.0,1573.2,1545.8,1176.0,1118.6,0.0,2877.0,0.0,0.0,711.0,2420.0,3.7,167.0,3.7,77.0,0.0,1019.5075,0.0,50.0,18.0,18.0,17.0,61.0,21.5,19.0,19.5,21.5,22.0,15.0,15.0,36.0,2.99000000000001,87.0,20.0,13.8,716.4,26.32,13.95,25.0,-3.5,3.0,0.0,0.0,0.0,14.0,63.0,0.0,20.0,1.0,0.0,825.6,0.0,0.0,0.6,9.0,0.0,29.0,0.0,20.0,20.0,350.0,825.6,-50.0,0.0,0.0,0.0,0.0,400.0,0.0,0.0,0.0,0.0,0.0,0.0,49.0,712.5,4.443,30.85898,13.760294,36.5,22.1636258797668,0.0,2.84437336308333,2.84437336308333,13.6538446951021,7.32394444444445,5.62954,0.0,0.0435948118568739,23.32999999999999
467.0,13.3,0.0,713.1,0.0,0.0,0.0,15.0,20.0,19.0,18.0,19.0,18.0,18.0,18.0,18.0,0.0,18.0,26.0,1019.50805555556,3670229.0,0.0,0.0,4.95208333333333,3.96166666666667,3.7140625,18.0,1573.2,1545.8,1176.0,1118.6,0.0,2890.0,0.0,0.0,711.0,2420.0,3.7,9.0,3.7,77.0,0.0,1019.50805555556,0.0,50.0,18.0,18.0,17.0,61.0,21.5,19.0,19.5,21.5,22.0,15.0,15.0,36.0,2.99000000000001,87.0,20.0,13.8,716.4,26.32,13.95,25.0,-3.5,3.0,0.0,0.0,0.0,14.0,63.0,0.0,20.0,1.0,0.0,825.6,0.0,0.0,0.6,9.0,0.0,29.0,0.0,20.0,20.0,350.0,825.6,-50.0,0.0,0.0,0.0,0.0,400.0,0.0,0.0,0.0,0.0,0.0,0.0,49.0,713.0,4.443,30.85898,13.760294,36.5,22.1636258797668,0.0,2.84437336308333,2.84437336308333,13.6538446951021,7.32394444444445,2.63847,0.0,0.0435948118568739,23.32999999999999
468.0,13.3,0.0,713.1,0.0,0.0,0.0,15.0,20.0,19.0,18.0,19.0,18.0,18.0,18.0,18.0,0.0,18.0,26.0,1019.50805555556,3670229.0,0.0,0.0,4.95208333333333,3.96166666666667,3.7140625,18.0,1573.2,1545.8,1176.0,1118.6,0.0,2890.0,0.0,0.0,711.0,2420.0,3.7,9.0,3.7,77.0,0.0,1019.50805555556,0.0,50.0,18.0,18.0,17.0,61.0,21.5,19.0,19.5,21.5,22.0,15.0,15.0,36.0,2.97000000000003,87.0,20.0,13.799,716.4,26.37,13.956,25.0,-2.3,3.0,0.0,0.0,0.0,14.0,63.0,0.0,20.0,1.0,0.0,825.6,0.0,0.0,0.6,9.0,0.0,29.0,0.0,20.0,20.0,350.0,825.6,-50.0,0.0,0.0,0.0,0.0,400.0,0.0,0.0,0.0,0.0,0.0,0.0,49.0,713.0,4.443,29.88243,13.7593174,36.734375,22.2218202195971,0.0,2.86388696508333,2.86388696508333,13.6538446951021,0.0,2.63847,0.0,0.0145254702946217,23.39999999999997
469.0,13.3,-3.4,713.4,0.0,0.0,0.0,15.0,20.0,19.0,18.0,19.0,18.0,18.0,18.0,18.0,-2.42556,18.0,26.0,1019.50861111111,3670231.0,0.0,0.0,4.95416666666667,3.96333333333333,3.715625,18.0,1573.2,1545.8,1176.0,1118.6,0.0,2871.0,0.0,0.0,711.0,2420.0,3.7,9.0,3.7,78.0,0.0,1019.50861111111,0.0,50.0,18.0,18.0,17.0,61.0,21.5,19.0,19.5,21.5,22.0,15.0,15.0,36.0,2.97000000000003,87.0,20.0,13.799,716.4,26.37,13.956,25.0,-2.3,3.0,0.0,0.0,0.0,14.0,63.0,0.0,20.0,1.0,0.0,825.6,0.0,0.0,0.6,9.0,0.0,29.0,0.0,20.0,20.0,350.0,825.6,-50.0,0.0,0.0,0.0,0.0,400.0,0.0,0.0,0.0,0.0,0.0,0.0,49.0,713.2,4.442,29.88243,13.7593174,36.734375,22.2218202195971,0.0,2.86388696508333,2.86388696508333,13.6538446951021,0.0,0.0,0.0,0.0145254702946217,23.39999999999997
470.0,13.3,-3.4,713.4,0.0,0.0,0.0,15.0,20.0,19.0,18.0,19.0,18.0,18.0,18.0,18.0,-2.42556,18.0,26.0,1019.50861111111,3670231.0,0.0,0.0,4.95416666666667,3.96333333333333,3.715625,18.0,1573.2,1545.8,1176.0,1118.6,0.0,2871.0,0.0,0.0,711.0,2420.0,3.7,9.0,3.7,78.0,0.0,1019.50861111111,0.0,50.0,18.0,18.0,17.0,61.0,21.5,19.0,19.5,21.5,22.0,15.0,15.0,36.0,2.75999999999999,87.0,20.0,13.801,716.7,26.19,13.952,25.0,-2.0,3.0,0.0,0.0,0.0,14.0,63.0,0.0,20.0,1.0,0.0,825.6,0.0,0.0,0.6,9.0,0.0,29.0,0.0,20.0,20.0,350.0,825.6,-50.0,0.0,0.0,0.0,0.0,400.0,0.0,0.0,0.0,0.0,0.0,0.0,49.0,713.2,4.442,27.53871,13.760294,32.0,22.279495330372,0.0,2.88338977408333,2.88338977408333,-14.8419334091921,-6.73766666666667,0.0,0.0,0.0,23.43000000000001
471.0,13.3,-7.4,714.0,0.0,0.0,0.0,15.0,20.0,19.0,18.0,19.0,18.0,18.0,18.0,18.0,-5.2836,18.0,26.0,1019.50916666667,3670233.0,0.0,0.0,4.95833333333333,3.96666666666667,3.71875,18.0,1573.2,1545.8,1176.0,1118.6,0.0,2747.0,0.0,0.0,712.0,2420.0,3.72,9.0,3.7,77.0,0.0,1019.50916666667,0.0,50.0,18.0,18.0,17.0,61.0,21.5,19.0,19.5,21.5,22.0,15.0,15.0,36.0,2.75999999999999,87.0,20.0,13.801,716.7,26.19,13.952,25.0,-2.0,3.0,0.0,0.0,0.0,14.0,63.0,0.0,20.0,1.0,0.0,825.6,0.0,0.0,0.6,9.0,0.0,29.0,0.0,20.0,20.0,350.0,825.6,-50.0,0.0,0.0,0.0,0.0,400.0,0.0,0.0,0.0,0.0,0.0,0.0,49.0,714.0,4.443,27.53871,13.760294,32.0,22.279495330372,0.0,2.88338977408333,2.88338977408333,-14.8419334091921,-6.73766666666667,-2.4276,0.0,0.0,23.43000000000001
472.0,13.3,-7.4,714.0,0.0,0.0,0.0,15.0,20.0,19.0,18.0,19.0,18.0,18.0,18.0,18.0,-5.2836,18.0,26.0,1019.50916666667,3670233.0,0.0,0.0,4.95833333333333,3.96666666666667,3.71875,18.0,1573.2,1545.8,1176.0,1118.6,0.0,2747.0,0.0,0.0,712.0,2420.0,3.72,9.0,3.7,77.0,0.0,1019.50916666667,0.0,50.0,18.0,18.0,16.5,61.0,21.5,19.0,19.5,21.5,22.0,15.0,15.0,34.0,2.94999999999999,87.0,20.0,13.801,717.1,26.22,13.949,25.0,-1.3,3.0,0.0,0.0,0.0,14.0,63.0,0.0,20.0,1.0,0.0,825.6,0.0,0.0,0.6,9.0,0.0,29.0,0.0,20.0,20.0,350.0,825.6,-50.0,0.0,0.0,0.0,0.0,400.0,0.0,0.0,0.0,0.0,0.0,0.0,49.0,714.0,4.443,25.5367825,13.760294,33.8125,22.3290903198868,0.0,2.90208841030555,2.90208841030555,-6.43500643500643,-15.54,-2.4276,0.0,-0.0072347267699134,23.27000000000001
473.0,13.3,-6.7,714.0,0.0,0.0,0.0,15.0,20.0,19.0,18.0,19.0,18.0,18.0,18.0,18.0,-4.7838,18.0,26.0,1019.50972222222,3670235.0,0.0,0.0,4.95833333333333,3.96666666666667,3.71875,18.0,1573.2,1545.8,1176.0,1118.6,0.0,2519.0,0.0,0.0,712.0,2431.0,3.72,34.0,3.7,77.0,0.0,1019.50972222222,0.0,50.0,18.0,18.0,16.5,61.0,21.5,19.0,19.5,21.5,22.0,15.0,15.0,31.0,2.94999999999999,87.0,20.0,13.801,717.1,26.22,13.949,25.0,-1.3,3.0,0.0,0.0,0.0,14.0,63.0,0.0,20.0,1.0,0.0,825.6,0.0,0.0,0.6,9.0,0.0,29.0,0.0,20.0,20.0,350.0,825.6,-50.0,0.0,0.0,0.0,0.0,400.0,0.0,0.0,0.0,0.0,0.0,0.0,49.0,714.0,4.443,25.5367825,13.760294,33.8125,22.3650930562723,0.0,2.91888727155555,2.91888727155555,-6.48020402190727,-15.4316129032258,-5.2836,0.0,-0.0180822885089251,23.27000000000001
474.0,13.3,-6.7,714.0,0.0,0.0,0.0,15.0,20.0,19.0,18.0,19.0,18.0,18.0,18.0,18.0,-4.7838,18.0,26.0,1019.50972222222,3670235.0,0.0,0.0,4.95833333333333,3.96666666666667,3.71875,18.0,1573.2,1545.8,1176.0,1118.6,0.0,2519.0,0.0,0.0,712.0,2431.0,3.72,34.0,3.7,77.0,0.0,1019.50972222222,0.0,50.0,18.0,18.0,16.5,61.0,21.5,19.0,19.5,21.5,22.0,15.0,15.0,31.0,2.94,87.0,20.0,13.799,717.1,26.38,13.95,25.0,16.5,3.0,0.0,0.0,0.0,14.0,63.0,0.0,20.0,1.0,0.0,825.6,0.0,0.0,0.6,9.0,0.0,29.0,0.0,20.0,20.0,350.0,825.6,-50.0,0.0,0.0,0.0,0.0,400.0,0.0,0.0,0.0,0.0,0.0,0.0,49.0,714.0,4.443,25.5367825,13.760294,28.0,22.3650930562723,0.0,2.91888727155555,2.91888727155555,-6.48020402190727,-15.4316129032258,-5.2836,0.0,-0.0180822885089251,23.439999999999998
475.0,13.3,-10.6,714.4,0.0,0.0,0.0,15.0,20.0,19.0,18.0,19.0,18.0,18.0,18.0,18.0,-7.57264,18.0,26.0,1019.51027777778,3670237.0,0.0,0.0,4.96111111111111,3.96888888888889,3.72083333333333,18.0,1573.2,1545.8,1176.0,1118.6,0.0,2220.0,0.0,0.0,713.0,2431.0,3.72,24.0,3.7,77.0,0.0,1019.51027777778,0.0,50.0,18.0,18.0,16.5,61.0,21.5,19.0,19.5,21.5,22.0,15.0,15.0,27.0,2.94,87.0,20.0,13.799,717.1,26.38,13.95,25.0,16.5,3.0,0.0,0.0,0.0,14.0,63.0,0.0,20.0,1.0,0.0,825.6,0.0,0.0,0.6,9.0,0.0,29.0,0.0,20.0,20.0,350.0,825.6,-50.0,0.0,0.0,0.0,0.0,400.0,0.0,0.0,0.0,0.0,0.0,0.0,49.0,714.0,4.443,25.5367825,13.760294,28.0,22.3845748695367,0.0,2.93376121155555,2.93376121155555,-3.56546726108728,-28.0468148148148,-7.57264,0.0,-0.0324346721309763,23.439999999999998
476.0,13.3,-10.6,714.4,0.0,0.0,0.0,15.0,20.0,19.0,18.0,19.0,18.0,18.0,18.0,18.0,-7.57264,18.0,26.0,1019.51027777778,3670237.0,0.0,0.0,4.96111111111111,3.96888888888889,3.72083333333333,18.0,1573.2,1545.8,1176.0,1118.6,0.0,2220.0,0.0,0.0,713.0,2431.0,3.72,24.0,3.7,77.0,0.0,1019.51027777778,0.0,50.0,18.0,18.0,16.5,61.0,21.5,19.0,19.5,21.5,22.0,15.0,15.0,27.0,2.73000000000002,87.0,20.0,13.8,719.5,31.1,13.952,25.0,6.8,3.0,0.0,0.0,0.0,14.0,63.0,0.0,20.0,1.0,0.0,825.6,0.0,0.0,0.6,9.0,0.0,29.0,0.0,20.0,20.0,350.0,825.6,-50.0,0.0,0.0,0.0,0.0,400.0,0.0,0.0,0.0,0.0,0.0,0.0,49.0,714.0,4.443,5.956955,13.7397854,24.75,22.3845748695367,0.0,2.93376121155555,2.93376121155555,-3.56546726108728,-28.0468148148148,-7.57264,0.0,-0.0324346721309763,28.369999999999983
477.0,13.3,-21.1,715.7,0.0,0.0,0.0,15.0,20.0,19.0,18.0,19.0,18.0,18.0,18.0,18.0,-15.10127,18.0,26.0,1019.51083333333,3670239.0,0.0,0.0,4.97013888888889,3.97611111111111,3.72760416666667,18.0,1573.2,1545.8,1176.0,1118.6,0.0,1429.0,0.0,0.0,714.0,2431.0,3.72,34.0,3.72,49.0,0.0,1019.51083333333,0.0,50.0,18.0,18.0,16.5,61.0,21.5,19.0,19.5,21.5,22.0,15.0,15.0,16.0,2.73000000000002,87.0,20.0,13.8,719.5,31.1,13.952,25.0,6.8,3.0,0.0,0.0,0.0,14.0,63.0,0.0,20.0,1.0,0.0,825.6,0.0,0.0,0.6,9.0,0.0,29.0,0.0,20.0,20.0,350.0,825.6,-50.0,0.0,0.0,0.0,0.0,400.0,0.0,0.0,0.0,0.0,0.0,0.0,49.0,716.1,4.443,5.956955,13.7397854,24.75,22.3583492686276,0.0,2.94241040222222,2.94241040222222,-1.05951353760313,-94.3829375,-15.10127,0.0,-0.0720758368765341,28.369999999999983
478.0,13.3,-21.1,715.7,0.0,0.0,0.0,15.0,20.0,19.0,18.0,19.0,18.0,18.0,18.0,18.0,-15.10127,18.0,26.0,1019.51083333333,3670239.0,0.0,0.0,4.97013888888889,3.97611111111111,3.72760416666667,18.0,1573.2,1545.8,1176.0,1118.6,0.0,1429.0,0.0,0.0,714.0,2431.0,3.72,34.0,3.72,49.0,0.0,1019.51083333333,0.0,50.0,18.0,18.0,16.5,61.0,21.5,19.0,19.5,21.5,22.0,15.0,15.0,16.0,2.90000000000003,87.0,20.0,13.79,718.7,31.79,13.979,25.0,3.8,3.0,0.0,0.0,0.0,14.0,63.0,0.0,20.0,1.0,0.0,825.6,0.0,0.0,0.6,9.0,0.0,29.0,0.0,20.0,20.0,350.0,825.6,-50.0,0.0,0.0,0.0,0.0,400.0,0.0,0.0,0.0,0.0,0.0,0.0,49.0,716.1,4.443,0.0,13.7593174,13.5625,22.3583492686276,0.0,2.94241040222222,2.94241040222222,-1.05951353760313,-94.3829375,-15.10127,0.0,-0.0720758368765341,28.88999999999997
479.0,13.3,-5.3,714.3,0.0,0.0,0.0,15.0,20.0,19.0,18.0,19.0,18.0,18.0,18.0,18.0,-3.78579,18.0,26.0,1019.51138888889,3670241.0,0.0,0.0,4.96041666666667,3.96833333333333,3.7203125,18.0,1573.2,1545.8,1176.0,1118.6,0.0,523.0,0.0,0.0,712.0,2431.0,3.72,9.0,3.7,77.0,0.0,1019.51138888889,0.0,50.0,18.0,18.0,16.5,61.0,21.5,19.0,19.5,21.5,22.0,15.0,15.0,5.0,2.90000000000003,87.0,20.0,13.79,718.7,31.79,13.979,25.0,3.8,3.0,0.0,0.0,0.0,14.0,63.0,0.0,20.0,1.0,0.0,825.6,0.0,0.0,0.6,9.0,0.0,29.0,0.0,20.0,20.0,350.0,825.6,-50.0,0.0,0.0,0.0,0.0,400.0,0.0,0.0,0.0,0.0,0.0,0.0,49.0,714.8,4.443,0.0,13.7593174,13.5625,22.2860928586432,0.0,2.94516090861111,2.94516090861111,-1.32072830241508,-75.7158,-3.78579,0.0,-0.104501532777719,28.88999999999997
480.0,13.3,-5.3,714.3,0.0,0.0,0.0,15.0,20.0,19.0,18.0,19.0,18.0,18.0,18.0,18.0,-3.78579,18.0,26.0,1019.51138888889,3670241.0,0.0,0.0,4.96041666666667,3.96833333333333,3.7203125,18.0,1573.2,1545.8,1176.0,1118.6,0.0,523.0,0.0,0.0,712.0,2431.0,3.72,9.0,3.7,77.0,0.0,1019.51138888889,0.0,50.0,18.0,18.0,16.5,61.0,21.5,19.0,19.5,21.5,22.0,15.0,15.0,5.0,2.88,87.0,20.0,13.792,716.9,31.18,13.976,25.0,-4.3,3.0,0.0,0.0,0.0,14.0,63.0,0.0,20.0,1.0,0.0,825.6,0.0,0.0,0.6,9.0,0.0,29.0,0.0,20.0,20.0,350.0,825.6,-50.0,0.0,0.0,0.0,0.0,400.0,0.0,0.0,0.0,0.0,0.0,0.0,49.0,714.8,4.443,60.5949275,13.7593174,0.0,22.2860928586432,0.0,2.94516090861111,2.94516090861111,-1.32072830241508,-75.7158,-3.78579,0.0,-0.104501532777719,28.3
481.0,13.3,19.4,711.8,0.0,0.0,0.0,15.0,20.0,19.0,18.0,19.0,18.0,18.0,18.0,18.0,13.80892,18.0,26.0,1019.51166666667,3670242.0,0.0,0.0,4.94305555555556,3.95444444444444,3.70729166666667,18.0,1573.2,1545.8,1176.0,1118.6,0.0,642.0,0.0,0.0,710.0,2431.0,3.7,34.0,3.7,78.0,0.0,1019.51166666667,0.0,50.0,18.0,18.0,16.5,61.0,21.5,19.0,19.5,21.5,22.0,15.0,15.0,10.0,2.88,87.0,20.0,13.792,716.9,31.18,13.976,25.0,-4.3,3.0,0.0,0.0,0.0,14.0,63.0,0.0,20.0,1.0,0.0,825.6,0.0,0.0,0.6,9.0,0.0,29.0,0.0,20.0,20.0,350.0,825.6,-50.0,0.0,0.0,0.0,0.0,400.0,0.0,0.0,0.0,0.0,0.0,0.0,49.0,712.8,4.443,60.5949275,13.7593174,0.0,22.2359615402747,0.0,2.95057527111111,2.95057527111111,0.724169594725728,138.0892,13.80892,0.0,-0.104501532777719,28.3
482.0,13.3,19.4,711.8,0.0,0.0,0.0,15.0,20.0,19.0,18.0,19.0,18.0,18.0,18.0,18.0,13.80892,18.0,26.0,1019.51166666667,3670242.0,0.0,0.0,4.94305555555556,3.95444444444444,3.70729166666667,18.0,1573.2,1545.8,1176.0,1118.6,0.0,642.0,0.0,0.0,710.0,2431.0,3.7,34.0,3.7,78.0,0.0,1019.51166666667,0.0,50.0,18.0,18.0,16.5,61.0,21.5,19.0,19.5,21.5,22.0,15.0,15.0,10.0,2.88999999999999,87.0,20.0,13.808,713.9,28.08,13.979,25.0,-10.9,3.0,0.0,0.0,0.0,14.0,63.0,0.0,20.0,1.0,0.0,825.6,0.0,0.0,0.6,9.0,0.0,29.0,0.0,20.0,20.0,350.0,825.6,-50.0,0.0,0.0,0.0,0.0,400.0,0.0,0.0,0.0,0.0,0.0,0.0,49.0,712.8,4.443,74.41311,13.7705483,13.28125,22.2359615402747,0.0,2.95057527111111,2.95057527111111,0.724169594725728,138.0892,13.80892,0.0,-0.104501532777719,25.19000000000001
483.0,13.3,39.3,709.5,0.0,0.0,0.0,15.0,20.0,19.0,18.0,19.0,18.0,18.0,18.0,18.0,27.88335,18.0,26.0,1019.51222222222,3670244.0,0.0,0.0,4.92708333333333,3.94166666666667,3.6953125,18.0,1573.2,1545.8,1176.0,1118.6,0.0,1637.0,0.0,0.0,707.0,2429.0,3.68,9.0,3.68,73.0,0.0,1019.51222222222,0.0,50.0,18.0,18.0,16.5,61.0,21.5,19.0,19.5,21.5,22.0,15.0,15.0,22.0,2.88999999999999,87.0,20.0,13.808,713.9,28.08,13.979,25.0,-10.9,3.0,0.0,0.0,0.0,14.0,63.0,0.0,20.0,1.0,0.0,825.6,0.0,0.0,0.6,9.0,0.0,29.0,0.0,20.0,20.0,350.0,825.6,-50.0,0.0,0.0,0.0,0.0,400.0,0.0,0.0,0.0,0.0,0.0,0.0,49.0,710.0,4.443,74.41311,13.7705483,13.28125,22.2350020960306,0.0,2.96249318933333,2.96249318933333,0.789001321577214,126.7425,13.7643,0.0,-0.104501532777719,25.19000000000001
484.0,13.3,39.3,709.5,0.0,0.0,0.0,15.0,20.0,19.0,18.0,19.0,18.0,18.0,18.0,18.0,27.88335,18.0,26.0,1019.51222222222,3670244.0,0.0,0.0,4.92708333333333,3.94166666666667,3.6953125,18.0,1573.2,1545.8,1176.0,1118.6,0.0,1637.0,0.0,0.0,707.0,2429.0,3.68,9.0,3.68,73.0,0.0,1019.51222222222,0.0,50.0,18.0,18.0,16.5,61.0,21.5,19.0,19.5,21.5,22.0,15.0,15.0,22.0,2.90000000000003,87.0,20.0,13.806,712.4,26.71,13.958,25.0,-1.4,3.0,0.0,0.0,0.0,14.0,63.0,0.0,20.0,1.0,0.0,825.6,0.0,0.0,0.6,9.0,0.0,29.0,0.0,20.0,20.0,350.0,825.6,-50.0,0.0,0.0,0.0,0.0,400.0,0.0,0.0,0.0,0.0,0.0,0.0,49.0,710.0,4.443,62.10858,13.7803143,25.03125,22.2350020960306,0.0,2.96249318933333,2.96249318933333,0.789001321577214,126.7425,13.7643,0.0,,23.80999999999997
485.0,13.3,27.5,710.2,0.0,0.0,0.0,15.0,20.0,19.0,18.0,19.0,18.0,18.0,18.0,18.0,19.5305,18.0,26.0,1019.51277777778,3670246.0,0.0,0.0,4.93194444444444,3.94555555555556,3.69895833333333,18.0,1573.2,1545.8,1176.0,1118.6,0.0,2293.0,0.0,0.0,708.0,2429.0,3.7,34.0,3.68,64.0,0.0,1019.51277777778,0.0,50.0,18.0,18.0,16.5,61.0,21.5,19.0,19.5,21.5,22.0,15.0,15.0,29.0,2.87,87.0,20.0,13.8,713.9,26.38,13.95,25.0,-1.4,3.0,0.0,0.0,0.0,14.0,63.0,0.0,20.0,1.0,0.0,825.6,0.0,0.0,0.6,9.0,0.0,29.0,0.0,20.0,20.0,350.0,825.6,-50.0,0.0,0.0,0.0,0.0,400.0,0.0,0.0,0.0,0.0,0.0,0.0,49.0,709.8,4.443,62.10858,13.7803143,25.03125,22.2624004364654,0.0,2.97820540625,2.97820540625,1.48485701850951,67.3465517241379,27.91086,0.0,,23.509999999999998
486.0,13.3,27.5,710.2,0.0,0.0,0.0,15.0,20.0,19.0,18.0,19.0,18.0,18.0,18.0,18.0,19.5305,18.0,26.0,1019.51277777778,3670246.0,0.0,0.0,4.93194444444444,3.94555555555556,3.69895833333333,18.0,1573.2,1545.8,1176.0,1118.6,0.0,2293.0,0.0,0.0,708.0,2429.0,3.7,34.0,3.68,64.0,0.0,1019.51277777778,0.0,50.0,18.0,18.0,16.5,61.0,21.5,19.0,19.5,21.5,22.0,15.0,15.0,29.0,2.87,87.0,20.0,13.8,713.9,26.38,13.95,25.0,-10.3,3.0,0.0,0.0,0.0,14.0,63.0,0.0,20.0,1.0,0.0,825.6,0.0,0.0,0.6,9.0,0.0,29.0,0.0,20.0,20.0,350.0,825.6,-50.0,0.0,0.0,0.0,0.0,400.0,0.0,0.0,0.0,0.0,0.0,0.0,49.0,709.8,4.443,44.1888875,13.760294,28.0,22.2624004364654,0.0,2.97820540625,2.97820540625,1.48485701850951,67.3465517241379,27.91086,0.0,,23.509999999999998
487.0,13.3,19.7,710.9,0.0,0.0,0.0,15.0,20.0,19.0,18.0,19.0,18.0,18.0,18.0,18.0,14.00473,18.0,26.0,1019.51333333333,3670248.0,0.0,0.0,4.93680555555556,3.94944444444444,3.70260416666667,18.0,1573.2,1545.8,1176.0,1118.6,0.0,2567.0,0.0,0.0,709.0,2429.0,3.7,11.0,3.7,77.0,0.0,1019.51333333333,0.0,50.0,18.0,18.0,16.5,61.0,21.5,19.0,19.5,21.5,22.0,15.0,15.0,33.0,2.86000000000001,87.0,20.0,13.799,713.9,25.91,13.949,25.0,-10.3,3.0,0.0,0.0,0.0,14.0,63.0,0.0,20.0,1.0,0.0,825.6,0.0,0.0,0.6,9.0,0.0,29.0,0.0,20.0,20.0,350.0,825.6,-50.0,0.0,0.0,0.0,0.0,400.0,0.0,0.0,0.0,0.0,0.0,0.0,49.0,711.0,4.443,44.1888875,13.760294,28.0,22.3056988526084,0.0,2.99607918525,2.99607918525,2.35634674856281,42.4385757575758,14.00473,0.0,0.10168428996595,23.04999999999999
488.0,13.3,19.7,710.9,0.0,0.0,0.0,15.0,20.0,19.0,18.0,19.0,18.0,18.0,18.0,18.0,14.00473,18.0,26.0,1019.51333333333,3670248.0,0.0,0.0,4.93680555555556,3.94944444444444,3.70260416666667,18.0,1573.2,1545.8,1176.0,1118.6,0.0,2567.0,0.0,0.0,709.0,2429.0,3.7,11.0,3.7,77.0,0.0,1019.51333333333,0.0,50.0,18.0,18.0,16.5,61.0,21.5,19.0,19.5,21.5,22.0,15.0,15.0,33.0,2.86000000000001,87.0,20.0,13.799,713.9,25.91,13.949,25.0,5.3,3.0,0.0,0.0,0.0,14.0,63.0,0.0,20.0,1.0,0.0,825.6,0.0,0.0,0.6,9.0,0.0,29.0,0.0,20.0,20.0,350.0,825.6,-50.0,0.0,0.0,0.0,0.0,400.0,0.0,0.0,0.0,0.0,0.0,0.0,49.0,711.0,4.443,41.1615825,13.760294,33.53125,22.3056988526084,0.0,2.99607918525,2.99607918525,2.35634674856281,42.4385757575758,14.00473,0.0,0.10168428996595,23.04999999999999
489.0,13.3,16.4,711.2,0.0,0.0,0.0,15.0,20.0,19.0,18.0,19.0,18.0,18.0,18.0,18.0,11.66368,18.0,26.0,1019.51388888889,3670250.0,0.0,0.0,4.93888888888889,3.95111111111111,3.70416666666667,18.0,1573.2,1545.9,1176.0,1118.6,0.0,2743.0,0.0,0.0,709.0,2429.0,3.7,9.0,3.7,77.0,0.0,1019.51388888889,0.0,50.0,18.0,18.0,16.5,61.0,21.5,19.0,19.5,21.5,22.0,15.0,15.0,35.0,2.85000000000002,87.0,20.0,13.8,715.1,26.26,13.95,25.0,5.3,3.0,0.0,0.0,0.0,14.0,63.0,0.0,20.0,1.0,0.0,825.6,0.0,0.0,0.6,9.0,0.0,29.0,0.0,20.0,20.0,350.0,825.6,-50.0,0.0,0.0,0.0,0.0,400.0,0.0,0.0,0.0,0.0,0.0,0.0,49.0,710.9,4.443,41.1615825,13.760294,33.53125,22.3566903449309,0.0,3.01503937163889,3.01503937163889,3.00076819665834,33.3248,14.01064,0.0,0.0907809224823757,23.409999999999982
490.0,13.3,16.4,711.2,0.0,0.0,0.0,15.0,20.0,19.0,18.0,19.0,18.0,18.0,18.0,18.0,11.66368,18.0,26.0,1019.51388888889,3670250.0,0.0,0.0,4.93888888888889,3.95111111111111,3.70416666666667,18.0,1573.2,1545.9,1176.0,1118.6,0.0,2743.0,0.0,0.0,709.0,2429.0,3.7,9.0,3.7,77.0,0.0,1019.51388888889,0.0,50.0,18.0,18.0,16.5,61.0,21.5,19.0,19.5,21.5,22.0,15.0,15.0,35.0,2.85000000000002,87.0,20.0,13.8,715.1,26.26,13.95,25.0,0.0,3.0,0.0,0.0,0.0,14.0,63.0,0.0,20.0,1.0,0.0,825.6,0.0,0.0,0.6,9.0,0.0,29.0,0.0,20.0,20.0,350.0,825.6,-50.0,0.0,0.0,0.0,0.0,400.0,0.0,0.0,0.0,0.0,0.0,0.0,49.0,712.0,4.443,34.5210425,13.7705483,32.0,22.3566903449309,0.0,3.01503937163889,3.01503937163889,3.00076819665834,33.3248,14.01064,0.0,0.0907809224823757,23.409999999999982
491.0,13.3,7.7,712.0,0.0,0.0,0.0,15.0,20.0,19.0,18.0,19.0,18.0,18.0,18.0,18.0,5.4824,18.0,26.0,1019.51444444444,3670252.0,0.0,0.0,4.94444444444444,3.95555555555556,3.70833333333333,18.0,1573.2,1545.9,1176.0,1118.6,0.0,2829.0,0.0,0.0,710.0,2429.0,3.7,11.0,3.7,73.0,0.0,1019.51444444444,0.0,50.0,18.0,18.0,16.5,61.0,21.5,19.0,19.5,21.5,22.0,15.0,15.0,36.0,2.84000000000003,87.0,20.0,13.799,715.1,25.84,13.947,25.0,2.5,3.0,0.0,0.0,0.0,14.0,63.0,0.0,20.0,1.0,0.0,825.6,0.0,0.0,0.6,9.0,0.0,29.0,0.0,20.0,20.0,350.0,825.6,-50.0,0.0,0.0,0.0,0.0,400.0,0.0,0.0,0.0,0.0,0.0,0.0,49.0,712.0,4.443,34.5210425,13.7705483,32.0,22.4112642653916,0.0,3.03453756163889,3.03453756163889,6.56646724062454,15.2288888888889,11.6768,0.0,0.0508383567549253,22.99999999999997
492.0,13.3,7.7,712.0,0.0,0.0,0.0,15.0,20.0,19.0,18.0,19.0,18.0,18.0,18.0,18.0,5.4824,18.0,26.0,1019.51444444444,3670252.0,0.0,0.0,4.94444444444444,3.95555555555556,3.70833333333333,18.0,1573.2,1545.9,1176.0,1118.6,0.0,2829.0,0.0,0.0,710.0,2429.0,3.7,11.0,3.7,73.0,0.0,1019.51444444444,0.0,50.0,18.0,18.0,16.5,61.0,21.5,19.0,19.5,21.5,22.0,15.0,15.0,36.0,2.84000000000003,87.0,20.0,13.799,715.1,25.84,13.947,25.0,2.5,3.0,0.0,0.0,0.0,14.0,63.0,0.0,20.0,1.0,0.0,825.6,0.0,0.0,0.6,9.0,0.0,29.0,0.0,20.0,20.0,350.0,825.6,-50.0,0.0,0.0,0.0,0.0,400.0,0.0,0.0,0.0,0.0,0.0,0.0,49.0,712.1,4.442,34.5210425,13.7695717,36.0625,22.4112642653916,0.0,3.03453756163889,3.03453756163889,6.56646724062454,15.2288888888889,11.6768,0.0,0.0508383567549253,22.99999999999997
493.0,13.3,4.6,712.3,0.0,0.0,0.0,15.0,20.0,19.0,18.0,19.0,18.0,18.0,18.0,18.0,3.27658,18.0,26.0,1019.515,3670254.0,0.0,0.0,4.94652777777778,3.95722222222222,3.70989583333333,18.0,1573.2,1545.9,1176.0,1118.6,0.0,2892.0,0.0,0.0,710.0,2422.0,3.7,9.0,3.7,77.0,0.0,1019.515,0.0,50.0,18.0,18.0,16.5,61.0,21.5,19.0,19.5,21.5,22.0,15.0,15.0,36.0,2.82999999999998,87.0,20.0,13.8,715.8,25.93,13.943,25.0,9.6,3.0,0.0,0.0,0.0,14.0,63.0,0.0,20.0,1.0,0.0,825.6,0.0,0.0,0.6,9.0,0.0,29.0,0.0,20.0,20.0,350.0,825.6,-50.0,0.0,0.0,0.0,0.0,400.0,0.0,0.0,0.0,0.0,0.0,0.0,49.0,712.1,4.442,34.5210425,13.7695717,36.0625,22.4662239999704,0.0,3.05433247863889,3.05433247863889,10.9870657820044,9.10161111111111,5.48471,0.0,0.0253249279355507,23.10000000000002
494.0,13.3,4.6,712.3,0.0,0.0,0.0,15.0,20.0,19.0,18.0,19.0,18.0,18.0,18.0,18.0,3.27658,18.0,26.0,1019.515,3670254.0,0.0,0.0,4.94652777777778,3.95722222222222,3.70989583333333,18.0,1573.2,1545.9,1176.0,1118.6,0.0,2892.0,0.0,0.0,710.0,2422.0,3.7,9.0,3.7,77.0,0.0,1019.515,0.0,50.0,18.0,18.0,16.5,61.0,21.5,19.0,19.5,21.5,22.0,15.0,15.0,36.0,2.82999999999998,87.0,20.0,13.8,715.8,25.93,13.943,25.0,9.6,3.0,0.0,0.0,0.0,14.0,63.0,0.0,20.0,1.0,0.0,825.6,0.0,0.0,0.6,9.0,0.0,29.0,0.0,20.0,20.0,350.0,825.6,-50.0,0.0,0.0,0.0,0.0,400.0,0.0,0.0,0.0,0.0,0.0,0.0,49.0,713.2,4.443,28.90588,13.760294,36.5625,22.4662239999704,0.0,3.05433247863889,3.05433247863889,10.9870657820044,9.10161111111111,5.48471,0.0,0.0253249279355507,23.10000000000002
495.0,13.3,-6.0,713.5,0.0,0.0,0.0,15.0,20.0,19.0,18.0,19.0,18.0,18.0,18.0,18.0,-4.281,18.0,26.0,1019.51555555556,3670256.0,0.0,0.0,4.95486111111111,3.96388888888889,3.71614583333333,18.0,1573.2,1545.9,1176.0,1118.6,0.0,2835.0,0.0,0.0,712.0,2422.0,3.7,9.0,3.7,40.0,0.0,1019.51555555556,0.0,50.0,18.0,18.0,16.5,61.0,21.5,19.0,19.5,21.5,22.0,15.0,15.0,35.0,2.81999999999999,87.0,20.0,13.8,716.7,25.84,13.95,25.0,2.1,3.0,0.0,0.0,0.0,14.0,63.0,0.0,20.0,1.0,0.0,825.6,0.0,0.0,0.6,9.0,0.0,29.0,0.0,20.0,20.0,350.0,825.6,-50.0,0.0,0.0,0.0,0.0,400.0,0.0,0.0,0.0,0.0,0.0,0.0,49.0,713.2,4.443,28.90588,13.760294,36.5625,22.5167378422253,0.0,3.07358719197222,3.07358719197222,-8.17565989254847,-12.2314285714286,-4.281,0.0,0.0253249279355507,23.02000000000001
496.0,13.3,-6.0,713.5,0.0,0.0,0.0,15.0,20.0,19.0,18.0,19.0,18.0,18.0,18.0,18.0,-4.281,18.0,26.0,1019.51555555556,3670256.0,0.0,0.0,4.95486111111111,3.96388888888889,3.71614583333333,18.0,1573.2,1545.9,1176.0,1118.6,0.0,2835.0,0.0,0.0,712.0,2422.0,3.7,9.0,3.7,40.0,0.0,1019.51555555556,0.0,50.0,18.0,18.0,16.5,61.0,21.5,19.0,19.5,21.5,22.0,15.0,15.0,35.0,2.81999999999999,87.0,20.0,13.8,716.7,25.84,13.95,25.0,2.1,3.0,0.0,0.0,0.0,14.0,63.0,0.0,20.0,1.0,0.0,825.6,0.0,0.0,0.6,9.0,0.0,29.0,0.0,20.0,20.0,350.0,825.6,-50.0,0.0,0.0,0.0,0.0,400.0,0.0,0.0,0.0,0.0,0.0,0.0,49.0,714.7,4.443,25.878575,13.760294,32.0,22.5167378422253,0.0,3.07358719197222,3.07358719197222,-8.17565989254847,-12.2314285714286,-4.281,0.0,0.0253249279355507,23.02000000000001
497.0,13.3,-18.0,714.9,0.0,0.0,0.0,15.0,20.0,19.0,18.0,19.0,18.0,18.0,18.0,18.0,-12.8682,18.0,26.0,1019.51611111111,3670258.0,0.0,0.0,4.96458333333333,3.97166666666667,3.7234375,18.0,1573.2,1545.9,1176.0,1118.6,0.0,2633.0,0.0,0.0,713.0,2422.0,3.72,9.0,3.72,40.0,0.0,1019.51611111111,0.0,50.0,18.5,18.5,16.5,61.0,21.5,19.0,19.5,21.5,22.0,15.0,15.0,32.0,2.32999999999998,87.0,20.0,13.787,719.5,32.49,13.949,25.0,-4.3,3.0,0.0,0.0,0.0,14.0,63.0,0.0,20.0,1.0,0.0,825.6,0.0,0.0,0.6,9.0,0.0,29.0,0.0,20.0,20.0,350.0,825.6,-50.0,0.0,0.0,0.0,0.0,400.0,0.0,0.0,0.0,0.0,0.0,0.0,49.0,714.7,4.443,25.878575,13.760294,32.0,22.5542200540804,0.0,3.09092035641667,3.09092035641667,-2.48675028364495,-40.213125,-12.8682,0.0,-0.0108113950637608,30.16000000000002
498.0,13.3,-18.0,714.9,0.0,0.0,0.0,15.0,20.0,19.0,18.0,19.0,18.0,18.0,18.0,18.0,-12.8682,18.0,26.0,1019.51611111111,3670258.0,0.0,0.0,4.96458333333333,3.97166666666667,3.7234375,18.0,1573.2,1545.9,1176.0,1118.6,0.0,2633.0,0.0,0.0,713.0,2422.0,3.72,9.0,3.72,40.0,0.0,1019.51611111111,0.0,50.0,18.5,18.5,16.5,61.0,21.5,19.0,19.5,21.5,22.0,15.0,15.0,32.0,2.32999999999998,87.0,20.0,13.787,719.5,32.49,13.949,25.0,-4.3,3.0,0.0,0.0,0.0,14.0,63.0,0.0,20.0,1.0,0.0,825.6,0.0,0.0,0.6,9.0,0.0,29.0,0.0,20.0,20.0,350.0,825.6,-50.0,0.0,0.0,0.0,0.0,400.0,0.0,0.0,0.0,0.0,0.0,0.0,49.0,715.3,4.442,13.28108,13.760294,28.0,22.5542200540804,0.0,3.09092035641667,3.09092035641667,-2.48675028364495,-40.213125,-12.8682,0.0,-0.0108113950637608,30.16000000000002
499.0,13.3,-18.4,715.1,0.0,0.0,0.0,15.0,20.0,19.0,18.0,19.0,18.0,18.0,18.0,18.0,-13.15784,18.0,26.0,1019.51666666667,3670260.0,0.0,0.0,4.96597222222222,3.97277777777778,3.72447916666667,18.0,1573.2,1545.9,1176.0,1118.6,0.0,2166.0,0.0,0.0,713.0,2422.0,3.72,9.0,3.72,49.0,0.0,1019.51666666667,0.0,50.0,18.0,18.0,16.5,61.0,21.5,19.0,19.5,21.5,22.0,15.0,15.0,26.0,3.05000000000001,87.0,20.0,13.796,719.6,29.79,13.976,25.0,-8.9,3.0,0.0,0.0,0.0,14.0,63.0,0.0,20.0,1.0,0.0,825.6,0.0,0.0,0.6,9.0,0.0,29.0,0.0,20.0,20.0,350.0,825.6,-50.0,0.0,0.0,0.0,0.0,400.0,0.0,0.0,0.0,0.0,0.0,0.0,49.0,715.3,4.442,13.28108,13.760294,28.0,22.5677875470612,0.0,3.10500542886111,3.10500542886111,-1.9760082201942,-50.6070769230769,-12.8718,0.0,-0.0360365416051231,26.739999999999988
500.0,13.3,-18.4,715.1,0.0,0.0,0.0,15.0,20.0,19.0,18.0,19.0,18.0,18.0,18.0,18.0,-13.15784,18.0,26.0,1019.51666666667,3670260.0,0.0,0.0,4.96597222222222,3.97277777777778,3.72447916666667,18.0,1573.2,1545.9,1176.0,1118.6,0.0,2166.0,0.0,0.0,713.0,2422.0,3.72,9.0,3.72,49.0,0.0,1019.51666666667,0.0,50.0,18.0,18.0,16.5,61.0,21.5,19.0,19.5,21.5,22.0,15.0,15.0,26.0,3.05000000000001,87.0,20.0,13.796,719.6,29.79,13.976,25.0,-8.9,3.0,0.0,0.0,0.0,14.0,63.0,0.0,20.0,1.0,0.0,825.6,0.0,0.0,0.6,9.0,0.0,29.0,0.0,20.0,20.0,350.0,825.6,-50.0,0.0,0.0,0.0,0.0,400.0,0.0,0.0,0.0,0.0,0.0,0.0,49.0,715.8,4.443,0.0,13.740762,24.40625,22.5677875470612,0.0,3.10500542886111,3.10500542886111,-1.9760082201942,-50.6070769230769,-12.8718,0.0,-0.0360365416051231,26.739999999999988
501.0,13.3,-18.9,715.5,0.0,0.0,0.0,15.0,20.0,19.0,18.0,19.0,18.0,18.0,18.0,18.0,-13.52295,18.0,26.0,1019.51722222222,3670262.0,0.0,0.0,4.96875,3.975,3.7265625,18.0,1573.2,1545.9,1176.0,1118.6,0.0,1469.0,0.0,0.0,713.0,2429.0,3.72,24.0,3.72,40.0,0.0,1019.51722222222,0.0,50.0,18.0,18.0,16.5,61.0,21.5,19.0,19.0,21.5,22.0,15.0,15.0,17.0,2.86000000000001,87.0,20.0,13.799,718.4,33.67,13.97,25.0,-55.0,3.0,0.0,0.0,0.0,14.0,63.0,0.0,20.0,1.0,0.0,825.6,0.0,0.0,0.6,9.0,0.0,29.0,0.0,20.0,20.0,350.0,825.6,-50.0,0.0,0.0,0.0,0.0,400.0,0.0,0.0,0.0,0.0,0.0,0.0,49.0,715.8,4.443,0.0,13.740762,24.40625,22.5459221987762,0.0,3.11422702125,3.11422702125,-1.25712215160154,-79.5467647058824,-13.52295,0.0,-0.0687032562278222,30.80999999999999
502.0,13.3,-18.9,715.5,0.0,0.0,0.0,15.0,20.0,19.0,18.0,19.0,18.0,18.0,18.0,18.0,-13.52295,18.0,26.0,1019.51722222222,3670262.0,0.0,0.0,4.96875,3.975,3.7265625,18.0,1573.2,1545.9,1176.0,1118.6,0.0,1469.0,0.0,0.0,713.0,2429.0,3.72,24.0,3.72,40.0,0.0,1019.51722222222,0.0,50.0,18.0,18.0,16.5,61.0,21.5,19.0,19.0,21.5,22.0,15.0,15.0,17.0,2.86000000000001,87.0,20.0,13.799,718.4,33.67,13.97,25.0,-55.0,3.0,0.0,0.0,0.0,14.0,63.0,0.0,20.0,1.0,0.0,825.6,0.0,0.0,0.6,9.0,0.0,29.0,0.0,20.0,20.0,350.0,825.6,-50.0,0.0,0.0,0.0,0.0,400.0,0.0,0.0,0.0,0.0,0.0,0.0,49.0,714.1,4.443,13.4275625,13.740762,12.0,22.5459221987762,0.0,3.11422702125,3.11422702125,-1.25712215160154,-79.5467647058824,-13.52295,0.0,-0.0687032562278222,30.80999999999999
503.0,13.3,-0.1,713.6,0.0,0.0,0.0,15.0,20.0,19.0,18.0,19.0,18.0,18.0,18.0,18.0,-0.07136,18.0,26.0,1019.51777777778,3670264.0,0.0,0.0,4.95555555555556,3.96444444444444,3.71666666666667,18.0,1573.3,1545.9,1176.1,1118.6,0.0,1074.0,0.0,0.0,712.0,2429.0,3.7,9.0,3.7,78.0,0.0,1019.51777777778,0.0,50.0,18.0,18.0,16.5,61.0,21.5,19.0,19.0,21.5,22.0,15.0,15.0,13.0,2.81999999999999,87.0,20.0,13.789,716.7,26.56,13.959,25.0,-56.2,3.0,0.0,0.0,0.0,14.0,63.0,0.0,20.0,1.0,0.0,825.6,0.0,0.0,0.6,9.0,0.0,29.0,0.0,20.0,20.0,350.0,825.6,-50.0,0.0,0.0,0.0,0.0,400.0,0.0,0.0,0.0,0.0,0.0,0.0,49.0,714.1,4.443,21.2399625,13.7715249,13.109375,22.5086494255373,0.0,3.12126583441667,3.12126583441667,-182.174887892377,-0.548923076923077,-0.07136,0.0,-0.0798743886650638,23.74000000000001
504.0,13.3,-0.1,713.6,0.0,0.0,0.0,15.0,20.0,19.0,18.0,19.0,18.0,18.0,18.0,18.0,-0.07136,18.0,26.0,1019.51777777778,3670264.0,0.0,0.0,4.95555555555556,3.96444444444444,3.71666666666667,18.0,1573.3,1545.9,1176.1,1118.6,0.0,1074.0,0.0,0.0,712.0,2429.0,3.7,9.0,3.7,78.0,0.0,1019.51777777778,0.0,50.0,18.0,18.0,16.5,61.0,21.5,19.0,19.0,21.5,22.0,15.0,15.0,13.0,2.81999999999999,87.0,20.0,13.789,716.7,26.56,13.959,25.0,-56.2,3.0,0.0,0.0,0.0,14.0,63.0,0.0,20.0,1.0,0.0,825.6,0.0,0.0,0.6,9.0,0.0,29.0,0.0,20.0,20.0,350.0,825.6,-50.0,0.0,0.0,0.0,0.0,400.0,0.0,0.0,0.0,0.0,0.0,0.0,49.0,713.8,4.443,21.2399625,13.7715249,13.109375,22.5086494255373,0.0,3.12126583441667,3.12126583441667,-182.174887892377,-0.548923076923077,-0.07136,0.0,-0.0798743886650638,23.74000000000001
505.0,13.3,1.2,713.5,0.0,0.0,0.0,15.0,20.0,19.0,18.0,19.0,18.0,18.0,18.0,18.0,0.8562,18.0,26.0,1019.51833333333,3670266.0,0.0,0.0,4.95486111111111,3.96388888888889,3.71614583333333,18.0,1573.3,1545.9,1176.1,1118.6,0.0,943.0,0.0,0.0,711.0,2429.0,3.7,24.0,3.7,78.0,0.0,1019.51833333333,0.0,50.0,18.0,18.0,16.5,61.0,21.5,19.0,19.0,21.5,22.0,15.0,15.0,12.0,2.93000000000001,87.0,20.0,13.822,716.5,27.65,13.948,25.0,9.2,3.0,0.0,0.0,0.0,14.0,63.0,0.0,20.0,1.0,0.0,825.6,0.0,0.0,0.6,9.0,0.0,29.0,0.0,20.0,20.0,350.0,825.6,-50.0,0.0,0.0,0.0,0.0,400.0,0.0,0.0,0.0,0.0,0.0,0.0,49.0,713.8,4.443,27.3922275,13.760294,12.3125,22.4678020866998,0.0,3.12775920675,3.12775920675,14.0154169586545,7.135,-0.07135,0.0,-0.0726282025031268,24.719999999999988
506.0,13.3,1.2,713.5,0.0,0.0,0.0,15.0,20.0,19.0,18.0,19.0,18.0,18.0,18.0,18.0,0.8562,18.0,26.0,1019.51833333333,3670266.0,0.0,0.0,4.95486111111111,3.96388888888889,3.71614583333333,18.0,1573.3,1545.9,1176.1,1118.6,0.0,943.0,0.0,0.0,711.0,2429.0,3.7,24.0,3.7,78.0,0.0,1019.51833333333,0.0,50.0,18.0,18.0,16.5,61.0,21.5,19.0,19.0,21.5,22.0,15.0,15.0,12.0,2.93000000000001,87.0,20.0,13.822,716.5,27.65,13.948,25.0,9.2,3.0,0.0,0.0,0.0,14.0,63.0,0.0,20.0,1.0,0.0,825.6,0.0,0.0,0.6,9.0,0.0,29.0,0.0,20.0,20.0,350.0,825.6,-50.0,0.0,0.0,0.0,0.0,400.0,0.0,0.0,0.0,0.0,0.0,0.0,49.0,713.2,4.443,27.3922275,13.760294,12.3125,22.4678020866998,0.0,3.12775920675,3.12775920675,14.0154169586545,7.135,-0.07135,0.0,-0.0726282025031268,24.719999999999988
507.0,13.3,2.6,713.2,0.0,0.0,0.0,15.0,20.0,19.0,18.0,19.0,18.0,18.0,18.0,18.0,1.85432,18.0,26.0,1019.51888888889,3670268.0,0.0,0.0,4.95277777777778,3.96222222222222,3.71458333333333,18.0,1573.3,1545.9,1176.1,1118.6,0.0,1050.0,0.0,0.0,711.0,2429.0,3.7,95.0,3.7,85.0,0.0,1019.51888888889,0.0,50.0,18.0,18.0,16.5,61.0,21.5,19.0,19.0,21.5,22.0,15.0,15.0,13.0,2.80000000000001,87.0,20.0,13.803,716.3,30.99,13.965,25.0,126.7,3.0,0.0,0.0,0.0,14.0,63.0,0.0,20.0,1.0,0.0,825.6,0.0,0.0,0.6,9.0,0.0,29.0,0.0,20.0,20.0,350.0,825.6,-50.0,0.0,0.0,0.0,0.0,400.0,0.0,0.0,0.0,0.0,0.0,0.0,49.0,713.2,4.443,28.90588,13.750528,13.71875,22.4299652545666,0.0,3.13502060122222,3.13502060122222,7.01065619742008,14.264,0.85584,0.0,-0.0726282025031268,28.189999999999987
508.0,13.4,-3.1,713.8,0.0,0.0,0.0,15.0,20.0,19.0,18.0,19.0,18.0,18.0,18.0,18.0,-2.21278,18.0,26.0,1019.51944444444,3670270.0,0.0,0.0,4.95694444444444,3.96555555555556,3.71770833333333,18.0,1573.3,1545.9,1176.1,1118.6,0.0,1042.0,0.0,0.0,712.0,2429.0,3.72,24.0,3.7,78.0,0.0,1019.51944444444,0.0,50.0,18.0,18.0,16.5,61.0,21.5,19.0,19.0,21.5,22.0,15.0,15.0,13.0,2.80000000000001,87.0,20.0,13.803,716.3,30.99,13.965,25.0,126.7,3.0,0.0,0.0,0.0,14.0,63.0,0.0,20.0,1.0,0.0,825.6,0.0,0.0,0.6,9.0,0.0,29.0,0.0,20.0,20.0,350.0,825.6,-50.0,0.0,0.0,0.0,0.0,400.0,0.0,0.0,0.0,0.0,0.0,0.0,49.0,713.4,4.443,28.90588,13.750528,13.71875,22.4299652545666,0.0,3.13502060122222,3.13502060122222,7.01065619742008,14.264,1.85588,0.0,-0.0726282025031268,28.189999999999987
509.0,13.4,-3.1,713.8,0.0,0.0,0.0,15.0,20.0,19.0,18.0,19.0,18.0,18.0,18.0,18.0,-2.21278,18.0,26.0,1019.51944444444,3670270.0,0.0,0.0,4.95694444444444,3.96555555555556,3.71770833333333,18.0,1573.3,1545.9,1176.1,1118.6,0.0,1042.0,0.0,0.0,712.0,2429.0,3.72,24.0,3.7,78.0,0.0,1019.51944444444,0.0,50.0,18.0,18.0,16.5,61.0,21.5,19.0,19.0,21.5,22.0,15.0,15.0,12.0,2.78000000000003,87.0,20.0,13.821,716.7,25.59,13.96,25.0,12.1,3.0,0.0,0.0,0.0,14.0,63.0,0.0,20.0,1.0,0.0,825.6,0.0,0.0,0.6,9.0,0.0,29.0,0.0,20.0,20.0,350.0,825.6,-50.0,0.0,0.0,0.0,0.0,400.0,0.0,0.0,0.0,0.0,0.0,0.0,49.0,713.4,4.443,38.3295875,13.7803143,13.0,22.3897367889143,0.0,3.14151474888889,3.14151474888889,-5.42304250761486,-18.4398333333333,1.85588,0.0,,22.80999999999997
510.0,13.4,4.5,713.0,0.0,0.0,0.0,15.0,20.0,19.0,18.0,19.0,18.0,18.0,18.0,18.0,3.2085,18.0,26.0,1019.52,3670272.0,0.0,0.0,4.95138888888889,3.96111111111111,3.71354166666667,18.0,1573.3,1545.9,1176.1,1118.6,0.0,1168.0,0.0,0.0,711.0,2417.0,3.7,34.0,3.7,78.0,0.0,1019.52,0.0,50.0,18.0,18.0,16.5,61.0,21.5,19.0,19.0,21.5,22.0,15.0,15.0,12.0,2.78000000000003,87.0,20.0,13.821,716.7,25.59,13.96,25.0,12.1,3.0,0.0,0.0,0.0,14.0,63.0,0.0,20.0,1.0,0.0,825.6,0.0,0.0,0.6,9.0,0.0,29.0,0.0,20.0,20.0,350.0,825.6,-50.0,0.0,0.0,0.0,0.0,400.0,0.0,0.0,0.0,0.0,0.0,0.0,49.0,712.9,4.443,38.3295875,13.7803143,13.0,22.3897367889143,0.0,3.14151474888889,3.14151474888889,-5.42304250761486,-18.4398333333333,-2.2103,0.0,,22.80999999999997
511.0,13.4,4.5,713.0,0.0,0.0,0.0,15.0,20.0,19.0,18.0,19.0,18.0,18.0,18.0,18.0,3.2085,18.0,26.0,1019.52,3670272.0,0.0,0.0,4.95138888888889,3.96111111111111,3.71354166666667,18.0,1573.3,1545.9,1176.1,1118.6,0.0,1168.0,0.0,0.0,711.0,2417.0,3.7,34.0,3.7,78.0,0.0,1019.52,0.0,50.0,18.0,18.0,16.5,61.0,21.5,19.0,19.0,21.5,22.0,15.0,15.0,15.0,2.75999999999999,87.0,20.0,13.817,716.4,26.61,13.97,25.0,-15.0,3.0,0.0,0.0,0.0,14.0,63.0,0.0,20.0,1.0,0.0,825.6,0.0,0.0,0.6,9.0,0.0,29.0,0.0,20.0,20.0,350.0,825.6,-50.0,0.0,0.0,0.0,0.0,400.0,0.0,0.0,0.0,0.0,0.0,0.0,49.0,712.9,4.443,32.519115,13.7803143,12.0,22.3612962690546,0.0,3.14964614430555,3.14964614430555,4.67508181393174,21.39,-2.2103,0.0,,23.85000000000001
512.0,13.3,6.7,712.8,0.0,0.0,0.0,15.0,20.0,19.0,18.0,19.0,18.0,18.0,18.0,18.0,4.77576,18.0,26.0,1019.52055555556,3670274.0,0.0,0.0,4.95,3.96,3.7125,18.0,1573.3,1545.9,1176.1,1118.6,0.0,1387.0,0.0,0.0,711.0,2417.0,3.7,9.0,3.7,64.0,0.0,1019.52055555556,0.0,50.0,18.0,18.0,16.5,61.0,21.5,19.0,19.0,21.5,22.0,15.0,15.0,15.0,2.75999999999999,87.0,20.0,13.817,716.4,26.61,13.97,25.0,-15.0,3.0,0.0,0.0,0.0,14.0,63.0,0.0,20.0,1.0,0.0,825.6,0.0,0.0,0.6,9.0,0.0,29.0,0.0,20.0,20.0,350.0,825.6,-50.0,0.0,0.0,0.0,0.0,400.0,0.0,0.0,0.0,0.0,0.0,0.0,49.0,712.8,4.443,32.519115,13.7803143,12.0,22.3612962690546,0.0,3.14964614430555,3.14964614430555,4.67508181393174,21.39,3.2076,0.0,,23.85000000000001
513.0,13.3,6.7,712.8,0.0,0.0,0.0,15.0,20.0,19.0,18.0,19.0,18.0,18.0,18.0,18.0,4.77576,18.0,26.0,1019.52055555556,3670274.0,0.0,0.0,4.95,3.96,3.7125,18.0,1573.3,1545.9,1176.1,1118.6,0.0,1387.0,0.0,0.0,711.0,2417.0,3.7,9.0,3.7,64.0,0.0,1019.52055555556,0.0,50.0,18.0,18.0,16.5,61.0,21.5,19.0,19.0,21.5,22.0,15.0,15.0,18.0,2.70999999999998,87.0,20.0,13.802,715.8,25.88,13.952,26.0,-9.6,3.0,0.0,0.0,0.0,14.0,63.0,0.0,20.0,1.0,0.0,825.6,0.0,0.0,0.6,9.0,0.0,29.0,0.0,20.0,20.0,350.0,825.6,-50.0,0.0,0.0,0.0,0.0,400.0,0.0,0.0,0.0,0.0,0.0,0.0,49.0,712.8,4.443,34.7163525,13.7695717,16.0,22.3445813286848,0.0,3.15940034730555,3.15940034730555,3.76903361977989,26.532,3.2076,0.0,,23.17000000000002
514.0,13.3,5.5,712.8,0.0,0.0,0.0,15.0,20.0,19.0,18.0,19.0,18.0,18.0,18.0,18.0,3.9204,18.0,26.0,1019.52111111111,3670276.0,0.0,0.0,4.95,3.96,3.7125,18.0,1573.3,1545.9,1176.1,1118.6,0.0,1631.0,0.0,0.0,711.0,2417.0,3.7,9.0,3.7,49.0,0.0,1019.52111111111,0.0,50.0,18.0,18.0,16.5,61.0,21.5,19.0,19.0,21.5,22.0,15.0,15.0,18.0,2.70999999999998,87.0,20.0,13.802,715.8,25.88,13.952,26.0,-9.6,3.0,0.0,0.0,0.0,14.0,63.0,0.0,20.0,1.0,0.0,825.6,0.0,0.0,0.6,9.0,0.0,29.0,0.0,20.0,20.0,350.0,825.6,-50.0,0.0,0.0,0.0,0.0,400.0,0.0,0.0,0.0,0.0,0.0,0.0,49.0,712.7,4.443,34.7163525,13.7695717,16.0,22.3445813286848,0.0,3.15940034730555,3.15940034730555,3.76903361977989,26.532,4.77576,0.0,,23.17000000000002
515.0,13.3,5.5,712.8,0.0,0.0,0.0,15.0,20.0,19.0,18.0,19.0,18.0,18.0,18.0,18.0,3.9204,18.0,26.0,1019.52111111111,3670276.0,0.0,0.0,4.95,3.96,3.7125,18.0,1573.3,1545.9,1176.1,1118.6,0.0,1631.0,0.0,0.0,711.0,2417.0,3.7,9.0,3.7,49.0,0.0,1019.52111111111,0.0,50.0,18.0,18.0,16.5,61.0,21.5,18.5,19.0,21.5,22.0,15.0,15.0,21.0,2.73000000000002,87.0,20.0,13.802,716.7,25.95,13.95,26.0,4.2,3.0,0.0,0.0,0.0,14.0,63.0,0.0,20.0,1.0,0.0,825.6,0.0,0.0,0.6,9.0,0.0,29.0,0.0,20.0,20.0,350.0,825.6,-50.0,0.0,0.0,0.0,0.0,400.0,0.0,0.0,0.0,0.0,0.0,0.0,49.0,712.7,4.443,25.878575,13.760294,20.921875,22.3393743071885,0.0,3.17094393938889,3.17094393938889,5.35659626568718,18.6685714285714,4.77576,0.0,,23.219999999999978
516.0,13.4,-10.4,714.4,0.0,0.0,0.0,15.0,20.0,19.0,18.0,19.0,18.0,18.0,18.0,18.0,-7.42976,18.0,26.0,1019.52166666667,3670278.0,0.0,0.0,4.96111111111111,3.96888888888889,3.72083333333333,18.0,1573.3,1545.9,1176.1,1118.6,0.0,1508.0,0.0,0.0,712.0,2417.0,3.72,9.0,3.7,41.0,0.0,1019.52166666667,0.0,50.0,18.0,18.0,16.5,61.0,21.5,18.5,19.0,21.5,22.0,15.0,15.0,21.0,2.73000000000002,87.0,20.0,13.802,716.7,25.95,13.95,26.0,4.2,3.0,0.0,0.0,0.0,14.0,63.0,0.0,20.0,1.0,0.0,825.6,0.0,0.0,0.6,9.0,0.0,29.0,0.0,20.0,20.0,350.0,825.6,-50.0,0.0,0.0,0.0,0.0,400.0,0.0,0.0,0.0,0.0,0.0,0.0,49.0,714.2,4.443,25.878575,13.760294,20.921875,22.3393743071885,0.0,3.17094393938889,3.17094393938889,5.35659626568718,18.6685714285714,3.9292,0.0,,23.219999999999978
517.0,13.4,-10.4,714.4,0.0,0.0,0.0,15.0,20.0,19.0,18.0,19.0,18.0,18.0,18.0,18.0,-7.42976,18.0,26.0,1019.52166666667,3670278.0,0.0,0.0,4.96111111111111,3.96888888888889,3.72083333333333,18.0,1573.3,1545.9,1176.1,1118.6,0.0,1508.0,0.0,0.0,712.0,2417.0,3.72,9.0,3.7,41.0,0.0,1019.52166666667,0.0,50.0,18.0,18.0,16.5,61.0,21.5,19.0,19.0,21.5,22.0,15.0,15.0,18.0,2.70999999999998,87.0,20.0,13.802,717.2,25.7,13.952,26.0,2.5,3.0,0.0,0.0,0.0,14.0,63.0,0.0,20.0,1.0,0.0,825.6,0.0,0.0,0.6,9.0,0.0,29.0,0.0,20.0,20.0,350.0,825.6,-50.0,0.0,0.0,0.0,0.0,400.0,0.0,0.0,0.0,0.0,0.0,0.0,49.0,714.2,4.443,16.0642475,13.760294,17.609375,22.3228453398488,0.0,3.18071330138889,3.18071330138889,-2.42268929279008,-41.2764444444444,3.9292,0.0,,22.99000000000002
518.0,13.3,-5.8,714.1,0.0,0.0,0.0,15.0,20.0,19.0,18.0,19.0,18.0,18.0,18.0,18.0,-4.14178,18.0,26.0,1019.52222222222,3670280.0,0.0,0.0,4.95902777777778,3.96722222222222,3.71927083333333,18.0,1573.3,1545.9,1176.1,1118.6,0.0,1248.0,0.0,0.0,712.0,2422.0,3.72,9.0,3.7,77.0,0.0,1019.52222222222,0.0,50.0,18.0,18.0,16.5,61.0,21.5,19.0,19.0,21.5,22.0,15.0,15.0,18.0,2.70999999999998,87.0,20.0,13.802,717.2,25.7,13.952,26.0,2.5,3.0,0.0,0.0,0.0,14.0,63.0,0.0,20.0,1.0,0.0,825.6,0.0,0.0,0.6,9.0,0.0,29.0,0.0,20.0,20.0,350.0,825.6,-50.0,0.0,0.0,0.0,0.0,400.0,0.0,0.0,0.0,0.0,0.0,0.0,49.0,714.1,4.443,16.0642475,13.760294,17.609375,22.3228453398488,0.0,3.18071330138889,3.18071330138889,-2.42268929279008,-41.2764444444444,-4.14178,0.0,,22.99000000000002
519.0,13.3,-5.8,714.1,0.0,0.0,0.0,15.0,20.0,19.0,18.0,19.0,18.0,18.0,18.0,18.0,-4.14178,18.0,26.0,1019.52222222222,3670280.0,0.0,0.0,4.95902777777778,3.96722222222222,3.71927083333333,18.0,1573.3,1545.9,1176.1,1118.6,0.0,1248.0,0.0,0.0,712.0,2422.0,3.72,9.0,3.7,77.0,0.0,1019.52222222222,0.0,50.0,18.0,18.0,16.5,61.0,21.5,18.5,19.0,21.5,22.0,15.0,15.0,15.0,2.69999999999999,87.0,20.0,13.803,716.9,25.45,13.95,26.0,9.2,3.0,0.0,0.0,0.0,14.0,63.0,0.0,20.0,1.0,0.0,825.6,0.0,0.0,0.6,9.0,0.0,29.0,0.0,20.0,20.0,350.0,825.6,-50.0,0.0,0.0,0.0,0.0,400.0,0.0,0.0,0.0,0.0,0.0,0.0,49.0,714.1,4.443,18.4079675,13.760294,12.0,22.2951821371102,0.0,3.18881791055555,3.18881791055555,-3.62163127930503,-27.6118666666667,-4.14178,0.0,,22.75000000000001
520.0,13.3,-4.1,713.9,0.0,0.0,0.0,15.0,20.0,19.0,18.0,19.0,18.0,18.0,18.0,18.0,-2.92699,18.0,26.0,1019.52277777778,3670282.0,0.0,0.0,4.95763888888889,3.96611111111111,3.71822916666667,18.0,1573.3,1545.9,1176.1,1118.6,0.0,1036.0,0.0,0.0,712.0,2422.0,3.72,9.0,3.7,13.0,0.0,1019.52277777778,0.0,50.0,18.0,18.0,16.5,61.0,21.5,18.5,19.0,21.5,22.0,15.0,15.0,15.0,2.69999999999999,87.0,20.0,13.803,716.9,25.45,13.95,26.0,9.2,3.0,0.0,0.0,0.0,14.0,63.0,0.0,20.0,1.0,0.0,825.6,0.0,0.0,0.6,9.0,0.0,29.0,0.0,20.0,20.0,350.0,825.6,-50.0,0.0,0.0,0.0,0.0,400.0,0.0,0.0,0.0,0.0,0.0,0.0,49.0,714.0,4.443,18.4079675,13.760294,12.0,22.2951821371102,0.0,3.18881791055555,3.18881791055555,-3.62163127930503,-27.6118666666667,-2.92699,0.0,,22.75000000000001
521.0,13.3,-4.1,713.9,0.0,0.0,0.0,15.0,20.0,19.0,18.0,19.0,18.0,18.0,18.0,18.0,-2.92699,18.0,26.0,1019.52277777778,3670282.0,0.0,0.0,4.95763888888889,3.96611111111111,3.71822916666667,18.0,1573.3,1545.9,1176.1,1118.6,0.0,1036.0,0.0,0.0,712.0,2422.0,3.72,9.0,3.7,13.0,0.0,1019.52277777778,0.0,50.0,18.0,18.0,16.5,61.0,21.5,18.5,19.0,21.5,22.0,15.0,15.0,12.0,2.68000000000001,87.0,20.0,13.797,716.9,26.79,13.95,26.0,69.6,3.0,0.0,0.0,0.0,14.0,63.0,0.0,20.0,1.0,0.0,825.6,0.0,0.0,0.6,9.0,0.0,29.0,0.0,20.0,20.0,350.0,825.6,-50.0,0.0,0.0,0.0,0.0,400.0,0.0,0.0,0.0,0.0,0.0,0.0,49.0,714.0,4.443,15.23418,13.750528,12.375,22.2551313323179,0.0,3.19552093722222,3.19552093722222,-4.09977485403093,-24.3915833333333,-2.92699,0.0,-0.0215428021499803,24.10999999999999
522.0,13.3,-6.5,714.2,0.0,0.0,0.0,15.0,20.0,19.0,18.0,19.0,18.0,18.0,18.0,18.0,-4.6423,18.0,26.0,1019.52333333333,3670284.0,0.0,0.0,4.95972222222222,3.96777777777778,3.71979166666667,18.0,1573.3,1545.9,1176.1,1118.6,0.0,742.0,0.0,0.0,712.0,2422.0,3.72,9.0,3.7,40.0,0.0,1019.52333333333,0.0,50.0,18.0,18.0,16.5,61.0,21.5,18.5,19.0,21.5,22.0,15.0,15.0,12.0,2.68000000000001,87.0,20.0,13.797,716.9,26.79,13.95,26.0,69.6,3.0,0.0,0.0,0.0,14.0,63.0,0.0,20.0,1.0,0.0,825.6,0.0,0.0,0.6,9.0,0.0,29.0,0.0,20.0,20.0,350.0,825.6,-50.0,0.0,0.0,0.0,0.0,400.0,0.0,0.0,0.0,0.0,0.0,0.0,49.0,714.2,4.443,15.23418,13.750528,12.375,22.2551313323179,0.0,3.19552093722222,3.19552093722222,-4.09977485403093,-24.3915833333333,-4.6423,0.0,-0.0215428021499803,24.10999999999999
523.0,13.3,-6.5,714.2,0.0,0.0,0.0,15.0,20.0,19.0,18.0,19.0,18.0,18.0,18.0,18.0,-4.6423,18.0,26.0,1019.52333333333,3670284.0,0.0,0.0,4.95972222222222,3.96777777777778,3.71979166666667,18.0,1573.3,1545.9,1176.1,1118.6,0.0,742.0,0.0,0.0,712.0,2422.0,3.72,9.0,3.7,40.0,0.0,1019.52333333333,0.0,50.0,18.0,18.0,16.5,61.0,21.5,18.5,19.0,21.5,22.0,15.0,15.0,8.0,2.76999999999998,87.0,20.0,13.783,717.4,34.41,13.976,26.0,92.7,3.0,0.0,0.0,0.0,14.0,63.0,0.0,20.0,1.0,0.0,825.6,0.0,0.0,0.6,9.0,0.0,29.0,0.0,20.0,20.0,350.0,825.6,-50.0,0.0,0.0,0.0,0.0,400.0,0.0,0.0,0.0,0.0,0.0,0.0,49.0,714.2,4.443,6.5917125,13.7397854,4.0,22.2015507544184,0.0,3.19985477477778,3.19985477477778,-1.72328371712298,-58.02875,-4.6423,0.0,-0.046847487398417,31.640000000000015
524.0,13.3,-0.5,713.7,0.0,0.0,0.0,15.0,20.0,19.0,18.0,19.0,18.0,18.0,18.0,18.0,-0.35685,18.0,26.0,1019.52388888889,3670286.0,0.0,0.0,4.95625,3.965,3.7171875,18.0,1573.3,1545.9,1176.1,1118.6,0.0,259.0,0.0,0.0,712.0,2422.0,3.72,9.0,3.7,77.0,0.0,1019.52388888889,0.0,50.0,18.0,18.0,16.5,61.0,22.0,18.5,19.0,22.0,22.0,15.0,15.0,2.0,2.76999999999998,87.0,20.0,13.783,717.4,34.41,13.976,26.0,92.7,3.0,0.0,0.0,0.0,14.0,63.0,0.0,20.0,1.0,0.0,825.6,0.0,0.0,0.6,9.0,0.0,29.0,0.0,20.0,20.0,350.0,825.6,-50.0,0.0,0.0,0.0,0.0,400.0,0.0,0.0,0.0,0.0,0.0,0.0,49.0,713.9,4.443,6.5917125,13.7397854,4.0,22.1245979467602,0.0,3.20095701066667,3.20095701066667,-5.60459576853019,-17.8425,-4.63905,0.0,-0.0574384828380507,31.640000000000015
525.0,13.3,-0.5,713.7,0.0,0.0,0.0,15.0,20.0,19.0,18.0,19.0,18.0,18.0,18.0,18.0,-0.35685,18.0,26.0,1019.52388888889,3670286.0,0.0,0.0,4.95625,3.965,3.7171875,18.0,1573.3,1545.9,1176.1,1118.6,0.0,259.0,0.0,0.0,712.0,2422.0,3.72,9.0,3.7,77.0,0.0,1019.52388888889,0.0,50.0,18.0,18.0,16.5,61.0,22.0,18.5,19.0,22.0,22.0,15.0,15.0,2.0,2.10000000000002,87.0,20.0,13.736,716.7,36.49,13.972,26.0,-119.7,3.0,0.0,0.0,0.0,14.0,63.0,0.0,20.0,1.0,0.0,825.6,0.0,0.0,0.6,9.0,0.0,29.0,0.0,20.0,20.0,350.0,825.6,-50.0,0.0,0.0,0.0,0.0,400.0,0.0,0.0,0.0,0.0,0.0,0.0,49.0,713.9,4.443,2.7831675,13.7104874,0.0,22.1245979467602,0.0,3.20095701066667,3.20095701066667,-5.60459576853019,-17.8425,-4.63905,0.0,-0.0574384828380507,34.38999999999998
526.0,13.3,0.6,713.5,0.0,0.0,0.0,15.0,20.0,19.0,18.0,19.0,18.0,18.0,18.0,18.0,0.4281,18.0,26.0,1019.52444444444,3670288.0,0.0,0.0,4.95486111111111,3.96388888888889,3.71614583333333,18.0,1573.3,1545.9,1176.1,1118.6,0.0,105.0,0.0,0.0,711.0,2422.0,3.7,24.0,3.7,77.0,0.0,1019.52444444444,0.0,50.0,18.0,18.0,16.5,61.0,22.0,18.5,19.0,22.0,22.0,15.0,15.0,1.0,2.10000000000002,87.0,20.0,13.736,716.7,36.49,13.972,26.0,-119.7,3.0,0.0,0.0,0.0,14.0,63.0,0.0,20.0,1.0,0.0,825.6,0.0,0.0,0.6,9.0,0.0,29.0,0.0,20.0,20.0,350.0,825.6,-50.0,0.0,0.0,0.0,0.0,400.0,0.0,0.0,0.0,0.0,0.0,0.0,49.0,713.5,4.443,2.7831675,13.7104874,0.0,22.0447730071518,0.0,3.20150579122222,3.20150579122222,2.33590282644242,42.81,-0.35675,0.0,-0.0500655013813872,34.38999999999998
527.0,13.3,0.6,713.5,0.0,0.0,0.0,15.0,20.0,19.0,18.0,19.0,18.0,18.0,18.0,18.0,0.4281,18.0,26.0,1019.52444444444,3670288.0,0.0,0.0,4.95486111111111,3.96388888888889,3.71614583333333,18.0,1573.3,1545.9,1176.1,1118.6,0.0,105.0,0.0,0.0,711.0,2422.0,3.7,24.0,3.7,77.0,0.0,1019.52444444444,0.0,50.0,18.0,18.0,16.5,61.0,22.0,18.5,19.0,22.0,22.0,15.0,15.0,1.0,3.13999999999999,87.0,20.0,13.836,716.7,26.36,13.98,26.0,10.8,3.0,0.0,0.0,0.0,14.0,63.0,0.0,20.0,1.0,0.0,825.6,0.0,0.0,0.6,9.0,0.0,29.0,0.0,20.0,20.0,350.0,825.6,-50.0,0.0,0.0,0.0,0.0,400.0,0.0,0.0,0.0,0.0,0.0,0.0,49.0,713.5,4.443,20.89817,13.7915452,1.578125,22.0447730071518,0.0,3.20150579122222,3.20150579122222,2.33590282644242,42.81,-0.35675,0.0,-0.0500655013813872,23.22000000000001
528.0,13.3,0.3,713.5,0.0,0.0,0.0,15.0,20.0,19.0,18.0,19.0,18.0,18.0,18.0,18.0,0.21405,18.0,26.0,1019.525,3670290.0,0.0,0.0,4.95486111111111,3.96388888888889,3.71614583333333,18.0,1573.3,1545.9,1176.1,1118.6,0.0,74.0,0.0,0.0,712.0,2420.0,3.7,9.0,3.7,49.0,0.0,1019.525,0.0,50.0,18.0,18.0,16.5,61.0,22.0,18.5,19.0,22.0,22.0,15.0,15.0,0.0,3.13999999999999,87.0,20.0,13.836,716.7,26.36,13.98,26.0,10.8,3.0,0.0,0.0,0.0,14.0,63.0,0.0,20.0,1.0,0.0,825.6,0.0,0.0,0.6,9.0,0.0,29.0,0.0,20.0,20.0,350.0,825.6,-50.0,0.0,0.0,0.0,0.0,400.0,0.0,0.0,0.0,0.0,0.0,0.0,49.0,713.5,4.443,20.89817,13.7915452,1.578125,21.962851636421,0.0,3.20150579122222,3.20150579122222,0.0,42.81,0.4281,0.0,-0.0432446922406599,23.22000000000001
529.0,13.3,0.3,713.5,0.0,0.0,0.0,15.0,20.0,19.0,18.0,19.0,18.0,18.0,18.0,18.0,0.21405,18.0,26.0,1019.525,3670290.0,0.0,0.0,4.95486111111111,3.96388888888889,3.71614583333333,18.0,1573.3,1545.9,1176.1,1118.6,0.0,74.0,0.0,0.0,712.0,2420.0,3.7,9.0,3.7,49.0,0.0,1019.525,0.0,50.0,18.0,18.0,16.5,61.0,22.0,18.5,19.0,22.0,22.0,15.0,15.0,0.0,2.65000000000003,87.0,20.0,13.794,716.8,31.1,13.963,26.0,-3.1,3.0,0.0,0.0,0.0,14.0,63.0,0.0,20.0,1.0,0.0,825.6,0.0,0.0,0.6,9.0,0.0,29.0,0.0,20.0,20.0,350.0,825.6,-50.0,0.0,0.0,0.0,0.0,400.0,0.0,0.0,0.0,0.0,0.0,0.0,49.0,713.5,4.443,0.0,13.750528,0.21875,21.962851636421,0.0,3.20150579122222,3.20150579122222,0.0,42.81,0.4281,0.0,-0.0432446922406599,28.44999999999997
530.0,13.3,0.6,713.5,0.0,0.0,0.0,15.0,20.0,19.0,18.0,19.0,18.0,18.0,18.0,18.0,0.4281,18.0,26.0,1019.52555555556,3670292.0,0.0,0.0,4.95486111111111,3.96388888888889,3.71614583333333,18.0,1573.3,1545.9,1176.1,1118.6,0.0,-6.0,0.0,0.0,711.0,2420.0,3.7,9.0,3.7,64.0,0.0,1019.52555555556,0.0,50.0,18.0,18.0,16.5,61.0,22.0,18.5,19.0,22.0,22.0,15.0,15.0,0.0,2.65000000000003,87.0,20.0,13.794,716.8,31.1,13.963,26.0,-3.1,3.0,0.0,0.0,0.0,14.0,63.0,0.0,20.0,1.0,0.0,825.6,0.0,0.0,0.6,9.0,0.0,29.0,0.0,20.0,20.0,350.0,825.6,-50.0,0.0,0.0,0.0,0.0,400.0,0.0,0.0,0.0,0.0,0.0,0.0,49.0,713.5,4.443,0.0,13.750528,0.21875,21.8802903856126,0.0,3.20150579122222,3.20150579122222,0.0,42.81,0.21405,0.0,-0.0287206715729206,28.44999999999997
531.0,13.3,0.6,713.5,0.0,0.0,0.0,15.0,20.0,19.0,18.0,19.0,18.0,18.0,18.0,18.0,0.4281,18.0,26.0,1019.52555555556,3670292.0,0.0,0.0,4.95486111111111,3.96388888888889,3.71614583333333,18.0,1573.3,1545.9,1176.1,1118.6,0.0,-6.0,0.0,0.0,711.0,2420.0,3.7,9.0,3.7,64.0,0.0,1019.52555555556,0.0,50.0,18.0,18.0,16.5,61.0,22.0,18.5,19.0,22.0,22.0,15.0,15.0,0.0,2.57999999999998,87.0,20.0,13.766,716.7,30.66,13.988,26.0,-2.8,3.0,0.0,0.0,0.0,14.0,63.0,0.0,20.0,1.0,0.0,825.6,0.0,0.0,0.6,9.0,0.0,29.0,0.0,20.0,20.0,350.0,825.6,-50.0,0.0,0.0,0.0,0.0,400.0,0.0,0.0,0.0,0.0,0.0,0.0,49.0,713.5,4.443,0.0,13.7915452,0.0625,21.8802903856126,0.0,3.20150579122222,3.20150579122222,0.0,,0.21405,0.0,-0.0287206715729206,28.08000000000002
532.0,12.8,0.0,713.6,0.0,0.0,0.0,15.0,20.0,19.0,18.0,19.0,18.0,18.0,18.0,18.0,0.0,18.0,26.0,1019.52583333333,3670293.0,0.0,0.0,4.95555555555556,3.96444444444444,3.71666666666667,18.0,1573.3,1545.9,1176.1,1118.6,0.0,0.0,0.0,0.0,2.0,2420.0,3.7,9.0,3.7,77.0,0.0,1019.52583333333,0.0,50.0,18.0,18.0,16.5,61.0,22.0,18.5,19.0,22.0,22.0,15.0,15.0,0.0,2.57999999999998,87.0,20.0,13.766,716.7,30.66,13.988,26.0,-2.8,3.0,0.0,0.0,0.0,14.0,63.0,0.0,20.0,1.0,0.0,825.6,0.0,0.0,0.6,9.0,0.0,29.0,0.0,20.0,20.0,350.0,825.6,-50.0,0.0,0.0,0.0,0.0,400.0,0.0,0.0,0.0,0.0,0.0,0.0,49.0,713.6,4.443,0.0,13.7915452,0.0625,21.7995871658492,0.0,3.20150579122222,3.20150579122222,0.0,,0.42816,0.0,-0.0072114131242648,28.08000000000002
533.0,12.8,0.0,713.6,0.0,0.0,0.0,15.0,20.0,19.0,18.0,19.0,18.0,18.0,18.0,18.0,0.0,18.0,26.0,1019.52583333333,3670293.0,0.0,0.0,4.95555555555556,3.96444444444444,3.71666666666667,18.0,1573.3,1545.9,1176.1,1118.6,0.0,0.0,0.0,0.0,2.0,2420.0,3.7,9.0,3.7,77.0,0.0,1019.52583333333,0.0,50.0,18.0,18.0,16.5,61.0,22.0,18.5,19.0,22.0,22.0,15.0,15.0,0.0,2.84000000000003,87.0,20.0,13.837,2.9,0.11,12.971,26.0,0.0,0.0,0.0,0.0,0.0,14.0,63.0,0.0,20.0,0.0,0.0,825.6,0.0,0.0,0.6,9.0,0.0,29.0,0.0,20.0,20.0,350.0,825.6,-50.0,0.0,0.0,0.0,0.0,400.0,0.0,0.0,0.0,0.0,0.0,0.0,49.0,713.6,4.443,0.0,12.920418,0.0,21.7995871658492,0.0,3.20150579122222,3.20150579122222,0.0,,0.42816,0.0,-0.0072114131242648,-2.73000000000003
534.0,12.7,0.0,713.6,0.0,0.0,0.0,15.0,20.0,19.0,18.0,19.0,18.0,18.0,18.0,18.0,0.0,18.0,26.0,1019.52638888889,3670295.0,0.0,0.0,4.95555555555556,3.96444444444444,3.71666666666667,18.0,1573.3,1545.9,1176.1,1118.6,0.0,0.0,0.0,0.0,2.0,2420.0,3.7,34.0,3.7,77.0,0.0,1019.52638888889,0.0,50.0,18.0,18.0,16.5,61.0,22.0,18.5,19.0,22.0,22.0,15.0,15.0,0.0,2.84000000000003,87.0,20.0,13.837,2.9,0.11,12.971,26.0,0.0,0.0,0.0,0.0,0.0,14.0,63.0,0.0,20.0,0.0,0.0,825.6,0.0,0.0,0.6,9.0,0.0,29.0,0.0,20.0,20.0,350.0,825.6,-50.0,0.0,0.0,0.0,0.0,400.0,0.0,0.0,0.0,0.0,0.0,0.0,49.0,713.6,4.443,0.0,12.920418,0.0,21.7206913668667,0.0,3.20150579122222,3.20150579122222,0.0,,0.0,0.0,-0.0036312543561376,-2.73000000000003
535.0,12.7,0.0,713.6,0.0,0.0,0.0,15.0,20.0,19.0,18.0,19.0,18.0,18.0,18.0,18.0,0.0,18.0,26.0,1019.52638888889,3670295.0,0.0,0.0,4.95555555555556,3.96444444444444,3.71666666666667,18.0,1573.3,1545.9,1176.1,1118.6,0.0,0.0,0.0,0.0,2.0,2420.0,3.7,34.0,3.7,77.0,0.0,1019.52638888889,0.0,50.0,18.0,18.0,16.5,61.0,22.0,18.5,19.0,22.0,22.0,15.0,15.0,0.0,2.84000000000003,87.0,20.0,13.837,3.8,0.41,12.906,25.0,0.0,0.0,0.0,0.0,0.0,14.0,63.0,0.0,20.0,0.0,0.0,825.6,0.0,0.0,0.6,9.0,0.0,29.0,0.0,20.0,20.0,350.0,825.6,-50.0,0.0,0.0,0.0,0.0,400.0,0.0,0.0,0.0,0.0,0.0,0.0,49.0,713.6,4.443,0.0,12.8505911,0.0,21.7206913668667,0.0,3.20150579122222,3.20150579122222,,,0.0,0.0,-0.0036312543561376,-2.43000000000003
536.0,12.7,0.0,713.5,0.0,0.0,0.0,15.0,20.0,19.0,18.0,19.0,18.0,18.0,18.0,18.0,0.0,18.0,26.0,1019.52694444444,3670297.0,0.0,0.0,4.95486111111111,3.96388888888889,3.71614583333333,18.0,1573.3,1545.9,1176.1,1118.6,0.0,0.0,0.0,0.0,2.0,2420.0,3.7,9.0,3.7,73.0,0.0,1019.52694444444,0.0,50.0,18.0,18.0,16.5,61.0,22.0,18.5,19.0,22.0,22.0,15.0,15.0,0.0,2.84000000000003,87.0,20.0,13.837,3.8,0.41,12.906,25.0,0.0,0.0,0.0,0.0,0.0,14.0,63.0,0.0,20.0,0.0,0.0,825.6,0.0,0.0,0.6,9.0,0.0,29.0,0.0,20.0,20.0,350.0,825.6,-50.0,0.0,0.0,0.0,0.0,400.0,0.0,0.0,0.0,0.0,0.0,0.0,49.0,713.6,4.443,0.0,12.8505911,0.0,21.6386873577541,0.0,3.20150579122222,3.20150579122222,,,0.0,0.0,0.0,-2.43000000000003
537.0,12.7,0.0,713.5,0.0,0.0,0.0,15.0,20.0,19.0,18.0,19.0,18.0,18.0,18.0,18.0,0.0,18.0,26.0,1019.52694444444,3670297.0,0.0,0.0,4.95486111111111,3.96388888888889,3.71614583333333,18.0,1573.3,1545.9,1176.1,1118.6,0.0,0.0,0.0,0.0,2.0,2420.0,3.7,9.0,3.7,73.0,0.0,1019.52694444444,0.0,50.0,18.0,18.0,16.5,61.0,22.0,18.5,19.0,22.0,22.0,15.0,15.0,0.0,2.84000000000003,87.0,20.0,13.837,3.8,0.55,12.826,25.0,0.0,0.0,0.0,0.0,0.0,14.0,63.0,0.0,20.0,0.0,0.0,825.6,0.0,0.0,0.6,9.0,0.0,29.0,0.0,20.0,20.0,350.0,825.6,-50.0,0.0,0.0,0.0,0.0,400.0,0.0,0.0,0.0,0.0,0.0,0.0,49.0,713.6,4.443,0.0,12.7802759,0.0,21.6386873577541,0.0,3.20150579122222,3.20150579122222,,,0.0,0.0,0.0,-2.2900000000000302
