time,[BMS] Auxillary Battery Voltage (V),[BMS] Battery Current (A),[BMS] Battery DC Voltage (V),[BMS] Battery Fan Duty Feedback (%),[BMS] Battery Fan Feedback (Hz),[BMS] Battery Fan Status (),[BMS] Battery management (),[BMS] Battery Pack B01 (℉),[BMS] Battery Pack B02 (℉),[BMS] Battery Pack B03 (℉),[BMS] Battery Pack B04 (℉),[BMS] Battery Pack B05 (℉),[BMS] Battery Power (hp),[BMS] Battery temperature at WCS input (℉),[BMS] Battery temperature PRA (℉),[BMS] Battery work time total (h) (h),[BMS] Battery work time total (sec.) (sec.),[BMS] BMS Ignition (),[BMS] BMS Main Relay (),[BMS] CALC Average Cell Voltage 58kWh (V),[BMS] CALC Average Cell Voltage 72kWh (V),[BMS] CALC Average Cell Voltage 77kWh (V),[BMS] Cumulative Charge Current (Ah),[BMS] Cumulative Discharge Current (Ah),[BMS] Cumulative Energy Charged (kWh),[BMS] Cumulative Energy Discharged (kWh),[BMS] DATC A/C Compressor operation RPM var.1 (rpm),[BMS] Drive Motor Speed 1 (rpm),[BMS] Drive Motor Speed 2 (rpm),[BMS] HV_Charging (),[BMS] Inverter Capacitor Voltage (V),[BMS] Isolation Resistance (kOhm),[BMS] Maximum Cell Voltage (V),[BMS] Maximum Cell Voltage No (),[BMS] Minimum Cell Voltage (V),[BMS] Minimum Cell Voltage No (),[BMS] Normal Charge Port (),[BMS] Operating Time (Hours),[BMS] Rapid Charge Port (),[BMS] State of Charge BMS (%),[HVAC] Coolant temperature #1 (℉),[HVAC] Evaporator Temperature (℉),[HVAC] Humidity sensor for automatic defogger (%),[HVAC] Interior temperature: driver legs vent (℉),[HVAC] Interior temperature: driver vent (℉),[HVAC] Interior temperature: front (℉),[HVAC] Outside temperature (℉),[ICCU] Aux. Battery Current (A),[ICCU] Aux. Battery State of Charge (%),[ICCU] Aux. Battery Voltage (V),[ICCU] LDC Input Voltage (V),[ICCU] LDC Output Current (A),[ICCU] LDC Output Voltage (V),[PS] Absolute wheels turn angle (°),[PS] MDPS motor current (A),[VCMS] 400V Relay On/Off request (),[VCMS] 400V Relay Status (),[VCMS] AC Charger current (A),[VCMS] AC Charging Counter (),[VCMS] AC Charging Time (Hours),[VCMS] AC Charging Time after plug-in (min),[VCMS] AC Inlet temperature 1 (℉),[VCMS] Battery main relay status (),[VCMS] BMS Target current (A),[VCMS] BMS Target voltage (V),[VCMS] Charging socket connected (),[VCMS] CP duty cycle (%),[VCMS] CP voltage (V),[VCMS] Cumulative DC Charging time (h),[VCMS] DC Charger current capability (A),[VCMS] DC Charging counter (),[VCMS] DC Charging time after plug-in (min),[VCMS] DC Inlet Temperature 1 (℉),[VCMS] DC Inlet Temperature 2 (℉),[VCMS] EV Max Current (A),[VCMS] EV Max Voltage (V),[VCMS] EVSE Current regulation tolerance Value (A),[VCMS] EVSE Delivered Power Value (Wh),[VCMS] EVSE Main Power (hp),[VCMS] EVSE Maximum Current Value (A),[VCMS] EVSE Maximum Power value (W),[VCMS] EVSE Maximum Voltage Value (V),[VCMS] EVSE Minimum Current Value (A),[VCMS] EVSE Minimum Voltage Value (V),[VCMS] EVSE Output Current (A),[VCMS] EVSE Output Voltage (V),[VCMS] EVSE Target Current (A),[VCMS] EVSE Target Voltage (V),[VCMS] HV Battery SoC (%),[VCMS] HV Battery Voltage (V),[VCMS] PD voltage (V),[VCS] Accelerator pedal position (%),[VCS] Aux. battery voltage (V),Average speed (mph),Calculated instant fuel consumption (MPG),DC Charger Power (hp),Distance travelled (total) (miles),EV Instant Energy Consumption (km/kWh),EV Instant Energy Consumption [kWh/100km] (mi/kWh),Hybrid/EV Charger Power (hp),Vehicle acceleration (g),[BMS] Battery Inlet Temperature (℃),[BMS] Battery Max Temperature (℃),[BMS] Battery Min Temperature (℃),[BMS] Coolant temperature 2 (℃),[HVAC] Coolant temperature 1 (℃),[HVAC] Indoor Temperature (℃),[HVAC] Inverter temperature (℃),[HVAC] Outdoor Temperature (℃),[ICCU] Aux. Battery Temperature (℃),[ICCU] LDC Temperature (℃),[VCS] Vehicle speed (high res.) (km/h),[HVAC] Real Vehicle Speed (km/h),Distance travelled (km),HV EV Battery Power (kW),12V device load (A)
0.0,,,,0.0,,,20.0,,,,,,,68.0,64.4,,,,,,,,,,,,0.0,,,,,,,,,,,,,,,,,,,,,,,,,,,,,,,,,,,,,,,,,,,,,,,,,,,,,,,,,,,,,,,,,,,,,,,,,,,,,,20.0,,,,,,,,,,,
1.0,13.4,0.8,730.6,0.0,0.0,0.0,20.0,66.2,66.2,66.2,66.2,66.2,0.794671642881786,68.0,64.4,1010.87527777778,3639151.0,0.0,0.0,5.07361111111111,4.05888888888889,3.80520833333333,1567.7,1531.8,1172.2,1108.7,0.0,0.0,0.0,0.0,729.0,2477.0,3.8,24.0,3.8,64.0,0.0,1010.87527777778,0.0,57.5,69.8,71.6,53.0,71.6,72.5,72.5,68.9,17.32,83.0,13.883,734.1,38.26,14.104,-0.7,3.0,,,,,,,,,,,,,,,,,,,,,,,,,,,,,,,,,,,,,,,,0.0,,,0.0,0.0,,,20.0,20.0,19.0,20.0,21.0,22.5,24.0,20.500000000000004,20.0,23.000000000000004,,0.0,,-168.88994647375765,20.939999999999998
2.0,13.4,0.8,730.6,0.0,0.0,0.0,20.0,66.2,66.2,66.2,66.2,66.2,0.794671642881786,68.0,64.4,1010.87527777778,3639151.0,0.0,0.0,5.07361111111111,4.05888888888889,3.80520833333333,1567.7,1531.8,1172.2,1108.7,0.0,0.0,0.0,0.0,729.0,2477.0,3.8,24.0,3.8,64.0,0.0,1010.87527777778,0.0,57.5,69.8,71.6,53.0,71.6,72.5,72.5,68.9,17.32,83.0,13.883,734.1,38.26,14.104,-0.7,3.0,0.0,0.0,,,,,71.6,1.0,,,0.0,,,,,,,71.6,71.6,,,-50.0,0.0,0.0,0.0,0.0,400.0,0.0,0.0,0.0,0.0,,,,,,0.0,13.8516061,,0.0,0.0,,0.0,0.0,0.0,,20.0,20.0,19.0,20.0,21.0,22.5,24.0,20.500000000000004,20.0,23.000000000000004,0.0,0.0,,-168.88994647375765,20.939999999999998
3.0,13.4,0.7,730.6,0.0,0.0,0.0,20.0,66.2,66.2,66.2,66.2,66.2,0.695337687521563,68.0,64.4,1010.87611111111,3639154.0,0.0,0.0,5.07361111111111,4.05888888888889,3.80520833333333,1567.7,1531.8,1172.2,1108.7,0.0,0.0,0.0,0.0,729.0,2477.0,3.8,24.0,3.8,64.0,0.0,1010.87611111111,0.0,57.5,69.8,71.6,53.0,71.6,72.5,72.5,68.9,17.32,83.0,13.883,734.1,38.26,14.104,-0.7,3.0,0.0,0.0,0.0,14.0,63.0,0.0,71.6,1.0,0.0,825.6,0.0,0.0,0.6,9.0,0.0,29.0,0.0,71.6,71.6,350.0,825.6,-50.0,0.0,0.0,0.0,0.0,400.0,0.0,0.0,0.0,0.0,0.0,0.0,57.0,730.6,4.444,0.0,13.8516061,,0.0,0.0,0.0,0.0,0.0,0.0,,20.0,20.0,19.0,20.0,21.0,22.5,24.0,20.500000000000004,20.0,23.000000000000004,0.0,0.0,0.0,0.5925963034166936,20.939999999999998
4.0,13.4,0.7,730.6,0.0,0.0,0.0,20.0,66.2,66.2,66.2,66.2,66.2,0.695337687521563,68.0,64.4,1010.87611111111,3639154.0,0.0,0.0,5.07361111111111,4.05888888888889,3.80520833333333,1567.7,1531.8,1172.2,1108.7,0.0,0.0,0.0,0.0,729.0,2477.0,3.8,24.0,3.8,64.0,0.0,1010.87611111111,0.0,57.5,69.8,71.6,53.0,71.6,72.5,72.5,68.9,17.09,83.0,13.884,734.3,37.82,14.097,-0.7,3.0,0.0,0.0,0.0,14.0,63.0,0.0,71.6,1.0,0.0,825.6,0.0,0.0,0.6,9.0,0.0,29.0,0.0,71.6,71.6,350.0,825.6,-50.0,0.0,0.0,0.0,0.0,400.0,0.0,0.0,0.0,0.0,0.0,0.0,57.0,730.6,4.444,0.0,13.8413518,,0.0,0.0,0.0,0.0,0.0,0.0,,20.0,20.0,19.0,20.0,21.0,22.5,24.0,20.500000000000004,20.0,23.000000000000004,0.0,0.0,0.0,0.5925963034166936,20.73
5.0,13.4,0.8,730.6,0.0,0.0,0.0,20.0,66.2,66.2,66.2,66.2,66.2,0.794671642881786,68.0,64.4,1010.87666666667,3639156.0,0.0,0.0,5.07361111111111,4.05888888888889,3.80520833333333,1567.7,1531.8,1172.2,1108.7,0.0,0.0,0.0,0.0,729.0,2477.0,3.8,24.0,3.78,64.0,0.0,1010.87666666667,0.0,57.5,69.8,71.6,53.0,71.6,72.5,72.5,68.9,17.09,83.0,13.884,734.3,37.82,14.097,-0.7,3.0,0.0,0.0,0.0,14.0,63.0,0.0,71.6,1.0,0.0,825.6,0.0,0.0,0.6,9.0,0.0,29.0,0.0,71.6,71.6,350.0,825.6,-50.0,0.0,0.0,0.0,0.0,400.0,0.0,0.0,0.0,0.0,0.0,0.0,57.0,730.6,4.444,0.0,13.8413518,,0.0,0.0,0.0,0.0,0.0,0.0,,20.0,20.0,19.0,20.0,21.0,22.5,24.0,20.500000000000004,20.0,23.000000000000004,0.0,0.0,0.0,0.518521765489607,20.73
6.0,13.4,0.8,730.6,0.0,0.0,0.0,20.0,66.2,66.2,66.2,66.2,66.2,0.794671642881786,68.0,64.4,1010.87666666667,3639156.0,0.0,0.0,5.07361111111111,4.05888888888889,3.80520833333333,1567.7,1531.8,1172.2,1108.7,0.0,0.0,0.0,0.0,729.0,2477.0,3.8,24.0,3.78,64.0,0.0,1010.87666666667,0.0,57.5,69.8,71.6,53.0,71.6,72.5,72.5,68.9,16.9,83.0,13.885,734.1,37.7,14.098,-0.7,3.0,0.0,0.0,0.0,14.0,63.0,0.0,71.6,1.0,0.0,825.6,0.0,0.0,0.6,9.0,0.0,29.0,0.0,71.6,71.6,350.0,825.6,-50.0,0.0,0.0,0.0,0.0,400.0,0.0,0.0,0.0,0.0,0.0,0.0,57.0,730.6,4.444,0.0,13.8506295,0.0,0.0,0.0,0.0,0.0,0.0,0.0,0.000709141703758,20.0,20.0,19.0,20.0,21.0,22.5,24.0,20.500000000000004,20.0,23.000000000000004,0.0,0.0,0.0,0.518521765489607,20.800000000000004
7.0,13.4,0.7,730.6,0.0,0.0,0.0,20.0,66.2,66.2,66.2,66.2,66.2,0.695337687521563,68.0,64.4,1010.87722222222,3639158.0,0.0,0.0,5.07361111111111,4.05888888888889,3.80520833333333,1567.7,1531.8,1172.2,1108.7,0.0,0.0,0.0,0.0,729.0,2477.0,3.8,24.0,3.78,149.0,0.0,1010.87722222222,0.0,57.5,69.8,71.6,53.0,71.6,72.5,72.5,68.9,16.9,83.0,13.885,734.1,37.7,14.098,-0.7,3.0,0.0,0.0,0.0,14.0,63.0,0.0,71.6,1.0,0.0,825.6,0.0,0.0,0.6,9.0,0.0,29.0,0.0,71.6,71.6,350.0,825.6,-50.0,0.0,0.0,0.0,0.0,400.0,0.0,0.0,0.0,0.0,0.0,0.0,57.0,730.6,4.444,0.0,13.8506295,0.0,0.0,0.0,0.0,0.0,0.0,0.0,0.000709141703758,20.0,20.0,19.0,20.0,21.0,22.5,24.0,20.500000000000004,20.0,23.000000000000004,0.0,0.0,0.0,0.5925963034166936,20.800000000000004
8.0,13.4,0.7,730.6,0.0,0.0,0.0,20.0,66.2,66.2,66.2,66.2,66.2,0.695337687521563,68.0,64.4,1010.87722222222,3639158.0,0.0,0.0,5.07361111111111,4.05888888888889,3.80520833333333,1567.7,1531.8,1172.2,1108.7,0.0,0.0,0.0,0.0,729.0,2477.0,3.8,24.0,3.78,149.0,0.0,1010.87722222222,0.0,57.5,69.8,71.6,53.0,71.6,72.5,72.5,68.9,16.74,83.0,13.887,734.3,37.8,14.097,-0.7,3.0,0.0,0.0,0.0,14.0,63.0,0.0,71.6,1.0,0.0,825.6,0.0,0.0,0.6,9.0,0.0,29.0,0.0,71.6,71.6,350.0,825.6,-50.0,0.0,0.0,0.0,0.0,400.0,0.0,0.0,0.0,0.0,0.0,0.0,57.0,730.6,4.444,0.0,13.8506295,0.0,0.0,0.0,0.0,0.0,0.0,0.0,0.0030249215001697,20.0,20.0,19.0,20.0,21.0,22.5,24.0,20.500000000000004,20.0,23.000000000000004,0.0,0.0,0.0,0.5925963034166936,21.06
9.0,13.4,0.7,730.6,0.0,0.0,0.0,20.0,66.2,66.2,66.2,66.2,66.2,0.695337687521563,68.0,64.4,1010.87722222222,3639158.0,0.0,0.0,5.07361111111111,4.05888888888889,3.80520833333333,1567.7,1531.8,1172.2,1108.7,0.0,0.0,0.0,0.0,729.0,2477.0,3.8,24.0,3.78,149.0,0.0,1010.87722222222,0.0,57.5,69.8,71.6,53.0,71.6,72.5,72.5,68.9,16.74,83.0,13.887,734.3,37.8,14.097,-0.7,3.0,0.0,0.0,0.0,14.0,63.0,0.0,71.6,1.0,0.0,825.6,0.0,0.0,0.6,9.0,0.0,29.0,0.0,71.6,71.6,350.0,825.6,-50.0,0.0,0.0,0.0,0.0,400.0,0.0,0.0,0.0,0.0,0.0,0.0,57.0,730.6,4.443,0.0,13.8506295,0.0,0.0,0.0,0.0,0.0,0.0,0.0,0.0030249215001697,20.0,20.0,19.0,20.0,21.0,22.5,24.0,20.500000000000004,20.0,23.000000000000004,0.0,0.0,0.0,0.5925963034166936,21.06
10.0,13.4,0.8,730.6,0.0,0.0,0.0,20.0,66.2,66.2,66.2,66.2,66.2,0.794671642881786,68.0,64.4,1010.87777777778,3639160.0,0.0,0.0,5.07361111111111,4.05888888888889,3.80520833333333,1567.7,1531.8,1172.2,1108.7,0.0,0.0,0.0,0.0,729.0,2474.0,3.8,24.0,3.78,149.0,0.0,1010.87777777778,0.0,57.5,69.8,71.6,53.0,71.6,72.5,72.5,68.9,16.57,83.0,13.887,734.2,37.34,14.098,-0.7,3.0,0.0,0.0,0.0,14.0,63.0,0.0,71.6,1.0,0.0,825.6,0.0,0.0,0.6,9.0,0.0,29.0,0.0,71.6,71.6,350.0,825.6,-50.0,0.0,0.0,0.0,0.0,400.0,0.0,0.0,0.0,0.0,0.0,0.0,57.0,730.6,4.443,0.0,13.8506295,0.0,0.0,0.0,0.0,0.0,0.0,0.0,0.0,20.0,20.0,19.0,20.0,21.0,22.5,24.0,20.500000000000004,20.0,23.000000000000004,0.0,0.0,0.0,0.518521765489607,20.770000000000003
11.0,13.4,0.8,730.6,0.0,0.0,0.0,20.0,66.2,66.2,66.2,66.2,66.2,0.794671642881786,68.0,64.4,1010.87777777778,3639160.0,0.0,0.0,5.07361111111111,4.05888888888889,3.80520833333333,1567.7,1531.8,1172.2,1108.7,0.0,0.0,0.0,0.0,729.0,2474.0,3.8,24.0,3.78,149.0,0.0,1010.87777777778,0.0,57.5,69.8,71.6,53.0,71.6,72.5,72.5,68.9,16.57,83.0,13.887,734.2,37.34,14.098,-0.7,3.0,0.0,0.0,0.0,14.0,63.0,0.0,71.6,1.0,0.0,825.6,0.0,0.0,0.6,9.0,0.0,29.0,0.0,71.6,71.6,350.0,825.6,-50.0,0.0,0.0,0.0,0.0,400.0,0.0,0.0,0.0,0.0,0.0,0.0,57.0,730.6,4.444,0.0,13.8506295,0.0,0.0,0.0,0.0,0.0,0.0,0.0,0.0,20.0,20.0,19.0,20.0,21.0,22.5,24.0,20.500000000000004,20.0,23.000000000000004,0.0,0.0,0.0,0.518521765489607,20.770000000000003
12.0,13.4,0.7,730.6,0.0,0.0,0.0,20.0,66.2,66.2,66.2,66.2,66.2,0.695337687521563,68.0,64.4,1010.87833333333,3639162.0,0.0,0.0,5.07361111111111,4.05888888888889,3.80520833333333,1567.7,1531.8,1172.2,1108.7,0.0,0.0,0.0,0.0,729.0,2474.0,3.8,24.0,3.8,149.0,0.0,1010.87833333333,0.0,57.5,69.8,71.6,53.0,71.6,72.5,72.5,68.9,16.41,83.0,13.888,733.9,37.18,14.097,-0.7,3.0,0.0,0.0,0.0,14.0,63.0,0.0,71.6,1.0,0.0,825.6,0.0,0.0,0.6,9.0,0.0,29.0,0.0,71.6,71.6,350.0,825.6,-50.0,0.0,0.0,0.0,0.0,400.0,0.0,0.0,0.0,0.0,0.0,0.0,57.0,730.6,4.444,0.0,13.8516061,0.0,0.0,0.0,0.0,0.0,0.0,0.0,0.0,20.0,20.0,19.0,20.0,21.0,22.5,24.0,20.500000000000004,20.0,23.000000000000004,0.0,0.0,0.0,0.5925963034166936,20.77
13.0,13.4,0.7,730.6,0.0,0.0,0.0,20.0,66.2,66.2,66.2,66.2,66.2,0.695337687521563,68.0,64.4,1010.87833333333,3639162.0,0.0,0.0,5.07361111111111,4.05888888888889,3.80520833333333,1567.7,1531.8,1172.2,1108.7,0.0,0.0,0.0,0.0,729.0,2474.0,3.8,24.0,3.8,149.0,0.0,1010.87833333333,0.0,57.5,69.8,71.6,53.0,71.6,72.5,72.5,68.9,16.41,83.0,13.888,733.9,37.18,14.097,-0.7,3.0,0.0,0.0,0.0,14.0,63.0,0.0,71.6,1.0,0.0,825.6,0.0,0.0,0.6,9.0,0.0,29.0,0.0,71.6,71.6,350.0,825.6,-50.0,0.0,0.0,0.0,0.0,400.0,0.0,0.0,0.0,0.0,0.0,0.0,57.0,730.6,4.442,0.0,13.8516061,0.0,0.0,0.0,0.0,0.0,0.0,0.0,0.0,20.0,20.0,19.0,20.0,21.0,22.5,24.0,20.500000000000004,20.0,23.000000000000004,0.0,0.0,0.0,0.5925963034166936,20.77
14.0,13.4,0.7,730.6,0.0,0.0,0.0,20.0,66.2,66.2,66.2,66.2,66.2,0.695337687521563,68.0,64.4,1010.87888888889,3639164.0,0.0,0.0,5.07361111111111,4.05888888888889,3.80520833333333,1567.7,1531.8,1172.2,1108.7,0.0,0.0,0.0,0.0,729.0,2474.0,3.8,24.0,3.8,64.0,0.0,1010.87888888889,0.0,57.5,70.7,71.6,53.0,71.6,72.5,72.5,68.9,16.27,83.0,13.888,734.1,37.41,14.097,-0.7,3.0,0.0,0.0,0.0,14.0,63.0,0.0,71.6,1.0,0.0,825.6,0.0,0.0,0.6,9.0,0.0,29.0,0.0,71.6,71.6,350.0,825.6,-50.0,0.0,0.0,0.0,0.0,400.0,0.0,0.0,0.0,0.0,0.0,0.0,57.0,730.6,4.442,0.0,13.8516061,0.0,0.0,0.0,0.0,0.0,0.0,0.0,0.0,20.0,20.0,19.0,20.0,21.5,22.5,24.0,20.500000000000004,20.0,23.000000000000004,0.0,0.0,0.0,0.518521765489607,21.139999999999997
15.0,13.4,0.7,730.6,0.0,0.0,0.0,20.0,66.2,66.2,66.2,66.2,66.2,0.695337687521563,68.0,64.4,1010.87888888889,3639164.0,0.0,0.0,5.07361111111111,4.05888888888889,3.80520833333333,1567.7,1531.8,1172.2,1108.7,0.0,0.0,0.0,0.0,729.0,2474.0,3.8,24.0,3.8,64.0,0.0,1010.87888888889,0.0,57.5,70.7,71.6,53.0,71.6,72.5,72.5,68.9,16.27,83.0,13.888,734.1,37.41,14.097,-0.7,3.0,0.0,0.0,0.0,14.0,63.0,0.0,71.6,1.0,0.0,825.6,0.0,0.0,0.6,9.0,0.0,29.0,0.0,71.6,71.6,350.0,825.6,-50.0,0.0,0.0,0.0,0.0,400.0,0.0,0.0,0.0,0.0,0.0,0.0,57.0,730.6,4.444,0.0,13.8413518,0.0,0.0,0.0,0.0,0.0,0.0,0.0,0.0,20.0,20.0,19.0,20.0,21.5,22.5,24.0,20.500000000000004,20.0,23.000000000000004,0.0,0.0,0.0,0.518521765489607,21.139999999999997
16.0,13.4,0.9,730.6,0.0,0.0,0.0,20.0,66.2,66.2,66.2,66.2,66.2,0.894005598242009,68.0,64.4,1010.87944444444,3639166.0,0.0,0.0,5.07361111111111,4.05888888888889,3.80520833333333,1567.7,1531.8,1172.2,1108.7,0.0,0.0,0.0,0.0,729.0,2474.0,3.8,24.0,3.78,149.0,0.0,1010.87944444444,0.0,57.5,70.7,71.6,53.0,71.6,72.5,72.5,68.9,15.35,83.0,13.865,734.1,41.91,14.097,-0.6,3.0,0.0,0.0,0.0,14.0,63.0,0.0,71.6,1.0,0.0,825.6,0.0,0.0,0.6,9.0,0.0,29.0,0.0,71.6,71.6,350.0,825.6,-50.0,0.0,0.0,0.0,0.0,400.0,0.0,0.0,0.0,0.0,0.0,0.0,57.0,730.6,4.444,0.0,13.8306092,0.0,0.0,0.0,0.0,0.0,0.0,0.0,0.0,20.0,20.0,19.0,20.0,21.5,22.5,24.0,20.500000000000004,20.0,23.000000000000004,0.0,0.0,0.0,0.518521765489607,26.559999999999995
17.0,13.4,0.9,730.6,0.0,0.0,0.0,20.0,66.2,66.2,66.2,66.2,66.2,0.894005598242009,68.0,64.4,1010.87944444444,3639166.0,0.0,0.0,5.07361111111111,4.05888888888889,3.80520833333333,1567.7,1531.8,1172.2,1108.7,0.0,0.0,0.0,0.0,729.0,2474.0,3.8,24.0,3.78,149.0,0.0,1010.87944444444,0.0,57.5,70.7,71.6,53.0,71.6,72.5,72.5,68.9,15.35,83.0,13.865,734.1,41.91,14.097,-0.6,3.0,0.0,0.0,0.0,14.0,63.0,0.0,71.6,1.0,0.0,825.6,0.0,0.0,0.6,9.0,0.0,29.0,0.0,71.6,71.6,350.0,825.6,-50.0,0.0,0.0,0.0,0.0,400.0,0.0,0.0,0.0,0.0,0.0,0.0,57.0,730.6,4.444,0.0,13.8306092,0.0,0.0,0.0,0.0,0.0,0.0,0.0,0.0,20.0,20.0,19.0,20.0,21.5,22.5,24.0,20.500000000000004,20.0,23.000000000000004,0.0,0.0,0.0,0.518521765489607,26.559999999999995
18.0,13.4,0.9,730.6,0.0,0.0,0.0,20.0,66.2,66.2,66.2,66.2,66.2,0.894005598242009,68.0,64.4,1010.88,3639168.0,0.0,0.0,5.07361111111111,4.05888888888889,3.80520833333333,1567.7,1531.8,1172.2,1108.7,0.0,0.0,0.0,0.0,729.0,2440.0,3.8,24.0,3.78,149.0,0.0,1010.88,0.0,57.5,70.7,71.6,53.0,71.6,72.5,72.5,68.9,15.37,83.0,13.864,734.3,42.55,14.098,-0.7,3.0,0.0,0.0,0.0,14.0,63.0,0.0,71.6,1.0,0.0,825.6,0.0,0.0,0.6,9.0,0.0,29.0,0.0,71.6,71.6,350.0,825.6,-50.0,0.0,0.0,0.0,0.0,400.0,0.0,0.0,0.0,0.0,0.0,0.0,57.0,730.6,4.444,0.0,13.8306092,0.0,0.0,0.0,0.0,0.0,0.0,0.0,0.0,20.0,20.0,19.0,20.0,21.5,22.5,24.0,20.500000000000004,20.0,23.000000000000004,0.0,0.0,0.0,0.66667084134378,27.18
19.0,13.4,0.9,730.6,0.0,0.0,0.0,20.0,66.2,66.2,66.2,66.2,66.2,0.894005598242009,68.0,64.4,1010.88,3639168.0,0.0,0.0,5.07361111111111,4.05888888888889,3.80520833333333,1567.7,1531.8,1172.2,1108.7,0.0,0.0,0.0,0.0,729.0,2440.0,3.8,24.0,3.78,149.0,0.0,1010.88,0.0,57.5,70.7,71.6,53.0,71.6,72.5,72.5,68.9,15.37,83.0,13.864,734.3,42.55,14.098,-0.7,3.0,0.0,0.0,0.0,14.0,63.0,0.0,71.6,1.0,0.0,825.6,0.0,0.0,0.6,9.0,0.0,29.0,0.0,71.6,71.6,350.0,825.6,-50.0,0.0,0.0,0.0,0.0,400.0,0.0,0.0,0.0,0.0,0.0,0.0,57.0,730.5,4.444,0.0,13.8306092,0.0,0.0,0.0,0.0,0.0,0.0,0.0,0.0,20.0,20.0,19.0,20.0,21.5,22.5,24.0,20.500000000000004,20.0,23.000000000000004,0.0,0.0,0.0,0.66667084134378,27.18
20.0,13.4,0.8,730.5,0.0,0.0,0.0,20.0,66.2,66.2,66.2,66.2,66.2,0.794562873152402,68.0,64.4,1010.88083333333,3639171.0,0.0,0.0,5.07291666666667,4.05833333333333,3.8046875,1567.7,1531.8,1172.2,1108.7,0.0,0.0,0.0,0.0,729.0,2440.0,3.8,24.0,3.78,64.0,0.0,1010.88083333333,0.0,57.5,70.7,71.6,53.0,71.6,72.5,72.5,68.9,15.37,83.0,13.864,734.3,42.55,14.098,-0.7,3.0,0.0,0.0,0.0,14.0,63.0,0.0,71.6,1.0,0.0,825.6,0.0,0.0,0.6,9.0,0.0,29.0,0.0,71.6,71.6,350.0,825.6,-50.0,0.0,0.0,0.0,0.0,400.0,0.0,0.0,0.0,0.0,0.0,0.0,57.0,730.5,4.444,0.0,13.8306092,0.0,0.0,0.0,0.0,0.0,0.0,0.0,0.0,20.0,20.0,19.0,20.0,21.5,22.5,24.0,20.500000000000004,20.0,23.000000000000004,0.0,0.0,0.0,0.6665795915708068,27.18
21.0,13.4,0.8,730.5,0.0,0.0,0.0,20.0,66.2,66.2,66.2,66.2,66.2,0.794562873152402,68.0,64.4,1010.88083333333,3639171.0,0.0,0.0,5.07291666666667,4.05833333333333,3.8046875,1567.7,1531.8,1172.2,1108.7,0.0,0.0,0.0,0.0,729.0,2440.0,3.8,24.0,3.78,64.0,0.0,1010.88083333333,0.0,57.5,70.7,71.6,53.0,71.6,72.5,72.5,68.9,15.31,83.0,13.866,734.1,42.02,14.097,-0.7,3.0,0.0,0.0,0.0,14.0,63.0,0.0,71.6,1.0,0.0,825.6,0.0,0.0,0.6,9.0,0.0,29.0,0.0,71.6,71.6,350.0,825.6,-50.0,0.0,0.0,0.0,0.0,400.0,0.0,0.0,0.0,0.0,0.0,0.0,57.0,730.5,4.444,0.0,13.8306092,0.0,0.0,0.0,0.0,0.0,0.0,0.0,0.0,20.0,20.0,19.0,20.0,21.5,22.5,24.0,20.500000000000004,20.0,23.000000000000004,0.0,0.0,0.0,0.6665795915708068,26.71
22.0,13.4,0.8,730.6,0.0,0.0,0.0,20.0,66.2,66.2,66.2,66.2,66.2,0.794671642881786,68.0,64.4,1010.88138888889,3639173.0,0.0,0.0,5.07361111111111,4.05888888888889,3.80520833333333,1567.7,1531.8,1172.2,1108.7,0.0,0.0,0.0,0.0,729.0,2440.0,3.8,24.0,3.78,149.0,0.0,1010.88138888889,0.0,57.5,70.7,71.6,53.0,71.6,72.5,72.5,68.9,15.31,83.0,13.866,734.1,42.02,14.097,-0.7,3.0,0.0,0.0,0.0,14.0,63.0,0.0,71.6,1.0,0.0,825.6,0.0,0.0,0.6,9.0,0.0,29.0,0.0,71.6,71.6,350.0,825.6,-50.0,0.0,0.0,0.0,0.0,400.0,0.0,0.0,0.0,0.0,0.0,0.0,57.0,730.6,4.444,0.0,13.8306092,0.0,0.0,0.0,0.0,0.0,0.0,0.0,0.0,20.0,20.0,19.0,20.0,21.5,22.5,24.0,20.500000000000004,20.0,23.000000000000004,0.0,0.0,0.0,0.5925963034166936,26.71
23.0,13.4,0.8,730.6,0.0,0.0,0.0,20.0,66.2,66.2,66.2,66.2,66.2,0.794671642881786,68.0,64.4,1010.88138888889,3639173.0,0.0,0.0,5.07361111111111,4.05888888888889,3.80520833333333,1567.7,1531.8,1172.2,1108.7,0.0,0.0,0.0,0.0,729.0,2440.0,3.8,24.0,3.78,149.0,0.0,1010.88138888889,0.0,57.5,70.7,71.6,53.0,71.6,72.5,72.5,68.9,15.76,83.0,13.88,733.9,42.28,14.132,-0.6,3.0,0.0,0.0,0.0,14.0,63.0,0.0,71.6,1.0,0.0,825.6,0.0,0.0,0.6,9.0,0.0,29.0,0.0,71.6,71.6,350.0,825.6,-50.0,0.0,0.0,0.0,0.0,400.0,0.0,0.0,0.0,0.0,0.0,0.0,57.0,730.6,4.444,0.0,13.8403752,0.0,0.0,0.0,0.0,0.0,0.0,0.0,0.0,20.0,20.0,19.0,20.0,21.5,22.5,24.0,20.500000000000004,20.0,23.000000000000004,0.0,0.0,0.0,0.5925963034166936,26.520000000000003
24.0,13.4,0.9,730.6,0.0,0.0,0.0,20.0,66.2,66.2,66.2,66.2,66.2,0.894005598242009,68.0,64.4,1010.88194444444,3639175.0,0.0,0.0,5.07361111111111,4.05888888888889,3.80520833333333,1567.7,1531.8,1172.2,1108.7,0.0,0.0,0.0,0.0,729.0,2440.0,3.8,24.0,3.78,149.0,0.0,1010.88194444444,0.0,57.5,70.7,71.6,53.0,71.6,72.5,72.5,68.9,15.76,83.0,13.88,733.9,42.28,14.132,-0.6,3.0,0.0,0.0,0.0,14.0,63.0,0.0,71.6,1.0,0.0,825.6,0.0,0.0,0.6,9.0,0.0,29.0,0.0,71.6,71.6,350.0,825.6,-50.0,0.0,0.0,0.0,0.0,400.0,0.0,0.0,0.0,0.0,0.0,0.0,57.0,730.5,4.444,0.0,13.8403752,0.0,0.0,0.0,0.0,0.0,0.0,0.0,0.0,20.0,20.0,19.0,20.0,21.5,22.5,24.0,20.500000000000004,20.0,23.000000000000004,0.0,0.0,0.0,0.5925963034166936,26.520000000000003
25.0,13.4,0.9,730.6,0.0,0.0,0.0,20.0,66.2,66.2,66.2,66.2,66.2,0.894005598242009,68.0,64.4,1010.88194444444,3639175.0,0.0,0.0,5.07361111111111,4.05888888888889,3.80520833333333,1567.7,1531.8,1172.2,1108.7,0.0,0.0,0.0,0.0,729.0,2440.0,3.8,24.0,3.78,149.0,0.0,1010.88194444444,0.0,57.5,70.7,71.6,53.0,71.6,72.5,72.5,68.9,15.63,83.0,13.88,734.1,54.66,14.122,-0.6,3.0,0.0,0.0,0.0,14.0,63.0,0.0,71.6,1.0,0.0,825.6,0.0,0.0,0.6,9.0,0.0,29.0,0.0,71.6,71.6,350.0,825.6,-50.0,0.0,0.0,0.0,0.0,400.0,0.0,0.0,0.0,0.0,0.0,0.0,57.0,730.5,4.444,0.0,13.789592,0.0,0.0,0.0,0.0,0.0,0.0,0.0,0.0,20.0,20.0,19.0,20.0,21.5,22.5,24.0,20.500000000000004,20.0,23.000000000000004,0.0,0.0,0.0,0.5925963034166936,39.029999999999994
26.0,13.4,0.8,730.5,0.0,0.0,0.0,20.0,66.2,66.2,66.2,66.2,66.2,0.794562873152402,68.0,64.4,1010.8825,3639177.0,0.0,0.0,5.07291666666667,4.05833333333333,3.8046875,1567.7,1531.8,1172.2,1108.7,0.0,0.0,0.0,0.0,729.0,2482.0,3.8,24.0,3.78,149.0,0.0,1010.8825,0.0,57.5,70.7,71.6,53.0,71.6,72.5,72.5,68.9,15.63,83.0,13.88,734.1,54.66,14.122,-0.6,3.0,0.0,0.0,0.0,14.0,63.0,0.0,71.6,1.0,0.0,825.6,0.0,0.0,0.6,9.0,0.0,29.0,0.0,71.6,71.6,350.0,825.6,-50.0,0.0,0.0,0.0,0.0,400.0,0.0,0.0,0.0,0.0,0.0,0.0,57.0,730.6,4.444,0.0,13.789592,0.0,0.0,0.0,0.0,0.0,0.0,0.0,0.0,20.0,20.0,19.0,20.0,21.5,22.5,24.0,20.500000000000004,20.0,23.000000000000004,0.0,0.0,0.0,0.6665795915708068,39.029999999999994
27.0,13.4,0.8,730.5,0.0,0.0,0.0,20.0,66.2,66.2,66.2,66.2,66.2,0.794562873152402,68.0,64.4,1010.8825,3639177.0,0.0,0.0,5.07291666666667,4.05833333333333,3.8046875,1567.7,1531.8,1172.2,1108.7,0.0,0.0,0.0,0.0,729.0,2482.0,3.8,24.0,3.78,149.0,0.0,1010.8825,0.0,57.5,70.7,71.6,53.0,71.6,72.5,72.5,68.9,15.51,83.0,13.877,734.1,42.65,14.115,-7.1,3.0,0.0,0.0,0.0,14.0,63.0,0.0,71.6,1.0,0.0,825.6,0.0,0.0,0.6,9.0,0.0,29.0,0.0,71.6,71.6,350.0,825.6,-50.0,0.0,0.0,0.0,0.0,400.0,0.0,0.0,0.0,0.0,0.0,0.0,57.0,730.6,4.444,0.0,13.8403752,0.0,0.0,0.0,0.0,0.0,0.0,0.0,0.0,20.0,20.0,19.0,20.0,21.5,22.5,24.0,20.500000000000004,20.0,23.000000000000004,0.0,0.0,0.0,0.6665795915708068,27.14
28.0,13.4,1.2,730.5,0.0,0.0,0.0,20.0,66.2,66.2,66.2,66.2,66.2,1.1918443097286,68.0,64.4,1010.88305555556,3639179.0,0.0,0.0,5.07291666666667,4.05833333333333,3.8046875,1567.7,1531.8,1172.2,1108.7,0.0,-51.0,0.0,0.0,729.0,2482.0,3.8,24.0,3.78,64.0,0.0,1010.88305555556,0.0,57.5,70.7,71.6,53.0,71.6,72.5,72.5,68.9,15.51,83.0,13.877,734.1,42.65,14.115,-7.1,3.0,0.0,0.0,0.0,14.0,63.0,0.0,71.6,1.0,0.0,825.6,0.0,0.0,0.6,9.0,0.0,29.0,0.0,71.6,71.6,350.0,825.6,-50.0,0.0,0.0,0.0,0.0,400.0,0.0,0.0,0.0,0.0,0.0,0.0,57.0,730.5,4.444,0.0,13.8403752,0.0,0.0,0.0,0.0,0.0,0.0,0.0,0.0,20.0,20.0,19.0,20.0,21.5,22.5,24.0,20.500000000000004,20.0,23.000000000000004,0.0,0.0,0.0,0.592515192507384,27.14
29.0,13.4,1.2,730.5,0.0,0.0,0.0,20.0,66.2,66.2,66.2,66.2,66.2,1.1918443097286,68.0,64.4,1010.88305555556,3639179.0,0.0,0.0,5.07291666666667,4.05833333333333,3.8046875,1567.7,1531.8,1172.2,1108.7,0.0,-51.0,0.0,0.0,729.0,2482.0,3.8,24.0,3.78,64.0,0.0,1010.88305555556,0.0,57.5,70.7,71.6,53.0,71.6,72.5,72.5,68.9,15.36,83.0,13.876,734.1,43.5,14.119,-4.9,3.0,0.0,0.0,0.0,14.0,63.0,0.0,71.6,1.0,0.0,825.6,0.0,0.0,0.6,9.0,0.0,29.0,0.0,71.6,71.6,350.0,825.6,-50.0,0.0,0.0,0.0,0.0,400.0,0.0,0.0,0.0,0.0,0.0,0.0,57.0,730.5,4.444,0.0,13.8403752,0.0,0.0,0.0,0.0,0.0,0.0,0.0,0.0,20.0,20.0,19.0,20.0,21.5,22.5,24.0,20.500000000000004,20.0,24.0,0.0,0.0,0.0,0.592515192507384,28.14
30.0,13.4,1.1,730.5,0.0,0.0,0.0,20.0,66.2,66.2,66.2,66.2,66.2,1.09252395058455,68.0,64.4,1010.88361111111,3639181.0,0.0,0.0,5.07291666666667,4.05833333333333,3.8046875,1567.7,1531.8,1172.2,1108.7,0.0,-20.0,0.0,0.0,729.0,2482.0,3.8,24.0,3.78,149.0,0.0,1010.88361111111,0.0,57.5,70.7,71.6,53.0,71.6,72.5,72.5,68.9,15.36,83.0,13.876,734.1,43.5,14.119,-4.9,3.0,0.0,0.0,0.0,14.0,63.0,0.0,71.6,1.0,0.0,825.6,0.0,0.0,0.6,9.0,0.0,29.0,0.0,71.6,71.6,350.0,825.6,-50.0,0.0,0.0,0.0,0.0,400.0,0.0,0.0,0.0,0.0,0.0,0.0,57.0,730.5,4.444,0.0,13.8403752,0.0,0.0,0.0,0.0,0.0,0.0,0.0,0.0,20.0,20.0,19.0,20.0,21.5,22.5,24.0,20.500000000000004,20.0,24.0,0.0,0.0,0.0,0.8887727887610738,28.14
31.0,13.4,1.1,730.5,0.0,0.0,0.0,20.0,66.2,66.2,66.2,66.2,66.2,1.09252395058455,68.0,64.4,1010.88361111111,3639181.0,0.0,0.0,5.07291666666667,4.05833333333333,3.8046875,1567.7,1531.8,1172.2,1108.7,0.0,-20.0,0.0,0.0,729.0,2482.0,3.8,24.0,3.78,149.0,0.0,1010.88361111111,0.0,57.5,70.7,71.6,53.0,71.6,72.5,72.5,68.9,15.3,83.0,13.877,734.1,43.09,14.12,27.5,3.0,0.0,0.0,0.0,14.0,63.0,0.0,71.6,1.0,0.0,825.6,0.0,0.0,0.6,9.0,0.0,29.0,0.0,71.6,71.6,350.0,825.6,-50.0,0.0,0.0,0.0,0.0,400.0,0.0,0.0,0.0,0.0,0.0,0.0,57.0,730.5,4.444,0.0,13.8403752,0.0,0.0,0.0,0.0,0.0,0.0,0.0,0.0,20.0,20.0,19.0,20.0,21.5,22.5,24.0,20.500000000000004,20.0,23.000000000000004,0.0,0.0,0.0,0.8887727887610738,27.790000000000003
32.0,13.4,1.1,730.5,0.0,0.0,0.0,20.0,66.2,66.2,66.2,66.2,66.2,1.09252395058455,68.0,64.4,1010.88416666667,3639183.0,0.0,0.0,5.07291666666667,4.05833333333333,3.8046875,1567.7,1531.8,1172.2,1108.7,0.0,-123.0,0.0,0.0,729.0,2482.0,3.8,24.0,3.78,149.0,0.0,1010.88416666667,0.0,57.5,70.7,71.6,53.0,71.6,72.5,72.5,68.9,15.3,83.0,13.877,734.1,43.09,14.12,27.5,3.0,0.0,0.0,0.0,14.0,63.0,0.0,71.6,1.0,0.0,825.6,0.0,0.0,0.6,9.0,0.0,29.0,0.0,71.6,71.6,350.0,825.6,-50.0,0.0,0.0,0.0,0.0,400.0,0.0,0.0,0.0,0.0,0.0,0.0,57.0,730.5,4.444,0.0,13.8403752,0.0,0.0,0.0,0.0,0.0,0.0,0.0,0.0,20.0,20.0,19.0,20.0,21.5,22.5,24.0,20.500000000000004,20.0,23.000000000000004,0.0,0.0,0.0,0.8147083896976511,27.790000000000003
33.0,13.4,1.1,730.5,0.0,0.0,0.0,20.0,66.2,66.2,66.2,66.2,66.2,1.09252395058455,68.0,64.4,1010.88416666667,3639183.0,0.0,0.0,5.07291666666667,4.05833333333333,3.8046875,1567.7,1531.8,1172.2,1108.7,0.0,-123.0,0.0,0.0,729.0,2482.0,3.8,24.0,3.78,149.0,0.0,1010.88416666667,0.0,57.5,70.7,71.6,53.0,71.6,72.5,72.5,68.9,15.22,83.0,13.877,734.1,42.96,14.134,-14.6,3.0,0.0,0.0,0.0,14.0,63.0,0.0,71.6,1.0,0.0,825.6,0.0,0.0,0.6,9.0,0.0,29.0,0.0,71.6,71.6,350.0,825.6,-50.0,0.0,0.0,0.0,0.0,400.0,0.0,0.0,0.0,0.0,0.0,0.0,57.0,730.5,4.444,0.0,13.8403752,0.0427527600518029,0.0,0.0,0.0003470493774689,1.24447763051459,0.773282309750482,0.0,0.0035218837687292,20.0,20.0,19.0,20.0,21.5,22.5,24.0,20.500000000000004,20.0,23.000000000000004,0.0,0.9997862483098703,0.0005584024483474601,0.8147083896976511,27.740000000000002
34.0,13.4,0.9,730.5,0.0,0.0,0.0,20.0,66.2,66.2,66.2,66.2,66.2,0.893883232296452,68.0,64.4,1010.88472222222,3639185.0,0.0,0.0,5.07291666666667,4.05833333333333,3.8046875,1567.7,1531.8,1172.2,1108.7,0.0,-98.0,0.0,0.0,729.0,2482.0,3.8,24.0,3.78,64.0,0.0,1010.88472222222,0.0,57.5,70.7,71.6,53.0,71.6,72.5,72.5,68.9,15.22,83.0,13.877,734.1,42.96,14.134,-14.6,3.0,0.0,0.0,0.0,14.0,63.0,0.0,71.6,1.0,0.0,825.6,0.0,0.0,0.6,9.0,0.0,29.0,0.0,71.6,71.6,350.0,825.6,-50.0,0.0,0.0,0.0,0.0,400.0,0.0,0.0,0.0,0.0,0.0,0.0,57.0,730.5,4.444,0.0,13.8403752,0.0427527600518029,0.0,0.0,0.0003470493774689,1.24447763051459,0.773282309750482,0.0,0.0035218837687292,20.0,20.0,19.0,20.0,21.5,22.5,24.0,20.500000000000004,20.0,23.000000000000004,0.0,0.9997862483098703,0.0005584024483474601,0.8147083896976511,27.740000000000002
35.0,13.4,0.9,730.5,0.0,0.0,0.0,20.0,66.2,66.2,66.2,66.2,66.2,0.893883232296452,68.0,64.4,1010.88472222222,3639185.0,0.0,0.0,5.07291666666667,4.05833333333333,3.8046875,1567.7,1531.8,1172.2,1108.7,0.0,-98.0,0.0,0.0,729.0,2482.0,3.8,24.0,3.78,64.0,0.0,1010.88472222222,0.0,57.5,70.7,71.6,53.0,71.6,72.5,72.5,68.9,15.14,83.0,13.876,734.1,43.46,14.123,6.3,3.0,0.0,0.0,0.0,14.0,63.0,0.0,71.6,1.0,0.0,825.6,0.0,0.0,0.6,9.0,0.0,29.0,0.0,71.6,71.6,350.0,825.6,-50.0,0.0,0.0,0.0,0.0,400.0,0.0,0.0,0.0,0.0,0.0,0.0,57.0,730.5,4.444,0.0,13.8315858,0.0800808035515091,,0.0,0.0006948923149915,1.52102821507339,0.945122823028367,0.0,0.0035206588679975,20.0,20.0,19.0,20.0,21.5,22.5,24.0,20.500000000000004,20.0,24.0,0.0,0.9997862483098703,0.0011180817348213235,0.8147083896976511,28.32
36.0,13.4,0.9,730.5,0.0,0.0,0.0,20.0,66.2,66.2,66.2,66.2,66.2,0.893883232296452,68.0,64.4,1010.88527777778,3639187.0,0.0,0.0,5.07291666666667,4.05833333333333,3.8046875,1567.7,1531.8,1172.2,1108.7,0.0,-19.0,0.0,0.0,729.0,2409.0,3.8,24.0,3.78,149.0,0.0,1010.88527777778,0.0,57.5,70.7,71.6,53.0,71.6,72.5,72.5,68.9,15.14,83.0,13.876,734.1,43.46,14.123,6.3,3.0,0.0,0.0,0.0,14.0,63.0,0.0,71.6,1.0,0.0,825.6,0.0,0.0,0.6,9.0,0.0,29.0,0.0,71.6,71.6,350.0,825.6,-50.0,0.0,0.0,0.0,0.0,400.0,0.0,0.0,0.0,0.0,0.0,0.0,57.0,730.5,4.442,0.0,13.8315858,0.0800808035515091,,0.0,0.0006948923149915,1.52102821507339,0.945122823028367,0.0,0.0035206588679975,20.0,20.0,19.0,20.0,21.5,22.5,24.0,20.500000000000004,20.0,24.0,0.0,0.9997862483098703,0.0011180817348213235,0.6665795915708068,28.32
37.0,13.4,0.9,730.5,0.0,0.0,0.0,20.0,66.2,66.2,66.2,66.2,66.2,0.893883232296452,68.0,64.4,1010.88527777778,3639187.0,0.0,0.0,5.07291666666667,4.05833333333333,3.8046875,1567.7,1531.8,1172.2,1108.7,0.0,-19.0,0.0,0.0,729.0,2409.0,3.8,24.0,3.78,149.0,0.0,1010.88527777778,0.0,57.5,70.7,71.6,53.0,71.6,72.5,72.5,68.9,15.17,83.0,13.879,734.1,43.04,14.122,-4.3,3.0,0.0,0.0,0.0,14.0,63.0,0.0,71.6,1.0,0.0,825.6,0.0,0.0,0.6,9.0,0.0,29.0,0.0,71.6,71.6,350.0,825.6,-50.0,0.0,0.0,0.0,0.0,400.0,0.0,0.0,0.0,0.0,0.0,0.0,57.0,730.5,4.442,0.0,13.8393986,0.0752552380894994,0.0,0.0,0.0006948923149915,0.0,0.0,0.0,0.0035206588679975,20.0,20.0,19.0,20.0,21.5,22.5,24.0,20.500000000000004,20.0,23.000000000000004,0.0,0.0,0.0011180817348213235,0.6665795915708068,27.869999999999997
38.0,13.4,0.9,730.5,0.0,0.0,0.0,20.0,66.2,66.2,66.2,66.2,66.2,0.893883232296452,68.0,64.4,1010.88583333333,3639189.0,0.0,0.0,5.07291666666667,4.05833333333333,3.8046875,1567.7,1531.8,1172.2,1108.7,0.0,-70.0,0.0,0.0,729.0,2409.0,3.8,24.0,3.78,64.0,0.0,1010.88583333333,0.0,57.5,70.7,71.6,53.0,71.6,72.5,72.5,68.9,15.17,83.0,13.879,734.1,43.04,14.122,-4.3,3.0,0.0,0.0,0.0,14.0,63.0,0.0,71.6,1.0,0.0,825.6,0.0,0.0,0.6,9.0,0.0,29.0,0.0,71.6,71.6,350.0,825.6,-50.0,0.0,0.0,0.0,0.0,400.0,0.0,0.0,0.0,0.0,0.0,0.0,57.0,730.5,4.444,0.0,13.8393986,0.0752552380894994,0.0,0.0,0.0006948923149915,0.0,0.0,0.0,0.0035206588679975,20.0,20.0,19.0,20.0,21.5,22.5,24.0,20.500000000000004,20.0,23.000000000000004,0.0,0.0,0.0011180817348213235,0.6665795915708068,27.869999999999997
39.0,13.4,0.9,730.5,0.0,0.0,0.0,20.0,66.2,66.2,66.2,66.2,66.2,0.893883232296452,68.0,64.4,1010.88583333333,3639189.0,0.0,0.0,5.07291666666667,4.05833333333333,3.8046875,1567.7,1531.8,1172.2,1108.7,0.0,-70.0,0.0,0.0,729.0,2409.0,3.8,24.0,3.78,64.0,0.0,1010.88583333333,0.0,57.5,70.7,71.6,53.0,71.6,72.5,72.5,68.9,15.12,83.0,13.88,734.1,42.75,14.115,-90.7,3.0,0.0,0.0,0.0,14.0,63.0,0.0,71.6,1.0,0.0,825.6,0.0,0.0,0.6,9.0,0.0,29.0,0.0,71.6,71.6,350.0,825.6,-50.0,0.0,0.0,0.0,0.0,400.0,0.0,0.0,0.0,0.0,0.0,0.0,57.0,730.5,4.444,0.0,13.8213315,0.0709036471935132,0.0,0.0,0.0006948923149915,0.0,0.0,0.0,0.0,20.0,20.0,19.0,20.0,21.5,22.5,24.0,20.500000000000004,20.0,24.0,0.0,0.0,0.0011180817348213235,0.6665795915708068,27.630000000000003
40.0,13.4,0.9,730.5,0.0,0.0,0.0,20.0,66.2,66.2,66.2,66.2,66.2,0.893883232296452,68.0,64.4,1010.88638888889,3639191.0,0.0,0.0,5.07291666666667,4.05833333333333,3.8046875,1567.7,1531.8,1172.2,1108.7,0.0,-25.0,0.0,0.0,729.0,2409.0,3.8,24.0,3.78,149.0,0.0,1010.88638888889,0.0,57.5,70.7,71.6,53.0,71.6,72.5,72.5,68.9,15.12,83.0,13.88,734.1,42.75,14.115,-90.7,3.0,0.0,0.0,0.0,14.0,63.0,0.0,71.6,1.0,0.0,825.6,0.0,0.0,0.6,9.0,0.0,29.0,0.0,71.6,71.6,350.0,825.6,-50.0,0.0,0.0,0.0,0.0,400.0,0.0,0.0,0.0,0.0,0.0,0.0,57.0,730.5,4.444,0.0,13.8213315,0.0709036471935132,0.0,0.0,0.0006948923149915,0.0,0.0,0.0,0.0,20.0,20.0,19.0,20.0,21.5,22.5,24.0,20.500000000000004,20.0,24.0,0.0,0.0,0.0011180817348213235,0.6665795915708068,27.630000000000003
41.0,13.4,0.9,730.5,0.0,0.0,0.0,20.0,66.2,66.2,66.2,66.2,66.2,0.893883232296452,68.0,64.4,1010.88638888889,3639191.0,0.0,0.0,5.07291666666667,4.05833333333333,3.8046875,1567.7,1531.8,1172.2,1108.7,0.0,-25.0,0.0,0.0,729.0,2409.0,3.8,24.0,3.78,149.0,0.0,1010.88638888889,0.0,57.5,70.7,71.6,53.0,71.6,72.5,72.5,68.9,15.08,83.0,13.879,734.1,42.83,14.105,5.3,3.0,0.0,0.0,0.0,14.0,63.0,0.0,71.6,1.0,0.0,825.6,0.0,0.0,0.6,9.0,0.0,29.0,0.0,71.6,71.6,350.0,825.6,-50.0,0.0,0.0,0.0,0.0,400.0,0.0,0.0,0.0,0.0,0.0,0.0,57.0,730.5,4.444,0.0,13.8413518,0.0671345150510613,0.0,0.0,0.0006948923149915,0.0,0.0,0.0,-0.0035232187695128,20.0,20.0,19.0,20.0,21.5,22.5,24.0,20.500000000000004,20.0,24.0,0.0,0.0,0.0011180817348213235,0.6665795915708068,27.75
42.0,13.4,1.0,730.5,0.0,0.0,0.0,20.0,66.2,66.2,66.2,66.2,66.2,0.993203591440502,68.0,64.4,1010.88694444444,3639193.0,0.0,0.0,5.07291666666667,4.05833333333333,3.8046875,1567.7,1531.8,1172.2,1108.7,0.0,-85.0,0.0,0.0,729.0,2409.0,3.8,24.0,3.78,64.0,0.0,1010.88694444444,0.0,57.5,70.7,71.6,53.0,71.6,72.5,72.5,68.9,15.08,83.0,13.879,734.1,42.83,14.105,5.3,3.0,0.0,0.0,0.0,14.0,63.0,0.0,71.6,1.0,0.0,825.6,0.0,0.0,0.6,9.0,0.0,29.0,0.0,71.6,71.6,350.0,825.6,-50.0,0.0,0.0,0.0,0.0,400.0,0.0,0.0,0.0,0.0,0.0,0.0,57.0,730.5,4.444,0.0,13.8413518,0.0671345150510613,0.0,0.0,0.0006948923149915,0.0,0.0,0.0,-0.0035232187695128,20.0,20.0,19.0,20.0,21.5,22.5,24.0,20.500000000000004,20.0,24.0,0.0,0.0,0.0011180817348213235,0.6665795915708068,27.75
43.0,13.4,1.0,730.5,0.0,0.0,0.0,20.0,66.2,66.2,66.2,66.2,66.2,0.993203591440502,68.0,64.4,1010.88694444444,3639193.0,0.0,0.0,5.07291666666667,4.05833333333333,3.8046875,1567.7,1531.8,1172.2,1108.7,0.0,-85.0,0.0,0.0,729.0,2409.0,3.8,24.0,3.78,64.0,0.0,1010.88694444444,0.0,57.5,70.7,71.6,53.0,71.6,72.5,72.5,68.9,15.59,83.0,13.897,734.1,38.89,14.109,26.1,3.0,0.0,0.0,0.0,14.0,63.0,0.0,71.6,1.0,0.0,825.6,0.0,0.0,0.6,9.0,0.0,29.0,0.0,71.6,71.6,350.0,825.6,-50.0,0.0,0.0,0.0,0.0,400.0,0.0,0.0,0.0,0.0,0.0,0.0,57.0,730.5,4.444,0.0,13.8306092,0.0636978081991609,0.0,0.0,0.0006948923149915,0.0,0.0,0.0,-0.0035249660271475,20.0,20.0,19.0,20.0,21.5,22.5,24.0,20.500000000000004,20.0,24.0,0.0,0.0,0.0011180817348213235,0.6665795915708068,23.3
44.0,13.4,1.5,730.5,0.0,0.0,0.0,20.0,66.2,66.2,66.2,66.2,66.2,1.48980538716075,68.0,64.4,1010.8875,3639195.0,0.0,0.0,5.07291666666667,4.05833333333333,3.8046875,1567.7,1531.8,1172.2,1108.7,0.0,-109.0,0.0,0.0,729.0,2353.0,3.8,24.0,3.78,149.0,0.0,1010.8875,0.0,57.5,70.7,71.6,53.0,71.6,72.5,72.5,68.9,15.59,83.0,13.897,734.1,38.89,14.109,26.1,3.0,0.0,0.0,0.0,14.0,63.0,0.0,71.6,1.0,0.0,825.6,0.0,0.0,0.6,9.0,0.0,29.0,0.0,71.6,71.6,350.0,825.6,-50.0,0.0,0.0,0.0,0.0,400.0,0.0,0.0,0.0,0.0,0.0,0.0,57.0,730.5,4.444,0.0,13.8306092,0.0636978081991609,0.0,0.0,0.0006948923149915,0.0,0.0,0.0,-0.0035249660271475,20.0,20.0,19.0,20.0,21.5,22.5,24.0,20.500000000000004,20.0,24.0,0.0,0.0,0.0011180817348213235,1.1109659859513423,23.3
45.0,13.4,1.5,730.5,0.0,0.0,0.0,20.0,66.2,66.2,66.2,66.2,66.2,1.48980538716075,68.0,64.4,1010.8875,3639195.0,0.0,0.0,5.07291666666667,4.05833333333333,3.8046875,1567.7,1531.8,1172.2,1108.7,0.0,-109.0,0.0,0.0,729.0,2353.0,3.8,24.0,3.78,149.0,0.0,1010.8875,0.0,57.5,70.7,71.6,53.0,71.6,72.5,72.5,68.9,14.75,83.0,13.874,734.1,45.37,14.114,-120.5,3.0,0.0,0.0,0.0,14.0,63.0,0.0,71.6,1.0,0.0,825.6,0.0,0.0,0.6,9.0,0.0,29.0,0.0,71.6,71.6,350.0,825.6,-50.0,0.0,0.0,0.0,0.0,400.0,0.0,0.0,0.0,0.0,0.0,0.0,57.0,730.5,4.444,0.0,13.8213315,0.0905194913578545,0.0,0.0,0.0010373894580649,0.912616929044034,0.56707369381702,0.0,0.0035337868768654,20.0,20.0,19.0,20.0,21.5,22.5,24.0,20.500000000000004,20.0,23.000000000000004,0.0,0.9997862483098703,0.001669159638026424,1.1109659859513423,30.619999999999997
46.0,13.4,1.5,730.5,0.0,0.0,0.0,20.0,66.2,66.2,66.2,66.2,66.2,1.48980538716075,68.0,64.4,1010.88805555556,3639197.0,0.0,0.0,5.07291666666667,4.05833333333333,3.8046875,1567.7,1531.8,1172.2,1108.7,0.0,-75.0,0.0,0.0,729.0,2353.0,3.8,24.0,3.78,64.0,0.0,1010.88805555556,0.0,57.5,70.7,71.6,53.0,71.6,72.5,72.5,68.9,14.75,83.0,13.874,734.1,45.37,14.114,-120.5,3.0,0.0,0.0,0.0,14.0,63.0,0.0,71.6,1.0,0.0,825.6,0.0,0.0,0.6,9.0,0.0,29.0,0.0,71.6,71.6,350.0,825.6,-50.0,0.0,0.0,0.0,0.0,400.0,0.0,0.0,0.0,0.0,0.0,0.0,57.0,730.5,4.443,0.0,13.8213315,0.0905194913578545,0.0,0.0,0.0010373894580649,0.912616929044034,0.56707369381702,0.0,0.0035337868768654,20.0,20.0,19.0,20.0,21.5,22.5,24.0,20.500000000000004,20.0,23.000000000000004,0.0,0.9997862483098703,0.001669159638026424,1.1109659859513423,30.619999999999997
47.0,13.4,1.5,730.5,0.0,0.0,0.0,20.0,66.2,66.2,66.2,66.2,66.2,1.48980538716075,68.0,64.4,1010.88805555556,3639197.0,0.0,0.0,5.07291666666667,4.05833333333333,3.8046875,1567.7,1531.8,1172.2,1108.7,0.0,-75.0,0.0,0.0,729.0,2353.0,3.8,24.0,3.78,64.0,0.0,1010.88805555556,0.0,57.5,70.7,71.6,53.0,71.6,72.5,72.5,68.0,13.94,83.0,13.847,734.1,51.77,14.142,-219.6,3.0,0.0,0.0,0.0,14.0,63.0,0.0,71.6,1.0,0.0,825.6,0.0,0.0,0.6,9.0,0.0,29.0,0.0,71.6,71.6,350.0,825.6,-50.0,0.0,0.0,0.0,0.0,400.0,0.0,0.0,0.0,0.0,0.0,0.0,57.0,730.5,4.443,0.0,13.8203549,0.115113828039846,,0.0,0.0013833404583896,0.912616929044034,0.56707369381702,0.0,0.0035496042903272,20.0,20.0,19.0,20.0,21.5,22.5,24.0,20.0,20.0,24.0,0.0,0.9997862483098703,0.0022257947975488665,1.1109659859513423,37.830000000000005
48.0,13.4,1.3,730.4,0.0,0.0,0.0,20.0,66.2,66.2,66.2,66.2,66.2,1.2909879180624,68.0,64.4,1010.88861111111,3639199.0,0.0,0.0,5.07222222222222,4.05777777777778,3.80416666666667,1567.7,1531.8,1172.2,1108.7,0.0,-43.0,0.0,0.0,729.0,2353.0,3.8,24.0,3.78,64.0,0.0,1010.88861111111,0.0,57.5,70.7,71.6,53.0,71.6,72.5,72.5,68.0,13.94,83.0,13.847,734.1,51.77,14.142,-219.6,3.0,0.0,0.0,0.0,14.0,63.0,0.0,71.6,1.0,0.0,825.6,0.0,0.0,0.6,9.0,0.0,29.0,0.0,71.6,71.6,350.0,825.6,-50.0,0.0,0.0,0.0,0.0,400.0,0.0,0.0,0.0,0.0,0.0,0.0,57.0,730.5,4.443,0.0,13.8203549,0.115113828039846,,0.0,0.0013833404583896,0.912616929044034,0.56707369381702,0.0,0.0035496042903272,20.0,20.0,19.0,20.0,21.5,22.5,24.0,20.0,20.0,24.0,0.0,0.9997862483098703,0.0022257947975488665,1.1108139029963908,37.830000000000005
49.0,13.4,1.3,730.4,0.0,0.0,0.0,20.0,66.2,66.2,66.2,66.2,66.2,1.2909879180624,68.0,64.4,1010.88861111111,3639199.0,0.0,0.0,5.07222222222222,4.05777777777778,3.80416666666667,1567.7,1531.8,1172.2,1108.7,0.0,-43.0,0.0,0.0,729.0,2353.0,3.8,24.0,3.78,64.0,0.0,1010.88861111111,0.0,57.5,70.7,71.6,53.0,71.6,72.5,72.5,68.0,15.44,83.0,13.892,733.9,45.67,14.129,-130.1,3.0,0.0,0.0,0.0,14.0,63.0,0.0,71.6,1.0,0.0,825.6,0.0,0.0,0.6,9.0,0.0,29.0,0.0,71.6,71.6,350.0,825.6,-50.0,0.0,0.0,0.0,0.0,400.0,0.0,0.0,0.0,0.0,0.0,0.0,57.0,730.5,4.443,0.0,13.8594189,0.110076147329109,0.0,0.0,0.0013833404583896,0.0,0.0,0.0,0.0035496042903272,20.0,20.0,19.0,20.0,21.5,22.5,24.0,20.0,20.0,24.0,0.0,0.0,0.0022257947975488665,1.1108139029963908,30.230000000000004
50.0,13.4,1.1,730.5,0.0,0.0,0.0,20.0,66.2,66.2,66.2,66.2,66.2,1.09252395058455,68.0,64.4,1010.88916666667,3639201.0,0.0,0.0,5.07291666666667,4.05833333333333,3.8046875,1567.7,1531.8,1172.2,1108.7,0.0,-33.0,0.0,0.0,729.0,2353.0,3.8,24.0,3.78,64.0,0.0,1010.88916666667,0.0,57.5,70.7,71.6,53.0,71.6,72.5,72.5,68.0,15.44,83.0,13.892,733.9,45.67,14.129,-130.1,3.0,0.0,0.0,0.0,14.0,63.0,0.0,71.6,1.0,0.0,825.6,0.0,0.0,0.6,9.0,0.0,29.0,0.0,71.6,71.6,350.0,825.6,-50.0,0.0,0.0,0.0,0.0,400.0,0.0,0.0,0.0,0.0,0.0,0.0,57.0,730.5,4.444,0.0,13.8594189,0.110076147329109,0.0,0.0,0.0013833404583896,0.0,0.0,0.0,0.0035496042903272,20.0,20.0,19.0,20.0,21.5,22.5,24.0,20.0,20.0,24.0,0.0,0.0,0.0022257947975488665,0.9628371878244966,30.230000000000004
51.0,13.4,1.1,730.5,0.0,0.0,0.0,20.0,66.2,66.2,66.2,66.2,66.2,1.09252395058455,68.0,64.4,1010.88916666667,3639201.0,0.0,0.0,5.07291666666667,4.05833333333333,3.8046875,1567.7,1531.8,1172.2,1108.7,0.0,-33.0,0.0,0.0,729.0,2353.0,3.8,24.0,3.78,64.0,0.0,1010.88916666667,0.0,57.5,70.7,71.6,53.0,71.6,72.5,72.5,68.0,15.84,83.0,13.911,734.1,44.03,14.152,-95.6,3.0,0.0,0.0,0.0,14.0,63.0,0.0,71.6,1.0,0.0,825.6,0.0,0.0,0.6,9.0,0.0,29.0,0.0,71.6,71.6,350.0,825.6,-50.0,0.0,0.0,0.0,0.0,400.0,0.0,0.0,0.0,0.0,0.0,0.0,57.0,730.5,4.444,0.0,13.8516061,0.105393277214668,0.0,0.0,0.0013833404583896,0.0,0.0,0.0,0.0,20.0,20.0,19.0,20.0,21.5,22.5,24.0,20.0,20.0,24.0,0.0,0.0,0.0022257947975488665,0.9628371878244966,28.19
52.0,13.4,1.0,730.5,0.0,0.0,0.0,20.0,66.2,66.2,66.2,66.2,66.2,0.993203591440502,68.0,64.4,1010.88972222222,3639203.0,0.0,0.0,5.07291666666667,4.05833333333333,3.8046875,1567.7,1531.8,1172.2,1108.7,0.0,0.0,0.0,0.0,729.0,2353.0,3.8,24.0,3.78,149.0,0.0,1010.88972222222,0.0,57.5,70.7,71.6,53.0,71.6,72.5,72.5,68.0,15.84,83.0,13.911,734.1,44.03,14.152,-95.6,3.0,0.0,0.0,0.0,14.0,63.0,0.0,71.6,1.0,0.0,825.6,0.0,0.0,0.6,9.0,0.0,29.0,0.0,71.6,71.6,350.0,825.6,-50.0,0.0,0.0,0.0,0.0,400.0,0.0,0.0,0.0,0.0,0.0,0.0,57.0,730.5,4.444,0.0,13.8516061,0.105393277214668,0.0,0.0,0.0013833404583896,0.0,0.0,0.0,0.0,20.0,20.0,19.0,20.0,21.5,22.5,24.0,20.0,20.0,24.0,0.0,0.0,0.0022257947975488665,0.7406439906342297,28.19
53.0,13.4,1.0,730.5,0.0,0.0,0.0,20.0,66.2,66.2,66.2,66.2,66.2,0.993203591440502,68.0,64.4,1010.88972222222,3639203.0,0.0,0.0,5.07291666666667,4.05833333333333,3.8046875,1567.7,1531.8,1172.2,1108.7,0.0,0.0,0.0,0.0,729.0,2353.0,3.8,24.0,3.78,149.0,0.0,1010.88972222222,0.0,57.5,70.7,71.6,53.0,71.6,72.5,72.5,68.0,14.77,83.0,13.879,734.1,42.71,14.122,-97.4,3.0,0.0,0.0,0.0,14.0,63.0,0.0,71.6,1.0,0.0,825.6,0.0,0.0,0.6,9.0,0.0,29.0,0.0,71.6,71.6,350.0,825.6,-50.0,0.0,0.0,0.0,0.0,400.0,0.0,0.0,0.0,0.0,0.0,0.0,57.0,730.5,4.444,0.0,13.8403752,0.101030774152126,0.0,0.0,0.0013833404583896,0.0,0.0,0.0,-0.003525315283006,20.0,20.0,19.0,20.0,21.5,22.5,24.0,20.0,20.0,24.0,0.0,0.0,0.0022257947975488665,0.7406439906342297,27.94
54.0,13.4,1.0,730.5,0.0,0.0,0.0,20.0,66.2,66.2,66.2,66.2,66.2,0.993203591440502,68.0,64.4,1010.89027777778,3639205.0,0.0,0.0,5.07291666666667,4.05833333333333,3.8046875,1567.7,1531.8,1172.2,1108.7,0.0,0.0,0.0,0.0,729.0,2347.0,3.8,24.0,3.78,64.0,0.0,1010.89027777778,0.0,57.5,70.7,71.6,53.0,71.6,72.5,72.5,68.0,14.77,83.0,13.879,734.1,42.71,14.122,-97.4,3.0,0.0,0.0,0.0,14.0,63.0,0.0,71.6,1.0,0.0,825.6,0.0,0.0,0.6,9.0,0.0,29.0,0.0,71.6,71.6,350.0,825.6,-50.0,0.0,0.0,0.0,0.0,400.0,0.0,0.0,0.0,0.0,0.0,0.0,57.0,730.5,4.444,0.0,13.8403752,0.101030774152126,0.0,0.0,0.0013833404583896,0.0,0.0,0.0,-0.003525315283006,20.0,20.0,19.0,20.0,21.5,22.5,24.0,20.0,20.0,24.0,0.0,0.0,0.0022257947975488665,0.7406439906342297,27.94
55.0,13.4,1.0,730.5,0.0,0.0,0.0,20.0,66.2,66.2,66.2,66.2,66.2,0.993203591440502,68.0,64.4,1010.89027777778,3639205.0,0.0,0.0,5.07291666666667,4.05833333333333,3.8046875,1567.7,1531.8,1172.2,1108.7,0.0,0.0,0.0,0.0,729.0,2347.0,3.8,24.0,3.78,64.0,0.0,1010.89027777778,0.0,57.5,70.7,71.6,53.0,71.6,72.5,72.5,68.0,14.74,83.0,13.88,734.1,42.7,14.114,-95.7,3.0,0.0,0.0,0.0,14.0,63.0,0.0,71.6,1.0,0.0,825.6,0.0,0.0,0.6,9.0,0.0,29.0,0.0,71.6,71.6,350.0,825.6,-50.0,0.0,0.0,0.0,0.0,400.0,0.0,0.0,0.0,0.0,0.0,0.0,57.0,730.5,4.444,0.0,13.8315858,0.09712976660149,0.0,0.0,0.0013833404583896,0.0,0.0,0.0,-0.0035361631835646,20.0,20.0,19.0,20.0,21.5,22.5,24.0,20.0,20.0,24.0,0.0,0.0,0.0022257947975488665,0.7406439906342297,27.96
56.0,13.4,1.0,730.5,0.0,0.0,0.0,20.0,66.2,66.2,66.2,66.2,66.2,0.993203591440502,68.0,64.4,1010.89083333333,3639207.0,0.0,0.0,5.07291666666667,4.05833333333333,3.8046875,1567.7,1531.8,1172.2,1108.7,0.0,-3.0,0.0,0.0,729.0,2347.0,3.8,24.0,3.78,149.0,0.0,1010.89083333333,0.0,57.5,70.7,71.6,53.0,71.6,72.5,72.5,68.0,14.74,83.0,13.88,734.1,42.7,14.114,-95.7,3.0,0.0,0.0,0.0,14.0,63.0,0.0,71.6,1.0,0.0,825.6,0.0,0.0,0.6,9.0,0.0,29.0,0.0,71.6,71.6,350.0,825.6,-50.0,0.0,0.0,0.0,0.0,400.0,0.0,0.0,0.0,0.0,0.0,0.0,57.0,730.5,4.443,0.0,13.8315858,0.09712976660149,0.0,0.0,0.0013833404583896,0.0,0.0,0.0,-0.0035361631835646,20.0,20.0,19.0,20.0,21.5,22.5,24.0,20.0,20.0,24.0,0.0,0.0,0.0022257947975488665,0.7406439906342297,27.96
57.0,13.4,1.0,730.5,0.0,0.0,0.0,20.0,66.2,66.2,66.2,66.2,66.2,0.993203591440502,68.0,64.4,1010.89083333333,3639207.0,0.0,0.0,5.07291666666667,4.05833333333333,3.8046875,1567.7,1531.8,1172.2,1108.7,0.0,-3.0,0.0,0.0,729.0,2347.0,3.8,24.0,3.78,149.0,0.0,1010.89083333333,0.0,57.5,70.7,71.6,53.0,71.6,72.5,72.5,68.0,14.71,83.0,13.879,734.1,42.84,14.113,-133.8,3.0,0.0,0.0,0.0,14.0,63.0,0.0,71.6,1.0,0.0,825.6,0.0,0.0,0.6,9.0,0.0,29.0,0.0,71.6,71.6,350.0,825.6,-50.0,0.0,0.0,0.0,0.0,400.0,0.0,0.0,0.0,0.0,0.0,0.0,57.0,730.5,4.443,0.0,13.8403752,0.0934670886190276,0.0,0.0,0.0013833404583896,0.0,0.0,0.0,0.0,20.0,20.0,19.0,20.0,21.5,22.5,24.0,20.0,20.0,24.0,0.0,0.0,0.0022257947975488665,0.7406439906342297,28.130000000000003
58.0,13.4,1.4,730.4,0.0,0.0,0.0,20.0,66.2,66.2,66.2,66.2,66.2,1.39029468099028,68.0,64.4,1010.89138888889,3639209.0,0.0,0.0,5.07222222222222,4.05777777777778,3.80416666666667,1567.7,1531.8,1172.2,1108.7,0.0,-90.0,0.0,0.0,729.0,2347.0,3.8,24.0,3.78,64.0,0.0,1010.89138888889,0.0,57.5,70.7,71.6,53.0,71.6,72.5,72.5,68.0,14.71,83.0,13.879,734.1,42.84,14.113,-133.8,3.0,0.0,0.0,0.0,14.0,63.0,0.0,71.6,1.0,0.0,825.6,0.0,0.0,0.6,9.0,0.0,29.0,0.0,71.6,71.6,350.0,825.6,-50.0,0.0,0.0,0.0,0.0,400.0,0.0,0.0,0.0,0.0,0.0,0.0,57.0,730.5,4.441,0.0,13.8403752,0.0934670886190276,0.0,0.0,0.0013833404583896,0.0,0.0,0.0,0.0,20.0,20.0,19.0,20.0,21.5,22.5,24.0,20.0,20.0,24.0,0.0,0.0,0.0022257947975488665,0.7405426019975929,28.130000000000003
59.0,13.4,1.4,730.4,0.0,0.0,0.0,20.0,66.2,66.2,66.2,66.2,66.2,1.39029468099028,68.0,64.4,1010.89138888889,3639209.0,0.0,0.0,5.07222222222222,4.05777777777778,3.80416666666667,1567.7,1531.8,1172.2,1108.7,0.0,-90.0,0.0,0.0,729.0,2347.0,3.8,24.0,3.78,64.0,0.0,1010.89138888889,0.0,57.5,70.7,71.6,53.0,71.6,72.5,72.5,68.0,15.36,83.0,13.901,733.6,38.21,14.117,-27.8,3.0,0.0,0.0,0.0,14.0,63.0,0.0,71.6,1.0,0.0,825.6,0.0,0.0,0.6,9.0,0.0,29.0,0.0,71.6,71.6,350.0,825.6,-50.0,0.0,0.0,0.0,0.0,400.0,0.0,0.0,0.0,0.0,0.0,0.0,57.0,730.5,4.441,0.0,13.8603955,0.112382792406587,0.0,0.0,0.001725112150596,0.977937724925677,0.607662142074793,0.0,0.0035365639389104,20.0,20.0,19.0,20.0,21.5,22.5,24.0,20.0,20.0,24.0,0.0,0.9997862483098703,0.002775705450308964,0.7405426019975929,22.85
60.0,13.4,1.4,730.4,0.0,0.0,0.0,20.0,66.2,66.2,66.2,66.2,66.2,1.39029468099028,68.0,64.4,1010.89138888889,3639209.0,0.0,0.0,5.07222222222222,4.05777777777778,3.80416666666667,1567.7,1531.8,1172.2,1108.7,0.0,-90.0,0.0,0.0,729.0,2347.0,3.8,24.0,3.78,64.0,0.0,1010.89138888889,0.0,57.5,70.7,71.6,53.0,71.6,72.5,72.5,68.0,15.36,83.0,13.901,733.6,38.21,14.117,-27.8,3.0,0.0,0.0,0.0,14.0,63.0,0.0,71.6,1.0,0.0,825.6,0.0,0.0,0.6,9.0,0.0,29.0,0.0,71.6,71.6,350.0,825.6,-50.0,0.0,0.0,0.0,0.0,400.0,0.0,0.0,0.0,0.0,0.0,0.0,57.0,730.3,4.444,0.0,13.8603955,0.112382792406587,0.0,0.0,0.001725112150596,0.977937724925677,0.607662142074793,0.0,0.0035365639389104,20.0,20.0,19.0,20.0,21.5,22.5,24.0,20.0,20.0,24.0,0.0,0.9997862483098703,0.002775705450308964,0.7405426019975929,22.85
61.0,13.4,1.6,730.4,0.0,0.0,0.0,20.0,66.2,66.2,66.2,66.2,66.2,1.58890820684603,68.0,64.4,1010.89194444444,3639211.0,0.0,0.0,5.07222222222222,4.05777777777778,3.80416666666667,1567.7,1531.8,1172.2,1108.7,0.0,-65.0,0.0,0.0,729.0,2347.0,3.8,24.0,3.78,149.0,0.0,1010.89194444444,0.0,57.5,70.7,71.6,53.0,71.6,72.5,72.5,68.0,15.18,83.0,13.9,734.1,38.65,14.121,-96.7,3.0,0.0,0.0,0.0,14.0,63.0,0.0,71.6,1.0,0.0,825.6,0.0,0.0,0.6,9.0,0.0,29.0,0.0,71.6,71.6,350.0,825.6,-50.0,0.0,0.0,0.0,0.0,400.0,0.0,0.0,0.0,0.0,0.0,0.0,57.0,730.3,4.444,3.613235,13.8594189,0.10825918039172,0.0,0.0,0.001725112150596,0.0,0.0,0.0,0.0035365639389104,20.0,20.0,19.0,20.0,21.5,22.5,24.0,20.0,20.0,24.0,0.0,0.0,0.002775705450308964,1.0367596427966295,23.47
62.0,13.4,1.6,730.4,0.0,0.0,0.0,20.0,66.2,66.2,66.2,66.2,66.2,1.58890820684603,68.0,64.4,1010.89194444444,3639211.0,0.0,0.0,5.07222222222222,4.05777777777778,3.80416666666667,1567.7,1531.8,1172.2,1108.7,0.0,-65.0,0.0,0.0,729.0,2347.0,3.8,24.0,3.78,149.0,0.0,1010.89194444444,0.0,57.5,70.7,71.6,53.0,71.6,72.5,72.5,68.0,15.18,83.0,13.9,734.1,38.65,14.121,-96.7,3.0,0.0,0.0,0.0,14.0,63.0,0.0,71.6,1.0,0.0,825.6,0.0,0.0,0.6,9.0,0.0,29.0,0.0,71.6,71.6,350.0,825.6,-50.0,0.0,0.0,0.0,0.0,400.0,0.0,0.0,0.0,0.0,0.0,0.0,57.0,730.4,4.444,3.613235,13.8594189,0.10825918039172,0.0,0.0,0.001725112150596,0.0,0.0,0.0,0.0035365639389104,20.0,20.0,19.0,20.0,21.5,22.5,24.0,20.0,20.0,24.0,0.0,0.0,0.002775705450308964,1.0367596427966295,23.47
63.0,13.4,1.9,730.4,0.0,0.0,0.0,20.0,66.2,66.2,66.2,66.2,66.2,1.88682849562967,68.0,64.4,1010.8925,3639213.0,0.0,0.0,5.07222222222222,4.05777777777778,3.80416666666667,1567.7,1531.8,1172.2,1108.7,0.0,-94.0,0.0,0.0,729.0,2368.0,3.8,24.0,3.78,149.0,0.0,1010.8925,0.0,57.5,70.7,71.6,53.0,71.6,72.5,72.5,68.0,15.23,83.0,13.905,733.9,43.93,14.124,35.3,3.0,0.0,0.0,0.0,14.0,63.0,0.0,71.6,1.0,0.0,825.6,0.0,0.0,0.6,9.0,0.0,29.0,0.0,71.6,71.6,350.0,825.6,-50.0,0.0,0.0,0.0,0.0,400.0,0.0,0.0,0.0,0.0,0.0,0.0,57.0,730.4,4.444,0.0,13.8403752,0.125591788989344,0.0,0.0,0.0020712739165771,0.720585692050499,0.44775105205511,0.0,,20.0,20.0,19.0,20.0,21.5,22.5,24.0,20.0,20.0,23.000000000000004,0.0,0.9997862483098703,0.003332679731772554,1.1848681631961449,28.7
64.0,13.4,1.1,730.5,0.0,0.0,0.0,20.0,66.2,66.2,66.2,66.2,66.2,1.09252395058455,68.0,64.4,1010.89305555556,3639215.0,0.0,0.0,5.07291666666667,4.05833333333333,3.8046875,1567.7,1531.8,1172.2,1108.7,0.0,0.0,0.0,0.0,729.0,2368.0,3.8,24.0,3.78,64.0,0.0,1010.89305555556,0.0,57.5,70.7,71.6,53.0,71.6,72.5,72.5,68.0,15.23,83.0,13.905,733.9,43.93,14.124,35.3,3.0,0.0,0.0,0.0,14.0,63.0,0.0,71.6,1.0,0.0,825.6,0.0,0.0,0.6,9.0,0.0,29.0,0.0,71.6,71.6,350.0,825.6,-50.0,0.0,0.0,0.0,0.0,400.0,0.0,0.0,0.0,0.0,0.0,0.0,57.0,730.4,4.444,0.0,13.8403752,0.125591788989344,0.0,0.0,0.0020712739165771,0.720585692050499,0.44775105205511,0.0,,20.0,20.0,19.0,20.0,21.5,22.5,24.0,20.0,20.0,23.000000000000004,0.0,0.9997862483098703,0.003332679731772554,1.4072235822050336,28.7
65.0,13.4,1.1,730.5,0.0,0.0,0.0,20.0,66.2,66.2,66.2,66.2,66.2,1.09252395058455,68.0,64.4,1010.89305555556,3639215.0,0.0,0.0,5.07291666666667,4.05833333333333,3.8046875,1567.7,1531.8,1172.2,1108.7,0.0,0.0,0.0,0.0,729.0,2368.0,3.8,24.0,3.78,64.0,0.0,1010.89305555556,0.0,57.5,70.7,71.6,53.0,71.6,72.5,72.5,68.0,14.45,83.0,13.879,734.1,42.91,14.126,1.8,3.0,0.0,0.0,0.0,14.0,63.0,0.0,71.6,1.0,0.0,825.6,0.0,0.0,0.6,9.0,0.0,29.0,0.0,71.6,71.6,350.0,825.6,-50.0,0.0,0.0,0.0,0.0,400.0,0.0,0.0,0.0,0.0,0.0,0.0,57.0,730.4,4.444,0.0,13.8403752,0.121532079805178,0.0,0.0,0.0020712739165771,0.0,0.0,0.0,,20.0,20.0,19.0,20.0,21.5,22.5,24.0,20.0,20.0,24.0,0.0,0.0,0.003332679731772554,1.4072235822050336,28.459999999999997
66.0,13.4,1.1,730.4,0.0,0.0,0.0,20.0,66.2,66.2,66.2,66.2,66.2,1.09237439220665,68.0,64.4,1010.89361111111,3639217.0,0.0,0.0,5.07222222222222,4.05777777777778,3.80416666666667,1567.7,1531.8,1172.2,1108.7,0.0,0.0,0.0,0.0,729.0,2368.0,3.8,24.0,3.78,64.0,0.0,1010.89361111111,0.0,57.5,70.7,71.6,53.0,71.6,72.5,72.5,68.0,14.45,83.0,13.879,734.1,42.91,14.126,1.8,3.0,0.0,0.0,0.0,14.0,63.0,0.0,71.6,1.0,0.0,825.6,0.0,0.0,0.6,9.0,0.0,29.0,0.0,71.6,71.6,350.0,825.6,-50.0,0.0,0.0,0.0,0.0,400.0,0.0,0.0,0.0,0.0,0.0,0.0,57.0,730.4,4.442,0.0,13.8403752,0.121532079805178,0.0,0.0,0.0020712739165771,0.0,0.0,0.0,,20.0,20.0,19.0,20.0,21.5,22.5,24.0,20.0,20.0,24.0,0.0,0.0,0.003332679731772554,0.8145968621973527,28.459999999999997
67.0,13.4,1.1,730.4,0.0,0.0,0.0,20.0,66.2,66.2,66.2,66.2,66.2,1.09237439220665,68.0,64.4,1010.89361111111,3639217.0,0.0,0.0,5.07222222222222,4.05777777777778,3.80416666666667,1567.7,1531.8,1172.2,1108.7,0.0,0.0,0.0,0.0,729.0,2368.0,3.8,24.0,3.78,64.0,0.0,1010.89361111111,0.0,57.5,70.7,71.6,53.0,71.6,72.5,72.5,68.0,14.48,83.0,13.88,734.1,42.63,14.123,-2.6,3.0,0.0,0.0,0.0,14.0,63.0,0.0,71.6,1.0,0.0,825.6,0.0,0.0,0.6,9.0,0.0,29.0,0.0,71.6,71.6,350.0,825.6,-50.0,0.0,0.0,0.0,0.0,400.0,0.0,0.0,0.0,0.0,0.0,0.0,57.0,730.4,4.442,0.0,13.8403752,0.117738240546079,0.0,0.0,0.0020712739165771,0.0,0.0,0.0,,20.0,20.0,19.0,20.0,21.5,22.5,24.0,20.0,20.0,23.000000000000004,0.0,0.0,0.003332679731772554,0.8145968621973527,28.150000000000002
68.0,13.4,1.1,730.4,0.0,0.0,0.0,20.0,66.2,66.2,66.2,66.2,66.2,1.09237439220665,68.0,64.4,1010.89361111111,3639217.0,0.0,0.0,5.07222222222222,4.05777777777778,3.80416666666667,1567.7,1531.8,1172.2,1108.7,0.0,0.0,0.0,0.0,729.0,2368.0,3.8,24.0,3.78,64.0,0.0,1010.89361111111,0.0,57.5,70.7,71.6,53.0,71.6,72.5,72.5,68.0,14.48,83.0,13.88,734.1,42.63,14.123,-2.6,3.0,0.0,0.0,0.0,14.0,63.0,0.0,71.6,1.0,0.0,825.6,0.0,0.0,0.6,9.0,0.0,29.0,0.0,71.6,71.6,350.0,825.6,-50.0,0.0,0.0,0.0,0.0,400.0,0.0,0.0,0.0,0.0,0.0,0.0,57.0,730.5,4.444,0.0,13.8403752,0.117738240546079,0.0,0.0,0.0020712739165771,0.0,0.0,0.0,,20.0,20.0,19.0,20.0,21.5,22.5,24.0,20.0,20.0,23.000000000000004,0.0,0.0,0.003332679731772554,0.8145968621973527,28.150000000000002
69.0,13.4,0.8,730.5,0.0,0.0,0.0,20.0,66.2,66.2,66.2,66.2,66.2,0.794562873152402,68.0,64.4,1010.89416666667,3639219.0,0.0,0.0,5.07291666666667,4.05833333333333,3.8046875,1567.7,1531.8,1172.2,1108.7,0.0,0.0,0.0,0.0,729.0,2368.0,3.8,24.0,3.78,64.0,0.0,1010.89416666667,0.0,57.5,70.7,71.6,53.0,71.6,72.5,72.5,68.0,14.66,83.0,13.886,734.1,41.18,14.129,-2.3,3.0,0.0,0.0,0.0,14.0,63.0,0.0,71.6,1.0,0.0,825.6,0.0,0.0,0.6,9.0,0.0,29.0,0.0,71.6,71.6,350.0,825.6,-50.0,0.0,0.0,0.0,0.0,400.0,0.0,0.0,0.0,0.0,0.0,0.0,57.0,730.5,4.444,0.0,13.8403752,0.113960140128133,0.0,0.0,0.0020712739165771,0.0,0.0,0.0,0.0,20.0,20.0,19.0,20.0,21.5,22.5,24.0,20.0,20.0,23.000000000000004,0.0,0.0,0.003332679731772554,0.8147083896976511,26.52
70.0,13.4,0.8,730.5,0.0,0.0,0.0,20.0,66.2,66.2,66.2,66.2,66.2,0.794562873152402,68.0,64.4,1010.89416666667,3639219.0,0.0,0.0,5.07291666666667,4.05833333333333,3.8046875,1567.7,1531.8,1172.2,1108.7,0.0,0.0,0.0,0.0,729.0,2368.0,3.8,24.0,3.78,64.0,0.0,1010.89416666667,0.0,57.5,70.7,71.6,53.0,71.6,72.5,72.5,68.0,14.66,83.0,13.886,734.1,41.18,14.129,-2.3,3.0,0.0,0.0,0.0,14.0,63.0,0.0,71.6,1.0,0.0,825.6,0.0,0.0,0.6,9.0,0.0,29.0,0.0,71.6,71.6,350.0,825.6,-50.0,0.0,0.0,0.0,0.0,400.0,0.0,0.0,0.0,0.0,0.0,0.0,57.0,730.4,4.443,0.0,13.8413518,0.113960140128133,0.0,0.0,0.0020712739165771,0.0,0.0,0.0,0.0,20.0,20.0,19.0,20.0,21.5,22.5,24.0,20.0,20.0,23.000000000000004,0.0,0.0,0.003332679731772554,0.8147083896976511,26.52
71.0,13.4,1.0,730.4,0.0,0.0,0.0,20.0,66.2,66.2,66.2,66.2,66.2,0.993067629278772,68.0,64.4,1010.89472222222,3639221.0,0.0,0.0,5.07222222222222,4.05777777777778,3.80416666666667,1567.7,1531.8,1172.2,1108.7,0.0,0.0,0.0,0.0,729.0,2368.0,3.8,24.0,3.78,149.0,0.0,1010.89472222222,0.0,57.5,70.7,71.6,53.0,71.6,72.5,72.5,68.0,12.53,83.0,13.825,734.1,53.95,14.118,190.2,3.0,0.0,0.0,0.0,14.0,63.0,0.0,71.6,1.0,0.0,825.6,0.0,0.0,0.6,9.0,0.0,29.0,0.0,71.6,71.6,350.0,825.6,-50.0,0.0,0.0,0.0,0.0,400.0,0.0,0.0,0.0,0.0,0.0,0.0,57.0,730.4,4.443,0.0,13.8413518,0.110465388912268,0.0,0.0,0.0020712739165771,0.0,0.0,0.0,-0.0034840933477271,20.0,20.0,19.0,20.0,21.5,22.5,24.0,20.0,20.0,23.000000000000004,0.0,0.0,0.003332679731772554,0.5924340815980739,41.42
72.0,13.4,1.0,730.4,0.0,0.0,0.0,20.0,66.2,66.2,66.2,66.2,66.2,0.993067629278772,68.0,64.4,1010.89472222222,3639221.0,0.0,0.0,5.07222222222222,4.05777777777778,3.80416666666667,1567.7,1531.8,1172.2,1108.7,0.0,0.0,0.0,0.0,729.0,2368.0,3.8,24.0,3.78,149.0,0.0,1010.89472222222,0.0,57.5,70.7,71.6,53.0,71.6,72.5,72.5,68.0,12.53,83.0,13.825,734.1,53.95,14.118,190.2,3.0,0.0,0.0,0.0,14.0,63.0,0.0,71.6,1.0,0.0,825.6,0.0,0.0,0.6,9.0,0.0,29.0,0.0,71.6,71.6,350.0,825.6,-50.0,0.0,0.0,0.0,0.0,400.0,0.0,0.0,0.0,0.0,0.0,0.0,57.0,730.4,4.443,0.0,13.7803143,0.110465388912268,0.0,0.0,0.0020712739165771,0.0,0.0,0.0,-0.0034840933477271,20.0,20.0,19.0,20.0,21.5,22.5,24.0,20.0,20.0,23.000000000000004,0.0,0.0,0.003332679731772554,0.5924340815980739,41.42
73.0,13.3,1.2,730.4,0.0,0.0,0.0,20.0,66.2,66.2,66.2,66.2,66.2,1.19168115513453,68.0,64.4,1010.89527777778,3639223.0,0.0,0.0,5.07222222222222,4.05777777777778,3.80416666666667,1567.7,1531.8,1172.2,1108.7,0.0,32.0,0.0,0.0,729.0,2414.0,3.8,24.0,3.78,64.0,0.0,1010.89527777778,0.0,57.5,70.7,71.6,53.0,71.6,72.5,72.5,68.0,12.88,83.0,13.825,734.1,55.12,14.147,322.8,3.0,0.0,0.0,0.0,14.0,63.0,0.0,71.6,1.0,0.0,825.6,0.0,0.0,0.6,9.0,0.0,29.0,0.0,71.6,71.6,350.0,825.6,-50.0,0.0,0.0,0.0,0.0,400.0,0.0,0.0,0.0,0.0,0.0,0.0,57.0,730.4,4.443,0.0,13.7803143,0.107316896506747,0.0,0.0,0.0020712739165771,0.0,0.0,0.0,0.0,20.0,20.0,19.0,20.0,21.5,22.5,24.0,20.0,20.0,24.0,0.0,0.0,0.003332679731772554,0.7405426019975929,42.239999999999995
74.0,13.3,1.2,730.4,0.0,0.0,0.0,20.0,66.2,66.2,66.2,66.2,66.2,1.19168115513453,68.0,64.4,1010.89527777778,3639223.0,0.0,0.0,5.07222222222222,4.05777777777778,3.80416666666667,1567.7,1531.8,1172.2,1108.7,0.0,32.0,0.0,0.0,729.0,2414.0,3.8,24.0,3.78,64.0,0.0,1010.89527777778,0.0,57.5,70.7,71.6,53.0,71.6,72.5,72.5,68.0,12.88,83.0,13.825,734.1,55.12,14.147,322.8,3.0,0.0,0.0,0.0,14.0,63.0,0.0,71.6,1.0,0.0,825.6,0.0,0.0,0.6,9.0,0.0,29.0,0.0,71.6,71.6,350.0,825.6,-50.0,0.0,0.0,0.0,0.0,400.0,0.0,0.0,0.0,0.0,0.0,0.0,57.0,730.3,4.444,0.0,13.8213315,0.107316896506747,0.0,0.0,0.0020712739165771,0.0,0.0,0.0,0.0,20.0,20.0,19.0,20.0,21.5,22.5,24.0,20.0,20.0,24.0,0.3436765228565187,0.0,0.003332679731772554,0.7405426019975929,42.239999999999995
75.0,13.4,2.4,730.3,0.0,0.0,0.0,20.0,66.2,66.2,66.2,66.2,66.2,2.3830360010809,68.0,64.4,1010.89583333333,3639225.0,0.0,0.0,5.07152777777778,4.05722222222222,3.80364583333333,1567.7,1531.8,1172.2,1108.7,0.0,226.0,0.0,0.0,729.0,2414.0,3.8,24.0,3.78,64.0,0.0,1010.89583333333,0.0,57.5,70.7,71.6,53.0,71.6,72.5,72.5,68.0,15.11,83.0,13.895,734.0,43.0,14.141,45.6,3.0,0.0,0.0,0.0,14.0,63.0,0.0,71.6,1.0,0.0,825.6,0.0,0.0,0.6,9.0,0.0,29.0,0.0,71.6,71.6,350.0,825.6,-50.0,0.0,0.0,0.0,0.0,400.0,0.0,0.0,0.0,0.0,0.0,0.0,57.0,730.3,4.444,0.0,13.8213315,0.157423235164838,0.0,0.0,0.0031275555961518,1.71162535944133,1.06355436122142,0.0,0.0103754700610262,20.0,20.0,19.0,20.0,21.5,22.5,24.0,20.0,20.0,24.0,0.3436765228565187,2.999358744929608,0.005032236954208246,0.8885294560331469,27.89
76.0,13.4,2.4,730.3,0.0,0.0,0.0,20.0,66.2,66.2,66.2,66.2,66.2,2.3830360010809,68.0,64.4,1010.89583333333,3639225.0,0.0,0.0,5.07152777777778,4.05722222222222,3.80364583333333,1567.7,1531.8,1172.2,1108.7,0.0,226.0,0.0,0.0,729.0,2414.0,3.8,24.0,3.78,64.0,0.0,1010.89583333333,0.0,57.5,70.7,71.6,53.0,71.6,72.5,72.5,68.0,15.11,83.0,13.895,734.0,43.0,14.141,45.6,3.0,0.0,0.0,0.0,14.0,63.0,0.0,71.6,1.0,0.0,825.6,0.0,0.0,0.6,9.0,0.0,29.0,0.0,71.6,71.6,350.0,825.6,-50.0,0.0,0.0,0.0,0.0,400.0,0.0,0.0,0.0,0.0,0.0,0.0,57.0,730.5,4.444,0.0,13.8516061,0.157423235164838,0.0,0.0,0.0031275555961518,1.71162535944133,1.06355436122142,0.0,0.0103754700610262,20.0,20.0,19.0,20.0,21.5,22.5,24.0,20.0,20.0,24.0,0.0,2.999358744929608,0.005032236954208246,0.8885294560331469,27.89
77.0,13.4,0.9,730.4,0.0,0.0,0.0,20.0,66.2,66.2,66.2,66.2,66.2,0.893760866350895,68.0,64.4,1010.89638888889,3639227.0,0.0,0.0,5.07222222222222,4.05777777777778,3.80416666666667,1567.7,1531.8,1172.2,1108.7,0.0,7.0,0.0,0.0,729.0,2414.0,3.8,24.0,3.78,64.0,0.0,1010.89638888889,0.0,57.5,70.7,71.6,53.0,71.6,72.5,72.5,68.0,15.05,83.0,13.898,734.1,42.2,14.136,91.0,3.0,0.0,0.0,0.0,14.0,63.0,0.0,71.6,1.0,0.0,825.6,0.0,0.0,0.6,9.0,0.0,29.0,0.0,71.6,71.6,350.0,825.6,-50.0,0.0,0.0,0.0,0.0,400.0,0.0,0.0,0.0,0.0,0.0,0.0,57.0,730.5,4.444,0.0,13.8516061,0.153057161118353,0.0,0.0,0.0031275555961518,0.0,0.0,0.0,0.0103754700610262,20.0,20.0,19.0,20.0,21.5,22.5,24.0,20.0,20.0,24.0,0.0,0.0,0.005032236954208246,1.7773022447942208,27.150000000000002
78.0,13.4,0.9,730.4,0.0,0.0,0.0,20.0,66.2,66.2,66.2,66.2,66.2,0.893760866350895,68.0,64.4,1010.89638888889,3639227.0,0.0,0.0,5.07222222222222,4.05777777777778,3.80416666666667,1567.7,1531.8,1172.2,1108.7,0.0,7.0,0.0,0.0,729.0,2414.0,3.8,24.0,3.78,64.0,0.0,1010.89638888889,0.0,57.5,70.7,71.6,53.0,71.6,72.5,72.5,68.0,15.05,83.0,13.898,734.1,42.2,14.136,91.0,3.0,0.0,0.0,0.0,14.0,63.0,0.0,71.6,1.0,0.0,825.6,0.0,0.0,0.6,9.0,0.0,29.0,0.0,71.6,71.6,350.0,825.6,-50.0,0.0,0.0,0.0,0.0,400.0,0.0,0.0,0.0,0.0,0.0,0.0,57.0,730.4,4.444,0.0,13.8603955,0.153057161118353,0.0,0.0,0.0031275555961518,0.0,0.0,0.0,0.0103754700610262,20.0,20.0,19.0,20.0,21.5,22.5,24.0,20.0,20.0,24.0,0.10935162090889206,0.0,0.005032236954208246,1.7773022447942208,27.150000000000002
79.0,13.4,1.0,730.4,0.0,0.0,0.0,20.0,66.2,66.2,66.2,66.2,66.2,0.993067629278772,68.0,64.4,1010.89694444444,3639229.0,0.0,0.0,5.07222222222222,4.05777777777778,3.80416666666667,1567.7,1531.8,1172.2,1108.7,0.0,-10.0,0.0,0.0,729.0,2414.0,3.8,24.0,3.78,64.0,0.0,1010.89694444444,0.0,57.5,70.7,71.6,53.0,71.6,72.5,72.5,68.0,14.49,83.0,13.884,734.2,42.01,14.124,70.3,3.0,0.0,0.0,0.0,14.0,63.0,0.0,71.6,1.0,0.0,825.6,0.0,0.0,0.6,9.0,0.0,29.0,0.0,71.6,71.6,350.0,825.6,-50.0,0.0,0.0,0.0,0.0,400.0,0.0,0.0,0.0,0.0,0.0,0.0,57.0,730.4,4.444,0.0,13.8603955,0.148926727029412,0.0,0.0,0.0031275555961518,0.0,0.0,0.0,,20.0,20.0,19.0,20.0,21.5,22.5,24.0,20.0,20.0,24.0,0.10935162090889206,0.0,0.005032236954208246,0.6664883417978338,27.519999999999996
80.0,13.4,1.0,730.4,0.0,0.0,0.0,20.0,66.2,66.2,66.2,66.2,66.2,0.993067629278772,68.0,64.4,1010.89694444444,3639229.0,0.0,0.0,5.07222222222222,4.05777777777778,3.80416666666667,1567.7,1531.8,1172.2,1108.7,0.0,-10.0,0.0,0.0,729.0,2414.0,3.8,24.0,3.78,64.0,0.0,1010.89694444444,0.0,57.5,70.7,71.6,53.0,71.6,72.5,72.5,68.0,14.49,83.0,13.884,734.2,42.01,14.124,70.3,3.0,0.0,0.0,0.0,14.0,63.0,0.0,71.6,1.0,0.0,825.6,0.0,0.0,0.6,9.0,0.0,29.0,0.0,71.6,71.6,350.0,825.6,-50.0,0.0,0.0,0.0,0.0,400.0,0.0,0.0,0.0,0.0,0.0,0.0,57.0,730.4,4.442,0.0,13.8496529,0.148926727029412,0.0,0.0,0.0031275555961518,0.0,0.0,0.0,,20.0,20.0,19.0,20.0,21.5,22.5,24.0,20.0,20.0,24.0,0.0,0.0,0.005032236954208246,0.6664883417978338,27.519999999999996
81.0,13.4,0.9,730.4,0.0,0.0,0.0,20.0,66.2,66.2,66.2,66.2,66.2,0.893760866350895,68.0,64.4,1010.8975,3639231.0,0.0,0.0,5.07222222222222,4.05777777777778,3.80416666666667,1567.7,1531.8,1172.2,1108.7,0.0,0.0,0.0,0.0,729.0,2362.0,3.8,24.0,3.78,64.0,0.0,1010.8975,0.0,57.5,70.7,71.6,53.0,71.6,72.5,72.5,68.0,14.55,83.0,13.887,734.1,41.43,14.125,70.3,3.0,0.0,0.0,0.0,14.0,63.0,0.0,71.6,1.0,0.0,825.6,0.0,0.0,0.6,9.0,0.0,29.0,0.0,71.6,71.6,350.0,825.6,-50.0,0.0,0.0,0.0,0.0,400.0,0.0,0.0,0.0,0.0,0.0,0.0,57.0,730.4,4.442,0.0,13.8496529,0.145014573758998,0.0,0.0,0.0031275555961518,0.0,0.0,0.0,0.0,20.0,20.0,19.0,20.0,21.5,22.5,24.0,20.0,20.0,24.0,0.0,0.0,0.005032236954208246,0.7405426019975929,26.88
82.0,13.4,0.9,730.4,0.0,0.0,0.0,20.0,66.2,66.2,66.2,66.2,66.2,0.893760866350895,68.0,64.4,1010.8975,3639231.0,0.0,0.0,5.07222222222222,4.05777777777778,3.80416666666667,1567.7,1531.8,1172.2,1108.7,0.0,0.0,0.0,0.0,729.0,2362.0,3.8,24.0,3.78,64.0,0.0,1010.8975,0.0,57.5,70.7,71.6,53.0,71.6,72.5,72.5,68.0,14.55,83.0,13.887,734.1,41.43,14.125,31.1,3.0,0.0,0.0,0.0,14.0,63.0,0.0,71.6,1.0,0.0,825.6,0.0,0.0,0.6,9.0,0.0,29.0,0.0,71.6,71.6,350.0,825.6,-50.0,0.0,0.0,0.0,0.0,400.0,0.0,0.0,0.0,0.0,0.0,0.0,57.0,730.5,4.444,0.0,13.8403752,0.145014573758998,0.0,0.0,0.0031275555961518,0.0,0.0,0.0,0.0,20.0,20.0,19.0,20.0,21.5,22.5,24.0,20.0,20.0,24.0,0.0,0.0,0.005032236954208246,0.7405426019975929,26.88
83.0,13.4,0.8,730.4,0.0,0.0,0.0,20.0,66.2,66.2,66.2,66.2,66.2,0.794454103423017,68.0,64.4,1010.89805555556,3639233.0,0.0,0.0,5.07222222222222,4.05777777777778,3.80416666666667,1567.7,1531.8,1172.2,1108.7,0.0,0.0,0.0,0.0,729.0,2362.0,3.8,24.0,3.78,64.0,0.0,1010.89805555556,0.0,57.5,70.7,71.6,53.0,71.6,72.5,72.5,68.0,14.51,83.0,13.886,733.9,41.15,14.124,31.1,3.0,0.0,0.0,0.0,14.0,63.0,0.0,71.6,1.0,0.0,825.6,0.0,0.0,0.6,9.0,0.0,29.0,0.0,71.6,71.6,350.0,825.6,-50.0,0.0,0.0,0.0,0.0,400.0,0.0,0.0,0.0,0.0,0.0,0.0,57.0,730.5,4.444,0.0,13.8403752,0.141355083204173,0.0,0.0,0.0031275555961518,0.0,0.0,0.0,-0.0104521696066975,20.0,20.0,19.0,20.0,21.5,22.5,24.0,20.0,20.0,24.0,0.0,0.0,0.005032236954208246,0.6664883417978338,26.64
84.0,13.4,0.8,730.4,0.0,0.0,0.0,20.0,66.2,66.2,66.2,66.2,66.2,0.794454103423017,68.0,64.4,1010.89805555556,3639233.0,0.0,0.0,5.07222222222222,4.05777777777778,3.80416666666667,1567.7,1531.8,1172.2,1108.7,0.0,0.0,0.0,0.0,729.0,2362.0,3.8,24.0,3.78,64.0,0.0,1010.89805555556,0.0,57.5,70.7,71.6,53.0,71.6,72.5,72.5,68.0,14.51,83.0,13.886,733.9,41.15,14.124,31.3,3.0,0.0,0.0,0.0,14.0,63.0,0.0,71.6,1.0,0.0,825.6,0.0,0.0,0.6,9.0,0.0,29.0,0.0,71.6,71.6,350.0,825.6,-50.0,0.0,0.0,0.0,0.0,400.0,0.0,0.0,0.0,0.0,0.0,0.0,57.0,730.5,4.444,0.0,13.8496529,0.141355083204173,0.0,0.0,0.0031275555961518,0.0,0.0,0.0,-0.0104521696066975,20.0,20.0,19.0,20.0,21.5,22.5,24.0,20.0,20.0,24.0,0.0,0.0,0.005032236954208246,0.6664883417978338,26.64
85.0,13.4,0.9,730.4,0.0,0.0,0.0,20.0,66.2,66.2,66.2,66.2,66.2,0.893760866350895,68.0,64.4,1010.89861111111,3639235.0,0.0,0.0,5.07222222222222,4.05777777777778,3.80416666666667,1567.7,1531.8,1172.2,1108.7,0.0,0.0,0.0,0.0,729.0,2362.0,3.8,24.0,3.78,64.0,0.0,1010.89861111111,0.0,57.5,70.7,71.6,53.0,71.6,72.5,72.5,68.0,14.47,83.0,13.887,734.1,41.0,14.118,31.3,3.0,0.0,0.0,0.0,14.0,63.0,0.0,71.6,1.0,0.0,825.6,0.0,0.0,0.6,9.0,0.0,29.0,0.0,71.6,71.6,350.0,825.6,-50.0,0.0,0.0,0.0,0.0,400.0,0.0,0.0,0.0,0.0,0.0,0.0,57.0,730.5,4.444,0.0,13.8496529,0.137824753487067,0.0,0.0,0.0031275555961518,0.0,0.0,0.0,0.0,20.0,20.0,19.0,20.0,21.5,22.5,24.0,20.0,20.0,24.0,0.0,0.0,0.005032236954208246,0.5924340815980739,26.53
86.0,13.4,0.9,730.4,0.0,0.0,0.0,20.0,66.2,66.2,66.2,66.2,66.2,0.893760866350895,68.0,64.4,1010.89861111111,3639235.0,0.0,0.0,5.07222222222222,4.05777777777778,3.80416666666667,1567.7,1531.8,1172.2,1108.7,0.0,0.0,0.0,0.0,729.0,2362.0,3.8,24.0,3.78,64.0,0.0,1010.89861111111,0.0,57.5,70.7,71.6,53.0,71.6,72.5,72.5,68.0,14.47,83.0,13.887,734.1,41.0,14.118,25.8,3.0,0.0,0.0,0.0,14.0,63.0,0.0,71.6,1.0,0.0,825.6,0.0,0.0,0.6,9.0,0.0,29.0,0.0,71.6,71.6,350.0,825.6,-50.0,0.0,0.0,0.0,0.0,400.0,0.0,0.0,0.0,0.0,0.0,0.0,57.0,730.4,4.443,0.0,13.8594189,0.137824753487067,0.0,0.0,0.0031275555961518,0.0,0.0,0.0,0.0,20.0,20.0,19.0,20.0,21.5,22.5,24.0,20.0,20.0,24.0,0.0,0.0,0.005032236954208246,0.5924340815980739,26.53
87.0,13.4,0.8,730.4,0.0,0.0,0.0,20.0,66.2,66.2,66.2,66.2,66.2,0.794454103423017,68.0,64.4,1010.89916666667,3639237.0,0.0,0.0,5.07222222222222,4.05777777777778,3.80416666666667,1567.7,1531.8,1172.2,1108.7,0.0,0.0,0.0,0.0,729.0,2362.0,3.8,24.0,3.78,64.0,0.0,1010.89916666667,0.0,57.5,70.7,71.6,53.0,71.6,72.5,72.5,68.0,14.45,83.0,13.887,734.0,40.92,14.124,25.8,3.0,0.0,0.0,0.0,14.0,63.0,0.0,71.6,1.0,0.0,825.6,0.0,0.0,0.6,9.0,0.0,29.0,0.0,71.6,71.6,350.0,825.6,-50.0,0.0,0.0,0.0,0.0,400.0,0.0,0.0,0.0,0.0,0.0,0.0,57.0,730.4,4.443,0.0,13.8594189,0.134563178680767,0.0,0.0,0.0031275555961518,0.0,0.0,0.0,0.0,20.0,20.0,19.0,20.0,21.5,22.5,24.0,20.0,20.0,24.0,0.0,0.0,0.005032236954208246,0.6664883417978338,26.470000000000002
88.0,13.4,0.8,730.4,0.0,0.0,0.0,20.0,66.2,66.2,66.2,66.2,66.2,0.794454103423017,68.0,64.4,1010.89916666667,3639237.0,0.0,0.0,5.07222222222222,4.05777777777778,3.80416666666667,1567.7,1531.8,1172.2,1108.7,0.0,0.0,0.0,0.0,729.0,2362.0,3.8,24.0,3.78,64.0,0.0,1010.89916666667,0.0,57.5,70.7,71.6,53.0,71.6,72.5,72.5,68.0,14.45,83.0,13.887,734.0,40.92,14.124,19.8,3.0,0.0,0.0,0.0,14.0,63.0,0.0,71.6,1.0,0.0,825.6,0.0,0.0,0.6,9.0,0.0,29.0,0.0,71.6,71.6,350.0,825.6,-50.0,0.0,0.0,0.0,0.0,400.0,0.0,0.0,0.0,0.0,0.0,0.0,57.0,730.4,4.442,0.0,13.8506295,0.134563178680767,0.0,0.0,0.0031275555961518,0.0,0.0,0.0,0.0,20.0,20.0,19.0,20.0,21.5,22.5,24.0,20.0,20.0,24.0,0.0,0.0,0.005032236954208246,0.6664883417978338,26.470000000000002
89.0,13.4,0.8,730.4,0.0,0.0,0.0,20.0,66.2,66.2,66.2,66.2,66.2,0.794454103423017,68.0,64.4,1010.89972222222,3639239.0,0.0,0.0,5.07222222222222,4.05777777777778,3.80416666666667,1567.7,1531.8,1172.2,1108.7,0.0,0.0,0.0,0.0,729.0,2362.0,3.8,24.0,3.78,64.0,0.0,1010.89972222222,0.0,57.5,70.7,71.6,53.0,71.6,72.5,72.5,68.0,14.41,83.0,13.886,733.6,41.24,14.122,19.8,3.0,0.0,0.0,0.0,14.0,63.0,0.0,71.6,1.0,0.0,825.6,0.0,0.0,0.6,9.0,0.0,29.0,0.0,71.6,71.6,350.0,825.6,-50.0,0.0,0.0,0.0,0.0,400.0,0.0,0.0,0.0,0.0,0.0,0.0,57.0,730.4,4.442,0.0,13.8506295,0.131452555873993,0.0,0.0,0.0031275555961518,0.0,0.0,0.0,0.0,20.0,20.0,19.0,20.0,21.5,22.5,24.0,20.0,20.0,23.000000000000004,0.0,0.0,0.005032236954208246,0.5924340815980739,26.830000000000002
90.0,13.4,0.8,730.4,0.0,0.0,0.0,20.0,66.2,66.2,66.2,66.2,66.2,0.794454103423017,68.0,64.4,1010.89972222222,3639239.0,0.0,0.0,5.07222222222222,4.05777777777778,3.80416666666667,1567.7,1531.8,1172.2,1108.7,0.0,0.0,0.0,0.0,729.0,2362.0,3.8,24.0,3.78,64.0,0.0,1010.89972222222,0.0,57.5,70.7,71.6,53.0,71.6,72.5,72.5,68.0,14.41,83.0,13.886,733.6,41.24,14.122,19.6,3.0,0.0,0.0,0.0,14.0,63.0,0.0,71.6,1.0,0.0,825.6,0.0,0.0,0.6,9.0,0.0,29.0,0.0,71.6,71.6,350.0,825.6,-50.0,0.0,0.0,0.0,0.0,400.0,0.0,0.0,0.0,0.0,0.0,0.0,57.0,730.4,4.442,0.0,13.8506295,0.131452555873993,0.0,0.0,0.0031275555961518,0.0,0.0,0.0,0.0,20.0,20.0,19.0,20.0,21.5,22.5,24.0,20.0,20.0,23.000000000000004,0.0,0.0,0.005032236954208246,0.5924340815980739,26.830000000000002
91.0,13.4,0.9,730.4,0.0,0.0,0.0,20.0,66.2,66.2,66.2,66.2,66.2,0.893760866350895,68.0,64.4,1010.90027777778,3639241.0,0.0,0.0,5.07222222222222,4.05777777777778,3.80416666666667,1567.7,1531.8,1172.2,1108.7,0.0,0.0,0.0,0.0,729.0,2463.0,3.8,24.0,3.78,64.0,0.0,1010.90027777778,0.0,57.5,70.7,71.6,53.0,71.6,72.5,72.5,68.0,14.39,83.0,13.887,734.1,41.1,14.131,19.6,3.0,0.0,0.0,0.0,14.0,63.0,0.0,71.6,1.0,0.0,825.6,0.0,0.0,0.6,9.0,0.0,29.0,0.0,71.6,71.6,350.0,825.6,-50.0,0.0,0.0,0.0,0.0,400.0,0.0,0.0,0.0,0.0,0.0,0.0,57.0,730.4,4.444,0.0,13.8506295,0.128394222757546,0.0,0.0,0.0031275555961518,0.0,0.0,0.0,0.0,20.0,20.0,19.0,20.0,21.5,22.5,24.0,20.0,20.0,24.0,0.0,0.0,0.005032236954208246,0.5924340815980739,26.71
92.0,13.4,0.9,730.4,0.0,0.0,0.0,20.0,66.2,66.2,66.2,66.2,66.2,0.893760866350895,68.0,64.4,1010.90027777778,3639241.0,0.0,0.0,5.07222222222222,4.05777777777778,3.80416666666667,1567.7,1531.8,1172.2,1108.7,0.0,0.0,0.0,0.0,729.0,2463.0,3.8,24.0,3.78,64.0,0.0,1010.90027777778,0.0,57.5,70.7,71.6,53.0,71.6,72.5,72.5,68.0,14.39,83.0,13.887,734.1,41.1,14.131,17.8,3.0,0.0,0.0,0.0,14.0,63.0,0.0,71.6,1.0,0.0,825.6,0.0,0.0,0.6,9.0,0.0,29.0,0.0,71.6,71.6,350.0,825.6,-50.0,0.0,0.0,0.0,0.0,400.0,0.0,0.0,0.0,0.0,0.0,0.0,57.0,730.4,4.444,0.0,13.8506295,0.128394222757546,0.0,0.0,0.0031275555961518,0.0,0.0,0.0,0.0,20.0,20.0,19.0,20.0,21.5,22.5,24.0,20.0,20.0,24.0,0.0,0.0,0.005032236954208246,0.5924340815980739,26.71
93.0,13.4,0.8,730.4,0.0,0.0,0.0,20.0,66.2,66.2,66.2,66.2,66.2,0.794454103423017,68.0,64.4,1010.90083333333,3639243.0,0.0,0.0,5.07222222222222,4.05777777777778,3.80416666666667,1567.7,1531.8,1172.2,1108.7,0.0,0.0,0.0,0.0,729.0,2463.0,3.8,24.0,3.78,64.0,0.0,1010.90083333333,0.0,57.5,70.7,71.6,53.0,71.6,72.5,72.5,68.0,14.36,83.0,13.888,734.1,41.24,14.128,17.8,3.0,0.0,0.0,0.0,14.0,63.0,0.0,71.6,1.0,0.0,825.6,0.0,0.0,0.6,9.0,0.0,29.0,0.0,71.6,71.6,350.0,825.6,-50.0,0.0,0.0,0.0,0.0,400.0,0.0,0.0,0.0,0.0,0.0,0.0,57.0,730.4,4.444,0.0,13.8506295,0.125559306177502,0.0,0.0,0.0031275555961518,0.0,0.0,0.0,0.0,20.0,20.0,19.0,20.0,21.5,22.5,24.0,20.0,20.0,23.000000000000004,0.0,0.0,0.005032236954208246,0.6664883417978338,26.880000000000003
94.0,13.4,0.8,730.4,0.0,0.0,0.0,20.0,66.2,66.2,66.2,66.2,66.2,0.794454103423017,68.0,64.4,1010.90083333333,3639243.0,0.0,0.0,5.07222222222222,4.05777777777778,3.80416666666667,1567.7,1531.8,1172.2,1108.7,0.0,0.0,0.0,0.0,729.0,2463.0,3.8,24.0,3.78,64.0,0.0,1010.90083333333,0.0,57.5,70.7,71.6,53.0,71.6,72.5,72.5,68.0,14.36,83.0,13.888,734.1,41.24,14.128,17.6,3.0,0.0,0.0,0.0,14.0,63.0,0.0,71.6,1.0,0.0,825.6,0.0,0.0,0.6,9.0,0.0,29.0,0.0,71.6,71.6,350.0,825.6,-50.0,0.0,0.0,0.0,0.0,400.0,0.0,0.0,0.0,0.0,0.0,0.0,57.0,730.4,4.444,0.0,13.8516061,0.125559306177502,0.0,0.0,0.0031275555961518,0.0,0.0,0.0,0.0,20.0,20.0,19.0,20.0,21.5,22.5,24.0,20.0,20.0,23.000000000000004,0.0,0.0,0.005032236954208246,0.6664883417978338,26.880000000000003
95.0,13.4,0.9,730.4,0.0,0.0,0.0,20.0,66.2,66.2,66.2,66.2,66.2,0.893760866350895,68.0,64.4,1010.90166666667,3639246.0,0.0,0.0,5.07222222222222,4.05777777777778,3.80416666666667,1567.7,1531.8,1172.2,1108.7,0.0,0.0,0.0,0.0,729.0,2463.0,3.8,24.0,3.78,64.0,0.0,1010.90166666667,0.0,57.5,70.7,71.6,53.0,71.6,72.5,72.5,68.0,14.34,83.0,13.888,734.0,40.9,14.13,17.6,3.0,0.0,0.0,0.0,14.0,63.0,0.0,71.6,1.0,0.0,825.6,0.0,0.0,0.6,9.0,0.0,29.0,0.0,71.6,71.6,350.0,825.6,-50.0,0.0,0.0,0.0,0.0,400.0,0.0,0.0,0.0,0.0,0.0,0.0,57.0,730.5,4.444,0.0,13.8516061,0.122725257468893,0.0,0.0,0.0031275555961518,0.0,0.0,0.0,0.0,20.0,20.0,19.0,20.0,21.5,22.5,24.0,20.0,20.0,24.0,0.0,0.0,0.005032236954208246,0.6664883417978338,26.56
96.0,13.4,0.9,730.4,0.0,0.0,0.0,20.0,66.2,66.2,66.2,66.2,66.2,0.893760866350895,68.0,64.4,1010.90166666667,3639246.0,0.0,0.0,5.07222222222222,4.05777777777778,3.80416666666667,1567.7,1531.8,1172.2,1108.7,0.0,0.0,0.0,0.0,729.0,2463.0,3.8,24.0,3.78,64.0,0.0,1010.90166666667,0.0,57.5,70.7,71.6,53.0,71.6,72.5,72.5,68.0,14.34,83.0,13.888,734.0,40.9,14.13,19.2,3.0,0.0,0.0,0.0,14.0,63.0,0.0,71.6,1.0,0.0,825.6,0.0,0.0,0.6,9.0,0.0,29.0,0.0,71.6,71.6,350.0,825.6,-50.0,0.0,0.0,0.0,0.0,400.0,0.0,0.0,0.0,0.0,0.0,0.0,57.0,730.5,4.444,0.0,13.8403752,0.122725257468893,0.0,0.0,0.0031275555961518,0.0,0.0,0.0,0.0,20.0,20.0,19.0,20.0,21.5,22.5,24.0,20.0,20.0,24.0,0.0,0.0,0.005032236954208246,0.6664883417978338,26.56
97.0,13.4,0.8,730.5,0.0,0.0,0.0,20.0,66.2,66.2,66.2,66.2,66.2,0.794562873152402,68.0,64.4,1010.90222222222,3639248.0,0.0,0.0,5.07291666666667,4.05833333333333,3.8046875,1567.7,1531.8,1172.2,1108.7,0.0,0.0,0.0,0.0,729.0,2463.0,3.8,24.0,3.78,64.0,0.0,1010.90222222222,0.0,57.5,70.7,71.6,53.0,71.6,72.5,72.5,68.0,13.88,83.0,13.873,734.1,40.9,14.103,19.2,3.0,0.0,0.0,0.0,14.0,63.0,0.0,71.6,1.0,0.0,825.6,0.0,0.0,0.6,9.0,0.0,29.0,0.0,71.6,71.6,350.0,825.6,-50.0,0.0,0.0,0.0,0.0,400.0,0.0,0.0,0.0,0.0,0.0,0.0,57.0,730.4,4.443,0.0,13.8403752,0.120133833541848,0.0,0.0,0.0031275555961518,0.0,0.0,0.0,0.0,20.0,20.0,19.0,20.0,21.5,22.5,24.0,20.0,20.0,23.000000000000004,0.0,0.0,0.005032236954208246,0.6665795915708068,27.019999999999996
98.0,13.4,0.8,730.5,0.0,0.0,0.0,20.0,66.2,66.2,66.2,66.2,66.2,0.794562873152402,68.0,64.4,1010.90222222222,3639248.0,0.0,0.0,5.07291666666667,4.05833333333333,3.8046875,1567.7,1531.8,1172.2,1108.7,0.0,0.0,0.0,0.0,729.0,2463.0,3.8,24.0,3.78,64.0,0.0,1010.90222222222,0.0,57.5,70.7,71.6,53.0,71.6,72.5,72.5,68.0,13.88,83.0,13.873,734.1,40.9,14.103,20.4,3.0,0.0,0.0,0.0,14.0,63.0,0.0,71.6,1.0,0.0,825.6,0.0,0.0,0.6,9.0,0.0,29.0,0.0,71.6,71.6,350.0,825.6,-50.0,0.0,0.0,0.0,0.0,400.0,0.0,0.0,0.0,0.0,0.0,0.0,57.0,730.4,4.443,0.0,13.8496529,0.120133833541848,0.0,0.0,0.0031275555961518,0.0,0.0,0.0,0.0,20.0,20.0,19.0,20.0,21.5,22.5,24.0,20.0,20.0,23.000000000000004,0.0,0.0,0.005032236954208246,0.6665795915708068,27.019999999999996
99.0,13.4,0.9,730.4,0.0,0.0,0.0,20.0,66.2,66.2,66.2,66.2,66.2,0.893760866350895,68.0,64.4,1010.90277777778,3639250.0,0.0,0.0,5.07222222222222,4.05777777777778,3.80416666666667,1567.7,1531.8,1172.2,1108.7,0.0,0.0,0.0,0.0,729.0,2408.0,3.8,24.0,3.78,64.0,0.0,1010.90277777778,0.0,57.5,70.7,71.6,53.0,71.6,72.5,72.5,68.0,14.29,83.0,13.888,734.1,36.87,14.097,20.4,3.0,0.0,0.0,0.0,14.0,63.0,0.0,71.6,1.0,0.0,825.6,0.0,0.0,0.6,9.0,0.0,29.0,0.0,71.6,71.6,350.0,825.6,-50.0,0.0,0.0,0.0,0.0,400.0,0.0,0.0,0.0,0.0,0.0,0.0,57.0,730.4,4.444,0.0,13.8496529,0.117574752452806,0.0,0.0,0.0031275555961518,0.0,0.0,0.0,0.0,20.0,20.0,19.0,20.0,21.5,22.5,24.0,20.0,20.0,23.000000000000004,0.0,0.0,0.005032236954208246,0.5924340815980739,22.58
100.0,13.4,0.9,730.4,0.0,0.0,0.0,20.0,66.2,66.2,66.2,66.2,66.2,0.893760866350895,68.0,64.4,1010.90277777778,3639250.0,0.0,0.0,5.07222222222222,4.05777777777778,3.80416666666667,1567.7,1531.8,1172.2,1108.7,0.0,0.0,0.0,0.0,729.0,2408.0,3.8,24.0,3.78,64.0,0.0,1010.90277777778,0.0,57.5,70.7,71.6,53.0,71.6,72.5,72.5,68.0,14.29,83.0,13.888,734.1,36.87,14.097,28.7,3.0,0.0,0.0,0.0,14.0,63.0,0.0,71.6,1.0,0.0,825.6,0.0,0.0,0.6,9.0,0.0,29.0,0.0,71.6,71.6,350.0,825.6,-50.0,0.0,0.0,0.0,0.0,400.0,0.0,0.0,0.0,0.0,0.0,0.0,57.0,730.4,4.444,0.0,13.8594189,0.117574752452806,0.0,0.0,0.0031275555961518,0.0,0.0,0.0,0.0,20.0,20.0,19.0,20.0,21.5,22.5,24.0,20.0,20.0,23.000000000000004,0.21870324181778447,0.0,0.005032236954208246,0.5924340815980739,22.58
101.0,13.4,1.1,730.4,0.0,0.0,0.0,20.0,66.2,66.2,66.2,66.2,66.2,1.09237439220665,68.0,64.4,1010.90333333333,3639252.0,0.0,0.0,5.07222222222222,4.05777777777778,3.80416666666667,1567.7,1531.8,1172.2,1108.7,0.0,130.0,0.0,0.0,729.0,2408.0,3.8,24.0,3.78,64.0,0.0,1010.90333333333,0.0,57.5,70.7,71.6,53.0,71.6,72.5,72.5,68.0,13.82,83.0,13.871,734.1,42.01,14.121,28.7,3.0,0.0,0.0,0.0,14.0,63.0,0.0,71.6,1.0,0.0,825.6,0.0,0.0,0.6,9.0,0.0,29.0,0.0,71.6,71.6,350.0,825.6,-50.0,0.0,0.0,0.0,0.0,400.0,0.0,0.0,0.0,0.0,0.0,0.0,57.0,730.4,4.441,0.0,13.8594189,0.127784375345306,0.0,0.0,0.0034694471094364,1.24464801354177,0.773388180822463,0.0,0.00350978866173,20.0,20.0,19.0,20.0,21.5,22.5,24.0,20.0,20.0,23.000000000000004,0.21870324181778447,0.9997862483098703,0.005582340399083167,0.6664883417978338,28.189999999999998
102.0,13.4,1.1,730.4,0.0,0.0,0.0,20.0,66.2,66.2,66.2,66.2,66.2,1.09237439220665,68.0,64.4,1010.90333333333,3639252.0,0.0,0.0,5.07222222222222,4.05777777777778,3.80416666666667,1567.7,1531.8,1172.2,1108.7,0.0,130.0,0.0,0.0,729.0,2408.0,3.8,24.0,3.78,64.0,0.0,1010.90333333333,0.0,57.5,70.7,71.6,53.0,71.6,72.5,72.5,68.0,13.82,83.0,13.871,734.1,42.01,14.121,-7.1,3.0,0.0,0.0,0.0,14.0,63.0,0.0,71.6,1.0,0.0,825.6,0.0,0.0,0.6,9.0,0.0,29.0,0.0,71.6,71.6,350.0,825.6,-50.0,0.0,0.0,0.0,0.0,400.0,0.0,0.0,0.0,0.0,0.0,0.0,57.0,730.4,4.441,0.0,13.8496529,0.127784375345306,0.0,0.0,0.0034694471094364,1.24464801354177,0.773388180822463,0.0,0.00350978866173,20.0,20.0,19.0,20.0,21.5,22.5,24.0,20.0,20.0,23.000000000000004,1.5153010325946468,0.9997862483098703,0.005582340399083167,0.6664883417978338,28.189999999999998
103.0,13.4,1.6,730.4,0.0,0.0,0.0,20.0,66.2,66.2,66.2,66.2,66.2,1.58890820684603,68.0,64.4,1010.90388888889,3639254.0,0.0,0.0,5.07222222222222,4.05777777777778,3.80416666666667,1567.7,1531.8,1172.2,1108.7,0.0,72.0,0.0,0.0,729.0,2408.0,3.8,24.0,3.78,64.0,0.0,1010.90388888889,0.0,57.5,70.7,71.6,53.0,71.6,72.5,72.5,68.0,14.42,83.0,13.893,733.3,39.86,14.103,-7.1,3.0,0.0,0.0,0.0,14.0,63.0,0.0,71.6,1.0,0.0,825.6,0.0,0.0,0.6,9.0,0.0,29.0,0.0,71.6,71.6,350.0,825.6,-50.0,0.0,0.0,0.0,0.0,400.0,0.0,0.0,0.0,0.0,0.0,0.0,57.0,730.4,4.443,0.0,13.8496529,0.137730463528369,,0.0,0.0038163939433983,0.855695509309967,0.531704374315444,0.0,0.0035363048967334,20.0,20.0,19.0,20.0,21.5,22.5,24.0,20.0,20.0,23.000000000000004,1.5153010325946468,0.9997862483098703,0.006140577854927865,0.8145968621973527,25.439999999999998
104.0,13.4,1.6,730.4,0.0,0.0,0.0,20.0,66.2,66.2,66.2,66.2,66.2,1.58890820684603,68.0,64.4,1010.90388888889,3639254.0,0.0,0.0,5.07222222222222,4.05777777777778,3.80416666666667,1567.7,1531.8,1172.2,1108.7,0.0,72.0,0.0,0.0,729.0,2408.0,3.8,24.0,3.78,64.0,0.0,1010.90388888889,0.0,57.5,70.7,71.6,53.0,71.6,72.5,72.5,68.0,14.42,83.0,13.893,733.3,39.86,14.103,-160.9,3.0,0.0,0.0,0.0,14.0,63.0,0.0,71.6,1.0,0.0,825.6,0.0,0.0,0.6,9.0,0.0,29.0,0.0,71.6,71.6,350.0,825.6,-50.0,0.0,0.0,0.0,0.0,400.0,0.0,0.0,0.0,0.0,0.0,0.0,57.0,730.4,4.443,0.0,13.8096123,0.137730463528369,,0.0,0.0038163939433983,0.855695509309967,0.531704374315444,0.0,0.0035363048967334,20.0,20.0,19.0,20.0,21.5,22.5,24.0,20.0,20.0,23.000000000000004,0.0,0.9997862483098703,0.006140577854927865,0.8145968621973527,25.439999999999998
105.0,13.4,3.3,730.2,0.0,0.0,0.0,20.0,66.2,66.2,66.2,66.2,66.2,3.27622582635253,68.0,64.4,1010.90444444444,3639256.0,0.0,0.0,5.07083333333333,4.05666666666667,3.803125,1567.7,1531.8,1172.2,1108.7,0.0,290.0,0.0,0.0,728.0,2408.0,3.8,24.0,3.78,64.0,0.0,1010.90444444444,0.0,57.5,70.7,71.6,53.0,71.6,72.5,72.5,68.0,14.42,83.0,13.893,733.3,39.86,14.103,-160.9,3.0,0.0,0.0,0.0,14.0,63.0,0.0,71.6,1.0,0.0,825.6,0.0,0.0,0.6,9.0,0.0,29.0,0.0,71.6,71.6,350.0,825.6,-50.0,0.0,0.0,0.0,0.0,400.0,0.0,0.0,0.0,0.0,0.0,0.0,57.0,730.3,4.444,0.0,13.8096123,0.18607786360868,,0.0,0.0052644707857501,1.65998522613149,1.03146667994655,0.0,0.0139397362722561,20.0,20.0,19.0,20.0,21.5,22.5,24.0,20.0,20.0,23.000000000000004,0.0,3.999144993239488,0.00847053349427191,1.1845437195589112,25.439999999999998
106.0,13.4,3.3,730.2,0.0,0.0,0.0,20.0,66.2,66.2,66.2,66.2,66.2,3.27622582635253,68.0,64.4,1010.90444444444,3639256.0,0.0,0.0,5.07083333333333,4.05666666666667,3.803125,1567.7,1531.8,1172.2,1108.7,0.0,290.0,0.0,0.0,728.0,2408.0,3.8,24.0,3.78,64.0,0.0,1010.90444444444,0.0,57.5,70.7,71.6,53.0,71.6,72.5,72.5,68.0,13.89,83.0,13.874,733.4,41.41,14.11,-66.8,3.0,0.0,0.0,0.0,14.0,63.0,0.0,71.6,1.0,0.0,825.6,0.0,0.0,0.6,9.0,0.0,29.0,0.0,71.6,71.6,350.0,825.6,-50.0,0.0,0.0,0.0,0.0,400.0,0.0,0.0,0.0,0.0,0.0,0.0,57.0,730.3,4.444,9.7655,13.8403752,0.18607786360868,,0.0,0.0052644707857501,1.65998522613149,1.03146667994655,0.0,0.0139397362722561,20.0,20.0,19.0,20.0,21.5,22.5,24.0,20.0,20.0,23.000000000000004,5.451959385314758,3.999144993239488,0.00847053349427191,1.1845437195589112,27.519999999999996
107.0,13.4,3.8,730.0,0.0,0.0,0.0,20.0,66.2,66.2,66.2,66.2,66.2,3.77159036640103,68.0,64.4,1010.905,3639258.0,0.0,0.0,5.06944444444444,4.05555555555556,3.80208333333333,1567.7,1531.8,1172.2,1108.7,0.0,585.0,0.0,0.0,729.0,2367.0,3.8,24.0,3.78,64.0,0.0,1010.905,0.0,57.5,70.7,71.6,53.0,71.6,72.5,72.5,68.0,13.89,83.0,13.874,733.4,41.41,14.11,-66.8,3.0,0.0,0.0,0.0,14.0,63.0,0.0,71.6,1.0,0.0,825.6,0.0,0.0,0.6,9.0,0.0,29.0,0.0,71.6,71.6,350.0,825.6,-50.0,0.0,0.0,0.0,0.0,400.0,0.0,0.0,0.0,0.0,0.0,0.0,57.0,730.0,4.444,9.7655,13.8403752,0.268004689361117,,0.0,0.0077345194860625,2.52343186733958,1.56798738284066,0.0,0.0243811956669787,20.0,20.0,19.0,20.0,21.5,22.5,24.0,20.0,20.0,23.000000000000004,5.451959385314758,6.998503738169096,0.012444841853074562,2.442452256588449,27.519999999999996
108.0,13.4,3.8,730.0,0.0,0.0,0.0,20.0,66.2,66.2,66.2,66.2,66.2,3.77159036640103,68.0,64.4,1010.905,3639258.0,0.0,0.0,5.06944444444444,4.05555555555556,3.80208333333333,1567.7,1531.8,1172.2,1108.7,0.0,585.0,0.0,0.0,729.0,2367.0,3.8,24.0,3.78,64.0,0.0,1010.905,0.0,57.5,70.7,71.6,53.0,71.6,72.5,72.5,68.0,14.38,83.0,13.892,733.9,37.06,14.097,-34.1,3.0,0.0,0.0,0.0,14.0,63.0,0.0,71.6,1.0,0.0,825.6,0.0,0.0,0.6,9.0,0.0,29.0,0.0,71.6,71.6,350.0,825.6,-50.0,0.0,0.0,0.0,0.0,400.0,0.0,0.0,0.0,0.0,0.0,0.0,57.0,730.0,4.444,38.3295875,13.8496529,0.268004689361117,,0.0,0.0077345194860625,2.52343186733958,1.56798738284066,0.0,0.0243811956669787,20.0,20.0,19.0,20.0,21.5,22.5,24.0,20.0,20.0,23.000000000000004,8.092019947258011,6.998503738169096,0.012444841853074562,2.442452256588449,22.68
109.0,13.4,6.2,729.8,0.0,0.0,0.0,20.0,66.2,66.2,66.2,66.2,66.2,6.15196150911201,68.0,64.4,1010.90555555556,3639260.0,0.0,0.0,5.06805555555556,4.05444444444444,3.80104166666667,1567.7,1531.8,1172.2,1108.7,0.0,828.0,0.0,0.0,728.0,2367.0,3.8,24.0,3.78,149.0,0.0,1010.90555555556,0.0,57.5,70.7,71.6,53.0,71.6,72.5,72.5,68.0,14.38,83.0,13.892,733.9,37.06,14.097,-34.1,3.0,0.0,0.0,0.0,14.0,63.0,0.0,71.6,1.0,0.0,825.6,0.0,0.0,0.6,9.0,0.0,29.0,0.0,71.6,71.6,350.0,825.6,-50.0,0.0,0.0,0.0,0.0,400.0,0.0,0.0,0.0,0.0,0.0,0.0,57.0,729.9,4.444,38.3295875,13.8496529,0.396136255573953,,0.0,0.011659848291533,2.43106816715141,1.51059525809104,0.0,0.0344625188264841,20.0,20.0,19.0,20.0,21.5,22.5,24.0,20.0,20.0,23.000000000000004,8.092019947258011,10.99764873140857,0.018760695901076596,2.811750226675526,22.68
110.0,13.4,6.2,729.8,0.0,0.0,0.0,20.0,66.2,66.2,66.2,66.2,66.2,6.15196150911201,68.0,64.4,1010.90555555556,3639260.0,0.0,0.0,5.06805555555556,4.05444444444444,3.80104166666667,1567.7,1531.8,1172.2,1108.7,0.0,828.0,0.0,0.0,728.0,2367.0,3.8,24.0,3.78,149.0,0.0,1010.90555555556,0.0,57.5,70.7,71.6,53.0,71.6,72.5,72.5,68.0,13.96,83.0,13.877,733.5,37.57,14.103,-46.5,3.0,0.0,0.0,0.0,14.0,63.0,0.0,71.6,1.0,0.0,825.6,0.0,0.0,0.6,9.0,0.0,29.0,0.0,71.6,71.6,350.0,825.6,-50.0,0.0,0.0,0.0,0.0,400.0,0.0,0.0,0.0,0.0,0.0,0.0,57.0,729.9,4.444,36.1811775,13.8594189,0.396136255573953,,0.0,0.011659848291533,2.43106816715141,1.51059525809104,0.0,0.0344625188264841,20.0,20.0,19.0,20.0,21.5,22.5,24.0,20.0,20.0,23.000000000000004,12.544193084262904,10.99764873140857,0.018760695901076596,2.811750226675526,23.61
111.0,13.4,7.8,729.6,0.0,0.0,0.0,20.0,66.2,66.2,66.2,66.2,66.2,7.73744346948244,68.0,64.4,1010.90611111111,3639262.0,0.0,0.0,5.06666666666667,4.05333333333333,3.8,1567.7,1531.8,1172.2,1108.7,0.0,1070.0,0.0,0.0,728.0,2367.0,3.8,24.0,3.78,64.0,0.0,1010.90611111111,0.0,57.5,70.7,71.6,53.0,71.6,72.5,72.5,68.0,13.96,83.0,13.877,733.5,37.57,14.103,-46.5,3.0,0.0,0.0,0.0,14.0,63.0,0.0,71.6,1.0,0.0,825.6,0.0,0.0,0.6,9.0,0.0,29.0,0.0,71.6,71.6,350.0,825.6,-50.0,0.0,0.0,0.0,0.0,400.0,0.0,0.0,0.0,0.0,0.0,0.0,57.0,729.7,4.444,36.1811775,13.8594189,0.396136255573953,,0.0,0.011659848291533,2.43106816715141,1.51059525809104,0.0,0.0344625188264841,20.0,20.0,19.0,20.0,21.5,22.5,24.0,20.0,20.0,23.000000000000004,12.544193084262904,10.99764873140857,0.018760695901076596,4.5863352560078745,23.61
112.0,13.4,7.8,729.6,0.0,0.0,0.0,20.0,66.2,66.2,66.2,66.2,66.2,7.73744346948244,68.0,64.4,1010.90611111111,3639262.0,0.0,0.0,5.06666666666667,4.05333333333333,3.8,1567.7,1531.8,1172.2,1108.7,0.0,1070.0,0.0,0.0,728.0,2367.0,3.8,24.0,3.78,64.0,0.0,1010.90611111111,0.0,57.5,70.7,71.6,53.0,71.6,72.5,72.5,68.0,14.37,83.0,13.896,733.4,36.57,14.096,-29.8,3.0,0.0,0.0,0.0,14.0,63.0,0.0,71.6,1.0,0.0,825.6,0.0,0.0,0.6,9.0,0.0,29.0,0.0,71.6,71.6,350.0,825.6,-50.0,0.0,0.0,0.0,0.0,400.0,0.0,0.0,0.0,0.0,0.0,0.0,57.0,729.7,4.444,37.987795,13.8603955,0.547462738609265,,0.0,0.0164378006228349,2.2843567251462,1.41943302266082,0.0,0.0407633947807825,20.0,20.0,19.0,20.0,21.5,22.5,24.0,20.0,20.0,23.000000000000004,11.997434979718449,12.997221228028314,0.026448421202141355,4.5863352560078745,22.200000000000003
113.0,13.4,9.8,729.3,0.0,0.0,0.0,20.0,66.2,66.2,66.2,66.2,66.2,9.71740604589743,68.0,64.4,1010.90666666667,3639264.0,0.0,0.0,5.06458333333333,4.05166666666667,3.7984375,1567.7,1531.8,1172.2,1108.7,0.0,1392.0,0.0,0.0,728.0,2367.0,3.8,24.0,3.78,149.0,0.0,1010.90666666667,0.0,57.5,70.7,71.6,53.0,71.6,72.5,72.5,68.0,14.37,83.0,13.896,733.4,36.57,14.096,-29.8,3.0,0.0,0.0,0.0,14.0,63.0,0.0,71.6,1.0,0.0,825.6,0.0,0.0,0.6,9.0,0.0,29.0,0.0,71.6,71.6,350.0,825.6,-50.0,0.0,0.0,0.0,0.0,400.0,0.0,0.0,0.0,0.0,0.0,0.0,57.0,729.4,4.443,37.987795,13.8603955,0.547462738609265,,0.0,0.0164378006228349,2.2843567251462,1.41943302266082,0.0,0.0407633947807825,20.0,20.0,19.0,20.0,21.5,22.5,24.0,20.0,20.0,23.000000000000004,11.997434979718449,12.997221228028314,0.026448421202141355,5.767533150557756,22.200000000000003
114.0,13.4,9.8,729.3,0.0,0.0,0.0,20.0,66.2,66.2,66.2,66.2,66.2,9.71740604589743,68.0,64.4,1010.90666666667,3639264.0,0.0,0.0,5.06458333333333,4.05166666666667,3.7984375,1567.7,1531.8,1172.2,1108.7,0.0,1392.0,0.0,0.0,728.0,2367.0,3.8,24.0,3.78,149.0,0.0,1010.90666666667,0.0,57.5,70.7,71.6,54.0,71.6,72.5,72.5,67.1,14.24,83.0,13.891,733.4,36.72,14.097,0.0,3.0,0.0,0.0,0.0,14.0,63.0,0.0,71.6,1.0,0.0,825.6,0.0,0.0,0.6,9.0,0.0,29.0,0.0,71.6,71.6,350.0,825.6,-50.0,0.0,0.0,0.0,0.0,400.0,0.0,0.0,0.0,0.0,0.0,0.0,57.0,729.4,4.443,37.206555,13.8603955,0.750399896798254,,0.0,0.0229692833263464,2.5184899134479,1.56491659600903,0.0,0.0475292152661163,20.0,20.0,19.0,20.0,21.5,22.5,24.0,19.499999999999996,20.0,23.000000000000004,15.99657997295792,17.99615246957765,0.036957576872091356,5.767533150557756,22.479999999999997
115.0,13.4,1.2,730.1,0.0,0.0,0.0,20.0,66.2,66.2,66.2,66.2,66.2,1.1911916913523,68.0,64.4,1010.90722222222,3639266.0,0.0,0.0,5.07013888888889,4.05611111111111,3.80260416666667,1567.7,1531.8,1172.2,1108.7,0.0,1629.0,0.0,0.0,729.0,2367.0,3.8,24.0,3.78,149.0,0.0,1010.90722222222,0.0,57.5,70.7,71.6,54.0,71.6,72.5,72.5,67.1,14.24,83.0,13.891,733.4,36.72,14.097,0.0,3.0,0.0,0.0,0.0,14.0,63.0,0.0,71.6,1.0,0.0,825.6,0.0,0.0,0.6,9.0,0.0,29.0,0.0,71.6,71.6,350.0,825.6,-50.0,0.0,0.0,0.0,0.0,400.0,0.0,0.0,0.0,0.0,0.0,0.0,57.0,729.5,4.442,37.206555,13.8603955,0.750399896798254,,0.0,0.0229692833263464,2.5184899134479,1.56491659600903,0.0,0.0475292152661163,20.0,20.0,19.0,20.0,21.5,22.5,24.0,19.499999999999996,20.0,23.000000000000004,15.99657997295792,17.99615246957765,0.036957576872091356,7.254336673659277,22.479999999999997
116.0,13.4,1.2,730.1,0.0,0.0,0.0,20.0,66.2,66.2,66.2,66.2,66.2,1.1911916913523,68.0,64.4,1010.90722222222,3639266.0,0.0,0.0,5.07013888888889,4.05611111111111,3.80260416666667,1567.7,1531.8,1172.2,1108.7,0.0,1629.0,0.0,0.0,729.0,2367.0,3.8,24.0,3.78,149.0,0.0,1010.90722222222,0.0,57.5,70.7,71.6,54.0,71.6,72.5,72.5,67.1,14.21,83.0,13.893,733.8,36.5,14.097,-3.2,3.0,0.0,0.0,0.0,14.0,63.0,0.0,71.6,1.0,0.0,825.6,0.0,0.0,0.6,9.0,0.0,29.0,0.0,71.6,71.6,350.0,825.6,-50.0,0.0,0.0,0.0,0.0,400.0,0.0,0.0,0.0,0.0,0.0,0.0,57.0,729.5,4.442,22.9000975,13.8603955,0.962918883693137,,0.0,0.0300207299613314,22.8279231155549,14.1846094142355,0.0,0.0441667004129965,20.0,20.0,19.0,20.0,21.5,22.5,24.0,19.499999999999996,20.0,23.000000000000004,20.63621303152088,19.99572496619744,0.04830335450778222,7.254336673659277,22.29
117.0,13.4,-9.6,731.2,0.0,0.0,0.0,20.0,66.2,66.2,66.2,66.2,66.2,-9.5438911350971,68.0,64.4,1010.90777777778,3639268.0,0.0,0.0,5.07777777777778,4.06222222222222,3.80833333333333,1567.7,1531.8,1172.2,1108.7,0.0,1419.0,0.0,0.0,730.0,2361.0,3.8,24.0,3.8,149.0,0.0,1010.90777777778,0.0,57.5,70.7,71.6,54.0,71.6,72.5,72.5,67.1,14.21,83.0,13.893,733.8,36.5,14.097,-3.2,3.0,0.0,0.0,0.0,14.0,63.0,0.0,71.6,1.0,0.0,825.6,0.0,0.0,0.6,9.0,0.0,29.0,0.0,71.6,71.6,350.0,825.6,-50.0,0.0,0.0,0.0,0.0,400.0,0.0,0.0,0.0,0.0,0.0,0.0,57.0,730.9,4.444,22.9000975,13.8603955,0.962918883693137,,0.0,0.0300207299613314,22.8279231155549,14.1846094142355,0.0,0.0441667004129965,19.0,20.0,19.0,20.0,21.5,22.5,24.0,19.499999999999996,20.0,23.000000000000004,20.63621303152088,19.99572496619744,0.04830335450778222,0.8896244533088292,22.29
118.0,13.4,-9.6,731.2,0.0,0.0,0.0,20.0,66.2,66.2,66.2,66.2,66.2,-9.5438911350971,68.0,64.4,1010.90777777778,3639268.0,0.0,0.0,5.07777777777778,4.06222222222222,3.80833333333333,1567.7,1531.8,1172.2,1108.7,0.0,1419.0,0.0,0.0,730.0,2361.0,3.8,24.0,3.8,149.0,0.0,1010.90777777778,0.0,57.5,70.7,71.6,54.0,71.6,72.5,72.5,67.1,13.82,83.0,13.878,735.1,35.99,14.089,-11.6,3.0,0.0,0.0,0.0,14.0,63.0,0.0,71.6,1.0,0.0,825.6,0.0,0.0,0.6,9.0,0.0,29.0,0.0,71.6,71.6,350.0,825.6,-50.0,0.0,0.0,0.0,0.0,400.0,0.0,0.0,0.0,0.0,0.0,0.0,57.0,730.9,4.444,14.941215,13.8403752,1.12751004023354,,0.0,0.0358085496499057,-2.27935813274982,-1.41632704230489,0.0,0.0441667004129965,19.0,20.0,19.0,20.0,21.5,22.5,24.0,19.499999999999996,20.0,23.000000000000004,11.997434979718449,15.99657997295792,0.057615956386698274,0.8896244533088292,22.17
119.0,13.4,-6.7,731.1,0.0,0.0,0.0,20.0,66.2,66.2,66.2,66.2,66.2,-6.65992974155293,68.0,64.4,1010.90833333333,3639270.0,0.0,0.0,5.07708333333333,4.06166666666667,3.8078125,1567.7,1531.8,1172.2,1108.7,0.0,954.0,0.0,0.0,730.0,2361.0,3.8,24.0,3.8,64.0,0.0,1010.90833333333,0.0,57.5,70.7,71.6,54.0,71.6,72.5,72.5,67.1,13.82,83.0,13.878,735.1,35.99,14.089,-11.6,3.0,0.0,0.0,0.0,14.0,63.0,0.0,71.6,1.0,0.0,825.6,0.0,0.0,0.6,9.0,0.0,29.0,0.0,71.6,71.6,350.0,825.6,-50.0,0.0,0.0,0.0,0.0,400.0,0.0,0.0,0.0,0.0,0.0,0.0,57.0,731.3,4.444,14.941215,13.8403752,1.12751004023354,,0.0,0.0358085496499057,-2.27935813274982,-1.41632704230489,0.0,0.0441667004129965,19.0,20.0,19.0,20.0,21.5,22.5,24.0,19.499999999999996,20.0,23.000000000000004,11.997434979718449,15.99657997295792,0.057615956386698274,-7.116022295558904,22.17
120.0,13.4,-6.7,731.1,0.0,0.0,0.0,20.0,66.2,66.2,66.2,66.2,66.2,-6.65992974155293,68.0,64.4,1010.90833333333,3639270.0,0.0,0.0,5.07708333333333,4.06166666666667,3.8078125,1567.7,1531.8,1172.2,1108.7,0.0,954.0,0.0,0.0,730.0,2361.0,3.8,24.0,3.8,64.0,0.0,1010.90833333333,0.0,57.5,70.7,71.6,54.0,71.6,72.5,72.5,67.1,14.1,83.0,13.89,734.0,36.67,14.097,-2.3,3.0,0.0,0.0,0.0,14.0,63.0,0.0,71.6,1.0,0.0,825.6,0.0,0.0,0.6,9.0,0.0,29.0,0.0,71.6,71.6,350.0,825.6,-50.0,0.0,0.0,0.0,0.0,400.0,0.0,0.0,0.0,0.0,0.0,0.0,57.0,731.3,4.444,21.0446525,13.8603955,1.22462226446198,,0.0,0.0395659322991231,-2.24564497986065,-1.39537866678099,0.0,,19.0,20.0,19.0,20.0,21.5,22.5,24.0,19.499999999999996,20.0,23.000000000000004,7.99828998647896,10.99764873140857,0.06366158506928907,-7.116022295558904,22.57
121.0,13.4,8.2,729.7,0.0,0.0,0.0,20.0,66.2,66.2,66.2,66.2,66.2,8.1353503320026,68.0,64.4,1010.90888888889,3639272.0,0.0,0.0,5.06736111111111,4.05388888888889,3.80052083333333,1567.7,1531.8,1172.2,1108.7,0.0,870.0,0.0,0.0,728.0,2361.0,3.8,24.0,3.78,64.0,0.0,1010.90888888889,0.0,57.5,70.7,71.6,54.0,71.6,72.5,72.5,67.1,14.1,83.0,13.89,734.0,36.67,14.097,-2.3,3.0,0.0,0.0,0.0,14.0,63.0,0.0,71.6,1.0,0.0,825.6,0.0,0.0,0.6,9.0,0.0,29.0,0.0,71.6,71.6,350.0,825.6,-50.0,0.0,0.0,0.0,0.0,400.0,0.0,0.0,0.0,0.0,0.0,0.0,57.0,730.4,4.444,21.0446525,13.8603955,1.22462226446198,,0.0,0.0395659322991231,-2.24564497986065,-1.39537866678099,0.0,,19.0,20.0,19.0,20.0,21.5,22.5,24.0,19.499999999999996,20.0,23.000000000000004,7.99828998647896,10.99764873140857,0.06366158506928907,-4.956880306325592,22.57
122.0,13.4,8.2,729.7,0.0,0.0,0.0,20.0,66.2,66.2,66.2,66.2,66.2,8.1353503320026,68.0,64.4,1010.90888888889,3639272.0,0.0,0.0,5.06736111111111,4.05388888888889,3.80052083333333,1567.7,1531.8,1172.2,1108.7,0.0,870.0,0.0,0.0,728.0,2361.0,3.8,24.0,3.78,64.0,0.0,1010.90888888889,0.0,57.5,70.7,71.6,54.0,71.6,72.5,72.5,67.1,13.82,83.0,13.879,733.5,36.4,14.086,-18.2,3.0,0.0,0.0,0.0,14.0,63.0,0.0,71.6,1.0,0.0,825.6,0.0,0.0,0.6,9.0,0.0,29.0,0.0,71.6,71.6,350.0,825.6,-50.0,0.0,0.0,0.0,0.0,400.0,0.0,0.0,0.0,0.0,0.0,0.0,57.0,730.4,4.444,41.308065,13.8403752,1.33051483945339,,0.0,0.0437302555679001,2.00550175982779,1.24616063400596,0.0,,19.0,20.0,19.0,20.0,21.5,22.5,24.0,19.499999999999996,20.0,23.000000000000004,13.434627711663891,11.997434979718449,0.07036198120875126,-4.956880306325592,22.58
123.0,13.4,11.6,729.2,0.0,0.0,0.0,20.0,66.2,66.2,66.2,66.2,66.2,11.5006585667209,68.0,64.4,1010.90944444444,3639274.0,0.0,0.0,5.06388888888889,4.05111111111111,3.79791666666667,1567.7,1531.8,1172.2,1108.7,0.0,1346.0,0.0,0.0,728.0,2361.0,3.8,24.0,3.78,149.0,0.0,1010.90944444444,0.0,57.5,70.7,71.6,54.0,71.6,72.5,72.5,67.1,13.82,83.0,13.879,733.5,36.4,14.086,-18.2,3.0,0.0,0.0,0.0,14.0,63.0,0.0,71.6,1.0,0.0,825.6,0.0,0.0,0.6,9.0,0.0,29.0,0.0,71.6,71.6,350.0,825.6,-50.0,0.0,0.0,0.0,0.0,400.0,0.0,0.0,0.0,0.0,0.0,0.0,57.0,729.3,4.444,41.308065,13.8403752,1.33051483945339,,0.0,0.0437302555679001,2.00550175982779,1.24616063400596,0.0,,19.0,20.0,19.0,20.0,21.5,22.5,24.0,19.499999999999996,20.0,23.000000000000004,13.434627711663891,11.997434979718449,0.07036198120875126,6.062472694535169,22.58
124.0,13.4,11.6,729.2,0.0,0.0,0.0,20.0,66.2,66.2,66.2,66.2,66.2,11.5006585667209,68.0,64.4,1010.90944444444,3639274.0,0.0,0.0,5.06388888888889,4.05111111111111,3.79791666666667,1567.7,1531.8,1172.2,1108.7,0.0,1346.0,0.0,0.0,728.0,2361.0,3.8,24.0,3.78,149.0,0.0,1010.90944444444,0.0,57.5,70.7,71.6,54.0,71.6,72.5,72.5,67.1,13.79,83.0,13.878,733.5,36.85,14.097,-37.4,3.0,0.0,0.0,0.0,14.0,63.0,0.0,71.6,1.0,0.0,825.6,0.0,0.0,0.6,9.0,0.0,29.0,0.0,71.6,71.6,350.0,825.6,-50.0,0.0,0.0,0.0,0.0,400.0,0.0,0.0,0.0,0.0,0.0,0.0,57.0,729.3,4.444,32.8609075,13.8403752,1.49507681055886,,0.0,0.0499734857287607,2.12798153857794,1.32226601660771,0.0,,19.0,20.0,19.0,20.0,21.5,22.5,24.0,19.499999999999996,20.0,23.000000000000004,15.99657997295792,17.99615246957765,0.08040733853757596,6.062472694535169,23.060000000000002
125.0,13.4,11.6,729.2,0.0,0.0,0.0,20.0,66.2,66.2,66.2,66.2,66.2,11.5006585667209,68.0,64.4,1010.90944444444,3639274.0,0.0,0.0,5.06388888888889,4.05111111111111,3.79791666666667,1567.7,1531.8,1172.2,1108.7,0.0,1346.0,0.0,0.0,728.0,2361.0,3.8,24.0,3.78,149.0,0.0,1010.90944444444,0.0,57.5,70.7,71.6,54.0,71.6,72.5,72.5,67.1,13.79,83.0,13.878,733.5,36.85,14.097,-37.4,3.0,0.0,0.0,0.0,14.0,63.0,0.0,71.6,1.0,0.0,825.6,0.0,0.0,0.6,9.0,0.0,29.0,0.0,71.6,71.6,350.0,825.6,-50.0,0.0,0.0,0.0,0.0,400.0,0.0,0.0,0.0,0.0,0.0,0.0,57.0,729.8,4.444,32.8609075,13.8403752,1.49507681055886,,0.0,0.0499734857287607,2.12798153857794,1.32226601660771,0.0,,19.0,20.0,19.0,20.0,21.5,22.5,24.0,19.499999999999996,20.0,23.000000000000004,15.99657997295792,17.99615246957765,0.08040733853757596,6.062472694535169,23.060000000000002
126.0,13.4,-1.7,730.4,0.0,0.0,0.0,20.0,66.2,66.2,66.2,66.2,66.2,-1.68821496977391,68.0,64.4,1010.91,3639276.0,0.0,0.0,5.07222222222222,4.05777777777778,3.80416666666667,1567.7,1531.8,1172.2,1108.7,0.0,1576.0,0.0,0.0,729.0,2373.0,3.8,24.0,3.78,64.0,0.0,1010.91,0.0,57.5,70.7,71.6,54.0,71.6,72.5,72.5,66.2,13.74,83.0,13.877,734.1,36.34,14.082,-71.2,3.0,0.0,0.0,0.0,14.0,63.0,0.0,71.6,1.0,0.0,825.6,0.0,0.0,0.6,9.0,0.0,29.0,0.0,71.6,71.6,350.0,825.6,-50.0,0.0,0.0,0.0,0.0,400.0,0.0,0.0,0.0,0.0,0.0,0.0,57.0,729.8,4.444,32.8609075,13.8403752,1.68279064008945,,0.0,0.0572305658392488,-16.1072095870111,-10.0085529282907,0.0,,19.0,20.0,19.0,20.0,21.5,22.5,24.0,19.0,20.0,23.000000000000004,15.99657997295792,19.99572496619744,0.09208398043535132,-1.258922423395906,22.6
127.0,13.4,-1.7,730.4,0.0,0.0,0.0,20.0,66.2,66.2,66.2,66.2,66.2,-1.68821496977391,68.0,64.4,1010.91,3639276.0,0.0,0.0,5.07222222222222,4.05777777777778,3.80416666666667,1567.7,1531.8,1172.2,1108.7,0.0,1576.0,0.0,0.0,729.0,2373.0,3.8,24.0,3.78,64.0,0.0,1010.91,0.0,57.5,70.7,71.6,54.0,71.6,72.5,72.5,66.2,13.74,83.0,13.877,734.1,36.34,14.082,-71.2,3.0,0.0,0.0,0.0,14.0,63.0,0.0,71.6,1.0,0.0,825.6,0.0,0.0,0.6,9.0,0.0,29.0,0.0,71.6,71.6,350.0,825.6,-50.0,0.0,0.0,0.0,0.0,400.0,0.0,0.0,0.0,0.0,0.0,0.0,57.0,730.7,4.444,22.558305,13.8516061,1.68279064008945,,0.0,0.0572305658392488,-16.1072095870111,-10.0085529282907,0.0,,19.0,20.0,19.0,20.0,21.5,22.5,24.0,19.0,20.0,23.000000000000004,15.99657997295792,19.99572496619744,0.09208398043535132,-1.258922423395906,22.6
128.0,13.4,-5.3,730.8,0.0,0.0,0.0,20.0,66.2,66.2,66.2,66.2,66.2,-5.26614083300617,68.0,64.4,1010.91055555556,3639278.0,0.0,0.0,5.075,4.06,3.80625,1567.7,1531.8,1172.2,1108.7,0.0,1398.0,0.0,0.0,729.0,2373.0,3.8,24.0,3.8,64.0,0.0,1010.91055555556,0.0,57.5,70.7,71.6,54.0,71.6,72.5,72.5,66.2,13.33,83.0,13.86,735.9,42.14,14.09,-102.3,3.0,0.0,0.0,0.0,14.0,63.0,0.0,71.6,1.0,0.0,825.6,0.0,0.0,0.6,9.0,0.0,29.0,0.0,71.6,71.6,350.0,825.6,-50.0,0.0,0.0,0.0,0.0,400.0,0.0,0.0,0.0,0.0,0.0,0.0,57.0,730.7,4.444,22.558305,13.8516061,1.81803404536941,,0.0,0.0628594238639402,-4.13090849004967,-2.56682673937066,0.0,,19.0,20.0,19.0,20.0,21.5,22.5,24.0,19.0,20.0,23.000000000000004,15.99657997295792,15.99657997295792,0.10114081299707978,-1.259611866125041,28.810000000000002
129.0,13.4,-5.3,730.8,0.0,0.0,0.0,20.0,66.2,66.2,66.2,66.2,66.2,-5.26614083300617,68.0,64.4,1010.91055555556,3639278.0,0.0,0.0,5.075,4.06,3.80625,1567.7,1531.8,1172.2,1108.7,0.0,1398.0,0.0,0.0,729.0,2373.0,3.8,24.0,3.8,64.0,0.0,1010.91055555556,0.0,57.5,70.7,71.6,54.0,71.6,72.5,72.5,66.2,13.33,83.0,13.86,735.9,42.14,14.09,-102.3,3.0,0.0,0.0,0.0,14.0,63.0,0.0,71.6,1.0,0.0,825.6,0.0,0.0,0.6,9.0,0.0,29.0,0.0,71.6,71.6,350.0,825.6,-50.0,0.0,0.0,0.0,0.0,400.0,0.0,0.0,0.0,0.0,0.0,0.0,57.0,731.1,4.444,14.25763,13.8306092,1.81803404536941,,0.0,0.0628594238639402,-4.13090849004967,-2.56682673937066,0.0,,19.0,20.0,19.0,20.0,21.5,22.5,24.0,19.0,20.0,23.000000000000004,11.997434979718449,15.99657997295792,0.10114081299707978,-1.259611866125041,28.810000000000002
130.0,13.4,-3.2,730.8,0.0,0.0,0.0,20.0,66.2,66.2,66.2,66.2,66.2,-3.17955672936222,68.0,64.4,1010.91111111111,3639280.0,0.0,0.0,5.075,4.06,3.80625,1567.7,1531.8,1172.2,1108.7,0.0,760.0,0.0,0.0,729.0,2373.0,3.8,24.0,3.8,64.0,0.0,1010.91111111111,0.0,57.5,70.7,71.6,54.0,71.6,72.5,72.5,65.3,13.66,83.0,13.872,734.1,37.04,14.1,-2.8,3.0,0.0,0.0,0.0,14.0,63.0,0.0,71.6,1.0,0.0,825.6,0.0,0.0,0.6,9.0,0.0,29.0,0.0,71.6,71.6,350.0,825.6,-50.0,0.0,0.0,0.0,0.0,400.0,0.0,0.0,0.0,0.0,0.0,0.0,57.0,731.1,4.444,14.25763,13.8306092,1.87052222205744,,0.0,0.0657691139129429,-3.42090859332239,-2.12565339354132,0.0,,19.0,20.0,19.0,20.0,21.5,22.5,24.0,18.5,20.0,23.000000000000004,11.997434979718449,7.99828998647896,0.10582250428592513,-3.9270252296839447,23.38
131.0,13.4,-3.2,730.8,0.0,0.0,0.0,20.0,66.2,66.2,66.2,66.2,66.2,-3.17955672936222,68.0,64.4,1010.91111111111,3639280.0,0.0,0.0,5.075,4.06,3.80625,1567.7,1531.8,1172.2,1108.7,0.0,760.0,0.0,0.0,729.0,2373.0,3.8,24.0,3.8,64.0,0.0,1010.91111111111,0.0,57.5,70.7,71.6,54.0,71.6,72.5,72.5,65.3,13.66,83.0,13.872,734.1,37.04,14.1,-2.8,3.0,0.0,0.0,0.0,14.0,63.0,0.0,71.6,1.0,0.0,825.6,0.0,0.0,0.6,9.0,0.0,29.0,0.0,71.6,71.6,350.0,825.6,-50.0,0.0,0.0,0.0,0.0,400.0,0.0,0.0,0.0,0.0,0.0,0.0,57.0,730.3,4.444,24.41375,13.8594189,1.87052222205744,,0.0,0.0657691139129429,-3.42090859332239,-2.12565339354132,0.0,,19.0,20.0,19.0,20.0,21.5,22.5,24.0,18.5,20.0,23.000000000000004,3.999144993239488,7.99828998647896,0.10582250428592513,-3.9270252296839447,23.38
132.0,13.4,2.3,730.2,0.0,0.0,0.0,20.0,66.2,66.2,66.2,66.2,66.2,2.28343012139722,68.0,64.4,1010.91166666667,3639282.0,0.0,0.0,5.07083333333333,4.05666666666667,3.803125,1567.7,1531.8,1172.2,1108.7,0.0,506.0,0.0,0.0,729.0,2373.0,3.8,24.0,3.78,64.0,0.0,1010.91166666667,0.0,57.5,70.7,71.6,54.0,71.6,72.5,72.5,65.3,14.18,83.0,13.896,733.5,36.22,14.097,18.3,3.0,0.0,0.0,0.0,14.0,63.0,0.0,71.6,1.0,0.0,825.6,0.0,0.0,0.6,9.0,0.0,29.0,0.0,71.6,71.6,350.0,825.6,-50.0,0.0,0.0,0.0,0.0,400.0,0.0,0.0,0.0,0.0,0.0,0.0,57.0,730.3,4.444,24.41375,13.8594189,1.89989293832859,,0.0,0.0678749307343724,3.57257689971777,2.21989568075453,0.0,-0.041046737268103,18.000000000000004,20.0,19.0,20.0,21.5,22.5,24.0,18.5,20.0,23.000000000000004,3.999144993239488,5.998717489859216,0.10921076355160518,1.7027815968659359,22.04
133.0,13.4,2.3,730.2,0.0,0.0,0.0,20.0,66.2,66.2,66.2,66.2,66.2,2.28343012139722,68.0,64.4,1010.91166666667,3639282.0,0.0,0.0,5.07083333333333,4.05666666666667,3.803125,1567.7,1531.8,1172.2,1108.7,0.0,506.0,0.0,0.0,729.0,2373.0,3.8,24.0,3.78,64.0,0.0,1010.91166666667,0.0,57.5,70.7,71.6,54.0,71.6,72.5,72.5,65.3,14.18,83.0,13.896,733.5,36.22,14.097,18.3,3.0,0.0,0.0,0.0,14.0,63.0,0.0,71.6,1.0,0.0,825.6,0.0,0.0,0.6,9.0,0.0,29.0,0.0,71.6,71.6,350.0,825.6,-50.0,0.0,0.0,0.0,0.0,400.0,0.0,0.0,0.0,0.0,0.0,0.0,57.0,729.6,4.444,43.9935775,13.8603955,1.89989293832859,,0.0,0.0678749307343724,3.57257689971777,2.21989568075453,0.0,-0.041046737268103,18.000000000000004,20.0,19.0,20.0,21.5,22.5,24.0,18.5,20.0,23.000000000000004,3.999144993239488,5.998717489859216,0.10921076355160518,1.7027815968659359,22.04
134.0,13.4,15.1,729.0,0.0,0.0,0.0,20.0,66.2,66.2,66.2,66.2,66.2,14.9665788011196,68.0,64.4,1010.91222222222,3639284.0,0.0,0.0,5.0625,4.05,3.796875,1567.7,1531.8,1172.2,1108.7,0.0,832.0,0.0,0.0,727.0,2373.0,3.8,24.0,3.78,64.0,0.0,1010.91222222222,0.0,57.5,70.7,71.6,54.0,71.6,72.5,72.5,65.3,13.72,83.0,13.878,731.7,36.11,14.085,-3.5,3.0,0.0,0.0,0.0,14.0,63.0,0.0,71.6,1.0,0.0,825.6,0.0,0.0,0.6,9.0,0.0,29.0,0.0,71.6,71.6,350.0,825.6,-50.0,0.0,0.0,0.0,0.0,400.0,0.0,0.0,0.0,0.0,0.0,0.0,57.0,729.6,4.444,43.9935775,13.8603955,1.97581064149227,,0.0,0.0716899422476902,0.999282333596781,0.620925062909365,0.0,-0.041046737268103,18.000000000000004,20.0,19.0,20.0,21.5,22.5,24.0,18.5,20.0,23.000000000000004,3.999144993239488,10.99764873140857,0.11534911707653352,1.6999832704947502,22.39
135.0,13.4,15.1,729.0,0.0,0.0,0.0,20.0,66.2,66.2,66.2,66.2,66.2,14.9665788011196,68.0,64.4,1010.91222222222,3639284.0,0.0,0.0,5.0625,4.05,3.796875,1567.7,1531.8,1172.2,1108.7,0.0,832.0,0.0,0.0,727.0,2373.0,3.8,24.0,3.78,64.0,0.0,1010.91222222222,0.0,57.5,70.7,71.6,54.0,71.6,72.5,72.5,65.3,13.72,83.0,13.878,731.7,36.11,14.085,-3.5,3.0,0.0,0.0,0.0,14.0,63.0,0.0,71.6,1.0,0.0,825.6,0.0,0.0,0.6,9.0,0.0,29.0,0.0,71.6,71.6,350.0,825.6,-50.0,0.0,0.0,0.0,0.0,400.0,0.0,0.0,0.0,0.0,0.0,0.0,57.0,728.0,4.444,60.448445,13.8403752,1.97581064149227,,0.0,0.0716899422476902,0.999282333596781,0.620925062909365,0.0,-0.041046737268103,18.000000000000004,20.0,19.0,20.0,21.5,22.5,24.0,18.5,20.0,23.000000000000004,13.497114352183251,10.99764873140857,0.11534911707653352,1.6999832704947502,22.39
136.0,13.4,21.7,728.0,0.0,0.0,0.0,20.0,66.2,66.2,66.2,66.2,66.2,21.4787584615202,68.0,64.4,1010.91277777778,3639286.0,0.0,0.0,5.05555555555556,4.04444444444444,3.79166666666667,1567.7,1531.8,1172.2,1108.7,0.0,1417.0,0.0,0.0,727.0,2354.0,3.78,24.0,3.78,149.0,0.0,1010.91277777778,0.0,57.5,70.7,71.6,54.0,71.6,72.5,72.5,65.3,12.84,84.0,13.848,732.2,35.09,14.054,-1.5,3.0,0.0,0.0,0.0,14.0,63.0,0.0,71.6,1.0,0.0,825.6,0.0,0.0,0.6,9.0,0.0,29.0,0.0,71.6,71.6,350.0,825.6,-50.0,0.0,0.0,0.0,0.0,400.0,0.0,0.0,0.0,0.0,0.0,0.0,57.0,728.0,4.444,60.448445,13.8403752,2.11339180294963,,0.0,0.0778449190581173,1.1394135818099,0.707998556742796,0.0,,18.000000000000004,20.0,19.0,20.0,21.5,22.5,24.0,18.5,20.0,23.000000000000004,13.497114352183251,17.99615246957765,0.12525247476451074,11.145450048246383,22.250000000000004
137.0,13.4,21.7,728.0,0.0,0.0,0.0,20.0,66.2,66.2,66.2,66.2,66.2,21.4787584615202,68.0,64.4,1010.91277777778,3639286.0,0.0,0.0,5.05555555555556,4.04444444444444,3.79166666666667,1567.7,1531.8,1172.2,1108.7,0.0,1417.0,0.0,0.0,727.0,2354.0,3.78,24.0,3.78,149.0,0.0,1010.91277777778,0.0,57.5,70.7,71.6,54.0,71.6,72.5,72.5,65.3,12.84,84.0,13.848,732.2,35.09,14.054,-1.5,3.0,0.0,0.0,0.0,14.0,63.0,0.0,71.6,1.0,0.0,825.6,0.0,0.0,0.6,9.0,0.0,29.0,0.0,71.6,71.6,350.0,825.6,-50.0,0.0,0.0,0.0,0.0,400.0,0.0,0.0,0.0,0.0,0.0,0.0,57.0,729.6,4.442,37.206555,13.8105889,2.11339180294963,,0.0,0.0778449190581173,1.1394135818099,0.707998556742796,0.0,,18.000000000000004,20.0,19.0,20.0,21.5,22.5,24.0,18.5,20.0,23.000000000000004,15.99657997295792,17.99615246957765,0.12525247476451074,11.145450048246383,22.250000000000004
138.0,13.4,-3.6,730.4,0.0,0.0,0.0,20.0,66.2,66.2,66.2,66.2,66.2,-3.57504346540358,68.0,64.4,1010.91333333333,3639288.0,0.0,0.0,5.07222222222222,4.05777777777778,3.80416666666667,1567.7,1531.8,1172.2,1108.7,0.0,1462.0,0.0,0.0,729.0,2354.0,3.8,24.0,3.78,64.0,0.0,1010.91333333333,0.0,57.5,70.7,71.6,54.0,71.6,72.5,72.5,65.3,12.95,84.0,13.847,734.6,35.5,14.043,3.6,3.0,0.0,0.0,0.0,14.0,63.0,0.0,71.6,1.0,0.0,825.6,0.0,0.0,0.6,9.0,0.0,29.0,0.0,71.6,71.6,350.0,825.6,-50.0,0.0,0.0,0.0,0.0,400.0,0.0,0.0,0.0,0.0,0.0,0.0,57.0,729.6,4.442,37.206555,13.8105889,2.23767807136964,,0.0,0.0836533151257766,-6.46525495923086,-4.01732193927224,0.0,,18.000000000000004,20.0,19.0,20.0,21.5,22.5,24.0,18.5,20.0,23.000000000000004,15.99657997295792,16.99636622126783,0.13459818403737456,-2.665953367191335,22.55
139.0,13.4,-3.6,730.4,0.0,0.0,0.0,20.0,66.2,66.2,66.2,66.2,66.2,-3.57504346540358,68.0,64.4,1010.91333333333,3639288.0,0.0,0.0,5.07222222222222,4.05777777777778,3.80416666666667,1567.7,1531.8,1172.2,1108.7,0.0,1462.0,0.0,0.0,729.0,2354.0,3.8,24.0,3.78,64.0,0.0,1010.91333333333,0.0,57.5,70.7,71.6,54.0,71.6,72.5,72.5,65.3,12.95,84.0,13.847,734.6,35.5,14.043,3.6,3.0,0.0,0.0,0.0,14.0,63.0,0.0,71.6,1.0,0.0,825.6,0.0,0.0,0.6,9.0,0.0,29.0,0.0,71.6,71.6,350.0,825.6,-50.0,0.0,0.0,0.0,0.0,400.0,0.0,0.0,0.0,0.0,0.0,0.0,57.0,731.4,4.444,6.2987475,13.789592,2.23767807136964,,0.0,0.0836533151257766,-6.46525495923086,-4.01732193927224,0.0,,18.000000000000004,20.0,19.0,20.0,21.5,22.5,24.0,18.5,20.0,23.000000000000004,11.997434979718449,16.99636622126783,0.13459818403737456,-2.665953367191335,22.55
140.0,13.3,-7.1,731.0,0.0,0.0,0.0,20.0,66.2,66.2,66.2,66.2,66.2,-7.05657215596899,68.0,64.4,1010.91388888889,3639290.0,0.0,0.0,5.07638888888889,4.06111111111111,3.80729166666667,1567.7,1531.8,1172.2,1108.7,0.0,771.0,0.0,0.0,729.0,2354.0,3.8,24.0,3.8,64.0,0.0,1010.91388888889,0.0,57.5,70.7,71.6,54.0,71.6,72.5,72.5,64.4,12.3,84.0,13.82,734.1,40.77,14.046,3.6,3.0,0.0,0.0,0.0,14.0,63.0,0.0,71.6,1.0,0.0,825.6,0.0,0.0,0.6,9.0,0.0,29.0,0.0,71.6,71.6,350.0,825.6,-50.0,0.0,0.0,0.0,0.0,400.0,0.0,0.0,0.0,0.0,0.0,0.0,57.0,731.4,4.444,6.2987475,13.789592,2.27967758569903,,0.0,0.0865533973953224,-1.54139611953527,-0.95777884819175,0.0,,18.000000000000004,20.0,19.0,20.0,21.5,22.5,24.0,18.000000000000004,20.0,23.000000000000004,11.997434979718449,7.99828998647896,0.13926441640907375,-5.262171630103646,28.470000000000002
141.0,13.3,-7.1,731.0,0.0,0.0,0.0,20.0,66.2,66.2,66.2,66.2,66.2,-7.05657215596899,68.0,64.4,1010.91388888889,3639290.0,0.0,0.0,5.07638888888889,4.06111111111111,3.80729166666667,1567.7,1531.8,1172.2,1108.7,0.0,771.0,0.0,0.0,729.0,2354.0,3.8,24.0,3.8,64.0,0.0,1010.91388888889,0.0,57.5,70.7,71.6,54.0,71.6,72.5,72.5,64.4,12.3,84.0,13.82,734.1,40.77,14.046,18.6,3.0,0.0,0.0,0.0,14.0,63.0,0.0,71.6,1.0,0.0,825.6,0.0,0.0,0.6,9.0,0.0,29.0,0.0,71.6,71.6,350.0,825.6,-50.0,0.0,0.0,0.0,0.0,400.0,0.0,0.0,0.0,0.0,0.0,0.0,57.0,731.4,4.444,12.4510125,13.7905686,2.27967758569903,,0.0,0.0865533973953224,-1.54139611953527,-0.95777884819175,0.0,,18.000000000000004,20.0,19.0,20.0,21.5,22.5,24.0,18.000000000000004,20.0,23.000000000000004,3.999144993239488,7.99828998647896,0.13926441640907375,-5.262171630103646,28.470000000000002
142.0,13.4,2.6,730.1,0.0,0.0,0.0,20.0,66.2,66.2,66.2,66.2,66.2,2.58091533126331,68.0,64.4,1010.91472222222,3639293.0,0.0,0.0,5.07013888888889,4.05611111111111,3.80260416666667,1567.7,1531.8,1172.2,1108.7,0.0,647.0,0.0,0.0,728.0,2354.0,3.8,24.0,3.78,149.0,0.0,1010.91472222222,0.0,57.5,70.7,71.6,54.0,71.6,72.5,72.5,64.4,13.17,84.0,13.848,733.5,35.71,14.045,18.6,3.0,0.0,0.0,0.0,14.0,63.0,0.0,71.6,1.0,0.0,825.6,0.0,0.0,0.6,9.0,0.0,29.0,0.0,71.6,71.6,350.0,825.6,-50.0,0.0,0.0,0.0,0.0,400.0,0.0,0.0,0.0,0.0,0.0,0.0,57.0,730.4,4.444,12.4510125,13.7905686,2.31924437867543,,0.0,0.0893695357307767,4.21438580594861,2.61869712262809,0.0,-0.010490472510096,18.000000000000004,20.0,19.0,20.0,21.5,22.5,24.0,18.000000000000004,20.0,23.000000000000004,3.999144993239488,7.99828998647896,0.1437955829908197,-5.255692896222535,22.54
143.0,13.4,2.6,730.1,0.0,0.0,0.0,20.0,66.2,66.2,66.2,66.2,66.2,2.58091533126331,68.0,64.4,1010.91472222222,3639293.0,0.0,0.0,5.07013888888889,4.05611111111111,3.80260416666667,1567.7,1531.8,1172.2,1108.7,0.0,647.0,0.0,0.0,728.0,2354.0,3.8,24.0,3.78,149.0,0.0,1010.91472222222,0.0,57.5,70.7,71.6,54.0,71.6,72.5,72.5,64.4,13.17,84.0,13.848,733.5,35.71,14.045,-12.1,3.0,0.0,0.0,0.0,14.0,63.0,0.0,71.6,1.0,0.0,825.6,0.0,0.0,0.6,9.0,0.0,29.0,0.0,71.6,71.6,350.0,825.6,-50.0,0.0,0.0,0.0,0.0,400.0,0.0,0.0,0.0,0.0,0.0,0.0,57.0,730.4,4.444,53.31963,13.8105889,2.31924437867543,,0.0,0.0893695357307767,4.21438580594861,2.61869712262809,0.0,-0.010490472510096,18.000000000000004,20.0,19.0,20.0,21.5,22.5,24.0,18.000000000000004,20.0,23.000000000000004,7.99828998647896,7.99828998647896,0.1437955829908197,-5.255692896222535,22.54
144.0,13.4,25.5,727.7,0.0,0.0,0.0,20.0,66.2,66.2,66.2,66.2,66.2,25.2296145982573,68.0,64.4,1010.91527777778,3639295.0,0.0,0.0,5.05347222222222,4.04277777777778,3.79010416666667,1567.7,1531.8,1172.2,1108.7,0.0,1191.0,0.0,0.0,726.0,2357.0,3.78,24.0,3.78,64.0,0.0,1010.91527777778,0.0,57.5,70.7,71.6,54.0,71.6,72.5,72.5,64.4,13.11,84.0,13.847,730.5,36.21,14.052,-12.1,3.0,0.0,0.0,0.0,14.0,63.0,0.0,71.6,1.0,0.0,825.6,0.0,0.0,0.6,9.0,0.0,29.0,0.0,71.6,71.6,350.0,825.6,-50.0,0.0,0.0,0.0,0.0,400.0,0.0,0.0,0.0,0.0,0.0,0.0,57.0,728.6,4.444,53.31963,13.8105889,2.42810741379834,,0.0,0.0949200479615711,0.862238532901136,0.535770019427312,0.0,-0.010490472510096,18.000000000000004,20.0,19.0,20.0,21.5,22.5,24.0,18.000000000000004,20.0,23.000000000000004,7.99828998647896,15.99657997295792,0.1527263571701679,1.9182932829018122,23.1
145.0,13.4,25.5,727.7,0.0,0.0,0.0,20.0,66.2,66.2,66.2,66.2,66.2,25.2296145982573,68.0,64.4,1010.91527777778,3639295.0,0.0,0.0,5.05347222222222,4.04277777777778,3.79010416666667,1567.7,1531.8,1172.2,1108.7,0.0,1191.0,0.0,0.0,726.0,2357.0,3.78,24.0,3.78,64.0,0.0,1010.91527777778,0.0,57.5,70.7,71.6,54.0,71.6,72.5,72.5,64.4,13.11,84.0,13.847,730.5,36.21,14.052,-12.2,3.0,0.0,0.0,0.0,14.0,63.0,0.0,71.6,1.0,0.0,825.6,0.0,0.0,0.6,9.0,0.0,29.0,0.0,71.6,71.6,350.0,825.6,-50.0,0.0,0.0,0.0,0.0,400.0,0.0,0.0,0.0,0.0,0.0,0.0,57.0,728.6,4.444,64.745265,13.8105889,2.42810741379834,,0.0,0.0949200479615711,0.862238532901136,0.535770019427312,0.0,-0.010490472510096,18.000000000000004,20.0,19.0,20.0,21.5,22.5,24.0,18.000000000000004,20.0,23.000000000000004,15.99657997295792,15.99657997295792,0.1527263571701679,1.9182932829018122,23.1
146.0,13.4,33.4,726.6,0.0,0.0,0.0,20.0,66.2,66.2,66.2,66.2,66.2,32.9958956422428,68.0,64.4,1010.91583333333,3639297.0,0.0,0.0,5.04583333333333,4.03666666666667,3.784375,1567.7,1531.9,1172.2,1108.7,0.0,1905.0,0.0,0.0,725.0,2357.0,3.78,24.0,3.76,149.0,0.0,1010.91583333333,0.0,57.0,70.7,71.6,54.0,71.6,72.5,72.5,64.4,12.52,84.0,13.827,730.1,39.41,14.043,-12.2,3.0,0.0,0.0,0.0,14.0,63.0,0.0,71.6,1.0,0.0,825.6,0.0,0.0,0.6,9.0,0.0,29.0,0.0,71.6,71.6,350.0,825.6,-50.0,0.0,0.0,0.0,0.0,400.0,0.0,0.0,0.0,0.0,0.0,0.0,57.0,726.7,4.444,64.745265,13.8105889,2.61556056471074,,0.0,0.103731642071414,1.03014450042936,0.640101918376295,0.0,,18.000000000000004,20.0,19.0,20.0,21.5,22.5,24.0,18.000000000000004,20.0,21.999999999999996,15.99657997295792,24.99465620774668,0.16690421209290512,18.785590762037213,26.889999999999997
147.0,13.4,33.4,726.6,0.0,0.0,0.0,20.0,66.2,66.2,66.2,66.2,66.2,32.9958956422428,68.0,64.4,1010.91583333333,3639297.0,0.0,0.0,5.04583333333333,4.03666666666667,3.784375,1567.7,1531.9,1172.2,1108.7,0.0,1905.0,0.0,0.0,725.0,2357.0,3.78,24.0,3.76,149.0,0.0,1010.91583333333,0.0,57.0,70.7,71.6,54.0,71.6,72.5,72.5,64.4,12.52,84.0,13.827,730.1,39.41,14.043,-7.3,3.0,0.0,0.0,0.0,14.0,63.0,0.0,71.6,1.0,0.0,825.6,0.0,0.0,0.6,9.0,0.0,29.0,0.0,71.6,71.6,350.0,825.6,-50.0,0.0,0.0,0.0,0.0,400.0,0.0,0.0,0.0,0.0,0.0,0.0,57.0,726.7,4.444,52.4895625,13.8105889,2.61556056471074,,0.0,0.103731642071414,1.03014450042936,0.640101918376295,0.0,,18.000000000000004,20.0,19.0,20.0,21.5,22.5,24.0,18.000000000000004,20.0,21.999999999999996,23.994869959436866,24.99465620774668,0.16690421209290512,18.785590762037213,26.889999999999997
148.0,13.4,26.6,727.0,0.0,0.0,0.0,20.0,66.2,66.2,66.2,66.2,66.2,26.2926347597464,68.0,64.4,1010.91638888889,3639299.0,0.0,0.0,5.04861111111111,4.03888888888889,3.78645833333333,1567.7,1531.9,1172.2,1108.7,0.0,2359.0,0.0,0.0,725.0,2357.0,3.78,24.0,3.78,149.0,0.0,1010.91638888889,0.0,57.0,70.7,71.6,54.0,71.6,72.5,72.5,64.4,13.13,84.0,13.846,730.0,36.07,14.049,-7.3,3.0,0.0,0.0,0.0,14.0,63.0,0.0,71.6,1.0,0.0,825.6,0.0,0.0,0.6,9.0,0.0,29.0,0.0,71.6,71.6,350.0,825.6,-50.0,0.0,0.0,0.0,0.0,400.0,0.0,0.0,0.0,0.0,0.0,0.0,57.0,726.8,4.444,52.4895625,13.8105889,2.8389478370146,,0.0,0.114182693348622,1.55133362981043,0.963953728888935,0.0,0.0768406057124723,18.000000000000004,20.0,19.0,20.0,21.5,22.5,24.0,18.000000000000004,20.0,21.999999999999996,23.994869959436866,29.993587449296083,0.18371995359793278,24.618985970954437,22.939999999999998
149.0,13.4,26.6,727.0,0.0,0.0,0.0,20.0,66.2,66.2,66.2,66.2,66.2,26.2926347597464,68.0,64.4,1010.91638888889,3639299.0,0.0,0.0,5.04861111111111,4.03888888888889,3.78645833333333,1567.7,1531.9,1172.2,1108.7,0.0,2359.0,0.0,0.0,725.0,2357.0,3.78,24.0,3.78,149.0,0.0,1010.91638888889,0.0,57.0,70.7,71.6,54.0,71.6,72.5,72.5,64.4,13.13,84.0,13.846,730.0,36.07,14.049,-2.9,3.0,0.0,0.0,0.0,14.0,63.0,0.0,71.6,1.0,0.0,825.6,0.0,0.0,0.6,9.0,0.0,29.0,0.0,71.6,71.6,350.0,825.6,-50.0,0.0,0.0,0.0,0.0,400.0,0.0,0.0,0.0,0.0,0.0,0.0,57.0,726.8,4.444,45.1654375,13.8013112,2.8389478370146,,0.0,0.114182693348622,1.55133362981043,0.963953728888935,0.0,0.0768406057124723,18.000000000000004,20.0,19.0,20.0,21.5,22.5,24.0,18.000000000000004,20.0,21.999999999999996,27.994014952676284,29.993587449296083,0.18371995359793278,24.618985970954437,22.939999999999998
150.0,13.4,23.8,727.0,0.0,0.0,0.0,20.0,66.2,66.2,66.2,66.2,66.2,23.5249889955625,68.0,64.4,1010.91694444444,3639301.0,0.0,0.0,5.04861111111111,4.03888888888889,3.78645833333333,1567.7,1531.9,1172.2,1108.8,0.0,2572.0,0.0,0.0,725.0,2357.0,3.78,24.0,3.78,149.0,0.0,1010.91694444444,0.0,57.0,70.7,71.6,55.0,71.6,72.5,72.5,64.4,13.1,84.0,13.845,730.1,36.13,14.059,-2.9,3.0,0.0,0.0,0.0,14.0,63.0,0.0,71.6,1.0,0.0,825.6,0.0,0.0,0.6,9.0,0.0,29.0,0.0,71.6,71.6,350.0,825.6,-50.0,0.0,0.0,0.0,0.0,400.0,0.0,0.0,0.0,0.0,0.0,0.0,57.0,727.1,4.443,45.1654375,13.8013112,3.07613369114293,,0.0,0.125406013740864,1.90722781547282,1.18509605492816,0.0,0.0880694622684398,18.000000000000004,20.0,19.0,20.0,21.5,22.5,24.0,18.000000000000004,20.0,21.999999999999996,27.994014952676284,32.99294619422569,0.20177827610905016,19.606737330161373,23.03
151.0,13.4,23.8,727.0,0.0,0.0,0.0,20.0,66.2,66.2,66.2,66.2,66.2,23.5249889955625,68.0,64.4,1010.91694444444,3639301.0,0.0,0.0,5.04861111111111,4.03888888888889,3.78645833333333,1567.7,1531.9,1172.2,1108.8,0.0,2572.0,0.0,0.0,725.0,2357.0,3.78,24.0,3.78,149.0,0.0,1010.91694444444,0.0,57.0,70.7,71.6,55.0,71.6,72.5,72.5,64.4,13.1,84.0,13.845,730.1,36.13,14.059,1.3,3.0,0.0,0.0,0.0,14.0,63.0,0.0,71.6,1.0,0.0,825.6,0.0,0.0,0.6,9.0,0.0,29.0,0.0,71.6,71.6,350.0,825.6,-50.0,0.0,0.0,0.0,0.0,400.0,0.0,0.0,0.0,0.0,0.0,0.0,57.0,727.1,4.443,42.479925,13.8096123,3.07613369114293,,0.0,0.125406013740864,1.90722781547282,1.18509605492816,0.0,0.0880694622684398,18.000000000000004,20.0,19.0,20.0,21.5,22.5,24.0,18.000000000000004,20.0,21.999999999999996,33.52408263864033,32.99294619422569,0.20177827610905016,19.606737330161373,23.03
152.0,13.4,3.4,728.8,0.0,0.0,0.0,20.0,66.2,66.2,66.2,66.2,66.2,3.36903359794969,68.0,64.4,1010.9175,3639303.0,0.0,0.0,5.06111111111111,4.04888888888889,3.79583333333333,1567.7,1531.9,1172.2,1108.8,0.0,2632.0,0.0,0.0,727.0,2357.0,3.8,24.0,3.78,64.0,0.0,1010.9175,0.0,57.0,70.7,71.6,55.0,71.6,72.5,72.5,63.5,13.09,84.0,13.847,733.5,35.6,14.055,1.3,3.0,0.0,0.0,0.0,14.0,63.0,0.0,71.6,1.0,0.0,825.6,0.0,0.0,0.6,9.0,0.0,29.0,0.0,71.6,71.6,350.0,825.6,-50.0,0.0,0.0,0.0,0.0,400.0,0.0,0.0,0.0,0.0,0.0,0.0,57.0,727.6,4.441,42.479925,13.8096123,3.30849188265339,,0.0,0.136701103644991,13.3176212307096,8.27518362174727,0.0,0.0600879445825402,18.000000000000004,20.0,19.0,20.0,21.5,22.5,24.0,17.5,20.0,21.999999999999996,33.52408263864033,32.99294619422569,0.2199520757647905,17.58630513471126,22.51
153.0,13.4,3.4,728.8,0.0,0.0,0.0,20.0,66.2,66.2,66.2,66.2,66.2,3.36903359794969,68.0,64.4,1010.9175,3639303.0,0.0,0.0,5.06111111111111,4.04888888888889,3.79583333333333,1567.7,1531.9,1172.2,1108.8,0.0,2632.0,0.0,0.0,727.0,2357.0,3.8,24.0,3.78,64.0,0.0,1010.9175,0.0,57.0,70.7,71.6,55.0,71.6,72.5,72.5,63.5,13.09,84.0,13.847,733.5,35.6,14.055,0.3,3.0,0.0,0.0,0.0,14.0,63.0,0.0,71.6,1.0,0.0,825.6,0.0,0.0,0.6,9.0,0.0,29.0,0.0,71.6,71.6,350.0,825.6,-50.0,0.0,0.0,0.0,0.0,400.0,0.0,0.0,0.0,0.0,0.0,0.0,57.0,727.6,4.441,24.5602325,13.8105889,3.30849188265339,,0.0,0.136701103644991,13.3176212307096,8.27518362174727,0.0,0.0600879445825402,18.000000000000004,20.0,19.0,20.0,21.5,22.5,24.0,17.5,20.0,21.999999999999996,27.994014952676284,32.99294619422569,0.2199520757647905,17.58630513471126,22.51
154.0,13.4,-7.2,730.2,0.0,0.0,0.0,20.0,66.2,66.2,66.2,66.2,66.2,-7.14812907567824,68.0,64.4,1010.91805555556,3639305.0,0.0,0.0,5.07083333333333,4.05666666666667,3.803125,1567.7,1531.9,1172.2,1108.8,0.0,2253.0,0.0,0.0,729.0,2359.0,3.8,24.0,3.78,64.0,0.0,1010.91805555556,0.0,57.0,70.7,71.6,55.0,71.6,72.5,72.5,63.5,13.08,84.0,13.847,733.5,35.96,14.059,0.3,3.0,0.0,0.0,0.0,14.0,63.0,0.0,71.6,1.0,0.0,825.6,0.0,0.0,0.6,9.0,0.0,29.0,0.0,71.6,71.6,350.0,825.6,-50.0,0.0,0.0,0.0,0.0,400.0,0.0,0.0,0.0,0.0,0.0,0.0,57.0,730.2,4.444,24.5602325,13.8105889,3.49324971400868,,0.0,0.146252755401511,-5.32578593383852,-3.30928893149518,0.0,0.0600879445825402,18.000000000000004,20.0,19.0,20.0,21.5,22.5,24.0,17.5,20.0,21.999999999999996,27.994014952676284,27.994014952676284,0.23532068344103121,2.517155404062685,22.880000000000003
155.0,13.4,-7.2,730.2,0.0,0.0,0.0,20.0,66.2,66.2,66.2,66.2,66.2,-7.14812907567824,68.0,64.4,1010.91805555556,3639305.0,0.0,0.0,5.07083333333333,4.05666666666667,3.803125,1567.7,1531.9,1172.2,1108.8,0.0,2253.0,0.0,0.0,729.0,2359.0,3.8,24.0,3.78,64.0,0.0,1010.91805555556,0.0,57.0,70.7,71.6,55.0,71.6,72.5,72.5,63.5,13.08,84.0,13.847,733.5,35.96,14.059,6.3,3.0,0.0,0.0,0.0,14.0,63.0,0.0,71.6,1.0,0.0,825.6,0.0,0.0,0.6,9.0,0.0,29.0,0.0,71.6,71.6,350.0,825.6,-50.0,0.0,0.0,0.0,0.0,400.0,0.0,0.0,0.0,0.0,0.0,0.0,57.0,730.2,4.444,31.0054625,13.8096123,3.49324971400868,,0.0,0.146252755401511,-5.32578593383852,-3.30928893149518,0.0,0.0600879445825402,18.000000000000004,20.0,19.0,20.0,21.5,22.5,24.0,17.5,20.0,21.999999999999996,23.994869959436866,27.994014952676284,0.23532068344103121,2.517155404062685,22.880000000000003
156.0,13.4,7.1,728.9,0.0,0.0,0.0,20.0,66.2,66.2,66.2,66.2,66.2,7.03630019765499,68.0,64.4,1010.91833333333,3639306.0,0.0,0.0,5.06180555555556,4.04944444444444,3.79635416666667,1567.7,1531.9,1172.2,1108.8,0.0,2076.0,0.0,0.0,727.0,2359.0,3.8,24.0,3.78,149.0,0.0,1010.91833333333,0.0,57.0,70.7,71.6,55.0,71.6,72.5,72.5,63.5,13.04,84.0,13.846,732.1,35.77,14.054,6.3,3.0,0.0,0.0,0.0,14.0,63.0,0.0,71.6,1.0,0.0,825.6,0.0,0.0,0.6,9.0,0.0,29.0,0.0,71.6,71.6,350.0,825.6,-50.0,0.0,0.0,0.0,0.0,400.0,0.0,0.0,0.0,0.0,0.0,0.0,57.0,729.2,4.444,31.0054625,13.8096123,3.65782553078322,,0.0,0.155159735132935,5.02397013442985,3.12174934640081,0.0,-0.0143158843851376,18.000000000000004,20.0,19.0,20.0,21.5,22.5,24.0,17.5,20.0,21.999999999999996,23.994869959436866,25.994442456056657,0.2496520138288924,-5.320956761625854,22.730000000000004
157.0,13.4,7.1,728.9,0.0,0.0,0.0,20.0,66.2,66.2,66.2,66.2,66.2,7.03630019765499,68.0,64.4,1010.91833333333,3639306.0,0.0,0.0,5.06180555555556,4.04944444444444,3.79635416666667,1567.7,1531.9,1172.2,1108.8,0.0,2076.0,0.0,0.0,727.0,2359.0,3.8,24.0,3.78,149.0,0.0,1010.91833333333,0.0,57.0,70.7,71.6,55.0,71.6,72.5,72.5,63.5,13.04,84.0,13.846,732.1,35.77,14.054,-7.5,3.0,0.0,0.0,0.0,14.0,63.0,0.0,71.6,1.0,0.0,825.6,0.0,0.0,0.6,9.0,0.0,29.0,0.0,71.6,71.6,350.0,825.6,-50.0,0.0,0.0,0.0,0.0,400.0,0.0,0.0,0.0,0.0,0.0,0.0,57.0,728.4,4.443,36.52297,13.8003346,3.65782553078322,,0.0,0.155159735132935,5.02397013442985,3.12174934640081,0.0,-0.0143158843851376,18.000000000000004,20.0,19.0,20.0,21.5,22.5,24.0,17.5,20.0,21.999999999999996,23.994869959436866,25.994442456056657,0.2496520138288924,-5.320956761625854,22.730000000000004
158.0,13.4,1.3,729.3,0.0,0.0,0.0,20.0,66.2,66.2,66.2,66.2,66.2,1.28904365914966,68.0,64.4,1010.91888888889,3639308.0,0.0,0.0,5.06458333333333,4.05166666666667,3.7984375,1567.7,1531.9,1172.2,1108.8,0.0,2007.0,0.0,0.0,728.0,2359.0,3.8,24.0,3.78,149.0,0.0,1010.91888888889,0.0,57.0,70.7,71.6,55.0,71.6,72.5,72.5,63.5,12.62,84.0,13.831,733.5,35.04,14.035,-7.5,3.0,0.0,0.0,0.0,14.0,63.0,0.0,71.6,1.0,0.0,825.6,0.0,0.0,0.6,9.0,0.0,29.0,0.0,71.6,71.6,350.0,825.6,-50.0,0.0,0.0,0.0,0.0,400.0,0.0,0.0,0.0,0.0,0.0,0.0,57.0,728.4,4.443,36.52297,13.8003346,3.80953478773862,,0.0,0.163685941652831,26.3688046493476,16.3848105137698,0.0,-0.0286118290183253,17.0,20.0,19.0,20.0,21.5,22.5,24.0,17.5,20.0,21.999999999999996,23.994869959436866,24.99465620774668,0.2633706801194051,5.249934021661551,22.42
159.0,13.4,1.3,729.3,0.0,0.0,0.0,20.0,66.2,66.2,66.2,66.2,66.2,1.28904365914966,68.0,64.4,1010.91888888889,3639308.0,0.0,0.0,5.06458333333333,4.05166666666667,3.7984375,1567.7,1531.9,1172.2,1108.8,0.0,2007.0,0.0,0.0,728.0,2359.0,3.8,24.0,3.78,149.0,0.0,1010.91888888889,0.0,57.0,70.7,71.6,55.0,71.6,72.5,72.5,63.5,12.62,84.0,13.831,733.5,35.04,14.035,-17.9,3.0,0.0,0.0,0.0,14.0,63.0,0.0,71.6,1.0,0.0,825.6,0.0,0.0,0.6,9.0,0.0,29.0,0.0,71.6,71.6,350.0,825.6,-50.0,0.0,0.0,0.0,0.0,400.0,0.0,0.0,0.0,0.0,0.0,0.0,57.0,730.6,4.444,23.5836825,13.8096123,3.80953478773862,,0.0,0.163685941652831,26.3688046493476,16.3848105137698,0.0,-0.0286118290183253,17.0,20.0,19.0,20.0,21.5,22.5,24.0,17.5,20.0,21.999999999999996,19.99572496619744,24.99465620774668,0.2633706801194051,5.249934021661551,22.42
160.0,13.4,-11.7,730.7,0.0,0.0,0.0,20.0,66.2,66.2,66.2,66.2,66.2,-11.6236635344384,68.0,64.4,1010.91944444444,3639310.0,0.0,0.0,5.07430555555556,4.05944444444444,3.80572916666667,1567.7,1531.9,1172.2,1108.8,0.0,1547.0,0.0,0.0,729.0,2359.0,3.8,24.0,3.8,149.0,0.0,1010.91944444444,0.0,57.0,70.7,71.6,55.0,71.6,72.5,72.5,63.5,12.65,84.0,13.831,734.7,41.22,14.061,8.1,3.0,0.0,0.0,0.0,14.0,63.0,0.0,71.6,1.0,0.0,825.6,0.0,0.0,0.6,9.0,0.0,29.0,0.0,71.6,71.6,350.0,825.6,-50.0,0.0,0.0,0.0,0.0,400.0,0.0,0.0,0.0,0.0,0.0,0.0,57.0,730.6,4.444,23.5836825,13.8096123,3.90276187304652,,0.0,0.169838551039015,-2.10546262277479,-1.30827341537619,0.0,-0.0536643968949589,17.0,20.0,19.0,20.0,21.5,22.5,24.0,17.5,20.0,21.999999999999996,19.99572496619744,17.99615246957765,0.27327022862177514,-8.667907184517823,28.57
161.0,13.4,-11.7,730.7,0.0,0.0,0.0,20.0,66.2,66.2,66.2,66.2,66.2,-11.6236635344384,68.0,64.4,1010.91944444444,3639310.0,0.0,0.0,5.07430555555556,4.05944444444444,3.80572916666667,1567.7,1531.9,1172.2,1108.8,0.0,1547.0,0.0,0.0,729.0,2359.0,3.8,24.0,3.8,149.0,0.0,1010.91944444444,0.0,57.0,70.7,71.6,55.0,71.6,72.5,72.5,63.5,12.65,84.0,13.831,734.7,41.22,14.061,8.1,3.0,0.0,0.0,0.0,14.0,63.0,0.0,71.6,1.0,0.0,825.6,0.0,0.0,0.6,9.0,0.0,29.0,0.0,71.6,71.6,350.0,825.6,-50.0,0.0,0.0,0.0,0.0,400.0,0.0,0.0,0.0,0.0,0.0,0.0,57.0,730.9,4.442,0.0,13.7803143,3.90276187304652,,0.0,0.169838551039015,-2.10546262277479,-1.30827341537619,0.0,-0.0536643968949589,17.0,20.0,19.0,20.0,21.5,22.5,24.0,17.5,20.0,21.999999999999996,11.997434979718449,17.99615246957765,0.27327022862177514,-8.667907184517823,28.57
162.0,13.4,-7.7,730.6,0.0,0.0,0.0,20.0,66.2,66.2,66.2,66.2,66.2,-7.64871456273719,68.0,64.4,1010.92,3639312.0,0.0,0.0,5.07361111111111,4.05888888888889,3.80520833333333,1567.7,1531.9,1172.2,1108.8,0.0,654.0,0.0,0.0,729.0,2365.0,3.8,24.0,3.8,64.0,0.0,1010.92,0.0,57.0,70.7,71.6,55.0,71.6,72.5,72.5,63.5,12.26,84.0,13.817,733.7,39.48,14.062,8.1,3.0,0.0,0.0,0.0,14.0,63.0,0.0,71.6,1.0,0.0,825.6,0.0,0.0,0.6,9.0,0.0,29.0,0.0,71.6,71.6,350.0,825.6,-50.0,0.0,0.0,0.0,0.0,400.0,0.0,0.0,0.0,0.0,0.0,0.0,57.0,730.9,4.442,0.0,13.7803143,3.90055048874823,,0.0,0.171920577421608,-1.06654910925374,-0.662722686566103,0.0,-0.0783683805308039,17.0,20.0,19.0,20.0,21.5,22.5,24.0,17.5,20.0,21.999999999999996,11.997434979718449,5.998717489859216,0.27662020907136725,-8.666720937469128,27.22
163.0,13.4,-7.7,730.6,0.0,0.0,0.0,20.0,66.2,66.2,66.2,66.2,66.2,-7.64871456273719,68.0,64.4,1010.92,3639312.0,0.0,0.0,5.07361111111111,4.05888888888889,3.80520833333333,1567.7,1531.9,1172.2,1108.8,0.0,654.0,0.0,0.0,729.0,2365.0,3.8,24.0,3.8,64.0,0.0,1010.92,0.0,57.0,70.7,71.6,55.0,71.6,72.5,72.5,63.5,12.26,84.0,13.817,733.7,39.48,14.062,18.2,3.0,0.0,0.0,0.0,14.0,63.0,0.0,71.6,1.0,0.0,825.6,0.0,0.0,0.6,9.0,0.0,29.0,0.0,71.6,71.6,350.0,825.6,-50.0,0.0,0.0,0.0,0.0,400.0,0.0,0.0,0.0,0.0,0.0,0.0,57.0,729.8,4.443,0.4394475,13.7905686,3.90055048874823,,0.0,0.171920577421608,-1.06654910925374,-0.662722686566103,0.0,-0.0783683805308039,17.0,20.0,19.0,20.0,21.5,22.5,24.0,17.5,20.0,21.999999999999996,4.1553615945379,5.998717489859216,0.27662020907136725,-8.666720937469128,27.22
164.0,13.3,7.1,729.2,0.0,0.0,0.0,20.0,66.2,66.2,66.2,66.2,66.2,7.03919619169985,68.0,64.4,1010.92055555556,3639314.0,0.0,0.0,5.06388888888889,4.05111111111111,3.79791666666667,1567.7,1531.9,1172.2,1108.8,0.0,324.0,0.0,0.0,727.0,2365.0,3.8,24.0,3.78,64.0,0.0,1010.92055555556,0.0,57.0,70.7,71.6,55.0,71.6,72.5,72.5,63.5,13.1,84.0,13.841,732.0,38.41,14.047,18.2,3.0,0.0,0.0,0.0,14.0,63.0,0.0,71.6,1.0,0.0,825.6,0.0,0.0,0.6,9.0,0.0,29.0,0.0,71.6,71.6,350.0,825.6,-50.0,0.0,0.0,0.0,0.0,400.0,0.0,0.0,0.0,0.0,0.0,0.0,57.0,729.8,4.443,0.4394475,13.7905686,3.89033167064146,,0.0,0.173706643324513,0.965750620011898,0.600089428507413,0.0,-0.0740192590203517,17.0,20.0,19.0,20.0,21.5,22.5,24.0,17.5,20.0,21.999999999999996,4.1553615945379,4.998931241549352,0.2794939891091414,-5.69280972535619,25.309999999999995
165.0,13.3,7.1,729.2,0.0,0.0,0.0,20.0,66.2,66.2,66.2,66.2,66.2,7.03919619169985,68.0,64.4,1010.92055555556,3639314.0,0.0,0.0,5.06388888888889,4.05111111111111,3.79791666666667,1567.7,1531.9,1172.2,1108.8,0.0,324.0,0.0,0.0,727.0,2365.0,3.8,24.0,3.78,64.0,0.0,1010.92055555556,0.0,57.0,70.7,71.6,55.0,71.6,72.5,72.5,63.5,13.1,84.0,13.841,732.0,38.41,14.047,55.4,3.0,0.0,0.0,0.0,14.0,63.0,0.0,71.6,1.0,0.0,825.6,0.0,0.0,0.6,9.0,0.0,29.0,0.0,71.6,71.6,350.0,825.6,-50.0,0.0,0.0,0.0,0.0,400.0,0.0,0.0,0.0,0.0,0.0,0.0,57.0,729.8,4.443,60.7902375,13.7915452,3.89033167064146,,0.0,0.173706643324513,0.965750620011898,0.600089428507413,0.0,-0.0740192590203517,17.0,20.0,19.0,20.0,21.5,22.5,24.0,17.5,20.0,21.999999999999996,8.092019947258011,4.998931241549352,0.2794939891091414,-5.69280972535619,25.309999999999995
166.0,13.4,19.3,727.8,0.0,0.0,0.0,20.0,66.2,66.2,66.2,66.2,66.2,19.097979432324,68.0,64.4,1010.92138888889,3639317.0,0.0,0.0,5.05416666666667,4.04333333333333,3.790625,1567.7,1531.9,1172.2,1108.8,0.0,1038.0,0.0,0.0,726.0,2365.0,3.78,24.0,3.78,149.0,0.0,1010.92138888889,0.0,57.0,70.7,71.6,55.0,71.6,72.5,72.5,63.5,12.72,84.0,13.834,730.5,35.22,14.059,55.4,3.0,0.0,0.0,0.0,14.0,63.0,0.0,71.6,1.0,0.0,825.6,0.0,0.0,0.6,9.0,0.0,29.0,0.0,71.6,71.6,350.0,825.6,-50.0,0.0,0.0,0.0,0.0,400.0,0.0,0.0,0.0,0.0,0.0,0.0,57.0,728.3,4.443,60.7902375,13.7915452,3.94971185487382,,0.0,0.178562925898171,0.996686728546674,0.619312229203775,0.0,-0.0740192590203517,17.0,20.0,19.0,20.0,21.5,22.5,24.0,17.5,20.0,21.999999999999996,8.092019947258011,13.997007476338178,0.2873077477701571,5.239136131859695,22.5
167.0,13.4,19.3,727.8,0.0,0.0,0.0,20.0,66.2,66.2,66.2,66.2,66.2,19.097979432324,68.0,64.4,1010.92138888889,3639317.0,0.0,0.0,5.05416666666667,4.04333333333333,3.790625,1567.7,1531.9,1172.2,1108.8,0.0,1038.0,0.0,0.0,726.0,2365.0,3.78,24.0,3.78,149.0,0.0,1010.92138888889,0.0,57.0,70.7,71.6,55.0,71.6,72.5,72.5,63.5,12.72,84.0,13.834,730.5,35.22,14.059,12.6,3.0,0.0,0.0,0.0,14.0,63.0,0.0,71.6,1.0,0.0,825.6,0.0,0.0,0.6,9.0,0.0,29.0,0.0,71.6,71.6,350.0,825.6,-50.0,0.0,0.0,0.0,0.0,400.0,0.0,0.0,0.0,0.0,0.0,0.0,57.0,728.3,4.443,57.7629325,13.7915452,3.94971185487382,,0.0,0.178562925898171,0.996686728546674,0.619312229203775,0.0,-0.0740192590203517,17.0,20.0,19.0,20.0,21.5,22.5,24.0,17.5,20.0,21.999999999999996,17.0900961820468,13.997007476338178,0.2873077477701571,5.239136131859695,22.5
168.0,13.4,23.6,727.1,0.0,0.0,0.0,20.0,66.2,66.2,66.2,66.2,66.2,23.3305087194234,68.0,64.4,1010.92194444444,3639319.0,0.0,0.0,5.04930555555556,4.03944444444444,3.78697916666667,1567.7,1531.9,1172.2,1108.8,0.0,1717.0,0.0,0.0,725.0,2365.0,3.78,24.0,3.78,149.0,0.0,1010.92194444444,0.0,57.0,70.7,71.6,55.0,71.6,72.5,72.5,63.5,13.12,84.0,13.847,730.1,37.51,14.041,12.6,3.0,0.0,0.0,0.0,14.0,63.0,0.0,71.6,1.0,0.0,825.6,0.0,0.0,0.6,9.0,0.0,29.0,0.0,71.6,71.6,350.0,825.6,-50.0,0.0,0.0,0.0,0.0,400.0,0.0,0.0,0.0,0.0,0.0,0.0,57.0,727.1,4.444,57.7629325,13.7915452,4.07404609596604,,0.0,0.186425256018739,1.34036070854964,0.832861273832196,0.0,,17.0,20.0,19.0,20.0,21.5,22.5,24.0,17.5,20.0,21.999999999999996,17.0900961820468,22.995083711127048,0.299958236934151,14.227897795879345,24.39
169.0,13.4,23.6,727.1,0.0,0.0,0.0,20.0,66.2,66.2,66.2,66.2,66.2,23.3305087194234,68.0,64.4,1010.92194444444,3639319.0,0.0,0.0,5.04930555555556,4.03944444444444,3.78697916666667,1567.7,1531.9,1172.2,1108.8,0.0,1717.0,0.0,0.0,725.0,2365.0,3.78,24.0,3.78,149.0,0.0,1010.92194444444,0.0,57.0,70.7,71.6,55.0,71.6,72.5,72.5,63.5,13.12,84.0,13.847,730.1,37.51,14.041,21.0,3.0,0.0,0.0,0.0,14.0,63.0,0.0,71.6,1.0,0.0,825.6,0.0,0.0,0.6,9.0,0.0,29.0,0.0,71.6,71.6,350.0,825.6,-50.0,0.0,0.0,0.0,0.0,400.0,0.0,0.0,0.0,0.0,0.0,0.0,57.0,727.1,4.444,50.1458425,13.8096123,4.07404609596604,,0.0,0.186425256018739,1.34036070854964,0.832861273832196,0.0,,17.0,20.0,19.0,20.0,21.5,22.5,24.0,17.5,20.0,21.999999999999996,25.525792652161325,22.995083711127048,0.299958236934151,14.227897795879345,24.39
170.0,13.4,25.5,726.8,0.0,0.0,0.0,20.0,66.2,66.2,66.2,66.2,66.2,25.1984112821402,68.0,64.4,1010.9225,3639321.0,0.0,0.0,5.04722222222222,4.03777777777778,3.78541666666667,1567.7,1531.9,1172.2,1108.8,0.0,2337.0,0.0,0.0,725.0,2365.0,3.78,24.0,3.78,64.0,0.0,1010.9225,0.0,57.0,70.7,71.6,55.0,71.6,72.5,72.5,63.5,13.03,84.0,13.845,730.0,36.15,14.046,21.0,3.0,0.0,0.0,0.0,14.0,63.0,0.0,71.6,1.0,0.0,825.6,0.0,0.0,0.6,9.0,0.0,29.0,0.0,71.6,71.6,350.0,825.6,-50.0,0.0,0.0,0.0,0.0,400.0,0.0,0.0,0.0,0.0,0.0,0.0,57.0,726.9,4.444,50.1458425,13.8096123,4.2499951749135,,0.0,0.196854305577649,1.61869921331218,1.005812748875,0.0,,17.0,20.0,19.0,20.0,21.5,22.5,24.0,17.5,20.0,21.999999999999996,25.525792652161325,29.993587449296083,0.31673857767443725,18.79076158250574,23.119999999999997
171.0,13.4,25.5,726.8,0.0,0.0,0.0,20.0,66.2,66.2,66.2,66.2,66.2,25.1984112821402,68.0,64.4,1010.9225,3639321.0,0.0,0.0,5.04722222222222,4.03777777777778,3.78541666666667,1567.7,1531.9,1172.2,1108.8,0.0,2337.0,0.0,0.0,725.0,2365.0,3.78,24.0,3.78,64.0,0.0,1010.9225,0.0,57.0,70.7,71.6,55.0,71.6,72.5,72.5,63.5,13.03,84.0,13.845,730.0,36.15,14.046,-9.9,3.0,0.0,0.0,0.0,14.0,63.0,0.0,71.6,1.0,0.0,825.6,0.0,0.0,0.6,9.0,0.0,29.0,0.0,71.6,71.6,350.0,825.6,-50.0,0.0,0.0,0.0,0.0,400.0,0.0,0.0,0.0,0.0,0.0,0.0,57.0,726.9,4.444,42.8217175,13.8105889,4.2499951749135,,0.0,0.196854305577649,1.61869921331218,1.005812748875,0.0,,17.0,20.0,19.0,20.0,21.5,22.5,24.0,17.5,20.0,21.999999999999996,32.399323109291736,29.993587449296083,0.31673857767443725,18.79076158250574,23.119999999999997
172.0,13.4,18.0,727.3,0.0,0.0,0.0,20.0,66.2,66.2,66.2,66.2,66.2,17.7993504407723,68.0,64.4,1010.92305555556,3639323.0,0.0,0.0,5.05069444444444,4.04055555555556,3.78802083333333,1567.7,1532.0,1172.2,1108.8,0.0,2781.0,0.0,0.0,725.0,2358.0,3.78,24.0,3.78,64.0,0.0,1010.92305555556,0.0,57.0,70.7,71.6,55.0,71.6,72.5,72.5,62.6,12.99,84.0,13.846,730.5,35.7,14.054,-9.9,3.0,0.0,0.0,0.0,14.0,63.0,0.0,71.6,1.0,0.0,825.6,0.0,0.0,0.6,9.0,0.0,29.0,0.0,71.6,71.6,350.0,825.6,-50.0,0.0,0.0,0.0,0.0,400.0,0.0,0.0,0.0,0.0,0.0,0.0,57.0,727.1,4.444,42.8217175,13.8105889,4.46554929582416,,0.0,0.209328698249445,2.74989687886704,1.70870617351849,0.0,0.109597953453777,17.0,20.0,19.0,20.0,21.5,22.5,24.0,17.0,20.0,21.999999999999996,32.399323109291736,35.9923049391553,0.336809875483357,18.80368863367696,22.71
173.0,13.4,18.0,727.3,0.0,0.0,0.0,20.0,66.2,66.2,66.2,66.2,66.2,17.7993504407723,68.0,64.4,1010.92305555556,3639323.0,0.0,0.0,5.05069444444444,4.04055555555556,3.78802083333333,1567.7,1532.0,1172.2,1108.8,0.0,2781.0,0.0,0.0,725.0,2358.0,3.78,24.0,3.78,64.0,0.0,1010.92305555556,0.0,57.0,70.7,71.6,55.0,71.6,72.5,72.5,62.6,12.99,84.0,13.846,730.5,35.7,14.054,-25.6,3.0,0.0,0.0,0.0,14.0,63.0,0.0,71.6,1.0,0.0,825.6,0.0,0.0,0.6,9.0,0.0,29.0,0.0,71.6,71.6,350.0,825.6,-50.0,0.0,0.0,0.0,0.0,400.0,0.0,0.0,0.0,0.0,0.0,0.0,57.0,727.1,4.444,39.5014475,13.8105889,4.46554929582416,,0.0,0.209328698249445,2.74989687886704,1.70870617351849,0.0,0.109597953453777,17.0,20.0,19.0,20.0,21.5,22.5,24.0,17.0,20.0,21.999999999999996,37.39825435084113,35.9923049391553,0.336809875483357,18.80368863367696,22.71
174.0,13.4,17.0,727.3,0.0,0.0,0.0,20.0,66.2,66.2,66.2,66.2,66.2,16.8104976385072,68.0,64.4,1010.92361111111,3639325.0,0.0,0.0,5.05069444444444,4.04055555555556,3.78802083333333,1567.7,1532.0,1172.2,1108.8,0.0,3155.0,0.0,0.0,726.0,2358.0,3.78,24.0,3.78,149.0,0.0,1010.92361111111,0.0,57.0,70.7,71.6,55.0,71.6,72.5,72.5,62.6,12.98,84.0,13.849,730.4,35.83,14.045,-25.6,3.0,0.0,0.0,0.0,14.0,63.0,0.0,71.6,1.0,0.0,825.6,0.0,0.0,0.6,9.0,0.0,29.0,0.0,71.6,71.6,350.0,825.6,-50.0,0.0,0.0,0.0,0.0,400.0,0.0,0.0,0.0,0.0,0.0,0.0,57.0,727.4,4.444,39.5014475,13.8105889,4.70189831859673,,0.0,0.222992770898508,3.23517279866711,2.01024255708058,0.0,0.0922732512990811,17.0,20.0,19.0,20.0,21.5,22.5,24.0,17.0,20.0,21.999999999999996,37.39825435084113,39.99144993239488,0.35879536837569936,13.273191976713125,22.849999999999998
175.0,13.4,17.0,727.3,0.0,0.0,0.0,20.0,66.2,66.2,66.2,66.2,66.2,16.8104976385072,68.0,64.4,1010.92361111111,3639325.0,0.0,0.0,5.05069444444444,4.04055555555556,3.78802083333333,1567.7,1532.0,1172.2,1108.8,0.0,3155.0,0.0,0.0,726.0,2358.0,3.78,24.0,3.78,149.0,0.0,1010.92361111111,0.0,57.0,70.7,71.6,55.0,71.6,72.5,72.5,62.6,12.98,84.0,13.849,730.4,35.83,14.045,10.0,3.0,0.0,0.0,0.0,14.0,63.0,0.0,71.6,1.0,0.0,825.6,0.0,0.0,0.6,9.0,0.0,29.0,0.0,71.6,71.6,350.0,825.6,-50.0,0.0,0.0,0.0,0.0,400.0,0.0,0.0,0.0,0.0,0.0,0.0,57.0,727.4,4.444,39.5014475,13.8105889,4.70189831859673,,0.0,0.222992770898508,3.23517279866711,2.01024255708058,0.0,0.0922732512990811,17.0,20.0,19.0,20.0,21.5,22.5,24.0,17.0,20.0,21.999999999999996,41.83480582771607,39.99144993239488,0.35879536837569936,13.273191976713125,22.849999999999998
176.0,13.4,5.9,728.4,0.0,0.0,0.0,20.0,66.2,66.2,66.2,66.2,66.2,5.84305547766057,68.0,64.4,1010.92416666667,3639327.0,0.0,0.0,5.05833333333333,4.04666666666667,3.79375,1567.7,1532.0,1172.2,1108.8,0.0,3489.0,0.0,0.0,727.0,2358.0,3.78,24.0,3.78,149.0,0.0,1010.92416666667,0.0,57.0,70.7,71.6,55.0,71.6,72.5,72.5,62.6,12.95,84.0,13.849,732.0,35.65,14.051,10.0,3.0,0.0,0.0,0.0,14.0,63.0,0.0,71.6,1.0,0.0,825.6,0.0,0.0,0.6,9.0,0.0,29.0,0.0,71.6,71.6,350.0,825.6,-50.0,0.0,0.0,0.0,0.0,400.0,0.0,0.0,0.0,0.0,0.0,0.0,57.0,727.8,4.443,39.5014475,13.8105889,4.96547248569342,,0.0,0.238267159993969,10.2383678180177,6.36182484944946,0.0,0.0742428584573697,17.0,20.0,19.0,20.0,21.5,22.5,24.0,17.0,20.0,21.999999999999996,41.83480582771607,43.990594925634305,0.3833718604302961,4.357237492662618,22.7
177.0,13.4,5.9,728.4,0.0,0.0,0.0,20.0,66.2,66.2,66.2,66.2,66.2,5.84305547766057,68.0,64.4,1010.92416666667,3639327.0,0.0,0.0,5.05833333333333,4.04666666666667,3.79375,1567.7,1532.0,1172.2,1108.8,0.0,3489.0,0.0,0.0,727.0,2358.0,3.78,24.0,3.78,149.0,0.0,1010.92416666667,0.0,57.0,70.7,71.6,55.0,71.6,72.5,72.5,62.6,12.95,84.0,13.849,732.0,35.65,14.051,1.1,3.0,0.0,0.0,0.0,14.0,63.0,0.0,71.6,1.0,0.0,825.6,0.0,0.0,0.6,9.0,0.0,29.0,0.0,71.6,71.6,350.0,825.6,-50.0,0.0,0.0,0.0,0.0,400.0,0.0,0.0,0.0,0.0,0.0,0.0,57.0,727.8,4.443,33.886285,13.8105889,4.96547248569342,,0.0,0.238267159993969,10.2383678180177,6.36182484944946,0.0,0.0742428584573697,17.0,20.0,19.0,20.0,21.5,22.5,24.0,17.0,20.0,21.999999999999996,45.55276093861843,43.990594925634305,0.3833718604302961,4.357237492662618,22.7
178.0,13.4,-4.3,729.4,0.0,0.0,0.0,20.0,66.2,66.2,66.2,66.2,66.2,-4.26434443294431,68.0,64.4,1010.92472222222,3639329.0,0.0,0.0,5.06527777777778,4.05222222222222,3.79895833333333,1567.7,1532.0,1172.2,1108.8,0.0,3655.0,0.0,0.0,728.0,2358.0,3.8,24.0,3.78,149.0,0.0,1010.92472222222,0.0,57.0,70.7,71.6,55.0,71.6,72.5,72.5,62.6,12.91,84.0,13.847,733.5,35.75,14.041,1.1,3.0,0.0,0.0,0.0,14.0,63.0,0.0,71.6,1.0,0.0,825.6,0.0,0.0,0.6,9.0,0.0,29.0,0.0,71.6,71.6,350.0,825.6,-50.0,0.0,0.0,0.0,0.0,400.0,0.0,0.0,0.0,0.0,0.0,0.0,57.0,729.3,4.444,33.886285,13.8105889,5.23285792037873,,0.0,0.2539729371443,-14.6664030965241,-9.11327755849025,0.0,0.0568196928518124,17.0,20.0,19.0,20.0,21.5,22.5,24.0,17.0,20.0,21.999999999999996,45.55276093861843,45.990167422254096,0.4086424558651787,-3.1799734772142507,22.84
179.0,13.4,-4.3,729.4,0.0,0.0,0.0,20.0,66.2,66.2,66.2,66.2,66.2,-4.26434443294431,68.0,64.4,1010.92472222222,3639329.0,0.0,0.0,5.06527777777778,4.05222222222222,3.79895833333333,1567.7,1532.0,1172.2,1108.8,0.0,3655.0,0.0,0.0,728.0,2358.0,3.8,24.0,3.78,149.0,0.0,1010.92472222222,0.0,57.0,70.7,71.6,55.0,71.6,72.5,72.5,62.6,12.91,84.0,13.847,733.5,35.75,14.041,-4.2,3.0,0.0,0.0,0.0,14.0,63.0,0.0,71.6,1.0,0.0,825.6,0.0,0.0,0.6,9.0,0.0,29.0,0.0,71.6,71.6,350.0,825.6,-50.0,0.0,0.0,0.0,0.0,400.0,0.0,0.0,0.0,0.0,0.0,0.0,57.0,729.3,4.444,26.9039525,13.8105889,5.23285792037873,,0.0,0.2539729371443,-14.6664030965241,-9.11327755849025,0.0,0.0568196928518124,17.0,20.0,19.0,20.0,21.5,22.5,24.0,17.0,20.0,21.999999999999996,43.990594925634305,45.990167422254096,0.4086424558651787,-3.1799734772142507,22.84
180.0,13.4,-19.4,731.1,0.0,0.0,0.0,20.0,66.2,66.2,66.2,66.2,66.2,-19.2839756695712,68.0,64.4,1010.925,3639330.0,0.0,0.0,5.07708333333333,4.06166666666667,3.8078125,1567.7,1532.0,1172.2,1108.8,0.0,3633.0,0.0,0.0,730.0,2367.0,3.8,24.0,3.8,149.0,0.0,1010.925,0.0,57.0,70.7,71.6,55.0,71.6,72.5,72.5,62.6,12.88,84.0,13.849,735.9,35.78,14.049,-4.2,3.0,0.0,0.0,0.0,14.0,63.0,0.0,71.6,1.0,0.0,825.6,0.0,0.0,0.6,9.0,0.0,29.0,0.0,71.6,71.6,350.0,825.6,-50.0,0.0,0.0,0.0,0.0,400.0,0.0,0.0,0.0,0.0,0.0,0.0,57.0,730.7,4.444,26.9039525,13.8105889,5.48736947903501,,0.0,0.269341511234115,-3.17273646404867,-1.97144642940238,0.0,0.0568196928518124,17.0,20.0,19.0,20.0,21.5,22.5,24.0,17.0,20.0,21.999999999999996,43.990594925634305,44.99038117394412,0.433370491575691,-14.380295055608649,22.9
181.0,13.4,-19.4,731.1,0.0,0.0,0.0,20.0,66.2,66.2,66.2,66.2,66.2,-19.2839756695712,68.0,64.4,1010.925,3639330.0,0.0,0.0,5.07708333333333,4.06166666666667,3.8078125,1567.7,1532.0,1172.2,1108.8,0.0,3633.0,0.0,0.0,730.0,2367.0,3.8,24.0,3.8,149.0,0.0,1010.925,0.0,57.0,70.7,71.6,55.0,71.6,72.5,72.5,62.6,12.88,84.0,13.849,735.9,35.78,14.049,2.8,3.0,0.0,0.0,0.0,14.0,63.0,0.0,71.6,1.0,0.0,825.6,0.0,0.0,0.6,9.0,0.0,29.0,0.0,71.6,71.6,350.0,825.6,-50.0,0.0,0.0,0.0,0.0,400.0,0.0,0.0,0.0,0.0,0.0,0.0,57.0,730.7,4.444,19.238035,13.7812909,5.48736947903501,,0.0,0.269341511234115,-3.17273646404867,-1.97144642940238,0.0,0.0568196928518124,17.0,20.0,19.0,20.0,21.5,22.5,24.0,17.0,20.0,21.999999999999996,45.55276093861843,44.99038117394412,0.433370491575691,-14.380295055608649,22.9
182.0,13.3,-26.4,732.2,0.0,0.0,0.0,20.0,66.2,66.2,66.2,66.2,66.2,-26.2815946322139,68.0,64.4,1010.92555555556,3639332.0,0.0,0.0,5.08472222222222,4.06777777777778,3.81354166666667,1567.7,1532.0,1172.2,1108.8,0.0,3416.0,0.0,0.0,731.0,2367.0,3.8,24.0,3.8,149.0,0.0,1010.92555555556,0.0,57.0,70.7,71.6,55.0,71.6,72.5,72.5,62.6,12.36,84.0,13.826,736.0,39.88,14.063,2.8,3.0,0.0,0.0,0.0,14.0,63.0,0.0,71.6,1.0,0.0,825.6,0.0,0.0,0.6,9.0,0.0,29.0,0.0,71.6,71.6,350.0,825.6,-50.0,0.0,0.0,0.0,0.0,400.0,0.0,0.0,0.0,0.0,0.0,0.0,57.0,732.4,4.442,19.238035,13.7812909,5.73022262392056,,0.0,0.284516041335959,-2.22451226275318,-1.38224740921921,0.0,,17.0,20.0,19.0,20.0,21.5,22.5,24.0,17.0,20.0,21.999999999999996,45.55276093861843,42.99080867732449,0.457786310509558,-19.598504572866442,27.520000000000003
183.0,13.3,-26.4,732.2,0.0,0.0,0.0,20.0,66.2,66.2,66.2,66.2,66.2,-26.2815946322139,68.0,64.4,1010.92555555556,3639332.0,0.0,0.0,5.08472222222222,4.06777777777778,3.81354166666667,1567.7,1532.0,1172.2,1108.8,0.0,3416.0,0.0,0.0,731.0,2367.0,3.8,24.0,3.8,149.0,0.0,1010.92555555556,0.0,57.0,70.7,71.6,55.0,71.6,72.5,72.5,62.6,12.36,84.0,13.826,736.0,39.88,14.063,-16.2,3.0,0.0,0.0,0.0,14.0,63.0,0.0,71.6,1.0,0.0,825.6,0.0,0.0,0.6,9.0,0.0,29.0,0.0,71.6,71.6,350.0,825.6,-50.0,0.0,0.0,0.0,0.0,400.0,0.0,0.0,0.0,0.0,0.0,0.0,57.0,732.4,4.442,20.0681025,13.7812909,5.73022262392056,,0.0,0.284516041335959,-2.22451226275318,-1.38224740921921,0.0,,17.0,20.0,19.0,20.0,21.5,22.5,24.0,17.0,20.0,21.999999999999996,39.99144993239488,42.99080867732449,0.457786310509558,-19.598504572866442,27.520000000000003
184.0,13.3,-23.5,732.3,0.0,0.0,0.0,20.0,66.2,66.2,66.2,66.2,66.2,-23.3977963932638,68.0,64.4,1010.92638888889,3639335.0,0.0,0.0,5.08541666666667,4.06833333333333,3.8140625,1567.7,1532.0,1172.2,1108.8,0.0,3236.0,0.0,0.0,731.0,2367.0,3.8,24.0,3.8,149.0,0.0,1010.92638888889,0.0,57.0,70.7,71.6,55.0,71.6,72.5,72.5,62.6,12.37,84.0,13.827,735.0,38.58,14.045,-16.2,3.0,0.0,0.0,0.0,14.0,63.0,0.0,71.6,1.0,0.0,825.6,0.0,0.0,0.6,9.0,0.0,29.0,0.0,71.6,71.6,350.0,825.6,-50.0,0.0,0.0,0.0,0.0,400.0,0.0,0.0,0.0,0.0,0.0,0.0,57.0,732.2,4.444,20.0681025,13.7812909,5.94317127779645,,0.0,0.298412086349745,-2.32435840444417,-1.44428890612788,0.0,-0.0141379422511042,17.0,20.0,19.0,20.0,21.5,22.5,24.0,17.0,20.0,21.999999999999996,39.99144993239488,39.99144993239488,0.48014504693673965,-17.44802117320194,26.21
185.0,13.3,-23.5,732.3,0.0,0.0,0.0,20.0,66.2,66.2,66.2,66.2,66.2,-23.3977963932638,68.0,64.4,1010.92638888889,3639335.0,0.0,0.0,5.08541666666667,4.06833333333333,3.8140625,1567.7,1532.0,1172.2,1108.8,0.0,3236.0,0.0,0.0,731.0,2367.0,3.8,24.0,3.8,149.0,0.0,1010.92638888889,0.0,57.0,70.7,71.6,55.0,71.6,72.5,72.5,62.6,12.37,84.0,13.827,735.0,38.58,14.045,0.1,3.0,0.0,0.0,0.0,14.0,63.0,0.0,71.6,1.0,0.0,825.6,0.0,0.0,0.6,9.0,0.0,29.0,0.0,71.6,71.6,350.0,825.6,-50.0,0.0,0.0,0.0,0.0,400.0,0.0,0.0,0.0,0.0,0.0,0.0,57.0,732.2,4.444,24.0719575,13.8105889,5.94317127779645,,0.0,0.298412086349745,-2.32435840444417,-1.44428890612788,0.0,-0.0141379422511042,17.0,20.0,19.0,20.0,21.5,22.5,24.0,17.0,20.0,21.999999999999996,40.27263981473195,39.99144993239488,0.48014504693673965,-17.44802117320194,26.21
186.0,13.4,-12.7,731.3,0.0,0.0,0.0,20.0,66.2,66.2,66.2,66.2,66.2,-12.6274993669262,68.0,64.4,1010.92694444444,3639337.0,0.0,0.0,5.07847222222222,4.06277777777778,3.80885416666667,1567.7,1532.0,1172.2,1108.8,0.0,3093.0,0.0,0.0,730.0,2367.0,3.8,24.0,3.8,64.0,0.0,1010.92694444444,0.0,57.0,70.7,71.6,55.0,71.6,72.5,72.5,61.7,12.9,84.0,13.847,734.9,36.23,14.055,0.1,3.0,0.0,0.0,0.0,14.0,63.0,0.0,71.6,1.0,0.0,825.6,0.0,0.0,0.6,9.0,0.0,29.0,0.0,71.6,71.6,350.0,825.6,-50.0,0.0,0.0,0.0,0.0,400.0,0.0,0.0,0.0,0.0,0.0,0.0,57.0,731.3,4.444,24.0719575,13.8105889,6.13971921043121,,0.0,0.311748808814164,-4.09151645597152,-2.54234967176348,0.0,-0.0280820735597334,17.0,20.0,19.0,20.0,21.5,22.5,24.0,16.5,20.0,21.999999999999996,40.27263981473195,37.99187743577509,0.5016038333819899,-9.416479766537062,23.33
187.0,13.4,-12.7,731.3,0.0,0.0,0.0,20.0,66.2,66.2,66.2,66.2,66.2,-12.6274993669262,68.0,64.4,1010.92694444444,3639337.0,0.0,0.0,5.07847222222222,4.06277777777778,3.80885416666667,1567.7,1532.0,1172.2,1108.8,0.0,3093.0,0.0,0.0,730.0,2367.0,3.8,24.0,3.8,64.0,0.0,1010.92694444444,0.0,57.0,70.7,71.6,55.0,71.6,72.5,72.5,61.7,12.9,84.0,13.847,734.9,36.23,14.055,-4.5,3.0,0.0,0.0,0.0,14.0,63.0,0.0,71.6,1.0,0.0,825.6,0.0,0.0,0.6,9.0,0.0,29.0,0.0,71.6,71.6,350.0,825.6,-50.0,0.0,0.0,0.0,0.0,400.0,0.0,0.0,0.0,0.0,0.0,0.0,57.0,731.3,4.444,25.0485075,13.8105889,6.13971921043121,,0.0,0.311748808814164,-4.09151645597152,-2.54234967176348,0.0,-0.0280820735597334,17.0,20.0,19.0,20.0,21.5,22.5,24.0,16.5,20.0,21.999999999999996,35.9923049391553,37.99187743577509,0.5016038333819899,-9.416479766537062,23.33
188.0,13.4,-10.7,731.3,0.0,0.0,0.0,20.0,66.2,66.2,66.2,66.2,66.2,-10.6389167894575,68.0,64.4,1010.9275,3639339.0,0.0,0.0,5.07847222222222,4.06277777777778,3.80885416666667,1567.7,1532.0,1172.2,1108.8,0.0,2892.0,0.0,0.0,730.0,2368.0,3.8,24.0,3.8,64.0,0.0,1010.9275,0.0,57.0,70.7,71.6,55.0,71.6,72.5,72.5,61.7,12.9,84.0,13.847,734.9,36.23,14.055,-4.5,3.0,0.0,0.0,0.0,14.0,63.0,0.0,71.6,1.0,0.0,825.6,0.0,0.0,0.6,9.0,0.0,29.0,0.0,71.6,71.6,350.0,825.6,-50.0,0.0,0.0,0.0,0.0,400.0,0.0,0.0,0.0,0.0,0.0,0.0,57.0,731.3,4.444,25.0485075,13.8105889,6.31885859015284,,0.0,0.324425687716375,-4.6006918929419,-2.8587365222092,0.0,-0.031352269911232,17.0,20.0,19.0,20.0,21.5,22.5,24.0,16.5,20.0,21.999999999999996,35.9923049391553,35.9923049391553,0.5220009315356473,-9.416479766537062,23.33
189.0,13.4,-10.7,731.3,0.0,0.0,0.0,20.0,66.2,66.2,66.2,66.2,66.2,-10.6389167894575,68.0,64.4,1010.9275,3639339.0,0.0,0.0,5.07847222222222,4.06277777777778,3.80885416666667,1567.7,1532.0,1172.2,1108.8,0.0,2892.0,0.0,0.0,730.0,2368.0,3.8,24.0,3.8,64.0,0.0,1010.9275,0.0,57.0,70.7,71.6,55.0,71.6,72.5,72.5,61.7,12.85,84.0,13.849,736.0,35.02,14.048,-8.6,3.0,0.0,0.0,0.0,14.0,63.0,0.0,71.6,1.0,0.0,825.6,0.0,0.0,0.6,9.0,0.0,29.0,0.0,71.6,71.6,350.0,825.6,-50.0,0.0,0.0,0.0,0.0,400.0,0.0,0.0,0.0,0.0,0.0,0.0,57.0,731.3,4.444,12.9392875,13.7812909,6.31885859015284,,0.0,0.324425687716375,-4.6006918929419,-2.8587365222092,0.0,-0.031352269911232,17.0,20.0,19.0,20.0,21.5,22.5,24.0,16.5,20.0,21.999999999999996,31.993159945915874,35.9923049391553,0.5220009315356473,-9.416479766537062,22.17
190.0,13.4,-35.7,734.0,0.0,0.0,0.0,20.0,66.2,66.2,66.2,66.2,66.2,-35.6272529355081,68.0,64.4,1010.92805555556,3639341.0,0.0,0.0,5.09722222222222,4.07777777777778,3.82291666666667,1567.8,1532.0,1172.2,1108.8,0.0,2228.0,0.0,0.0,732.0,2368.0,3.82,24.0,3.8,149.0,0.0,1010.92805555556,0.0,57.0,70.7,71.6,55.0,71.6,72.5,72.5,61.7,12.85,84.0,13.849,736.0,35.02,14.048,-8.6,3.0,0.0,0.0,0.0,14.0,63.0,0.0,71.6,1.0,0.0,825.6,0.0,0.0,0.6,9.0,0.0,29.0,0.0,71.6,71.6,350.0,825.6,-50.0,0.0,0.0,0.0,0.0,400.0,0.0,0.0,0.0,0.0,0.0,0.0,57.0,733.6,4.444,12.9392875,13.7812909,6.42477130717383,,0.0,0.333453803865288,-0.992222502079851,-0.616538288339859,0.0,-0.0594619849473045,16.0,20.0,19.0,20.0,21.5,22.5,24.0,16.5,20.0,21.999999999999996,31.993159945915874,25.994442456056657,0.5365271704192484,-7.962860744206861,22.17
191.0,13.4,-35.7,734.0,0.0,0.0,0.0,20.0,66.2,66.2,66.2,66.2,66.2,-35.6272529355081,68.0,64.4,1010.92805555556,3639341.0,0.0,0.0,5.09722222222222,4.07777777777778,3.82291666666667,1567.8,1532.0,1172.2,1108.8,0.0,2228.0,0.0,0.0,732.0,2368.0,3.82,24.0,3.8,149.0,0.0,1010.92805555556,0.0,57.0,70.7,71.6,55.0,71.6,72.5,72.5,61.7,12.3,84.0,13.826,736.7,39.83,14.05,-2.8,3.0,0.0,0.0,0.0,14.0,63.0,0.0,71.6,1.0,0.0,825.6,0.0,0.0,0.6,9.0,0.0,29.0,0.0,71.6,71.6,350.0,825.6,-50.0,0.0,0.0,0.0,0.0,400.0,0.0,0.0,0.0,0.0,0.0,0.0,57.0,733.6,4.444,0.0,13.7803143,6.42477130717383,,0.0,0.333453803865288,-0.992222502079851,-0.616538288339859,0.0,-0.0594619849473045,16.0,20.0,19.0,20.0,21.5,22.5,24.0,16.5,20.0,21.999999999999996,19.99572496619744,25.994442456056657,0.5365271704192484,-7.962860744206861,27.529999999999998
192.0,13.3,-18.5,732.5,0.0,0.0,0.0,20.0,66.2,66.2,66.2,66.2,66.2,-18.4245724414895,68.0,64.4,1010.92861111111,3639343.0,0.0,0.0,5.08680555555556,4.06944444444444,3.81510416666667,1567.8,1532.0,1172.2,1108.8,0.0,1246.0,0.0,0.0,731.0,2368.0,3.82,24.0,3.8,64.0,0.0,1010.92861111111,0.0,57.0,70.7,71.6,55.0,71.6,72.5,72.5,61.7,12.3,84.0,13.826,736.7,39.83,14.05,-2.8,3.0,0.0,0.0,0.0,14.0,63.0,0.0,71.6,1.0,0.0,825.6,0.0,0.0,0.6,9.0,0.0,29.0,0.0,71.6,71.6,350.0,825.6,-50.0,0.0,0.0,0.0,0.0,400.0,0.0,0.0,0.0,0.0,0.0,0.0,57.0,733.0,4.444,0.0,13.7803143,6.44234686831796,,0.0,0.337959241329248,-0.959321095839867,-0.596094308643114,0.0,-0.0944961843848026,16.0,20.0,19.0,20.0,21.5,22.5,24.0,16.5,20.0,21.999999999999996,19.99572496619744,12.997221228028314,0.54377641929876,-13.739427622288963,27.529999999999998
193.0,13.3,-18.5,732.5,0.0,0.0,0.0,20.0,66.2,66.2,66.2,66.2,66.2,-18.4245724414895,68.0,64.4,1010.92861111111,3639343.0,0.0,0.0,5.08680555555556,4.06944444444444,3.81510416666667,1567.8,1532.0,1172.2,1108.8,0.0,1246.0,0.0,0.0,731.0,2368.0,3.82,24.0,3.8,64.0,0.0,1010.92861111111,0.0,57.0,70.7,71.6,55.0,71.6,72.5,72.5,61.7,12.54,84.0,13.833,735.9,40.8,14.05,2.3,3.0,0.0,0.0,0.0,14.0,63.0,0.0,71.6,1.0,0.0,825.6,0.0,0.0,0.6,9.0,0.0,29.0,0.0,71.6,71.6,350.0,825.6,-50.0,0.0,0.0,0.0,0.0,400.0,0.0,0.0,0.0,0.0,0.0,0.0,57.0,733.0,4.444,0.0,13.7803143,6.44234686831796,,0.0,0.337959241329248,-0.959321095839867,-0.596094308643114,0.0,-0.0944961843848026,16.0,20.0,19.0,20.0,21.5,22.5,24.0,16.5,20.0,21.999999999999996,7.99828998647896,12.997221228028314,0.54377641929876,-13.739427622288963,28.259999999999998
194.0,13.3,-1.4,730.9,0.0,0.0,0.0,20.0,66.2,66.2,66.2,66.2,66.2,-1.39124641612239,68.0,64.4,1010.92916666667,3639345.0,0.0,0.0,5.07569444444444,4.06055555555556,3.80677083333333,1567.8,1532.0,1172.2,1108.8,0.0,298.0,0.0,0.0,729.0,2368.0,3.8,24.0,3.8,149.0,0.0,1010.92916666667,0.0,57.0,70.7,71.6,55.0,71.6,72.5,72.5,61.7,12.54,84.0,13.833,735.9,40.8,14.05,2.3,3.0,0.0,0.0,0.0,14.0,63.0,0.0,71.6,1.0,0.0,825.6,0.0,0.0,0.6,9.0,0.0,29.0,0.0,71.6,71.6,350.0,825.6,-50.0,0.0,0.0,0.0,0.0,400.0,0.0,0.0,0.0,0.0,0.0,0.0,57.0,731.4,4.444,0.0,13.7803143,6.3883644666952,,0.0,0.338643177661899,-1.9545374587104,-1.21449289525634,0.0,-0.126813753314016,16.0,20.0,19.0,20.0,21.5,22.5,24.0,16.5,20.0,21.999999999999996,7.99828998647896,1.999572496619744,0.5448768728579955,-13.709416585844371,28.259999999999998
195.0,13.3,-1.4,730.9,0.0,0.0,0.0,20.0,66.2,66.2,66.2,66.2,66.2,-1.39124641612239,68.0,64.4,1010.92916666667,3639345.0,0.0,0.0,5.07569444444444,4.06055555555556,3.80677083333333,1567.8,1532.0,1172.2,1108.8,0.0,298.0,0.0,0.0,729.0,2368.0,3.8,24.0,3.8,149.0,0.0,1010.92916666667,0.0,57.0,70.7,71.6,55.0,71.6,72.5,72.5,61.7,12.4,84.0,13.833,734.1,41.94,14.043,-0.4,3.0,0.0,0.0,0.0,14.0,63.0,0.0,71.6,1.0,0.0,825.6,0.0,0.0,0.6,9.0,0.0,29.0,0.0,71.6,71.6,350.0,825.6,-50.0,0.0,0.0,0.0,0.0,400.0,0.0,0.0,0.0,0.0,0.0,0.0,57.0,731.4,4.444,0.0,13.7915452,6.3883644666952,,0.0,0.338643177661899,-1.9545374587104,-1.21449289525634,0.0,-0.126813753314016,16.0,20.0,19.0,20.0,21.5,22.5,24.0,16.5,20.0,23.000000000000004,1.4684360522051216,1.999572496619744,0.5448768728579955,-13.709416585844371,29.54
196.0,13.4,1.1,730.5,0.0,0.0,0.0,20.0,66.2,66.2,66.2,66.2,66.2,1.09252395058455,68.0,64.4,1010.92972222222,3639347.0,0.0,0.0,5.07291666666667,4.05833333333333,3.8046875,1567.8,1532.0,1172.2,1108.8,0.0,24.0,0.0,0.0,729.0,2368.0,3.8,23.0,3.78,149.0,0.0,1010.92972222222,0.0,57.0,70.7,71.6,55.0,71.6,72.5,72.5,61.7,12.4,84.0,13.833,734.1,41.94,14.043,-0.4,3.0,0.0,0.0,0.0,14.0,63.0,0.0,71.6,1.0,0.0,825.6,0.0,0.0,0.6,9.0,0.0,29.0,0.0,71.6,71.6,350.0,825.6,-50.0,0.0,0.0,0.0,0.0,400.0,0.0,0.0,0.0,0.0,0.0,0.0,57.0,730.5,4.442,0.0,13.7915452,6.32277542519851,0.0,0.0,0.338643177661899,0.0,0.0,0.0,-0.127775663557395,16.0,20.0,19.0,20.0,21.5,22.5,24.0,16.5,20.0,23.000000000000004,1.4684360522051216,0.0,0.5448768728579955,0.8147083896976511,29.54
197.0,13.4,1.1,730.5,0.0,0.0,0.0,20.0,66.2,66.2,66.2,66.2,66.2,1.09252395058455,68.0,64.4,1010.92972222222,3639347.0,0.0,0.0,5.07291666666667,4.05833333333333,3.8046875,1567.8,1532.0,1172.2,1108.8,0.0,24.0,0.0,0.0,729.0,2368.0,3.8,23.0,3.78,149.0,0.0,1010.92972222222,0.0,57.0,70.7,71.6,55.0,71.6,72.5,72.5,61.7,12.22,84.0,13.819,734.1,38.58,14.06,7.6,3.0,0.0,0.0,0.0,14.0,63.0,0.0,71.6,1.0,0.0,825.6,0.0,0.0,0.6,9.0,0.0,29.0,0.0,71.6,71.6,350.0,825.6,-50.0,0.0,0.0,0.0,0.0,400.0,0.0,0.0,0.0,0.0,0.0,0.0,57.0,730.5,4.442,0.0,13.7988697,6.32277542519851,0.0,0.0,0.338643177661899,0.0,0.0,0.0,-0.127775663557395,16.0,20.0,19.0,20.0,21.5,22.5,24.0,16.5,20.0,21.999999999999996,0.21870324181778447,0.0,0.5448768728579955,0.8147083896976511,26.36
198.0,13.4,0.9,730.4,0.0,0.0,0.0,20.0,66.2,66.2,66.2,66.2,66.2,0.893760866350895,68.0,64.4,1010.93027777778,3639349.0,0.0,0.0,5.07222222222222,4.05777777777778,3.80416666666667,1567.8,1532.0,1172.2,1108.8,0.0,0.0,0.0,0.0,729.0,2375.0,3.8,24.0,3.78,64.0,0.0,1010.93027777778,0.0,57.0,70.7,71.6,55.0,71.6,72.5,72.5,60.8,12.72,84.0,13.849,733.9,38.93,14.065,7.6,3.0,0.0,0.0,0.0,14.0,63.0,0.0,71.6,1.0,0.0,825.6,0.0,0.0,0.6,9.0,0.0,29.0,0.0,71.6,71.6,350.0,825.6,-50.0,0.0,0.0,0.0,0.0,400.0,0.0,0.0,0.0,0.0,0.0,0.0,57.0,730.5,4.444,0.0,13.7988697,6.25850744439255,0.0,0.0,0.338643177661899,0.0,0.0,0.0,-0.0926522352696734,16.0,20.0,19.0,20.0,21.5,22.5,24.0,16.0,20.0,23.000000000000004,0.21870324181778447,0.0,0.5448768728579955,0.8145968621973527,26.21
199.0,13.4,0.9,730.4,0.0,0.0,0.0,20.0,66.2,66.2,66.2,66.2,66.2,0.893760866350895,68.0,64.4,1010.93027777778,3639349.0,0.0,0.0,5.07222222222222,4.05777777777778,3.80416666666667,1567.8,1532.0,1172.2,1108.8,0.0,0.0,0.0,0.0,729.0,2375.0,3.8,24.0,3.78,64.0,0.0,1010.93027777778,0.0,57.0,70.7,71.6,55.0,71.6,72.5,72.5,60.8,12.72,84.0,13.849,733.9,38.93,14.065,-87.4,3.0,0.0,0.0,0.0,14.0,63.0,0.0,71.6,1.0,0.0,825.6,0.0,0.0,0.6,9.0,0.0,29.0,0.0,71.6,71.6,350.0,825.6,-50.0,0.0,0.0,0.0,0.0,400.0,0.0,0.0,0.0,0.0,0.0,0.0,57.0,730.5,4.444,49.99936,13.8105889,6.25850744439255,0.0,0.0,0.338643177661899,0.0,0.0,0.0,-0.0926522352696734,16.0,20.0,19.0,20.0,21.5,22.5,24.0,16.0,20.0,23.000000000000004,0.10935162090889206,0.0,0.5448768728579955,0.8145968621973527,26.21
200.0,13.4,13.6,729.2,0.0,0.0,0.0,20.0,66.2,66.2,66.2,66.2,66.2,13.4835307333969,68.0,64.4,1010.93083333333,3639351.0,0.0,0.0,5.06388888888889,4.05111111111111,3.79791666666667,1567.8,1532.0,1172.2,1108.8,0.0,512.0,0.0,0.0,727.0,2375.0,3.8,24.0,3.78,149.0,0.0,1010.93083333333,0.0,57.0,70.7,71.6,55.0,71.6,72.5,72.5,60.8,12.71,84.0,13.836,731.6,37.57,14.071,-87.4,3.0,0.0,0.0,0.0,14.0,63.0,0.0,71.6,1.0,0.0,825.6,0.0,0.0,0.6,9.0,0.0,29.0,0.0,71.6,71.6,350.0,825.6,-50.0,0.0,0.0,0.0,0.0,400.0,0.0,0.0,0.0,0.0,0.0,0.0,57.0,729.7,4.443,49.99936,13.8105889,6.24555244422044,0.0,0.0,0.341377081800618,0.806685812009938,0.501251169694427,0.0,-0.0926522352696734,16.0,20.0,19.0,20.0,21.5,22.5,24.0,16.0,20.0,23.000000000000004,0.10935162090889206,7.99828998647896,0.5492757246171943,0.6653933445221522,24.86
201.0,13.4,13.6,729.2,0.0,0.0,0.0,20.0,66.2,66.2,66.2,66.2,66.2,13.4835307333969,68.0,64.4,1010.93083333333,3639351.0,0.0,0.0,5.06388888888889,4.05111111111111,3.79791666666667,1567.8,1532.0,1172.2,1108.8,0.0,512.0,0.0,0.0,727.0,2375.0,3.8,24.0,3.78,149.0,0.0,1010.93083333333,0.0,57.0,70.7,71.6,55.0,71.6,72.5,72.5,60.8,12.71,84.0,13.836,731.6,37.57,14.071,-23.8,3.0,0.0,0.0,0.0,14.0,63.0,0.0,71.6,1.0,0.0,825.6,0.0,0.0,0.6,9.0,0.0,29.0,0.0,71.6,71.6,350.0,825.6,-50.0,0.0,0.0,0.0,0.0,400.0,0.0,0.0,0.0,0.0,0.0,0.0,57.0,729.7,4.443,68.4073275,13.8003346,6.24555244422044,0.0,0.0,0.341377081800618,0.806685812009938,0.501251169694427,0.0,-0.0926522352696734,16.0,20.0,19.0,20.0,21.5,22.5,24.0,16.0,20.0,23.000000000000004,7.99828998647896,7.99828998647896,0.5492757246171943,0.6653933445221522,24.86
202.0,13.4,25.4,727.7,0.0,0.0,0.0,20.0,66.2,66.2,66.2,66.2,66.2,25.1306749331661,68.0,64.4,1010.93138888889,3639353.0,0.0,0.0,5.05347222222222,4.04277777777778,3.79010416666667,1567.8,1532.0,1172.2,1108.8,0.0,1318.0,0.0,0.0,726.0,2375.0,3.78,24.0,3.78,149.0,0.0,1010.93138888889,0.0,57.0,70.7,71.6,55.0,71.6,72.5,72.5,60.8,12.71,84.0,13.836,731.6,37.57,14.071,-23.8,3.0,0.0,0.0,0.0,14.0,63.0,0.0,71.6,1.0,0.0,825.6,0.0,0.0,0.6,9.0,0.0,29.0,0.0,71.6,71.6,350.0,825.6,-50.0,0.0,0.0,0.0,0.0,400.0,0.0,0.0,0.0,0.0,0.0,0.0,57.0,727.7,4.442,68.4073275,13.8003346,6.29049191208973,0.0,0.0,0.347449719954908,0.919735246094101,0.571496809600738,0.0,-0.0926522352696734,16.0,20.0,19.0,20.0,21.5,22.5,24.0,16.0,20.0,23.000000000000004,7.99828998647896,16.99636622126783,0.5590465994074469,10.03414947979411,24.86
203.0,13.4,25.4,727.7,0.0,0.0,0.0,20.0,66.2,66.2,66.2,66.2,66.2,25.1306749331661,68.0,64.4,1010.93138888889,3639353.0,0.0,0.0,5.05347222222222,4.04277777777778,3.79010416666667,1567.8,1532.0,1172.2,1108.8,0.0,1318.0,0.0,0.0,726.0,2375.0,3.78,24.0,3.78,149.0,0.0,1010.93138888889,0.0,57.0,70.7,71.6,55.0,71.6,72.5,72.5,60.8,12.35,84.0,13.834,730.4,35.87,14.054,-24.7,3.0,0.0,0.0,0.0,14.0,63.0,0.0,71.6,1.0,0.0,825.6,0.0,0.0,0.6,9.0,0.0,29.0,0.0,71.6,71.6,350.0,825.6,-50.0,0.0,0.0,0.0,0.0,400.0,0.0,0.0,0.0,0.0,0.0,0.0,57.0,727.7,4.442,60.1066525,13.8105889,6.29049191208973,,0.0,0.347449719954908,0.919735246094101,0.571496809600738,0.0,,16.0,20.0,19.0,20.0,21.5,22.5,24.0,16.0,20.0,23.000000000000004,15.99657997295792,16.99636622126783,0.5590465994074469,10.03414947979411,23.519999999999996
204.0,13.4,36.6,726.4,0.0,0.0,0.0,20.0,66.2,66.2,66.2,66.2,66.2,36.1472266268298,68.0,64.4,1010.93194444444,3639355.0,0.0,0.0,5.04444444444444,4.03555555555556,3.78333333333333,1567.8,1532.0,1172.2,1108.8,0.0,1909.0,0.0,0.0,724.0,2375.0,3.78,24.0,3.76,64.0,0.0,1010.93194444444,0.0,57.0,70.7,71.6,55.0,71.6,72.5,72.5,60.8,12.35,84.0,13.834,730.4,35.87,14.054,-24.7,3.0,0.0,0.0,0.0,14.0,63.0,0.0,71.6,1.0,0.0,825.6,0.0,0.0,0.6,9.0,0.0,29.0,0.0,71.6,71.6,350.0,825.6,-50.0,0.0,0.0,0.0,0.0,400.0,0.0,0.0,0.0,0.0,0.0,0.0,57.0,727.0,4.444,60.1066525,13.8105889,6.39101175262377,,0.0,0.356635741885445,0.977949495678968,0.607669456079536,0.0,0.0911871781775506,16.0,20.0,19.0,20.0,21.5,22.5,24.0,16.0,20.0,23.000000000000004,15.99657997295792,25.994442456056657,0.573826908693681,26.95542626907517,23.519999999999996
205.0,13.4,36.6,726.4,0.0,0.0,0.0,20.0,66.2,66.2,66.2,66.2,66.2,36.1472266268298,68.0,64.4,1010.93194444444,3639355.0,0.0,0.0,5.04444444444444,4.03555555555556,3.78333333333333,1567.8,1532.0,1172.2,1108.8,0.0,1909.0,0.0,0.0,724.0,2375.0,3.78,24.0,3.76,64.0,0.0,1010.93194444444,0.0,57.0,70.7,71.6,55.0,71.6,72.5,72.5,60.8,12.76,84.0,13.849,728.2,37.93,14.053,14.7,3.0,0.0,0.0,0.0,14.0,63.0,0.0,71.6,1.0,0.0,825.6,0.0,0.0,0.6,9.0,0.0,29.0,0.0,71.6,71.6,350.0,825.6,-50.0,0.0,0.0,0.0,0.0,400.0,0.0,0.0,0.0,0.0,0.0,0.0,57.0,727.0,4.444,67.9190525,13.7915452,6.39101175262377,,0.0,0.356635741885445,0.977949495678968,0.607669456079536,0.0,0.0911871781775506,16.0,20.0,19.0,20.0,21.5,22.5,24.0,16.0,20.0,21.999999999999996,28.337691475532836,25.994442456056657,0.573826908693681,26.95542626907517,25.17
206.0,13.4,61.9,723.4,0.0,0.0,0.0,20.0,66.2,66.2,66.2,66.2,66.2,60.8817622055782,68.0,64.4,1010.9325,3639357.0,0.0,0.0,5.02361111111111,4.01888888888889,3.76770833333333,1567.8,1532.0,1172.2,1108.9,0.0,2773.0,0.0,0.0,721.0,2362.0,3.76,24.0,3.76,149.0,0.0,1010.9325,0.0,57.0,70.7,71.6,55.0,71.6,72.5,72.5,60.8,12.76,84.0,13.849,728.2,37.93,14.053,14.7,3.0,0.0,0.0,0.0,14.0,63.0,0.0,71.6,1.0,0.0,825.6,0.0,0.0,0.6,9.0,0.0,29.0,0.0,71.6,71.6,350.0,825.6,-50.0,0.0,0.0,0.0,0.0,400.0,0.0,0.0,0.0,0.0,0.0,0.0,57.0,724.0,4.443,67.9190525,13.7915452,6.54642551636509,,0.0,0.368896328807818,0.803957974436816,0.499556170533779,0.0,0.126374635433554,16.0,20.0,19.0,20.0,21.5,22.5,24.0,16.0,20.0,21.999999999999996,28.337691475532836,35.9923049391553,0.5935541930517791,45.400270101102315,25.17
207.0,13.4,61.9,723.4,0.0,0.0,0.0,20.0,66.2,66.2,66.2,66.2,66.2,60.8817622055782,68.0,64.4,1010.9325,3639357.0,0.0,0.0,5.02361111111111,4.01888888888889,3.76770833333333,1567.8,1532.0,1172.2,1108.9,0.0,2773.0,0.0,0.0,721.0,2362.0,3.76,24.0,3.76,149.0,0.0,1010.9325,0.0,57.0,70.7,71.6,55.0,71.6,72.5,72.5,60.8,12.74,84.0,13.849,726.3,38.39,14.043,6.3,3.0,0.0,0.0,0.0,14.0,63.0,0.0,71.6,1.0,0.0,825.6,0.0,0.0,0.6,9.0,0.0,29.0,0.0,71.6,71.6,350.0,825.6,-50.0,0.0,0.0,0.0,0.0,400.0,0.0,0.0,0.0,0.0,0.0,0.0,57.0,724.0,4.443,67.9190525,13.8105889,6.54642551636509,,0.0,0.368896328807818,0.803957974436816,0.499556170533779,0.0,0.126374635433554,16.0,20.0,19.0,20.0,21.5,22.5,24.0,16.0,20.0,21.999999999999996,35.9923049391553,35.9923049391553,0.5935541930517791,45.400270101102315,25.65
208.0,13.4,73.8,721.4,0.0,0.0,0.0,20.0,66.2,66.2,66.2,66.2,66.2,72.3853303625601,68.0,64.4,1010.93305555556,3639359.0,0.0,0.0,5.00972222222222,4.00777777777778,3.75729166666667,1567.8,1532.1,1172.2,1108.9,0.0,3576.0,0.0,0.0,719.0,2362.0,3.76,24.0,3.74,64.0,0.0,1010.93305555556,0.0,57.0,70.7,71.6,55.0,71.6,72.5,72.5,60.8,12.74,84.0,13.849,726.3,38.39,14.043,6.3,3.0,0.0,0.0,0.0,14.0,63.0,0.0,71.6,1.0,0.0,825.6,0.0,0.0,0.6,9.0,0.0,29.0,0.0,71.6,71.6,350.0,825.6,-50.0,0.0,0.0,0.0,0.0,400.0,0.0,0.0,0.0,0.0,0.0,0.0,57.0,721.7,4.444,67.9190525,13.8105889,6.75947753093252,,0.0,0.384620521398091,0.864023056643098,0.536878870729378,0.0,0.133379508749763,16.0,20.0,19.0,20.0,21.5,22.5,24.0,16.0,20.0,21.999999999999996,35.9923049391553,45.990167422254096,0.6188544189295284,45.27475096894556,25.65
209.0,13.4,73.8,721.4,0.0,0.0,0.0,20.0,66.2,66.2,66.2,66.2,66.2,72.3853303625601,68.0,64.4,1010.93305555556,3639359.0,0.0,0.0,5.00972222222222,4.00777777777778,3.75729166666667,1567.8,1532.1,1172.2,1108.9,0.0,3576.0,0.0,0.0,719.0,2362.0,3.76,24.0,3.74,64.0,0.0,1010.93305555556,0.0,57.0,70.7,71.6,55.0,71.6,72.5,72.5,60.8,12.28,84.0,13.833,724.5,35.47,14.053,0.0,3.0,0.0,0.0,0.0,14.0,63.0,0.0,71.6,1.0,0.0,825.6,0.0,0.0,0.6,9.0,0.0,29.0,0.0,71.6,71.6,350.0,825.6,-50.0,0.0,0.0,0.0,0.0,400.0,0.0,0.0,0.0,0.0,0.0,0.0,57.0,721.7,4.444,65.7706425,13.8105889,6.75947753093252,,0.0,0.384620521398091,0.864023056643098,0.536878870729378,0.0,0.133379508749763,16.0,20.0,19.0,20.0,21.5,22.5,24.0,16.0,20.0,21.999999999999996,48.817687905755434,45.990167422254096,0.6188544189295284,45.27475096894556,23.189999999999998
210.0,13.4,68.5,721.4,0.0,0.0,0.0,20.0,66.2,66.2,66.2,66.2,66.2,67.186925878528,68.0,64.4,1010.93361111111,3639361.0,0.0,0.0,5.00972222222222,4.00777777777778,3.75729166666667,1567.8,1532.1,1172.2,1108.9,0.0,4170.0,0.0,0.0,719.0,2362.0,3.76,24.0,3.74,149.0,0.0,1010.93361111111,0.0,57.0,70.7,71.6,55.0,71.6,72.5,72.5,60.8,12.28,84.0,13.833,724.5,35.47,14.053,0.0,3.0,0.0,0.0,0.0,14.0,63.0,0.0,71.6,1.0,0.0,825.6,0.0,0.0,0.6,9.0,0.0,29.0,0.0,71.6,71.6,350.0,825.6,-50.0,0.0,0.0,0.0,0.0,400.0,0.0,0.0,0.0,0.0,0.0,0.0,57.0,721.6,4.444,65.7706425,13.8105889,7.02754083242199,,0.0,0.403914490245025,1.09276568877628,0.679012908800609,0.0,0.12986004200662,16.0,20.0,19.0,20.0,21.5,22.5,24.0,16.0,20.0,21.999999999999996,48.817687905755434,53.98845740873295,0.6498984148042453,50.102107291967194,23.189999999999998
211.0,13.4,68.5,721.4,0.0,0.0,0.0,20.0,66.2,66.2,66.2,66.2,66.2,67.186925878528,68.0,64.4,1010.93361111111,3639361.0,0.0,0.0,5.00972222222222,4.00777777777778,3.75729166666667,1567.8,1532.1,1172.2,1108.9,0.0,4170.0,0.0,0.0,719.0,2362.0,3.76,24.0,3.74,149.0,0.0,1010.93361111111,0.0,57.0,70.7,71.6,55.0,71.6,72.5,72.5,60.8,12.66,84.0,13.85,724.5,35.27,14.044,-1.4,3.0,0.0,0.0,0.0,14.0,63.0,0.0,71.6,1.0,0.0,825.6,0.0,0.0,0.6,9.0,0.0,29.0,0.0,71.6,71.6,350.0,825.6,-50.0,0.0,0.0,0.0,0.0,400.0,0.0,0.0,0.0,0.0,0.0,0.0,57.0,721.6,4.444,63.08513,13.8105889,7.02754083242199,,0.0,0.403914490245025,1.09276568877628,0.679012908800609,0.0,0.12986004200662,16.0,20.0,19.0,20.0,21.5,22.5,24.0,16.0,20.0,21.999999999999996,51.98888491211331,53.98845740873295,0.6498984148042453,50.102107291967194,22.610000000000003
212.0,13.4,61.4,721.6,0.0,0.0,0.0,20.0,66.2,66.2,66.2,66.2,66.2,60.2397216854549,68.0,64.4,1010.93416666667,3639363.0,0.0,0.0,5.01111111111111,4.00888888888889,3.75833333333333,1567.8,1532.2,1172.2,1108.9,0.0,4561.0,0.0,0.0,720.0,2362.0,3.76,24.0,3.74,149.0,0.0,1010.93416666667,0.0,57.0,70.7,71.6,55.0,71.6,72.5,72.5,60.8,12.66,84.0,13.85,724.5,35.27,14.044,-1.4,3.0,0.0,0.0,0.0,14.0,63.0,0.0,71.6,1.0,0.0,825.6,0.0,0.0,0.6,9.0,0.0,29.0,0.0,71.6,71.6,350.0,825.6,-50.0,0.0,0.0,0.0,0.0,400.0,0.0,0.0,0.0,0.0,0.0,0.0,57.0,721.5,4.444,63.08513,13.8105889,7.30665687821422,,0.0,0.424036479598036,1.30907068620583,0.8134185613584,0.0,0.11282849858364,16.0,20.0,19.0,20.0,21.5,22.5,24.0,16.0,20.0,21.999999999999996,51.98888491211331,57.98760240197253,0.6822746956732398,44.92149268117443,22.610000000000003
213.0,13.4,61.4,721.6,0.0,0.0,0.0,20.0,66.2,66.2,66.2,66.2,66.2,60.2397216854549,68.0,64.4,1010.93416666667,3639363.0,0.0,0.0,5.01111111111111,4.00888888888889,3.75833333333333,1567.8,1532.2,1172.2,1108.9,0.0,4561.0,0.0,0.0,720.0,2362.0,3.76,24.0,3.74,149.0,0.0,1010.93416666667,0.0,57.0,70.7,71.6,55.0,71.6,72.5,72.5,60.8,12.62,84.0,13.85,726.4,34.98,14.054,7.6,3.0,0.0,0.0,0.0,14.0,63.0,0.0,71.6,1.0,0.0,825.6,0.0,0.0,0.6,9.0,0.0,29.0,0.0,71.6,71.6,350.0,825.6,-50.0,0.0,0.0,0.0,0.0,400.0,0.0,0.0,0.0,0.0,0.0,0.0,57.0,721.5,4.444,53.4661125,13.8105889,7.30665687821422,,0.0,0.424036479598036,1.30907068620583,0.8134185613584,0.0,0.11282849858364,16.0,20.0,19.0,20.0,21.5,22.5,24.0,16.0,20.0,21.999999999999996,55.98802990535273,57.98760240197253,0.6822746956732398,44.92149268117443,22.36
214.0,13.4,37.7,723.7,0.0,0.0,0.0,20.0,66.2,66.2,66.2,66.2,66.2,37.0952227994949,68.0,64.4,1010.93472222222,3639365.0,0.0,0.0,5.02569444444444,4.02055555555556,3.76927083333333,1567.8,1532.2,1172.2,1109.0,0.0,4624.0,0.0,0.0,722.0,2362.0,3.76,24.0,3.76,149.0,0.0,1010.93472222222,0.0,57.0,70.7,71.6,55.0,71.6,72.5,72.5,60.8,12.62,84.0,13.85,726.4,34.98,14.054,7.6,3.0,0.0,0.0,0.0,14.0,63.0,0.0,71.6,1.0,0.0,825.6,0.0,0.0,0.6,9.0,0.0,29.0,0.0,71.6,71.6,350.0,825.6,-50.0,0.0,0.0,0.0,0.0,400.0,0.0,0.0,0.0,0.0,0.0,0.0,57.0,723.7,4.444,53.4661125,13.8105889,7.58044393414661,,0.0,0.444157758171445,2.12582774417789,1.32092771122756,0.0,0.0772093865112615,16.0,20.0,19.0,20.0,21.5,22.5,24.0,16.0,20.0,21.999999999999996,55.98802990535273,57.98760240197253,0.714649832897855,45.05222318925436,22.36
215.0,13.4,37.7,723.7,0.0,0.0,0.0,20.0,66.2,66.2,66.2,66.2,66.2,37.0952227994949,68.0,64.4,1010.93472222222,3639365.0,0.0,0.0,5.02569444444444,4.02055555555556,3.76927083333333,1567.8,1532.2,1172.2,1109.0,0.0,4624.0,0.0,0.0,722.0,2362.0,3.76,24.0,3.76,149.0,0.0,1010.93472222222,0.0,57.0,70.7,71.6,55.0,71.6,72.5,72.5,60.8,12.59,84.0,13.85,726.9,35.19,14.05,5.8,3.0,0.0,0.0,0.0,14.0,63.0,0.0,71.6,1.0,0.0,825.6,0.0,0.0,0.6,9.0,0.0,29.0,0.0,71.6,71.6,350.0,825.6,-50.0,0.0,0.0,0.0,0.0,400.0,0.0,0.0,0.0,0.0,0.0,0.0,57.0,723.7,4.444,50.1458425,13.8105889,7.58044393414661,,0.0,0.444157758171445,2.12582774417789,1.32092771122756,0.0,0.0772093865112615,16.0,20.0,19.0,20.0,21.5,22.5,24.0,16.0,20.0,21.999999999999996,57.92511576145306,57.98760240197253,0.714649832897855,45.05222318925436,22.599999999999998
216.0,13.4,36.2,723.8,0.0,0.0,0.0,20.0,66.2,66.2,66.2,66.2,66.2,35.6242073830853,68.0,64.4,1010.93527777778,3639367.0,0.0,0.0,5.02638888888889,4.02111111111111,3.76979166666667,1567.8,1532.2,1172.2,1109.0,0.0,4536.0,0.0,0.0,722.0,2368.0,3.76,24.0,3.76,64.0,0.0,1010.93527777778,0.0,57.0,70.7,71.6,55.0,71.6,72.5,72.5,60.8,12.59,84.0,13.85,726.9,35.19,14.05,5.8,3.0,0.0,0.0,0.0,14.0,63.0,0.0,71.6,1.0,0.0,825.6,0.0,0.0,0.6,9.0,0.0,29.0,0.0,71.6,71.6,350.0,825.6,-50.0,0.0,0.0,0.0,0.0,400.0,0.0,0.0,0.0,0.0,0.0,0.0,57.0,723.8,4.444,50.1458425,13.8105889,7.8472395129733,,0.0,0.464239251624678,2.17544298889074,1.35175718545003,0.0,0.0772093865112615,16.0,20.0,19.0,20.0,21.5,22.5,24.0,16.0,20.0,21.999999999999996,57.92511576145306,56.98781615366256,0.7469609558641069,27.66618088962871,22.599999999999998
217.0,13.4,36.2,723.8,0.0,0.0,0.0,20.0,66.2,66.2,66.2,66.2,66.2,35.6242073830853,68.0,64.4,1010.93527777778,3639367.0,0.0,0.0,5.02638888888889,4.02111111111111,3.76979166666667,1567.8,1532.2,1172.2,1109.0,0.0,4536.0,0.0,0.0,722.0,2368.0,3.76,24.0,3.76,64.0,0.0,1010.93527777778,0.0,57.0,70.7,71.6,55.0,71.6,72.5,72.5,60.8,12.55,84.0,13.85,726.7,35.08,14.045,13.3,3.0,0.0,0.0,0.0,14.0,63.0,0.0,71.6,1.0,0.0,825.6,0.0,0.0,0.6,9.0,0.0,29.0,0.0,71.6,71.6,350.0,825.6,-50.0,0.0,0.0,0.0,0.0,400.0,0.0,0.0,0.0,0.0,0.0,0.0,57.0,723.8,4.444,50.292325,13.8203549,7.8472395129733,,0.0,0.464239251624678,2.17544298889074,1.35175718545003,0.0,0.0772093865112615,16.0,20.0,19.0,20.0,21.5,22.5,24.0,16.0,20.0,21.999999999999996,56.5816529902867,56.98781615366256,0.7469609558641069,27.66618088962871,22.529999999999998
218.0,13.4,37.2,723.5,0.0,0.0,0.0,20.0,66.2,66.2,66.2,66.2,66.2,36.5931281324407,68.0,64.4,1010.93583333333,3639369.0,0.0,0.0,5.02430555555556,4.01944444444444,3.76822916666667,1567.8,1532.2,1172.2,1109.0,0.0,4446.0,0.0,0.0,722.0,2368.0,3.76,24.0,3.76,78.0,0.0,1010.93583333333,0.0,57.0,70.7,71.6,55.0,71.6,72.5,72.5,60.8,12.55,84.0,13.85,726.7,35.08,14.045,13.3,3.0,0.0,0.0,0.0,14.0,63.0,0.0,71.6,1.0,0.0,825.6,0.0,0.0,0.6,9.0,0.0,29.0,0.0,71.6,71.6,350.0,825.6,-50.0,0.0,0.0,0.0,0.0,400.0,0.0,0.0,0.0,0.0,0.0,0.0,56.5,723.4,4.444,50.292325,13.8203549,8.10292581163996,,0.0,0.483957129219525,2.08068603190881,1.29287796033321,0.0,0.0069930618105357,16.0,20.0,19.0,20.0,21.5,22.5,24.0,16.0,20.0,21.999999999999996,56.5816529902867,55.98802990535273,0.7786870209142157,26.554393655720656,22.529999999999998
219.0,13.4,37.2,723.5,0.0,0.0,0.0,20.0,66.2,66.2,66.2,66.2,66.2,36.5931281324407,68.0,64.4,1010.93583333333,3639369.0,0.0,0.0,5.02430555555556,4.01944444444444,3.76822916666667,1567.8,1532.2,1172.2,1109.0,0.0,4446.0,0.0,0.0,722.0,2368.0,3.76,24.0,3.76,78.0,0.0,1010.93583333333,0.0,57.0,70.7,71.6,55.0,71.6,72.5,72.5,60.8,12.52,84.0,13.849,726.3,35.45,14.052,21.6,3.0,0.0,0.0,0.0,14.0,63.0,0.0,71.6,1.0,0.0,825.6,0.0,0.0,0.6,9.0,0.0,29.0,0.0,71.6,71.6,350.0,825.6,-50.0,0.0,0.0,0.0,0.0,400.0,0.0,0.0,0.0,0.0,0.0,0.0,56.5,723.4,4.444,51.3177025,13.8003346,8.10292581163996,,0.0,0.483957129219525,2.08068603190881,1.29287796033321,0.0,0.0069930618105357,16.0,20.0,19.0,20.0,21.5,22.5,24.0,16.0,20.0,21.999999999999996,51.98888491211331,55.98802990535273,0.7786870209142157,26.554393655720656,22.930000000000003
220.0,13.4,39.5,723.1,0.0,0.0,0.0,20.0,66.2,66.2,66.2,66.2,66.2,38.8341244631619,68.0,64.4,1010.93638888889,3639371.0,0.0,0.0,5.02152777777778,4.01722222222222,3.76614583333333,1567.8,1532.2,1172.2,1109.0,0.0,4382.0,0.0,0.0,721.0,2368.0,3.76,24.0,3.76,64.0,0.0,1010.93638888889,0.0,57.0,70.7,71.6,55.0,71.6,72.5,72.5,60.8,12.52,84.0,13.849,726.3,35.45,14.052,21.6,3.0,0.0,0.0,0.0,14.0,63.0,0.0,71.6,1.0,0.0,825.6,0.0,0.0,0.6,9.0,0.0,29.0,0.0,71.6,71.6,350.0,825.6,-50.0,0.0,0.0,0.0,0.0,400.0,0.0,0.0,0.0,0.0,0.0,0.0,56.5,723.2,4.443,51.3177025,13.8003346,8.34080096439344,,0.0,0.502751420558107,1.9256051214094,1.19651517989528,0.0,-0.0105288185669494,16.0,20.0,19.0,20.0,21.5,22.5,24.0,16.0,20.0,21.999999999999996,51.98888491211331,54.98824365704292,0.8089270356779941,27.272853812658692,22.930000000000003
221.0,13.4,39.5,723.1,0.0,0.0,0.0,20.0,66.2,66.2,66.2,66.2,66.2,38.8341244631619,68.0,64.4,1010.93638888889,3639371.0,0.0,0.0,5.02152777777778,4.01722222222222,3.76614583333333,1567.8,1532.2,1172.2,1109.0,0.0,4382.0,0.0,0.0,721.0,2368.0,3.76,24.0,3.76,64.0,0.0,1010.93638888889,0.0,57.0,70.7,71.6,55.0,71.6,72.5,72.5,60.8,12.16,84.0,13.836,726.7,34.82,14.04,-0.4,3.0,0.0,0.0,0.0,14.0,63.0,0.0,71.6,1.0,0.0,825.6,0.0,0.0,0.6,9.0,0.0,29.0,0.0,71.6,71.6,350.0,825.6,-50.0,0.0,0.0,0.0,0.0,400.0,0.0,0.0,0.0,0.0,0.0,0.0,56.5,723.2,4.443,49.4622575,13.799358,8.34080096439344,,0.0,0.502751420558107,1.9256051214094,1.19651517989528,0.0,-0.0105288185669494,16.0,20.0,19.0,20.0,21.5,22.5,24.0,16.0,20.0,21.999999999999996,51.98888491211331,54.98824365704292,0.8089270356779941,27.272853812658692,22.66
222.0,13.4,34.0,723.6,0.0,0.0,0.0,20.0,66.2,66.2,66.2,66.2,66.2,33.4499548775576,68.0,64.4,1010.93694444444,3639373.0,0.0,0.0,5.025,4.02,3.76875,1567.8,1532.3,1172.2,1109.0,0.0,4290.0,0.0,0.0,722.0,2368.0,3.76,24.0,3.76,64.0,0.0,1010.93694444444,0.0,57.0,70.7,71.6,56.0,71.6,72.5,72.5,60.8,12.16,84.0,13.836,726.7,34.82,14.04,-0.4,3.0,0.0,0.0,0.0,14.0,63.0,0.0,71.6,1.0,0.0,825.6,0.0,0.0,0.6,9.0,0.0,29.0,0.0,71.6,71.6,350.0,825.6,-50.0,0.0,0.0,0.0,0.0,400.0,0.0,0.0,0.0,0.0,0.0,0.0,56.5,723.6,4.443,49.4622575,13.799358,8.56976116218898,,0.0,0.521286031554886,2.19490781387182,1.36385206321335,0.0,-0.0140758215856227,16.0,20.0,19.0,20.0,21.5,22.5,24.0,16.0,20.0,21.999999999999996,51.98888491211331,53.98845740873295,0.8387492247718115,28.979102900897615,22.66
223.0,13.4,34.0,723.6,0.0,0.0,0.0,20.0,66.2,66.2,66.2,66.2,66.2,33.4499548775576,68.0,64.4,1010.93694444444,3639373.0,0.0,0.0,5.025,4.02,3.76875,1567.8,1532.3,1172.2,1109.0,0.0,4290.0,0.0,0.0,722.0,2368.0,3.76,24.0,3.76,64.0,0.0,1010.93694444444,0.0,57.0,70.7,71.6,56.0,71.6,72.5,72.5,60.8,12.19,84.0,13.836,726.4,35.12,14.054,-2.1,3.0,0.0,0.0,0.0,14.0,63.0,0.0,71.6,1.0,0.0,825.6,0.0,0.0,0.6,9.0,0.0,29.0,0.0,71.6,71.6,350.0,825.6,-50.0,0.0,0.0,0.0,0.0,400.0,0.0,0.0,0.0,0.0,0.0,0.0,56.5,723.6,4.443,49.4622575,13.8003346,8.56976116218898,,0.0,0.521286031554886,2.19490781387182,1.36385206321335,0.0,-0.0140758215856227,16.0,20.0,19.0,20.0,21.5,22.5,24.0,16.0,20.0,21.999999999999996,53.03553614081262,53.98845740873295,0.8387492247718115,28.979102900897615,22.93
224.0,13.4,36.1,723.3,0.0,0.0,0.0,20.0,66.2,66.2,66.2,66.2,66.2,35.5012568002325,68.0,64.4,1010.9375,3639375.0,0.0,0.0,5.02291666666667,4.01833333333333,3.7671875,1567.8,1532.3,1172.2,1109.0,0.0,4176.0,0.0,0.0,721.0,2372.0,3.76,24.0,3.76,64.0,0.0,1010.9375,0.0,57.0,70.7,71.6,56.0,71.6,72.5,72.5,60.8,12.19,84.0,13.836,726.4,35.12,14.054,-2.1,3.0,0.0,0.0,0.0,14.0,63.0,0.0,71.6,1.0,0.0,825.6,0.0,0.0,0.6,9.0,0.0,29.0,0.0,71.6,71.6,350.0,825.6,-50.0,0.0,0.0,0.0,0.0,400.0,0.0,0.0,0.0,0.0,0.0,0.0,56.5,723.3,4.443,49.4622575,13.8003346,8.78490785900601,,0.0,0.539134135295706,2.02978576568689,1.26125001101063,0.0,-0.0142349438547175,16.0,20.0,19.0,20.0,21.5,22.5,24.0,16.0,20.0,21.999999999999996,53.03553614081262,52.988671160423124,0.8674668236907909,24.93369629907614,22.93
225.0,13.4,36.1,723.3,0.0,0.0,0.0,20.0,66.2,66.2,66.2,66.2,66.2,35.5012568002325,68.0,64.4,1010.9375,3639375.0,0.0,0.0,5.02291666666667,4.01833333333333,3.7671875,1567.8,1532.3,1172.2,1109.0,0.0,4176.0,0.0,0.0,721.0,2372.0,3.76,24.0,3.76,64.0,0.0,1010.9375,0.0,57.0,70.7,71.6,56.0,71.6,72.5,72.5,60.8,12.12,84.0,13.835,726.3,34.94,14.033,1.8,3.0,0.0,0.0,0.0,14.0,63.0,0.0,71.6,1.0,0.0,825.6,0.0,0.0,0.6,9.0,0.0,29.0,0.0,71.6,71.6,350.0,825.6,-50.0,0.0,0.0,0.0,0.0,400.0,0.0,0.0,0.0,0.0,0.0,0.0,56.5,723.3,4.443,49.4622575,13.7822675,8.78490785900601,,0.0,0.539134135295706,2.02978576568689,1.26125001101063,0.0,-0.0142349438547175,16.0,20.0,19.0,20.0,21.5,22.5,24.0,16.0,20.0,21.999999999999996,52.69185961795607,52.988671160423124,0.8674668236907909,24.93369629907614,22.82
226.0,13.4,37.9,722.8,0.0,0.0,0.0,20.0,66.2,66.2,66.2,66.2,66.2,37.2456377390172,68.0,64.4,1010.93805555556,3639377.0,0.0,0.0,5.01944444444444,4.01555555555556,3.76458333333333,1567.8,1532.3,1172.2,1109.1,0.0,4134.0,0.0,0.0,721.0,2372.0,3.76,24.0,3.76,78.0,0.0,1010.93805555556,0.0,57.0,70.7,71.6,56.0,71.6,72.5,72.5,60.8,12.12,84.0,13.835,726.3,34.94,14.033,1.8,3.0,0.0,0.0,0.0,14.0,63.0,0.0,71.6,1.0,0.0,825.6,0.0,0.0,0.6,9.0,0.0,29.0,0.0,71.6,71.6,350.0,825.6,-50.0,0.0,0.0,0.0,0.0,400.0,0.0,0.0,0.0,0.0,0.0,0.0,56.5,723.3,4.441,49.4622575,13.7822675,8.99103146920614,,0.0,0.556661161421465,1.8982175736983,1.17949735198648,0.0,-0.0143926537610515,16.0,20.0,19.0,20.0,21.5,22.5,24.0,16.0,20.0,21.999999999999996,52.69185961795607,51.98888491211331,0.8956678087271372,27.77452478673915,22.82
227.0,13.4,37.9,722.8,0.0,0.0,0.0,20.0,66.2,66.2,66.2,66.2,66.2,37.2456377390172,68.0,64.4,1010.93805555556,3639377.0,0.0,0.0,5.01944444444444,4.01555555555556,3.76458333333333,1567.8,1532.3,1172.2,1109.1,0.0,4134.0,0.0,0.0,721.0,2372.0,3.76,24.0,3.76,78.0,0.0,1010.93805555556,0.0,57.0,70.7,71.6,56.0,71.6,72.5,72.5,60.8,12.52,84.0,13.849,726.3,35.12,14.038,1.2,3.0,0.0,0.0,0.0,14.0,63.0,0.0,71.6,1.0,0.0,825.6,0.0,0.0,0.6,9.0,0.0,29.0,0.0,71.6,71.6,350.0,825.6,-50.0,0.0,0.0,0.0,0.0,400.0,0.0,0.0,0.0,0.0,0.0,0.0,56.5,723.3,4.441,51.95246,13.8003346,8.99103146920614,,0.0,0.556661161421465,1.8982175736983,1.17949735198648,0.0,-0.0143926537610515,16.0,20.0,19.0,20.0,21.5,22.5,24.0,16.0,20.0,21.999999999999996,52.082614872892286,51.98888491211331,0.8956678087271372,27.77452478673915,22.599999999999998
228.0,13.4,44.1,722.3,0.0,0.0,0.0,20.0,66.2,66.2,66.2,66.2,66.2,43.3086120132767,68.0,64.4,1010.93861111111,3639379.0,0.0,0.0,5.01597222222222,4.01277777777778,3.76197916666667,1567.8,1532.3,1172.2,1109.1,0.0,4130.0,0.0,0.0,720.0,2372.0,3.76,24.0,3.74,64.0,0.0,1010.93861111111,0.0,57.0,70.7,71.6,56.0,71.6,72.5,72.5,60.8,12.52,84.0,13.849,726.3,35.12,14.038,1.2,3.0,0.0,0.0,0.0,14.0,63.0,0.0,71.6,1.0,0.0,825.6,0.0,0.0,0.6,9.0,0.0,29.0,0.0,71.6,71.6,350.0,825.6,-50.0,0.0,0.0,0.0,0.0,400.0,0.0,0.0,0.0,0.0,0.0,0.0,56.5,722.5,4.443,51.95246,13.8003346,9.19501524769391,,0.0,0.574313960187781,1.63247725598154,1.0143740250265,0.0,-0.010812282206308,16.0,20.0,19.0,20.0,21.5,22.5,24.0,16.0,20.0,21.999999999999996,52.082614872892286,51.98888491211331,0.9240711619421397,32.295758399162345,22.599999999999998
229.0,13.4,44.1,722.3,0.0,0.0,0.0,20.0,66.2,66.2,66.2,66.2,66.2,43.3086120132767,68.0,64.4,1010.93861111111,3639379.0,0.0,0.0,5.01597222222222,4.01277777777778,3.76197916666667,1567.8,1532.3,1172.2,1109.1,0.0,4130.0,0.0,0.0,720.0,2372.0,3.76,24.0,3.74,64.0,0.0,1010.93861111111,0.0,57.0,70.7,71.6,56.0,71.6,72.5,72.5,60.8,12.09,84.0,13.835,725.1,34.92,14.033,-3.8,3.0,0.0,0.0,0.0,14.0,63.0,0.0,71.6,1.0,0.0,825.6,0.0,0.0,0.6,9.0,0.0,29.0,0.0,71.6,71.6,350.0,825.6,-50.0,0.0,0.0,0.0,0.0,400.0,0.0,0.0,0.0,0.0,0.0,0.0,56.5,722.5,4.443,53.807905,13.799358,9.19501524769391,,0.0,0.574313960187781,1.63247725598154,1.0143740250265,0.0,-0.010812282206308,16.0,20.0,19.0,20.0,21.5,22.5,24.0,16.0,20.0,21.999999999999996,52.410669735619,51.98888491211331,0.9240711619421397,32.295758399162345,22.830000000000002
230.0,13.4,35.1,722.8,0.0,0.0,0.0,20.0,66.2,66.2,66.2,66.2,66.2,34.4939811250529,68.0,64.4,1010.93916666667,3639381.0,0.0,0.0,5.01944444444444,4.01555555555556,3.76458333333333,1567.8,1532.4,1172.2,1109.1,0.0,4132.0,0.0,0.0,721.0,2372.0,3.76,24.0,3.74,64.0,0.0,1010.93916666667,0.0,57.0,70.7,71.6,56.0,71.6,72.5,72.5,60.8,12.11,84.0,13.834,726.8,35.3,14.042,-3.8,3.0,0.0,0.0,0.0,14.0,63.0,0.0,71.6,1.0,0.0,825.6,0.0,0.0,0.6,9.0,0.0,29.0,0.0,71.6,71.6,350.0,825.6,-50.0,0.0,0.0,0.0,0.0,400.0,0.0,0.0,0.0,0.0,0.0,0.0,56.5,722.1,4.442,53.807905,13.799358,9.39374808992713,,0.0,0.591814544898073,2.04964233741212,1.27358830884011,0.0,-0.0072436678334343,16.0,20.0,19.0,20.0,21.5,22.5,24.0,16.0,20.0,21.999999999999996,52.410669735619,51.98888491211331,0.9522296027409993,25.722581003022295,23.189999999999998
231.0,13.4,35.1,722.8,0.0,0.0,0.0,20.0,66.2,66.2,66.2,66.2,66.2,34.4939811250529,68.0,64.4,1010.93916666667,3639381.0,0.0,0.0,5.01944444444444,4.01555555555556,3.76458333333333,1567.8,1532.4,1172.2,1109.1,0.0,4132.0,0.0,0.0,721.0,2372.0,3.76,24.0,3.74,64.0,0.0,1010.93916666667,0.0,57.0,70.7,71.6,56.0,71.6,72.5,72.5,60.8,12.11,84.0,13.834,726.8,35.3,14.042,0.6,3.0,0.0,0.0,0.0,14.0,63.0,0.0,71.6,1.0,0.0,825.6,0.0,0.0,0.6,9.0,0.0,29.0,0.0,71.6,71.6,350.0,825.6,-50.0,0.0,0.0,0.0,0.0,400.0,0.0,0.0,0.0,0.0,0.0,0.0,56.5,722.1,4.442,45.800195,13.8013112,9.39374808992713,,0.0,0.591814544898073,2.04964233741212,1.27358830884011,0.0,-0.0072436678334343,16.0,20.0,19.0,20.0,21.5,22.5,24.0,16.0,20.0,21.999999999999996,47.98973991887373,51.98888491211331,0.9522296027409993,25.722581003022295,23.189999999999998
232.0,13.4,11.2,725.2,0.0,0.0,0.0,20.0,66.2,66.2,66.2,66.2,66.2,11.0431730849305,68.0,64.4,1010.93972222222,3639383.0,0.0,0.0,5.03611111111111,4.02888888888889,3.77708333333333,1567.8,1532.4,1172.2,1109.1,0.0,3955.0,0.0,0.0,723.0,2372.0,3.78,24.0,3.76,149.0,0.0,1010.93972222222,0.0,57.0,70.7,71.6,56.0,71.6,72.5,72.5,60.8,12.44,84.0,13.85,729.3,35.16,14.039,0.6,3.0,0.0,0.0,0.0,14.0,63.0,0.0,71.6,1.0,0.0,825.6,0.0,0.0,0.6,9.0,0.0,29.0,0.0,71.6,71.6,350.0,825.6,-50.0,0.0,0.0,0.0,0.0,400.0,0.0,0.0,0.0,0.0,0.0,0.0,56.5,724.3,4.444,45.800195,13.8013112,9.57961113521773,,0.0,0.608899551653068,6.03281853281853,3.74861848455598,0.0,-0.0143609837670092,16.0,20.0,19.0,20.0,21.5,22.5,24.0,16.0,20.0,21.999999999999996,47.98973991887373,48.989526167183705,0.9797193786097863,25.80799079052543,22.72
233.0,13.4,11.2,725.2,0.0,0.0,0.0,20.0,66.2,66.2,66.2,66.2,66.2,11.0431730849305,68.0,64.4,1010.93972222222,3639383.0,0.0,0.0,5.03611111111111,4.02888888888889,3.77708333333333,1567.8,1532.4,1172.2,1109.1,0.0,3955.0,0.0,0.0,723.0,2372.0,3.78,24.0,3.76,149.0,0.0,1010.93972222222,0.0,57.0,70.7,71.6,56.0,71.6,72.5,72.5,60.8,12.44,84.0,13.85,729.3,35.16,14.039,-4.2,3.0,0.0,0.0,0.0,14.0,63.0,0.0,71.6,1.0,0.0,825.6,0.0,0.0,0.6,9.0,0.0,29.0,0.0,71.6,71.6,350.0,825.6,-50.0,0.0,0.0,0.0,0.0,400.0,0.0,0.0,0.0,0.0,0.0,0.0,56.5,724.3,4.444,31.8843575,13.8003346,9.57961113521773,,0.0,0.608899551653068,6.03281853281853,3.74861848455598,0.0,-0.0143609837670092,16.0,20.0,19.0,20.0,21.5,22.5,24.0,16.0,20.0,21.999999999999996,48.19282150056166,48.989526167183705,0.9797193786097863,25.80799079052543,22.72
234.0,13.4,-22.7,728.7,0.0,0.0,0.0,20.0,66.2,66.2,66.2,66.2,66.2,-22.4901673864164,68.0,64.4,1010.94027777778,3639385.0,0.0,0.0,5.06041666666667,4.04833333333333,3.7953125,1567.8,1532.4,1172.2,1109.1,0.0,3443.0,0.0,0.0,727.0,2372.0,3.78,24.0,3.78,64.0,0.0,1010.94027777778,0.0,57.0,70.7,71.6,56.0,71.6,72.5,72.5,60.8,12.44,84.0,13.85,729.3,35.16,14.039,-4.2,3.0,0.0,0.0,0.0,14.0,63.0,0.0,71.6,1.0,0.0,825.6,0.0,0.0,0.6,9.0,0.0,29.0,0.0,71.6,71.6,350.0,825.6,-50.0,0.0,0.0,0.0,0.0,400.0,0.0,0.0,0.0,0.0,0.0,0.0,56.5,727.5,4.444,31.8843575,13.8003346,9.72277617638082,,0.0,0.623402580526945,-2.53906993868146,-1.57770442686844,0.0,-0.0356863463318364,16.0,20.0,19.0,20.0,21.5,22.5,24.0,16.0,20.0,21.999999999999996,48.19282150056166,41.991022429014514,1.0030547520678545,8.274772745957344,22.72
235.0,13.4,-22.7,728.7,0.0,0.0,0.0,20.0,66.2,66.2,66.2,66.2,66.2,-22.4901673864164,68.0,64.4,1010.94027777778,3639385.0,0.0,0.0,5.06041666666667,4.04833333333333,3.7953125,1567.8,1532.4,1172.2,1109.1,0.0,3443.0,0.0,0.0,727.0,2372.0,3.78,24.0,3.78,64.0,0.0,1010.94027777778,0.0,57.0,70.7,71.6,56.0,71.6,72.5,72.5,60.8,12.06,84.0,13.835,731.9,34.73,14.019,-15.6,3.0,0.0,0.0,0.0,14.0,63.0,0.0,71.6,1.0,0.0,825.6,0.0,0.0,0.6,9.0,0.0,29.0,0.0,71.6,71.6,350.0,825.6,-50.0,0.0,0.0,0.0,0.0,400.0,0.0,0.0,0.0,0.0,0.0,0.0,56.5,727.5,4.444,20.214585,13.8003346,9.72277617638082,,0.0,0.623402580526945,-2.53906993868146,-1.57770442686844,0.0,-0.0356863463318364,16.0,20.0,19.0,20.0,21.5,22.5,24.0,16.0,20.0,21.999999999999996,39.99144993239488,41.991022429014514,1.0030547520678545,8.274772745957344,22.669999999999995
236.0,13.4,-20.7,729.2,0.0,0.0,0.0,20.0,66.2,66.2,66.2,66.2,66.2,-20.5227269250967,68.0,64.4,1010.94083333333,3639387.0,0.0,0.0,5.06388888888889,4.05111111111111,3.79791666666667,1567.8,1532.4,1172.3,1109.1,0.0,2668.0,0.0,0.0,728.0,2372.0,3.8,24.0,3.78,64.0,0.0,1010.94083333333,0.0,57.0,70.7,71.6,56.0,71.6,72.5,72.5,60.8,12.06,84.0,13.835,731.9,34.73,14.019,-15.6,3.0,0.0,0.0,0.0,14.0,63.0,0.0,71.6,1.0,0.0,825.6,0.0,0.0,0.6,9.0,0.0,29.0,0.0,71.6,71.6,350.0,825.6,-50.0,0.0,0.0,0.0,0.0,400.0,0.0,0.0,0.0,0.0,0.0,0.0,56.5,729.1,4.444,20.214585,13.8003346,9.81195144437036,,0.0,0.634690423965707,-2.11998590209375,-1.3172977599699,0.0,-0.070686369230719,16.0,20.0,19.0,20.0,21.5,22.5,24.0,16.0,20.0,21.999999999999996,39.99144993239488,31.993159945915874,1.0212168921608225,-15.30404692400947,22.669999999999995
237.0,13.4,-20.7,729.2,0.0,0.0,0.0,20.0,66.2,66.2,66.2,66.2,66.2,-20.5227269250967,68.0,64.4,1010.94083333333,3639387.0,0.0,0.0,5.06388888888889,4.05111111111111,3.79791666666667,1567.8,1532.4,1172.3,1109.1,0.0,2668.0,0.0,0.0,728.0,2372.0,3.8,24.0,3.78,64.0,0.0,1010.94083333333,0.0,57.0,70.7,71.6,56.0,71.6,72.5,72.5,60.8,11.9,84.0,13.828,733.5,40.19,14.059,-18.2,3.0,0.0,0.0,0.0,14.0,63.0,0.0,71.6,1.0,0.0,825.6,0.0,0.0,0.6,9.0,0.0,29.0,0.0,71.6,71.6,350.0,825.6,-50.0,0.0,0.0,0.0,0.0,400.0,0.0,0.0,0.0,0.0,0.0,0.0,56.5,729.1,4.444,8.59364,13.7812909,9.81195144437036,,0.0,0.634690423965707,-2.11998590209375,-1.3172977599699,0.0,-0.070686369230719,16.0,20.0,19.0,20.0,21.5,22.5,24.0,16.0,20.0,21.999999999999996,29.071909501635407,31.993159945915874,1.0212168921608225,-15.30404692400947,28.29
238.0,13.4,-25.7,730.1,0.0,0.0,0.0,20.0,66.2,66.2,66.2,66.2,66.2,-25.511355389795,68.0,64.4,1010.94138888889,3639389.0,0.0,0.0,5.07013888888889,4.05611111111111,3.80260416666667,1567.8,1532.4,1172.3,1109.1,0.0,1594.0,0.0,0.0,728.0,2372.0,3.8,24.0,3.78,64.0,0.0,1010.94138888889,0.0,57.0,70.7,71.6,56.0,71.6,72.5,72.5,60.8,11.9,84.0,13.828,733.5,40.19,14.059,-18.2,3.0,0.0,0.0,0.0,14.0,63.0,0.0,71.6,1.0,0.0,825.6,0.0,0.0,0.6,9.0,0.0,29.0,0.0,71.6,71.6,350.0,825.6,-50.0,0.0,0.0,0.0,0.0,400.0,0.0,0.0,0.0,0.0,0.0,0.0,56.5,730.3,4.443,8.59364,13.7812909,9.82367817064423,,0.0,0.640924184740283,-0.959305718474682,-0.596084753594332,0.0,-0.119330744431217,16.0,20.0,19.0,20.0,21.5,22.5,24.0,16.0,20.0,21.999999999999996,29.071909501635407,17.99615246957765,1.0312470132471154,-15.32293562701499,28.29
239.0,13.4,-25.7,730.1,0.0,0.0,0.0,20.0,66.2,66.2,66.2,66.2,66.2,-25.511355389795,68.0,64.4,1010.94138888889,3639389.0,0.0,0.0,5.07013888888889,4.05611111111111,3.80260416666667,1567.8,1532.4,1172.3,1109.1,0.0,1594.0,0.0,0.0,728.0,2372.0,3.8,24.0,3.78,64.0,0.0,1010.94138888889,0.0,57.0,70.7,71.6,56.0,71.6,72.5,72.5,60.8,11.91,84.0,13.828,733.5,39.56,14.052,-1.2,3.0,0.0,0.0,0.0,14.0,63.0,0.0,71.6,1.0,0.0,825.6,0.0,0.0,0.6,9.0,0.0,29.0,0.0,71.6,71.6,350.0,825.6,-50.0,0.0,0.0,0.0,0.0,400.0,0.0,0.0,0.0,0.0,0.0,0.0,56.5,730.3,4.443,0.0,13.799358,9.82367817064423,,0.0,0.640924184740283,-0.959305718474682,-0.596084753594332,0.0,-0.119330744431217,16.0,20.0,19.0,20.0,21.5,22.5,24.0,16.0,20.0,21.999999999999996,11.997434979718449,17.99615246957765,1.0312470132471154,-15.32293562701499,27.650000000000002
240.0,13.4,-4.9,728.3,0.0,0.0,0.0,20.0,66.2,66.2,66.2,66.2,66.2,-4.85204087702392,68.0,64.4,1010.94194444444,3639391.0,0.0,0.0,5.05763888888889,4.04611111111111,3.79322916666667,1567.8,1532.4,1172.3,1109.1,0.0,572.0,0.0,0.0,726.0,2372.0,3.78,24.0,3.78,64.0,0.0,1010.94194444444,0.0,57.0,70.7,71.6,56.0,71.6,72.5,72.5,60.8,11.91,84.0,13.828,733.5,39.56,14.052,-1.2,3.0,0.0,0.0,0.0,14.0,63.0,0.0,71.6,1.0,0.0,825.6,0.0,0.0,0.6,9.0,0.0,29.0,0.0,71.6,71.6,350.0,825.6,-50.0,0.0,0.0,0.0,0.0,400.0,0.0,0.0,0.0,0.0,0.0,0.0,56.5,728.8,4.441,0.0,13.799358,9.76727432551285,,0.0,0.642640751483558,-1.4010821958881,-0.870591845141187,0.0,-0.155020170071191,16.0,20.0,19.0,20.0,21.5,22.5,24.0,16.0,20.0,21.999999999999996,11.997434979718449,4.998931241549352,1.0340089691370449,-3.61822585907824,27.650000000000002
241.0,13.4,-4.9,728.3,0.0,0.0,0.0,20.0,66.2,66.2,66.2,66.2,66.2,-4.85204087702392,68.0,64.4,1010.94194444444,3639391.0,0.0,0.0,5.05763888888889,4.04611111111111,3.79322916666667,1567.8,1532.4,1172.3,1109.1,0.0,572.0,0.0,0.0,726.0,2372.0,3.78,24.0,3.78,64.0,0.0,1010.94194444444,0.0,57.0,70.7,71.6,56.0,71.6,72.5,72.5,60.8,11.94,84.0,13.829,731.4,39.01,14.061,-4.9,3.0,0.0,0.0,0.0,14.0,63.0,0.0,71.6,1.0,0.0,825.6,0.0,0.0,0.6,9.0,0.0,29.0,0.0,71.6,71.6,350.0,825.6,-50.0,0.0,0.0,0.0,0.0,400.0,0.0,0.0,0.0,0.0,0.0,0.0,56.5,728.8,4.441,0.0,13.7905686,9.76727432551285,,0.0,0.642640751483558,-1.4010821958881,-0.870591845141187,0.0,-0.155020170071191,16.0,20.0,19.0,20.0,21.5,22.5,24.0,16.0,20.0,21.999999999999996,4.280334875576639,4.998931241549352,1.0340089691370449,-3.61822585907824,27.07
242.0,13.4,0.7,727.8,0.0,0.0,0.0,20.0,66.2,66.2,66.2,66.2,66.2,0.692672829151647,68.0,64.4,1010.9425,3639393.0,0.0,0.0,5.05416666666667,4.04333333333333,3.790625,1567.8,1532.4,1172.3,1109.1,0.0,119.0,0.0,0.0,726.0,2377.0,3.78,24.0,3.78,64.0,0.0,1010.9425,0.0,57.0,70.7,71.6,56.0,71.6,72.5,72.5,60.8,11.95,84.0,13.829,730.6,39.07,14.055,-4.9,3.0,0.0,0.0,0.0,14.0,63.0,0.0,71.6,1.0,0.0,825.6,0.0,0.0,0.6,9.0,0.0,29.0,0.0,71.6,71.6,350.0,825.6,-50.0,0.0,0.0,0.0,0.0,400.0,0.0,0.0,0.0,0.0,0.0,0.0,56.5,727.8,4.444,0.0,13.7905686,9.69297979501252,,0.0,0.64297557540008,1.96286263887253,1.21966592077886,0.0,-0.145548901890166,16.0,20.0,19.0,20.0,21.5,22.5,24.0,16.0,20.0,21.999999999999996,4.280334875576639,0.9997862483098703,1.0345477008187287,-3.6157418374806336,27.12
243.0,13.4,0.7,727.8,0.0,0.0,0.0,20.0,66.2,66.2,66.2,66.2,66.2,0.692672829151647,68.0,64.4,1010.9425,3639393.0,0.0,0.0,5.05416666666667,4.04333333333333,3.790625,1567.8,1532.4,1172.3,1109.1,0.0,119.0,0.0,0.0,726.0,2377.0,3.78,24.0,3.78,64.0,0.0,1010.9425,0.0,57.0,70.7,71.6,56.0,71.6,72.5,72.5,60.8,11.95,84.0,13.829,730.6,39.07,14.055,7.1,3.0,0.0,0.0,0.0,14.0,63.0,0.0,71.6,1.0,0.0,825.6,0.0,0.0,0.6,9.0,0.0,29.0,0.0,71.6,71.6,350.0,825.6,-50.0,0.0,0.0,0.0,0.0,400.0,0.0,0.0,0.0,0.0,0.0,0.0,56.5,727.8,4.444,0.0,13.799358,9.69297979501252,,0.0,0.64297557540008,1.96286263887253,1.21966592077886,0.0,-0.145548901890166,16.0,20.0,19.0,20.0,21.5,22.5,24.0,16.0,20.0,21.999999999999996,0.5623797646743015,0.9997862483098703,1.0345477008187287,-3.6157418374806336,27.12
244.0,13.4,1.0,727.8,0.0,0.0,0.0,20.0,66.2,66.2,66.2,66.2,66.2,0.989532613073782,68.0,64.4,1010.94305555556,3639395.0,0.0,0.0,5.05416666666667,4.04333333333333,3.790625,1567.8,1532.4,1172.3,1109.1,0.0,18.0,0.0,0.0,726.0,2377.0,3.78,24.0,3.78,149.0,0.0,1010.94305555556,0.0,57.0,70.7,71.6,56.0,71.6,72.5,72.5,60.8,11.96,84.0,13.83,730.7,38.71,14.051,7.1,3.0,0.0,0.0,0.0,14.0,63.0,0.0,71.6,1.0,0.0,825.6,0.0,0.0,0.6,9.0,0.0,29.0,0.0,71.6,71.6,350.0,825.6,-50.0,0.0,0.0,0.0,0.0,400.0,0.0,0.0,0.0,0.0,0.0,0.0,56.5,727.7,4.444,0.0,13.799358,9.61449495348931,0.0,0.0,0.64297557540008,0.0,0.0,0.0,-0.114957865775704,16.0,20.0,19.0,20.0,21.5,22.5,24.0,16.0,20.0,21.999999999999996,0.5623797646743015,0.0,1.0345477008187287,0.516534548211519,26.75
245.0,13.4,1.0,727.8,0.0,0.0,0.0,20.0,66.2,66.2,66.2,66.2,66.2,0.989532613073782,68.0,64.4,1010.94305555556,3639395.0,0.0,0.0,5.05416666666667,4.04333333333333,3.790625,1567.8,1532.4,1172.3,1109.1,0.0,18.0,0.0,0.0,726.0,2377.0,3.78,24.0,3.78,149.0,0.0,1010.94305555556,0.0,57.0,70.7,71.6,56.0,71.6,72.5,72.5,60.8,11.96,84.0,13.83,730.7,38.71,14.051,6.3,3.0,0.0,0.0,0.0,14.0,63.0,0.0,71.6,1.0,0.0,825.6,0.0,0.0,0.6,9.0,0.0,29.0,0.0,71.6,71.6,350.0,825.6,-50.0,0.0,0.0,0.0,0.0,400.0,0.0,0.0,0.0,0.0,0.0,0.0,56.5,727.7,4.444,0.0,13.799358,9.61449495348931,0.0,0.0,0.64297557540008,0.0,0.0,0.0,-0.114957865775704,16.0,20.0,19.0,20.0,21.5,22.5,24.0,16.0,20.0,21.999999999999996,0.10935162090889206,0.0,1.0345477008187287,0.516534548211519,26.75
246.0,13.4,0.9,727.8,0.0,0.0,0.0,20.0,66.2,66.2,66.2,66.2,66.2,0.890579351766403,68.0,64.4,1010.94361111111,3639397.0,0.0,0.0,5.05416666666667,4.04333333333333,3.790625,1567.8,1532.4,1172.3,1109.1,0.0,0.0,0.0,0.0,726.0,2377.0,3.78,24.0,3.78,64.0,0.0,1010.94361111111,0.0,57.0,70.7,71.6,56.0,71.6,72.5,72.5,60.8,11.93,84.0,13.829,731.3,39.75,14.058,6.3,3.0,0.0,0.0,0.0,14.0,63.0,0.0,71.6,1.0,0.0,825.6,0.0,0.0,0.6,9.0,0.0,29.0,0.0,71.6,71.6,350.0,825.6,-50.0,0.0,0.0,0.0,0.0,400.0,0.0,0.0,0.0,0.0,0.0,0.0,56.5,727.8,4.443,0.0,13.799358,9.53828215065554,0.0,0.0,0.64297557540008,0.0,0.0,0.0,-0.0653500051389607,16.0,20.0,19.0,20.0,21.5,22.5,24.0,16.0,20.0,23.000000000000004,0.10935162090889206,0.0,1.0345477008187287,0.6641158477005242,27.82
247.0,13.4,0.9,727.8,0.0,0.0,0.0,20.0,66.2,66.2,66.2,66.2,66.2,0.890579351766403,68.0,64.4,1010.94361111111,3639397.0,0.0,0.0,5.05416666666667,4.04333333333333,3.790625,1567.8,1532.4,1172.3,1109.1,0.0,0.0,0.0,0.0,726.0,2377.0,3.78,24.0,3.78,64.0,0.0,1010.94361111111,0.0,57.0,70.7,71.6,56.0,71.6,72.5,72.5,60.8,11.93,84.0,13.829,731.3,39.75,14.058,6.4,3.0,0.0,0.0,0.0,14.0,63.0,0.0,71.6,1.0,0.0,825.6,0.0,0.0,0.6,9.0,0.0,29.0,0.0,71.6,71.6,350.0,825.6,-50.0,0.0,0.0,0.0,0.0,400.0,0.0,0.0,0.0,0.0,0.0,0.0,56.5,727.8,4.443,0.0,13.8096123,9.53828215065554,0.0,0.0,0.64297557540008,0.0,0.0,0.0,-0.0653500051389607,16.0,20.0,19.0,20.0,21.5,22.5,24.0,16.0,20.0,23.000000000000004,0.06248664051936694,0.0,1.0345477008187287,0.6641158477005242,27.82
248.0,13.4,1.3,727.8,0.0,0.0,0.0,20.0,66.2,66.2,66.2,66.2,66.2,1.28639239699592,68.0,64.4,1010.94388888889,3639398.0,0.0,0.0,5.05416666666667,4.04333333333333,3.790625,1567.8,1532.4,1172.3,1109.1,0.0,15.0,0.0,0.0,726.0,2377.0,3.78,24.0,3.78,64.0,0.0,1010.94388888889,0.0,57.0,70.7,71.6,56.0,71.6,72.5,72.5,60.8,12.83,84.0,13.866,730.7,34.77,14.05,10.9,3.0,0.0,0.0,0.0,14.0,63.0,0.0,71.6,1.0,0.0,825.6,0.0,0.0,0.6,9.0,0.0,29.0,0.0,71.6,71.6,350.0,825.6,-50.0,0.0,0.0,0.0,0.0,400.0,0.0,0.0,0.0,0.0,0.0,0.0,56.5,727.8,4.443,0.0,13.8096123,9.46226583603979,0.0,0.0,0.64297557540008,0.0,0.0,0.0,-0.0182450161659532,16.0,20.0,19.0,20.0,21.5,22.5,24.0,16.0,20.0,23.000000000000004,0.06248664051936694,0.0,1.0345477008187287,0.6641158477005242,21.940000000000005
249.0,13.4,1.3,727.8,0.0,0.0,0.0,20.0,66.2,66.2,66.2,66.2,66.2,1.28639239699592,68.0,64.4,1010.94388888889,3639398.0,0.0,0.0,5.05416666666667,4.04333333333333,3.790625,1567.8,1532.4,1172.3,1109.1,0.0,15.0,0.0,0.0,726.0,2377.0,3.78,24.0,3.78,64.0,0.0,1010.94388888889,0.0,57.0,70.7,71.6,56.0,71.6,72.5,72.5,60.8,12.83,84.0,13.866,730.7,34.77,14.05,10.9,3.0,0.0,0.0,0.0,14.0,63.0,0.0,71.6,1.0,0.0,825.6,0.0,0.0,0.6,9.0,0.0,29.0,0.0,71.6,71.6,350.0,825.6,-50.0,0.0,0.0,0.0,0.0,400.0,0.0,0.0,0.0,0.0,0.0,0.0,56.5,726.9,4.444,57.9582425,13.8105889,9.46226583603979,0.0,0.0,0.64297557540008,0.0,0.0,0.0,-0.0182450161659532,16.0,20.0,19.0,20.0,21.5,22.5,24.0,16.0,20.0,23.000000000000004,1.9058425358406939,0.0,1.0345477008187287,0.6641158477005242,21.940000000000005
250.0,13.4,15.9,726.4,0.0,0.0,0.0,20.0,66.2,66.2,66.2,66.2,66.2,15.7033033706719,68.0,64.4,1010.94444444444,3639400.0,0.0,0.0,5.04444444444444,4.03555555555556,3.78333333333333,1567.8,1532.4,1172.3,1109.1,0.0,664.0,0.0,0.0,724.0,2377.0,3.78,24.0,3.76,78.0,0.0,1010.94444444444,0.0,57.0,70.7,71.6,56.0,71.6,72.5,72.5,60.8,12.3,84.0,13.851,729.2,34.74,14.045,11.9,3.0,0.0,0.0,0.0,14.0,63.0,0.0,71.6,1.0,0.0,825.6,0.0,0.0,0.6,9.0,0.0,29.0,0.0,71.6,71.6,350.0,825.6,-50.0,0.0,0.0,0.0,0.0,400.0,0.0,0.0,0.0,0.0,0.0,0.0,56.5,726.9,4.444,57.9582425,13.8105889,9.43216632773015,0.0,0.0,0.645954359457435,0.779236971157842,0.48419525600532,0.0,-0.0182450161659532,16.0,20.0,19.0,20.0,21.5,22.5,24.0,16.0,20.0,23.000000000000004,1.9058425358406939,8.99807623478884,1.0393405643670128,11.710144198860478,22.44
251.0,13.4,15.9,726.4,0.0,0.0,0.0,20.0,66.2,66.2,66.2,66.2,66.2,15.7033033706719,68.0,64.4,1010.94444444444,3639400.0,0.0,0.0,5.04444444444444,4.03555555555556,3.78333333333333,1567.8,1532.4,1172.3,1109.1,0.0,664.0,0.0,0.0,724.0,2377.0,3.78,24.0,3.76,78.0,0.0,1010.94444444444,0.0,57.0,70.7,71.6,56.0,71.6,72.5,72.5,60.8,12.3,84.0,13.851,729.2,34.74,14.045,11.9,3.0,0.0,0.0,0.0,14.0,63.0,0.0,71.6,1.0,0.0,825.6,0.0,0.0,0.6,9.0,0.0,29.0,0.0,71.6,71.6,350.0,825.6,-50.0,0.0,0.0,0.0,0.0,400.0,0.0,0.0,0.0,0.0,0.0,0.0,56.5,725.0,4.444,67.9190525,13.8105889,9.43216632773015,0.0,0.0,0.645954359457435,0.779236971157842,0.48419525600532,0.0,-0.0182450161659532,16.0,20.0,19.0,20.0,21.5,22.5,24.0,16.0,20.0,23.000000000000004,12.872247946989575,8.99807623478884,1.0393405643670128,11.710144198860478,22.44
252.0,13.4,28.9,724.9,0.0,0.0,0.0,20.0,66.2,66.2,66.2,66.2,66.2,28.483542630086,68.0,64.4,1010.945,3639402.0,0.0,0.0,5.03402777777778,4.02722222222222,3.77552083333333,1567.8,1532.4,1172.3,1109.1,0.0,1459.0,0.0,0.0,723.0,2373.0,3.78,24.0,3.76,149.0,0.0,1010.945,0.0,57.0,70.7,71.6,56.0,71.6,72.5,72.5,60.8,12.25,84.0,13.852,727.9,35.16,14.055,-5.2,3.0,0.0,0.0,0.0,14.0,63.0,0.0,71.6,1.0,0.0,825.6,0.0,0.0,0.6,9.0,0.0,29.0,0.0,71.6,71.6,350.0,825.6,-50.0,0.0,0.0,0.0,0.0,400.0,0.0,0.0,0.0,0.0,0.0,0.0,56.5,725.0,4.444,67.9190525,13.8105889,9.45082822401381,,0.0,0.652360789309875,0.906938124385132,0.563545049287314,0.0,0.069497000651727,16.0,20.0,19.0,20.0,21.5,22.5,24.0,16.0,20.0,23.000000000000004,12.872247946989575,18.995938717887462,1.0496485099995887,21.240523959795674,22.909999999999997
253.0,13.4,28.9,724.9,0.0,0.0,0.0,20.0,66.2,66.2,66.2,66.2,66.2,28.483542630086,68.0,64.4,1010.945,3639402.0,0.0,0.0,5.03402777777778,4.02722222222222,3.77552083333333,1567.8,1532.4,1172.3,1109.1,0.0,1459.0,0.0,0.0,723.0,2373.0,3.78,24.0,3.76,149.0,0.0,1010.945,0.0,57.0,70.7,71.6,56.0,71.6,72.5,72.5,60.8,12.25,84.0,13.852,727.9,35.16,14.055,-5.2,3.0,0.0,0.0,0.0,14.0,63.0,0.0,71.6,1.0,0.0,825.6,0.0,0.0,0.6,9.0,0.0,29.0,0.0,71.6,71.6,350.0,825.6,-50.0,0.0,0.0,0.0,0.0,400.0,0.0,0.0,0.0,0.0,0.0,0.0,56.5,724.4,4.443,59.471895,13.8105889,9.45082822401381,,0.0,0.652360789309875,0.906938124385132,0.563545049287314,0.0,0.069497000651727,16.0,20.0,19.0,20.0,21.5,22.5,24.0,16.0,20.0,23.000000000000004,21.714107580480004,18.995938717887462,1.0496485099995887,21.240523959795674,22.909999999999997
254.0,13.4,29.7,724.5,0.0,0.0,0.0,20.0,66.2,66.2,66.2,66.2,66.2,29.2558620935794,68.0,64.4,1010.94555555556,3639404.0,0.0,0.0,5.03125,4.025,3.7734375,1567.8,1532.4,1172.3,1109.1,0.0,2020.0,0.0,0.0,723.0,2373.0,3.76,24.0,3.76,64.0,0.0,1010.94555555556,0.0,57.0,70.7,71.6,56.0,71.6,72.5,72.5,60.8,12.23,84.0,13.851,727.5,35.25,14.044,5.1,3.0,0.0,0.0,0.0,14.0,63.0,0.0,71.6,1.0,0.0,825.6,0.0,0.0,0.6,9.0,0.0,29.0,0.0,71.6,71.6,350.0,825.6,-50.0,0.0,0.0,0.0,0.0,400.0,0.0,0.0,0.0,0.0,0.0,0.0,56.5,724.4,4.443,59.471895,13.8105889,9.5037818693445,,0.0,0.661238392682567,1.20831038705435,0.750809033514347,0.0,0.0944325397744762,16.0,20.0,19.0,20.0,21.5,22.5,24.0,16.0,20.0,21.999999999999996,21.714107580480004,25.994442456056657,1.0639325738262504,21.228803433400447,23.02
255.0,13.4,29.7,724.5,0.0,0.0,0.0,20.0,66.2,66.2,66.2,66.2,66.2,29.2558620935794,68.0,64.4,1010.94555555556,3639404.0,0.0,0.0,5.03125,4.025,3.7734375,1567.8,1532.4,1172.3,1109.1,0.0,2020.0,0.0,0.0,723.0,2373.0,3.76,24.0,3.76,64.0,0.0,1010.94555555556,0.0,57.0,70.7,71.6,56.0,71.6,72.5,72.5,60.8,12.23,84.0,13.851,727.5,35.25,14.044,5.1,3.0,0.0,0.0,0.0,14.0,63.0,0.0,71.6,1.0,0.0,825.6,0.0,0.0,0.6,9.0,0.0,29.0,0.0,71.6,71.6,350.0,825.6,-50.0,0.0,0.0,0.0,0.0,400.0,0.0,0.0,0.0,0.0,0.0,0.0,56.5,724.1,4.443,54.49149,13.8105889,9.5037818693445,,0.0,0.661238392682567,1.20831038705435,0.750809033514347,0.0,0.0944325397744762,16.0,20.0,19.0,20.0,21.5,22.5,24.0,16.0,20.0,21.999999999999996,23.994869959436866,25.994442456056657,1.0639325738262504,21.228803433400447,23.02
256.0,13.4,33.7,724.0,0.0,0.0,0.0,20.0,66.2,66.2,66.2,66.2,66.2,33.1731359162745,68.0,64.4,1010.94611111111,3639406.0,0.0,0.0,5.02777777777778,4.02222222222222,3.77083333333333,1567.8,1532.4,1172.3,1109.1,0.0,2478.0,0.0,0.0,722.0,2373.0,3.76,24.0,3.76,78.0,0.0,1010.94611111111,0.0,57.0,70.7,71.6,56.0,71.6,72.5,72.5,60.8,12.19,84.0,13.853,726.9,34.77,14.049,0.8,3.0,0.0,0.0,0.0,14.0,63.0,0.0,71.6,1.0,0.0,825.6,0.0,0.0,0.6,9.0,0.0,29.0,0.0,71.6,71.6,350.0,825.6,-50.0,0.0,0.0,0.0,0.0,400.0,0.0,0.0,0.0,0.0,0.0,0.0,56.5,724.1,4.443,54.49149,13.8105889,9.58533230752884,,0.0,0.672193404303589,1.31153991179894,0.81495286653442,0.0,0.115721212311578,16.0,20.0,19.0,20.0,21.5,22.5,24.0,16.0,20.0,21.999999999999996,23.994869959436866,31.993159945915874,1.0815591875244746,24.73761067581991,22.580000000000005
257.0,13.4,33.7,724.0,0.0,0.0,0.0,20.0,66.2,66.2,66.2,66.2,66.2,33.1731359162745,68.0,64.4,1010.94611111111,3639406.0,0.0,0.0,5.02777777777778,4.02222222222222,3.77083333333333,1567.8,1532.4,1172.3,1109.1,0.0,2478.0,0.0,0.0,722.0,2373.0,3.76,24.0,3.76,78.0,0.0,1010.94611111111,0.0,57.0,70.7,71.6,56.0,71.6,72.5,72.5,60.8,12.19,84.0,13.853,726.9,34.77,14.049,0.8,3.0,0.0,0.0,0.0,14.0,63.0,0.0,71.6,1.0,0.0,825.6,0.0,0.0,0.6,9.0,0.0,29.0,0.0,71.6,71.6,350.0,825.6,-50.0,0.0,0.0,0.0,0.0,400.0,0.0,0.0,0.0,0.0,0.0,0.0,56.5,724.4,4.444,50.7806,13.8115655,9.58533230752884,,0.0,0.672193404303589,1.31153991179894,0.81495286653442,0.0,0.115721212311578,16.0,20.0,19.0,20.0,21.5,22.5,24.0,16.0,20.0,21.999999999999996,33.852137501367054,31.993159945915874,1.0815591875244746,24.73761067581991,22.580000000000005
258.0,13.4,24.5,724.6,0.0,0.0,0.0,20.0,66.2,66.2,66.2,66.2,66.2,24.136954685511,68.0,64.4,1010.94666666667,3639408.0,0.0,0.0,5.03194444444444,4.02555555555556,3.77395833333333,1567.8,1532.4,1172.3,1109.1,0.0,2842.0,0.0,0.0,723.0,2373.0,3.76,24.0,3.76,64.0,0.0,1010.94666666667,0.0,57.0,70.7,71.6,56.0,71.6,72.5,72.5,60.8,11.83,84.0,13.838,728.3,34.68,14.033,-5.5,3.0,0.0,0.0,0.0,14.0,63.0,0.0,71.6,1.0,0.0,825.6,0.0,0.0,0.6,9.0,0.0,29.0,0.0,71.6,71.6,350.0,825.6,-50.0,0.0,0.0,0.0,0.0,400.0,0.0,0.0,0.0,0.0,0.0,0.0,56.5,724.4,4.444,50.7806,13.8115655,9.68463849999396,,0.0,0.68447447224183,2.02786055078946,1.2600537383046,0.0,0.0969114125651388,16.0,20.0,19.0,20.0,21.5,22.5,24.0,16.0,20.0,21.999999999999996,33.852137501367054,35.9923049391553,1.1013194258371044,17.999220496279644,22.85
259.0,13.4,24.5,724.6,0.0,0.0,0.0,20.0,66.2,66.2,66.2,66.2,66.2,24.136954685511,68.0,64.4,1010.94666666667,3639408.0,0.0,0.0,5.03194444444444,4.02555555555556,3.77395833333333,1567.8,1532.4,1172.3,1109.1,0.0,2842.0,0.0,0.0,723.0,2373.0,3.76,24.0,3.76,64.0,0.0,1010.94666666667,0.0,57.0,70.7,71.6,56.0,71.6,72.5,72.5,60.8,11.83,84.0,13.838,728.3,34.68,14.033,-5.5,3.0,0.0,0.0,0.0,14.0,63.0,0.0,71.6,1.0,0.0,825.6,0.0,0.0,0.6,9.0,0.0,29.0,0.0,71.6,71.6,350.0,825.6,-50.0,0.0,0.0,0.0,0.0,400.0,0.0,0.0,0.0,0.0,0.0,0.0,56.5,725.3,4.444,38.183105,13.8003346,9.68463849999396,,0.0,0.68447447224183,2.02786055078946,1.2600537383046,0.0,0.0969114125651388,16.0,20.0,19.0,20.0,21.5,22.5,24.0,16.0,20.0,21.999999999999996,36.664036324738554,35.9923049391553,1.1013194258371044,17.999220496279644,22.85
260.0,13.4,16.5,725.4,0.0,0.0,0.0,20.0,66.2,66.2,66.2,66.2,66.2,16.2734470996722,68.0,64.4,1010.94722222222,3639410.0,0.0,0.0,5.0375,4.03,3.778125,1567.8,1532.4,1172.3,1109.2,0.0,2973.0,0.0,0.0,723.0,2373.0,3.78,24.0,3.76,78.0,0.0,1010.94722222222,0.0,57.0,70.7,71.6,56.0,71.6,72.5,72.5,60.8,11.82,84.0,13.837,728.4,34.95,14.039,-9.9,3.0,0.0,0.0,0.0,14.0,63.0,0.0,71.6,1.0,0.0,825.6,0.0,0.0,0.6,9.0,0.0,29.0,0.0,71.6,71.6,350.0,825.6,-50.0,0.0,0.0,0.0,0.0,400.0,0.0,0.0,0.0,0.0,0.0,0.0,56.5,725.3,4.444,38.183105,13.8003346,9.79539826865492,,0.0,0.697852309940503,3.1748418845193,1.97275467662564,0.0,0.0674597110324079,16.0,20.0,19.0,20.0,21.5,22.5,24.0,16.0,20.0,21.999999999999996,36.664036324738554,37.99187743577509,1.1228443666942693,18.01909266906055,23.130000000000003
261.0,13.4,16.5,725.4,0.0,0.0,0.0,20.0,66.2,66.2,66.2,66.2,66.2,16.2734470996722,68.0,64.4,1010.94722222222,3639410.0,0.0,0.0,5.0375,4.03,3.778125,1567.8,1532.4,1172.3,1109.2,0.0,2973.0,0.0,0.0,723.0,2373.0,3.78,24.0,3.76,78.0,0.0,1010.94722222222,0.0,57.0,70.7,71.6,56.0,71.6,72.5,72.5,60.8,11.82,84.0,13.837,728.4,34.95,14.039,-9.9,3.0,0.0,0.0,0.0,14.0,63.0,0.0,71.6,1.0,0.0,825.6,0.0,0.0,0.6,9.0,0.0,29.0,0.0,71.6,71.6,350.0,825.6,-50.0,0.0,0.0,0.0,0.0,400.0,0.0,0.0,0.0,0.0,0.0,0.0,56.5,725.4,4.444,39.9897225,13.8003346,9.79539826865492,,0.0,0.697852309940503,3.1748418845193,1.97275467662564,0.0,0.0674597110324079,16.0,20.0,19.0,20.0,21.5,22.5,24.0,16.0,20.0,21.999999999999996,35.9923049391553,37.99187743577509,1.1228443666942693,18.01909266906055,23.130000000000003
262.0,13.4,16.8,725.4,0.0,0.0,0.0,20.0,66.2,66.2,66.2,66.2,66.2,16.5693279560298,68.0,64.4,1010.94777777778,3639412.0,0.0,0.0,5.0375,4.03,3.778125,1567.8,1532.5,1172.3,1109.2,0.0,3127.0,0.0,0.0,723.0,2370.0,3.78,24.0,3.76,149.0,0.0,1010.94777777778,0.0,57.0,70.7,71.6,56.0,71.6,72.5,72.5,60.8,11.83,84.0,13.838,728.1,34.44,14.033,-7.6,3.0,0.0,0.0,0.0,14.0,63.0,0.0,71.6,1.0,0.0,825.6,0.0,0.0,0.6,9.0,0.0,29.0,0.0,71.6,71.6,350.0,825.6,-50.0,0.0,0.0,0.0,0.0,400.0,0.0,0.0,0.0,0.0,0.0,0.0,56.5,725.4,4.444,39.9897225,13.8003346,9.91099972414549,,0.0,0.71155019553861,3.28226134677748,2.03950201530847,0.0,0.0496715392576313,16.0,20.0,19.0,20.0,21.5,22.5,24.0,16.0,20.0,21.999999999999996,35.9923049391553,39.99144993239488,1.1448842646216235,12.135307307734676,22.61
263.0,13.4,16.8,725.4,0.0,0.0,0.0,20.0,66.2,66.2,66.2,66.2,66.2,16.5693279560298,68.0,64.4,1010.94777777778,3639412.0,0.0,0.0,5.0375,4.03,3.778125,1567.8,1532.5,1172.3,1109.2,0.0,3127.0,0.0,0.0,723.0,2370.0,3.78,24.0,3.76,149.0,0.0,1010.94777777778,0.0,57.0,70.7,71.6,56.0,71.6,72.5,72.5,60.8,11.83,84.0,13.838,728.1,34.44,14.033,-7.6,3.0,0.0,0.0,0.0,14.0,63.0,0.0,71.6,1.0,0.0,825.6,0.0,0.0,0.6,9.0,0.0,29.0,0.0,71.6,71.6,350.0,825.6,-50.0,0.0,0.0,0.0,0.0,400.0,0.0,0.0,0.0,0.0,0.0,0.0,56.5,725.8,4.444,37.49952,13.8003346,9.91099972414549,,0.0,0.71155019553861,3.28226134677748,2.03950201530847,0.0,0.0496715392576313,16.0,20.0,19.0,20.0,21.5,22.5,24.0,16.0,20.0,21.999999999999996,40.31950479512143,39.99144993239488,1.1448842646216235,12.135307307734676,22.61
264.0,13.4,7.5,726.3,0.0,0.0,0.0,20.0,66.2,66.2,66.2,66.2,66.2,7.40619885485869,68.0,64.4,1010.94833333333,3639414.0,0.0,0.0,5.04375,4.035,3.7828125,1567.8,1532.5,1172.3,1109.2,0.0,3236.0,0.0,0.0,724.0,2370.0,3.78,24.0,3.76,149.0,0.0,1010.94833333333,0.0,57.0,70.7,71.6,56.0,71.6,72.5,72.5,60.8,11.79,84.0,13.837,729.6,34.48,14.033,-2.4,3.0,0.0,0.0,0.0,14.0,63.0,0.0,71.6,1.0,0.0,825.6,0.0,0.0,0.6,9.0,0.0,29.0,0.0,71.6,71.6,350.0,825.6,-50.0,0.0,0.0,0.0,0.0,400.0,0.0,0.0,0.0,0.0,0.0,0.0,56.5,725.8,4.444,37.49952,13.8003346,10.0311924561764,,0.0,0.725783727182559,7.52673367295424,4.67689402909725,0.0,0.0318487963557038,16.0,20.0,19.0,20.0,21.5,22.5,24.0,16.0,20.0,21.999999999999996,40.31950479512143,40.991236180704696,1.1677860170367373,12.371279220643922,22.689999999999998
265.0,13.4,7.5,726.3,0.0,0.0,0.0,20.0,66.2,66.2,66.2,66.2,66.2,7.40619885485869,68.0,64.4,1010.94833333333,3639414.0,0.0,0.0,5.04375,4.035,3.7828125,1567.8,1532.5,1172.3,1109.2,0.0,3236.0,0.0,0.0,724.0,2370.0,3.78,24.0,3.76,149.0,0.0,1010.94833333333,0.0,57.0,70.7,71.6,56.0,71.6,72.5,72.5,60.8,11.79,84.0,13.837,729.6,34.48,14.033,-2.4,3.0,0.0,0.0,0.0,14.0,63.0,0.0,71.6,1.0,0.0,825.6,0.0,0.0,0.6,9.0,0.0,29.0,0.0,71.6,71.6,350.0,825.6,-50.0,0.0,0.0,0.0,0.0,400.0,0.0,0.0,0.0,0.0,0.0,0.0,56.5,727.0,4.444,33.5444925,13.8003346,10.0311924561764,,0.0,0.725783727182559,7.52673367295424,4.67689402909725,0.0,0.0318487963557038,16.0,20.0,19.0,20.0,21.5,22.5,24.0,16.0,20.0,21.999999999999996,41.334912703561244,40.991236180704696,1.1677860170367373,12.371279220643922,22.689999999999998
266.0,13.4,-1.5,727.3,0.0,0.0,0.0,20.0,66.2,66.2,66.2,66.2,66.2,-1.48327920339769,68.0,64.4,1010.94888888889,3639416.0,0.0,0.0,5.05069444444444,4.04055555555556,3.78802083333333,1567.8,1532.5,1172.3,1109.2,0.0,3241.0,0.0,0.0,726.0,2370.0,3.78,24.0,3.78,78.0,0.0,1010.94888888889,0.0,57.0,70.7,71.6,56.0,71.6,72.5,72.5,60.8,11.76,84.0,13.837,730.5,34.38,14.026,-1.8,3.0,0.0,0.0,0.0,14.0,63.0,0.0,71.6,1.0,0.0,825.6,0.0,0.0,0.6,9.0,0.0,29.0,0.0,71.6,71.6,350.0,825.6,-50.0,0.0,0.0,0.0,0.0,400.0,0.0,0.0,0.0,0.0,0.0,0.0,56.5,727.0,4.444,33.5444925,13.8003346,10.1490312548271,,0.0,0.739955203003349,-37.5819240111829,-23.3523177047527,0.0,0.0176203891132784,16.0,20.0,19.0,20.0,21.5,22.5,24.0,16.0,20.0,21.999999999999996,41.334912703561244,40.991236180704696,1.1905879216323887,-1.1060993313927592,22.620000000000005
267.0,13.4,-1.5,727.3,0.0,0.0,0.0,20.0,66.2,66.2,66.2,66.2,66.2,-1.48327920339769,68.0,64.4,1010.94888888889,3639416.0,0.0,0.0,5.05069444444444,4.04055555555556,3.78802083333333,1567.8,1532.5,1172.3,1109.2,0.0,3241.0,0.0,0.0,726.0,2370.0,3.78,24.0,3.78,78.0,0.0,1010.94888888889,0.0,57.0,70.7,71.6,56.0,71.6,72.5,72.5,60.8,11.76,84.0,13.837,730.5,34.38,14.026,-1.8,3.0,0.0,0.0,0.0,14.0,63.0,0.0,71.6,1.0,0.0,825.6,0.0,0.0,0.6,9.0,0.0,29.0,0.0,71.6,71.6,350.0,825.6,-50.0,0.0,0.0,0.0,0.0,400.0,0.0,0.0,0.0,0.0,0.0,0.0,56.5,727.5,4.444,30.5171875,13.8003346,10.1490312548271,,0.0,0.739955203003349,-37.5819240111829,-23.3523177047527,0.0,0.0176203891132784,16.0,20.0,19.0,20.0,21.5,22.5,24.0,16.0,20.0,21.999999999999996,40.71004629836746,40.991236180704696,1.1905879216323887,-1.1060993313927592,22.620000000000005
268.0,13.4,-1.9,727.6,0.0,0.0,0.0,20.0,66.2,66.2,66.2,66.2,66.2,-1.87959530862561,68.0,64.4,1010.94944444444,3639418.0,0.0,0.0,5.05277777777778,4.04222222222222,3.78958333333333,1567.8,1532.5,1172.3,1109.2,0.0,3159.0,0.0,0.0,726.0,2370.0,3.78,24.0,3.78,64.0,0.0,1010.94944444444,0.0,57.0,70.7,71.6,56.0,71.6,72.5,72.5,60.8,11.74,84.0,13.837,730.7,34.39,14.033,1.5,3.0,0.0,0.0,0.0,14.0,63.0,0.0,71.6,1.0,0.0,825.6,0.0,0.0,0.6,9.0,0.0,29.0,0.0,71.6,71.6,350.0,825.6,-50.0,0.0,0.0,0.0,0.0,400.0,0.0,0.0,0.0,0.0,0.0,0.0,56.5,727.5,4.444,30.5171875,13.8003346,10.2607510723772,,0.0,0.753827403933252,-28.9343479644686,-17.9789647290298,0.0,0.0176203891132784,16.0,20.0,19.0,20.0,21.5,22.5,24.0,16.0,20.0,21.999999999999996,40.71004629836746,39.99144993239488,1.2129082929286024,-1.4016370683263313,22.65
269.0,13.4,-1.9,727.6,0.0,0.0,0.0,20.0,66.2,66.2,66.2,66.2,66.2,-1.87959530862561,68.0,64.4,1010.94944444444,3639418.0,0.0,0.0,5.05277777777778,4.04222222222222,3.78958333333333,1567.8,1532.5,1172.3,1109.2,0.0,3159.0,0.0,0.0,726.0,2370.0,3.78,24.0,3.78,64.0,0.0,1010.94944444444,0.0,57.0,70.7,71.6,56.0,71.6,72.5,72.5,60.8,11.74,84.0,13.837,730.7,34.39,14.033,1.5,3.0,0.0,0.0,0.0,14.0,63.0,0.0,71.6,1.0,0.0,825.6,0.0,0.0,0.6,9.0,0.0,29.0,0.0,71.6,71.6,350.0,825.6,-50.0,0.0,0.0,0.0,0.0,400.0,0.0,0.0,0.0,0.0,0.0,0.0,56.5,727.5,4.443,30.5171875,13.7915452,10.2607510723772,,0.0,0.753827403933252,-28.9343479644686,-17.9789647290298,0.0,0.0176203891132784,16.0,20.0,19.0,20.0,21.5,22.5,24.0,16.0,20.0,21.999999999999996,35.9923049391553,39.99144993239488,1.2129082929286024,-1.4016370683263313,22.65
270.0,13.4,0.0,727.4,0.0,0.0,0.0,20.0,66.2,66.2,66.2,66.2,66.2,0.0,68.0,64.4,1010.95,3639420.0,0.0,0.0,5.05138888888889,4.04111111111111,3.78854166666667,1567.8,1532.5,1172.3,1109.2,0.0,3070.0,0.0,0.0,726.0,2376.0,3.78,24.0,3.78,64.0,0.0,1010.95,0.0,57.0,70.7,71.6,56.0,71.6,72.5,72.5,60.8,12.07,84.0,13.852,730.7,34.83,14.033,-6.6,3.0,0.0,0.0,0.0,14.0,63.0,0.0,71.6,1.0,0.0,825.6,0.0,0.0,0.6,9.0,0.0,29.0,0.0,71.6,71.6,350.0,825.6,-50.0,0.0,0.0,0.0,0.0,400.0,0.0,0.0,0.0,0.0,0.0,0.0,56.5,727.5,4.443,30.5171875,13.7915452,10.3662675918325,,0.0,0.767374308396603,-28.9343479644686,-17.9789647290298,0.0,-0.0035249965146332,16.0,20.0,19.0,20.0,21.5,22.5,24.0,16.0,20.0,21.999999999999996,35.9923049391553,38.991663684084905,1.2347052622101342,-1.4012517915071065,22.759999999999998
271.0,13.4,0.0,727.4,0.0,0.0,0.0,20.0,66.2,66.2,66.2,66.2,66.2,0.0,68.0,64.4,1010.95,3639420.0,0.0,0.0,5.05138888888889,4.04111111111111,3.78854166666667,1567.8,1532.5,1172.3,1109.2,0.0,3070.0,0.0,0.0,726.0,2376.0,3.78,24.0,3.78,64.0,0.0,1010.95,0.0,57.0,70.7,71.6,56.0,71.6,72.5,72.5,60.8,12.07,84.0,13.852,730.7,34.83,14.033,-6.6,3.0,0.0,0.0,0.0,14.0,63.0,0.0,71.6,1.0,0.0,825.6,0.0,0.0,0.6,9.0,0.0,29.0,0.0,71.6,71.6,350.0,825.6,-50.0,0.0,0.0,0.0,0.0,400.0,0.0,0.0,0.0,0.0,0.0,0.0,56.5,727.5,4.444,30.5171875,13.8003346,10.3662675918325,,0.0,0.767374308396603,-28.9343479644686,-17.9789647290298,0.0,-0.0035249965146332,16.0,20.0,19.0,20.0,21.5,22.5,24.0,16.0,20.0,21.999999999999996,35.9923049391553,38.991663684084905,1.2347052622101342,-1.4012517915071065,22.759999999999998
272.0,13.4,-6.4,728.1,0.0,0.0,0.0,20.0,66.2,66.2,66.2,66.2,66.2,-6.33561919717743,68.0,64.4,1010.95055555556,3639422.0,0.0,0.0,5.05625,4.045,3.7921875,1567.8,1532.5,1172.3,1109.2,0.0,3017.0,0.0,0.0,727.0,2376.0,3.78,24.0,3.78,64.0,0.0,1010.95055555556,0.0,57.0,70.7,71.6,56.0,71.6,72.5,72.5,60.8,12.07,84.0,13.853,731.8,34.82,14.036,1.4,3.0,0.0,0.0,0.0,14.0,63.0,0.0,71.6,1.0,0.0,825.6,0.0,0.0,0.6,9.0,0.0,29.0,0.0,71.6,71.6,350.0,825.6,-50.0,0.0,0.0,0.0,0.0,400.0,0.0,0.0,0.0,0.0,0.0,0.0,56.5,727.5,4.444,30.5171875,13.8003346,10.4608873675438,,0.0,0.780226389965932,-7.94018678752919,-4.9338018043538,0.0,-0.0140859257199645,16.0,20.0,19.0,20.0,21.5,22.5,24.0,16.0,20.0,21.999999999999996,35.9923049391553,36.99209118746527,1.2553842614551844,0.0,22.75
273.0,13.4,-6.4,728.1,0.0,0.0,0.0,20.0,66.2,66.2,66.2,66.2,66.2,-6.33561919717743,68.0,64.4,1010.95055555556,3639422.0,0.0,0.0,5.05625,4.045,3.7921875,1567.8,1532.5,1172.3,1109.2,0.0,3017.0,0.0,0.0,727.0,2376.0,3.78,24.0,3.78,64.0,0.0,1010.95055555556,0.0,57.0,70.7,71.6,56.0,71.6,72.5,72.5,60.8,12.07,84.0,13.853,731.8,34.82,14.036,1.4,3.0,0.0,0.0,0.0,14.0,63.0,0.0,71.6,1.0,0.0,825.6,0.0,0.0,0.6,9.0,0.0,29.0,0.0,71.6,71.6,350.0,825.6,-50.0,0.0,0.0,0.0,0.0,400.0,0.0,0.0,0.0,0.0,0.0,0.0,56.5,729.5,4.444,23.5836825,13.8003346,10.4608873675438,,0.0,0.780226389965932,-7.94018678752919,-4.9338018043538,0.0,-0.0140859257199645,16.0,20.0,19.0,20.0,21.5,22.5,24.0,16.0,20.0,21.999999999999996,37.05457782798458,36.99209118746527,1.2553842614551844,0.0,22.75
274.0,13.4,-21.9,729.8,0.0,0.0,0.0,20.0,66.2,66.2,66.2,66.2,66.2,-21.7303156531537,68.0,64.4,1010.95111111111,3639424.0,0.0,0.0,5.06805555555556,4.05444444444444,3.80104166666667,1567.8,1532.5,1172.3,1109.2,0.0,2682.0,0.0,0.0,728.0,2376.0,3.8,24.0,3.78,149.0,0.0,1010.95111111111,0.0,57.0,70.7,71.6,56.0,71.6,72.5,72.5,60.8,11.6,84.0,13.83,734.1,39.08,14.049,3.1,3.0,0.0,0.0,0.0,14.0,63.0,0.0,71.6,1.0,0.0,825.6,0.0,0.0,0.6,9.0,0.0,29.0,0.0,71.6,71.6,350.0,825.6,-50.0,0.0,0.0,0.0,0.0,400.0,0.0,0.0,0.0,0.0,0.0,0.0,56.5,729.5,4.444,23.5836825,13.8003346,10.534386801965,,0.0,0.791500139601394,-2.06474282689572,-1.28297131509102,0.0,-0.0282779829383377,16.0,20.0,19.0,20.0,21.5,22.5,24.0,16.0,20.0,21.999999999999996,37.05457782798458,32.99294619422569,1.2735237246186428,-16.20456051689314,27.479999999999997
275.0,13.4,-21.9,729.8,0.0,0.0,0.0,20.0,66.2,66.2,66.2,66.2,66.2,-21.7303156531537,68.0,64.4,1010.95111111111,3639424.0,0.0,0.0,5.06805555555556,4.05444444444444,3.80104166666667,1567.8,1532.5,1172.3,1109.2,0.0,2682.0,0.0,0.0,728.0,2376.0,3.8,24.0,3.78,149.0,0.0,1010.95111111111,0.0,57.0,70.7,71.6,56.0,71.6,72.5,72.5,60.8,11.6,84.0,13.83,734.1,39.08,14.049,3.1,3.0,0.0,0.0,0.0,14.0,63.0,0.0,71.6,1.0,0.0,825.6,0.0,0.0,0.6,9.0,0.0,29.0,0.0,71.6,71.6,350.0,825.6,-50.0,0.0,0.0,0.0,0.0,400.0,0.0,0.0,0.0,0.0,0.0,0.0,56.5,730.8,4.443,7.9588825,13.799358,10.534386801965,,0.0,0.791500139601394,-2.06474282689572,-1.28297131509102,0.0,-0.0282779829383377,16.0,20.0,19.0,20.0,21.5,22.5,24.0,16.0,20.0,21.999999999999996,27.994014952676284,32.99294619422569,1.2735237246186428,-16.20456051689314,27.479999999999997
276.0,13.4,-26.2,730.6,0.0,0.0,0.0,20.0,66.2,66.2,66.2,66.2,66.2,-26.0254963043785,68.0,64.4,1010.95166666667,3639426.0,0.0,0.0,5.07361111111111,4.05888888888889,3.80520833333333,1567.8,1532.5,1172.3,1109.2,0.0,1986.0,0.0,0.0,729.0,2376.0,3.8,24.0,3.8,64.0,0.0,1010.95166666667,0.0,57.0,70.7,71.6,56.0,71.6,72.5,72.5,60.8,11.59,84.0,13.831,734.2,39.42,14.048,2.1,3.0,0.0,0.0,0.0,14.0,63.0,0.0,71.6,1.0,0.0,825.6,0.0,0.0,0.6,9.0,0.0,29.0,0.0,71.6,71.6,350.0,825.6,-50.0,0.0,0.0,0.0,0.0,400.0,0.0,0.0,0.0,0.0,0.0,0.0,56.5,730.8,4.443,7.9588825,13.799358,10.5616831713948,,0.0,0.799358545503979,-1.20156391379667,-0.746616970679751,0.0,-0.0603159784439508,16.0,20.0,19.0,20.0,21.5,22.5,24.0,16.0,20.0,21.999999999999996,27.994014952676284,22.995083711127048,1.2861678997159023,-19.407528936896718,27.830000000000002
277.0,13.4,-26.2,730.6,0.0,0.0,0.0,20.0,66.2,66.2,66.2,66.2,66.2,-26.0254963043785,68.0,64.4,1010.95166666667,3639426.0,0.0,0.0,5.07361111111111,4.05888888888889,3.80520833333333,1567.8,1532.5,1172.3,1109.2,0.0,1986.0,0.0,0.0,729.0,2376.0,3.8,24.0,3.8,64.0,0.0,1010.95166666667,0.0,57.0,70.7,71.6,56.0,71.6,72.5,72.5,60.8,11.59,84.0,13.831,734.2,39.42,14.048,2.1,3.0,0.0,0.0,0.0,14.0,63.0,0.0,71.6,1.0,0.0,825.6,0.0,0.0,0.6,9.0,0.0,29.0,0.0,71.6,71.6,350.0,825.6,-50.0,0.0,0.0,0.0,0.0,400.0,0.0,0.0,0.0,0.0,0.0,0.0,56.5,730.0,4.443,6.2987475,13.7812909,10.5616831713948,,0.0,0.799358545503979,-1.20156391379667,-0.746616970679751,0.0,-0.0603159784439508,16.0,20.0,19.0,20.0,21.5,22.5,24.0,16.0,20.0,21.999999999999996,21.198592796195186,22.995083711127048,1.2861678997159023,-19.407528936896718,27.830000000000002
278.0,13.4,-14.5,729.7,0.0,0.0,0.0,20.0,66.2,66.2,66.2,66.2,66.2,-14.3856804651266,68.0,64.4,1010.95222222222,3639428.0,0.0,0.0,5.06736111111111,4.05388888888889,3.80052083333333,1567.8,1532.5,1172.3,1109.2,0.0,1282.0,0.0,0.0,728.0,2376.0,3.8,24.0,3.78,64.0,0.0,1010.95222222222,0.0,57.0,70.7,71.6,56.0,71.6,72.5,72.5,60.8,11.61,84.0,13.83,732.5,39.15,14.039,8.7,3.0,0.0,0.0,0.0,14.0,63.0,0.0,71.6,1.0,0.0,825.6,0.0,0.0,0.6,9.0,0.0,29.0,0.0,71.6,71.6,350.0,825.6,-50.0,0.0,0.0,0.0,0.0,400.0,0.0,0.0,0.0,0.0,0.0,0.0,56.5,730.0,4.443,6.2987475,13.7812909,10.552733204926,,0.0,0.804482496629407,-1.41768227849896,-0.880906655073176,0.0,-0.0855051190127247,16.0,20.0,19.0,20.0,21.5,22.5,24.0,16.0,20.0,21.999999999999996,21.198592796195186,14.996793724648056,1.2944123370767158,-19.383621496377703,27.54
279.0,13.4,-14.5,729.7,0.0,0.0,0.0,20.0,66.2,66.2,66.2,66.2,66.2,-14.3856804651266,68.0,64.4,1010.95222222222,3639428.0,0.0,0.0,5.06736111111111,4.05388888888889,3.80052083333333,1567.8,1532.5,1172.3,1109.2,0.0,1282.0,0.0,0.0,728.0,2376.0,3.8,24.0,3.78,64.0,0.0,1010.95222222222,0.0,57.0,70.7,71.6,56.0,71.6,72.5,72.5,60.8,11.61,84.0,13.83,732.5,39.15,14.039,8.7,3.0,0.0,0.0,0.0,14.0,63.0,0.0,71.6,1.0,0.0,825.6,0.0,0.0,0.6,9.0,0.0,29.0,0.0,71.6,71.6,350.0,825.6,-50.0,0.0,0.0,0.0,0.0,400.0,0.0,0.0,0.0,0.0,0.0,0.0,56.5,729.3,4.444,5.956955,13.7812909,10.552733204926,,0.0,0.804482496629407,-1.41768227849896,-0.880906655073176,0.0,-0.0855051190127247,16.0,20.0,19.0,20.0,21.5,22.5,24.0,16.0,20.0,21.999999999999996,12.653544705171798,14.996793724648056,1.2944123370767158,-19.383621496377703,27.54
280.0,13.4,-6.0,729.0,0.0,0.0,0.0,20.0,66.2,66.2,66.2,66.2,66.2,-5.94698495408728,68.0,64.4,1010.95277777778,3639430.0,0.0,0.0,5.0625,4.05,3.796875,1567.9,1532.5,1172.3,1109.2,0.0,666.0,0.0,0.0,727.0,2372.0,3.8,24.0,3.78,149.0,0.0,1010.95277777778,0.0,57.0,70.7,71.6,56.0,71.6,72.5,72.5,60.8,11.58,84.0,13.83,732.2,39.22,14.054,8.6,3.0,0.0,0.0,0.0,14.0,63.0,0.0,71.6,1.0,0.0,825.6,0.0,0.0,0.6,9.0,0.0,29.0,0.0,71.6,71.6,350.0,825.6,-50.0,0.0,0.0,0.0,0.0,400.0,0.0,0.0,0.0,0.0,0.0,0.0,56.5,729.3,4.444,5.956955,13.7812909,10.5069516317453,,0.0,0.806947951791399,-1.60036579789666,-0.994420896204847,0.0,-0.106506000076623,16.0,20.0,19.0,20.0,21.5,22.5,24.0,16.0,20.0,21.999999999999996,12.653544705171798,6.998503738169096,1.298379254432361,-10.71728583572774,27.64
281.0,13.4,-6.0,729.0,0.0,0.0,0.0,20.0,66.2,66.2,66.2,66.2,66.2,-5.94698495408728,68.0,64.4,1010.95277777778,3639430.0,0.0,0.0,5.0625,4.05,3.796875,1567.9,1532.5,1172.3,1109.2,0.0,666.0,0.0,0.0,727.0,2372.0,3.8,24.0,3.78,149.0,0.0,1010.95277777778,0.0,57.0,70.7,71.6,56.0,71.6,72.5,72.5,60.8,11.58,84.0,13.83,732.2,39.22,14.054,8.6,3.0,0.0,0.0,0.0,14.0,63.0,0.0,71.6,1.0,0.0,825.6,0.0,0.0,0.6,9.0,0.0,29.0,0.0,71.6,71.6,350.0,825.6,-50.0,0.0,0.0,0.0,0.0,400.0,0.0,0.0,0.0,0.0,0.0,0.0,56.5,728.6,4.444,5.956955,13.7905686,10.5069516317453,,0.0,0.806947951791399,-1.60036579789666,-0.994420896204847,0.0,-0.106506000076623,16.0,20.0,19.0,20.0,21.5,22.5,24.0,16.0,20.0,21.999999999999996,5.451959385314758,6.998503738169096,1.298379254432361,-10.71728583572774,27.64
282.0,13.4,0.0,728.4,0.0,0.0,0.0,20.0,66.2,66.2,66.2,66.2,66.2,0.0,68.0,64.4,1010.95333333333,3639432.0,0.0,0.0,5.05833333333333,4.04666666666667,3.79375,1567.9,1532.5,1172.3,1109.2,0.0,107.0,0.0,0.0,727.0,2372.0,3.78,24.0,3.78,149.0,0.0,1010.95333333333,0.0,57.0,70.7,71.6,56.0,71.6,72.5,72.5,60.8,11.6,84.0,13.829,731.4,38.8,14.043,-1.3,3.0,0.0,0.0,0.0,14.0,63.0,0.0,71.6,1.0,0.0,825.6,0.0,0.0,0.6,9.0,0.0,29.0,0.0,71.6,71.6,350.0,825.6,-50.0,0.0,0.0,0.0,0.0,400.0,0.0,0.0,0.0,0.0,0.0,0.0,56.5,728.6,4.444,5.956955,13.7905686,10.4310837224134,0.0,0.0,0.806947951791399,-1.60036579789666,-0.994420896204847,0.0,-0.116697799346702,16.0,20.0,19.0,20.0,21.5,22.5,24.0,16.0,20.0,21.999999999999996,5.451959385314758,0.0,1.298379254432361,-4.431088975589097,27.199999999999996
283.0,13.4,0.0,728.4,0.0,0.0,0.0,20.0,66.2,66.2,66.2,66.2,66.2,0.0,68.0,64.4,1010.95333333333,3639432.0,0.0,0.0,5.05833333333333,4.04666666666667,3.79375,1567.9,1532.5,1172.3,1109.2,0.0,107.0,0.0,0.0,727.0,2372.0,3.78,24.0,3.78,149.0,0.0,1010.95333333333,0.0,57.0,70.7,71.6,56.0,71.6,72.5,72.5,60.8,11.6,84.0,13.829,731.4,38.8,14.043,-1.3,3.0,0.0,0.0,0.0,14.0,63.0,0.0,71.6,1.0,0.0,825.6,0.0,0.0,0.6,9.0,0.0,29.0,0.0,71.6,71.6,350.0,825.6,-50.0,0.0,0.0,0.0,0.0,400.0,0.0,0.0,0.0,0.0,0.0,0.0,56.5,728.3,4.444,0.0,13.7905686,10.4310837224134,0.0,0.0,0.806947951791399,-1.60036579789666,-0.994420896204847,0.0,-0.116697799346702,16.0,20.0,19.0,20.0,21.5,22.5,24.0,16.0,20.0,21.999999999999996,0.21870324181778447,0.0,1.298379254432361,-4.431088975589097,27.199999999999996
284.0,13.4,0.7,728.3,0.0,0.0,0.0,20.0,66.2,66.2,66.2,66.2,66.2,0.693148696717704,68.0,64.4,1010.95388888889,3639434.0,0.0,0.0,5.05763888888889,4.04611111111111,3.79322916666667,1567.9,1532.5,1172.3,1109.2,0.0,0.0,0.0,0.0,726.0,2372.0,3.78,24.0,3.78,64.0,0.0,1010.95388888889,0.0,57.0,70.7,71.6,56.0,71.6,72.5,72.5,60.8,11.59,84.0,13.832,731.6,38.81,14.042,0.0,3.0,0.0,0.0,0.0,14.0,63.0,0.0,71.6,1.0,0.0,825.6,0.0,0.0,0.6,9.0,0.0,29.0,0.0,71.6,71.6,350.0,825.6,-50.0,0.0,0.0,0.0,0.0,400.0,0.0,0.0,0.0,0.0,0.0,0.0,56.5,728.3,4.444,0.0,13.7905686,10.3552669451081,0.0,0.0,0.806947951791399,0.0,0.0,0.0,-0.0807333661972139,16.0,20.0,19.0,20.0,21.5,22.5,24.0,16.0,20.0,21.999999999999996,0.21870324181778447,0.0,1.298379254432361,0.0,27.220000000000002
285.0,13.4,0.7,728.3,0.0,0.0,0.0,20.0,66.2,66.2,66.2,66.2,66.2,0.693148696717704,68.0,64.4,1010.95388888889,3639434.0,0.0,0.0,5.05763888888889,4.04611111111111,3.79322916666667,1567.9,1532.5,1172.3,1109.2,0.0,0.0,0.0,0.0,726.0,2372.0,3.78,24.0,3.78,64.0,0.0,1010.95388888889,0.0,57.0,70.7,71.6,56.0,71.6,72.5,72.5,60.8,11.59,84.0,13.832,731.6,38.81,14.042,0.0,3.0,0.0,0.0,0.0,14.0,63.0,0.0,71.6,1.0,0.0,825.6,0.0,0.0,0.6,9.0,0.0,29.0,0.0,71.6,71.6,350.0,825.6,-50.0,0.0,0.0,0.0,0.0,400.0,0.0,0.0,0.0,0.0,0.0,0.0,56.5,728.3,4.444,0.0,13.7905686,10.3552669451081,0.0,0.0,0.806947951791399,0.0,0.0,0.0,-0.0807333661972139,16.0,20.0,19.0,20.0,21.5,22.5,24.0,16.0,20.0,21.999999999999996,0.06248664051936694,0.0,1.298379254432361,0.0,27.220000000000002
286.0,13.4,0.8,728.3,0.0,0.0,0.0,20.0,66.2,66.2,66.2,66.2,66.2,0.792169939105947,68.0,64.4,1010.95444444444,3639436.0,0.0,0.0,5.05763888888889,4.04611111111111,3.79322916666667,1567.9,1532.5,1172.3,1109.2,0.0,0.0,0.0,0.0,726.0,2372.0,3.78,24.0,3.78,64.0,0.0,1010.95444444444,0.0,57.0,70.7,71.6,56.0,71.6,72.5,72.5,60.8,11.88,84.0,13.847,731.9,38.61,14.062,0.0,3.0,0.0,0.0,0.0,14.0,63.0,0.0,71.6,1.0,0.0,825.6,0.0,0.0,0.6,9.0,0.0,29.0,0.0,71.6,71.6,350.0,825.6,-50.0,0.0,0.0,0.0,0.0,400.0,0.0,0.0,0.0,0.0,0.0,0.0,56.5,728.3,4.444,0.0,13.7905686,10.2782665372193,0.0,0.0,0.806947951791399,0.0,0.0,0.0,-0.0518652068062219,16.0,20.0,19.0,20.0,21.5,22.5,24.0,16.0,20.0,21.999999999999996,0.06248664051936694,0.0,1.298379254432361,0.5168894084397494,26.729999999999997
287.0,13.4,0.8,728.3,0.0,0.0,0.0,20.0,66.2,66.2,66.2,66.2,66.2,0.792169939105947,68.0,64.4,1010.95444444444,3639436.0,0.0,0.0,5.05763888888889,4.04611111111111,3.79322916666667,1567.9,1532.5,1172.3,1109.2,0.0,0.0,0.0,0.0,726.0,2372.0,3.78,24.0,3.78,64.0,0.0,1010.95444444444,0.0,57.0,70.7,71.6,56.0,71.6,72.5,72.5,60.8,11.88,84.0,13.847,731.9,38.61,14.062,0.0,3.0,0.0,0.0,0.0,14.0,63.0,0.0,71.6,1.0,0.0,825.6,0.0,0.0,0.6,9.0,0.0,29.0,0.0,71.6,71.6,350.0,825.6,-50.0,0.0,0.0,0.0,0.0,400.0,0.0,0.0,0.0,0.0,0.0,0.0,56.5,728.3,4.444,0.0,13.8003346,10.2782665372193,0.0,0.0,0.806947951791399,0.0,0.0,0.0,-0.0518652068062219,16.0,20.0,19.0,20.0,21.5,22.5,24.0,16.0,20.0,21.999999999999996,0.0,0.0,1.298379254432361,0.5168894084397494,26.729999999999997
288.0,13.4,0.8,728.3,0.0,0.0,0.0,20.0,66.2,66.2,66.2,66.2,66.2,0.792169939105947,68.0,64.4,1010.955,3639438.0,0.0,0.0,5.05763888888889,4.04611111111111,3.79322916666667,1567.9,1532.5,1172.3,1109.2,0.0,0.0,0.0,0.0,726.0,2376.0,3.78,24.0,3.78,149.0,0.0,1010.955,0.0,57.0,70.7,71.6,56.0,71.6,72.5,72.5,60.8,11.87,84.0,13.848,731.5,38.89,14.067,0.0,3.0,0.0,0.0,0.0,14.0,63.0,0.0,71.6,1.0,0.0,825.6,0.0,0.0,0.6,9.0,0.0,29.0,0.0,71.6,71.6,350.0,825.6,-50.0,0.0,0.0,0.0,0.0,400.0,0.0,0.0,0.0,0.0,0.0,0.0,56.5,728.3,4.444,0.0,13.8003346,10.2036096319019,0.0,0.0,0.806947951791399,0.0,0.0,0.0,-0.02412354716092,16.0,20.0,19.0,20.0,21.5,22.5,24.0,16.0,20.0,21.999999999999996,0.0,0.0,1.298379254432361,0.5907307525025705,27.020000000000003
289.0,13.4,0.8,728.3,0.0,0.0,0.0,20.0,66.2,66.2,66.2,66.2,66.2,0.792169939105947,68.0,64.4,1010.955,3639438.0,0.0,0.0,5.05763888888889,4.04611111111111,3.79322916666667,1567.9,1532.5,1172.3,1109.2,0.0,0.0,0.0,0.0,726.0,2376.0,3.78,24.0,3.78,149.0,0.0,1010.955,0.0,57.0,70.7,71.6,56.0,71.6,72.5,72.5,60.8,11.87,84.0,13.848,731.5,38.89,14.067,0.0,3.0,0.0,0.0,0.0,14.0,63.0,0.0,71.6,1.0,0.0,825.6,0.0,0.0,0.6,9.0,0.0,29.0,0.0,71.6,71.6,350.0,825.6,-50.0,0.0,0.0,0.0,0.0,400.0,0.0,0.0,0.0,0.0,0.0,0.0,56.5,728.3,4.444,0.0,13.7915452,10.2036096319019,0.0,0.0,0.806947951791399,0.0,0.0,0.0,-0.02412354716092,16.0,20.0,19.0,20.0,21.5,22.5,24.0,16.0,20.0,21.999999999999996,0.0,0.0,1.298379254432361,0.5907307525025705,27.020000000000003
290.0,13.4,0.8,728.3,0.0,0.0,0.0,20.0,66.2,66.2,66.2,66.2,66.2,0.792169939105947,68.0,64.4,1010.95583333333,3639441.0,0.0,0.0,5.05763888888889,4.04611111111111,3.79322916666667,1567.9,1532.5,1172.3,1109.2,0.0,0.0,0.0,0.0,727.0,2376.0,3.78,24.0,3.78,64.0,0.0,1010.95583333333,0.0,57.0,70.7,71.6,56.0,71.6,72.5,72.5,60.8,11.87,84.0,13.848,731.5,38.89,14.067,0.0,3.0,0.0,0.0,0.0,14.0,63.0,0.0,71.6,1.0,0.0,825.6,0.0,0.0,0.6,9.0,0.0,29.0,0.0,71.6,71.6,350.0,825.6,-50.0,0.0,0.0,0.0,0.0,400.0,0.0,0.0,0.0,0.0,0.0,0.0,56.5,728.3,4.441,0.0,13.7915452,10.1278038942863,0.0,0.0,0.806947951791399,0.0,0.0,0.0,0.0,16.0,20.0,19.0,20.0,21.5,22.5,24.0,16.0,20.0,21.999999999999996,0.0,0.0,1.298379254432361,0.5907307525025705,27.020000000000003
291.0,13.4,0.8,728.3,0.0,0.0,0.0,20.0,66.2,66.2,66.2,66.2,66.2,0.792169939105947,68.0,64.4,1010.95583333333,3639441.0,0.0,0.0,5.05763888888889,4.04611111111111,3.79322916666667,1567.9,1532.5,1172.3,1109.2,0.0,0.0,0.0,0.0,727.0,2376.0,3.78,24.0,3.78,64.0,0.0,1010.95583333333,0.0,57.0,70.7,71.6,56.0,71.6,72.5,72.5,60.8,11.54,84.0,13.832,731.3,38.59,14.061,0.0,3.0,0.0,0.0,0.0,14.0,63.0,0.0,71.6,1.0,0.0,825.6,0.0,0.0,0.6,9.0,0.0,29.0,0.0,71.6,71.6,350.0,825.6,-50.0,0.0,0.0,0.0,0.0,400.0,0.0,0.0,0.0,0.0,0.0,0.0,56.5,728.3,4.441,0.0,13.7915452,10.1278038942863,0.0,0.0,0.806947951791399,0.0,0.0,0.0,0.0,16.0,20.0,19.0,20.0,21.5,22.5,24.0,16.0,20.0,23.000000000000004,0.0,0.0,1.298379254432361,0.5907307525025705,27.050000000000004
292.0,13.4,0.8,728.3,0.0,0.0,0.0,20.0,66.2,66.2,66.2,66.2,66.2,0.792169939105947,68.0,64.4,1010.95638888889,3639443.0,0.0,0.0,5.05763888888889,4.04611111111111,3.79322916666667,1567.9,1532.5,1172.3,1109.2,0.0,0.0,0.0,0.0,727.0,2376.0,3.78,24.0,3.78,64.0,0.0,1010.95638888889,0.0,57.0,70.7,71.6,56.0,71.6,72.5,72.5,60.8,11.54,84.0,13.832,731.3,38.59,14.061,0.0,3.0,0.0,0.0,0.0,14.0,63.0,0.0,71.6,1.0,0.0,825.6,0.0,0.0,0.6,9.0,0.0,29.0,0.0,71.6,71.6,350.0,825.6,-50.0,0.0,0.0,0.0,0.0,400.0,0.0,0.0,0.0,0.0,0.0,0.0,56.5,728.3,4.444,0.0,13.7915452,10.0520951857685,0.0,0.0,0.806947951791399,0.0,0.0,0.0,0.0,16.0,20.0,19.0,20.0,21.5,22.5,24.0,16.0,20.0,23.000000000000004,0.0,0.0,1.298379254432361,0.5907307525025705,27.050000000000004
293.0,13.4,0.8,728.3,0.0,0.0,0.0,20.0,66.2,66.2,66.2,66.2,66.2,0.792169939105947,68.0,64.4,1010.95638888889,3639443.0,0.0,0.0,5.05763888888889,4.04611111111111,3.79322916666667,1567.9,1532.5,1172.3,1109.2,0.0,0.0,0.0,0.0,727.0,2376.0,3.78,24.0,3.78,64.0,0.0,1010.95638888889,0.0,57.0,70.7,71.6,56.0,71.6,72.5,72.5,60.8,11.45,84.0,13.833,731.0,38.53,14.054,0.0,3.0,0.0,0.0,0.0,14.0,63.0,0.0,71.6,1.0,0.0,825.6,0.0,0.0,0.6,9.0,0.0,29.0,0.0,71.6,71.6,350.0,825.6,-50.0,0.0,0.0,0.0,0.0,400.0,0.0,0.0,0.0,0.0,0.0,0.0,56.5,728.3,4.444,0.0,13.8105889,10.0520951857685,0.0,0.0,0.806947951791399,0.0,0.0,0.0,0.0,16.0,20.0,19.0,20.0,21.5,22.5,24.0,16.0,20.0,23.000000000000004,0.0,0.0,1.298379254432361,0.5907307525025705,27.080000000000002
294.0,13.4,0.8,728.3,0.0,0.0,0.0,20.0,66.2,66.2,66.2,66.2,66.2,0.792169939105947,68.0,64.4,1010.95694444444,3639445.0,0.0,0.0,5.05763888888889,4.04611111111111,3.79322916666667,1567.9,1532.5,1172.3,1109.2,0.0,0.0,0.0,0.0,726.0,2376.0,3.78,24.0,3.78,64.0,0.0,1010.95694444444,0.0,57.0,70.7,71.6,56.0,71.6,72.5,72.5,60.8,11.45,84.0,13.833,731.0,38.53,14.054,0.0,3.0,0.0,0.0,0.0,14.0,63.0,0.0,71.6,1.0,0.0,825.6,0.0,0.0,0.6,9.0,0.0,29.0,0.0,71.6,71.6,350.0,825.6,-50.0,0.0,0.0,0.0,0.0,400.0,0.0,0.0,0.0,0.0,0.0,0.0,56.5,728.3,4.444,0.0,13.8105889,10.0520951857685,0.0,0.0,0.806947951791399,0.0,0.0,0.0,0.0,16.0,20.0,19.0,20.0,21.5,22.5,24.0,16.0,20.0,23.000000000000004,0.0,0.0,1.298379254432361,0.5907307525025705,27.080000000000002
295.0,13.4,0.8,728.3,0.0,0.0,0.0,20.0,66.2,66.2,66.2,66.2,66.2,0.792169939105947,68.0,64.4,1010.95694444444,3639445.0,0.0,0.0,5.05763888888889,4.04611111111111,3.79322916666667,1567.9,1532.5,1172.3,1109.2,0.0,0.0,0.0,0.0,726.0,2376.0,3.78,24.0,3.78,64.0,0.0,1010.95694444444,0.0,57.0,70.7,71.6,56.0,71.6,72.5,72.5,60.8,11.42,84.0,13.834,731.3,38.54,14.045,0.0,3.0,0.0,0.0,0.0,14.0,63.0,0.0,71.6,1.0,0.0,825.6,0.0,0.0,0.6,9.0,0.0,29.0,0.0,71.6,71.6,350.0,825.6,-50.0,0.0,0.0,0.0,0.0,400.0,0.0,0.0,0.0,0.0,0.0,0.0,56.5,728.3,4.444,0.0,13.8003346,9.98059096978846,0.0,0.0,0.806947951791399,0.0,0.0,0.0,0.0,16.0,20.0,19.0,20.0,21.5,22.5,24.0,16.0,20.0,23.000000000000004,0.0,0.0,1.298379254432361,0.5907307525025705,27.119999999999997
296.0,13.4,0.8,728.3,0.0,0.0,0.0,20.0,66.2,66.2,66.2,66.2,66.2,0.792169939105947,68.0,64.4,1010.9575,3639447.0,0.0,0.0,5.05763888888889,4.04611111111111,3.79322916666667,1567.9,1532.5,1172.3,1109.2,0.0,0.0,0.0,0.0,726.0,2379.0,3.78,24.0,3.78,64.0,0.0,1010.9575,0.0,57.0,70.7,71.6,56.0,71.6,72.5,72.5,60.8,11.42,84.0,13.834,731.3,38.54,14.045,0.0,3.0,0.0,0.0,0.0,14.0,63.0,0.0,71.6,1.0,0.0,825.6,0.0,0.0,0.6,9.0,0.0,29.0,0.0,71.6,71.6,350.0,825.6,-50.0,0.0,0.0,0.0,0.0,400.0,0.0,0.0,0.0,0.0,0.0,0.0,56.5,728.3,4.443,0.0,13.8003346,9.98059096978846,0.0,0.0,0.806947951791399,0.0,0.0,0.0,0.0,16.0,20.0,19.0,20.0,21.5,22.5,24.0,16.0,20.0,23.000000000000004,0.0,0.0,1.298379254432361,0.5907307525025705,27.119999999999997
297.0,13.4,0.8,728.3,0.0,0.0,0.0,20.0,66.2,66.2,66.2,66.2,66.2,0.792169939105947,68.0,64.4,1010.9575,3639447.0,0.0,0.0,5.05763888888889,4.04611111111111,3.79322916666667,1567.9,1532.5,1172.3,1109.2,0.0,0.0,0.0,0.0,726.0,2379.0,3.78,24.0,3.78,64.0,0.0,1010.9575,0.0,57.0,70.7,71.6,56.0,72.5,72.5,72.5,60.8,11.82,84.0,13.848,731.4,39.05,14.059,0.0,3.0,0.0,0.0,0.0,14.0,63.0,0.0,71.6,1.0,0.0,825.6,0.0,0.0,0.6,9.0,0.0,29.0,0.0,71.6,71.6,350.0,825.6,-50.0,0.0,0.0,0.0,0.0,400.0,0.0,0.0,0.0,0.0,0.0,0.0,56.5,728.3,4.443,0.0,13.8003346,9.91219669469434,0.0,0.0,0.806947951791399,0.0,0.0,0.0,0.0,16.0,20.0,19.0,20.0,21.5,22.5,24.0,16.0,20.0,23.000000000000004,0.0,0.0,1.298379254432361,0.5907307525025705,27.229999999999997
298.0,13.4,0.8,728.4,0.0,0.0,0.0,20.0,66.2,66.2,66.2,66.2,66.2,0.792278708835331,68.0,64.4,1010.95805555556,3639449.0,0.0,0.0,5.05833333333333,4.04666666666667,3.79375,1567.9,1532.5,1172.3,1109.2,0.0,0.0,0.0,0.0,726.0,2379.0,3.78,24.0,3.78,64.0,0.0,1010.95805555556,0.0,57.0,70.7,71.6,56.0,72.5,72.5,72.5,60.8,11.82,84.0,13.848,731.4,39.05,14.059,0.0,3.0,0.0,0.0,0.0,14.0,63.0,0.0,71.6,1.0,0.0,825.6,0.0,0.0,0.6,9.0,0.0,29.0,0.0,71.6,71.6,350.0,825.6,-50.0,0.0,0.0,0.0,0.0,400.0,0.0,0.0,0.0,0.0,0.0,0.0,56.5,728.4,4.444,0.0,13.8003346,9.91219669469434,0.0,0.0,0.806947951791399,0.0,0.0,0.0,0.0,16.0,20.0,19.0,20.0,21.5,22.5,24.0,16.0,20.0,23.000000000000004,0.0,0.0,1.298379254432361,0.59081186341188,27.229999999999997
299.0,13.4,0.8,728.4,0.0,0.0,0.0,20.0,66.2,66.2,66.2,66.2,66.2,0.792278708835331,68.0,64.4,1010.95805555556,3639449.0,0.0,0.0,5.05833333333333,4.04666666666667,3.79375,1567.9,1532.5,1172.3,1109.2,0.0,0.0,0.0,0.0,726.0,2379.0,3.78,24.0,3.78,64.0,0.0,1010.95805555556,0.0,57.0,70.7,71.6,56.0,71.6,72.5,72.5,60.8,11.41,84.0,13.832,731.4,38.26,14.04,0.0,3.0,0.0,0.0,0.0,14.0,63.0,0.0,71.6,1.0,0.0,825.6,0.0,0.0,0.6,9.0,0.0,29.0,0.0,71.6,71.6,350.0,825.6,-50.0,0.0,0.0,0.0,0.0,400.0,0.0,0.0,0.0,0.0,0.0,0.0,56.5,728.4,4.444,0.0,13.8105889,9.84366855541913,0.0,0.0,0.806947951791399,0.0,0.0,0.0,0.0,16.0,20.0,19.0,20.0,21.5,22.5,24.0,16.0,20.0,23.000000000000004,0.0,0.0,1.298379254432361,0.59081186341188,26.849999999999998
300.0,13.4,0.8,728.4,0.0,0.0,0.0,20.0,66.2,66.2,66.2,66.2,66.2,0.792278708835331,68.0,64.4,1010.95861111111,3639451.0,0.0,0.0,5.05833333333333,4.04666666666667,3.79375,1567.9,1532.5,1172.3,1109.2,0.0,0.0,0.0,0.0,727.0,2379.0,3.78,24.0,3.78,64.0,0.0,1010.95861111111,0.0,57.0,70.7,71.6,56.0,71.6,72.5,72.5,60.8,11.41,84.0,13.832,731.4,38.26,14.04,0.0,3.0,0.0,0.0,0.0,14.0,63.0,0.0,71.6,1.0,0.0,825.6,0.0,0.0,0.6,9.0,0.0,29.0,0.0,71.6,71.6,350.0,825.6,-50.0,0.0,0.0,0.0,0.0,400.0,0.0,0.0,0.0,0.0,0.0,0.0,56.5,728.4,4.444,0.0,13.8105889,9.84366855541913,0.0,0.0,0.806947951791399,0.0,0.0,0.0,0.0,16.0,20.0,19.0,20.0,21.5,22.5,24.0,16.0,20.0,23.000000000000004,0.0,0.0,1.298379254432361,0.59081186341188,26.849999999999998
301.0,13.4,0.8,728.4,0.0,0.0,0.0,20.0,66.2,66.2,66.2,66.2,66.2,0.792278708835331,68.0,64.4,1010.95861111111,3639451.0,0.0,0.0,5.05833333333333,4.04666666666667,3.79375,1567.9,1532.5,1172.3,1109.2,0.0,0.0,0.0,0.0,727.0,2379.0,3.78,24.0,3.78,64.0,0.0,1010.95861111111,0.0,57.0,70.7,71.6,56.0,71.6,72.5,72.5,60.8,11.73,84.0,13.849,731.6,38.12,14.043,1.6,3.0,0.0,0.0,0.0,14.0,63.0,0.0,71.6,1.0,0.0,825.6,0.0,0.0,0.6,9.0,0.0,29.0,0.0,71.6,71.6,350.0,825.6,-50.0,0.0,0.0,0.0,0.0,400.0,0.0,0.0,0.0,0.0,0.0,0.0,56.5,728.4,4.444,0.0,13.799358,9.77699089802262,0.0,0.0,0.806947951791399,0.0,0.0,0.0,0.0,16.0,20.0,19.0,20.0,21.5,22.5,24.0,16.0,20.0,23.000000000000004,0.0,0.0,1.298379254432361,0.59081186341188,26.389999999999997
302.0,13.4,0.8,728.3,0.0,0.0,0.0,20.0,66.2,66.2,66.2,66.2,66.2,0.792169939105947,68.0,64.4,1010.95916666667,3639453.0,0.0,0.0,5.05763888888889,4.04611111111111,3.79322916666667,1567.9,1532.5,1172.3,1109.2,0.0,0.0,0.0,0.0,726.0,2379.0,3.78,24.0,3.78,78.0,0.0,1010.95916666667,0.0,57.0,70.7,71.6,56.0,71.6,72.5,72.5,60.8,11.73,84.0,13.849,731.6,38.12,14.043,1.6,3.0,0.0,0.0,0.0,14.0,63.0,0.0,71.6,1.0,0.0,825.6,0.0,0.0,0.6,9.0,0.0,29.0,0.0,71.6,71.6,350.0,825.6,-50.0,0.0,0.0,0.0,0.0,400.0,0.0,0.0,0.0,0.0,0.0,0.0,56.5,728.4,4.443,0.0,13.799358,9.77699089802262,0.0,0.0,0.806947951791399,0.0,0.0,0.0,0.0,16.0,20.0,19.0,20.0,21.5,22.5,24.0,16.0,20.0,23.000000000000004,0.0,0.0,1.298379254432361,0.5907307525025705,26.389999999999997
303.0,13.4,0.8,728.3,0.0,0.0,0.0,20.0,66.2,66.2,66.2,66.2,66.2,0.792169939105947,68.0,64.4,1010.95916666667,3639453.0,0.0,0.0,5.05763888888889,4.04611111111111,3.79322916666667,1567.9,1532.5,1172.3,1109.2,0.0,0.0,0.0,0.0,726.0,2379.0,3.78,24.0,3.78,78.0,0.0,1010.95916666667,0.0,57.0,70.7,71.6,56.0,72.5,72.5,72.5,60.8,11.42,84.0,13.833,731.6,38.52,14.069,0.3,3.0,0.0,0.0,0.0,14.0,63.0,0.0,71.6,1.0,0.0,825.6,0.0,0.0,0.6,9.0,0.0,29.0,0.0,71.6,71.6,350.0,825.6,-50.0,0.0,0.0,0.0,0.0,400.0,0.0,0.0,0.0,0.0,0.0,0.0,56.5,728.4,4.443,0.0,13.7915452,9.71041522823924,0.0,0.0,0.806947951791399,0.0,0.0,0.0,0.0,16.0,20.0,19.0,20.0,21.5,22.5,24.0,16.0,20.0,23.000000000000004,0.0,0.0,1.298379254432361,0.5907307525025705,27.1
304.0,13.4,0.8,728.4,0.0,0.0,0.0,20.0,66.2,66.2,66.2,66.2,66.2,0.792278708835331,68.0,64.4,1010.95972222222,3639455.0,0.0,0.0,5.05833333333333,4.04666666666667,3.79375,1567.9,1532.5,1172.3,1109.2,0.0,0.0,0.0,0.0,726.0,2379.0,3.78,24.0,3.78,64.0,0.0,1010.95972222222,0.0,57.0,70.7,71.6,56.0,72.5,72.5,72.5,60.8,11.42,84.0,13.833,731.6,38.52,14.069,0.3,3.0,0.0,0.0,0.0,14.0,63.0,0.0,71.6,1.0,0.0,825.6,0.0,0.0,0.6,9.0,0.0,29.0,0.0,71.6,71.6,350.0,825.6,-50.0,0.0,0.0,0.0,0.0,400.0,0.0,0.0,0.0,0.0,0.0,0.0,56.5,728.4,4.443,0.0,13.7915452,9.71041522823924,0.0,0.0,0.806947951791399,0.0,0.0,0.0,0.0,16.0,20.0,19.0,20.0,21.5,22.5,24.0,16.0,20.0,23.000000000000004,0.0,0.0,1.298379254432361,0.59081186341188,27.1
305.0,13.4,0.8,728.4,0.0,0.0,0.0,20.0,66.2,66.2,66.2,66.2,66.2,0.792278708835331,68.0,64.4,1010.95972222222,3639455.0,0.0,0.0,5.05833333333333,4.04666666666667,3.79375,1567.9,1532.5,1172.3,1109.2,0.0,0.0,0.0,0.0,726.0,2379.0,3.78,24.0,3.78,64.0,0.0,1010.95972222222,0.0,57.0,70.7,71.6,56.0,71.6,72.5,72.5,60.8,11.34,84.0,13.836,731.6,38.51,14.042,0.2,3.0,0.0,0.0,0.0,14.0,63.0,0.0,71.6,1.0,0.0,825.6,0.0,0.0,0.6,9.0,0.0,29.0,0.0,71.6,71.6,350.0,825.6,-50.0,0.0,0.0,0.0,0.0,400.0,0.0,0.0,0.0,0.0,0.0,0.0,56.5,728.4,4.443,0.0,13.8003346,9.64560572767909,0.0,0.0,0.806947951791399,0.0,0.0,0.0,0.0,16.0,20.0,19.0,20.0,21.5,22.5,24.0,16.0,20.0,23.000000000000004,0.0,0.0,1.298379254432361,0.59081186341188,27.169999999999998
306.0,13.4,0.8,728.4,0.0,0.0,0.0,20.0,66.2,66.2,66.2,66.2,66.2,0.792278708835331,68.0,64.4,1010.96027777778,3639457.0,0.0,0.0,5.05833333333333,4.04666666666667,3.79375,1567.9,1532.5,1172.3,1109.2,0.0,0.0,0.0,0.0,726.0,2379.0,3.78,24.0,3.78,149.0,0.0,1010.96027777778,0.0,57.0,70.7,71.6,56.0,71.6,72.5,72.5,60.8,11.34,84.0,13.836,731.6,38.51,14.042,0.2,3.0,0.0,0.0,0.0,14.0,63.0,0.0,71.6,1.0,0.0,825.6,0.0,0.0,0.6,9.0,0.0,29.0,0.0,71.6,71.6,350.0,825.6,-50.0,0.0,0.0,0.0,0.0,400.0,0.0,0.0,0.0,0.0,0.0,0.0,56.5,728.4,4.443,0.0,13.8003346,9.64560572767909,0.0,0.0,0.806947951791399,0.0,0.0,0.0,0.0,16.0,20.0,19.0,20.0,21.5,22.5,24.0,16.0,20.0,23.000000000000004,0.0,0.0,1.298379254432361,0.59081186341188,27.169999999999998
307.0,13.4,0.8,728.4,0.0,0.0,0.0,20.0,66.2,66.2,66.2,66.2,66.2,0.792278708835331,68.0,64.4,1010.96027777778,3639457.0,0.0,0.0,5.05833333333333,4.04666666666667,3.79375,1567.9,1532.5,1172.3,1109.2,0.0,0.0,0.0,0.0,726.0,2379.0,3.78,24.0,3.78,149.0,0.0,1010.96027777778,0.0,57.0,70.7,71.6,57.0,72.5,72.5,72.5,60.8,11.73,84.0,13.849,731.5,38.78,14.066,0.3,3.0,0.0,0.0,0.0,14.0,63.0,0.0,71.6,1.0,0.0,825.6,0.0,0.0,0.6,9.0,0.0,29.0,0.0,71.6,71.6,350.0,825.6,-50.0,0.0,0.0,0.0,0.0,400.0,0.0,0.0,0.0,0.0,0.0,0.0,56.5,728.4,4.443,0.0,13.7905686,9.58068590941994,0.0,0.0,0.806947951791399,0.0,0.0,0.0,0.0,16.0,20.0,19.0,20.0,21.5,22.5,24.0,16.0,20.0,23.000000000000004,0.0,0.0,1.298379254432361,0.59081186341188,27.05
308.0,13.4,0.7,728.4,0.0,0.0,0.0,20.0,66.2,66.2,66.2,66.2,66.2,0.693243870230915,68.0,64.4,1010.96083333333,3639459.0,0.0,0.0,5.05833333333333,4.04666666666667,3.79375,1567.9,1532.5,1172.3,1109.2,0.0,0.0,0.0,0.0,726.0,2379.0,3.78,24.0,3.78,64.0,0.0,1010.96083333333,0.0,57.0,70.7,71.6,57.0,72.5,72.5,72.5,60.8,11.73,84.0,13.849,731.5,38.78,14.066,0.3,3.0,0.0,0.0,0.0,14.0,63.0,0.0,71.6,1.0,0.0,825.6,0.0,0.0,0.6,9.0,0.0,29.0,0.0,71.6,71.6,350.0,825.6,-50.0,0.0,0.0,0.0,0.0,400.0,0.0,0.0,0.0,0.0,0.0,0.0,56.5,728.4,4.444,0.0,13.7905686,9.58068590941994,0.0,0.0,0.806947951791399,0.0,0.0,0.0,0.0,16.0,20.0,19.0,20.0,21.5,22.5,24.0,16.0,20.0,23.000000000000004,0.0,0.0,1.298379254432361,0.59081186341188,27.05
309.0,13.4,0.7,728.4,0.0,0.0,0.0,20.0,66.2,66.2,66.2,66.2,66.2,0.693243870230915,68.0,64.4,1010.96083333333,3639459.0,0.0,0.0,5.05833333333333,4.04666666666667,3.79375,1567.9,1532.5,1172.3,1109.2,0.0,0.0,0.0,0.0,726.0,2379.0,3.78,24.0,3.78,64.0,0.0,1010.96083333333,0.0,57.0,70.7,71.6,57.0,72.5,72.5,72.5,60.8,11.33,84.0,13.834,731.3,38.77,14.063,0.0,3.0,0.0,0.0,0.0,14.0,63.0,0.0,71.6,1.0,0.0,825.6,0.0,0.0,0.6,9.0,0.0,29.0,0.0,71.6,71.6,350.0,825.6,-50.0,0.0,0.0,0.0,0.0,400.0,0.0,0.0,0.0,0.0,0.0,0.0,56.5,728.4,4.444,0.0,13.8105889,9.51763091395699,0.0,0.0,0.806947951791399,0.0,0.0,0.0,0.0,16.0,20.0,19.0,20.0,21.5,22.5,24.0,16.0,20.0,23.000000000000004,0.0,0.0,1.298379254432361,0.59081186341188,27.440000000000005
310.0,13.4,0.8,728.4,0.0,0.0,0.0,20.0,66.2,66.2,66.2,66.2,66.2,0.792278708835331,68.0,64.4,1010.96138888889,3639461.0,0.0,0.0,5.05833333333333,4.04666666666667,3.79375,1567.9,1532.5,1172.3,1109.2,0.0,0.0,0.0,0.0,727.0,2379.0,3.78,24.0,3.78,149.0,0.0,1010.96138888889,0.0,57.0,70.7,71.6,57.0,72.5,72.5,72.5,60.8,11.33,84.0,13.834,731.3,38.77,14.063,0.0,3.0,0.0,0.0,0.0,14.0,63.0,0.0,71.6,1.0,0.0,825.6,0.0,0.0,0.6,9.0,0.0,29.0,0.0,71.6,71.6,350.0,825.6,-50.0,0.0,0.0,0.0,0.0,400.0,0.0,0.0,0.0,0.0,0.0,0.0,56.5,728.4,4.443,0.0,13.8105889,9.51763091395699,0.0,0.0,0.806947951791399,0.0,0.0,0.0,0.0,16.0,20.0,19.0,20.0,21.5,22.5,24.0,16.0,20.0,23.000000000000004,0.0,0.0,1.298379254432361,0.5169603804853953,27.440000000000005
311.0,13.4,0.8,728.4,0.0,0.0,0.0,20.0,66.2,66.2,66.2,66.2,66.2,0.792278708835331,68.0,64.4,1010.96138888889,3639461.0,0.0,0.0,5.05833333333333,4.04666666666667,3.79375,1567.9,1532.5,1172.3,1109.2,0.0,0.0,0.0,0.0,727.0,2379.0,3.78,24.0,3.78,149.0,0.0,1010.96138888889,0.0,57.0,70.7,71.6,57.0,71.6,72.5,72.5,60.8,11.23,85.0,13.835,731.7,38.1,14.028,0.0,3.0,0.0,0.0,0.0,14.0,63.0,0.0,71.6,1.0,0.0,825.6,0.0,0.0,0.6,9.0,0.0,29.0,0.0,71.6,71.6,350.0,825.6,-50.0,0.0,0.0,0.0,0.0,400.0,0.0,0.0,0.0,0.0,0.0,0.0,56.5,728.4,4.443,0.0,13.7705483,9.45534985455637,0.0,0.0,0.806947951791399,0.0,0.0,0.0,0.0,16.0,20.0,19.0,20.0,21.5,22.5,24.0,16.0,20.0,23.000000000000004,0.0,0.0,1.298379254432361,0.5169603804853953,26.87
312.0,13.3,0.8,728.4,0.0,0.0,0.0,20.0,66.2,66.2,66.2,66.2,66.2,0.792278708835331,68.0,64.4,1010.96194444444,3639463.0,0.0,0.0,5.05833333333333,4.04666666666667,3.79375,1567.9,1532.5,1172.3,1109.2,0.0,0.0,0.0,0.0,727.0,2379.0,3.78,24.0,3.78,64.0,0.0,1010.96194444444,0.0,57.0,70.7,71.6,57.0,71.6,72.5,72.5,60.8,11.23,85.0,13.835,731.7,38.1,14.028,0.0,3.0,0.0,0.0,0.0,14.0,63.0,0.0,71.6,1.0,0.0,825.6,0.0,0.0,0.6,9.0,0.0,29.0,0.0,71.6,71.6,350.0,825.6,-50.0,0.0,0.0,0.0,0.0,400.0,0.0,0.0,0.0,0.0,0.0,0.0,56.5,728.4,4.444,0.0,13.7705483,9.45534985455637,0.0,0.0,0.806947951791399,0.0,0.0,0.0,0.0,16.0,20.0,19.0,20.0,21.5,22.5,24.0,16.0,20.0,23.000000000000004,0.0,0.0,1.298379254432361,0.59081186341188,26.87
313.0,13.3,0.8,728.4,0.0,0.0,0.0,20.0,66.2,66.2,66.2,66.2,66.2,0.792278708835331,68.0,64.4,1010.96194444444,3639463.0,0.0,0.0,5.05833333333333,4.04666666666667,3.79375,1567.9,1532.5,1172.3,1109.2,0.0,0.0,0.0,0.0,727.0,2379.0,3.78,24.0,3.78,64.0,0.0,1010.96194444444,0.0,57.0,70.7,71.6,57.0,71.6,72.5,72.5,60.8,10.72,85.0,13.802,731.6,38.34,14.004,0.0,3.0,0.0,0.0,0.0,14.0,63.0,0.0,71.6,1.0,0.0,825.6,0.0,0.0,0.6,9.0,0.0,29.0,0.0,71.6,71.6,350.0,825.6,-50.0,0.0,0.0,0.0,0.0,400.0,0.0,0.0,0.0,0.0,0.0,0.0,56.5,728.4,4.444,0.0,13.760294,9.39209166406073,0.0,0.0,0.806947951791399,0.0,0.0,0.0,0.0,16.0,20.0,19.0,20.0,21.5,22.5,24.0,16.0,20.0,23.000000000000004,0.0,0.0,1.298379254432361,0.59081186341188,27.620000000000005
314.0,13.3,0.8,728.4,0.0,0.0,0.0,20.0,66.2,66.2,66.2,66.2,66.2,0.792278708835331,68.0,64.4,1010.9625,3639465.0,0.0,0.0,5.05833333333333,4.04666666666667,3.79375,1567.9,1532.5,1172.3,1109.2,0.0,0.0,0.0,0.0,727.0,2382.0,3.78,24.0,3.78,149.0,0.0,1010.9625,0.0,57.0,70.7,71.6,57.0,71.6,72.5,72.5,60.8,10.72,85.0,13.802,731.6,38.34,14.004,0.0,3.0,0.0,0.0,0.0,14.0,63.0,0.0,71.6,1.0,0.0,825.6,0.0,0.0,0.6,9.0,0.0,29.0,0.0,71.6,71.6,350.0,825.6,-50.0,0.0,0.0,0.0,0.0,400.0,0.0,0.0,0.0,0.0,0.0,0.0,56.5,728.5,4.444,0.0,13.760294,9.39209166406073,0.0,0.0,0.806947951791399,0.0,0.0,0.0,0.0,16.0,20.0,19.0,20.0,21.5,22.5,24.0,16.0,20.0,23.000000000000004,0.0,0.0,1.298379254432361,0.59081186341188,27.620000000000005
315.0,13.3,0.8,728.4,0.0,0.0,0.0,20.0,66.2,66.2,66.2,66.2,66.2,0.792278708835331,68.0,64.4,1010.9625,3639465.0,0.0,0.0,5.05833333333333,4.04666666666667,3.79375,1567.9,1532.5,1172.3,1109.2,0.0,0.0,0.0,0.0,727.0,2382.0,3.78,24.0,3.78,149.0,0.0,1010.9625,0.0,57.0,70.7,71.6,57.0,71.6,72.5,72.5,60.8,10.77,85.0,13.802,731.6,38.25,14.012,0.0,3.0,0.0,0.0,0.0,14.0,63.0,0.0,71.6,1.0,0.0,825.6,0.0,0.0,0.6,9.0,0.0,29.0,0.0,71.6,71.6,350.0,825.6,-50.0,0.0,0.0,0.0,0.0,400.0,0.0,0.0,0.0,0.0,0.0,0.0,56.5,728.5,4.444,0.0,13.7612706,9.33144404068614,0.0,0.0,0.806947951791399,0.0,0.0,0.0,0.0,16.0,20.0,19.0,20.0,21.5,22.5,24.0,16.0,20.0,23.000000000000004,0.0,0.0,1.298379254432361,0.59081186341188,27.48
316.0,13.3,0.8,728.5,0.0,0.0,0.0,20.0,66.2,66.2,66.2,66.2,66.2,0.792387478564715,68.0,64.4,1010.96305555556,3639467.0,0.0,0.0,5.05902777777778,4.04722222222222,3.79427083333333,1567.9,1532.5,1172.3,1109.2,0.0,0.0,0.0,0.0,727.0,2382.0,3.78,24.0,3.78,149.0,0.0,1010.96305555556,0.0,57.0,70.7,71.6,57.0,71.6,72.5,72.5,60.8,10.77,85.0,13.802,731.6,38.25,14.012,0.0,3.0,0.0,0.0,0.0,14.0,63.0,0.0,71.6,1.0,0.0,825.6,0.0,0.0,0.6,9.0,0.0,29.0,0.0,71.6,71.6,350.0,825.6,-50.0,0.0,0.0,0.0,0.0,400.0,0.0,0.0,0.0,0.0,0.0,0.0,56.5,728.5,4.444,0.0,13.7612706,9.33144404068614,0.0,0.0,0.806947951791399,0.0,0.0,0.0,0.0,16.0,20.0,19.0,20.0,21.5,22.5,24.0,16.0,20.0,23.000000000000004,0.0,0.0,1.298379254432361,0.5908929743211901,27.48
317.0,13.3,0.8,728.5,0.0,0.0,0.0,20.0,66.2,66.2,66.2,66.2,66.2,0.792387478564715,68.0,64.4,1010.96305555556,3639467.0,0.0,0.0,5.05902777777778,4.04722222222222,3.79427083333333,1567.9,1532.5,1172.3,1109.2,0.0,0.0,0.0,0.0,727.0,2382.0,3.78,24.0,3.78,149.0,0.0,1010.96305555556,0.0,57.0,70.7,71.6,57.0,71.6,72.5,72.5,60.8,10.78,85.0,13.802,731.6,38.2,14.028,0.0,3.0,0.0,0.0,0.0,14.0,63.0,0.0,71.6,1.0,0.0,825.6,0.0,0.0,0.6,9.0,0.0,29.0,0.0,71.6,71.6,350.0,825.6,-50.0,0.0,0.0,0.0,0.0,400.0,0.0,0.0,0.0,0.0,0.0,0.0,56.5,728.5,4.444,0.0,13.760294,9.2714510744913,0.0,0.0,0.806947951791399,0.0,0.0,0.0,0.0,16.0,20.0,19.0,20.0,21.5,22.5,24.0,16.0,20.0,23.000000000000004,0.0,0.0,1.298379254432361,0.5908929743211901,27.42
318.0,13.3,0.8,728.4,0.0,0.0,0.0,20.0,66.2,66.2,66.2,66.2,66.2,0.792278708835331,68.0,64.4,1010.96361111111,3639469.0,0.0,0.0,5.05833333333333,4.04666666666667,3.79375,1567.9,1532.5,1172.3,1109.2,0.0,0.0,0.0,0.0,727.0,2382.0,3.78,24.0,3.78,64.0,0.0,1010.96361111111,0.0,57.0,70.7,71.6,57.0,71.6,72.5,72.5,60.8,10.78,85.0,13.802,731.6,38.2,14.028,0.0,3.0,0.0,0.0,0.0,14.0,63.0,0.0,71.6,1.0,0.0,825.6,0.0,0.0,0.6,9.0,0.0,29.0,0.0,71.6,71.6,350.0,825.6,-50.0,0.0,0.0,0.0,0.0,400.0,0.0,0.0,0.0,0.0,0.0,0.0,56.5,728.5,4.443,0.0,13.760294,9.2714510744913,0.0,0.0,0.806947951791399,0.0,0.0,0.0,0.0,16.0,20.0,19.0,20.0,21.5,22.5,24.0,16.0,20.0,23.000000000000004,0.0,0.0,1.298379254432361,0.59081186341188,27.42
319.0,13.3,0.8,728.4,0.0,0.0,0.0,20.0,66.2,66.2,66.2,66.2,66.2,0.792278708835331,68.0,64.4,1010.96361111111,3639469.0,0.0,0.0,5.05833333333333,4.04666666666667,3.79375,1567.9,1532.5,1172.3,1109.2,0.0,0.0,0.0,0.0,727.0,2382.0,3.78,24.0,3.78,64.0,0.0,1010.96361111111,0.0,57.0,70.7,71.6,57.0,72.5,72.5,72.5,60.8,10.81,85.0,13.802,731.6,38.37,14.013,0.0,3.0,0.0,0.0,0.0,14.0,63.0,0.0,71.6,1.0,0.0,825.6,0.0,0.0,0.6,9.0,0.0,29.0,0.0,71.6,71.6,350.0,825.6,-50.0,0.0,0.0,0.0,0.0,400.0,0.0,0.0,0.0,0.0,0.0,0.0,56.5,728.5,4.443,0.0,13.760294,9.21248091217226,0.0,0.0,0.806947951791399,0.0,0.0,0.0,0.0,16.0,20.0,19.0,20.0,21.5,22.5,24.0,16.0,20.0,23.000000000000004,0.0,0.0,1.298379254432361,0.59081186341188,27.559999999999995
320.0,13.3,0.8,728.5,0.0,0.0,0.0,20.0,66.2,66.2,66.2,66.2,66.2,0.792387478564715,68.0,64.4,1010.96416666667,3639471.0,0.0,0.0,5.05902777777778,4.04722222222222,3.79427083333333,1567.9,1532.5,1172.3,1109.2,0.0,0.0,0.0,0.0,727.0,2382.0,3.78,24.0,3.78,64.0,0.0,1010.96416666667,0.0,57.0,70.7,71.6,57.0,72.5,72.5,72.5,60.8,10.81,85.0,13.802,731.6,38.37,14.013,0.0,3.0,0.0,0.0,0.0,14.0,63.0,0.0,71.6,1.0,0.0,825.6,0.0,0.0,0.6,9.0,0.0,29.0,0.0,71.6,71.6,350.0,825.6,-50.0,0.0,0.0,0.0,0.0,400.0,0.0,0.0,0.0,0.0,0.0,0.0,56.5,728.5,4.442,0.0,13.760294,9.21248091217226,0.0,0.0,0.806947951791399,0.0,0.0,0.0,0.0,16.0,20.0,19.0,20.0,21.5,22.5,24.0,16.0,20.0,23.000000000000004,0.0,0.0,1.298379254432361,0.5908929743211901,27.559999999999995
321.0,13.3,0.8,728.5,0.0,0.0,0.0,20.0,66.2,66.2,66.2,66.2,66.2,0.792387478564715,68.0,64.4,1010.96416666667,3639471.0,0.0,0.0,5.05902777777778,4.04722222222222,3.79427083333333,1567.9,1532.5,1172.3,1109.2,0.0,0.0,0.0,0.0,727.0,2382.0,3.78,24.0,3.78,64.0,0.0,1010.96416666667,0.0,57.0,70.7,71.6,57.0,72.5,72.5,72.5,60.8,10.81,85.0,13.802,731.9,37.77,14.013,0.0,3.0,0.0,0.0,0.0,14.0,63.0,0.0,71.6,1.0,0.0,825.6,0.0,0.0,0.6,9.0,0.0,29.0,0.0,71.6,71.6,350.0,825.6,-50.0,0.0,0.0,0.0,0.0,400.0,0.0,0.0,0.0,0.0,0.0,0.0,56.5,728.5,4.442,0.0,13.760294,9.15407985406207,0.0,0.0,0.806947951791399,0.0,0.0,0.0,0.0,16.0,20.0,19.0,20.0,21.5,22.5,24.0,16.0,20.0,23.000000000000004,0.0,0.0,1.298379254432361,0.5908929743211901,26.96
322.0,13.3,0.7,728.5,0.0,0.0,0.0,20.0,66.2,66.2,66.2,66.2,66.2,0.693339043744126,68.0,64.4,1010.96472222222,3639473.0,0.0,0.0,5.05902777777778,4.04722222222222,3.79427083333333,1567.9,1532.5,1172.3,1109.2,0.0,41.0,0.0,0.0,727.0,2382.0,3.78,24.0,3.78,64.0,0.0,1010.96472222222,0.0,57.0,70.7,71.6,57.0,72.5,72.5,72.5,60.8,10.81,85.0,13.802,731.9,37.77,14.013,0.0,3.0,0.0,0.0,0.0,14.0,63.0,0.0,71.6,1.0,0.0,825.6,0.0,0.0,0.6,9.0,0.0,29.0,0.0,71.6,71.6,350.0,825.6,-50.0,0.0,0.0,0.0,0.0,400.0,0.0,0.0,0.0,0.0,0.0,0.0,56.5,728.5,4.44,0.0,13.760294,9.15407985406207,0.0,0.0,0.806947951791399,0.0,0.0,0.0,0.0,16.0,20.0,19.0,20.0,21.5,22.5,24.0,16.0,20.0,23.000000000000004,0.0,0.0,1.298379254432361,0.5908929743211901,26.96
323.0,13.3,0.7,728.5,0.0,0.0,0.0,20.0,66.2,66.2,66.2,66.2,66.2,0.693339043744126,68.0,64.4,1010.96472222222,3639473.0,0.0,0.0,5.05902777777778,4.04722222222222,3.79427083333333,1567.9,1532.5,1172.3,1109.2,0.0,41.0,0.0,0.0,727.0,2382.0,3.78,24.0,3.78,64.0,0.0,1010.96472222222,0.0,57.0,70.7,71.6,57.0,71.6,72.5,72.5,60.8,11.28,85.0,13.824,731.3,34.17,14.021,-2.4,3.0,0.0,0.0,0.0,14.0,63.0,0.0,71.6,1.0,0.0,825.6,0.0,0.0,0.6,9.0,0.0,29.0,0.0,71.6,71.6,350.0,825.6,-50.0,0.0,0.0,0.0,0.0,400.0,0.0,0.0,0.0,0.0,0.0,0.0,56.5,728.5,4.44,64.940575,13.7803143,9.09649361085635,0.0,0.0,0.806947951791399,0.0,0.0,0.0,0.0,16.0,20.0,19.0,20.0,21.5,22.5,24.0,16.0,20.0,23.000000000000004,0.0,0.0,1.298379254432361,0.5908929743211901,22.89
324.0,13.3,0.7,728.5,0.0,0.0,0.0,20.0,66.2,66.2,66.2,66.2,66.2,0.693339043744126,68.0,64.4,1010.96472222222,3639473.0,0.0,0.0,5.05902777777778,4.04722222222222,3.79427083333333,1567.9,1532.5,1172.3,1109.2,0.0,41.0,0.0,0.0,727.0,2382.0,3.78,24.0,3.78,64.0,0.0,1010.96472222222,0.0,57.0,70.7,71.6,57.0,71.6,72.5,72.5,60.8,11.28,85.0,13.824,731.3,34.17,14.021,-2.4,3.0,0.0,0.0,0.0,14.0,63.0,0.0,71.6,1.0,0.0,825.6,0.0,0.0,0.6,9.0,0.0,29.0,0.0,71.6,71.6,350.0,825.6,-50.0,0.0,0.0,0.0,0.0,400.0,0.0,0.0,0.0,0.0,0.0,0.0,56.5,727.3,4.444,64.940575,13.7803143,9.09649361085635,0.0,0.0,0.806947951791399,0.0,0.0,0.0,0.0,16.0,20.0,19.0,20.0,21.5,22.5,24.0,16.0,20.0,23.000000000000004,0.0,0.0,1.298379254432361,0.5908929743211901,22.89
325.0,13.4,18.8,726.7,0.0,0.0,0.0,20.0,66.2,66.2,66.2,66.2,66.2,18.5750961507412,68.0,64.4,1010.96527777778,3639475.0,0.0,0.0,5.04652777777778,4.03722222222222,3.78489583333333,1567.9,1532.5,1172.3,1109.2,0.0,885.0,0.0,0.0,725.0,2382.0,3.78,24.0,3.78,149.0,0.0,1010.96527777778,0.0,57.0,70.7,71.6,57.0,72.5,72.5,72.5,60.8,10.82,85.0,13.807,729.2,33.45,13.992,0.5,3.0,0.0,0.0,0.0,14.0,63.0,0.0,71.6,1.0,0.0,825.6,0.0,0.0,0.6,9.0,0.0,29.0,0.0,71.6,71.6,350.0,825.6,-50.0,0.0,0.0,0.0,0.0,400.0,0.0,0.0,0.0,0.0,0.0,0.0,56.5,727.3,4.444,61.7667875,13.7705483,9.09012367394623,0.0,0.0,0.811456917470031,0.951547215772847,0.591263845011989,0.0,0.0458210896960369,16.0,20.0,19.0,20.0,21.5,22.5,24.0,16.0,20.0,23.000000000000004,16.090309933736986,12.997221228028314,1.30563418020928,0.5157538557094131,22.630000000000003
326.0,13.4,18.8,726.7,0.0,0.0,0.0,20.0,66.2,66.2,66.2,66.2,66.2,18.5750961507412,68.0,64.4,1010.96527777778,3639475.0,0.0,0.0,5.04652777777778,4.03722222222222,3.78489583333333,1567.9,1532.5,1172.3,1109.2,0.0,885.0,0.0,0.0,725.0,2382.0,3.78,24.0,3.78,149.0,0.0,1010.96527777778,0.0,57.0,70.7,71.6,57.0,72.5,72.5,72.5,60.8,10.82,85.0,13.807,729.2,33.45,13.992,0.5,3.0,0.0,0.0,0.0,14.0,63.0,0.0,71.6,1.0,0.0,825.6,0.0,0.0,0.6,9.0,0.0,29.0,0.0,71.6,71.6,350.0,825.6,-50.0,0.0,0.0,0.0,0.0,400.0,0.0,0.0,0.0,0.0,0.0,0.0,56.5,725.9,4.444,61.7667875,13.7705483,9.09012367394623,0.0,0.0,0.811456917470031,0.951547215772847,0.591263845011989,0.0,0.0458210896960369,16.0,20.0,19.0,20.0,21.5,22.5,24.0,16.0,20.0,23.000000000000004,16.090309933736986,12.997221228028314,1.30563418020928,0.5157538557094131,22.630000000000003
327.0,13.3,25.9,725.7,0.0,0.0,0.0,20.0,66.2,66.2,66.2,66.2,66.2,25.5549448588458,68.0,64.4,1010.96583333333,3639477.0,0.0,0.0,5.03958333333333,4.03166666666667,3.7796875,1567.9,1532.5,1172.3,1109.2,0.0,1688.0,0.0,0.0,724.0,2382.0,3.78,24.0,3.76,64.0,0.0,1010.96583333333,0.0,57.0,70.7,71.6,57.0,72.5,72.5,72.5,60.8,10.88,85.0,13.808,728.7,33.44,13.996,4.9,3.0,0.0,0.0,0.0,14.0,63.0,0.0,71.6,1.0,0.0,825.6,0.0,0.0,0.6,9.0,0.0,29.0,0.0,71.6,71.6,350.0,825.6,-50.0,0.0,0.0,0.0,0.0,400.0,0.0,0.0,0.0,0.0,0.0,0.0,56.5,725.9,4.444,49.80405,13.7705483,9.11860908774505,,0.0,0.819094006453699,1.17048484142325,0.727305336400004,0.0,0.0774931843929624,16.0,20.0,19.0,20.0,21.5,22.5,24.0,16.0,20.0,23.000000000000004,24.854061266578224,21.99529746281707,1.3179222563840016,19.056633004359284,22.559999999999995
328.0,13.3,25.9,725.7,0.0,0.0,0.0,20.0,66.2,66.2,66.2,66.2,66.2,25.5549448588458,68.0,64.4,1010.96583333333,3639477.0,0.0,0.0,5.03958333333333,4.03166666666667,3.7796875,1567.9,1532.5,1172.3,1109.2,0.0,1688.0,0.0,0.0,724.0,2382.0,3.78,24.0,3.76,64.0,0.0,1010.96583333333,0.0,57.0,70.7,71.6,57.0,72.5,72.5,72.5,60.8,10.88,85.0,13.808,728.7,33.44,13.996,4.9,3.0,0.0,0.0,0.0,14.0,63.0,0.0,71.6,1.0,0.0,825.6,0.0,0.0,0.6,9.0,0.0,29.0,0.0,71.6,71.6,350.0,825.6,-50.0,0.0,0.0,0.0,0.0,400.0,0.0,0.0,0.0,0.0,0.0,0.0,56.5,725.7,4.444,49.80405,13.7705483,9.11860908774505,,0.0,0.819094006453699,1.17048484142325,0.727305336400004,0.0,0.0774931843929624,16.0,20.0,19.0,20.0,21.5,22.5,24.0,16.0,20.0,23.000000000000004,24.854061266578224,21.99529746281707,1.3179222563840016,19.056633004359284,22.559999999999995
329.0,13.3,21.6,725.9,0.0,0.0,0.0,20.0,66.2,66.2,66.2,66.2,66.2,21.3181055712195,68.0,64.4,1010.96638888889,3639479.0,0.0,0.0,5.04097222222222,4.03277777777778,3.78072916666667,1567.9,1532.5,1172.3,1109.2,0.0,2267.0,0.0,0.0,724.0,2382.0,3.78,24.0,3.76,64.0,0.0,1010.96638888889,0.0,57.0,70.7,71.6,57.0,72.5,72.5,72.5,60.8,10.85,85.0,13.807,728.7,34.07,13.996,22.8,3.0,0.0,0.0,0.0,14.0,63.0,0.0,71.6,1.0,0.0,825.6,0.0,0.0,0.6,9.0,0.0,29.0,0.0,71.6,71.6,350.0,825.6,-50.0,0.0,0.0,0.0,0.0,400.0,0.0,0.0,0.0,0.0,0.0,0.0,56.5,725.7,4.444,45.800195,13.7612706,9.17736945946835,,0.0,0.829490755066799,1.91333363946672,1.18889003688907,0.0,0.105721298208154,16.0,20.0,19.0,20.0,21.5,22.5,24.0,16.0,20.0,23.000000000000004,27.994014952676284,29.993587449296083,1.3346506249024797,19.061884935737062,23.22
330.0,13.3,21.6,725.9,0.0,0.0,0.0,20.0,66.2,66.2,66.2,66.2,66.2,21.3181055712195,68.0,64.4,1010.96638888889,3639479.0,0.0,0.0,5.04097222222222,4.03277777777778,3.78072916666667,1567.9,1532.5,1172.3,1109.2,0.0,2267.0,0.0,0.0,724.0,2382.0,3.78,24.0,3.76,64.0,0.0,1010.96638888889,0.0,57.0,70.7,71.6,57.0,72.5,72.5,72.5,60.8,10.85,85.0,13.807,728.7,34.07,13.996,22.8,3.0,0.0,0.0,0.0,14.0,63.0,0.0,71.6,1.0,0.0,825.6,0.0,0.0,0.6,9.0,0.0,29.0,0.0,71.6,71.6,350.0,825.6,-50.0,0.0,0.0,0.0,0.0,400.0,0.0,0.0,0.0,0.0,0.0,0.0,56.5,725.8,4.444,45.800195,13.7612706,9.17736945946835,,0.0,0.829490755066799,1.91333363946672,1.18889003688907,0.0,0.105721298208154,16.0,20.0,19.0,20.0,21.5,22.5,24.0,16.0,20.0,23.000000000000004,27.994014952676284,29.993587449296083,1.3346506249024797,19.061884935737062,23.22
331.0,13.3,27.0,725.1,0.0,0.0,0.0,20.0,66.2,66.2,66.2,66.2,66.2,26.6182641370906,68.0,64.4,1010.96694444444,3639481.0,0.0,0.0,5.03541666666667,4.02833333333333,3.7765625,1567.9,1532.5,1172.3,1109.2,0.0,2802.0,0.0,0.0,723.0,2382.0,3.78,24.0,3.76,149.0,0.0,1010.96694444444,0.0,57.0,70.7,71.6,57.0,72.5,72.5,72.5,60.8,10.87,85.0,13.807,726.9,33.23,14.002,0.7,3.0,0.0,0.0,0.0,14.0,63.0,0.0,71.6,1.0,0.0,825.6,0.0,0.0,0.6,9.0,0.0,29.0,0.0,71.6,71.6,350.0,825.6,-50.0,0.0,0.0,0.0,0.0,400.0,0.0,0.0,0.0,0.0,0.0,0.0,56.5,725.8,4.444,58.593,13.7705483,9.25842413449196,,0.0,0.841990226279914,1.83882682848343,1.14259366524158,0.0,0.126827762475182,16.0,20.0,19.0,20.0,21.5,22.5,24.0,16.0,20.0,21.999999999999996,37.39825435084113,35.9923049391553,1.3547622740843817,19.849563114907234,22.36
332.0,13.3,27.0,725.1,0.0,0.0,0.0,20.0,66.2,66.2,66.2,66.2,66.2,26.6182641370906,68.0,64.4,1010.96694444444,3639481.0,0.0,0.0,5.03541666666667,4.02833333333333,3.7765625,1567.9,1532.5,1172.3,1109.2,0.0,2802.0,0.0,0.0,723.0,2382.0,3.78,24.0,3.76,149.0,0.0,1010.96694444444,0.0,57.0,70.7,71.6,57.0,72.5,72.5,72.5,60.8,10.87,85.0,13.807,726.9,33.23,14.002,0.7,3.0,0.0,0.0,0.0,14.0,63.0,0.0,71.6,1.0,0.0,825.6,0.0,0.0,0.6,9.0,0.0,29.0,0.0,71.6,71.6,350.0,825.6,-50.0,0.0,0.0,0.0,0.0,400.0,0.0,0.0,0.0,0.0,0.0,0.0,56.5,722.6,4.443,58.593,13.7705483,9.25842413449196,,0.0,0.841990226279914,1.83882682848343,1.14259366524158,0.0,0.126827762475182,16.0,20.0,19.0,20.0,21.5,22.5,24.0,16.0,20.0,21.999999999999996,37.39825435084113,35.9923049391553,1.3547622740843817,19.849563114907234,22.36
333.0,13.3,54.1,722.1,0.0,0.0,0.0,20.0,66.2,66.2,66.2,66.2,66.2,53.1144478491636,68.0,64.4,1010.9675,3639483.0,0.0,0.0,5.01458333333333,4.01166666666667,3.7609375,1567.9,1532.5,1172.3,1109.2,0.0,3207.0,0.0,0.0,720.0,2376.0,3.76,24.0,3.74,149.0,0.0,1010.9675,0.0,57.0,70.7,71.6,57.0,72.5,72.5,72.5,60.8,10.87,85.0,13.809,725.1,33.56,13.999,-5.3,3.0,0.0,0.0,0.0,14.0,63.0,0.0,71.6,1.0,0.0,825.6,0.0,0.0,0.6,9.0,0.0,29.0,0.0,71.6,71.6,350.0,825.6,-50.0,0.0,0.0,0.0,0.0,400.0,0.0,0.0,0.0,0.0,0.0,0.0,56.5,722.6,4.443,57.4699675,13.7705483,9.35753221963143,,0.0,0.856235939802526,1.04951644169898,0.652139080894936,0.0,0.098601623462654,16.0,20.0,19.0,20.0,21.5,22.5,24.0,16.0,20.0,21.999999999999996,39.99144993239488,40.991236180704696,1.3776836271422643,39.60808937297807,22.690000000000005
334.0,13.3,54.1,722.1,0.0,0.0,0.0,20.0,66.2,66.2,66.2,66.2,66.2,53.1144478491636,68.0,64.4,1010.9675,3639483.0,0.0,0.0,5.01458333333333,4.01166666666667,3.7609375,1567.9,1532.5,1172.3,1109.2,0.0,3207.0,0.0,0.0,720.0,2376.0,3.76,24.0,3.74,149.0,0.0,1010.9675,0.0,57.0,70.7,71.6,57.0,72.5,72.5,72.5,60.8,10.87,85.0,13.809,725.1,33.56,13.999,-5.3,3.0,0.0,0.0,0.0,14.0,63.0,0.0,71.6,1.0,0.0,825.6,0.0,0.0,0.6,9.0,0.0,29.0,0.0,71.6,71.6,350.0,825.6,-50.0,0.0,0.0,0.0,0.0,400.0,0.0,0.0,0.0,0.0,0.0,0.0,56.5,722.5,4.443,57.4699675,13.7705483,9.35753221963143,,0.0,0.856235939802526,1.04951644169898,0.652139080894936,0.0,0.098601623462654,16.0,20.0,19.0,20.0,21.5,22.5,24.0,16.0,20.0,21.999999999999996,39.99144993239488,40.991236180704696,1.3776836271422643,39.60808937297807,22.690000000000005
335.0,13.3,43.2,722.7,0.0,0.0,0.0,20.0,66.2,66.2,66.2,66.2,66.2,42.448257050063,68.0,64.4,1010.96805555556,3639485.0,0.0,0.0,5.01875,4.015,3.7640625,1567.9,1532.6,1172.3,1109.2,0.0,3667.0,0.0,0.0,721.0,2376.0,3.76,24.0,3.74,149.0,0.0,1010.96805555556,0.0,57.0,70.7,71.6,57.0,72.5,72.5,72.5,60.8,10.84,85.0,13.807,727.1,33.23,13.988,-13.3,3.0,0.0,0.0,0.0,14.0,63.0,0.0,71.6,1.0,0.0,825.6,0.0,0.0,0.6,9.0,0.0,29.0,0.0,71.6,71.6,350.0,825.6,-50.0,0.0,0.0,0.0,0.0,400.0,0.0,0.0,0.0,0.0,0.0,0.0,56.5,722.5,4.443,48.4857075,13.7705483,9.47787752733313,,0.0,0.872538620894946,1.505414366906,0.935420830578745,0.0,0.0880546661301733,16.0,20.0,19.0,20.0,21.5,22.5,24.0,16.0,20.0,21.999999999999996,43.990594925634305,46.989953670563914,1.403914641019968,31.65418124538628,22.389999999999997
336.0,13.3,43.2,722.7,0.0,0.0,0.0,20.0,66.2,66.2,66.2,66.2,66.2,42.448257050063,68.0,64.4,1010.96805555556,3639485.0,0.0,0.0,5.01875,4.015,3.7640625,1567.9,1532.6,1172.3,1109.2,0.0,3667.0,0.0,0.0,721.0,2376.0,3.76,24.0,3.74,149.0,0.0,1010.96805555556,0.0,57.0,70.7,71.6,57.0,72.5,72.5,72.5,60.8,10.84,85.0,13.807,727.1,33.23,13.988,-13.3,3.0,0.0,0.0,0.0,14.0,63.0,0.0,71.6,1.0,0.0,825.6,0.0,0.0,0.6,9.0,0.0,29.0,0.0,71.6,71.6,350.0,825.6,-50.0,0.0,0.0,0.0,0.0,400.0,0.0,0.0,0.0,0.0,0.0,0.0,56.5,724.4,4.444,48.4857075,13.7705483,9.47787752733313,,0.0,0.872538620894946,1.505414366906,0.935420830578745,0.0,0.0880546661301733,16.0,20.0,19.0,20.0,21.5,22.5,24.0,16.0,20.0,21.999999999999996,43.990594925634305,46.989953670563914,1.403914641019968,31.65418124538628,22.389999999999997
337.0,13.3,20.8,724.8,0.0,0.0,0.0,20.0,66.2,66.2,66.2,66.2,66.2,20.4974379630149,68.0,64.4,1010.96861111111,3639487.0,0.0,0.0,5.03333333333333,4.02666666666667,3.775,1567.9,1532.6,1172.3,1109.3,0.0,3856.0,0.0,0.0,723.0,2376.0,3.76,24.0,3.76,64.0,0.0,1010.96861111111,0.0,57.0,70.7,71.6,57.0,72.5,72.5,72.5,60.8,10.83,85.0,13.809,729.0,33.65,13.996,-5.0,3.0,0.0,0.0,0.0,14.0,63.0,0.0,71.6,1.0,0.0,825.6,0.0,0.0,0.6,9.0,0.0,29.0,0.0,71.6,71.6,350.0,825.6,-50.0,0.0,0.0,0.0,0.0,400.0,0.0,0.0,0.0,0.0,0.0,0.0,56.5,724.4,4.444,48.4857075,13.7705483,9.60595876620921,,0.0,0.889764551615786,3.25023348616064,2.01960083152912,0.0,0.0666822655957805,16.0,20.0,19.0,20.0,21.5,22.5,24.0,16.0,20.0,21.999999999999996,43.990594925634305,48.989526167183705,1.4316311635497998,31.746161016543475,22.82
338.0,13.3,20.8,724.8,0.0,0.0,0.0,20.0,66.2,66.2,66.2,66.2,66.2,20.4974379630149,68.0,64.4,1010.96861111111,3639487.0,0.0,0.0,5.03333333333333,4.02666666666667,3.775,1567.9,1532.6,1172.3,1109.3,0.0,3856.0,0.0,0.0,723.0,2376.0,3.76,24.0,3.76,64.0,0.0,1010.96861111111,0.0,57.0,70.7,71.6,57.0,72.5,72.5,72.5,60.8,10.83,85.0,13.809,729.0,33.65,13.996,-5.0,3.0,0.0,0.0,0.0,14.0,63.0,0.0,71.6,1.0,0.0,825.6,0.0,0.0,0.6,9.0,0.0,29.0,0.0,71.6,71.6,350.0,825.6,-50.0,0.0,0.0,0.0,0.0,400.0,0.0,0.0,0.0,0.0,0.0,0.0,56.5,725.8,4.443,39.5014475,13.7705483,9.60595876620921,,0.0,0.889764551615786,3.25023348616064,2.01960083152912,0.0,0.0666822655957805,16.0,20.0,19.0,20.0,21.5,22.5,24.0,16.0,20.0,21.999999999999996,49.27071604952077,48.989526167183705,1.4316311635497998,31.746161016543475,22.82
339.0,13.3,10.2,726.0,0.0,0.0,0.0,20.0,66.2,66.2,66.2,66.2,66.2,10.0682700004589,68.0,64.4,1010.96916666667,3639489.0,0.0,0.0,5.04166666666667,4.03333333333333,3.78125,1567.9,1532.6,1172.3,1109.3,0.0,3901.0,0.0,0.0,724.0,2376.0,3.78,24.0,3.76,64.0,0.0,1010.96916666667,0.0,57.0,70.7,71.6,57.0,72.5,72.5,72.5,60.8,10.46,85.0,13.792,729.1,33.05,13.978,-4.0,3.0,0.0,0.0,0.0,14.0,63.0,0.0,71.6,1.0,0.0,825.6,0.0,0.0,0.6,9.0,0.0,29.0,0.0,71.6,71.6,350.0,825.6,-50.0,0.0,0.0,0.0,0.0,400.0,0.0,0.0,0.0,0.0,0.0,0.0,56.5,725.8,4.443,39.5014475,13.7705483,9.73085424818711,,0.0,0.906767160667121,6.61697185761357,4.1115944201372,0.0,0.0456311415102982,16.0,20.0,19.0,20.0,21.5,22.5,24.0,16.0,20.0,21.999999999999996,49.27071604952077,48.989526167183705,1.4589883615133978,15.310495241299627,22.589999999999996
340.0,13.3,10.2,726.0,0.0,0.0,0.0,20.0,66.2,66.2,66.2,66.2,66.2,10.0682700004589,68.0,64.4,1010.96916666667,3639489.0,0.0,0.0,5.04166666666667,4.03333333333333,3.78125,1567.9,1532.6,1172.3,1109.3,0.0,3901.0,0.0,0.0,724.0,2376.0,3.78,24.0,3.76,64.0,0.0,1010.96916666667,0.0,57.0,70.7,71.6,57.0,72.5,72.5,72.5,60.8,10.46,85.0,13.792,729.1,33.05,13.978,-4.0,3.0,0.0,0.0,0.0,14.0,63.0,0.0,71.6,1.0,0.0,825.6,0.0,0.0,0.6,9.0,0.0,29.0,0.0,71.6,71.6,350.0,825.6,-50.0,0.0,0.0,0.0,0.0,400.0,0.0,0.0,0.0,0.0,0.0,0.0,56.5,726.0,4.444,39.354965,13.7705483,9.73085424818711,,0.0,0.906767160667121,6.61697185761357,4.1115944201372,0.0,0.0456311415102982,16.0,20.0,19.0,20.0,21.5,22.5,24.0,16.0,20.0,21.999999999999996,49.42693265081922,48.989526167183705,1.4589883615133978,15.310495241299627,22.589999999999996
341.0,13.3,10.4,726.0,0.0,0.0,0.0,20.0,66.2,66.2,66.2,66.2,66.2,10.2656870592914,68.0,64.4,1010.96972222222,3639491.0,0.0,0.0,5.04166666666667,4.03333333333333,3.78125,1567.9,1532.6,1172.3,1109.3,0.0,3979.0,0.0,0.0,724.0,2376.0,3.78,24.0,3.76,64.0,0.0,1010.96972222222,0.0,57.0,70.7,71.6,57.0,72.5,72.5,72.5,60.8,10.82,85.0,13.807,729.3,33.45,13.986,-3.7,3.0,0.0,0.0,0.0,14.0,63.0,0.0,71.6,1.0,0.0,825.6,0.0,0.0,0.6,9.0,0.0,29.0,0.0,71.6,71.6,350.0,825.6,-50.0,0.0,0.0,0.0,0.0,400.0,0.0,0.0,0.0,0.0,0.0,0.0,56.5,726.0,4.444,39.354965,13.7705483,9.86373209210532,,0.0,0.924909094585537,6.6221657130748,4.114821731299,0.0,0.031244372164479,16.0,20.0,19.0,20.0,21.5,22.5,24.0,16.0,20.0,21.999999999999996,49.42693265081922,49.98931241549352,1.488178733188129,7.508031320252722,22.630000000000003
342.0,13.3,10.4,726.0,0.0,0.0,0.0,20.0,66.2,66.2,66.2,66.2,66.2,10.2656870592914,68.0,64.4,1010.96972222222,3639491.0,0.0,0.0,5.04166666666667,4.03333333333333,3.78125,1567.9,1532.6,1172.3,1109.3,0.0,3979.0,0.0,0.0,724.0,2376.0,3.78,24.0,3.76,64.0,0.0,1010.96972222222,0.0,57.0,70.7,71.6,57.0,72.5,72.5,72.5,60.8,10.82,85.0,13.807,729.3,33.45,13.986,-3.7,3.0,0.0,0.0,0.0,14.0,63.0,0.0,71.6,1.0,0.0,825.6,0.0,0.0,0.6,9.0,0.0,29.0,0.0,71.6,71.6,350.0,825.6,-50.0,0.0,0.0,0.0,0.0,400.0,0.0,0.0,0.0,0.0,0.0,0.0,56.5,726.2,4.445,39.354965,13.760294,9.86373209210532,,0.0,0.924909094585537,6.6221657130748,4.114821731299,0.0,0.031244372164479,16.0,20.0,19.0,20.0,21.5,22.5,24.0,16.0,20.0,21.999999999999996,47.98973991887373,49.98931241549352,1.488178733188129,7.508031320252722,22.630000000000003
343.0,13.3,6.5,726.4,0.0,0.0,0.0,20.0,66.2,66.2,66.2,66.2,66.2,6.41958942826211,68.0,64.4,1010.97027777778,3639493.0,0.0,0.0,5.04444444444444,4.03555555555556,3.78333333333333,1567.9,1532.6,1172.3,1109.3,0.0,4026.0,0.0,0.0,725.0,2376.0,3.78,24.0,3.78,64.0,0.0,1010.97027777778,0.0,57.0,70.7,71.6,57.0,71.6,72.5,72.5,60.8,10.48,85.0,13.793,730.1,33.06,14.004,5.0,3.0,0.0,0.0,0.0,14.0,63.0,0.0,71.6,1.0,0.0,825.6,0.0,0.0,0.6,9.0,0.0,29.0,0.0,71.6,71.6,350.0,825.6,-50.0,0.0,0.0,0.0,0.0,400.0,0.0,0.0,0.0,0.0,0.0,0.0,56.5,726.2,4.445,39.354965,13.760294,9.99669173283691,,0.0,0.94312181101948,10.8014232463572,6.7116911640122,0.0,0.0137868882306458,16.0,20.0,19.0,20.0,21.5,22.5,24.0,16.0,20.0,21.999999999999996,47.98973991887373,50.98909866380334,1.5174829939303434,4.787165867458695,22.580000000000002
344.0,13.3,6.5,726.4,0.0,0.0,0.0,20.0,66.2,66.2,66.2,66.2,66.2,6.41958942826211,68.0,64.4,1010.97027777778,3639493.0,0.0,0.0,5.04444444444444,4.03555555555556,3.78333333333333,1567.9,1532.6,1172.3,1109.3,0.0,4026.0,0.0,0.0,725.0,2376.0,3.78,24.0,3.78,64.0,0.0,1010.97027777778,0.0,57.0,70.7,71.6,57.0,71.6,72.5,72.5,60.8,10.48,85.0,13.793,730.1,33.06,14.004,5.0,3.0,0.0,0.0,0.0,14.0,63.0,0.0,71.6,1.0,0.0,825.6,0.0,0.0,0.6,9.0,0.0,29.0,0.0,71.6,71.6,350.0,825.6,-50.0,0.0,0.0,0.0,0.0,400.0,0.0,0.0,0.0,0.0,0.0,0.0,56.5,728.6,4.444,29.88243,13.760294,9.99669173283691,,0.0,0.94312181101948,10.8014232463572,6.7116911640122,0.0,0.0137868882306458,16.0,20.0,19.0,20.0,21.5,22.5,24.0,16.0,20.0,21.999999999999996,47.98973991887373,50.98909866380334,1.5174829939303434,4.787165867458695,22.580000000000002
345.0,13.3,-18.6,729.0,0.0,0.0,0.0,20.0,66.2,66.2,66.2,66.2,66.2,-18.4356533576706,68.0,64.4,1010.97083333333,3639495.0,0.0,0.0,5.0625,4.05,3.796875,1567.9,1532.6,1172.3,1109.3,0.0,3752.0,0.0,0.0,727.0,2376.0,3.8,24.0,3.78,149.0,0.0,1010.97083333333,0.0,57.0,70.7,71.6,57.0,72.5,72.5,72.5,60.8,10.52,85.0,13.794,733.5,36.55,13.993,5.0,3.0,0.0,0.0,0.0,14.0,63.0,0.0,71.6,1.0,0.0,825.6,0.0,0.0,0.6,9.0,0.0,29.0,0.0,71.6,71.6,350.0,825.6,-50.0,0.0,0.0,0.0,0.0,400.0,0.0,0.0,0.0,0.0,0.0,0.0,56.5,728.6,4.444,29.88243,13.760294,10.1109416133501,,0.0,0.959800386126963,-3.39248049323716,-2.10798899656327,0.0,0.0137868882306458,16.0,20.0,19.0,20.0,21.5,22.5,24.0,16.0,20.0,21.999999999999996,47.98973991887373,45.990167422254096,1.5443188212782835,-13.747690796174943,26.029999999999998
346.0,13.3,-18.6,729.0,0.0,0.0,0.0,20.0,66.2,66.2,66.2,66.2,66.2,-18.4356533576706,68.0,64.4,1010.97083333333,3639495.0,0.0,0.0,5.0625,4.05,3.796875,1567.9,1532.6,1172.3,1109.3,0.0,3752.0,0.0,0.0,727.0,2376.0,3.8,24.0,3.78,149.0,0.0,1010.97083333333,0.0,57.0,70.7,71.6,57.0,72.5,72.5,72.5,60.8,10.52,85.0,13.794,733.5,36.55,13.993,-2.5,3.0,0.0,0.0,0.0,14.0,63.0,0.0,71.6,1.0,0.0,825.6,0.0,0.0,0.6,9.0,0.0,29.0,0.0,71.6,71.6,350.0,825.6,-50.0,0.0,0.0,0.0,0.0,400.0,0.0,0.0,0.0,0.0,0.0,0.0,56.5,728.6,4.444,19.5798275,13.7705483,10.1109416133501,,0.0,0.959800386126963,-3.39248049323716,-2.10798899656327,0.0,0.0137868882306458,16.0,20.0,19.0,20.0,21.5,22.5,24.0,16.0,20.0,21.999999999999996,44.70919129160705,45.990167422254096,1.5443188212782835,-13.747690796174943,26.029999999999998
347.0,13.3,-33.6,731.0,0.0,0.0,0.0,20.0,66.2,66.2,66.2,66.2,66.2,-33.3944823155716,68.0,64.4,1010.97166666667,3639498.0,0.0,0.0,5.07638888888889,4.06111111111111,3.80729166666667,1567.9,1532.6,1172.3,1109.3,0.0,3081.0,0.0,0.0,729.0,2376.0,3.8,24.0,3.8,64.0,0.0,1010.97166666667,0.0,57.0,70.7,71.6,57.0,72.5,72.5,72.5,60.8,10.52,85.0,13.794,733.5,36.55,13.993,-2.5,3.0,0.0,0.0,0.0,14.0,63.0,0.0,71.6,1.0,0.0,825.6,0.0,0.0,0.6,9.0,0.0,29.0,0.0,71.6,71.6,350.0,825.6,-50.0,0.0,0.0,0.0,0.0,400.0,0.0,0.0,0.0,0.0,0.0,0.0,56.5,730.9,4.443,19.5798275,13.7705483,10.1895328259211,,0.0,0.973199177774022,-1.50641652009641,-0.936043539508827,0.0,0.0137868882306458,16.0,20.0,19.0,20.0,21.5,22.5,24.0,16.0,20.0,21.999999999999996,44.70919129160705,36.99209118746527,1.5658774770384014,-13.785407369003952,26.029999999999998
348.0,13.3,-33.6,731.0,0.0,0.0,0.0,20.0,66.2,66.2,66.2,66.2,66.2,-33.3944823155716,68.0,64.4,1010.97166666667,3639498.0,0.0,0.0,5.07638888888889,4.06111111111111,3.80729166666667,1567.9,1532.6,1172.3,1109.3,0.0,3081.0,0.0,0.0,729.0,2376.0,3.8,24.0,3.8,64.0,0.0,1010.97166666667,0.0,57.0,70.7,71.6,57.0,72.5,72.5,72.5,60.8,10.42,85.0,13.79,734.1,36.4,13.996,-5.0,3.0,0.0,0.0,0.0,14.0,63.0,0.0,71.6,1.0,0.0,825.6,0.0,0.0,0.6,9.0,0.0,29.0,0.0,71.6,71.6,350.0,825.6,-50.0,0.0,0.0,0.0,0.0,400.0,0.0,0.0,0.0,0.0,0.0,0.0,56.5,730.9,4.443,25.7320925,13.7397854,10.1895328259211,,0.0,0.973199177774022,-1.50641652009641,-0.936043539508827,0.0,,16.0,20.0,19.0,20.0,21.5,22.5,24.0,16.0,20.0,21.999999999999996,31.993159945915874,36.99209118746527,1.5658774770384014,-13.785407369003952,25.979999999999997
349.0,13.3,-9.6,728.9,0.0,0.0,0.0,20.0,66.2,66.2,66.2,66.2,66.2,-9.51387068978703,68.0,64.4,1010.97222222222,3639500.0,0.0,0.0,5.06180555555556,4.04944444444444,3.79635416666667,1567.9,1532.6,1172.3,1109.3,0.0,2582.0,0.0,0.0,727.0,2376.0,3.8,24.0,3.78,64.0,0.0,1010.97222222222,0.0,57.0,70.7,71.6,57.0,72.5,72.5,72.5,60.8,10.42,85.0,13.79,734.1,36.4,13.996,-5.0,3.0,0.0,0.0,0.0,14.0,63.0,0.0,71.6,1.0,0.0,825.6,0.0,0.0,0.6,9.0,0.0,29.0,0.0,71.6,71.6,350.0,825.6,-50.0,0.0,0.0,0.0,0.0,400.0,0.0,0.0,0.0,0.0,0.0,0.0,56.5,728.7,4.444,25.7320925,13.7397854,10.2467065515139,,0.0,0.984465848196532,-4.57310101980153,-2.84159235377509,0.0,-0.0613743556955489,16.0,20.0,19.0,20.0,21.5,22.5,24.0,16.0,20.0,21.999999999999996,31.993159945915874,31.993159945915874,1.58400554974822,-24.83113155425399,25.979999999999997
350.0,13.3,-9.6,728.9,0.0,0.0,0.0,20.0,66.2,66.2,66.2,66.2,66.2,-9.51387068978703,68.0,64.4,1010.97222222222,3639500.0,0.0,0.0,5.06180555555556,4.04944444444444,3.79635416666667,1567.9,1532.6,1172.3,1109.3,0.0,2582.0,0.0,0.0,727.0,2376.0,3.8,24.0,3.78,64.0,0.0,1010.97222222222,0.0,57.0,70.7,71.6,57.0,72.5,72.5,72.5,60.8,10.79,85.0,13.808,732.2,33.01,14.0,-19.1,3.0,0.0,0.0,0.0,14.0,63.0,0.0,71.6,1.0,0.0,825.6,0.0,0.0,0.6,9.0,0.0,29.0,0.0,71.6,71.6,350.0,825.6,-50.0,0.0,0.0,0.0,0.0,400.0,0.0,0.0,0.0,0.0,0.0,0.0,56.5,728.7,4.444,19.5798275,13.7705483,10.2467065515139,,0.0,0.984465848196532,-4.57310101980153,-2.84159235377509,0.0,-0.0613743556955489,16.0,20.0,19.0,20.0,21.5,22.5,24.0,16.0,20.0,21.999999999999996,27.994014952676284,31.993159945915874,1.58400554974822,-24.83113155425399,22.22
351.0,13.3,-17.3,729.8,0.0,0.0,0.0,20.0,66.2,66.2,66.2,66.2,66.2,-17.1659571141351,68.0,64.4,1010.97277777778,3639502.0,0.0,0.0,5.06805555555556,4.05444444444444,3.80104166666667,1567.9,1532.6,1172.3,1109.3,0.0,2096.0,0.0,0.0,728.0,2376.0,3.8,24.0,3.78,149.0,0.0,1010.97277777778,0.0,57.0,70.7,71.6,57.0,72.5,72.5,72.5,60.8,10.79,85.0,13.808,732.2,33.01,14.0,-19.1,3.0,0.0,0.0,0.0,14.0,63.0,0.0,71.6,1.0,0.0,825.6,0.0,0.0,0.6,9.0,0.0,29.0,0.0,71.6,71.6,350.0,825.6,-50.0,0.0,0.0,0.0,0.0,400.0,0.0,0.0,0.0,0.0,0.0,0.0,56.5,729.8,4.444,19.5798275,13.7705483,10.2773192423398,,0.0,0.993156937719827,-1.98011332584586,-1.23038499739417,0.0,-0.0892779714908976,16.0,20.0,19.0,20.0,21.5,22.5,24.0,16.0,20.0,21.999999999999996,27.994014952676284,24.99465620774668,1.5979895127912016,-7.103368993706593,22.22
352.0,13.3,-17.3,729.8,0.0,0.0,0.0,20.0,66.2,66.2,66.2,66.2,66.2,-17.1659571141351,68.0,64.4,1010.97277777778,3639502.0,0.0,0.0,5.06805555555556,4.05444444444444,3.80104166666667,1567.9,1532.6,1172.3,1109.3,0.0,2096.0,0.0,0.0,728.0,2376.0,3.8,24.0,3.78,149.0,0.0,1010.97277777778,0.0,57.0,70.7,71.6,57.0,72.5,72.5,72.5,60.8,10.19,85.0,13.786,733.7,37.6,13.996,-5.1,3.0,0.0,0.0,0.0,14.0,63.0,0.0,71.6,1.0,0.0,825.6,0.0,0.0,0.6,9.0,0.0,29.0,0.0,71.6,71.6,350.0,825.6,-50.0,0.0,0.0,0.0,0.0,400.0,0.0,0.0,0.0,0.0,0.0,0.0,56.5,729.8,4.444,3.32027,13.740762,10.2773192423398,,0.0,0.993156937719827,-1.98011332584586,-1.23038499739417,0.0,-0.0892779714908976,16.0,20.0,19.0,20.0,21.5,22.5,24.0,16.0,20.0,21.999999999999996,19.99572496619744,24.99465620774668,1.5979895127912016,-7.103368993706593,27.410000000000004
353.0,13.3,-17.5,730.1,0.0,0.0,0.0,20.0,66.2,66.2,66.2,66.2,66.2,-17.3715454988877,68.0,64.4,1010.97333333333,3639504.0,0.0,0.0,5.07013888888889,4.05611111111111,3.80260416666667,1567.9,1532.6,1172.3,1109.3,0.0,1186.0,0.0,0.0,728.0,2376.0,3.8,24.0,3.78,64.0,0.0,1010.97333333333,0.0,57.0,70.7,71.6,57.0,71.6,72.5,72.5,60.8,10.19,85.0,13.786,733.7,37.6,13.996,-5.1,3.0,0.0,0.0,0.0,14.0,63.0,0.0,71.6,1.0,0.0,825.6,0.0,0.0,0.6,9.0,0.0,29.0,0.0,71.6,71.6,350.0,825.6,-50.0,0.0,0.0,0.0,0.0,400.0,0.0,0.0,0.0,0.0,0.0,0.0,56.5,730.5,4.443,3.32027,13.740762,10.2645163034109,,0.0,0.997727341768516,-1.01747314457902,-0.632228305320211,0.0,-0.114149152043818,16.0,20.0,19.0,20.0,21.5,22.5,24.0,16.0,20.0,21.999999999999996,19.99572496619744,12.997221228028314,1.6053432929055422,-12.954172631534451,27.410000000000004
354.0,13.3,-17.5,730.1,0.0,0.0,0.0,20.0,66.2,66.2,66.2,66.2,66.2,-17.3715454988877,68.0,64.4,1010.97333333333,3639504.0,0.0,0.0,5.07013888888889,4.05611111111111,3.80260416666667,1567.9,1532.6,1172.3,1109.3,0.0,1186.0,0.0,0.0,728.0,2376.0,3.8,24.0,3.78,64.0,0.0,1010.97333333333,0.0,57.0,70.7,71.6,57.0,71.6,72.5,72.5,60.8,10.31,85.0,13.785,733.5,38.29,13.996,-14.2,3.0,0.0,0.0,0.0,14.0,63.0,0.0,71.6,1.0,0.0,825.6,0.0,0.0,0.6,9.0,0.0,29.0,0.0,71.6,71.6,350.0,825.6,-50.0,0.0,0.0,0.0,0.0,400.0,0.0,0.0,0.0,0.0,0.0,0.0,56.5,730.5,4.443,0.0,13.740762,10.2645163034109,,0.0,0.997727341768516,-1.01747314457902,-0.632228305320211,0.0,-0.114149152043818,16.0,20.0,19.0,20.0,21.5,22.5,24.0,16.0,20.0,21.999999999999996,7.99828998647896,12.997221228028314,1.6053432929055422,-12.954172631534451,27.979999999999997
355.0,13.3,-1.8,728.6,0.0,0.0,0.0,20.0,66.2,66.2,66.2,66.2,66.2,-1.78311655866172,68.0,64.4,1010.97388888889,3639506.0,0.0,0.0,5.05972222222222,4.04777777777778,3.79479166666667,1567.9,1532.6,1172.3,1109.3,0.0,318.0,0.0,0.0,727.0,2376.0,3.8,24.0,3.78,64.0,0.0,1010.97388888889,0.0,57.0,70.7,71.6,57.0,72.5,72.5,72.5,60.8,10.31,85.0,13.785,733.5,38.29,13.996,-14.2,3.0,0.0,0.0,0.0,14.0,63.0,0.0,71.6,1.0,0.0,825.6,0.0,0.0,0.6,9.0,0.0,29.0,0.0,71.6,71.6,350.0,825.6,-50.0,0.0,0.0,0.0,0.0,400.0,0.0,0.0,0.0,0.0,0.0,0.0,56.5,729.0,4.444,0.0,13.740762,10.2137708541613,,0.0,0.998410637743633,-1.52499466251868,-0.947587458443895,0.0,-0.122847455918422,16.0,20.0,19.0,20.0,21.5,22.5,24.0,16.0,20.0,21.999999999999996,7.99828998647896,1.999572496619744,1.6064427161295056,-12.927558114417153,27.979999999999997
356.0,13.3,-1.8,728.6,0.0,0.0,0.0,20.0,66.2,66.2,66.2,66.2,66.2,-1.78311655866172,68.0,64.4,1010.97388888889,3639506.0,0.0,0.0,5.05972222222222,4.04777777777778,3.79479166666667,1567.9,1532.6,1172.3,1109.3,0.0,318.0,0.0,0.0,727.0,2376.0,3.8,24.0,3.78,64.0,0.0,1010.97388888889,0.0,57.0,70.7,71.6,57.0,72.5,72.5,72.5,60.8,10.33,85.0,13.786,731.5,37.74,14.003,-18.5,3.0,0.0,0.0,0.0,14.0,63.0,0.0,71.6,1.0,0.0,825.6,0.0,0.0,0.6,9.0,0.0,29.0,0.0,71.6,71.6,350.0,825.6,-50.0,0.0,0.0,0.0,0.0,400.0,0.0,0.0,0.0,0.0,0.0,0.0,56.5,729.0,4.444,0.0,13.740762,10.2137708541613,,0.0,0.998410637743633,-1.52499466251868,-0.947587458443895,0.0,-0.122847455918422,16.0,20.0,19.0,20.0,21.5,22.5,24.0,16.0,20.0,21.999999999999996,1.4059494116857554,1.999572496619744,1.6064427161295056,-12.927558114417153,27.410000000000004
357.0,13.3,0.8,728.3,0.0,0.0,0.0,20.0,66.2,66.2,66.2,66.2,66.2,0.792169939105947,68.0,64.4,1010.97444444444,3639508.0,0.0,0.0,5.05763888888889,4.04611111111111,3.79322916666667,1567.9,1532.6,1172.3,1109.3,0.0,21.0,0.0,0.0,726.0,2376.0,3.78,24.0,3.78,64.0,0.0,1010.97444444444,0.0,57.0,70.7,71.6,57.0,72.5,72.5,72.5,60.8,10.33,85.0,13.786,731.5,37.74,14.003,-18.5,3.0,0.0,0.0,0.0,14.0,63.0,0.0,71.6,1.0,0.0,825.6,0.0,0.0,0.6,9.0,0.0,29.0,0.0,71.6,71.6,350.0,825.6,-50.0,0.0,0.0,0.0,0.0,400.0,0.0,0.0,0.0,0.0,0.0,0.0,56.5,728.3,4.444,0.0,13.740762,10.1566284510471,0.0,0.0,0.998410637743633,0.0,0.0,0.0,-0.113158077952708,16.0,20.0,19.0,20.0,21.5,22.5,24.0,16.0,20.0,21.999999999999996,1.4059494116857554,0.0,1.6064427161295056,-1.329144193130783,27.410000000000004
358.0,13.3,0.8,728.3,0.0,0.0,0.0,20.0,66.2,66.2,66.2,66.2,66.2,0.792169939105947,68.0,64.4,1010.97444444444,3639508.0,0.0,0.0,5.05763888888889,4.04611111111111,3.79322916666667,1567.9,1532.6,1172.3,1109.3,0.0,21.0,0.0,0.0,726.0,2376.0,3.78,24.0,3.78,64.0,0.0,1010.97444444444,0.0,57.0,70.7,71.6,57.0,72.5,72.5,72.5,60.8,10.35,85.0,13.787,731.6,37.48,14.002,-0.7,3.0,0.0,0.0,0.0,14.0,63.0,0.0,71.6,1.0,0.0,825.6,0.0,0.0,0.6,9.0,0.0,29.0,0.0,71.6,71.6,350.0,825.6,-50.0,0.0,0.0,0.0,0.0,400.0,0.0,0.0,0.0,0.0,0.0,0.0,56.5,728.3,4.444,0.0,13.7417386,10.1566284510471,0.0,0.0,0.998410637743633,0.0,0.0,0.0,-0.113158077952708,16.0,20.0,19.0,20.0,21.5,22.5,24.0,16.0,20.0,21.999999999999996,0.17183826142825934,0.0,1.6064427161295056,-1.329144193130783,27.129999999999995
359.0,13.3,0.8,728.3,0.0,0.0,0.0,20.0,66.2,66.2,66.2,66.2,66.2,0.792169939105947,68.0,64.4,1010.975,3639510.0,0.0,0.0,5.05763888888889,4.04611111111111,3.79322916666667,1567.9,1532.6,1172.3,1109.3,0.0,0.0,0.0,0.0,726.0,2382.0,3.78,24.0,3.78,64.0,0.0,1010.975,0.0,57.0,70.7,71.6,57.0,72.5,72.5,72.5,60.8,10.35,85.0,13.787,731.6,37.48,14.002,-0.7,3.0,0.0,0.0,0.0,14.0,63.0,0.0,71.6,1.0,0.0,825.6,0.0,0.0,0.6,9.0,0.0,29.0,0.0,71.6,71.6,350.0,825.6,-50.0,0.0,0.0,0.0,0.0,400.0,0.0,0.0,0.0,0.0,0.0,0.0,56.5,728.3,4.443,0.0,13.7417386,10.0975493345797,0.0,0.0,0.998410637743633,0.0,0.0,0.0,-0.0877452199379062,16.0,20.0,19.0,20.0,21.5,22.5,24.0,16.0,20.0,21.999999999999996,0.17183826142825934,0.0,1.6064427161295056,0.5907307525025705,27.129999999999995
360.0,13.3,0.8,728.3,0.0,0.0,0.0,20.0,66.2,66.2,66.2,66.2,66.2,0.792169939105947,68.0,64.4,1010.975,3639510.0,0.0,0.0,5.05763888888889,4.04611111111111,3.79322916666667,1567.9,1532.6,1172.3,1109.3,0.0,0.0,0.0,0.0,726.0,2382.0,3.78,24.0,3.78,64.0,0.0,1010.975,0.0,57.0,70.7,71.6,57.0,72.5,72.5,72.5,60.8,10.75,85.0,13.802,731.4,38.32,14.014,-1.1,3.0,0.0,0.0,0.0,14.0,63.0,0.0,71.6,1.0,0.0,825.6,0.0,0.0,0.6,9.0,0.0,29.0,0.0,71.6,71.6,350.0,825.6,-50.0,0.0,0.0,0.0,0.0,400.0,0.0,0.0,0.0,0.0,0.0,0.0,56.5,728.3,4.443,0.0,13.760294,10.0975493345797,0.0,0.0,0.998410637743633,0.0,0.0,0.0,-0.0877452199379062,16.0,20.0,19.0,20.0,21.5,22.5,24.0,16.0,20.0,23.000000000000004,0.06248664051936694,0.0,1.6064427161295056,0.5907307525025705,27.57
361.0,13.3,0.8,728.3,0.0,0.0,0.0,20.0,66.2,66.2,66.2,66.2,66.2,0.792169939105947,68.0,64.4,1010.97555555556,3639512.0,0.0,0.0,5.05763888888889,4.04611111111111,3.79322916666667,1567.9,1532.6,1172.3,1109.3,0.0,0.0,0.0,0.0,726.0,2382.0,3.78,24.0,3.78,149.0,0.0,1010.97555555556,0.0,57.0,70.7,71.6,57.0,71.6,72.5,72.5,60.8,10.75,85.0,13.802,731.4,38.32,14.014,-1.1,3.0,0.0,0.0,0.0,14.0,63.0,0.0,71.6,1.0,0.0,825.6,0.0,0.0,0.6,9.0,0.0,29.0,0.0,71.6,71.6,350.0,825.6,-50.0,0.0,0.0,0.0,0.0,400.0,0.0,0.0,0.0,0.0,0.0,0.0,56.5,728.3,4.444,0.0,13.760294,10.0383138354085,0.0,0.0,0.998410637743633,0.0,0.0,0.0,-0.0452920313498989,16.0,20.0,19.0,20.0,21.5,22.5,24.0,16.0,20.0,23.000000000000004,0.06248664051936694,0.0,1.6064427161295056,0.5907307525025705,27.57
362.0,13.3,0.8,728.3,0.0,0.0,0.0,20.0,66.2,66.2,66.2,66.2,66.2,0.792169939105947,68.0,64.4,1010.97555555556,3639512.0,0.0,0.0,5.05763888888889,4.04611111111111,3.79322916666667,1567.9,1532.6,1172.3,1109.3,0.0,0.0,0.0,0.0,726.0,2382.0,3.78,24.0,3.78,149.0,0.0,1010.97555555556,0.0,57.0,70.7,71.6,57.0,71.6,72.5,72.5,60.8,10.61,85.0,13.803,731.5,37.79,13.997,-1.0,3.0,0.0,0.0,0.0,14.0,63.0,0.0,71.6,1.0,0.0,825.6,0.0,0.0,0.6,9.0,0.0,29.0,0.0,71.6,71.6,350.0,825.6,-50.0,0.0,0.0,0.0,0.0,400.0,0.0,0.0,0.0,0.0,0.0,0.0,56.5,728.3,4.444,0.0,13.7593174,10.0383138354085,0.0,0.0,0.998410637743633,0.0,0.0,0.0,-0.0452920313498989,16.0,20.0,19.0,20.0,21.5,22.5,24.0,16.0,20.0,23.000000000000004,0.0,0.0,1.6064427161295056,0.5907307525025705,27.18
363.0,13.3,0.8,728.3,0.0,0.0,0.0,20.0,66.2,66.2,66.2,66.2,66.2,0.792169939105947,68.0,64.4,1010.97611111111,3639514.0,0.0,0.0,5.05763888888889,4.04611111111111,3.79322916666667,1567.9,1532.6,1172.3,1109.3,0.0,0.0,0.0,0.0,726.0,2382.0,3.78,24.0,3.78,149.0,0.0,1010.97611111111,0.0,57.0,70.7,71.6,57.0,71.6,72.5,72.5,60.8,10.61,85.0,13.803,731.5,37.79,13.997,-1.0,3.0,0.0,0.0,0.0,14.0,63.0,0.0,71.6,1.0,0.0,825.6,0.0,0.0,0.6,9.0,0.0,29.0,0.0,71.6,71.6,350.0,825.6,-50.0,0.0,0.0,0.0,0.0,400.0,0.0,0.0,0.0,0.0,0.0,0.0,56.5,728.3,4.444,0.0,13.7593174,10.0383138354085,0.0,0.0,0.998410637743633,0.0,0.0,0.0,-0.0452920313498989,16.0,20.0,19.0,20.0,21.5,22.5,24.0,16.0,20.0,23.000000000000004,0.0,0.0,1.6064427161295056,0.5907307525025705,27.18
364.0,13.3,0.8,728.3,0.0,0.0,0.0,20.0,66.2,66.2,66.2,66.2,66.2,0.792169939105947,68.0,64.4,1010.97611111111,3639514.0,0.0,0.0,5.05763888888889,4.04611111111111,3.79322916666667,1567.9,1532.6,1172.3,1109.3,0.0,0.0,0.0,0.0,726.0,2382.0,3.78,24.0,3.78,149.0,0.0,1010.97611111111,0.0,57.0,70.7,71.6,57.0,72.5,72.5,72.5,60.8,10.6,85.0,13.802,731.5,37.52,14.0,-1.1,3.0,0.0,0.0,0.0,14.0,63.0,0.0,71.6,1.0,0.0,825.6,0.0,0.0,0.6,9.0,0.0,29.0,0.0,71.6,71.6,350.0,825.6,-50.0,0.0,0.0,0.0,0.0,400.0,0.0,0.0,0.0,0.0,0.0,0.0,56.5,728.3,4.444,39.0131725,13.7705483,9.98047096593581,0.0,0.0,0.998410637743633,0.0,0.0,0.0,-0.0068869561290359,16.0,20.0,19.0,20.0,21.5,22.5,24.0,16.0,20.0,23.000000000000004,0.0,0.0,1.6064427161295056,0.5907307525025705,26.92
365.0,13.3,12.0,727.2,0.0,0.0,0.0,20.0,66.2,66.2,66.2,66.2,66.2,11.8646020812408,68.0,64.4,1010.97666666667,3639516.0,0.0,0.0,5.05,4.04,3.7875,1567.9,1532.6,1172.3,1109.3,0.0,423.0,0.0,0.0,725.0,2382.0,3.78,24.0,3.78,64.0,0.0,1010.97666666667,0.0,57.0,70.7,71.6,57.0,72.5,72.5,72.5,60.8,10.6,85.0,13.802,731.5,37.52,14.0,-1.1,3.0,0.0,0.0,0.0,14.0,63.0,0.0,71.6,1.0,0.0,825.6,0.0,0.0,0.6,9.0,0.0,29.0,0.0,71.6,71.6,350.0,825.6,-50.0,0.0,0.0,0.0,0.0,400.0,0.0,0.0,0.0,0.0,0.0,0.0,56.5,727.9,4.443,39.0131725,13.7705483,9.98047096593581,0.0,0.0,0.998410637743633,0.0,0.0,0.0,-0.0068869561290359,16.0,20.0,19.0,20.0,21.5,22.5,24.0,16.0,20.0,23.000000000000004,0.0,0.0,1.6064427161295056,0.589838532500164,26.92
366.0,13.3,12.0,727.2,0.0,0.0,0.0,20.0,66.2,66.2,66.2,66.2,66.2,11.8646020812408,68.0,64.4,1010.97666666667,3639516.0,0.0,0.0,5.05,4.04,3.7875,1567.9,1532.6,1172.3,1109.3,0.0,423.0,0.0,0.0,725.0,2382.0,3.78,24.0,3.78,64.0,0.0,1010.97666666667,0.0,57.0,70.7,71.6,57.0,72.5,72.5,72.5,60.8,10.68,85.0,13.808,730.0,37.3,14.0,35.3,3.0,0.0,0.0,0.0,14.0,63.0,0.0,71.6,1.0,0.0,825.6,0.0,0.0,0.6,9.0,0.0,29.0,0.0,71.6,71.6,350.0,825.6,-50.0,0.0,0.0,0.0,0.0,400.0,0.0,0.0,0.0,0.0,0.0,0.0,56.5,727.9,4.443,64.4523,13.7612706,9.94977533419786,0.0,0.0,1.00079560540057,0.802163549688302,0.49844116703337,0.0,0.0241207774300077,16.0,20.0,19.0,20.0,21.5,22.5,24.0,16.0,20.0,23.000000000000004,7.99828998647896,6.998503738169096,1.610280129089517,0.589838532500164,26.619999999999997
367.0,13.3,19.2,726.3,0.0,0.0,0.0,20.0,66.2,66.2,66.2,66.2,66.2,18.9598690684383,68.0,64.4,1010.97722222222,3639518.0,0.0,0.0,5.04375,4.035,3.7828125,1567.9,1532.6,1172.3,1109.3,0.0,1247.0,0.0,0.0,724.0,2382.0,3.78,24.0,3.76,64.0,0.0,1010.97722222222,0.0,57.0,70.7,71.6,57.0,72.5,72.5,72.5,60.8,10.68,85.0,13.808,730.0,37.3,14.0,35.3,3.0,0.0,0.0,0.0,14.0,63.0,0.0,71.6,1.0,0.0,825.6,0.0,0.0,0.6,9.0,0.0,29.0,0.0,71.6,71.6,350.0,825.6,-50.0,0.0,0.0,0.0,0.0,400.0,0.0,0.0,0.0,0.0,0.0,0.0,56.5,726.3,4.443,64.4523,13.7612706,9.94977533419786,0.0,0.0,1.00079560540057,0.802163549688302,0.49844116703337,0.0,0.0241207774300077,16.0,20.0,19.0,20.0,21.5,22.5,24.0,16.0,20.0,23.000000000000004,7.99828998647896,6.998503738169096,1.610280129089517,8.836628014745639,26.619999999999997
368.0,13.3,19.2,726.3,0.0,0.0,0.0,20.0,66.2,66.2,66.2,66.2,66.2,18.9598690684383,68.0,64.4,1010.97722222222,3639518.0,0.0,0.0,5.04375,4.035,3.7828125,1567.9,1532.6,1172.3,1109.3,0.0,1247.0,0.0,0.0,724.0,2382.0,3.78,24.0,3.76,64.0,0.0,1010.97722222222,0.0,57.0,70.7,71.6,57.0,72.5,72.5,72.5,60.8,10.27,85.0,13.789,730.0,33.99,13.995,89.6,3.0,0.0,0.0,0.0,14.0,63.0,0.0,71.6,1.0,0.0,825.6,0.0,0.0,0.6,9.0,0.0,29.0,0.0,71.6,71.6,350.0,825.6,-50.0,0.0,0.0,0.0,0.0,400.0,0.0,0.0,0.0,0.0,0.0,0.0,56.5,726.3,4.443,49.1692925,13.7588291,9.95321147998955,,0.0,1.00677986151155,1.21907843407224,0.757499985657901,0.0,0.058801731070096,16.0,20.0,19.0,20.0,21.5,22.5,24.0,16.0,20.0,23.000000000000004,15.99657997295792,16.99636622126783,1.6199087971720838,8.836628014745639,23.720000000000002
369.0,13.3,18.2,726.1,0.0,0.0,0.0,20.0,66.2,66.2,66.2,66.2,66.2,17.9674268651034,68.0,64.4,1010.97777777778,3639520.0,0.0,0.0,5.04236111111111,4.03388888888889,3.78177083333333,1567.9,1532.6,1172.3,1109.3,0.0,1697.0,0.0,0.0,724.0,2368.0,3.78,24.0,3.76,64.0,0.0,1010.97777777778,0.0,57.0,70.7,71.6,57.0,72.5,72.5,72.5,60.8,10.27,85.0,13.789,730.0,33.99,13.995,89.6,3.0,0.0,0.0,0.0,14.0,63.0,0.0,71.6,1.0,0.0,825.6,0.0,0.0,0.6,9.0,0.0,29.0,0.0,71.6,71.6,350.0,825.6,-50.0,0.0,0.0,0.0,0.0,400.0,0.0,0.0,0.0,0.0,0.0,0.0,56.5,726.3,4.443,49.1692925,13.7588291,9.95321147998955,,0.0,1.00677986151155,1.21907843407224,0.757499985657901,0.0,0.058801731070096,16.0,20.0,19.0,20.0,21.5,22.5,24.0,16.0,20.0,23.000000000000004,15.99657997295792,16.99636622126783,1.6199087971720838,14.134711499946162,23.720000000000002
370.0,13.3,18.2,726.1,0.0,0.0,0.0,20.0,66.2,66.2,66.2,66.2,66.2,17.9674268651034,68.0,64.4,1010.97777777778,3639520.0,0.0,0.0,5.04236111111111,4.03388888888889,3.78177083333333,1567.9,1532.6,1172.3,1109.3,0.0,1697.0,0.0,0.0,724.0,2368.0,3.78,24.0,3.76,64.0,0.0,1010.97777777778,0.0,57.0,70.7,71.6,58.0,72.5,72.5,72.5,60.8,10.66,85.0,13.809,729.6,36.35,13.997,59.3,3.0,0.0,0.0,0.0,14.0,63.0,0.0,71.6,1.0,0.0,825.6,0.0,0.0,0.6,9.0,0.0,29.0,0.0,71.6,71.6,350.0,825.6,-50.0,0.0,0.0,0.0,0.0,400.0,0.0,0.0,0.0,0.0,0.0,0.0,56.5,726.3,4.443,48.9739825,13.7705483,9.97361317013314,,0.0,1.01441142205216,1.6647723575144,1.03444126456108,0.0,0.0769479724807551,16.0,20.0,19.0,20.0,21.5,22.5,24.0,16.0,20.0,23.000000000000004,19.99572496619744,21.99529746281707,1.6321879780819255,14.134711499946162,25.69
371.0,13.3,25.5,725.4,0.0,0.0,0.0,20.0,66.2,66.2,66.2,66.2,66.2,25.1498727904024,68.0,64.4,1010.97833333333,3639522.0,0.0,0.0,5.0375,4.03,3.778125,1567.9,1532.6,1172.3,1109.3,0.0,2106.0,0.0,0.0,723.0,2368.0,3.78,24.0,3.76,149.0,0.0,1010.97833333333,0.0,57.0,70.7,71.6,58.0,72.5,72.5,72.5,60.8,10.66,85.0,13.809,729.6,36.35,13.997,59.3,3.0,0.0,0.0,0.0,14.0,63.0,0.0,71.6,1.0,0.0,825.6,0.0,0.0,0.6,9.0,0.0,29.0,0.0,71.6,71.6,350.0,825.6,-50.0,0.0,0.0,0.0,0.0,400.0,0.0,0.0,0.0,0.0,0.0,0.0,56.5,725.6,4.444,48.9739825,13.7705483,9.97361317013314,,0.0,1.01441142205216,1.6647723575144,1.03444126456108,0.0,0.0769479724807551,16.0,20.0,19.0,20.0,21.5,22.5,24.0,16.0,20.0,23.000000000000004,19.99572496619744,21.99529746281707,1.6321879780819255,13.385611697016406,25.69
372.0,13.3,25.5,725.4,0.0,0.0,0.0,20.0,66.2,66.2,66.2,66.2,66.2,25.1498727904024,68.0,64.4,1010.97833333333,3639522.0,0.0,0.0,5.0375,4.03,3.778125,1567.9,1532.6,1172.3,1109.3,0.0,2106.0,0.0,0.0,723.0,2368.0,3.78,24.0,3.76,149.0,0.0,1010.97833333333,0.0,57.0,70.7,71.6,58.0,72.5,72.5,72.5,60.8,10.33,85.0,13.795,727.8,33.14,13.992,-3.9,3.0,0.0,0.0,0.0,14.0,63.0,0.0,71.6,1.0,0.0,825.6,0.0,0.0,0.6,9.0,0.0,29.0,0.0,71.6,71.6,350.0,825.6,-50.0,0.0,0.0,0.0,0.0,400.0,0.0,0.0,0.0,0.0,0.0,0.0,56.5,725.6,4.444,58.9347925,13.7515046,10.0102320188851,,0.0,1.02364560551449,1.45964092833163,0.906978543278354,0.0,0.0955405272635738,16.0,20.0,19.0,20.0,21.5,22.5,24.0,16.0,20.0,23.000000000000004,29.134396142154877,26.994228704366474,1.6470457792728144,13.385611697016406,22.810000000000002
373.0,13.3,46.7,722.9,0.0,0.0,0.0,20.0,66.2,66.2,66.2,66.2,66.2,45.900050815858,68.0,64.4,1010.97888888889,3639524.0,0.0,0.0,5.02013888888889,4.01611111111111,3.76510416666667,1567.9,1532.7,1172.3,1109.3,0.0,2678.0,0.0,0.0,721.0,2368.0,3.76,24.0,3.76,64.0,0.0,1010.97888888889,0.0,57.0,70.7,71.6,58.0,72.5,72.5,72.5,60.8,10.33,85.0,13.795,727.8,33.14,13.992,-3.9,3.0,0.0,0.0,0.0,14.0,63.0,0.0,71.6,1.0,0.0,825.6,0.0,0.0,0.6,9.0,0.0,29.0,0.0,71.6,71.6,350.0,825.6,-50.0,0.0,0.0,0.0,0.0,400.0,0.0,0.0,0.0,0.0,0.0,0.0,56.5,723.4,4.444,58.9347925,13.7515046,10.0102320188851,,0.0,1.02364560551449,1.45964092833163,0.906978543278354,0.0,0.0955405272635738,16.0,20.0,19.0,20.0,21.5,22.5,24.0,16.0,20.0,23.000000000000004,29.134396142154877,26.994228704366474,1.6470457792728144,34.228225813466075,22.810000000000002
374.0,13.3,46.7,722.9,0.0,0.0,0.0,20.0,66.2,66.2,66.2,66.2,66.2,45.900050815858,68.0,64.4,1010.97888888889,3639524.0,0.0,0.0,5.02013888888889,4.01611111111111,3.76510416666667,1567.9,1532.7,1172.3,1109.3,0.0,2678.0,0.0,0.0,721.0,2368.0,3.76,24.0,3.76,64.0,0.0,1010.97888888889,0.0,57.0,70.7,71.6,57.0,72.5,72.5,72.5,60.8,10.6,85.0,13.81,726.3,33.07,14.006,-8.7,3.0,0.0,0.0,0.0,14.0,63.0,0.0,71.6,1.0,0.0,825.6,0.0,0.0,0.6,9.0,0.0,29.0,0.0,71.6,71.6,350.0,825.6,-50.0,0.0,0.0,0.0,0.0,400.0,0.0,0.0,0.0,0.0,0.0,0.0,56.5,723.4,4.444,57.128175,13.7705483,10.0730002553033,,0.0,1.03560221157399,1.03674736214444,0.644204745163055,0.0,0.0990177374508274,16.0,20.0,19.0,20.0,21.5,22.5,24.0,16.0,20.0,23.000000000000004,36.27349482149253,34.99251869084548,1.66628395842255,34.228225813466075,22.47
375.0,13.3,38.3,723.4,0.0,0.0,0.0,20.0,66.2,66.2,66.2,66.2,66.2,37.6699756457778,68.0,64.4,1010.97944444444,3639526.0,0.0,0.0,5.02361111111111,4.01888888888889,3.76770833333333,1567.9,1532.7,1172.3,1109.3,0.0,3069.0,0.0,0.0,721.0,2368.0,3.76,24.0,3.76,149.0,0.0,1010.97944444444,0.0,57.0,70.7,71.6,57.0,72.5,72.5,72.5,60.8,10.6,85.0,13.81,726.3,33.07,14.006,-8.7,3.0,0.0,0.0,0.0,14.0,63.0,0.0,71.6,1.0,0.0,825.6,0.0,0.0,0.6,9.0,0.0,29.0,0.0,71.6,71.6,350.0,825.6,-50.0,0.0,0.0,0.0,0.0,400.0,0.0,0.0,0.0,0.0,0.0,0.0,56.5,722.9,4.444,57.128175,13.7705483,10.0730002553033,,0.0,1.03560221157399,1.03674736214444,0.644204745163055,0.0,0.0990177374508274,16.0,20.0,19.0,20.0,21.5,22.5,24.0,16.0,20.0,23.000000000000004,36.27349482149253,34.99251869084548,1.66628395842255,28.090958721683666,22.47
376.0,13.3,38.3,723.4,0.0,0.0,0.0,20.0,66.2,66.2,66.2,66.2,66.2,37.6699756457778,68.0,64.4,1010.97944444444,3639526.0,0.0,0.0,5.02361111111111,4.01888888888889,3.76770833333333,1567.9,1532.7,1172.3,1109.3,0.0,3069.0,0.0,0.0,721.0,2368.0,3.76,24.0,3.76,149.0,0.0,1010.97944444444,0.0,57.0,70.7,71.6,58.0,72.5,72.5,72.5,60.8,10.57,85.0,13.809,726.8,33.18,13.996,-4.8,3.0,0.0,0.0,0.0,14.0,63.0,0.0,71.6,1.0,0.0,825.6,0.0,0.0,0.6,9.0,0.0,29.0,0.0,71.6,71.6,350.0,825.6,-50.0,0.0,0.0,0.0,0.0,400.0,0.0,0.0,0.0,0.0,0.0,0.0,56.5,722.9,4.444,48.8275,13.7705483,10.1506794146807,,0.0,1.04934469904093,1.40762615759205,0.87465807316913,0.0,0.0777954686381142,16.0,20.0,19.0,20.0,21.5,22.5,24.0,16.0,20.0,23.000000000000004,35.9923049391553,38.991663684084905,1.6883956207568565,28.090958721683666,22.61
377.0,13.3,22.5,724.6,0.0,0.0,0.0,20.0,66.2,66.2,66.2,66.2,66.2,22.1665910377142,68.0,64.4,1010.98,3639528.0,0.0,0.0,5.03194444444444,4.02555555555556,3.77395833333333,1567.9,1532.7,1172.3,1109.3,0.0,3203.0,0.0,0.0,723.0,2365.0,3.76,24.0,3.76,64.0,0.0,1010.98,0.0,57.0,70.7,71.6,58.0,72.5,72.5,72.5,60.8,10.57,85.0,13.809,726.8,33.18,13.996,-4.8,3.0,0.0,0.0,0.0,14.0,63.0,0.0,71.6,1.0,0.0,825.6,0.0,0.0,0.6,9.0,0.0,29.0,0.0,71.6,71.6,350.0,825.6,-50.0,0.0,0.0,0.0,0.0,400.0,0.0,0.0,0.0,0.0,0.0,0.0,56.5,724.2,4.443,48.8275,13.7705483,10.1506794146807,,0.0,1.04934469904093,1.40762615759205,0.87465807316913,0.0,0.0777954686381142,16.0,20.0,19.0,20.0,21.5,22.5,24.0,16.0,20.0,23.000000000000004,35.9923049391553,38.991663684084905,1.6883956207568565,28.137556939082103,22.61
378.0,13.3,22.5,724.6,0.0,0.0,0.0,20.0,66.2,66.2,66.2,66.2,66.2,22.1665910377142,68.0,64.4,1010.98,3639528.0,0.0,0.0,5.03194444444444,4.02555555555556,3.77395833333333,1567.9,1532.7,1172.3,1109.3,0.0,3203.0,0.0,0.0,723.0,2365.0,3.76,24.0,3.76,64.0,0.0,1010.98,0.0,57.0,70.7,71.6,58.0,72.5,72.5,72.5,60.8,10.54,85.0,13.81,727.9,33.34,13.996,14.8,3.0,0.0,0.0,0.0,14.0,63.0,0.0,71.6,1.0,0.0,825.6,0.0,0.0,0.6,9.0,0.0,29.0,0.0,71.6,71.6,350.0,825.6,-50.0,0.0,0.0,0.0,0.0,400.0,0.0,0.0,0.0,0.0,0.0,0.0,56.5,724.2,4.443,41.1615825,13.7705483,10.2308020003822,,0.0,1.06342207397686,2.45346091330082,1.52450946115865,0.0,0.063405951713795,16.0,20.0,19.0,20.0,21.5,22.5,24.0,16.0,20.0,21.999999999999996,40.71004629836746,39.99144993239488,1.7110461170287679,28.137556939082103,22.800000000000004
379.0,13.3,17.3,725.2,0.0,0.0,0.0,20.0,66.2,66.2,66.2,66.2,66.2,17.0577584258301,68.0,64.4,1010.98055555556,3639530.0,0.0,0.0,5.03611111111111,4.02888888888889,3.77708333333333,1567.9,1532.7,1172.3,1109.4,0.0,3237.0,0.0,0.0,723.0,2365.0,3.78,24.0,3.76,64.0,0.0,1010.98055555556,0.0,56.5,70.7,71.6,58.0,72.5,72.5,72.5,60.8,10.54,85.0,13.81,727.9,33.34,13.996,14.8,3.0,0.0,0.0,0.0,14.0,63.0,0.0,71.6,1.0,0.0,825.6,0.0,0.0,0.6,9.0,0.0,29.0,0.0,71.6,71.6,350.0,825.6,-50.0,0.0,0.0,0.0,0.0,400.0,0.0,0.0,0.0,0.0,0.0,0.0,56.5,725.1,4.441,41.1615825,13.7705483,10.2308020003822,,0.0,1.06342207397686,2.45346091330082,1.52450946115865,0.0,0.063405951713795,16.0,20.0,19.0,20.0,21.5,22.5,24.0,16.0,20.0,21.999999999999996,40.71004629836746,39.99144993239488,1.7110461170287679,16.543583840080387,22.800000000000004
380.0,13.3,17.3,725.2,0.0,0.0,0.0,20.0,66.2,66.2,66.2,66.2,66.2,17.0577584258301,68.0,64.4,1010.98055555556,3639530.0,0.0,0.0,5.03611111111111,4.02888888888889,3.77708333333333,1567.9,1532.7,1172.3,1109.4,0.0,3237.0,0.0,0.0,723.0,2365.0,3.78,24.0,3.76,64.0,0.0,1010.98055555556,0.0,56.5,70.7,71.6,58.0,72.5,72.5,72.5,60.8,10.51,85.0,13.811,727.8,33.24,14.01,19.9,3.0,0.0,0.0,0.0,14.0,63.0,0.0,71.6,1.0,0.0,825.6,0.0,0.0,0.6,9.0,0.0,29.0,0.0,71.6,71.6,350.0,825.6,-50.0,0.0,0.0,0.0,0.0,400.0,0.0,0.0,0.0,0.0,0.0,0.0,56.5,725.1,4.441,40.1850325,13.7705483,10.3158388071343,,0.0,1.07827554322341,3.26798427541615,2.03063065719961,0.0,0.0486052822391697,16.0,20.0,19.0,20.0,21.5,22.5,24.0,16.0,20.0,21.999999999999996,41.16307444213297,40.991236180704696,1.7349453490464666,16.543583840080387,22.730000000000004
381.0,13.3,12.5,725.6,0.0,0.0,0.0,20.0,66.2,66.2,66.2,66.2,66.2,12.3317680689464,68.0,64.4,1010.98111111111,3639532.0,0.0,0.0,5.03888888888889,4.03111111111111,3.77916666666667,1567.9,1532.7,1172.3,1109.4,0.0,3284.0,0.0,0.0,724.0,2365.0,3.78,24.0,3.76,78.0,0.0,1010.98111111111,0.0,56.5,70.7,71.6,58.0,72.5,72.5,72.5,60.8,10.51,85.0,13.811,727.8,33.24,14.01,19.9,3.0,0.0,0.0,0.0,14.0,63.0,0.0,71.6,1.0,0.0,825.6,0.0,0.0,0.6,9.0,0.0,29.0,0.0,71.6,71.6,350.0,825.6,-50.0,0.0,0.0,0.0,0.0,400.0,0.0,0.0,0.0,0.0,0.0,0.0,56.5,725.5,4.444,40.1850325,13.7705483,10.3158388071343,,0.0,1.07827554322341,3.26798427541615,2.03063065719961,0.0,0.0486052822391697,16.0,20.0,19.0,20.0,21.5,22.5,24.0,16.0,20.0,21.999999999999996,41.16307444213297,40.991236180704696,1.7349453490464666,12.727193890694856,22.730000000000004
382.0,13.3,12.5,725.6,0.0,0.0,0.0,20.0,66.2,66.2,66.2,66.2,66.2,12.3317680689464,68.0,64.4,1010.98111111111,3639532.0,0.0,0.0,5.03888888888889,4.03111111111111,3.77916666666667,1567.9,1532.7,1172.3,1109.4,0.0,3284.0,0.0,0.0,724.0,2365.0,3.78,24.0,3.76,78.0,0.0,1010.98111111111,0.0,56.5,70.7,71.6,58.0,72.5,72.5,72.5,60.8,10.49,85.0,13.811,728.8,32.7,13.993,8.1,3.0,0.0,0.0,0.0,14.0,63.0,0.0,71.6,1.0,0.0,825.6,0.0,0.0,0.6,9.0,0.0,29.0,0.0,71.6,71.6,350.0,825.6,-50.0,0.0,0.0,0.0,0.0,400.0,0.0,0.0,0.0,0.0,0.0,0.0,56.5,725.5,4.444,36.8647625,13.7705483,10.3965229791335,,0.0,1.09252361683463,4.52039691289967,2.80884355016538,0.0,0.0207440516279791,16.0,20.0,19.0,20.0,21.5,22.5,24.0,16.0,20.0,21.999999999999996,41.83480582771607,40.991236180704696,1.7578704994869196,12.727193890694856,22.21
383.0,13.3,9.1,726.0,0.0,0.0,0.0,20.0,66.2,66.2,66.2,66.2,66.2,8.98247617687998,68.0,64.4,1010.98166666667,3639534.0,0.0,0.0,5.04166666666667,4.03333333333333,3.78125,1567.9,1532.7,1172.3,1109.4,0.0,3313.0,0.0,0.0,724.0,2365.0,3.78,24.0,3.76,64.0,0.0,1010.98166666667,0.0,56.5,70.7,71.6,58.0,72.5,72.5,72.5,60.8,10.49,85.0,13.811,728.8,32.7,13.993,8.1,3.0,0.0,0.0,0.0,14.0,63.0,0.0,71.6,1.0,0.0,825.6,0.0,0.0,0.6,9.0,0.0,29.0,0.0,71.6,71.6,350.0,825.6,-50.0,0.0,0.0,0.0,0.0,400.0,0.0,0.0,0.0,0.0,0.0,0.0,56.5,726.0,4.444,36.8647625,13.7705483,10.3965229791335,,0.0,1.09252361683463,4.52039691289967,2.80884355016538,0.0,0.0207440516279791,16.0,20.0,19.0,20.0,21.5,22.5,24.0,16.0,20.0,21.999999999999996,41.83480582771607,40.991236180704696,1.7578704994869196,9.201018774819463,22.21
384.0,13.3,9.1,726.0,0.0,0.0,0.0,20.0,66.2,66.2,66.2,66.2,66.2,8.98247617687998,68.0,64.4,1010.98166666667,3639534.0,0.0,0.0,5.04166666666667,4.03333333333333,3.78125,1567.9,1532.7,1172.3,1109.4,0.0,3313.0,0.0,0.0,724.0,2365.0,3.78,24.0,3.76,64.0,0.0,1010.98166666667,0.0,56.5,70.7,71.6,58.0,72.5,72.5,72.5,60.8,10.47,85.0,13.811,729.7,32.41,13.976,3.3,3.0,0.0,0.0,0.0,14.0,63.0,0.0,71.6,1.0,0.0,825.6,0.0,0.0,0.6,9.0,0.0,29.0,0.0,71.6,71.6,350.0,825.6,-50.0,0.0,0.0,0.0,0.0,400.0,0.0,0.0,0.0,0.0,0.0,0.0,56.5,726.0,4.444,36.52297,13.760294,10.4806171545383,,0.0,1.10729128687079,6.35727908455181,3.95022886204704,0.0,0.010375377203401,16.0,20.0,19.0,20.0,21.5,22.5,24.0,16.0,20.0,21.999999999999996,39.99144993239488,41.991022429014514,1.7816316805751011,9.201018774819463,21.939999999999998
385.0,13.3,9.1,726.0,0.0,0.0,0.0,20.0,66.2,66.2,66.2,66.2,66.2,8.98247617687998,68.0,64.4,1010.98166666667,3639534.0,0.0,0.0,5.04166666666667,4.03333333333333,3.78125,1567.9,1532.7,1172.3,1109.4,0.0,3313.0,0.0,0.0,724.0,2365.0,3.78,24.0,3.76,64.0,0.0,1010.98166666667,0.0,56.5,70.7,71.6,58.0,72.5,72.5,72.5,60.8,10.47,85.0,13.811,729.7,32.41,13.976,3.3,3.0,0.0,0.0,0.0,14.0,63.0,0.0,71.6,1.0,0.0,825.6,0.0,0.0,0.6,9.0,0.0,29.0,0.0,71.6,71.6,350.0,825.6,-50.0,0.0,0.0,0.0,0.0,400.0,0.0,0.0,0.0,0.0,0.0,0.0,56.5,726.1,4.444,36.52297,13.760294,10.4806171545383,,0.0,1.10729128687079,6.35727908455181,3.95022886204704,0.0,0.010375377203401,16.0,20.0,19.0,20.0,21.5,22.5,24.0,16.0,20.0,21.999999999999996,39.99144993239488,41.991022429014514,1.7816316805751011,9.201018774819463,21.939999999999998
386.0,13.3,9.2,726.1,0.0,0.0,0.0,20.0,66.2,66.2,66.2,66.2,66.2,9.08243555818416,68.0,64.4,1010.98222222222,3639536.0,0.0,0.0,5.04236111111111,4.03388888888889,3.78177083333333,1567.9,1532.7,1172.3,1109.4,0.0,3384.0,0.0,0.0,724.0,2365.0,3.78,24.0,3.76,149.0,0.0,1010.98222222222,0.0,56.5,70.7,71.6,58.0,72.5,72.5,72.5,60.8,10.17,85.0,13.795,729.4,33.2,13.996,15.7,3.0,0.0,0.0,0.0,14.0,63.0,0.0,71.6,1.0,0.0,825.6,0.0,0.0,0.6,9.0,0.0,29.0,0.0,71.6,71.6,350.0,825.6,-50.0,0.0,0.0,0.0,0.0,400.0,0.0,0.0,0.0,0.0,0.0,0.0,56.5,726.1,4.444,36.1811775,13.7612706,10.5672444714205,,0.0,1.1224314608416,6.43701011359077,3.99977141129201,0.0,0.0103766195809668,16.0,20.0,19.0,20.0,21.5,22.5,24.0,16.0,20.0,21.999999999999996,39.99144993239488,42.99080867732449,1.8059922204941343,6.699264304661984,23.03
387.0,13.3,9.2,726.1,0.0,0.0,0.0,20.0,66.2,66.2,66.2,66.2,66.2,9.08243555818416,68.0,64.4,1010.98222222222,3639536.0,0.0,0.0,5.04236111111111,4.03388888888889,3.78177083333333,1567.9,1532.7,1172.3,1109.4,0.0,3384.0,0.0,0.0,724.0,2365.0,3.78,24.0,3.76,149.0,0.0,1010.98222222222,0.0,56.5,70.7,71.6,58.0,72.5,72.5,72.5,60.8,10.17,85.0,13.795,729.4,33.2,13.996,15.7,3.0,0.0,0.0,0.0,14.0,63.0,0.0,71.6,1.0,0.0,825.6,0.0,0.0,0.6,9.0,0.0,29.0,0.0,71.6,71.6,350.0,825.6,-50.0,0.0,0.0,0.0,0.0,400.0,0.0,0.0,0.0,0.0,0.0,0.0,56.5,726.2,4.443,36.1811775,13.7612706,10.5672444714205,,0.0,1.1224314608416,6.43701011359077,3.99977141129201,0.0,0.0103766195809668,16.0,20.0,19.0,20.0,21.5,22.5,24.0,16.0,20.0,21.999999999999996,39.99144993239488,42.99080867732449,1.8059922204941343,6.699264304661984,23.03
388.0,13.3,7.5,726.2,0.0,0.0,0.0,20.0,66.2,66.2,66.2,66.2,66.2,7.40517913864572,68.0,64.4,1010.98277777778,3639538.0,0.0,0.0,5.04305555555556,4.03444444444444,3.78229166666667,1567.9,1532.8,1172.3,1109.4,0.0,3467.0,0.0,0.0,724.0,2374.0,3.78,24.0,3.76,64.0,0.0,1010.98277777778,0.0,56.5,70.7,71.6,58.0,72.5,72.5,72.5,60.8,10.12,85.0,13.795,729.8,32.69,13.979,1.1,3.0,0.0,0.0,0.0,14.0,63.0,0.0,71.6,1.0,0.0,825.6,0.0,0.0,0.6,9.0,0.0,29.0,0.0,71.6,71.6,350.0,825.6,-50.0,0.0,0.0,0.0,0.0,400.0,0.0,0.0,0.0,0.0,0.0,0.0,56.5,726.2,4.443,36.32766,13.760294,10.6549339155537,,0.0,1.13769350273914,8.07858257596622,5.0197969338107,0.0,0.0104909614204308,16.0,20.0,19.0,20.0,21.5,22.5,24.0,16.0,20.0,21.999999999999996,44.31864978836102,43.990594925634305,1.830548845907276,6.773815369181268,22.57
389.0,13.3,7.5,726.2,0.0,0.0,0.0,20.0,66.2,66.2,66.2,66.2,66.2,7.40517913864572,68.0,64.4,1010.98277777778,3639538.0,0.0,0.0,5.04305555555556,4.03444444444444,3.78229166666667,1567.9,1532.8,1172.3,1109.4,0.0,3467.0,0.0,0.0,724.0,2374.0,3.78,24.0,3.76,64.0,0.0,1010.98277777778,0.0,56.5,70.7,71.6,58.0,72.5,72.5,72.5,60.8,10.12,85.0,13.795,729.8,32.69,13.979,1.1,3.0,0.0,0.0,0.0,14.0,63.0,0.0,71.6,1.0,0.0,825.6,0.0,0.0,0.6,9.0,0.0,29.0,0.0,71.6,71.6,350.0,825.6,-50.0,0.0,0.0,0.0,0.0,400.0,0.0,0.0,0.0,0.0,0.0,0.0,56.5,726.3,4.444,36.32766,13.760294,10.6549339155537,,0.0,1.13769350273914,8.07858257596622,5.0197969338107,0.0,0.0104909614204308,16.0,20.0,19.0,20.0,21.5,22.5,24.0,16.0,20.0,21.999999999999996,44.31864978836102,43.990594925634305,1.830548845907276,6.773815369181268,22.57
390.0,13.3,9.5,726.1,0.0,0.0,0.0,20.0,66.2,66.2,66.2,66.2,66.2,9.37860193508147,68.0,64.4,1010.98333333333,3639540.0,0.0,0.0,5.04236111111111,4.03388888888889,3.78177083333333,1567.9,1532.8,1172.3,1109.4,0.0,3540.0,0.0,0.0,724.0,2374.0,3.78,24.0,3.76,64.0,0.0,1010.98333333333,0.0,56.5,70.7,71.6,58.0,72.5,72.5,72.5,60.8,10.16,85.0,13.795,729.4,33.3,13.994,-3.4,3.0,0.0,0.0,0.0,14.0,63.0,0.0,71.6,1.0,0.0,825.6,0.0,0.0,0.6,9.0,0.0,29.0,0.0,71.6,71.6,350.0,825.6,-50.0,0.0,0.0,0.0,0.0,400.0,0.0,0.0,0.0,0.0,0.0,0.0,56.5,726.3,4.444,37.011245,13.7612706,10.7449603352606,,0.0,1.15330544773039,6.52367732442247,4.05362390275372,0.0,0.0139935159353961,16.0,20.0,19.0,20.0,21.5,22.5,24.0,16.0,20.0,21.999999999999996,44.881029553035326,44.99038117394412,1.8556684653981974,5.521371679666473,23.139999999999997
391.0,13.3,9.5,726.1,0.0,0.0,0.0,20.0,66.2,66.2,66.2,66.2,66.2,9.37860193508147,68.0,64.4,1010.98333333333,3639540.0,0.0,0.0,5.04236111111111,4.03388888888889,3.78177083333333,1567.9,1532.8,1172.3,1109.4,0.0,3540.0,0.0,0.0,724.0,2374.0,3.78,24.0,3.76,64.0,0.0,1010.98333333333,0.0,56.5,70.7,71.6,58.0,72.5,72.5,72.5,60.8,10.16,85.0,13.795,729.4,33.3,13.994,-3.4,3.0,0.0,0.0,0.0,14.0,63.0,0.0,71.6,1.0,0.0,825.6,0.0,0.0,0.6,9.0,0.0,29.0,0.0,71.6,71.6,350.0,825.6,-50.0,0.0,0.0,0.0,0.0,400.0,0.0,0.0,0.0,0.0,0.0,0.0,56.5,726.0,4.444,37.011245,13.7612706,10.7449603352606,,0.0,1.15330544773039,6.52367732442247,4.05362390275372,0.0,0.0139935159353961,16.0,20.0,19.0,20.0,21.5,22.5,24.0,16.0,20.0,21.999999999999996,44.881029553035326,44.99038117394412,1.8556684653981974,5.521371679666473,23.139999999999997
392.0,13.3,9.8,726.1,0.0,0.0,0.0,20.0,66.2,66.2,66.2,66.2,66.2,9.67476831197878,68.0,64.4,1010.98388888889,3639542.0,0.0,0.0,5.04236111111111,4.03388888888889,3.78177083333333,1567.9,1532.8,1172.3,1109.4,0.0,3630.0,0.0,0.0,724.0,2374.0,3.78,24.0,3.76,64.0,0.0,1010.98388888889,0.0,56.5,70.7,71.6,58.0,72.5,72.5,72.5,60.8,10.08,85.0,13.794,729.8,33.09,13.978,-12.2,3.0,0.0,0.0,0.0,14.0,63.0,0.0,71.6,1.0,0.0,825.6,0.0,0.0,0.6,9.0,0.0,29.0,0.0,71.6,71.6,350.0,825.6,-50.0,0.0,0.0,0.0,0.0,400.0,0.0,0.0,0.0,0.0,0.0,0.0,56.5,726.0,4.444,36.52297,13.760294,10.835922145151,,0.0,1.16903002142833,6.46450564801048,4.01685633900992,0.0,0.0140926088143541,16.0,20.0,19.0,20.0,21.5,22.5,24.0,16.0,20.0,21.999999999999996,43.990594925634305,45.990167422254096,1.880969304478183,6.993737460910865,23.010000000000005
393.0,13.3,9.8,726.1,0.0,0.0,0.0,20.0,66.2,66.2,66.2,66.2,66.2,9.67476831197878,68.0,64.4,1010.98388888889,3639542.0,0.0,0.0,5.04236111111111,4.03388888888889,3.78177083333333,1567.9,1532.8,1172.3,1109.4,0.0,3630.0,0.0,0.0,724.0,2374.0,3.78,24.0,3.76,64.0,0.0,1010.98388888889,0.0,56.5,70.7,71.6,58.0,72.5,72.5,72.5,60.8,10.08,85.0,13.794,729.8,33.09,13.978,-12.2,3.0,0.0,0.0,0.0,14.0,63.0,0.0,71.6,1.0,0.0,825.6,0.0,0.0,0.6,9.0,0.0,29.0,0.0,71.6,71.6,350.0,825.6,-50.0,0.0,0.0,0.0,0.0,400.0,0.0,0.0,0.0,0.0,0.0,0.0,56.5,726.5,4.444,36.52297,13.760294,10.835922145151,,0.0,1.16903002142833,6.46450564801048,4.01685633900992,0.0,0.0140926088143541,16.0,20.0,19.0,20.0,21.5,22.5,24.0,16.0,20.0,21.999999999999996,43.990594925634305,45.990167422254096,1.880969304478183,6.993737460910865,23.010000000000005
394.0,13.3,4.1,726.6,0.0,0.0,0.0,20.0,66.2,66.2,66.2,66.2,66.2,4.05039437524537,68.0,64.4,1010.98444444444,3639544.0,0.0,0.0,5.04583333333333,4.03666666666667,3.784375,1567.9,1532.8,1172.3,1109.4,0.0,3692.0,0.0,0.0,725.0,2374.0,3.78,24.0,3.78,64.0,0.0,1010.98444444444,0.0,56.5,70.7,71.6,58.0,72.5,72.5,72.5,60.8,10.13,85.0,13.795,730.0,33.09,13.997,-26.5,3.0,0.0,0.0,0.0,14.0,63.0,0.0,71.6,1.0,0.0,825.6,0.0,0.0,0.6,9.0,0.0,29.0,0.0,71.6,71.6,350.0,825.6,-50.0,0.0,0.0,0.0,0.0,400.0,0.0,0.0,0.0,0.0,0.0,0.0,56.5,726.5,4.444,34.862835,13.760294,10.9290900847156,,0.0,1.18509238481297,15.7767886514538,9.80323894114251,0.0,0.0141981429803438,16.0,20.0,19.0,20.0,21.5,22.5,24.0,16.0,20.0,21.999999999999996,43.990594925634305,46.989953670563914,1.9068136471640686,3.0204283186020655,22.96
395.0,13.3,6.8,726.5,0.0,0.0,0.0,20.0,66.2,66.2,66.2,66.2,66.2,6.71680271380475,68.0,64.4,1010.985,3639546.0,0.0,0.0,5.04513888888889,4.03611111111111,3.78385416666667,1567.9,1532.8,1172.3,1109.4,0.0,3735.0,0.0,0.0,724.0,2381.0,3.78,24.0,3.78,149.0,0.0,1010.985,0.0,56.5,70.7,71.6,58.0,72.5,72.5,72.5,60.8,10.13,85.0,13.795,730.0,33.09,13.997,-26.5,3.0,0.0,0.0,0.0,14.0,63.0,0.0,71.6,1.0,0.0,825.6,0.0,0.0,0.6,9.0,0.0,29.0,0.0,71.6,71.6,350.0,825.6,-50.0,0.0,0.0,0.0,0.0,400.0,0.0,0.0,0.0,0.0,0.0,0.0,56.5,726.8,4.444,34.862835,13.760294,10.9290900847156,,0.0,1.18509238481297,15.7767886514538,9.80323894114251,0.0,0.0141981429803438,16.0,20.0,19.0,20.0,21.5,22.5,24.0,16.0,20.0,21.999999999999996,43.990594925634305,46.989953670563914,1.9068136471640686,3.0200126251918493,22.96
396.0,13.3,6.8,726.5,0.0,0.0,0.0,20.0,66.2,66.2,66.2,66.2,66.2,6.71680271380475,68.0,64.4,1010.985,3639546.0,0.0,0.0,5.04513888888889,4.03611111111111,3.78385416666667,1567.9,1532.8,1172.3,1109.4,0.0,3735.0,0.0,0.0,724.0,2381.0,3.78,24.0,3.78,149.0,0.0,1010.985,0.0,56.5,70.7,71.6,58.0,72.5,72.5,72.5,60.8,10.07,85.0,13.797,729.4,33.14,13.975,-35.1,3.0,0.0,0.0,0.0,14.0,63.0,0.0,71.6,1.0,0.0,825.6,0.0,0.0,0.6,9.0,0.0,29.0,0.0,71.6,71.6,350.0,825.6,-50.0,0.0,0.0,0.0,0.0,400.0,0.0,0.0,0.0,0.0,0.0,0.0,56.5,726.8,4.444,39.354965,13.760294,11.0213219602274,,0.0,1.2011555026458,9.51378486700943,5.91159001659852,0.0,0.010688085297035,16.0,20.0,19.0,20.0,21.5,22.5,24.0,16.0,20.0,21.999999999999996,43.990594925634305,46.989953670563914,1.9326592037570922,3.0200126251918493,23.07
397.0,13.3,12.3,725.8,0.0,0.0,0.0,20.0,66.2,66.2,66.2,66.2,66.2,12.1378044490218,68.0,64.4,1010.98555555556,3639548.0,0.0,0.0,5.04027777777778,4.03222222222222,3.78020833333333,1567.9,1532.8,1172.3,1109.4,0.0,3848.0,0.0,0.0,724.0,2381.0,3.78,24.0,3.76,64.0,0.0,1010.98555555556,0.0,56.5,70.7,71.6,58.0,72.5,72.5,72.5,60.8,10.07,85.0,13.797,729.4,33.14,13.975,-35.1,3.0,0.0,0.0,0.0,14.0,63.0,0.0,71.6,1.0,0.0,825.6,0.0,0.0,0.6,9.0,0.0,29.0,0.0,71.6,71.6,350.0,825.6,-50.0,0.0,0.0,0.0,0.0,400.0,0.0,0.0,0.0,0.0,0.0,0.0,56.5,725.8,4.443,39.354965,13.760294,11.0213219602274,,0.0,1.2011555026458,9.51378486700943,5.91159001659852,0.0,0.010688085297035,16.0,20.0,19.0,20.0,21.5,22.5,24.0,16.0,20.0,21.999999999999996,43.990594925634305,46.989953670563914,1.9326592037570922,5.003975328043535,23.07
398.0,13.3,12.3,725.8,0.0,0.0,0.0,20.0,66.2,66.2,66.2,66.2,66.2,12.1378044490218,68.0,64.4,1010.98555555556,3639548.0,0.0,0.0,5.04027777777778,4.03222222222222,3.78020833333333,1567.9,1532.8,1172.3,1109.4,0.0,3848.0,0.0,0.0,724.0,2381.0,3.78,24.0,3.76,64.0,0.0,1010.98555555556,0.0,56.5,70.7,71.6,58.0,72.5,72.5,72.5,60.8,10.15,85.0,13.795,729.3,32.76,13.998,-25.0,3.0,0.0,0.0,0.0,14.0,63.0,0.0,71.6,1.0,0.0,825.6,0.0,0.0,0.6,9.0,0.0,29.0,0.0,71.6,71.6,350.0,825.6,-50.0,0.0,0.0,0.0,0.0,400.0,0.0,0.0,0.0,0.0,0.0,0.0,56.5,725.8,4.443,39.159655,13.7422269,11.120291415431,,0.0,1.21814778587148,5.48875700936673,3.41055443166722,0.0,0.0142525794987554,16.0,20.0,19.0,20.0,21.5,22.5,24.0,16.0,20.0,21.999999999999996,49.38006767042974,48.989526167183705,1.9599997874672113,5.003975328043535,22.61
399.0,13.3,8.4,726.1,0.0,0.0,0.0,20.0,66.2,66.2,66.2,66.2,66.2,8.29265855312467,68.0,64.4,1010.98611111111,3639550.0,0.0,0.0,5.04236111111111,4.03388888888889,3.78177083333333,1567.9,1532.8,1172.3,1109.4,0.0,3945.0,0.0,0.0,724.0,2381.0,3.78,24.0,3.76,64.0,0.0,1010.98611111111,0.0,56.5,70.7,71.6,58.0,72.5,72.5,72.5,60.8,10.15,85.0,13.795,729.3,32.76,13.998,-25.0,3.0,0.0,0.0,0.0,14.0,63.0,0.0,71.6,1.0,0.0,825.6,0.0,0.0,0.6,9.0,0.0,29.0,0.0,71.6,71.6,350.0,825.6,-50.0,0.0,0.0,0.0,0.0,400.0,0.0,0.0,0.0,0.0,0.0,0.0,56.5,725.9,4.443,39.159655,13.7422269,11.120291415431,,0.0,1.21814778587148,5.48875700936673,3.41055443166722,0.0,0.0142525794987554,16.0,20.0,19.0,20.0,21.5,22.5,24.0,16.0,20.0,21.999999999999996,49.38006767042974,48.989526167183705,1.9599997874672113,9.05504955465302,22.61
400.0,13.3,8.4,726.1,0.0,0.0,0.0,20.0,66.2,66.2,66.2,66.2,66.2,8.29265855312467,68.0,64.4,1010.98611111111,3639550.0,0.0,0.0,5.04236111111111,4.03388888888889,3.78177083333333,1567.9,1532.8,1172.3,1109.4,0.0,3945.0,0.0,0.0,724.0,2381.0,3.78,24.0,3.76,64.0,0.0,1010.98611111111,0.0,56.5,70.7,71.6,58.0,72.5,72.5,72.5,59.9,10.05,85.0,13.795,730.0,32.97,13.983,-23.1,3.0,0.0,0.0,0.0,14.0,63.0,0.0,71.6,1.0,0.0,825.6,0.0,0.0,0.6,9.0,0.0,29.0,0.0,71.6,71.6,350.0,825.6,-50.0,0.0,0.0,0.0,0.0,400.0,0.0,0.0,0.0,0.0,0.0,0.0,56.5,725.9,4.443,36.52297,13.7593174,11.2199112750095,,0.0,1.23522903916475,8.1977426695785,5.09383956033867,0.0,0.0142540557260295,16.0,20.0,19.0,20.0,21.5,22.5,24.0,15.5,20.0,21.999999999999996,47.98973991887373,49.98931241549352,1.9874835240160829,9.05504955465302,22.919999999999998
401.0,13.3,4.2,726.7,0.0,0.0,0.0,20.0,66.2,66.2,66.2,66.2,66.2,4.14975552303794,68.0,64.4,1010.98666666667,3639552.0,0.0,0.0,5.04652777777778,4.03722222222222,3.78489583333333,1567.9,1532.8,1172.3,1109.4,0.0,3960.0,0.0,0.0,725.0,2381.0,3.78,24.0,3.78,64.0,0.0,1010.98666666667,0.0,56.5,70.7,71.6,58.0,72.5,72.5,72.5,59.9,10.05,85.0,13.795,730.0,32.97,13.983,-23.1,3.0,0.0,0.0,0.0,14.0,63.0,0.0,71.6,1.0,0.0,825.6,0.0,0.0,0.6,9.0,0.0,29.0,0.0,71.6,71.6,350.0,825.6,-50.0,0.0,0.0,0.0,0.0,400.0,0.0,0.0,0.0,0.0,0.0,0.0,56.5,726.5,4.442,36.52297,13.7593174,11.2199112750095,,0.0,1.23522903916475,8.1977426695785,5.09383956033867,0.0,0.0142540557260295,16.0,20.0,19.0,20.0,21.5,22.5,24.0,15.5,20.0,21.999999999999996,47.98973991887373,49.98931241549352,1.9874835240160829,6.189046268512961,22.919999999999998
402.0,13.3,4.2,726.7,0.0,0.0,0.0,20.0,66.2,66.2,66.2,66.2,66.2,4.14975552303794,68.0,64.4,1010.98666666667,3639552.0,0.0,0.0,5.04652777777778,4.03722222222222,3.78489583333333,1567.9,1532.8,1172.3,1109.4,0.0,3960.0,0.0,0.0,725.0,2381.0,3.78,24.0,3.78,64.0,0.0,1010.98666666667,0.0,56.5,70.7,71.6,58.0,72.5,72.5,72.5,59.9,10.08,85.0,13.797,730.7,33.0,13.998,-7.4,3.0,0.0,0.0,0.0,14.0,63.0,0.0,71.6,1.0,0.0,825.6,0.0,0.0,0.6,9.0,0.0,29.0,0.0,71.6,71.6,350.0,825.6,-50.0,0.0,0.0,0.0,0.0,400.0,0.0,0.0,0.0,0.0,0.0,0.0,56.5,726.5,4.442,30.85898,13.7612706,11.3186440016602,,0.0,1.25232821987993,16.3819484034153,10.1792676613786,0.0,0.0106890766884616,16.0,20.0,19.0,20.0,21.5,22.5,24.0,15.5,20.0,21.999999999999996,47.98973991887373,49.98931241549352,2.0149961057868073,6.189046268512961,22.92
403.0,13.3,-10.5,728.3,0.0,0.0,0.0,20.0,66.2,66.2,66.2,66.2,66.2,-10.3972304507656,68.0,64.4,1010.98722222222,3639554.0,0.0,0.0,5.05763888888889,4.04611111111111,3.79322916666667,1567.9,1532.8,1172.3,1109.4,0.0,3875.0,0.0,0.0,726.0,2381.0,3.78,24.0,3.78,64.0,0.0,1010.98722222222,0.0,56.5,70.7,71.6,58.0,72.5,72.5,72.5,59.9,10.08,85.0,13.797,730.7,33.0,13.998,-7.4,3.0,0.0,0.0,0.0,14.0,63.0,0.0,71.6,1.0,0.0,825.6,0.0,0.0,0.6,9.0,0.0,29.0,0.0,71.6,71.6,350.0,825.6,-50.0,0.0,0.0,0.0,0.0,400.0,0.0,0.0,0.0,0.0,0.0,0.0,56.5,727.8,4.443,30.85898,13.7612706,11.3186440016602,,0.0,1.25232821987993,16.3819484034153,10.1792676613786,0.0,0.0106890766884616,16.0,20.0,19.0,20.0,21.5,22.5,24.0,15.5,20.0,21.999999999999996,47.98973991887373,49.98931241549352,2.0149961057868073,-7.753341126596271,22.92
404.0,13.3,-10.5,728.3,0.0,0.0,0.0,20.0,66.2,66.2,66.2,66.2,66.2,-10.3972304507656,68.0,64.4,1010.98722222222,3639554.0,0.0,0.0,5.05763888888889,4.04611111111111,3.79322916666667,1567.9,1532.8,1172.3,1109.4,0.0,3875.0,0.0,0.0,726.0,2381.0,3.78,24.0,3.78,64.0,0.0,1010.98722222222,0.0,56.5,70.7,71.6,58.0,72.5,72.5,72.5,59.9,10.32,85.0,13.811,731.2,32.78,13.99,-22.0,3.0,0.0,0.0,0.0,14.0,63.0,0.0,71.6,1.0,0.0,825.6,0.0,0.0,0.6,9.0,0.0,29.0,0.0,71.6,71.6,350.0,825.6,-50.0,0.0,0.0,0.0,0.0,400.0,0.0,0.0,0.0,0.0,0.0,0.0,56.5,727.8,4.443,28.222295,13.760294,11.4146824689195,,0.0,1.26932709492191,-6.40761590919493,-3.98150670511236,0.0,0.0106890766884616,16.0,20.0,19.0,20.0,21.5,22.5,24.0,15.5,20.0,21.999999999999996,48.755201265235954,48.989526167183705,2.0423472957293534,-7.753341126596271,22.46
405.0,13.3,-16.5,728.9,0.0,0.0,0.0,20.0,66.2,66.2,66.2,66.2,66.2,-16.3519652480715,68.0,64.4,1010.98777777778,3639556.0,0.0,0.0,5.06180555555556,4.04944444444444,3.79635416666667,1567.9,1532.8,1172.3,1109.4,0.0,3770.0,0.0,0.0,727.0,2377.0,3.8,24.0,3.78,149.0,0.0,1010.98777777778,0.0,56.5,70.7,71.6,58.0,72.5,72.5,72.5,59.9,10.32,85.0,13.811,731.2,32.78,13.99,-22.0,3.0,0.0,0.0,0.0,14.0,63.0,0.0,71.6,1.0,0.0,825.6,0.0,0.0,0.6,9.0,0.0,29.0,0.0,71.6,71.6,350.0,825.6,-50.0,0.0,0.0,0.0,0.0,400.0,0.0,0.0,0.0,0.0,0.0,0.0,56.5,728.7,4.444,28.222295,13.760294,11.4146824689195,,0.0,1.26932709492191,-6.40761590919493,-3.98150670511236,0.0,0.0106890766884616,16.0,20.0,19.0,20.0,21.5,22.5,24.0,15.5,20.0,21.999999999999996,48.755201265235954,48.989526167183705,2.0423472957293534,-7.7597286107044,22.46
406.0,13.3,-16.5,728.9,0.0,0.0,0.0,20.0,66.2,66.2,66.2,66.2,66.2,-16.3519652480715,68.0,64.4,1010.98777777778,3639556.0,0.0,0.0,5.06180555555556,4.04944444444444,3.79635416666667,1567.9,1532.8,1172.3,1109.4,0.0,3770.0,0.0,0.0,727.0,2377.0,3.8,24.0,3.78,149.0,0.0,1010.98777777778,0.0,56.5,70.7,71.6,58.0,72.5,72.5,72.5,59.9,10.04,85.0,13.796,733.5,32.98,13.994,6.6,3.0,0.0,0.0,0.0,14.0,63.0,0.0,71.6,1.0,0.0,825.6,0.0,0.0,0.6,9.0,0.0,29.0,0.0,71.6,71.6,350.0,825.6,-50.0,0.0,0.0,0.0,0.0,400.0,0.0,0.0,0.0,0.0,0.0,0.0,56.5,728.7,4.444,23.8766475,13.7695717,11.5009451961894,,0.0,1.28515133336592,-3.90792268964858,-2.42826982958963,0.0,-0.0071518758846197,16.0,20.0,19.0,20.0,21.5,22.5,24.0,15.5,20.0,21.999999999999996,43.990594925634305,46.989953670563914,2.067808495385765,-7.7597286107044,22.939999999999998
407.0,13.3,-22.3,729.9,0.0,0.0,0.0,20.0,66.2,66.2,66.2,66.2,66.2,-22.1302483518837,68.0,64.4,1010.98833333333,3639558.0,0.0,0.0,5.06875,4.055,3.8015625,1567.9,1532.8,1172.4,1109.4,0.0,3535.0,0.0,0.0,728.0,2377.0,3.8,24.0,3.78,64.0,0.0,1010.98833333333,0.0,56.5,70.7,71.6,58.0,72.5,72.5,72.5,59.9,10.04,85.0,13.796,733.5,32.98,13.994,6.6,3.0,0.0,0.0,0.0,14.0,63.0,0.0,71.6,1.0,0.0,825.6,0.0,0.0,0.6,9.0,0.0,29.0,0.0,71.6,71.6,350.0,825.6,-50.0,0.0,0.0,0.0,0.0,400.0,0.0,0.0,0.0,0.0,0.0,0.0,56.5,729.6,4.444,23.8766475,13.7695717,11.5009451961894,,0.0,1.28515133336592,-3.90792268964858,-2.42826982958963,0.0,-0.0071518758846197,16.0,20.0,19.0,20.0,21.5,22.5,24.0,15.5,20.0,21.999999999999996,43.990594925634305,46.989953670563914,2.067808495385765,-16.502795191561297,22.939999999999998
408.0,13.3,-22.3,729.9,0.0,0.0,0.0,20.0,66.2,66.2,66.2,66.2,66.2,-22.1302483518837,68.0,64.4,1010.98833333333,3639558.0,0.0,0.0,5.06875,4.055,3.8015625,1567.9,1532.8,1172.4,1109.4,0.0,3535.0,0.0,0.0,728.0,2377.0,3.8,24.0,3.78,64.0,0.0,1010.98833333333,0.0,56.5,70.7,71.6,58.0,72.5,72.5,72.5,59.9,10.08,85.0,13.796,733.5,33.07,13.999,1.0,3.0,0.0,0.0,0.0,14.0,63.0,0.0,71.6,1.0,0.0,825.6,0.0,0.0,0.6,9.0,0.0,29.0,0.0,71.6,71.6,350.0,825.6,-50.0,0.0,0.0,0.0,0.0,400.0,0.0,0.0,0.0,0.0,0.0,0.0,56.5,729.6,4.444,20.89817,13.7593174,11.5796963902362,,0.0,1.30041672445419,-2.70323903329715,-1.67971434135888,0.0,-0.0213728186616145,16.0,20.0,19.0,20.0,21.5,22.5,24.0,15.5,20.0,21.999999999999996,39.99144993239488,43.990594925634305,2.0923705096467917,-16.502795191561297,22.990000000000002
409.0,13.3,-22.2,730.1,0.0,0.0,0.0,20.0,66.2,66.2,66.2,66.2,66.2,-22.0370462900175,68.0,64.4,1010.98888888889,3639560.0,0.0,0.0,5.07013888888889,4.05611111111111,3.80260416666667,1567.9,1532.8,1172.4,1109.4,0.0,3249.0,0.0,0.0,728.0,2377.0,3.8,24.0,3.78,64.0,0.0,1010.98888888889,0.0,56.5,70.7,71.6,58.0,72.5,72.5,72.5,59.9,10.08,85.0,13.796,733.5,33.07,13.999,1.0,3.0,0.0,0.0,0.0,14.0,63.0,0.0,71.6,1.0,0.0,825.6,0.0,0.0,0.6,9.0,0.0,29.0,0.0,71.6,71.6,350.0,825.6,-50.0,0.0,0.0,0.0,0.0,400.0,0.0,0.0,0.0,0.0,0.0,0.0,56.5,730.1,4.442,20.89817,13.7593174,11.5796963902362,,0.0,1.30041672445419,-2.70323903329715,-1.67971434135888,0.0,-0.0213728186616145,16.0,20.0,19.0,20.0,21.5,22.5,24.0,15.5,20.0,21.999999999999996,39.99144993239488,43.990594925634305,2.0923705096467917,-16.433293281146533,22.990000000000002
410.0,13.3,-22.2,730.1,0.0,0.0,0.0,20.0,66.2,66.2,66.2,66.2,66.2,-22.0370462900175,68.0,64.4,1010.98888888889,3639560.0,0.0,0.0,5.07013888888889,4.05611111111111,3.80260416666667,1567.9,1532.8,1172.4,1109.4,0.0,3249.0,0.0,0.0,728.0,2377.0,3.8,24.0,3.78,64.0,0.0,1010.98888888889,0.0,56.5,70.7,71.6,58.0,72.5,72.5,72.5,59.9,10.29,85.0,13.81,733.5,32.59,13.98,5.4,3.0,0.0,0.0,0.0,14.0,63.0,0.0,71.6,1.0,0.0,825.6,0.0,0.0,0.6,9.0,0.0,29.0,0.0,71.6,71.6,350.0,825.6,-50.0,0.0,0.0,0.0,0.0,400.0,0.0,0.0,0.0,0.0,0.0,0.0,56.5,730.1,4.442,23.3883725,13.7593174,11.6443900462015,,0.0,1.31408583918527,-2.46788358005999,-1.53347128802546,0.0,-0.0356277428105245,16.0,20.0,19.0,20.0,21.5,22.5,24.0,15.5,20.0,21.999999999999996,35.9923049391553,39.99144993239488,2.1143641152490997,-16.433293281146533,22.300000000000004
411.0,13.3,-3.1,728.5,0.0,0.0,0.0,20.0,66.2,66.2,66.2,66.2,66.2,-3.07050147943827,68.0,64.4,1010.98944444444,3639562.0,0.0,0.0,5.05902777777778,4.04722222222222,3.79427083333333,1568.0,1532.8,1172.4,1109.4,0.0,3114.0,0.0,0.0,726.0,2377.0,3.78,24.0,3.78,64.0,0.0,1010.98944444444,0.0,56.5,70.7,71.6,58.0,72.5,72.5,72.5,59.9,10.29,85.0,13.81,733.5,32.59,13.98,5.4,3.0,0.0,0.0,0.0,14.0,63.0,0.0,71.6,1.0,0.0,825.6,0.0,0.0,0.6,9.0,0.0,29.0,0.0,71.6,71.6,350.0,825.6,-50.0,0.0,0.0,0.0,0.0,400.0,0.0,0.0,0.0,0.0,0.0,0.0,56.5,729.5,4.444,23.3883725,13.7593174,11.6443900462015,,0.0,1.31408583918527,-2.46788358005999,-1.53347128802546,0.0,-0.0356277428105245,16.0,20.0,19.0,20.0,21.5,22.5,24.0,15.5,20.0,21.999999999999996,35.9923049391553,39.99144993239488,2.1143641152490997,-16.39728003741305,22.300000000000004
412.0,13.3,-3.1,728.5,0.0,0.0,0.0,20.0,66.2,66.2,66.2,66.2,66.2,-3.07050147943827,68.0,64.4,1010.98944444444,3639562.0,0.0,0.0,5.05902777777778,4.04722222222222,3.79427083333333,1568.0,1532.8,1172.4,1109.4,0.0,3114.0,0.0,0.0,726.0,2377.0,3.78,24.0,3.78,64.0,0.0,1010.98944444444,0.0,56.5,70.7,71.6,58.0,72.5,72.5,72.5,59.9,10.0,85.0,13.796,731.3,32.58,13.981,0.3,3.0,0.0,0.0,0.0,14.0,63.0,0.0,71.6,1.0,0.0,825.6,0.0,0.0,0.6,9.0,0.0,29.0,0.0,71.6,71.6,350.0,825.6,-50.0,0.0,0.0,0.0,0.0,400.0,0.0,0.0,0.0,0.0,0.0,0.0,56.5,729.5,4.444,30.0289125,13.7695717,11.707325207395,,0.0,1.32782621362769,-17.2692452454225,-10.7306081873935,0.0,-0.0354883403148278,16.0,20.0,19.0,20.0,21.5,22.5,24.0,15.5,20.0,21.999999999999996,35.9923049391553,38.991663684084905,2.136472377726953,-16.39728003741305,22.58
413.0,13.3,-1.8,728.2,0.0,0.0,0.0,20.0,66.2,66.2,66.2,66.2,66.2,-1.78213763109727,68.0,64.4,1010.99,3639564.0,0.0,0.0,5.05694444444444,4.04555555555556,3.79270833333333,1568.0,1532.8,1172.4,1109.4,0.0,3183.0,0.0,0.0,726.0,2379.0,3.78,24.0,3.78,149.0,0.0,1010.99,0.0,56.5,70.7,71.6,58.0,72.5,72.5,72.5,59.9,10.0,85.0,13.796,731.3,32.58,13.981,0.3,3.0,0.0,0.0,0.0,14.0,63.0,0.0,71.6,1.0,0.0,825.6,0.0,0.0,0.6,9.0,0.0,29.0,0.0,71.6,71.6,350.0,825.6,-50.0,0.0,0.0,0.0,0.0,400.0,0.0,0.0,0.0,0.0,0.0,0.0,56.5,728.2,4.443,30.0289125,13.7695717,11.707325207395,,0.0,1.32782621362769,-17.2692452454225,-10.7306081873935,0.0,-0.0354883403148278,16.0,20.0,19.0,20.0,21.5,22.5,24.0,15.5,20.0,21.999999999999996,35.9923049391553,38.991663684084905,2.136472377726953,-2.288767361173885,22.58
414.0,13.3,-1.8,728.2,0.0,0.0,0.0,20.0,66.2,66.2,66.2,66.2,66.2,-1.78213763109727,68.0,64.4,1010.99,3639564.0,0.0,0.0,5.05694444444444,4.04555555555556,3.79270833333333,1568.0,1532.8,1172.4,1109.4,0.0,3183.0,0.0,0.0,726.0,2379.0,3.78,24.0,3.78,149.0,0.0,1010.99,0.0,56.5,70.7,71.6,58.0,72.5,72.5,72.5,59.9,10.01,85.0,13.796,731.0,32.97,13.996,4.4,3.0,0.0,0.0,0.0,14.0,63.0,0.0,71.6,1.0,0.0,825.6,0.0,0.0,0.6,9.0,0.0,29.0,0.0,71.6,71.6,350.0,825.6,-50.0,0.0,0.0,0.0,0.0,400.0,0.0,0.0,0.0,0.0,0.0,0.0,56.5,728.2,4.443,34.37456,13.760294,11.7707167925507,,0.0,1.34148402768802,-30.5166468308462,-18.9621593579297,0.0,-0.0354883403148278,16.0,20.0,19.0,20.0,21.5,22.5,24.0,15.5,20.0,21.999999999999996,41.11620946174348,39.99144993239488,2.1584478005500243,-2.288767361173885,22.96
415.0,13.3,5.6,727.5,0.0,0.0,0.0,20.0,66.2,66.2,66.2,66.2,66.2,5.53909846889611,68.0,64.4,1010.99055555556,3639566.0,0.0,0.0,5.05208333333333,4.04166666666667,3.7890625,1568.0,1532.8,1172.4,1109.4,0.0,3339.0,0.0,0.0,725.0,2379.0,3.78,24.0,3.78,64.0,0.0,1010.99055555556,0.0,56.5,70.7,71.6,58.0,72.5,72.5,72.5,59.9,10.01,85.0,13.796,731.0,32.97,13.996,4.4,3.0,0.0,0.0,0.0,14.0,63.0,0.0,71.6,1.0,0.0,825.6,0.0,0.0,0.6,9.0,0.0,29.0,0.0,71.6,71.6,350.0,825.6,-50.0,0.0,0.0,0.0,0.0,400.0,0.0,0.0,0.0,0.0,0.0,0.0,56.5,727.5,4.444,34.37456,13.760294,11.7707167925507,,0.0,1.34148402768802,-30.5166468308462,-18.9621593579297,0.0,-0.0354883403148278,16.0,20.0,19.0,20.0,21.5,22.5,24.0,15.5,20.0,21.999999999999996,41.11620946174348,39.99144993239488,2.1584478005500243,-1.3276841967632067,22.96
416.0,13.3,5.6,727.5,0.0,0.0,0.0,20.0,66.2,66.2,66.2,66.2,66.2,5.53909846889611,68.0,64.4,1010.99055555556,3639566.0,0.0,0.0,5.05208333333333,4.04166666666667,3.7890625,1568.0,1532.8,1172.4,1109.4,0.0,3339.0,0.0,0.0,725.0,2379.0,3.78,24.0,3.78,64.0,0.0,1010.99055555556,0.0,56.5,70.7,71.6,58.0,72.5,72.5,72.5,59.9,9.90000000000003,85.0,13.797,730.5,32.43,13.989,-1.4,3.0,0.0,0.0,0.0,14.0,63.0,0.0,71.6,1.0,0.0,825.6,0.0,0.0,0.6,9.0,0.0,29.0,0.0,71.6,71.6,350.0,825.6,-50.0,0.0,0.0,0.0,0.0,400.0,0.0,0.0,0.0,0.0,0.0,0.0,56.5,727.5,4.444,34.37456,13.760294,11.8417832028833,,0.0,1.35603011223483,10.5547373588611,6.55840770741286,0.0,,16.0,20.0,19.0,20.0,21.5,22.5,24.0,15.5,20.0,21.999999999999996,39.99144993239488,42.99080867732449,2.181852450585841,-1.3276841967632067,22.52999999999997
417.0,13.3,5.3,727.4,0.0,0.0,0.0,20.0,66.2,66.2,66.2,66.2,66.2,5.24164045146236,68.0,64.4,1010.99111111111,3639568.0,0.0,0.0,5.05138888888889,4.04111111111111,3.78854166666667,1568.0,1532.8,1172.4,1109.4,0.0,3517.0,0.0,0.0,726.0,2379.0,3.78,24.0,3.78,149.0,0.0,1010.99111111111,0.0,56.5,70.7,71.6,58.0,72.5,72.5,72.5,59.9,9.90000000000003,85.0,13.797,730.5,32.43,13.989,-1.4,3.0,0.0,0.0,0.0,14.0,63.0,0.0,71.6,1.0,0.0,825.6,0.0,0.0,0.6,9.0,0.0,29.0,0.0,71.6,71.6,350.0,825.6,-50.0,0.0,0.0,0.0,0.0,400.0,0.0,0.0,0.0,0.0,0.0,0.0,56.5,727.4,4.441,34.37456,13.760294,11.8417832028833,,0.0,1.35603011223483,10.5547373588611,6.55840770741286,0.0,,16.0,20.0,19.0,20.0,21.5,22.5,24.0,15.5,20.0,21.999999999999996,39.99144993239488,42.99080867732449,2.181852450585841,4.130005280231484,22.52999999999997
418.0,13.3,5.3,727.4,0.0,0.0,0.0,20.0,66.2,66.2,66.2,66.2,66.2,5.24164045146236,68.0,64.4,1010.99111111111,3639568.0,0.0,0.0,5.05138888888889,4.04111111111111,3.78854166666667,1568.0,1532.8,1172.4,1109.4,0.0,3517.0,0.0,0.0,726.0,2379.0,3.78,24.0,3.78,149.0,0.0,1010.99111111111,0.0,56.5,69.8,71.6,58.0,72.5,72.5,72.5,59.9,9.95999999999998,85.0,13.796,730.6,32.31,13.986,-0.4,3.0,0.0,0.0,0.0,14.0,63.0,0.0,71.6,1.0,0.0,825.6,0.0,0.0,0.6,9.0,0.0,29.0,0.0,71.6,71.6,350.0,825.6,-50.0,0.0,0.0,0.0,0.0,400.0,0.0,0.0,0.0,0.0,0.0,0.0,56.5,727.4,4.441,36.32766,13.7705483,11.9184962855733,,0.0,1.37134078385009,11.6724856169038,7.25294406026115,0.0,,16.0,20.0,19.0,20.0,21.0,22.5,24.0,15.5,20.0,21.999999999999996,45.66211255952738,44.99038117394412,2.206487321214795,4.130005280231484,22.350000000000023
419.0,13.3,6.3,727.2,0.0,0.0,0.0,20.0,66.2,66.2,66.2,66.2,66.2,6.22891609265142,68.0,64.4,1010.99166666667,3639570.0,0.0,0.0,5.05,4.04,3.7875,1568.0,1532.8,1172.4,1109.4,0.0,3720.0,0.0,0.0,725.0,2379.0,3.78,24.0,3.78,64.0,0.0,1010.99166666667,0.0,56.5,69.8,71.6,58.0,72.5,72.5,72.5,59.9,9.95999999999998,85.0,13.796,730.6,32.31,13.986,-0.4,3.0,0.0,0.0,0.0,14.0,63.0,0.0,71.6,1.0,0.0,825.6,0.0,0.0,0.6,9.0,0.0,29.0,0.0,71.6,71.6,350.0,825.6,-50.0,0.0,0.0,0.0,0.0,400.0,0.0,0.0,0.0,0.0,0.0,0.0,56.5,727.1,4.444,36.32766,13.7705483,11.9184962855733,,0.0,1.37134078385009,11.6724856169038,7.25294406026115,0.0,,16.0,20.0,19.0,20.0,21.0,22.5,24.0,15.5,20.0,21.999999999999996,45.66211255952738,44.99038117394412,2.206487321214795,3.9076802778135873,22.350000000000023
420.0,13.3,6.3,727.2,0.0,0.0,0.0,20.0,66.2,66.2,66.2,66.2,66.2,6.22891609265142,68.0,64.4,1010.99166666667,3639570.0,0.0,0.0,5.05,4.04,3.7875,1568.0,1532.8,1172.4,1109.4,0.0,3720.0,0.0,0.0,725.0,2379.0,3.78,24.0,3.78,64.0,0.0,1010.99166666667,0.0,56.5,69.8,71.6,58.0,72.5,72.5,72.5,59.9,10.28,85.0,13.811,730.4,33.06,14.01,1.5,3.0,0.0,0.0,0.0,14.0,63.0,0.0,71.6,1.0,0.0,825.6,0.0,0.0,0.6,9.0,0.0,29.0,0.0,71.6,71.6,350.0,825.6,-50.0,0.0,0.0,0.0,0.0,400.0,0.0,0.0,0.0,0.0,0.0,0.0,56.5,727.1,4.444,36.32766,13.760294,12.0044585477208,,0.0,1.38813472185285,10.2589624041769,6.37462172804582,0.0,0.0283982766760985,16.0,20.0,19.0,20.0,21.0,22.5,24.0,15.5,20.0,21.999999999999996,48.19282150056166,46.989953670563914,2.2335087674612355,3.9076802778135873,22.78
421.0,13.3,2.0,727.5,0.0,0.0,0.0,20.0,66.2,66.2,66.2,66.2,66.2,1.97824945317718,68.0,64.4,1010.99222222222,3639572.0,0.0,0.0,5.05208333333333,4.04166666666667,3.7890625,1568.0,1532.8,1172.4,1109.4,0.0,3831.0,0.0,0.0,726.0,2379.0,3.78,24.0,3.78,64.0,0.0,1010.99222222222,0.0,56.5,69.8,71.6,58.0,72.5,72.5,72.5,59.9,10.28,85.0,13.811,730.4,33.06,14.01,1.5,3.0,0.0,0.0,0.0,14.0,63.0,0.0,71.6,1.0,0.0,825.6,0.0,0.0,0.6,9.0,0.0,29.0,0.0,71.6,71.6,350.0,825.6,-50.0,0.0,0.0,0.0,0.0,400.0,0.0,0.0,0.0,0.0,0.0,0.0,56.5,727.2,4.442,36.32766,13.760294,12.0044585477208,,0.0,1.38813472185285,10.2589624041769,6.37462172804582,0.0,0.0283982766760985,16.0,20.0,19.0,20.0,21.0,22.5,24.0,15.5,20.0,21.999999999999996,48.19282150056166,46.989953670563914,2.2335087674612355,4.646894688671231,22.78
422.0,13.3,2.0,727.5,0.0,0.0,0.0,20.0,66.2,66.2,66.2,66.2,66.2,1.97824945317718,68.0,64.4,1010.99222222222,3639572.0,0.0,0.0,5.05208333333333,4.04166666666667,3.7890625,1568.0,1532.8,1172.4,1109.4,0.0,3831.0,0.0,0.0,726.0,2379.0,3.78,24.0,3.78,64.0,0.0,1010.99222222222,0.0,56.5,69.8,71.6,58.0,72.5,72.5,72.5,59.9,9.85000000000002,85.0,13.798,731.6,32.27,13.982,11.5,3.0,0.0,0.0,0.0,14.0,63.0,0.0,71.6,1.0,0.0,825.6,0.0,0.0,0.6,9.0,0.0,29.0,0.0,71.6,71.6,350.0,825.6,-50.0,0.0,0.0,0.0,0.0,400.0,0.0,0.0,0.0,0.0,0.0,0.0,56.5,727.2,4.442,24.902025,13.7515046,12.0903518080276,,0.0,1.40460865522778,33.6769759450172,20.9258962199313,0.0,0.03206946004964,16.0,20.0,19.0,20.0,21.0,22.5,24.0,15.5,20.0,21.999999999999996,48.755201265235954,48.989526167183705,2.260015326261498,4.646894688671231,22.419999999999984
423.0,13.3,-3.8,728.5,0.0,0.0,0.0,20.0,66.2,66.2,66.2,66.2,66.2,-3.7638405231824,68.0,64.4,1010.99277777778,3639574.0,0.0,0.0,5.05902777777778,4.04722222222222,3.79427083333333,1568.0,1532.8,1172.4,1109.4,0.0,3801.0,0.0,0.0,726.0,2378.0,3.78,24.0,3.78,64.0,0.0,1010.99277777778,0.0,56.5,69.8,71.6,58.0,72.5,72.5,72.5,59.9,9.85000000000002,85.0,13.798,731.6,32.27,13.982,11.5,3.0,0.0,0.0,0.0,14.0,63.0,0.0,71.6,1.0,0.0,825.6,0.0,0.0,0.6,9.0,0.0,29.0,0.0,71.6,71.6,350.0,825.6,-50.0,0.0,0.0,0.0,0.0,400.0,0.0,0.0,0.0,0.0,0.0,0.0,56.5,729.8,4.444,24.902025,13.7515046,12.0903518080276,,0.0,1.40460865522778,33.6769759450172,20.9258962199313,0.0,0.03206946004964,16.0,20.0,19.0,20.0,21.0,22.5,24.0,15.5,20.0,21.999999999999996,48.755201265235954,48.989526167183705,2.260015326261498,1.4772324358029756,22.419999999999984
424.0,13.3,-3.8,728.5,0.0,0.0,0.0,20.0,66.2,66.2,66.2,66.2,66.2,-3.7638405231824,68.0,64.4,1010.99277777778,3639574.0,0.0,0.0,5.05902777777778,4.04722222222222,3.79427083333333,1568.0,1532.8,1172.4,1109.4,0.0,3801.0,0.0,0.0,726.0,2378.0,3.78,24.0,3.78,64.0,0.0,1010.99277777778,0.0,56.5,69.8,71.6,58.0,72.5,72.5,72.5,59.9,9.85000000000002,85.0,13.795,730.5,32.37,13.975,-5.7,3.0,0.0,0.0,0.0,14.0,63.0,0.0,71.6,1.0,0.0,825.6,0.0,0.0,0.6,9.0,0.0,29.0,0.0,71.6,71.6,350.0,825.6,-50.0,0.0,0.0,0.0,0.0,400.0,0.0,0.0,0.0,0.0,0.0,0.0,56.5,729.8,4.444,34.17925,13.760294,12.1739788001903,,0.0,1.42102458950493,-17.3391612180761,-10.7740519452371,0.0,0.03206946004964,16.0,20.0,19.0,20.0,21.0,22.5,24.0,15.5,20.0,21.999999999999996,43.990594925634305,47.98973991887373,2.2864285645134323,1.4772324358029756,22.51999999999998
425.0,13.3,1.3,727.8,0.0,0.0,0.0,20.0,66.2,66.2,66.2,66.2,66.2,1.28639239699592,68.0,64.4,1010.99333333333,3639576.0,0.0,0.0,5.05416666666667,4.04333333333333,3.790625,1568.0,1532.8,1172.4,1109.4,0.0,3643.0,0.0,0.0,726.0,2378.0,3.78,24.0,3.78,149.0,0.0,1010.99333333333,0.0,56.5,69.8,71.6,58.0,72.5,72.5,72.5,59.9,9.85000000000002,85.0,13.795,730.5,32.37,13.975,-5.7,3.0,0.0,0.0,0.0,14.0,63.0,0.0,71.6,1.0,0.0,825.6,0.0,0.0,0.6,9.0,0.0,29.0,0.0,71.6,71.6,350.0,825.6,-50.0,0.0,0.0,0.0,0.0,400.0,0.0,0.0,0.0,0.0,0.0,0.0,56.5,727.8,4.443,34.17925,13.760294,12.1739788001903,,0.0,1.42102458950493,-17.3391612180761,-10.7740519452371,0.0,0.03206946004964,16.0,20.0,19.0,20.0,21.0,22.5,24.0,15.5,20.0,21.999999999999996,43.990594925634305,47.98973991887373,2.2864285645134323,-2.8040446902911036,22.51999999999998
426.0,13.3,1.3,727.8,0.0,0.0,0.0,20.0,66.2,66.2,66.2,66.2,66.2,1.28639239699592,68.0,64.4,1010.99333333333,3639576.0,0.0,0.0,5.05416666666667,4.04333333333333,3.790625,1568.0,1532.8,1172.4,1109.4,0.0,3643.0,0.0,0.0,726.0,2378.0,3.78,24.0,3.78,149.0,0.0,1010.99333333333,0.0,56.5,68.9,71.6,58.0,72.5,72.5,72.5,59.9,9.87,85.0,13.795,730.7,32.63,13.983,-2.4,3.0,0.0,0.0,0.0,14.0,63.0,0.0,71.6,1.0,0.0,825.6,0.0,0.0,0.6,9.0,0.0,29.0,0.0,71.6,71.6,350.0,825.6,-50.0,0.0,0.0,0.0,0.0,400.0,0.0,0.0,0.0,0.0,0.0,0.0,56.5,727.8,4.443,36.034695,13.7715249,12.2532623816979,,0.0,1.43722328336888,48.618597670535,30.210186653138,0.0,,16.0,20.0,19.0,20.0,20.500000000000004,22.5,24.0,15.5,20.0,21.999999999999996,43.990594925634305,45.990167422254096,2.312492262940528,-2.8040446902911036,22.760000000000005
427.0,13.3,8.0,727.2,0.0,0.0,0.0,20.0,66.2,66.2,66.2,66.2,66.2,7.90973472082719,68.0,64.4,1010.99388888889,3639578.0,0.0,0.0,5.05,4.04,3.7875,1568.0,1532.8,1172.4,1109.4,0.0,3700.0,0.0,0.0,725.0,2378.0,3.78,24.0,3.78,149.0,0.0,1010.99388888889,0.0,56.5,68.9,71.6,58.0,72.5,72.5,72.5,59.9,9.87,85.0,13.795,730.7,32.63,13.983,-2.4,3.0,0.0,0.0,0.0,14.0,63.0,0.0,71.6,1.0,0.0,825.6,0.0,0.0,0.6,9.0,0.0,29.0,0.0,71.6,71.6,350.0,825.6,-50.0,0.0,0.0,0.0,0.0,400.0,0.0,0.0,0.0,0.0,0.0,0.0,56.5,727.3,4.444,36.034695,13.7715249,12.2532623816979,,0.0,1.43722328336888,48.618597670535,30.210186653138,0.0,,16.0,20.0,19.0,20.0,20.500000000000004,22.5,24.0,15.5,20.0,21.999999999999996,43.990594925634305,45.990167422254096,2.312492262940528,5.898385325001634,22.760000000000005
428.0,13.3,8.0,727.2,0.0,0.0,0.0,20.0,66.2,66.2,66.2,66.2,66.2,7.90973472082719,68.0,64.4,1010.99388888889,3639578.0,0.0,0.0,5.05,4.04,3.7875,1568.0,1532.8,1172.4,1109.4,0.0,3700.0,0.0,0.0,725.0,2378.0,3.78,24.0,3.78,149.0,0.0,1010.99388888889,0.0,56.5,68.9,71.6,58.0,72.5,72.5,72.5,59.9,10.21,85.0,13.81,730.0,33.07,14.003,-0.2,3.0,0.0,0.0,0.0,14.0,63.0,0.0,71.6,1.0,0.0,825.6,0.0,0.0,0.6,9.0,0.0,29.0,0.0,71.6,71.6,350.0,825.6,-50.0,0.0,0.0,0.0,0.0,400.0,0.0,0.0,0.0,0.0,0.0,0.0,56.5,727.3,4.444,37.69483,13.7695717,12.3324387362244,,0.0,1.45329824847198,8.07893289328933,5.02001461083608,0.0,,16.0,20.0,19.0,20.0,20.500000000000004,22.5,24.0,15.5,20.0,21.999999999999996,43.990594925634305,46.989953670563914,2.338356881791416,5.898385325001634,22.86
429.0,13.3,10.3,726.9,0.0,0.0,0.0,20.0,66.2,66.2,66.2,66.2,66.2,10.1795822222675,68.0,64.4,1010.99444444444,3639580.0,0.0,0.0,5.04791666666667,4.03833333333333,3.7859375,1568.0,1532.8,1172.4,1109.4,0.0,3781.0,0.0,0.0,725.0,2378.0,3.78,24.0,3.78,149.0,0.0,1010.99444444444,0.0,56.5,68.9,71.6,58.0,72.5,72.5,72.5,59.9,10.21,85.0,13.81,730.0,33.07,14.003,-0.2,3.0,0.0,0.0,0.0,14.0,63.0,0.0,71.6,1.0,0.0,825.6,0.0,0.0,0.6,9.0,0.0,29.0,0.0,71.6,71.6,350.0,825.6,-50.0,0.0,0.0,0.0,0.0,400.0,0.0,0.0,0.0,0.0,0.0,0.0,56.5,726.9,4.444,37.69483,13.7695717,12.3324387362244,,0.0,1.45329824847198,8.07893289328933,5.02001461083608,0.0,,16.0,20.0,19.0,20.0,20.500000000000004,22.5,24.0,15.5,20.0,21.999999999999996,43.990594925634305,46.989953670563914,2.338356881791416,5.895951997722341,22.86
430.0,13.3,10.3,726.9,0.0,0.0,0.0,20.0,66.2,66.2,66.2,66.2,66.2,10.1795822222675,68.0,64.4,1010.99444444444,3639580.0,0.0,0.0,5.04791666666667,4.03833333333333,3.7859375,1568.0,1532.8,1172.4,1109.4,0.0,3781.0,0.0,0.0,725.0,2378.0,3.78,24.0,3.78,149.0,0.0,1010.99444444444,0.0,56.5,68.9,71.6,59.0,72.5,72.5,72.5,59.9,9.76999999999998,85.0,13.797,730.0,32.31,13.973,-2.5,3.0,0.0,0.0,0.0,14.0,63.0,0.0,71.6,1.0,0.0,825.6,0.0,0.0,0.6,9.0,0.0,29.0,0.0,71.6,71.6,350.0,825.6,-50.0,0.0,0.0,0.0,0.0,400.0,0.0,0.0,0.0,0.0,0.0,0.0,56.5,726.9,4.444,37.69483,13.760294,12.4138958397924,,0.0,1.46974123310837,6.41105265477684,3.98364219915134,0.0,,16.0,20.0,19.0,20.0,20.500000000000004,22.5,24.0,15.5,20.0,21.999999999999996,48.14595652017217,47.98973991887373,2.364813644071367,5.895951997722341,22.54000000000002
431.0,13.3,8.1,727.0,0.0,0.0,0.0,20.0,66.2,66.2,66.2,66.2,66.2,8.0064038178175,68.0,64.4,1010.995,3639582.0,0.0,0.0,5.04861111111111,4.03888888888889,3.78645833333333,1568.0,1532.8,1172.4,1109.4,0.0,3835.0,0.0,0.0,725.0,2384.0,3.78,24.0,3.78,149.0,0.0,1010.995,0.0,56.5,68.9,71.6,59.0,72.5,72.5,72.5,59.9,9.76999999999998,85.0,13.797,730.0,32.31,13.973,-2.5,3.0,0.0,0.0,0.0,14.0,63.0,0.0,71.6,1.0,0.0,825.6,0.0,0.0,0.6,9.0,0.0,29.0,0.0,71.6,71.6,350.0,825.6,-50.0,0.0,0.0,0.0,0.0,400.0,0.0,0.0,0.0,0.0,0.0,0.0,56.5,727.1,4.444,37.69483,13.760294,12.4138958397924,,0.0,1.46974123310837,6.41105265477684,3.98364219915134,0.0,,16.0,20.0,19.0,20.0,20.500000000000004,22.5,24.0,15.5,20.0,21.999999999999996,48.14595652017217,47.98973991887373,2.364813644071367,7.592082500024907,22.54000000000002
432.0,13.3,8.1,727.0,0.0,0.0,0.0,20.0,66.2,66.2,66.2,66.2,66.2,8.0064038178175,68.0,64.4,1010.995,3639582.0,0.0,0.0,5.04861111111111,4.03888888888889,3.78645833333333,1568.0,1532.8,1172.4,1109.4,0.0,3835.0,0.0,0.0,725.0,2384.0,3.78,24.0,3.78,149.0,0.0,1010.995,0.0,56.5,68.9,71.6,59.0,72.5,72.5,72.5,59.9,9.84000000000003,85.0,13.797,730.0,32.46,13.987,1.4,3.0,0.0,0.0,0.0,14.0,63.0,0.0,71.6,1.0,0.0,825.6,0.0,0.0,0.6,9.0,0.0,29.0,0.0,71.6,71.6,350.0,825.6,-50.0,0.0,0.0,0.0,0.0,400.0,0.0,0.0,0.0,0.0,0.0,0.0,56.5,727.1,4.444,37.69483,13.760294,12.4965820105489,,0.0,1.48659040477915,8.15120484996689,5.06492230882877,0.0,,16.0,20.0,19.0,20.0,20.500000000000004,22.5,24.0,15.5,20.0,21.999999999999996,48.755201265235954,47.98973991887373,2.3919239612896526,7.592082500024907,22.61999999999997
433.0,13.3,8.3,727.0,0.0,0.0,0.0,20.0,66.2,66.2,66.2,66.2,66.2,8.20409280097349,68.0,64.4,1010.99555555556,3639584.0,0.0,0.0,5.04861111111111,4.03888888888889,3.78645833333333,1568.0,1532.8,1172.4,1109.4,0.0,3884.0,0.0,0.0,725.0,2384.0,3.78,24.0,3.78,64.0,0.0,1010.99555555556,0.0,56.5,68.9,71.6,59.0,72.5,72.5,72.5,59.9,9.84000000000003,85.0,13.797,730.0,32.46,13.987,1.4,3.0,0.0,0.0,0.0,14.0,63.0,0.0,71.6,1.0,0.0,825.6,0.0,0.0,0.6,9.0,0.0,29.0,0.0,71.6,71.6,350.0,825.6,-50.0,0.0,0.0,0.0,0.0,400.0,0.0,0.0,0.0,0.0,0.0,0.0,56.5,727.0,4.444,37.69483,13.760294,12.4965820105489,,0.0,1.48659040477915,8.15120484996689,5.06492230882877,0.0,,16.0,20.0,19.0,20.0,20.500000000000004,22.5,24.0,15.5,20.0,21.999999999999996,48.755201265235954,47.98973991887373,2.3919239612896526,5.970472645650633,22.61999999999997
434.0,13.3,8.3,727.0,0.0,0.0,0.0,20.0,66.2,66.2,66.2,66.2,66.2,8.20409280097349,68.0,64.4,1010.99555555556,3639584.0,0.0,0.0,5.04861111111111,4.03888888888889,3.78645833333333,1568.0,1532.8,1172.4,1109.4,0.0,3884.0,0.0,0.0,725.0,2384.0,3.78,24.0,3.78,64.0,0.0,1010.99555555556,0.0,56.5,68.9,71.6,59.0,72.5,72.5,72.5,60.8,9.81999999999999,85.0,13.796,730.0,32.23,13.971,-1.2,3.0,0.0,0.0,0.0,14.0,63.0,0.0,71.6,1.0,0.0,825.6,0.0,0.0,0.6,9.0,0.0,29.0,0.0,71.6,71.6,350.0,825.6,-50.0,0.0,0.0,0.0,0.0,400.0,0.0,0.0,0.0,0.0,0.0,0.0,56.5,727.0,4.444,37.987795,13.760294,12.578101077838,,0.0,1.50311398144903,8.12051507267032,5.04585257122023,0.0,0.0106900736430885,16.0,20.0,19.0,20.0,20.500000000000004,22.5,24.0,16.0,20.0,21.999999999999996,49.551905931858,48.989526167183705,2.4185103961514893,5.970472645650633,22.410000000000007
435.0,13.3,8.8,726.9,0.0,0.0,0.0,20.0,66.2,66.2,66.2,66.2,66.2,8.69711879184023,68.0,64.4,1010.99611111111,3639586.0,0.0,0.0,5.04791666666667,4.03833333333333,3.7859375,1568.0,1532.8,1172.4,1109.4,0.0,3933.0,0.0,0.0,725.0,2384.0,3.78,24.0,3.78,149.0,0.0,1010.99611111111,0.0,56.5,68.9,71.6,59.0,72.5,72.5,72.5,60.8,9.81999999999999,85.0,13.796,730.0,32.23,13.971,-1.2,3.0,0.0,0.0,0.0,14.0,63.0,0.0,71.6,1.0,0.0,825.6,0.0,0.0,0.6,9.0,0.0,29.0,0.0,71.6,71.6,350.0,825.6,-50.0,0.0,0.0,0.0,0.0,400.0,0.0,0.0,0.0,0.0,0.0,0.0,56.5,726.9,4.444,37.987795,13.760294,12.578101077838,,0.0,1.50311398144903,8.12051507267032,5.04585257122023,0.0,0.0106900736430885,16.0,20.0,19.0,20.0,20.500000000000004,22.5,24.0,16.0,20.0,21.999999999999996,49.551905931858,48.989526167183705,2.4185103961514893,6.117050197636935,22.410000000000007
436.0,13.3,8.8,726.9,0.0,0.0,0.0,20.0,66.2,66.2,66.2,66.2,66.2,8.69711879184023,68.0,64.4,1010.99611111111,3639586.0,0.0,0.0,5.04791666666667,4.03833333333333,3.7859375,1568.0,1532.8,1172.4,1109.4,0.0,3933.0,0.0,0.0,725.0,2384.0,3.78,24.0,3.78,149.0,0.0,1010.99611111111,0.0,56.5,68.9,70.7,59.0,72.5,72.5,72.5,60.8,9.81,85.0,13.796,730.0,32.47,13.982,0.8,3.0,0.0,0.0,0.0,14.0,63.0,0.0,71.6,1.0,0.0,825.6,0.0,0.0,0.6,9.0,0.0,29.0,0.0,71.6,71.6,350.0,825.6,-50.0,0.0,0.0,0.0,0.0,400.0,0.0,0.0,0.0,0.0,0.0,0.0,56.5,726.9,4.444,38.3295875,13.760294,12.6628357810159,,0.0,1.52020651435547,7.81650595930414,4.85695012443878,0.0,0.0106900413675686,16.0,20.0,19.0,20.0,20.500000000000004,22.5,24.0,16.0,20.0,21.999999999999996,47.98973991887373,49.98931241549352,2.4460122815979513,6.117050197636935,22.659999999999997
437.0,13.3,8.3,726.9,0.0,0.0,0.0,20.0,66.2,66.2,66.2,66.2,66.2,8.20296431503113,68.0,64.4,1010.99666666667,3639588.0,0.0,0.0,5.04791666666667,4.03833333333333,3.7859375,1568.0,1532.8,1172.4,1109.4,0.0,3995.0,0.0,0.0,725.0,2384.0,3.78,24.0,3.78,64.0,0.0,1010.99666666667,0.0,56.5,68.9,70.7,59.0,72.5,72.5,72.5,60.8,9.81,85.0,13.796,730.0,32.47,13.982,0.8,3.0,0.0,0.0,0.0,14.0,63.0,0.0,71.6,1.0,0.0,825.6,0.0,0.0,0.6,9.0,0.0,29.0,0.0,71.6,71.6,350.0,825.6,-50.0,0.0,0.0,0.0,0.0,400.0,0.0,0.0,0.0,0.0,0.0,0.0,56.5,726.8,4.444,38.3295875,13.760294,12.6628357810159,,0.0,1.52020651435547,7.81650595930414,4.85695012443878,0.0,0.0106900413675686,16.0,20.0,19.0,20.0,20.500000000000004,22.5,24.0,16.0,20.0,21.999999999999996,47.98973991887373,49.98931241549352,2.4460122815979513,6.485547197494579,22.659999999999997
438.0,13.3,8.3,726.9,0.0,0.0,0.0,20.0,66.2,66.2,66.2,66.2,66.2,8.20296431503113,68.0,64.4,1010.99666666667,3639588.0,0.0,0.0,5.04791666666667,4.03833333333333,3.7859375,1568.0,1532.8,1172.4,1109.4,0.0,3995.0,0.0,0.0,725.0,2384.0,3.78,24.0,3.78,64.0,0.0,1010.99666666667,0.0,56.5,68.9,71.6,59.0,72.5,72.5,72.5,60.8,9.79000000000002,85.0,13.797,730.0,32.57,13.983,-2.2,3.0,0.0,0.0,0.0,14.0,63.0,0.0,71.6,1.0,0.0,825.6,0.0,0.0,0.6,9.0,0.0,29.0,0.0,71.6,71.6,350.0,825.6,-50.0,0.0,0.0,0.0,0.0,400.0,0.0,0.0,0.0,0.0,0.0,0.0,56.5,726.8,4.444,38.3295875,13.7622472,12.7466145255568,,0.0,1.53726165279835,8.28737981227427,5.14953748133268,0.0,0.0071312997842877,16.0,20.0,19.0,20.0,20.500000000000004,22.5,24.0,16.0,20.0,21.999999999999996,47.98973991887373,49.98931241549352,2.4734539993525453,6.485547197494579,22.77999999999998
439.0,13.3,-7.3,728.3,0.0,0.0,0.0,20.0,66.2,66.2,66.2,66.2,66.2,-7.22855069434176,68.0,64.4,1010.99722222222,3639590.0,0.0,0.0,5.05763888888889,4.04611111111111,3.79322916666667,1568.0,1532.8,1172.4,1109.4,0.0,4008.0,0.0,0.0,726.0,2384.0,3.78,24.0,3.78,64.0,0.0,1010.99722222222,0.0,56.5,68.9,71.6,59.0,72.5,72.5,72.5,60.8,9.79000000000002,85.0,13.797,730.0,32.57,13.983,-2.2,3.0,0.0,0.0,0.0,14.0,63.0,0.0,71.6,1.0,0.0,825.6,0.0,0.0,0.6,9.0,0.0,29.0,0.0,71.6,71.6,350.0,825.6,-50.0,0.0,0.0,0.0,0.0,400.0,0.0,0.0,0.0,0.0,0.0,0.0,56.5,726.8,4.444,38.3295875,13.7622472,12.7466145255568,,0.0,1.53726165279835,8.28737981227427,5.14953748133268,0.0,0.0071312997842877,16.0,20.0,19.0,20.0,20.500000000000004,22.5,24.0,16.0,20.0,21.999999999999996,47.98973991887373,49.98931241549352,2.4734539993525453,6.128831557214168,22.77999999999998
440.0,13.3,-7.3,728.3,0.0,0.0,0.0,20.0,66.2,66.2,66.2,66.2,66.2,-7.22855069434176,68.0,64.4,1010.99722222222,3639590.0,0.0,0.0,5.05763888888889,4.04611111111111,3.79322916666667,1568.0,1532.8,1172.4,1109.4,0.0,4008.0,0.0,0.0,726.0,2384.0,3.78,24.0,3.78,64.0,0.0,1010.99722222222,0.0,56.5,68.9,70.7,59.0,72.5,72.5,72.5,60.8,9.75999999999999,85.0,13.796,731.4,32.84,13.977,-3.7,3.0,0.0,0.0,0.0,14.0,63.0,0.0,71.6,1.0,0.0,825.6,0.0,0.0,0.6,9.0,0.0,29.0,0.0,71.6,71.6,350.0,825.6,-50.0,0.0,0.0,0.0,0.0,400.0,0.0,0.0,0.0,0.0,0.0,0.0,56.5,726.8,4.444,30.85898,13.7705483,12.8285356415165,,0.0,1.55409011157824,-9.40452432856399,-5.84369868656413,0.0,0.0072071601470909,16.0,20.0,19.0,20.0,20.500000000000004,22.5,24.0,16.0,20.0,21.999999999999996,47.98973991887373,49.98931241549352,2.500530989529388,6.128831557214168,23.080000000000013
441.0,13.3,-8.2,728.6,0.0,0.0,0.0,20.0,66.2,66.2,66.2,66.2,66.2,-8.12308654501452,68.0,64.4,1010.99777777778,3639592.0,0.0,0.0,5.05972222222222,4.04777777777778,3.79479166666667,1568.0,1532.8,1172.4,1109.4,0.0,3854.0,0.0,0.0,726.0,2376.0,3.8,24.0,3.78,149.0,0.0,1010.99777777778,0.0,56.5,68.9,70.7,59.0,72.5,72.5,72.5,60.8,9.75999999999999,85.0,13.796,731.4,32.84,13.977,-3.7,3.0,0.0,0.0,0.0,14.0,63.0,0.0,71.6,1.0,0.0,825.6,0.0,0.0,0.6,9.0,0.0,29.0,0.0,71.6,71.6,350.0,825.6,-50.0,0.0,0.0,0.0,0.0,400.0,0.0,0.0,0.0,0.0,0.0,0.0,56.5,728.4,4.444,30.85898,13.7705483,12.8285356415165,,0.0,1.55409011157824,-9.40452432856399,-5.84369868656413,0.0,0.0072071601470909,16.0,20.0,19.0,20.0,20.500000000000004,22.5,24.0,16.0,20.0,21.999999999999996,47.98973991887373,49.98931241549352,2.500530989529388,-5.392638527728307,23.080000000000013
442.0,13.3,-8.2,728.6,0.0,0.0,0.0,20.0,66.2,66.2,66.2,66.2,66.2,-8.12308654501452,68.0,64.4,1010.99777777778,3639592.0,0.0,0.0,5.05972222222222,4.04777777777778,3.79479166666667,1568.0,1532.8,1172.4,1109.4,0.0,3854.0,0.0,0.0,726.0,2376.0,3.8,24.0,3.78,149.0,0.0,1010.99777777778,0.0,56.5,68.9,71.6,59.0,72.5,72.5,72.5,60.8,9.76999999999998,85.0,13.798,732.1,32.96,13.996,-7.1,3.0,0.0,0.0,0.0,14.0,63.0,0.0,71.6,1.0,0.0,825.6,0.0,0.0,0.6,9.0,0.0,29.0,0.0,71.6,71.6,350.0,825.6,-50.0,0.0,0.0,0.0,0.0,400.0,0.0,0.0,0.0,0.0,0.0,0.0,56.5,728.4,4.444,27.8805025,13.7612706,12.906498021609,,0.0,1.57073932682785,-8.03411822204964,-4.9921680737532,0.0,-0.003576076856781,16.0,20.0,19.0,20.0,20.500000000000004,22.5,24.0,16.0,20.0,21.999999999999996,43.990594925634305,47.98973991887373,2.527319576866011,-5.392638527728307,23.19000000000002
443.0,13.3,-15.8,729.4,0.0,0.0,0.0,20.0,66.2,66.2,66.2,66.2,66.2,-15.6689865210512,68.0,64.4,1010.99833333333,3639594.0,0.0,0.0,5.06527777777778,4.05222222222222,3.79895833333333,1568.0,1532.8,1172.4,1109.4,0.0,3622.0,0.0,0.0,728.0,2376.0,3.8,24.0,3.78,64.0,0.0,1010.99833333333,0.0,56.5,68.9,71.6,59.0,72.5,72.5,72.5,60.8,9.76999999999998,85.0,13.798,732.1,32.96,13.996,-7.1,3.0,0.0,0.0,0.0,14.0,63.0,0.0,71.6,1.0,0.0,825.6,0.0,0.0,0.6,9.0,0.0,29.0,0.0,71.6,71.6,350.0,825.6,-50.0,0.0,0.0,0.0,0.0,400.0,0.0,0.0,0.0,0.0,0.0,0.0,56.5,729.1,4.442,27.8805025,13.7612706,12.906498021609,,0.0,1.57073932682785,-8.03411822204964,-4.9921680737532,0.0,-0.003576076856781,16.0,20.0,19.0,20.0,20.500000000000004,22.5,24.0,16.0,20.0,21.999999999999996,43.990594925634305,47.98973991887373,2.527319576866011,-11.684553706973304,23.19000000000002
444.0,13.3,-15.8,729.4,0.0,0.0,0.0,20.0,66.2,66.2,66.2,66.2,66.2,-15.6689865210512,68.0,64.4,1010.99833333333,3639594.0,0.0,0.0,5.06527777777778,4.05222222222222,3.79895833333333,1568.0,1532.8,1172.4,1109.4,0.0,3622.0,0.0,0.0,728.0,2376.0,3.8,24.0,3.78,64.0,0.0,1010.99833333333,0.0,56.5,68.9,71.6,59.0,72.5,72.5,72.5,60.8,9.75,85.0,13.798,733.5,32.42,13.98,-3.0,3.0,0.0,0.0,0.0,14.0,63.0,0.0,71.6,1.0,0.0,825.6,0.0,0.0,0.6,9.0,0.0,29.0,0.0,71.6,71.6,350.0,825.6,-50.0,0.0,0.0,0.0,0.0,400.0,0.0,0.0,0.0,0.0,0.0,0.0,56.5,729.1,4.442,25.19499,13.7705483,12.9731873388599,,0.0,1.58588039750634,-3.90471794053028,-2.42627849142524,0.0,-0.0179528253016372,16.0,20.0,19.0,20.0,20.500000000000004,22.5,24.0,16.0,20.0,21.999999999999996,44.36551476875051,44.99038117394412,2.551681559587701,-11.684553706973304,22.67
445.0,13.3,-17.5,729.7,0.0,0.0,0.0,20.0,66.2,66.2,66.2,66.2,66.2,-17.3620281475665,68.0,64.4,1010.99888888889,3639596.0,0.0,0.0,5.06736111111111,4.05388888888889,3.80052083333333,1568.0,1532.8,1172.4,1109.4,0.0,3336.0,0.0,0.0,728.0,2376.0,3.8,24.0,3.78,64.0,0.0,1010.99888888889,0.0,56.5,68.9,71.6,59.0,72.5,72.5,72.5,60.8,9.75,85.0,13.798,733.5,32.42,13.98,-3.0,3.0,0.0,0.0,0.0,14.0,63.0,0.0,71.6,1.0,0.0,825.6,0.0,0.0,0.6,9.0,0.0,29.0,0.0,71.6,71.6,350.0,825.6,-50.0,0.0,0.0,0.0,0.0,400.0,0.0,0.0,0.0,0.0,0.0,0.0,56.5,729.6,4.442,25.19499,13.7705483,12.9731873388599,,0.0,1.58588039750634,-3.90471794053028,-2.42627849142524,0.0,-0.0179528253016372,16.0,20.0,19.0,20.0,20.500000000000004,22.5,24.0,16.0,20.0,21.999999999999996,44.36551476875051,44.99038117394412,2.551681559587701,-11.689359528349888,22.67
446.0,13.3,-17.5,729.7,0.0,0.0,0.0,20.0,66.2,66.2,66.2,66.2,66.2,-17.3620281475665,68.0,64.4,1010.99888888889,3639596.0,0.0,0.0,5.06736111111111,4.05388888888889,3.80052083333333,1568.0,1532.8,1172.4,1109.4,0.0,3336.0,0.0,0.0,728.0,2376.0,3.8,24.0,3.78,64.0,0.0,1010.99888888889,0.0,56.5,68.9,70.7,59.0,72.5,72.5,72.5,60.8,9.78000000000003,85.0,13.796,733.5,32.87,13.998,1.5,3.0,0.0,0.0,0.0,14.0,63.0,0.0,71.6,1.0,0.0,825.6,0.0,0.0,0.6,9.0,0.0,29.0,0.0,71.6,71.6,350.0,825.6,-50.0,0.0,0.0,0.0,0.0,400.0,0.0,0.0,0.0,0.0,0.0,0.0,56.5,729.6,4.442,22.9000975,13.760294,13.0309143291138,,0.0,1.6003258934144,-3.2107128174005,-1.99504383406096,0.0,-0.0320647648576623,16.0,20.0,19.0,20.0,20.500000000000004,22.5,24.0,16.0,20.0,21.999999999999996,40.38199143564091,40.991236180704696,2.5749243625037694,-11.689359528349888,23.089999999999968
447.0,13.3,-15.7,729.8,0.0,0.0,0.0,20.0,66.2,66.2,66.2,66.2,66.2,-15.5783541440417,68.0,64.4,1010.99944444444,3639598.0,0.0,0.0,5.06805555555556,4.05444444444444,3.80104166666667,1568.0,1532.8,1172.4,1109.4,0.0,2985.0,0.0,0.0,728.0,2376.0,3.8,24.0,3.78,64.0,0.0,1010.99944444444,0.0,56.5,68.9,70.7,59.0,72.5,72.5,72.5,60.8,9.78000000000003,85.0,13.796,733.5,32.87,13.998,1.5,3.0,0.0,0.0,0.0,14.0,63.0,0.0,71.6,1.0,0.0,825.6,0.0,0.0,0.6,9.0,0.0,29.0,0.0,71.6,71.6,350.0,825.6,-50.0,0.0,0.0,0.0,0.0,400.0,0.0,0.0,0.0,0.0,0.0,0.0,56.5,729.8,4.444,22.9000975,13.760294,13.0309143291138,,0.0,1.6003258934144,-3.2107128174005,-1.99504383406096,0.0,-0.0320647648576623,16.0,20.0,19.0,20.0,20.500000000000004,22.5,24.0,16.0,20.0,21.999999999999996,40.38199143564091,40.991236180704696,2.5749243625037694,-11.616968041790978,23.089999999999968
448.0,13.3,-15.7,729.8,0.0,0.0,0.0,20.0,66.2,66.2,66.2,66.2,66.2,-15.5783541440417,68.0,64.4,1010.99944444444,3639598.0,0.0,0.0,5.06805555555556,4.05444444444444,3.80104166666667,1568.0,1532.8,1172.4,1109.4,0.0,2985.0,0.0,0.0,728.0,2376.0,3.8,24.0,3.78,64.0,0.0,1010.99944444444,0.0,56.5,68.9,71.6,59.0,72.5,72.5,72.5,60.8,9.72000000000003,85.0,13.797,733.5,32.2,13.986,-2.1,3.0,0.0,0.0,0.0,14.0,63.0,0.0,71.6,1.0,0.0,825.6,0.0,0.0,0.6,9.0,0.0,29.0,0.0,71.6,71.6,350.0,825.6,-50.0,0.0,0.0,0.0,0.0,400.0,0.0,0.0,0.0,0.0,0.0,0.0,56.5,729.8,4.444,22.558305,13.7715249,13.0760135722948,,0.0,1.61316915165089,-3.22922430541131,-2.00654633587773,0.0,-0.0459639241746767,16.0,20.0,19.0,20.0,20.500000000000004,22.5,24.0,16.0,20.0,21.999999999999996,36.16414320058357,36.99209118746527,2.595589165006282,-11.616968041790978,22.479999999999972
449.0,13.3,-17.8,730.1,0.0,0.0,0.0,20.0,66.2,66.2,66.2,66.2,66.2,-17.6693434217257,68.0,64.4,1011.0,3639600.0,0.0,0.0,5.07013888888889,4.05611111111111,3.80260416666667,1568.0,1532.8,1172.4,1109.4,0.0,2634.0,0.0,0.0,728.0,2382.0,3.8,24.0,3.78,64.0,0.0,1011.0,0.0,56.5,68.9,71.6,59.0,72.5,72.5,72.5,60.8,9.72000000000003,85.0,13.797,733.5,32.2,13.986,-2.1,3.0,0.0,0.0,0.0,14.0,63.0,0.0,71.6,1.0,0.0,825.6,0.0,0.0,0.6,9.0,0.0,29.0,0.0,71.6,71.6,350.0,825.6,-50.0,0.0,0.0,0.0,0.0,400.0,0.0,0.0,0.0,0.0,0.0,0.0,56.5,729.7,4.445,22.558305,13.7715249,13.0760135722948,,0.0,1.61316915165089,-3.22922430541131,-2.00654633587773,0.0,-0.0459639241746767,16.0,20.0,19.0,20.0,20.500000000000004,22.5,24.0,16.0,20.0,21.999999999999996,36.16414320058357,36.99209118746527,2.595589165006282,-13.176244162360701,22.479999999999972
450.0,13.3,-17.8,730.1,0.0,0.0,0.0,20.0,66.2,66.2,66.2,66.2,66.2,-17.6693434217257,68.0,64.4,1011.0,3639600.0,0.0,0.0,5.07013888888889,4.05611111111111,3.80260416666667,1568.0,1532.8,1172.4,1109.4,0.0,2634.0,0.0,0.0,728.0,2382.0,3.8,24.0,3.78,64.0,0.0,1011.0,0.0,56.5,68.9,71.6,59.0,72.5,72.5,72.5,60.8,9.69999999999999,85.0,13.797,734.0,32.41,13.988,0.3,3.0,0.0,0.0,0.0,14.0,63.0,0.0,71.6,1.0,0.0,825.6,0.0,0.0,0.6,9.0,0.0,29.0,0.0,71.6,71.6,350.0,825.6,-50.0,0.0,0.0,0.0,0.0,400.0,0.0,0.0,0.0,0.0,0.0,0.0,56.5,729.7,4.445,17.2361075,13.7593174,13.1062149168722,,0.0,1.6240999480223,-2.46233777426211,-1.53002528513102,0.0,-0.0567857768785936,16.0,20.0,19.0,20.0,20.500000000000004,22.5,24.0,16.0,20.0,21.999999999999996,27.994014952676284,31.993159945915874,2.6131768163678806,-13.176244162360701,22.710000000000008
451.0,13.3,-24.7,731.0,0.0,0.0,0.0,20.0,66.2,66.2,66.2,66.2,66.2,-24.5489200355541,68.0,64.4,1011.00055555556,3639602.0,0.0,0.0,5.07638888888889,4.06111111111111,3.80729166666667,1568.0,1532.8,1172.4,1109.4,0.0,2122.0,0.0,0.0,729.0,2382.0,3.8,24.0,3.8,64.0,0.0,1011.00055555556,0.0,56.5,68.9,71.6,59.0,72.5,72.5,72.5,60.8,9.69999999999999,85.0,13.797,734.0,32.41,13.988,0.3,3.0,0.0,0.0,0.0,14.0,63.0,0.0,71.6,1.0,0.0,825.6,0.0,0.0,0.6,9.0,0.0,29.0,0.0,71.6,71.6,350.0,825.6,-50.0,0.0,0.0,0.0,0.0,400.0,0.0,0.0,0.0,0.0,0.0,0.0,56.5,730.3,4.443,17.2361075,13.7593174,13.1062149168722,,0.0,1.6240999480223,-2.46233777426211,-1.53002528513102,0.0,-0.0567857768785936,16.0,20.0,19.0,20.0,20.500000000000004,22.5,24.0,16.0,20.0,21.999999999999996,27.994014952676284,31.993159945915874,2.6131768163678806,-13.192486621949964,22.710000000000008
452.0,13.3,-24.7,731.0,0.0,0.0,0.0,20.0,66.2,66.2,66.2,66.2,66.2,-24.5489200355541,68.0,64.4,1011.00055555556,3639602.0,0.0,0.0,5.07638888888889,4.06111111111111,3.80729166666667,1568.0,1532.8,1172.4,1109.4,0.0,2122.0,0.0,0.0,729.0,2382.0,3.8,24.0,3.8,64.0,0.0,1011.00055555556,0.0,56.5,68.9,70.7,59.0,72.5,72.5,72.5,60.8,9.62,85.0,13.79,734.1,37.31,13.998,-3.6,3.0,0.0,0.0,0.0,14.0,63.0,0.0,71.6,1.0,0.0,825.6,0.0,0.0,0.6,9.0,0.0,29.0,0.0,71.6,71.6,350.0,825.6,-50.0,0.0,0.0,0.0,0.0,400.0,0.0,0.0,0.0,0.0,0.0,0.0,56.5,730.3,4.443,0.0,13.750528,13.1171165358816,,0.0,1.63278183607386,-1.38460430778092,-0.860352963330139,0.0,-0.070433156554511,16.0,20.0,19.0,20.0,20.500000000000004,22.5,24.0,16.0,20.0,21.999999999999996,19.99572496619744,24.99465620774668,2.6271459742428407,-13.192486621949964,27.690000000000005
453.0,13.3,-15.4,730.4,0.0,0.0,0.0,20.0,66.2,66.2,66.2,66.2,66.2,-15.2932414908931,68.0,64.4,1011.00111111111,3639604.0,0.0,0.0,5.07222222222222,4.05777777777778,3.80416666666667,1568.0,1532.8,1172.4,1109.4,0.0,1308.0,0.0,0.0,728.0,2382.0,3.8,24.0,3.8,64.0,0.0,1011.00111111111,0.0,56.5,68.9,70.7,59.0,72.5,72.5,72.5,60.8,9.62,85.0,13.79,734.1,37.31,13.998,-3.6,3.0,0.0,0.0,0.0,14.0,63.0,0.0,71.6,1.0,0.0,825.6,0.0,0.0,0.6,9.0,0.0,29.0,0.0,71.6,71.6,350.0,825.6,-50.0,0.0,0.0,0.0,0.0,400.0,0.0,0.0,0.0,0.0,0.0,0.0,56.5,731.2,4.443,0.0,13.750528,13.1171165358816,,0.0,1.63278183607386,-1.38460430778092,-0.860352963330139,0.0,-0.070433156554511,16.0,20.0,19.0,20.0,20.500000000000004,22.5,24.0,16.0,20.0,21.999999999999996,19.99572496619744,24.99465620774668,2.6271459742428407,-18.291402269340566,27.690000000000005
454.0,13.3,-15.4,730.4,0.0,0.0,0.0,20.0,66.2,66.2,66.2,66.2,66.2,-15.2932414908931,68.0,64.4,1011.00111111111,3639604.0,0.0,0.0,5.07222222222222,4.05777777777778,3.80416666666667,1568.0,1532.8,1172.4,1109.4,0.0,1308.0,0.0,0.0,728.0,2382.0,3.8,24.0,3.8,64.0,0.0,1011.00111111111,0.0,56.5,68.9,70.7,59.0,72.5,72.5,72.5,60.8,9.56,85.0,13.791,733.5,37.41,13.976,6.8,3.0,0.0,0.0,0.0,14.0,63.0,0.0,71.6,1.0,0.0,825.6,0.0,0.0,0.6,9.0,0.0,29.0,0.0,71.6,71.6,350.0,825.6,-50.0,0.0,0.0,0.0,0.0,400.0,0.0,0.0,0.0,0.0,0.0,0.0,56.5,731.2,4.443,8.59364,13.7417386,13.1004504590268,,0.0,1.63789736632511,-1.33355144308047,-0.828630193738354,0.0,-0.0923089601994895,16.0,20.0,19.0,20.0,20.500000000000004,22.5,24.0,16.0,20.0,21.999999999999996,13.497114352183251,14.996793724648056,2.635376862417102,-18.291402269340566,27.849999999999994
455.0,13.3,-8.6,729.7,0.0,0.0,0.0,20.0,66.2,66.2,66.2,66.2,66.2,-8.53219668966127,68.0,64.4,1011.00166666667,3639606.0,0.0,0.0,5.06736111111111,4.05388888888889,3.80052083333333,1568.0,1532.8,1172.4,1109.4,0.0,682.0,0.0,0.0,728.0,2382.0,3.8,24.0,3.78,64.0,0.0,1011.00166666667,0.0,56.5,68.9,71.6,59.0,72.5,72.5,72.5,60.8,9.56,85.0,13.791,733.5,37.41,13.976,6.8,3.0,0.0,0.0,0.0,14.0,63.0,0.0,71.6,1.0,0.0,825.6,0.0,0.0,0.6,9.0,0.0,29.0,0.0,71.6,71.6,350.0,825.6,-50.0,0.0,0.0,0.0,0.0,400.0,0.0,0.0,0.0,0.0,0.0,0.0,56.5,729.7,4.445,8.59364,13.7417386,13.062624629613,,0.0,1.64025821352606,-1.11546318812127,-0.693116476666104,0.0,-0.107281146319731,16.0,20.0,19.0,20.0,20.500000000000004,22.5,24.0,16.0,20.0,21.999999999999996,13.497114352183251,6.998503738169096,2.6391754655634303,-11.393426375733483,27.849999999999994
456.0,13.3,-8.6,729.7,0.0,0.0,0.0,20.0,66.2,66.2,66.2,66.2,66.2,-8.53219668966127,68.0,64.4,1011.00166666667,3639606.0,0.0,0.0,5.06736111111111,4.05388888888889,3.80052083333333,1568.0,1532.8,1172.4,1109.4,0.0,682.0,0.0,0.0,728.0,2382.0,3.8,24.0,3.78,64.0,0.0,1011.00166666667,0.0,56.5,68.9,71.6,59.0,72.5,72.5,72.5,60.8,9.56,85.0,13.789,732.3,37.39,13.995,-6.6,3.0,0.0,0.0,0.0,14.0,63.0,0.0,71.6,1.0,0.0,825.6,0.0,0.0,0.6,9.0,0.0,29.0,0.0,71.6,71.6,350.0,825.6,-50.0,0.0,0.0,0.0,0.0,400.0,0.0,0.0,0.0,0.0,0.0,0.0,56.5,729.7,4.445,18.066175,13.7515046,13.062624629613,,0.0,1.64025821352606,-1.11546318812127,-0.693116476666104,0.0,-0.107281146319731,16.0,20.0,19.0,20.0,20.500000000000004,22.5,24.0,16.0,20.0,21.999999999999996,5.342607764405864,6.998503738169096,2.6391754655634303,-11.393426375733483,27.83
457.0,13.3,1.5,728.6,0.0,0.0,0.0,20.0,66.2,66.2,66.2,66.2,66.2,1.48593046555144,68.0,64.4,1011.00222222222,3639608.0,0.0,0.0,5.05972222222222,4.04777777777778,3.79479166666667,1568.0,1532.8,1172.4,1109.4,0.0,433.0,0.0,0.0,727.0,2382.0,3.8,24.0,3.78,64.0,0.0,1011.00222222222,0.0,57.0,68.9,71.6,59.0,72.5,72.5,72.5,60.8,9.56,85.0,13.789,732.3,37.39,13.995,-6.6,3.0,0.0,0.0,0.0,14.0,63.0,0.0,71.6,1.0,0.0,825.6,0.0,0.0,0.6,9.0,0.0,29.0,0.0,71.6,71.6,350.0,825.6,-50.0,0.0,0.0,0.0,0.0,400.0,0.0,0.0,0.0,0.0,0.0,0.0,56.5,728.8,4.444,18.066175,13.7515046,13.019839398806,,0.0,1.64194202140748,4.57498398755604,2.84276237533169,0.0,-0.0968979625826754,16.0,20.0,19.0,20.0,20.500000000000004,22.5,24.0,16.0,20.0,21.999999999999996,5.342607764405864,4.998931241549352,2.6418847124446354,-6.352971416227867,27.83
458.0,13.3,1.5,728.6,0.0,0.0,0.0,20.0,66.2,66.2,66.2,66.2,66.2,1.48593046555144,68.0,64.4,1011.00222222222,3639608.0,0.0,0.0,5.05972222222222,4.04777777777778,3.79479166666667,1568.0,1532.8,1172.4,1109.4,0.0,433.0,0.0,0.0,727.0,2382.0,3.8,24.0,3.78,64.0,0.0,1011.00222222222,0.0,57.0,68.9,71.6,59.0,72.5,72.5,72.5,60.8,9.88,85.0,13.813,730.7,32.24,13.986,-3.2,3.0,0.0,0.0,0.0,14.0,63.0,0.0,71.6,1.0,0.0,825.6,0.0,0.0,0.6,9.0,0.0,29.0,0.0,71.6,71.6,350.0,825.6,-50.0,0.0,0.0,0.0,0.0,400.0,0.0,0.0,0.0,0.0,0.0,0.0,56.5,728.8,4.444,60.253135,13.7705483,13.019839398806,,0.0,1.64194202140748,4.57498398755604,2.84276237533169,0.0,-0.0968979625826754,16.0,20.0,19.0,20.0,20.500000000000004,22.5,24.0,16.0,20.0,21.999999999999996,8.4981831106339,4.998931241549352,2.6418847124446354,-6.352971416227867,22.36
459.0,13.3,16.6,727.0,0.0,0.0,0.0,20.0,66.2,66.2,66.2,66.2,66.2,16.408185601947,68.0,64.4,1011.00277777778,3639610.0,0.0,0.0,5.04861111111111,4.03888888888889,3.78645833333333,1568.0,1532.8,1172.4,1109.4,0.0,1097.0,0.0,0.0,725.0,2384.0,3.78,24.0,3.78,64.0,0.0,1011.00277777778,0.0,56.5,68.9,70.7,59.0,72.5,72.5,72.5,60.8,9.88,85.0,13.813,730.7,32.24,13.986,-3.2,3.0,0.0,0.0,0.0,14.0,63.0,0.0,71.6,1.0,0.0,825.6,0.0,0.0,0.6,9.0,0.0,29.0,0.0,71.6,71.6,350.0,825.6,-50.0,0.0,0.0,0.0,0.0,400.0,0.0,0.0,0.0,0.0,0.0,0.0,56.5,727.2,4.442,60.253135,13.7705483,13.003538654928,,0.0,1.64714441287879,1.24293598051076,0.772324373145954,0.0,-0.0968979625826754,16.0,20.0,19.0,20.0,20.500000000000004,22.5,24.0,16.0,20.0,21.999999999999996,8.4981831106339,14.996793724648056,2.650255360321973,1.1056430825278971,22.36
460.0,13.3,16.6,727.0,0.0,0.0,0.0,20.0,66.2,66.2,66.2,66.2,66.2,16.408185601947,68.0,64.4,1011.00277777778,3639610.0,0.0,0.0,5.04861111111111,4.03888888888889,3.78645833333333,1568.0,1532.8,1172.4,1109.4,0.0,1097.0,0.0,0.0,725.0,2384.0,3.78,24.0,3.78,64.0,0.0,1011.00277777778,0.0,56.5,68.9,70.7,59.0,72.5,72.5,72.5,60.8,9.81999999999999,85.0,13.812,730.0,32.3,13.996,-1.4,3.0,0.0,0.0,0.0,14.0,63.0,0.0,71.6,1.0,0.0,825.6,0.0,0.0,0.6,9.0,0.0,29.0,0.0,71.6,71.6,350.0,825.6,-50.0,0.0,0.0,0.0,0.0,400.0,0.0,0.0,0.0,0.0,0.0,0.0,56.5,727.2,4.442,53.12432,13.7705483,13.003538654928,,0.0,1.64714441287879,1.24293598051076,0.772324373145954,0.0,-0.0968979625826754,16.0,20.0,19.0,20.0,20.500000000000004,22.5,24.0,16.0,20.0,21.999999999999996,17.652475946721104,14.996793724648056,2.650255360321973,1.1056430825278971,22.480000000000008
461.0,13.3,20.1,726.4,0.0,0.0,0.0,20.0,66.2,66.2,66.2,66.2,66.2,19.8513457704721,68.0,64.4,1011.00333333333,3639612.0,0.0,0.0,5.04444444444444,4.03555555555556,3.78333333333333,1568.0,1532.8,1172.4,1109.4,0.0,1729.0,0.0,0.0,724.0,2384.0,3.78,24.0,3.76,64.0,0.0,1011.00333333333,0.0,56.5,68.9,70.7,59.0,72.5,72.5,72.5,60.8,9.81999999999999,85.0,13.812,730.0,32.3,13.996,-1.4,3.0,0.0,0.0,0.0,14.0,63.0,0.0,71.6,1.0,0.0,825.6,0.0,0.0,0.6,9.0,0.0,29.0,0.0,71.6,71.6,350.0,825.6,-50.0,0.0,0.0,0.0,0.0,400.0,0.0,0.0,0.0,0.0,0.0,0.0,56.5,726.4,4.444,53.12432,13.7705483,13.0090350090033,,0.0,1.65490270338584,1.57527341267232,0.978829215705613,0.0,-0.0968979625826754,16.0,20.0,19.0,20.0,20.500000000000004,22.5,24.0,16.0,20.0,21.999999999999996,17.652475946721104,22.995083711127048,2.6627384497478164,12.22568513843296,22.480000000000008
462.0,13.3,20.1,726.4,0.0,0.0,0.0,20.0,66.2,66.2,66.2,66.2,66.2,19.8513457704721,68.0,64.4,1011.00333333333,3639612.0,0.0,0.0,5.04444444444444,4.03555555555556,3.78333333333333,1568.0,1532.8,1172.4,1109.4,0.0,1729.0,0.0,0.0,724.0,2384.0,3.78,24.0,3.76,64.0,0.0,1011.00333333333,0.0,56.5,68.9,70.7,59.0,72.5,72.5,72.5,60.8,9.79000000000002,85.0,13.812,729.3,32.08,13.981,-3.8,3.0,0.0,0.0,0.0,14.0,63.0,0.0,71.6,1.0,0.0,825.6,0.0,0.0,0.6,9.0,0.0,29.0,0.0,71.6,71.6,350.0,825.6,-50.0,0.0,0.0,0.0,0.0,400.0,0.0,0.0,0.0,0.0,0.0,0.0,56.5,726.4,4.444,47.167365,13.7515046,13.0090350090033,,0.0,1.65490270338584,1.57527341267232,0.978829215705613,0.0,,16.0,20.0,19.0,20.0,20.500000000000004,22.5,24.0,16.0,20.0,21.999999999999996,24.635358024760468,22.995083711127048,2.6627384497478164,12.22568513843296,22.289999999999978
463.0,13.3,18.3,726.4,0.0,0.0,0.0,20.0,66.2,66.2,66.2,66.2,66.2,18.0736133134149,68.0,64.4,1011.00388888889,3639614.0,0.0,0.0,5.04444444444444,4.03555555555556,3.78333333333333,1568.0,1532.9,1172.4,1109.5,0.0,2123.0,0.0,0.0,724.0,2384.0,3.78,24.0,3.76,64.0,0.0,1011.00388888889,0.0,56.5,68.9,70.7,59.0,72.5,72.5,72.5,60.8,9.79000000000002,85.0,13.812,729.3,32.08,13.981,-3.8,3.0,0.0,0.0,0.0,14.0,63.0,0.0,71.6,1.0,0.0,825.6,0.0,0.0,0.6,9.0,0.0,29.0,0.0,71.6,71.6,350.0,825.6,-50.0,0.0,0.0,0.0,0.0,400.0,0.0,0.0,0.0,0.0,0.0,0.0,56.5,726.1,4.443,47.167365,13.7515046,13.0249544116965,,0.0,1.66395791143955,2.03112587564093,1.26208271647288,0.0,,16.0,20.0,19.0,20.0,20.500000000000004,22.5,24.0,16.0,20.0,21.999999999999996,24.635358024760468,26.994228704366474,2.677308279506236,14.803389836295377,22.289999999999978
464.0,13.3,18.3,726.4,0.0,0.0,0.0,20.0,66.2,66.2,66.2,66.2,66.2,18.0736133134149,68.0,64.4,1011.00388888889,3639614.0,0.0,0.0,5.04444444444444,4.03555555555556,3.78333333333333,1568.0,1532.9,1172.4,1109.5,0.0,2123.0,0.0,0.0,724.0,2384.0,3.78,24.0,3.76,64.0,0.0,1011.00388888889,0.0,56.5,68.9,70.7,59.0,72.5,72.5,72.5,60.8,9.88,85.0,13.812,729.4,32.82,13.995,7.5,3.0,0.0,0.0,0.0,14.0,63.0,0.0,71.6,1.0,0.0,825.6,0.0,0.0,0.6,9.0,0.0,29.0,0.0,71.6,71.6,350.0,825.6,-50.0,0.0,0.0,0.0,0.0,400.0,0.0,0.0,0.0,0.0,0.0,0.0,56.5,726.1,4.443,43.16351,13.7515046,13.0249544116965,,0.0,1.66395791143955,2.03112587564093,1.26208271647288,0.0,,16.0,20.0,19.0,20.0,20.500000000000004,22.5,24.0,16.0,20.0,21.999999999999996,28.29082649514335,26.994228704366474,2.677308279506236,14.803389836295377,22.939999999999998
465.0,13.3,19.8,726.1,0.0,0.0,0.0,20.0,66.2,66.2,66.2,66.2,66.2,19.5469808752224,68.0,64.4,1011.00444444444,3639616.0,0.0,0.0,5.04236111111111,4.03388888888889,3.78177083333333,1568.0,1532.9,1172.4,1109.5,0.0,2462.0,0.0,0.0,724.0,2384.0,3.78,24.0,3.76,64.0,0.0,1011.00444444444,0.0,56.5,68.9,70.7,59.0,72.5,72.5,72.5,60.8,9.88,85.0,13.812,729.4,32.82,13.995,7.5,3.0,0.0,0.0,0.0,14.0,63.0,0.0,71.6,1.0,0.0,825.6,0.0,0.0,0.6,9.0,0.0,29.0,0.0,71.6,71.6,350.0,825.6,-50.0,0.0,0.0,0.0,0.0,400.0,0.0,0.0,0.0,0.0,0.0,0.0,56.5,726.0,4.444,43.16351,13.7515046,13.054353125933,,0.0,1.67489258571954,2.22581134301283,1.38305462001923,0.0,0.0969749605932368,16.0,20.0,19.0,20.0,20.500000000000004,22.5,24.0,16.0,20.0,21.999999999999996,28.29082649514335,31.993159945915874,2.69490217042274,13.472146898386205,22.939999999999998
466.0,13.3,19.8,726.1,0.0,0.0,0.0,20.0,66.2,66.2,66.2,66.2,66.2,19.5469808752224,68.0,64.4,1011.00444444444,3639616.0,0.0,0.0,5.04236111111111,4.03388888888889,3.78177083333333,1568.0,1532.9,1172.4,1109.5,0.0,2462.0,0.0,0.0,724.0,2384.0,3.78,24.0,3.76,64.0,0.0,1011.00444444444,0.0,56.5,68.9,70.7,59.0,72.5,72.5,72.5,60.8,9.45999999999998,85.0,13.797,728.8,32.49,13.971,-8.8,3.0,0.0,0.0,0.0,14.0,63.0,0.0,71.6,1.0,0.0,825.6,0.0,0.0,0.6,9.0,0.0,29.0,0.0,71.6,71.6,350.0,825.6,-50.0,0.0,0.0,0.0,0.0,400.0,0.0,0.0,0.0,0.0,0.0,0.0,56.5,726.0,4.444,44.6771625,13.7593174,13.054353125933,,0.0,1.67489258571954,2.22581134301283,1.38305462001923,0.0,0.0969749605932368,16.0,20.0,19.0,20.0,20.500000000000004,22.5,24.0,16.0,20.0,21.999999999999996,32.96170287396603,31.993159945915874,2.69490217042274,13.472146898386205,23.030000000000022
467.0,13.3,23.5,725.5,0.0,0.0,0.0,20.0,66.2,66.2,66.2,66.2,66.2,23.1805288588186,68.0,64.4,1011.005,3639618.0,0.0,0.0,5.03819444444444,4.03055555555556,3.77864583333333,1568.0,1532.9,1172.4,1109.5,0.0,2713.0,0.0,0.0,723.0,2377.0,3.78,24.0,3.76,64.0,0.0,1011.005,0.0,56.5,68.9,71.6,59.0,72.5,72.5,72.5,60.8,9.45999999999998,85.0,13.797,728.8,32.49,13.971,-8.8,3.0,0.0,0.0,0.0,14.0,63.0,0.0,71.6,1.0,0.0,825.6,0.0,0.0,0.6,9.0,0.0,29.0,0.0,71.6,71.6,350.0,825.6,-50.0,0.0,0.0,0.0,0.0,400.0,0.0,0.0,0.0,0.0,0.0,0.0,56.5,725.6,4.443,44.6771625,13.7593174,13.0894225521591,,0.0,1.68671987469912,1.99422261976333,1.23915210346496,0.0,0.0681659164069661,16.0,20.0,19.0,20.0,20.500000000000004,22.5,24.0,16.0,20.0,21.999999999999996,32.96170287396603,33.99273244253566,2.7139322783908844,17.28600213185578,23.030000000000022
468.0,13.3,23.5,725.5,0.0,0.0,0.0,20.0,66.2,66.2,66.2,66.2,66.2,23.1805288588186,68.0,64.4,1011.005,3639618.0,0.0,0.0,5.03819444444444,4.03055555555556,3.77864583333333,1568.0,1532.9,1172.4,1109.5,0.0,2713.0,0.0,0.0,723.0,2377.0,3.78,24.0,3.76,64.0,0.0,1011.005,0.0,56.5,68.9,71.6,59.0,72.5,72.5,72.5,60.8,9.53000000000003,85.0,13.797,728.6,32.12,13.971,-19.3,3.0,0.0,0.0,0.0,14.0,63.0,0.0,71.6,1.0,0.0,825.6,0.0,0.0,0.6,9.0,0.0,29.0,0.0,71.6,71.6,350.0,825.6,-50.0,0.0,0.0,0.0,0.0,400.0,0.0,0.0,0.0,0.0,0.0,0.0,56.5,725.6,4.443,43.5053025,13.760294,13.0894225521591,,0.0,1.68671987469912,1.99422261976333,1.23915210346496,0.0,0.0681659164069661,16.0,20.0,19.0,20.0,20.500000000000004,22.5,24.0,16.0,20.0,21.999999999999996,31.993159945915874,33.99273244253566,2.7139322783908844,17.28600213185578,22.589999999999968
469.0,13.3,18.5,725.8,0.0,0.0,0.0,20.0,66.2,66.2,66.2,66.2,66.2,18.2560473420247,68.0,64.4,1011.00555555556,3639620.0,0.0,0.0,5.04027777777778,4.03222222222222,3.78020833333333,1568.0,1532.9,1172.4,1109.5,0.0,2840.0,0.0,0.0,724.0,2377.0,3.78,24.0,3.76,64.0,0.0,1011.00555555556,0.0,56.5,68.9,71.6,59.0,72.5,72.5,72.5,60.8,9.53000000000003,85.0,13.797,728.6,32.12,13.971,-19.3,3.0,0.0,0.0,0.0,14.0,63.0,0.0,71.6,1.0,0.0,825.6,0.0,0.0,0.6,9.0,0.0,29.0,0.0,71.6,71.6,350.0,825.6,-50.0,0.0,0.0,0.0,0.0,400.0,0.0,0.0,0.0,0.0,0.0,0.0,56.5,725.6,4.444,43.5053025,13.760294,13.1287959596331,,0.0,1.69900219035071,2.68110491312475,1.66596084097324,0.0,0.0464770155247455,16.0,20.0,19.0,20.0,20.500000000000004,22.5,24.0,16.0,20.0,21.999999999999996,31.993159945915874,35.9923049391553,2.7336945242742923,13.613756407177256,22.589999999999968
470.0,13.3,18.5,725.8,0.0,0.0,0.0,20.0,66.2,66.2,66.2,66.2,66.2,18.2560473420247,68.0,64.4,1011.00555555556,3639620.0,0.0,0.0,5.04027777777778,4.03222222222222,3.78020833333333,1568.0,1532.9,1172.4,1109.5,0.0,2840.0,0.0,0.0,724.0,2377.0,3.78,24.0,3.76,64.0,0.0,1011.00555555556,0.0,56.5,68.9,71.6,59.0,72.5,72.5,72.5,60.8,9.73000000000002,85.0,13.812,730.0,32.21,13.979,-21.5,3.0,0.0,0.0,0.0,14.0,63.0,0.0,71.6,1.0,0.0,825.6,0.0,0.0,0.6,9.0,0.0,29.0,0.0,71.6,71.6,350.0,825.6,-50.0,0.0,0.0,0.0,0.0,400.0,0.0,0.0,0.0,0.0,0.0,0.0,56.5,725.6,4.444,33.886285,13.760294,13.1287959596331,,0.0,1.69900219035071,2.68110491312475,1.66596084097324,0.0,0.0464770155247455,16.0,20.0,19.0,20.0,20.500000000000004,22.5,24.0,16.0,20.0,21.999999999999996,36.21100818097305,35.9923049391553,2.7336945242742923,13.613756407177256,22.479999999999983
471.0,13.3,-4.9,728.1,0.0,0.0,0.0,20.0,66.2,66.2,66.2,66.2,66.2,-4.85070844783897,68.0,64.4,1011.00611111111,3639622.0,0.0,0.0,5.05625,4.045,3.7921875,1568.0,1532.9,1172.4,1109.5,0.0,2782.0,0.0,0.0,726.0,2377.0,3.78,24.0,3.78,64.0,0.0,1011.00611111111,0.0,56.5,68.9,70.7,59.0,72.5,72.5,72.5,60.8,9.73000000000002,85.0,13.812,730.0,32.21,13.979,-21.5,3.0,0.0,0.0,0.0,14.0,63.0,0.0,71.6,1.0,0.0,825.6,0.0,0.0,0.6,9.0,0.0,29.0,0.0,71.6,71.6,350.0,825.6,-50.0,0.0,0.0,0.0,0.0,400.0,0.0,0.0,0.0,0.0,0.0,0.0,56.5,727.4,4.445,33.886285,13.760294,13.162607489532,,0.0,1.71060952128113,-9.52997597885467,-5.9216507039569,0.0,0.0464770155247455,16.0,20.0,19.0,20.0,20.500000000000004,22.5,24.0,16.0,20.0,21.999999999999996,36.21100818097305,33.99273244253566,2.752370719741338,13.656897272066368,22.479999999999983
472.0,13.3,-4.9,728.1,0.0,0.0,0.0,20.0,66.2,66.2,66.2,66.2,66.2,-4.85070844783897,68.0,64.4,1011.00611111111,3639622.0,0.0,0.0,5.05625,4.045,3.7921875,1568.0,1532.9,1172.4,1109.5,0.0,2782.0,0.0,0.0,726.0,2377.0,3.78,24.0,3.78,64.0,0.0,1011.00611111111,0.0,56.5,68.9,70.7,59.0,72.5,72.5,72.5,60.8,9.84000000000003,85.0,13.813,733.2,32.3,13.991,2.2,3.0,0.0,0.0,0.0,14.0,63.0,0.0,71.6,1.0,0.0,825.6,0.0,0.0,0.6,9.0,0.0,29.0,0.0,71.6,71.6,350.0,825.6,-50.0,0.0,0.0,0.0,0.0,400.0,0.0,0.0,0.0,0.0,0.0,0.0,56.5,727.4,4.445,18.8962425,13.760294,13.162607489532,,0.0,1.71060952128113,-9.52997597885467,-5.9216507039569,0.0,0.0464770155247455,16.0,20.0,19.0,20.0,20.500000000000004,22.5,24.0,16.0,20.0,21.999999999999996,31.993159945915874,33.99273244253566,2.752370719741338,13.656897272066368,22.459999999999965
473.0,13.3,-22.1,730.1,0.0,0.0,0.0,20.0,66.2,66.2,66.2,66.2,66.2,-21.9377803157381,68.0,64.4,1011.00666666667,3639624.0,0.0,0.0,5.07013888888889,4.05611111111111,3.80260416666667,1568.0,1532.9,1172.4,1109.5,0.0,2412.0,0.0,0.0,728.0,2377.0,3.8,24.0,3.78,149.0,0.0,1011.00666666667,0.0,56.5,68.9,70.7,59.0,72.5,72.5,72.5,60.8,9.41000000000003,85.0,13.79,734.1,37.02,14.004,2.2,3.0,0.0,0.0,0.0,14.0,63.0,0.0,71.6,1.0,0.0,825.6,0.0,0.0,0.6,9.0,0.0,29.0,0.0,71.6,71.6,350.0,825.6,-50.0,0.0,0.0,0.0,0.0,400.0,0.0,0.0,0.0,0.0,0.0,0.0,56.5,729.8,4.444,18.8962425,13.760294,13.1828004280913,,0.0,1.72038605094857,-1.79731159371338,-1.11679730229727,0.0,,16.0,20.0,19.0,20.0,20.500000000000004,22.5,24.0,16.0,20.0,21.999999999999996,31.993159945915874,28.993801200986265,2.768101155976249,-3.6271683368296346,27.60999999999997
474.0,13.3,-22.1,730.1,0.0,0.0,0.0,20.0,66.2,66.2,66.2,66.2,66.2,-21.9377803157381,68.0,64.4,1011.00666666667,3639624.0,0.0,0.0,5.07013888888889,4.05611111111111,3.80260416666667,1568.0,1532.9,1172.4,1109.5,0.0,2412.0,0.0,0.0,728.0,2377.0,3.8,24.0,3.78,149.0,0.0,1011.00666666667,0.0,56.5,68.9,70.7,59.0,72.5,72.5,72.5,60.8,9.41000000000003,85.0,13.79,734.1,37.02,14.004,4.3,3.0,0.0,0.0,0.0,14.0,63.0,0.0,71.6,1.0,0.0,825.6,0.0,0.0,0.6,9.0,0.0,29.0,0.0,71.6,71.6,350.0,825.6,-50.0,0.0,0.0,0.0,0.0,400.0,0.0,0.0,0.0,0.0,0.0,0.0,56.5,729.8,4.444,0.0,13.750528,13.1828004280913,,0.0,1.72038605094857,-1.79731159371338,-1.11679730229727,0.0,,16.0,20.0,19.0,20.0,20.500000000000004,22.5,24.0,16.0,20.0,21.999999999999996,23.994869959436866,28.993801200986265,2.768101155976249,-3.6271683368296346,27.60999999999997
475.0,13.3,-27.3,731.0,0.0,0.0,0.0,20.0,66.2,66.2,66.2,66.2,66.2,-27.1330168814019,68.0,64.4,1011.00722222222,3639626.0,0.0,0.0,5.07638888888889,4.06111111111111,3.80729166666667,1568.1,1532.9,1172.4,1109.5,0.0,1701.0,0.0,0.0,729.0,2377.0,3.8,24.0,3.8,64.0,0.0,1011.00722222222,0.0,56.5,68.9,70.7,59.0,72.5,72.5,72.5,60.8,9.37,85.0,13.788,734.1,37.41,13.997,4.3,3.0,0.0,0.0,0.0,14.0,63.0,0.0,71.6,1.0,0.0,825.6,0.0,0.0,0.6,9.0,0.0,29.0,0.0,71.6,71.6,350.0,825.6,-50.0,0.0,0.0,0.0,0.0,400.0,0.0,0.0,0.0,0.0,0.0,0.0,56.5,731.2,4.444,0.0,13.750528,13.1796318290327,,0.0,1.72721773136549,-1.00218978467952,-0.622731668696101,0.0,-0.0502817725249436,16.0,20.0,19.0,20.0,20.500000000000004,22.5,24.0,16.0,20.0,21.999999999999996,23.994869959436866,19.99572496619744,2.7790933297670732,-20.233420493215437,28.04
476.0,13.3,-27.3,731.0,0.0,0.0,0.0,20.0,66.2,66.2,66.2,66.2,66.2,-27.1330168814019,68.0,64.4,1011.00722222222,3639626.0,0.0,0.0,5.07638888888889,4.06111111111111,3.80729166666667,1568.1,1532.9,1172.4,1109.5,0.0,1701.0,0.0,0.0,729.0,2377.0,3.8,24.0,3.8,64.0,0.0,1011.00722222222,0.0,56.5,68.9,70.7,59.0,72.5,72.5,72.5,60.8,9.37,85.0,13.788,734.1,37.41,13.997,-2.5,3.0,0.0,0.0,0.0,14.0,63.0,0.0,71.6,1.0,0.0,825.6,0.0,0.0,0.6,9.0,0.0,29.0,0.0,71.6,71.6,350.0,825.6,-50.0,0.0,0.0,0.0,0.0,400.0,0.0,0.0,0.0,0.0,0.0,0.0,56.5,731.2,4.444,0.0,13.750528,13.1796318290327,,0.0,1.72721773136549,-1.00218978467952,-0.622731668696101,0.0,-0.0502817725249436,16.0,20.0,19.0,20.0,20.500000000000004,22.5,24.0,16.0,20.0,21.999999999999996,17.777449227759888,19.99572496619744,2.7790933297670732,-20.233420493215437,28.04
477.0,13.3,-14.1,729.9,0.0,0.0,0.0,20.0,66.2,66.2,66.2,66.2,66.2,-13.9926682404287,68.0,64.4,1011.00777777778,3639628.0,0.0,0.0,5.06875,4.055,3.8015625,1568.1,1532.9,1172.5,1109.5,0.0,943.0,0.0,0.0,728.0,2372.0,3.8,24.0,3.78,64.0,0.0,1011.00777777778,0.0,56.5,68.9,70.7,59.0,72.5,72.5,72.5,60.8,9.38,85.0,13.791,733.5,36.75,13.993,-2.5,3.0,0.0,0.0,0.0,14.0,63.0,0.0,71.6,1.0,0.0,825.6,0.0,0.0,0.6,9.0,0.0,29.0,0.0,71.6,71.6,350.0,825.6,-50.0,0.0,0.0,0.0,0.0,400.0,0.0,0.0,0.0,0.0,0.0,0.0,56.5,730.2,4.444,0.0,13.750528,13.1504542869877,,0.0,1.73064295272553,-0.971667157358581,-0.603765793235059,0.0,-0.0932896548735337,16.0,20.0,19.0,20.0,20.500000000000004,22.5,24.0,16.0,20.0,21.999999999999996,17.777449227759888,9.997862483098704,2.784604510935378,-10.434502789283147,27.369999999999997
478.0,13.3,-14.1,729.9,0.0,0.0,0.0,20.0,66.2,66.2,66.2,66.2,66.2,-13.9926682404287,68.0,64.4,1011.00777777778,3639628.0,0.0,0.0,5.06875,4.055,3.8015625,1568.1,1532.9,1172.5,1109.5,0.0,943.0,0.0,0.0,728.0,2372.0,3.8,24.0,3.78,64.0,0.0,1011.00777777778,0.0,56.5,68.9,70.7,59.0,72.5,72.5,72.5,60.8,9.38,85.0,13.791,733.5,36.75,13.993,-4.1,3.0,0.0,0.0,0.0,14.0,63.0,0.0,71.6,1.0,0.0,825.6,0.0,0.0,0.6,9.0,0.0,29.0,0.0,71.6,71.6,350.0,825.6,-50.0,0.0,0.0,0.0,0.0,400.0,0.0,0.0,0.0,0.0,0.0,0.0,56.5,730.2,4.444,6.1034375,13.750528,13.1504542869877,,0.0,1.73064295272553,-0.971667157358581,-0.603765793235059,0.0,-0.0932896548735337,16.0,20.0,19.0,20.0,20.500000000000004,22.5,24.0,16.0,20.0,21.999999999999996,8.435696470114522,9.997862483098704,2.784604510935378,-10.434502789283147,27.369999999999997
479.0,13.3,0.6,728.5,0.0,0.0,0.0,20.0,66.2,66.2,66.2,66.2,66.2,0.594290608923537,68.0,64.4,1011.00833333333,3639630.0,0.0,0.0,5.05902777777778,4.04722222222222,3.79427083333333,1568.1,1532.9,1172.5,1109.5,0.0,539.0,0.0,0.0,726.0,2372.0,3.78,24.0,3.78,64.0,0.0,1011.00833333333,0.0,56.5,68.9,70.7,59.0,72.5,72.5,72.5,60.8,9.70999999999998,85.0,13.816,732.2,36.77,13.992,-4.1,3.0,0.0,0.0,0.0,14.0,63.0,0.0,71.6,1.0,0.0,825.6,0.0,0.0,0.6,9.0,0.0,29.0,0.0,71.6,71.6,350.0,825.6,-50.0,0.0,0.0,0.0,0.0,400.0,0.0,0.0,0.0,0.0,0.0,0.0,56.5,728.7,4.442,6.1034375,13.750528,13.1143522365998,,0.0,1.73300075375778,16.0146419583619,9.95103408830931,0.0,-0.0972042319647434,16.0,20.0,19.0,20.0,20.500000000000004,22.5,24.0,16.0,20.0,21.999999999999996,8.435696470114522,6.998503738169096,2.788398212796268,-10.414488672410963,27.060000000000024
480.0,13.3,0.6,728.5,0.0,0.0,0.0,20.0,66.2,66.2,66.2,66.2,66.2,0.594290608923537,68.0,64.4,1011.00833333333,3639630.0,0.0,0.0,5.05902777777778,4.04722222222222,3.79427083333333,1568.1,1532.9,1172.5,1109.5,0.0,539.0,0.0,0.0,726.0,2372.0,3.78,24.0,3.78,64.0,0.0,1011.00833333333,0.0,56.5,68.9,70.7,59.0,72.5,72.5,72.5,60.8,9.70999999999998,85.0,13.816,732.2,36.77,13.992,8.8,3.0,0.0,0.0,0.0,14.0,63.0,0.0,71.6,1.0,0.0,825.6,0.0,0.0,0.6,9.0,0.0,29.0,0.0,71.6,71.6,350.0,825.6,-50.0,0.0,0.0,0.0,0.0,400.0,0.0,0.0,0.0,0.0,0.0,0.0,56.5,728.7,4.442,0.0,13.7593174,13.1143522365998,,0.0,1.73300075375778,16.0146419583619,9.95103408830931,0.0,-0.0972042319647434,16.0,20.0,19.0,20.0,20.500000000000004,22.5,24.0,16.0,20.0,21.999999999999996,5.842500888560804,6.998503738169096,2.788398212796268,-10.414488672410963,27.060000000000024
481.0,13.4,0.1,728.5,0.0,0.0,0.0,20.0,66.2,66.2,66.2,66.2,66.2,0.0990484348205894,68.0,64.4,1011.00888888889,3639632.0,0.0,0.0,5.05902777777778,4.04722222222222,3.79427083333333,1568.1,1532.9,1172.5,1109.5,0.0,84.0,0.0,0.0,727.0,2372.0,3.78,24.0,3.78,64.0,0.0,1011.00888888889,0.0,56.5,68.9,70.7,59.0,72.5,72.5,72.5,60.8,9.35000000000002,85.0,13.79,731.4,36.86,13.996,8.8,3.0,0.0,0.0,0.0,14.0,63.0,0.0,71.6,1.0,0.0,825.6,0.0,0.0,0.6,9.0,0.0,29.0,0.0,71.6,71.6,350.0,825.6,-50.0,0.0,0.0,0.0,0.0,400.0,0.0,0.0,0.0,0.0,0.0,0.0,56.5,728.8,4.444,0.0,13.7593174,13.0594046875391,0.0,0.0,1.73300075375778,0.0,0.0,0.0,-0.103761474822889,16.0,20.0,19.0,20.0,20.500000000000004,22.5,24.0,16.0,20.0,21.999999999999996,5.842500888560804,0.0,2.788398212796268,0.44316973074089266,27.50999999999998
482.0,13.4,0.1,728.5,0.0,0.0,0.0,20.0,66.2,66.2,66.2,66.2,66.2,0.0990484348205894,68.0,64.4,1011.00888888889,3639632.0,0.0,0.0,5.05902777777778,4.04722222222222,3.79427083333333,1568.1,1532.9,1172.5,1109.5,0.0,84.0,0.0,0.0,727.0,2372.0,3.78,24.0,3.78,64.0,0.0,1011.00888888889,0.0,56.5,68.9,70.7,59.0,72.5,72.5,72.5,60.8,9.35000000000002,85.0,13.79,731.4,36.86,13.996,-12.5,3.0,0.0,0.0,0.0,14.0,63.0,0.0,71.6,1.0,0.0,825.6,0.0,0.0,0.6,9.0,0.0,29.0,0.0,71.6,71.6,350.0,825.6,-50.0,0.0,0.0,0.0,0.0,400.0,0.0,0.0,0.0,0.0,0.0,0.0,56.5,728.4,4.444,0.0,13.7593174,13.0594046875391,0.0,0.0,1.73300075375778,0.0,0.0,0.0,-0.103761474822889,16.0,20.0,19.0,20.0,20.500000000000004,22.5,24.0,16.0,20.0,21.999999999999996,0.21870324181778447,0.0,2.788398212796268,0.44316973074089266,27.50999999999998
483.0,13.3,0.7,728.4,0.0,0.0,0.0,20.0,66.2,66.2,66.2,66.2,66.2,0.693243870230915,68.0,64.4,1011.00916666667,3639633.0,0.0,0.0,5.05833333333333,4.04666666666667,3.79375,1568.1,1532.9,1172.5,1109.5,0.0,19.0,0.0,0.0,726.0,2372.0,3.78,24.0,3.78,64.0,0.0,1011.00916666667,0.0,56.5,68.9,70.7,59.0,72.5,72.5,72.5,60.8,9.88999999999999,85.0,13.816,731.6,31.58,14.005,-7.6,3.0,0.0,0.0,0.0,14.0,63.0,0.0,71.6,1.0,0.0,825.6,0.0,0.0,0.6,9.0,0.0,29.0,0.0,71.6,71.6,350.0,825.6,-50.0,0.0,0.0,0.0,0.0,400.0,0.0,0.0,0.0,0.0,0.0,0.0,56.5,728.4,4.444,0.0,13.7593174,13.0063104294785,0.0,0.0,1.73300075375778,0.0,0.0,0.0,-0.071822302810814,16.0,20.0,19.0,20.0,20.500000000000004,22.5,24.0,16.0,20.0,21.999999999999996,0.21870324181778447,0.0,2.788398212796268,0.07385148292648502,21.69000000000001
484.0,13.3,0.7,728.4,0.0,0.0,0.0,20.0,66.2,66.2,66.2,66.2,66.2,0.693243870230915,68.0,64.4,1011.00916666667,3639633.0,0.0,0.0,5.05833333333333,4.04666666666667,3.79375,1568.1,1532.9,1172.5,1109.5,0.0,19.0,0.0,0.0,726.0,2372.0,3.78,24.0,3.78,64.0,0.0,1011.00916666667,0.0,56.5,68.9,70.7,59.0,72.5,72.5,72.5,60.8,9.88999999999999,85.0,13.816,731.6,31.58,14.005,-7.6,3.0,0.0,0.0,0.0,14.0,63.0,0.0,71.6,1.0,0.0,825.6,0.0,0.0,0.6,9.0,0.0,29.0,0.0,71.6,71.6,350.0,825.6,-50.0,0.0,0.0,0.0,0.0,400.0,0.0,0.0,0.0,0.0,0.0,0.0,56.5,728.2,4.444,40.6733075,13.7803143,13.0063104294785,0.0,0.0,1.73300075375778,0.0,0.0,0.0,-0.071822302810814,16.0,20.0,19.0,20.0,20.500000000000004,22.5,24.0,16.0,20.0,21.999999999999996,0.8435696470114523,0.0,2.788398212796268,0.07385148292648502,21.69000000000001
485.0,13.3,4.0,728.1,0.0,0.0,0.0,20.0,66.2,66.2,66.2,66.2,66.2,3.95976199823589,68.0,64.4,1011.00972222222,3639635.0,0.0,0.0,5.05625,4.045,3.7921875,1568.1,1532.9,1172.5,1109.5,0.0,366.0,0.0,0.0,726.0,2372.0,3.78,24.0,3.78,64.0,0.0,1011.00972222222,0.0,56.5,68.9,70.7,59.0,72.5,72.5,72.5,60.8,9.63,85.0,13.816,730.9,32.2,14.0,-7.2,3.0,0.0,0.0,0.0,14.0,63.0,0.0,71.6,1.0,0.0,825.6,0.0,0.0,0.6,9.0,0.0,29.0,0.0,71.6,71.6,350.0,825.6,-50.0,0.0,0.0,0.0,0.0,400.0,0.0,0.0,0.0,0.0,0.0,0.0,56.5,728.2,4.444,40.6733075,13.7803143,12.9656200918734,0.0,0.0,1.73470933320588,1.71679714324955,1.06676795769812,0.0,-0.071822302810814,16.0,20.0,19.0,20.0,20.500000000000004,22.5,24.0,16.0,20.0,21.999999999999996,0.8435696470114523,4.998931241549352,2.791147317128261,0.5167474643484571,22.57
486.0,13.3,4.0,728.1,0.0,0.0,0.0,20.0,66.2,66.2,66.2,66.2,66.2,3.95976199823589,68.0,64.4,1011.00972222222,3639635.0,0.0,0.0,5.05625,4.045,3.7921875,1568.1,1532.9,1172.5,1109.5,0.0,366.0,0.0,0.0,726.0,2372.0,3.78,24.0,3.78,64.0,0.0,1011.00972222222,0.0,56.5,68.9,70.7,59.0,72.5,72.5,72.5,60.8,9.63,85.0,13.816,730.9,32.2,14.0,-7.2,3.0,0.0,0.0,0.0,14.0,63.0,0.0,71.6,1.0,0.0,825.6,0.0,0.0,0.6,9.0,0.0,29.0,0.0,71.6,71.6,350.0,825.6,-50.0,0.0,0.0,0.0,0.0,400.0,0.0,0.0,0.0,0.0,0.0,0.0,56.5,728.6,4.444,32.8609075,13.7715249,12.9656200918734,0.0,0.0,1.73470933320588,1.71679714324955,1.06676795769812,0.0,-0.071822302810814,16.0,20.0,19.0,20.0,20.500000000000004,22.5,24.0,16.0,20.0,21.999999999999996,3.999144993239488,4.998931241549352,2.791147317128261,0.5167474643484571,22.57
487.0,13.3,-4.7,728.9,0.0,0.0,0.0,20.0,66.2,66.2,66.2,66.2,66.2,-4.65783252520823,68.0,64.4,1011.01027777778,3639637.0,0.0,0.0,5.06180555555556,4.04944444444444,3.79635416666667,1568.1,1532.9,1172.5,1109.5,0.0,445.0,0.0,0.0,727.0,2380.0,3.8,24.0,3.78,64.0,0.0,1011.01027777778,0.0,56.5,68.9,70.7,59.0,72.5,72.5,72.5,60.8,9.28000000000003,85.0,13.793,731.8,36.38,13.996,1.9,3.0,0.0,0.0,0.0,14.0,63.0,0.0,71.6,1.0,0.0,825.6,0.0,0.0,0.6,9.0,0.0,29.0,0.0,71.6,71.6,350.0,825.6,-50.0,0.0,0.0,0.0,0.0,400.0,0.0,0.0,0.0,0.0,0.0,0.0,56.5,728.6,4.444,32.8609075,13.7715249,12.9233197430416,,0.0,1.73605698645259,-1.16760026037486,-0.725512941389386,0.0,,16.0,20.0,19.0,20.0,20.500000000000004,22.5,24.0,16.0,20.0,21.999999999999996,3.999144993239488,3.999144993239488,2.7933156912022175,2.95608708979214,27.099999999999973
488.0,13.3,-4.7,728.9,0.0,0.0,0.0,20.0,66.2,66.2,66.2,66.2,66.2,-4.65783252520823,68.0,64.4,1011.01027777778,3639637.0,0.0,0.0,5.06180555555556,4.04944444444444,3.79635416666667,1568.1,1532.9,1172.5,1109.5,0.0,445.0,0.0,0.0,727.0,2380.0,3.8,24.0,3.78,64.0,0.0,1011.01027777778,0.0,56.5,68.9,70.7,59.0,72.5,72.5,72.5,60.8,9.28000000000003,85.0,13.793,731.8,36.38,13.996,1.9,3.0,0.0,0.0,0.0,14.0,63.0,0.0,71.6,1.0,0.0,825.6,0.0,0.0,0.6,9.0,0.0,29.0,0.0,71.6,71.6,350.0,825.6,-50.0,0.0,0.0,0.0,0.0,400.0,0.0,0.0,0.0,0.0,0.0,0.0,56.5,728.3,4.443,29.68712,13.760294,12.9233197430416,,0.0,1.73605698645259,-1.16760026037486,-0.725512941389386,0.0,,16.0,20.0,19.0,20.0,20.500000000000004,22.5,24.0,16.0,20.0,21.999999999999996,1.968329176360055,3.999144993239488,2.7933156912022175,2.95608708979214,27.099999999999973
489.0,13.3,18.4,726.8,0.0,0.0,0.0,20.0,66.2,66.2,66.2,66.2,66.2,18.1823830427992,68.0,64.4,1011.01083333333,3639639.0,0.0,0.0,5.04722222222222,4.03777777777778,3.78541666666667,1568.1,1532.9,1172.5,1109.5,0.0,371.0,0.0,0.0,724.0,2380.0,3.78,24.0,3.78,64.0,0.0,1011.01083333333,0.0,56.5,68.9,70.7,59.0,72.5,72.5,72.5,60.8,9.44999999999999,85.0,13.807,728.8,34.41,14.009,-5.5,3.0,0.0,0.0,0.0,14.0,63.0,0.0,71.6,1.0,0.0,825.6,0.0,0.0,0.6,9.0,0.0,29.0,0.0,71.6,71.6,350.0,825.6,-50.0,0.0,0.0,0.0,0.0,400.0,0.0,0.0,0.0,0.0,0.0,0.0,56.5,728.3,4.443,29.68712,13.760294,12.8898298901547,,0.0,1.73888109311413,0.59821492665885,0.371713407192936,0.0,,16.0,20.0,19.0,20.0,20.500000000000004,22.5,24.0,16.0,20.0,21.999999999999996,1.968329176360055,7.99828998647896,2.797859678820635,-3.4633952720696866,24.960000000000008
490.0,13.3,18.4,726.8,0.0,0.0,0.0,20.0,66.2,66.2,66.2,66.2,66.2,18.1823830427992,68.0,64.4,1011.01083333333,3639639.0,0.0,0.0,5.04722222222222,4.03777777777778,3.78541666666667,1568.1,1532.9,1172.5,1109.5,0.0,371.0,0.0,0.0,724.0,2380.0,3.78,24.0,3.78,64.0,0.0,1011.01083333333,0.0,56.5,68.9,70.7,59.0,72.5,72.5,72.5,60.8,9.44999999999999,85.0,13.807,728.8,34.41,14.009,-5.5,3.0,0.0,0.0,0.0,14.0,63.0,0.0,71.6,1.0,0.0,825.6,0.0,0.0,0.6,9.0,0.0,29.0,0.0,71.6,71.6,350.0,825.6,-50.0,0.0,0.0,0.0,0.0,400.0,0.0,0.0,0.0,0.0,0.0,0.0,56.5,724.8,4.444,76.073245,13.7612706,12.8898298901547,,0.0,1.73888109311413,0.59821492665885,0.371713407192936,0.0,,16.0,20.0,19.0,20.0,20.500000000000004,22.5,24.0,16.0,20.0,21.999999999999996,12.997221228028314,7.99828998647896,2.797859678820635,-3.4633952720696866,24.960000000000008
491.0,13.3,38.7,724.3,0.0,0.0,0.0,20.0,66.2,66.2,66.2,66.2,66.2,38.1107513778915,68.0,64.4,1011.01138888889,3639641.0,0.0,0.0,5.02986111111111,4.02388888888889,3.77239583333333,1568.1,1532.9,1172.5,1109.5,0.0,1741.0,0.0,0.0,722.0,2380.0,3.76,24.0,3.76,64.0,0.0,1011.01138888889,0.0,56.5,68.9,70.7,59.0,72.5,72.5,72.5,60.8,9.62,85.0,13.815,726.4,32.55,13.996,5.0,3.0,0.0,0.0,0.0,14.0,63.0,0.0,71.6,1.0,0.0,825.6,0.0,0.0,0.6,9.0,0.0,29.0,0.0,71.6,71.6,350.0,825.6,-50.0,0.0,0.0,0.0,0.0,400.0,0.0,0.0,0.0,0.0,0.0,0.0,56.5,724.8,4.444,76.073245,13.7612706,12.8979033868173,,0.0,1.74694176006911,0.856212948722477,0.532025896160634,0.0,,16.0,20.0,19.0,20.0,20.500000000000004,22.5,24.0,16.0,20.0,21.999999999999996,12.997221228028314,23.994869959436866,2.810829291951198,28.41965054279754,22.93
492.0,13.3,38.7,724.3,0.0,0.0,0.0,20.0,66.2,66.2,66.2,66.2,66.2,38.1107513778915,68.0,64.4,1011.01138888889,3639641.0,0.0,0.0,5.02986111111111,4.02388888888889,3.77239583333333,1568.1,1532.9,1172.5,1109.5,0.0,1741.0,0.0,0.0,722.0,2380.0,3.76,24.0,3.76,64.0,0.0,1011.01138888889,0.0,56.5,68.9,70.7,59.0,72.5,72.5,72.5,60.8,9.62,85.0,13.815,726.4,32.55,13.996,5.0,3.0,0.0,0.0,0.0,14.0,63.0,0.0,71.6,1.0,0.0,825.6,0.0,0.0,0.6,9.0,0.0,29.0,0.0,71.6,71.6,350.0,825.6,-50.0,0.0,0.0,0.0,0.0,400.0,0.0,0.0,0.0,0.0,0.0,0.0,56.5,723.8,4.443,64.1105075,13.7793377,12.8979033868173,,0.0,1.74694176006911,0.856212948722477,0.532025896160634,0.0,,16.0,20.0,19.0,20.0,20.500000000000004,22.5,24.0,16.0,20.0,21.999999999999996,23.994869959436866,23.994869959436866,2.810829291951198,28.41965054279754,22.93
493.0,13.3,38.9,723.9,0.0,0.0,0.0,20.0,66.2,66.2,66.2,66.2,66.2,38.2865504530089,68.0,64.4,1011.01194444444,3639643.0,0.0,0.0,5.02708333333333,4.02166666666667,3.7703125,1568.1,1532.9,1172.5,1109.5,0.0,2647.0,0.0,0.0,722.0,2380.0,3.76,24.0,3.76,64.0,0.0,1011.01194444444,0.0,56.5,68.9,70.7,59.0,72.5,72.5,72.5,60.8,9.5,85.0,13.816,728.2,32.03,13.978,1.9,3.0,0.0,0.0,0.0,14.0,63.0,0.0,71.6,1.0,0.0,825.6,0.0,0.0,0.6,9.0,0.0,29.0,0.0,71.6,71.6,350.0,825.6,-50.0,0.0,0.0,0.0,0.0,400.0,0.0,0.0,0.0,0.0,0.0,0.0,56.5,723.8,4.443,64.1105075,13.7793377,12.9306453721941,,0.0,1.75837300061737,1.20739879778591,0.750242598379032,0.0,,16.0,20.0,19.0,20.0,20.500000000000004,22.5,24.0,16.0,20.0,21.999999999999996,23.994869959436866,33.99273244253566,2.8292221579933483,28.55074604996935,22.53
494.0,13.3,38.9,723.9,0.0,0.0,0.0,20.0,66.2,66.2,66.2,66.2,66.2,38.2865504530089,68.0,64.4,1011.01194444444,3639643.0,0.0,0.0,5.02708333333333,4.02166666666667,3.7703125,1568.1,1532.9,1172.5,1109.5,0.0,2647.0,0.0,0.0,722.0,2380.0,3.76,24.0,3.76,64.0,0.0,1011.01194444444,0.0,56.5,68.9,70.7,59.0,72.5,72.5,72.5,60.8,9.5,85.0,13.816,728.2,32.03,13.978,1.9,3.0,0.0,0.0,0.0,14.0,63.0,0.0,71.6,1.0,0.0,825.6,0.0,0.0,0.6,9.0,0.0,29.0,0.0,71.6,71.6,350.0,825.6,-50.0,0.0,0.0,0.0,0.0,400.0,0.0,0.0,0.0,0.0,0.0,0.0,56.5,727.8,4.444,29.88243,13.760294,12.9306453721941,,0.0,1.75837300061737,1.20739879778591,0.750242598379032,0.0,,16.0,20.0,19.0,20.0,20.500000000000004,22.5,24.0,16.0,20.0,21.999999999999996,31.993159945915874,33.99273244253566,2.8292221579933483,28.55074604996935,22.53
495.0,13.3,5.4,727.1,0.0,0.0,0.0,20.0,66.2,66.2,66.2,66.2,66.2,5.33833674088501,68.0,64.4,1011.0125,3639645.0,0.0,0.0,5.04930555555556,4.03944444444444,3.78697916666667,1568.1,1532.9,1172.5,1109.5,0.0,2794.0,0.0,0.0,725.0,2354.0,3.78,24.0,3.78,149.0,0.0,1011.0125,0.0,56.5,68.9,70.7,59.0,72.5,72.5,72.5,60.8,9.31999999999999,85.0,13.799,730.0,32.28,13.977,3.7,3.0,0.0,0.0,0.0,14.0,63.0,0.0,71.6,1.0,0.0,825.6,0.0,0.0,0.6,9.0,0.0,29.0,0.0,71.6,71.6,350.0,825.6,-50.0,0.0,0.0,0.0,0.0,400.0,0.0,0.0,0.0,0.0,0.0,0.0,56.5,727.8,4.444,29.88243,13.760294,12.9656216127678,,0.0,1.77015100250302,8.91415414864734,5.53899687749915,0.0,0.111313111553244,16.0,20.0,19.0,20.0,20.500000000000004,22.5,24.0,16.0,20.0,21.999999999999996,31.993159945915874,34.99251869084548,2.848172963027359,28.676954624855256,22.96000000000001
496.0,13.3,5.4,727.1,0.0,0.0,0.0,20.0,66.2,66.2,66.2,66.2,66.2,5.33833674088501,68.0,64.4,1011.0125,3639645.0,0.0,0.0,5.04930555555556,4.03944444444444,3.78697916666667,1568.1,1532.9,1172.5,1109.5,0.0,2794.0,0.0,0.0,725.0,2354.0,3.78,24.0,3.78,149.0,0.0,1011.0125,0.0,56.5,68.9,70.7,59.0,72.5,72.5,72.5,60.8,9.31999999999999,85.0,13.799,730.0,32.28,13.977,3.7,3.0,0.0,0.0,0.0,14.0,63.0,0.0,71.6,1.0,0.0,825.6,0.0,0.0,0.6,9.0,0.0,29.0,0.0,71.6,71.6,350.0,825.6,-50.0,0.0,0.0,0.0,0.0,400.0,0.0,0.0,0.0,0.0,0.0,0.0,56.5,726.8,4.444,34.37456,13.760294,12.9656216127678,,0.0,1.77015100250302,8.91415414864734,5.53899687749915,0.0,0.111313111553244,16.0,20.0,19.0,20.0,20.500000000000004,22.5,24.0,16.0,20.0,21.999999999999996,31.993159945915874,34.99251869084548,2.848172963027359,28.676954624855256,22.96000000000001
497.0,13.3,7.8,726.9,0.0,0.0,0.0,20.0,66.2,66.2,66.2,66.2,66.2,7.70880983822202,68.0,64.4,1011.01305555556,3639647.0,0.0,0.0,5.04791666666667,4.03833333333333,3.7859375,1568.1,1532.9,1172.5,1109.5,0.0,2796.0,0.0,0.0,725.0,2354.0,3.78,24.0,3.78,64.0,0.0,1011.01305555556,0.0,56.5,68.9,70.7,59.0,72.5,72.5,72.5,60.8,9.25,85.0,13.8,730.0,31.6,13.983,-3.4,3.0,0.0,0.0,0.0,14.0,63.0,0.0,71.6,1.0,0.0,825.6,0.0,0.0,0.6,9.0,0.0,29.0,0.0,71.6,71.6,350.0,825.6,-50.0,0.0,0.0,0.0,0.0,400.0,0.0,0.0,0.0,0.0,0.0,0.0,56.5,726.8,4.444,34.37456,13.760294,13.0003219544045,,0.0,1.78192916931095,6.17303547555302,3.83574522647985,0.0,0.0981127198263999,16.0,20.0,19.0,20.0,20.500000000000004,22.5,24.0,16.0,20.0,21.999999999999996,31.993159945915874,34.99251869084548,2.8671240334213186,3.97976759846258,22.35
498.0,13.3,7.8,726.9,0.0,0.0,0.0,20.0,66.2,66.2,66.2,66.2,66.2,7.70880983822202,68.0,64.4,1011.01305555556,3639647.0,0.0,0.0,5.04791666666667,4.03833333333333,3.7859375,1568.1,1532.9,1172.5,1109.5,0.0,2796.0,0.0,0.0,725.0,2354.0,3.78,24.0,3.78,64.0,0.0,1011.01305555556,0.0,56.5,68.9,70.7,59.0,72.5,72.5,72.5,60.8,9.25,85.0,13.8,730.0,31.6,13.983,-3.4,3.0,0.0,0.0,0.0,14.0,63.0,0.0,71.6,1.0,0.0,825.6,0.0,0.0,0.6,9.0,0.0,29.0,0.0,71.6,71.6,350.0,825.6,-50.0,0.0,0.0,0.0,0.0,400.0,0.0,0.0,0.0,0.0,0.0,0.0,56.5,727.2,4.443,32.8609075,13.750528,13.0003219544045,,0.0,1.78192916931095,6.17303547555302,3.83574522647985,0.0,0.0981127198263999,16.0,20.0,19.0,20.0,20.500000000000004,22.5,24.0,16.0,20.0,21.999999999999996,31.993159945915874,34.99251869084548,2.8671240334213186,3.97976759846258,22.35
499.0,13.3,4.8,727.2,0.0,0.0,0.0,20.0,66.2,66.2,66.2,66.2,66.2,4.74584083249632,68.0,64.4,1011.01361111111,3639649.0,0.0,0.0,5.05,4.04,3.7875,1568.1,1533.0,1172.5,1109.5,0.0,2821.0,0.0,0.0,725.0,2354.0,3.78,24.0,3.78,149.0,0.0,1011.01361111111,0.0,56.5,68.9,70.7,59.0,72.5,72.5,72.5,60.8,9.28000000000003,85.0,13.798,730.6,32.5,13.983,11.5,3.0,0.0,0.0,0.0,14.0,63.0,0.0,71.6,1.0,0.0,825.6,0.0,0.0,0.6,9.0,0.0,29.0,0.0,71.6,71.6,350.0,825.6,-50.0,0.0,0.0,0.0,0.0,400.0,0.0,0.0,0.0,0.0,0.0,0.0,56.5,727.2,4.443,32.8609075,13.750528,13.0394745689794,,0.0,1.79479608030077,10.3135313531353,6.40852929042904,0.0,0.0429162674544182,16.0,20.0,19.0,20.0,20.500000000000004,22.5,24.0,16.0,20.0,21.999999999999996,31.993159945915874,35.9923049391553,2.8878268932039393,5.750925691876592,23.21999999999997
500.0,13.3,4.8,727.2,0.0,0.0,0.0,20.0,66.2,66.2,66.2,66.2,66.2,4.74584083249632,68.0,64.4,1011.01361111111,3639649.0,0.0,0.0,5.05,4.04,3.7875,1568.1,1533.0,1172.5,1109.5,0.0,2821.0,0.0,0.0,725.0,2354.0,3.78,24.0,3.78,149.0,0.0,1011.01361111111,0.0,56.5,68.9,70.7,59.0,72.5,72.5,72.5,60.8,9.28000000000003,85.0,13.798,730.6,32.5,13.983,11.5,3.0,0.0,0.0,0.0,14.0,63.0,0.0,71.6,1.0,0.0,825.6,0.0,0.0,0.6,9.0,0.0,29.0,0.0,71.6,71.6,350.0,825.6,-50.0,0.0,0.0,0.0,0.0,400.0,0.0,0.0,0.0,0.0,0.0,0.0,56.5,727.6,4.444,30.85898,13.760294,13.0394745689794,,0.0,1.79479608030077,10.3135313531353,6.40852929042904,0.0,0.0429162674544182,16.0,20.0,19.0,20.0,20.500000000000004,22.5,24.0,16.0,20.0,21.999999999999996,35.9923049391553,35.9923049391553,2.8878268932039393,5.750925691876592,23.21999999999997
501.0,13.3,-4.5,728.1,0.0,0.0,0.0,20.0,66.2,66.2,66.2,66.2,66.2,-4.45473224801538,68.0,64.4,1011.01416666667,3639651.0,0.0,0.0,5.05625,4.045,3.7921875,1568.1,1533.0,1172.5,1109.5,0.0,2828.0,0.0,0.0,726.0,2354.0,3.78,24.0,3.78,64.0,0.0,1011.01416666667,0.0,56.5,68.9,70.7,60.0,72.5,72.5,72.5,60.8,9.28000000000003,85.0,13.799,731.3,31.73,13.984,-3.8,3.0,0.0,0.0,0.0,14.0,63.0,0.0,71.6,1.0,0.0,825.6,0.0,0.0,0.6,9.0,0.0,29.0,0.0,71.6,71.6,350.0,825.6,-50.0,0.0,0.0,0.0,0.0,400.0,0.0,0.0,0.0,0.0,0.0,0.0,56.5,727.6,4.444,30.85898,13.760294,13.0741229395041,,0.0,1.80675368374733,-10.682293335775,-6.63766729234385,0.0,0.0429162674544182,16.0,20.0,19.0,20.0,20.500000000000004,22.5,24.0,16.0,20.0,21.999999999999996,35.9923049391553,34.99251869084548,2.9070666771494538,-3.3219479850972258,22.44999999999997
502.0,13.3,-4.5,728.1,0.0,0.0,0.0,20.0,66.2,66.2,66.2,66.2,66.2,-4.45473224801538,68.0,64.4,1011.01416666667,3639651.0,0.0,0.0,5.05625,4.045,3.7921875,1568.1,1533.0,1172.5,1109.5,0.0,2828.0,0.0,0.0,726.0,2354.0,3.78,24.0,3.78,64.0,0.0,1011.01416666667,0.0,56.5,68.9,70.7,60.0,72.5,72.5,72.5,60.8,9.28000000000003,85.0,13.799,731.3,31.73,13.984,-3.8,3.0,0.0,0.0,0.0,14.0,63.0,0.0,71.6,1.0,0.0,825.6,0.0,0.0,0.6,9.0,0.0,29.0,0.0,71.6,71.6,350.0,825.6,-50.0,0.0,0.0,0.0,0.0,400.0,0.0,0.0,0.0,0.0,0.0,0.0,56.5,728.2,4.443,27.53871,13.760294,13.0741229395041,,0.0,1.80675368374733,-10.682293335775,-6.63766729234385,0.0,0.0429162674544182,16.0,20.0,19.0,20.0,20.500000000000004,22.5,24.0,16.0,20.0,21.999999999999996,31.993159945915874,34.99251869084548,2.9070666771494538,-3.3219479850972258,22.44999999999997
503.0,13.3,-4.5,728.3,0.0,0.0,0.0,20.0,66.2,66.2,66.2,66.2,66.2,-4.45595590747095,68.0,64.4,1011.01472222222,3639653.0,0.0,0.0,5.05763888888889,4.04611111111111,3.79322916666667,1568.1,1533.0,1172.5,1109.5,0.0,2748.0,0.0,0.0,726.0,2354.0,3.78,24.0,3.78,64.0,0.0,1011.01472222222,0.0,56.5,68.9,70.7,60.0,72.5,72.5,72.5,60.8,9.16000000000003,85.0,13.799,731.3,31.97,13.985,-5.1,3.0,0.0,0.0,0.0,14.0,63.0,0.0,71.6,1.0,0.0,825.6,0.0,0.0,0.6,9.0,0.0,29.0,0.0,71.6,71.6,350.0,825.6,-50.0,0.0,0.0,0.0,0.0,400.0,0.0,0.0,0.0,0.0,0.0,0.0,56.5,728.2,4.443,27.53871,13.760294,13.106046039577,,0.0,1.81837394593007,-10.3742352815537,-6.4462489511343,0.0,,16.0,20.0,19.0,20.0,20.500000000000004,22.5,24.0,16.0,20.0,21.999999999999996,31.993159945915874,33.99273244253566,2.925763679001483,-3.322860482826958,22.809999999999967
504.0,13.3,-4.5,728.3,0.0,0.0,0.0,20.0,66.2,66.2,66.2,66.2,66.2,-4.45595590747095,68.0,64.4,1011.01472222222,3639653.0,0.0,0.0,5.05763888888889,4.04611111111111,3.79322916666667,1568.1,1533.0,1172.5,1109.5,0.0,2748.0,0.0,0.0,726.0,2354.0,3.78,24.0,3.78,64.0,0.0,1011.01472222222,0.0,56.5,68.9,70.7,60.0,72.5,72.5,72.5,60.8,9.16000000000003,85.0,13.799,731.3,31.97,13.985,-5.1,3.0,0.0,0.0,0.0,14.0,63.0,0.0,71.6,1.0,0.0,825.6,0.0,0.0,0.6,9.0,0.0,29.0,0.0,71.6,71.6,350.0,825.6,-50.0,0.0,0.0,0.0,0.0,400.0,0.0,0.0,0.0,0.0,0.0,0.0,56.5,728.0,4.443,28.71057,13.760294,13.106046039577,,0.0,1.81837394593007,-10.3742352815537,-6.4462489511343,0.0,,16.0,20.0,19.0,20.0,20.500000000000004,22.5,24.0,16.0,20.0,21.999999999999996,31.993159945915874,33.99273244253566,2.925763679001483,-3.322860482826958,22.809999999999967
505.0,13.3,-1.5,728.1,0.0,0.0,0.0,20.0,66.2,66.2,66.2,66.2,66.2,-1.48491074933846,68.0,64.4,1011.01527777778,3639655.0,0.0,0.0,5.05625,4.045,3.7921875,1568.1,1533.0,1172.5,1109.5,0.0,2687.0,0.0,0.0,726.0,2384.0,3.78,24.0,3.78,64.0,0.0,1011.01527777778,0.0,56.5,69.8,70.7,60.0,72.5,72.5,72.5,60.8,9.25,85.0,13.8,731.5,31.84,13.981,-2.4,3.0,0.0,0.0,0.0,14.0,63.0,0.0,71.6,1.0,0.0,825.6,0.0,0.0,0.6,9.0,0.0,29.0,0.0,71.6,71.6,350.0,825.6,-50.0,0.0,0.0,0.0,0.0,400.0,0.0,0.0,0.0,0.0,0.0,0.0,56.5,728.0,4.443,28.71057,13.760294,13.137248531154,,0.0,1.82982164998423,-31.1312548642586,-19.3440589662592,0.0,-0.0035491549468623,16.0,20.0,19.0,20.0,21.0,22.5,24.0,16.0,20.0,21.999999999999996,33.74278588045809,33.99273244253566,2.944183034824626,-1.1073159950324085,22.59
506.0,13.3,-1.5,728.1,0.0,0.0,0.0,20.0,66.2,66.2,66.2,66.2,66.2,-1.48491074933846,68.0,64.4,1011.01527777778,3639655.0,0.0,0.0,5.05625,4.045,3.7921875,1568.1,1533.0,1172.5,1109.5,0.0,2687.0,0.0,0.0,726.0,2384.0,3.78,24.0,3.78,64.0,0.0,1011.01527777778,0.0,56.5,69.8,70.7,60.0,72.5,72.5,72.5,60.8,9.25,85.0,13.8,731.5,31.84,13.981,-2.4,3.0,0.0,0.0,0.0,14.0,63.0,0.0,71.6,1.0,0.0,825.6,0.0,0.0,0.6,9.0,0.0,29.0,0.0,71.6,71.6,350.0,825.6,-50.0,0.0,0.0,0.0,0.0,400.0,0.0,0.0,0.0,0.0,0.0,0.0,56.5,728.2,4.444,28.71057,13.760294,13.137248531154,,0.0,1.82982164998423,-31.1312548642586,-19.3440589662592,0.0,-0.0035491549468623,16.0,20.0,19.0,20.0,21.0,22.5,24.0,16.0,20.0,21.999999999999996,33.74278588045809,33.99273244253566,2.944183034824626,-1.1073159950324085,22.59
507.0,13.3,-4.9,728.4,0.0,0.0,0.0,20.0,66.2,66.2,66.2,66.2,66.2,-4.8527070916164,68.0,64.4,1011.01583333333,3639657.0,0.0,0.0,5.05833333333333,4.04666666666667,3.79375,1568.1,1533.0,1172.5,1109.5,0.0,2574.0,0.0,0.0,727.0,2384.0,3.78,24.0,3.78,149.0,0.0,1011.01583333333,0.0,56.5,69.8,70.7,60.0,72.5,72.5,72.5,60.8,9.24000000000001,85.0,13.8,732.0,31.71,13.978,4.5,3.0,0.0,0.0,0.0,14.0,63.0,0.0,71.6,1.0,0.0,825.6,0.0,0.0,0.6,9.0,0.0,29.0,0.0,71.6,71.6,350.0,825.6,-50.0,0.0,0.0,0.0,0.0,400.0,0.0,0.0,0.0,0.0,0.0,0.0,56.5,728.2,4.444,24.21844,13.760294,13.16336900504,,0.0,1.84058591224816,-8.96569500947001,-5.57102287372939,0.0,-0.0144164329558275,16.0,20.0,19.0,20.0,21.0,22.5,24.0,16.0,20.0,21.999999999999996,27.994014952676284,31.993159945915874,2.9615027328072894,-3.6187226633977634,22.46999999999999
508.0,13.3,-13.7,729.3,0.0,0.0,0.0,20.0,66.2,66.2,66.2,66.2,66.2,-13.5845370233464,68.0,64.4,1011.01638888889,3639659.0,0.0,0.0,5.06458333333333,4.05166666666667,3.7984375,1568.1,1533.0,1172.5,1109.5,0.0,2212.0,0.0,0.0,728.0,2384.0,3.8,24.0,3.78,149.0,0.0,1011.01638888889,0.0,56.5,69.8,70.7,60.0,72.5,72.5,72.5,60.8,9.24000000000001,85.0,13.8,732.0,31.71,13.978,4.5,3.0,0.0,0.0,0.0,14.0,63.0,0.0,71.6,1.0,0.0,825.6,0.0,0.0,0.6,9.0,0.0,29.0,0.0,71.6,71.6,350.0,825.6,-50.0,0.0,0.0,0.0,0.0,400.0,0.0,0.0,0.0,0.0,0.0,0.0,56.5,729.0,4.443,24.21844,13.760294,13.16336900504,,0.0,1.84058591224816,-8.96569500947001,-5.57102287372939,0.0,-0.0144164329558275,16.0,20.0,19.0,20.0,21.0,22.5,24.0,16.0,20.0,21.999999999999996,27.994014952676284,31.993159945915874,2.9615027328072894,-10.130154379825802,22.46999999999999
509.0,13.3,-13.7,729.3,0.0,0.0,0.0,20.0,66.2,66.2,66.2,66.2,66.2,-13.5845370233464,68.0,64.4,1011.01638888889,3639659.0,0.0,0.0,5.06458333333333,4.05166666666667,3.7984375,1568.1,1533.0,1172.5,1109.5,0.0,2212.0,0.0,0.0,728.0,2384.0,3.8,24.0,3.78,149.0,0.0,1011.01638888889,0.0,56.5,69.8,70.7,60.0,72.5,72.5,72.5,60.8,9.22000000000003,85.0,13.801,733.5,36.28,13.986,3.6,3.0,0.0,0.0,0.0,14.0,63.0,0.0,71.6,1.0,0.0,825.6,0.0,0.0,0.6,9.0,0.0,29.0,0.0,71.6,71.6,350.0,825.6,-50.0,0.0,0.0,0.0,0.0,400.0,0.0,0.0,0.0,0.0,0.0,0.0,56.5,729.0,4.443,14.941215,13.750528,13.1775699126505,,0.0,1.84984109075568,-2.70232129399154,-1.67914408476882,0.0,-0.0288133991522948,16.0,20.0,19.0,20.0,21.0,22.5,24.0,16.0,20.0,21.999999999999996,25.47892767177184,26.994228704366474,2.976394315025889,-10.130154379825802,27.05999999999997
510.0,13.3,-13.5,729.5,0.0,0.0,0.0,20.0,66.2,66.2,66.2,66.2,66.2,-13.3898935926132,68.0,64.4,1011.01694444444,3639661.0,0.0,0.0,5.06597222222222,4.05277777777778,3.79947916666667,1568.1,1533.0,1172.5,1109.5,0.0,1609.0,0.0,0.0,728.0,2384.0,3.8,24.0,3.78,64.0,0.0,1011.01694444444,0.0,56.5,69.8,70.7,60.0,72.5,72.5,72.5,60.8,9.22000000000003,85.0,13.801,733.5,36.28,13.986,3.6,3.0,0.0,0.0,0.0,14.0,63.0,0.0,71.6,1.0,0.0,825.6,0.0,0.0,0.6,9.0,0.0,29.0,0.0,71.6,71.6,350.0,825.6,-50.0,0.0,0.0,0.0,0.0,400.0,0.0,0.0,0.0,0.0,0.0,0.0,56.5,729.6,4.444,14.941215,13.750528,13.1775699126505,,0.0,1.84984109075568,-2.70232129399154,-1.67914408476882,0.0,-0.0288133991522948,16.0,20.0,19.0,20.0,21.0,22.5,24.0,16.0,20.0,21.999999999999996,25.47892767177184,26.994228704366474,2.976394315025889,-10.13293242846965,27.05999999999997
511.0,13.3,-13.5,729.5,0.0,0.0,0.0,20.0,66.2,66.2,66.2,66.2,66.2,-13.3898935926132,68.0,64.4,1011.01694444444,3639661.0,0.0,0.0,5.06597222222222,4.05277777777778,3.79947916666667,1568.1,1533.0,1172.5,1109.5,0.0,1609.0,0.0,0.0,728.0,2384.0,3.8,24.0,3.78,64.0,0.0,1011.01694444444,0.0,56.5,69.8,70.7,60.0,72.5,72.5,72.5,60.8,9.10000000000002,85.0,13.793,733.5,37.28,14.012,12.2,3.0,0.0,0.0,0.0,14.0,63.0,0.0,71.6,1.0,0.0,825.6,0.0,0.0,0.6,9.0,0.0,29.0,0.0,71.6,71.6,350.0,825.6,-50.0,0.0,0.0,0.0,0.0,400.0,0.0,0.0,0.0,0.0,0.0,0.0,56.5,729.6,4.444,0.0,13.750528,13.1722325925647,,0.0,1.85631579599445,-1.92927677506156,-1.19879663899678,0.0,-0.0540562855067298,16.0,20.0,19.0,20.0,21.0,22.5,24.0,16.0,20.0,21.999999999999996,16.309013175554743,18.995938717887462,2.98681211575507,-10.13293242846965,28.179999999999982
512.0,13.3,-8.7,729.3,0.0,0.0,0.0,20.0,66.2,66.2,66.2,66.2,66.2,-8.62667679584771,68.0,64.4,1011.0175,3639663.0,0.0,0.0,5.06458333333333,4.05166666666667,3.7984375,1568.1,1533.0,1172.5,1109.5,0.0,690.0,0.0,0.0,727.0,2373.0,3.8,24.0,3.78,149.0,0.0,1011.0175,0.0,56.5,69.8,70.7,60.0,72.5,72.5,72.5,60.8,9.10000000000002,85.0,13.793,733.5,37.28,14.012,12.2,3.0,0.0,0.0,0.0,14.0,63.0,0.0,71.6,1.0,0.0,825.6,0.0,0.0,0.6,9.0,0.0,29.0,0.0,71.6,71.6,350.0,825.6,-50.0,0.0,0.0,0.0,0.0,400.0,0.0,0.0,0.0,0.0,0.0,0.0,56.5,729.7,4.444,0.0,13.750528,13.1722325925647,,0.0,1.85631579599445,-1.92927677506156,-1.19879663899678,0.0,-0.0540562855067298,16.0,20.0,19.0,20.0,21.0,22.5,24.0,16.0,20.0,21.999999999999996,16.309013175554743,18.995938717887462,2.98681211575507,-9.982268914426921,28.179999999999982
513.0,13.3,-8.7,729.3,0.0,0.0,0.0,20.0,66.2,66.2,66.2,66.2,66.2,-8.62667679584771,68.0,64.4,1011.0175,3639663.0,0.0,0.0,5.06458333333333,4.05166666666667,3.7984375,1568.1,1533.0,1172.5,1109.5,0.0,690.0,0.0,0.0,727.0,2373.0,3.8,24.0,3.78,149.0,0.0,1011.0175,0.0,56.5,69.8,70.7,60.0,72.5,72.5,72.5,60.8,9.11000000000001,85.0,13.793,731.5,36.8,13.996,-2.2,3.0,0.0,0.0,0.0,14.0,63.0,0.0,71.6,1.0,0.0,825.6,0.0,0.0,0.6,9.0,0.0,29.0,0.0,71.6,71.6,350.0,825.6,-50.0,0.0,0.0,0.0,0.0,400.0,0.0,0.0,0.0,0.0,0.0,0.0,56.5,729.7,4.444,64.940575,13.7705483,13.1379358119426,,0.0,1.85870794677141,-1.10324653935202,-0.685525405403702,0.0,-0.0969430115012299,16.0,20.0,19.0,20.0,21.0,22.5,24.0,16.0,20.0,21.999999999999996,3.999144993239488,6.998503738169096,2.990661086355199,-9.982268914426921,27.689999999999987
514.0,13.3,22.0,726.2,0.0,0.0,0.0,20.0,66.2,66.2,66.2,66.2,66.2,21.7218588066941,68.0,64.4,1011.01805555556,3639665.0,0.0,0.0,5.04305555555556,4.03444444444444,3.78229166666667,1568.1,1533.0,1172.5,1109.5,0.0,959.0,0.0,0.0,724.0,2373.0,3.78,24.0,3.76,64.0,0.0,1011.01805555556,0.0,56.5,69.8,70.7,60.0,72.5,72.5,72.5,60.8,9.11000000000001,85.0,13.793,731.5,36.8,13.996,-2.2,3.0,0.0,0.0,0.0,14.0,63.0,0.0,71.6,1.0,0.0,825.6,0.0,0.0,0.6,9.0,0.0,29.0,0.0,71.6,71.6,350.0,825.6,-50.0,0.0,0.0,0.0,0.0,400.0,0.0,0.0,0.0,0.0,0.0,0.0,56.5,726.7,4.444,64.940575,13.7705483,13.1379358119426,,0.0,1.85870794677141,-1.10324653935202,-0.685525405403702,0.0,-0.0969430115012299,16.0,20.0,19.0,20.0,21.0,22.5,24.0,16.0,20.0,21.999999999999996,3.999144993239488,6.998503738169096,2.990661086355199,-6.40567322955185,27.689999999999987
515.0,13.3,22.0,726.2,0.0,0.0,0.0,20.0,66.2,66.2,66.2,66.2,66.2,21.7218588066941,68.0,64.4,1011.01805555556,3639665.0,0.0,0.0,5.04305555555556,4.03444444444444,3.78229166666667,1568.1,1533.0,1172.5,1109.5,0.0,959.0,0.0,0.0,724.0,2373.0,3.78,24.0,3.76,64.0,0.0,1011.01805555556,0.0,56.5,69.8,70.7,60.0,72.5,72.5,72.5,60.8,9.38,85.0,13.817,728.9,32.17,13.999,-5.4,3.0,0.0,0.0,0.0,14.0,63.0,0.0,71.6,1.0,0.0,825.6,0.0,0.0,0.6,9.0,0.0,29.0,0.0,71.6,71.6,350.0,825.6,-50.0,0.0,0.0,0.0,0.0,400.0,0.0,0.0,0.0,0.0,0.0,0.0,56.5,726.7,4.444,62.792165,13.7705483,13.1180570544729,,0.0,1.86321525649581,0.813700207806515,0.505609711824942,0.0,-0.0969430115012299,16.0,20.0,19.0,20.0,21.0,22.5,24.0,16.0,20.0,21.999999999999996,16.309013175554743,12.997221228028314,2.997913347701758,-6.40567322955185,22.79
516.0,13.3,26.9,725.3,0.0,0.0,0.0,20.0,66.2,66.2,66.2,66.2,66.2,26.526992737921,68.0,64.4,1011.01861111111,3639667.0,0.0,0.0,5.03680555555556,4.02944444444444,3.77760416666667,1568.1,1533.0,1172.5,1109.5,0.0,1716.0,0.0,0.0,723.0,2373.0,3.78,24.0,3.76,64.0,0.0,1011.01861111111,0.0,56.5,69.8,70.7,60.0,72.5,72.5,72.5,60.8,9.38,85.0,13.817,728.9,32.17,13.999,-5.4,3.0,0.0,0.0,0.0,14.0,63.0,0.0,71.6,1.0,0.0,825.6,0.0,0.0,0.6,9.0,0.0,29.0,0.0,71.6,71.6,350.0,825.6,-50.0,0.0,0.0,0.0,0.0,400.0,0.0,0.0,0.0,0.0,0.0,0.0,56.5,725.4,4.444,62.792165,13.7705483,13.1180570544729,,0.0,1.86321525649581,0.813700207806515,0.505609711824942,0.0,-0.0969430115012299,16.0,20.0,19.0,20.0,21.0,22.5,24.0,16.0,20.0,21.999999999999996,16.309013175554743,12.997221228028314,2.997913347701758,16.178179193640194,22.79
517.0,13.3,26.9,725.3,0.0,0.0,0.0,20.0,66.2,66.2,66.2,66.2,66.2,26.526992737921,68.0,64.4,1011.01861111111,3639667.0,0.0,0.0,5.03680555555556,4.02944444444444,3.77760416666667,1568.1,1533.0,1172.5,1109.5,0.0,1716.0,0.0,0.0,723.0,2373.0,3.78,24.0,3.76,64.0,0.0,1011.01861111111,0.0,56.5,69.8,70.7,60.0,72.5,72.5,72.5,60.8,9.13999999999999,85.0,13.8,728.0,31.18,13.985,-2.3,3.0,0.0,0.0,0.0,14.0,63.0,0.0,71.6,1.0,0.0,825.6,0.0,0.0,0.6,9.0,0.0,29.0,0.0,71.6,71.6,350.0,825.6,-50.0,0.0,0.0,0.0,0.0,400.0,0.0,0.0,0.0,0.0,0.0,0.0,56.5,725.4,4.444,52.7825275,13.760294,13.1202201394791,,0.0,1.87085238421162,1.12759391447815,0.700654158233204,0.0,,16.0,20.0,19.0,20.0,21.0,22.5,24.0,16.0,20.0,21.999999999999996,24.635358024760468,21.99529746281707,3.0102014861964967,16.178179193640194,22.04000000000001
518.0,13.3,23.6,725.4,0.0,0.0,0.0,20.0,66.2,66.2,66.2,66.2,66.2,23.2759607001372,68.0,64.4,1011.01916666667,3639669.0,0.0,0.0,5.0375,4.03,3.778125,1568.1,1533.0,1172.5,1109.5,0.0,2234.0,0.0,0.0,723.0,2373.0,3.78,24.0,3.76,64.0,0.0,1011.01916666667,0.0,56.5,69.8,70.7,60.0,72.5,72.5,72.5,60.8,9.13999999999999,85.0,13.8,728.0,31.18,13.985,-2.3,3.0,0.0,0.0,0.0,14.0,63.0,0.0,71.6,1.0,0.0,825.6,0.0,0.0,0.6,9.0,0.0,29.0,0.0,71.6,71.6,350.0,825.6,-50.0,0.0,0.0,0.0,0.0,400.0,0.0,0.0,0.0,0.0,0.0,0.0,56.5,725.3,4.442,52.7825275,13.760294,13.1202201394791,,0.0,1.87085238421162,1.12759391447815,0.700654158233204,0.0,,16.0,20.0,19.0,20.0,21.0,22.5,24.0,16.0,20.0,21.999999999999996,24.635358024760468,21.99529746281707,3.0102014861964967,19.784228277458315,22.04000000000001
519.0,13.3,23.6,725.4,0.0,0.0,0.0,20.0,66.2,66.2,66.2,66.2,66.2,23.2759607001372,68.0,64.4,1011.01916666667,3639669.0,0.0,0.0,5.0375,4.03,3.778125,1568.1,1533.0,1172.5,1109.5,0.0,2234.0,0.0,0.0,723.0,2373.0,3.78,24.0,3.76,64.0,0.0,1011.01916666667,0.0,56.5,69.8,70.7,60.0,72.5,72.5,72.5,60.8,9.10000000000002,85.0,13.798,728.8,32.26,13.977,-9.9,3.0,0.0,0.0,0.0,14.0,63.0,0.0,71.6,1.0,0.0,825.6,0.0,0.0,0.6,9.0,0.0,29.0,0.0,71.6,71.6,350.0,825.6,-50.0,0.0,0.0,0.0,0.0,400.0,0.0,0.0,0.0,0.0,0.0,0.0,56.5,725.3,4.442,42.8217175,13.760294,13.139330199053,,0.0,1.88091361014177,1.69398064422668,1.05259044688378,0.0,,16.0,20.0,19.0,20.0,21.0,22.5,24.0,16.0,20.0,21.999999999999996,29.806127527737978,28.993801200986265,3.026389998718108,19.784228277458315,23.15999999999998
520.0,13.3,17.7,725.8,0.0,0.0,0.0,20.0,66.2,66.2,66.2,66.2,66.2,17.4665966461534,68.0,64.4,1011.01972222222,3639671.0,0.0,0.0,5.04027777777778,4.03222222222222,3.78020833333333,1568.1,1533.0,1172.5,1109.6,0.0,2503.0,0.0,0.0,724.0,2373.0,3.78,24.0,3.76,149.0,0.0,1011.01972222222,0.0,56.5,69.8,70.7,60.0,72.5,72.5,72.5,60.8,9.10000000000002,85.0,13.798,728.8,32.26,13.977,-9.9,3.0,0.0,0.0,0.0,14.0,63.0,0.0,71.6,1.0,0.0,825.6,0.0,0.0,0.6,9.0,0.0,29.0,0.0,71.6,71.6,350.0,825.6,-50.0,0.0,0.0,0.0,0.0,400.0,0.0,0.0,0.0,0.0,0.0,0.0,56.5,725.6,4.444,42.8217175,13.760294,13.139330199053,,0.0,1.88091361014177,1.69398064422668,1.05259044688378,0.0,,16.0,20.0,19.0,20.0,21.0,22.5,24.0,16.0,20.0,21.999999999999996,29.806127527737978,28.993801200986265,3.026389998718108,17.366737903209916,23.15999999999998
521.0,13.3,17.7,725.8,0.0,0.0,0.0,20.0,66.2,66.2,66.2,66.2,66.2,17.4665966461534,68.0,64.4,1011.01972222222,3639671.0,0.0,0.0,5.04027777777778,4.03222222222222,3.78020833333333,1568.1,1533.0,1172.5,1109.6,0.0,2503.0,0.0,0.0,724.0,2373.0,3.78,24.0,3.76,149.0,0.0,1011.01972222222,0.0,56.5,69.8,70.7,60.0,72.5,72.5,72.5,60.8,9.12,85.0,13.801,729.5,31.59,13.978,-4.5,3.0,0.0,0.0,0.0,14.0,63.0,0.0,71.6,1.0,0.0,825.6,0.0,0.0,0.6,9.0,0.0,29.0,0.0,71.6,71.6,350.0,825.6,-50.0,0.0,0.0,0.0,0.0,400.0,0.0,0.0,0.0,0.0,0.0,0.0,56.5,725.6,4.444,36.8647625,13.7695717,13.1655357656389,,0.0,1.89201629490719,2.49091981884786,1.54778533875731,0.0,0.088073887510623,16.0,20.0,19.0,20.0,21.0,22.5,24.0,16.0,20.0,21.999999999999996,32.274349828252944,31.993159945915874,3.0442542185056687,17.366737903209916,22.47
522.0,13.3,17.7,725.8,0.0,0.0,0.0,20.0,66.2,66.2,66.2,66.2,66.2,17.4665966461534,68.0,64.4,1011.01972222222,3639671.0,0.0,0.0,5.04027777777778,4.03222222222222,3.78020833333333,1568.1,1533.0,1172.5,1109.6,0.0,2503.0,0.0,0.0,724.0,2373.0,3.78,24.0,3.76,149.0,0.0,1011.01972222222,0.0,56.5,69.8,70.7,60.0,72.5,72.5,72.5,60.8,9.12,85.0,13.801,729.5,31.59,13.978,-4.5,3.0,0.0,0.0,0.0,14.0,63.0,0.0,71.6,1.0,0.0,825.6,0.0,0.0,0.6,9.0,0.0,29.0,0.0,71.6,71.6,350.0,825.6,-50.0,0.0,0.0,0.0,0.0,400.0,0.0,0.0,0.0,0.0,0.0,0.0,56.5,726.8,4.444,36.8647625,13.7695717,13.1655357656389,,0.0,1.89201629490719,2.49091981884786,1.54778533875731,0.0,0.088073887510623,16.0,20.0,19.0,20.0,21.0,22.5,24.0,16.0,20.0,21.999999999999996,32.274349828252944,31.993159945915874,3.0442542185056687,17.366737903209916,22.47
523.0,13.3,5.6,726.9,0.0,0.0,0.0,20.0,66.2,66.2,66.2,66.2,66.2,5.53453014026196,68.0,64.4,1011.02027777778,3639673.0,0.0,0.0,5.04791666666667,4.03833333333333,3.7859375,1568.1,1533.0,1172.5,1109.6,0.0,2568.0,0.0,0.0,725.0,2373.0,3.78,24.0,3.78,64.0,0.0,1011.02027777778,0.0,56.5,69.8,70.7,60.0,72.5,72.5,72.5,60.8,9.09000000000003,85.0,13.801,730.0,31.65,13.98,-5.8,3.0,0.0,0.0,0.0,14.0,63.0,0.0,71.6,1.0,0.0,825.6,0.0,0.0,0.6,9.0,0.0,29.0,0.0,71.6,71.6,350.0,825.6,-50.0,0.0,0.0,0.0,0.0,400.0,0.0,0.0,0.0,0.0,0.0,0.0,56.5,726.8,4.444,31.542565,13.7515046,13.1919258652204,,0.0,1.90328505479389,7.86117170764302,4.88470412514985,0.0,0.0666815253201418,16.0,20.0,19.0,20.0,21.0,22.5,24.0,16.0,20.0,21.999999999999996,32.50867473020069,31.993159945915874,3.062385653163369,13.044793794960702,22.559999999999967
524.0,13.3,5.6,726.9,0.0,0.0,0.0,20.0,66.2,66.2,66.2,66.2,66.2,5.53453014026196,68.0,64.4,1011.02027777778,3639673.0,0.0,0.0,5.04791666666667,4.03833333333333,3.7859375,1568.1,1533.0,1172.5,1109.6,0.0,2568.0,0.0,0.0,725.0,2373.0,3.78,24.0,3.78,64.0,0.0,1011.02027777778,0.0,56.5,69.8,70.7,60.0,72.5,72.5,72.5,60.8,9.09000000000003,85.0,13.801,730.0,31.65,13.98,-5.8,3.0,0.0,0.0,0.0,14.0,63.0,0.0,71.6,1.0,0.0,825.6,0.0,0.0,0.6,9.0,0.0,29.0,0.0,71.6,71.6,350.0,825.6,-50.0,0.0,0.0,0.0,0.0,400.0,0.0,0.0,0.0,0.0,0.0,0.0,56.5,727.3,4.444,31.542565,13.7515046,13.1919258652204,,0.0,1.90328505479389,7.86117170764302,4.88470412514985,0.0,0.0666815253201418,16.0,20.0,19.0,20.0,21.0,22.5,24.0,16.0,20.0,21.999999999999996,32.50867473020069,31.993159945915874,3.062385653163369,13.044793794960702,22.559999999999967
525.0,13.3,1.4,727.4,0.0,0.0,0.0,20.0,66.2,66.2,66.2,66.2,66.2,1.3845842701976,68.0,64.4,1011.02083333333,3639675.0,0.0,0.0,5.05138888888889,4.04111111111111,3.78854166666667,1568.1,1533.0,1172.5,1109.6,0.0,2552.0,0.0,0.0,725.0,2373.0,3.78,24.0,3.78,64.0,0.0,1011.02083333333,0.0,56.5,69.8,70.7,60.0,72.5,72.5,72.5,60.8,9.09000000000003,85.0,13.801,730.4,31.18,13.984,-6.2,3.0,0.0,0.0,0.0,14.0,63.0,0.0,71.6,1.0,0.0,825.6,0.0,0.0,0.6,9.0,0.0,29.0,0.0,71.6,71.6,350.0,825.6,-50.0,0.0,0.0,0.0,0.0,400.0,0.0,0.0,0.0,0.0,0.0,0.0,56.5,727.3,4.444,31.542565,13.7515046,13.218110269273,,0.0,1.91455415049721,31.423072390903,19.5253859146078,0.0,0.0349666825099509,16.0,20.0,19.0,20.0,21.0,22.5,24.0,16.0,20.0,21.999999999999996,32.50867473020069,31.993159945915874,3.0805176281500106,4.130005280231484,22.089999999999968
526.0,13.3,1.4,727.4,0.0,0.0,0.0,20.0,66.2,66.2,66.2,66.2,66.2,1.3845842701976,68.0,64.4,1011.02083333333,3639675.0,0.0,0.0,5.05138888888889,4.04111111111111,3.78854166666667,1568.1,1533.0,1172.5,1109.6,0.0,2552.0,0.0,0.0,725.0,2373.0,3.78,24.0,3.78,64.0,0.0,1011.02083333333,0.0,56.5,69.8,70.7,60.0,72.5,72.5,72.5,60.8,9.09000000000003,85.0,13.801,730.4,31.18,13.984,-6.2,3.0,0.0,0.0,0.0,14.0,63.0,0.0,71.6,1.0,0.0,825.6,0.0,0.0,0.6,9.0,0.0,29.0,0.0,71.6,71.6,350.0,825.6,-50.0,0.0,0.0,0.0,0.0,400.0,0.0,0.0,0.0,0.0,0.0,0.0,56.5,727.7,4.444,28.90588,13.760294,13.218110269273,,0.0,1.91455415049721,31.423072390903,19.5253859146078,0.0,0.0349666825099509,16.0,20.0,19.0,20.0,21.0,22.5,24.0,16.0,20.0,21.999999999999996,27.994014952676284,31.993159945915874,3.0805176281500106,4.130005280231484,22.089999999999968
527.0,13.4,-1.3,727.8,0.0,0.0,0.0,20.0,66.2,66.2,66.2,66.2,66.2,-1.28639239699592,68.0,64.4,1011.02138888889,3639677.0,0.0,0.0,5.05416666666667,4.04333333333333,3.790625,1568.1,1533.0,1172.5,1109.6,0.0,2476.0,0.0,0.0,726.0,2373.0,3.78,24.0,3.78,64.0,0.0,1011.02138888889,0.0,56.5,69.8,70.7,60.0,72.5,72.5,72.5,60.8,9.05000000000001,86.0,13.801,731.2,32.09,13.998,13.8,3.0,0.0,0.0,0.0,14.0,63.0,0.0,71.6,1.0,0.0,825.6,0.0,0.0,0.6,9.0,0.0,29.0,0.0,71.6,71.6,350.0,825.6,-50.0,0.0,0.0,0.0,0.0,400.0,0.0,0.0,0.0,0.0,0.0,0.0,56.5,727.7,4.444,28.90588,13.760294,13.2413124058309,,0.0,1.9253053491395,-32.7647071257953,-20.3590388314626,0.0,0.0069941904968668,16.0,20.0,19.0,20.0,21.0,22.5,24.0,16.0,20.0,21.999999999999996,27.994014952676284,30.993373697606053,3.0978163067654556,-0.9592784466785383,23.039999999999992
528.0,13.4,-1.3,727.8,0.0,0.0,0.0,20.0,66.2,66.2,66.2,66.2,66.2,-1.28639239699592,68.0,64.4,1011.02138888889,3639677.0,0.0,0.0,5.05416666666667,4.04333333333333,3.790625,1568.1,1533.0,1172.5,1109.6,0.0,2476.0,0.0,0.0,726.0,2373.0,3.78,24.0,3.78,64.0,0.0,1011.02138888889,0.0,56.5,69.8,70.7,60.0,72.5,72.5,72.5,60.8,9.05000000000001,86.0,13.801,731.2,32.09,13.998,13.8,3.0,0.0,0.0,0.0,14.0,63.0,0.0,71.6,1.0,0.0,825.6,0.0,0.0,0.6,9.0,0.0,29.0,0.0,71.6,71.6,350.0,825.6,-50.0,0.0,0.0,0.0,0.0,400.0,0.0,0.0,0.0,0.0,0.0,0.0,56.5,727.8,4.444,28.5640875,13.760294,13.2413124058309,,0.0,1.9253053491395,-32.7647071257953,-20.3590388314626,0.0,0.0069941904968668,16.0,20.0,19.0,20.0,21.0,22.5,24.0,16.0,20.0,21.999999999999996,27.994014952676284,30.993373697606053,3.0978163067654556,-0.9592784466785383,23.039999999999992
529.0,13.3,-1.2,727.8,0.0,0.0,0.0,20.0,66.2,66.2,66.2,66.2,66.2,-1.18743913568854,68.0,64.4,1011.02194444444,3639679.0,0.0,0.0,5.05416666666667,4.04333333333333,3.790625,1568.1,1533.0,1172.5,1109.6,0.0,2422.0,0.0,0.0,726.0,2373.0,3.78,12.0,3.78,64.0,0.0,1011.02194444444,0.0,56.5,69.8,70.7,60.0,72.5,72.5,72.5,59.9,9.05000000000001,86.0,13.802,731.1,32.03,13.984,-2.1,3.0,0.0,0.0,0.0,14.0,63.0,0.0,71.6,1.0,0.0,825.6,0.0,0.0,0.6,9.0,0.0,29.0,0.0,71.6,71.6,350.0,825.6,-50.0,0.0,0.0,0.0,0.0,400.0,0.0,0.0,0.0,0.0,0.0,0.0,56.5,727.8,4.444,27.8805025,13.760294,13.2616514378917,,0.0,1.93555311727774,-34.3500961802693,-21.3441536136301,0.0,-0.0070207746215358,16.0,20.0,19.0,20.0,21.0,22.5,24.0,15.5,20.0,21.999999999999996,27.994014952676284,29.993587449296083,3.114304965699884,-0.8854877969340343,22.97999999999999
530.0,13.3,-1.2,727.8,0.0,0.0,0.0,20.0,66.2,66.2,66.2,66.2,66.2,-1.18743913568854,68.0,64.4,1011.02194444444,3639679.0,0.0,0.0,5.05416666666667,4.04333333333333,3.790625,1568.1,1533.0,1172.5,1109.6,0.0,2422.0,0.0,0.0,726.0,2373.0,3.78,12.0,3.78,64.0,0.0,1011.02194444444,0.0,56.5,69.8,70.7,60.0,72.5,72.5,72.5,59.9,9.05000000000001,86.0,13.802,731.1,32.03,13.984,-2.1,3.0,0.0,0.0,0.0,14.0,63.0,0.0,71.6,1.0,0.0,825.6,0.0,0.0,0.6,9.0,0.0,29.0,0.0,71.6,71.6,350.0,825.6,-50.0,0.0,0.0,0.0,0.0,400.0,0.0,0.0,0.0,0.0,0.0,0.0,56.5,728.0,4.444,27.8805025,13.760294,13.2616514378917,,0.0,1.93555311727774,-34.3500961802693,-21.3441536136301,0.0,-0.0070207746215358,16.0,20.0,19.0,20.0,21.0,22.5,24.0,15.5,20.0,21.999999999999996,27.994014952676284,29.993587449296083,3.114304965699884,-0.8854877969340343,22.97999999999999
531.0,13.3,-2.5,728.0,0.0,0.0,0.0,20.0,66.2,66.2,66.2,66.2,66.2,-2.47451134349311,68.0,64.4,1011.0225,3639681.0,0.0,0.0,5.05555555555556,4.04444444444444,3.79166666666667,1568.1,1533.0,1172.5,1109.6,0.0,2374.0,0.0,0.0,726.0,2378.0,3.78,24.0,3.78,64.0,0.0,1011.0225,0.0,56.5,69.8,70.7,60.0,72.5,72.5,72.5,59.9,9.04000000000002,86.0,13.801,731.2,31.92,13.985,-3.1,3.0,0.0,0.0,0.0,14.0,63.0,0.0,71.6,1.0,0.0,825.6,0.0,0.0,0.6,9.0,0.0,29.0,0.0,71.6,71.6,350.0,825.6,-50.0,0.0,0.0,0.0,0.0,400.0,0.0,0.0,0.0,0.0,0.0,0.0,56.5,728.0,4.444,29.68712,13.7515046,13.2818537808413,,0.0,1.94580907146362,-16.4835164835165,-10.2423791208791,0.0,-0.0070726780487484,16.0,20.0,19.0,20.0,21.0,22.5,24.0,15.5,20.0,21.999999999999996,29.868614168257455,29.993587449296083,3.130806795984965,-1.845273186795757,22.87999999999998
532.0,13.3,-2.5,728.0,0.0,0.0,0.0,20.0,66.2,66.2,66.2,66.2,66.2,-2.47451134349311,68.0,64.4,1011.0225,3639681.0,0.0,0.0,5.05555555555556,4.04444444444444,3.79166666666667,1568.1,1533.0,1172.5,1109.6,0.0,2374.0,0.0,0.0,726.0,2378.0,3.78,24.0,3.78,64.0,0.0,1011.0225,0.0,56.5,69.8,70.7,60.0,72.5,72.5,72.5,59.9,9.04000000000002,86.0,13.801,731.2,31.92,13.985,-3.1,3.0,0.0,0.0,0.0,14.0,63.0,0.0,71.6,1.0,0.0,825.6,0.0,0.0,0.6,9.0,0.0,29.0,0.0,71.6,71.6,350.0,825.6,-50.0,0.0,0.0,0.0,0.0,400.0,0.0,0.0,0.0,0.0,0.0,0.0,56.5,727.5,4.444,29.68712,13.7515046,13.2818537808413,,0.0,1.94580907146362,-16.4835164835165,-10.2423791208791,0.0,-0.0070726780487484,16.0,20.0,19.0,20.0,21.0,22.5,24.0,15.5,20.0,21.999999999999996,29.868614168257455,29.993587449296083,3.130806795984965,-1.845273186795757,22.87999999999998
533.0,13.3,0.6,727.7,0.0,0.0,0.0,20.0,66.2,66.2,66.2,66.2,66.2,0.593637990547231,68.0,64.4,1011.02305555556,3639683.0,0.0,0.0,5.05347222222222,4.04277777777778,3.79010416666667,1568.1,1533.0,1172.5,1109.6,0.0,2376.0,0.0,0.0,725.0,2378.0,3.78,24.0,3.78,64.0,0.0,1011.02305555556,0.0,56.5,69.8,70.7,60.0,72.5,72.5,72.5,59.9,9.01999999999998,86.0,13.802,731.3,31.94,13.985,-4.9,3.0,0.0,0.0,0.0,14.0,63.0,0.0,71.6,1.0,0.0,825.6,0.0,0.0,0.6,9.0,0.0,29.0,0.0,71.6,71.6,350.0,825.6,-50.0,0.0,0.0,0.0,0.0,400.0,0.0,0.0,0.0,0.0,0.0,0.0,56.5,727.5,4.444,27.1969175,13.760294,13.302563055495,,0.0,1.95640292057233,68.7096330905593,42.6941734231139,0.0,-0.007068745409724,16.0,20.0,19.0,20.0,21.0,22.5,24.0,15.5,20.0,21.999999999999996,29.868614168257455,29.993587449296083,3.1478522992008786,0.4426830652850343,22.920000000000023
534.0,13.3,0.6,727.7,0.0,0.0,0.0,20.0,66.2,66.2,66.2,66.2,66.2,0.593637990547231,68.0,64.4,1011.02305555556,3639683.0,0.0,0.0,5.05347222222222,4.04277777777778,3.79010416666667,1568.1,1533.0,1172.5,1109.6,0.0,2376.0,0.0,0.0,725.0,2378.0,3.78,24.0,3.78,64.0,0.0,1011.02305555556,0.0,56.5,69.8,70.7,60.0,72.5,72.5,72.5,59.9,9.01999999999998,86.0,13.802,731.3,31.94,13.985,-4.9,3.0,0.0,0.0,0.0,14.0,63.0,0.0,71.6,1.0,0.0,825.6,0.0,0.0,0.6,9.0,0.0,29.0,0.0,71.6,71.6,350.0,825.6,-50.0,0.0,0.0,0.0,0.0,400.0,0.0,0.0,0.0,0.0,0.0,0.0,56.5,728.1,4.444,27.1969175,13.760294,13.302563055495,,0.0,1.95640292057233,68.7096330905593,42.6941734231139,0.0,-0.007068745409724,16.0,20.0,19.0,20.0,21.0,22.5,24.0,15.5,20.0,21.999999999999996,29.868614168257455,29.993587449296083,3.1478522992008786,0.4426830652850343,22.920000000000023
535.0,13.3,-2.4,728.1,0.0,0.0,0.0,20.0,66.2,66.2,66.2,66.2,66.2,-2.37585719894153,68.0,64.4,1011.02361111111,3639685.0,0.0,0.0,5.05625,4.045,3.7921875,1568.1,1533.0,1172.5,1109.6,0.0,2320.0,0.0,0.0,726.0,2378.0,3.78,24.0,3.78,64.0,0.0,1011.02361111111,0.0,56.5,69.8,70.7,60.0,72.5,72.5,72.5,59.9,8.98000000000002,86.0,13.8,731.3,31.58,13.981,2.5,3.0,0.0,0.0,0.0,14.0,63.0,0.0,71.6,1.0,0.0,825.6,0.0,0.0,0.6,9.0,0.0,29.0,0.0,71.6,71.6,350.0,825.6,-50.0,0.0,0.0,0.0,0.0,400.0,0.0,0.0,0.0,0.0,0.0,0.0,56.5,728.1,4.444,27.1969175,13.760294,13.3201151153288,,0.0,1.9663006246472,-16.595705718079,-10.3120902577485,0.0,-0.0070962987022254,16.0,20.0,19.0,20.0,21.0,22.5,24.0,15.5,20.0,21.999999999999996,28.900071240207133,28.993801200986265,3.1637777050573446,-1.7717055920518492,22.59999999999998
536.0,13.3,-2.4,728.1,0.0,0.0,0.0,20.0,66.2,66.2,66.2,66.2,66.2,-2.37585719894153,68.0,64.4,1011.02361111111,3639685.0,0.0,0.0,5.05625,4.045,3.7921875,1568.1,1533.0,1172.5,1109.6,0.0,2320.0,0.0,0.0,726.0,2378.0,3.78,24.0,3.78,64.0,0.0,1011.02361111111,0.0,56.5,69.8,70.7,60.0,72.5,72.5,72.5,59.9,8.98000000000002,86.0,13.8,731.3,31.58,13.981,2.5,3.0,0.0,0.0,0.0,14.0,63.0,0.0,71.6,1.0,0.0,825.6,0.0,0.0,0.6,9.0,0.0,29.0,0.0,71.6,71.6,350.0,825.6,-50.0,0.0,0.0,0.0,0.0,400.0,0.0,0.0,0.0,0.0,0.0,0.0,56.5,728.1,4.444,27.1969175,13.760294,13.3201151153288,,0.0,1.9663006246472,-16.595705718079,-10.3120902577485,0.0,-0.0070962987022254,16.0,20.0,19.0,20.0,21.0,22.5,24.0,15.5,20.0,21.999999999999996,28.900071240207133,28.993801200986265,3.1637777050573446,-1.7717055920518492,22.59999999999998
537.0,13.3,-2.4,728.2,0.0,0.0,0.0,20.0,66.2,66.2,66.2,66.2,66.2,-2.37618350812969,68.0,64.4,1011.02416666667,3639687.0,0.0,0.0,5.05694444444444,4.04555555555556,3.79270833333333,1568.1,1533.0,1172.5,1109.6,0.0,2224.0,0.0,0.0,726.0,2378.0,3.78,24.0,3.78,149.0,0.0,1011.02416666667,0.0,56.5,69.8,70.7,60.0,72.5,72.5,72.5,59.9,8.99000000000001,86.0,13.802,731.3,31.27,13.979,3.2,3.0,0.0,0.0,0.0,14.0,63.0,0.0,71.6,1.0,0.0,825.6,0.0,0.0,0.6,9.0,0.0,29.0,0.0,71.6,71.6,350.0,825.6,-50.0,0.0,0.0,0.0,0.0,400.0,0.0,0.0,0.0,0.0,0.0,0.0,56.5,728.1,4.444,27.1969175,13.760294,13.3352273492129,,0.0,1.97585309316163,-16.0212395861943,-9.95513366291312,0.0,-0.0070988080884721,16.0,20.0,19.0,20.0,21.0,22.5,24.0,15.5,20.0,21.999999999999996,23.994869959436866,27.994014952676284,3.1791476268970627,-1.7719489247797837,22.279999999999987
538.0,13.3,-2.4,728.2,0.0,0.0,0.0,20.0,66.2,66.2,66.2,66.2,66.2,-2.37618350812969,68.0,64.4,1011.02416666667,3639687.0,0.0,0.0,5.05694444444444,4.04555555555556,3.79270833333333,1568.1,1533.0,1172.5,1109.6,0.0,2224.0,0.0,0.0,726.0,2378.0,3.78,24.0,3.78,149.0,0.0,1011.02416666667,0.0,56.5,69.8,70.7,60.0,72.5,72.5,72.5,59.9,8.99000000000001,86.0,13.802,731.3,31.27,13.979,3.2,3.0,0.0,0.0,0.0,14.0,63.0,0.0,71.6,1.0,0.0,825.6,0.0,0.0,0.6,9.0,0.0,29.0,0.0,71.6,71.6,350.0,825.6,-50.0,0.0,0.0,0.0,0.0,400.0,0.0,0.0,0.0,0.0,0.0,0.0,56.5,728.1,4.444,27.1969175,13.760294,13.3352273492129,,0.0,1.97585309316163,-16.0212395861943,-9.95513366291312,0.0,-0.0070988080884721,16.0,20.0,19.0,20.0,21.0,22.5,24.0,15.5,20.0,21.999999999999996,23.994869959436866,27.994014952676284,3.1791476268970627,-1.7719489247797837,22.279999999999987
539.0,13.3,-2.0,728.1,0.0,0.0,0.0,20.0,66.2,66.2,66.2,66.2,66.2,-1.97988099911795,68.0,64.4,1011.02472222222,3639689.0,0.0,0.0,5.05625,4.045,3.7921875,1568.1,1533.0,1172.5,1109.6,0.0,2147.0,0.0,0.0,726.0,2378.0,3.78,24.0,3.78,64.0,0.0,1011.02472222222,0.0,56.5,69.8,70.7,60.0,72.5,72.5,72.5,59.9,8.95999999999998,86.0,13.801,731.3,31.89,13.979,-3.9,3.0,0.0,0.0,0.0,14.0,63.0,0.0,71.6,1.0,0.0,825.6,0.0,0.0,0.6,9.0,0.0,29.0,0.0,71.6,71.6,350.0,825.6,-50.0,0.0,0.0,0.0,0.0,400.0,0.0,0.0,0.0,0.0,0.0,0.0,56.5,728.1,4.444,29.394155,13.7705483,13.3479705504895,,0.0,1.98509101184154,-18.5414091470952,-11.5210939431397,0.0,-0.0106459204224362,16.0,20.0,19.0,20.0,21.0,22.5,24.0,15.5,20.0,21.999999999999996,23.994869959436866,26.994228704366474,3.1940114380530376,-1.4764213267098807,22.93000000000002
540.0,13.3,-2.0,728.1,0.0,0.0,0.0,20.0,66.2,66.2,66.2,66.2,66.2,-1.97988099911795,68.0,64.4,1011.02472222222,3639689.0,0.0,0.0,5.05625,4.045,3.7921875,1568.1,1533.0,1172.5,1109.6,0.0,2147.0,0.0,0.0,726.0,2378.0,3.78,24.0,3.78,64.0,0.0,1011.02472222222,0.0,56.5,69.8,70.7,60.0,72.5,72.5,72.5,59.9,8.95999999999998,86.0,13.801,731.3,31.89,13.979,-3.9,3.0,0.0,0.0,0.0,14.0,63.0,0.0,71.6,1.0,0.0,825.6,0.0,0.0,0.6,9.0,0.0,29.0,0.0,71.6,71.6,350.0,825.6,-50.0,0.0,0.0,0.0,0.0,400.0,0.0,0.0,0.0,0.0,0.0,0.0,56.5,727.6,4.444,29.394155,13.7705483,13.3479705504895,,0.0,1.98509101184154,-18.5414091470952,-11.5210939431397,0.0,-0.0106459204224362,16.0,20.0,19.0,20.0,21.0,22.5,24.0,15.5,20.0,21.999999999999996,23.994869959436866,26.994228704366474,3.1940114380530376,-1.4764213267098807,22.93000000000002
541.0,13.3,3.8,727.6,0.0,0.0,0.0,20.0,66.2,66.2,66.2,66.2,66.2,3.75919061725122,68.0,64.4,1011.02527777778,3639691.0,0.0,0.0,5.05277777777778,4.04222222222222,3.78958333333333,1568.1,1533.0,1172.5,1109.6,0.0,2154.0,0.0,0.0,726.0,2380.0,3.78,24.0,3.78,78.0,0.0,1011.02527777778,0.0,56.5,69.8,70.7,60.0,72.5,72.5,72.5,59.9,8.93000000000001,86.0,13.801,730.6,31.56,13.991,11.8,3.0,0.0,0.0,0.0,14.0,63.0,0.0,71.6,1.0,0.0,825.6,0.0,0.0,0.6,9.0,0.0,29.0,0.0,71.6,71.6,350.0,825.6,-50.0,0.0,0.0,0.0,0.0,400.0,0.0,0.0,0.0,0.0,0.0,0.0,56.5,727.6,4.444,29.394155,13.7705483,13.3613828916153,,0.0,1.9948884162498,9.76534243800816,6.06790059604757,0.0,-0.0105701524961718,16.0,20.0,19.0,20.0,21.0,22.5,24.0,15.5,20.0,21.999999999999996,23.994869959436866,26.994228704366474,3.209775461745928,-1.475407440343505,22.62999999999999
542.0,13.3,3.8,727.6,0.0,0.0,0.0,20.0,66.2,66.2,66.2,66.2,66.2,3.75919061725122,68.0,64.4,1011.02527777778,3639691.0,0.0,0.0,5.05277777777778,4.04222222222222,3.78958333333333,1568.1,1533.0,1172.5,1109.6,0.0,2154.0,0.0,0.0,726.0,2380.0,3.78,24.0,3.78,78.0,0.0,1011.02527777778,0.0,56.5,69.8,70.7,60.0,72.5,72.5,72.5,59.9,8.93000000000001,86.0,13.801,730.6,31.56,13.991,11.8,3.0,0.0,0.0,0.0,14.0,63.0,0.0,71.6,1.0,0.0,825.6,0.0,0.0,0.6,9.0,0.0,29.0,0.0,71.6,71.6,350.0,825.6,-50.0,0.0,0.0,0.0,0.0,400.0,0.0,0.0,0.0,0.0,0.0,0.0,56.5,727.5,4.441,31.6890475,13.7695717,13.3613828916153,,0.0,1.9948884162498,9.76534243800816,6.06790059604757,0.0,-0.0105701524961718,16.0,20.0,19.0,20.0,21.0,22.5,24.0,15.5,20.0,21.999999999999996,23.994869959436866,26.994228704366474,3.209775461745928,-1.475407440343505,22.62999999999999
543.0,13.3,2.1,727.7,0.0,0.0,0.0,20.0,66.2,66.2,66.2,66.2,66.2,2.07773296691531,68.0,64.4,1011.02583333333,3639693.0,0.0,0.0,5.05347222222222,4.04277777777778,3.79010416666667,1568.1,1533.0,1172.5,1109.6,0.0,2231.0,0.0,0.0,726.0,2380.0,3.78,24.0,3.78,64.0,0.0,1011.02583333333,0.0,56.5,69.8,70.7,60.0,72.5,72.5,72.5,59.9,8.93000000000001,86.0,13.8,730.7,31.66,13.986,10.6,3.0,0.0,0.0,0.0,14.0,63.0,0.0,71.6,1.0,0.0,825.6,0.0,0.0,0.6,9.0,0.0,29.0,0.0,71.6,71.6,350.0,825.6,-50.0,0.0,0.0,0.0,0.0,400.0,0.0,0.0,0.0,0.0,0.0,0.0,56.5,727.5,4.441,31.6890475,13.7695717,13.3766312559307,,0.0,2.00473725431328,18.3225688241491,11.3851129128304,0.0,-0.0105701524961718,16.0,20.0,19.0,20.0,21.0,22.5,24.0,15.5,20.0,21.999999999999996,23.994869959436866,27.994014952676284,3.225622242190068,2.8036594134718795,22.72999999999999
544.0,13.3,2.1,727.7,0.0,0.0,0.0,20.0,66.2,66.2,66.2,66.2,66.2,2.07773296691531,68.0,64.4,1011.02583333333,3639693.0,0.0,0.0,5.05347222222222,4.04277777777778,3.79010416666667,1568.1,1533.0,1172.5,1109.6,0.0,2231.0,0.0,0.0,726.0,2380.0,3.78,24.0,3.78,64.0,0.0,1011.02583333333,0.0,56.5,69.8,70.7,60.0,72.5,72.5,72.5,59.9,8.93000000000001,86.0,13.8,730.7,31.66,13.986,10.6,3.0,0.0,0.0,0.0,14.0,63.0,0.0,71.6,1.0,0.0,825.6,0.0,0.0,0.6,9.0,0.0,29.0,0.0,71.6,71.6,350.0,825.6,-50.0,0.0,0.0,0.0,0.0,400.0,0.0,0.0,0.0,0.0,0.0,0.0,56.5,728.2,4.444,27.53871,13.7612706,13.3766312559307,,0.0,2.00473725431328,18.3225688241491,11.3851129128304,0.0,-0.0105701524961718,16.0,20.0,19.0,20.0,21.0,22.5,24.0,15.5,20.0,21.999999999999996,28.900071240207133,27.994014952676284,3.225622242190068,2.8036594134718795,22.72999999999999
545.0,13.3,-6.0,728.5,0.0,0.0,0.0,20.0,66.2,66.2,66.2,66.2,66.2,-5.94290608923537,68.0,64.4,1011.02638888889,3639695.0,0.0,0.0,5.05902777777778,4.04722222222222,3.79427083333333,1568.1,1533.0,1172.5,1109.6,0.0,2272.0,0.0,0.0,727.0,2380.0,3.78,24.0,3.78,149.0,0.0,1011.02638888889,0.0,56.5,69.8,70.7,60.0,72.5,72.5,72.5,59.9,8.90000000000003,86.0,13.801,732.3,32.2,13.984,-9.8,3.0,0.0,0.0,0.0,14.0,63.0,0.0,71.6,1.0,0.0,825.6,0.0,0.0,0.6,9.0,0.0,29.0,0.0,71.6,71.6,350.0,825.6,-50.0,0.0,0.0,0.0,0.0,400.0,0.0,0.0,0.0,0.0,0.0,0.0,56.5,728.2,4.444,27.53871,13.7612706,13.3936126599008,,0.0,2.01465043336153,-6.63463738274994,-4.12257126515672,0.0,,16.0,20.0,19.0,20.0,21.0,22.5,24.0,15.5,20.0,21.999999999999996,28.900071240207133,28.993801200986265,3.2415725472787016,-4.4316973074089265,23.299999999999972
546.0,13.3,-6.0,728.5,0.0,0.0,0.0,20.0,66.2,66.2,66.2,66.2,66.2,-5.94290608923537,68.0,64.4,1011.02638888889,3639695.0,0.0,0.0,5.05902777777778,4.04722222222222,3.79427083333333,1568.1,1533.0,1172.5,1109.6,0.0,2272.0,0.0,0.0,727.0,2380.0,3.78,24.0,3.78,149.0,0.0,1011.02638888889,0.0,56.5,69.8,70.7,60.0,72.5,72.5,72.5,59.9,8.90000000000003,86.0,13.801,732.3,32.2,13.984,-9.8,3.0,0.0,0.0,0.0,14.0,63.0,0.0,71.6,1.0,0.0,825.6,0.0,0.0,0.6,9.0,0.0,29.0,0.0,71.6,71.6,350.0,825.6,-50.0,0.0,0.0,0.0,0.0,400.0,0.0,0.0,0.0,0.0,0.0,0.0,56.5,729.1,4.444,22.9000975,13.760294,13.3936126599008,,0.0,2.01465043336153,-6.63463738274994,-4.12257126515672,0.0,,16.0,20.0,19.0,20.0,21.0,22.5,24.0,15.5,20.0,21.999999999999996,28.681367998389376,28.993801200986265,3.2415725472787016,-4.4316973074089265,23.299999999999972
547.0,13.3,-12.3,729.3,0.0,0.0,0.0,20.0,66.2,66.2,66.2,66.2,66.2,-12.1963361596468,68.0,64.4,1011.02694444444,3639697.0,0.0,0.0,5.06458333333333,4.05166666666667,3.7984375,1568.1,1533.0,1172.5,1109.6,0.0,2184.0,0.0,0.0,727.0,2380.0,3.8,24.0,3.78,64.0,0.0,1011.02694444444,0.0,56.5,69.8,70.7,60.0,72.5,72.5,72.5,59.9,8.88,86.0,13.801,733.5,31.78,13.977,24.0,3.0,0.0,0.0,0.0,14.0,63.0,0.0,71.6,1.0,0.0,825.6,0.0,0.0,0.6,9.0,0.0,29.0,0.0,71.6,71.6,350.0,825.6,-50.0,0.0,0.0,0.0,0.0,400.0,0.0,0.0,0.0,0.0,0.0,0.0,56.5,729.1,4.444,22.9000975,13.760294,13.4065084697219,,0.0,2.02430944644388,-3.00990257948651,-1.87026617571811,0.0,,16.0,20.0,19.0,20.0,21.0,22.5,24.0,15.5,20.0,21.999999999999996,28.681367998389376,26.994228704366474,3.2571138993282025,-9.094956122033407,22.9
548.0,13.3,-12.3,729.3,0.0,0.0,0.0,20.0,66.2,66.2,66.2,66.2,66.2,-12.1963361596468,68.0,64.4,1011.02694444444,3639697.0,0.0,0.0,5.06458333333333,4.05166666666667,3.7984375,1568.1,1533.0,1172.5,1109.6,0.0,2184.0,0.0,0.0,727.0,2380.0,3.8,24.0,3.78,64.0,0.0,1011.02694444444,0.0,56.5,69.8,70.7,60.0,72.5,72.5,72.5,59.9,8.88,86.0,13.801,733.5,31.78,13.977,24.0,3.0,0.0,0.0,0.0,14.0,63.0,0.0,71.6,1.0,0.0,825.6,0.0,0.0,0.6,9.0,0.0,29.0,0.0,71.6,71.6,350.0,825.6,-50.0,0.0,0.0,0.0,0.0,400.0,0.0,0.0,0.0,0.0,0.0,0.0,56.5,731.1,4.443,0.6347575,13.740762,13.4065084697219,,0.0,2.02430944644388,-3.00990257948651,-1.87026617571811,0.0,,16.0,20.0,19.0,20.0,21.0,22.5,24.0,15.5,20.0,21.999999999999996,23.994869959436866,26.994228704366474,3.2571138993282025,-9.094956122033407,22.9
549.0,13.3,-27.2,731.0,0.0,0.0,0.0,20.0,66.2,66.2,66.2,66.2,66.2,-27.033628541177,68.0,64.4,1011.0275,3639699.0,0.0,0.0,5.07638888888889,4.06111111111111,3.80729166666667,1568.1,1533.0,1172.5,1109.6,0.0,1699.0,0.0,0.0,729.0,2372.0,3.8,24.0,3.8,64.0,0.0,1011.0275,0.0,56.5,69.8,70.7,60.0,72.5,72.5,72.5,59.9,8.57999999999998,86.0,13.777,734.0,36.4,13.996,27.0,3.0,0.0,0.0,0.0,14.0,63.0,0.0,71.6,1.0,0.0,825.6,0.0,0.0,0.6,9.0,0.0,29.0,0.0,71.6,71.6,350.0,825.6,-50.0,0.0,0.0,0.0,0.0,400.0,0.0,0.0,0.0,0.0,0.0,0.0,56.5,731.1,4.443,0.6347575,13.740762,13.4029698769172,,0.0,2.03112524841039,-1.00587430594673,-0.625021123360425,0.0,,16.0,20.0,19.0,20.0,21.0,22.5,24.0,15.5,20.0,21.999999999999996,23.994869959436866,19.99572496619744,3.2680805246923175,-20.159305399833706,27.820000000000018
550.0,13.3,-27.2,731.0,0.0,0.0,0.0,20.0,66.2,66.2,66.2,66.2,66.2,-27.033628541177,68.0,64.4,1011.0275,3639699.0,0.0,0.0,5.07638888888889,4.06111111111111,3.80729166666667,1568.1,1533.0,1172.5,1109.6,0.0,1699.0,0.0,0.0,729.0,2372.0,3.8,24.0,3.8,64.0,0.0,1011.0275,0.0,56.5,69.8,70.7,60.0,72.5,72.5,72.5,59.9,8.57999999999998,86.0,13.777,734.0,36.4,13.996,27.0,3.0,0.0,0.0,0.0,14.0,63.0,0.0,71.6,1.0,0.0,825.6,0.0,0.0,0.6,9.0,0.0,29.0,0.0,71.6,71.6,350.0,825.6,-50.0,0.0,0.0,0.0,0.0,400.0,0.0,0.0,0.0,0.0,0.0,0.0,56.5,730.3,4.444,0.0,13.760294,13.4029698769172,,0.0,2.03112524841039,-1.00587430594673,-0.625021123360425,0.0,,16.0,20.0,19.0,20.0,21.0,22.5,24.0,15.5,20.0,21.999999999999996,15.99657997295792,19.99572496619744,3.2680805246923175,-20.159305399833706,27.820000000000018
551.0,13.3,-15.1,730.0,0.0,0.0,0.0,20.0,66.2,66.2,66.2,66.2,66.2,-14.9871090875409,68.0,64.4,1011.02805555556,3639701.0,0.0,0.0,5.06944444444444,4.05555555555556,3.80208333333333,1568.1,1533.0,1172.5,1109.6,0.0,1007.0,0.0,0.0,728.0,2372.0,3.8,24.0,3.78,64.0,0.0,1011.02805555556,0.0,56.5,69.8,70.7,60.0,72.5,72.5,72.5,59.9,8.79000000000002,86.0,13.794,733.5,36.43,13.996,15.4,3.0,0.0,0.0,0.0,14.0,63.0,0.0,71.6,1.0,0.0,825.6,0.0,0.0,0.6,9.0,0.0,29.0,0.0,71.6,71.6,350.0,825.6,-50.0,0.0,0.0,0.0,0.0,400.0,0.0,0.0,0.0,0.0,0.0,0.0,56.5,730.3,4.444,0.0,13.760294,13.379188118277,,0.0,2.03488945645969,-0.997913453687744,-0.620074480631407,0.0,-0.0601140589256677,15.0,20.0,19.0,20.0,21.0,22.5,24.0,15.5,20.0,21.999999999999996,15.99657997295792,10.99764873140857,3.2741371354436417,-11.176069416510737,27.63999999999998
552.0,13.3,-15.1,730.0,0.0,0.0,0.0,20.0,66.2,66.2,66.2,66.2,66.2,-14.9871090875409,68.0,64.4,1011.02805555556,3639701.0,0.0,0.0,5.06944444444444,4.05555555555556,3.80208333333333,1568.1,1533.0,1172.5,1109.6,0.0,1007.0,0.0,0.0,728.0,2372.0,3.8,24.0,3.78,64.0,0.0,1011.02805555556,0.0,56.5,69.8,70.7,60.0,72.5,72.5,72.5,59.9,8.79000000000002,86.0,13.794,733.5,36.43,13.996,15.4,3.0,0.0,0.0,0.0,14.0,63.0,0.0,71.6,1.0,0.0,825.6,0.0,0.0,0.6,9.0,0.0,29.0,0.0,71.6,71.6,350.0,825.6,-50.0,0.0,0.0,0.0,0.0,400.0,0.0,0.0,0.0,0.0,0.0,0.0,56.5,729.0,4.444,0.0,13.750528,13.379188118277,,0.0,2.03488945645969,-0.997913453687744,-0.620074480631407,0.0,-0.0601140589256677,15.0,20.0,19.0,20.0,21.0,22.5,24.0,15.5,20.0,21.999999999999996,9.107427855697718,10.99764873140857,3.2741371354436417,-11.176069416510737,27.63999999999998
553.0,13.4,4.5,728.3,0.0,0.0,0.0,20.0,66.2,66.2,66.2,66.2,66.2,4.45595590747095,68.0,64.4,1011.02861111111,3639703.0,0.0,0.0,5.05763888888889,4.04611111111111,3.79322916666667,1568.1,1533.0,1172.5,1109.6,0.0,536.0,0.0,0.0,726.0,2372.0,3.78,24.0,3.78,149.0,0.0,1011.02861111111,0.0,56.5,69.8,70.7,60.0,72.5,72.5,72.5,59.9,9.06999999999999,86.0,13.818,730.0,31.83,14.01,15.6,3.0,0.0,0.0,0.0,14.0,63.0,0.0,71.6,1.0,0.0,825.6,0.0,0.0,0.6,9.0,0.0,29.0,0.0,71.6,71.6,350.0,825.6,-50.0,0.0,0.0,0.0,0.0,400.0,0.0,0.0,0.0,0.0,0.0,0.0,56.5,729.0,4.444,0.0,13.750528,13.3461868907719,,0.0,2.03731613326092,2.13587196973164,1.32716890170412,0.0,-0.0775236916772199,15.0,20.0,19.0,20.0,21.0,22.5,24.0,15.5,20.0,21.999999999999996,9.107427855697718,6.998503738169096,3.2780416584168206,-11.15004295348598,22.76000000000001
554.0,13.4,4.5,728.3,0.0,0.0,0.0,20.0,66.2,66.2,66.2,66.2,66.2,4.45595590747095,68.0,64.4,1011.02861111111,3639703.0,0.0,0.0,5.05763888888889,4.04611111111111,3.79322916666667,1568.1,1533.0,1172.5,1109.6,0.0,536.0,0.0,0.0,726.0,2372.0,3.78,24.0,3.78,149.0,0.0,1011.02861111111,0.0,56.5,69.8,70.7,60.0,72.5,72.5,72.5,59.9,9.06999999999999,86.0,13.818,730.0,31.83,14.01,15.6,3.0,0.0,0.0,0.0,14.0,63.0,0.0,71.6,1.0,0.0,825.6,0.0,0.0,0.6,9.0,0.0,29.0,0.0,71.6,71.6,350.0,825.6,-50.0,0.0,0.0,0.0,0.0,400.0,0.0,0.0,0.0,0.0,0.0,0.0,56.5,726.2,4.444,61.7667875,13.7612706,13.3461868907719,,0.0,2.03731613326092,2.13587196973164,1.32716890170412,0.0,-0.0775236916772199,15.0,20.0,19.0,20.0,21.0,22.5,24.0,15.5,20.0,21.999999999999996,12.091164940497498,6.998503738169096,3.2780416584168206,-11.15004295348598,22.76000000000001
555.0,13.3,21.0,726.2,0.0,0.0,0.0,20.0,66.2,66.2,66.2,66.2,66.2,20.734501588208,68.0,64.4,1011.02916666667,3639705.0,0.0,0.0,5.04305555555556,4.03444444444444,3.78229166666667,1568.1,1533.0,1172.5,1109.6,0.0,1491.0,0.0,0.0,724.0,2372.0,3.78,24.0,3.76,64.0,0.0,1011.02916666667,0.0,56.5,69.8,70.7,60.0,72.5,72.5,72.5,59.9,8.81,86.0,13.802,730.0,31.5,13.98,-5.5,3.0,0.0,0.0,0.0,14.0,63.0,0.0,71.6,1.0,0.0,825.6,0.0,0.0,0.6,9.0,0.0,29.0,0.0,71.6,71.6,350.0,825.6,-50.0,0.0,0.0,0.0,0.0,400.0,0.0,0.0,0.0,0.0,0.0,0.0,56.5,726.2,4.444,61.7667875,13.7612706,13.3428394875247,,0.0,2.04425309846745,1.31145821038413,0.814902099644595,0.0,-0.0775236916772199,15.0,20.0,19.0,20.0,21.0,22.5,24.0,15.5,20.0,21.999999999999996,12.091164940497498,19.99572496619744,3.289203235434127,3.3132792566647504,22.689999999999998
556.0,13.3,21.0,726.2,0.0,0.0,0.0,20.0,66.2,66.2,66.2,66.2,66.2,20.734501588208,68.0,64.4,1011.02916666667,3639705.0,0.0,0.0,5.04305555555556,4.03444444444444,3.78229166666667,1568.1,1533.0,1172.5,1109.6,0.0,1491.0,0.0,0.0,724.0,2372.0,3.78,24.0,3.76,64.0,0.0,1011.02916666667,0.0,56.5,69.8,70.7,60.0,72.5,72.5,72.5,59.9,8.81,86.0,13.802,730.0,31.5,13.98,-5.5,3.0,0.0,0.0,0.0,14.0,63.0,0.0,71.6,1.0,0.0,825.6,0.0,0.0,0.6,9.0,0.0,29.0,0.0,71.6,71.6,350.0,825.6,-50.0,0.0,0.0,0.0,0.0,400.0,0.0,0.0,0.0,0.0,0.0,0.0,56.5,727.9,4.443,31.8843575,13.7695717,13.3428394875247,,0.0,2.04425309846745,1.31145821038413,0.814902099644595,0.0,-0.0775236916772199,15.0,20.0,19.0,20.0,21.0,22.5,24.0,15.5,20.0,21.999999999999996,19.99572496619744,19.99572496619744,3.289203235434127,3.3132792566647504,22.689999999999998
557.0,13.3,2.4,727.9,0.0,0.0,0.0,20.0,66.2,66.2,66.2,66.2,66.2,2.37520458056523,68.0,64.4,1011.02972222222,3639707.0,0.0,0.0,5.05486111111111,4.04388888888889,3.79114583333333,1568.1,1533.0,1172.5,1109.6,0.0,1899.0,0.0,0.0,726.0,2372.0,3.78,24.0,3.78,64.0,0.0,1011.02972222222,0.0,56.5,69.8,70.7,60.0,72.5,72.5,72.5,59.9,8.80000000000001,86.0,13.802,730.9,30.95,13.979,-0.9,3.0,0.0,0.0,0.0,14.0,63.0,0.0,71.6,1.0,0.0,825.6,0.0,0.0,0.6,9.0,0.0,29.0,0.0,71.6,71.6,350.0,825.6,-50.0,0.0,0.0,0.0,0.0,400.0,0.0,0.0,0.0,0.0,0.0,0.0,56.5,727.9,4.443,31.8843575,13.7695717,13.351159931683,,0.0,2.05332389800164,14.310573796767,8.89217555067088,0.0,,15.0,20.0,19.0,20.0,21.0,22.5,24.0,15.5,20.0,21.999999999999996,19.99572496619744,24.99465620774668,3.3037981518846387,15.498165607714988,22.14999999999999
558.0,13.3,2.4,727.9,0.0,0.0,0.0,20.0,66.2,66.2,66.2,66.2,66.2,2.37520458056523,68.0,64.4,1011.02972222222,3639707.0,0.0,0.0,5.05486111111111,4.04388888888889,3.79114583333333,1568.1,1533.0,1172.5,1109.6,0.0,1899.0,0.0,0.0,726.0,2372.0,3.78,24.0,3.78,64.0,0.0,1011.02972222222,0.0,56.5,69.8,70.7,60.0,72.5,72.5,72.5,59.9,8.80000000000001,86.0,13.802,730.9,30.95,13.979,-0.9,3.0,0.0,0.0,0.0,14.0,63.0,0.0,71.6,1.0,0.0,825.6,0.0,0.0,0.6,9.0,0.0,29.0,0.0,71.6,71.6,350.0,825.6,-50.0,0.0,0.0,0.0,0.0,400.0,0.0,0.0,0.0,0.0,0.0,0.0,56.5,727.3,4.444,31.0054625,13.7695717,13.351159931683,,0.0,2.05332389800164,14.310573796767,8.89217555067088,0.0,,15.0,20.0,19.0,20.0,21.0,22.5,24.0,15.5,20.0,21.999999999999996,24.572871384240994,24.99465620774668,3.3037981518846387,15.498165607714988,22.14999999999999
559.0,13.3,11.5,727.0,0.0,0.0,0.0,20.0,66.2,66.2,66.2,66.2,66.2,11.3671165314693,68.0,64.4,1011.03027777778,3639709.0,0.0,0.0,5.04861111111111,4.03888888888889,3.78645833333333,1568.1,1533.0,1172.5,1109.6,0.0,2204.0,0.0,0.0,725.0,2380.0,3.78,24.0,3.78,64.0,0.0,1011.03027777778,0.0,56.5,69.8,70.7,60.0,72.5,72.5,72.5,59.9,8.78000000000003,86.0,13.802,730.0,31.81,13.988,-6.0,3.0,0.0,0.0,0.0,14.0,63.0,0.0,71.6,1.0,0.0,825.6,0.0,0.0,0.6,9.0,0.0,29.0,0.0,71.6,71.6,350.0,825.6,-50.0,0.0,0.0,0.0,0.0,400.0,0.0,0.0,0.0,0.0,0.0,0.0,56.5,727.3,4.444,31.0054625,13.7695717,13.3655632912844,,0.0,2.06288044933905,3.34908199270379,2.08102242688834,0.0,,15.0,20.0,19.0,20.0,21.0,22.5,24.0,15.5,20.0,21.999999999999996,24.572871384240994,27.994014952676284,3.319174642986531,1.7690289320446309,23.02999999999997
560.0,13.3,11.5,727.0,0.0,0.0,0.0,20.0,66.2,66.2,66.2,66.2,66.2,11.3671165314693,68.0,64.4,1011.03027777778,3639709.0,0.0,0.0,5.04861111111111,4.03888888888889,3.78645833333333,1568.1,1533.0,1172.5,1109.6,0.0,2204.0,0.0,0.0,725.0,2380.0,3.78,24.0,3.78,64.0,0.0,1011.03027777778,0.0,56.5,69.8,70.7,60.0,72.5,72.5,72.5,59.9,8.78000000000003,86.0,13.802,730.0,31.81,13.988,-6.0,3.0,0.0,0.0,0.0,14.0,63.0,0.0,71.6,1.0,0.0,825.6,0.0,0.0,0.6,9.0,0.0,29.0,0.0,71.6,71.6,350.0,825.6,-50.0,0.0,0.0,0.0,0.0,400.0,0.0,0.0,0.0,0.0,0.0,0.0,56.5,727.4,4.444,34.17925,13.760294,13.3655632912844,,0.0,2.06288044933905,3.34908199270379,2.08102242688834,0.0,,15.0,20.0,19.0,20.0,21.0,22.5,24.0,15.5,20.0,21.999999999999996,29.58742428592022,27.994014952676284,3.319174642986531,1.7690289320446309,23.02999999999997
561.0,13.3,0.6,727.9,0.0,0.0,0.0,20.0,66.2,66.2,66.2,66.2,66.2,0.593801145141307,68.0,64.4,1011.03083333333,3639711.0,0.0,0.0,5.05486111111111,4.04388888888889,3.79114583333333,1568.1,1533.0,1172.5,1109.6,0.0,2360.0,0.0,0.0,726.0,2380.0,3.78,24.0,3.78,149.0,0.0,1011.03083333333,0.0,56.5,69.8,70.7,60.0,72.5,72.5,72.5,59.9,8.76999999999998,86.0,13.801,731.3,31.76,13.995,6.0,3.0,0.0,0.0,0.0,14.0,63.0,0.0,71.6,1.0,0.0,825.6,0.0,0.0,0.6,9.0,0.0,29.0,0.0,71.6,71.6,350.0,825.6,-50.0,0.0,0.0,0.0,0.0,400.0,0.0,0.0,0.0,0.0,0.0,0.0,56.5,727.4,4.444,34.17925,13.760294,13.3843184890703,,0.0,2.07314542117437,68.6907542244814,42.6824426432202,0.0,0.0807220515349651,15.0,20.0,19.0,20.0,21.0,22.5,24.0,15.5,20.0,21.999999999999996,29.58742428592022,29.993587449296083,3.335690982669561,8.48709068993915,22.990000000000023
562.0,13.3,0.6,727.9,0.0,0.0,0.0,20.0,66.2,66.2,66.2,66.2,66.2,0.593801145141307,68.0,64.4,1011.03083333333,3639711.0,0.0,0.0,5.05486111111111,4.04388888888889,3.79114583333333,1568.1,1533.0,1172.5,1109.6,0.0,2360.0,0.0,0.0,726.0,2380.0,3.78,24.0,3.78,149.0,0.0,1011.03083333333,0.0,56.5,69.8,70.7,60.0,72.5,72.5,72.5,59.9,8.76999999999998,86.0,13.801,731.3,31.76,13.995,6.0,3.0,0.0,0.0,0.0,14.0,63.0,0.0,71.6,1.0,0.0,825.6,0.0,0.0,0.6,9.0,0.0,29.0,0.0,71.6,71.6,350.0,825.6,-50.0,0.0,0.0,0.0,0.0,400.0,0.0,0.0,0.0,0.0,0.0,0.0,56.5,727.2,4.444,32.714425,13.760294,13.3843184890703,,0.0,2.07314542117437,68.6907542244814,42.6824426432202,0.0,0.0807220515349651,15.0,20.0,19.0,20.0,21.0,22.5,24.0,15.5,20.0,21.999999999999996,27.994014952676284,29.993587449296083,3.335690982669561,8.48709068993915,22.990000000000023
563.0,13.3,11.6,727.0,0.0,0.0,0.0,20.0,66.2,66.2,66.2,66.2,66.2,11.4659610230473,68.0,64.4,1011.03138888889,3639713.0,0.0,0.0,5.04861111111111,4.03888888888889,3.78645833333333,1568.1,1533.0,1172.5,1109.6,0.0,2467.0,0.0,0.0,725.0,2380.0,3.78,24.0,3.78,64.0,0.0,1011.03138888889,0.0,56.5,69.8,70.7,60.0,72.5,72.5,72.5,59.9,8.75999999999999,86.0,13.802,730.2,31.54,13.979,18.6,3.0,0.0,0.0,0.0,14.0,63.0,0.0,71.6,1.0,0.0,825.6,0.0,0.0,0.6,9.0,0.0,29.0,0.0,71.6,71.6,350.0,825.6,-50.0,0.0,0.0,0.0,0.0,400.0,0.0,0.0,0.0,0.0,0.0,0.0,56.5,727.2,4.444,32.714425,13.760294,13.4054186798669,,0.0,2.0838940215185,3.67594744580942,2.28412714035005,0.0,0.0386047726554812,15.0,20.0,19.0,20.0,21.0,22.5,24.0,15.5,20.0,21.999999999999996,27.994014952676284,30.993373697606053,3.352985480623266,0.4422572330111581,22.78000000000001
564.0,13.3,11.6,727.0,0.0,0.0,0.0,20.0,66.2,66.2,66.2,66.2,66.2,11.4659610230473,68.0,64.4,1011.03138888889,3639713.0,0.0,0.0,5.04861111111111,4.03888888888889,3.78645833333333,1568.1,1533.0,1172.5,1109.6,0.0,2467.0,0.0,0.0,725.0,2380.0,3.78,24.0,3.78,64.0,0.0,1011.03138888889,0.0,56.5,69.8,70.7,60.0,72.5,72.5,72.5,59.9,8.75999999999999,86.0,13.802,730.2,31.54,13.979,18.6,3.0,0.0,0.0,0.0,14.0,63.0,0.0,71.6,1.0,0.0,825.6,0.0,0.0,0.6,9.0,0.0,29.0,0.0,71.6,71.6,350.0,825.6,-50.0,0.0,0.0,0.0,0.0,400.0,0.0,0.0,0.0,0.0,0.0,0.0,56.5,726.1,4.444,39.9897225,13.760294,13.4054186798669,,0.0,2.0838940215185,3.67594744580942,2.28412714035005,0.0,0.0386047726554812,15.0,20.0,19.0,20.0,21.0,22.5,24.0,15.5,20.0,21.999999999999996,32.16499820734415,30.993373697606053,3.352985480623266,0.4422572330111581,22.78000000000001
565.0,13.3,5.9,727.3,0.0,0.0,0.0,20.0,66.2,66.2,66.2,66.2,66.2,5.83423153336427,68.0,64.4,1011.03194444444,3639715.0,0.0,0.0,5.05069444444444,4.04055555555556,3.78802083333333,1568.1,1533.0,1172.5,1109.6,0.0,2616.0,0.0,0.0,725.0,2380.0,3.78,24.0,3.78,64.0,0.0,1011.03194444444,0.0,56.5,69.8,70.7,60.0,72.5,72.5,72.5,59.9,8.75,86.0,13.803,730.3,31.42,13.989,0.0,3.0,0.0,0.0,0.0,14.0,63.0,0.0,71.6,1.0,0.0,825.6,0.0,0.0,0.6,9.0,0.0,29.0,0.0,71.6,71.6,350.0,825.6,-50.0,0.0,0.0,0.0,0.0,400.0,0.0,0.0,0.0,0.0,0.0,0.0,56.5,726.1,4.444,39.9897225,13.760294,13.4305125633852,,0.0,2.09520023836835,7.69038957649258,4.77858506153477,0.0,0.0284900362314306,15.0,20.0,19.0,20.0,21.0,22.5,24.0,15.5,20.0,21.999999999999996,32.16499820734415,32.99294619422569,3.3711771835346753,8.55383482943736,22.67
566.0,13.3,5.9,727.3,0.0,0.0,0.0,20.0,66.2,66.2,66.2,66.2,66.2,5.83423153336427,68.0,64.4,1011.03194444444,3639715.0,0.0,0.0,5.05069444444444,4.04055555555556,3.78802083333333,1568.1,1533.0,1172.5,1109.6,0.0,2616.0,0.0,0.0,725.0,2380.0,3.78,24.0,3.78,64.0,0.0,1011.03194444444,0.0,56.5,69.8,70.7,60.0,72.5,72.5,72.5,59.9,8.75,86.0,13.803,730.3,31.42,13.989,0.0,3.0,0.0,0.0,0.0,14.0,63.0,0.0,71.6,1.0,0.0,825.6,0.0,0.0,0.6,9.0,0.0,29.0,0.0,71.6,71.6,350.0,825.6,-50.0,0.0,0.0,0.0,0.0,400.0,0.0,0.0,0.0,0.0,0.0,0.0,56.5,727.6,4.444,32.1773225,13.7612706,13.4305125633852,,0.0,2.09520023836835,7.69038957649258,4.77858506153477,0.0,0.0284900362314306,15.0,20.0,19.0,20.0,21.0,22.5,24.0,15.5,20.0,21.999999999999996,33.00856785435552,32.99294619422569,3.3711771835346753,8.55383482943736,22.67
567.0,13.4,1.3,727.8,0.0,0.0,0.0,20.0,66.2,66.2,66.2,66.2,66.2,1.28639239699592,68.0,64.4,1011.0325,3639717.0,0.0,0.0,5.05416666666667,4.04333333333333,3.790625,1568.1,1533.0,1172.5,1109.6,0.0,2560.0,0.0,0.0,725.0,2376.0,3.78,24.0,3.78,64.0,0.0,1011.0325,0.0,56.5,69.8,70.7,60.0,72.5,72.5,72.5,59.9,8.70999999999998,86.0,13.802,730.5,31.59,13.984,-1.2,3.0,0.0,0.0,0.0,14.0,63.0,0.0,71.6,1.0,0.0,825.6,0.0,0.0,0.6,9.0,0.0,29.0,0.0,71.6,71.6,350.0,825.6,-50.0,0.0,0.0,0.0,0.0,400.0,0.0,0.0,0.0,0.0,0.0,0.0,56.5,727.6,4.444,32.1773225,13.7612706,13.4531177435635,,0.0,2.10610409760816,33.8216331621113,21.0157820195743,0.0,0.0284900362314306,15.0,20.0,19.0,20.0,21.0,22.5,24.0,15.5,20.0,21.999999999999996,33.00856785435552,31.993159945915874,3.3887214930515293,4.353648334925659,22.88000000000002
568.0,13.4,1.3,727.8,0.0,0.0,0.0,20.0,66.2,66.2,66.2,66.2,66.2,1.28639239699592,68.0,64.4,1011.0325,3639717.0,0.0,0.0,5.05416666666667,4.04333333333333,3.790625,1568.1,1533.0,1172.5,1109.6,0.0,2560.0,0.0,0.0,725.0,2376.0,3.78,24.0,3.78,64.0,0.0,1011.0325,0.0,56.5,69.8,70.7,60.0,72.5,72.5,72.5,59.9,8.70999999999998,86.0,13.802,730.5,31.59,13.984,-1.2,3.0,0.0,0.0,0.0,14.0,63.0,0.0,71.6,1.0,0.0,825.6,0.0,0.0,0.6,9.0,0.0,29.0,0.0,71.6,71.6,350.0,825.6,-50.0,0.0,0.0,0.0,0.0,400.0,0.0,0.0,0.0,0.0,0.0,0.0,56.5,728.6,4.444,28.5640875,13.760294,13.4531177435635,,0.0,2.10610409760816,33.8216331621113,21.0157820195743,0.0,0.0284900362314306,15.0,20.0,19.0,20.0,21.0,22.5,24.0,15.5,20.0,21.999999999999996,31.993159945915874,31.993159945915874,3.3887214930515293,4.353648334925659,22.88000000000002
569.0,13.3,-8.5,728.7,0.0,0.0,0.0,20.0,66.2,66.2,66.2,66.2,66.2,-8.42142831649952,68.0,64.4,1011.03305555556,3639719.0,0.0,0.0,5.06041666666667,4.04833333333333,3.7953125,1568.1,1533.0,1172.5,1109.6,0.0,2366.0,0.0,0.0,727.0,2376.0,3.8,24.0,3.78,64.0,0.0,1011.03305555556,0.0,56.5,69.8,70.7,60.0,72.5,72.5,72.5,59.9,8.69999999999999,86.0,13.802,731.3,31.78,13.99,36.0,3.0,0.0,0.0,0.0,14.0,63.0,0.0,71.6,1.0,0.0,825.6,0.0,0.0,0.6,9.0,0.0,29.0,0.0,71.6,71.6,350.0,825.6,-50.0,0.0,0.0,0.0,0.0,400.0,0.0,0.0,0.0,0.0,0.0,0.0,56.5,728.6,4.444,28.5640875,13.760294,13.4688588382506,,0.0,2.11586169651182,-4.68198806900282,-2.90925160842435,0.0,,15.0,20.0,19.0,20.0,21.0,22.5,24.0,15.5,20.0,21.999999999999996,31.993159945915874,28.993801200986265,3.4044214696875184,0.9604646937271886,23.080000000000013
570.0,13.3,-8.5,728.7,0.0,0.0,0.0,20.0,66.2,66.2,66.2,66.2,66.2,-8.42142831649952,68.0,64.4,1011.03305555556,3639719.0,0.0,0.0,5.06041666666667,4.04833333333333,3.7953125,1568.1,1533.0,1172.5,1109.6,0.0,2366.0,0.0,0.0,727.0,2376.0,3.8,24.0,3.78,64.0,0.0,1011.03305555556,0.0,56.5,69.8,70.7,60.0,72.5,72.5,72.5,59.9,8.69999999999999,86.0,13.802,731.3,31.78,13.99,36.0,3.0,0.0,0.0,0.0,14.0,63.0,0.0,71.6,1.0,0.0,825.6,0.0,0.0,0.6,9.0,0.0,29.0,0.0,71.6,71.6,350.0,825.6,-50.0,0.0,0.0,0.0,0.0,400.0,0.0,0.0,0.0,0.0,0.0,0.0,56.5,727.7,4.444,30.0289125,13.760294,13.4688588382506,,0.0,2.11586169651182,-4.68198806900282,-2.90925160842435,0.0,,15.0,20.0,19.0,20.0,21.0,22.5,24.0,15.5,20.0,21.999999999999996,28.85320625981765,28.993801200986265,3.4044214696875184,0.9604646937271886,23.080000000000013
571.0,13.3,8.2,727.3,0.0,0.0,0.0,20.0,66.2,66.2,66.2,66.2,66.2,8.10859297857406,68.0,64.4,1011.03361111111,3639721.0,0.0,0.0,5.05069444444444,4.04055555555556,3.78802083333333,1568.1,1533.0,1172.5,1109.6,0.0,2250.0,0.0,0.0,725.0,2376.0,3.78,24.0,3.78,64.0,0.0,1011.03361111111,0.0,56.5,68.9,70.7,60.0,72.5,72.5,72.5,59.9,8.69,86.0,13.803,730.0,31.19,13.978,15.7,3.0,0.0,0.0,0.0,14.0,63.0,0.0,71.6,1.0,0.0,825.6,0.0,0.0,0.6,9.0,0.0,29.0,0.0,71.6,71.6,350.0,825.6,-50.0,0.0,0.0,0.0,0.0,400.0,0.0,0.0,0.0,0.0,0.0,0.0,56.5,727.7,4.444,30.0289125,13.760294,13.4821554176364,,0.0,2.12514144086038,4.69494589074861,2.91730322308035,0.0,-0.0108544186721254,15.0,20.0,19.0,20.0,20.500000000000004,22.5,24.0,15.5,20.0,21.999999999999996,28.85320625981765,27.994014952676284,3.4193525783443515,6.0466763449471,22.5
572.0,13.3,8.2,727.3,0.0,0.0,0.0,20.0,66.2,66.2,66.2,66.2,66.2,8.10859297857406,68.0,64.4,1011.03361111111,3639721.0,0.0,0.0,5.05069444444444,4.04055555555556,3.78802083333333,1568.1,1533.0,1172.5,1109.6,0.0,2250.0,0.0,0.0,725.0,2376.0,3.78,24.0,3.78,64.0,0.0,1011.03361111111,0.0,56.5,68.9,70.7,60.0,72.5,72.5,72.5,59.9,8.69,86.0,13.803,730.0,31.19,13.978,15.7,3.0,0.0,0.0,0.0,14.0,63.0,0.0,71.6,1.0,0.0,825.6,0.0,0.0,0.6,9.0,0.0,29.0,0.0,71.6,71.6,350.0,825.6,-50.0,0.0,0.0,0.0,0.0,400.0,0.0,0.0,0.0,0.0,0.0,0.0,56.5,726.7,4.444,36.32766,13.760294,13.4821554176364,,0.0,2.12514144086038,4.69494589074861,2.91730322308035,0.0,-0.0108544186721254,15.0,20.0,19.0,20.0,20.500000000000004,22.5,24.0,15.5,20.0,21.999999999999996,29.071909501635407,27.994014952676284,3.4193525783443515,6.0466763449471,22.5
573.0,13.3,11.7,726.8,0.0,0.0,0.0,20.0,66.2,66.2,66.2,66.2,66.2,11.5616240000408,68.0,64.4,1011.03416666667,3639723.0,0.0,0.0,5.04722222222222,4.03777777777778,3.78541666666667,1568.1,1533.1,1172.5,1109.6,0.0,2359.0,0.0,0.0,725.0,2376.0,3.78,24.0,3.78,64.0,0.0,1011.03416666667,0.0,56.5,68.9,70.7,60.0,72.5,72.5,72.5,59.9,8.67000000000002,86.0,13.802,730.3,31.4,13.996,45.8,3.0,0.0,0.0,0.0,14.0,63.0,0.0,71.6,1.0,0.0,825.6,0.0,0.0,0.6,9.0,0.0,29.0,0.0,71.6,71.6,350.0,825.6,-50.0,0.0,0.0,0.0,0.0,400.0,0.0,0.0,0.0,0.0,0.0,0.0,56.5,726.7,4.444,36.32766,13.760294,13.500365818755,,0.0,2.13555005352077,3.52793418285988,2.19215599113783,0.0,-0.0108544186721254,15.0,20.0,19.0,20.0,20.500000000000004,22.5,24.0,15.5,20.0,21.999999999999996,29.071909501635407,29.993587449296083,3.4361000361149188,6.042519410844981,22.72999999999998
574.0,13.3,11.7,726.8,0.0,0.0,0.0,20.0,66.2,66.2,66.2,66.2,66.2,11.5616240000408,68.0,64.4,1011.03416666667,3639723.0,0.0,0.0,5.04722222222222,4.03777777777778,3.78541666666667,1568.1,1533.1,1172.5,1109.6,0.0,2359.0,0.0,0.0,725.0,2376.0,3.78,24.0,3.78,64.0,0.0,1011.03416666667,0.0,56.5,68.9,70.7,60.0,72.5,72.5,72.5,59.9,8.67000000000002,86.0,13.802,730.3,31.4,13.996,45.8,3.0,0.0,0.0,0.0,14.0,63.0,0.0,71.6,1.0,0.0,825.6,0.0,0.0,0.6,9.0,0.0,29.0,0.0,71.6,71.6,350.0,825.6,-50.0,0.0,0.0,0.0,0.0,400.0,0.0,0.0,0.0,0.0,0.0,0.0,56.5,727.0,4.444,34.17925,13.7695717,13.500365818755,,0.0,2.13555005352077,3.52793418285988,2.19215599113783,0.0,-0.0108544186721254,15.0,20.0,19.0,20.0,20.500000000000004,22.5,24.0,15.5,20.0,21.999999999999996,27.994014952676284,29.993587449296083,3.4361000361149188,6.042519410844981,22.72999999999998
575.0,13.3,6.6,727.2,0.0,0.0,0.0,20.0,66.2,66.2,66.2,66.2,66.2,6.52553114468244,68.0,64.4,1011.03472222222,3639725.0,0.0,0.0,5.05,4.04,3.7875,1568.1,1533.1,1172.5,1109.6,0.0,2393.0,0.0,0.0,725.0,2376.0,3.78,24.0,3.78,149.0,0.0,1011.03472222222,0.0,56.5,68.9,70.7,60.0,72.5,72.5,72.5,59.9,8.65000000000003,86.0,13.803,730.7,31.07,13.981,29.2,3.0,0.0,0.0,0.0,14.0,63.0,0.0,71.6,1.0,0.0,825.6,0.0,0.0,0.6,9.0,0.0,29.0,0.0,71.6,71.6,350.0,825.6,-50.0,0.0,0.0,0.0,0.0,400.0,0.0,0.0,0.0,0.0,0.0,0.0,56.5,727.0,4.444,30.85898,13.7695717,13.5179092990001,,0.0,2.14564745190173,6.25062506250625,3.88395714571457,0.0,,15.0,20.0,19.0,20.0,20.500000000000004,22.5,24.0,15.5,20.0,21.999999999999996,27.994014952676284,29.993587449296083,3.452346750109884,4.866167893126354,22.41999999999997
576.0,13.3,6.6,727.2,0.0,0.0,0.0,20.0,66.2,66.2,66.2,66.2,66.2,6.52553114468244,68.0,64.4,1011.03472222222,3639725.0,0.0,0.0,5.05,4.04,3.7875,1568.1,1533.1,1172.5,1109.6,0.0,2393.0,0.0,0.0,725.0,2376.0,3.78,24.0,3.78,149.0,0.0,1011.03472222222,0.0,56.5,68.9,70.7,60.0,72.5,72.5,72.5,59.9,8.65000000000003,86.0,13.803,730.7,31.07,13.981,29.2,3.0,0.0,0.0,0.0,14.0,63.0,0.0,71.6,1.0,0.0,825.6,0.0,0.0,0.6,9.0,0.0,29.0,0.0,71.6,71.6,350.0,825.6,-50.0,0.0,0.0,0.0,0.0,400.0,0.0,0.0,0.0,0.0,0.0,0.0,56.5,728.2,4.444,30.85898,13.7695717,13.5179092990001,,0.0,2.14564745190173,6.25062506250625,3.88395714571457,0.0,,15.0,20.0,19.0,20.0,20.500000000000004,22.5,24.0,15.5,20.0,21.999999999999996,27.994014952676284,29.993587449296083,3.452346750109884,4.866167893126354,22.41999999999997
577.0,13.3,-9.3,728.7,0.0,0.0,0.0,20.0,66.2,66.2,66.2,66.2,66.2,-9.214033334523,68.0,64.4,1011.03527777778,3639727.0,0.0,0.0,5.06041666666667,4.04833333333333,3.7953125,1568.1,1533.1,1172.5,1109.6,0.0,2262.0,0.0,0.0,727.0,2369.0,3.78,24.0,3.78,149.0,0.0,1011.03527777778,0.0,56.5,68.9,70.7,60.0,72.5,72.5,72.5,59.9,8.63,86.0,13.803,732.3,31.28,13.991,52.3,3.0,0.0,0.0,0.0,14.0,63.0,0.0,71.6,1.0,0.0,825.6,0.0,0.0,0.6,9.0,0.0,29.0,0.0,71.6,71.6,350.0,825.6,-50.0,0.0,0.0,0.0,0.0,400.0,0.0,0.0,0.0,0.0,0.0,0.0,56.5,728.2,4.444,7.2752975,13.760294,13.5311104627358,,0.0,2.15507424263827,-4.13167653104438,-2.56730397777158,0.0,,15.0,20.0,19.0,20.0,20.500000000000004,22.5,24.0,15.5,20.0,21.999999999999996,23.994869959436866,27.994014952676284,3.467514456404976,4.876205368153423,22.65
578.0,13.3,-25.4,730.6,0.0,0.0,0.0,20.0,66.2,66.2,66.2,66.2,66.2,-25.2308246614967,68.0,64.4,1011.03583333333,3639729.0,0.0,0.0,5.07361111111111,4.05888888888889,3.80520833333333,1568.1,1533.1,1172.5,1109.6,0.0,1621.0,0.0,0.0,729.0,2369.0,3.8,24.0,3.8,64.0,0.0,1011.03583333333,0.0,56.5,68.9,70.7,60.0,72.5,72.5,72.5,59.9,8.63,86.0,13.803,732.3,31.28,13.991,52.3,3.0,0.0,0.0,0.0,14.0,63.0,0.0,71.6,1.0,0.0,825.6,0.0,0.0,0.6,9.0,0.0,29.0,0.0,71.6,71.6,350.0,825.6,-50.0,0.0,0.0,0.0,0.0,400.0,0.0,0.0,0.0,0.0,0.0,0.0,56.5,730.7,4.442,7.2752975,13.760294,13.5311104627358,,0.0,2.15507424263827,-4.13167653104438,-2.56730397777158,0.0,,15.0,20.0,19.0,20.0,20.500000000000004,22.5,24.0,15.5,20.0,21.999999999999996,23.994869959436866,27.994014952676284,3.467514456404976,-18.814932633480016,22.65
579.0,13.3,-25.4,730.6,0.0,0.0,0.0,20.0,66.2,66.2,66.2,66.2,66.2,-25.2308246614967,68.0,64.4,1011.03583333333,3639729.0,0.0,0.0,5.07361111111111,4.05888888888889,3.80520833333333,1568.1,1533.1,1172.5,1109.6,0.0,1621.0,0.0,0.0,729.0,2369.0,3.8,24.0,3.8,64.0,0.0,1011.03583333333,0.0,56.5,68.9,70.7,60.0,72.5,72.5,72.5,59.9,8.35000000000002,86.0,13.78,733.5,35.88,13.978,32.7,3.0,0.0,0.0,0.0,14.0,63.0,0.0,71.6,1.0,0.0,825.6,0.0,0.0,0.6,9.0,0.0,29.0,0.0,71.6,71.6,350.0,825.6,-50.0,0.0,0.0,0.0,0.0,400.0,0.0,0.0,0.0,0.0,0.0,0.0,56.5,730.7,4.442,0.0,13.7397854,13.5231568024796,,0.0,2.16113303243088,-0.969971827707138,-0.602712364554212,0.0,-0.0360349475810821,15.0,20.0,19.0,20.0,20.500000000000004,22.5,24.0,15.5,20.0,21.999999999999996,16.24652653503543,17.99615246957765,3.4772630491812864,-18.814932633480016,27.529999999999983
580.0,13.3,-11.3,729.5,0.0,0.0,0.0,20.0,66.2,66.2,66.2,66.2,66.2,-11.2078368590021,68.0,64.4,1011.03638888889,3639731.0,0.0,0.0,5.06597222222222,4.05277777777778,3.79947916666667,1568.2,1533.1,1172.5,1109.6,0.0,790.0,0.0,0.0,728.0,2369.0,3.8,24.0,3.78,64.0,0.0,1011.03638888889,0.0,56.5,68.9,70.7,60.0,72.5,72.5,72.5,59.9,8.35000000000002,86.0,13.78,733.5,35.88,13.978,32.7,3.0,0.0,0.0,0.0,14.0,63.0,0.0,71.6,1.0,0.0,825.6,0.0,0.0,0.6,9.0,0.0,29.0,0.0,71.6,71.6,350.0,825.6,-50.0,0.0,0.0,0.0,0.0,400.0,0.0,0.0,0.0,0.0,0.0,0.0,56.5,729.8,4.444,0.0,13.7397854,13.5231568024796,,0.0,2.16113303243088,-0.969971827707138,-0.602712364554212,0.0,-0.0360349475810821,15.0,20.0,19.0,20.0,20.500000000000004,22.5,24.0,15.5,20.0,21.999999999999996,16.24652653503543,17.99615246957765,3.4772630491812864,-8.35782017822677,27.529999999999983
581.0,13.3,-11.3,729.5,0.0,0.0,0.0,20.0,66.2,66.2,66.2,66.2,66.2,-11.2078368590021,68.0,64.4,1011.03638888889,3639731.0,0.0,0.0,5.06597222222222,4.05277777777778,3.79947916666667,1568.2,1533.1,1172.5,1109.6,0.0,790.0,0.0,0.0,728.0,2369.0,3.8,24.0,3.78,64.0,0.0,1011.03638888889,0.0,56.5,68.9,70.7,60.0,72.5,72.5,72.5,59.9,8.63,86.0,13.795,732.2,36.02,13.993,28.6,3.0,0.0,0.0,0.0,14.0,63.0,0.0,71.6,1.0,0.0,825.6,0.0,0.0,0.6,9.0,0.0,29.0,0.0,71.6,71.6,350.0,825.6,-50.0,0.0,0.0,0.0,0.0,400.0,0.0,0.0,0.0,0.0,0.0,0.0,56.5,729.8,4.444,0.0,13.7515046,13.4942821355395,,0.0,2.16382427847067,-0.970479234777123,-0.603027652592696,0.0,-0.0798943270482064,15.0,20.0,19.0,20.0,20.500000000000004,22.5,24.0,15.5,20.0,21.999999999999996,3.999144993239488,7.99828998647896,3.481593264059308,-8.35782017822677,27.39
582.0,13.4,8.7,727.5,0.0,0.0,0.0,20.0,66.2,66.2,66.2,66.2,66.2,8.60538512132074,68.0,64.4,1011.03694444444,3639733.0,0.0,0.0,5.05208333333333,4.04166666666667,3.7890625,1568.2,1533.1,1172.5,1109.6,0.0,499.0,0.0,0.0,725.0,2369.0,3.78,24.0,3.78,64.0,0.0,1011.03694444444,0.0,56.5,68.9,70.7,60.0,72.5,72.5,72.5,59.9,8.63,86.0,13.795,732.2,36.02,13.993,28.6,3.0,0.0,0.0,0.0,14.0,63.0,0.0,71.6,1.0,0.0,825.6,0.0,0.0,0.6,9.0,0.0,29.0,0.0,71.6,71.6,350.0,825.6,-50.0,0.0,0.0,0.0,0.0,400.0,0.0,0.0,0.0,0.0,0.0,0.0,56.5,728.5,4.444,0.0,13.7515046,13.4942821355395,,0.0,2.16382427847067,-0.970479234777123,-0.603027652592696,0.0,-0.0798943270482064,15.0,20.0,19.0,20.0,20.500000000000004,22.5,24.0,15.5,20.0,21.999999999999996,3.999144993239488,7.99828998647896,3.481593264059308,6.417140284355503,27.39
583.0,13.4,8.7,727.5,0.0,0.0,0.0,20.0,66.2,66.2,66.2,66.2,66.2,8.60538512132074,68.0,64.4,1011.03694444444,3639733.0,0.0,0.0,5.05208333333333,4.04166666666667,3.7890625,1568.2,1533.1,1172.5,1109.6,0.0,499.0,0.0,0.0,725.0,2369.0,3.78,24.0,3.78,64.0,0.0,1011.03694444444,0.0,56.5,68.9,70.7,60.0,72.5,72.5,72.5,59.9,8.76999999999998,86.0,13.82,730.1,31.34,14.0,8.8,3.0,0.0,0.0,0.0,14.0,63.0,0.0,71.6,1.0,0.0,825.6,0.0,0.0,0.6,9.0,0.0,29.0,0.0,71.6,71.6,350.0,825.6,-50.0,0.0,0.0,0.0,0.0,400.0,0.0,0.0,0.0,0.0,0.0,0.0,56.5,728.5,4.444,57.7629325,13.7612706,13.4634924147096,,0.0,2.16618053769113,1.10597622151124,0.687221550736659,0.0,-0.0835245627210043,15.0,20.0,19.0,20.0,20.500000000000004,22.5,24.0,15.5,20.0,21.999999999999996,7.99828998647896,6.998503738169096,3.4853844851450284,6.417140284355503,22.57000000000002
584.0,13.3,17.2,726.5,0.0,0.0,0.0,20.0,66.2,66.2,66.2,66.2,66.2,16.9895598055061,68.0,64.4,1011.0375,3639735.0,0.0,0.0,5.04513888888889,4.03611111111111,3.78385416666667,1568.2,1533.1,1172.5,1109.6,0.0,1250.0,0.0,0.0,724.0,2377.0,3.78,24.0,3.78,64.0,0.0,1011.0375,0.0,56.5,68.9,70.7,60.0,72.5,72.5,72.5,59.9,8.76999999999998,86.0,13.82,730.1,31.34,14.0,8.8,3.0,0.0,0.0,0.0,14.0,63.0,0.0,71.6,1.0,0.0,825.6,0.0,0.0,0.6,9.0,0.0,29.0,0.0,71.6,71.6,350.0,825.6,-50.0,0.0,0.0,0.0,0.0,400.0,0.0,0.0,0.0,0.0,0.0,0.0,56.5,726.8,4.444,57.7629325,13.7612706,13.4634924147096,,0.0,2.16618053769113,1.10597622151124,0.687221550736659,0.0,-0.0835245627210043,15.0,20.0,19.0,20.0,20.500000000000004,22.5,24.0,15.5,20.0,21.999999999999996,7.99828998647896,6.998503738169096,3.4853844851450284,6.408319472968076,22.57000000000002
585.0,13.3,17.2,726.5,0.0,0.0,0.0,20.0,66.2,66.2,66.2,66.2,66.2,16.9895598055061,68.0,64.4,1011.0375,3639735.0,0.0,0.0,5.04513888888889,4.03611111111111,3.78385416666667,1568.2,1533.1,1172.5,1109.6,0.0,1250.0,0.0,0.0,724.0,2377.0,3.78,24.0,3.78,64.0,0.0,1011.0375,0.0,56.5,68.9,70.7,60.0,72.5,72.5,72.5,59.9,8.59000000000003,86.0,13.804,730.0,30.93,13.971,19.9,3.0,0.0,0.0,0.0,14.0,63.0,0.0,71.6,1.0,0.0,825.6,0.0,0.0,0.6,9.0,0.0,29.0,0.0,71.6,71.6,350.0,825.6,-50.0,0.0,0.0,0.0,0.0,400.0,0.0,0.0,0.0,0.0,0.0,0.0,56.5,726.8,4.444,48.8275,13.760294,13.4536077066033,,0.0,2.17199297070387,1.36045711359017,0.845348597128635,0.0,-0.0835245627210043,15.0,20.0,19.0,20.0,20.500000000000004,22.5,24.0,15.5,20.0,21.999999999999996,15.99657997295792,16.99636622126783,3.494736689862527,6.408319472968076,22.339999999999968
586.0,13.3,12.6,726.7,0.0,0.0,0.0,20.0,66.2,66.2,66.2,66.2,66.2,12.4492665691138,68.0,64.4,1011.03805555556,3639737.0,0.0,0.0,5.04652777777778,4.03722222222222,3.78489583333333,1568.2,1533.1,1172.5,1109.6,0.0,1769.0,0.0,0.0,725.0,2377.0,3.78,24.0,3.78,64.0,0.0,1011.03805555556,0.0,56.5,68.9,70.7,60.0,72.5,72.5,72.5,59.9,8.59000000000003,86.0,13.804,730.0,30.93,13.971,19.9,3.0,0.0,0.0,0.0,14.0,63.0,0.0,71.6,1.0,0.0,825.6,0.0,0.0,0.6,9.0,0.0,29.0,0.0,71.6,71.6,350.0,825.6,-50.0,0.0,0.0,0.0,0.0,400.0,0.0,0.0,0.0,0.0,0.0,0.0,56.5,726.3,4.442,48.8275,13.760294,13.4536077066033,,0.0,2.17199297070387,1.36045711359017,0.845348597128635,0.0,-0.0835245627210043,15.0,20.0,19.0,20.0,20.500000000000004,22.5,24.0,15.5,20.0,21.999999999999996,15.99657997295792,16.99636622126783,3.494736689862527,12.67280902600276,22.339999999999968
587.0,13.3,12.6,726.7,0.0,0.0,0.0,20.0,66.2,66.2,66.2,66.2,66.2,12.4492665691138,68.0,64.4,1011.03805555556,3639737.0,0.0,0.0,5.04652777777778,4.03722222222222,3.78489583333333,1568.2,1533.1,1172.5,1109.6,0.0,1769.0,0.0,0.0,725.0,2377.0,3.78,24.0,3.78,64.0,0.0,1011.03805555556,0.0,56.5,68.9,70.7,60.0,72.5,72.5,72.5,59.9,8.56999999999999,86.0,13.805,730.1,31.23,13.995,12.7,3.0,0.0,0.0,0.0,14.0,63.0,0.0,71.6,1.0,0.0,825.6,0.0,0.0,0.6,9.0,0.0,29.0,0.0,71.6,71.6,350.0,825.6,-50.0,0.0,0.0,0.0,0.0,400.0,0.0,0.0,0.0,0.0,0.0,0.0,56.5,726.3,4.442,33.5444925,13.760294,13.4563666271953,,0.0,2.17961489612469,2.51189875519035,1.56082104141138,0.0,,15.0,20.0,19.0,20.0,20.500000000000004,22.5,24.0,15.5,20.0,21.999999999999996,19.99572496619744,22.995083711127048,3.507000367864626,12.67280902600276,22.66000000000001
588.0,13.3,-1.5,728.0,0.0,0.0,0.0,20.0,66.2,66.2,66.2,66.2,66.2,-1.48470680609586,68.0,68.0,1011.03861111111,3639739.0,0.0,0.0,5.05555555555556,4.04444444444444,3.79166666666667,1568.2,1533.1,1172.5,1109.6,0.0,1950.0,0.0,0.0,726.0,2377.0,3.78,24.0,3.78,64.0,0.0,1011.03861111111,0.0,56.5,68.9,70.7,60.0,72.5,72.5,72.5,59.9,8.56999999999999,86.0,13.805,730.1,31.23,13.995,12.7,3.0,0.0,0.0,0.0,14.0,63.0,0.0,71.6,1.0,0.0,825.6,0.0,0.0,0.6,9.0,0.0,29.0,0.0,71.6,71.6,350.0,825.6,-50.0,0.0,0.0,0.0,0.0,400.0,0.0,0.0,0.0,0.0,0.0,0.0,56.5,727.3,4.444,33.5444925,13.760294,13.4563666271953,,0.0,2.17961489612469,2.51189875519035,1.56082104141138,0.0,,15.0,20.0,19.0,20.0,20.500000000000004,22.5,24.0,15.5,20.0,21.999999999999996,19.99572496619744,22.995083711127048,3.507000367864626,-1.1071639120774497,22.66000000000001
589.0,13.3,-1.5,728.0,0.0,0.0,0.0,20.0,66.2,66.2,66.2,66.2,66.2,-1.48470680609586,68.0,68.0,1011.03861111111,3639739.0,0.0,0.0,5.05555555555556,4.04444444444444,3.79166666666667,1568.2,1533.1,1172.5,1109.6,0.0,1950.0,0.0,0.0,726.0,2377.0,3.78,24.0,3.78,64.0,0.0,1011.03861111111,0.0,56.5,68.9,70.7,60.0,72.5,72.5,72.5,59.9,8.54000000000002,86.0,13.803,730.9,31.37,13.986,38.2,3.0,0.0,0.0,0.0,14.0,63.0,0.0,71.6,1.0,0.0,825.6,0.0,0.0,0.6,9.0,0.0,29.0,0.0,71.6,71.6,350.0,825.6,-50.0,0.0,0.0,0.0,0.0,400.0,0.0,0.0,0.0,0.0,0.0,0.0,56.5,727.3,4.444,33.00739,13.7695717,13.4612226329364,,0.0,2.18769504140956,-21.978021978022,-13.6565054945055,0.0,,15.0,20.0,19.0,20.0,20.500000000000004,22.5,24.0,15.5,20.0,21.999999999999996,24.807196286188578,23.994869959436866,3.5200013216279817,-1.1071639120774497,22.82999999999998
590.0,13.3,9.2,727.0,0.0,0.0,0.0,20.0,66.2,66.2,66.2,66.2,66.2,9.09369322517543,68.0,68.0,1011.03916666667,3639741.0,0.0,0.0,5.04861111111111,4.03888888888889,3.78645833333333,1568.2,1533.1,1172.5,1109.6,0.0,2075.0,0.0,0.0,725.0,2377.0,3.78,24.0,3.78,149.0,0.0,1011.03916666667,0.0,56.5,68.9,70.7,60.0,72.5,72.5,72.5,59.9,8.54000000000002,86.0,13.803,730.9,31.37,13.986,38.2,3.0,0.0,0.0,0.0,14.0,63.0,0.0,71.6,1.0,0.0,825.6,0.0,0.0,0.6,9.0,0.0,29.0,0.0,71.6,71.6,350.0,825.6,-50.0,0.0,0.0,0.0,0.0,400.0,0.0,0.0,0.0,0.0,0.0,0.0,56.5,727.2,4.443,33.00739,13.7695717,13.472235604619,,0.0,2.19678117790368,4.03683990191974,2.50837524669577,0.0,0.0726195599821953,15.0,20.0,19.0,20.0,20.500000000000004,22.5,24.0,15.5,20.0,21.999999999999996,24.807196286188578,26.994228704366474,3.5346209152470207,-1.1056430825278971,22.82999999999998
591.0,13.3,9.2,727.0,0.0,0.0,0.0,20.0,66.2,66.2,66.2,66.2,66.2,9.09369322517543,68.0,68.0,1011.03916666667,3639741.0,0.0,0.0,5.04861111111111,4.03888888888889,3.78645833333333,1568.2,1533.1,1172.5,1109.6,0.0,2075.0,0.0,0.0,725.0,2377.0,3.78,24.0,3.78,149.0,0.0,1011.03916666667,0.0,56.5,68.9,70.7,60.0,72.5,72.5,72.5,59.9,8.53000000000003,86.0,13.804,730.0,31.27,13.978,-0.3,3.0,0.0,0.0,0.0,14.0,63.0,0.0,71.6,1.0,0.0,825.6,0.0,0.0,0.6,9.0,0.0,29.0,0.0,71.6,71.6,350.0,825.6,-50.0,0.0,0.0,0.0,0.0,400.0,0.0,0.0,0.0,0.0,0.0,0.0,56.5,727.2,4.443,36.034695,13.760294,13.472235604619,,0.0,2.19678117790368,4.03683990191974,2.50837524669577,0.0,0.0726195599821953,15.0,20.0,19.0,20.0,20.500000000000004,22.5,24.0,15.5,20.0,21.999999999999996,23.994869959436866,26.994228704366474,3.5346209152470207,-1.1056430825278971,22.73999999999997
592.0,13.3,3.8,727.3,0.0,0.0,0.0,20.0,66.2,66.2,66.2,66.2,66.2,3.75764064860749,68.0,68.0,1011.03972222222,3639743.0,0.0,0.0,5.05069444444444,4.04055555555556,3.78802083333333,1568.2,1533.1,1172.5,1109.6,0.0,2295.0,0.0,0.0,725.0,2377.0,3.78,24.0,3.78,64.0,0.0,1011.03972222222,0.0,56.5,68.9,70.7,60.0,72.5,72.5,72.5,59.9,8.53000000000003,86.0,13.804,730.0,31.27,13.978,-0.3,3.0,0.0,0.0,0.0,14.0,63.0,0.0,71.6,1.0,0.0,825.6,0.0,0.0,0.6,9.0,0.0,29.0,0.0,71.6,71.6,350.0,825.6,-50.0,0.0,0.0,0.0,0.0,400.0,0.0,0.0,0.0,0.0,0.0,0.0,56.5,726.8,4.444,36.034695,13.760294,13.4870583927143,,0.0,2.20638996358489,10.4930275640979,6.52006303053109,0.0,0.0439152595382196,15.0,20.0,19.0,20.0,20.500000000000004,22.5,24.0,15.5,20.0,21.999999999999996,23.994869959436866,28.993801200986265,3.550081451408088,6.784075899208941,22.73999999999997
593.0,13.3,3.8,727.3,0.0,0.0,0.0,20.0,66.2,66.2,66.2,66.2,66.2,3.75764064860749,68.0,68.0,1011.03972222222,3639743.0,0.0,0.0,5.05069444444444,4.04055555555556,3.78802083333333,1568.2,1533.1,1172.5,1109.6,0.0,2295.0,0.0,0.0,725.0,2377.0,3.78,24.0,3.78,64.0,0.0,1011.03972222222,0.0,56.5,68.9,70.7,60.0,72.5,72.5,72.5,59.9,8.51999999999998,86.0,13.805,731.6,31.25,13.974,-9.2,3.0,0.0,0.0,0.0,14.0,63.0,0.0,71.6,1.0,0.0,825.6,0.0,0.0,0.6,9.0,0.0,29.0,0.0,71.6,71.6,350.0,825.6,-50.0,0.0,0.0,0.0,0.0,400.0,0.0,0.0,0.0,0.0,0.0,0.0,56.5,726.8,4.444,20.89817,13.760294,13.4870583927143,,0.0,2.20638996358489,10.4930275640979,6.52006303053109,0.0,0.0439152595382196,15.0,20.0,19.0,20.0,20.500000000000004,22.5,24.0,15.5,20.0,21.999999999999996,28.743854638908687,28.993801200986265,3.550081451408088,6.784075899208941,22.730000000000018
594.0,13.3,-13.1,729.2,0.0,0.0,0.0,20.0,66.2,66.2,66.2,66.2,66.2,-12.9878126917279,68.0,68.0,1011.04027777778,3639745.0,0.0,0.0,5.06388888888889,4.05111111111111,3.79791666666667,1568.2,1533.1,1172.5,1109.6,0.0,2096.0,0.0,0.0,727.0,2369.0,3.8,24.0,3.78,64.0,0.0,1011.04027777778,0.0,56.5,68.9,70.7,61.0,72.5,72.5,72.5,59.9,8.51999999999998,86.0,13.805,731.6,31.25,13.974,-9.2,3.0,0.0,0.0,0.0,14.0,63.0,0.0,71.6,1.0,0.0,825.6,0.0,0.0,0.6,9.0,0.0,29.0,0.0,71.6,71.6,350.0,825.6,-50.0,0.0,0.0,0.0,0.0,400.0,0.0,0.0,0.0,0.0,0.0,0.0,56.5,729.1,4.444,20.89817,13.760294,13.493709325972,,0.0,2.21467306509844,-2.61711045881087,-1.62619654290177,0.0,0.0439152595382196,15.0,20.0,19.0,20.0,20.500000000000004,22.5,24.0,15.5,20.0,21.999999999999996,28.743854638908687,24.99465620774668,3.5634089617433897,2.8094385657602015,22.730000000000018
595.0,13.3,-13.1,729.2,0.0,0.0,0.0,20.0,66.2,66.2,66.2,66.2,66.2,-12.9878126917279,68.0,68.0,1011.04027777778,3639745.0,0.0,0.0,5.06388888888889,4.05111111111111,3.79791666666667,1568.2,1533.1,1172.5,1109.6,0.0,2096.0,0.0,0.0,727.0,2369.0,3.8,24.0,3.78,64.0,0.0,1011.04027777778,0.0,56.5,68.9,70.7,61.0,72.5,72.5,72.5,59.9,8.48000000000002,86.0,13.805,733.5,31.0,13.986,-39.8,3.0,0.0,0.0,0.0,14.0,63.0,0.0,71.6,1.0,0.0,825.6,0.0,0.0,0.6,9.0,0.0,29.0,0.0,71.6,71.6,350.0,825.6,-50.0,0.0,0.0,0.0,0.0,400.0,0.0,0.0,0.0,0.0,0.0,0.0,56.5,729.1,4.444,13.9158375,13.7695717,13.493709325972,,0.0,2.21467306509844,-2.61711045881087,-1.62619654290177,0.0,0.0439152595382196,15.0,20.0,19.0,20.0,20.500000000000004,22.5,24.0,15.5,20.0,21.999999999999996,24.572871384240994,24.99465620774668,3.5634089617433897,2.8094385657602015,22.519999999999982
596.0,13.3,-18.4,730.0,0.0,0.0,0.0,20.0,66.2,66.2,66.2,66.2,66.2,-18.262437563626,68.0,68.0,1011.04083333333,3639747.0,0.0,0.0,5.06944444444444,4.05555555555556,3.80208333333333,1568.2,1533.1,1172.5,1109.6,0.0,1604.0,0.0,0.0,728.0,2369.0,3.8,24.0,3.78,64.0,0.0,1011.04083333333,0.0,56.5,68.9,70.7,61.0,72.5,72.5,72.5,59.9,8.22000000000003,86.0,13.78,733.5,35.33,13.974,-39.8,3.0,0.0,0.0,0.0,14.0,63.0,0.0,71.6,1.0,0.0,825.6,0.0,0.0,0.6,9.0,0.0,29.0,0.0,71.6,71.6,350.0,825.6,-50.0,0.0,0.0,0.0,0.0,400.0,0.0,0.0,0.0,0.0,0.0,0.0,56.5,730.0,4.444,13.9158375,13.7695717,13.4881441340075,,0.0,2.22108398682596,-1.4145324597975,-0.878949449076831,0.0,,15.0,20.0,19.0,20.0,20.500000000000004,22.5,24.0,15.5,20.0,21.999999999999996,24.572871384240994,18.995938717887462,3.57372413480297,-9.695795321608651,27.109999999999967
597.0,13.3,-18.4,730.0,0.0,0.0,0.0,20.0,66.2,66.2,66.2,66.2,66.2,-18.262437563626,68.0,68.0,1011.04083333333,3639747.0,0.0,0.0,5.06944444444444,4.05555555555556,3.80208333333333,1568.2,1533.1,1172.5,1109.6,0.0,1604.0,0.0,0.0,728.0,2369.0,3.8,24.0,3.78,64.0,0.0,1011.04083333333,0.0,56.5,68.9,70.7,61.0,72.5,72.5,72.5,59.9,8.22000000000003,86.0,13.78,733.5,35.33,13.974,-24.3,3.0,0.0,0.0,0.0,14.0,63.0,0.0,71.6,1.0,0.0,825.6,0.0,0.0,0.6,9.0,0.0,29.0,0.0,71.6,71.6,350.0,825.6,-50.0,0.0,0.0,0.0,0.0,400.0,0.0,0.0,0.0,0.0,0.0,0.0,56.5,730.0,4.444,10.253775,13.740762,13.4881441340075,,0.0,2.22108398682596,-1.4145324597975,-0.878949449076831,0.0,,15.0,20.0,19.0,20.0,20.500000000000004,22.5,24.0,15.5,20.0,21.999999999999996,17.49625934542266,18.995938717887462,3.57372413480297,-9.695795321608651,27.109999999999967
598.0,13.3,-9.8,729.3,0.0,0.0,0.0,20.0,66.2,66.2,66.2,66.2,66.2,-9.71740604589743,68.0,68.0,1011.04138888889,3639749.0,0.0,0.0,5.06458333333333,4.05166666666667,3.7984375,1568.2,1533.1,1172.5,1109.6,0.0,1079.0,0.0,0.0,727.0,2369.0,3.8,24.0,3.78,149.0,0.0,1011.04138888889,0.0,56.5,68.9,70.7,61.0,72.5,72.5,72.5,59.9,8.67000000000002,86.0,13.804,733.0,37.75,14.002,-24.3,3.0,0.0,0.0,0.0,14.0,63.0,0.0,71.6,1.0,0.0,825.6,0.0,0.0,0.6,9.0,0.0,29.0,0.0,71.6,71.6,350.0,825.6,-50.0,0.0,0.0,0.0,0.0,400.0,0.0,0.0,0.0,0.0,0.0,0.0,56.5,729.5,4.444,10.253775,13.740762,13.468403268255,,0.0,2.22511575919201,-1.67899327563193,-1.04327773067269,0.0,-0.0548891911471973,15.0,20.0,19.0,20.0,20.500000000000004,22.5,24.0,15.5,20.0,21.999999999999996,17.49625934542266,11.997434979718449,3.5802112565399438,-7.246387804546928,29.07999999999998
599.0,13.3,-9.8,729.3,0.0,0.0,0.0,20.0,66.2,66.2,66.2,66.2,66.2,-9.71740604589743,68.0,68.0,1011.04138888889,3639749.0,0.0,0.0,5.06458333333333,4.05166666666667,3.7984375,1568.2,1533.1,1172.5,1109.6,0.0,1079.0,0.0,0.0,727.0,2369.0,3.8,24.0,3.78,149.0,0.0,1011.04138888889,0.0,56.5,68.9,70.7,61.0,72.5,72.5,72.5,59.9,8.67000000000002,86.0,13.804,733.0,37.75,14.002,-61.6,3.0,0.0,0.0,0.0,14.0,63.0,0.0,71.6,1.0,0.0,825.6,0.0,0.0,0.6,9.0,0.0,29.0,0.0,71.6,71.6,350.0,825.6,-50.0,0.0,0.0,0.0,0.0,400.0,0.0,0.0,0.0,0.0,0.0,0.0,56.5,728.6,4.444,14.1111475,13.740762,13.468403268255,,0.0,2.22511575919201,-1.67899327563193,-1.04327773067269,0.0,-0.0548891911471973,15.0,20.0,19.0,20.0,20.500000000000004,22.5,24.0,15.5,20.0,21.999999999999996,7.99828998647896,11.997434979718449,3.5802112565399438,-7.246387804546928,29.07999999999998
600.0,13.3,0.0,728.3,0.0,0.0,0.0,20.0,66.2,66.2,66.2,66.2,66.2,0.0,68.0,68.0,1011.04166666667,3639750.0,0.0,0.0,5.05763888888889,4.04611111111111,3.79322916666667,1568.2,1533.1,1172.5,1109.6,0.0,777.0,0.0,0.0,726.0,2369.0,3.78,24.0,3.78,64.0,0.0,1011.04166666667,0.0,56.5,68.9,70.7,61.0,72.5,72.5,72.5,59.9,8.40000000000003,86.0,13.8,731.6,34.96,13.996,-68.3,3.0,0.0,0.0,0.0,14.0,63.0,0.0,71.6,1.0,0.0,825.6,0.0,0.0,0.6,9.0,0.0,29.0,0.0,71.6,71.6,350.0,825.6,-50.0,0.0,0.0,0.0,0.0,400.0,0.0,0.0,0.0,0.0,0.0,0.0,56.5,728.6,4.444,14.1111475,13.740762,13.4430573413025,,0.0,2.22809859101666,-1.67899327563193,-1.04327773067269,0.0,-0.0731804329523215,15.0,20.0,19.0,20.0,20.500000000000004,22.5,24.0,15.5,20.0,21.999999999999996,7.99828998647896,8.99807623478884,3.585010632945806,-7.236451718156488,26.55999999999997
601.0,13.3,0.0,728.3,0.0,0.0,0.0,20.0,66.2,66.2,66.2,66.2,66.2,0.0,68.0,68.0,1011.04166666667,3639750.0,0.0,0.0,5.05763888888889,4.04611111111111,3.79322916666667,1568.2,1533.1,1172.5,1109.6,0.0,777.0,0.0,0.0,726.0,2369.0,3.78,24.0,3.78,64.0,0.0,1011.04166666667,0.0,56.5,68.9,70.7,61.0,72.5,72.5,72.5,59.9,8.40000000000003,86.0,13.8,731.6,34.96,13.996,-68.3,3.0,0.0,0.0,0.0,14.0,63.0,0.0,71.6,1.0,0.0,825.6,0.0,0.0,0.6,9.0,0.0,29.0,0.0,71.6,71.6,350.0,825.6,-50.0,0.0,0.0,0.0,0.0,400.0,0.0,0.0,0.0,0.0,0.0,0.0,56.5,728.3,4.444,20.409895,13.7803143,13.4430573413025,,0.0,2.22809859101666,-1.67899327563193,-1.04327773067269,0.0,-0.0731804329523215,15.0,20.0,19.0,20.0,20.500000000000004,22.5,24.0,15.5,20.0,21.999999999999996,9.107427855697718,8.99807623478884,3.585010632945806,-7.236451718156488,26.55999999999997
602.0,13.3,0.8,728.3,0.0,0.0,0.0,20.0,66.2,66.2,66.2,66.2,66.2,0.792169939105947,68.0,68.0,1011.04222222222,3639752.0,0.0,0.0,5.05763888888889,4.04611111111111,3.79322916666667,1568.2,1533.1,1172.5,1109.6,0.0,743.0,0.0,0.0,726.0,2369.0,3.78,24.0,3.78,64.0,0.0,1011.04222222222,0.0,56.5,68.9,70.7,61.0,72.5,72.5,72.5,59.9,8.74000000000001,86.0,13.821,731.5,30.44,13.997,-11.2,3.0,0.0,0.0,0.0,14.0,63.0,0.0,71.6,1.0,0.0,825.6,0.0,0.0,0.6,9.0,0.0,29.0,0.0,71.6,71.6,350.0,825.6,-50.0,0.0,0.0,0.0,0.0,400.0,0.0,0.0,0.0,0.0,0.0,0.0,56.5,728.3,4.444,20.409895,13.7803143,13.4171037550673,,0.0,2.23117296013849,15.4469312096663,9.59827509268159,0.0,-0.0580978933897748,15.0,20.0,19.0,20.0,20.500000000000004,22.5,24.0,15.5,20.0,21.999999999999996,9.107427855697718,8.99807623478884,3.5899572928628305,0.0,21.69999999999999
603.0,13.3,0.8,728.3,0.0,0.0,0.0,20.0,66.2,66.2,66.2,66.2,66.2,0.792169939105947,68.0,68.0,1011.04222222222,3639752.0,0.0,0.0,5.05763888888889,4.04611111111111,3.79322916666667,1568.2,1533.1,1172.5,1109.6,0.0,743.0,0.0,0.0,726.0,2369.0,3.78,24.0,3.78,64.0,0.0,1011.04222222222,0.0,56.5,68.9,70.7,61.0,72.5,72.5,72.5,59.9,8.74000000000001,86.0,13.821,731.5,30.44,13.997,-11.2,3.0,0.0,0.0,0.0,14.0,63.0,0.0,71.6,1.0,0.0,825.6,0.0,0.0,0.6,9.0,0.0,29.0,0.0,71.6,71.6,350.0,825.6,-50.0,0.0,0.0,0.0,0.0,400.0,0.0,0.0,0.0,0.0,0.0,0.0,56.5,728.2,4.444,25.19499,13.7612706,13.4171037550673,,0.0,2.23117296013849,15.4469312096663,9.59827509268159,0.0,-0.0580978933897748,15.0,20.0,19.0,20.0,20.500000000000004,22.5,24.0,15.5,20.0,21.999999999999996,7.99828998647896,8.99807623478884,3.5899572928628305,0.0,21.69999999999999
604.0,13.4,3.8,728.0,0.0,0.0,0.0,20.0,66.2,66.2,66.2,66.2,66.2,3.76125724210952,68.0,68.0,1011.04277777778,3639754.0,0.0,0.0,5.05555555555556,4.04444444444444,3.79166666666667,1568.2,1533.1,1172.5,1109.6,0.0,1052.0,0.0,0.0,726.0,2373.0,3.78,24.0,3.78,149.0,0.0,1011.04277777778,0.0,56.5,68.9,70.7,61.0,72.5,72.5,72.5,59.9,8.41000000000003,86.0,13.805,730.7,31.03,13.99,-11.2,3.0,0.0,0.0,0.0,14.0,63.0,0.0,71.6,1.0,0.0,825.6,0.0,0.0,0.6,9.0,0.0,29.0,0.0,71.6,71.6,350.0,825.6,-50.0,0.0,0.0,0.0,0.0,400.0,0.0,0.0,0.0,0.0,0.0,0.0,56.5,728.2,4.444,25.19499,13.7612706,13.4008349846453,,0.0,2.23617859728698,5.06072874493927,3.14459008097166,0.0,-0.0580978933897748,15.0,20.0,19.0,20.0,20.500000000000004,22.5,24.0,15.5,20.0,21.999999999999996,7.99828998647896,13.997007476338178,3.5980113630347508,0.5904874197746414,22.61999999999997
605.0,13.4,3.8,728.0,0.0,0.0,0.0,20.0,66.2,66.2,66.2,66.2,66.2,3.76125724210952,68.0,68.0,1011.04277777778,3639754.0,0.0,0.0,5.05555555555556,4.04444444444444,3.79166666666667,1568.2,1533.1,1172.5,1109.6,0.0,1052.0,0.0,0.0,726.0,2373.0,3.78,24.0,3.78,149.0,0.0,1011.04277777778,0.0,56.5,68.9,70.7,61.0,72.5,72.5,72.5,59.9,8.41000000000003,86.0,13.805,730.7,31.03,13.99,8.8,3.0,0.0,0.0,0.0,14.0,63.0,0.0,71.6,1.0,0.0,825.6,0.0,0.0,0.6,9.0,0.0,29.0,0.0,71.6,71.6,350.0,825.6,-50.0,0.0,0.0,0.0,0.0,400.0,0.0,0.0,0.0,0.0,0.0,0.0,56.5,728.6,4.444,27.1969175,13.7612706,13.4008349846453,,0.0,2.23617859728698,5.06072874493927,3.14459008097166,0.0,-0.0580978933897748,15.0,20.0,19.0,20.0,20.500000000000004,22.5,24.0,15.5,20.0,21.999999999999996,16.090309933736986,13.997007476338178,3.5980113630347508,0.5904874197746414,22.61999999999997
606.0,13.3,-5.2,728.8,0.0,0.0,0.0,20.0,66.2,66.2,66.2,66.2,66.2,-5.15263962039364,68.0,68.0,1011.04333333333,3639756.0,0.0,0.0,5.06111111111111,4.04888888888889,3.79583333333333,1568.2,1533.1,1172.5,1109.6,0.0,1368.0,0.0,0.0,727.0,2373.0,3.8,24.0,3.78,64.0,0.0,1011.04333333333,0.0,56.5,68.9,70.7,61.0,72.5,72.5,72.5,59.9,8.38999999999999,86.0,13.806,732.0,31.06,13.978,8.8,3.0,0.0,0.0,0.0,14.0,63.0,0.0,71.6,1.0,0.0,825.6,0.0,0.0,0.6,9.0,0.0,29.0,0.0,71.6,71.6,350.0,825.6,-50.0,0.0,0.0,0.0,0.0,400.0,0.0,0.0,0.0,0.0,0.0,0.0,56.5,728.6,4.444,27.1969175,13.7612706,13.3916620275983,,0.0,2.24189536573425,-4.48577218610149,-2.78732874905007,0.0,,15.0,20.0,19.0,20.0,20.500000000000004,22.5,24.0,15.5,20.0,21.999999999999996,16.090309933736986,16.99636622126783,3.6072096434664083,2.807897458483311,22.67000000000001
607.0,13.3,-5.2,728.8,0.0,0.0,0.0,20.0,66.2,66.2,66.2,66.2,66.2,-5.15263962039364,68.0,68.0,1011.04333333333,3639756.0,0.0,0.0,5.06111111111111,4.04888888888889,3.79583333333333,1568.2,1533.1,1172.5,1109.6,0.0,1368.0,0.0,0.0,727.0,2373.0,3.8,24.0,3.78,64.0,0.0,1011.04333333333,0.0,56.5,68.9,70.7,61.0,72.5,72.5,72.5,59.9,8.38999999999999,86.0,13.806,732.0,31.06,13.978,-2.9,3.0,0.0,0.0,0.0,14.0,63.0,0.0,71.6,1.0,0.0,825.6,0.0,0.0,0.6,9.0,0.0,29.0,0.0,71.6,71.6,350.0,825.6,-50.0,0.0,0.0,0.0,0.0,400.0,0.0,0.0,0.0,0.0,0.0,0.0,56.5,728.9,4.443,20.5563775,13.7612706,13.3916620275983,,0.0,2.24189536573425,-4.48577218610149,-2.78732874905007,0.0,,15.0,20.0,19.0,20.0,20.500000000000004,22.5,24.0,15.5,20.0,21.999999999999996,15.99657997295792,16.99636622126783,3.6072096434664083,2.807897458483311,22.67000000000001
608.0,13.3,-15.5,729.8,0.0,0.0,0.0,20.0,66.2,66.2,66.2,66.2,66.2,-15.37990377278,68.0,68.0,1011.04388888889,3639758.0,0.0,0.0,5.06805555555556,4.05444444444444,3.80104166666667,1568.2,1533.1,1172.5,1109.6,0.0,1420.0,0.0,0.0,728.0,2373.0,3.8,24.0,3.78,64.0,0.0,1011.04388888889,0.0,56.5,68.9,70.7,61.0,72.5,72.5,72.5,59.9,8.11000000000001,86.0,13.782,732.2,35.81,13.981,-11.0,3.0,0.0,0.0,0.0,14.0,63.0,0.0,71.6,1.0,0.0,825.6,0.0,0.0,0.6,9.0,0.0,29.0,0.0,71.6,71.6,350.0,825.6,-50.0,0.0,0.0,0.0,0.0,400.0,0.0,0.0,0.0,0.0,0.0,0.0,56.5,728.9,4.443,20.5563775,13.7612706,13.382263695681,,0.0,2.24779117554178,-1.5028421396936,-0.93382252318355,0.0,0.0282966419030845,15.0,20.0,19.0,20.0,20.500000000000004,22.5,24.0,15.5,20.0,21.999999999999996,15.99657997295792,16.99636622126783,3.616696001446724,-3.8476582049244,27.699999999999992
609.0,13.3,-15.5,729.8,0.0,0.0,0.0,20.0,66.2,66.2,66.2,66.2,66.2,-15.37990377278,68.0,68.0,1011.04388888889,3639758.0,0.0,0.0,5.06805555555556,4.05444444444444,3.80104166666667,1568.2,1533.1,1172.5,1109.6,0.0,1420.0,0.0,0.0,728.0,2373.0,3.8,24.0,3.78,64.0,0.0,1011.04388888889,0.0,56.5,68.9,70.7,61.0,72.5,72.5,72.5,59.9,8.11000000000001,86.0,13.782,732.2,35.81,13.981,-11.0,3.0,0.0,0.0,0.0,14.0,63.0,0.0,71.6,1.0,0.0,825.6,0.0,0.0,0.6,9.0,0.0,29.0,0.0,71.6,71.6,350.0,825.6,-50.0,0.0,0.0,0.0,0.0,400.0,0.0,0.0,0.0,0.0,0.0,0.0,56.5,729.1,4.443,19.5798275,13.7612706,13.382263695681,,0.0,2.24779117554178,-1.5028421396936,-0.93382252318355,0.0,0.0282966419030845,15.0,20.0,19.0,20.0,20.500000000000004,22.5,24.0,15.5,20.0,21.999999999999996,17.652475946721104,16.99636622126783,3.616696001446724,-3.8476582049244,27.699999999999992
610.0,13.3,-6.2,729.1,0.0,0.0,0.0,20.0,66.2,66.2,66.2,66.2,66.2,-6.14606075129292,68.0,68.0,1011.04444444444,3639760.0,0.0,0.0,5.06319444444444,4.05055555555556,3.79739583333333,1568.2,1533.1,1172.5,1109.6,0.0,1450.0,0.0,0.0,727.0,2373.0,3.8,24.0,3.78,64.0,0.0,1011.04444444444,0.0,56.5,68.9,70.7,61.0,72.5,72.5,72.5,59.9,8.35000000000002,86.0,13.802,733.5,36.02,13.985,-74.0,3.0,0.0,0.0,0.0,14.0,63.0,0.0,71.6,1.0,0.0,825.6,0.0,0.0,0.6,9.0,0.0,29.0,0.0,71.6,71.6,350.0,825.6,-50.0,0.0,0.0,0.0,0.0,400.0,0.0,0.0,0.0,0.0,0.0,0.0,56.5,729.1,4.443,19.5798275,13.7612706,13.3751956070211,,0.0,2.25385301688832,-3.98193088252861,-2.47425637440769,0.0,0.0319453145066278,15.0,20.0,19.0,20.0,20.500000000000004,22.5,24.0,15.5,20.0,21.999999999999996,17.652475946721104,17.99615246957765,3.6264495041733067,-4.583192208272125,27.669999999999984
611.0,13.3,-6.2,729.1,0.0,0.0,0.0,20.0,66.2,66.2,66.2,66.2,66.2,-6.14606075129292,68.0,68.0,1011.04444444444,3639760.0,0.0,0.0,5.06319444444444,4.05055555555556,3.79739583333333,1568.2,1533.1,1172.5,1109.6,0.0,1450.0,0.0,0.0,727.0,2373.0,3.8,24.0,3.78,64.0,0.0,1011.04444444444,0.0,56.5,68.9,70.7,61.0,72.5,72.5,72.5,59.9,8.35000000000002,86.0,13.802,733.5,36.02,13.985,-74.0,3.0,0.0,0.0,0.0,14.0,63.0,0.0,71.6,1.0,0.0,825.6,0.0,0.0,0.6,9.0,0.0,29.0,0.0,71.6,71.6,350.0,825.6,-50.0,0.0,0.0,0.0,0.0,400.0,0.0,0.0,0.0,0.0,0.0,0.0,56.5,729.9,4.444,5.6151625,13.7305077,13.3751956070211,,0.0,2.25385301688832,-3.98193088252861,-2.47425637440769,0.0,0.0319453145066278,15.0,20.0,19.0,20.0,20.500000000000004,22.5,24.0,15.5,20.0,21.999999999999996,15.99657997295792,17.99615246957765,3.6264495041733067,-4.583192208272125,27.669999999999984
612.0,13.3,-12.6,729.8,0.0,0.0,0.0,20.0,66.2,66.2,66.2,66.2,66.2,-12.5023733894857,68.0,68.0,1011.045,3639762.0,0.0,0.0,5.06805555555556,4.05444444444444,3.80104166666667,1568.2,1533.1,1172.6,1109.6,0.0,1209.0,0.0,0.0,728.0,2374.0,3.8,24.0,3.78,64.0,0.0,1011.045,0.0,56.5,68.9,70.7,61.0,72.5,72.5,72.5,59.9,8.31999999999999,86.0,13.794,733.5,36.35,13.996,-37.6,3.0,0.0,0.0,0.0,14.0,63.0,0.0,71.6,1.0,0.0,825.6,0.0,0.0,0.6,9.0,0.0,29.0,0.0,71.6,71.6,350.0,825.6,-50.0,0.0,0.0,0.0,0.0,400.0,0.0,0.0,0.0,0.0,0.0,0.0,56.5,729.9,4.444,5.6151625,13.7305077,13.3604446822314,,0.0,2.25849200222782,-1.52248713498371,-0.946029353551962,0.0,0.0319453145066278,15.0,20.0,19.0,20.0,20.500000000000004,22.5,24.0,15.5,20.0,23.000000000000004,15.99657997295792,13.997007476338178,3.6339136315845626,-4.58759247510217,28.030000000000012
613.0,13.3,-12.6,729.8,0.0,0.0,0.0,20.0,66.2,66.2,66.2,66.2,66.2,-12.5023733894857,68.0,68.0,1011.045,3639762.0,0.0,0.0,5.06805555555556,4.05444444444444,3.80104166666667,1568.2,1533.1,1172.6,1109.6,0.0,1209.0,0.0,0.0,728.0,2374.0,3.8,24.0,3.78,64.0,0.0,1011.045,0.0,56.5,68.9,70.7,61.0,72.5,72.5,72.5,59.9,8.31999999999999,86.0,13.794,733.5,36.35,13.996,-37.6,3.0,0.0,0.0,0.0,14.0,63.0,0.0,71.6,1.0,0.0,825.6,0.0,0.0,0.6,9.0,0.0,29.0,0.0,71.6,71.6,350.0,825.6,-50.0,0.0,0.0,0.0,0.0,400.0,0.0,0.0,0.0,0.0,0.0,0.0,56.5,729.3,4.444,13.4275625,13.760294,13.3604446822314,,0.0,2.25849200222782,-1.52248713498371,-0.946029353551962,0.0,0.0319453145066278,15.0,20.0,19.0,20.0,20.500000000000004,22.5,24.0,15.5,20.0,23.000000000000004,11.997434979718449,13.997007476338178,3.6339136315845626,-4.58759247510217,28.030000000000012
614.0,13.3,-7.3,729.3,0.0,0.0,0.0,20.0,66.2,66.2,66.2,66.2,66.2,-7.23847593214808,68.0,68.0,1011.04555555556,3639764.0,0.0,0.0,5.06458333333333,4.05166666666667,3.7984375,1568.2,1533.1,1172.6,1109.6,0.0,868.0,0.0,0.0,727.0,2374.0,3.8,24.0,3.78,64.0,0.0,1011.04555555556,0.0,56.5,68.9,70.7,61.0,72.5,72.5,72.5,59.9,8.19,86.0,13.793,732.2,36.21,13.996,-47.0,3.0,0.0,0.0,0.0,14.0,63.0,0.0,71.6,1.0,0.0,825.6,0.0,0.0,0.6,9.0,0.0,29.0,0.0,71.6,71.6,350.0,825.6,-50.0,0.0,0.0,0.0,0.0,400.0,0.0,0.0,0.0,0.0,0.0,0.0,56.5,729.3,4.444,13.4275625,13.760294,13.337951825207,,0.0,2.26180830205075,-1.87832581063846,-1.16713718728223,0.0,,15.0,20.0,19.0,20.0,20.500000000000004,22.5,24.0,15.5,20.0,21.999999999999996,11.997434979718449,9.997862483098704,3.6392495579996567,-5.397819487060462,28.020000000000003
615.0,13.3,-7.3,729.3,0.0,0.0,0.0,20.0,66.2,66.2,66.2,66.2,66.2,-7.23847593214808,68.0,68.0,1011.04555555556,3639764.0,0.0,0.0,5.06458333333333,4.05166666666667,3.7984375,1568.2,1533.1,1172.6,1109.6,0.0,868.0,0.0,0.0,727.0,2374.0,3.8,24.0,3.78,64.0,0.0,1011.04555555556,0.0,56.5,68.9,70.7,61.0,72.5,72.5,72.5,59.9,8.19,86.0,13.793,732.2,36.21,13.996,-47.0,3.0,0.0,0.0,0.0,14.0,63.0,0.0,71.6,1.0,0.0,825.6,0.0,0.0,0.6,9.0,0.0,29.0,0.0,71.6,71.6,350.0,825.6,-50.0,0.0,0.0,0.0,0.0,400.0,0.0,0.0,0.0,0.0,0.0,0.0,56.5,728.9,4.444,11.7674275,13.760294,13.337951825207,,0.0,2.26180830205075,-1.87832581063846,-1.16713718728223,0.0,,15.0,20.0,19.0,20.0,20.500000000000004,22.5,24.0,15.5,20.0,21.999999999999996,8.654399711932312,9.997862483098704,3.6392495579996567,-5.397819487060462,28.020000000000003
616.0,13.3,-0.7,728.7,0.0,0.0,0.0,20.0,66.2,66.2,66.2,66.2,66.2,-0.693529390770549,68.0,68.0,1011.04611111111,3639766.0,0.0,0.0,5.06041666666667,4.04833333333333,3.7953125,1568.2,1533.1,1172.6,1109.6,0.0,569.0,0.0,0.0,727.0,2374.0,3.8,24.0,3.78,64.0,0.0,1011.04611111111,0.0,56.5,68.9,70.7,61.0,72.5,72.5,72.5,59.9,8.47000000000003,86.0,13.822,731.4,31.06,13.999,9.6,3.0,0.0,0.0,0.0,14.0,63.0,0.0,71.6,1.0,0.0,825.6,0.0,0.0,0.6,9.0,0.0,29.0,0.0,71.6,71.6,350.0,825.6,-50.0,0.0,0.0,0.0,0.0,400.0,0.0,0.0,0.0,0.0,0.0,0.0,56.5,728.9,4.444,30.0289125,13.7725015,13.3089151816673,,0.0,2.26419879635567,-13.7230684781117,-8.52711678331275,0.0,-0.0364514734500092,15.0,20.0,19.0,20.0,20.500000000000004,22.5,24.0,15.5,20.0,21.999999999999996,3.999144993239488,6.998503738169096,3.6430958633362724,-0.5171732966223334,22.589999999999968
617.0,13.3,-0.7,728.7,0.0,0.0,0.0,20.0,66.2,66.2,66.2,66.2,66.2,-0.693529390770549,68.0,68.0,1011.04611111111,3639766.0,0.0,0.0,5.06041666666667,4.04833333333333,3.7953125,1568.2,1533.1,1172.6,1109.6,0.0,569.0,0.0,0.0,727.0,2374.0,3.8,24.0,3.78,64.0,0.0,1011.04611111111,0.0,56.5,68.9,70.7,61.0,72.5,72.5,72.5,59.9,8.47000000000003,86.0,13.822,731.4,31.06,13.999,9.6,3.0,0.0,0.0,0.0,14.0,63.0,0.0,71.6,1.0,0.0,825.6,0.0,0.0,0.6,9.0,0.0,29.0,0.0,71.6,71.6,350.0,825.6,-50.0,0.0,0.0,0.0,0.0,400.0,0.0,0.0,0.0,0.0,0.0,0.0,56.5,728.4,4.443,30.0289125,13.7725015,13.3089151816673,,0.0,2.26419879635567,-13.7230684781117,-8.52711678331275,0.0,-0.0364514734500092,15.0,20.0,19.0,20.0,20.500000000000004,22.5,24.0,15.5,20.0,21.999999999999996,3.999144993239488,6.998503738169096,3.6430958633362724,-0.5171732966223334,22.589999999999968
618.0,13.3,0.8,728.5,0.0,0.0,0.0,20.0,66.2,66.2,66.2,66.2,66.2,0.792387478564715,68.0,68.0,1011.04666666667,3639768.0,0.0,0.0,5.05902777777778,4.04722222222222,3.79427083333333,1568.2,1533.1,1172.6,1109.6,0.0,655.0,0.0,0.0,726.0,2374.0,3.78,24.0,3.78,64.0,0.0,1011.04666666667,0.0,56.5,68.9,70.7,61.0,72.5,72.5,72.5,59.9,8.28000000000003,86.0,13.797,731.6,32.28,13.98,68.9,3.0,0.0,0.0,0.0,14.0,63.0,0.0,71.6,1.0,0.0,825.6,0.0,0.0,0.6,9.0,0.0,29.0,0.0,71.6,71.6,350.0,825.6,-50.0,0.0,0.0,0.0,0.0,400.0,0.0,0.0,0.0,0.0,0.0,0.0,56.5,728.4,4.443,14.941215,13.760294,13.28243736166,,0.0,2.26689291741093,13.7268359643102,8.52945778997941,0.0,-0.0364514734500092,15.0,20.0,19.0,20.0,20.500000000000004,22.5,24.0,15.5,20.0,21.999999999999996,3.999144993239488,7.99828998647896,3.647430704114186,0.5908929743211901,23.99999999999997
619.0,13.3,-2.3,728.8,0.0,0.0,0.0,20.0,66.2,66.2,66.2,66.2,66.2,-2.2790521397895,68.0,68.0,1011.04722222222,3639770.0,0.0,0.0,5.06111111111111,4.04888888888889,3.79583333333333,1568.2,1533.1,1172.6,1109.6,0.0,478.0,0.0,0.0,727.0,2374.0,3.8,24.0,3.78,64.0,0.0,1011.04722222222,0.0,56.5,68.9,70.7,61.0,72.5,72.5,72.5,59.9,8.28000000000003,86.0,13.797,731.6,32.28,13.98,68.9,3.0,0.0,0.0,0.0,14.0,63.0,0.0,71.6,1.0,0.0,825.6,0.0,0.0,0.6,9.0,0.0,29.0,0.0,71.6,71.6,350.0,825.6,-50.0,0.0,0.0,0.0,0.0,400.0,0.0,0.0,0.0,0.0,0.0,0.0,56.5,728.8,4.442,14.941215,13.760294,13.28243736166,,0.0,2.26689291741093,13.7268359643102,8.52945778997941,0.0,-0.0364514734500092,15.0,20.0,19.0,20.0,20.500000000000004,22.5,24.0,15.5,20.0,21.999999999999996,3.999144993239488,7.99828998647896,3.647430704114186,-1.6995168827662193,23.99999999999997
620.0,13.3,-2.3,728.8,0.0,0.0,0.0,20.0,66.2,66.2,66.2,66.2,66.2,-2.2790521397895,68.0,68.0,1011.04722222222,3639770.0,0.0,0.0,5.06111111111111,4.04888888888889,3.79583333333333,1568.2,1533.1,1172.6,1109.6,0.0,478.0,0.0,0.0,727.0,2374.0,3.8,24.0,3.78,64.0,0.0,1011.04722222222,0.0,56.5,68.9,70.7,61.0,72.5,72.5,72.5,59.9,8.34000000000003,86.0,13.795,731.9,36.52,13.996,36.1,3.0,0.0,0.0,0.0,14.0,63.0,0.0,71.6,1.0,0.0,825.6,0.0,0.0,0.6,9.0,0.0,29.0,0.0,71.6,71.6,350.0,825.6,-50.0,0.0,0.0,0.0,0.0,400.0,0.0,0.0,0.0,0.0,0.0,0.0,56.5,728.8,4.442,17.7243825,13.760294,13.2507753041415,,0.0,2.26854795684177,-2.98286641531046,-1.85346668734787,0.0,,15.0,20.0,19.0,20.0,20.500000000000004,22.5,24.0,15.5,20.0,23.000000000000004,4.327199855966156,4.998931241549352,3.650093662558408,-1.6995168827662193,28.17999999999997
621.0,13.3,0.0,728.5,0.0,0.0,0.0,20.0,66.2,66.2,66.2,66.2,66.2,0.0,68.0,68.0,1011.04777777778,3639772.0,0.0,0.0,5.05902777777778,4.04722222222222,3.79427083333333,1568.2,1533.1,1172.6,1109.6,0.0,240.0,0.0,0.0,727.0,2376.0,3.78,24.0,3.78,64.0,0.0,1011.04777777778,0.0,56.5,68.9,70.7,61.0,72.5,72.5,72.5,59.9,8.34000000000003,86.0,13.795,731.9,36.52,13.996,36.1,3.0,0.0,0.0,0.0,14.0,63.0,0.0,71.6,1.0,0.0,825.6,0.0,0.0,0.6,9.0,0.0,29.0,0.0,71.6,71.6,350.0,825.6,-50.0,0.0,0.0,0.0,0.0,400.0,0.0,0.0,0.0,0.0,0.0,0.0,56.5,728.6,4.444,17.7243825,13.760294,13.2507753041415,,0.0,2.26854795684177,-2.98286641531046,-1.85346668734787,0.0,,15.0,20.0,19.0,20.0,20.500000000000004,22.5,24.0,15.5,20.0,23.000000000000004,4.327199855966156,4.998931241549352,3.650093662558408,0.0,28.17999999999997
622.0,13.3,0.0,728.5,0.0,0.0,0.0,20.0,66.2,66.2,66.2,66.2,66.2,0.0,68.0,68.0,1011.04777777778,3639772.0,0.0,0.0,5.05902777777778,4.04722222222222,3.79427083333333,1568.2,1533.1,1172.6,1109.6,0.0,240.0,0.0,0.0,727.0,2376.0,3.78,24.0,3.78,64.0,0.0,1011.04777777778,0.0,56.5,68.9,70.7,61.0,72.5,72.5,72.5,59.9,8.22000000000003,86.0,13.798,731.6,35.64,13.997,-6.2,3.0,0.0,0.0,0.0,14.0,63.0,0.0,71.6,1.0,0.0,825.6,0.0,0.0,0.6,9.0,0.0,29.0,0.0,71.6,71.6,350.0,825.6,-50.0,0.0,0.0,0.0,0.0,400.0,0.0,0.0,0.0,0.0,0.0,0.0,56.5,728.6,4.444,18.8962425,13.7612706,13.2133593851266,,0.0,2.26921296541393,-2.98286641531046,-1.85346668734787,0.0,,15.0,20.0,19.0,20.0,20.500000000000004,22.5,24.0,15.5,20.0,23.000000000000004,0.0,1.999572496619744,3.6511636613510134,0.0,27.41999999999997
623.0,13.3,0.5,728.5,0.0,0.0,0.0,20.0,66.2,66.2,66.2,66.2,66.2,0.495242174102947,68.0,68.0,1011.04833333333,3639774.0,0.0,0.0,5.05902777777778,4.04722222222222,3.79427083333333,1568.2,1533.1,1172.6,1109.6,0.0,129.0,0.0,0.0,726.0,2376.0,3.78,24.0,3.78,64.0,0.0,1011.04833333333,0.0,56.5,68.9,70.7,61.0,72.5,72.5,72.5,59.9,8.22000000000003,86.0,13.798,731.6,35.64,13.997,-6.2,3.0,0.0,0.0,0.0,14.0,63.0,0.0,71.6,1.0,0.0,825.6,0.0,0.0,0.6,9.0,0.0,29.0,0.0,71.6,71.6,350.0,825.6,-50.0,0.0,0.0,0.0,0.0,400.0,0.0,0.0,0.0,0.0,0.0,0.0,56.5,728.5,4.444,18.8962425,13.7612706,13.2133593851266,,0.0,2.26921296541393,-2.98286641531046,-1.85346668734787,0.0,,15.0,20.0,19.0,20.0,20.500000000000004,22.5,24.0,15.5,20.0,23.000000000000004,0.0,1.999572496619744,3.6511636613510134,0.0,27.41999999999997
624.0,13.3,0.5,728.5,0.0,0.0,0.0,20.0,66.2,66.2,66.2,66.2,66.2,0.495242174102947,68.0,68.0,1011.04833333333,3639774.0,0.0,0.0,5.05902777777778,4.04722222222222,3.79427083333333,1568.2,1533.1,1172.6,1109.6,0.0,129.0,0.0,0.0,726.0,2376.0,3.78,24.0,3.78,64.0,0.0,1011.04833333333,0.0,56.5,68.9,70.7,61.0,72.5,72.5,72.5,59.9,8.19999999999999,86.0,13.8,731.9,35.14,14.007,-44.8,3.0,0.0,0.0,0.0,14.0,63.0,0.0,71.6,1.0,0.0,825.6,0.0,0.0,0.6,9.0,0.0,29.0,0.0,71.6,71.6,350.0,825.6,-50.0,0.0,0.0,0.0,0.0,400.0,0.0,0.0,0.0,0.0,0.0,0.0,56.5,728.5,4.444,17.5779,13.760294,13.1744518332227,,0.0,2.26954371325625,2.74536719286205,1.70589155799588,0.0,-0.0220385233699215,15.0,20.0,19.0,20.0,20.500000000000004,22.5,24.0,15.5,20.0,23.000000000000004,1.1247595293486046,0.9997862483098703,3.6516958346293062,0.0,26.940000000000012
625.0,13.3,0.8,728.5,0.0,0.0,0.0,20.0,66.2,66.2,66.2,66.2,66.2,0.792387478564715,68.0,68.0,1011.04888888889,3639776.0,0.0,0.0,5.05902777777778,4.04722222222222,3.79427083333333,1568.2,1533.1,1172.6,1109.6,0.0,47.0,0.0,0.0,726.0,2376.0,3.78,24.0,3.78,149.0,0.0,1011.04888888889,0.0,56.5,68.9,70.7,61.0,72.5,72.5,72.5,59.9,8.19999999999999,86.0,13.8,731.9,35.14,14.007,-44.8,3.0,0.0,0.0,0.0,14.0,63.0,0.0,71.6,1.0,0.0,825.6,0.0,0.0,0.6,9.0,0.0,29.0,0.0,71.6,71.6,350.0,825.6,-50.0,0.0,0.0,0.0,0.0,400.0,0.0,0.0,0.0,0.0,0.0,0.0,56.5,728.5,4.443,17.5779,13.760294,13.1744518332227,,0.0,2.26954371325625,2.74536719286205,1.70589155799588,0.0,-0.0220385233699215,15.0,20.0,19.0,20.0,20.500000000000004,22.5,24.0,15.5,20.0,23.000000000000004,1.1247595293486046,0.9997862483098703,3.6516958346293062,0.3693081089507435,26.940000000000012
626.0,13.3,0.8,728.5,0.0,0.0,0.0,20.0,66.2,66.2,66.2,66.2,66.2,0.792387478564715,68.0,68.0,1011.04888888889,3639776.0,0.0,0.0,5.05902777777778,4.04722222222222,3.79427083333333,1568.2,1533.1,1172.6,1109.6,0.0,47.0,0.0,0.0,726.0,2376.0,3.78,24.0,3.78,149.0,0.0,1011.04888888889,0.0,56.5,68.9,70.7,61.0,72.5,72.5,72.5,59.9,8.49000000000001,86.0,13.822,731.5,36.42,13.993,-184.6,3.0,0.0,0.0,0.0,14.0,63.0,0.0,71.6,1.0,0.0,825.6,0.0,0.0,0.6,9.0,0.0,29.0,0.0,71.6,71.6,350.0,825.6,-50.0,0.0,0.0,0.0,0.0,400.0,0.0,0.0,0.0,0.0,0.0,0.0,56.5,728.5,4.443,19.238035,13.740762,13.1337821034656,0.0,0.0,2.26954371325625,0.0,0.0,0.0,-0.0295019163486572,15.0,20.0,19.0,20.0,20.500000000000004,22.5,24.0,15.5,20.0,23.000000000000004,0.9060562875308202,0.0,3.6516958346293062,0.3693081089507435,27.929999999999993
627.0,13.3,0.6,728.5,0.0,0.0,0.0,20.0,66.2,66.2,66.2,66.2,66.2,0.594290608923537,68.0,68.0,1011.04944444444,3639778.0,0.0,0.0,5.05902777777778,4.04722222222222,3.79427083333333,1568.2,1533.1,1172.6,1109.6,0.0,100.0,0.0,0.0,726.0,2376.0,3.78,24.0,3.78,64.0,0.0,1011.04944444444,0.0,56.5,68.9,70.7,61.0,72.5,72.5,72.5,59.9,8.49000000000001,86.0,13.822,731.5,36.42,13.993,-184.6,3.0,0.0,0.0,0.0,14.0,63.0,0.0,71.6,1.0,0.0,825.6,0.0,0.0,0.6,9.0,0.0,29.0,0.0,71.6,71.6,350.0,825.6,-50.0,0.0,0.0,0.0,0.0,400.0,0.0,0.0,0.0,0.0,0.0,0.0,56.5,728.4,4.444,19.238035,13.740762,13.0952331448022,0.0,0.0,2.26987554009239,2.2878059940517,1.4215762983299,0.0,-0.0295019163486572,15.0,20.0,19.0,20.0,20.500000000000004,22.5,24.0,15.5,20.0,23.000000000000004,0.9060562875308202,0.9997862483098703,3.6522297440086553,0.5908929743211901,27.929999999999993
628.0,13.3,0.6,728.5,0.0,0.0,0.0,20.0,66.2,66.2,66.2,66.2,66.2,0.594290608923537,68.0,68.0,1011.04944444444,3639778.0,0.0,0.0,5.05902777777778,4.04722222222222,3.79427083333333,1568.2,1533.1,1172.6,1109.6,0.0,100.0,0.0,0.0,726.0,2376.0,3.78,24.0,3.78,64.0,0.0,1011.04944444444,0.0,56.5,68.9,70.7,61.0,72.5,72.5,72.5,59.9,8.01999999999998,86.0,13.781,731.5,38.53,14.008,-128.7,3.0,0.0,0.0,0.0,14.0,63.0,0.0,71.6,1.0,0.0,825.6,0.0,0.0,0.6,9.0,0.0,29.0,0.0,71.6,71.6,350.0,825.6,-50.0,0.0,0.0,0.0,0.0,400.0,0.0,0.0,0.0,0.0,0.0,0.0,56.5,728.4,4.444,0.0,13.7314843,13.0952331448022,0.0,0.0,2.26987554009239,2.2878059940517,1.4215762983299,0.0,-0.0295019163486572,15.0,20.0,19.0,20.0,20.500000000000004,22.5,24.0,15.5,20.0,23.000000000000004,0.781083006492086,0.9997862483098703,3.6522297440086553,0.5908929743211901,30.51000000000002
629.0,13.3,0.9,728.4,0.0,0.0,0.0,20.0,66.2,66.2,66.2,66.2,66.2,0.891313547439748,68.0,68.0,1011.05,3639780.0,0.0,0.0,5.05833333333333,4.04666666666667,3.79375,1568.2,1533.1,1172.6,1109.6,0.0,0.0,0.0,0.0,726.0,2386.0,3.78,24.0,3.78,149.0,0.0,1011.05,0.0,56.5,68.9,70.7,61.0,72.5,72.5,72.5,59.9,8.01999999999998,86.0,13.781,731.5,38.53,14.008,-128.7,3.0,0.0,0.0,0.0,14.0,63.0,0.0,71.6,1.0,0.0,825.6,0.0,0.0,0.6,9.0,0.0,29.0,0.0,71.6,71.6,350.0,825.6,-50.0,0.0,0.0,0.0,0.0,400.0,0.0,0.0,0.0,0.0,0.0,0.0,56.5,728.4,4.442,0.0,13.7314843,13.0545174254568,0.0,0.0,2.26987554009239,0.0,0.0,0.0,-0.0295019163486572,15.0,20.0,19.0,20.0,20.500000000000004,22.5,24.0,15.5,20.0,23.000000000000004,0.781083006492086,0.0,3.6522297440086553,0.44310889755890975,30.51000000000002
630.0,13.3,0.9,728.4,0.0,0.0,0.0,20.0,66.2,66.2,66.2,66.2,66.2,0.891313547439748,68.0,68.0,1011.05,3639780.0,0.0,0.0,5.05833333333333,4.04666666666667,3.79375,1568.2,1533.1,1172.6,1109.6,0.0,0.0,0.0,0.0,726.0,2386.0,3.78,24.0,3.78,149.0,0.0,1011.05,0.0,56.5,68.9,70.7,61.0,72.5,72.5,72.5,59.9,7.63,86.0,13.765,731.6,32.27,13.996,-162.3,3.0,0.0,0.0,0.0,14.0,63.0,0.0,71.6,1.0,0.0,825.6,0.0,0.0,0.6,9.0,0.0,29.0,0.0,71.6,71.6,350.0,825.6,-50.0,0.0,0.0,0.0,0.0,400.0,0.0,0.0,0.0,0.0,0.0,0.0,56.5,728.4,4.442,5.761645,13.7705483,13.0545174254568,0.0,0.0,2.26987554009239,0.0,0.0,0.0,,15.0,20.0,19.0,20.0,20.500000000000004,22.5,24.0,15.5,20.0,23.000000000000004,0.10935162090889206,0.0,3.6522297440086553,0.44310889755890975,24.640000000000004
631.0,13.3,0.8,728.4,0.0,0.0,0.0,20.0,66.2,66.2,66.2,66.2,66.2,0.792278708835331,68.0,68.0,1011.05055555556,3639782.0,0.0,0.0,5.05833333333333,4.04666666666667,3.79375,1568.2,1533.1,1172.6,1109.6,0.0,14.0,0.0,0.0,726.0,2386.0,3.78,24.0,3.78,149.0,0.0,1011.05055555556,0.0,56.5,68.9,70.7,61.0,72.5,72.5,72.5,59.9,7.63,86.0,13.765,731.6,32.27,13.996,-162.3,3.0,0.0,0.0,0.0,14.0,63.0,0.0,71.6,1.0,0.0,825.6,0.0,0.0,0.6,9.0,0.0,29.0,0.0,71.6,71.6,350.0,825.6,-50.0,0.0,0.0,0.0,0.0,400.0,0.0,0.0,0.0,0.0,0.0,0.0,56.5,728.4,4.443,5.761645,13.7705483,13.0139212500666,0.0,0.0,2.26987554009239,0.0,0.0,0.0,,15.0,20.0,19.0,20.0,20.500000000000004,22.5,24.0,15.5,20.0,23.000000000000004,0.10935162090889206,0.0,3.6522297440086553,0.6646633463383647,24.640000000000004
632.0,13.3,0.8,728.4,0.0,0.0,0.0,20.0,66.2,66.2,66.2,66.2,66.2,0.792278708835331,68.0,68.0,1011.05055555556,3639782.0,0.0,0.0,5.05833333333333,4.04666666666667,3.79375,1568.2,1533.1,1172.6,1109.6,0.0,14.0,0.0,0.0,726.0,2386.0,3.78,24.0,3.78,149.0,0.0,1011.05055555556,0.0,56.5,68.9,70.7,61.0,72.5,72.5,72.5,59.9,8.12,86.0,13.798,731.6,35.76,13.996,-56.1,3.0,0.0,0.0,0.0,14.0,63.0,0.0,71.6,1.0,0.0,825.6,0.0,0.0,0.6,9.0,0.0,29.0,0.0,71.6,71.6,350.0,825.6,-50.0,0.0,0.0,0.0,0.0,400.0,0.0,0.0,0.0,0.0,0.0,0.0,56.5,728.4,4.443,0.0,13.750528,13.0139212500666,0.0,0.0,2.26987554009239,0.0,0.0,0.0,,15.0,20.0,19.0,20.0,20.500000000000004,22.5,24.0,15.5,20.0,23.000000000000004,0.10935162090889206,0.0,3.6522297440086553,0.6646633463383647,27.64
633.0,13.3,0.8,728.4,0.0,0.0,0.0,20.0,66.2,66.2,66.2,66.2,66.2,0.792278708835331,68.0,68.0,1011.05111111111,3639784.0,0.0,0.0,5.05833333333333,4.04666666666667,3.79375,1568.2,1533.1,1172.6,1109.6,0.0,0.0,0.0,0.0,726.0,2386.0,3.78,24.0,3.78,64.0,0.0,1011.05111111111,0.0,56.5,68.9,70.7,61.0,72.5,72.5,72.5,59.9,8.12,86.0,13.798,731.6,35.76,13.996,-56.1,3.0,0.0,0.0,0.0,14.0,63.0,0.0,71.6,1.0,0.0,825.6,0.0,0.0,0.6,9.0,0.0,29.0,0.0,71.6,71.6,350.0,825.6,-50.0,0.0,0.0,0.0,0.0,400.0,0.0,0.0,0.0,0.0,0.0,0.0,56.5,728.4,4.443,0.0,13.750528,12.9736070720097,0.0,0.0,2.26987554009239,0.0,0.0,0.0,0.0,15.0,20.0,19.0,20.0,20.500000000000004,22.5,24.0,15.5,20.0,23.000000000000004,0.10935162090889206,0.0,3.6522297440086553,0.59081186341188,27.64
634.0,13.3,0.8,728.4,0.0,0.0,0.0,20.0,66.2,66.2,66.2,66.2,66.2,0.792278708835331,68.0,68.0,1011.05111111111,3639784.0,0.0,0.0,5.05833333333333,4.04666666666667,3.79375,1568.2,1533.1,1172.6,1109.6,0.0,0.0,0.0,0.0,726.0,2386.0,3.78,24.0,3.78,64.0,0.0,1011.05111111111,0.0,56.5,68.9,70.7,61.0,72.5,72.5,72.5,59.9,8.12,86.0,13.799,731.4,36.2,14.01,-47.5,3.0,0.0,0.0,0.0,14.0,63.0,0.0,71.6,1.0,0.0,825.6,0.0,0.0,0.6,9.0,0.0,29.0,0.0,71.6,71.6,350.0,825.6,-50.0,0.0,0.0,0.0,0.0,400.0,0.0,0.0,0.0,0.0,0.0,0.0,56.5,728.4,4.443,0.0,13.7593174,12.9736070720097,0.0,0.0,2.26987554009239,0.0,0.0,0.0,0.0,15.0,20.0,19.0,20.0,20.500000000000004,22.5,24.0,15.5,20.0,23.000000000000004,0.06248664051936694,0.0,3.6522297440086553,0.59081186341188,28.080000000000005
635.0,13.3,0.8,728.4,0.0,0.0,0.0,20.0,66.2,66.2,66.2,66.2,66.2,0.792278708835331,68.0,68.0,1011.05166666667,3639786.0,0.0,0.0,5.05833333333333,4.04666666666667,3.79375,1568.2,1533.1,1172.6,1109.6,0.0,0.0,0.0,0.0,726.0,2386.0,3.78,24.0,3.78,64.0,0.0,1011.05166666667,0.0,56.5,68.9,70.7,61.0,72.5,72.5,72.5,59.9,8.66000000000003,86.0,13.823,731.3,30.01,14.002,-47.5,3.0,0.0,0.0,0.0,14.0,63.0,0.0,71.6,1.0,0.0,825.6,0.0,0.0,0.6,9.0,0.0,29.0,0.0,71.6,71.6,350.0,825.6,-50.0,0.0,0.0,0.0,0.0,400.0,0.0,0.0,0.0,0.0,0.0,0.0,56.5,728.4,4.444,0.0,13.7593174,12.9342853171242,0.0,0.0,2.26987554009239,0.0,0.0,0.0,-0.0036479767265358,15.0,20.0,19.0,20.0,20.500000000000004,22.5,24.0,15.5,20.0,23.000000000000004,0.06248664051936694,0.0,3.6522297440086553,0.59081186341188,21.349999999999973
636.0,13.3,0.8,728.4,0.0,0.0,0.0,20.0,66.2,66.2,66.2,66.2,66.2,0.792278708835331,68.0,68.0,1011.05166666667,3639786.0,0.0,0.0,5.05833333333333,4.04666666666667,3.79375,1568.2,1533.1,1172.6,1109.6,0.0,0.0,0.0,0.0,726.0,2386.0,3.78,24.0,3.78,64.0,0.0,1011.05166666667,0.0,56.5,68.9,70.7,61.0,72.5,72.5,72.5,59.9,8.66000000000003,86.0,13.823,731.3,30.01,14.002,-3.6,3.0,0.0,0.0,0.0,14.0,63.0,0.0,71.6,1.0,0.0,825.6,0.0,0.0,0.6,9.0,0.0,29.0,0.0,71.6,71.6,350.0,825.6,-50.0,0.0,0.0,0.0,0.0,400.0,0.0,0.0,0.0,0.0,0.0,0.0,56.5,728.4,4.444,0.0,13.7812909,12.9342853171242,0.0,0.0,2.26987554009239,0.0,0.0,0.0,-0.0036479767265358,15.0,20.0,19.0,20.0,20.500000000000004,22.5,24.0,15.5,20.0,23.000000000000004,0.0,0.0,3.6522297440086553,0.59081186341188,21.349999999999973
637.0,13.4,0.6,728.4,0.0,0.0,0.0,20.0,66.2,66.2,66.2,66.2,66.2,0.594209031626498,68.0,68.0,1011.05222222222,3639788.0,0.0,0.0,5.05833333333333,4.04666666666667,3.79375,1568.2,1533.1,1172.6,1109.6,0.0,0.0,0.0,0.0,726.0,2386.0,3.78,24.0,3.78,64.0,0.0,1011.05222222222,0.0,56.5,68.9,70.7,61.0,72.5,72.5,72.5,59.9,8.30000000000001,86.0,13.827,731.5,30.18,13.997,-3.6,3.0,0.0,0.0,0.0,14.0,63.0,0.0,71.6,1.0,0.0,825.6,0.0,0.0,0.6,9.0,0.0,29.0,0.0,71.6,71.6,350.0,825.6,-50.0,0.0,0.0,0.0,0.0,400.0,0.0,0.0,0.0,0.0,0.0,0.0,56.5,728.4,4.443,0.0,13.7812909,12.8944778770818,0.0,0.0,2.26987554009239,0.0,0.0,0.0,0.0,15.0,20.0,19.0,20.0,20.500000000000004,22.5,24.0,15.5,20.0,23.000000000000004,0.0,0.0,3.6522297440086553,0.59081186341188,21.87999999999999
638.0,13.4,0.6,728.4,0.0,0.0,0.0,20.0,66.2,66.2,66.2,66.2,66.2,0.594209031626498,68.0,68.0,1011.05222222222,3639788.0,0.0,0.0,5.05833333333333,4.04666666666667,3.79375,1568.2,1533.1,1172.6,1109.6,0.0,0.0,0.0,0.0,726.0,2386.0,3.78,24.0,3.78,64.0,0.0,1011.05222222222,0.0,56.5,68.9,70.7,61.0,72.5,72.5,72.5,59.9,8.30000000000001,86.0,13.827,731.5,30.18,13.997,-3.9,3.0,0.0,0.0,0.0,14.0,63.0,0.0,71.6,1.0,0.0,825.6,0.0,0.0,0.6,9.0,0.0,29.0,0.0,71.6,71.6,350.0,825.6,-50.0,0.0,0.0,0.0,0.0,400.0,0.0,0.0,0.0,0.0,0.0,0.0,56.5,728.4,4.443,0.0,13.789592,12.8944778770818,0.0,0.0,2.26987554009239,0.0,0.0,0.0,0.0,15.0,20.0,19.0,20.0,20.500000000000004,22.5,24.0,15.5,20.0,23.000000000000004,0.0,0.0,3.6522297440086553,0.59081186341188,21.87999999999999
639.0,13.3,0.5,728.4,0.0,0.0,0.0,20.0,66.2,66.2,66.2,66.2,66.2,0.495174193022082,68.0,68.0,1011.05277777778,3639790.0,0.0,0.0,5.05833333333333,4.04666666666667,3.79375,1568.2,1533.1,1172.6,1109.6,0.0,0.0,0.0,0.0,726.0,2431.0,3.78,24.0,3.78,64.0,0.0,1011.05277777778,0.0,56.5,68.9,70.7,61.0,72.5,72.5,72.5,59.9,8.11000000000001,86.0,13.812,731.4,29.84,13.979,-3.9,3.0,0.0,0.0,0.0,14.0,63.0,0.0,71.6,1.0,0.0,825.6,0.0,0.0,0.6,9.0,0.0,29.0,0.0,71.6,71.6,350.0,825.6,-50.0,0.0,0.0,0.0,0.0,400.0,0.0,0.0,0.0,0.0,0.0,0.0,56.5,728.4,4.443,0.0,13.789592,12.8536945962708,0.0,0.0,2.26987554009239,0.0,0.0,0.0,0.0,15.0,20.0,19.0,20.0,20.500000000000004,22.5,24.0,15.5,20.0,23.000000000000004,0.0,0.0,3.6522297440086553,0.36925741463242506,21.72999999999999
640.0,13.3,0.5,728.4,0.0,0.0,0.0,20.0,66.2,66.2,66.2,66.2,66.2,0.495174193022082,68.0,68.0,1011.05277777778,3639790.0,0.0,0.0,5.05833333333333,4.04666666666667,3.79375,1568.2,1533.1,1172.6,1109.6,0.0,0.0,0.0,0.0,726.0,2431.0,3.78,24.0,3.78,64.0,0.0,1011.05277777778,0.0,56.5,68.9,70.7,61.0,72.5,72.5,72.5,59.9,8.11000000000001,86.0,13.812,731.4,29.84,13.979,-4.4,3.0,0.0,0.0,0.0,14.0,63.0,0.0,71.6,1.0,0.0,825.6,0.0,0.0,0.6,9.0,0.0,29.0,0.0,71.6,71.6,350.0,825.6,-50.0,0.0,0.0,0.0,0.0,400.0,0.0,0.0,0.0,0.0,0.0,0.0,56.5,728.4,4.444,0.0,13.7705483,12.8536945962708,0.0,0.0,2.26987554009239,0.0,0.0,0.0,0.0,15.0,20.0,19.0,20.0,20.500000000000004,22.5,24.0,15.5,20.0,23.000000000000004,0.0,0.0,3.6522297440086553,0.36925741463242506,21.72999999999999
641.0,13.3,0.5,728.4,0.0,0.0,0.0,20.0,66.2,66.2,66.2,66.2,66.2,0.495174193022082,68.0,68.0,1011.05305555556,3639791.0,0.0,0.0,5.05833333333333,4.04666666666667,3.79375,1568.2,1533.1,1172.6,1109.6,0.0,0.0,0.0,0.0,726.0,2431.0,3.78,24.0,3.78,64.0,0.0,1011.05305555556,0.0,56.5,68.9,70.7,61.0,72.5,72.5,72.5,59.9,8.12,86.0,13.811,731.3,29.79,13.978,-4.7,3.0,0.0,0.0,0.0,14.0,63.0,0.0,71.6,1.0,0.0,825.6,0.0,0.0,0.6,9.0,0.0,29.0,0.0,71.6,71.6,350.0,825.6,-50.0,0.0,0.0,0.0,0.0,400.0,0.0,0.0,0.0,0.0,0.0,0.0,56.5,728.4,4.444,0.0,13.7705483,12.8150017326208,0.0,0.0,2.26987554009239,0.0,0.0,0.0,0.0,15.0,20.0,19.0,20.0,20.500000000000004,22.5,24.0,15.5,20.0,23.000000000000004,0.0,0.0,3.6522297440086553,0.36925741463242506,21.67
642.0,13.3,0.5,728.4,0.0,0.0,0.0,20.0,66.2,66.2,66.2,66.2,66.2,0.495174193022082,68.0,68.0,1011.05305555556,3639791.0,0.0,0.0,5.05833333333333,4.04666666666667,3.79375,1568.2,1533.1,1172.6,1109.6,0.0,0.0,0.0,0.0,726.0,2431.0,3.78,24.0,3.78,64.0,0.0,1011.05305555556,0.0,56.5,68.9,70.7,61.0,72.5,72.5,72.5,59.9,8.12,86.0,13.811,731.3,29.79,13.978,-4.7,3.0,0.0,0.0,0.0,14.0,63.0,0.0,71.6,1.0,0.0,825.6,0.0,0.0,0.6,9.0,0.0,29.0,0.0,71.6,71.6,350.0,825.6,-50.0,0.0,0.0,0.0,0.0,400.0,0.0,0.0,0.0,0.0,0.0,0.0,56.5,728.4,4.444,0.0,13.7705483,12.8150017326208,0.0,0.0,2.26987554009239,0.0,0.0,0.0,0.0,15.0,20.0,19.0,20.0,20.500000000000004,22.5,24.0,15.5,20.0,23.000000000000004,0.0,0.0,3.6522297440086553,0.36925741463242506,21.67
643.0,13.3,0.6,728.4,0.0,0.0,0.0,20.0,66.2,66.2,66.2,66.2,66.2,0.594209031626498,68.0,68.0,1011.05361111111,3639793.0,0.0,0.0,5.05833333333333,4.04666666666667,3.79375,1568.2,1533.1,1172.6,1109.6,0.0,0.0,0.0,0.0,726.0,2431.0,3.78,24.0,3.78,64.0,0.0,1011.05361111111,0.0,56.5,68.9,70.7,61.0,72.5,72.5,72.5,59.9,8.12,86.0,13.81,731.3,29.78,13.98,-4.5,3.0,0.0,0.0,0.0,14.0,63.0,0.0,71.6,1.0,0.0,825.6,0.0,0.0,0.6,9.0,0.0,29.0,0.0,71.6,71.6,350.0,825.6,-50.0,0.0,0.0,0.0,0.0,400.0,0.0,0.0,0.0,0.0,0.0,0.0,56.5,728.4,4.444,0.0,13.7705483,12.7765329959116,0.0,0.0,2.26987554009239,0.0,0.0,0.0,0.0,15.0,20.0,19.0,20.0,20.500000000000004,22.5,24.0,15.5,20.0,23.000000000000004,0.0,0.0,3.6522297440086553,0.36925741463242506,21.660000000000004
644.0,13.3,0.6,728.4,0.0,0.0,0.0,20.0,66.2,66.2,66.2,66.2,66.2,0.594209031626498,68.0,68.0,1011.05361111111,3639793.0,0.0,0.0,5.05833333333333,4.04666666666667,3.79375,1568.2,1533.1,1172.6,1109.6,0.0,0.0,0.0,0.0,726.0,2431.0,3.78,24.0,3.78,64.0,0.0,1011.05361111111,0.0,56.5,68.9,70.7,61.0,72.5,72.5,72.5,59.9,8.12,86.0,13.81,731.3,29.78,13.98,-4.5,3.0,0.0,0.0,0.0,14.0,63.0,0.0,71.6,1.0,0.0,825.6,0.0,0.0,0.6,9.0,0.0,29.0,0.0,71.6,71.6,350.0,825.6,-50.0,0.0,0.0,0.0,0.0,400.0,0.0,0.0,0.0,0.0,0.0,0.0,56.5,728.4,4.444,0.0,13.7705483,12.7765329959116,0.0,0.0,2.26987554009239,0.0,0.0,0.0,0.0,15.0,20.0,19.0,20.0,20.500000000000004,22.5,24.0,15.5,20.0,23.000000000000004,0.0,0.0,3.6522297440086553,0.36925741463242506,21.660000000000004
645.0,13.4,0.6,728.4,0.0,0.0,0.0,20.0,66.2,66.2,66.2,66.2,66.2,0.594209031626498,68.0,68.0,1011.05416666667,3639795.0,0.0,0.0,5.05833333333333,4.04666666666667,3.79375,1568.2,1533.1,1172.6,1109.6,0.0,0.0,0.0,0.0,726.0,2431.0,3.78,24.0,3.78,64.0,0.0,1011.05416666667,0.0,56.5,68.9,70.7,61.0,72.5,72.5,72.5,59.9,8.11000000000001,86.0,13.811,731.2,29.79,13.956,-4.2,3.0,0.0,0.0,0.0,14.0,63.0,0.0,71.6,1.0,0.0,825.6,0.0,0.0,0.6,9.0,0.0,29.0,0.0,71.6,71.6,350.0,825.6,-50.0,0.0,0.0,0.0,0.0,400.0,0.0,0.0,0.0,0.0,0.0,0.0,56.5,728.4,4.444,0.0,13.7705483,12.7376472964109,0.0,0.0,2.26987554009239,0.0,0.0,0.0,0.0,15.0,20.0,19.0,20.0,20.500000000000004,22.5,24.0,15.5,20.0,23.000000000000004,0.0,0.0,3.6522297440086553,0.44310889755890975,21.67999999999999
646.0,13.4,0.6,728.4,0.0,0.0,0.0,20.0,66.2,66.2,66.2,66.2,66.2,0.594209031626498,68.0,68.0,1011.05416666667,3639795.0,0.0,0.0,5.05833333333333,4.04666666666667,3.79375,1568.2,1533.1,1172.6,1109.6,0.0,0.0,0.0,0.0,726.0,2431.0,3.78,24.0,3.78,64.0,0.0,1011.05416666667,0.0,56.5,68.9,70.7,61.0,72.5,72.5,72.5,59.9,8.11000000000001,86.0,13.811,731.2,29.79,13.956,-4.2,3.0,0.0,0.0,0.0,14.0,63.0,0.0,71.6,1.0,0.0,825.6,0.0,0.0,0.6,9.0,0.0,29.0,0.0,71.6,71.6,350.0,825.6,-50.0,0.0,0.0,0.0,0.0,400.0,0.0,0.0,0.0,0.0,0.0,0.0,56.5,728.3,4.443,0.0,13.7695717,12.7376472964109,0.0,0.0,2.26987554009239,0.0,0.0,0.0,0.0,15.0,20.0,19.0,20.0,20.500000000000004,22.5,24.0,15.5,20.0,23.000000000000004,0.0,0.0,3.6522297440086553,0.44310889755890975,21.67999999999999
647.0,13.3,0.5,728.3,0.0,0.0,0.0,20.0,66.2,66.2,66.2,66.2,66.2,0.495106211941217,68.0,68.0,1011.05472222222,3639797.0,0.0,0.0,5.05763888888889,4.04611111111111,3.79322916666667,1568.2,1533.1,1172.6,1109.6,0.0,0.0,0.0,0.0,726.0,2431.0,3.78,24.0,3.78,149.0,0.0,1011.05472222222,0.0,56.5,68.9,70.7,61.0,72.5,72.5,72.5,59.9,8.07999999999998,86.0,13.811,731.7,30.24,13.985,-4.5,3.0,0.0,0.0,0.0,14.0,63.0,0.0,71.6,1.0,0.0,825.6,0.0,0.0,0.6,9.0,0.0,29.0,0.0,71.6,71.6,350.0,825.6,-50.0,0.0,0.0,0.0,0.0,400.0,0.0,0.0,0.0,0.0,0.0,0.0,56.5,728.3,4.443,0.0,13.7695717,12.699684732051,0.0,0.0,2.26987554009239,0.0,0.0,0.0,0.0,15.0,20.0,19.0,20.0,20.500000000000004,22.5,24.0,15.5,20.0,23.000000000000004,0.0,0.0,3.6522297440086553,0.3692067203141067,22.160000000000018
648.0,13.3,0.5,728.3,0.0,0.0,0.0,20.0,66.2,66.2,66.2,66.2,66.2,0.495106211941217,68.0,68.0,1011.05472222222,3639797.0,0.0,0.0,5.05763888888889,4.04611111111111,3.79322916666667,1568.2,1533.1,1172.6,1109.6,0.0,0.0,0.0,0.0,726.0,2431.0,3.78,24.0,3.78,149.0,0.0,1011.05472222222,0.0,56.5,68.9,70.7,61.0,72.5,72.5,72.5,59.9,8.07999999999998,86.0,13.811,731.7,30.24,13.985,-4.5,3.0,0.0,0.0,0.0,14.0,63.0,0.0,71.6,1.0,0.0,825.6,0.0,0.0,0.6,9.0,0.0,29.0,0.0,71.6,71.6,350.0,825.6,-50.0,0.0,0.0,0.0,0.0,400.0,0.0,0.0,0.0,0.0,0.0,0.0,56.5,728.4,4.444,0.0,13.7705483,12.699684732051,0.0,0.0,2.26987554009239,0.0,0.0,0.0,0.0,15.0,20.0,19.0,20.0,20.500000000000004,22.5,24.0,15.5,20.0,23.000000000000004,0.0,0.0,3.6522297440086553,0.3692067203141067,22.160000000000018
649.0,13.3,0.6,728.4,0.0,0.0,0.0,20.0,66.2,66.2,66.2,66.2,66.2,0.594209031626498,68.0,68.0,1011.05527777778,3639799.0,0.0,0.0,5.05833333333333,4.04666666666667,3.79375,1568.2,1533.1,1172.6,1109.6,0.0,0.0,0.0,0.0,726.0,2492.0,3.78,24.0,3.78,64.0,0.0,1011.05527777778,0.0,56.5,68.9,70.7,61.0,72.5,72.5,72.5,59.9,7.94999999999999,86.0,13.794,731.3,29.79,13.984,-4.6,3.0,0.0,0.0,0.0,14.0,63.0,0.0,71.6,1.0,0.0,825.6,0.0,0.0,0.6,9.0,0.0,29.0,0.0,71.6,71.6,350.0,825.6,-50.0,0.0,0.0,0.0,0.0,400.0,0.0,0.0,0.0,0.0,0.0,0.0,56.5,728.4,4.444,0.0,13.7612706,12.6607235960896,0.0,0.0,2.26987554009239,0.0,0.0,0.0,0.0,15.0,20.0,19.0,20.0,20.500000000000004,22.5,24.0,15.5,20.0,23.000000000000004,0.0,0.0,3.6522297440086553,0.36925741463242506,21.84000000000001
650.0,13.3,0.6,728.4,0.0,0.0,0.0,20.0,66.2,66.2,66.2,66.2,66.2,0.594209031626498,68.0,68.0,1011.05527777778,3639799.0,0.0,0.0,5.05833333333333,4.04666666666667,3.79375,1568.2,1533.1,1172.6,1109.6,0.0,0.0,0.0,0.0,726.0,2492.0,3.78,24.0,3.78,64.0,0.0,1011.05527777778,0.0,56.5,68.9,70.7,61.0,72.5,72.5,72.5,59.9,7.94999999999999,86.0,13.794,731.3,29.79,13.984,-4.6,3.0,0.0,0.0,0.0,14.0,63.0,0.0,71.6,1.0,0.0,825.6,0.0,0.0,0.6,9.0,0.0,29.0,0.0,71.6,71.6,350.0,825.6,-50.0,0.0,0.0,0.0,0.0,400.0,0.0,0.0,0.0,0.0,0.0,0.0,56.5,728.4,4.444,0.0,13.7612706,12.6607235960896,0.0,0.0,2.26987554009239,0.0,0.0,0.0,0.0,15.0,20.0,19.0,20.0,20.500000000000004,22.5,24.0,15.5,20.0,23.000000000000004,0.0,0.0,3.6522297440086553,0.36925741463242506,21.84000000000001
651.0,13.3,0.5,728.4,0.0,0.0,0.0,20.0,66.2,66.2,66.2,66.2,66.2,0.495174193022082,68.0,68.0,1011.05583333333,3639801.0,0.0,0.0,5.05833333333333,4.04666666666667,3.79375,1568.2,1533.1,1172.6,1109.6,0.0,0.0,0.0,0.0,726.0,2492.0,3.78,24.0,3.78,64.0,0.0,1011.05583333333,0.0,56.5,68.9,70.7,61.0,72.5,72.5,72.5,59.9,7.84000000000003,86.0,13.794,731.5,29.88,13.97,-4.5,3.0,0.0,0.0,0.0,14.0,63.0,0.0,71.6,1.0,0.0,825.6,0.0,0.0,0.6,9.0,0.0,29.0,0.0,71.6,71.6,350.0,825.6,-50.0,0.0,0.0,0.0,0.0,400.0,0.0,0.0,0.0,0.0,0.0,0.0,56.5,728.4,4.444,0.0,13.7612706,12.6208186939687,0.0,0.0,2.26987554009239,0.0,0.0,0.0,0.0,15.0,20.0,19.0,20.0,20.500000000000004,22.5,24.0,15.5,20.0,23.000000000000004,0.0,0.0,3.6522297440086553,0.44310889755890975,22.03999999999997
652.0,13.3,0.5,728.4,0.0,0.0,0.0,20.0,66.2,66.2,66.2,66.2,66.2,0.495174193022082,68.0,68.0,1011.05583333333,3639801.0,0.0,0.0,5.05833333333333,4.04666666666667,3.79375,1568.2,1533.1,1172.6,1109.6,0.0,0.0,0.0,0.0,726.0,2492.0,3.78,24.0,3.78,64.0,0.0,1011.05583333333,0.0,56.5,68.9,70.7,61.0,72.5,72.5,72.5,59.9,7.84000000000003,86.0,13.794,731.5,29.88,13.97,-4.5,3.0,0.0,0.0,0.0,14.0,63.0,0.0,71.6,1.0,0.0,825.6,0.0,0.0,0.6,9.0,0.0,29.0,0.0,71.6,71.6,350.0,825.6,-50.0,0.0,0.0,0.0,0.0,400.0,0.0,0.0,0.0,0.0,0.0,0.0,56.5,728.3,4.444,0.0,13.760294,12.6208186939687,0.0,0.0,2.26987554009239,0.0,0.0,0.0,0.0,15.0,20.0,19.0,20.0,20.500000000000004,22.5,24.0,15.5,20.0,23.000000000000004,0.0,0.0,3.6522297440086553,0.44310889755890975,22.03999999999997
653.0,13.3,0.6,728.3,0.0,0.0,0.0,20.0,66.2,66.2,66.2,66.2,66.2,0.59412745432946,68.0,68.0,1011.05638888889,3639803.0,0.0,0.0,5.05763888888889,4.04611111111111,3.79322916666667,1568.2,1533.1,1172.6,1109.6,0.0,0.0,0.0,0.0,726.0,2492.0,3.78,24.0,3.78,149.0,0.0,1011.05638888889,0.0,56.5,68.9,70.7,61.0,72.5,72.5,72.5,59.9,8.20999999999998,86.0,13.81,731.6,29.79,13.988,-4.6,3.0,0.0,0.0,0.0,14.0,63.0,0.0,71.6,1.0,0.0,825.6,0.0,0.0,0.6,9.0,0.0,29.0,0.0,71.6,71.6,350.0,825.6,-50.0,0.0,0.0,0.0,0.0,400.0,0.0,0.0,0.0,0.0,0.0,0.0,56.5,728.3,4.444,0.0,13.760294,12.5817791303732,0.0,0.0,2.26987554009239,0.0,0.0,0.0,0.0,15.0,20.0,19.0,20.0,20.500000000000004,22.5,24.0,15.5,20.0,23.000000000000004,0.0,0.0,3.6522297440086553,0.3692067203141067,21.58000000000002
654.0,13.3,0.6,728.3,0.0,0.0,0.0,20.0,66.2,66.2,66.2,66.2,66.2,0.59412745432946,68.0,68.0,1011.05638888889,3639803.0,0.0,0.0,5.05763888888889,4.04611111111111,3.79322916666667,1568.2,1533.1,1172.6,1109.6,0.0,0.0,0.0,0.0,726.0,2492.0,3.78,24.0,3.78,149.0,0.0,1011.05638888889,0.0,56.5,68.9,70.7,61.0,72.5,72.5,72.5,59.9,8.20999999999998,86.0,13.81,731.6,29.79,13.988,-4.6,3.0,0.0,0.0,0.0,14.0,63.0,0.0,71.6,1.0,0.0,825.6,0.0,0.0,0.6,9.0,0.0,29.0,0.0,71.6,71.6,350.0,825.6,-50.0,0.0,0.0,0.0,0.0,400.0,0.0,0.0,0.0,0.0,0.0,0.0,56.5,728.4,4.444,0.0,13.760294,12.5817791303732,0.0,0.0,2.26987554009239,0.0,0.0,0.0,0.0,15.0,20.0,19.0,20.0,20.500000000000004,22.5,24.0,15.5,20.0,23.000000000000004,0.0,0.0,3.6522297440086553,0.3692067203141067,21.58000000000002
655.0,13.3,0.5,728.4,0.0,0.0,0.0,20.0,66.2,66.2,66.2,66.2,66.2,0.495174193022082,68.0,68.0,1011.05694444444,3639805.0,0.0,0.0,5.05833333333333,4.04666666666667,3.79375,1568.2,1533.1,1172.6,1109.6,0.0,0.0,0.0,0.0,726.0,2492.0,3.78,24.0,3.78,64.0,0.0,1011.05694444444,0.0,56.5,68.9,70.7,61.0,72.5,72.5,72.5,59.9,7.81,86.0,13.796,731.5,29.7,13.977,-4.6,3.0,0.0,0.0,0.0,14.0,63.0,0.0,71.6,1.0,0.0,825.6,0.0,0.0,0.6,9.0,0.0,29.0,0.0,71.6,71.6,350.0,825.6,-50.0,0.0,0.0,0.0,0.0,400.0,0.0,0.0,0.0,0.0,0.0,0.0,56.5,728.4,4.444,0.0,13.760294,12.5441252313597,0.0,0.0,2.26987554009239,0.0,0.0,0.0,0.0,15.0,20.0,19.0,20.0,20.500000000000004,22.5,24.0,15.5,20.0,23.000000000000004,0.0,0.0,3.6522297440086553,0.44310889755890975,21.89
656.0,13.3,0.5,728.4,0.0,0.0,0.0,20.0,66.2,66.2,66.2,66.2,66.2,0.495174193022082,68.0,68.0,1011.05694444444,3639805.0,0.0,0.0,5.05833333333333,4.04666666666667,3.79375,1568.2,1533.1,1172.6,1109.6,0.0,0.0,0.0,0.0,726.0,2492.0,3.78,24.0,3.78,64.0,0.0,1011.05694444444,0.0,56.5,68.9,70.7,61.0,72.5,72.5,72.5,59.9,7.81,86.0,13.796,731.5,29.7,13.977,-4.6,3.0,0.0,0.0,0.0,14.0,63.0,0.0,71.6,1.0,0.0,825.6,0.0,0.0,0.6,9.0,0.0,29.0,0.0,71.6,71.6,350.0,825.6,-50.0,0.0,0.0,0.0,0.0,400.0,0.0,0.0,0.0,0.0,0.0,0.0,56.5,728.4,4.444,0.0,13.760294,12.5441252313597,0.0,0.0,2.26987554009239,0.0,0.0,0.0,0.0,15.0,20.0,19.0,20.0,20.500000000000004,22.5,24.0,15.5,20.0,23.000000000000004,0.0,0.0,3.6522297440086553,0.44310889755890975,21.89
657.0,13.3,0.5,728.3,0.0,0.0,0.0,20.0,66.2,66.2,66.2,66.2,66.2,0.495106211941217,68.0,68.0,1011.0575,3639807.0,0.0,0.0,5.05763888888889,4.04611111111111,3.79322916666667,1568.2,1533.1,1172.6,1109.6,0.0,0.0,0.0,0.0,726.0,2489.0,3.78,24.0,3.78,149.0,0.0,1011.0575,0.0,56.5,68.9,70.7,61.0,72.5,72.5,72.5,59.9,7.84000000000003,86.0,13.795,731.3,29.82,13.95,-4.5,3.0,0.0,0.0,0.0,14.0,63.0,0.0,71.6,1.0,0.0,825.6,0.0,0.0,0.6,9.0,0.0,29.0,0.0,71.6,71.6,350.0,825.6,-50.0,0.0,0.0,0.0,0.0,400.0,0.0,0.0,0.0,0.0,0.0,0.0,56.5,728.4,4.444,0.0,13.7612706,12.5061058982109,0.0,0.0,2.26987554009239,0.0,0.0,0.0,0.0,15.0,20.0,19.0,20.0,20.500000000000004,22.5,24.0,15.5,20.0,23.000000000000004,0.0,0.0,3.6522297440086553,0.3692067203141067,21.97999999999997
658.0,13.3,0.5,728.4,0.0,0.0,0.0,20.0,66.2,66.2,66.2,66.2,66.2,0.495174193022082,68.0,68.0,1011.05805555556,3639809.0,0.0,0.0,5.05833333333333,4.04666666666667,3.79375,1568.2,1533.1,1172.6,1109.6,0.0,0.0,0.0,0.0,726.0,2489.0,3.78,24.0,3.78,64.0,0.0,1011.05805555556,0.0,56.5,68.9,70.7,61.0,72.5,72.5,72.5,59.9,7.84000000000003,86.0,13.795,731.3,29.82,13.95,-4.5,3.0,0.0,0.0,0.0,14.0,63.0,0.0,71.6,1.0,0.0,825.6,0.0,0.0,0.6,9.0,0.0,29.0,0.0,71.6,71.6,350.0,825.6,-50.0,0.0,0.0,0.0,0.0,400.0,0.0,0.0,0.0,0.0,0.0,0.0,56.5,728.3,4.444,0.0,13.7612706,12.5061058982109,0.0,0.0,2.26987554009239,0.0,0.0,0.0,0.0,15.0,20.0,19.0,20.0,20.500000000000004,22.5,24.0,15.5,20.0,23.000000000000004,0.0,0.0,3.6522297440086553,0.36925741463242506,21.97999999999997
659.0,13.3,0.5,728.4,0.0,0.0,0.0,20.0,66.2,66.2,66.2,66.2,66.2,0.495174193022082,68.0,68.0,1011.05805555556,3639809.0,0.0,0.0,5.05833333333333,4.04666666666667,3.79375,1568.2,1533.1,1172.6,1109.6,0.0,0.0,0.0,0.0,726.0,2489.0,3.78,24.0,3.78,64.0,0.0,1011.05805555556,0.0,56.5,68.9,70.7,61.0,72.5,72.5,72.5,59.9,7.88999999999999,86.0,13.799,731.3,28.94,13.972,-4.7,3.0,0.0,0.0,0.0,14.0,63.0,0.0,71.6,1.0,0.0,825.6,0.0,0.0,0.6,9.0,0.0,29.0,0.0,71.6,71.6,350.0,825.6,-50.0,0.0,0.0,0.0,0.0,400.0,0.0,0.0,0.0,0.0,0.0,0.0,56.5,728.3,4.444,0.0,13.760294,12.4688932796776,0.0,0.0,2.26987554009239,0.0,0.0,0.0,0.0,15.0,20.0,19.0,20.0,20.500000000000004,22.5,24.0,15.5,20.0,23.000000000000004,0.0,0.0,3.6522297440086553,0.36925741463242506,21.05000000000001
660.0,13.3,0.5,728.3,0.0,0.0,0.0,20.0,66.2,66.2,66.2,66.2,66.2,0.495106211941217,68.0,68.0,1011.05861111111,3639811.0,0.0,0.0,5.05763888888889,4.04611111111111,3.79322916666667,1568.2,1533.1,1172.6,1109.6,0.0,0.0,0.0,0.0,726.0,2489.0,3.78,24.0,3.78,64.0,0.0,1011.05861111111,0.0,56.5,68.9,70.7,61.0,72.5,72.5,72.5,59.9,7.88999999999999,86.0,13.799,731.3,28.94,13.972,-4.7,3.0,0.0,0.0,0.0,14.0,63.0,0.0,71.6,1.0,0.0,825.6,0.0,0.0,0.6,9.0,0.0,29.0,0.0,71.6,71.6,350.0,825.6,-50.0,0.0,0.0,0.0,0.0,400.0,0.0,0.0,0.0,0.0,0.0,0.0,56.5,728.3,4.444,0.0,13.760294,12.4688932796776,0.0,0.0,2.26987554009239,0.0,0.0,0.0,0.0,15.0,20.0,19.0,20.0,20.500000000000004,22.5,24.0,15.5,20.0,23.000000000000004,0.0,0.0,3.6522297440086553,0.3692067203141067,21.05000000000001
661.0,13.3,0.5,728.3,0.0,0.0,0.0,20.0,66.2,66.2,66.2,66.2,66.2,0.495106211941217,68.0,68.0,1011.05861111111,3639811.0,0.0,0.0,5.05763888888889,4.04611111111111,3.79322916666667,1568.2,1533.1,1172.6,1109.6,0.0,0.0,0.0,0.0,726.0,2489.0,3.78,24.0,3.78,64.0,0.0,1011.05861111111,0.0,56.5,69.8,70.7,61.0,72.5,72.5,72.5,59.9,8.07999999999998,86.0,13.817,731.3,29.15,13.961,-4.9,3.0,0.0,0.0,0.0,14.0,63.0,0.0,71.6,1.0,0.0,825.6,0.0,0.0,0.6,9.0,0.0,29.0,0.0,71.6,71.6,350.0,825.6,-50.0,0.0,0.0,0.0,0.0,400.0,0.0,0.0,0.0,0.0,0.0,0.0,56.5,728.3,4.444,0.0,13.760294,12.4324799873023,0.0,0.0,2.26987554009239,0.0,0.0,0.0,0.0,15.0,20.0,19.0,20.0,21.0,22.5,24.0,15.5,20.0,23.000000000000004,0.0,0.0,3.6522297440086553,0.3692067203141067,21.070000000000018
662.0,13.3,0.5,728.3,0.0,0.0,0.0,20.0,66.2,66.2,66.2,66.2,66.2,0.495106211941217,68.0,68.0,1011.05916666667,3639813.0,0.0,0.0,5.05763888888889,4.04611111111111,3.79322916666667,1568.2,1533.1,1172.6,1109.6,0.0,0.0,0.0,0.0,726.0,2489.0,3.78,24.0,3.78,64.0,0.0,1011.05916666667,0.0,56.5,69.8,70.7,61.0,72.5,72.5,72.5,59.9,8.07999999999998,86.0,13.817,731.3,29.15,13.961,-4.9,3.0,0.0,0.0,0.0,14.0,63.0,0.0,71.6,1.0,0.0,825.6,0.0,0.0,0.6,9.0,0.0,29.0,0.0,71.6,71.6,350.0,825.6,-50.0,0.0,0.0,0.0,0.0,400.0,0.0,0.0,0.0,0.0,0.0,0.0,56.5,728.4,4.445,0.0,13.760294,12.4324799873023,0.0,0.0,2.26987554009239,0.0,0.0,0.0,0.0,15.0,20.0,19.0,20.0,21.0,22.5,24.0,15.5,20.0,23.000000000000004,0.0,0.0,3.6522297440086553,0.3692067203141067,21.070000000000018
663.0,13.3,0.5,728.3,0.0,0.0,0.0,20.0,66.2,66.2,66.2,66.2,66.2,0.495106211941217,68.0,68.0,1011.05916666667,3639813.0,0.0,0.0,5.05763888888889,4.04611111111111,3.79322916666667,1568.2,1533.1,1172.6,1109.6,0.0,0.0,0.0,0.0,726.0,2489.0,3.78,24.0,3.78,64.0,0.0,1011.05916666667,0.0,56.5,69.8,70.7,61.0,72.5,72.5,72.5,59.9,7.88,86.0,13.799,731.2,28.67,13.95,-4.4,3.0,0.0,0.0,0.0,14.0,63.0,0.0,71.6,1.0,0.0,825.6,0.0,0.0,0.6,9.0,0.0,29.0,0.0,71.6,71.6,350.0,825.6,-50.0,0.0,0.0,0.0,0.0,400.0,0.0,0.0,0.0,0.0,0.0,0.0,56.5,728.4,4.445,0.0,13.760294,12.3957077257019,0.0,0.0,2.26987554009239,0.0,0.0,0.0,0.0,15.0,20.0,19.0,20.0,21.0,22.5,24.0,15.5,20.0,23.000000000000004,0.0,0.0,3.6522297440086553,0.3692067203141067,20.790000000000003
664.0,13.3,0.5,728.4,0.0,0.0,0.0,20.0,66.2,66.2,66.2,66.2,66.2,0.495174193022082,68.0,68.0,1011.05972222222,3639815.0,0.0,0.0,5.05833333333333,4.04666666666667,3.79375,1568.2,1533.1,1172.6,1109.6,0.0,0.0,0.0,0.0,726.0,2489.0,3.78,24.0,3.78,149.0,0.0,1011.05972222222,0.0,56.5,69.8,70.7,61.0,72.5,72.5,72.5,59.9,7.88,86.0,13.799,731.2,28.67,13.95,-4.4,3.0,0.0,0.0,0.0,14.0,63.0,0.0,71.6,1.0,0.0,825.6,0.0,0.0,0.6,9.0,0.0,29.0,0.0,71.6,71.6,350.0,825.6,-50.0,0.0,0.0,0.0,0.0,400.0,0.0,0.0,0.0,0.0,0.0,0.0,56.5,728.3,4.444,0.0,13.760294,12.3957077257019,0.0,0.0,2.26987554009239,0.0,0.0,0.0,0.0,15.0,20.0,19.0,20.0,21.0,22.5,24.0,15.5,20.0,23.000000000000004,0.0,0.0,3.6522297440086553,0.36925741463242506,20.790000000000003
665.0,13.3,0.5,728.4,0.0,0.0,0.0,20.0,66.2,66.2,66.2,66.2,66.2,0.495174193022082,68.0,68.0,1011.05972222222,3639815.0,0.0,0.0,5.05833333333333,4.04666666666667,3.79375,1568.2,1533.1,1172.6,1109.6,0.0,0.0,0.0,0.0,726.0,2489.0,3.78,24.0,3.78,149.0,0.0,1011.05972222222,0.0,56.5,69.8,70.7,61.0,72.5,72.5,72.5,59.9,7.86000000000001,86.0,13.8,731.3,28.37,13.957,-4.6,3.0,0.0,0.0,0.0,14.0,63.0,0.0,71.6,1.0,0.0,825.6,0.0,0.0,0.6,9.0,0.0,29.0,0.0,71.6,71.6,350.0,825.6,-50.0,0.0,0.0,0.0,0.0,400.0,0.0,0.0,0.0,0.0,0.0,0.0,56.5,728.3,4.444,0.0,13.760294,12.3597041705357,0.0,0.0,2.26987554009239,0.0,0.0,0.0,0.0,15.0,20.0,19.0,20.0,21.0,22.5,24.0,15.5,20.0,23.000000000000004,0.0,0.0,3.6522297440086553,0.36925741463242506,20.50999999999999
666.0,13.3,0.5,728.4,0.0,0.0,0.0,20.0,66.2,66.2,66.2,66.2,66.2,0.495174193022082,68.0,68.0,1011.05972222222,3639815.0,0.0,0.0,5.05833333333333,4.04666666666667,3.79375,1568.2,1533.1,1172.6,1109.6,0.0,0.0,0.0,0.0,726.0,2489.0,3.78,24.0,3.78,149.0,0.0,1011.05972222222,0.0,56.5,69.8,70.7,61.0,72.5,72.5,72.5,59.9,7.82999999999998,86.0,13.798,731.5,29.11,13.965,-4.4,3.0,0.0,0.0,0.0,14.0,63.0,0.0,71.6,1.0,0.0,825.6,0.0,0.0,0.6,9.0,0.0,29.0,0.0,71.6,71.6,350.0,825.6,-50.0,0.0,0.0,0.0,0.0,400.0,0.0,0.0,0.0,0.0,0.0,0.0,56.5,728.3,4.442,0.0,13.760294,12.3597041705357,0.0,0.0,2.26987554009239,0.0,0.0,0.0,0.0,15.0,20.0,19.0,20.0,21.0,22.5,24.0,15.5,20.0,23.000000000000004,0.0,0.0,3.6522297440086553,0.36925741463242506,21.28000000000002
