time,[BMS] Auxillary Battery Voltage (V),[BMS] Battery Current (A),[BMS] Battery DC Voltage (V),[BMS] Battery Fan Duty Feedback (%),[BMS] Battery Fan Feedback (Hz),[BMS] Battery Fan Status (),[BMS] Battery management (),[BMS] Battery Pack B01 (℉),[BMS] Battery Pack B02 (℉),[BMS] Battery Pack B03 (℉),[BMS] Battery Pack B04 (℉),[BMS] Battery Pack B05 (℉),[BMS] Battery Power (hp),[BMS] Battery temperature at WCS input (℉),[BMS] Battery temperature PRA (℉),[BMS] Battery work time total (h) (h),[BMS] Battery work time total (sec.) (sec.),[BMS] BMS Ignition (),[BMS] BMS Main Relay (),[BMS] CALC Average Cell Voltage 58kWh (V),[BMS] CALC Average Cell Voltage 72kWh (V),[BMS] CALC Average Cell Voltage 77kWh (V),[BMS] Cumulative Charge Current (Ah),[BMS] Cumulative Discharge Current (Ah),[BMS] Cumulative Energy Charged (kWh),[BMS] Cumulative Energy Discharged (kWh),[BMS] DATC A/C Compressor operation RPM var.1 (rpm),[BMS] Drive Motor Speed 1 (rpm),[BMS] Drive Motor Speed 2 (rpm),[BMS] HV_Charging (),[BMS] Inverter Capacitor Voltage (V),[BMS] Isolation Resistance (kOhm),[BMS] Maximum Cell Voltage (V),[BMS] Maximum Cell Voltage No (),[BMS] Minimum Cell Voltage (V),[BMS] Minimum Cell Voltage No (),[BMS] Normal Charge Port (),[BMS] Operating Time (Hours),[BMS] Rapid Charge Port (),[BMS] State of Charge BMS (%),[HVAC] Coolant temperature #1 (℉),[HVAC] Evaporator Temperature (℉),[HVAC] Humidity sensor for automatic defogger (%),[HVAC] Interior temperature: driver legs vent (℉),[HVAC] Interior temperature: driver vent (℉),[HVAC] Interior temperature: front (℉),[HVAC] Outside temperature (℉),[ICCU] Aux. Battery Current (A),[ICCU] Aux. Battery State of Charge (%),[ICCU] Aux. Battery Voltage (V),[ICCU] LDC Input Voltage (V),[ICCU] LDC Output Current (A),[ICCU] LDC Output Voltage (V),[PS] Absolute wheels turn angle (°),[PS] MDPS motor current (A),[VCMS] 400V Relay On/Off request (),[VCMS] 400V Relay Status (),[VCMS] AC Charger current (A),[VCMS] AC Charging Counter (),[VCMS] AC Charging Time (Hours),[VCMS] AC Charging Time after plug-in (min),[VCMS] AC Inlet temperature 1 (℉),[VCMS] Battery main relay status (),[VCMS] BMS Target current (A),[VCMS] BMS Target voltage (V),[VCMS] Charging socket connected (),[VCMS] CP duty cycle (%),[VCMS] CP voltage (V),[VCMS] Cumulative DC Charging time (h),[VCMS] DC Charger current capability (A),[VCMS] DC Charging counter (),[VCMS] DC Charging time after plug-in (min),[VCMS] DC Inlet Temperature 1 (℉),[VCMS] DC Inlet Temperature 2 (℉),[VCMS] EV Max Current (A),[VCMS] EV Max Voltage (V),[VCMS] EVSE Current regulation tolerance Value (A),[VCMS] EVSE Delivered Power Value (Wh),[VCMS] EVSE Main Power (hp),[VCMS] EVSE Maximum Current Value (A),[VCMS] EVSE Maximum Power value (W),[VCMS] EVSE Maximum Voltage Value (V),[VCMS] EVSE Minimum Current Value (A),[VCMS] EVSE Minimum Voltage Value (V),[VCMS] EVSE Output Current (A),[VCMS] EVSE Output Voltage (V),[VCMS] EVSE Target Current (A),[VCMS] EVSE Target Voltage (V),[VCMS] HV Battery SoC (%),[VCMS] HV Battery Voltage (V),[VCMS] PD voltage (V),[VCS] Accelerator pedal position (%),[VCS] Aux. battery voltage (V),Average speed (mph),DC Charger Power (hp),Distance travelled (total) (miles),EV Instant Energy Consumption (km/kWh),EV Instant Energy Consumption [kWh/100km] (mi/kWh),Hybrid/EV Charger Power (hp),Vehicle acceleration (g),[BMS] Battery Inlet Temperature (℃),[BMS] Battery Max Temperature (℃),[BMS] Battery Min Temperature (℃),[BMS] Coolant temperature 2 (℃),[HVAC] Coolant temperature 1 (℃),[HVAC] Indoor Temperature (℃),[HVAC] Inverter temperature (℃),[HVAC] Outdoor Temperature (℃),[ICCU] Aux. Battery Temperature (℃),[ICCU] LDC Temperature (℃),[VCS] Vehicle speed (high res.) (km/h),[HVAC] Real Vehicle Speed (km/h),Distance travelled (km),HV EV Battery Power (kW),12V device load (A)
0.0,,,,0.0,,,20.0,,,,,,,71.6,75.2,,,,,,,,,,,,0.0,,,,,,,,,,,,,,,,,,,,,,,,,,,,,,,,,,,,,,,,,,,,,,,,,,,,,,,,,,,,,,,,,,,,,,,,,,,,,21.999999999999996,,,,,,,,,,,
1.0,14.0,21.6,741.0,0.0,0.0,0.0,20.0,69.8,69.8,69.8,68.0,69.8,21.7615597579194,71.6,75.2,987.718888888889,3555788.0,0.0,0.0,5.14583333333333,4.11666666666667,3.859375,1564.3,1522.1,1169.6,1101.6,0.0,1619.0,0.0,0.0,739.0,2365.0,3.86,22.0,3.84,99.0,0.0,987.718888888889,0.0,64.0,76.1,74.3,58.0,77.9,76.1,77.0,69.8,11.89,91.0,14.509,744.0,34.84,14.704,2.4,3.0,,,,,,,,,,,,,,,,,,,,,,,,,,,,,,,,,,,,,,,,,,1.312040785725,0.815264095066726,,,21.0,21.999999999999996,21.0,21.999999999999996,24.499999999999996,25.0,26.999999999999996,21.0,23.5,26.999999999999996,,20.995511214507257,,16.227859625592394,22.950000000000003
2.0,14.0,21.6,741.0,0.0,0.0,0.0,20.0,69.8,69.8,69.8,68.0,69.8,21.7615597579194,71.6,75.2,987.718888888889,3555788.0,0.0,0.0,5.14583333333333,4.11666666666667,3.859375,1564.3,1522.1,1169.6,1101.6,0.0,1619.0,0.0,0.0,739.0,2365.0,3.86,22.0,3.84,99.0,0.0,987.718888888889,0.0,64.0,76.1,74.3,58.0,77.9,76.1,77.0,69.8,11.89,91.0,14.509,744.0,34.84,14.704,2.4,3.0,0.0,0.0,0.0,14.0,63.0,0.0,77.0,1.0,0.0,825.6,0.0,0.0,0.6,9.0,0.0,29.0,0.0,77.0,77.0,350.0,825.6,-50.0,0.0,0.0,0.0,0.0,400.0,0.0,0.0,0.0,0.0,0.0,0.0,64.5,740.5,4.443,52.7825275,14.4614928,,0.0,,1.312040785725,0.815264095066726,0.0,,21.0,21.999999999999996,21.0,21.999999999999996,24.499999999999996,25.0,26.999999999999996,21.0,23.5,26.999999999999996,19.99572496619744,20.995511214507257,,16.227859625592394,22.950000000000003
3.0,14.0,25.3,740.4,0.0,0.0,0.0,20.0,69.8,69.8,69.8,68.0,69.8,25.4685952899308,71.6,75.2,987.719722222222,3555791.0,0.0,0.0,5.14166666666667,4.11333333333333,3.85625,1564.3,1522.1,1169.6,1101.6,0.0,2050.0,0.0,0.0,738.0,2365.0,3.84,22.0,3.84,99.0,0.0,987.719722222222,0.0,64.0,76.1,73.4,58.0,77.9,76.1,77.0,69.8,11.89,91.0,14.509,744.0,34.84,14.704,2.4,3.0,0.0,0.0,0.0,14.0,63.0,0.0,77.0,1.0,0.0,825.6,0.0,0.0,0.6,9.0,0.0,29.0,0.0,77.0,77.0,350.0,825.6,-50.0,0.0,0.0,0.0,0.0,400.0,0.0,0.0,0.0,0.0,0.0,0.0,64.5,740.5,4.443,52.7825275,14.4614928,,0.0,0.0103475723994097,1.38799025417305,0.86245689222576,0.0,,21.0,21.999999999999996,21.0,21.999999999999996,24.499999999999996,25.0,26.999999999999996,21.0,23.5,26.999999999999996,19.99572496619744,25.994442456056657,0.01664924399065021,16.214719658284192,22.950000000000003
4.0,14.0,25.3,740.4,0.0,0.0,0.0,20.0,69.8,69.8,69.8,68.0,69.8,25.4685952899308,71.6,75.2,987.719722222222,3555791.0,0.0,0.0,5.14166666666667,4.11333333333333,3.85625,1564.3,1522.1,1169.6,1101.6,0.0,2050.0,0.0,0.0,738.0,2365.0,3.84,22.0,3.84,99.0,0.0,987.719722222222,0.0,64.0,76.1,73.4,58.0,77.9,76.1,77.0,69.8,11.75,91.0,14.511,744.0,34.38,14.682,9.7,3.0,0.0,0.0,0.0,14.0,63.0,0.0,77.0,1.0,0.0,825.6,0.0,0.0,0.6,9.0,0.0,29.0,0.0,77.0,77.0,350.0,825.6,-50.0,0.0,0.0,0.0,0.0,400.0,0.0,0.0,0.0,0.0,0.0,0.0,64.5,740.5,4.443,47.8021225,14.4507502,,0.0,0.0103475723994097,1.38799025417305,0.86245689222576,0.0,,21.0,21.999999999999996,21.0,21.999999999999996,24.499999999999996,25.0,26.999999999999996,21.0,23.5,26.999999999999996,23.994869959436866,25.994442456056657,0.01664924399065021,16.214719658284192,22.630000000000003
5.0,14.0,19.8,740.7,0.0,0.0,0.0,20.0,69.8,69.8,69.8,68.0,68.0,19.9400202923526,71.6,75.2,987.720277777778,3555793.0,0.0,0.0,5.14375,4.115,3.8578125,1564.3,1522.2,1169.6,1101.6,0.0,2322.0,0.0,0.0,739.0,2365.0,3.86,11.0,3.84,145.0,0.0,987.720277777778,0.0,64.0,76.1,73.4,58.0,77.9,76.1,77.0,69.8,11.75,91.0,14.511,744.0,34.38,14.682,9.7,3.0,0.0,0.0,0.0,14.0,63.0,0.0,77.0,1.0,0.0,825.6,0.0,0.0,0.6,9.0,0.0,29.0,0.0,77.0,77.0,350.0,825.6,-50.0,0.0,0.0,0.0,0.0,400.0,0.0,0.0,0.0,0.0,0.0,0.0,64.5,740.6,4.443,47.8021225,14.4507502,,0.0,0.0103475723994097,1.38799025417305,0.86245689222576,0.0,,21.0,21.999999999999996,21.0,21.999999999999996,24.499999999999996,25.0,26.999999999999996,21.0,23.5,26.999999999999996,23.994869959436866,25.994442456056657,0.01664924399065021,18.999936478751827,22.630000000000003
6.0,14.0,19.8,740.7,0.0,0.0,0.0,20.0,69.8,69.8,69.8,68.0,68.0,19.9400202923526,71.6,75.2,987.720277777778,3555793.0,0.0,0.0,5.14375,4.115,3.8578125,1564.3,1522.2,1169.6,1101.6,0.0,2322.0,0.0,0.0,739.0,2365.0,3.86,11.0,3.84,145.0,0.0,987.720277777778,0.0,64.0,76.1,73.4,58.0,77.9,75.2,77.0,69.8,11.51,91.0,14.496,744.0,34.3,14.68,-12.0,3.0,0.0,0.0,0.0,14.0,63.0,0.0,77.0,1.0,0.0,825.6,0.0,0.0,0.6,9.0,0.0,29.0,0.0,77.0,77.0,350.0,825.6,-50.0,0.0,0.0,0.0,0.0,400.0,0.0,0.0,0.0,0.0,0.0,0.0,64.5,740.6,4.443,42.8217175,14.4507502,34.6181417914964,0.0,0.0215862432836678,1.97738148325431,1.22868750963121,0.0,,21.0,21.999999999999996,21.0,21.999999999999996,24.499999999999996,25.0,26.999999999999996,21.0,23.5,26.999999999999996,27.994014952676284,28.993801200986265,0.034732265443421485,18.999936478751827,22.79
7.0,14.0,19.6,740.6,0.0,0.0,0.0,20.0,69.8,69.8,69.8,68.0,69.8,19.7359410875953,71.6,75.2,987.720833333333,3555795.0,0.0,0.0,5.14305555555556,4.11444444444444,3.85729166666667,1564.3,1522.2,1169.6,1101.6,0.0,2458.0,0.0,0.0,739.0,2365.0,3.86,19.0,3.84,2.0,0.0,987.720833333333,0.0,64.0,76.1,73.4,58.0,77.9,75.2,77.0,69.8,11.51,91.0,14.496,744.0,34.3,14.68,-12.0,3.0,0.0,0.0,0.0,14.0,63.0,0.0,77.0,1.0,0.0,825.6,0.0,0.0,0.6,9.0,0.0,29.0,0.0,77.0,77.0,350.0,825.6,-50.0,0.0,0.0,0.0,0.0,400.0,0.0,0.0,0.0,0.0,0.0,0.0,64.5,740.7,4.442,42.8217175,14.4507502,27.5286134044035,0.0,0.0318877410436937,2.13560984750368,1.32700602655321,0.0,,21.0,21.999999999999996,21.0,21.999999999999996,24.499999999999996,25.0,26.999999999999996,21.0,23.5,26.999999999999996,27.994014952676284,30.993373697606053,0.05130737533930316,14.867508010104698,22.79
8.0,14.0,19.6,740.6,0.0,0.0,0.0,20.0,69.8,69.8,69.8,68.0,69.8,19.7359410875953,71.6,75.2,987.720833333333,3555795.0,0.0,0.0,5.14305555555556,4.11444444444444,3.85729166666667,1564.3,1522.2,1169.6,1101.6,0.0,2458.0,0.0,0.0,739.0,2365.0,3.86,19.0,3.84,2.0,0.0,987.720833333333,0.0,64.0,76.1,73.4,58.0,77.9,75.2,77.0,69.8,11.38,91.0,14.495,744.0,34.07,14.712,-1.3,3.0,0.0,0.0,0.0,14.0,63.0,0.0,77.0,1.0,0.0,825.6,0.0,0.0,0.6,9.0,0.0,29.0,0.0,77.0,77.0,350.0,825.6,-50.0,0.0,0.0,0.0,0.0,400.0,0.0,0.0,0.0,0.0,0.0,0.0,64.5,740.7,4.442,39.84324,14.4795599,27.5286134044035,0.0,0.0318877410436937,2.13560984750368,1.32700602655321,0.0,,21.0,21.999999999999996,21.0,21.999999999999996,24.499999999999996,25.0,26.999999999999996,21.0,23.5,26.999999999999996,27.994014952676284,30.993373697606053,0.05130737533930316,14.867508010104698,22.689999999999998
9.0,14.0,9.3,741.5,0.0,0.0,0.0,20.0,69.8,69.8,69.8,68.0,69.8,9.37588269184686,71.6,75.2,987.721388888889,3555797.0,0.0,0.0,5.14930555555556,4.11944444444444,3.86197916666667,1564.3,1522.2,1169.6,1101.6,0.0,2503.0,0.0,0.0,740.0,2370.0,3.86,19.0,3.86,77.0,0.0,987.721388888889,0.0,64.0,76.1,73.4,58.0,77.9,75.2,77.0,68.9,11.38,91.0,14.495,744.0,34.07,14.712,-1.3,3.0,0.0,0.0,0.0,14.0,63.0,0.0,77.0,1.0,0.0,825.6,0.0,0.0,0.6,9.0,0.0,29.0,0.0,77.0,77.0,350.0,825.6,-50.0,0.0,0.0,0.0,0.0,400.0,0.0,0.0,0.0,0.0,0.0,0.0,64.0,741.1,4.443,39.84324,14.4795599,24.9848896816161,0.0,0.0418062290011058,4.49539222297145,2.79330636098,0.0,0.0339754758425109,21.0,21.999999999999996,21.0,21.999999999999996,24.499999999999996,25.0,26.999999999999996,20.500000000000004,23.5,26.999999999999996,27.994014952676284,30.993373697606053,0.06726622246277923,6.991709688178121,22.689999999999998
10.0,14.0,9.3,741.5,0.0,0.0,0.0,20.0,69.8,69.8,69.8,68.0,69.8,9.37588269184686,71.6,75.2,987.721388888889,3555797.0,0.0,0.0,5.14930555555556,4.11944444444444,3.86197916666667,1564.3,1522.2,1169.6,1101.6,0.0,2503.0,0.0,0.0,740.0,2370.0,3.86,19.0,3.86,77.0,0.0,987.721388888889,0.0,64.0,76.1,73.4,58.0,77.9,75.2,77.0,68.9,11.26,91.0,14.496,744.6,34.0,14.693,-18.2,3.0,0.0,0.0,0.0,14.0,63.0,0.0,77.0,1.0,0.0,825.6,0.0,0.0,0.6,9.0,0.0,29.0,0.0,77.0,77.0,350.0,825.6,-50.0,0.0,0.0,0.0,0.0,400.0,0.0,0.0,0.0,0.0,0.0,0.0,64.0,741.1,4.443,33.2027,14.4805365,24.9848896816161,0.0,0.0418062290011058,4.49539222297145,2.79330636098,0.0,0.0339754758425109,21.0,21.999999999999996,21.0,21.999999999999996,24.499999999999996,25.0,26.999999999999996,20.500000000000004,23.5,26.999999999999996,27.994014952676284,30.993373697606053,0.06726622246277923,6.991709688178121,22.740000000000002
11.0,14.0,0.9,742.4,0.0,0.0,0.0,20.0,69.8,69.8,69.8,68.0,69.8,0.908444779817777,71.6,75.2,987.721944444444,3555799.0,0.0,0.0,5.15555555555556,4.12444444444444,3.86666666666667,1564.3,1522.2,1169.6,1101.6,0.0,2351.0,0.0,0.0,741.0,2370.0,3.86,24.0,3.86,145.0,0.0,987.721944444444,0.0,64.0,76.1,73.4,58.0,77.9,75.2,77.0,68.9,11.13,91.0,14.497,745.9,33.98,14.682,-18.2,3.0,0.0,0.0,0.0,14.0,63.0,0.0,77.0,1.0,0.0,825.6,0.0,0.0,0.6,9.0,0.0,29.0,0.0,77.0,77.0,350.0,825.6,-50.0,0.0,0.0,0.0,0.0,400.0,0.0,0.0,0.0,0.0,0.0,0.0,64.0,742.1,4.443,33.2027,14.4805365,23.3212429708324,0.0,0.0512681255702807,43.4027777777778,26.9692274305556,0.0,0.0339754758425109,21.0,21.999999999999996,21.0,21.999999999999996,24.499999999999996,25.0,26.999999999999996,20.500000000000004,23.5,26.999999999999996,27.994014952676284,28.993801200986265,0.08249041404258164,7.000195917064646,22.849999999999994
12.0,14.0,0.9,742.4,0.0,0.0,0.0,20.0,69.8,69.8,69.8,68.0,69.8,0.908444779817777,71.6,75.2,987.721944444444,3555799.0,0.0,0.0,5.15555555555556,4.12444444444444,3.86666666666667,1564.3,1522.2,1169.6,1101.6,0.0,2351.0,0.0,0.0,741.0,2370.0,3.86,24.0,3.86,145.0,0.0,987.721944444444,0.0,64.0,76.1,73.4,58.0,77.9,75.2,77.0,68.9,11.13,91.0,14.497,745.9,33.98,14.682,8.2,3.0,0.0,0.0,0.0,14.0,63.0,0.0,77.0,1.0,0.0,825.6,0.0,0.0,0.6,9.0,0.0,29.0,0.0,77.0,77.0,350.0,825.6,-50.0,0.0,0.0,0.0,0.0,400.0,0.0,0.0,0.0,0.0,0.0,0.0,64.0,742.1,4.443,23.8766475,14.4707705,23.3212429708324,0.0,0.0512681255702807,43.4027777777778,26.9692274305556,0.0,0.0339754758425109,21.0,21.999999999999996,21.0,21.999999999999996,24.499999999999996,25.0,26.999999999999996,20.500000000000004,23.5,26.999999999999996,28.618881357870066,28.993801200986265,0.08249041404258164,7.000195917064646,22.849999999999994
13.0,14.0,-10.6,743.6,0.0,0.0,0.0,20.0,69.8,69.8,69.8,68.0,68.0,-10.7167551270481,71.6,75.2,987.7225,3555801.0,0.0,0.0,5.16388888888889,4.13111111111111,3.87291666666667,1564.3,1522.2,1169.6,1101.6,0.0,1959.0,0.0,0.0,742.0,2370.0,3.86,22.0,3.86,64.0,0.0,987.7225,0.0,64.0,76.1,73.4,58.0,77.9,75.2,77.0,68.9,10.99,91.0,14.497,747.1,37.14,14.692,8.2,3.0,0.0,0.0,0.0,14.0,63.0,0.0,77.0,1.0,0.0,825.6,0.0,0.0,0.6,9.0,0.0,29.0,0.0,77.0,77.0,350.0,825.6,-50.0,0.0,0.0,0.0,0.0,400.0,0.0,0.0,0.0,0.0,0.0,0.0,64.0,743.3,4.443,23.8766475,14.4707705,21.527174059612,0.0,0.0590581067675884,-2.91798187298913,-1.81314931440113,0.0,-0.0222701804905534,21.0,21.999999999999996,21.0,21.999999999999996,24.499999999999996,25.0,26.999999999999996,20.500000000000004,23.5,26.0,28.618881357870066,22.995083711127048,0.09502449378904974,-7.991614561557121,26.15
14.0,14.0,-10.6,743.6,0.0,0.0,0.0,20.0,69.8,69.8,69.8,68.0,68.0,-10.7167551270481,71.6,75.2,987.7225,3555801.0,0.0,0.0,5.16388888888889,4.13111111111111,3.87291666666667,1564.3,1522.2,1169.6,1101.6,0.0,1959.0,0.0,0.0,742.0,2370.0,3.86,22.0,3.86,64.0,0.0,987.7225,0.0,64.0,76.1,73.4,58.0,77.9,75.2,77.0,68.9,10.99,91.0,14.497,747.1,37.14,14.692,-3.0,3.0,0.0,0.0,0.0,14.0,63.0,0.0,77.0,1.0,0.0,825.6,0.0,0.0,0.6,9.0,0.0,29.0,0.0,77.0,77.0,350.0,825.6,-50.0,0.0,0.0,0.0,0.0,400.0,0.0,0.0,0.0,0.0,0.0,0.0,64.0,744.2,4.44,9.96081,14.4507502,21.527174059612,0.0,0.0590581067675884,-2.91798187298913,-1.81314931440113,0.0,-0.0222701804905534,21.0,21.999999999999996,21.0,21.999999999999996,24.499999999999996,25.0,26.999999999999996,20.500000000000004,23.5,26.0,21.307944417104142,22.995083711127048,0.09502449378904974,-7.991614561557121,26.15
15.0,14.0,-13.0,744.1,0.0,0.0,0.0,20.0,69.8,69.8,69.8,68.0,68.0,-13.1520277906659,71.6,75.2,987.723055555556,3555803.0,0.0,0.0,5.16736111111111,4.13388888888889,3.87552083333333,1564.3,1522.2,1169.6,1101.6,0.0,1213.0,0.0,0.0,742.0,2370.0,3.86,22.0,3.86,61.0,0.0,987.723055555556,0.0,64.0,76.1,73.4,58.0,77.9,75.2,77.0,68.9,10.72,91.0,14.481,746.7,37.86,14.705,2.5,3.0,0.0,0.0,0.0,14.0,63.0,0.0,77.0,1.0,0.0,825.6,0.0,0.0,0.6,9.0,0.0,29.0,0.0,77.0,77.0,350.0,825.6,-50.0,0.0,0.0,0.0,0.0,400.0,0.0,0.0,0.0,0.0,0.0,0.0,64.0,744.2,4.44,9.96081,14.4507502,19.316428686236,0.0,0.0634173806912078,-1.34390538906061,-0.835063835505981,0.0,-0.0666313021482231,21.0,21.999999999999996,21.0,21.999999999999996,24.499999999999996,25.0,26.999999999999996,20.500000000000004,23.5,26.999999999999996,21.307944417104142,12.997221228028314,0.10203856553215335,-9.807626987819463,27.14
16.0,14.0,-13.0,744.1,0.0,0.0,0.0,20.0,69.8,69.8,69.8,68.0,68.0,-13.1520277906659,71.6,75.2,987.723055555556,3555803.0,0.0,0.0,5.16736111111111,4.13388888888889,3.87552083333333,1564.3,1522.2,1169.6,1101.6,0.0,1213.0,0.0,0.0,742.0,2370.0,3.86,22.0,3.86,61.0,0.0,987.723055555556,0.0,64.0,76.1,73.4,58.0,77.9,75.2,77.0,68.9,10.72,91.0,14.481,746.7,37.86,14.705,2.5,3.0,0.0,0.0,0.0,14.0,63.0,0.0,77.0,1.0,0.0,825.6,0.0,0.0,0.6,9.0,0.0,29.0,0.0,77.0,77.0,350.0,825.6,-50.0,0.0,0.0,0.0,0.0,400.0,0.0,0.0,0.0,0.0,0.0,0.0,64.0,743.7,4.442,1.6113075,14.4605162,19.316428686236,0.0,0.0634173806912078,-1.34390538906061,-0.835063835505981,0.0,-0.0666313021482231,21.0,21.999999999999996,21.0,21.999999999999996,24.499999999999996,25.0,26.999999999999996,20.500000000000004,23.5,26.999999999999996,7.99828998647896,12.997221228028314,0.10203856553215335,-9.807626987819463,27.14
17.0,14.0,-2.2,743.3,0.0,0.0,0.0,20.0,69.8,69.8,69.8,68.0,69.8,-2.22333484591238,71.6,75.2,987.723333333333,3555804.0,0.0,0.0,5.16180555555556,4.12944444444444,3.87135416666667,1564.3,1522.2,1169.6,1101.6,0.0,416.0,0.0,0.0,741.0,2370.0,3.86,11.0,3.86,61.0,0.0,987.723333333333,0.0,64.0,76.1,73.4,58.0,77.9,75.2,77.0,68.9,10.94,91.0,14.493,746.0,36.94,14.709,22.3,3.0,0.0,0.0,0.0,14.0,63.0,0.0,77.0,1.0,0.0,825.6,0.0,0.0,0.6,9.0,0.0,29.0,0.0,77.0,77.0,350.0,825.6,-50.0,0.0,0.0,0.0,0.0,400.0,0.0,0.0,0.0,0.0,0.0,0.0,64.0,743.7,4.442,1.6113075,14.4605162,16.9703330134877,0.0,0.0647390547535725,-2.44609419908761,-1.51993199858127,0.0,-0.0991966466889264,21.0,21.999999999999996,21.0,21.999999999999996,24.499999999999996,25.0,26.999999999999996,20.500000000000004,23.5,26.999999999999996,7.99828998647896,3.999144993239488,0.10416513909849816,-1.6579678194723193,26.0
18.0,14.0,-2.2,743.3,0.0,0.0,0.0,20.0,69.8,69.8,69.8,68.0,69.8,-2.22333484591238,71.6,75.2,987.723333333333,3555804.0,0.0,0.0,5.16180555555556,4.12944444444444,3.87135416666667,1564.3,1522.2,1169.6,1101.6,0.0,416.0,0.0,0.0,741.0,2370.0,3.86,11.0,3.86,61.0,0.0,987.723333333333,0.0,64.0,76.1,73.4,58.0,77.9,75.2,77.0,68.9,10.94,91.0,14.493,746.0,36.94,14.709,22.3,3.0,0.0,0.0,0.0,14.0,63.0,0.0,77.0,1.0,0.0,825.6,0.0,0.0,0.6,9.0,0.0,29.0,0.0,77.0,77.0,350.0,825.6,-50.0,0.0,0.0,0.0,0.0,400.0,0.0,0.0,0.0,0.0,0.0,0.0,64.5,742.2,4.442,50.97591,14.4605162,16.9703330134877,0.0,0.0647390547535725,-2.44609419908761,-1.51993199858127,0.0,-0.0991966466889264,21.0,21.999999999999996,21.0,21.999999999999996,24.499999999999996,25.0,26.999999999999996,20.500000000000004,23.5,26.999999999999996,0.0,3.999144993239488,0.10416513909849816,-1.6579678194723193,26.0
19.0,14.0,13.0,741.8,0.0,0.0,0.0,20.0,69.8,69.8,69.8,68.0,69.8,13.1113751043085,71.6,75.2,987.723888888889,3555806.0,0.0,0.0,5.15138888888889,4.12111111111111,3.86354166666667,1564.3,1522.2,1169.6,1101.6,0.0,618.0,0.0,0.0,740.0,2373.0,3.86,19.0,3.86,61.0,0.0,987.723888888889,0.0,64.0,76.1,73.4,58.0,77.9,75.2,77.0,68.9,10.4,91.0,14.484,744.2,36.94,14.695,78.8,3.0,0.0,0.0,0.0,14.0,63.0,0.0,77.0,1.0,0.0,825.6,0.0,0.0,0.6,9.0,0.0,29.0,0.0,77.0,77.0,350.0,825.6,-50.0,0.0,0.0,0.0,0.0,400.0,0.0,0.0,0.0,0.0,0.0,0.0,64.5,742.2,4.442,50.97591,14.4605162,15.5179835765576,0.0,0.067860678843885,0.933280793081278,0.579913619677707,0.0,-0.0991966466889264,21.0,21.999999999999996,21.0,21.999999999999996,24.499999999999996,25.0,26.999999999999996,20.500000000000004,23.5,26.0,0.0,8.99807623478884,0.10918783225981096,-1.654621994463296,26.54
20.0,14.0,13.0,741.8,0.0,0.0,0.0,20.0,69.8,69.8,69.8,68.0,69.8,13.1113751043085,71.6,75.2,987.723888888889,3555806.0,0.0,0.0,5.15138888888889,4.12111111111111,3.86354166666667,1564.3,1522.2,1169.6,1101.6,0.0,618.0,0.0,0.0,740.0,2373.0,3.86,19.0,3.86,61.0,0.0,987.723888888889,0.0,64.0,76.1,73.4,58.0,77.9,75.2,77.0,68.9,10.4,91.0,14.484,744.2,36.94,14.695,78.8,3.0,0.0,0.0,0.0,14.0,63.0,0.0,77.0,1.0,0.0,825.6,0.0,0.0,0.6,9.0,0.0,29.0,0.0,77.0,77.0,350.0,825.6,-50.0,0.0,0.0,0.0,0.0,400.0,0.0,0.0,0.0,0.0,0.0,0.0,64.0,740.9,4.443,61.91327,14.4707705,15.5179835765576,0.0,0.067860678843885,0.933280793081278,0.579913619677707,0.0,-0.0991966466889264,21.0,21.999999999999996,21.0,21.999999999999996,24.499999999999996,25.0,26.999999999999996,20.500000000000004,23.5,26.0,7.99828998647896,8.99807623478884,0.10918783225981096,-1.654621994463296,26.54
21.0,14.0,21.0,740.8,0.0,0.0,0.0,20.0,69.8,69.8,69.8,68.0,68.0,21.1513615760734,71.6,75.2,987.724444444444,3555808.0,0.0,0.0,5.14444444444444,4.11555555555556,3.85833333333333,1564.3,1522.2,1169.6,1101.6,0.0,1271.0,0.0,0.0,739.0,2373.0,3.86,24.0,3.84,145.0,0.0,987.724444444444,0.0,64.0,76.1,73.4,58.0,77.9,75.2,77.0,68.9,10.71,91.0,14.508,744.0,32.94,14.709,41.4,3.0,0.0,0.0,0.0,14.0,63.0,0.0,77.0,1.0,0.0,825.6,0.0,0.0,0.6,9.0,0.0,29.0,0.0,77.0,77.0,350.0,825.6,-50.0,0.0,0.0,0.0,0.0,400.0,0.0,0.0,0.0,0.0,0.0,0.0,64.0,740.9,4.443,61.91327,14.4707705,14.9792527730533,0.0,0.0734961764096289,1.09276972127944,0.679015414481127,0.0,,21.0,21.999999999999996,21.0,21.999999999999996,24.499999999999996,25.0,26.999999999999996,20.500000000000004,23.5,26.999999999999996,7.99828998647896,16.99636622126783,0.1182553478430929,15.772827424364952,22.229999999999997
22.0,14.0,21.0,740.8,0.0,0.0,0.0,20.0,69.8,69.8,69.8,68.0,68.0,21.1513615760734,71.6,75.2,987.724444444444,3555808.0,0.0,0.0,5.14444444444444,4.11555555555556,3.85833333333333,1564.3,1522.2,1169.6,1101.6,0.0,1271.0,0.0,0.0,739.0,2373.0,3.86,24.0,3.84,145.0,0.0,987.724444444444,0.0,64.0,76.1,73.4,58.0,77.9,75.2,77.0,68.9,10.71,91.0,14.508,744.0,32.94,14.709,41.4,3.0,0.0,0.0,0.0,14.0,63.0,0.0,77.0,1.0,0.0,825.6,0.0,0.0,0.6,9.0,0.0,29.0,0.0,77.0,77.0,350.0,825.6,-50.0,0.0,0.0,0.0,0.0,400.0,0.0,0.0,0.0,0.0,0.0,0.0,64.0,740.7,4.443,53.4661125,14.4605162,14.9792527730533,0.0,0.0734961764096289,1.09276972127944,0.679015414481127,0.0,,21.0,21.999999999999996,21.0,21.999999999999996,24.499999999999996,25.0,26.999999999999996,20.500000000000004,23.5,26.999999999999996,15.99657997295792,16.99636622126783,0.1182553478430929,15.772827424364952,22.229999999999997
23.0,14.0,17.6,740.9,0.0,0.0,0.0,20.0,69.8,69.8,69.8,68.0,68.0,17.7292483501841,71.6,75.2,987.725,3555810.0,0.0,0.0,5.14513888888889,4.11611111111111,3.85885416666667,1564.3,1522.2,1169.6,1101.7,0.0,1770.0,0.0,0.0,739.0,2373.0,3.86,24.0,3.84,85.0,0.0,987.725,0.0,64.0,76.1,73.4,58.0,77.9,75.2,77.0,68.9,10.21,91.0,14.507,744.0,36.41,14.704,42.5,3.0,0.0,0.0,0.0,14.0,63.0,0.0,77.0,1.0,0.0,825.6,0.0,0.0,0.6,9.0,0.0,29.0,0.0,77.0,77.0,350.0,825.6,-50.0,0.0,0.0,0.0,0.0,400.0,0.0,0.0,0.0,0.0,0.0,0.0,64.0,740.7,4.443,44.4818525,14.4907908,14.9118412413717,0.0,0.0811168163860554,1.7638253230101,1.09598990478411,0.0,,21.0,21.999999999999996,21.0,21.999999999999996,24.499999999999996,25.0,26.999999999999996,20.500000000000004,23.5,26.999999999999996,24.916547907097538,22.995083711127048,0.13051695756516316,15.774956585734303,26.199999999999996
24.0,14.0,17.6,740.9,0.0,0.0,0.0,20.0,69.8,69.8,69.8,68.0,68.0,17.7292483501841,71.6,75.2,987.725,3555810.0,0.0,0.0,5.14513888888889,4.11611111111111,3.85885416666667,1564.3,1522.2,1169.6,1101.7,0.0,1770.0,0.0,0.0,739.0,2373.0,3.86,24.0,3.84,85.0,0.0,987.725,0.0,64.0,76.1,73.4,58.0,77.9,75.2,77.0,68.9,10.21,91.0,14.507,744.0,36.41,14.704,42.5,3.0,0.0,0.0,0.0,14.0,63.0,0.0,77.0,1.0,0.0,825.6,0.0,0.0,0.6,9.0,0.0,29.0,0.0,77.0,77.0,350.0,825.6,-50.0,0.0,0.0,0.0,0.0,400.0,0.0,0.0,0.0,0.0,0.0,0.0,64.0,740.5,4.442,44.4818525,14.4907908,14.9118412413717,0.0,0.0811168163860554,1.7638253230101,1.09598990478411,0.0,,21.0,21.999999999999996,21.0,21.999999999999996,24.499999999999996,25.0,26.999999999999996,20.500000000000004,23.5,26.999999999999996,24.916547907097538,22.995083711127048,0.13051695756516316,15.774956585734303,26.199999999999996
25.0,14.0,23.9,740.3,0.0,0.0,0.0,20.0,69.8,69.8,69.8,68.0,69.8,24.0560164106329,71.6,75.2,987.725555555556,3555812.0,0.0,0.0,5.14097222222222,4.11277777777778,3.85572916666667,1564.3,1522.2,1169.6,1101.7,0.0,2256.0,0.0,0.0,738.0,2373.0,3.84,22.0,3.84,2.0,0.0,987.725555555556,0.0,64.0,76.1,72.5,58.0,77.9,75.2,77.0,68.9,10.27,91.0,14.5,742.9,33.47,14.682,-31.2,3.0,0.0,0.0,0.0,14.0,63.0,0.0,77.0,1.0,0.0,825.6,0.0,0.0,0.6,9.0,0.0,29.0,0.0,77.0,77.0,350.0,825.6,-50.0,0.0,0.0,0.0,0.0,400.0,0.0,0.0,0.0,0.0,0.0,0.0,64.0,740.5,4.442,48.63219,14.4605162,15.1935923977265,0.0,0.090889175479091,1.63905054888412,1.01845847861067,0.0,0.0907650093634611,21.0,21.999999999999996,21.0,21.999999999999996,24.499999999999996,25.0,26.999999999999996,20.500000000000004,23.5,26.0,27.994014952676284,28.993801200986265,0.14624068334585744,17.93886384088956,23.2
26.0,14.0,23.9,740.3,0.0,0.0,0.0,20.0,69.8,69.8,69.8,68.0,69.8,24.0560164106329,71.6,75.2,987.725555555556,3555812.0,0.0,0.0,5.14097222222222,4.11277777777778,3.85572916666667,1564.3,1522.2,1169.6,1101.7,0.0,2256.0,0.0,0.0,738.0,2373.0,3.84,22.0,3.84,2.0,0.0,987.725555555556,0.0,64.0,76.1,72.5,58.0,77.9,75.2,77.0,68.9,10.27,91.0,14.5,742.9,33.47,14.682,-31.2,3.0,0.0,0.0,0.0,14.0,63.0,0.0,77.0,1.0,0.0,825.6,0.0,0.0,0.6,9.0,0.0,29.0,0.0,77.0,77.0,350.0,825.6,-50.0,0.0,0.0,0.0,0.0,400.0,0.0,0.0,0.0,0.0,0.0,0.0,64.0,739.7,4.443,48.63219,14.4605162,15.1935923977265,0.0,0.090889175479091,1.63905054888412,1.01845847861067,0.0,0.0907650093634611,21.0,21.999999999999996,21.0,21.999999999999996,24.499999999999996,25.0,26.999999999999996,20.500000000000004,23.5,26.0,27.994014952676284,28.993801200986265,0.14624068334585744,17.93886384088956,23.2
27.0,14.0,27.2,739.7,0.0,0.0,0.0,20.0,69.8,69.8,69.8,68.0,69.8,27.3553694006958,71.6,75.2,987.726111111111,3555814.0,0.0,0.0,5.13680555555556,4.10944444444444,3.85260416666667,1564.3,1522.2,1169.6,1101.7,0.0,2801.0,0.0,0.0,738.0,2365.0,3.84,22.0,3.84,50.0,0.0,987.726111111111,0.0,64.0,76.1,72.5,58.0,77.9,75.2,77.0,68.9,10.14,91.0,14.503,744.2,33.02,14.683,-11.2,3.0,0.0,0.0,0.0,14.0,63.0,0.0,77.0,1.0,0.0,825.6,0.0,0.0,0.6,9.0,0.0,29.0,0.0,77.0,77.0,350.0,825.6,-50.0,0.0,0.0,0.0,0.0,400.0,0.0,0.0,0.0,0.0,0.0,0.0,64.0,739.7,4.443,42.18696,14.4605162,15.805794360823,0.0,0.103370464128379,1.78927864237489,1.11180585929113,0.0,0.0980330971770347,21.0,21.999999999999996,21.0,21.999999999999996,24.499999999999996,25.0,26.999999999999996,20.500000000000004,23.5,26.0,35.9923049391553,35.9923049391553,0.1663230767825618,17.924324710395823,22.880000000000003
28.0,14.0,14.5,740.7,0.0,0.0,0.0,20.0,69.8,69.8,69.8,68.0,69.8,14.6025401130865,71.6,75.2,987.726666666667,3555816.0,0.0,0.0,5.14375,4.115,3.8578125,1564.3,1522.2,1169.6,1101.7,0.0,3201.0,0.0,0.0,739.0,2365.0,3.86,22.0,3.84,64.0,0.0,987.726666666667,0.0,64.0,76.1,72.5,58.0,77.9,75.2,77.0,68.9,10.14,91.0,14.503,744.2,33.02,14.683,-11.2,3.0,0.0,0.0,0.0,14.0,63.0,0.0,77.0,1.0,0.0,825.6,0.0,0.0,0.6,9.0,0.0,29.0,0.0,77.0,77.0,350.0,825.6,-50.0,0.0,0.0,0.0,0.0,400.0,0.0,0.0,0.0,0.0,0.0,0.0,64.0,740.3,4.443,42.18696,14.4605162,15.805794360823,0.0,0.103370464128379,1.78927864237489,1.11180585929113,0.0,0.0980330971770347,21.0,21.999999999999996,21.0,21.999999999999996,24.499999999999996,25.0,26.999999999999996,20.500000000000004,23.5,26.0,35.9923049391553,35.9923049391553,0.1663230767825618,20.426809178737138,22.880000000000003
29.0,14.0,14.5,740.7,0.0,0.0,0.0,20.0,69.8,69.8,69.8,68.0,69.8,14.6025401130865,71.6,75.2,987.726666666667,3555816.0,0.0,0.0,5.14375,4.115,3.8578125,1564.3,1522.2,1169.6,1101.7,0.0,3201.0,0.0,0.0,739.0,2365.0,3.86,22.0,3.84,64.0,0.0,987.726666666667,0.0,64.0,76.1,72.5,58.0,77.9,75.2,77.0,68.9,10.04,91.0,14.503,744.0,32.79,14.685,5.0,3.0,0.0,0.0,0.0,14.0,63.0,0.0,77.0,1.0,0.0,825.6,0.0,0.0,0.6,9.0,0.0,29.0,0.0,77.0,77.0,350.0,825.6,-50.0,0.0,0.0,0.0,0.0,400.0,0.0,0.0,0.0,0.0,0.0,0.0,64.0,740.3,4.443,37.8413125,14.4697939,16.5253588551637,0.0,0.116764778692436,3.817451339134,2.37205355604903,0.0,0.0874586607317451,21.0,21.999999999999996,21.0,21.999999999999996,24.499999999999996,25.0,26.999999999999996,20.500000000000004,23.5,26.0,39.99144993239488,40.991236180704696,0.18787452891612952,20.426809178737138,22.75
30.0,14.0,11.1,741.0,0.0,0.0,0.0,20.0,69.8,69.8,69.8,68.0,68.0,11.1830237644863,71.6,75.2,987.727222222222,3555818.0,0.0,0.0,5.14583333333333,4.11666666666667,3.859375,1564.3,1522.2,1169.6,1101.7,0.0,3506.0,0.0,0.0,739.0,2365.0,3.86,24.0,3.84,61.0,0.0,987.727222222222,0.0,64.0,76.1,72.5,58.0,77.9,75.2,77.0,68.9,10.04,91.0,14.503,744.0,32.79,14.685,5.0,3.0,0.0,0.0,0.0,14.0,63.0,0.0,77.0,1.0,0.0,825.6,0.0,0.0,0.6,9.0,0.0,29.0,0.0,77.0,77.0,350.0,825.6,-50.0,0.0,0.0,0.0,0.0,400.0,0.0,0.0,0.0,0.0,0.0,0.0,64.0,741.0,4.441,37.8413125,14.4697939,16.5253588551637,0.0,0.116764778692436,3.817451339134,2.37205355604903,0.0,0.0874586607317451,21.0,21.999999999999996,21.0,21.999999999999996,24.499999999999996,25.0,26.999999999999996,20.500000000000004,23.5,26.0,39.99144993239488,40.991236180704696,0.18787452891612952,10.893702063476361,22.75
31.0,14.0,11.1,741.0,0.0,0.0,0.0,20.0,69.8,69.8,69.8,68.0,68.0,11.1830237644863,71.6,75.2,987.727222222222,3555818.0,0.0,0.0,5.14583333333333,4.11666666666667,3.859375,1564.3,1522.2,1169.6,1101.7,0.0,3506.0,0.0,0.0,739.0,2365.0,3.86,24.0,3.84,61.0,0.0,987.727222222222,0.0,64.0,76.1,72.5,58.0,77.9,75.2,77.0,68.9,9.94,91.0,14.505,744.0,32.47,14.681,0.2,3.0,0.0,0.0,0.0,14.0,63.0,0.0,77.0,1.0,0.0,825.6,0.0,0.0,0.6,9.0,0.0,29.0,0.0,77.0,77.0,350.0,825.6,-50.0,0.0,0.0,0.0,0.0,400.0,0.0,0.0,0.0,0.0,0.0,0.0,64.0,741.0,4.441,36.52297,14.4605162,17.3498649721982,0.0,0.132115475156337,5.47105810263705,3.39955684429369,0.0,0.0795858729321564,21.0,21.999999999999996,21.0,21.999999999999996,24.499999999999996,25.0,26.999999999999996,20.500000000000004,23.5,26.0,43.990594925634305,44.99038117394412,0.21257379952654626,10.893702063476361,22.53
32.0,14.0,1.7,742.0,0.0,0.0,0.0,20.0,69.8,69.8,69.8,68.0,69.8,1.71502670806715,71.6,75.2,987.727777777778,3555820.0,0.0,0.0,5.15277777777778,4.12222222222222,3.86458333333333,1564.3,1522.2,1169.6,1101.7,0.0,3737.0,0.0,0.0,740.0,2365.0,3.86,22.0,3.86,77.0,0.0,987.727777777778,0.0,64.0,76.1,72.5,58.0,77.9,75.2,77.0,68.9,9.94,91.0,14.505,744.0,32.47,14.681,0.2,3.0,0.0,0.0,0.0,14.0,63.0,0.0,77.0,1.0,0.0,825.6,0.0,0.0,0.6,9.0,0.0,29.0,0.0,77.0,77.0,350.0,825.6,-50.0,0.0,0.0,0.0,0.0,400.0,0.0,0.0,0.0,0.0,0.0,0.0,64.0,741.6,4.443,36.52297,14.4605162,17.3498649721982,0.0,0.132115475156337,5.47105810263705,3.39955684429369,0.0,0.0795858729321564,21.0,21.999999999999996,21.0,21.999999999999996,24.499999999999996,25.0,26.999999999999996,20.500000000000004,23.5,26.0,43.990594925634305,44.99038117394412,0.21257379952654626,8.350570890707234,22.53
33.0,14.0,1.7,742.0,0.0,0.0,0.0,20.0,69.8,69.8,69.8,68.0,69.8,1.71502670806715,71.6,75.2,987.727777777778,3555820.0,0.0,0.0,5.15277777777778,4.12222222222222,3.86458333333333,1564.3,1522.2,1169.6,1101.7,0.0,3737.0,0.0,0.0,740.0,2365.0,3.86,22.0,3.86,77.0,0.0,987.727777777778,0.0,64.0,76.1,72.5,58.0,77.9,75.2,77.0,68.9,9.81,91.0,14.505,745.5,32.41,14.689,0.1,3.0,0.0,0.0,0.0,14.0,63.0,0.0,77.0,1.0,0.0,825.6,0.0,0.0,0.6,9.0,0.0,29.0,0.0,77.0,77.0,350.0,825.6,-50.0,0.0,0.0,0.0,0.0,400.0,0.0,0.0,0.0,0.0,0.0,0.0,64.0,741.6,4.443,30.5171875,14.4605162,18.1784444138885,0.0,0.148272314216227,38.0529570318693,23.6450039638497,0.0,0.0687518089067307,21.0,21.999999999999996,21.0,21.999999999999996,24.499999999999996,25.0,26.999999999999996,20.500000000000004,23.5,26.0,48.36465976198993,47.98973991887373,0.23857015357390923,8.350570890707234,22.599999999999994
34.0,14.0,-12.3,743.5,0.0,0.0,0.0,20.0,69.8,69.8,69.8,68.0,69.8,-12.4338076713251,71.6,75.2,987.728333333333,3555822.0,0.0,0.0,5.16319444444444,4.13055555555556,3.87239583333333,1564.3,1522.2,1169.6,1101.7,0.0,3848.0,0.0,0.0,742.0,2365.0,3.86,24.0,3.86,2.0,0.0,987.728333333333,0.0,64.0,76.1,72.5,58.0,77.9,75.2,77.0,68.9,9.81,91.0,14.505,745.5,32.41,14.689,0.1,3.0,0.0,0.0,0.0,14.0,63.0,0.0,77.0,1.0,0.0,825.6,0.0,0.0,0.6,9.0,0.0,29.0,0.0,77.0,77.0,350.0,825.6,-50.0,0.0,0.0,0.0,0.0,400.0,0.0,0.0,0.0,0.0,0.0,0.0,64.0,743.1,4.443,30.5171875,14.4605162,18.1784444138885,0.0,0.148272314216227,38.0529570318693,23.6450039638497,0.0,0.0687518089067307,21.0,21.999999999999996,21.0,21.999999999999996,24.499999999999996,25.0,26.999999999999996,20.500000000000004,23.5,26.0,48.36465976198993,47.98973991887373,0.23857015357390923,-9.272041514783819,22.599999999999994
35.0,14.0,-12.3,743.5,0.0,0.0,0.0,20.0,69.8,69.8,69.8,68.0,69.8,-12.4338076713251,71.6,75.2,987.728333333333,3555822.0,0.0,0.0,5.16319444444444,4.13055555555556,3.87239583333333,1564.3,1522.2,1169.6,1101.7,0.0,3848.0,0.0,0.0,742.0,2365.0,3.86,24.0,3.86,2.0,0.0,987.728333333333,0.0,64.0,76.1,72.5,58.0,77.9,74.3,77.0,68.9,9.72000000000003,91.0,14.506,746.5,32.23,14.681,-9.9,3.0,0.0,0.0,0.0,14.0,63.0,0.0,77.0,1.0,0.0,825.6,0.0,0.0,0.6,9.0,0.0,29.0,0.0,77.0,77.0,350.0,825.6,-50.0,0.0,0.0,0.0,0.0,400.0,0.0,0.0,0.0,0.0,0.0,0.0,64.0,743.1,4.443,27.8805025,14.4707705,18.8937762857202,0.0,0.164190830083562,-5.24874112224646,-3.26141551987141,0.0,0.0439118538295135,21.0,21.999999999999996,21.0,21.999999999999996,24.499999999999996,25.0,26.999999999999996,20.500000000000004,23.5,26.0,49.03639114757319,47.98973991887373,0.26418304560445127,-9.272041514783819,22.509999999999966
36.0,14.0,-12.6,743.8,0.0,0.0,0.0,20.0,69.8,69.8,69.8,68.0,69.8,-12.7422106427781,71.6,75.2,987.728888888889,3555824.0,0.0,0.0,5.16527777777778,4.13222222222222,3.87395833333333,1564.3,1522.2,1169.6,1101.7,0.0,3885.0,0.0,0.0,742.0,2367.0,3.86,22.0,3.86,61.0,0.0,987.728888888889,0.0,64.0,76.1,72.5,58.0,77.9,74.3,77.0,68.9,9.72000000000003,91.0,14.506,746.5,32.23,14.681,-9.9,3.0,0.0,0.0,0.0,14.0,63.0,0.0,77.0,1.0,0.0,825.6,0.0,0.0,0.6,9.0,0.0,29.0,0.0,77.0,77.0,350.0,825.6,-50.0,0.0,0.0,0.0,0.0,400.0,0.0,0.0,0.0,0.0,0.0,0.0,64.0,743.7,4.443,27.8805025,14.4707705,18.8937762857202,0.0,0.164190830083562,-5.24874112224646,-3.26141551987141,0.0,0.0439118538295135,21.0,21.999999999999996,21.0,21.999999999999996,24.499999999999996,25.0,26.0,20.500000000000004,23.5,26.0,49.03639114757319,47.98973991887373,0.26418304560445127,-9.502021359267784,22.509999999999966
37.0,14.0,-12.6,743.8,0.0,0.0,0.0,20.0,69.8,69.8,69.8,68.0,69.8,-12.7422106427781,71.6,75.2,987.728888888889,3555824.0,0.0,0.0,5.16527777777778,4.13222222222222,3.87395833333333,1564.3,1522.2,1169.6,1101.7,0.0,3885.0,0.0,0.0,742.0,2367.0,3.86,22.0,3.86,61.0,0.0,987.728888888889,0.0,64.0,76.1,72.5,58.0,77.9,74.3,77.0,68.9,9.62,91.0,14.506,747.0,32.05,14.683,2.1,3.0,0.0,0.0,0.0,14.0,63.0,0.0,77.0,1.0,0.0,825.6,0.0,0.0,0.6,9.0,0.0,29.0,0.0,77.0,77.0,350.0,825.6,-50.0,0.0,0.0,0.0,0.0,400.0,0.0,0.0,0.0,0.0,0.0,0.0,64.0,743.7,4.443,28.026985,14.4605162,19.5764101338534,0.0,0.180805926773062,-5.22840668040991,-3.24878028741298,0.0,0.0290041771090263,21.0,21.999999999999996,21.0,21.999999999999996,24.499999999999996,25.0,26.0,20.500000000000004,23.5,26.0,49.59877091224749,48.989526167183705,0.2909167361778568,-9.502021359267784,22.43
38.0,14.0,-26.3,745.1,0.0,0.0,0.0,20.0,69.8,69.8,69.8,68.0,68.0,-26.6433219634976,71.6,75.2,987.729444444444,3555826.0,0.0,0.0,5.17430555555556,4.13944444444444,3.88072916666667,1564.3,1522.2,1169.6,1101.7,0.0,3868.0,0.0,0.0,743.0,2367.0,3.88,9.0,3.86,13.0,0.0,987.729444444444,0.0,64.0,76.1,72.5,58.0,77.9,74.3,77.0,68.9,9.62,91.0,14.506,747.0,32.05,14.683,2.1,3.0,0.0,0.0,0.0,14.0,63.0,0.0,77.0,1.0,0.0,825.6,0.0,0.0,0.6,9.0,0.0,29.0,0.0,77.0,77.0,350.0,825.6,-50.0,0.0,0.0,0.0,0.0,400.0,0.0,0.0,0.0,0.0,0.0,0.0,64.0,744.5,4.443,28.026985,14.4605162,19.5764101338534,0.0,0.180805926773062,-5.22840668040991,-3.24878028741298,0.0,0.0290041771090263,21.0,21.999999999999996,21.0,21.999999999999996,24.499999999999996,25.0,26.999999999999996,20.500000000000004,23.5,26.0,49.59877091224749,48.989526167183705,0.2909167361778568,-19.868249040639522,22.43
39.0,14.0,-26.3,745.1,0.0,0.0,0.0,20.0,69.8,69.8,69.8,68.0,68.0,-26.6433219634976,71.6,75.2,987.729444444444,3555826.0,0.0,0.0,5.17430555555556,4.13944444444444,3.88072916666667,1564.3,1522.2,1169.6,1101.7,0.0,3868.0,0.0,0.0,743.0,2367.0,3.88,9.0,3.86,13.0,0.0,987.729444444444,0.0,64.0,76.1,72.5,58.0,77.9,74.3,77.0,68.9,9.26999999999998,91.0,14.501,749.2,36.5,14.682,2.0,3.0,0.0,0.0,0.0,14.0,63.0,0.0,77.0,1.0,0.0,825.6,0.0,0.0,0.6,9.0,0.0,29.0,0.0,77.0,77.0,350.0,825.6,-50.0,0.0,0.0,0.0,0.0,400.0,0.0,0.0,0.0,0.0,0.0,0.0,64.0,744.5,4.443,14.941215,14.4395193,20.1477050943348,0.0,0.197066710462979,-2.4494632358532,-1.52202542032534,0.0,0.0290041771090263,21.0,21.999999999999996,21.0,21.999999999999996,24.499999999999996,25.0,26.999999999999996,20.500000000000004,23.5,26.999999999999996,43.990594925634305,47.98973991887373,0.3170803371349332,-19.868249040639522,27.230000000000018
40.0,14.0,-41.4,747.0,0.0,0.0,0.0,20.0,69.8,69.8,69.8,68.0,69.8,-42.0473862124171,71.6,75.2,987.73,3555828.0,0.0,0.0,5.1875,4.15,3.890625,1564.3,1522.2,1169.6,1101.7,0.0,3400.0,0.0,0.0,745.0,2367.0,3.88,6.0,3.88,2.0,0.0,987.73,0.0,64.0,76.1,72.5,58.0,77.9,74.3,77.0,68.9,9.26999999999998,91.0,14.501,749.2,36.5,14.682,2.0,3.0,0.0,0.0,0.0,14.0,63.0,0.0,77.0,1.0,0.0,825.6,0.0,0.0,0.6,9.0,0.0,29.0,0.0,77.0,77.0,350.0,825.6,-50.0,0.0,0.0,0.0,0.0,400.0,0.0,0.0,0.0,0.0,0.0,0.0,64.0,746.4,4.443,14.941215,14.4395193,20.1477050943348,0.0,0.197066710462979,-2.4494632358532,-1.52202542032534,0.0,0.0290041771090263,21.0,21.999999999999996,21.0,21.999999999999996,24.499999999999996,25.0,26.999999999999996,20.500000000000004,23.5,26.999999999999996,43.990594925634305,47.98973991887373,0.3170803371349332,-19.91891294236704,27.230000000000018
41.0,14.0,-41.4,747.0,0.0,0.0,0.0,20.0,69.8,69.8,69.8,68.0,69.8,-42.0473862124171,71.6,75.2,987.73,3555828.0,0.0,0.0,5.1875,4.15,3.890625,1564.3,1522.2,1169.6,1101.7,0.0,3400.0,0.0,0.0,745.0,2367.0,3.88,6.0,3.88,2.0,0.0,987.73,0.0,64.0,76.1,72.5,58.0,77.9,74.3,77.0,68.9,9.37,91.0,14.484,750.5,36.87,14.701,-3.2,3.0,0.0,0.0,0.0,14.0,63.0,0.0,77.0,1.0,0.0,825.6,0.0,0.0,0.6,9.0,0.0,29.0,0.0,77.0,77.0,350.0,825.6,-50.0,0.0,0.0,0.0,0.0,400.0,0.0,0.0,0.0,0.0,0.0,0.0,64.0,746.4,4.443,8.300675,14.4404959,20.4436721404854,0.0,0.21172155366134,-1.32575390127337,-0.823785027388136,0.0,,21.0,21.999999999999996,21.0,21.999999999999996,24.499999999999996,25.0,26.999999999999996,20.500000000000004,23.5,26.999999999999996,35.9923049391553,40.991236180704696,0.34065997984109603,-19.91891294236704,27.5
42.0,14.0,-41.8,747.5,0.0,0.0,0.0,20.0,69.8,69.8,69.8,68.0,69.8,-42.4820572434691,71.6,75.2,987.730555555556,3555830.0,0.0,0.0,5.19097222222222,4.15277777777778,3.89322916666667,1564.3,1522.2,1169.6,1101.7,0.0,2680.0,0.0,0.0,746.0,2367.0,3.88,19.0,3.88,2.0,0.0,987.730555555556,0.0,64.0,76.1,72.5,58.0,77.9,74.3,77.0,68.9,9.37,91.0,14.484,750.5,36.87,14.701,-3.2,3.0,0.0,0.0,0.0,14.0,63.0,0.0,77.0,1.0,0.0,825.6,0.0,0.0,0.6,9.0,0.0,29.0,0.0,77.0,77.0,350.0,825.6,-50.0,0.0,0.0,0.0,0.0,400.0,0.0,0.0,0.0,0.0,0.0,0.0,64.0,747.1,4.443,8.300675,14.4404959,20.4436721404854,0.0,0.21172155366134,-1.32575390127337,-0.823785027388136,0.0,,21.0,21.999999999999996,21.0,21.999999999999996,24.499999999999996,25.0,26.0,20.500000000000004,23.5,26.999999999999996,35.9923049391553,40.991236180704696,0.34065997984109603,-31.376234436909247,27.5
43.0,14.0,-41.8,747.5,0.0,0.0,0.0,20.0,69.8,69.8,69.8,68.0,69.8,-42.4820572434691,71.6,75.2,987.730555555556,3555830.0,0.0,0.0,5.19097222222222,4.15277777777778,3.89322916666667,1564.3,1522.2,1169.6,1101.7,0.0,2680.0,0.0,0.0,746.0,2367.0,3.88,19.0,3.88,2.0,0.0,987.730555555556,0.0,64.0,76.1,72.5,58.0,77.9,74.3,77.0,68.9,9.28000000000003,91.0,14.483,750.5,37.42,14.688,14.6,3.0,0.0,0.0,0.0,14.0,63.0,0.0,77.0,1.0,0.0,825.6,0.0,0.0,0.6,9.0,0.0,29.0,0.0,77.0,77.0,350.0,825.6,-50.0,0.0,0.0,0.0,0.0,400.0,0.0,0.0,0.0,0.0,0.0,0.0,64.0,747.1,4.443,0.0,14.4497736,20.4157835713716,0.0,0.222518962350153,-1.02414747723672,-0.636375542078059,0.0,-0.0569858149030535,21.0,21.999999999999996,21.0,21.999999999999996,24.499999999999996,25.0,26.0,20.500000000000004,23.5,26.999999999999996,29.868614168257455,31.993159945915874,0.3580330104213962,-31.376234436909247,28.139999999999972
44.0,14.0,-26.9,746.4,0.0,0.0,0.0,20.0,69.8,69.8,69.8,68.0,68.0,-27.2987003716866,71.6,75.2,987.731111111111,3555832.0,0.0,0.0,5.18333333333333,4.14666666666667,3.8875,1564.4,1522.2,1169.6,1101.7,0.0,1737.0,0.0,0.0,744.0,2368.0,3.88,9.0,3.88,13.0,0.0,987.731111111111,0.0,64.0,76.1,72.5,58.0,77.9,74.3,77.0,68.9,9.28000000000003,91.0,14.483,750.5,37.42,14.688,14.6,3.0,0.0,0.0,0.0,14.0,63.0,0.0,77.0,1.0,0.0,825.6,0.0,0.0,0.6,9.0,0.0,29.0,0.0,77.0,77.0,350.0,825.6,-50.0,0.0,0.0,0.0,0.0,400.0,0.0,0.0,0.0,0.0,0.0,0.0,64.0,746.8,4.44,0.0,14.4497736,20.4157835713716,0.0,0.222518962350153,-1.02414747723672,-0.636375542078059,0.0,-0.0569858149030535,21.0,21.999999999999996,21.0,21.999999999999996,24.499999999999996,25.0,26.0,20.500000000000004,23.5,26.999999999999996,29.868614168257455,31.993159945915874,0.3580330104213962,-20.35697268582148,28.139999999999972
45.0,14.0,-26.9,746.4,0.0,0.0,0.0,20.0,69.8,69.8,69.8,68.0,68.0,-27.2987003716866,71.6,75.2,987.731111111111,3555832.0,0.0,0.0,5.18333333333333,4.14666666666667,3.8875,1564.4,1522.2,1169.6,1101.7,0.0,1737.0,0.0,0.0,744.0,2368.0,3.88,9.0,3.88,13.0,0.0,987.731111111111,0.0,64.0,76.1,72.5,58.0,77.9,74.3,77.0,68.9,9.20999999999998,91.0,14.501,749.0,36.9,14.698,0.9,3.0,0.0,0.0,0.0,14.0,63.0,0.0,77.0,1.0,0.0,825.6,0.0,0.0,0.6,9.0,0.0,29.0,0.0,77.0,77.0,350.0,825.6,-50.0,0.0,0.0,0.0,0.0,400.0,0.0,0.0,0.0,0.0,0.0,0.0,64.0,746.8,4.44,0.0,14.4595396,20.02707477436,0.0,0.229446911805887,-0.996107213011551,-0.6189521350562,0.0,-0.10274122506323,21.0,21.999999999999996,21.0,21.999999999999996,24.499999999999996,25.0,26.0,20.500000000000004,23.5,26.999999999999996,17.261934443475077,19.99572496619744,0.3691800810956722,-20.35697268582148,27.69000000000002
46.0,14.0,-12.2,745.2,0.0,0.0,0.0,20.0,69.8,69.8,69.8,68.0,69.8,-12.3609183564214,71.6,75.2,987.731666666667,3555834.0,0.0,0.0,5.175,4.14,3.88125,1564.4,1522.2,1169.6,1101.7,0.0,759.0,0.0,0.0,743.0,2368.0,3.88,21.0,3.88,61.0,0.0,987.731666666667,0.0,64.0,76.1,72.5,58.0,77.9,74.3,77.0,68.9,9.20999999999998,91.0,14.501,749.0,36.9,14.698,0.9,3.0,0.0,0.0,0.0,14.0,63.0,0.0,77.0,1.0,0.0,825.6,0.0,0.0,0.6,9.0,0.0,29.0,0.0,77.0,77.0,350.0,825.6,-50.0,0.0,0.0,0.0,0.0,400.0,0.0,0.0,0.0,0.0,0.0,0.0,64.5,745.5,4.443,0.0,14.4595396,19.316532757347,0.0,0.231812694834389,-0.769955034625978,-0.478427729820578,0.0,-0.145341301652462,21.0,21.999999999999996,21.0,21.999999999999996,24.499999999999996,25.0,26.0,20.500000000000004,23.5,26.999999999999996,17.261934443475077,6.998503738169096,0.3729866259885319,-9.217687066682625,27.69000000000002
47.0,14.0,-12.2,745.2,0.0,0.0,0.0,20.0,69.8,69.8,69.8,68.0,69.8,-12.3609183564214,71.6,75.2,987.731666666667,3555834.0,0.0,0.0,5.175,4.14,3.88125,1564.4,1522.2,1169.6,1101.7,0.0,759.0,0.0,0.0,743.0,2368.0,3.88,21.0,3.88,61.0,0.0,987.731666666667,0.0,64.0,76.1,72.5,58.0,77.9,74.3,77.0,68.9,9.10000000000002,91.0,14.503,747.7,36.9,14.7,1.7,3.0,0.0,0.0,0.0,14.0,63.0,0.0,77.0,1.0,0.0,825.6,0.0,0.0,0.6,9.0,0.0,29.0,0.0,77.0,77.0,350.0,825.6,-50.0,0.0,0.0,0.0,0.0,400.0,0.0,0.0,0.0,0.0,0.0,0.0,64.5,745.5,4.443,0.0,14.4517268,19.316532757347,0.0,0.231812694834389,-0.769955034625978,-0.478427729820578,0.0,-0.145341301652462,21.0,21.999999999999996,21.0,21.999999999999996,24.499999999999996,25.0,26.0,20.500000000000004,23.5,26.999999999999996,4.1084966141483665,6.998503738169096,0.3729866259885319,-9.217687066682625,27.79999999999998
48.0,14.0,0.7,743.8,0.0,0.0,0.0,20.0,69.8,69.8,69.8,68.0,69.8,0.707900591265451,71.6,75.2,987.732222222222,3555836.0,0.0,0.0,5.16527777777778,4.13222222222222,3.87395833333333,1564.4,1522.2,1169.6,1101.7,0.0,-6.0,0.0,0.0,742.0,2368.0,3.86,19.0,3.86,61.0,0.0,987.732222222222,0.0,64.0,76.1,72.5,58.0,77.9,74.3,77.0,68.9,9.10000000000002,91.0,14.503,747.7,36.9,14.7,1.7,3.0,0.0,0.0,0.0,14.0,63.0,0.0,77.0,1.0,0.0,825.6,0.0,0.0,0.6,9.0,0.0,29.0,0.0,77.0,77.0,350.0,825.6,-50.0,0.0,0.0,0.0,0.0,400.0,0.0,0.0,0.0,0.0,0.0,0.0,64.5,743.9,4.443,0.0,14.4517268,18.4739232091287,0.0,0.231812694834389,0.0,0.0,0.0,-0.147183980146206,21.0,21.999999999999996,21.0,21.999999999999996,24.499999999999996,25.0,26.999999999999996,20.500000000000004,23.5,26.999999999999996,4.1084966141483665,0.0,0.3729866259885319,-9.20036988754504,27.79999999999998
49.0,14.0,0.7,743.8,0.0,0.0,0.0,20.0,69.8,69.8,69.8,68.0,69.8,0.707900591265451,71.6,75.2,987.732222222222,3555836.0,0.0,0.0,5.16527777777778,4.13222222222222,3.87395833333333,1564.4,1522.2,1169.6,1101.7,0.0,-6.0,0.0,0.0,742.0,2368.0,3.86,19.0,3.86,61.0,0.0,987.732222222222,0.0,64.0,76.1,72.5,58.0,77.9,74.3,77.0,68.9,9.03000000000003,91.0,14.504,746.7,36.41,14.717,-1.0,3.0,0.0,0.0,0.0,14.0,63.0,0.0,77.0,1.0,0.0,825.6,0.0,0.0,0.6,9.0,0.0,29.0,0.0,77.0,77.0,350.0,825.6,-50.0,0.0,0.0,0.0,0.0,400.0,0.0,0.0,0.0,0.0,0.0,0.0,64.5,743.9,4.443,0.0,14.4517268,18.4739232091287,0.0,0.231812694834389,0.0,0.0,0.0,-0.147183980146206,21.0,21.999999999999996,21.0,21.999999999999996,24.499999999999996,25.0,26.999999999999996,20.500000000000004,23.5,26.999999999999996,0.06248664051936694,0.0,0.3729866259885319,-9.20036988754504,27.379999999999967
50.0,14.0,0.7,743.7,0.0,0.0,0.0,20.0,69.8,69.8,69.8,68.0,68.0,0.70780541775224,71.6,75.2,987.732777777778,3555838.0,0.0,0.0,5.16458333333333,4.13166666666667,3.8734375,1564.4,1522.2,1169.6,1101.7,0.0,0.0,0.0,0.0,742.0,2368.0,3.86,167.0,3.86,61.0,0.0,987.732777777778,0.0,64.0,76.1,72.5,58.0,77.9,74.3,77.0,68.9,9.03000000000003,91.0,14.504,746.7,36.41,14.717,-1.0,3.0,0.0,0.0,0.0,14.0,63.0,0.0,77.0,1.0,0.0,825.6,0.0,0.0,0.6,9.0,0.0,29.0,0.0,77.0,77.0,350.0,825.6,-50.0,0.0,0.0,0.0,0.0,400.0,0.0,0.0,0.0,0.0,0.0,0.0,64.5,743.7,4.443,0.0,14.4517268,17.6980001541471,0.0,0.231812694834389,0.0,0.0,0.0,-0.114504594921036,21.0,21.999999999999996,21.0,21.999999999999996,24.499999999999996,25.0,26.0,20.500000000000004,23.5,26.999999999999996,0.06248664051936694,0.0,0.3729866259885319,0.527819103469232,27.379999999999967
51.0,14.0,0.7,743.7,0.0,0.0,0.0,20.0,69.8,69.8,69.8,68.0,68.0,0.70780541775224,71.6,75.2,987.732777777778,3555838.0,0.0,0.0,5.16458333333333,4.13166666666667,3.8734375,1564.4,1522.2,1169.6,1101.7,0.0,0.0,0.0,0.0,742.0,2368.0,3.86,167.0,3.86,61.0,0.0,987.732777777778,0.0,64.0,76.1,72.5,58.0,77.9,74.3,77.0,68.9,8.62,91.0,14.491,746.5,36.43,14.686,-0.4,3.0,0.0,0.0,0.0,14.0,63.0,0.0,77.0,1.0,0.0,825.6,0.0,0.0,0.6,9.0,0.0,29.0,0.0,77.0,77.0,350.0,825.6,-50.0,0.0,0.0,0.0,0.0,400.0,0.0,0.0,0.0,0.0,0.0,0.0,64.5,743.7,4.443,0.0,14.4595396,17.6980001541471,0.0,0.231812694834389,0.0,0.0,0.0,-0.114504594921036,21.0,21.999999999999996,21.0,21.999999999999996,24.499999999999996,25.0,26.0,20.500000000000004,23.5,26.999999999999996,0.0,0.0,0.3729866259885319,0.527819103469232,27.810000000000002
52.0,14.0,0.7,743.7,0.0,0.0,0.0,20.0,69.8,69.8,69.8,68.0,69.8,0.70780541775224,71.6,75.2,987.733333333333,3555840.0,0.0,0.0,5.16458333333333,4.13166666666667,3.8734375,1564.4,1522.2,1169.6,1101.7,0.0,0.0,0.0,0.0,742.0,2368.0,3.86,19.0,3.86,150.0,0.0,987.733333333333,0.0,64.0,76.1,72.5,58.0,77.9,74.3,77.0,68.9,8.62,91.0,14.491,746.5,36.43,14.686,-0.4,3.0,0.0,0.0,0.0,14.0,63.0,0.0,77.0,1.0,0.0,825.6,0.0,0.0,0.6,9.0,0.0,29.0,0.0,77.0,77.0,350.0,825.6,-50.0,0.0,0.0,0.0,0.0,400.0,0.0,0.0,0.0,0.0,0.0,0.0,64.5,743.7,4.443,0.0,14.4595396,16.995393058512,0.0,0.231812694834389,0.0,0.0,0.0,-0.0720918183462629,21.0,21.999999999999996,21.0,21.999999999999996,24.499999999999996,25.0,26.0,20.500000000000004,23.5,26.999999999999996,0.0,0.0,0.3729866259885319,0.527819103469232,27.810000000000002
53.0,14.0,0.7,743.7,0.0,0.0,0.0,20.0,69.8,69.8,69.8,68.0,69.8,0.70780541775224,71.6,75.2,987.733333333333,3555840.0,0.0,0.0,5.16458333333333,4.13166666666667,3.8734375,1564.4,1522.2,1169.6,1101.7,0.0,0.0,0.0,0.0,742.0,2368.0,3.86,19.0,3.86,150.0,0.0,987.733333333333,0.0,64.0,76.1,72.5,58.0,77.9,74.3,77.0,68.9,9.05000000000001,91.0,14.506,746.5,36.34,14.711,-0.4,3.0,0.0,0.0,0.0,14.0,63.0,0.0,77.0,1.0,0.0,825.6,0.0,0.0,0.6,9.0,0.0,29.0,0.0,77.0,77.0,350.0,825.6,-50.0,0.0,0.0,0.0,0.0,400.0,0.0,0.0,0.0,0.0,0.0,0.0,64.5,743.7,4.443,0.0,14.4605162,16.995393058512,0.0,0.231812694834389,0.0,0.0,0.0,-0.0720918183462629,21.0,21.999999999999996,21.0,21.999999999999996,24.499999999999996,25.0,26.0,20.500000000000004,23.5,28.000000000000004,0.0,0.0,0.3729866259885319,0.527819103469232,27.289999999999992
54.0,14.0,0.7,743.6,0.0,0.0,0.0,20.0,69.8,69.8,69.8,68.0,69.8,0.707710244239028,71.6,75.2,987.733888888889,3555842.0,0.0,0.0,5.16388888888889,4.13111111111111,3.87291666666667,1564.4,1522.2,1169.6,1101.7,0.0,0.0,0.0,0.0,742.0,2373.0,3.86,24.0,3.86,61.0,0.0,987.733888888889,0.0,64.0,76.1,72.5,58.0,77.9,74.3,77.0,68.9,9.05000000000001,91.0,14.506,746.5,36.34,14.711,-0.4,3.0,0.0,0.0,0.0,14.0,63.0,0.0,77.0,1.0,0.0,825.6,0.0,0.0,0.6,9.0,0.0,29.0,0.0,77.0,77.0,350.0,825.6,-50.0,0.0,0.0,0.0,0.0,400.0,0.0,0.0,0.0,0.0,0.0,0.0,64.5,743.6,4.44,0.0,14.4605162,16.3364057379004,0.0,0.231812694834389,0.0,0.0,0.0,-0.0251580708096267,21.0,21.999999999999996,21.0,21.999999999999996,24.499999999999996,25.0,26.0,20.500000000000004,23.5,28.000000000000004,0.0,0.0,0.3729866259885319,0.5277481314235853,27.289999999999992
55.0,14.0,0.7,743.6,0.0,0.0,0.0,20.0,69.8,69.8,69.8,68.0,69.8,0.707710244239028,71.6,75.2,987.733888888889,3555842.0,0.0,0.0,5.16388888888889,4.13111111111111,3.87291666666667,1564.4,1522.2,1169.6,1101.7,0.0,0.0,0.0,0.0,742.0,2373.0,3.86,24.0,3.86,61.0,0.0,987.733888888889,0.0,64.0,76.1,72.5,58.0,77.9,74.3,77.0,68.9,8.44999999999999,91.0,14.49,746.5,36.44,14.68,-0.4,3.0,0.0,0.0,0.0,14.0,63.0,0.0,77.0,1.0,0.0,825.6,0.0,0.0,0.6,9.0,0.0,29.0,0.0,77.0,77.0,350.0,825.6,-50.0,0.0,0.0,0.0,0.0,400.0,0.0,0.0,0.0,0.0,0.0,0.0,64.5,743.6,4.44,0.0,14.4605162,16.3364057379004,0.0,0.231812694834389,0.0,0.0,0.0,-0.0251580708096267,21.0,21.999999999999996,21.0,21.999999999999996,24.499999999999996,25.0,26.0,20.500000000000004,23.5,28.000000000000004,0.0,0.0,0.3729866259885319,0.5277481314235853,27.99000000000001
56.0,14.0,0.8,743.6,0.0,0.0,0.0,20.0,69.8,69.8,69.8,68.0,69.8,0.808811707701747,71.6,75.2,987.734444444444,3555844.0,0.0,0.0,5.16388888888889,4.13111111111111,3.87291666666667,1564.4,1522.2,1169.6,1101.7,0.0,0.0,0.0,0.0,741.0,2373.0,3.86,24.0,3.86,2.0,0.0,987.734444444444,0.0,64.0,75.2,72.5,58.0,77.9,74.3,77.0,68.9,8.44999999999999,91.0,14.49,746.5,36.44,14.68,-0.4,3.0,0.0,0.0,0.0,14.0,63.0,0.0,77.0,1.0,0.0,825.6,0.0,0.0,0.6,9.0,0.0,29.0,0.0,77.0,77.0,350.0,825.6,-50.0,0.0,0.0,0.0,0.0,400.0,0.0,0.0,0.0,0.0,0.0,0.0,64.5,743.6,4.442,0.0,14.4605162,15.7273180857978,0.0,0.231812694834389,0.0,0.0,0.0,0.0,21.0,21.999999999999996,21.0,21.999999999999996,24.0,25.0,26.0,20.500000000000004,23.5,28.000000000000004,0.0,0.0,0.3729866259885319,0.5277481314235853,27.99000000000001
57.0,14.0,0.8,743.6,0.0,0.0,0.0,20.0,69.8,69.8,69.8,68.0,69.8,0.808811707701747,71.6,75.2,987.734444444444,3555844.0,0.0,0.0,5.16388888888889,4.13111111111111,3.87291666666667,1564.4,1522.2,1169.6,1101.7,0.0,0.0,0.0,0.0,741.0,2373.0,3.86,24.0,3.86,2.0,0.0,987.734444444444,0.0,64.0,75.2,72.5,58.0,77.9,74.3,77.0,68.9,8.70999999999998,91.0,14.506,746.5,36.07,14.7,-0.4,3.0,0.0,0.0,0.0,14.0,63.0,0.0,77.0,1.0,0.0,825.6,0.0,0.0,0.6,9.0,0.0,29.0,0.0,77.0,77.0,350.0,825.6,-50.0,0.0,0.0,0.0,0.0,400.0,0.0,0.0,0.0,0.0,0.0,0.0,64.5,743.6,4.442,0.0,14.4507502,15.7273180857978,0.0,0.231812694834389,0.0,0.0,0.0,0.0,21.0,21.999999999999996,21.0,21.999999999999996,24.0,25.0,26.0,20.500000000000004,23.5,28.000000000000004,0.0,0.0,0.3729866259885319,0.5277481314235853,27.36000000000002
58.0,14.0,0.7,743.5,0.0,0.0,0.0,20.0,69.8,69.8,69.8,68.0,68.0,0.707615070725817,71.6,75.2,987.735,3555846.0,0.0,0.0,5.16319444444444,4.13055555555556,3.87239583333333,1564.4,1522.2,1169.6,1101.7,0.0,0.0,0.0,0.0,741.0,2373.0,3.86,8.0,3.86,61.0,0.0,987.735,0.0,64.0,76.1,72.5,58.0,77.9,74.3,77.0,68.9,8.70999999999998,91.0,14.506,746.5,36.07,14.7,-0.4,3.0,0.0,0.0,0.0,14.0,63.0,0.0,77.0,1.0,0.0,825.6,0.0,0.0,0.6,9.0,0.0,29.0,0.0,77.0,77.0,350.0,825.6,-50.0,0.0,0.0,0.0,0.0,400.0,0.0,0.0,0.0,0.0,0.0,0.0,64.5,743.5,4.443,0.0,14.4507502,15.161608070091,0.0,0.231812694834389,0.0,0.0,0.0,0.0,21.0,21.999999999999996,21.0,21.999999999999996,24.499999999999996,25.0,26.0,20.500000000000004,23.5,28.000000000000004,0.0,0.0,0.3729866259885319,0.6030596107176451,27.36000000000002
59.0,14.0,0.7,743.5,0.0,0.0,0.0,20.0,69.8,69.8,69.8,68.0,68.0,0.707615070725817,71.6,75.2,987.735,3555846.0,0.0,0.0,5.16319444444444,4.13055555555556,3.87239583333333,1564.4,1522.2,1169.6,1101.7,0.0,0.0,0.0,0.0,741.0,2373.0,3.86,8.0,3.86,61.0,0.0,987.735,0.0,64.0,76.1,72.5,58.0,77.9,74.3,77.0,68.9,8.37,91.0,14.49,746.5,36.29,14.689,-0.4,3.0,0.0,0.0,0.0,14.0,63.0,0.0,77.0,1.0,0.0,825.6,0.0,0.0,0.6,9.0,0.0,29.0,0.0,77.0,77.0,350.0,825.6,-50.0,0.0,0.0,0.0,0.0,400.0,0.0,0.0,0.0,0.0,0.0,0.0,64.5,743.5,4.443,0.0,14.4605162,15.161608070091,0.0,0.231812694834389,0.0,0.0,0.0,0.0,21.0,21.999999999999996,21.0,21.999999999999996,24.499999999999996,25.0,26.0,20.500000000000004,23.5,28.000000000000004,0.0,0.0,0.3729866259885319,0.6030596107176451,27.92
60.0,14.0,0.8,743.5,0.0,0.0,0.0,20.0,69.8,69.8,69.8,68.0,69.8,0.808702937972362,71.6,75.2,987.735555555556,3555848.0,0.0,0.0,5.16319444444444,4.13055555555556,3.87239583333333,1564.4,1522.2,1169.6,1101.7,0.0,0.0,0.0,0.0,741.0,2373.0,3.86,9.0,3.86,2.0,0.0,987.735555555556,0.0,64.0,76.1,71.6,58.0,77.9,74.3,77.0,68.9,8.37,91.0,14.49,746.5,36.29,14.689,-0.4,3.0,0.0,0.0,0.0,14.0,63.0,0.0,77.0,1.0,0.0,825.6,0.0,0.0,0.6,9.0,0.0,29.0,0.0,77.0,77.0,350.0,825.6,-50.0,0.0,0.0,0.0,0.0,400.0,0.0,0.0,0.0,0.0,0.0,0.0,64.5,743.5,4.442,0.0,14.4605162,14.6419288735986,0.0,0.231812694834389,0.0,0.0,0.0,0.0,21.0,21.999999999999996,21.0,21.999999999999996,24.499999999999996,25.0,26.0,20.500000000000004,23.5,28.000000000000004,0.0,0.0,0.3729866259885319,0.5276771593779396,27.92
61.0,14.0,0.8,743.5,0.0,0.0,0.0,20.0,69.8,69.8,69.8,68.0,69.8,0.808702937972362,71.6,75.2,987.735555555556,3555848.0,0.0,0.0,5.16319444444444,4.13055555555556,3.87239583333333,1564.4,1522.2,1169.6,1101.7,0.0,0.0,0.0,0.0,741.0,2373.0,3.86,9.0,3.86,2.0,0.0,987.735555555556,0.0,64.0,76.1,71.6,58.0,77.9,74.3,77.0,68.9,8.50999999999999,91.0,14.509,746.5,36.02,14.712,-0.5,3.0,0.0,0.0,0.0,14.0,63.0,0.0,77.0,1.0,0.0,825.6,0.0,0.0,0.6,9.0,0.0,29.0,0.0,77.0,77.0,350.0,825.6,-50.0,0.0,0.0,0.0,0.0,400.0,0.0,0.0,0.0,0.0,0.0,0.0,64.5,743.5,4.442,0.0,14.4404959,14.6419288735986,0.0,0.231812694834389,0.0,0.0,0.0,0.0,21.0,21.999999999999996,21.0,21.999999999999996,24.499999999999996,25.0,26.0,20.500000000000004,23.5,28.000000000000004,0.0,0.0,0.3729866259885319,0.5276771593779396,27.510000000000012
62.0,14.0,0.7,743.5,0.0,0.0,0.0,20.0,69.8,69.8,69.8,68.0,69.8,0.707615070725817,71.6,75.2,987.736111111111,3555850.0,0.0,0.0,5.16319444444444,4.13055555555556,3.87239583333333,1564.4,1522.2,1169.6,1101.7,0.0,0.0,0.0,0.0,741.0,2374.0,3.86,11.0,3.86,2.0,0.0,987.736111111111,0.0,64.0,76.1,71.6,58.0,77.9,74.3,77.0,68.9,8.30000000000001,91.0,14.491,746.6,35.75,14.68,-0.5,3.0,0.0,0.0,0.0,14.0,63.0,0.0,77.0,1.0,0.0,825.6,0.0,0.0,0.6,9.0,0.0,29.0,0.0,77.0,77.0,350.0,825.6,-50.0,0.0,0.0,0.0,0.0,400.0,0.0,0.0,0.0,0.0,0.0,0.0,64.5,743.5,4.439,0.0,14.4404959,14.1511856994513,0.0,0.231812694834389,0.0,0.0,0.0,0.0,21.0,21.999999999999996,21.0,21.999999999999996,24.499999999999996,25.0,26.0,20.500000000000004,23.5,28.000000000000004,0.0,0.0,0.3729866259885319,0.6030596107176451,27.44999999999999
63.0,14.0,0.7,743.5,0.0,0.0,0.0,20.0,69.8,69.8,69.8,68.0,69.8,0.707615070725817,71.6,75.2,987.736111111111,3555850.0,0.0,0.0,5.16319444444444,4.13055555555556,3.87239583333333,1564.4,1522.2,1169.6,1101.7,0.0,0.0,0.0,0.0,741.0,2374.0,3.86,11.0,3.86,2.0,0.0,987.736111111111,0.0,64.0,76.1,71.6,58.0,77.9,74.3,77.0,68.9,8.30000000000001,91.0,14.491,746.6,35.75,14.68,-0.4,3.0,0.0,0.0,0.0,14.0,63.0,0.0,77.0,1.0,0.0,825.6,0.0,0.0,0.6,9.0,0.0,29.0,0.0,77.0,77.0,350.0,825.6,-50.0,0.0,0.0,0.0,0.0,400.0,0.0,0.0,0.0,0.0,0.0,0.0,64.5,743.5,4.439,0.0,14.4605162,14.1511856994513,0.0,0.231812694834389,0.0,0.0,0.0,0.0,21.0,21.999999999999996,21.0,21.999999999999996,24.499999999999996,25.0,26.0,20.500000000000004,23.5,28.000000000000004,0.0,0.0,0.3729866259885319,0.6030596107176451,27.44999999999999
64.0,14.0,0.7,743.4,0.0,0.0,0.0,20.0,69.8,69.8,69.8,68.0,68.0,0.707519897212606,71.6,75.2,987.736666666667,3555852.0,0.0,0.0,5.1625,4.13,3.871875,1564.4,1522.3,1169.6,1101.7,0.0,0.0,0.0,0.0,741.0,2374.0,3.86,21.0,3.86,61.0,0.0,987.736666666667,0.0,64.0,75.2,71.6,58.0,77.9,74.3,77.0,68.9,8.34000000000003,91.0,14.509,746.3,35.06,14.682,-0.4,3.0,0.0,0.0,0.0,14.0,63.0,0.0,77.0,1.0,0.0,825.6,0.0,0.0,0.6,9.0,0.0,29.0,0.0,77.0,77.0,350.0,825.6,-50.0,0.0,0.0,0.0,0.0,400.0,0.0,0.0,0.0,0.0,0.0,0.0,64.5,743.4,4.443,0.0,14.4605162,13.6983078515388,0.0,0.231812694834389,0.0,0.0,0.0,0.0,21.0,21.999999999999996,21.0,21.999999999999996,24.0,25.0,26.0,20.500000000000004,23.5,28.000000000000004,0.0,0.0,0.3729866259885319,0.5276061873322938,26.71999999999997
65.0,14.0,0.7,743.4,0.0,0.0,0.0,20.0,69.8,69.8,69.8,68.0,68.0,0.707519897212606,71.6,75.2,987.736666666667,3555852.0,0.0,0.0,5.1625,4.13,3.871875,1564.4,1522.3,1169.6,1101.7,0.0,0.0,0.0,0.0,741.0,2374.0,3.86,21.0,3.86,61.0,0.0,987.736666666667,0.0,64.0,75.2,71.6,58.0,77.9,74.3,77.0,68.9,8.34000000000003,91.0,14.509,746.3,35.06,14.682,-0.4,3.0,0.0,0.0,0.0,14.0,63.0,0.0,77.0,1.0,0.0,825.6,0.0,0.0,0.6,9.0,0.0,29.0,0.0,77.0,77.0,350.0,825.6,-50.0,0.0,0.0,0.0,0.0,400.0,0.0,0.0,0.0,0.0,0.0,0.0,64.5,743.4,4.443,0.0,14.4497736,13.6983078515388,0.0,0.231812694834389,0.0,0.0,0.0,0.0,21.0,21.999999999999996,21.0,21.999999999999996,24.0,25.0,26.0,20.500000000000004,23.5,28.000000000000004,0.0,0.0,0.3729866259885319,0.5276061873322938,26.71999999999997
66.0,14.0,0.7,743.4,0.0,0.0,0.0,20.0,69.8,69.8,69.8,68.0,68.0,0.707519897212606,71.6,75.2,987.737222222222,3555854.0,0.0,0.0,5.1625,4.13,3.871875,1564.4,1522.3,1169.6,1101.7,0.0,0.0,0.0,0.0,741.0,2374.0,3.86,11.0,3.86,49.0,0.0,987.737222222222,0.0,64.0,75.2,71.6,58.0,77.9,74.3,77.0,68.9,8.17000000000002,91.0,14.493,746.5,35.11,14.705,-0.5,3.0,0.0,0.0,0.0,14.0,63.0,0.0,77.0,1.0,0.0,825.6,0.0,0.0,0.6,9.0,0.0,29.0,0.0,77.0,77.0,350.0,825.6,-50.0,0.0,0.0,0.0,0.0,400.0,0.0,0.0,0.0,0.0,0.0,0.0,64.5,743.5,4.443,0.0,14.4497736,13.2786712554103,0.0,0.231812694834389,0.0,0.0,0.0,0.0,21.0,21.999999999999996,21.0,21.999999999999996,24.0,25.0,26.0,20.500000000000004,23.5,28.000000000000004,0.0,0.0,0.3729866259885319,0.5276061873322938,26.93999999999998
67.0,14.0,0.7,743.4,0.0,0.0,0.0,20.0,69.8,69.8,69.8,68.0,68.0,0.707519897212606,71.6,75.2,987.737222222222,3555854.0,0.0,0.0,5.1625,4.13,3.871875,1564.4,1522.3,1169.6,1101.7,0.0,0.0,0.0,0.0,741.0,2374.0,3.86,11.0,3.86,49.0,0.0,987.737222222222,0.0,64.0,75.2,71.6,58.0,77.9,74.3,77.0,68.9,8.17000000000002,91.0,14.493,746.5,35.11,14.705,-0.5,3.0,0.0,0.0,0.0,14.0,63.0,0.0,77.0,1.0,0.0,825.6,0.0,0.0,0.6,9.0,0.0,29.0,0.0,77.0,77.0,350.0,825.6,-50.0,0.0,0.0,0.0,0.0,400.0,0.0,0.0,0.0,0.0,0.0,0.0,64.5,743.5,4.443,0.0,14.4605162,13.2786712554103,0.0,0.231812694834389,0.0,0.0,0.0,0.0,21.0,21.999999999999996,21.0,21.999999999999996,24.0,25.0,26.0,20.500000000000004,23.5,28.000000000000004,0.0,0.0,0.3729866259885319,0.5276061873322938,26.93999999999998
68.0,14.0,0.7,743.4,0.0,0.0,0.0,20.0,69.8,69.8,69.8,68.0,69.8,0.707519897212606,71.6,75.2,987.7375,3555855.0,0.0,0.0,5.1625,4.13,3.871875,1564.4,1522.3,1169.6,1101.7,0.0,0.0,0.0,0.0,741.0,2374.0,3.86,12.0,3.86,2.0,0.0,987.7375,0.0,64.0,76.1,71.6,58.0,77.9,74.3,77.0,68.9,8.07999999999998,91.0,14.511,746.0,35.0,14.682,-0.5,3.0,0.0,0.0,0.0,14.0,63.0,0.0,77.0,1.0,0.0,825.6,0.0,0.0,0.6,9.0,0.0,29.0,0.0,77.0,77.0,350.0,825.6,-50.0,0.0,0.0,0.0,0.0,400.0,0.0,0.0,0.0,0.0,0.0,0.0,64.5,743.5,4.443,0.0,14.4605162,12.8915891372114,0.0,0.231812694834389,0.0,0.0,0.0,0.0,21.0,21.999999999999996,21.0,21.999999999999996,24.499999999999996,25.0,26.0,20.500000000000004,23.5,28.000000000000004,0.0,0.0,0.3729866259885319,0.5276061873322938,26.92000000000002
69.0,14.0,0.7,743.4,0.0,0.0,0.0,20.0,69.8,69.8,69.8,68.0,69.8,0.707519897212606,71.6,75.2,987.7375,3555855.0,0.0,0.0,5.1625,4.13,3.871875,1564.4,1522.3,1169.6,1101.7,0.0,0.0,0.0,0.0,741.0,2374.0,3.86,12.0,3.86,2.0,0.0,987.7375,0.0,64.0,76.1,71.6,58.0,77.9,74.3,77.0,68.9,8.07999999999998,91.0,14.511,746.0,35.0,14.682,-0.5,3.0,0.0,0.0,0.0,14.0,63.0,0.0,77.0,1.0,0.0,825.6,0.0,0.0,0.6,9.0,0.0,29.0,0.0,77.0,77.0,350.0,825.6,-50.0,0.0,0.0,0.0,0.0,400.0,0.0,0.0,0.0,0.0,0.0,0.0,64.5,743.5,4.442,0.0,14.4507502,12.8915891372114,0.0,0.231812694834389,0.0,0.0,0.0,0.0,21.0,21.999999999999996,21.0,21.999999999999996,24.499999999999996,25.0,26.0,20.500000000000004,23.5,28.000000000000004,0.0,0.0,0.3729866259885319,0.5276061873322938,26.92000000000002
70.0,14.0,0.7,743.4,0.0,0.0,0.0,20.0,69.8,69.8,69.8,68.0,69.8,0.707519897212606,71.6,75.2,987.738055555556,3555857.0,0.0,0.0,5.1625,4.13,3.871875,1564.4,1522.3,1169.6,1101.7,0.0,0.0,0.0,0.0,741.0,2374.0,3.86,19.0,3.86,99.0,0.0,987.738055555556,0.0,64.0,75.2,71.6,58.0,77.9,74.3,77.0,68.9,8.01999999999998,91.0,14.494,746.5,34.98,14.683,-0.4,3.0,0.0,0.0,0.0,14.0,63.0,0.0,77.0,1.0,0.0,825.6,0.0,0.0,0.6,9.0,0.0,29.0,0.0,77.0,77.0,350.0,825.6,-50.0,0.0,0.0,0.0,0.0,400.0,0.0,0.0,0.0,0.0,0.0,0.0,64.5,743.5,4.442,0.0,14.4605162,12.526169283486,0.0,0.231812694834389,0.0,0.0,0.0,0.0,21.0,21.999999999999996,21.0,21.999999999999996,24.0,25.0,26.0,20.500000000000004,23.5,28.000000000000004,0.0,0.0,0.3729866259885319,0.5276061873322938,26.960000000000015
71.0,14.0,0.7,743.4,0.0,0.0,0.0,20.0,69.8,69.8,69.8,68.0,69.8,0.707519897212606,71.6,75.2,987.738055555556,3555857.0,0.0,0.0,5.1625,4.13,3.871875,1564.4,1522.3,1169.6,1101.7,0.0,0.0,0.0,0.0,741.0,2374.0,3.86,19.0,3.86,99.0,0.0,987.738055555556,0.0,64.0,75.2,71.6,58.0,77.9,74.3,77.0,68.9,8.01999999999998,91.0,14.494,746.5,34.98,14.683,-0.4,3.0,0.0,0.0,0.0,14.0,63.0,0.0,77.0,1.0,0.0,825.6,0.0,0.0,0.6,9.0,0.0,29.0,0.0,77.0,77.0,350.0,825.6,-50.0,0.0,0.0,0.0,0.0,400.0,0.0,0.0,0.0,0.0,0.0,0.0,64.5,743.4,4.441,0.0,14.4605162,12.526169283486,0.0,0.231812694834389,0.0,0.0,0.0,0.0,21.0,21.999999999999996,21.0,21.999999999999996,24.0,25.0,26.0,20.500000000000004,23.5,28.000000000000004,0.0,0.0,0.3729866259885319,0.5276061873322938,26.960000000000015
72.0,14.0,0.7,743.4,0.0,0.0,0.0,20.0,69.8,69.8,69.8,68.0,69.8,0.707519897212606,71.6,75.2,987.738611111111,3555859.0,0.0,0.0,5.1625,4.13,3.871875,1564.4,1522.3,1169.6,1101.7,0.0,0.0,0.0,0.0,741.0,2377.0,3.86,19.0,3.86,145.0,0.0,987.738611111111,0.0,64.0,75.2,71.6,58.0,77.9,74.3,77.0,68.9,8.01999999999998,91.0,14.51,746.5,34.89,14.678,-0.4,3.0,0.0,0.0,0.0,14.0,63.0,0.0,77.0,1.0,0.0,825.6,0.0,0.0,0.6,9.0,0.0,29.0,0.0,77.0,77.0,350.0,825.6,-50.0,0.0,0.0,0.0,0.0,400.0,0.0,0.0,0.0,0.0,0.0,0.0,64.5,743.4,4.441,0.0,14.4507502,12.1807125803599,0.0,0.231812694834389,0.0,0.0,0.0,0.0,21.0,21.999999999999996,21.0,21.999999999999996,24.0,25.0,26.0,20.500000000000004,23.5,28.000000000000004,0.0,0.0,0.3729866259885319,0.5276061873322938,26.87000000000002
73.0,14.0,0.7,743.4,0.0,0.0,0.0,20.0,69.8,69.8,69.8,68.0,69.8,0.707519897212606,71.6,75.2,987.739166666667,3555861.0,0.0,0.0,5.1625,4.13,3.871875,1564.4,1522.3,1169.6,1101.7,0.0,0.0,0.0,0.0,741.0,2377.0,3.86,12.0,3.86,99.0,0.0,987.739166666666,0.0,64.0,75.2,71.6,58.0,77.9,74.3,77.0,68.9,8.01999999999998,91.0,14.51,746.5,34.89,14.678,-0.4,3.0,0.0,0.0,0.0,14.0,63.0,0.0,77.0,1.0,0.0,825.6,0.0,0.0,0.6,9.0,0.0,29.0,0.0,77.0,77.0,350.0,825.6,-50.0,0.0,0.0,0.0,0.0,400.0,0.0,0.0,0.0,0.0,0.0,0.0,64.5,743.4,4.443,0.0,14.4507502,12.1807125803599,0.0,0.231812694834389,0.0,0.0,0.0,0.0,21.0,21.999999999999996,21.0,21.999999999999996,24.0,25.0,26.0,20.500000000000004,23.5,28.000000000000004,0.0,0.0,0.3729866259885319,0.5276061873322938,26.87000000000002
74.0,14.0,0.7,743.4,0.0,0.0,0.0,20.0,69.8,69.8,69.8,68.0,69.8,0.707519897212606,71.6,75.2,987.739166666667,3555861.0,0.0,0.0,5.1625,4.13,3.871875,1564.4,1522.3,1169.6,1101.7,0.0,0.0,0.0,0.0,741.0,2377.0,3.86,12.0,3.86,99.0,0.0,987.739166666666,0.0,64.0,75.2,71.6,58.0,77.9,74.3,77.0,68.9,7.86000000000001,91.0,14.494,746.5,34.98,14.68,-0.5,3.0,0.0,0.0,0.0,14.0,63.0,0.0,77.0,1.0,0.0,825.6,0.0,0.0,0.6,9.0,0.0,29.0,0.0,77.0,77.0,350.0,825.6,-50.0,0.0,0.0,0.0,0.0,400.0,0.0,0.0,0.0,0.0,0.0,0.0,64.5,743.4,4.443,0.0,14.4614928,11.8486858388884,0.0,0.231812694834389,0.0,0.0,0.0,0.0,21.0,21.999999999999996,21.0,21.999999999999996,24.0,25.0,26.0,20.500000000000004,23.5,28.000000000000004,0.0,0.0,0.3729866259885319,0.5276061873322938,27.119999999999987
75.0,14.0,0.7,743.4,0.0,0.0,0.0,20.0,69.8,69.8,69.8,68.0,68.0,0.707519897212606,71.6,75.2,987.739722222222,3555863.0,0.0,0.0,5.1625,4.13,3.871875,1564.4,1522.3,1169.6,1101.7,0.0,0.0,0.0,0.0,741.0,2377.0,3.86,22.0,3.86,13.0,0.0,987.739722222222,0.0,64.0,75.2,71.6,58.0,77.9,74.3,77.0,68.9,7.86000000000001,91.0,14.494,746.5,34.98,14.68,-0.5,3.0,0.0,0.0,0.0,14.0,63.0,0.0,77.0,1.0,0.0,825.6,0.0,0.0,0.6,9.0,0.0,29.0,0.0,77.0,77.0,350.0,825.6,-50.0,0.0,0.0,0.0,0.0,400.0,0.0,0.0,0.0,0.0,0.0,0.0,64.5,743.4,4.443,0.0,14.4614928,11.8486858388884,0.0,0.231812694834389,0.0,0.0,0.0,0.0,21.0,21.999999999999996,21.0,21.999999999999996,24.0,25.0,26.0,20.500000000000004,23.5,28.000000000000004,0.0,0.0,0.3729866259885319,0.5276061873322938,27.119999999999987
76.0,14.0,0.7,743.4,0.0,0.0,0.0,20.0,69.8,69.8,69.8,68.0,68.0,0.707519897212606,71.6,75.2,987.739722222222,3555863.0,0.0,0.0,5.1625,4.13,3.871875,1564.4,1522.3,1169.6,1101.7,0.0,0.0,0.0,0.0,741.0,2377.0,3.86,22.0,3.86,13.0,0.0,987.739722222222,0.0,64.0,75.2,71.6,58.0,77.9,74.3,77.0,68.9,8.11000000000001,91.0,14.51,746.3,35.22,14.712,-0.4,3.0,0.0,0.0,0.0,14.0,63.0,0.0,77.0,1.0,0.0,825.6,0.0,0.0,0.6,9.0,0.0,29.0,0.0,77.0,77.0,350.0,825.6,-50.0,0.0,0.0,0.0,0.0,400.0,0.0,0.0,0.0,0.0,0.0,0.0,64.5,743.4,4.443,55.956315,14.4717471,11.5390704820918,0.0,0.231812694834389,0.0,0.0,0.0,0.0,21.0,21.999999999999996,21.0,21.999999999999996,24.0,25.0,26.0,20.500000000000004,23.5,28.000000000000004,0.0,0.0,0.3729866259885319,0.5276061873322938,27.10999999999999
77.0,14.0,11.4,742.4,0.0,0.0,0.0,20.0,69.8,69.8,69.8,68.0,68.0,11.5069672110252,71.6,75.2,987.740277777778,3555865.0,0.0,0.0,5.15555555555556,4.12444444444444,3.86666666666667,1564.4,1522.3,1169.6,1101.7,0.0,418.0,0.0,0.0,740.0,2377.0,3.86,19.0,3.86,85.0,0.0,987.740277777778,0.0,64.0,75.2,71.6,58.0,77.9,74.3,77.0,68.9,8.11000000000001,91.0,14.51,746.3,35.22,14.712,-0.4,3.0,0.0,0.0,0.0,14.0,63.0,0.0,77.0,1.0,0.0,825.6,0.0,0.0,0.6,9.0,0.0,29.0,0.0,77.0,77.0,350.0,825.6,-50.0,0.0,0.0,0.0,0.0,400.0,0.0,0.0,0.0,0.0,0.0,0.0,64.5,743.0,4.443,55.956315,14.4717471,11.5390704820918,0.0,0.231812694834389,0.0,0.0,0.0,0.0,21.0,21.999999999999996,21.0,21.999999999999996,24.0,25.0,26.0,20.500000000000004,23.5,28.000000000000004,0.0,0.0,0.3729866259885319,0.5268964668758337,27.10999999999999
78.0,14.0,11.4,742.4,0.0,0.0,0.0,20.0,69.8,69.8,69.8,68.0,68.0,11.5069672110252,71.6,75.2,987.740277777778,3555865.0,0.0,0.0,5.15555555555556,4.12444444444444,3.86666666666667,1564.4,1522.3,1169.6,1101.7,0.0,418.0,0.0,0.0,740.0,2377.0,3.86,19.0,3.86,85.0,0.0,987.740277777778,0.0,64.0,75.2,71.6,58.0,77.9,74.3,77.0,68.9,7.81999999999999,91.0,14.515,745.3,34.12,14.689,38.2,3.0,0.0,0.0,0.0,14.0,63.0,0.0,77.0,1.0,0.0,825.6,0.0,0.0,0.6,9.0,0.0,29.0,0.0,77.0,77.0,350.0,825.6,-50.0,0.0,0.0,0.0,0.0,400.0,0.0,0.0,0.0,0.0,0.0,0.0,64.5,743.0,4.443,67.2354675,14.4605162,11.3400441547039,0.0,0.233771047533791,0.708938294010889,0.44051369668784,0.0,0.0223913352619028,21.0,21.999999999999996,21.0,21.999999999999996,24.0,25.0,26.0,20.500000000000004,23.5,28.000000000000004,9.622942639982503,5.998717489859216,0.3761376154818697,0.5268964668758337,26.300000000000008
79.0,14.0,24.9,740.9,0.0,0.0,0.0,20.0,69.8,69.8,69.8,68.0,69.8,25.0828570408855,71.6,75.2,987.740833333333,3555867.0,0.0,0.0,5.14513888888889,4.11611111111111,3.85885416666667,1564.4,1522.3,1169.6,1101.7,0.0,1178.0,0.0,0.0,739.0,2377.0,3.86,19.0,3.84,61.0,0.0,987.740833333333,0.0,64.0,75.2,71.6,58.0,77.9,74.3,77.0,68.9,7.81999999999999,91.0,14.515,745.3,34.12,14.689,38.2,3.0,0.0,0.0,0.0,14.0,63.0,0.0,77.0,1.0,0.0,825.6,0.0,0.0,0.6,9.0,0.0,29.0,0.0,77.0,77.0,350.0,825.6,-50.0,0.0,0.0,0.0,0.0,400.0,0.0,0.0,0.0,0.0,0.0,0.0,64.5,741.4,4.442,67.2354675,14.4605162,11.3042171178707,0.0,0.239161097144067,0.867283413584152,0.538904761982198,0.0,0.0592236121895634,21.0,21.999999999999996,21.0,21.999999999999996,24.0,25.0,26.0,20.500000000000004,23.5,28.000000000000004,9.622942639982503,15.99657997295792,0.3848102053048038,8.563547860827217,26.300000000000008
80.0,14.0,24.9,740.9,0.0,0.0,0.0,20.0,69.8,69.8,69.8,68.0,69.8,25.0828570408855,71.6,75.2,987.740833333333,3555867.0,0.0,0.0,5.14513888888889,4.11611111111111,3.85885416666667,1564.4,1522.3,1169.6,1101.7,0.0,1178.0,0.0,0.0,739.0,2377.0,3.86,19.0,3.84,61.0,0.0,987.740833333333,0.0,64.0,75.2,71.6,58.0,77.9,74.3,77.0,68.9,7.57999999999998,91.0,14.497,744.0,31.0,14.68,58.7,3.0,0.0,0.0,0.0,14.0,63.0,0.0,77.0,1.0,0.0,825.6,0.0,0.0,0.6,9.0,0.0,29.0,0.0,77.0,77.0,350.0,825.6,-50.0,0.0,0.0,0.0,0.0,400.0,0.0,0.0,0.0,0.0,0.0,0.0,64.5,741.4,4.442,60.7902375,14.4605162,11.3042171178707,0.0,0.239161097144067,0.867283413584152,0.538904761982198,0.0,0.0592236121895634,21.0,21.999999999999996,21.0,21.999999999999996,24.0,25.0,26.0,20.500000000000004,23.5,28.000000000000004,15.99657997295792,15.99657997295792,0.3848102053048038,8.563547860827217,23.42000000000002
81.0,14.0,22.2,740.9,0.0,0.0,0.0,20.0,69.8,69.8,69.8,68.0,69.8,22.3630291689823,71.6,75.2,987.741388888889,3555869.0,0.0,0.0,5.14513888888889,4.11611111111111,3.85885416666667,1564.4,1522.3,1169.6,1101.7,0.0,1769.0,0.0,0.0,739.0,2364.0,3.86,19.0,3.84,41.0,0.0,987.741388888889,0.0,64.0,75.2,71.6,58.0,77.9,73.4,77.0,68.9,7.57999999999998,91.0,14.497,744.0,31.0,14.68,58.7,3.0,0.0,0.0,0.0,14.0,63.0,0.0,77.0,1.0,0.0,825.6,0.0,0.0,0.6,9.0,0.0,29.0,0.0,77.0,77.0,350.0,825.6,-50.0,0.0,0.0,0.0,0.0,400.0,0.0,0.0,0.0,0.0,0.0,0.0,64.0,740.8,4.442,60.7902375,14.4605162,11.3787444638581,0.0,0.246897417191242,1.39834800382783,0.8688928974865,0.0,0.0848128065466302,21.0,21.999999999999996,21.0,21.999999999999996,24.0,25.0,26.0,20.500000000000004,23.5,28.000000000000004,15.99657997295792,22.995083711127048,0.3972579442607084,16.67638267634773,23.42000000000002
82.0,14.0,22.2,740.9,0.0,0.0,0.0,20.0,69.8,69.8,69.8,68.0,69.8,22.3630291689823,71.6,75.2,987.741388888889,3555869.0,0.0,0.0,5.14513888888889,4.11611111111111,3.85885416666667,1564.4,1522.3,1169.6,1101.7,0.0,1769.0,0.0,0.0,739.0,2364.0,3.86,19.0,3.84,41.0,0.0,987.741388888889,0.0,64.0,75.2,71.6,58.0,77.9,73.4,77.0,68.9,7.86000000000001,91.0,14.516,744.0,31.57,14.68,82.2,3.0,0.0,0.0,0.0,14.0,63.0,0.0,77.0,1.0,0.0,825.6,0.0,0.0,0.6,9.0,0.0,29.0,0.0,77.0,77.0,350.0,825.6,-50.0,0.0,0.0,0.0,0.0,400.0,0.0,0.0,0.0,0.0,0.0,0.0,64.0,740.8,4.442,48.143915,14.4595396,11.3787444638581,0.0,0.246897417191242,1.39834800382783,0.8688928974865,0.0,0.0848128065466302,21.0,21.999999999999996,21.0,21.999999999999996,24.0,25.0,26.0,20.500000000000004,23.5,28.000000000000004,24.635358024760468,22.995083711127048,0.3972579442607084,16.67638267634773,23.70999999999999
83.0,14.0,28.2,740.2,0.0,0.0,0.0,20.0,69.8,69.8,69.8,68.0,69.8,28.3802521758195,71.6,75.2,987.741944444444,3555871.0,0.0,0.0,5.14027777777778,4.11222222222222,3.85520833333333,1564.4,1522.3,1169.6,1101.7,0.0,2206.0,0.0,0.0,738.0,2364.0,3.84,9.0,3.84,61.0,0.0,987.741944444444,0.0,64.0,75.2,71.6,58.0,77.9,73.4,77.0,68.9,7.86000000000001,91.0,14.516,744.0,31.57,14.68,82.2,3.0,0.0,0.0,0.0,14.0,63.0,0.0,77.0,1.0,0.0,825.6,0.0,0.0,0.6,9.0,0.0,29.0,0.0,77.0,77.0,350.0,825.6,-50.0,0.0,0.0,0.0,0.0,400.0,0.0,0.0,0.0,0.0,0.0,0.0,64.0,740.8,4.443,48.143915,14.4595396,11.5406124640869,0.0,0.256665619725249,1.38931207015164,0.863278230342192,0.0,0.1060878030334,21.0,21.999999999999996,21.0,21.999999999999996,24.0,25.0,26.0,20.500000000000004,23.5,28.000000000000004,24.635358024760468,28.993801200986265,0.4129749821379256,21.163499012542506,23.70999999999999
84.0,14.0,28.2,740.2,0.0,0.0,0.0,20.0,69.8,69.8,69.8,68.0,69.8,28.3802521758195,71.6,75.2,987.741944444444,3555871.0,0.0,0.0,5.14027777777778,4.11222222222222,3.85520833333333,1564.4,1522.3,1169.6,1101.7,0.0,2206.0,0.0,0.0,738.0,2364.0,3.84,9.0,3.84,61.0,0.0,987.741944444444,0.0,64.0,75.2,71.6,58.0,77.9,73.4,77.0,68.9,7.25999999999999,91.0,14.502,742.8,33.48,14.696,39.8,3.0,0.0,0.0,0.0,14.0,63.0,0.0,77.0,1.0,0.0,825.6,0.0,0.0,0.6,9.0,0.0,29.0,0.0,77.0,77.0,350.0,825.6,-50.0,0.0,0.0,0.0,0.0,400.0,0.0,0.0,0.0,0.0,0.0,0.0,64.0,740.8,4.443,52.4895625,14.4805365,11.5406124640869,0.0,0.256665619725249,1.38931207015164,0.863278230342192,0.0,0.1060878030334,21.0,21.999999999999996,21.0,21.999999999999996,24.0,25.0,26.0,20.500000000000004,23.5,28.000000000000004,27.994014952676284,28.993801200986265,0.4129749821379256,21.163499012542506,26.220000000000006
85.0,14.0,37.6,739.1,0.0,0.0,0.0,20.0,69.8,69.8,69.8,68.0,68.0,37.7841022843343,71.6,75.2,987.7425,3555873.0,0.0,0.0,5.13263888888889,4.10611111111111,3.84947916666667,1564.4,1522.3,1169.6,1101.7,0.0,2746.0,0.0,0.0,737.0,2364.0,3.84,22.0,3.84,49.0,0.0,987.7425,0.0,64.0,75.2,71.6,58.0,77.9,73.4,77.0,68.9,7.70999999999998,91.0,14.519,740.9,30.2,14.682,39.8,3.0,0.0,0.0,0.0,14.0,63.0,0.0,77.0,1.0,0.0,825.6,0.0,0.0,0.6,9.0,0.0,29.0,0.0,77.0,77.0,350.0,825.6,-50.0,0.0,0.0,0.0,0.0,400.0,0.0,0.0,0.0,0.0,0.0,0.0,64.0,739.4,4.443,52.4895625,14.4805365,11.794835546855,0.0,0.268626040865788,1.29542255244302,0.804938006834074,0.0,0.109314389994036,21.0,21.999999999999996,21.0,21.999999999999996,24.0,25.0,26.0,20.500000000000004,23.5,28.000000000000004,27.994014952676284,35.9923049391553,0.4322192997530529,21.132048257457644,22.49000000000002
86.0,14.0,37.6,739.1,0.0,0.0,0.0,20.0,69.8,69.8,69.8,68.0,68.0,37.7841022843343,71.6,75.2,987.7425,3555873.0,0.0,0.0,5.13263888888889,4.10611111111111,3.84947916666667,1564.4,1522.3,1169.6,1101.7,0.0,2746.0,0.0,0.0,737.0,2364.0,3.84,22.0,3.84,49.0,0.0,987.7425,0.0,64.0,75.2,71.6,58.0,77.9,73.4,77.0,68.9,7.70999999999998,91.0,14.519,740.9,30.2,14.682,-1.5,3.0,0.0,0.0,0.0,14.0,63.0,0.0,77.0,1.0,0.0,825.6,0.0,0.0,0.6,9.0,0.0,29.0,0.0,77.0,77.0,350.0,825.6,-50.0,0.0,0.0,0.0,0.0,400.0,0.0,0.0,0.0,0.0,0.0,0.0,64.0,739.4,4.443,57.2746575,14.4795599,11.794835546855,0.0,0.268626040865788,1.29542255244302,0.804938006834074,0.0,0.109314389994036,21.0,21.999999999999996,21.0,21.999999999999996,24.0,25.0,26.0,20.500000000000004,23.5,28.000000000000004,37.741930873697676,35.9923049391553,0.4322192997530529,21.132048257457644,22.49000000000002
87.0,14.0,51.1,737.4,0.0,0.0,0.0,20.0,69.8,69.8,69.8,68.0,69.8,51.2320925086548,71.6,75.2,987.743055555556,3555875.0,0.0,0.0,5.12083333333333,4.09666666666667,3.840625,1564.4,1522.3,1169.6,1101.8,0.0,3342.0,0.0,0.0,735.0,2364.0,3.84,22.0,3.82,78.0,0.0,987.743055555556,0.0,64.0,75.2,71.6,58.0,77.9,73.4,77.0,68.9,7.37,91.0,14.504,740.3,29.77,14.663,-1.5,3.0,0.0,0.0,0.0,14.0,63.0,0.0,77.0,1.0,0.0,825.6,0.0,0.0,0.6,9.0,0.0,29.0,0.0,77.0,77.0,350.0,825.6,-50.0,0.0,0.0,0.0,0.0,400.0,0.0,0.0,0.0,0.0,0.0,0.0,64.0,737.7,4.443,57.2746575,14.4795599,12.1407070540883,0.0,0.283063313927221,1.14115443428729,0.709080271987525,0.0,0.0984257053409539,20.0,21.999999999999996,21.0,21.999999999999996,24.0,25.0,26.0,20.500000000000004,23.5,28.000000000000004,37.741930873697676,42.99080867732449,0.4554488721088986,38.204394115327965,22.4
88.0,14.0,51.1,737.4,0.0,0.0,0.0,20.0,69.8,69.8,69.8,68.0,69.8,51.2320925086548,71.6,75.2,987.743055555556,3555875.0,0.0,0.0,5.12083333333333,4.09666666666667,3.840625,1564.4,1522.3,1169.6,1101.8,0.0,3342.0,0.0,0.0,735.0,2364.0,3.84,22.0,3.82,78.0,0.0,987.743055555556,0.0,64.0,75.2,71.6,58.0,77.9,73.4,77.0,68.9,7.37,91.0,14.504,740.3,29.77,14.663,-2.3,3.0,0.0,0.0,0.0,14.0,63.0,0.0,77.0,1.0,0.0,825.6,0.0,0.0,0.6,9.0,0.0,29.0,0.0,77.0,77.0,350.0,825.6,-50.0,0.0,0.0,0.0,0.0,400.0,0.0,0.0,0.0,0.0,0.0,0.0,64.0,737.7,4.443,56.7863825,14.4595396,12.1407070540883,0.0,0.283063313927221,1.14115443428729,0.709080271987525,0.0,0.0984257053409539,20.0,21.999999999999996,21.0,21.999999999999996,24.0,25.0,26.0,20.500000000000004,23.5,28.000000000000004,44.99038117394412,42.99080867732449,0.4554488721088986,38.204394115327965,22.4
89.0,14.0,37.3,738.3,0.0,0.0,0.0,20.0,69.8,69.8,69.8,68.0,69.8,37.4420622740691,71.6,75.2,987.743611111111,3555877.0,0.0,0.0,5.12708333333333,4.10166666666667,3.8453125,1564.4,1522.4,1169.6,1101.8,0.0,3751.0,0.0,0.0,736.0,2364.0,3.84,24.0,3.84,145.0,0.0,987.743611111111,0.0,64.0,75.2,71.6,58.0,77.9,73.4,77.0,68.9,7.31999999999999,91.0,14.503,741.2,29.79,14.679,-2.3,3.0,0.0,0.0,0.0,14.0,63.0,0.0,77.0,1.0,0.0,825.6,0.0,0.0,0.6,9.0,0.0,29.0,0.0,77.0,77.0,350.0,825.6,-50.0,0.0,0.0,0.0,0.0,400.0,0.0,0.0,0.0,0.0,0.0,0.0,64.0,737.9,4.442,56.7863825,14.4595396,12.5354569583777,0.0,0.298939617978229,1.74300862898209,1.08305501479923,0.0,0.0915152953777217,20.0,21.999999999999996,21.0,21.999999999999996,24.0,25.0,26.0,20.500000000000004,23.5,28.000000000000004,44.99038117394412,47.98973991887373,0.4809938453269704,38.25102274931738,22.47000000000001
90.0,14.0,37.3,738.3,0.0,0.0,0.0,20.0,69.8,69.8,69.8,68.0,69.8,37.4420622740691,71.6,75.2,987.743611111111,3555877.0,0.0,0.0,5.12708333333333,4.10166666666667,3.8453125,1564.4,1522.4,1169.6,1101.8,0.0,3751.0,0.0,0.0,736.0,2364.0,3.84,24.0,3.84,145.0,0.0,987.743611111111,0.0,64.0,75.2,71.6,58.0,77.9,73.4,77.0,68.9,7.31999999999999,91.0,14.503,741.2,29.79,14.679,-14.2,3.0,0.0,0.0,0.0,14.0,63.0,0.0,77.0,1.0,0.0,825.6,0.0,0.0,0.6,9.0,0.0,29.0,0.0,77.0,77.0,350.0,825.6,-50.0,0.0,0.0,0.0,0.0,400.0,0.0,0.0,0.0,0.0,0.0,0.0,64.0,740.3,4.443,44.823645,14.4595396,12.5354569583777,0.0,0.298939617978229,1.74300862898209,1.08305501479923,0.0,0.0915152953777217,20.0,21.999999999999996,21.0,21.999999999999996,24.0,25.0,26.0,20.500000000000004,23.5,28.000000000000004,48.47401138289889,47.98973991887373,0.4809938453269704,38.25102274931738,22.47000000000001
91.0,14.0,5.9,741.1,0.0,0.0,0.0,20.0,69.8,69.8,69.8,68.0,69.8,5.94493192544515,71.6,75.2,987.743888888889,3555878.0,0.0,0.0,5.14652777777778,4.11722222222222,3.85989583333333,1564.4,1522.4,1169.6,1101.8,0.0,3823.0,0.0,0.0,739.0,2364.0,3.86,19.0,3.84,61.0,0.0,987.743888888889,0.0,64.0,75.2,71.6,58.0,77.9,73.4,77.0,68.9,7.25,91.0,14.504,744.3,29.81,14.68,-1.7,3.0,0.0,0.0,0.0,14.0,63.0,0.0,77.0,1.0,0.0,825.6,0.0,0.0,0.6,9.0,0.0,29.0,0.0,77.0,77.0,350.0,825.6,-50.0,0.0,0.0,0.0,0.0,400.0,0.0,0.0,0.0,0.0,0.0,0.0,64.0,740.3,4.443,44.823645,14.4595396,12.9139497984437,0.0,0.314858117275666,10.9777266500324,6.82124098625726,0.0,0.069824551029724,20.0,21.999999999999996,21.0,21.999999999999996,24.0,25.0,26.0,20.500000000000004,23.5,28.000000000000004,48.47401138289889,47.98973991887373,0.5066067106965466,28.026891242192615,22.56
92.0,14.0,5.9,741.1,0.0,0.0,0.0,20.0,69.8,69.8,69.8,68.0,69.8,5.94493192544515,71.6,75.2,987.743888888889,3555878.0,0.0,0.0,5.14652777777778,4.11722222222222,3.85989583333333,1564.4,1522.4,1169.6,1101.8,0.0,3823.0,0.0,0.0,739.0,2364.0,3.86,19.0,3.84,61.0,0.0,987.743888888889,0.0,64.0,75.2,71.6,58.0,77.9,73.4,77.0,68.9,7.25,91.0,14.504,744.3,29.81,14.68,-1.7,3.0,0.0,0.0,0.0,14.0,63.0,0.0,77.0,1.0,0.0,825.6,0.0,0.0,0.6,9.0,0.0,29.0,0.0,77.0,77.0,350.0,825.6,-50.0,0.0,0.0,0.0,0.0,400.0,0.0,0.0,0.0,0.0,0.0,0.0,64.0,741.8,4.442,35.2046275,14.4605162,12.9139497984437,0.0,0.314858117275666,10.9777266500324,6.82124098625726,0.0,0.069824551029724,20.0,21.999999999999996,21.0,21.999999999999996,24.0,25.0,26.0,20.500000000000004,23.5,28.000000000000004,43.990594925634305,47.98973991887373,0.5066067106965466,28.026891242192615,22.56
93.0,14.0,-4.5,742.2,0.0,0.0,0.0,20.0,69.8,69.8,69.8,68.0,68.0,-4.54100023963331,71.6,75.2,987.744444444444,3555880.0,0.0,0.0,5.15416666666667,4.12333333333333,3.865625,1564.4,1522.4,1169.6,1101.8,0.0,3560.0,0.0,0.0,740.0,2364.0,3.86,167.0,3.86,145.0,0.0,987.744444444444,0.0,64.0,75.2,71.6,58.0,77.9,73.4,77.0,68.9,7.05000000000001,91.0,14.503,745.6,33.2,14.677,-11.8,3.0,0.0,0.0,0.0,14.0,63.0,0.0,77.0,1.0,0.0,825.6,0.0,0.0,0.6,9.0,0.0,29.0,0.0,77.0,77.0,350.0,825.6,-50.0,0.0,0.0,0.0,0.0,400.0,0.0,0.0,0.0,0.0,0.0,0.0,64.0,741.8,4.442,35.2046275,14.4605162,13.2245423036427,0.0,0.329525257841428,-13.1740471271595,-8.18597083745022,0.0,0.069824551029724,20.0,21.999999999999996,21.0,21.999999999999996,24.0,25.0,26.0,20.500000000000004,23.5,28.000000000000004,43.990594925634305,43.990594925634305,0.5302061398668576,-3.3862790750434826,26.14999999999999
94.0,14.0,-4.5,742.2,0.0,0.0,0.0,20.0,69.8,69.8,69.8,68.0,68.0,-4.54100023963331,71.6,75.2,987.744444444444,3555880.0,0.0,0.0,5.15416666666667,4.12333333333333,3.865625,1564.4,1522.4,1169.6,1101.8,0.0,3560.0,0.0,0.0,740.0,2364.0,3.86,167.0,3.86,145.0,0.0,987.744444444444,0.0,64.0,75.2,71.6,58.0,77.9,73.4,77.0,68.9,7.05000000000001,91.0,14.503,745.6,33.2,14.677,-11.8,3.0,0.0,0.0,0.0,14.0,63.0,0.0,77.0,1.0,0.0,825.6,0.0,0.0,0.6,9.0,0.0,29.0,0.0,77.0,77.0,350.0,825.6,-50.0,0.0,0.0,0.0,0.0,400.0,0.0,0.0,0.0,0.0,0.0,0.0,64.0,743.7,4.443,28.222295,14.4605162,13.2245423036427,0.0,0.329525257841428,-13.1740471271595,-8.18597083745022,0.0,0.069824551029724,20.0,21.999999999999996,21.0,21.999999999999996,24.0,25.0,26.0,20.500000000000004,23.5,28.000000000000004,39.99144993239488,43.990594925634305,0.5302061398668576,-3.3862790750434826,26.14999999999999
95.0,14.0,-35.5,745.4,0.0,0.0,0.0,20.0,69.8,69.8,69.8,68.0,68.0,-35.9778993506107,71.6,75.2,987.745,3555882.0,0.0,0.0,5.17638888888889,4.14111111111111,3.88229166666667,1564.4,1522.4,1169.6,1101.8,0.0,3004.0,0.0,0.0,744.0,2364.0,3.88,15.0,3.86,13.0,0.0,987.745,0.0,64.0,75.2,71.6,58.0,77.9,73.4,77.0,68.0,7.18000000000001,91.0,14.472,748.0,33.03,14.665,-8.9,3.0,0.0,0.0,0.0,14.0,63.0,0.0,77.0,1.0,0.0,825.6,0.0,0.0,0.6,9.0,0.0,29.0,0.0,77.0,77.0,350.0,825.6,-50.0,0.0,0.0,0.0,0.0,400.0,0.0,0.0,0.0,0.0,0.0,0.0,64.0,743.7,4.443,28.222295,14.4605162,13.4183053237426,0.0,0.341591120702321,-1.36045681116482,-0.845348409210293,0.0,-0.0257165664172295,20.0,21.999999999999996,21.0,21.999999999999996,24.0,25.0,26.0,20.0,23.5,28.000000000000004,39.99144993239488,35.9923049391553,0.5496201132100345,-26.829156861007235,25.84999999999999
96.0,14.0,-35.5,745.4,0.0,0.0,0.0,20.0,69.8,69.8,69.8,68.0,68.0,-35.9778993506107,71.6,75.2,987.745,3555882.0,0.0,0.0,5.17638888888889,4.14111111111111,3.88229166666667,1564.4,1522.4,1169.6,1101.8,0.0,3004.0,0.0,0.0,744.0,2364.0,3.88,15.0,3.86,13.0,0.0,987.745,0.0,64.0,75.2,71.6,58.0,77.9,73.4,77.0,68.0,7.18000000000001,91.0,14.472,748.0,33.03,14.665,-8.9,3.0,0.0,0.0,0.0,14.0,63.0,0.0,77.0,1.0,0.0,825.6,0.0,0.0,0.6,9.0,0.0,29.0,0.0,77.0,77.0,350.0,825.6,-50.0,0.0,0.0,0.0,0.0,400.0,0.0,0.0,0.0,0.0,0.0,0.0,64.0,743.9,4.443,16.40604,14.4307299,13.4183053237426,0.0,0.341591120702321,-1.36045681116482,-0.845348409210293,0.0,-0.0257165664172295,20.0,21.999999999999996,21.0,21.999999999999996,24.0,25.0,26.0,20.0,23.5,28.000000000000004,33.80527252097757,35.9923049391553,0.5496201132100345,-26.829156861007235,25.84999999999999
97.0,14.0,-0.7,742.7,0.0,0.0,0.0,20.0,69.8,69.8,69.8,68.0,69.8,-0.706853682620127,71.6,75.2,987.745555555556,3555884.0,0.0,0.0,5.15763888888889,4.12611111111111,3.86822916666667,1564.4,1522.4,1169.7,1101.8,0.0,2297.0,0.0,0.0,741.0,2364.0,3.86,22.0,3.86,2.0,0.0,987.745555555556,0.0,64.0,75.2,71.6,58.0,77.9,73.4,77.0,68.0,6.70999999999998,91.0,14.503,746.5,33.73,14.665,-84.2,3.0,0.0,0.0,0.0,14.0,63.0,0.0,77.0,1.0,0.0,825.6,0.0,0.0,0.6,9.0,0.0,29.0,0.0,77.0,77.0,350.0,825.6,-50.0,0.0,0.0,0.0,0.0,400.0,0.0,0.0,0.0,0.0,0.0,0.0,64.0,743.9,4.443,22.9000975,14.4507502,13.4998856877541,0.0,0.350859550295717,-53.8575467887438,-33.4655177056685,0.0,-0.0734574104414373,20.0,21.999999999999996,21.0,21.999999999999996,24.0,25.0,26.0,20.0,23.5,28.000000000000004,23.994869959436866,27.994014952676284,0.5645330164258087,-26.73197585279053,27.020000000000017
98.0,14.0,0.6,742.7,0.0,0.0,0.0,20.0,69.8,69.8,69.8,68.0,69.8,0.605874585102966,71.6,75.2,987.746111111111,3555886.0,0.0,0.0,5.15763888888889,4.12611111111111,3.86822916666667,1564.4,1522.4,1169.7,1101.8,0.0,1690.0,0.0,0.0,741.0,2374.0,3.86,12.0,3.86,78.0,0.0,987.746111111111,0.0,64.0,75.2,71.6,58.0,77.9,73.4,77.0,68.0,6.70999999999998,91.0,14.503,746.5,33.73,14.665,-84.2,3.0,0.0,0.0,0.0,14.0,63.0,0.0,77.0,1.0,0.0,825.6,0.0,0.0,0.6,9.0,0.0,29.0,0.0,77.0,77.0,350.0,825.6,-50.0,0.0,0.0,0.0,0.0,400.0,0.0,0.0,0.0,0.0,0.0,0.0,64.0,743.4,4.443,22.9000975,14.4507502,13.4998856877541,0.0,0.350859550295717,-53.8575467887438,-33.4655177056685,0.0,-0.0734574104414373,20.0,21.999999999999996,21.0,21.999999999999996,24.0,25.0,26.0,20.0,23.5,28.000000000000004,23.994869959436866,27.994014952676284,0.5645330164258087,0.45180804258237584,27.020000000000017
99.0,14.0,0.6,742.7,0.0,0.0,0.0,20.0,69.8,69.8,69.8,68.0,69.8,0.605874585102966,71.6,75.2,987.746111111111,3555886.0,0.0,0.0,5.15763888888889,4.12611111111111,3.86822916666667,1564.4,1522.4,1169.7,1101.8,0.0,1690.0,0.0,0.0,741.0,2374.0,3.86,12.0,3.86,78.0,0.0,987.746111111111,0.0,64.0,75.2,70.7,58.0,77.9,73.4,77.0,68.0,6.92000000000002,91.0,14.491,744.3,31.18,14.683,-128.2,3.0,0.0,0.0,0.0,14.0,63.0,0.0,77.0,1.0,0.0,825.6,0.0,0.0,0.6,9.0,0.0,29.0,0.0,77.0,77.0,350.0,825.6,-50.0,0.0,0.0,0.0,0.0,400.0,0.0,0.0,0.0,0.0,0.0,0.0,64.0,743.4,4.443,52.2942525,14.4614928,13.4783217269201,0.0,0.357487174139138,44.8812889906198,27.8879314213904,0.0,-0.102856308389765,20.0,21.999999999999996,21.0,21.999999999999996,24.0,25.0,26.0,20.0,23.5,28.000000000000004,20.5893480511314,19.99572496619744,0.5751968631898731,0.45180804258237584,24.25999999999998
100.0,14.0,32.0,739.5,0.0,0.0,0.0,20.0,69.8,69.8,69.8,68.0,69.8,32.1740859518796,71.6,75.2,987.746666666667,3555888.0,0.0,0.0,5.13541666666667,4.10833333333333,3.8515625,1564.4,1522.4,1169.7,1101.8,0.0,1744.0,0.0,0.0,737.0,2374.0,3.84,9.0,3.84,41.0,0.0,987.746666666667,0.0,64.0,75.2,70.7,58.0,77.9,73.4,77.0,68.0,6.92000000000002,91.0,14.491,744.3,31.18,14.683,-128.2,3.0,0.0,0.0,0.0,14.0,63.0,0.0,77.0,1.0,0.0,825.6,0.0,0.0,0.6,9.0,0.0,29.0,0.0,77.0,77.0,350.0,825.6,-50.0,0.0,0.0,0.0,0.0,400.0,0.0,0.0,0.0,0.0,0.0,0.0,64.0,740.4,4.443,52.2942525,14.4614928,13.4783217269201,0.0,0.357487174139138,44.8812889906198,27.8879314213904,0.0,-0.102856308389765,20.0,21.999999999999996,21.0,21.999999999999996,24.0,25.0,26.0,20.0,23.5,28.000000000000004,20.5893480511314,19.99572496619744,0.5751968631898731,23.99260697381029,24.25999999999998
101.0,14.0,32.0,739.5,0.0,0.0,0.0,20.0,69.8,69.8,69.8,68.0,69.8,32.1740859518796,71.6,75.2,987.746666666667,3555888.0,0.0,0.0,5.13541666666667,4.10833333333333,3.8515625,1564.4,1522.4,1169.7,1101.8,0.0,1744.0,0.0,0.0,737.0,2374.0,3.84,9.0,3.84,41.0,0.0,987.746666666667,0.0,64.0,75.2,70.7,57.0,77.9,73.4,77.0,68.0,7.30000000000001,91.0,14.525,741.6,30.26,14.682,-27.5,3.0,0.0,0.0,0.0,14.0,63.0,0.0,77.0,1.0,0.0,825.6,0.0,0.0,0.6,9.0,0.0,29.0,0.0,77.0,77.0,350.0,825.6,-50.0,0.0,0.0,0.0,0.0,400.0,0.0,0.0,0.0,0.0,0.0,0.0,64.0,740.4,4.443,66.893675,14.4414725,13.4821086461075,0.0,0.364788935464112,0.929682217714672,0.577677569303583,0.0,-0.102856308389765,20.0,21.999999999999996,21.0,21.999999999999996,24.0,25.0,26.0,20.0,23.5,28.000000000000004,24.682223005149954,21.99529746281707,0.5869453971617562,23.99260697381029,22.959999999999994
102.0,14.0,55.2,736.8,0.0,0.0,0.0,20.0,69.8,69.8,69.8,68.0,68.0,55.2976602611493,71.6,75.2,987.747222222222,3555890.0,0.0,0.0,5.11666666666667,4.09333333333333,3.8375,1564.4,1522.4,1169.7,1101.8,0.0,2312.0,0.0,0.0,735.0,2374.0,3.84,10.0,3.82,61.0,0.0,987.747222222222,0.0,64.0,75.2,70.7,57.0,77.9,73.4,77.0,68.0,7.30000000000001,91.0,14.525,741.6,30.26,14.682,-27.5,3.0,0.0,0.0,0.0,14.0,63.0,0.0,77.0,1.0,0.0,825.6,0.0,0.0,0.6,9.0,0.0,29.0,0.0,77.0,77.0,350.0,825.6,-50.0,0.0,0.0,0.0,0.0,400.0,0.0,0.0,0.0,0.0,0.0,0.0,64.0,737.6,4.443,66.893675,14.4414725,13.4821086461075,0.0,0.364788935464112,0.929682217714672,0.577677569303583,0.0,-0.102856308389765,20.0,21.999999999999996,21.0,21.999999999999996,24.0,25.0,26.0,20.0,23.5,28.000000000000004,24.682223005149954,21.99529746281707,0.5869453971617562,41.23613740577875,22.959999999999994
103.0,14.0,55.2,736.8,0.0,0.0,0.0,20.0,69.8,69.8,69.8,68.0,68.0,55.2976602611493,71.6,75.2,987.747222222222,3555890.0,0.0,0.0,5.11666666666667,4.09333333333333,3.8375,1564.4,1522.4,1169.7,1101.8,0.0,2312.0,0.0,0.0,735.0,2374.0,3.84,10.0,3.82,61.0,0.0,987.747222222222,0.0,64.0,75.2,70.7,57.0,77.9,73.4,77.0,68.0,6.88999999999999,91.0,14.504,739.1,29.79,14.675,15.3,3.0,0.0,0.0,0.0,14.0,63.0,0.0,77.0,1.0,0.0,825.6,0.0,0.0,0.6,9.0,0.0,29.0,0.0,77.0,77.0,350.0,825.6,-50.0,0.0,0.0,0.0,0.0,400.0,0.0,0.0,0.0,0.0,0.0,0.0,64.0,737.6,4.443,70.89753,14.4595396,13.595446396467,0.0,0.375212452644611,0.762207115768934,0.473613397732458,0.0,,20.0,21.999999999999996,21.0,21.999999999999996,24.0,25.0,26.0,20.0,23.5,28.000000000000004,32.50867473020069,30.993373697606053,0.6037168363051791,41.23613740577875,22.90000000000001
104.0,14.0,72.6,734.6,0.0,0.0,0.0,20.0,69.8,69.8,69.8,68.0,69.8,72.5112857091871,71.6,75.2,987.747777777778,3555892.0,0.0,0.0,5.10138888888889,4.08111111111111,3.82604166666667,1564.4,1522.5,1169.7,1101.8,0.0,3015.0,0.0,0.0,732.0,2374.0,3.82,23.0,3.82,145.0,0.0,987.747777777778,0.0,64.0,75.2,70.7,57.0,77.9,73.4,77.0,68.0,6.88999999999999,91.0,14.504,739.1,29.79,14.675,15.3,3.0,0.0,0.0,0.0,14.0,63.0,0.0,77.0,1.0,0.0,825.6,0.0,0.0,0.6,9.0,0.0,29.0,0.0,77.0,77.0,350.0,825.6,-50.0,0.0,0.0,0.0,0.0,400.0,0.0,0.0,0.0,0.0,0.0,0.0,64.0,735.3,4.442,70.89753,14.4595396,13.595446396467,0.0,0.375212452644611,0.762207115768934,0.473613397732458,0.0,,20.0,21.999999999999996,21.0,21.999999999999996,24.0,25.0,26.0,20.0,23.5,28.000000000000004,32.50867473020069,30.993373697606053,0.6037168363051791,41.11301104544668,22.90000000000001
105.0,14.0,72.6,734.6,0.0,0.0,0.0,20.0,69.8,69.8,69.8,68.0,69.8,72.5112857091871,71.6,75.2,987.747777777778,3555892.0,0.0,0.0,5.10138888888889,4.08111111111111,3.82604166666667,1564.4,1522.5,1169.7,1101.8,0.0,3015.0,0.0,0.0,732.0,2374.0,3.82,23.0,3.82,145.0,0.0,987.747777777778,0.0,64.0,75.2,70.7,57.0,77.9,73.4,77.0,68.0,6.80000000000001,91.0,14.497,736.6,31.61,14.673,-18.1,3.0,0.0,0.0,0.0,14.0,63.0,0.0,77.0,1.0,0.0,825.6,0.0,0.0,0.6,9.0,0.0,29.0,0.0,77.0,77.0,350.0,825.6,-50.0,0.0,0.0,0.0,0.0,400.0,0.0,0.0,0.0,0.0,0.0,0.0,64.0,735.3,4.442,71.581115,14.4595396,13.7969434342438,0.0,0.388124994027932,0.731268830172377,0.45438924427304,0.0,,20.0,21.999999999999996,21.0,21.999999999999996,24.0,25.0,26.0,20.0,23.5,28.000000000000004,41.678589226417785,38.991663684084905,0.6244931153909425,41.11301104544668,24.809999999999988
106.0,14.0,75.8,733.5,0.0,0.0,0.0,20.0,69.8,69.8,69.8,68.0,69.8,75.594010186965,71.6,75.2,987.748333333333,3555894.0,0.0,0.0,5.09375,4.075,3.8203125,1564.4,1522.5,1169.7,1101.9,0.0,3618.0,0.0,0.0,731.0,2374.0,3.82,24.0,3.8,78.0,0.0,987.748333333333,0.0,64.0,75.2,70.7,57.0,77.9,73.4,77.0,68.0,6.80000000000001,91.0,14.497,736.6,31.61,14.673,-18.1,3.0,0.0,0.0,0.0,14.0,63.0,0.0,77.0,1.0,0.0,825.6,0.0,0.0,0.6,9.0,0.0,29.0,0.0,77.0,77.0,350.0,825.6,-50.0,0.0,0.0,0.0,0.0,400.0,0.0,0.0,0.0,0.0,0.0,0.0,64.0,733.4,4.443,71.581115,14.4595396,13.7969434342438,0.0,0.388124994027932,0.731268830172377,0.45438924427304,0.0,,20.0,21.999999999999996,21.0,21.999999999999996,24.0,25.0,26.0,20.0,23.5,28.000000000000004,41.678589226417785,38.991663684084905,0.6244931153909425,56.37137224978747,24.809999999999988
107.0,14.0,75.8,733.5,0.0,0.0,0.0,20.0,69.8,69.8,69.8,68.0,69.8,75.594010186965,71.6,75.2,987.748333333333,3555894.0,0.0,0.0,5.09375,4.075,3.8203125,1564.4,1522.5,1169.7,1101.9,0.0,3618.0,0.0,0.0,731.0,2374.0,3.82,24.0,3.8,78.0,0.0,987.748333333333,0.0,64.0,75.2,70.7,57.0,77.9,73.4,77.0,68.0,6.80000000000001,91.0,14.507,736.6,29.33,14.676,2.0,3.0,0.0,0.0,0.0,14.0,63.0,0.0,77.0,1.0,0.0,825.6,0.0,0.0,0.6,9.0,0.0,29.0,0.0,77.0,77.0,350.0,825.6,-50.0,0.0,0.0,0.0,0.0,400.0,0.0,0.0,0.0,0.0,0.0,0.0,64.0,733.4,4.443,65.7706425,14.4595396,14.0878496837967,0.0,0.403935168097477,0.84533438370627,0.525266271337948,0.0,0.0988344038376728,20.0,21.999999999999996,21.0,21.999999999999996,24.0,25.0,26.0,20.0,23.5,28.000000000000004,43.990594925634305,46.989953670563914,0.6499316854688405,56.37137224978747,22.529999999999987
108.0,14.0,68.8,733.8,0.0,0.0,0.0,20.0,69.8,69.8,69.8,68.0,69.8,68.6410955830992,71.6,75.2,987.748888888889,3555896.0,0.0,0.0,5.09583333333333,4.07666666666667,3.821875,1564.4,1522.6,1169.7,1101.9,0.0,3978.0,0.0,0.0,731.0,2357.0,3.82,24.0,3.8,150.0,0.0,987.748888888889,0.0,64.0,75.2,70.7,57.0,77.9,73.4,77.0,68.0,6.80000000000001,91.0,14.507,736.6,29.33,14.676,2.0,3.0,0.0,0.0,0.0,14.0,63.0,0.0,77.0,1.0,0.0,825.6,0.0,0.0,0.6,9.0,0.0,29.0,0.0,77.0,77.0,350.0,825.6,-50.0,0.0,0.0,0.0,0.0,400.0,0.0,0.0,0.0,0.0,0.0,0.0,64.0,733.8,4.443,65.7706425,14.4595396,14.4104891653137,0.0,0.420901054767243,1.01019224552663,0.627704165795128,0.0,0.106095854422882,20.0,21.999999999999996,21.0,21.999999999999996,24.0,25.0,26.0,20.0,23.5,28.000000000000004,43.990594925634305,50.98909866380334,0.6772297971204939,51.18649931625593,22.529999999999987
109.0,14.0,68.8,733.8,0.0,0.0,0.0,20.0,69.8,69.8,69.8,68.0,69.8,68.6410955830992,71.6,75.2,987.748888888889,3555896.0,0.0,0.0,5.09583333333333,4.07666666666667,3.821875,1564.4,1522.6,1169.7,1101.9,0.0,3978.0,0.0,0.0,731.0,2357.0,3.82,24.0,3.8,150.0,0.0,987.748888888889,0.0,64.0,75.2,70.7,57.0,77.9,73.4,77.0,68.0,6.69,91.0,14.508,736.6,29.74,14.677,16.3,3.0,0.0,0.0,0.0,14.0,63.0,0.0,77.0,1.0,0.0,825.6,0.0,0.0,0.6,9.0,0.0,29.0,0.0,77.0,77.0,350.0,825.6,-50.0,0.0,0.0,0.0,0.0,400.0,0.0,0.0,0.0,0.0,0.0,0.0,64.0,733.8,4.443,65.42885,14.4605162,14.4104891653137,0.0,0.420901054767243,1.01019224552663,0.627704165795128,0.0,0.106095854422882,20.0,21.999999999999996,21.0,21.999999999999996,24.0,25.0,26.0,20.0,23.5,28.000000000000004,47.98973991887373,50.98909866380334,0.6772297971204939,51.18649931625593,23.049999999999997
110.0,14.0,59.9,734.1,0.0,0.0,0.0,20.0,69.8,69.8,69.8,68.0,68.0,59.7860839328415,71.6,75.2,987.749444444444,3555898.0,0.0,0.0,5.09791666666667,4.07833333333333,3.8234375,1564.4,1522.6,1169.7,1102.0,0.0,4226.0,0.0,0.0,732.0,2357.0,3.82,10.0,3.8,145.0,0.0,987.749444444444,0.0,64.0,75.2,70.7,57.0,77.9,73.4,77.0,68.0,6.69,91.0,14.508,736.6,29.74,14.677,16.3,3.0,0.0,0.0,0.0,14.0,63.0,0.0,77.0,1.0,0.0,825.6,0.0,0.0,0.6,9.0,0.0,29.0,0.0,77.0,77.0,350.0,825.6,-50.0,0.0,0.0,0.0,0.0,400.0,0.0,0.0,0.0,0.0,0.0,0.0,64.0,733.3,4.444,65.42885,14.4605162,14.7691574252689,0.0,0.439613491946615,1.2280377389642,0.763067037897927,0.0,0.0835013608966033,20.0,21.999999999999996,21.0,21.999999999999996,24.0,25.0,26.0,20.0,23.5,28.000000000000004,47.98973991887373,53.98845740873295,0.7073381085421034,44.58320949503467,23.049999999999997
111.0,14.0,59.9,734.1,0.0,0.0,0.0,20.0,69.8,69.8,69.8,68.0,68.0,59.7860839328415,71.6,75.2,987.749444444444,3555898.0,0.0,0.0,5.09791666666667,4.07833333333333,3.8234375,1564.4,1522.6,1169.7,1102.0,0.0,4226.0,0.0,0.0,732.0,2357.0,3.82,10.0,3.8,145.0,0.0,987.749444444444,0.0,64.0,75.2,70.7,57.0,77.9,73.4,77.0,68.0,6.63999999999999,91.0,14.507,737.5,29.91,14.672,1.4,3.0,0.0,0.0,0.0,14.0,63.0,0.0,77.0,1.0,0.0,825.6,0.0,0.0,0.6,9.0,0.0,29.0,0.0,77.0,77.0,350.0,825.6,-50.0,0.0,0.0,0.0,0.0,400.0,0.0,0.0,0.0,0.0,0.0,0.0,64.0,733.3,4.444,53.807905,14.4605162,14.7691574252689,0.0,0.439613491946615,1.2280377389642,0.763067037897927,0.0,0.0835013608966033,20.0,21.999999999999996,21.0,21.999999999999996,24.0,25.0,26.0,20.0,23.5,28.000000000000004,51.98888491211331,53.98845740873295,0.7073381085421034,44.58320949503467,23.27000000000001
112.0,14.0,42.9,735.5,0.0,0.0,0.0,20.0,69.8,69.8,69.8,68.0,69.8,42.9000729097092,71.6,75.2,987.75,3555900.0,0.0,0.0,5.10763888888889,4.08611111111111,3.83072916666667,1564.4,1522.6,1169.7,1102.0,0.0,4286.0,0.0,0.0,733.0,2357.0,3.82,24.0,3.82,78.0,0.0,987.75,0.0,64.0,75.2,70.7,57.0,77.9,73.4,77.0,68.0,6.63999999999999,91.0,14.507,737.5,29.91,14.672,1.4,3.0,0.0,0.0,0.0,14.0,63.0,0.0,77.0,1.0,0.0,825.6,0.0,0.0,0.6,9.0,0.0,29.0,0.0,77.0,77.0,350.0,825.6,-50.0,0.0,0.0,0.0,0.0,400.0,0.0,0.0,0.0,0.0,0.0,0.0,64.0,735.4,4.443,53.807905,14.4605162,15.0992229681812,0.0,0.457476313692618,1.71140891739124,1.06341987040831,0.0,0.0544685849116092,20.0,21.999999999999996,21.0,21.999999999999996,24.0,25.0,26.0,20.0,23.5,28.000000000000004,51.98888491211331,53.98845740873295,0.7360793887314223,31.99110582379508,23.27000000000001
113.0,14.0,42.9,735.5,0.0,0.0,0.0,20.0,69.8,69.8,69.8,68.0,69.8,42.9000729097092,71.6,75.2,987.75,3555900.0,0.0,0.0,5.10763888888889,4.08611111111111,3.83072916666667,1564.4,1522.6,1169.7,1102.0,0.0,4286.0,0.0,0.0,733.0,2357.0,3.82,24.0,3.82,78.0,0.0,987.75,0.0,64.0,75.2,70.7,57.0,77.9,73.4,77.0,68.0,6.56999999999999,91.0,14.507,738.2,29.92,14.669,7.3,3.0,0.0,0.0,0.0,14.0,63.0,0.0,77.0,1.0,0.0,825.6,0.0,0.0,0.6,9.0,0.0,29.0,0.0,77.0,77.0,350.0,825.6,-50.0,0.0,0.0,0.0,0.0,400.0,0.0,0.0,0.0,0.0,0.0,0.0,64.0,735.4,4.443,51.1223925,14.4605162,15.0992229681812,0.0,0.457476313692618,1.71140891739124,1.06341987040831,0.0,0.0544685849116092,20.0,21.999999999999996,21.0,21.999999999999996,24.0,25.0,26.0,20.0,23.5,28.000000000000004,51.98888491211331,53.98845740873295,0.7360793887314223,31.99110582379508,23.350000000000012
114.0,14.0,32.8,736.4,0.0,0.0,0.0,20.0,69.8,69.8,69.8,68.0,69.8,32.8401917746291,71.6,75.2,987.750555555556,3555902.0,0.0,0.0,5.11388888888889,4.09111111111111,3.83541666666667,1564.4,1522.7,1169.7,1102.0,0.0,4277.0,0.0,0.0,734.0,2357.0,3.82,10.0,3.82,145.0,0.0,987.750555555556,0.0,64.0,75.2,70.7,57.0,77.9,73.4,77.0,68.0,6.56999999999999,91.0,14.507,738.2,29.92,14.669,7.3,3.0,0.0,0.0,0.0,14.0,63.0,0.0,77.0,1.0,0.0,825.6,0.0,0.0,0.6,9.0,0.0,29.0,0.0,77.0,77.0,350.0,825.6,-50.0,0.0,0.0,0.0,0.0,400.0,0.0,0.0,0.0,0.0,0.0,0.0,64.0,736.1,4.443,51.1223925,14.4605162,15.4234422738987,0.0,0.475655988143823,2.23566195466409,1.38917550443158,0.0,0.0254139618982979,20.0,21.999999999999996,21.0,21.999999999999996,24.0,25.0,26.0,20.0,23.5,28.000000000000004,51.98888491211331,53.98845740873295,0.7653304849234112,24.489330182422894,23.350000000000012
115.0,14.0,32.8,736.4,0.0,0.0,0.0,20.0,69.8,69.8,69.8,68.0,69.8,32.8401917746291,71.6,75.2,987.750555555556,3555902.0,0.0,0.0,5.11388888888889,4.09111111111111,3.83541666666667,1564.4,1522.7,1169.7,1102.0,0.0,4277.0,0.0,0.0,734.0,2357.0,3.82,10.0,3.82,145.0,0.0,987.750555555556,0.0,64.0,75.2,70.7,57.0,77.9,73.4,77.0,68.0,6.51999999999998,91.0,14.508,739.9,29.12,14.669,10.5,3.0,0.0,0.0,0.0,14.0,63.0,0.0,77.0,1.0,0.0,825.6,0.0,0.0,0.6,9.0,0.0,29.0,0.0,77.0,77.0,350.0,825.6,-50.0,0.0,0.0,0.0,0.0,400.0,0.0,0.0,0.0,0.0,0.0,0.0,64.0,736.1,4.443,47.46033,14.4605162,15.4234422738987,0.0,0.475655988143823,2.23566195466409,1.38917550443158,0.0,0.0254139618982979,20.0,21.999999999999996,21.0,21.999999999999996,24.0,25.0,26.0,20.0,23.5,26.999999999999996,51.98888491211331,53.98845740873295,0.7653304849234112,24.489330182422894,22.600000000000023
116.0,14.0,13.0,738.4,0.0,0.0,0.0,20.0,69.8,69.8,69.8,68.0,69.8,13.0512798288236,71.6,75.2,987.751111111111,3555904.0,0.0,0.0,5.12777777777778,4.10222222222222,3.84583333333333,1564.4,1522.7,1169.7,1102.0,0.0,4226.0,0.0,0.0,736.0,2361.0,3.84,11.0,3.84,64.0,0.0,987.751111111111,0.0,63.5,75.2,70.7,57.0,77.9,73.4,77.0,68.0,6.45999999999998,91.0,14.508,741.9,29.08,14.663,10.5,3.0,0.0,0.0,0.0,14.0,63.0,0.0,77.0,1.0,0.0,825.6,0.0,0.0,0.6,9.0,0.0,29.0,0.0,77.0,77.0,350.0,825.6,-50.0,0.0,0.0,0.0,0.0,400.0,0.0,0.0,0.0,0.0,0.0,0.0,64.0,737.4,4.443,47.46033,14.4605162,15.721309837562,0.0,0.493233117275666,5.52129344112009,3.43077162680223,0.0,0.0072665003014294,20.0,21.999999999999996,21.0,21.999999999999996,24.0,25.0,26.0,20.0,23.5,26.999999999999996,51.98888491211331,52.988671160423124,0.7936120856965466,24.5558411280569,22.62000000000002
117.0,14.0,13.0,738.4,0.0,0.0,0.0,20.0,69.8,69.8,69.8,68.0,69.8,13.0512798288236,71.6,75.2,987.751111111111,3555904.0,0.0,0.0,5.12777777777778,4.10222222222222,3.84583333333333,1564.4,1522.7,1169.7,1102.0,0.0,4226.0,0.0,0.0,736.0,2361.0,3.84,11.0,3.84,64.0,0.0,987.751111111111,0.0,63.5,75.2,70.7,57.0,77.9,73.4,77.0,68.0,6.45999999999998,91.0,14.508,741.9,29.08,14.663,-2.4,3.0,0.0,0.0,0.0,14.0,63.0,0.0,77.0,1.0,0.0,825.6,0.0,0.0,0.6,9.0,0.0,29.0,0.0,77.0,77.0,350.0,825.6,-50.0,0.0,0.0,0.0,0.0,400.0,0.0,0.0,0.0,0.0,0.0,0.0,64.0,737.4,4.443,38.183105,14.4595396,15.721309837562,0.0,0.493233117275666,5.52129344112009,3.43077162680223,0.0,0.0072665003014294,20.0,21.999999999999996,21.0,21.999999999999996,24.0,25.0,26.0,20.0,23.5,26.999999999999996,52.410669735619,52.988671160423124,0.7936120856965466,24.5558411280569,22.62000000000002
118.0,14.0,3.8,739.4,0.0,0.0,0.0,20.0,69.8,69.8,69.8,68.0,68.0,3.82015605057113,71.6,75.2,987.751666666667,3555906.0,0.0,0.0,5.13472222222222,4.10777777777778,3.85104166666667,1564.4,1522.7,1169.7,1102.0,0.0,4011.0,0.0,0.0,737.0,2361.0,3.84,11.0,3.84,61.0,0.0,987.751666666667,0.0,63.5,75.2,70.7,57.0,77.9,73.4,77.0,68.0,6.42000000000002,91.0,14.51,744.0,29.0,14.665,-2.4,3.0,0.0,0.0,0.0,14.0,63.0,0.0,77.0,1.0,0.0,825.6,0.0,0.0,0.6,9.0,0.0,29.0,0.0,77.0,77.0,350.0,825.6,-50.0,0.0,0.0,0.0,0.0,400.0,0.0,0.0,0.0,0.0,0.0,0.0,64.0,739.0,4.443,38.183105,14.4595396,15.9815379280576,0.0,0.510045656007803,17.7953675099298,11.0575253050126,0.0,-0.0146447658871038,20.0,21.999999999999996,21.0,21.999999999999996,24.0,25.0,26.0,20.0,23.5,26.999999999999996,52.410669735619,49.98931241549352,0.8206634605165551,9.745678530834153,22.57999999999998
119.0,14.0,3.8,739.4,0.0,0.0,0.0,20.0,69.8,69.8,69.8,68.0,68.0,3.82015605057113,71.6,75.2,987.751666666667,3555906.0,0.0,0.0,5.13472222222222,4.10777777777778,3.85104166666667,1564.4,1522.7,1169.7,1102.0,0.0,4011.0,0.0,0.0,737.0,2361.0,3.84,11.0,3.84,61.0,0.0,987.751666666667,0.0,63.5,75.2,70.7,57.0,77.9,73.4,77.0,68.0,6.42000000000002,91.0,14.51,744.0,29.0,14.665,-6.6,3.0,0.0,0.0,0.0,14.0,63.0,0.0,77.0,1.0,0.0,825.6,0.0,0.0,0.6,9.0,0.0,29.0,0.0,77.0,77.0,350.0,825.6,-50.0,0.0,0.0,0.0,0.0,400.0,0.0,0.0,0.0,0.0,0.0,0.0,64.0,740.6,4.443,32.1773225,14.4605162,15.9815379280576,0.0,0.510045656007803,17.7953675099298,11.0575253050126,0.0,-0.0146447658871038,20.0,21.999999999999996,21.0,21.999999999999996,24.0,25.0,26.0,20.0,23.5,26.999999999999996,49.551905931858,49.98931241549352,0.8206634605165551,9.745678530834153,22.57999999999998
120.0,14.0,-12.0,741.3,0.0,0.0,0.0,20.0,69.8,69.8,69.8,68.0,68.0,-12.0946500588886,71.6,75.2,987.752222222222,3555908.0,0.0,0.0,5.14791666666667,4.11833333333333,3.8609375,1564.4,1522.7,1169.7,1102.0,0.0,3681.0,0.0,0.0,739.0,2361.0,3.86,22.0,3.84,61.0,0.0,987.752222222222,0.0,63.5,75.2,70.7,57.0,77.9,73.4,77.0,68.0,6.05000000000001,91.0,14.493,744.6,29.2,14.654,-6.6,3.0,0.0,0.0,0.0,14.0,63.0,0.0,77.0,1.0,0.0,825.6,0.0,0.0,0.6,9.0,0.0,29.0,0.0,77.0,77.0,350.0,825.6,-50.0,0.0,0.0,0.0,0.0,400.0,0.0,0.0,0.0,0.0,0.0,0.0,64.0,740.6,4.443,32.1773225,14.4605162,16.1784901017146,0.0,0.524961643515757,-5.05868069607446,-3.14331748280049,0.0,-0.0329352157577915,20.0,21.999999999999996,21.0,21.999999999999996,24.0,25.0,26.0,20.0,23.5,26.999999999999996,49.551905931858,44.99038117394412,0.844663284416853,-9.01912756069247,23.14999999999999
121.0,14.0,-12.0,741.3,0.0,0.0,0.0,20.0,69.8,69.8,69.8,68.0,68.0,-12.0946500588886,71.6,75.2,987.752222222222,3555908.0,0.0,0.0,5.14791666666667,4.11833333333333,3.8609375,1564.4,1522.7,1169.7,1102.0,0.0,3681.0,0.0,0.0,739.0,2361.0,3.86,22.0,3.84,61.0,0.0,987.752222222222,0.0,63.5,75.2,70.7,57.0,77.9,73.4,77.0,68.0,6.05000000000001,91.0,14.493,744.6,29.2,14.654,5.2,3.0,0.0,0.0,0.0,14.0,63.0,0.0,77.0,1.0,0.0,825.6,0.0,0.0,0.6,9.0,0.0,29.0,0.0,77.0,77.0,350.0,825.6,-50.0,0.0,0.0,0.0,0.0,400.0,0.0,0.0,0.0,0.0,0.0,0.0,64.0,743.3,4.441,22.558305,14.4507502,16.1784901017146,0.0,0.524961643515757,-5.05868069607446,-3.14331748280049,0.0,-0.0329352157577915,20.0,21.999999999999996,21.0,21.999999999999996,24.0,25.0,26.0,20.0,23.5,26.999999999999996,44.08432488641328,44.99038117394412,0.844663284416853,-9.01912756069247,23.14999999999999
122.0,14.0,3.5,740.6,0.0,0.0,0.0,20.0,69.8,69.8,69.8,68.0,69.8,3.52427519421345,71.6,75.2,987.752777777778,3555910.0,0.0,0.0,5.14305555555556,4.11444444444444,3.85729166666667,1564.4,1522.7,1169.7,1102.0,0.0,3309.0,0.0,0.0,738.0,2361.0,3.86,24.0,3.84,78.0,0.0,987.752777777778,0.0,63.5,75.2,70.7,57.0,77.9,73.4,77.0,68.0,6.32999999999998,91.0,14.51,741.3,29.37,14.672,5.2,3.0,0.0,0.0,0.0,14.0,63.0,0.0,77.0,1.0,0.0,825.6,0.0,0.0,0.6,9.0,0.0,29.0,0.0,77.0,77.0,350.0,825.6,-50.0,0.0,0.0,0.0,0.0,400.0,0.0,0.0,0.0,0.0,0.0,0.0,64.0,743.3,4.441,22.558305,14.4507502,16.3403697584369,0.0,0.5396092528833,15.8172909995756,9.82840592569731,0.0,-0.0468489792551189,20.0,21.999999999999996,21.0,21.999999999999996,24.0,25.0,26.0,20.0,23.5,26.999999999999996,44.08432488641328,40.991236180704696,0.8682312878892297,-9.01061091521499,23.04000000000002
123.0,14.0,3.5,740.6,0.0,0.0,0.0,20.0,69.8,69.8,69.8,68.0,69.8,3.52427519421345,71.6,75.2,987.752777777778,3555910.0,0.0,0.0,5.14305555555556,4.11444444444444,3.85729166666667,1564.4,1522.7,1169.7,1102.0,0.0,3309.0,0.0,0.0,738.0,2361.0,3.86,24.0,3.84,78.0,0.0,987.752777777778,0.0,63.5,75.2,70.7,57.0,77.9,73.4,77.0,68.0,6.32999999999998,91.0,14.51,741.3,29.37,14.672,1.2,3.0,0.0,0.0,0.0,14.0,63.0,0.0,77.0,1.0,0.0,825.6,0.0,0.0,0.6,9.0,0.0,29.0,0.0,77.0,77.0,350.0,825.6,-50.0,0.0,0.0,0.0,0.0,400.0,0.0,0.0,0.0,0.0,0.0,0.0,64.0,738.2,4.441,44.6771625,14.4326831,16.3403697584369,0.0,0.5396092528833,15.8172909995756,9.82840592569731,0.0,-0.0468489792551189,20.0,21.999999999999996,21.0,21.999999999999996,24.0,25.0,26.0,20.0,23.5,26.999999999999996,41.55361594537899,40.991236180704696,0.8682312878892297,-9.01061091521499,23.04000000000002
124.0,14.0,24.8,738.1,0.0,0.0,0.0,20.0,69.8,69.8,69.8,68.0,69.8,24.8877105501539,71.6,75.2,987.753333333333,3555912.0,0.0,0.0,5.12569444444444,4.10055555555556,3.84427083333333,1564.4,1522.7,1169.7,1102.0,0.0,3387.0,0.0,0.0,736.0,2361.0,3.84,24.0,3.84,64.0,0.0,987.753333333333,0.0,63.5,75.2,70.7,57.0,77.0,73.4,77.0,68.0,6.05000000000001,91.0,14.491,741.3,28.63,14.657,-5.5,3.0,0.0,0.0,0.0,14.0,63.0,0.0,77.0,1.0,0.0,825.6,0.0,0.0,0.6,9.0,0.0,29.0,0.0,77.0,77.0,350.0,825.6,-50.0,0.0,0.0,0.0,0.0,400.0,0.0,0.0,0.0,0.0,0.0,0.0,64.0,738.2,4.441,44.6771625,14.4326831,16.5052739010078,0.0,0.553855061579266,2.3491003491965,1.45966283308058,0.0,-0.0468489792551189,20.0,21.999999999999996,21.0,21.999999999999996,24.0,25.0,26.0,20.0,23.5,26.999999999999996,41.55361594537899,42.99080867732449,0.891152794081039,18.559068270062568,22.57999999999999
125.0,14.0,24.8,738.1,0.0,0.0,0.0,20.0,69.8,69.8,69.8,68.0,69.8,24.8877105501539,71.6,75.2,987.753333333333,3555912.0,0.0,0.0,5.12569444444444,4.10055555555556,3.84427083333333,1564.4,1522.7,1169.7,1102.0,0.0,3387.0,0.0,0.0,736.0,2361.0,3.84,24.0,3.84,64.0,0.0,987.753333333333,0.0,63.5,75.2,70.7,57.0,77.0,73.4,77.0,68.0,6.05000000000001,91.0,14.491,741.3,28.63,14.657,-5.5,3.0,0.0,0.0,0.0,14.0,63.0,0.0,77.0,1.0,0.0,825.6,0.0,0.0,0.6,9.0,0.0,29.0,0.0,77.0,77.0,350.0,825.6,-50.0,0.0,0.0,0.0,0.0,400.0,0.0,0.0,0.0,0.0,0.0,0.0,64.0,738.5,4.443,42.18696,14.4404959,16.5052739010078,0.0,0.553855061579266,2.3491003491965,1.45966283308058,0.0,-0.0468489792551189,20.0,21.999999999999996,21.0,21.999999999999996,24.0,25.0,26.0,20.0,23.5,26.999999999999996,39.99144993239488,42.99080867732449,0.891152794081039,18.559068270062568,22.57999999999999
126.0,14.0,22.5,738.2,0.0,0.0,0.0,20.0,69.8,69.8,69.8,68.0,68.0,22.5826352526092,71.6,75.2,987.753611111111,3555913.0,0.0,0.0,5.12638888888889,4.10111111111111,3.84479166666667,1564.4,1522.7,1169.7,1102.0,0.0,3572.0,0.0,0.0,736.0,2372.0,3.84,11.0,3.84,61.0,0.0,987.753611111111,0.0,63.5,75.2,70.7,57.0,77.0,73.4,77.0,68.0,6.44999999999999,91.0,14.508,740.9,29.13,14.684,6.9,3.0,0.0,0.0,0.0,14.0,63.0,0.0,77.0,1.0,0.0,825.6,0.0,0.0,0.6,9.0,0.0,29.0,0.0,77.0,77.0,350.0,825.6,-50.0,0.0,0.0,0.0,0.0,400.0,0.0,0.0,0.0,0.0,0.0,0.0,64.0,738.5,4.443,42.18696,14.4404959,16.7000072691253,0.0,0.569572954777433,2.76949938288329,1.72088660104157,0.0,,20.0,21.999999999999996,21.0,21.999999999999996,24.0,25.0,26.0,20.0,23.5,26.999999999999996,39.99144993239488,45.990167422254096,0.9164428842368897,18.561582708251155,22.680000000000007
127.0,14.0,22.5,738.2,0.0,0.0,0.0,20.0,69.8,69.8,69.8,68.0,68.0,22.5826352526092,71.6,75.2,987.753611111111,3555913.0,0.0,0.0,5.12638888888889,4.10111111111111,3.84479166666667,1564.4,1522.7,1169.7,1102.0,0.0,3572.0,0.0,0.0,736.0,2372.0,3.84,11.0,3.84,61.0,0.0,987.753611111111,0.0,63.5,75.2,70.7,57.0,77.0,73.4,77.0,68.0,6.44999999999999,91.0,14.508,740.9,29.13,14.684,6.9,3.0,0.0,0.0,0.0,14.0,63.0,0.0,77.0,1.0,0.0,825.6,0.0,0.0,0.6,9.0,0.0,29.0,0.0,77.0,77.0,350.0,825.6,-50.0,0.0,0.0,0.0,0.0,400.0,0.0,0.0,0.0,0.0,0.0,0.0,64.0,738.3,4.442,43.847095,14.4326831,16.7000072691253,0.0,0.569572954777433,2.76949938288329,1.72088660104157,0.0,,20.0,21.999999999999996,21.0,21.999999999999996,24.0,25.0,26.0,20.0,23.5,26.999999999999996,43.990594925634305,45.990167422254096,0.9164428842368897,18.561582708251155,22.680000000000007
128.0,14.0,-5.7,740.8,0.0,0.0,0.0,20.0,69.8,69.8,69.8,68.0,69.8,-5.74108385636277,71.6,75.2,987.754166666667,3555915.0,0.0,0.0,5.14444444444444,4.11555555555556,3.85833333333333,1564.4,1522.7,1169.7,1102.0,0.0,3720.0,0.0,0.0,738.0,2372.0,3.84,24.0,3.84,78.0,0.0,987.754166666667,0.0,63.5,75.2,70.7,57.0,77.9,73.4,77.0,68.0,5.86000000000001,91.0,14.495,744.0,28.59,14.644,-9.2,3.0,0.0,0.0,0.0,14.0,63.0,0.0,77.0,1.0,0.0,825.6,0.0,0.0,0.6,9.0,0.0,29.0,0.0,77.0,77.0,350.0,825.6,-50.0,0.0,0.0,0.0,0.0,400.0,0.0,0.0,0.0,0.0,0.0,0.0,64.0,738.3,4.442,43.847095,14.4326831,16.8859992019332,0.0,0.585073904025491,-10.8938653328786,-6.76913199575613,0.0,,20.0,21.999999999999996,21.0,21.999999999999996,24.0,25.0,26.0,20.0,23.5,26.999999999999996,43.990594925634305,45.990167422254096,0.941383911577015,-4.281196015184765,22.72999999999999
129.0,14.0,-5.7,740.8,0.0,0.0,0.0,20.0,69.8,69.8,69.8,68.0,69.8,-5.74108385636277,71.6,75.2,987.754166666667,3555915.0,0.0,0.0,5.14444444444444,4.11555555555556,3.85833333333333,1564.4,1522.7,1169.7,1102.0,0.0,3720.0,0.0,0.0,738.0,2372.0,3.84,24.0,3.84,78.0,0.0,987.754166666667,0.0,63.5,75.2,70.7,57.0,77.9,73.4,77.0,68.0,5.86000000000001,91.0,14.495,744.0,28.59,14.644,-9.2,3.0,0.0,0.0,0.0,14.0,63.0,0.0,77.0,1.0,0.0,825.6,0.0,0.0,0.6,9.0,0.0,29.0,0.0,77.0,77.0,350.0,825.6,-50.0,0.0,0.0,0.0,0.0,400.0,0.0,0.0,0.0,0.0,0.0,0.0,64.0,740.5,4.443,32.714425,14.4497736,16.8859992019332,0.0,0.585073904025491,-10.8938653328786,-6.76913199575613,0.0,,20.0,21.999999999999996,21.0,21.999999999999996,24.0,25.0,26.0,20.0,23.5,26.999999999999996,43.990594925634305,45.990167422254096,0.941383911577015,-4.281196015184765,22.72999999999999
130.0,14.0,2.1,740.2,0.0,0.0,0.0,20.0,69.8,69.8,69.8,68.0,69.8,2.11342303436953,71.6,75.2,987.754722222222,3555917.0,0.0,0.0,5.14027777777778,4.11222222222222,3.85520833333333,1564.4,1522.7,1169.7,1102.0,0.0,3663.0,0.0,0.0,738.0,2372.0,3.84,22.0,3.84,61.0,0.0,987.754722222222,0.0,63.5,75.2,70.7,57.0,77.9,73.4,77.0,68.0,6.17000000000002,91.0,14.493,744.0,28.92,14.675,3.5,3.0,0.0,0.0,0.0,14.0,63.0,0.0,77.0,1.0,0.0,825.6,0.0,0.0,0.6,9.0,0.0,29.0,0.0,77.0,77.0,350.0,825.6,-50.0,0.0,0.0,0.0,0.0,400.0,0.0,0.0,0.0,0.0,0.0,0.0,64.0,740.5,4.443,32.714425,14.4497736,17.0658567662308,0.0,0.600539758815462,29.5930314844122,18.3882515665007,0.0,0.0181590897659433,20.0,21.999999999999996,21.0,21.999999999999996,24.0,25.0,26.0,20.0,23.5,26.999999999999996,43.990594925634305,45.990167422254096,0.9662684719340783,-4.277728523811782,22.749999999999982
131.0,14.0,2.1,740.2,0.0,0.0,0.0,20.0,69.8,69.8,69.8,68.0,69.8,2.11342303436953,71.6,75.2,987.754722222222,3555917.0,0.0,0.0,5.14027777777778,4.11222222222222,3.85520833333333,1564.4,1522.7,1169.7,1102.0,0.0,3663.0,0.0,0.0,738.0,2372.0,3.84,22.0,3.84,61.0,0.0,987.754722222222,0.0,63.5,75.2,70.7,57.0,77.9,73.4,77.0,68.0,6.17000000000002,91.0,14.493,744.0,28.92,14.675,3.5,3.0,0.0,0.0,0.0,14.0,63.0,0.0,77.0,1.0,0.0,825.6,0.0,0.0,0.6,9.0,0.0,29.0,0.0,77.0,77.0,350.0,825.6,-50.0,0.0,0.0,0.0,0.0,400.0,0.0,0.0,0.0,0.0,0.0,0.0,64.0,740.6,4.443,33.2027,14.4507502,17.0658567662308,0.0,0.600539758815462,29.5930314844122,18.3882515665007,0.0,0.0181590897659433,20.0,21.999999999999996,21.0,21.999999999999996,24.0,25.0,26.0,20.0,23.5,26.999999999999996,43.990594925634305,45.990167422254096,0.9662684719340783,-4.277728523811782,22.749999999999982
132.0,14.0,-15.5,742.0,0.0,0.0,0.0,20.0,69.8,69.8,69.8,68.0,69.8,-15.6370082206122,71.6,75.2,987.755277777778,3555919.0,0.0,0.0,5.15277777777778,4.12222222222222,3.86458333333333,1564.4,1522.7,1169.7,1102.0,0.0,3610.0,0.0,0.0,740.0,2372.0,3.86,23.0,3.86,2.0,0.0,987.755277777778,0.0,63.5,75.2,70.7,57.0,77.0,73.4,77.0,68.0,5.88,91.0,14.493,746.4,28.64,14.643,-9.2,3.0,0.0,0.0,0.0,14.0,63.0,0.0,77.0,1.0,0.0,825.6,0.0,0.0,0.6,9.0,0.0,29.0,0.0,77.0,77.0,350.0,825.6,-50.0,0.0,0.0,0.0,0.0,400.0,0.0,0.0,0.0,0.0,0.0,0.0,64.0,740.6,4.443,20.89817,14.4404959,17.2285253820109,0.0,0.615452375384698,-3.91270324319624,-2.43124032692809,0.0,0.0072630839519276,20.0,21.999999999999996,21.0,21.999999999999996,24.0,25.0,26.0,20.0,23.5,26.999999999999996,44.53735303017878,44.99038117394412,0.9902628719939791,-11.660707099636243,22.76
133.0,14.0,-15.5,742.0,0.0,0.0,0.0,20.0,69.8,69.8,69.8,68.0,69.8,-15.6370082206122,71.6,75.2,987.755277777778,3555919.0,0.0,0.0,5.15277777777778,4.12222222222222,3.86458333333333,1564.4,1522.7,1169.7,1102.0,0.0,3610.0,0.0,0.0,740.0,2372.0,3.86,23.0,3.86,2.0,0.0,987.755277777778,0.0,63.5,75.2,70.7,57.0,77.0,73.4,77.0,68.0,5.88,91.0,14.493,746.4,28.64,14.643,-9.2,3.0,0.0,0.0,0.0,14.0,63.0,0.0,77.0,1.0,0.0,825.6,0.0,0.0,0.6,9.0,0.0,29.0,0.0,77.0,77.0,350.0,825.6,-50.0,0.0,0.0,0.0,0.0,400.0,0.0,0.0,0.0,0.0,0.0,0.0,64.0,743.4,4.443,20.89817,14.4404959,17.2285253820109,0.0,0.615452375384698,-3.91270324319624,-2.43124032692809,0.0,0.0072630839519276,20.0,21.999999999999996,21.0,21.999999999999996,24.0,25.0,26.0,20.0,23.5,26.999999999999996,44.53735303017878,44.99038117394412,0.9902628719939791,-11.660707099636243,22.76
134.0,14.0,-25.4,743.5,0.0,0.0,0.0,20.0,69.8,69.8,69.8,68.0,68.0,-25.6763182806225,71.6,75.2,987.755833333333,3555921.0,0.0,0.0,5.16319444444444,4.13055555555556,3.87239583333333,1564.4,1522.7,1169.7,1102.0,0.0,3294.0,0.0,0.0,741.0,2372.0,3.86,6.0,3.86,61.0,0.0,987.755833333334,0.0,63.5,75.2,70.7,57.0,77.0,73.4,77.0,68.0,5.97000000000003,91.0,14.493,746.5,29.21,14.649,-34.9,3.0,0.0,0.0,0.0,14.0,63.0,0.0,77.0,1.0,0.0,825.6,0.0,0.0,0.6,9.0,0.0,29.0,0.0,77.0,77.0,350.0,825.6,-50.0,0.0,0.0,0.0,0.0,400.0,0.0,0.0,0.0,0.0,0.0,0.0,64.0,743.4,4.443,17.5779,14.4395193,17.349941533603,0.0,0.629050089249615,-2.17104670927566,-1.34902546478933,0.0,-0.0182952661094397,20.0,21.999999999999996,21.0,21.999999999999996,24.0,25.0,26.0,20.0,23.5,26.999999999999996,40.31950479512143,40.991236180704696,1.0121415936026306,-11.684279957654363,23.23999999999997
135.0,14.0,-30.6,744.2,0.0,0.0,0.0,20.0,69.8,69.8,69.8,68.0,68.0,-30.9620104724855,71.6,75.2,987.756388888889,3555923.0,0.0,0.0,5.16805555555556,4.13444444444444,3.87604166666667,1564.4,1522.7,1169.7,1102.0,0.0,2892.0,0.0,0.0,742.0,2370.0,3.86,9.0,3.86,49.0,0.0,987.756388888889,0.0,63.5,75.2,70.7,57.0,77.0,73.4,77.0,68.0,5.97000000000003,91.0,14.493,746.5,29.21,14.649,-34.9,3.0,0.0,0.0,0.0,14.0,63.0,0.0,77.0,1.0,0.0,825.6,0.0,0.0,0.6,9.0,0.0,29.0,0.0,77.0,77.0,350.0,825.6,-50.0,0.0,0.0,0.0,0.0,400.0,0.0,0.0,0.0,0.0,0.0,0.0,64.0,744.2,4.443,17.5779,14.4395193,17.349941533603,0.0,0.629050089249615,-2.17104670927566,-1.34902546478933,0.0,-0.0182952661094397,20.0,21.999999999999996,21.0,21.999999999999996,24.0,25.0,26.0,20.0,23.5,26.999999999999996,40.31950479512143,40.991236180704696,1.0121415936026306,-19.165169539879344,23.23999999999997
136.0,14.0,-30.6,744.2,0.0,0.0,0.0,20.0,69.8,69.8,69.8,68.0,68.0,-30.9620104724855,71.6,75.2,987.756388888889,3555923.0,0.0,0.0,5.16805555555556,4.13444444444444,3.87604166666667,1564.4,1522.7,1169.7,1102.0,0.0,2892.0,0.0,0.0,742.0,2370.0,3.86,9.0,3.86,49.0,0.0,987.756388888889,0.0,63.5,75.2,70.7,57.0,77.0,73.4,77.0,68.0,5.91000000000003,91.0,14.487,749.0,33.29,14.681,11.5,3.0,0.0,0.0,0.0,14.0,63.0,0.0,77.0,1.0,0.0,825.6,0.0,0.0,0.6,9.0,0.0,29.0,0.0,77.0,77.0,350.0,825.6,-50.0,0.0,0.0,0.0,0.0,400.0,0.0,0.0,0.0,0.0,0.0,0.0,64.0,744.2,4.443,0.0,14.4395193,17.413668358518,0.0,0.640643369734639,-1.5369401366208,-0.955010029632206,0.0,-0.0404209746886121,20.0,21.999999999999996,21.0,21.999999999999996,24.0,25.0,26.0,20.0,23.5,26.999999999999996,31.993159945915874,34.99251869084548,1.030795181903034,-19.165169539879344,27.379999999999967
137.0,14.0,-35.6,745.2,0.0,0.0,0.0,20.0,69.8,69.8,69.8,68.0,69.8,-36.0695650400494,71.6,75.2,987.756944444444,3555925.0,0.0,0.0,5.175,4.14,3.88125,1564.4,1522.7,1169.7,1102.0,0.0,2223.0,0.0,0.0,743.0,2370.0,3.88,21.0,3.86,61.0,0.0,987.756944444444,0.0,63.5,75.2,70.7,57.0,77.0,73.4,77.0,68.0,5.91000000000003,91.0,14.487,749.0,33.29,14.681,11.5,3.0,0.0,0.0,0.0,14.0,63.0,0.0,77.0,1.0,0.0,825.6,0.0,0.0,0.6,9.0,0.0,29.0,0.0,77.0,77.0,350.0,825.6,-50.0,0.0,0.0,0.0,0.0,400.0,0.0,0.0,0.0,0.0,0.0,0.0,64.0,745.4,4.443,0.0,14.4395193,17.413668358518,0.0,0.640643369734639,-1.5369401366208,-0.955010029632206,0.0,-0.0404209746886121,20.0,21.999999999999996,21.0,21.999999999999996,24.0,25.0,26.0,20.0,23.5,26.999999999999996,31.993159945915874,34.99251869084548,1.030795181903034,-26.897513079828038,27.379999999999967
138.0,14.0,-35.6,745.2,0.0,0.0,0.0,20.0,69.8,69.8,69.8,68.0,69.8,-36.0695650400494,71.6,75.2,987.756944444444,3555925.0,0.0,0.0,5.175,4.14,3.88125,1564.4,1522.7,1169.7,1102.0,0.0,2223.0,0.0,0.0,743.0,2370.0,3.88,21.0,3.86,61.0,0.0,987.756944444444,0.0,63.5,75.2,70.7,57.0,77.0,73.4,77.0,68.0,5.88,91.0,14.486,749.0,33.18,14.666,-8.3,3.0,0.0,0.0,0.0,14.0,63.0,0.0,77.0,1.0,0.0,825.6,0.0,0.0,0.6,9.0,0.0,29.0,0.0,77.0,77.0,350.0,825.6,-50.0,0.0,0.0,0.0,0.0,400.0,0.0,0.0,0.0,0.0,0.0,0.0,64.0,745.4,4.443,0.0,14.4404959,17.3956868403012,0.0,0.649262106174938,-0.980055124331301,-0.608977832660865,0.0,-0.0737550645371889,20.0,21.999999999999996,21.0,21.999999999999996,24.0,25.0,26.0,20.0,23.5,26.999999999999996,24.40103312281272,25.994442456056657,1.044662728835475,-26.897513079828038,27.3
139.0,14.0,-24.1,744.5,0.0,0.0,0.0,20.0,69.8,69.8,69.8,68.0,69.8,-24.3949428873944,71.6,75.2,987.7575,3555927.0,0.0,0.0,5.17013888888889,4.13611111111111,3.87760416666667,1564.5,1522.7,1169.7,1102.0,0.0,1456.0,0.0,0.0,742.0,2370.0,3.86,9.0,3.86,150.0,0.0,987.7575,0.0,64.0,75.2,70.7,57.0,77.0,73.4,77.0,68.0,5.88,91.0,14.486,749.0,33.18,14.666,-8.3,3.0,0.0,0.0,0.0,14.0,63.0,0.0,77.0,1.0,0.0,825.6,0.0,0.0,0.6,9.0,0.0,29.0,0.0,77.0,77.0,350.0,825.6,-50.0,0.0,0.0,0.0,0.0,400.0,0.0,0.0,0.0,0.0,0.0,0.0,64.0,744.6,4.442,0.0,14.4404959,17.3956868403012,0.0,0.649262106174938,-0.980055124331301,-0.608977832660865,0.0,-0.0737550645371889,20.0,21.999999999999996,21.0,21.999999999999996,24.0,25.0,26.0,20.0,23.5,26.999999999999996,24.40103312281272,25.994442456056657,1.044662728835475,-18.191605434298584,27.3
140.0,14.0,-24.1,744.5,0.0,0.0,0.0,20.0,69.8,69.8,69.8,68.0,69.8,-24.3949428873944,71.6,75.2,987.7575,3555927.0,0.0,0.0,5.17013888888889,4.13611111111111,3.87760416666667,1564.5,1522.7,1169.7,1102.0,0.0,1456.0,0.0,0.0,742.0,2370.0,3.86,9.0,3.86,150.0,0.0,987.7575,0.0,64.0,75.2,70.7,57.0,77.0,73.4,77.0,68.0,5.82999999999998,91.0,14.486,747.1,33.57,14.673,-9.7,3.0,0.0,0.0,0.0,14.0,63.0,0.0,77.0,1.0,0.0,825.6,0.0,0.0,0.6,9.0,0.0,29.0,0.0,77.0,77.0,350.0,825.6,-50.0,0.0,0.0,0.0,0.0,400.0,0.0,0.0,0.0,0.0,0.0,0.0,64.0,744.6,4.442,0.0,14.4307299,17.2945213002473,0.0,0.655187519952919,-0.94747372850419,-0.588732698154377,0.0,-0.101936615827047,20.0,21.999999999999996,21.0,21.999999999999996,24.0,25.0,26.0,20.0,23.5,26.999999999999996,11.997434979718449,16.99636622126783,1.0541967196042468,-18.191605434298584,27.74000000000002
141.0,14.0,-10.0,743.2,0.0,0.0,0.0,20.0,69.8,69.8,69.8,68.0,68.0,-10.1047078598026,71.6,75.2,987.758055555556,3555929.0,0.0,0.0,5.16111111111111,4.12888888888889,3.87083333333333,1564.5,1522.7,1169.7,1102.0,0.0,706.0,0.0,0.0,741.0,2370.0,3.86,19.0,3.86,181.0,0.0,987.758055555556,0.0,64.0,75.2,70.7,57.0,77.0,73.4,77.0,68.0,5.82999999999998,91.0,14.486,747.1,33.57,14.673,-9.7,3.0,0.0,0.0,0.0,14.0,63.0,0.0,77.0,1.0,0.0,825.6,0.0,0.0,0.6,9.0,0.0,29.0,0.0,77.0,77.0,350.0,825.6,-50.0,0.0,0.0,0.0,0.0,400.0,0.0,0.0,0.0,0.0,0.0,0.0,64.0,743.5,4.443,0.0,14.4307299,17.2945213002473,0.0,0.655187519952919,-0.94747372850419,-0.588732698154377,0.0,-0.101936615827047,20.0,21.999999999999996,21.0,21.999999999999996,24.0,25.0,26.0,20.0,23.5,26.999999999999996,11.997434979718449,16.99636622126783,1.0541967196042468,-7.535203474871439,27.74000000000002
142.0,14.0,-10.0,743.2,0.0,0.0,0.0,20.0,69.8,69.8,69.8,68.0,68.0,-10.1047078598026,71.6,75.2,987.758055555556,3555929.0,0.0,0.0,5.16111111111111,4.12888888888889,3.87083333333333,1564.5,1522.7,1169.7,1102.0,0.0,706.0,0.0,0.0,741.0,2370.0,3.86,19.0,3.86,181.0,0.0,987.758055555556,0.0,64.0,75.2,70.7,57.0,77.0,72.5,77.0,68.0,5.78000000000003,91.0,14.488,745.8,33.37,14.683,-11.9,3.0,0.0,0.0,0.0,14.0,63.0,0.0,77.0,1.0,0.0,825.6,0.0,0.0,0.6,9.0,0.0,29.0,0.0,77.0,77.0,350.0,825.6,-50.0,0.0,0.0,0.0,0.0,400.0,0.0,0.0,0.0,0.0,0.0,0.0,64.0,743.5,4.443,0.0,14.4307299,17.1128046492038,0.0,0.657533583714855,-0.941872981700753,-0.585252556512379,0.0,-0.123468300408199,20.0,21.999999999999996,21.0,21.999999999999996,24.0,25.0,26.0,20.0,23.5,26.999999999999996,5.5613110062236535,6.998503738169096,1.0579715361972017,-7.535203474871439,27.589999999999968
143.0,14.0,0.0,742.3,0.0,0.0,0.0,20.0,69.8,69.8,69.8,68.0,68.0,0.0,71.6,75.2,987.758611111111,3555931.0,0.0,0.0,5.15486111111111,4.12388888888889,3.86614583333333,1564.5,1522.7,1169.7,1102.0,0.0,110.0,0.0,0.0,740.0,2373.0,3.86,11.0,3.86,49.0,0.0,987.758611111111,0.0,64.0,75.2,70.7,57.0,77.0,72.5,77.0,68.0,5.78000000000003,91.0,14.488,745.8,33.37,14.683,-11.9,3.0,0.0,0.0,0.0,14.0,63.0,0.0,77.0,1.0,0.0,825.6,0.0,0.0,0.6,9.0,0.0,29.0,0.0,77.0,77.0,350.0,825.6,-50.0,0.0,0.0,0.0,0.0,400.0,0.0,0.0,0.0,0.0,0.0,0.0,64.0,742.5,4.443,0.0,14.4307299,17.1128046492038,0.0,0.657533583714855,-0.941872981700753,-0.585252556512379,0.0,-0.123468300408199,20.0,21.999999999999996,21.0,21.999999999999996,24.0,25.0,26.0,20.0,23.5,26.999999999999996,5.5613110062236535,6.998503738169096,1.0579715361972017,-7.526078497574124,27.589999999999968
144.0,14.0,0.0,742.3,0.0,0.0,0.0,20.0,69.8,69.8,69.8,68.0,68.0,0.0,71.6,75.2,987.758611111111,3555931.0,0.0,0.0,5.15486111111111,4.12388888888889,3.86614583333333,1564.5,1522.7,1169.7,1102.0,0.0,110.0,0.0,0.0,740.0,2373.0,3.86,11.0,3.86,49.0,0.0,987.758611111111,0.0,64.0,75.2,70.7,57.0,77.0,72.5,77.0,68.0,5.75,91.0,14.504,745.4,33.49,14.69,-15.7,3.0,0.0,0.0,0.0,14.0,63.0,0.0,77.0,1.0,0.0,825.6,0.0,0.0,0.6,9.0,0.0,29.0,0.0,77.0,77.0,350.0,825.6,-50.0,0.0,0.0,0.0,0.0,400.0,0.0,0.0,0.0,0.0,0.0,0.0,64.0,742.5,4.443,43.9935775,14.4815131,16.8789098502004,0.0,0.657533583714855,-0.941872981700753,-0.585252556512379,0.0,-0.127125770042602,20.0,21.999999999999996,21.0,21.999999999999996,24.0,25.0,26.0,20.0,23.5,26.999999999999996,1.1872461698679708,0.0,1.0579715361972017,-7.526078497574124,27.740000000000002
145.0,14.0,4.9,741.7,0.0,0.0,0.0,20.0,69.8,69.8,69.8,68.0,69.8,4.9413136324161,71.6,75.2,987.759166666667,3555933.0,0.0,0.0,5.15069444444444,4.12055555555556,3.86302083333333,1564.5,1522.7,1169.7,1102.0,0.0,379.0,0.0,0.0,740.0,2373.0,3.86,24.0,3.86,64.0,0.0,987.759166666667,0.0,64.0,75.2,70.7,57.0,77.0,72.5,77.0,68.0,5.75,91.0,14.504,745.4,33.49,14.69,-15.7,3.0,0.0,0.0,0.0,14.0,63.0,0.0,77.0,1.0,0.0,825.6,0.0,0.0,0.6,9.0,0.0,29.0,0.0,77.0,77.0,350.0,825.6,-50.0,0.0,0.0,0.0,0.0,400.0,0.0,0.0,0.0,0.0,0.0,0.0,64.0,742.0,4.443,43.9935775,14.4815131,16.6981396500654,0.0,0.659557840699896,1.65092327884369,1.02583584869838,0.0,-0.127125770042602,20.0,21.999999999999996,21.0,21.999999999999996,24.0,25.0,26.0,20.0,23.5,26.999999999999996,1.1872461698679708,5.998717489859216,1.0612285656861327,0.0,27.740000000000002
146.0,14.0,4.9,741.7,0.0,0.0,0.0,20.0,69.8,69.8,69.8,68.0,69.8,4.9413136324161,71.6,75.2,987.759166666667,3555933.0,0.0,0.0,5.15069444444444,4.12055555555556,3.86302083333333,1564.5,1522.7,1169.7,1102.0,0.0,379.0,0.0,0.0,740.0,2373.0,3.86,24.0,3.86,64.0,0.0,987.759166666667,0.0,64.0,75.2,70.7,57.0,77.0,72.5,77.0,68.0,5.69999999999999,91.0,14.513,744.3,28.36,14.669,-16.3,3.0,0.0,0.0,0.0,14.0,63.0,0.0,77.0,1.0,0.0,825.6,0.0,0.0,0.6,9.0,0.0,29.0,0.0,77.0,77.0,350.0,825.6,-50.0,0.0,0.0,0.0,0.0,400.0,0.0,0.0,0.0,0.0,0.0,0.0,64.0,742.0,4.443,62.9386475,14.4605162,16.6981396500654,0.0,0.659557840699896,1.65092327884369,1.02583584869838,0.0,-0.127125770042602,20.0,21.999999999999996,21.0,21.999999999999996,24.0,25.0,26.0,20.0,23.5,26.999999999999996,9.107427855697718,5.998717489859216,1.0612285656861327,0.0,22.66000000000001
147.0,14.0,19.2,740.2,0.0,0.0,0.0,20.0,69.8,69.8,69.8,68.0,69.8,19.3227248856643,71.6,75.2,987.759722222222,3555935.0,0.0,0.0,5.14027777777778,4.11222222222222,3.85520833333333,1564.5,1522.7,1169.7,1102.0,0.0,1273.0,0.0,0.0,738.0,2373.0,3.84,22.0,3.84,78.0,0.0,987.759722222222,0.0,64.0,75.2,70.7,57.0,77.0,72.5,77.0,68.0,5.69999999999999,91.0,14.513,744.3,28.36,14.669,-16.3,3.0,0.0,0.0,0.0,14.0,63.0,0.0,77.0,1.0,0.0,825.6,0.0,0.0,0.6,9.0,0.0,29.0,0.0,77.0,77.0,350.0,825.6,-50.0,0.0,0.0,0.0,0.0,400.0,0.0,0.0,0.0,0.0,0.0,0.0,64.0,740.3,4.443,62.9386475,14.4605162,16.6163784109363,0.0,0.665193684800901,1.19618571557237,0.743275114270918,0.0,-0.127125770042602,20.0,21.999999999999996,21.0,21.999999999999996,24.0,25.0,26.0,20.0,23.5,26.999999999999996,9.107427855697718,16.99636622126783,1.0702966388446498,14.409190817050186,22.66000000000001
148.0,14.0,19.2,740.2,0.0,0.0,0.0,20.0,69.8,69.8,69.8,68.0,69.8,19.3227248856643,71.6,75.2,987.759722222222,3555935.0,0.0,0.0,5.14027777777778,4.11222222222222,3.85520833333333,1564.5,1522.7,1169.7,1102.0,0.0,1273.0,0.0,0.0,738.0,2373.0,3.84,22.0,3.84,78.0,0.0,987.759722222222,0.0,64.0,75.2,70.7,57.0,77.0,72.5,77.0,68.0,5.66000000000003,91.0,14.511,742.2,28.72,14.673,-14.7,3.0,0.0,0.0,0.0,14.0,63.0,0.0,77.0,1.0,0.0,825.6,0.0,0.0,0.6,9.0,0.0,29.0,0.0,77.0,77.0,350.0,825.6,-50.0,0.0,0.0,0.0,0.0,400.0,0.0,0.0,0.0,0.0,0.0,0.0,64.0,740.3,4.443,54.784455,14.4619811,16.6163784109363,0.0,0.665193684800901,1.19618571557237,0.743275114270918,0.0,,20.0,21.999999999999996,21.0,21.999999999999996,24.0,25.0,26.0,20.0,23.5,26.999999999999996,20.526861410612085,16.99636622126783,1.0702966388446498,14.409190817050186,23.059999999999967
149.0,14.0,17.4,740.2,0.0,0.0,0.0,20.0,69.8,69.8,69.8,68.0,69.8,17.5112194276333,71.6,75.2,987.760277777778,3555937.0,0.0,0.0,5.14027777777778,4.11222222222222,3.85520833333333,1564.5,1522.7,1169.7,1102.1,0.0,1904.0,0.0,0.0,738.0,2373.0,3.84,24.0,3.84,61.0,0.0,987.760277777778,0.0,63.5,75.2,70.7,57.0,77.0,72.5,77.0,68.0,5.66000000000003,91.0,14.511,742.2,28.72,14.673,-14.7,3.0,0.0,0.0,0.0,14.0,63.0,0.0,77.0,1.0,0.0,825.6,0.0,0.0,0.6,9.0,0.0,29.0,0.0,77.0,77.0,350.0,825.6,-50.0,0.0,0.0,0.0,0.0,400.0,0.0,0.0,0.0,0.0,0.0,0.0,64.0,739.9,4.442,54.784455,14.4619811,16.5940248610222,0.0,0.67313189979202,1.86342926888353,1.15788090823543,0.0,,20.0,21.999999999999996,21.0,21.999999999999996,24.0,25.0,26.0,20.0,23.5,26.999999999999996,20.526861410612085,23.994869959436866,1.0830692267653603,14.409190817050186,23.059999999999967
150.0,14.0,17.4,740.2,0.0,0.0,0.0,20.0,69.8,69.8,69.8,68.0,69.8,17.5112194276333,71.6,75.2,987.760277777778,3555937.0,0.0,0.0,5.14027777777778,4.11222222222222,3.85520833333333,1564.5,1522.7,1169.7,1102.1,0.0,1904.0,0.0,0.0,738.0,2373.0,3.84,24.0,3.84,61.0,0.0,987.760277777778,0.0,63.5,75.2,70.7,57.0,77.0,72.5,77.0,68.0,5.60000000000002,91.0,14.512,744.0,28.18,14.666,-2.8,3.0,0.0,0.0,0.0,14.0,63.0,0.0,77.0,1.0,0.0,825.6,0.0,0.0,0.6,9.0,0.0,29.0,0.0,77.0,77.0,350.0,825.6,-50.0,0.0,0.0,0.0,0.0,400.0,0.0,0.0,0.0,0.0,0.0,0.0,64.0,739.9,4.442,41.1615825,14.4605162,16.5940248610222,0.0,0.67313189979202,1.86342926888353,1.15788090823543,0.0,,20.0,21.999999999999996,21.0,21.999999999999996,24.0,25.0,26.0,20.0,23.5,26.999999999999996,25.025899528006498,23.994869959436866,1.0830692267653603,14.409190817050186,22.57999999999998
151.0,14.0,15.7,740.2,0.0,0.0,0.0,20.0,69.8,69.8,69.8,68.0,68.0,15.8003531617151,71.6,75.2,987.760833333333,3555939.0,0.0,0.0,5.14027777777778,4.11222222222222,3.85520833333333,1564.5,1522.7,1169.7,1102.1,0.0,2096.0,0.0,0.0,738.0,2373.0,3.84,24.0,3.84,49.0,0.0,987.760833333334,0.0,63.5,75.2,70.7,57.0,77.0,72.5,77.0,68.0,5.56,91.0,14.512,742.3,28.29,14.669,-2.8,3.0,0.0,0.0,0.0,14.0,63.0,0.0,77.0,1.0,0.0,825.6,0.0,0.0,0.6,9.0,0.0,29.0,0.0,77.0,77.0,350.0,825.6,-50.0,0.0,0.0,0.0,0.0,400.0,0.0,0.0,0.0,0.0,0.0,0.0,64.0,740.2,4.441,41.1615825,14.4605162,16.5963993341418,0.0,0.682080680475329,2.32335209798694,1.44366361647825,0.0,0.0991699241685437,20.0,21.999999999999996,21.0,21.999999999999996,24.0,25.0,26.0,20.0,23.5,26.999999999999996,25.025899528006498,26.994228704366474,1.0974678148848043,13.058329177951753,22.73
152.0,14.0,15.7,740.2,0.0,0.0,0.0,20.0,69.8,69.8,69.8,68.0,68.0,15.8003531617151,71.6,75.2,987.760833333333,3555939.0,0.0,0.0,5.14027777777778,4.11222222222222,3.85520833333333,1564.5,1522.7,1169.7,1102.1,0.0,2096.0,0.0,0.0,738.0,2373.0,3.84,24.0,3.84,49.0,0.0,987.760833333334,0.0,63.5,75.2,70.7,57.0,77.0,72.5,77.0,68.0,5.56,91.0,14.512,742.3,28.29,14.669,-4.5,3.0,0.0,0.0,0.0,14.0,63.0,0.0,77.0,1.0,0.0,825.6,0.0,0.0,0.6,9.0,0.0,29.0,0.0,77.0,77.0,350.0,825.6,-50.0,0.0,0.0,0.0,0.0,400.0,0.0,0.0,0.0,0.0,0.0,0.0,64.0,740.2,4.441,47.65564,14.4605162,16.5963993341418,0.0,0.682080680475329,2.32335209798694,1.44366361647825,0.0,0.0991699241685437,20.0,21.999999999999996,21.0,21.999999999999996,24.0,25.0,26.0,20.0,23.5,26.999999999999996,23.994869959436866,26.994228704366474,1.0974678148848043,13.058329177951753,22.73
153.0,14.0,23.3,739.2,0.0,0.0,0.0,20.0,69.8,69.8,69.8,68.0,69.8,23.4172525786074,71.6,75.2,987.761388888889,3555941.0,0.0,0.0,5.13333333333333,4.10666666666667,3.85,1564.5,1522.8,1169.7,1102.1,0.0,2472.0,0.0,0.0,737.0,2365.0,3.84,22.0,3.84,145.0,0.0,987.761388888889,0.0,63.5,75.2,70.7,57.0,77.0,72.5,77.0,68.0,5.35000000000002,91.0,14.496,742.8,28.89,14.658,-4.5,3.0,0.0,0.0,0.0,14.0,63.0,0.0,77.0,1.0,0.0,825.6,0.0,0.0,0.6,9.0,0.0,29.0,0.0,77.0,77.0,350.0,825.6,-50.0,0.0,0.0,0.0,0.0,400.0,0.0,0.0,0.0,0.0,0.0,0.0,64.0,739.2,4.443,47.65564,14.4605162,16.6391773910186,0.0,0.692854429558462,1.85794177210486,1.15447113687457,0.0,0.0955414573567028,20.0,21.999999999999996,21.0,21.999999999999996,24.0,25.0,26.0,20.0,23.5,26.999999999999996,23.994869959436866,31.993159945915874,1.1148027771595654,11.766597391740044,23.53999999999998
154.0,14.0,23.3,739.2,0.0,0.0,0.0,20.0,69.8,69.8,69.8,68.0,69.8,23.4172525786074,71.6,75.2,987.761388888889,3555941.0,0.0,0.0,5.13333333333333,4.10666666666667,3.85,1564.5,1522.8,1169.7,1102.1,0.0,2472.0,0.0,0.0,737.0,2365.0,3.84,22.0,3.84,145.0,0.0,987.761388888889,0.0,63.5,75.2,70.7,57.0,77.0,72.5,77.0,68.0,5.35000000000002,91.0,14.496,742.8,28.89,14.658,6.0,3.0,0.0,0.0,0.0,14.0,63.0,0.0,77.0,1.0,0.0,825.6,0.0,0.0,0.6,9.0,0.0,29.0,0.0,77.0,77.0,350.0,825.6,-50.0,0.0,0.0,0.0,0.0,400.0,0.0,0.0,0.0,0.0,0.0,0.0,64.0,739.2,4.443,42.18696,14.4507502,16.6391773910186,0.0,0.692854429558462,1.85794177210486,1.15447113687457,0.0,0.0955414573567028,20.0,21.999999999999996,21.0,21.999999999999996,24.0,25.0,26.0,20.0,23.5,26.999999999999996,32.96170287396603,31.993159945915874,1.1148027771595654,11.766597391740044,23.53999999999998
155.0,14.0,21.0,739.4,0.0,0.0,0.0,20.0,69.8,69.8,69.8,68.0,69.8,21.1113887005246,71.6,75.2,987.761944444444,3555943.0,0.0,0.0,5.13472222222222,4.10777777777778,3.85104166666667,1564.5,1522.8,1169.7,1102.1,0.0,2965.0,0.0,0.0,737.0,2365.0,3.84,11.0,3.84,61.0,0.0,987.761944444444,0.0,63.5,75.2,70.7,57.0,77.0,72.5,77.0,68.0,5.43000000000001,91.0,14.497,742.2,28.32,14.642,6.0,3.0,0.0,0.0,0.0,14.0,63.0,0.0,77.0,1.0,0.0,825.6,0.0,0.0,0.6,9.0,0.0,29.0,0.0,77.0,77.0,350.0,825.6,-50.0,0.0,0.0,0.0,0.0,400.0,0.0,0.0,0.0,0.0,0.0,0.0,64.0,739.3,4.443,42.18696,14.4507502,16.7285242421365,0.0,0.705616166431788,2.44728673184178,1.52067300385126,0.0,0.0769260488598583,20.0,21.999999999999996,21.0,21.999999999999996,24.0,25.0,26.0,20.0,23.5,26.999999999999996,32.96170287396603,37.99187743577509,1.135336411788747,17.467254597571962,22.88999999999999
156.0,14.0,21.0,739.4,0.0,0.0,0.0,20.0,69.8,69.8,69.8,68.0,69.8,21.1113887005246,71.6,75.2,987.761944444444,3555943.0,0.0,0.0,5.13472222222222,4.10777777777778,3.85104166666667,1564.5,1522.8,1169.7,1102.1,0.0,2965.0,0.0,0.0,737.0,2365.0,3.84,11.0,3.84,61.0,0.0,987.761944444444,0.0,63.5,75.2,70.7,57.0,77.0,72.5,77.0,68.0,5.43000000000001,91.0,14.497,742.2,28.32,14.642,2.3,3.0,0.0,0.0,0.0,14.0,63.0,0.0,77.0,1.0,0.0,825.6,0.0,0.0,0.6,9.0,0.0,29.0,0.0,77.0,77.0,350.0,825.6,-50.0,0.0,0.0,0.0,0.0,400.0,0.0,0.0,0.0,0.0,0.0,0.0,64.0,739.0,4.439,41.99165,14.4507502,16.7285242421365,0.0,0.705616166431788,2.44728673184178,1.52067300385126,0.0,0.0769260488598583,20.0,21.999999999999996,21.0,21.999999999999996,24.0,25.0,26.0,20.0,23.5,26.999999999999996,35.9923049391553,37.99187743577509,1.135336411788747,17.467254597571962,22.88999999999999
157.0,14.0,25.3,738.8,0.0,0.0,0.0,20.0,69.8,69.8,69.8,68.0,69.8,25.4135578068624,71.6,75.2,987.762222222222,3555944.0,0.0,0.0,5.13055555555556,4.10444444444444,3.84791666666667,1564.5,1522.8,1169.7,1102.1,0.0,3249.0,0.0,0.0,737.0,2365.0,3.84,22.0,3.84,64.0,0.0,987.762222222222,0.0,63.5,75.2,70.7,57.0,77.0,72.5,77.0,68.0,5.37,91.0,14.497,741.2,27.97,14.648,0.8,3.0,0.0,0.0,0.0,14.0,63.0,0.0,77.0,1.0,0.0,825.6,0.0,0.0,0.6,9.0,0.0,29.0,0.0,77.0,77.0,350.0,825.6,-50.0,0.0,0.0,0.0,0.0,400.0,0.0,0.0,0.0,0.0,0.0,0.0,64.0,739.0,4.439,41.99165,14.4507502,16.8399176247261,0.0,0.719476655464034,2.19349398982647,1.36297355395246,0.0,0.0619176980615682,20.0,21.999999999999996,21.0,21.999999999999996,24.0,25.0,26.0,20.0,23.5,26.999999999999996,35.9923049391553,40.991236180704696,1.157637938641631,15.730244196977331,22.599999999999998
158.0,14.0,25.3,738.8,0.0,0.0,0.0,20.0,69.8,69.8,69.8,68.0,69.8,25.4135578068624,71.6,75.2,987.762222222222,3555944.0,0.0,0.0,5.13055555555556,4.10444444444444,3.84791666666667,1564.5,1522.8,1169.7,1102.1,0.0,3249.0,0.0,0.0,737.0,2365.0,3.84,22.0,3.84,64.0,0.0,987.762222222222,0.0,63.5,75.2,70.7,57.0,77.0,72.5,77.0,68.0,5.37,91.0,14.497,741.2,27.97,14.648,0.8,3.0,0.0,0.0,0.0,14.0,63.0,0.0,77.0,1.0,0.0,825.6,0.0,0.0,0.6,9.0,0.0,29.0,0.0,77.0,77.0,350.0,825.6,-50.0,0.0,0.0,0.0,0.0,400.0,0.0,0.0,0.0,0.0,0.0,0.0,64.0,738.7,4.443,45.6537125,14.4507502,16.8399176247261,0.0,0.719476655464034,2.19349398982647,1.36297355395246,0.0,0.0619176980615682,20.0,21.999999999999996,21.0,21.999999999999996,24.0,25.0,26.0,20.0,23.5,26.999999999999996,39.99144993239488,40.991236180704696,1.157637938641631,15.730244196977331,22.599999999999998
159.0,14.0,29.4,738.2,0.0,0.0,0.0,20.0,69.8,69.8,69.8,68.0,68.0,29.507976730076,71.6,75.2,987.762777777778,3555946.0,0.0,0.0,5.12638888888889,4.10111111111111,3.84479166666667,1564.5,1522.8,1169.7,1102.1,0.0,3510.0,0.0,0.0,736.0,2365.0,3.84,11.0,3.84,145.0,0.0,987.762777777778,0.0,63.5,75.2,70.7,57.0,77.0,72.5,77.0,68.0,5.47000000000003,91.0,14.498,740.9,28.07,14.667,5.2,3.0,0.0,0.0,0.0,14.0,63.0,0.0,77.0,1.0,0.0,825.6,0.0,0.0,0.6,9.0,0.0,29.0,0.0,77.0,77.0,350.0,825.6,-50.0,0.0,0.0,0.0,0.0,400.0,0.0,0.0,0.0,0.0,0.0,0.0,64.0,738.7,4.443,45.6537125,14.4507502,16.9767201430626,0.0,0.734354314466709,2.07343842440796,1.2883745072128,0.0,0.0656161201655052,20.0,21.999999999999996,21.0,21.999999999999996,24.0,25.0,26.0,20.0,23.5,26.999999999999996,39.99144993239488,44.99038117394412,1.1815760919769347,18.93580816607882,22.59999999999997
160.0,14.0,29.4,738.2,0.0,0.0,0.0,20.0,69.8,69.8,69.8,68.0,68.0,29.507976730076,71.6,75.2,987.762777777778,3555946.0,0.0,0.0,5.12638888888889,4.10111111111111,3.84479166666667,1564.5,1522.8,1169.7,1102.1,0.0,3510.0,0.0,0.0,736.0,2365.0,3.84,11.0,3.84,145.0,0.0,987.762777777778,0.0,63.5,75.2,70.7,57.0,77.0,72.5,77.0,68.0,5.47000000000003,91.0,14.498,740.9,28.07,14.667,5.2,3.0,0.0,0.0,0.0,14.0,63.0,0.0,77.0,1.0,0.0,825.6,0.0,0.0,0.6,9.0,0.0,29.0,0.0,77.0,77.0,350.0,825.6,-50.0,0.0,0.0,0.0,0.0,400.0,0.0,0.0,0.0,0.0,0.0,0.0,64.0,738.2,4.443,48.8275,14.4507502,16.9767201430626,0.0,0.734354314466709,2.07343842440796,1.2883745072128,0.0,0.0656161201655052,20.0,21.999999999999996,21.0,21.999999999999996,24.0,25.0,26.0,20.0,23.5,26.999999999999996,45.771464180436176,44.99038117394412,1.1815760919769347,18.93580816607882,22.59999999999997
161.0,14.0,24.3,738.4,0.0,0.0,0.0,20.0,69.8,69.8,69.8,68.0,68.0,24.395853833878,71.6,75.2,987.763333333333,3555948.0,0.0,0.0,5.12777777777778,4.10222222222222,3.84583333333333,1564.5,1522.8,1169.7,1102.1,0.0,3755.0,0.0,0.0,736.0,2365.0,3.84,9.0,3.84,145.0,0.0,987.763333333333,0.0,63.5,75.2,70.7,57.0,77.0,72.5,77.0,68.0,5.35000000000002,91.0,14.497,741.9,28.11,14.652,-2.9,3.0,0.0,0.0,0.0,14.0,63.0,0.0,77.0,1.0,0.0,825.6,0.0,0.0,0.6,9.0,0.0,29.0,0.0,77.0,77.0,350.0,825.6,-50.0,0.0,0.0,0.0,0.0,400.0,0.0,0.0,0.0,0.0,0.0,0.0,64.0,738.2,4.443,48.8275,14.4507502,17.1330269576664,0.0,0.750242143710591,2.67512004601206,1.66224201811056,0.0,0.058575166701727,20.0,21.999999999999996,21.0,21.999999999999996,24.0,25.0,26.0,20.0,23.5,26.999999999999996,45.771464180436176,47.98973991887373,1.2071396092303408,22.010418572099777,22.75999999999998
162.0,14.0,24.3,738.4,0.0,0.0,0.0,20.0,69.8,69.8,69.8,68.0,68.0,24.395853833878,71.6,75.2,987.763333333333,3555948.0,0.0,0.0,5.12777777777778,4.10222222222222,3.84583333333333,1564.5,1522.8,1169.7,1102.1,0.0,3755.0,0.0,0.0,736.0,2365.0,3.84,9.0,3.84,145.0,0.0,987.763333333333,0.0,63.5,75.2,70.7,57.0,77.0,72.5,77.0,68.0,5.35000000000002,91.0,14.497,741.9,28.11,14.652,-2.9,3.0,0.0,0.0,0.0,14.0,63.0,0.0,77.0,1.0,0.0,825.6,0.0,0.0,0.6,9.0,0.0,29.0,0.0,77.0,77.0,350.0,825.6,-50.0,0.0,0.0,0.0,0.0,400.0,0.0,0.0,0.0,0.0,0.0,0.0,64.0,739.4,4.443,41.8451675,14.4605162,17.1330269576664,0.0,0.750242143710591,2.67512004601206,1.66224201811056,0.0,0.058575166701727,20.0,21.999999999999996,21.0,21.999999999999996,24.0,25.0,26.0,20.0,23.5,26.999999999999996,48.19282150056166,47.98973991887373,1.2071396092303408,22.010418572099777,22.75999999999998
163.0,14.0,8.4,739.9,0.0,0.0,0.0,20.0,69.8,69.8,69.8,68.0,69.8,8.45026589100253,71.6,75.2,987.763888888889,3555950.0,0.0,0.0,5.13819444444444,4.11055555555556,3.85364583333333,1564.5,1522.8,1169.7,1102.1,0.0,3830.0,0.0,0.0,738.0,2370.0,3.84,11.0,3.84,78.0,0.0,987.763888888889,0.0,63.5,75.2,70.7,57.0,77.0,72.5,77.0,68.0,5.31,91.0,14.497,743.1,27.77,14.651,-5.3,3.0,0.0,0.0,0.0,14.0,63.0,0.0,77.0,1.0,0.0,825.6,0.0,0.0,0.6,9.0,0.0,29.0,0.0,77.0,77.0,350.0,825.6,-50.0,0.0,0.0,0.0,0.0,400.0,0.0,0.0,0.0,0.0,0.0,0.0,64.0,739.4,4.443,36.52297,14.4507502,17.2858815384019,0.0,0.766162111101031,7.72305137759929,4.79888015755025,0.0,0.036721279613375,20.0,21.999999999999996,21.0,21.999999999999996,24.0,25.0,26.0,20.0,23.5,26.999999999999996,48.36465976198993,47.98973991887373,1.232754836761559,18.229240896218343,22.46
164.0,14.0,8.4,739.9,0.0,0.0,0.0,20.0,69.8,69.8,69.8,68.0,69.8,8.45026589100253,71.6,75.2,987.763888888889,3555950.0,0.0,0.0,5.13819444444444,4.11055555555556,3.85364583333333,1564.5,1522.8,1169.7,1102.1,0.0,3830.0,0.0,0.0,738.0,2370.0,3.84,11.0,3.84,78.0,0.0,987.763888888889,0.0,63.5,75.2,70.7,57.0,77.0,72.5,77.0,68.0,5.31,91.0,14.497,743.1,27.77,14.651,-5.3,3.0,0.0,0.0,0.0,14.0,63.0,0.0,77.0,1.0,0.0,825.6,0.0,0.0,0.6,9.0,0.0,29.0,0.0,77.0,77.0,350.0,825.6,-50.0,0.0,0.0,0.0,0.0,400.0,0.0,0.0,0.0,0.0,0.0,0.0,64.0,740.3,4.443,36.52297,14.4507502,17.2858815384019,0.0,0.766162111101031,7.72305137759929,4.79888015755025,0.0,0.036721279613375,20.0,21.999999999999996,21.0,21.999999999999996,24.0,25.0,26.0,20.0,23.5,26.999999999999996,48.36465976198993,47.98973991887373,1.232754836761559,18.229240896218343,22.46
165.0,14.0,3.5,740.6,0.0,0.0,0.0,20.0,69.8,69.8,69.8,68.0,69.8,3.52427519421345,71.6,75.2,987.764444444444,3555952.0,0.0,0.0,5.14305555555556,4.11444444444444,3.85729166666667,1564.5,1522.8,1169.7,1102.1,0.0,3768.0,0.0,0.0,738.0,2370.0,3.86,24.0,3.84,150.0,0.0,987.764444444444,0.0,63.5,75.2,70.7,57.0,77.0,72.5,77.0,68.0,5.54000000000002,91.0,14.514,744.1,27.89,14.664,-2.0,3.0,0.0,0.0,0.0,14.0,63.0,0.0,77.0,1.0,0.0,825.6,0.0,0.0,0.6,9.0,0.0,29.0,0.0,77.0,77.0,350.0,825.6,-50.0,0.0,0.0,0.0,0.0,400.0,0.0,0.0,0.0,0.0,0.0,0.0,64.0,740.3,4.443,34.37456,14.4595396,17.4320027090592,0.0,0.782228781330226,18.1320165117087,11.2667092318969,0.0,0.036721279613375,20.0,21.999999999999996,21.0,21.999999999999996,24.0,25.0,26.0,20.0,23.5,26.999999999999996,43.990594925634305,46.989953670563914,1.2586061091603336,2.628094850271029,22.34999999999998
166.0,14.0,8.5,740.3,0.0,0.0,0.0,20.0,69.8,69.8,69.8,68.0,69.8,8.55548700796568,71.6,75.2,987.765,3555954.0,0.0,0.0,5.14097222222222,4.11277777777778,3.85572916666667,1564.5,1522.8,1169.7,1102.1,0.0,3648.0,0.0,0.0,738.0,2370.0,3.86,22.0,3.84,150.0,0.0,987.765,0.0,63.5,75.2,70.7,57.0,77.0,72.5,77.0,68.0,5.54000000000002,91.0,14.514,744.1,27.89,14.664,-2.0,3.0,0.0,0.0,0.0,14.0,63.0,0.0,77.0,1.0,0.0,825.6,0.0,0.0,0.6,9.0,0.0,29.0,0.0,77.0,77.0,350.0,825.6,-50.0,0.0,0.0,0.0,0.0,400.0,0.0,0.0,0.0,0.0,0.0,0.0,64.0,740.6,4.442,34.37456,14.4595396,17.4320027090592,0.0,0.782228781330226,18.1320165117087,11.2667092318969,0.0,0.036721279613375,20.0,21.999999999999996,21.0,21.999999999999996,24.0,25.0,26.0,20.0,23.5,26.999999999999996,43.990594925634305,46.989953670563914,1.2586061091603336,2.6270302695863386,22.34999999999998
167.0,14.0,8.5,740.3,0.0,0.0,0.0,20.0,69.8,69.8,69.8,68.0,69.8,8.55548700796568,71.6,75.2,987.765,3555954.0,0.0,0.0,5.14097222222222,4.11277777777778,3.85572916666667,1564.5,1522.8,1169.7,1102.1,0.0,3648.0,0.0,0.0,738.0,2370.0,3.86,22.0,3.84,150.0,0.0,987.765,0.0,63.5,75.2,69.8,57.0,77.0,72.5,77.0,68.0,5.22000000000003,91.0,14.498,742.8,27.86,14.661,-21.8,3.0,0.0,0.0,0.0,14.0,63.0,0.0,77.0,1.0,0.0,825.6,0.0,0.0,0.6,9.0,0.0,29.0,0.0,77.0,77.0,350.0,825.6,-50.0,0.0,0.0,0.0,0.0,400.0,0.0,0.0,0.0,0.0,0.0,0.0,64.0,740.6,4.442,39.0131725,14.4595396,17.5628604442716,0.0,0.797458977401834,7.31023194094604,4.54236613137758,0.0,0.003660628562061,20.0,21.999999999999996,21.0,21.999999999999996,24.0,25.0,26.0,20.0,23.5,26.999999999999996,43.990594925634305,45.990167422254096,1.283111494639551,2.6270302695863386,22.63999999999997
168.0,14.0,19.4,739.2,0.0,0.0,0.0,20.0,69.8,69.8,69.8,68.0,68.0,19.4976266105143,71.6,75.2,987.765555555556,3555956.0,0.0,0.0,5.13333333333333,4.10666666666667,3.85,1564.5,1522.8,1169.7,1102.1,0.0,3702.0,0.0,0.0,737.0,2370.0,3.84,11.0,3.84,61.0,0.0,987.765555555556,0.0,63.5,75.2,69.8,57.0,77.0,72.5,77.0,68.0,5.22000000000003,91.0,14.498,742.8,27.86,14.661,-21.8,3.0,0.0,0.0,0.0,14.0,63.0,0.0,77.0,1.0,0.0,825.6,0.0,0.0,0.6,9.0,0.0,29.0,0.0,77.0,77.0,350.0,825.6,-50.0,0.0,0.0,0.0,0.0,400.0,0.0,0.0,0.0,0.0,0.0,0.0,64.0,739.1,4.443,39.0131725,14.4595396,17.5628604442716,0.0,0.797458977401834,7.31023194094604,4.54236613137758,0.0,0.003660628562061,20.0,21.999999999999996,21.0,21.999999999999996,24.0,25.0,26.0,20.0,23.5,26.999999999999996,43.990594925634305,45.990167422254096,1.283111494639551,6.37045081718411,22.63999999999997
169.0,14.0,19.4,739.2,0.0,0.0,0.0,20.0,69.8,69.8,69.8,68.0,68.0,19.4976266105143,71.6,75.2,987.765555555556,3555956.0,0.0,0.0,5.13333333333333,4.10666666666667,3.85,1564.5,1522.8,1169.7,1102.1,0.0,3702.0,0.0,0.0,737.0,2370.0,3.84,11.0,3.84,61.0,0.0,987.765555555556,0.0,63.5,75.2,69.8,57.0,77.0,72.5,77.0,68.0,5.47000000000003,91.0,14.515,741.7,27.66,14.674,1.1,3.0,0.0,0.0,0.0,14.0,63.0,0.0,77.0,1.0,0.0,825.6,0.0,0.0,0.6,9.0,0.0,29.0,0.0,77.0,77.0,350.0,825.6,-50.0,0.0,0.0,0.0,0.0,400.0,0.0,0.0,0.0,0.0,0.0,0.0,64.0,739.1,4.443,44.9701275,14.4507502,17.6980370031354,0.0,0.81303740364604,3.27743562279645,2.03650345037265,0.0,0.003660628562061,20.0,21.999999999999996,21.0,21.999999999999996,24.0,25.0,26.0,20.0,23.5,26.999999999999996,43.990594925634305,46.989953670563914,1.3081771824664785,6.37045081718411,22.18999999999997
170.0,14.0,14.0,739.5,0.0,0.0,0.0,20.0,69.8,69.8,69.8,68.0,69.8,14.0761626039473,71.6,75.2,987.766111111111,3555958.0,0.0,0.0,5.13541666666667,4.10833333333333,3.8515625,1564.5,1522.9,1169.7,1102.1,0.0,3801.0,0.0,0.0,737.0,2373.0,3.84,24.0,3.84,78.0,0.0,987.766111111111,0.0,63.5,75.2,69.8,57.0,77.0,72.5,77.0,68.0,5.47000000000003,91.0,14.515,741.7,27.66,14.674,1.1,3.0,0.0,0.0,0.0,14.0,63.0,0.0,77.0,1.0,0.0,825.6,0.0,0.0,0.6,9.0,0.0,29.0,0.0,77.0,77.0,350.0,825.6,-50.0,0.0,0.0,0.0,0.0,400.0,0.0,0.0,0.0,0.0,0.0,0.0,64.0,739.2,4.442,44.9701275,14.4507502,17.6980370031354,0.0,0.81303740364604,3.27743562279645,2.03650345037265,0.0,0.003660628562061,20.0,21.999999999999996,21.0,21.999999999999996,24.0,25.0,26.0,20.0,23.5,26.999999999999996,43.990594925634305,46.989953670563914,1.3081771824664785,14.545517977872482,22.18999999999997
171.0,14.0,14.0,739.5,0.0,0.0,0.0,20.0,69.8,69.8,69.8,68.0,69.8,14.0761626039473,71.6,75.2,987.766111111111,3555958.0,0.0,0.0,5.13541666666667,4.10833333333333,3.8515625,1564.5,1522.9,1169.7,1102.1,0.0,3801.0,0.0,0.0,737.0,2373.0,3.84,24.0,3.84,78.0,0.0,987.766111111111,0.0,63.5,75.2,69.8,57.0,77.0,72.5,77.0,68.0,5.16000000000003,91.0,14.5,742.8,27.94,14.648,-11.8,3.0,0.0,0.0,0.0,14.0,63.0,0.0,77.0,1.0,0.0,825.6,0.0,0.0,0.6,9.0,0.0,29.0,0.0,77.0,77.0,350.0,825.6,-50.0,0.0,0.0,0.0,0.0,400.0,0.0,0.0,0.0,0.0,0.0,0.0,64.0,739.2,4.442,39.9897225,14.4507502,17.8374448092552,0.0,0.828970655124075,4.63633729353811,2.88088554042307,0.0,,20.0,21.999999999999996,21.0,21.999999999999996,24.0,25.0,26.0,20.0,23.5,26.999999999999996,48.19282150056166,47.98973991887373,1.3338137840946367,14.545517977872482,22.779999999999973
172.0,14.0,14.0,739.5,0.0,0.0,0.0,20.0,69.8,69.8,69.8,68.0,69.8,14.0761626039473,71.6,75.2,987.766666666667,3555960.0,0.0,0.0,5.13541666666667,4.10833333333333,3.8515625,1564.5,1522.9,1169.7,1102.2,0.0,3835.0,0.0,0.0,737.0,2373.0,3.84,24.0,3.84,150.0,0.0,987.766666666667,0.0,63.5,75.2,69.8,57.0,77.0,72.5,77.0,68.0,5.16000000000003,91.0,14.5,742.8,27.94,14.648,-11.8,3.0,0.0,0.0,0.0,14.0,63.0,0.0,77.0,1.0,0.0,825.6,0.0,0.0,0.6,9.0,0.0,29.0,0.0,77.0,77.0,350.0,825.6,-50.0,0.0,0.0,0.0,0.0,400.0,0.0,0.0,0.0,0.0,0.0,0.0,64.0,739.5,4.442,39.9897225,14.4507502,17.8374448092552,0.0,0.828970655124075,4.63633729353811,2.88088554042307,0.0,,20.0,21.999999999999996,21.0,21.999999999999996,24.0,25.0,26.0,20.0,23.5,26.999999999999996,48.19282150056166,47.98973991887373,1.3338137840946367,10.496765551041983,22.779999999999973
173.0,14.0,14.0,739.5,0.0,0.0,0.0,20.0,69.8,69.8,69.8,68.0,69.8,14.0761626039473,71.6,75.2,987.766666666667,3555960.0,0.0,0.0,5.13541666666667,4.10833333333333,3.8515625,1564.5,1522.9,1169.7,1102.2,0.0,3835.0,0.0,0.0,737.0,2373.0,3.84,24.0,3.84,150.0,0.0,987.766666666667,0.0,63.5,75.2,69.8,57.0,77.0,72.5,77.0,68.0,5.11000000000001,91.0,14.5,742.4,27.6,14.652,-6.7,3.0,0.0,0.0,0.0,14.0,63.0,0.0,77.0,1.0,0.0,825.6,0.0,0.0,0.6,9.0,0.0,29.0,0.0,77.0,77.0,350.0,825.6,-50.0,0.0,0.0,0.0,0.0,400.0,0.0,0.0,0.0,0.0,0.0,0.0,64.0,739.5,4.442,39.9897225,14.4507502,17.9736019748137,0.0,0.844894225638935,4.63633729353811,2.88088554042307,0.0,,20.0,21.999999999999996,21.0,21.999999999999996,24.0,25.0,26.0,20.0,23.5,26.999999999999996,48.86455288614492,47.98973991887373,1.3594348090530464,10.496765551041983,22.48999999999999
174.0,14.0,1.6,740.7,0.0,0.0,0.0,20.0,69.8,69.8,69.8,68.0,69.8,1.6113147710992,71.6,75.2,987.767222222222,3555962.0,0.0,0.0,5.14375,4.115,3.8578125,1564.5,1522.9,1169.7,1102.2,0.0,3825.0,0.0,0.0,738.0,2373.0,3.86,22.0,3.84,2.0,0.0,987.767222222222,0.0,63.5,75.2,69.8,57.0,77.0,72.5,77.0,68.0,5.11000000000001,91.0,14.5,742.4,27.6,14.652,-6.7,3.0,0.0,0.0,0.0,14.0,63.0,0.0,77.0,1.0,0.0,825.6,0.0,0.0,0.6,9.0,0.0,29.0,0.0,77.0,77.0,350.0,825.6,-50.0,0.0,0.0,0.0,0.0,400.0,0.0,0.0,0.0,0.0,0.0,0.0,64.0,740.0,4.443,39.9897225,14.4507502,18.1103186749255,0.0,0.861255668148015,40.5022276225192,25.1669096800324,0.0,0.0073190891679817,20.0,21.999999999999996,21.0,21.999999999999996,24.0,25.0,26.0,20.0,23.5,26.999999999999996,48.86455288614492,47.98973991887373,1.3857603700501562,1.2015770105139447,22.48999999999999
175.0,14.0,1.6,740.7,0.0,0.0,0.0,20.0,69.8,69.8,69.8,68.0,69.8,1.6113147710992,71.6,75.2,987.767222222222,3555962.0,0.0,0.0,5.14375,4.115,3.8578125,1564.5,1522.9,1169.7,1102.2,0.0,3825.0,0.0,0.0,738.0,2373.0,3.86,22.0,3.84,2.0,0.0,987.767222222222,0.0,63.5,75.2,69.8,57.0,77.0,72.5,77.0,68.0,5.06,91.0,14.499,742.8,27.82,14.667,-4.5,3.0,0.0,0.0,0.0,14.0,63.0,0.0,77.0,1.0,0.0,825.6,0.0,0.0,0.6,9.0,0.0,29.0,0.0,77.0,77.0,350.0,825.6,-50.0,0.0,0.0,0.0,0.0,400.0,0.0,0.0,0.0,0.0,0.0,0.0,64.0,740.0,4.443,37.69483,14.4507502,18.1103186749255,0.0,0.861255668148015,40.5022276225192,25.1669096800324,0.0,0.0073190891679817,20.0,21.999999999999996,21.0,21.999999999999996,24.0,25.0,26.0,20.0,23.5,26.999999999999996,43.990594925634305,47.98973991887373,1.3857603700501562,1.2015770105139447,22.76
176.0,14.0,19.0,739.1,0.0,0.0,0.0,20.0,69.8,69.8,69.8,68.0,68.0,19.093030409637,71.6,75.2,987.767777777778,3555964.0,0.0,0.0,5.13263888888889,4.10611111111111,3.84947916666667,1564.5,1522.9,1169.7,1102.2,0.0,3806.0,0.0,0.0,737.0,2373.0,3.84,20.0,3.84,61.0,0.0,987.767777777778,0.0,63.5,75.2,69.8,56.0,77.0,72.5,77.0,68.0,5.06,91.0,14.499,742.8,27.82,14.667,-4.5,3.0,0.0,0.0,0.0,14.0,63.0,0.0,77.0,1.0,0.0,825.6,0.0,0.0,0.6,9.0,0.0,29.0,0.0,77.0,77.0,350.0,825.6,-50.0,0.0,0.0,0.0,0.0,400.0,0.0,0.0,0.0,0.0,0.0,0.0,64.0,740.0,4.443,37.69483,14.4507502,18.2441231811531,0.0,0.877642531366818,3.41809740153387,2.1239066004885,0.0,0.0036324477312865,20.0,21.999999999999996,21.0,21.999999999999996,24.0,25.0,26.0,20.0,23.5,26.999999999999996,43.990594925634305,47.98973991887373,1.4121268329692103,1.1989814614160403,22.76
177.0,14.0,19.0,739.1,0.0,0.0,0.0,20.0,69.8,69.8,69.8,68.0,68.0,19.093030409637,71.6,75.2,987.767777777778,3555964.0,0.0,0.0,5.13263888888889,4.10611111111111,3.84947916666667,1564.5,1522.9,1169.7,1102.2,0.0,3806.0,0.0,0.0,737.0,2373.0,3.84,20.0,3.84,61.0,0.0,987.767777777778,0.0,63.5,75.2,69.8,56.0,77.0,72.5,77.0,68.0,5.04000000000002,91.0,14.5,741.9,28.03,14.644,-22.4,3.0,0.0,0.0,0.0,14.0,63.0,0.0,77.0,1.0,0.0,825.6,0.0,0.0,0.6,9.0,0.0,29.0,0.0,77.0,77.0,350.0,825.6,-50.0,0.0,0.0,0.0,0.0,400.0,0.0,0.0,0.0,0.0,0.0,0.0,64.0,740.0,4.443,43.16351,14.4497736,18.2441231811531,0.0,0.877642531366818,3.41809740153387,2.1239066004885,0.0,0.0036324477312865,20.0,21.999999999999996,21.0,21.999999999999996,24.0,25.0,26.0,20.0,23.5,26.999999999999996,48.817687905755434,47.98973991887373,1.4121268329692103,1.1989814614160403,22.98999999999998
178.0,14.0,11.9,739.6,0.0,0.0,0.0,20.0,69.8,69.8,69.8,68.0,69.8,11.9663561630798,71.6,75.2,987.768333333333,3555966.0,0.0,0.0,5.13611111111111,4.10888888888889,3.85208333333333,1564.5,1522.9,1169.7,1102.2,0.0,3886.0,0.0,0.0,737.0,2373.0,3.84,12.0,3.84,145.0,0.0,987.768333333333,0.0,63.5,75.2,69.8,56.0,77.0,72.5,77.0,68.0,5.04000000000002,91.0,14.5,741.9,28.03,14.644,-22.4,3.0,0.0,0.0,0.0,14.0,63.0,0.0,77.0,1.0,0.0,825.6,0.0,0.0,0.6,9.0,0.0,29.0,0.0,77.0,77.0,350.0,825.6,-50.0,0.0,0.0,0.0,0.0,400.0,0.0,0.0,0.0,0.0,0.0,0.0,64.0,739.3,4.442,43.16351,14.4497736,18.2441231811531,0.0,0.877642531366818,3.41809740153387,2.1239066004885,0.0,0.0036324477312865,20.0,21.999999999999996,21.0,21.999999999999996,24.0,25.0,26.0,20.0,23.5,26.999999999999996,48.817687905755434,47.98973991887373,1.4121268329692103,8.923457243161671,22.98999999999998
179.0,14.0,11.9,739.6,0.0,0.0,0.0,20.0,69.8,69.8,69.8,68.0,69.8,11.9663561630798,71.6,75.2,987.768333333333,3555966.0,0.0,0.0,5.13611111111111,4.10888888888889,3.85208333333333,1564.5,1522.9,1169.7,1102.2,0.0,3886.0,0.0,0.0,737.0,2373.0,3.84,12.0,3.84,145.0,0.0,987.768333333333,0.0,63.5,75.2,69.8,56.0,77.0,72.5,77.0,68.9,5.0,91.0,14.501,742.7,27.57,14.643,3.0,3.0,0.0,0.0,0.0,14.0,63.0,0.0,77.0,1.0,0.0,825.6,0.0,0.0,0.6,9.0,0.0,29.0,0.0,77.0,77.0,350.0,825.6,-50.0,0.0,0.0,0.0,0.0,400.0,0.0,0.0,0.0,0.0,0.0,0.0,64.0,739.3,4.442,39.84324,14.4507502,18.386734044932,0.0,0.894961851226338,5.56739732128655,3.45941924092514,0.0,0.003575665742777,20.0,21.999999999999996,21.0,21.999999999999996,24.0,25.0,26.0,20.500000000000004,23.5,26.999999999999996,49.42693265081922,48.989526167183705,1.4399936186231779,8.923457243161671,22.57
180.0,14.0,11.9,739.6,0.0,0.0,0.0,20.0,69.8,69.8,69.8,68.0,69.8,11.9663561630798,71.6,75.2,987.768888888889,3555968.0,0.0,0.0,5.13611111111111,4.10888888888889,3.85208333333333,1564.5,1522.9,1169.7,1102.2,0.0,3890.0,0.0,0.0,737.0,2367.0,3.84,11.0,3.84,78.0,0.0,987.768888888889,0.0,63.5,75.2,69.8,56.0,77.0,72.5,77.0,68.9,5.0,91.0,14.501,742.7,27.57,14.643,3.0,3.0,0.0,0.0,0.0,14.0,63.0,0.0,77.0,1.0,0.0,825.6,0.0,0.0,0.6,9.0,0.0,29.0,0.0,77.0,77.0,350.0,825.6,-50.0,0.0,0.0,0.0,0.0,400.0,0.0,0.0,0.0,0.0,0.0,0.0,64.0,739.6,4.443,39.84324,14.4507502,18.5191035766474,0.0,0.911407967711619,5.56739732128655,3.45941924092514,0.0,0.003565109110742,21.0,21.999999999999996,21.0,21.999999999999996,24.0,25.0,26.0,20.500000000000004,23.5,26.999999999999996,49.42693265081922,48.989526167183705,1.466455420047995,8.923457243161671,22.57
181.0,14.0,11.9,739.6,0.0,0.0,0.0,20.0,69.8,69.8,69.8,68.0,69.8,11.9663561630798,71.6,75.2,987.768888888889,3555968.0,0.0,0.0,5.13611111111111,4.10888888888889,3.85208333333333,1564.5,1522.9,1169.7,1102.2,0.0,3890.0,0.0,0.0,737.0,2367.0,3.84,11.0,3.84,78.0,0.0,987.768888888889,0.0,63.5,75.2,69.8,56.0,77.0,72.5,77.0,68.9,4.95999999999998,91.0,14.501,742.8,27.98,14.65,-0.1,3.0,0.0,0.0,0.0,14.0,63.0,0.0,77.0,1.0,0.0,825.6,0.0,0.0,0.6,9.0,0.0,29.0,0.0,77.0,77.0,350.0,825.6,-50.0,0.0,0.0,0.0,0.0,400.0,0.0,0.0,0.0,0.0,0.0,0.0,64.0,739.6,4.443,39.84324,14.4507502,18.5191035766474,0.0,0.911407967711619,5.56739732128655,3.45941924092514,0.0,0.003565109110742,21.0,21.999999999999996,21.0,21.999999999999996,24.0,25.0,26.0,20.500000000000004,23.5,26.999999999999996,49.59877091224749,48.989526167183705,1.466455420047995,8.923457243161671,23.02000000000002
182.0,14.0,8.4,739.9,0.0,0.0,0.0,20.0,69.8,69.8,69.8,68.0,68.0,8.45026589100253,71.6,75.2,987.769444444444,3555970.0,0.0,0.0,5.13819444444444,4.11055555555556,3.85364583333333,1564.5,1522.9,1169.7,1102.2,0.0,3951.0,0.0,0.0,738.0,2367.0,3.84,19.0,3.84,145.0,0.0,987.769444444444,0.0,63.5,75.2,69.8,56.0,77.0,72.5,77.0,68.9,4.95999999999998,91.0,14.501,742.8,27.98,14.65,-0.1,3.0,0.0,0.0,0.0,14.0,63.0,0.0,77.0,1.0,0.0,825.6,0.0,0.0,0.6,9.0,0.0,29.0,0.0,77.0,77.0,350.0,825.6,-50.0,0.0,0.0,0.0,0.0,400.0,0.0,0.0,0.0,0.0,0.0,0.0,64.0,739.6,4.443,39.84324,14.4507502,18.6540206817126,0.0,0.928024943669249,8.04484518499926,4.99883349744817,0.0,0.007177391240179,21.0,21.999999999999996,21.0,21.999999999999996,24.0,25.0,26.0,20.500000000000004,23.5,26.999999999999996,49.59877091224749,49.98931241549352,1.4931921343638217,8.927076817489635,23.02000000000002
183.0,14.0,8.4,739.9,0.0,0.0,0.0,20.0,69.8,69.8,69.8,68.0,68.0,8.45026589100253,71.6,75.2,987.769444444444,3555970.0,0.0,0.0,5.13819444444444,4.11055555555556,3.85364583333333,1564.5,1522.9,1169.7,1102.2,0.0,3951.0,0.0,0.0,738.0,2367.0,3.84,19.0,3.84,145.0,0.0,987.769444444444,0.0,63.5,75.2,69.8,56.0,77.0,72.5,77.0,68.9,4.92000000000002,91.0,14.5,744.0,27.21,14.652,0.1,3.0,0.0,0.0,0.0,14.0,63.0,0.0,77.0,1.0,0.0,825.6,0.0,0.0,0.6,9.0,0.0,29.0,0.0,77.0,77.0,350.0,825.6,-50.0,0.0,0.0,0.0,0.0,400.0,0.0,0.0,0.0,0.0,0.0,0.0,64.0,739.6,4.443,35.2046275,14.4507502,18.6540206817126,0.0,0.928024943669249,8.04484518499926,4.99883349744817,0.0,0.007177391240179,21.0,21.999999999999996,21.0,21.999999999999996,24.0,25.0,26.0,20.500000000000004,23.5,26.999999999999996,47.98973991887373,49.98931241549352,1.4931921343638217,8.927076817489635,22.28999999999998
184.0,14.0,-3.0,741.0,0.0,0.0,0.0,20.0,69.8,69.8,69.8,68.0,68.0,-3.02243885526658,71.6,75.2,987.77,3555972.0,0.0,0.0,5.14583333333333,4.11666666666667,3.859375,1564.5,1522.9,1169.7,1102.2,0.0,3953.0,0.0,0.0,739.0,2367.0,3.86,119.0,3.84,61.0,0.0,987.77,0.0,63.5,75.2,69.8,56.0,77.0,72.5,77.0,68.9,4.92000000000002,91.0,14.5,744.0,27.21,14.652,0.1,3.0,0.0,0.0,0.0,14.0,63.0,0.0,77.0,1.0,0.0,825.6,0.0,0.0,0.6,9.0,0.0,29.0,0.0,77.0,77.0,350.0,825.6,-50.0,0.0,0.0,0.0,0.0,400.0,0.0,0.0,0.0,0.0,0.0,0.0,64.0,741.0,4.443,35.2046275,14.4507502,18.7874495428149,0.0,0.944817634769888,-22.4921277552857,-13.9759559154296,0.0,0.0072042810426861,21.0,21.999999999999996,21.0,21.999999999999996,24.0,25.0,26.0,20.500000000000004,23.5,26.999999999999996,47.98973991887373,49.98931241549352,1.5202115743447497,-2.2538693924433857,22.28999999999998
185.0,14.0,-3.0,741.0,0.0,0.0,0.0,20.0,69.8,69.8,69.8,68.0,68.0,-3.02243885526658,71.6,75.2,987.77,3555972.0,0.0,0.0,5.14583333333333,4.11666666666667,3.859375,1564.5,1522.9,1169.7,1102.2,0.0,3953.0,0.0,0.0,739.0,2367.0,3.86,119.0,3.84,61.0,0.0,987.77,0.0,63.5,75.2,69.8,56.0,77.0,72.5,77.0,68.9,4.88999999999999,91.0,14.5,745.6,27.81,14.667,2.0,3.0,0.0,0.0,0.0,14.0,63.0,0.0,77.0,1.0,0.0,825.6,0.0,0.0,0.6,9.0,0.0,29.0,0.0,77.0,77.0,350.0,825.6,-50.0,0.0,0.0,0.0,0.0,400.0,0.0,0.0,0.0,0.0,0.0,0.0,64.0,741.0,4.443,20.5563775,14.4595396,18.7874495428149,0.0,0.944817634769888,-22.4921277552857,-13.9759559154296,0.0,0.0072042810426861,21.0,21.999999999999996,21.0,21.999999999999996,24.0,25.0,26.0,20.500000000000004,23.5,26.999999999999996,49.31758102991026,49.98931241549352,1.5202115743447497,-2.2538693924433857,22.92000000000001
186.0,14.0,-34.1,744.4,0.0,0.0,0.0,20.0,69.8,69.8,69.8,68.0,69.8,-34.512689518507,71.6,75.2,987.770555555556,3555974.0,0.0,0.0,5.16944444444444,4.13555555555556,3.87708333333333,1564.5,1522.9,1169.7,1102.2,0.0,3571.0,0.0,0.0,742.0,2367.0,3.86,24.0,3.86,2.0,0.0,987.770555555556,0.0,63.5,75.2,69.8,56.0,77.0,72.5,77.0,68.9,4.88999999999999,91.0,14.5,745.6,27.81,14.667,2.0,3.0,0.0,0.0,0.0,14.0,63.0,0.0,77.0,1.0,0.0,825.6,0.0,0.0,0.6,9.0,0.0,29.0,0.0,77.0,77.0,350.0,825.6,-50.0,0.0,0.0,0.0,0.0,400.0,0.0,0.0,0.0,0.0,0.0,0.0,64.0,744.1,4.443,20.5563775,14.4595396,18.8801180109822,0.0,0.959877994629419,-1.73337262311279,-1.07706748019622,0.0,0.0072042810426861,21.0,21.999999999999996,21.0,21.999999999999996,24.0,25.0,26.0,20.500000000000004,23.5,26.999999999999996,49.31758102991026,43.990594925634305,1.544443693358735,-2.264211033380373,22.92000000000001
187.0,14.0,-34.1,744.4,0.0,0.0,0.0,20.0,69.8,69.8,69.8,68.0,69.8,-34.512689518507,71.6,75.2,987.770555555556,3555974.0,0.0,0.0,5.16944444444444,4.13555555555556,3.87708333333333,1564.5,1522.9,1169.7,1102.2,0.0,3571.0,0.0,0.0,742.0,2367.0,3.86,24.0,3.86,2.0,0.0,987.770555555556,0.0,63.5,75.2,69.8,56.0,77.0,72.5,77.0,68.9,4.86000000000001,91.0,14.494,748.8,31.58,14.677,-0.9,3.0,0.0,0.0,0.0,14.0,63.0,0.0,77.0,1.0,0.0,825.6,0.0,0.0,0.6,9.0,0.0,29.0,0.0,77.0,77.0,350.0,825.6,-50.0,0.0,0.0,0.0,0.0,400.0,0.0,0.0,0.0,0.0,0.0,0.0,64.0,744.1,4.443,8.9354325,14.4414725,18.8801180109822,0.0,0.959877994629419,-1.73337262311279,-1.07706748019622,0.0,0.0072042810426861,21.0,21.999999999999996,21.0,21.999999999999996,24.0,25.0,26.0,20.500000000000004,23.5,26.999999999999996,39.99144993239488,43.990594925634305,1.544443693358735,-2.264211033380373,26.719999999999988
188.0,14.0,-46.7,746.1,0.0,0.0,0.0,20.0,69.8,69.8,69.8,68.0,69.8,-47.3731192609097,71.6,75.2,987.771111111111,3555976.0,0.0,0.0,5.18125,4.145,3.8859375,1564.5,1522.9,1169.7,1102.2,0.0,2875.0,0.0,0.0,744.0,2370.0,3.88,19.0,3.88,169.0,0.0,987.771111111111,0.0,63.5,75.2,69.8,56.0,77.0,72.5,77.0,68.9,4.81,91.0,14.495,749.0,31.79,14.675,-0.9,3.0,0.0,0.0,0.0,14.0,63.0,0.0,77.0,1.0,0.0,825.6,0.0,0.0,0.6,9.0,0.0,29.0,0.0,77.0,77.0,350.0,825.6,-50.0,0.0,0.0,0.0,0.0,400.0,0.0,0.0,0.0,0.0,0.0,0.0,64.0,745.9,4.443,8.9354325,14.4414725,18.9034842703289,0.0,0.971167048913511,-0.975809398020312,-0.60633966145728,0.0,-0.0546257297241798,21.0,21.999999999999996,21.0,21.999999999999996,24.0,25.0,26.0,20.500000000000004,23.5,26.999999999999996,39.99144993239488,33.99273244253566,1.5626077817018391,-35.32671085824735,26.98
189.0,14.0,-46.7,746.1,0.0,0.0,0.0,20.0,69.8,69.8,69.8,68.0,69.8,-47.3731192609097,71.6,75.2,987.771111111111,3555976.0,0.0,0.0,5.18125,4.145,3.8859375,1564.5,1522.9,1169.7,1102.2,0.0,2875.0,0.0,0.0,744.0,2370.0,3.88,19.0,3.88,169.0,0.0,987.771111111111,0.0,63.5,75.2,69.8,56.0,77.0,72.5,77.0,68.9,4.81,91.0,14.495,749.0,31.79,14.675,5.0,3.0,0.0,0.0,0.0,14.0,63.0,0.0,77.0,1.0,0.0,825.6,0.0,0.0,0.6,9.0,0.0,29.0,0.0,77.0,77.0,350.0,825.6,-50.0,0.0,0.0,0.0,0.0,400.0,0.0,0.0,0.0,0.0,0.0,0.0,64.0,745.9,4.443,2.2948925,14.4414725,18.9034842703289,0.0,0.971167048913511,-0.975809398020312,-0.60633966145728,0.0,-0.0546257297241798,21.0,21.999999999999996,21.0,21.999999999999996,24.0,25.0,26.0,20.500000000000004,23.5,26.999999999999996,32.11813322695466,33.99273244253566,1.5626077817018391,-35.32671085824735,26.98
190.0,14.0,-32.1,745.2,0.0,0.0,0.0,20.0,69.8,69.8,69.8,68.0,68.0,-32.5233999377973,71.6,75.2,987.771666666667,3555978.0,0.0,0.0,5.175,4.14,3.88125,1564.5,1522.9,1169.7,1102.2,0.0,2037.0,0.0,0.0,743.0,2370.0,3.88,20.0,3.88,181.0,0.0,987.771666666667,0.0,63.5,75.2,69.8,56.0,77.0,72.5,77.0,68.9,4.76999999999998,91.0,14.494,749.0,32.77,14.675,5.0,3.0,0.0,0.0,0.0,14.0,63.0,0.0,77.0,1.0,0.0,825.6,0.0,0.0,0.6,9.0,0.0,29.0,0.0,77.0,77.0,350.0,825.6,-50.0,0.0,0.0,0.0,0.0,400.0,0.0,0.0,0.0,0.0,0.0,0.0,64.0,745.5,4.442,2.2948925,14.4414725,18.8619362229913,0.0,0.979227734923878,-1.00330589291716,-0.62342518598783,0.0,-0.0944121944814066,21.0,21.999999999999996,21.0,21.999999999999996,24.0,25.0,26.0,20.500000000000004,23.5,28.000000000000004,32.11813322695466,23.994869959436866,1.5755774254925197,-24.25309465905839,28.00000000000002
191.0,14.0,-32.1,745.2,0.0,0.0,0.0,20.0,69.8,69.8,69.8,68.0,68.0,-32.5233999377973,71.6,75.2,987.771666666667,3555978.0,0.0,0.0,5.175,4.14,3.88125,1564.5,1522.9,1169.7,1102.2,0.0,2037.0,0.0,0.0,743.0,2370.0,3.88,20.0,3.88,181.0,0.0,987.771666666667,0.0,63.5,75.2,69.8,56.0,77.0,72.5,77.0,68.9,4.76999999999998,91.0,14.494,749.0,32.77,14.675,-5.6,3.0,0.0,0.0,0.0,14.0,63.0,0.0,77.0,1.0,0.0,825.6,0.0,0.0,0.6,9.0,0.0,29.0,0.0,77.0,77.0,350.0,825.6,-50.0,0.0,0.0,0.0,0.0,400.0,0.0,0.0,0.0,0.0,0.0,0.0,64.0,744.4,4.442,0.0,14.4404959,18.8619362229913,0.0,0.979227734923878,-1.00330589291716,-0.62342518598783,0.0,-0.0944121944814066,21.0,21.999999999999996,21.0,21.999999999999996,24.0,25.0,26.0,20.500000000000004,23.5,28.000000000000004,21.479782678532416,23.994869959436866,1.5755774254925197,-24.25309465905839,28.00000000000002
192.0,14.0,-18.0,744.1,0.0,0.0,0.0,20.0,69.8,69.8,69.8,68.0,68.0,-18.210500017845,71.6,75.2,987.772222222222,3555980.0,0.0,0.0,5.16736111111111,4.13388888888889,3.87552083333333,1564.5,1522.9,1169.8,1102.2,0.0,1216.0,0.0,0.0,742.0,2370.0,3.86,105.0,3.86,61.0,0.0,987.772222222222,0.0,63.5,75.2,69.8,56.0,77.0,72.5,77.0,68.9,4.73000000000002,91.0,14.491,746.5,31.97,14.663,-6.6,3.0,0.0,0.0,0.0,14.0,63.0,0.0,77.0,1.0,0.0,825.6,0.0,0.0,0.6,9.0,0.0,29.0,0.0,77.0,77.0,350.0,825.6,-50.0,0.0,0.0,0.0,0.0,400.0,0.0,0.0,0.0,0.0,0.0,0.0,64.0,744.4,4.442,0.0,14.4404959,18.7521203423808,0.0,0.983542119024894,-0.970598336543774,-0.603101658976541,0.0,-0.13478874309985,21.0,21.999999999999996,21.0,21.999999999999996,24.0,25.0,26.0,20.500000000000004,23.5,28.000000000000004,21.479782678532416,12.997221228028314,1.5825192695110544,-13.579791213903803,27.23999999999998
193.0,14.0,-18.0,744.1,0.0,0.0,0.0,20.0,69.8,69.8,69.8,68.0,68.0,-18.210500017845,71.6,75.2,987.772222222222,3555980.0,0.0,0.0,5.16736111111111,4.13388888888889,3.87552083333333,1564.5,1522.9,1169.8,1102.2,0.0,1216.0,0.0,0.0,742.0,2370.0,3.86,105.0,3.86,61.0,0.0,987.772222222222,0.0,63.5,75.2,69.8,56.0,77.0,72.5,77.0,68.9,4.73000000000002,91.0,14.491,746.5,31.97,14.663,-6.6,3.0,0.0,0.0,0.0,14.0,63.0,0.0,77.0,1.0,0.0,825.6,0.0,0.0,0.6,9.0,0.0,29.0,0.0,77.0,77.0,350.0,825.6,-50.0,0.0,0.0,0.0,0.0,400.0,0.0,0.0,0.0,0.0,0.0,0.0,64.0,743.3,4.443,0.0,14.4414725,18.7521203423808,0.0,0.983542119024894,-0.970598336543774,-0.603101658976541,0.0,-0.13478874309985,21.0,21.999999999999996,21.0,21.999999999999996,24.0,25.0,26.0,20.500000000000004,23.5,28.000000000000004,7.99828998647896,12.997221228028314,1.5825192695110544,-13.579791213903803,27.23999999999998
194.0,14.0,-4.6,742.9,0.0,0.0,0.0,20.0,69.8,69.8,69.8,68.0,69.8,-4.64628933767732,71.6,75.2,987.7725,3555981.0,0.0,0.0,5.15902777777778,4.12722222222222,3.86927083333333,1564.5,1522.9,1169.8,1102.2,0.0,471.0,0.0,0.0,741.0,2370.0,3.86,24.0,3.86,78.0,0.0,987.7725,0.0,63.5,75.2,69.8,56.0,77.0,72.5,77.0,68.9,4.69999999999999,91.0,14.492,745.6,31.79,14.682,-3.0,3.0,0.0,0.0,0.0,14.0,63.0,0.0,77.0,1.0,0.0,825.6,0.0,0.0,0.6,9.0,0.0,29.0,0.0,77.0,77.0,350.0,825.6,-50.0,0.0,0.0,0.0,0.0,400.0,0.0,0.0,0.0,0.0,0.0,0.0,64.0,743.3,4.443,0.0,14.4414725,18.5860216600104,0.0,0.984886985145638,-1.17050103296716,-0.727315397355838,0.0,-0.146415335246686,21.0,21.999999999999996,21.0,21.999999999999996,24.0,25.0,26.0,20.500000000000004,23.5,28.000000000000004,7.99828998647896,3.999144993239488,1.5846831590993316,-3.4647944352552726,27.09000000000001
195.0,14.0,-4.6,742.9,0.0,0.0,0.0,20.0,69.8,69.8,69.8,68.0,69.8,-4.64628933767732,71.6,75.2,987.7725,3555981.0,0.0,0.0,5.15902777777778,4.12722222222222,3.86927083333333,1564.5,1522.9,1169.8,1102.2,0.0,471.0,0.0,0.0,741.0,2370.0,3.86,24.0,3.86,78.0,0.0,987.7725,0.0,63.5,75.2,69.8,56.0,77.0,72.5,77.0,68.9,4.69999999999999,91.0,14.492,745.6,31.79,14.682,-3.0,3.0,0.0,0.0,0.0,14.0,63.0,0.0,77.0,1.0,0.0,825.6,0.0,0.0,0.6,9.0,0.0,29.0,0.0,77.0,77.0,350.0,825.6,-50.0,0.0,0.0,0.0,0.0,400.0,0.0,0.0,0.0,0.0,0.0,0.0,64.0,742.4,4.443,5.4198525,14.4497736,18.5860216600104,0.0,0.984886985145638,-1.17050103296716,-0.727315397355838,0.0,-0.146415335246686,21.0,21.999999999999996,21.0,21.999999999999996,24.0,25.0,26.0,20.500000000000004,23.5,28.000000000000004,0.0,3.999144993239488,1.5846831590993316,-3.4647944352552726,27.09000000000001
196.0,14.0,0.3,742.3,0.0,0.0,0.0,20.0,69.8,69.8,69.8,68.0,69.8,0.302774137957406,71.6,75.2,987.773055555556,3555983.0,0.0,0.0,5.15486111111111,4.12388888888889,3.86614583333333,1564.5,1522.9,1169.8,1102.2,0.0,127.0,0.0,0.0,740.0,2370.0,3.86,24.0,3.86,78.0,0.0,987.773055555556,0.0,63.5,75.2,69.8,56.0,77.0,72.5,77.0,68.9,4.66000000000003,91.0,14.493,745.4,31.61,14.666,-0.9,3.0,0.0,0.0,0.0,14.0,63.0,0.0,77.0,1.0,0.0,825.6,0.0,0.0,0.6,9.0,0.0,29.0,0.0,77.0,77.0,350.0,825.6,-50.0,0.0,0.0,0.0,0.0,400.0,0.0,0.0,0.0,0.0,0.0,0.0,64.0,742.4,4.443,5.4198525,14.4497736,18.4016975164782,0.0,0.985228330076658,4.49054739772778,2.79029592707351,0.0,-0.119928567075942,21.0,21.999999999999996,21.0,21.999999999999996,24.0,25.0,26.0,20.500000000000004,23.5,28.000000000000004,0.0,0.9997862483098703,1.5852323830933428,0.22578235492722296,26.949999999999967
197.0,14.0,0.3,742.3,0.0,0.0,0.0,20.0,69.8,69.8,69.8,68.0,69.8,0.302774137957406,71.6,75.2,987.773055555556,3555983.0,0.0,0.0,5.15486111111111,4.12388888888889,3.86614583333333,1564.5,1522.9,1169.8,1102.2,0.0,127.0,0.0,0.0,740.0,2370.0,3.86,24.0,3.86,78.0,0.0,987.773055555556,0.0,63.5,75.2,69.8,56.0,77.0,72.5,77.0,68.9,4.66000000000003,91.0,14.493,745.4,31.61,14.666,-0.9,3.0,0.0,0.0,0.0,14.0,63.0,0.0,77.0,1.0,0.0,825.6,0.0,0.0,0.6,9.0,0.0,29.0,0.0,77.0,77.0,350.0,825.6,-50.0,0.0,0.0,0.0,0.0,400.0,0.0,0.0,0.0,0.0,0.0,0.0,64.0,742.2,4.443,7.9588825,14.4507502,18.4016975164782,0.0,0.985228330076658,4.49054739772778,2.79029592707351,0.0,-0.119928567075942,21.0,21.999999999999996,21.0,21.999999999999996,24.0,25.0,26.0,20.500000000000004,23.5,28.000000000000004,0.9529212679203454,0.9997862483098703,1.5852323830933428,0.22578235492722296,26.949999999999967
198.0,14.0,0.7,742.2,0.0,0.0,0.0,20.0,69.8,69.8,69.8,68.0,69.8,0.70637781505407,71.6,75.2,987.773611111111,3555985.0,0.0,0.0,5.15416666666667,4.12333333333333,3.865625,1564.5,1522.9,1169.8,1102.2,0.0,10.0,0.0,0.0,740.0,2374.0,3.86,24.0,3.86,61.0,0.0,987.773611111111,0.0,63.5,75.2,69.8,56.0,77.0,72.5,77.0,68.9,4.65000000000003,91.0,14.494,745.5,31.75,14.685,-0.8,3.0,0.0,0.0,0.0,14.0,63.0,0.0,77.0,1.0,0.0,825.6,0.0,0.0,0.6,9.0,0.0,29.0,0.0,77.0,77.0,350.0,825.6,-50.0,0.0,0.0,0.0,0.0,400.0,0.0,0.0,0.0,0.0,0.0,0.0,64.0,742.2,4.443,7.9588825,14.4507502,18.2203747843437,0.0,0.985228330076658,0.0,0.0,0.0,-0.0875229979052045,21.0,21.999999999999996,21.0,21.999999999999996,24.0,25.0,26.0,20.500000000000004,23.5,28.000000000000004,0.9529212679203454,0.0,1.5852323830933428,0.22575193833623194,27.09999999999997
199.0,14.0,0.7,742.2,0.0,0.0,0.0,20.0,69.8,69.8,69.8,68.0,69.8,0.70637781505407,71.6,75.2,987.773611111111,3555985.0,0.0,0.0,5.15416666666667,4.12333333333333,3.865625,1564.5,1522.9,1169.8,1102.2,0.0,10.0,0.0,0.0,740.0,2374.0,3.86,24.0,3.86,61.0,0.0,987.773611111111,0.0,63.5,75.2,69.8,56.0,77.0,72.5,77.0,68.9,4.65000000000003,91.0,14.494,745.5,31.75,14.685,-0.8,3.0,0.0,0.0,0.0,14.0,63.0,0.0,77.0,1.0,0.0,825.6,0.0,0.0,0.6,9.0,0.0,29.0,0.0,77.0,77.0,350.0,825.6,-50.0,0.0,0.0,0.0,0.0,400.0,0.0,0.0,0.0,0.0,0.0,0.0,64.0,742.2,4.443,0.0,14.419499,18.2203747843437,0.0,0.985228330076658,0.0,0.0,0.0,-0.0875229979052045,21.0,21.999999999999996,21.0,21.999999999999996,24.0,25.0,26.0,20.500000000000004,23.5,28.000000000000004,0.10935162090889206,0.0,1.5852323830933428,0.22575193833623194,27.09999999999997
200.0,14.0,0.6,742.1,0.0,0.0,0.0,20.0,69.8,69.8,69.8,68.0,68.0,0.605385121320736,71.6,75.2,987.774166666667,3555987.0,0.0,0.0,5.15347222222222,4.12277777777778,3.86510416666667,1564.5,1522.9,1169.8,1102.2,0.0,0.0,0.0,0.0,740.0,2374.0,3.86,11.0,3.86,61.0,0.0,987.774166666667,0.0,63.5,75.2,69.8,56.0,77.0,72.5,77.0,68.9,4.61000000000001,91.0,14.493,745.3,31.67,14.676,-0.6,3.0,0.0,0.0,0.0,14.0,63.0,0.0,77.0,1.0,0.0,825.6,0.0,0.0,0.6,9.0,0.0,29.0,0.0,77.0,77.0,350.0,825.6,-50.0,0.0,0.0,0.0,0.0,400.0,0.0,0.0,0.0,0.0,0.0,0.0,64.0,742.2,4.443,0.0,14.4497736,18.0397047038272,0.0,0.985228330076658,0.0,0.0,0.0,-0.0472505578083915,21.0,21.999999999999996,21.0,21.999999999999996,24.0,25.0,26.0,20.500000000000004,23.5,28.000000000000004,0.10935162090889206,0.0,1.5852323830933428,0.5266835507388956,27.05999999999999
201.0,14.0,0.6,742.1,0.0,0.0,0.0,20.0,69.8,69.8,69.8,68.0,68.0,0.605385121320736,71.6,75.2,987.774166666667,3555987.0,0.0,0.0,5.15347222222222,4.12277777777778,3.86510416666667,1564.5,1522.9,1169.8,1102.2,0.0,0.0,0.0,0.0,740.0,2374.0,3.86,11.0,3.86,61.0,0.0,987.774166666667,0.0,63.5,75.2,69.8,56.0,77.0,72.5,77.0,68.9,4.61000000000001,91.0,14.493,745.3,31.67,14.676,-0.6,3.0,0.0,0.0,0.0,14.0,63.0,0.0,77.0,1.0,0.0,825.6,0.0,0.0,0.6,9.0,0.0,29.0,0.0,77.0,77.0,350.0,825.6,-50.0,0.0,0.0,0.0,0.0,400.0,0.0,0.0,0.0,0.0,0.0,0.0,64.0,742.2,4.443,0.0,14.4497736,18.0397047038272,0.0,0.985228330076658,0.0,0.0,0.0,-0.0472505578083915,21.0,21.999999999999996,21.0,21.999999999999996,24.0,25.0,26.0,20.500000000000004,23.5,28.000000000000004,0.10935162090889206,0.0,1.5852323830933428,0.5266835507388956,27.05999999999999
202.0,14.0,0.7,742.2,0.0,0.0,0.0,20.0,69.8,69.8,69.8,68.0,69.8,0.70637781505407,71.6,75.2,987.774722222222,3555989.0,0.0,0.0,5.15416666666667,4.12333333333333,3.865625,1564.5,1522.9,1169.8,1102.2,0.0,0.0,0.0,0.0,740.0,2374.0,3.86,11.0,3.86,61.0,0.0,987.774722222222,0.0,63.5,75.2,69.8,56.0,77.0,72.5,77.0,68.9,4.57999999999998,91.0,14.493,745.0,31.62,14.673,-0.5,3.0,0.0,0.0,0.0,14.0,63.0,0.0,77.0,1.0,0.0,825.6,0.0,0.0,0.6,9.0,0.0,29.0,0.0,77.0,77.0,350.0,825.6,-50.0,0.0,0.0,0.0,0.0,400.0,0.0,0.0,0.0,0.0,0.0,0.0,64.0,742.2,4.443,0.0,14.4497736,17.8652792783171,0.0,0.985228330076658,0.0,0.0,0.0,-0.0145879055519066,21.0,21.999999999999996,21.0,21.999999999999996,24.0,25.0,26.0,20.500000000000004,23.5,28.000000000000004,0.0,0.0,1.5852323830933428,0.4515038766724646,27.04000000000002
203.0,14.0,0.7,742.2,0.0,0.0,0.0,20.0,69.8,69.8,69.8,68.0,69.8,0.70637781505407,71.6,75.2,987.775277777778,3555991.0,0.0,0.0,5.15416666666667,4.12333333333333,3.865625,1564.5,1522.9,1169.8,1102.2,0.0,0.0,0.0,0.0,740.0,2374.0,3.86,10.0,3.86,2.0,0.0,987.775277777778,0.0,63.5,75.2,69.8,56.0,77.0,72.5,77.0,68.9,4.57999999999998,91.0,14.493,745.0,31.62,14.673,-0.5,3.0,0.0,0.0,0.0,14.0,63.0,0.0,77.0,1.0,0.0,825.6,0.0,0.0,0.6,9.0,0.0,29.0,0.0,77.0,77.0,350.0,825.6,-50.0,0.0,0.0,0.0,0.0,400.0,0.0,0.0,0.0,0.0,0.0,0.0,64.0,742.2,4.443,0.0,14.4497736,17.8652792783171,0.0,0.985228330076658,0.0,0.0,0.0,-0.0145879055519066,21.0,21.999999999999996,21.0,21.999999999999996,24.0,25.0,26.0,20.500000000000004,23.5,28.000000000000004,0.0,0.0,1.5852323830933428,0.5267545227845414,27.04000000000002
204.0,14.0,0.7,742.2,0.0,0.0,0.0,20.0,69.8,69.8,69.8,68.0,69.8,0.70637781505407,71.6,75.2,987.775277777778,3555991.0,0.0,0.0,5.15416666666667,4.12333333333333,3.865625,1564.5,1522.9,1169.8,1102.2,0.0,0.0,0.0,0.0,740.0,2374.0,3.86,10.0,3.86,2.0,0.0,987.775277777778,0.0,63.5,75.2,69.8,56.0,77.0,72.5,77.0,68.9,4.41000000000003,91.0,14.494,745.3,31.55,14.675,-0.6,3.0,0.0,0.0,0.0,14.0,63.0,0.0,77.0,1.0,0.0,825.6,0.0,0.0,0.6,9.0,0.0,29.0,0.0,77.0,77.0,350.0,825.6,-50.0,0.0,0.0,0.0,0.0,400.0,0.0,0.0,0.0,0.0,0.0,0.0,64.0,742.2,4.443,0.0,14.4414725,17.6914954896988,0.0,0.985228330076658,0.0,0.0,0.0,-0.0036608400409968,21.0,21.999999999999996,21.0,21.999999999999996,24.0,25.0,26.0,20.500000000000004,23.5,28.000000000000004,0.0,0.0,1.5852323830933428,0.5267545227845414,27.139999999999972
205.0,14.0,0.6,742.2,0.0,0.0,0.0,20.0,69.8,69.8,69.8,68.0,69.8,0.605466698617775,71.6,75.2,987.775833333333,3555993.0,0.0,0.0,5.15416666666667,4.12333333333333,3.865625,1564.5,1522.9,1169.8,1102.2,0.0,0.0,0.0,0.0,740.0,2374.0,3.86,22.0,3.86,78.0,0.0,987.775833333334,0.0,63.5,75.2,69.8,56.0,77.0,72.5,77.0,68.9,4.41000000000003,91.0,14.494,745.3,31.55,14.675,-0.6,3.0,0.0,0.0,0.0,14.0,63.0,0.0,77.0,1.0,0.0,825.6,0.0,0.0,0.6,9.0,0.0,29.0,0.0,77.0,77.0,350.0,825.6,-50.0,0.0,0.0,0.0,0.0,400.0,0.0,0.0,0.0,0.0,0.0,0.0,64.0,742.1,4.442,0.0,14.4414725,17.6914954896988,0.0,0.985228330076658,0.0,0.0,0.0,-0.0036608400409968,21.0,21.999999999999996,21.0,21.999999999999996,24.0,25.0,26.0,20.500000000000004,23.5,28.000000000000004,0.0,0.0,1.5852323830933428,0.5267545227845414,27.139999999999972
206.0,14.0,0.6,742.2,0.0,0.0,0.0,20.0,69.8,69.8,69.8,68.0,69.8,0.605466698617775,71.6,75.2,987.775833333333,3555993.0,0.0,0.0,5.15416666666667,4.12333333333333,3.865625,1564.5,1522.9,1169.8,1102.2,0.0,0.0,0.0,0.0,740.0,2374.0,3.86,22.0,3.86,78.0,0.0,987.775833333334,0.0,63.5,75.2,69.8,56.0,77.0,72.5,77.0,68.9,4.59000000000003,91.0,14.495,745.3,31.35,14.682,-0.6,3.0,0.0,0.0,0.0,14.0,63.0,0.0,77.0,1.0,0.0,825.6,0.0,0.0,0.6,9.0,0.0,29.0,0.0,77.0,77.0,350.0,825.6,-50.0,0.0,0.0,0.0,0.0,400.0,0.0,0.0,0.0,0.0,0.0,0.0,64.0,742.1,4.442,0.0,14.4507502,17.5237308237283,0.0,0.985228330076658,0.0,0.0,0.0,0.0,21.0,21.999999999999996,21.0,21.999999999999996,24.0,25.0,26.0,20.500000000000004,23.5,28.000000000000004,0.0,0.0,1.5852323830933428,0.5267545227845414,26.75999999999997
207.0,14.0,0.6,742.1,0.0,0.0,0.0,20.0,69.8,69.8,69.8,68.0,68.0,0.605385121320736,71.6,75.2,987.776388888889,3555995.0,0.0,0.0,5.15347222222222,4.12277777777778,3.86510416666667,1564.5,1522.9,1169.8,1102.2,0.0,0.0,0.0,0.0,740.0,2374.0,3.86,19.0,3.86,49.0,0.0,987.776388888889,0.0,63.5,75.2,69.8,56.0,77.0,72.5,77.0,68.9,4.59000000000003,91.0,14.495,745.3,31.35,14.682,-0.6,3.0,0.0,0.0,0.0,14.0,63.0,0.0,77.0,1.0,0.0,825.6,0.0,0.0,0.6,9.0,0.0,29.0,0.0,77.0,77.0,350.0,825.6,-50.0,0.0,0.0,0.0,0.0,400.0,0.0,0.0,0.0,0.0,0.0,0.0,64.0,742.1,4.443,0.0,14.4507502,17.5237308237283,0.0,0.985228330076658,0.0,0.0,0.0,0.0,21.0,21.999999999999996,21.0,21.999999999999996,24.0,25.0,26.0,20.500000000000004,23.5,28.000000000000004,0.0,0.0,1.5852323830933428,0.4514430434904817,26.75999999999997
208.0,14.0,0.6,742.1,0.0,0.0,0.0,20.0,69.8,69.8,69.8,68.0,68.0,0.605385121320736,71.6,75.2,987.776388888889,3555995.0,0.0,0.0,5.15347222222222,4.12277777777778,3.86510416666667,1564.5,1522.9,1169.8,1102.2,0.0,0.0,0.0,0.0,740.0,2374.0,3.86,19.0,3.86,49.0,0.0,987.776388888889,0.0,63.5,75.2,69.8,56.0,77.0,72.5,77.0,68.9,4.42000000000002,91.0,14.512,745.3,31.76,14.673,-0.4,3.0,0.0,0.0,0.0,14.0,63.0,0.0,77.0,1.0,0.0,825.6,0.0,0.0,0.6,9.0,0.0,29.0,0.0,77.0,77.0,350.0,825.6,-50.0,0.0,0.0,0.0,0.0,400.0,0.0,0.0,0.0,0.0,0.0,0.0,64.0,742.1,4.443,0.0,14.4507502,17.359005866821,0.0,0.985228330076658,0.0,0.0,0.0,0.0,21.0,21.999999999999996,21.0,21.999999999999996,24.0,25.0,26.0,20.500000000000004,23.5,28.000000000000004,0.0,0.0,1.5852323830933428,0.4514430434904817,27.339999999999982
209.0,14.0,0.6,742.1,0.0,0.0,0.0,20.0,69.8,69.8,69.8,68.0,69.8,0.605385121320736,71.6,75.2,987.776944444444,3555997.0,0.0,0.0,5.15347222222222,4.12277777777778,3.86510416666667,1564.5,1522.9,1169.8,1102.2,0.0,0.0,0.0,0.0,740.0,2374.0,3.86,17.0,3.86,61.0,0.0,987.776944444444,0.0,63.5,75.2,69.8,56.0,77.0,72.5,77.0,68.9,4.42000000000002,91.0,14.512,745.3,31.76,14.673,-0.4,3.0,0.0,0.0,0.0,14.0,63.0,0.0,77.0,1.0,0.0,825.6,0.0,0.0,0.6,9.0,0.0,29.0,0.0,77.0,77.0,350.0,825.6,-50.0,0.0,0.0,0.0,0.0,400.0,0.0,0.0,0.0,0.0,0.0,0.0,64.0,742.2,4.443,0.0,14.4507502,17.359005866821,0.0,0.985228330076658,0.0,0.0,0.0,0.0,21.0,21.999999999999996,21.0,21.999999999999996,24.0,25.0,26.0,20.500000000000004,23.5,28.000000000000004,0.0,0.0,1.5852323830933428,0.4514430434904817,27.339999999999982
210.0,14.0,0.6,742.1,0.0,0.0,0.0,20.0,69.8,69.8,69.8,68.0,69.8,0.605385121320736,71.6,75.2,987.776944444444,3555997.0,0.0,0.0,5.15347222222222,4.12277777777778,3.86510416666667,1564.5,1522.9,1169.8,1102.2,0.0,0.0,0.0,0.0,740.0,2374.0,3.86,17.0,3.86,61.0,0.0,987.776944444444,0.0,63.5,75.2,69.8,56.0,77.0,72.5,77.0,68.9,4.44,91.0,14.496,745.3,32.42,14.684,-0.5,3.0,0.0,0.0,0.0,14.0,63.0,0.0,77.0,1.0,0.0,825.6,0.0,0.0,0.6,9.0,0.0,29.0,0.0,77.0,77.0,350.0,825.6,-50.0,0.0,0.0,0.0,0.0,400.0,0.0,0.0,0.0,0.0,0.0,0.0,64.0,742.2,4.443,0.0,14.4605162,17.1949153620006,0.0,0.985228330076658,0.0,0.0,0.0,0.0,21.0,21.999999999999996,21.0,21.999999999999996,24.0,25.0,26.0,20.500000000000004,23.5,28.000000000000004,0.0,0.0,1.5852323830933428,0.4514430434904817,27.98
211.0,14.0,0.6,742.1,0.0,0.0,0.0,20.0,69.8,69.8,69.8,68.0,69.8,0.605385121320736,71.6,75.2,987.7775,3555999.0,0.0,0.0,5.15347222222222,4.12277777777778,3.86510416666667,1564.5,1522.9,1169.8,1102.2,0.0,0.0,0.0,0.0,740.0,2374.0,3.86,24.0,3.86,78.0,0.0,987.7775,0.0,63.5,75.2,69.8,56.0,77.0,72.5,77.0,68.9,4.44,91.0,14.496,745.3,32.42,14.684,-0.5,3.0,0.0,0.0,0.0,14.0,63.0,0.0,77.0,1.0,0.0,825.6,0.0,0.0,0.6,9.0,0.0,29.0,0.0,77.0,77.0,350.0,825.6,-50.0,0.0,0.0,0.0,0.0,400.0,0.0,0.0,0.0,0.0,0.0,0.0,64.0,742.1,4.442,0.0,14.4605162,17.1949153620006,0.0,0.985228330076658,0.0,0.0,0.0,0.0,21.0,21.999999999999996,21.0,21.999999999999996,24.0,25.0,26.0,20.500000000000004,23.5,28.000000000000004,0.0,0.0,1.5852323830933428,0.4514430434904817,27.98
212.0,14.0,0.6,742.1,0.0,0.0,0.0,20.0,69.8,69.8,69.8,68.0,69.8,0.605385121320736,71.6,75.2,987.7775,3555999.0,0.0,0.0,5.15347222222222,4.12277777777778,3.86510416666667,1564.5,1522.9,1169.8,1102.2,0.0,0.0,0.0,0.0,740.0,2374.0,3.86,24.0,3.86,78.0,0.0,987.7775,0.0,63.5,75.2,69.8,56.0,77.0,72.5,77.0,68.9,4.69999999999999,91.0,14.511,745.2,32.13,14.682,-0.6,3.0,0.0,0.0,0.0,14.0,63.0,0.0,77.0,1.0,0.0,825.6,0.0,0.0,0.6,9.0,0.0,29.0,0.0,77.0,77.0,350.0,825.6,-50.0,0.0,0.0,0.0,0.0,400.0,0.0,0.0,0.0,0.0,0.0,0.0,64.0,742.1,4.442,0.0,14.4507502,17.0264323891585,0.0,0.985228330076658,0.0,0.0,0.0,0.0,21.0,21.999999999999996,21.0,21.999999999999996,24.0,25.0,26.0,20.500000000000004,23.5,28.000000000000004,0.0,0.0,1.5852323830933428,0.4514430434904817,27.430000000000014
213.0,14.0,0.7,742.1,0.0,0.0,0.0,20.0,69.8,69.8,69.8,68.0,69.8,0.706282641540859,71.6,75.2,987.778055555556,3556001.0,0.0,0.0,5.15347222222222,4.12277777777778,3.86510416666667,1564.5,1522.9,1169.8,1102.2,0.0,0.0,0.0,0.0,740.0,2374.0,3.86,11.0,3.86,61.0,0.0,987.778055555556,0.0,63.5,75.2,69.8,56.0,77.0,72.5,77.0,68.9,4.69999999999999,91.0,14.511,745.2,32.13,14.682,-0.6,3.0,0.0,0.0,0.0,14.0,63.0,0.0,77.0,1.0,0.0,825.6,0.0,0.0,0.6,9.0,0.0,29.0,0.0,77.0,77.0,350.0,825.6,-50.0,0.0,0.0,0.0,0.0,400.0,0.0,0.0,0.0,0.0,0.0,0.0,64.0,742.1,4.443,0.0,14.4507502,17.0264323891585,0.0,0.985228330076658,0.0,0.0,0.0,0.0,21.0,21.999999999999996,21.0,21.999999999999996,24.0,25.0,26.0,20.500000000000004,23.5,28.000000000000004,0.0,0.0,1.5852323830933428,0.5266835507388956,27.430000000000014
214.0,14.0,0.7,742.1,0.0,0.0,0.0,20.0,69.8,69.8,69.8,68.0,69.8,0.706282641540859,71.6,75.2,987.778055555556,3556001.0,0.0,0.0,5.15347222222222,4.12277777777778,3.86510416666667,1564.5,1522.9,1169.8,1102.2,0.0,0.0,0.0,0.0,740.0,2374.0,3.86,11.0,3.86,61.0,0.0,987.778055555556,0.0,63.5,75.2,69.8,56.0,77.0,72.5,77.0,68.9,4.24000000000001,91.0,14.496,745.0,32.0,14.673,-0.6,3.0,0.0,0.0,0.0,14.0,63.0,0.0,77.0,1.0,0.0,825.6,0.0,0.0,0.6,9.0,0.0,29.0,0.0,77.0,77.0,350.0,825.6,-50.0,0.0,0.0,0.0,0.0,400.0,0.0,0.0,0.0,0.0,0.0,0.0,64.0,742.1,4.443,11.425635,14.4507502,16.8710192752087,0.0,0.985228330076658,0.0,0.0,0.0,0.0,21.0,21.999999999999996,21.0,21.999999999999996,24.0,25.0,26.0,20.500000000000004,23.5,28.000000000000004,0.0,0.0,1.5852323830933428,0.5266835507388956,27.75999999999999
215.0,14.0,0.5,742.1,0.0,0.0,0.0,20.0,69.8,69.8,69.8,68.0,68.0,0.504487601100614,71.6,75.2,987.778611111111,3556003.0,0.0,0.0,5.15347222222222,4.12277777777778,3.86510416666667,1564.5,1522.9,1169.8,1102.2,0.0,31.0,0.0,0.0,740.0,2374.0,3.86,12.0,3.86,61.0,0.0,987.778611111111,0.0,63.5,75.2,69.8,56.0,77.0,72.5,77.0,68.9,4.24000000000001,91.0,14.496,745.0,32.0,14.673,-0.6,3.0,0.0,0.0,0.0,14.0,63.0,0.0,77.0,1.0,0.0,825.6,0.0,0.0,0.6,9.0,0.0,29.0,0.0,77.0,77.0,350.0,825.6,-50.0,0.0,0.0,0.0,0.0,400.0,0.0,0.0,0.0,0.0,0.0,0.0,64.0,742.1,4.442,11.425635,14.4507502,16.7183351051626,0.0,0.985228330076658,0.0,0.0,0.0,0.0,21.0,21.999999999999996,21.0,21.999999999999996,24.0,25.0,26.0,20.500000000000004,23.5,28.000000000000004,0.0,0.0,1.5852323830933428,0.5266835507388956,27.75999999999999
216.0,14.0,0.5,742.1,0.0,0.0,0.0,20.0,69.8,69.8,69.8,68.0,68.0,0.504487601100614,71.6,75.2,987.778611111111,3556003.0,0.0,0.0,5.15347222222222,4.12277777777778,3.86510416666667,1564.5,1522.9,1169.8,1102.2,0.0,31.0,0.0,0.0,740.0,2374.0,3.86,12.0,3.86,61.0,0.0,987.778611111111,0.0,63.5,75.2,69.8,56.0,77.0,72.5,77.0,68.9,4.38,91.0,14.522,745.3,26.57,14.671,-1.0,3.0,0.0,0.0,0.0,14.0,63.0,0.0,77.0,1.0,0.0,825.6,0.0,0.0,0.6,9.0,0.0,29.0,0.0,77.0,77.0,350.0,825.6,-50.0,0.0,0.0,0.0,0.0,400.0,0.0,0.0,0.0,0.0,0.0,0.0,64.0,742.1,4.442,18.4079675,14.4805365,16.7183351051626,0.0,0.985228330076658,0.0,0.0,0.0,0.0,21.0,21.999999999999996,21.0,21.999999999999996,24.0,25.0,26.0,20.500000000000004,23.5,28.000000000000004,0.5623797646743015,0.0,1.5852323830933428,0.5266835507388956,22.19
217.0,14.0,2.6,741.9,0.0,0.0,0.0,20.0,69.8,69.8,69.8,68.0,69.8,2.62262852248219,71.6,75.2,987.779166666667,3556005.0,0.0,0.0,5.15208333333333,4.12166666666667,3.8640625,1564.5,1522.9,1169.8,1102.2,0.0,214.0,0.0,0.0,740.0,2374.0,3.86,24.0,3.86,61.0,0.0,987.779166666667,0.0,63.5,75.2,69.8,56.0,77.0,72.5,77.0,68.9,4.38,91.0,14.522,745.3,26.57,14.671,-1.0,3.0,0.0,0.0,0.0,14.0,63.0,0.0,77.0,1.0,0.0,825.6,0.0,0.0,0.6,9.0,0.0,29.0,0.0,77.0,77.0,350.0,825.6,-50.0,0.0,0.0,0.0,0.0,400.0,0.0,0.0,0.0,0.0,0.0,0.0,64.0,742.2,4.443,18.4079675,14.4805365,16.5848346511804,0.0,0.986224584761796,1.55525832840835,0.966392422781424,0.0,0.010888683377677,21.0,21.999999999999996,21.0,21.999999999999996,24.0,25.0,26.0,20.500000000000004,23.5,28.000000000000004,0.5623797646743015,2.999358744929608,1.5868353568817297,0.37610114760543106,22.19
218.0,14.0,2.6,741.9,0.0,0.0,0.0,20.0,69.8,69.8,69.8,68.0,69.8,2.62262852248219,71.6,75.2,987.779166666667,3556005.0,0.0,0.0,5.15208333333333,4.12166666666667,3.8640625,1564.5,1522.9,1169.8,1102.2,0.0,214.0,0.0,0.0,740.0,2374.0,3.86,24.0,3.86,61.0,0.0,987.779166666667,0.0,63.5,75.2,69.8,56.0,77.0,72.5,77.0,68.9,4.34000000000003,91.0,14.521,744.0,27.12,14.677,-3.2,3.0,0.0,0.0,0.0,14.0,63.0,0.0,77.0,1.0,0.0,825.6,0.0,0.0,0.6,9.0,0.0,29.0,0.0,77.0,77.0,350.0,825.6,-50.0,0.0,0.0,0.0,0.0,400.0,0.0,0.0,0.0,0.0,0.0,0.0,64.0,742.2,4.443,66.2589175,14.4795599,16.5848346511804,0.0,0.986224584761796,1.55525832840835,0.966392422781424,0.0,0.010888683377677,21.0,21.999999999999996,21.0,21.999999999999996,24.0,25.0,26.0,20.500000000000004,23.5,28.000000000000004,3.999144993239488,2.999358744929608,1.5868353568817297,0.37610114760543106,22.779999999999973
219.0,14.0,24.4,739.8,0.0,0.0,0.0,20.0,69.8,69.8,69.8,68.0,69.8,24.5426929685469,71.6,75.2,987.779722222222,3556007.0,0.0,0.0,5.1375,4.11,3.853125,1564.5,1522.9,1169.8,1102.2,0.0,1121.0,0.0,0.0,737.0,2374.0,3.84,12.0,3.84,78.0,0.0,987.779722222222,0.0,63.5,76.1,69.8,56.0,77.0,72.5,77.0,68.9,4.34000000000003,91.0,14.521,744.0,27.12,14.677,-3.2,3.0,0.0,0.0,0.0,14.0,63.0,0.0,77.0,1.0,0.0,825.6,0.0,0.0,0.6,9.0,0.0,29.0,0.0,77.0,77.0,350.0,825.6,-50.0,0.0,0.0,0.0,0.0,400.0,0.0,0.0,0.0,0.0,0.0,0.0,64.0,740.4,4.442,66.2589175,14.4795599,16.5249549100586,0.0,0.991602208329053,0.886371593563169,0.55076560346394,0.0,0.0587804632680238,21.0,21.999999999999996,21.0,21.999999999999996,24.499999999999996,25.0,26.0,20.500000000000004,23.5,28.000000000000004,3.999144993239488,15.99657997295792,1.5954879532014463,1.9501901479878525,22.779999999999973
220.0,14.0,24.4,739.8,0.0,0.0,0.0,20.0,69.8,69.8,69.8,68.0,69.8,24.5426929685469,71.6,75.2,987.779722222222,3556007.0,0.0,0.0,5.1375,4.11,3.853125,1564.5,1522.9,1169.8,1102.2,0.0,1121.0,0.0,0.0,737.0,2374.0,3.84,12.0,3.84,78.0,0.0,987.779722222222,0.0,63.5,76.1,69.8,56.0,77.0,72.5,77.0,68.9,4.31,91.0,14.52,741.9,27.18,14.685,-5.3,3.0,0.0,0.0,0.0,14.0,63.0,0.0,77.0,1.0,0.0,825.6,0.0,0.0,0.6,9.0,0.0,29.0,0.0,77.0,77.0,350.0,825.6,-50.0,0.0,0.0,0.0,0.0,400.0,0.0,0.0,0.0,0.0,0.0,0.0,64.0,740.4,4.442,63.768715,14.4605162,16.5249549100586,0.0,0.991602208329053,0.886371593563169,0.55076560346394,0.0,0.0587804632680238,21.0,21.999999999999996,21.0,21.999999999999996,24.499999999999996,25.0,26.0,20.500000000000004,23.5,28.000000000000004,15.99657997295792,15.99657997295792,1.5954879532014463,1.9501901479878525,22.87
221.0,14.0,20.6,739.8,0.0,0.0,0.0,20.0,69.8,69.8,69.8,68.0,69.8,20.7204702931174,71.6,75.2,987.780277777778,3556009.0,0.0,0.0,5.1375,4.11,3.853125,1564.5,1522.9,1169.8,1102.2,0.0,1966.0,0.0,0.0,737.0,2374.0,3.84,24.0,3.84,78.0,0.0,987.780277777778,0.0,63.5,75.2,69.8,56.0,77.0,72.5,77.0,68.9,4.31,91.0,14.52,741.9,27.18,14.685,-5.3,3.0,0.0,0.0,0.0,14.0,63.0,0.0,77.0,1.0,0.0,825.6,0.0,0.0,0.6,9.0,0.0,29.0,0.0,77.0,77.0,350.0,825.6,-50.0,0.0,0.0,0.0,0.0,400.0,0.0,0.0,0.0,0.0,0.0,0.0,64.0,738.9,4.442,63.768715,14.4605162,16.5160838332199,0.0,1.00002470756546,1.64043286430077,1.01931740932343,0.0,0.091454611662281,21.0,21.999999999999996,21.0,21.999999999999996,24.0,25.0,26.0,20.500000000000004,23.5,28.000000000000004,15.99657997295792,24.99465620774668,1.6090397544728252,18.301784465732215,22.87
222.0,14.0,20.6,739.8,0.0,0.0,0.0,20.0,69.8,69.8,69.8,68.0,69.8,20.7204702931174,71.6,75.2,987.780277777778,3556009.0,0.0,0.0,5.1375,4.11,3.853125,1564.5,1522.9,1169.8,1102.2,0.0,1966.0,0.0,0.0,737.0,2374.0,3.84,24.0,3.84,78.0,0.0,987.780277777778,0.0,63.5,75.2,69.8,56.0,77.0,72.5,77.0,68.9,4.25999999999999,91.0,14.503,742.8,27.05,14.646,-1.5,3.0,0.0,0.0,0.0,14.0,63.0,0.0,77.0,1.0,0.0,825.6,0.0,0.0,0.6,9.0,0.0,29.0,0.0,77.0,77.0,350.0,825.6,-50.0,0.0,0.0,0.0,0.0,400.0,0.0,0.0,0.0,0.0,0.0,0.0,64.0,738.9,4.442,44.4818525,14.4507502,16.5160838332199,0.0,1.00002470756546,1.64043286430077,1.01931740932343,0.0,0.091454611662281,21.0,21.999999999999996,21.0,21.999999999999996,24.0,25.0,26.0,20.500000000000004,23.5,28.000000000000004,23.994869959436866,24.99465620774668,1.6090397544728252,18.301784465732215,22.79000000000001
223.0,14.0,20.1,739.7,0.0,0.0,0.0,20.0,69.8,69.8,69.8,68.0,68.0,20.2148134174259,71.6,75.2,987.780833333333,3556011.0,0.0,0.0,5.13680555555556,4.10944444444444,3.85260416666667,1564.5,1522.9,1169.8,1102.2,0.0,2368.0,0.0,0.0,737.0,2374.0,3.84,22.0,3.84,61.0,0.0,987.780833333334,0.0,63.5,76.1,69.8,56.0,77.0,72.5,77.0,68.9,4.24000000000001,91.0,14.504,742.0,26.95,14.65,-1.5,3.0,0.0,0.0,0.0,14.0,63.0,0.0,77.0,1.0,0.0,825.6,0.0,0.0,0.6,9.0,0.0,29.0,0.0,77.0,77.0,350.0,825.6,-50.0,0.0,0.0,0.0,0.0,400.0,0.0,0.0,0.0,0.0,0.0,0.0,64.0,739.8,4.443,44.4818525,14.4507502,16.5349007202356,0.0,1.01010839590886,2.01776032639291,1.25377775177109,0.0,0.109357529077629,21.0,21.999999999999996,21.0,21.999999999999996,24.499999999999996,25.0,26.0,20.500000000000004,23.5,28.000000000000004,23.994869959436866,29.993587449296083,1.6252644090173556,15.449417951219838,22.70999999999999
224.0,14.0,20.1,739.7,0.0,0.0,0.0,20.0,69.8,69.8,69.8,68.0,68.0,20.2148134174259,71.6,75.2,987.780833333333,3556011.0,0.0,0.0,5.13680555555556,4.10944444444444,3.85260416666667,1564.5,1522.9,1169.8,1102.2,0.0,2368.0,0.0,0.0,737.0,2374.0,3.84,22.0,3.84,61.0,0.0,987.780833333334,0.0,63.5,76.1,69.8,56.0,77.0,72.5,77.0,68.9,4.24000000000001,91.0,14.504,742.0,26.95,14.65,-14.5,3.0,0.0,0.0,0.0,14.0,63.0,0.0,77.0,1.0,0.0,825.6,0.0,0.0,0.6,9.0,0.0,29.0,0.0,77.0,77.0,350.0,825.6,-50.0,0.0,0.0,0.0,0.0,400.0,0.0,0.0,0.0,0.0,0.0,0.0,64.0,739.8,4.443,43.5053025,14.4507502,16.5349007202356,0.0,1.01010839590886,2.01776032639291,1.25377775177109,0.0,0.109357529077629,21.0,21.999999999999996,21.0,21.999999999999996,24.499999999999996,25.0,26.0,20.500000000000004,23.5,28.000000000000004,27.994014952676284,29.993587449296083,1.6252644090173556,15.449417951219838,22.70999999999999
225.0,14.0,21.7,739.4,0.0,0.0,0.0,20.0,69.8,69.8,69.8,68.0,68.0,21.8151016572088,71.6,75.2,987.781388888889,3556013.0,0.0,0.0,5.13472222222222,4.10777777777778,3.85104166666667,1564.5,1523.0,1169.8,1102.2,0.0,2743.0,0.0,0.0,737.0,2367.0,3.84,19.0,3.84,145.0,0.0,987.781388888889,0.0,63.5,76.1,69.8,56.0,77.0,72.5,77.0,68.9,4.22000000000003,91.0,14.503,741.8,26.87,14.643,-0.3,3.0,0.0,0.0,0.0,14.0,63.0,0.0,77.0,1.0,0.0,825.6,0.0,0.0,0.6,9.0,0.0,29.0,0.0,77.0,77.0,350.0,825.6,-50.0,0.0,0.0,0.0,0.0,400.0,0.0,0.0,0.0,0.0,0.0,0.0,64.0,739.4,4.443,43.5053025,14.4507502,16.5800236148001,0.0,1.02170853848939,2.18136763024946,1.35543858577574,0.0,0.116705182782136,21.0,21.999999999999996,21.0,21.999999999999996,24.499999999999996,25.0,26.0,20.500000000000004,23.5,28.000000000000004,27.994014952676284,34.99251869084548,1.6439290384294285,15.068318343828189,22.64999999999997
226.0,14.0,21.7,739.4,0.0,0.0,0.0,20.0,69.8,69.8,69.8,68.0,68.0,21.8151016572088,71.6,75.2,987.781388888889,3556013.0,0.0,0.0,5.13472222222222,4.10777777777778,3.85104166666667,1564.5,1523.0,1169.8,1102.2,0.0,2743.0,0.0,0.0,737.0,2367.0,3.84,19.0,3.84,145.0,0.0,987.781388888889,0.0,63.5,76.1,69.8,56.0,77.0,72.5,77.0,68.9,4.22000000000003,91.0,14.503,741.8,26.87,14.643,-0.3,3.0,0.0,0.0,0.0,14.0,63.0,0.0,77.0,1.0,0.0,825.6,0.0,0.0,0.6,9.0,0.0,29.0,0.0,77.0,77.0,350.0,825.6,-50.0,0.0,0.0,0.0,0.0,400.0,0.0,0.0,0.0,0.0,0.0,0.0,64.0,739.3,4.443,43.5053025,14.4507502,16.5800236148001,0.0,1.02170853848939,2.18136763024946,1.35543858577574,0.0,0.116705182782136,21.0,21.999999999999996,21.0,21.999999999999996,24.499999999999996,25.0,26.0,20.500000000000004,23.5,28.000000000000004,36.554684703829594,34.99251869084548,1.6439290384294285,15.068318343828189,22.64999999999997
227.0,14.0,22.4,739.2,0.0,0.0,0.0,20.0,69.8,69.8,69.8,68.0,69.8,22.5127235090474,71.6,75.2,987.781666666667,3556014.0,0.0,0.0,5.13333333333333,4.10666666666667,3.85,1564.5,1523.0,1169.8,1102.2,0.0,3046.0,0.0,0.0,737.0,2367.0,3.84,24.0,3.84,99.0,0.0,987.781666666666,0.0,63.5,75.2,69.8,56.0,77.0,72.5,77.0,68.9,4.18000000000001,91.0,14.504,741.9,26.72,14.646,0.3,3.0,0.0,0.0,0.0,14.0,63.0,0.0,77.0,1.0,0.0,825.6,0.0,0.0,0.6,9.0,0.0,29.0,0.0,77.0,77.0,350.0,825.6,-50.0,0.0,0.0,0.0,0.0,400.0,0.0,0.0,0.0,0.0,0.0,0.0,64.0,739.3,4.443,43.5053025,14.4507502,16.645688872226,0.0,1.03463196676203,2.35534554730983,1.46354341807746,0.0,0.0841800129172971,21.0,21.999999999999996,21.0,21.999999999999996,24.0,25.0,26.0,20.500000000000004,23.5,28.000000000000004,36.554684703829594,38.991663684084905,1.6647228345201064,16.263386203870024,22.53999999999999
228.0,14.0,22.4,739.2,0.0,0.0,0.0,20.0,69.8,69.8,69.8,68.0,69.8,22.5127235090474,71.6,75.2,987.781666666667,3556014.0,0.0,0.0,5.13333333333333,4.10666666666667,3.85,1564.5,1523.0,1169.8,1102.2,0.0,3046.0,0.0,0.0,737.0,2367.0,3.84,24.0,3.84,99.0,0.0,987.781666666666,0.0,63.5,75.2,69.8,56.0,77.0,72.5,77.0,68.9,4.18000000000001,91.0,14.504,741.9,26.72,14.646,0.3,3.0,0.0,0.0,0.0,14.0,63.0,0.0,77.0,1.0,0.0,825.6,0.0,0.0,0.6,9.0,0.0,29.0,0.0,77.0,77.0,350.0,825.6,-50.0,0.0,0.0,0.0,0.0,400.0,0.0,0.0,0.0,0.0,0.0,0.0,64.0,739.2,4.443,43.5053025,14.4517268,16.645688872226,0.0,1.03463196676203,2.35534554730983,1.46354341807746,0.0,0.0841800129172971,21.0,21.999999999999996,21.0,21.999999999999996,24.0,25.0,26.0,20.500000000000004,23.5,28.000000000000004,35.9923049391553,38.991663684084905,1.6647228345201064,16.263386203870024,22.53999999999999
229.0,14.0,22.3,739.0,0.0,0.0,0.0,20.0,69.8,69.8,69.8,68.0,69.8,22.4061563666832,71.6,75.2,987.7825,3556017.0,0.0,0.0,5.13194444444444,4.10555555555556,3.84895833333333,1564.5,1523.0,1169.8,1102.2,0.0,3279.0,0.0,0.0,737.0,2367.0,3.84,24.0,3.84,78.0,0.0,987.7825,0.0,63.5,75.2,69.8,56.0,77.0,72.5,77.0,68.9,4.15000000000003,91.0,14.505,741.6,26.47,14.643,5.4,3.0,0.0,0.0,0.0,14.0,63.0,0.0,77.0,1.0,0.0,825.6,0.0,0.0,0.6,9.0,0.0,29.0,0.0,77.0,77.0,350.0,825.6,-50.0,0.0,0.0,0.0,0.0,400.0,0.0,0.0,0.0,0.0,0.0,0.0,64.0,739.2,4.443,43.5053025,14.4517268,16.7325050933197,0.0,1.04966938076425,2.54859008355735,1.58361996881011,0.0,0.0612514433026739,21.0,21.999999999999996,21.0,21.999999999999996,24.0,25.0,26.0,20.500000000000004,23.5,28.000000000000004,35.9923049391553,41.991022429014514,1.6889180336496783,16.78346935436383,22.31999999999997
230.0,14.0,22.3,739.0,0.0,0.0,0.0,20.0,69.8,69.8,69.8,68.0,69.8,22.4061563666832,71.6,75.2,987.7825,3556017.0,0.0,0.0,5.13194444444444,4.10555555555556,3.84895833333333,1564.5,1523.0,1169.8,1102.2,0.0,3279.0,0.0,0.0,737.0,2367.0,3.84,24.0,3.84,78.0,0.0,987.7825,0.0,63.5,75.2,69.8,56.0,77.0,72.5,77.0,68.9,4.15000000000003,91.0,14.505,741.6,26.47,14.643,5.4,3.0,0.0,0.0,0.0,14.0,63.0,0.0,77.0,1.0,0.0,825.6,0.0,0.0,0.6,9.0,0.0,29.0,0.0,77.0,77.0,350.0,825.6,-50.0,0.0,0.0,0.0,0.0,400.0,0.0,0.0,0.0,0.0,0.0,0.0,64.0,739.3,4.443,43.16351,14.4517268,16.7325050933197,0.0,1.04966938076425,2.54859008355735,1.58361996881011,0.0,0.0612514433026739,21.0,21.999999999999996,21.0,21.999999999999996,24.0,25.0,26.0,20.500000000000004,23.5,28.000000000000004,39.99144993239488,41.991022429014514,1.6889180336496783,16.78346935436383,22.31999999999997
231.0,14.0,11.7,739.8,0.0,0.0,0.0,20.0,69.8,69.8,69.8,68.0,68.0,11.7684224480327,71.6,75.2,987.783055555556,3556019.0,0.0,0.0,5.1375,4.11,3.853125,1564.5,1523.0,1169.8,1102.2,0.0,3434.0,0.0,0.0,738.0,2367.0,3.84,24.0,3.84,181.0,0.0,987.783055555556,0.0,63.5,76.1,69.8,56.0,77.0,72.5,77.0,68.9,4.13,91.0,14.505,742.6,26.39,14.663,11.5,3.0,0.0,0.0,0.0,14.0,63.0,0.0,77.0,1.0,0.0,825.6,0.0,0.0,0.6,9.0,0.0,29.0,0.0,77.0,77.0,350.0,825.6,-50.0,0.0,0.0,0.0,0.0,400.0,0.0,0.0,0.0,0.0,0.0,0.0,64.0,739.3,4.443,43.16351,14.4517268,16.817795182378,0.0,1.06410792074977,4.96784762802606,3.08687644847418,0.0,0.0468499561955865,21.0,21.999999999999996,21.0,21.999999999999996,24.499999999999996,25.0,26.0,20.500000000000004,23.5,26.999999999999996,39.99144993239488,42.99080867732449,1.7121496444863797,16.726630884665102,22.26
232.0,14.0,11.7,739.8,0.0,0.0,0.0,20.0,69.8,69.8,69.8,68.0,68.0,11.7684224480327,71.6,75.2,987.783055555556,3556019.0,0.0,0.0,5.1375,4.11,3.853125,1564.5,1523.0,1169.8,1102.2,0.0,3434.0,0.0,0.0,738.0,2367.0,3.84,24.0,3.84,181.0,0.0,987.783055555556,0.0,63.5,76.1,69.8,56.0,77.0,72.5,77.0,68.9,4.13,91.0,14.505,742.6,26.39,14.663,11.5,3.0,0.0,0.0,0.0,14.0,63.0,0.0,77.0,1.0,0.0,825.6,0.0,0.0,0.6,9.0,0.0,29.0,0.0,77.0,77.0,350.0,825.6,-50.0,0.0,0.0,0.0,0.0,400.0,0.0,0.0,0.0,0.0,0.0,0.0,64.0,740.0,4.44,37.49952,14.4517268,16.817795182378,0.0,1.06410792074977,4.96784762802606,3.08687644847418,0.0,0.0468499561955865,21.0,21.999999999999996,21.0,21.999999999999996,24.499999999999996,25.0,26.0,20.500000000000004,23.5,26.999999999999996,39.99144993239488,42.99080867732449,1.7121496444863797,16.726630884665102,22.26
233.0,14.0,12.9,739.9,0.0,0.0,0.0,20.0,69.8,69.8,69.8,68.0,69.8,12.9771940468967,71.6,75.2,987.783333333333,3556020.0,0.0,0.0,5.13819444444444,4.11055555555556,3.85364583333333,1564.5,1523.0,1169.8,1102.2,0.0,3474.0,0.0,0.0,737.0,2367.0,3.84,18.0,3.84,99.0,0.0,987.783333333333,0.0,63.5,76.1,69.8,56.0,77.0,72.5,77.0,68.9,4.11000000000001,91.0,14.504,742.8,26.83,14.657,-8.7,3.0,0.0,0.0,0.0,14.0,63.0,0.0,77.0,1.0,0.0,825.6,0.0,0.0,0.6,9.0,0.0,29.0,0.0,77.0,77.0,350.0,825.6,-50.0,0.0,0.0,0.0,0.0,400.0,0.0,0.0,0.0,0.0,0.0,0.0,64.0,740.0,4.44,37.49952,14.4517268,16.9057573453998,0.0,1.07869077107056,4.60988338042748,2.86444784597961,0.0,0.0324359663061776,21.0,21.999999999999996,21.0,21.999999999999996,24.499999999999996,25.0,26.0,20.500000000000004,23.5,26.999999999999996,39.99144993239488,43.990594925634305,1.735613450652531,8.777041912994035,22.719999999999988
234.0,14.0,12.9,739.9,0.0,0.0,0.0,20.0,69.8,69.8,69.8,68.0,69.8,12.9771940468967,71.6,75.2,987.783333333333,3556020.0,0.0,0.0,5.13819444444444,4.11055555555556,3.85364583333333,1564.5,1523.0,1169.8,1102.2,0.0,3474.0,0.0,0.0,737.0,2367.0,3.84,18.0,3.84,99.0,0.0,987.783333333333,0.0,63.5,76.1,69.8,56.0,77.0,72.5,77.0,68.9,4.11000000000001,91.0,14.504,742.8,26.83,14.657,-8.7,3.0,0.0,0.0,0.0,14.0,63.0,0.0,77.0,1.0,0.0,825.6,0.0,0.0,0.6,9.0,0.0,29.0,0.0,77.0,77.0,350.0,825.6,-50.0,0.0,0.0,0.0,0.0,400.0,0.0,0.0,0.0,0.0,0.0,0.0,64.0,739.0,4.443,41.6498575,14.4605162,16.9057573453998,0.0,1.07869077107056,4.60988338042748,2.86444784597961,0.0,0.0324359663061776,21.0,21.999999999999996,21.0,21.999999999999996,24.499999999999996,25.0,26.0,20.500000000000004,23.5,26.999999999999996,44.31864978836102,43.990594925634305,1.735613450652531,8.777041912994035,22.719999999999988
235.0,14.0,22.0,738.9,0.0,0.0,0.0,20.0,69.8,69.8,69.8,68.0,69.8,22.1017370865688,71.6,75.2,987.783888888889,3556022.0,0.0,0.0,5.13125,4.105,3.8484375,1564.5,1523.0,1169.8,1102.3,0.0,3603.0,0.0,0.0,737.0,2369.0,3.84,24.0,3.84,61.0,0.0,987.783888888889,0.0,63.5,76.1,69.8,56.0,77.0,72.5,77.0,68.9,4.07999999999998,91.0,14.505,741.9,27.19,14.664,-1.0,3.0,0.0,0.0,0.0,14.0,63.0,0.0,77.0,1.0,0.0,825.6,0.0,0.0,0.6,9.0,0.0,29.0,0.0,77.0,77.0,350.0,825.6,-50.0,0.0,0.0,0.0,0.0,400.0,0.0,0.0,0.0,0.0,0.0,0.0,64.0,739.0,4.443,41.6498575,14.4605162,17.0040216546528,0.0,1.09416800271829,2.82975922439991,1.75833031902459,0.0,0.0251321637393071,21.0,21.999999999999996,21.0,21.999999999999996,24.499999999999996,25.0,26.0,20.500000000000004,23.5,26.999999999999996,44.31864978836102,45.990167422254096,1.7605163163737287,9.664172205841536,23.11000000000002
236.0,14.0,22.0,738.9,0.0,0.0,0.0,20.0,69.8,69.8,69.8,68.0,69.8,22.1017370865688,71.6,75.2,987.783888888889,3556022.0,0.0,0.0,5.13125,4.105,3.8484375,1564.5,1523.0,1169.8,1102.3,0.0,3603.0,0.0,0.0,737.0,2369.0,3.84,24.0,3.84,61.0,0.0,987.783888888889,0.0,63.5,76.1,69.8,56.0,77.0,72.5,77.0,68.9,4.07999999999998,91.0,14.505,741.9,27.19,14.664,-1.0,3.0,0.0,0.0,0.0,14.0,63.0,0.0,77.0,1.0,0.0,825.6,0.0,0.0,0.6,9.0,0.0,29.0,0.0,77.0,77.0,350.0,825.6,-50.0,0.0,0.0,0.0,0.0,400.0,0.0,0.0,0.0,0.0,0.0,0.0,64.0,738.9,4.442,43.5053025,14.4605162,17.0040216546528,0.0,1.09416800271829,2.82975922439991,1.75833031902459,0.0,0.0251321637393071,21.0,21.999999999999996,21.0,21.999999999999996,24.499999999999996,25.0,26.0,20.500000000000004,23.5,26.999999999999996,43.990594925634305,45.990167422254096,1.7605163163737287,9.664172205841536,23.11000000000002
237.0,14.0,21.4,738.9,0.0,0.0,0.0,20.0,69.8,69.8,69.8,68.0,69.8,21.4989624387533,71.6,75.2,987.784444444444,3556024.0,0.0,0.0,5.13125,4.105,3.8484375,1564.5,1523.0,1169.8,1102.3,0.0,3788.0,0.0,0.0,737.0,2369.0,3.84,24.0,3.84,64.0,0.0,987.784444444444,0.0,63.5,75.2,69.8,56.0,77.0,72.5,77.0,68.9,4.05000000000001,91.0,14.506,741.9,26.65,14.657,-1.8,3.0,0.0,0.0,0.0,14.0,63.0,0.0,77.0,1.0,0.0,825.6,0.0,0.0,0.6,9.0,0.0,29.0,0.0,77.0,77.0,350.0,825.6,-50.0,0.0,0.0,0.0,0.0,400.0,0.0,0.0,0.0,0.0,0.0,0.0,64.0,738.9,4.442,43.5053025,14.4595396,17.1111174227249,0.0,1.11033359648403,3.03558080146922,1.88622187818973,0.0,0.0218836024046095,21.0,21.999999999999996,21.0,21.999999999999996,24.0,25.0,26.0,20.500000000000004,23.5,26.999999999999996,48.70833628484647,47.98973991887373,1.7865267567428043,16.481533994458463,22.599999999999987
238.0,14.0,21.4,738.9,0.0,0.0,0.0,20.0,69.8,69.8,69.8,68.0,69.8,21.4989624387533,71.6,75.2,987.784444444444,3556024.0,0.0,0.0,5.13125,4.105,3.8484375,1564.5,1523.0,1169.8,1102.3,0.0,3788.0,0.0,0.0,737.0,2369.0,3.84,24.0,3.84,64.0,0.0,987.784444444444,0.0,63.5,75.2,69.8,56.0,77.0,72.5,77.0,68.9,4.05000000000001,91.0,14.506,741.9,26.65,14.657,-1.8,3.0,0.0,0.0,0.0,14.0,63.0,0.0,77.0,1.0,0.0,825.6,0.0,0.0,0.6,9.0,0.0,29.0,0.0,77.0,77.0,350.0,825.6,-50.0,0.0,0.0,0.0,0.0,400.0,0.0,0.0,0.0,0.0,0.0,0.0,64.0,738.9,4.442,43.5053025,14.4595396,17.1111174227249,0.0,1.11033359648403,3.03558080146922,1.88622187818973,0.0,0.0218836024046095,21.0,21.999999999999996,21.0,21.999999999999996,24.0,25.0,26.0,20.500000000000004,23.5,26.999999999999996,48.70833628484647,47.98973991887373,1.7865267567428043,16.481533994458463,22.599999999999987
239.0,14.0,20.0,738.9,0.0,0.0,0.0,20.0,69.8,69.8,69.8,68.0,68.0,20.0924882605171,71.6,75.2,987.785,3556026.0,0.0,0.0,5.13125,4.105,3.8484375,1564.5,1523.0,1169.8,1102.3,0.0,3931.0,0.0,0.0,737.0,2369.0,3.84,9.0,3.84,37.0,0.0,987.785,0.0,63.5,75.2,69.8,56.0,77.0,72.5,77.0,68.9,4.03000000000003,91.0,14.505,741.7,26.33,14.657,-0.6,3.0,0.0,0.0,0.0,14.0,63.0,0.0,77.0,1.0,0.0,825.6,0.0,0.0,0.6,9.0,0.0,29.0,0.0,77.0,77.0,350.0,825.6,-50.0,0.0,0.0,0.0,0.0,400.0,0.0,0.0,0.0,0.0,0.0,0.0,64.0,738.9,4.442,43.5053025,14.4517268,17.2266608258091,0.0,1.127162114812,3.38340776830424,2.10235146839897,0.0,0.0255164527089537,21.0,21.999999999999996,21.0,21.999999999999996,24.0,25.0,26.0,20.500000000000004,23.5,26.999999999999996,47.98973991887373,49.98931241549352,1.8136038427325079,16.032037612791424,22.29999999999997
240.0,14.0,19.0,739.0,0.0,0.0,0.0,20.0,69.8,69.8,69.8,68.0,69.8,19.0904471285641,71.6,75.2,987.785555555556,3556028.0,0.0,0.0,5.13194444444444,4.10555555555556,3.84895833333333,1564.5,1523.0,1169.8,1102.3,0.0,4065.0,0.0,0.0,737.0,2369.0,3.84,19.0,3.84,150.0,0.0,987.785555555556,0.0,63.5,75.2,69.8,56.0,77.0,72.5,77.0,68.9,4.03000000000003,91.0,14.505,741.7,26.33,14.657,-0.6,3.0,0.0,0.0,0.0,14.0,63.0,0.0,77.0,1.0,0.0,825.6,0.0,0.0,0.6,9.0,0.0,29.0,0.0,77.0,77.0,350.0,825.6,-50.0,0.0,0.0,0.0,0.0,400.0,0.0,0.0,0.0,0.0,0.0,0.0,64.0,738.8,4.443,43.5053025,14.4517268,17.2266608258091,0.0,1.127162114812,3.38340776830424,2.10235146839897,0.0,0.0255164527089537,21.0,21.999999999999996,21.0,21.999999999999996,24.0,25.0,26.0,20.500000000000004,23.5,26.999999999999996,47.98973991887373,49.98931241549352,1.8136038427325079,14.235978470219315,22.29999999999997
241.0,14.0,19.0,739.0,0.0,0.0,0.0,20.0,69.8,69.8,69.8,68.0,69.8,19.0904471285641,71.6,75.2,987.785555555556,3556028.0,0.0,0.0,5.13194444444444,4.10555555555556,3.84895833333333,1564.5,1523.0,1169.8,1102.3,0.0,4065.0,0.0,0.0,737.0,2369.0,3.84,19.0,3.84,150.0,0.0,987.785555555556,0.0,63.5,75.2,69.8,55.0,77.0,72.5,77.0,68.9,4.16000000000003,91.0,14.506,741.9,26.78,14.657,11.8,3.0,0.0,0.0,0.0,14.0,63.0,0.0,77.0,1.0,0.0,825.6,0.0,0.0,0.6,9.0,0.0,29.0,0.0,77.0,77.0,350.0,825.6,-50.0,0.0,0.0,0.0,0.0,400.0,0.0,0.0,0.0,0.0,0.0,0.0,64.0,738.8,4.443,43.5053025,14.4517268,17.3504939823658,0.0,1.14466148246325,3.7034399259312,2.3012101702158,0.0,0.0290500534698351,21.0,21.999999999999996,21.0,21.999999999999996,24.0,25.0,26.0,20.500000000000004,23.5,26.999999999999996,52.238831474190725,51.98888491211331,1.8417603252833692,14.235978470219315,22.61999999999997
242.0,14.0,19.6,738.8,0.0,0.0,0.0,20.0,69.8,69.8,69.8,68.0,69.8,19.6879736369368,71.6,75.2,987.786111111111,3556030.0,0.0,0.0,5.13055555555556,4.10444444444444,3.84791666666667,1564.5,1523.1,1169.8,1102.3,0.0,4180.0,0.0,0.0,737.0,2374.0,3.84,23.0,3.84,41.0,0.0,987.786111111111,0.0,63.5,75.2,69.8,55.0,77.0,72.5,77.0,68.9,4.16000000000003,91.0,14.506,741.9,26.78,14.657,11.8,3.0,0.0,0.0,0.0,14.0,63.0,0.0,77.0,1.0,0.0,825.6,0.0,0.0,0.6,9.0,0.0,29.0,0.0,77.0,77.0,350.0,825.6,-50.0,0.0,0.0,0.0,0.0,400.0,0.0,0.0,0.0,0.0,0.0,0.0,63.5,738.8,4.44,43.5053025,14.4517268,17.3504939823658,0.0,1.14466148246325,3.7034399259312,2.3012101702158,0.0,0.0290500534698351,21.0,21.999999999999996,21.0,21.999999999999996,24.0,25.0,26.0,20.500000000000004,23.5,26.999999999999996,52.238831474190725,51.98888491211331,1.8417603252833692,14.232125702027146,22.61999999999997
243.0,14.0,19.6,738.8,0.0,0.0,0.0,20.0,69.8,69.8,69.8,68.0,69.8,19.6879736369368,71.6,75.2,987.786111111111,3556030.0,0.0,0.0,5.13055555555556,4.10444444444444,3.84791666666667,1564.5,1523.1,1169.8,1102.3,0.0,4180.0,0.0,0.0,737.0,2374.0,3.84,23.0,3.84,41.0,0.0,987.786111111111,0.0,63.5,76.1,69.8,55.0,77.0,72.5,77.0,68.9,3.99000000000001,91.0,14.506,741.9,26.97,14.648,-0.4,3.0,0.0,0.0,0.0,14.0,63.0,0.0,77.0,1.0,0.0,825.6,0.0,0.0,0.6,9.0,0.0,29.0,0.0,77.0,77.0,350.0,825.6,-50.0,0.0,0.0,0.0,0.0,400.0,0.0,0.0,0.0,0.0,0.0,0.0,63.5,738.8,4.44,43.5053025,14.448797,17.4775914571534,0.0,1.16252870910963,3.66009966520447,2.27427978906777,0.0,0.0254075441790138,21.0,21.999999999999996,21.0,21.999999999999996,24.499999999999996,25.0,26.0,20.500000000000004,23.5,26.999999999999996,53.31672602314984,52.988671160423124,1.8705086929573944,14.232125702027146,22.97999999999999
244.0,14.0,20.0,738.6,0.0,0.0,0.0,20.0,69.8,69.8,69.8,68.0,69.8,20.0843305308133,71.6,75.2,987.786666666667,3556032.0,0.0,0.0,5.12916666666667,4.10333333333333,3.846875,1564.5,1523.1,1169.8,1102.3,0.0,4291.0,0.0,0.0,736.0,2374.0,3.84,9.0,3.84,99.0,0.0,987.786666666666,0.0,63.5,76.1,69.8,55.0,77.0,72.5,77.0,68.9,3.99000000000001,91.0,14.506,741.9,26.97,14.648,-0.4,3.0,0.0,0.0,0.0,14.0,63.0,0.0,77.0,1.0,0.0,825.6,0.0,0.0,0.6,9.0,0.0,29.0,0.0,77.0,77.0,350.0,825.6,-50.0,0.0,0.0,0.0,0.0,400.0,0.0,0.0,0.0,0.0,0.0,0.0,63.5,738.7,4.443,43.5053025,14.448797,17.4775914571534,0.0,1.16252870910963,3.66009966520447,2.27427978906777,0.0,0.0254075441790138,21.0,21.999999999999996,21.0,21.999999999999996,24.499999999999996,25.0,26.0,20.500000000000004,23.5,26.999999999999996,53.31672602314984,52.988671160423124,1.8705086929573944,14.677586815956001,22.97999999999999
245.0,14.0,20.0,738.6,0.0,0.0,0.0,20.0,69.8,69.8,69.8,68.0,69.8,20.0843305308133,71.6,75.2,987.786666666667,3556032.0,0.0,0.0,5.12916666666667,4.10333333333333,3.846875,1564.5,1523.1,1169.8,1102.3,0.0,4291.0,0.0,0.0,736.0,2374.0,3.84,9.0,3.84,99.0,0.0,987.786666666666,0.0,63.5,75.2,69.8,55.0,77.0,72.5,77.0,68.9,4.20999999999998,91.0,14.505,741.3,26.85,14.667,7.3,3.0,0.0,0.0,0.0,14.0,63.0,0.0,77.0,1.0,0.0,825.6,0.0,0.0,0.6,9.0,0.0,29.0,0.0,77.0,77.0,350.0,825.6,-50.0,0.0,0.0,0.0,0.0,400.0,0.0,0.0,0.0,0.0,0.0,0.0,63.5,738.7,4.443,43.5053025,14.4595396,17.6072535616599,0.0,1.18067580631197,3.65556458164094,2.27146181965881,0.0,0.0217890470904383,21.0,21.999999999999996,21.0,21.999999999999996,24.0,25.0,26.0,20.500000000000004,23.5,26.999999999999996,51.98888491211331,53.98845740873295,1.8997073723559597,14.677586815956001,22.640000000000022
246.0,14.0,20.6,738.5,0.0,0.0,0.0,20.0,69.8,69.8,69.8,68.0,69.8,20.684059626206,71.6,75.2,987.787222222222,3556034.0,0.0,0.0,5.12847222222222,4.10277777777778,3.84635416666667,1564.5,1523.1,1169.8,1102.3,0.0,4408.0,0.0,0.0,736.0,2374.0,3.84,9.0,3.84,145.0,0.0,987.787222222222,0.0,63.5,75.2,69.8,55.0,77.0,72.5,77.0,68.9,4.20999999999998,91.0,14.505,741.3,26.85,14.667,7.3,3.0,0.0,0.0,0.0,14.0,63.0,0.0,77.0,1.0,0.0,825.6,0.0,0.0,0.6,9.0,0.0,29.0,0.0,77.0,77.0,350.0,825.6,-50.0,0.0,0.0,0.0,0.0,400.0,0.0,0.0,0.0,0.0,0.0,0.0,63.5,738.6,4.443,43.5053025,14.4595396,17.6072535616599,0.0,1.18067580631197,3.65556458164094,2.27146181965881,0.0,0.0217890470904383,21.0,21.999999999999996,21.0,21.999999999999996,24.0,25.0,26.0,20.500000000000004,23.5,26.999999999999996,51.98888491211331,53.98845740873295,1.8997073723559597,15.424354680243102,22.640000000000022
247.0,14.0,20.6,738.5,0.0,0.0,0.0,20.0,69.8,69.8,69.8,68.0,69.8,20.684059626206,71.6,75.2,987.787222222222,3556034.0,0.0,0.0,5.12847222222222,4.10277777777778,3.84635416666667,1564.5,1523.1,1169.8,1102.3,0.0,4408.0,0.0,0.0,736.0,2374.0,3.84,9.0,3.84,145.0,0.0,987.787222222222,0.0,63.5,76.1,69.8,55.0,77.0,72.5,77.0,68.9,3.85000000000002,91.0,14.507,741.3,26.43,14.638,-3.5,3.0,0.0,0.0,0.0,14.0,63.0,0.0,77.0,1.0,0.0,825.6,0.0,0.0,0.6,9.0,0.0,29.0,0.0,77.0,77.0,350.0,825.6,-50.0,0.0,0.0,0.0,0.0,400.0,0.0,0.0,0.0,0.0,0.0,0.0,63.5,738.6,4.443,43.5053025,14.4497736,17.7451927513905,0.0,1.19955181238097,3.68103805273087,2.28729029586343,0.0,0.0217815346125559,21.0,21.999999999999996,21.0,21.999999999999996,24.499999999999996,25.0,26.0,20.500000000000004,23.5,26.999999999999996,56.40981472885842,55.98802990535273,1.930078866120981,15.424354680243102,22.57999999999998
248.0,14.0,8.7,739.5,0.0,0.0,0.0,20.0,69.8,69.8,69.8,68.0,69.8,8.74732961816726,71.6,75.2,987.787777777778,3556036.0,0.0,0.0,5.13541666666667,4.10833333333333,3.8515625,1564.5,1523.1,1169.8,1102.3,0.0,4476.0,0.0,0.0,737.0,2374.0,3.84,24.0,3.84,61.0,0.0,987.787777777778,0.0,63.5,76.1,69.8,55.0,77.0,72.5,77.0,68.9,3.85000000000002,91.0,14.507,741.3,26.43,14.638,-3.5,3.0,0.0,0.0,0.0,14.0,63.0,0.0,77.0,1.0,0.0,825.6,0.0,0.0,0.6,9.0,0.0,29.0,0.0,77.0,77.0,350.0,825.6,-50.0,0.0,0.0,0.0,0.0,400.0,0.0,0.0,0.0,0.0,0.0,0.0,63.5,739.4,4.443,43.5053025,14.4497736,17.7451927513905,0.0,1.19955181238097,3.68103805273087,2.28729029586343,0.0,0.0217815346125559,21.0,21.999999999999996,21.0,21.999999999999996,24.499999999999996,25.0,26.0,20.500000000000004,23.5,26.999999999999996,56.40981472885842,55.98802990535273,1.930078866120981,15.44524073939038,22.57999999999998
249.0,14.0,8.7,739.5,0.0,0.0,0.0,20.0,69.8,69.8,69.8,68.0,69.8,8.74732961816726,71.6,75.2,987.787777777778,3556036.0,0.0,0.0,5.13541666666667,4.10833333333333,3.8515625,1564.5,1523.1,1169.8,1102.3,0.0,4476.0,0.0,0.0,737.0,2374.0,3.84,24.0,3.84,61.0,0.0,987.787777777778,0.0,63.5,76.1,69.8,55.0,77.0,72.5,77.0,68.9,3.97000000000003,91.0,14.489,743.2,26.37,14.646,-3.2,3.0,0.0,0.0,0.0,14.0,63.0,0.0,77.0,1.0,0.0,825.6,0.0,0.0,0.6,9.0,0.0,29.0,0.0,77.0,75.2,350.0,825.6,-50.0,0.0,0.0,0.0,0.0,400.0,0.0,0.0,0.0,0.0,0.0,0.0,63.5,739.4,4.443,36.8647625,14.4595396,17.8804404582669,0.0,1.2183577348217,8.70423476564625,5.40855906056438,0.0,0.0145288140645906,21.0,21.999999999999996,21.0,21.999999999999996,24.499999999999996,25.0,26.0,20.500000000000004,23.5,26.999999999999996,56.5816529902867,55.98802990535273,1.9603375953281155,15.44524073939038,22.39999999999997
250.0,14.0,-1.5,740.6,0.0,0.0,0.0,20.0,69.8,69.8,69.8,68.0,69.8,-1.51040365466291,71.6,75.2,987.788333333333,3556038.0,0.0,0.0,5.14305555555556,4.11444444444444,3.85729166666667,1564.5,1523.1,1169.8,1102.3,0.0,4417.0,0.0,0.0,738.0,2374.0,3.86,24.0,3.84,78.0,0.0,987.788333333333,0.0,63.5,76.1,69.8,55.0,77.0,72.5,77.0,68.9,3.97000000000003,91.0,14.489,743.2,26.37,14.646,-3.2,3.0,0.0,0.0,0.0,14.0,63.0,0.0,77.0,1.0,0.0,825.6,0.0,0.0,0.6,9.0,0.0,29.0,0.0,77.0,75.2,350.0,825.6,-50.0,0.0,0.0,0.0,0.0,400.0,0.0,0.0,0.0,0.0,0.0,0.0,63.5,740.3,4.443,36.8647625,14.4595396,17.8804404582669,0.0,1.2183577348217,8.70423476564625,5.40855906056438,0.0,0.0145288140645906,21.0,21.999999999999996,21.0,21.999999999999996,24.499999999999996,25.0,26.0,20.500000000000004,23.5,26.999999999999996,56.5816529902867,55.98802990535273,1.9603375953281155,-1.1263263644018717,22.39999999999997
251.0,14.0,-1.5,740.6,0.0,0.0,0.0,20.0,69.8,69.8,69.8,68.0,69.8,-1.51040365466291,71.6,75.2,987.788333333333,3556038.0,0.0,0.0,5.14305555555556,4.11444444444444,3.85729166666667,1564.5,1523.1,1169.8,1102.3,0.0,4417.0,0.0,0.0,738.0,2374.0,3.86,24.0,3.84,78.0,0.0,987.788333333333,0.0,63.5,76.1,69.8,55.0,77.0,72.5,77.0,68.9,3.82999999999998,91.0,14.506,744.0,26.81,14.646,0.2,3.0,0.0,0.0,0.0,14.0,63.0,0.0,77.0,1.0,0.0,825.6,0.0,0.0,0.6,9.0,0.0,29.0,0.0,77.0,77.0,350.0,825.6,-50.0,0.0,0.0,0.0,0.0,400.0,0.0,0.0,0.0,0.0,0.0,0.0,63.5,740.3,4.443,32.8609075,14.4595396,18.0138610974886,0.0,1.23720668348926,-50.4095778197858,-31.3230497794581,0.0,0.0109006135612475,21.0,21.999999999999996,21.0,21.999999999999996,24.499999999999996,25.0,26.0,20.500000000000004,23.5,26.999999999999996,51.98888491211331,55.98802990535273,1.9906655537342195,-1.1263263644018717,22.980000000000018
252.0,14.0,-10.4,741.7,0.0,0.0,0.0,20.0,69.8,69.8,69.8,68.0,69.8,-10.4876860769648,71.6,75.2,987.788888888889,3556040.0,0.0,0.0,5.15069444444444,4.12055555555556,3.86302083333333,1564.5,1523.1,1169.8,1102.3,0.0,4315.0,0.0,0.0,740.0,2374.0,3.86,12.0,3.86,64.0,0.0,987.788888888889,0.0,63.5,75.2,69.8,55.0,77.0,72.5,77.0,68.9,3.82999999999998,91.0,14.506,744.0,26.81,14.646,0.2,3.0,0.0,0.0,0.0,14.0,63.0,0.0,77.0,1.0,0.0,825.6,0.0,0.0,0.6,9.0,0.0,29.0,0.0,77.0,77.0,350.0,825.6,-50.0,0.0,0.0,0.0,0.0,400.0,0.0,0.0,0.0,0.0,0.0,0.0,63.5,741.2,4.443,32.8609075,14.4595396,18.0138610974886,0.0,1.23720668348926,-50.4095778197858,-31.3230497794581,0.0,0.0109006135612475,21.0,21.999999999999996,21.0,21.999999999999996,24.0,25.0,26.0,20.500000000000004,23.5,26.999999999999996,51.98888491211331,55.98802990535273,1.9906655537342195,-1.1279992769063834,22.980000000000018
253.0,14.0,-10.4,741.7,0.0,0.0,0.0,20.0,69.8,69.8,69.8,68.0,69.8,-10.4876860769648,71.6,75.2,987.788888888889,3556040.0,0.0,0.0,5.15069444444444,4.12055555555556,3.86302083333333,1564.5,1523.1,1169.8,1102.3,0.0,4315.0,0.0,0.0,740.0,2374.0,3.86,12.0,3.86,64.0,0.0,987.788888888889,0.0,63.5,75.2,69.8,55.0,77.0,72.5,77.0,68.9,4.10000000000002,91.0,14.505,745.4,25.97,14.649,-6.7,3.0,0.0,0.0,0.0,14.0,63.0,0.0,77.0,1.0,0.0,825.6,0.0,0.0,0.6,9.0,0.0,29.0,0.0,77.0,77.0,350.0,825.6,-50.0,0.0,0.0,0.0,0.0,400.0,0.0,0.0,0.0,0.0,0.0,0.0,63.5,741.2,4.443,25.5367825,14.4605162,18.1375788725806,0.0,1.25570056174027,-7.00054967278912,-4.34993855073065,0.0,0.0,21.0,21.999999999999996,21.0,21.999999999999996,24.0,25.0,26.0,20.500000000000004,23.5,26.999999999999996,53.81661914730467,53.98845740873295,2.020422203840094,-1.1279992769063834,21.86999999999998
254.0,14.0,-23.2,743.2,0.0,0.0,0.0,20.0,69.8,69.8,69.8,68.0,69.8,-23.4429222347421,71.6,75.2,987.789444444444,3556042.0,0.0,0.0,5.16111111111111,4.12888888888889,3.87083333333333,1564.5,1523.1,1169.8,1102.3,0.0,4022.0,0.0,0.0,741.0,2374.0,3.86,21.0,3.86,49.0,0.0,987.789444444444,0.0,63.5,75.2,69.8,55.0,77.0,72.5,77.0,68.9,4.10000000000002,91.0,14.505,745.4,25.97,14.649,-6.7,3.0,0.0,0.0,0.0,14.0,63.0,0.0,77.0,1.0,0.0,825.6,0.0,0.0,0.6,9.0,0.0,29.0,0.0,77.0,77.0,350.0,825.6,-50.0,0.0,0.0,0.0,0.0,400.0,0.0,0.0,0.0,0.0,0.0,0.0,63.5,743.2,4.442,25.5367825,14.4605162,18.2378085347522,0.0,1.27250300836863,-2.89985523922646,-1.80188594985338,0.0,-0.0217134125983993,21.0,21.999999999999996,21.0,21.999999999999996,24.0,25.0,26.0,20.500000000000004,23.5,26.999999999999996,53.81661914730467,49.98931241549352,2.0474573404651255,-17.48167206170179,21.86999999999998
255.0,14.0,-23.2,743.2,0.0,0.0,0.0,20.0,69.8,69.8,69.8,68.0,69.8,-23.4429222347421,71.6,75.2,987.789444444444,3556042.0,0.0,0.0,5.16111111111111,4.12888888888889,3.87083333333333,1564.5,1523.1,1169.8,1102.3,0.0,4022.0,0.0,0.0,741.0,2374.0,3.86,21.0,3.86,49.0,0.0,987.789444444444,0.0,63.5,75.2,69.8,55.0,77.0,72.5,77.0,68.9,3.68000000000001,91.0,14.491,745.9,25.86,14.632,5.6,3.0,0.0,0.0,0.0,14.0,63.0,0.0,77.0,1.0,0.0,825.6,0.0,0.0,0.6,9.0,0.0,29.0,0.0,77.0,77.0,350.0,825.6,-50.0,0.0,0.0,0.0,0.0,400.0,0.0,0.0,0.0,0.0,0.0,0.0,63.5,743.2,4.442,23.8766475,14.4517268,18.2378085347522,0.0,1.27250300836863,-2.89985523922646,-1.80188594985338,0.0,-0.0217134125983993,21.0,21.999999999999996,21.0,21.999999999999996,24.0,25.0,26.0,20.500000000000004,23.5,26.999999999999996,49.27071604952077,49.98931241549352,2.0474573404651255,-17.48167206170179,22.17999999999999
256.0,14.0,-25.6,743.8,0.0,0.0,0.0,20.0,69.8,69.8,69.8,68.0,69.8,-25.8889359091365,71.6,75.2,987.79,3556044.0,0.0,0.0,5.16527777777778,4.13222222222222,3.87395833333333,1564.6,1523.1,1169.8,1102.3,0.0,3668.0,0.0,0.0,742.0,2374.0,3.86,19.0,3.86,40.0,0.0,987.79,0.0,63.5,75.2,69.8,55.0,77.0,72.5,77.0,68.9,3.68000000000001,91.0,14.491,745.9,25.86,14.632,5.6,3.0,0.0,0.0,0.0,14.0,63.0,0.0,77.0,1.0,0.0,825.6,0.0,0.0,0.6,9.0,0.0,29.0,0.0,77.0,77.0,350.0,825.6,-50.0,0.0,0.0,0.0,0.0,400.0,0.0,0.0,0.0,0.0,0.0,0.0,63.5,743.5,4.443,23.8766475,14.4517268,18.3140551097562,0.0,1.28792172711366,-2.36328650174778,-1.46847769687752,0.0,-0.0396088566938918,21.0,21.999999999999996,21.0,21.999999999999996,24.0,25.0,26.0,20.500000000000004,23.5,26.999999999999996,49.27071604952077,44.99038117394412,2.072266058925879,-17.495785359921626,22.17999999999999
257.0,14.0,-25.6,743.8,0.0,0.0,0.0,20.0,69.8,69.8,69.8,68.0,69.8,-25.8889359091365,71.6,75.2,987.79,3556044.0,0.0,0.0,5.16527777777778,4.13222222222222,3.87395833333333,1564.6,1523.1,1169.8,1102.3,0.0,3668.0,0.0,0.0,742.0,2374.0,3.86,19.0,3.86,40.0,0.0,987.79,0.0,63.5,75.2,69.8,55.0,77.0,72.5,77.0,68.9,3.69,91.0,14.483,748.7,31.16,14.659,2.4,3.0,0.0,0.0,0.0,14.0,63.0,0.0,77.0,1.0,0.0,825.6,0.0,0.0,0.6,9.0,0.0,29.0,0.0,77.0,77.0,350.0,825.6,-50.0,0.0,0.0,0.0,0.0,400.0,0.0,0.0,0.0,0.0,0.0,0.0,63.5,743.5,4.443,15.917765,14.4307299,18.3140551097562,0.0,1.28792172711366,-2.36328650174778,-1.46847769687752,0.0,-0.0396088566938918,21.0,21.999999999999996,21.0,21.999999999999996,24.0,25.0,26.0,20.500000000000004,23.5,26.999999999999996,44.36551476875051,44.99038117394412,2.072266058925879,-17.495785359921626,27.47
258.0,14.0,-30.3,744.6,0.0,0.0,0.0,20.0,69.8,69.8,69.8,68.0,69.8,-30.674939964208,71.6,75.2,987.790555555556,3556046.0,0.0,0.0,5.17083333333333,4.13666666666667,3.878125,1564.6,1523.1,1169.8,1102.3,0.0,3153.0,0.0,0.0,743.0,2374.0,3.88,9.0,3.86,182.0,0.0,987.790555555556,0.0,63.5,75.2,69.8,55.0,77.0,72.5,77.0,68.9,3.69,91.0,14.483,748.7,31.16,14.659,2.4,3.0,0.0,0.0,0.0,14.0,63.0,0.0,77.0,1.0,0.0,825.6,0.0,0.0,0.6,9.0,0.0,29.0,0.0,77.0,77.0,350.0,825.6,-50.0,0.0,0.0,0.0,0.0,400.0,0.0,0.0,0.0,0.0,0.0,0.0,63.5,744.8,4.443,15.917765,14.4307299,18.3539338492603,0.0,1.3005152264249,-1.68429413449,-1.04657153064219,0.0,-0.0650624197525478,21.0,21.999999999999996,21.0,21.999999999999996,24.0,25.0,26.0,20.500000000000004,23.5,26.999999999999996,44.36551476875051,37.99187743577509,2.0925289993176643,-19.326458583041685,27.47
259.0,14.0,-30.3,744.6,0.0,0.0,0.0,20.0,69.8,69.8,69.8,68.0,69.8,-30.674939964208,71.6,75.2,987.790555555556,3556046.0,0.0,0.0,5.17083333333333,4.13666666666667,3.878125,1564.6,1523.1,1169.8,1102.3,0.0,3153.0,0.0,0.0,743.0,2374.0,3.88,9.0,3.86,182.0,0.0,987.790555555556,0.0,63.5,75.2,69.8,55.0,77.0,72.5,77.0,68.9,3.76999999999998,91.0,14.483,748.5,31.18,14.657,6.1,3.0,0.0,0.0,0.0,14.0,63.0,0.0,77.0,1.0,0.0,825.6,0.0,0.0,0.6,9.0,0.0,29.0,0.0,77.0,77.0,350.0,825.6,-50.0,0.0,0.0,0.0,0.0,400.0,0.0,0.0,0.0,0.0,0.0,0.0,63.5,744.8,4.443,14.941215,14.4307299,18.3539338492603,0.0,1.3005152264249,-1.68429413449,-1.04657153064219,0.0,-0.0650624197525478,21.0,21.999999999999996,21.0,21.999999999999996,24.0,25.0,26.0,20.500000000000004,23.5,28.000000000000004,37.50760597174993,37.99187743577509,2.0925289993176643,-19.326458583041685,27.410000000000018
260.0,14.0,-23.9,744.3,0.0,0.0,0.0,20.0,69.8,69.8,69.8,68.0,69.8,-24.1859962372472,71.6,75.2,987.791111111111,3556048.0,0.0,0.0,5.16875,4.135,3.8765625,1564.6,1523.1,1169.8,1102.3,0.0,2635.0,0.0,0.0,742.0,2377.0,3.86,24.0,3.86,61.0,0.0,987.791111111111,0.0,63.5,75.2,69.8,55.0,77.0,72.5,77.0,68.9,3.76999999999998,91.0,14.483,748.5,31.18,14.657,6.1,3.0,0.0,0.0,0.0,14.0,63.0,0.0,77.0,1.0,0.0,825.6,0.0,0.0,0.6,9.0,0.0,29.0,0.0,77.0,77.0,350.0,825.6,-50.0,0.0,0.0,0.0,0.0,400.0,0.0,0.0,0.0,0.0,0.0,0.0,63.5,744.5,4.444,14.941215,14.4307299,18.365539011231,0.0,1.3112841614002,-1.79888772523339,-1.117776664716,0.0,-0.0798719817812178,21.0,21.999999999999996,21.0,21.999999999999996,24.0,25.0,26.0,20.500000000000004,23.5,28.000000000000004,37.50760597174993,31.993159945915874,2.109856215692922,-18.03579137751469,27.410000000000018
261.0,14.0,-23.9,744.3,0.0,0.0,0.0,20.0,69.8,69.8,69.8,68.0,69.8,-24.1859962372472,71.6,75.2,987.791111111111,3556048.0,0.0,0.0,5.16875,4.135,3.8765625,1564.6,1523.1,1169.8,1102.3,0.0,2635.0,0.0,0.0,742.0,2377.0,3.86,24.0,3.86,61.0,0.0,987.791111111111,0.0,63.5,75.2,69.8,55.0,77.0,72.5,77.0,68.9,3.75999999999999,91.0,14.482,747.3,31.36,14.65,-0.3,3.0,0.0,0.0,0.0,14.0,63.0,0.0,77.0,1.0,0.0,825.6,0.0,0.0,0.6,9.0,0.0,29.0,0.0,77.0,77.0,350.0,825.6,-50.0,0.0,0.0,0.0,0.0,400.0,0.0,0.0,0.0,0.0,0.0,0.0,63.5,744.5,4.444,9.96081,14.4307299,18.365539011231,0.0,1.3112841614002,-1.79888772523339,-1.117776664716,0.0,-0.0798719817812178,21.0,21.999999999999996,21.0,21.999999999999996,24.0,25.0,26.0,20.500000000000004,23.5,28.000000000000004,27.994014952676284,31.993159945915874,2.109856215692922,-18.03579137751469,27.60000000000001
262.0,14.0,-26.2,744.7,0.0,0.0,0.0,20.0,69.8,69.8,69.8,68.0,68.0,-26.5277677222429,71.6,75.2,987.791666666667,3556050.0,0.0,0.0,5.17152777777778,4.13722222222222,3.87864583333333,1564.6,1523.1,1169.8,1102.3,0.0,2025.0,0.0,0.0,743.0,2377.0,3.88,5.0,3.86,169.0,0.0,987.791666666666,0.0,63.5,75.2,69.8,55.0,77.0,72.5,77.0,68.9,3.73000000000002,91.0,14.483,747.3,31.63,14.66,-0.3,3.0,0.0,0.0,0.0,14.0,63.0,0.0,77.0,1.0,0.0,825.6,0.0,0.0,0.6,9.0,0.0,29.0,0.0,77.0,77.0,350.0,825.6,-50.0,0.0,0.0,0.0,0.0,400.0,0.0,0.0,0.0,0.0,0.0,0.0,64.0,744.8,4.442,9.96081,14.4307299,18.3400008589919,0.0,1.31921862538056,-1.23006651584684,-0.76432766101827,0.0,-0.0947805247506629,21.0,21.999999999999996,21.0,21.999999999999996,24.0,25.0,26.0,20.500000000000004,23.5,28.000000000000004,27.994014952676284,23.994869959436866,2.122622768237321,-19.782078838361596,27.899999999999977
263.0,14.0,-26.2,744.7,0.0,0.0,0.0,20.0,69.8,69.8,69.8,68.0,68.0,-26.5277677222429,71.6,75.2,987.791666666667,3556050.0,0.0,0.0,5.17152777777778,4.13722222222222,3.87864583333333,1564.6,1523.1,1169.8,1102.3,0.0,2025.0,0.0,0.0,743.0,2377.0,3.88,5.0,3.86,169.0,0.0,987.791666666666,0.0,63.5,75.2,69.8,55.0,77.0,72.5,77.0,68.9,3.73000000000002,91.0,14.483,747.3,31.63,14.66,12.4,3.0,0.0,0.0,0.0,14.0,63.0,0.0,77.0,1.0,0.0,825.6,0.0,0.0,0.6,9.0,0.0,29.0,0.0,77.0,77.0,350.0,825.6,-50.0,0.0,0.0,0.0,0.0,400.0,0.0,0.0,0.0,0.0,0.0,0.0,64.0,744.8,4.442,6.2987475,14.4507502,18.3400008589919,0.0,1.31921862538056,-1.23006651584684,-0.76432766101827,0.0,-0.0947805247506629,21.0,21.999999999999996,21.0,21.999999999999996,24.0,25.0,26.0,20.500000000000004,23.5,28.000000000000004,19.99572496619744,23.994869959436866,2.122622768237321,-19.782078838361596,27.899999999999977
264.0,14.0,-13.2,743.7,0.0,0.0,0.0,20.0,69.8,69.8,69.8,68.0,69.8,-13.3471878776137,71.6,75.2,987.792222222222,3556052.0,0.0,0.0,5.16458333333333,4.13166666666667,3.8734375,1564.6,1523.1,1169.8,1102.3,0.0,1386.0,0.0,0.0,741.0,2377.0,3.86,19.0,3.86,61.0,0.0,987.792222222222,0.0,63.5,75.2,69.8,55.0,77.0,72.5,77.0,68.9,3.72000000000003,91.0,14.498,746.5,31.24,14.675,12.4,3.0,0.0,0.0,0.0,14.0,63.0,0.0,77.0,1.0,0.0,825.6,0.0,0.0,0.6,9.0,0.0,29.0,0.0,77.0,77.0,350.0,825.6,-50.0,0.0,0.0,0.0,0.0,400.0,0.0,0.0,0.0,0.0,0.0,0.0,64.0,744.1,4.441,6.2987475,14.4507502,18.2781778569795,0.0,1.3245222027664,-1.62985237612103,-1.0127430008027,0.0,-0.106605343417853,21.0,21.999999999999996,21.0,21.999999999999996,24.0,25.0,26.0,20.500000000000004,23.5,28.000000000000004,19.99572496619744,15.99657997295792,2.131156224251138,-19.75551501556264,27.519999999999968
265.0,14.0,-13.2,743.7,0.0,0.0,0.0,20.0,69.8,69.8,69.8,68.0,69.8,-13.3471878776137,71.6,75.2,987.792222222222,3556052.0,0.0,0.0,5.16458333333333,4.13166666666667,3.8734375,1564.6,1523.1,1169.8,1102.3,0.0,1386.0,0.0,0.0,741.0,2377.0,3.86,19.0,3.86,61.0,0.0,987.792222222222,0.0,63.5,75.2,69.8,55.0,77.0,72.5,77.0,68.9,3.72000000000003,91.0,14.498,746.5,31.24,14.675,0.9,3.0,0.0,0.0,0.0,14.0,63.0,0.0,77.0,1.0,0.0,825.6,0.0,0.0,0.6,9.0,0.0,29.0,0.0,77.0,77.0,350.0,825.6,-50.0,0.0,0.0,0.0,0.0,400.0,0.0,0.0,0.0,0.0,0.0,0.0,64.0,743.5,4.443,7.61709,14.4497736,18.2781778569795,0.0,1.3245222027664,-1.62985237612103,-1.0127430008027,0.0,-0.106605343417853,21.0,21.999999999999996,21.0,21.999999999999996,24.0,25.0,26.0,20.500000000000004,23.5,28.000000000000004,11.997434979718449,15.99657997295792,2.131156224251138,-19.75551501556264,27.519999999999968
266.0,14.0,-10.7,743.5,0.0,0.0,0.0,20.0,69.8,69.8,69.8,68.0,69.8,-10.8164017953803,71.6,75.2,987.792777777778,3556054.0,0.0,0.0,5.16319444444444,4.13055555555556,3.87239583333333,1564.6,1523.1,1169.8,1102.3,0.0,769.0,0.0,0.0,741.0,2377.0,3.86,11.0,3.86,181.0,0.0,987.792777777778,0.0,63.5,75.2,69.8,55.0,77.0,72.5,77.0,68.9,3.70999999999998,91.0,14.499,745.8,31.44,14.67,-0.6,3.0,0.0,0.0,0.0,14.0,63.0,0.0,77.0,1.0,0.0,825.6,0.0,0.0,0.6,9.0,0.0,29.0,0.0,77.0,77.0,350.0,825.6,-50.0,0.0,0.0,0.0,0.0,400.0,0.0,0.0,0.0,0.0,0.0,0.0,64.0,743.5,4.443,7.61709,14.4497736,18.1794782986176,0.0,1.327213915525,-1.005599934636,-0.624850636984709,0.0,-0.109862741672364,21.0,21.999999999999996,21.0,21.999999999999996,24.0,25.0,26.0,20.500000000000004,23.5,28.000000000000004,11.997434979718449,7.99828998647896,2.135487190079725,-9.950483576841163,27.73000000000002
267.0,14.0,-10.7,743.5,0.0,0.0,0.0,20.0,69.8,69.8,69.8,68.0,69.8,-10.8164017953803,71.6,75.2,987.792777777778,3556054.0,0.0,0.0,5.16319444444444,4.13055555555556,3.87239583333333,1564.6,1523.1,1169.8,1102.3,0.0,769.0,0.0,0.0,741.0,2377.0,3.86,11.0,3.86,181.0,0.0,987.792777777778,0.0,63.5,75.2,69.8,55.0,77.0,72.5,77.0,68.9,3.70999999999998,91.0,14.499,745.8,31.44,14.67,-0.6,3.0,0.0,0.0,0.0,14.0,63.0,0.0,77.0,1.0,0.0,825.6,0.0,0.0,0.6,9.0,0.0,29.0,0.0,77.0,77.0,350.0,825.6,-50.0,0.0,0.0,0.0,0.0,400.0,0.0,0.0,0.0,0.0,0.0,0.0,64.0,742.6,4.443,2.14841,14.4497736,18.1794782986176,0.0,1.327213915525,-1.005599934636,-0.624850636984709,0.0,-0.109862741672364,21.0,21.999999999999996,21.0,21.999999999999996,24.0,25.0,26.0,20.500000000000004,23.5,28.000000000000004,5.904987529080166,7.99828998647896,2.135487190079725,-9.950483576841163,27.73000000000002
268.0,14.0,-0.3,742.5,0.0,0.0,0.0,20.0,69.8,69.8,69.8,68.0,69.8,-0.302855715254445,71.6,75.2,987.793055555556,3556055.0,0.0,0.0,5.15625,4.125,3.8671875,1564.6,1523.1,1169.8,1102.3,0.0,200.0,0.0,0.0,740.0,2377.0,3.86,22.0,3.86,2.0,0.0,987.793055555556,0.0,63.5,75.2,69.8,55.0,77.0,72.5,77.0,68.9,3.67000000000002,91.0,14.499,745.2,31.03,14.678,-1.9,3.0,0.0,0.0,0.0,14.0,63.0,0.0,77.0,1.0,0.0,825.6,0.0,0.0,0.6,9.0,0.0,29.0,0.0,77.0,77.0,350.0,825.6,-50.0,0.0,0.0,0.0,0.0,400.0,0.0,0.0,0.0,0.0,0.0,0.0,64.0,742.6,4.443,2.14841,14.4497736,18.056725145318,0.0,1.32787628868933,-8.97867564534231,-5.579088664422,0.0,-0.110301116912956,21.0,21.999999999999996,21.0,21.999999999999996,24.0,25.0,26.0,20.500000000000004,23.5,28.000000000000004,5.904987529080166,1.999572496619744,2.136552948501132,-8.055073709228337,27.35999999999998
269.0,14.0,-0.3,742.5,0.0,0.0,0.0,20.0,69.8,69.8,69.8,68.0,69.8,-0.302855715254445,71.6,75.2,987.793055555556,3556055.0,0.0,0.0,5.15625,4.125,3.8671875,1564.6,1523.1,1169.8,1102.3,0.0,200.0,0.0,0.0,740.0,2377.0,3.86,22.0,3.86,2.0,0.0,987.793055555556,0.0,63.5,75.2,69.8,55.0,77.0,72.5,77.0,68.9,3.67000000000002,91.0,14.499,745.2,31.03,14.678,-1.9,3.0,0.0,0.0,0.0,14.0,63.0,0.0,77.0,1.0,0.0,825.6,0.0,0.0,0.6,9.0,0.0,29.0,0.0,77.0,77.0,350.0,825.6,-50.0,0.0,0.0,0.0,0.0,400.0,0.0,0.0,0.0,0.0,0.0,0.0,64.0,742.3,4.443,7.2752975,14.4497736,18.056725145318,0.0,1.32787628868933,-8.97867564534231,-5.579088664422,0.0,-0.110301116912956,21.0,21.999999999999996,21.0,21.999999999999996,24.0,25.0,26.0,20.500000000000004,23.5,28.000000000000004,1.4059494116857554,1.999572496619744,2.136552948501132,-8.055073709228337,27.35999999999998
270.0,14.0,0.5,742.3,0.0,0.0,0.0,20.0,69.8,69.8,69.8,68.0,68.0,0.504623563262344,71.6,75.2,987.793611111111,3556057.0,0.0,0.0,5.15486111111111,4.12388888888889,3.86614583333333,1564.6,1523.1,1169.8,1102.3,0.0,38.0,0.0,0.0,740.0,2380.0,3.86,22.0,3.86,61.0,0.0,987.793611111111,0.0,63.5,75.2,69.8,55.0,77.0,72.5,77.0,68.9,3.66000000000003,91.0,14.5,745.3,31.22,14.672,0.0,3.0,0.0,0.0,0.0,14.0,63.0,0.0,77.0,1.0,0.0,825.6,0.0,0.0,0.6,9.0,0.0,29.0,0.0,77.0,77.0,350.0,825.6,-50.0,0.0,0.0,0.0,0.0,400.0,0.0,0.0,0.0,0.0,0.0,0.0,64.0,742.3,4.443,7.2752975,14.4497736,17.9187904497521,0.0,1.32787628868933,0.0,0.0,0.0,-0.0868597816718594,21.0,21.999999999999996,21.0,21.999999999999996,24.0,25.0,26.0,20.500000000000004,23.5,28.000000000000004,1.4059494116857554,0.0,2.136552948501132,-0.22578235492722296,27.55999999999997
271.0,14.0,0.5,742.3,0.0,0.0,0.0,20.0,69.8,69.8,69.8,68.0,68.0,0.504623563262344,71.6,75.2,987.793611111111,3556057.0,0.0,0.0,5.15486111111111,4.12388888888889,3.86614583333333,1564.6,1523.1,1169.8,1102.3,0.0,38.0,0.0,0.0,740.0,2380.0,3.86,22.0,3.86,61.0,0.0,987.793611111111,0.0,63.5,75.2,69.8,55.0,77.0,72.5,77.0,68.9,3.66000000000003,91.0,14.5,745.3,31.22,14.672,0.0,3.0,0.0,0.0,0.0,14.0,63.0,0.0,77.0,1.0,0.0,825.6,0.0,0.0,0.6,9.0,0.0,29.0,0.0,77.0,77.0,350.0,825.6,-50.0,0.0,0.0,0.0,0.0,400.0,0.0,0.0,0.0,0.0,0.0,0.0,64.0,742.3,4.442,6.5917125,14.4507502,17.9187904497521,0.0,1.32787628868933,0.0,0.0,0.0,-0.0868597816718594,21.0,21.999999999999996,21.0,21.999999999999996,24.0,25.0,26.0,20.500000000000004,23.5,28.000000000000004,0.3436765228565187,0.0,2.136552948501132,-0.22578235492722296,27.55999999999997
272.0,14.0,0.6,742.2,0.0,0.0,0.0,20.0,69.8,69.8,69.8,68.0,69.8,0.605466698617775,71.6,75.2,987.794166666667,3556059.0,0.0,0.0,5.15416666666667,4.12333333333333,3.865625,1564.6,1523.1,1169.8,1102.3,0.0,0.0,0.0,0.0,740.0,2380.0,3.86,22.0,3.86,61.0,0.0,987.794166666667,0.0,63.5,75.2,69.8,55.0,77.0,72.5,77.0,68.9,3.63999999999999,91.0,14.501,745.3,31.17,14.671,-0.1,3.0,0.0,0.0,0.0,14.0,63.0,0.0,77.0,1.0,0.0,825.6,0.0,0.0,0.6,9.0,0.0,29.0,0.0,77.0,77.0,350.0,825.6,-50.0,0.0,0.0,0.0,0.0,400.0,0.0,0.0,0.0,0.0,0.0,0.0,64.0,742.3,4.442,6.5917125,14.4507502,17.7886095218033,0.0,1.32787628868933,0.0,0.0,0.0,-0.0576688305496775,21.0,21.999999999999996,21.0,21.999999999999996,24.0,25.0,26.0,20.500000000000004,23.5,28.000000000000004,0.3436765228565187,0.0,2.136552948501132,0.376253230560387,27.530000000000012
273.0,14.0,0.6,742.2,0.0,0.0,0.0,20.0,69.8,69.8,69.8,68.0,69.8,0.605466698617775,71.6,75.2,987.794166666667,3556059.0,0.0,0.0,5.15416666666667,4.12333333333333,3.865625,1564.6,1523.1,1169.8,1102.3,0.0,0.0,0.0,0.0,740.0,2380.0,3.86,22.0,3.86,61.0,0.0,987.794166666667,0.0,63.5,75.2,69.8,55.0,77.0,72.5,77.0,68.9,3.63999999999999,91.0,14.501,745.3,31.17,14.671,-0.1,3.0,0.0,0.0,0.0,14.0,63.0,0.0,77.0,1.0,0.0,825.6,0.0,0.0,0.6,9.0,0.0,29.0,0.0,77.0,77.0,350.0,825.6,-50.0,0.0,0.0,0.0,0.0,400.0,0.0,0.0,0.0,0.0,0.0,0.0,64.0,742.2,4.443,6.933505,14.4507502,17.7886095218033,0.0,1.32787628868933,0.0,0.0,0.0,-0.0576688305496775,21.0,21.999999999999996,21.0,21.999999999999996,24.0,25.0,26.0,20.500000000000004,23.5,28.000000000000004,0.10935162090889206,0.0,2.136552948501132,0.376253230560387,27.530000000000012
274.0,14.0,0.6,742.2,0.0,0.0,0.0,20.0,69.8,69.8,69.8,68.0,69.8,0.605466698617775,71.6,75.2,987.794722222222,3556061.0,0.0,0.0,5.15416666666667,4.12333333333333,3.865625,1564.6,1523.1,1169.8,1102.3,0.0,4.0,0.0,0.0,740.0,2380.0,3.86,22.0,3.86,61.0,0.0,987.794722222222,0.0,63.5,75.2,69.8,55.0,77.0,72.5,77.0,68.9,3.99000000000001,91.0,14.525,744.8,25.97,14.671,0.0,3.0,0.0,0.0,0.0,14.0,63.0,0.0,77.0,1.0,0.0,825.6,0.0,0.0,0.6,9.0,0.0,29.0,0.0,77.0,77.0,350.0,825.6,-50.0,0.0,0.0,0.0,0.0,400.0,0.0,0.0,0.0,0.0,0.0,0.0,64.0,742.2,4.443,6.933505,14.4507502,17.660362778635,0.0,1.32787628868933,0.0,0.0,0.0,-0.0288282448601633,21.0,21.999999999999996,21.0,21.999999999999996,24.0,25.0,26.0,20.500000000000004,23.5,28.000000000000004,0.10935162090889206,0.0,2.136552948501132,0.4515038766724646,21.97999999999999
275.0,14.0,0.6,742.2,0.0,0.0,0.0,20.0,69.8,69.8,69.8,68.0,69.8,0.605466698617775,71.6,75.2,987.794722222222,3556061.0,0.0,0.0,5.15416666666667,4.12333333333333,3.865625,1564.6,1523.1,1169.8,1102.3,0.0,4.0,0.0,0.0,740.0,2380.0,3.86,22.0,3.86,61.0,0.0,987.794722222222,0.0,63.5,75.2,69.8,55.0,77.0,72.5,77.0,68.9,3.99000000000001,91.0,14.525,744.8,25.97,14.671,0.0,3.0,0.0,0.0,0.0,14.0,63.0,0.0,77.0,1.0,0.0,825.6,0.0,0.0,0.6,9.0,0.0,29.0,0.0,77.0,77.0,350.0,825.6,-50.0,0.0,0.0,0.0,0.0,400.0,0.0,0.0,0.0,0.0,0.0,0.0,64.0,741.7,4.441,51.6106675,14.4507502,17.660362778635,0.0,1.32787628868933,0.0,0.0,0.0,-0.0288282448601633,21.0,21.999999999999996,21.0,21.999999999999996,24.0,25.0,26.0,20.500000000000004,23.5,28.000000000000004,0.3905415032460438,0.0,2.136552948501132,0.4515038766724646,21.97999999999999
276.0,14.0,9.4,741.4,0.0,0.0,0.0,20.0,69.8,69.8,69.8,68.0,69.8,9.47542059044968,71.6,75.2,987.795277777778,3556063.0,0.0,0.0,5.14861111111111,4.11888888888889,3.86145833333333,1564.6,1523.1,1169.8,1102.3,0.0,520.0,0.0,0.0,739.0,2380.0,3.86,22.0,3.86,64.0,0.0,987.795277777778,0.0,63.5,75.2,69.8,55.0,77.0,72.5,77.0,68.9,3.60000000000002,91.0,14.508,744.0,26.73,14.659,5.9,3.0,0.0,0.0,0.0,14.0,63.0,0.0,77.0,1.0,0.0,825.6,0.0,0.0,0.6,9.0,0.0,29.0,0.0,77.0,77.0,350.0,825.6,-50.0,0.0,0.0,0.0,0.0,400.0,0.0,0.0,0.0,0.0,0.0,0.0,64.0,741.7,4.441,51.6106675,14.4507502,17.5681063320931,0.0,1.33061360498439,1.14791452628437,0.713280797111847,0.0,-0.0288282448601633,21.0,21.999999999999996,21.0,21.999999999999996,24.0,25.0,26.0,20.500000000000004,23.5,28.000000000000004,0.3905415032460438,7.99828998647896,2.1409572904198835,0.45101721121660626,23.12999999999998
277.0,14.0,9.4,741.4,0.0,0.0,0.0,20.0,69.8,69.8,69.8,68.0,69.8,9.47542059044968,71.6,75.2,987.795277777778,3556063.0,0.0,0.0,5.14861111111111,4.11888888888889,3.86145833333333,1564.6,1523.1,1169.8,1102.3,0.0,520.0,0.0,0.0,739.0,2380.0,3.86,22.0,3.86,64.0,0.0,987.795277777778,0.0,63.5,75.2,69.8,55.0,77.0,72.5,77.0,68.9,3.60000000000002,91.0,14.508,744.0,26.73,14.659,5.9,3.0,0.0,0.0,0.0,14.0,63.0,0.0,77.0,1.0,0.0,825.6,0.0,0.0,0.6,9.0,0.0,29.0,0.0,77.0,77.0,350.0,825.6,-50.0,0.0,0.0,0.0,0.0,400.0,0.0,0.0,0.0,0.0,0.0,0.0,64.0,740.2,4.443,62.2550625,14.4507502,17.5681063320931,0.0,1.33061360498439,1.14791452628437,0.713280797111847,0.0,-0.0288282448601633,21.0,21.999999999999996,21.0,21.999999999999996,24.0,25.0,26.0,20.500000000000004,23.5,28.000000000000004,7.99828998647896,7.99828998647896,2.1409572904198835,0.45101721121660626,23.12999999999998
278.0,14.0,22.3,739.9,0.0,0.0,0.0,20.0,69.8,69.8,69.8,68.0,69.8,22.4334439725424,71.6,75.2,987.795833333333,3556065.0,0.0,0.0,5.13819444444444,4.11055555555556,3.85364583333333,1564.6,1523.1,1169.8,1102.3,0.0,1346.0,0.0,0.0,738.0,2380.0,3.84,22.0,3.84,61.0,0.0,987.795833333333,0.0,63.5,75.2,69.8,55.0,77.0,72.5,77.0,68.9,3.56999999999999,91.0,14.507,742.8,26.42,14.659,5.3,3.0,0.0,0.0,0.0,14.0,63.0,0.0,77.0,1.0,0.0,825.6,0.0,0.0,0.6,9.0,0.0,29.0,0.0,77.0,77.0,350.0,825.6,-50.0,0.0,0.0,0.0,0.0,400.0,0.0,0.0,0.0,0.0,0.0,0.0,64.0,740.2,4.443,56.44459,14.4595396,17.5234999509637,0.0,1.33657486652947,1.09092429773263,0.677868721806425,0.0,0.0653361531664937,21.0,21.999999999999996,21.0,21.999999999999996,24.0,25.0,26.0,20.500000000000004,23.5,28.000000000000004,20.87053793346847,17.99615246957765,2.1505489602459176,7.051640511294325,22.850000000000012
279.0,14.0,22.3,739.9,0.0,0.0,0.0,20.0,69.8,69.8,69.8,68.0,69.8,22.4334439725424,71.6,75.2,987.795833333333,3556065.0,0.0,0.0,5.13819444444444,4.11055555555556,3.85364583333333,1564.6,1523.1,1169.8,1102.3,0.0,1346.0,0.0,0.0,738.0,2380.0,3.84,22.0,3.84,61.0,0.0,987.795833333333,0.0,63.5,75.2,69.8,55.0,77.0,72.5,77.0,68.9,3.56999999999999,91.0,14.507,742.8,26.42,14.659,5.3,3.0,0.0,0.0,0.0,14.0,63.0,0.0,77.0,1.0,0.0,825.6,0.0,0.0,0.6,9.0,0.0,29.0,0.0,77.0,77.0,350.0,825.6,-50.0,0.0,0.0,0.0,0.0,400.0,0.0,0.0,0.0,0.0,0.0,0.0,64.0,739.4,4.442,56.44459,14.4595396,17.5234999509637,0.0,1.33657486652947,1.09092429773263,0.677868721806425,0.0,0.0653361531664937,21.0,21.999999999999996,21.0,21.999999999999996,24.0,25.0,26.0,20.500000000000004,23.5,28.000000000000004,20.87053793346847,17.99615246957765,2.1505489602459176,7.051640511294325,22.850000000000012
280.0,14.0,21.7,739.7,0.0,0.0,0.0,20.0,69.8,69.8,69.8,68.0,69.8,21.8239527939375,71.6,75.2,987.796388888889,3556067.0,0.0,0.0,5.13680555555556,4.10944444444444,3.85260416666667,1564.6,1523.1,1169.8,1102.3,0.0,1999.0,0.0,0.0,737.0,2370.0,3.84,24.0,3.84,150.0,0.0,987.796388888889,0.0,63.5,75.2,69.8,55.0,77.0,72.5,77.0,68.9,3.56,91.0,14.506,742.8,26.37,14.65,10.6,3.0,0.0,0.0,0.0,14.0,63.0,0.0,77.0,1.0,0.0,825.6,0.0,0.0,0.6,9.0,0.0,29.0,0.0,77.0,77.0,350.0,825.6,-50.0,0.0,0.0,0.0,0.0,400.0,0.0,0.0,0.0,0.0,0.0,0.0,64.0,739.4,4.442,56.44459,14.4595396,17.5135634339821,0.0,1.34559176302753,1.61978732192463,1.00648886801163,0.0,0.0936760064961421,21.0,21.999999999999996,21.0,21.999999999999996,24.0,25.0,26.0,20.500000000000004,23.5,28.000000000000004,20.87053793346847,25.994442456056657,2.165057146711296,16.72436991806808,22.810000000000002
281.0,14.0,21.7,739.7,0.0,0.0,0.0,20.0,69.8,69.8,69.8,68.0,69.8,21.8239527939375,71.6,75.2,987.796388888889,3556067.0,0.0,0.0,5.13680555555556,4.10944444444444,3.85260416666667,1564.6,1523.1,1169.8,1102.3,0.0,1999.0,0.0,0.0,737.0,2370.0,3.84,24.0,3.84,150.0,0.0,987.796388888889,0.0,63.5,75.2,69.8,55.0,77.0,72.5,77.0,68.9,3.56,91.0,14.506,742.8,26.37,14.65,10.6,3.0,0.0,0.0,0.0,14.0,63.0,0.0,77.0,1.0,0.0,825.6,0.0,0.0,0.6,9.0,0.0,29.0,0.0,77.0,77.0,350.0,825.6,-50.0,0.0,0.0,0.0,0.0,400.0,0.0,0.0,0.0,0.0,0.0,0.0,63.5,740.0,4.443,43.847095,14.4605162,17.5135634339821,0.0,1.34559176302753,1.61978732192463,1.00648886801163,0.0,0.0936760064961421,21.0,21.999999999999996,21.0,21.999999999999996,24.0,25.0,26.0,20.500000000000004,23.5,28.000000000000004,23.994869959436866,25.994442456056657,2.165057146711296,16.72436991806808,22.810000000000002
282.0,14.0,13.9,740.3,0.0,0.0,0.0,20.0,69.8,69.8,69.8,68.0,69.8,13.9907375777321,71.6,75.2,987.796944444444,3556069.0,0.0,0.0,5.14097222222222,4.11277777777778,3.85572916666667,1564.6,1523.1,1169.8,1102.3,0.0,2389.0,0.0,0.0,738.0,2370.0,3.84,11.0,3.84,150.0,0.0,987.796944444444,0.0,63.5,75.2,69.8,55.0,77.0,72.5,77.0,68.9,3.55000000000001,91.0,14.508,743.6,26.65,14.646,3.4,3.0,0.0,0.0,0.0,14.0,63.0,0.0,77.0,1.0,0.0,825.6,0.0,0.0,0.6,9.0,0.0,29.0,0.0,77.0,77.0,350.0,825.6,-50.0,0.0,0.0,0.0,0.0,400.0,0.0,0.0,0.0,0.0,0.0,0.0,63.5,740.0,4.443,38.5248975,14.4605162,17.5215708467654,0.0,1.35583529289643,2.91540372996753,1.81154733109366,0.0,0.107718438785645,21.0,21.999999999999996,21.0,21.999999999999996,24.0,25.0,26.0,20.500000000000004,23.5,28.000000000000004,27.994014952676284,29.993587449296083,2.181538986270356,16.287587671435272,23.099999999999987
283.0,14.0,13.9,740.3,0.0,0.0,0.0,20.0,69.8,69.8,69.8,68.0,69.8,13.9907375777321,71.6,75.2,987.796944444444,3556069.0,0.0,0.0,5.14097222222222,4.11277777777778,3.85572916666667,1564.6,1523.1,1169.8,1102.3,0.0,2389.0,0.0,0.0,738.0,2370.0,3.84,11.0,3.84,150.0,0.0,987.796944444444,0.0,63.5,75.2,69.8,55.0,77.0,72.5,77.0,68.9,3.55000000000001,91.0,14.508,743.6,26.65,14.646,3.4,3.0,0.0,0.0,0.0,14.0,63.0,0.0,77.0,1.0,0.0,825.6,0.0,0.0,0.6,9.0,0.0,29.0,0.0,77.0,77.0,350.0,825.6,-50.0,0.0,0.0,0.0,0.0,400.0,0.0,0.0,0.0,0.0,0.0,0.0,63.5,740.1,4.442,38.5248975,14.4605162,17.5215708467654,0.0,1.35583529289643,2.91540372996753,1.81154733109366,0.0,0.107718438785645,21.0,21.999999999999996,21.0,21.999999999999996,24.0,25.0,26.0,20.500000000000004,23.5,28.000000000000004,27.994014952676284,29.993587449296083,2.181538986270356,16.287587671435272,23.099999999999987
284.0,14.0,15.3,740.1,0.0,0.0,0.0,20.0,69.8,69.8,69.8,68.0,68.0,15.3957161721893,71.6,75.2,987.7975,3556071.0,0.0,0.0,5.13958333333333,4.11166666666667,3.8546875,1564.6,1523.1,1169.8,1102.4,0.0,2642.0,0.0,0.0,738.0,2370.0,3.84,23.0,3.84,61.0,0.0,987.7975,0.0,63.5,75.2,69.8,55.0,77.0,72.5,77.0,68.9,3.50999999999999,91.0,14.51,744.3,26.56,14.667,-1.2,3.0,0.0,0.0,0.0,14.0,63.0,0.0,77.0,1.0,0.0,825.6,0.0,0.0,0.6,9.0,0.0,29.0,0.0,77.0,77.0,350.0,825.6,-50.0,0.0,0.0,0.0,0.0,400.0,0.0,0.0,0.0,0.0,0.0,0.0,63.5,740.1,4.442,38.183105,14.4605162,17.5466331064796,0.0,1.36728000401268,3.00259724661833,1.86572685372848,0.0,0.0937375515243433,21.0,21.999999999999996,21.0,21.999999999999996,24.0,25.0,26.0,20.500000000000004,23.5,28.000000000000004,31.993159945915874,33.99273244253566,2.1999535264564023,10.43024446654437,23.050000000000008
285.0,14.0,14.8,740.0,0.0,0.0,0.0,20.0,69.8,69.8,69.8,68.0,68.0,14.8905759527124,71.6,75.2,987.798055555556,3556073.0,0.0,0.0,5.13888888888889,4.11111111111111,3.85416666666667,1564.6,1523.1,1169.8,1102.4,0.0,2813.0,0.0,0.0,738.0,2370.0,3.84,9.0,3.84,61.0,0.0,987.798055555556,0.0,63.5,75.2,69.8,55.0,77.0,72.5,77.0,68.9,3.50999999999999,91.0,14.51,744.3,26.56,14.667,-1.2,3.0,0.0,0.0,0.0,14.0,63.0,0.0,77.0,1.0,0.0,825.6,0.0,0.0,0.6,9.0,0.0,29.0,0.0,77.0,77.0,350.0,825.6,-50.0,0.0,0.0,0.0,0.0,400.0,0.0,0.0,0.0,0.0,0.0,0.0,63.5,740.1,4.443,38.183105,14.4605162,17.5466331064796,0.0,1.36728000401268,3.00259724661833,1.86572685372848,0.0,0.0937375515243433,21.0,21.999999999999996,21.0,21.999999999999996,24.0,25.0,26.0,20.500000000000004,23.5,28.000000000000004,31.993159945915874,33.99273244253566,2.1999535264564023,11.479221440055781,23.050000000000008
286.0,14.0,14.8,740.0,0.0,0.0,0.0,20.0,69.8,69.8,69.8,68.0,68.0,14.8905759527124,71.6,75.2,987.798055555556,3556073.0,0.0,0.0,5.13888888888889,4.11111111111111,3.85416666666667,1564.6,1523.1,1169.8,1102.4,0.0,2813.0,0.0,0.0,738.0,2370.0,3.84,9.0,3.84,61.0,0.0,987.798055555556,0.0,63.5,75.2,69.8,55.0,77.0,72.5,77.0,68.9,3.50999999999999,91.0,14.509,744.0,26.37,14.643,-2.5,3.0,0.0,0.0,0.0,14.0,63.0,0.0,77.0,1.0,0.0,825.6,0.0,0.0,0.6,9.0,0.0,29.0,0.0,77.0,77.0,350.0,825.6,-50.0,0.0,0.0,0.0,0.0,400.0,0.0,0.0,0.0,0.0,0.0,0.0,63.5,740.1,4.443,36.52297,14.4605162,17.5794130314447,0.0,1.3792087333583,3.28707085463842,2.04249050401753,0.0,0.0648775986512194,21.0,21.999999999999996,21.0,21.999999999999996,24.0,25.0,26.0,20.500000000000004,23.5,28.000000000000004,36.21100818097305,35.9923049391553,2.219146851973505,11.479221440055781,22.86000000000001
287.0,14.0,21.8,739.3,0.0,0.0,0.0,20.0,69.8,69.8,69.8,68.0,69.8,21.9126681044665,71.6,75.2,987.798611111111,3556075.0,0.0,0.0,5.13402777777778,4.10722222222222,3.85052083333333,1564.6,1523.2,1169.8,1102.4,0.0,2965.0,0.0,0.0,737.0,2371.0,3.84,19.0,3.84,64.0,0.0,987.798611111111,0.0,63.5,75.2,69.8,55.0,77.0,72.5,77.0,68.9,3.50999999999999,91.0,14.509,744.0,26.37,14.643,-2.5,3.0,0.0,0.0,0.0,14.0,63.0,0.0,77.0,1.0,0.0,825.6,0.0,0.0,0.6,9.0,0.0,29.0,0.0,77.0,77.0,350.0,825.6,-50.0,0.0,0.0,0.0,0.0,400.0,0.0,0.0,0.0,0.0,0.0,0.0,63.5,739.8,4.443,36.52297,14.4605162,17.5794130314447,0.0,1.3792087333583,3.28707085463842,2.04249050401753,0.0,0.0648775986512194,21.0,21.999999999999996,21.0,21.999999999999996,24.0,25.0,26.0,20.500000000000004,23.5,28.000000000000004,36.21100818097305,35.9923049391553,2.219146851973505,11.093579621742803,22.86000000000001
288.0,14.0,21.8,739.3,0.0,0.0,0.0,20.0,69.8,69.8,69.8,68.0,69.8,21.9126681044665,71.6,75.2,987.798611111111,3556075.0,0.0,0.0,5.13402777777778,4.10722222222222,3.85052083333333,1564.6,1523.2,1169.8,1102.4,0.0,2965.0,0.0,0.0,737.0,2371.0,3.84,19.0,3.84,64.0,0.0,987.798611111111,0.0,63.5,75.2,69.8,55.0,77.0,72.5,77.0,68.9,3.56,91.0,14.509,741.9,26.27,14.661,1.9,3.0,0.0,0.0,0.0,14.0,63.0,0.0,77.0,1.0,0.0,825.6,0.0,0.0,0.6,9.0,0.0,29.0,0.0,77.0,77.0,350.0,825.6,-50.0,0.0,0.0,0.0,0.0,400.0,0.0,0.0,0.0,0.0,0.0,0.0,63.5,739.8,4.443,43.3099925,14.4404959,17.6214319851601,0.0,1.39220236012658,2.35779692419187,1.46506663258202,0.0,0.0434152257401902,21.0,21.999999999999996,21.0,21.999999999999996,24.0,25.0,26.0,20.500000000000004,23.5,26.999999999999996,35.9923049391553,37.99187743577509,2.2400535974436675,11.093579621742803,22.71
289.0,14.0,22.1,739.1,0.0,0.0,0.0,20.0,69.8,69.8,69.8,68.0,69.8,22.2082090554199,71.6,75.2,987.799166666667,3556077.0,0.0,0.0,5.13263888888889,4.10611111111111,3.84947916666667,1564.6,1523.2,1169.8,1102.4,0.0,3239.0,0.0,0.0,737.0,2371.0,3.84,20.0,3.84,78.0,0.0,987.799166666667,0.0,63.5,75.2,69.8,55.0,77.0,72.5,77.0,68.9,3.56,91.0,14.509,741.9,26.27,14.661,1.9,3.0,0.0,0.0,0.0,14.0,63.0,0.0,77.0,1.0,0.0,825.6,0.0,0.0,0.6,9.0,0.0,29.0,0.0,77.0,77.0,350.0,825.6,-50.0,0.0,0.0,0.0,0.0,400.0,0.0,0.0,0.0,0.0,0.0,0.0,63.5,739.2,4.443,43.3099925,14.4404959,17.6214319851601,0.0,1.39220236012658,2.35779692419187,1.46506663258202,0.0,0.0434152257401902,21.0,21.999999999999996,21.0,21.999999999999996,24.0,25.0,26.0,20.500000000000004,23.5,26.999999999999996,35.9923049391553,37.99187743577509,2.2400535974436675,16.336122411793514,22.71
290.0,14.0,22.1,739.1,0.0,0.0,0.0,20.0,69.8,69.8,69.8,68.0,69.8,22.2082090554199,71.6,75.2,987.799166666667,3556077.0,0.0,0.0,5.13263888888889,4.10611111111111,3.84947916666667,1564.6,1523.2,1169.8,1102.4,0.0,3239.0,0.0,0.0,737.0,2371.0,3.84,20.0,3.84,78.0,0.0,987.799166666667,0.0,63.5,75.2,69.8,55.0,77.0,72.5,77.0,68.9,3.51999999999998,91.0,14.492,741.9,26.07,14.65,-0.7,3.0,0.0,0.0,0.0,14.0,63.0,0.0,77.0,1.0,0.0,825.6,0.0,0.0,0.6,9.0,0.0,29.0,0.0,77.0,77.0,350.0,825.6,-50.0,0.0,0.0,0.0,0.0,400.0,0.0,0.0,0.0,0.0,0.0,0.0,63.5,739.2,4.443,43.3099925,14.4605162,17.6740923628749,0.0,1.4057875892289,2.51008472454269,1.55969385537382,0.0,0.0400966940665259,21.0,21.999999999999996,21.0,21.999999999999996,24.0,25.0,26.0,20.500000000000004,23.5,26.999999999999996,39.99144993239488,40.991236180704696,2.2619122310693003,16.336122411793514,22.55000000000002
291.0,14.0,22.0,739.0,0.0,0.0,0.0,20.0,69.8,69.8,69.8,68.0,69.8,22.1047282541269,71.6,75.2,987.799722222222,3556079.0,0.0,0.0,5.13194444444444,4.10555555555556,3.84895833333333,1564.6,1523.2,1169.8,1102.4,0.0,3497.0,0.0,0.0,737.0,2371.0,3.84,12.0,3.84,61.0,0.0,987.799722222222,0.0,63.5,75.2,69.8,55.0,77.0,72.5,77.0,68.9,3.51999999999998,91.0,14.492,741.9,26.07,14.65,-0.7,3.0,0.0,0.0,0.0,14.0,63.0,0.0,77.0,1.0,0.0,825.6,0.0,0.0,0.6,9.0,0.0,29.0,0.0,77.0,77.0,350.0,825.6,-50.0,0.0,0.0,0.0,0.0,400.0,0.0,0.0,0.0,0.0,0.0,0.0,63.5,739.0,4.443,43.3099925,14.4605162,17.6740923628749,0.0,1.4057875892289,2.51008472454269,1.55969385537382,0.0,0.0400966940665259,21.0,21.999999999999996,21.0,21.999999999999996,24.0,25.0,26.0,20.500000000000004,23.5,26.999999999999996,39.99144993239488,40.991236180704696,2.2619122310693003,16.5586907469393,22.55000000000002
292.0,14.0,22.0,739.0,0.0,0.0,0.0,20.0,69.8,69.8,69.8,68.0,69.8,22.1047282541269,71.6,75.2,987.799722222222,3556079.0,0.0,0.0,5.13194444444444,4.10555555555556,3.84895833333333,1564.6,1523.2,1169.8,1102.4,0.0,3497.0,0.0,0.0,737.0,2371.0,3.84,12.0,3.84,61.0,0.0,987.799722222222,0.0,63.5,75.2,69.8,55.0,77.0,72.5,77.0,68.9,3.47000000000003,91.0,14.509,741.9,26.13,14.634,3.1,3.0,0.0,0.0,0.0,14.0,63.0,0.0,77.0,1.0,0.0,825.6,0.0,0.0,0.6,9.0,0.0,29.0,0.0,77.0,77.0,350.0,825.6,-50.0,0.0,0.0,0.0,0.0,400.0,0.0,0.0,0.0,0.0,0.0,0.0,63.5,739.0,4.443,43.16351,14.4507502,17.7425875436857,0.0,1.42069467326439,2.76786812646082,1.71987298560709,0.0,0.0402568872441319,21.0,21.999999999999996,21.0,21.999999999999996,24.0,25.0,26.0,20.500000000000004,23.5,26.999999999999996,45.66211255952738,44.99038117394412,2.285897729282403,16.5586907469393,22.659999999999968
293.0,14.0,19.4,739.0,0.0,0.0,0.0,20.0,69.8,69.8,69.8,68.0,68.0,19.4923512786392,71.6,75.2,987.800277777778,3556081.0,0.0,0.0,5.13194444444444,4.10555555555556,3.84895833333333,1564.6,1523.2,1169.8,1102.4,0.0,3778.0,0.0,0.0,737.0,2371.0,3.84,11.0,3.84,61.0,0.0,987.800277777778,0.0,63.5,76.1,69.8,55.0,77.0,72.5,77.0,68.9,3.47000000000003,91.0,14.509,741.9,26.13,14.634,3.1,3.0,0.0,0.0,0.0,14.0,63.0,0.0,77.0,1.0,0.0,825.6,0.0,0.0,0.6,9.0,0.0,29.0,0.0,77.0,77.0,350.0,825.6,-50.0,0.0,0.0,0.0,0.0,400.0,0.0,0.0,0.0,0.0,0.0,0.0,63.5,738.9,4.443,43.16351,14.4507502,17.8226650599021,0.0,1.4366274226745,3.34807415984264,2.08039618877558,0.0,0.0438969204502397,21.0,21.999999999999996,21.0,21.999999999999996,24.499999999999996,25.0,26.0,20.500000000000004,23.5,26.999999999999996,45.66211255952738,47.98973991887373,2.3115335230832703,16.483764544464506,22.659999999999968
294.0,14.0,19.4,739.0,0.0,0.0,0.0,20.0,69.8,69.8,69.8,68.0,68.0,19.4923512786392,71.6,75.2,987.800277777778,3556081.0,0.0,0.0,5.13194444444444,4.10555555555556,3.84895833333333,1564.6,1523.2,1169.8,1102.4,0.0,3778.0,0.0,0.0,737.0,2371.0,3.84,11.0,3.84,61.0,0.0,987.800277777778,0.0,63.5,76.1,69.8,55.0,77.0,72.5,77.0,68.9,3.42000000000002,91.0,14.492,741.9,26.64,14.651,0.8,3.0,0.0,0.0,0.0,14.0,63.0,0.0,77.0,1.0,0.0,825.6,0.0,0.0,0.6,9.0,0.0,29.0,0.0,77.0,77.0,350.0,825.6,-50.0,0.0,0.0,0.0,0.0,400.0,0.0,0.0,0.0,0.0,0.0,0.0,63.5,738.9,4.443,40.4779975,14.4517268,17.8226650599021,0.0,1.4366274226745,3.34807415984264,2.08039618877558,0.0,0.0438969204502397,21.0,21.999999999999996,21.0,21.999999999999996,24.499999999999996,25.0,26.0,20.500000000000004,23.5,26.999999999999996,49.42693265081922,47.98973991887373,2.3115335230832703,16.483764544464506,23.21999999999998
295.0,14.0,3.7,740.5,0.0,0.0,0.0,20.0,69.8,69.8,69.8,68.0,69.8,3.7251592881701,71.6,75.2,987.800833333333,3556083.0,0.0,0.0,5.14236111111111,4.11388888888889,3.85677083333333,1564.6,1523.2,1169.8,1102.4,0.0,3947.0,0.0,0.0,738.0,2371.0,3.84,24.0,3.84,64.0,0.0,987.800833333333,0.0,63.5,75.2,69.8,55.0,77.0,72.5,77.0,68.9,3.42000000000002,91.0,14.492,741.9,26.64,14.651,0.8,3.0,0.0,0.0,0.0,14.0,63.0,0.0,77.0,1.0,0.0,825.6,0.0,0.0,0.6,9.0,0.0,29.0,0.0,77.0,77.0,350.0,825.6,-50.0,0.0,0.0,0.0,0.0,400.0,0.0,0.0,0.0,0.0,0.0,0.0,63.5,740.1,4.443,40.4779975,14.4517268,17.9125408236862,0.0,1.45373589893011,18.2491742248663,11.3395076372794,0.0,0.0438894493514996,21.0,21.999999999999996,21.0,21.999999999999996,24.0,25.0,26.0,20.500000000000004,23.5,26.999999999999996,49.42693265081922,49.98931241549352,2.3390610613785467,14.565187373380091,23.21999999999998
296.0,14.0,3.7,740.5,0.0,0.0,0.0,20.0,69.8,69.8,69.8,68.0,69.8,3.7251592881701,71.6,75.2,987.800833333333,3556083.0,0.0,0.0,5.14236111111111,4.11388888888889,3.85677083333333,1564.6,1523.2,1169.8,1102.4,0.0,3947.0,0.0,0.0,738.0,2371.0,3.84,24.0,3.84,64.0,0.0,987.800833333333,0.0,63.5,75.2,69.8,55.0,77.0,72.5,77.0,68.9,3.17000000000002,91.0,14.493,744.0,26.19,14.641,0.4,3.0,0.0,0.0,0.0,14.0,63.0,0.0,77.0,1.0,0.0,825.6,0.0,0.0,0.6,9.0,0.0,29.0,0.0,77.0,77.0,350.0,825.6,-50.0,0.0,0.0,0.0,0.0,400.0,0.0,0.0,0.0,0.0,0.0,0.0,63.5,740.1,4.443,34.5210425,14.4497736,17.9125408236862,0.0,1.45373589893011,18.2491742248663,11.3395076372794,0.0,0.0438894493514996,21.0,21.999999999999996,21.0,21.999999999999996,24.0,25.0,26.0,20.500000000000004,23.5,26.999999999999996,47.98973991887373,49.98931241549352,2.3390610613785467,14.565187373380091,23.019999999999982
297.0,14.0,-4.7,741.5,0.0,0.0,0.0,20.0,69.8,69.8,69.8,68.0,69.8,-4.73834931738497,71.6,75.2,987.801388888889,3556085.0,0.0,0.0,5.14930555555556,4.11944444444444,3.86197916666667,1564.6,1523.2,1169.8,1102.4,0.0,3948.0,0.0,0.0,739.0,2371.0,3.86,20.0,3.86,61.0,0.0,987.801388888889,0.0,63.5,75.2,69.8,55.0,77.0,72.5,77.0,68.9,3.17000000000002,91.0,14.493,744.0,26.19,14.641,0.4,3.0,0.0,0.0,0.0,14.0,63.0,0.0,77.0,1.0,0.0,825.6,0.0,0.0,0.6,9.0,0.0,29.0,0.0,77.0,77.0,350.0,825.6,-50.0,0.0,0.0,0.0,0.0,400.0,0.0,0.0,0.0,0.0,0.0,0.0,63.5,741.4,4.441,34.5210425,14.4497736,17.9980920631081,0.0,1.47023974822108,-14.3469964562919,-8.91480753504254,0.0,0.0329490009847878,21.0,21.999999999999996,21.0,21.999999999999996,24.0,25.0,26.0,20.500000000000004,23.5,26.999999999999996,47.98973991887373,49.98931241549352,2.3656157548877177,2.7816479404579644,23.019999999999982
298.0,14.0,-4.7,741.5,0.0,0.0,0.0,20.0,69.8,69.8,69.8,68.0,69.8,-4.73834931738497,71.6,75.2,987.801388888889,3556085.0,0.0,0.0,5.14930555555556,4.11944444444444,3.86197916666667,1564.6,1523.2,1169.8,1102.4,0.0,3948.0,0.0,0.0,739.0,2371.0,3.86,20.0,3.86,61.0,0.0,987.801388888889,0.0,63.5,75.2,69.8,55.0,77.0,72.5,77.0,68.9,3.47000000000003,91.0,14.491,744.3,25.91,14.643,3.8,3.0,0.0,0.0,0.0,14.0,63.0,0.0,77.0,1.0,0.0,825.6,0.0,0.0,0.6,9.0,0.0,29.0,0.0,77.0,77.0,350.0,825.6,-50.0,0.0,0.0,0.0,0.0,400.0,0.0,0.0,0.0,0.0,0.0,0.0,63.5,741.4,4.441,32.1773225,14.4326831,17.9980920631081,0.0,1.47023974822108,-14.3469964562919,-8.91480753504254,0.0,0.0329490009847878,21.0,21.999999999999996,21.0,21.999999999999996,24.0,25.0,26.0,20.500000000000004,23.5,26.999999999999996,49.833095814195076,49.98931241549352,2.3656157548877177,2.7816479404579644,22.43999999999997
299.0,14.0,-1.1,741.4,0.0,0.0,0.0,20.0,69.8,69.8,69.8,68.0,69.8,-1.10882581377603,71.6,75.2,987.801944444444,3556087.0,0.0,0.0,5.14861111111111,4.11888888888889,3.86145833333333,1564.6,1523.2,1169.8,1102.4,0.0,3914.0,0.0,0.0,739.0,2371.0,3.86,9.0,3.86,150.0,0.0,987.801944444444,0.0,63.5,75.2,69.8,55.0,77.0,72.5,77.0,68.9,3.47000000000003,91.0,14.491,744.3,25.91,14.643,3.8,3.0,0.0,0.0,0.0,14.0,63.0,0.0,77.0,1.0,0.0,825.6,0.0,0.0,0.6,9.0,0.0,29.0,0.0,77.0,77.0,350.0,825.6,-50.0,0.0,0.0,0.0,0.0,400.0,0.0,0.0,0.0,0.0,0.0,0.0,63.5,741.4,4.443,32.1773225,14.4326831,18.0814047951818,0.0,1.48699685990068,-60.0828898643843,-37.3337653579224,0.0,0.0329490009847878,21.0,21.999999999999996,21.0,21.999999999999996,24.0,25.0,26.0,20.500000000000004,23.5,26.999999999999996,49.833095814195076,48.989526167183705,2.392577947580194,-3.532968154530082,22.43999999999997
300.0,14.0,-1.1,741.4,0.0,0.0,0.0,20.0,69.8,69.8,69.8,68.0,69.8,-1.10882581377603,71.6,75.2,987.801944444444,3556087.0,0.0,0.0,5.14861111111111,4.11888888888889,3.86145833333333,1564.6,1523.2,1169.8,1102.4,0.0,3914.0,0.0,0.0,739.0,2371.0,3.86,9.0,3.86,150.0,0.0,987.801944444444,0.0,63.5,75.2,69.8,55.0,77.0,72.5,77.0,68.9,3.13,91.0,14.494,744.0,25.93,14.616,3.2,3.0,0.0,0.0,0.0,14.0,63.0,0.0,77.0,1.0,0.0,825.6,0.0,0.0,0.6,9.0,0.0,29.0,0.0,77.0,77.0,350.0,825.6,-50.0,0.0,0.0,0.0,0.0,400.0,0.0,0.0,0.0,0.0,0.0,0.0,63.5,741.4,4.443,37.69483,14.4507502,18.0814047951818,0.0,1.48699685990068,-60.0828898643843,-37.3337653579224,0.0,0.0329490009847878,21.0,21.999999999999996,21.0,21.999999999999996,24.0,25.0,26.0,20.500000000000004,23.5,26.999999999999996,47.98973991887373,48.989526167183705,2.392577947580194,-3.532968154530082,22.8
301.0,14.0,8.3,740.3,0.0,0.0,0.0,20.0,69.8,69.8,69.8,68.0,68.0,8.35418143130767,71.6,75.2,987.8025,3556089.0,0.0,0.0,5.14097222222222,4.11277777777778,3.85572916666667,1564.6,1523.2,1169.8,1102.4,0.0,4054.0,0.0,0.0,738.0,2371.0,3.84,22.0,3.84,145.0,0.0,987.8025,0.0,63.5,75.2,69.8,55.0,77.0,72.5,77.0,68.9,3.13,91.0,14.494,744.0,25.93,14.616,3.2,3.0,0.0,0.0,0.0,14.0,63.0,0.0,77.0,1.0,0.0,825.6,0.0,0.0,0.6,9.0,0.0,29.0,0.0,77.0,77.0,350.0,825.6,-50.0,0.0,0.0,0.0,0.0,400.0,0.0,0.0,0.0,0.0,0.0,0.0,63.5,740.4,4.443,37.69483,14.4507502,18.1749408492536,0.0,1.50457904590663,8.46286673100615,5.25857996351202,0.0,0.0329490009847878,21.0,21.999999999999996,21.0,21.999999999999996,24.0,25.0,26.0,20.500000000000004,23.5,26.999999999999996,47.98973991887373,51.98888491211331,2.4208676848637674,-0.8256380847271364,22.8
302.0,14.0,8.3,740.3,0.0,0.0,0.0,20.0,69.8,69.8,69.8,68.0,68.0,8.35418143130767,71.6,75.2,987.8025,3556089.0,0.0,0.0,5.14097222222222,4.11277777777778,3.85572916666667,1564.6,1523.2,1169.8,1102.4,0.0,4054.0,0.0,0.0,738.0,2371.0,3.84,22.0,3.84,145.0,0.0,987.8025,0.0,63.5,75.2,69.8,55.0,77.0,72.5,77.0,68.9,3.5,91.0,14.51,742.8,25.46,14.642,5.1,3.0,0.0,0.0,0.0,14.0,63.0,0.0,77.0,1.0,0.0,825.6,0.0,0.0,0.6,9.0,0.0,29.0,0.0,77.0,77.0,350.0,825.6,-50.0,0.0,0.0,0.0,0.0,400.0,0.0,0.0,0.0,0.0,0.0,0.0,63.5,740.4,4.443,40.331515,14.4507502,18.1749408492536,0.0,1.50457904590663,8.46286673100615,5.25857996351202,0.0,,21.0,21.999999999999996,21.0,21.999999999999996,24.0,25.0,26.0,20.500000000000004,23.5,26.999999999999996,52.36380475522951,51.98888491211331,2.4208676848637674,-0.8256380847271364,21.96
303.0,14.0,13.1,739.9,0.0,0.0,0.0,20.0,69.8,69.8,69.8,68.0,69.8,13.1783908538254,71.6,75.2,987.803055555556,3556091.0,0.0,0.0,5.13819444444444,4.11055555555556,3.85364583333333,1564.6,1523.2,1169.8,1102.4,0.0,4276.0,0.0,0.0,737.0,2371.0,3.84,19.0,3.84,78.0,0.0,987.803055555556,0.0,63.5,75.2,69.8,55.0,77.0,72.5,77.0,68.9,3.34000000000003,91.0,14.492,743.5,25.97,14.648,5.1,3.0,0.0,0.0,0.0,14.0,63.0,0.0,77.0,1.0,0.0,825.6,0.0,0.0,0.6,9.0,0.0,29.0,0.0,77.0,77.0,350.0,825.6,-50.0,0.0,0.0,0.0,0.0,400.0,0.0,0.0,0.0,0.0,0.0,0.0,63.5,739.9,4.443,40.331515,14.4507502,18.2786502674863,0.0,1.52303624328712,5.67437935186207,3.52589477224589,0.0,,21.0,21.999999999999996,21.0,21.999999999999996,24.0,25.0,26.0,20.500000000000004,23.5,28.000000000000004,52.36380475522951,54.98824365704292,2.4505653154489764,6.226448536568396,22.629999999999967
304.0,14.0,13.1,739.9,0.0,0.0,0.0,20.0,69.8,69.8,69.8,68.0,69.8,13.1783908538254,71.6,75.2,987.803055555556,3556091.0,0.0,0.0,5.13819444444444,4.11055555555556,3.85364583333333,1564.6,1523.2,1169.8,1102.4,0.0,4276.0,0.0,0.0,737.0,2371.0,3.84,19.0,3.84,78.0,0.0,987.803055555556,0.0,63.5,75.2,69.8,55.0,77.0,72.5,77.0,68.9,3.34000000000003,91.0,14.492,743.5,25.97,14.648,-0.7,3.0,0.0,0.0,0.0,14.0,63.0,0.0,77.0,1.0,0.0,825.6,0.0,0.0,0.6,9.0,0.0,29.0,0.0,77.0,77.0,350.0,825.6,-50.0,0.0,0.0,0.0,0.0,400.0,0.0,0.0,0.0,0.0,0.0,0.0,63.5,739.9,4.443,40.331515,14.4605162,18.2786502674863,0.0,1.52303624328712,5.67437935186207,3.52589477224589,0.0,,21.0,21.999999999999996,21.0,21.999999999999996,24.0,25.0,26.0,20.500000000000004,23.5,28.000000000000004,51.98888491211331,54.98824365704292,2.4505653154489764,6.226448536568396,22.629999999999967
305.0,14.0,9.1,740.1,0.0,0.0,0.0,20.0,69.8,69.8,69.8,68.0,69.8,9.15692922659624,71.6,75.2,987.803611111111,3556093.0,0.0,0.0,5.13958333333333,4.11166666666667,3.8546875,1564.6,1523.2,1169.8,1102.4,0.0,4477.0,0.0,0.0,738.0,2374.0,3.84,23.0,3.84,78.0,0.0,987.803611111111,0.0,63.5,75.2,69.8,55.0,77.0,72.5,77.0,68.9,3.19,91.0,14.493,744.0,25.54,14.627,-0.7,3.0,0.0,0.0,0.0,14.0,63.0,0.0,77.0,1.0,0.0,825.6,0.0,0.0,0.6,9.0,0.0,29.0,0.0,77.0,77.0,350.0,825.6,-50.0,0.0,0.0,0.0,0.0,400.0,0.0,0.0,0.0,0.0,0.0,0.0,63.5,740.0,4.443,40.331515,14.4605162,18.3912970957823,0.0,1.54256059435811,8.46336476656704,5.25888942836653,0.0,,21.0,21.999999999999996,21.0,21.999999999999996,24.0,25.0,26.0,20.500000000000004,23.5,26.999999999999996,51.98888491211331,56.98781615366256,2.481979996322199,6.828433427737688,22.349999999999998
306.0,14.0,9.1,740.1,0.0,0.0,0.0,20.0,69.8,69.8,69.8,68.0,69.8,9.15692922659624,71.6,75.2,987.803611111111,3556093.0,0.0,0.0,5.13958333333333,4.11166666666667,3.8546875,1564.6,1523.2,1169.8,1102.4,0.0,4477.0,0.0,0.0,738.0,2374.0,3.84,23.0,3.84,78.0,0.0,987.803611111111,0.0,63.5,75.2,69.8,55.0,77.0,72.5,77.0,68.9,3.19,91.0,14.493,744.0,25.54,14.627,10.6,3.0,0.0,0.0,0.0,14.0,63.0,0.0,77.0,1.0,0.0,825.6,0.0,0.0,0.6,9.0,0.0,29.0,0.0,77.0,77.0,350.0,825.6,-50.0,0.0,0.0,0.0,0.0,400.0,0.0,0.0,0.0,0.0,0.0,0.0,63.5,740.0,4.443,36.52297,14.4317065,18.3912970957823,0.0,1.54256059435811,8.46336476656704,5.25888942836653,0.0,,21.0,21.999999999999996,21.0,21.999999999999996,24.0,25.0,26.0,20.500000000000004,23.5,26.999999999999996,57.47208761768772,56.98781615366256,2.481979996322199,6.828433427737688,22.349999999999998
307.0,14.0,-0.5,741.1,0.0,0.0,0.0,20.0,69.8,69.8,69.8,68.0,68.0,-0.503807790291962,71.6,75.2,987.804166666667,3556095.0,0.0,0.0,5.14652777777778,4.11722222222222,3.85989583333333,1564.6,1523.2,1169.8,1102.4,0.0,4570.0,0.0,0.0,739.0,2374.0,3.86,22.0,3.84,61.0,0.0,987.804166666667,0.0,63.5,75.2,69.8,55.0,77.0,72.5,77.0,68.9,3.56999999999999,91.0,14.507,744.0,25.86,14.658,10.6,3.0,0.0,0.0,0.0,14.0,63.0,0.0,77.0,1.0,0.0,825.6,0.0,0.0,0.6,9.0,0.0,29.0,0.0,77.0,77.0,350.0,825.6,-50.0,0.0,0.0,0.0,0.0,400.0,0.0,0.0,0.0,0.0,0.0,0.0,63.5,740.9,4.443,36.52297,14.4317065,18.5061171482153,0.0,1.56235581530252,-156.524085818378,-97.2595277290514,0.0,0.0324138235756167,21.0,21.999999999999996,21.0,21.999999999999996,24.0,25.0,26.0,20.500000000000004,23.5,26.999999999999996,57.47208761768772,57.98760240197253,2.513830506821755,6.837659793671662,22.29000000000001
308.0,14.0,-0.5,741.1,0.0,0.0,0.0,20.0,69.8,69.8,69.8,68.0,68.0,-0.503807790291962,71.6,75.2,987.804166666667,3556095.0,0.0,0.0,5.14652777777778,4.11722222222222,3.85989583333333,1564.6,1523.2,1169.8,1102.4,0.0,4570.0,0.0,0.0,739.0,2374.0,3.86,22.0,3.84,61.0,0.0,987.804166666667,0.0,63.5,75.2,69.8,55.0,77.0,72.5,77.0,68.9,3.56999999999999,91.0,14.507,744.0,25.86,14.658,21.0,3.0,0.0,0.0,0.0,14.0,63.0,0.0,77.0,1.0,0.0,825.6,0.0,0.0,0.6,9.0,0.0,29.0,0.0,77.0,77.0,350.0,825.6,-50.0,0.0,0.0,0.0,0.0,400.0,0.0,0.0,0.0,0.0,0.0,0.0,63.5,740.9,4.443,34.5210425,14.4204756,18.5061171482153,0.0,1.56235581530252,-156.524085818378,-97.2595277290514,0.0,0.0324138235756167,21.0,21.999999999999996,21.0,21.999999999999996,24.0,25.0,26.0,20.500000000000004,23.5,26.999999999999996,55.98802990535273,57.98760240197253,2.513830506821755,6.837659793671662,22.29000000000001
309.0,14.0,-4.3,741.6,0.0,0.0,0.0,20.0,69.8,69.8,69.8,68.0,69.8,-4.33567018298807,71.6,75.2,987.804722222222,3556097.0,0.0,0.0,5.15,4.12,3.8625,1564.6,1523.2,1169.8,1102.4,0.0,4602.0,0.0,0.0,739.0,2374.0,3.86,24.0,3.86,99.0,0.0,987.804722222222,0.0,63.5,75.2,69.8,55.0,77.0,72.5,77.0,68.9,3.23000000000002,91.0,14.493,744.6,25.69,14.639,21.0,3.0,0.0,0.0,0.0,14.0,63.0,0.0,77.0,1.0,0.0,825.6,0.0,0.0,0.6,9.0,0.0,29.0,0.0,77.0,77.0,350.0,825.6,-50.0,0.0,0.0,0.0,0.0,400.0,0.0,0.0,0.0,0.0,0.0,0.0,63.5,741.6,4.442,34.5210425,14.4204756,18.6211385418717,0.0,1.58244886491363,-18.188204008931,-11.3016225132335,0.0,0.0214772507103288,21.0,21.999999999999996,21.0,21.999999999999996,24.0,25.0,26.0,20.500000000000004,23.5,26.999999999999996,55.98802990535273,57.98760240197253,2.5461602236460306,-3.233161955994087,22.45999999999998
310.0,14.0,-4.3,741.6,0.0,0.0,0.0,20.0,69.8,69.8,69.8,68.0,69.8,-4.33567018298807,71.6,75.2,987.804722222222,3556097.0,0.0,0.0,5.15,4.12,3.8625,1564.6,1523.2,1169.8,1102.4,0.0,4602.0,0.0,0.0,739.0,2374.0,3.86,24.0,3.86,99.0,0.0,987.804722222222,0.0,63.5,75.2,69.8,55.0,77.0,72.5,77.0,68.9,3.23000000000002,91.0,14.493,744.6,25.69,14.639,15.4,3.0,0.0,0.0,0.0,14.0,63.0,0.0,77.0,1.0,0.0,825.6,0.0,0.0,0.6,9.0,0.0,29.0,0.0,77.0,77.0,350.0,825.6,-50.0,0.0,0.0,0.0,0.0,400.0,0.0,0.0,0.0,0.0,0.0,0.0,63.5,741.6,4.442,32.1773225,14.4307299,18.6211385418717,0.0,1.58244886491363,-18.188204008931,-11.3016225132335,0.0,0.0214772507103288,21.0,21.999999999999996,21.0,21.999999999999996,24.0,25.0,26.0,20.500000000000004,23.5,26.999999999999996,55.98802990535273,57.98760240197253,2.5461602236460306,-3.233161955994087,22.45999999999998
311.0,14.0,-6.7,741.9,0.0,0.0,0.0,20.0,69.8,69.8,69.8,68.0,69.8,-6.75831196178104,71.6,75.2,987.805277777778,3556099.0,0.0,0.0,5.15208333333333,4.12166666666667,3.8640625,1564.6,1523.2,1169.8,1102.4,0.0,4534.0,0.0,0.0,740.0,2374.0,3.86,24.0,3.86,64.0,0.0,987.805277777778,0.0,63.5,75.2,69.8,54.0,77.0,72.5,77.0,68.9,3.35000000000002,92.0,14.51,745.3,25.79,14.636,15.4,3.0,0.0,0.0,0.0,14.0,63.0,0.0,77.0,1.0,0.0,825.6,0.0,0.0,0.6,9.0,0.0,29.0,0.0,77.0,77.0,350.0,825.6,-50.0,0.0,0.0,0.0,0.0,400.0,0.0,0.0,0.0,0.0,0.0,0.0,63.5,742.2,4.443,32.1773225,14.4307299,18.7275147570523,0.0,1.6016305561286,-11.4671285706526,-7.12534114707498,0.0,0.0214772507103288,21.0,21.999999999999996,21.0,21.999999999999996,24.0,25.0,26.0,20.500000000000004,23.5,28.000000000000004,55.98802990535273,56.98781615366256,2.577023564810917,-3.2344698694067118,22.43999999999998
312.0,14.0,-6.7,741.9,0.0,0.0,0.0,20.0,69.8,69.8,69.8,68.0,69.8,-6.75831196178104,71.6,75.2,987.805277777778,3556099.0,0.0,0.0,5.15208333333333,4.12166666666667,3.8640625,1564.6,1523.2,1169.8,1102.4,0.0,4534.0,0.0,0.0,740.0,2374.0,3.86,24.0,3.86,64.0,0.0,987.805277777778,0.0,63.5,75.2,69.8,54.0,77.0,72.5,77.0,68.9,3.35000000000002,92.0,14.51,745.3,25.79,14.636,-0.4,3.0,0.0,0.0,0.0,14.0,63.0,0.0,77.0,1.0,0.0,825.6,0.0,0.0,0.6,9.0,0.0,29.0,0.0,77.0,77.0,350.0,825.6,-50.0,0.0,0.0,0.0,0.0,400.0,0.0,0.0,0.0,0.0,0.0,0.0,63.5,742.2,4.443,31.8843575,14.4297533,18.7275147570523,0.0,1.6016305561286,-11.4671285706526,-7.12534114707498,0.0,0.0214772507103288,21.0,21.999999999999996,21.0,21.999999999999996,24.0,25.0,26.0,20.500000000000004,23.5,28.000000000000004,57.25338437586995,56.98781615366256,2.577023564810917,-3.2344698694067118,22.43999999999998
313.0,14.0,-7.5,742.2,0.0,0.0,0.0,20.0,69.8,69.8,69.8,68.0,68.0,-7.56833373272218,71.6,75.2,987.805833333333,3556101.0,0.0,0.0,5.15416666666667,4.12333333333333,3.865625,1564.6,1523.2,1169.8,1102.4,0.0,4448.0,0.0,0.0,740.0,2374.0,3.86,23.0,3.86,2.0,0.0,987.805833333333,0.0,63.5,75.2,69.8,54.0,77.0,72.5,77.0,68.9,3.24000000000001,92.0,14.492,745.4,25.89,14.647,-0.4,3.0,0.0,0.0,0.0,14.0,63.0,0.0,77.0,1.0,0.0,825.6,0.0,0.0,0.6,9.0,0.0,29.0,0.0,77.0,77.0,350.0,825.6,-50.0,0.0,0.0,0.0,0.0,400.0,0.0,0.0,0.0,0.0,0.0,0.0,63.5,742.2,4.442,31.8843575,14.4297533,18.8300529041018,0.0,1.62074185710313,-10.0601814425582,-6.25110500314381,0.0,-0.003580352767339,21.0,21.999999999999996,21.0,21.999999999999996,24.0,25.0,26.0,20.500000000000004,23.5,26.999999999999996,57.25338437586995,55.98802990535273,2.607773648078936,-5.041793289509187,22.64999999999999
314.0,14.0,-7.5,742.2,0.0,0.0,0.0,20.0,69.8,69.8,69.8,68.0,68.0,-7.56833373272218,71.6,75.2,987.805833333333,3556101.0,0.0,0.0,5.15416666666667,4.12333333333333,3.865625,1564.6,1523.2,1169.8,1102.4,0.0,4448.0,0.0,0.0,740.0,2374.0,3.86,23.0,3.86,2.0,0.0,987.805833333333,0.0,63.5,75.2,69.8,54.0,77.0,72.5,77.0,68.9,3.24000000000001,92.0,14.492,745.4,25.89,14.647,8.3,3.0,0.0,0.0,0.0,14.0,63.0,0.0,77.0,1.0,0.0,825.6,0.0,0.0,0.6,9.0,0.0,29.0,0.0,77.0,77.0,350.0,825.6,-50.0,0.0,0.0,0.0,0.0,400.0,0.0,0.0,0.0,0.0,0.0,0.0,63.5,742.5,4.443,31.542565,14.4507502,18.8300529041018,0.0,1.62074185710313,-10.0601814425582,-6.25110500314381,0.0,-0.003580352767339,21.0,21.999999999999996,21.0,21.999999999999996,24.0,25.0,26.0,20.500000000000004,23.5,26.999999999999996,51.98888491211331,55.98802990535273,2.607773648078936,-5.041793289509187,22.64999999999999
315.0,14.0,-13.9,743.0,0.0,0.0,0.0,20.0,69.8,69.8,69.8,68.0,68.0,-14.0417641770295,71.6,75.2,987.806388888889,3556103.0,0.0,0.0,5.15972222222222,4.12777777777778,3.86979166666667,1564.6,1523.2,1169.8,1102.4,0.0,4267.0,0.0,0.0,741.0,2377.0,3.86,167.0,3.86,61.0,0.0,987.806388888889,0.0,63.5,75.2,69.8,54.0,77.0,72.5,77.0,68.9,3.25999999999999,92.0,14.51,746.2,25.9,14.639,7.4,3.0,0.0,0.0,0.0,14.0,63.0,0.0,77.0,1.0,0.0,825.6,0.0,0.0,0.6,9.0,0.0,29.0,0.0,77.0,77.0,350.0,825.6,-50.0,0.0,0.0,0.0,0.0,400.0,0.0,0.0,0.0,0.0,0.0,0.0,63.5,742.5,4.443,31.542565,14.4507502,18.9183782771695,0.0,1.63860691842625,-5.13182993309256,-3.18877029735566,0.0,-0.0179573999810583,21.0,21.999999999999996,21.0,21.999999999999996,24.0,25.0,26.0,20.500000000000004,23.5,26.999999999999996,51.98888491211331,52.988671160423124,2.636518531747836,-5.649881776604035,22.640000000000008
316.0,14.0,-13.9,743.0,0.0,0.0,0.0,20.0,69.8,69.8,69.8,68.0,68.0,-14.0417641770295,71.6,75.2,987.806388888889,3556103.0,0.0,0.0,5.15972222222222,4.12777777777778,3.86979166666667,1564.6,1523.2,1169.8,1102.4,0.0,4267.0,0.0,0.0,741.0,2377.0,3.86,167.0,3.86,61.0,0.0,987.806388888889,0.0,63.5,75.2,69.8,54.0,77.0,72.5,77.0,68.9,3.25999999999999,92.0,14.51,746.2,25.9,14.639,7.4,3.0,0.0,0.0,0.0,14.0,63.0,0.0,77.0,1.0,0.0,825.6,0.0,0.0,0.6,9.0,0.0,29.0,0.0,77.0,77.0,350.0,825.6,-50.0,0.0,0.0,0.0,0.0,400.0,0.0,0.0,0.0,0.0,0.0,0.0,63.5,743.1,4.441,27.73402,14.4297533,18.9183782771695,0.0,1.63860691842625,-5.13182993309256,-3.18877029735566,0.0,-0.0179573999810583,21.0,21.999999999999996,21.0,21.999999999999996,24.0,25.0,26.0,20.500000000000004,23.5,26.999999999999996,52.238831474190725,52.988671160423124,2.636518531747836,-5.649881776604035,22.640000000000008
317.0,14.0,-10.6,742.9,0.0,0.0,0.0,20.0,69.8,69.8,69.8,68.0,69.8,-10.7066667346477,71.6,75.2,987.806944444444,3556105.0,0.0,0.0,5.15902777777778,4.12722222222222,3.86927083333333,1564.6,1523.2,1169.8,1102.4,0.0,3956.0,0.0,0.0,741.0,2377.0,3.86,19.0,3.86,61.0,0.0,987.806944444444,0.0,63.5,75.2,69.8,54.0,77.0,72.5,77.0,68.9,3.23000000000002,92.0,14.493,745.6,25.89,14.634,7.4,3.0,0.0,0.0,0.0,14.0,63.0,0.0,77.0,1.0,0.0,825.6,0.0,0.0,0.6,9.0,0.0,29.0,0.0,77.0,77.0,350.0,825.6,-50.0,0.0,0.0,0.0,0.0,400.0,0.0,0.0,0.0,0.0,0.0,0.0,63.5,743.1,4.441,27.73402,14.4297533,18.9911094993972,0.0,1.6553495025682,-6.22242766110373,-3.86643609820769,0.0,-0.03243620237223,21.0,21.999999999999996,21.0,21.999999999999996,24.0,25.0,26.0,20.500000000000004,23.5,28.000000000000004,52.238831474190725,48.989526167183705,2.6634573496322336,-10.469704923923565,22.659999999999982
318.0,14.0,-10.6,742.9,0.0,0.0,0.0,20.0,69.8,69.8,69.8,68.0,69.8,-10.7066667346477,71.6,75.2,987.806944444444,3556105.0,0.0,0.0,5.15902777777778,4.12722222222222,3.86927083333333,1564.6,1523.2,1169.8,1102.4,0.0,3956.0,0.0,0.0,741.0,2377.0,3.86,19.0,3.86,61.0,0.0,987.806944444444,0.0,63.5,75.2,69.8,54.0,77.0,72.5,77.0,68.9,3.23000000000002,92.0,14.493,745.6,25.89,14.634,20.4,3.0,0.0,0.0,0.0,14.0,63.0,0.0,77.0,1.0,0.0,825.6,0.0,0.0,0.6,9.0,0.0,29.0,0.0,77.0,77.0,350.0,825.6,-50.0,0.0,0.0,0.0,0.0,400.0,0.0,0.0,0.0,0.0,0.0,0.0,63.5,742.5,4.443,29.68712,14.4497736,18.9911094993972,0.0,1.6553495025682,-6.22242766110373,-3.86643609820769,0.0,-0.03243620237223,21.0,21.999999999999996,21.0,21.999999999999996,24.0,25.0,26.0,20.500000000000004,23.5,28.000000000000004,48.36465976198993,48.989526167183705,2.6634573496322336,-10.469704923923565,22.659999999999982
319.0,14.0,-4.7,742.4,0.0,0.0,0.0,20.0,69.8,69.8,69.8,68.0,69.8,-4.74410051682617,71.6,75.2,987.807222222222,3556106.0,0.0,0.0,5.15555555555556,4.12444444444444,3.86666666666667,1564.6,1523.2,1169.8,1102.4,0.0,3638.0,0.0,0.0,740.0,2377.0,3.86,22.0,3.86,78.0,0.0,987.807222222222,0.0,63.5,75.2,69.8,54.0,77.0,72.5,77.0,68.9,3.24000000000001,92.0,14.511,745.3,29.3,14.645,-4.4,3.0,0.0,0.0,0.0,14.0,63.0,0.0,77.0,1.0,0.0,825.6,0.0,0.0,0.6,9.0,0.0,29.0,0.0,77.0,77.0,350.0,825.6,-50.0,0.0,0.0,0.0,0.0,400.0,0.0,0.0,0.0,0.0,0.0,0.0,63.5,742.5,4.443,29.68712,14.4497736,19.0512011388673,0.0,1.67105613165295,-13.1832355099046,-8.19168023202494,0.0,-0.0394999454198195,21.0,21.999999999999996,21.0,21.999999999999996,24.0,25.0,26.0,20.500000000000004,23.5,28.000000000000004,48.36465976198993,45.990167422254096,2.6887293158295966,-3.537733420452028,26.05999999999999
320.0,14.0,-4.7,742.4,0.0,0.0,0.0,20.0,69.8,69.8,69.8,68.0,69.8,-4.74410051682617,71.6,75.2,987.807222222222,3556106.0,0.0,0.0,5.15555555555556,4.12444444444444,3.86666666666667,1564.6,1523.2,1169.8,1102.4,0.0,3638.0,0.0,0.0,740.0,2377.0,3.86,22.0,3.86,78.0,0.0,987.807222222222,0.0,63.5,75.2,69.8,54.0,77.0,72.5,77.0,68.9,3.24000000000001,92.0,14.511,745.3,29.3,14.645,-4.4,3.0,0.0,0.0,0.0,14.0,63.0,0.0,77.0,1.0,0.0,825.6,0.0,0.0,0.6,9.0,0.0,29.0,0.0,77.0,77.0,350.0,825.6,-50.0,0.0,0.0,0.0,0.0,400.0,0.0,0.0,0.0,0.0,0.0,0.0,63.5,742.6,4.443,30.370705,14.4507502,19.0512011388673,0.0,1.67105613165295,-13.1832355099046,-8.19168023202494,0.0,-0.0394999454198195,21.0,21.999999999999996,21.0,21.999999999999996,24.0,25.0,26.0,20.500000000000004,23.5,28.000000000000004,44.99038117394412,45.990167422254096,2.6887293158295966,-3.537733420452028,26.05999999999999
321.0,14.0,-13.5,743.1,0.0,0.0,0.0,20.0,69.8,69.8,69.8,68.0,68.0,-13.6395201215502,71.6,75.2,987.807777777778,3556108.0,0.0,0.0,5.16041666666667,4.12833333333333,3.8703125,1564.6,1523.2,1169.8,1102.4,0.0,3347.0,0.0,0.0,741.0,2377.0,3.86,9.0,3.86,61.0,0.0,987.807777777778,0.0,63.5,75.2,69.8,54.0,77.0,72.5,77.0,68.9,3.20999999999998,92.0,14.509,749.0,30.38,14.636,-1.3,3.0,0.0,0.0,0.0,14.0,63.0,0.0,77.0,1.0,0.0,825.6,0.0,0.0,0.6,9.0,0.0,29.0,0.0,77.0,77.0,350.0,825.6,-50.0,0.0,0.0,0.0,0.0,400.0,0.0,0.0,0.0,0.0,0.0,0.0,63.5,742.6,4.443,30.370705,14.4507502,19.0907853134718,0.0,1.68490914129194,-4.08698295927471,-2.53953268838749,0.0,-0.0539999461639067,21.0,21.999999999999996,21.0,21.999999999999996,24.0,25.0,26.0,20.500000000000004,23.5,28.000000000000004,44.99038117394412,40.991236180704696,2.711018808338731,-10.17115594448188,27.17000000000002
322.0,14.0,-13.5,743.1,0.0,0.0,0.0,20.0,69.8,69.8,69.8,68.0,68.0,-13.6395201215502,71.6,75.2,987.807777777778,3556108.0,0.0,0.0,5.16041666666667,4.12833333333333,3.8703125,1564.6,1523.2,1169.8,1102.4,0.0,3347.0,0.0,0.0,741.0,2377.0,3.86,9.0,3.86,61.0,0.0,987.807777777778,0.0,63.5,75.2,69.8,54.0,77.0,72.5,77.0,68.9,3.20999999999998,92.0,14.509,749.0,30.38,14.636,-1.3,3.0,0.0,0.0,0.0,14.0,63.0,0.0,77.0,1.0,0.0,825.6,0.0,0.0,0.6,9.0,0.0,29.0,0.0,77.0,77.0,350.0,825.6,-50.0,0.0,0.0,0.0,0.0,400.0,0.0,0.0,0.0,0.0,0.0,0.0,63.5,745.3,4.443,10.93736,14.4204756,19.0907853134718,0.0,1.68490914129194,-4.08698295927471,-2.53953268838749,0.0,-0.0539999461639067,21.0,21.999999999999996,21.0,21.999999999999996,24.0,25.0,26.0,20.500000000000004,23.5,28.000000000000004,35.9923049391553,40.991236180704696,2.711018808338731,-10.17115594448188,27.17000000000002
323.0,14.0,-30.3,745.1,0.0,0.0,0.0,20.0,69.8,69.8,69.8,68.0,69.8,-30.6955382317101,71.6,75.2,987.808333333333,3556110.0,0.0,0.0,5.17430555555556,4.13944444444444,3.88072916666667,1564.7,1523.2,1169.8,1102.4,0.0,2620.0,0.0,0.0,743.0,2377.0,3.88,6.0,3.86,61.0,0.0,987.808333333333,0.0,63.5,75.2,69.8,54.0,77.0,72.5,77.0,68.9,3.17000000000002,92.0,14.486,749.0,30.31,14.652,-5.6,3.0,0.0,0.0,0.0,14.0,63.0,0.0,77.0,1.0,0.0,825.6,0.0,0.0,0.6,9.0,0.0,29.0,0.0,77.0,77.0,350.0,825.6,-50.0,0.0,0.0,0.0,0.0,400.0,0.0,0.0,0.0,0.0,0.0,0.0,63.5,745.3,4.443,10.93736,14.4204756,19.0918306406689,0.0,1.69531540354676,-1.37310738186958,-0.853209106979682,0.0,-0.079277522081547,21.0,21.999999999999996,21.0,21.999999999999996,24.0,25.0,26.0,20.500000000000004,23.5,28.000000000000004,35.9923049391553,30.993373697606053,2.7277624843067367,-22.890035966972484,27.13999999999998
324.0,14.0,-30.3,745.1,0.0,0.0,0.0,20.0,69.8,69.8,69.8,68.0,69.8,-30.6955382317101,71.6,75.2,987.808333333333,3556110.0,0.0,0.0,5.17430555555556,4.13944444444444,3.88072916666667,1564.7,1523.2,1169.8,1102.4,0.0,2620.0,0.0,0.0,743.0,2377.0,3.88,6.0,3.86,61.0,0.0,987.808333333333,0.0,63.5,75.2,69.8,54.0,77.0,72.5,77.0,68.9,3.17000000000002,92.0,14.486,749.0,30.31,14.652,-5.6,3.0,0.0,0.0,0.0,14.0,63.0,0.0,77.0,1.0,0.0,825.6,0.0,0.0,0.6,9.0,0.0,29.0,0.0,77.0,77.0,350.0,825.6,-50.0,0.0,0.0,0.0,0.0,400.0,0.0,0.0,0.0,0.0,0.0,0.0,63.5,744.5,4.443,11.0838425,14.4204756,19.0918306406689,0.0,1.69531540354676,-1.37310738186958,-0.853209106979682,0.0,-0.079277522081547,21.0,21.999999999999996,21.0,21.999999999999996,24.0,25.0,26.0,20.500000000000004,23.5,28.000000000000004,29.353099383972637,30.993373697606053,2.7277624843067367,-22.890035966972484,27.13999999999998
325.0,14.0,-18.6,744.3,0.0,0.0,0.0,20.0,69.8,69.8,69.8,68.0,69.8,-18.8225744775229,71.6,75.2,987.808888888889,3556112.0,0.0,0.0,5.16875,4.135,3.8765625,1564.7,1523.2,1169.9,1102.4,0.0,1891.0,0.0,0.0,742.0,2373.0,3.86,11.0,3.86,13.0,0.0,987.808888888889,0.0,63.5,75.2,69.8,54.0,77.0,72.5,77.0,68.9,3.16000000000003,92.0,14.485,746.9,30.28,14.643,12.6,3.0,0.0,0.0,0.0,14.0,63.0,0.0,77.0,1.0,0.0,825.6,0.0,0.0,0.6,9.0,0.0,29.0,0.0,77.0,77.0,350.0,825.6,-50.0,0.0,0.0,0.0,0.0,400.0,0.0,0.0,0.0,0.0,0.0,0.0,63.5,744.5,4.443,11.0838425,14.4204756,19.0589786259418,0.0,1.70271564133171,-1.58913838361512,-0.987444506565309,0.0,-0.0976807108461979,21.0,21.999999999999996,21.0,21.999999999999996,24.0,25.0,26.0,20.500000000000004,23.5,28.000000000000004,29.353099383972637,21.99529746281707,2.739669466902721,-14.036222578316853,27.119999999999973
326.0,14.0,-18.6,744.3,0.0,0.0,0.0,20.0,69.8,69.8,69.8,68.0,69.8,-18.8225744775229,71.6,75.2,987.808888888889,3556112.0,0.0,0.0,5.16875,4.135,3.8765625,1564.7,1523.2,1169.9,1102.4,0.0,1891.0,0.0,0.0,742.0,2373.0,3.86,11.0,3.86,13.0,0.0,987.808888888889,0.0,63.5,75.2,69.8,54.0,77.0,72.5,77.0,68.9,3.16000000000003,92.0,14.485,746.9,30.28,14.643,12.6,3.0,0.0,0.0,0.0,14.0,63.0,0.0,77.0,1.0,0.0,825.6,0.0,0.0,0.6,9.0,0.0,29.0,0.0,77.0,77.0,350.0,825.6,-50.0,0.0,0.0,0.0,0.0,400.0,0.0,0.0,0.0,0.0,0.0,0.0,63.5,743.6,4.443,13.4275625,14.4297533,19.0589786259418,0.0,1.70271564133171,-1.58913838361512,-0.987444506565309,0.0,-0.0976807108461979,21.0,21.999999999999996,21.0,21.999999999999996,24.0,25.0,26.0,20.500000000000004,23.5,28.000000000000004,20.698699672040355,21.99529746281707,2.739669466902721,-14.036222578316853,27.119999999999973
327.0,14.0,-8.4,743.4,0.0,0.0,0.0,20.0,69.8,69.8,69.8,68.0,69.8,-8.49023876655127,71.6,75.2,987.809444444444,3556114.0,0.0,0.0,5.1625,4.13,3.871875,1564.7,1523.2,1169.9,1102.4,0.0,1293.0,0.0,0.0,741.0,2373.0,3.86,24.0,3.86,64.0,0.0,987.809444444444,0.0,63.5,75.2,69.8,54.0,77.0,72.5,77.0,68.9,3.15000000000003,92.0,14.485,745.8,30.85,14.652,-4.1,3.0,0.0,0.0,0.0,14.0,63.0,0.0,77.0,1.0,0.0,825.6,0.0,0.0,0.6,9.0,0.0,29.0,0.0,77.0,77.0,350.0,825.6,-50.0,0.0,0.0,0.0,0.0,400.0,0.0,0.0,0.0,0.0,0.0,0.0,63.5,743.6,4.443,13.769355,14.4414725,19.0011245073304,0.0,1.70769207841829,-2.40209077981475,-1.49258954994427,0.0,-0.112964572312687,21.0,21.999999999999996,21.0,21.999999999999996,24.0,25.0,26.0,20.500000000000004,23.5,28.000000000000004,13.559600992702613,14.996793724648056,2.7476765541750288,-14.019250120543775,27.69999999999997
328.0,14.0,-8.4,743.4,0.0,0.0,0.0,20.0,69.8,69.8,69.8,68.0,69.8,-8.49023876655127,71.6,75.2,987.809444444444,3556114.0,0.0,0.0,5.1625,4.13,3.871875,1564.7,1523.2,1169.9,1102.4,0.0,1293.0,0.0,0.0,741.0,2373.0,3.86,24.0,3.86,64.0,0.0,987.809444444444,0.0,63.5,75.2,69.8,54.0,77.0,72.5,77.0,68.9,3.15000000000003,92.0,14.485,745.8,30.85,14.652,-4.1,3.0,0.0,0.0,0.0,14.0,63.0,0.0,77.0,1.0,0.0,825.6,0.0,0.0,0.6,9.0,0.0,29.0,0.0,77.0,77.0,350.0,825.6,-50.0,0.0,0.0,0.0,0.0,400.0,0.0,0.0,0.0,0.0,0.0,0.0,63.5,743.1,4.442,13.769355,14.4414725,19.0011245073304,0.0,1.70769207841829,-2.40209077981475,-1.49258954994427,0.0,-0.112964572312687,21.0,21.999999999999996,21.0,21.999999999999996,24.0,25.0,26.0,20.500000000000004,23.5,28.000000000000004,13.559600992702613,14.996793724648056,2.7476765541750288,-14.019250120543775,27.69999999999997
329.0,14.0,-4.9,743.0,0.0,0.0,0.0,20.0,69.8,69.8,69.8,68.0,69.8,-4.94997442211832,71.6,75.2,987.81,3556116.0,0.0,0.0,5.15972222222222,4.12777777777778,3.86979166666667,1564.7,1523.2,1169.9,1102.4,0.0,772.0,0.0,0.0,741.0,2373.0,3.86,10.0,3.86,61.0,0.0,987.81,0.0,63.5,75.2,69.8,54.0,77.0,72.5,77.0,68.9,2.79000000000002,92.0,14.489,745.6,30.19,14.642,-4.8,3.0,0.0,0.0,0.0,14.0,63.0,0.0,77.0,1.0,0.0,825.6,0.0,0.0,0.6,9.0,0.0,29.0,0.0,77.0,77.0,350.0,825.6,-50.0,0.0,0.0,0.0,0.0,400.0,0.0,0.0,0.0,0.0,0.0,0.0,63.5,743.1,4.442,2.14841,14.4297533,18.9170518775059,0.0,1.71038531118891,-2.19737962479743,-1.36538797484,0.0,-0.12035796590661,21.0,21.999999999999996,21.0,21.999999999999996,24.0,25.0,26.0,20.500000000000004,23.5,28.000000000000004,3.999144993239488,7.99828998647896,2.752009965702956,-6.327867589796519,27.39999999999998
330.0,14.0,0.2,742.4,0.0,0.0,0.0,20.0,69.8,69.8,69.8,68.0,69.8,0.201876617737284,71.6,75.2,987.810555555556,3556118.0,0.0,0.0,5.15555555555556,4.12444444444444,3.86666666666667,1564.7,1523.2,1169.9,1102.4,0.0,232.0,0.0,0.0,740.0,2373.0,3.86,11.0,3.86,181.0,0.0,987.810555555556,0.0,63.5,75.2,69.8,54.0,77.0,72.5,77.0,68.9,2.79000000000002,92.0,14.489,745.6,30.19,14.642,-4.8,3.0,0.0,0.0,0.0,14.0,63.0,0.0,77.0,1.0,0.0,825.6,0.0,0.0,0.6,9.0,0.0,29.0,0.0,77.0,77.0,350.0,825.6,-50.0,0.0,0.0,0.0,0.0,400.0,0.0,0.0,0.0,0.0,0.0,0.0,63.5,742.6,4.443,2.14841,14.4297533,18.9170518775059,0.0,1.71038531118891,-2.19737962479743,-1.36538797484,0.0,-0.12035796590661,21.0,21.999999999999996,21.0,21.999999999999996,24.0,25.0,26.0,20.500000000000004,23.5,28.000000000000004,3.999144993239488,7.99828998647896,2.752009965702956,-3.6882752681308353,27.39999999999998
331.0,14.0,0.2,742.4,0.0,0.0,0.0,20.0,69.8,69.8,69.8,68.0,69.8,0.201876617737284,71.6,75.2,987.810555555556,3556118.0,0.0,0.0,5.15555555555556,4.12444444444444,3.86666666666667,1564.7,1523.2,1169.9,1102.4,0.0,232.0,0.0,0.0,740.0,2373.0,3.86,11.0,3.86,181.0,0.0,987.810555555556,0.0,63.5,75.2,69.8,54.0,77.0,72.5,77.0,68.9,3.13999999999999,92.0,14.487,745.5,30.33,14.666,-7.7,3.0,0.0,0.0,0.0,14.0,63.0,0.0,77.0,1.0,0.0,825.6,0.0,0.0,0.6,9.0,0.0,29.0,0.0,77.0,77.0,350.0,825.6,-50.0,0.0,0.0,0.0,0.0,400.0,0.0,0.0,0.0,0.0,0.0,0.0,63.5,742.6,4.443,4.6386125,14.4414725,18.811971365572,0.0,1.71105734443144,13.4698275862069,8.36976023706897,0.0,-0.105744351799772,21.0,21.999999999999996,21.0,21.999999999999996,24.0,25.0,26.0,20.500000000000004,23.5,28.000000000000004,1.7964909149317991,1.999572496619744,2.7530912671901873,-3.6882752681308353,27.19000000000001
332.0,14.0,0.6,742.4,0.0,0.0,0.0,20.0,69.8,69.8,69.8,68.0,69.8,0.605629853211851,71.6,75.2,987.811111111111,3556120.0,0.0,0.0,5.15555555555556,4.12444444444444,3.86666666666667,1564.7,1523.2,1169.9,1102.4,0.0,21.0,0.0,0.0,740.0,2375.0,3.86,24.0,3.86,61.0,0.0,987.811111111111,0.0,63.5,75.2,69.8,54.0,77.0,72.5,77.0,68.9,3.13999999999999,92.0,14.487,745.5,30.33,14.666,-7.7,3.0,0.0,0.0,0.0,14.0,63.0,0.0,77.0,1.0,0.0,825.6,0.0,0.0,0.6,9.0,0.0,29.0,0.0,77.0,77.0,350.0,825.6,-50.0,0.0,0.0,0.0,0.0,400.0,0.0,0.0,0.0,0.0,0.0,0.0,63.5,742.4,4.441,4.6386125,14.4414725,18.811971365572,0.0,1.71105734443144,13.4698275862069,8.36976023706897,0.0,-0.105744351799772,21.0,21.999999999999996,21.0,21.999999999999996,24.0,25.0,26.0,20.500000000000004,23.5,28.000000000000004,1.7964909149317991,1.999572496619744,2.7530912671901873,0.15054184767880985,27.19000000000001
333.0,14.0,0.6,742.4,0.0,0.0,0.0,20.0,69.8,69.8,69.8,68.0,69.8,0.605629853211851,71.6,75.2,987.811111111111,3556120.0,0.0,0.0,5.15555555555556,4.12444444444444,3.86666666666667,1564.7,1523.2,1169.9,1102.4,0.0,21.0,0.0,0.0,740.0,2375.0,3.86,24.0,3.86,61.0,0.0,987.811111111111,0.0,63.5,75.2,69.8,54.0,77.0,72.5,77.0,68.9,3.25,92.0,14.504,745.3,29.73,14.677,-4.0,3.0,0.0,0.0,0.0,14.0,63.0,0.0,77.0,1.0,0.0,825.6,0.0,0.0,0.6,9.0,0.0,29.0,0.0,77.0,77.0,350.0,825.6,-50.0,0.0,0.0,0.0,0.0,400.0,0.0,0.0,0.0,0.0,0.0,0.0,63.5,742.4,4.441,0.0,14.4507502,18.7035990249484,0.0,1.71105734443144,0.0,0.0,0.0,-0.0807562563437111,21.0,21.999999999999996,21.0,21.999999999999996,24.0,25.0,26.0,20.500000000000004,23.5,28.000000000000004,0.10935162090889206,0.0,2.7530912671901873,0.15054184767880985,26.48
334.0,14.0,0.6,742.3,0.0,0.0,0.0,20.0,69.8,69.8,69.8,68.0,69.8,0.605548275914813,71.6,75.2,987.811666666667,3556122.0,0.0,0.0,5.15486111111111,4.12388888888889,3.86614583333333,1564.7,1523.2,1169.9,1102.4,0.0,0.0,0.0,0.0,740.0,2375.0,3.86,19.0,3.86,61.0,0.0,987.811666666666,0.0,63.5,75.2,69.8,54.0,77.0,72.5,77.0,68.9,3.25,92.0,14.504,745.3,29.73,14.677,-4.0,3.0,0.0,0.0,0.0,14.0,63.0,0.0,77.0,1.0,0.0,825.6,0.0,0.0,0.6,9.0,0.0,29.0,0.0,77.0,77.0,350.0,825.6,-50.0,0.0,0.0,0.0,0.0,400.0,0.0,0.0,0.0,0.0,0.0,0.0,63.5,742.4,4.443,0.0,14.4507502,18.7035990249484,0.0,1.71105734443144,0.0,0.0,0.0,-0.0807562563437111,21.0,21.999999999999996,21.0,21.999999999999996,24.0,25.0,26.0,20.500000000000004,23.5,28.000000000000004,0.10935162090889206,0.0,2.7530912671901873,0.4515647098544467,26.48
335.0,14.0,0.6,742.3,0.0,0.0,0.0,20.0,69.8,69.8,69.8,68.0,69.8,0.605548275914813,71.6,75.2,987.811666666667,3556122.0,0.0,0.0,5.15486111111111,4.12388888888889,3.86614583333333,1564.7,1523.2,1169.9,1102.4,0.0,0.0,0.0,0.0,740.0,2375.0,3.86,19.0,3.86,61.0,0.0,987.811666666666,0.0,63.5,75.2,69.8,54.0,77.0,72.5,77.0,68.9,3.11000000000001,92.0,14.504,745.3,29.88,14.673,-0.3,3.0,0.0,0.0,0.0,14.0,63.0,0.0,77.0,1.0,0.0,825.6,0.0,0.0,0.6,9.0,0.0,29.0,0.0,77.0,77.0,350.0,825.6,-50.0,0.0,0.0,0.0,0.0,400.0,0.0,0.0,0.0,0.0,0.0,0.0,63.5,742.4,4.443,0.0,14.4307299,18.5921529152892,0.0,1.71105734443144,0.0,0.0,0.0,-0.054692838754555,21.0,21.999999999999996,21.0,21.999999999999996,24.0,25.0,26.0,20.500000000000004,23.5,28.000000000000004,0.06248664051936694,0.0,2.7530912671901873,0.4515647098544467,26.76999999999999
336.0,14.0,0.6,742.3,0.0,0.0,0.0,20.0,69.8,69.8,69.8,68.0,69.8,0.605548275914813,71.6,75.2,987.812222222222,3556124.0,0.0,0.0,5.15486111111111,4.12388888888889,3.86614583333333,1564.7,1523.2,1169.9,1102.4,0.0,0.0,0.0,0.0,740.0,2375.0,3.86,22.0,3.86,181.0,0.0,987.812222222222,0.0,63.5,75.2,69.8,54.0,77.0,72.5,77.0,68.9,3.11000000000001,92.0,14.504,745.3,29.88,14.673,-0.3,3.0,0.0,0.0,0.0,14.0,63.0,0.0,77.0,1.0,0.0,825.6,0.0,0.0,0.6,9.0,0.0,29.0,0.0,77.0,77.0,350.0,825.6,-50.0,0.0,0.0,0.0,0.0,400.0,0.0,0.0,0.0,0.0,0.0,0.0,63.5,742.3,4.443,0.0,14.4307299,18.5921529152892,0.0,1.71105734443144,0.0,0.0,0.0,-0.054692838754555,21.0,21.999999999999996,21.0,21.999999999999996,24.0,25.0,26.0,20.500000000000004,23.5,28.000000000000004,0.06248664051936694,0.0,2.7530912671901873,0.4515647098544467,26.76999999999999
337.0,14.0,0.6,742.3,0.0,0.0,0.0,20.0,69.8,69.8,69.8,68.0,69.8,0.605548275914813,71.6,75.2,987.812222222222,3556124.0,0.0,0.0,5.15486111111111,4.12388888888889,3.86614583333333,1564.7,1523.2,1169.9,1102.4,0.0,0.0,0.0,0.0,740.0,2375.0,3.86,22.0,3.86,181.0,0.0,987.812222222222,0.0,63.5,75.2,69.8,54.0,77.0,72.5,77.0,68.9,3.09000000000003,92.0,14.505,745.4,30.04,14.643,-0.2,3.0,0.0,0.0,0.0,14.0,63.0,0.0,77.0,1.0,0.0,825.6,0.0,0.0,0.6,9.0,0.0,29.0,0.0,77.0,77.0,350.0,825.6,-50.0,0.0,0.0,0.0,0.0,400.0,0.0,0.0,0.0,0.0,0.0,0.0,63.5,742.3,4.443,0.0,14.4507502,18.4817104032415,0.0,1.71105734443144,0.0,0.0,0.0,-0.0290592263377129,21.0,21.999999999999996,21.0,21.999999999999996,24.0,25.0,26.0,20.500000000000004,23.5,28.000000000000004,0.0,0.0,2.7530912671901873,0.4515647098544467,26.949999999999967
338.0,14.0,0.6,742.2,0.0,0.0,0.0,20.0,69.8,69.8,69.8,68.0,69.8,0.605466698617775,71.6,75.2,987.812777777778,3556126.0,0.0,0.0,5.15416666666667,4.12333333333333,3.865625,1564.7,1523.2,1169.9,1102.4,0.0,0.0,0.0,0.0,740.0,2375.0,3.86,24.0,3.86,61.0,0.0,987.812777777778,0.0,63.5,75.2,69.8,54.0,77.0,72.5,77.0,68.9,3.09000000000003,92.0,14.505,745.4,30.04,14.643,-0.2,3.0,0.0,0.0,0.0,14.0,63.0,0.0,77.0,1.0,0.0,825.6,0.0,0.0,0.6,9.0,0.0,29.0,0.0,77.0,77.0,350.0,825.6,-50.0,0.0,0.0,0.0,0.0,400.0,0.0,0.0,0.0,0.0,0.0,0.0,63.5,742.3,4.442,0.0,14.4507502,18.4817104032415,0.0,1.71105734443144,0.0,0.0,0.0,-0.0290592263377129,21.0,21.999999999999996,21.0,21.999999999999996,24.0,25.0,26.0,20.500000000000004,23.5,28.000000000000004,0.0,0.0,2.7530912671901873,0.4515038766724646,26.949999999999967
339.0,14.0,0.6,742.2,0.0,0.0,0.0,20.0,69.8,69.8,69.8,68.0,69.8,0.605466698617775,71.6,75.2,987.812777777778,3556126.0,0.0,0.0,5.15416666666667,4.12333333333333,3.865625,1564.7,1523.2,1169.9,1102.4,0.0,0.0,0.0,0.0,740.0,2375.0,3.86,24.0,3.86,61.0,0.0,987.812777777778,0.0,63.5,75.2,69.8,54.0,77.0,72.5,77.0,68.9,3.11000000000001,92.0,14.487,745.3,30.55,14.66,-0.2,3.0,0.0,0.0,0.0,14.0,63.0,0.0,77.0,1.0,0.0,825.6,0.0,0.0,0.6,9.0,0.0,29.0,0.0,77.0,77.0,350.0,825.6,-50.0,0.0,0.0,0.0,0.0,400.0,0.0,0.0,0.0,0.0,0.0,0.0,63.5,742.3,4.442,0.0,14.4414725,18.3742902668689,0.0,1.71105734443144,0.0,0.0,0.0,-0.0072631046242619,21.0,21.999999999999996,21.0,21.999999999999996,24.0,25.0,26.0,20.500000000000004,23.5,28.000000000000004,0.0,0.0,2.7530912671901873,0.4515038766724646,27.43999999999999
340.0,14.0,0.6,742.3,0.0,0.0,0.0,20.0,69.8,69.8,69.8,68.0,69.8,0.605548275914813,71.6,75.2,987.813333333333,3556128.0,0.0,0.0,5.15486111111111,4.12388888888889,3.86614583333333,1564.7,1523.2,1169.9,1102.4,0.0,0.0,0.0,0.0,740.0,2375.0,3.86,24.0,3.86,61.0,0.0,987.813333333334,0.0,63.5,75.2,69.8,54.0,77.0,72.5,77.0,68.9,3.11000000000001,92.0,14.487,745.3,30.55,14.66,-0.2,3.0,0.0,0.0,0.0,14.0,63.0,0.0,77.0,1.0,0.0,825.6,0.0,0.0,0.6,9.0,0.0,29.0,0.0,77.0,77.0,350.0,825.6,-50.0,0.0,0.0,0.0,0.0,400.0,0.0,0.0,0.0,0.0,0.0,0.0,63.5,742.3,4.443,0.0,14.4414725,18.3742902668689,0.0,1.71105734443144,0.0,0.0,0.0,-0.0072631046242619,21.0,21.999999999999996,21.0,21.999999999999996,24.0,25.0,26.0,20.500000000000004,23.5,28.000000000000004,0.0,0.0,2.7530912671901873,0.4515647098544467,27.43999999999999
341.0,14.0,0.6,742.3,0.0,0.0,0.0,20.0,69.8,69.8,69.8,68.0,69.8,0.605548275914813,71.6,75.2,987.813333333333,3556128.0,0.0,0.0,5.15486111111111,4.12388888888889,3.86614583333333,1564.7,1523.2,1169.9,1102.4,0.0,0.0,0.0,0.0,740.0,2375.0,3.86,24.0,3.86,61.0,0.0,987.813333333334,0.0,63.5,75.2,69.8,54.0,77.0,72.5,77.0,68.9,3.06999999999999,92.0,14.504,745.2,30.19,14.675,-0.2,3.0,0.0,0.0,0.0,14.0,63.0,0.0,77.0,1.0,0.0,825.6,0.0,0.0,0.6,9.0,0.0,29.0,0.0,77.0,77.0,350.0,825.6,-50.0,0.0,0.0,0.0,0.0,400.0,0.0,0.0,0.0,0.0,0.0,0.0,63.5,742.3,4.443,0.0,14.4507502,18.2659266504171,0.0,1.71105734443144,0.0,0.0,0.0,0.0,21.0,21.999999999999996,21.0,21.999999999999996,24.0,25.0,26.0,20.500000000000004,23.5,28.000000000000004,0.0,0.0,2.7530912671901873,0.4515647098544467,27.12000000000001
342.0,14.0,0.6,742.2,0.0,0.0,0.0,20.0,69.8,69.8,69.8,68.0,69.8,0.605466698617775,71.6,75.2,987.813888888889,3556130.0,0.0,0.0,5.15416666666667,4.12333333333333,3.865625,1564.7,1523.2,1169.9,1102.4,0.0,0.0,0.0,0.0,740.0,2378.0,3.86,24.0,3.86,61.0,0.0,987.813888888889,0.0,63.5,75.2,69.8,54.0,77.0,72.5,77.0,68.9,3.06999999999999,92.0,14.504,745.2,30.19,14.675,-0.2,3.0,0.0,0.0,0.0,14.0,63.0,0.0,77.0,1.0,0.0,825.6,0.0,0.0,0.6,9.0,0.0,29.0,0.0,77.0,77.0,350.0,825.6,-50.0,0.0,0.0,0.0,0.0,400.0,0.0,0.0,0.0,0.0,0.0,0.0,63.5,742.3,4.443,0.0,14.4507502,18.1629546528941,0.0,1.71105734443144,0.0,0.0,0.0,0.0,21.0,21.999999999999996,21.0,21.999999999999996,24.0,25.0,26.0,20.500000000000004,23.5,28.000000000000004,0.0,0.0,2.7530912671901873,0.4515038766724646,27.12000000000001
343.0,14.0,0.6,742.2,0.0,0.0,0.0,20.0,69.8,69.8,69.8,68.0,69.8,0.605466698617775,71.6,75.2,987.813888888889,3556130.0,0.0,0.0,5.15416666666667,4.12333333333333,3.865625,1564.7,1523.2,1169.9,1102.4,0.0,0.0,0.0,0.0,740.0,2378.0,3.86,24.0,3.86,61.0,0.0,987.813888888889,0.0,63.5,75.2,69.8,54.0,77.0,72.5,77.0,68.9,2.79000000000002,92.0,14.488,745.3,30.11,14.644,-0.2,3.0,0.0,0.0,0.0,14.0,63.0,0.0,77.0,1.0,0.0,825.6,0.0,0.0,0.6,9.0,0.0,29.0,0.0,77.0,77.0,350.0,825.6,-50.0,0.0,0.0,0.0,0.0,400.0,0.0,0.0,0.0,0.0,0.0,0.0,63.5,742.3,4.443,0.0,14.4507502,18.1629546528941,0.0,1.71105734443144,0.0,0.0,0.0,0.0,21.0,21.999999999999996,21.0,21.999999999999996,24.0,25.0,26.0,20.500000000000004,23.5,28.000000000000004,0.0,0.0,2.7530912671901873,0.4515038766724646,27.31999999999998
344.0,14.0,0.6,742.2,0.0,0.0,0.0,20.0,69.8,69.8,69.8,68.0,68.0,0.605466698617775,71.6,75.2,987.814444444444,3556132.0,0.0,0.0,5.15416666666667,4.12333333333333,3.865625,1564.7,1523.2,1169.9,1102.4,0.0,0.0,0.0,0.0,740.0,2378.0,3.86,24.0,3.86,61.0,0.0,987.814444444444,0.0,63.5,75.2,69.8,54.0,77.0,72.5,77.0,68.9,2.79000000000002,92.0,14.488,745.3,30.11,14.644,-0.2,3.0,0.0,0.0,0.0,14.0,63.0,0.0,77.0,1.0,0.0,825.6,0.0,0.0,0.6,9.0,0.0,29.0,0.0,77.0,77.0,350.0,825.6,-50.0,0.0,0.0,0.0,0.0,400.0,0.0,0.0,0.0,0.0,0.0,0.0,63.5,742.2,4.443,0.0,14.4507502,18.060649411512,0.0,1.71105734443144,0.0,0.0,0.0,0.0,21.0,21.999999999999996,21.0,21.999999999999996,24.0,25.0,26.0,20.500000000000004,23.5,28.000000000000004,0.0,0.0,2.7530912671901873,0.4515038766724646,27.31999999999998
345.0,14.0,0.6,742.2,0.0,0.0,0.0,20.0,69.8,69.8,69.8,68.0,68.0,0.605466698617775,71.6,75.2,987.814444444444,3556132.0,0.0,0.0,5.15416666666667,4.12333333333333,3.865625,1564.7,1523.2,1169.9,1102.4,0.0,0.0,0.0,0.0,740.0,2378.0,3.86,24.0,3.86,61.0,0.0,987.814444444444,0.0,63.5,75.2,69.8,54.0,77.0,72.5,77.0,68.9,3.28000000000003,92.0,14.504,745.3,29.83,14.679,-0.2,3.0,0.0,0.0,0.0,14.0,63.0,0.0,77.0,1.0,0.0,825.6,0.0,0.0,0.6,9.0,0.0,29.0,0.0,77.0,77.0,350.0,825.6,-50.0,0.0,0.0,0.0,0.0,400.0,0.0,0.0,0.0,0.0,0.0,0.0,63.5,742.2,4.443,0.0,14.4507502,18.060649411512,0.0,1.71105734443144,0.0,0.0,0.0,0.0,21.0,21.999999999999996,21.0,21.999999999999996,24.0,25.0,26.0,20.500000000000004,23.5,28.000000000000004,0.0,0.0,2.7530912671901873,0.4515038766724646,26.54999999999997
346.0,14.0,0.6,742.2,0.0,0.0,0.0,20.0,69.8,69.8,69.8,68.0,68.0,0.605466698617775,71.6,75.2,987.815,3556134.0,0.0,0.0,5.15416666666667,4.12333333333333,3.865625,1564.7,1523.2,1169.9,1102.4,0.0,0.0,0.0,0.0,740.0,2378.0,3.86,9.0,3.86,61.0,0.0,987.815,0.0,63.5,75.2,69.8,54.0,77.0,72.5,77.0,68.9,3.28000000000003,92.0,14.504,745.3,29.83,14.679,-0.2,3.0,0.0,0.0,0.0,14.0,63.0,0.0,77.0,1.0,0.0,825.6,0.0,0.0,0.6,9.0,0.0,29.0,0.0,77.0,77.0,350.0,825.6,-50.0,0.0,0.0,0.0,0.0,400.0,0.0,0.0,0.0,0.0,0.0,0.0,63.5,742.2,4.443,0.0,14.4507502,17.959601476391,0.0,1.71105734443144,0.0,0.0,0.0,0.0,21.0,21.999999999999996,21.0,21.999999999999996,24.0,25.0,26.0,20.500000000000004,23.5,28.000000000000004,0.0,0.0,2.7530912671901873,0.4515038766724646,26.54999999999997
347.0,14.0,0.6,742.2,0.0,0.0,0.0,20.0,69.8,69.8,69.8,68.0,68.0,0.605466698617775,71.6,75.2,987.815,3556134.0,0.0,0.0,5.15416666666667,4.12333333333333,3.865625,1564.7,1523.2,1169.9,1102.4,0.0,0.0,0.0,0.0,740.0,2378.0,3.86,9.0,3.86,61.0,0.0,987.815,0.0,63.5,75.2,69.8,54.0,77.0,72.5,77.0,68.9,3.03000000000003,92.0,14.506,745.4,30.05,14.666,-0.2,3.0,0.0,0.0,0.0,14.0,63.0,0.0,77.0,1.0,0.0,825.6,0.0,0.0,0.6,9.0,0.0,29.0,0.0,77.0,77.0,350.0,825.6,-50.0,0.0,0.0,0.0,0.0,400.0,0.0,0.0,0.0,0.0,0.0,0.0,63.5,742.2,4.443,0.0,14.4307299,17.959601476391,0.0,1.71105734443144,0.0,0.0,0.0,0.0,21.0,21.999999999999996,21.0,21.999999999999996,24.0,25.0,26.0,20.500000000000004,23.5,28.000000000000004,0.0,0.0,2.7530912671901873,0.4515038766724646,27.01999999999997
348.0,14.0,0.6,742.2,0.0,0.0,0.0,20.0,69.8,69.8,69.8,68.0,69.8,0.605466698617775,71.6,75.2,987.815555555556,3556136.0,0.0,0.0,5.15416666666667,4.12333333333333,3.865625,1564.7,1523.2,1169.9,1102.4,0.0,0.0,0.0,0.0,740.0,2378.0,3.86,22.0,3.86,2.0,0.0,987.815555555556,0.0,63.5,75.2,69.8,54.0,77.0,72.5,77.0,68.9,3.01999999999998,92.0,14.505,745.4,30.2,14.643,-0.2,3.0,0.0,0.0,0.0,14.0,63.0,0.0,77.0,1.0,0.0,825.6,0.0,0.0,0.6,9.0,0.0,29.0,0.0,77.0,77.0,350.0,825.6,-50.0,0.0,0.0,0.0,0.0,400.0,0.0,0.0,0.0,0.0,0.0,0.0,63.5,742.2,4.443,0.0,14.4307299,17.8581722574701,0.0,1.71105734443144,0.0,0.0,0.0,0.0,21.0,21.999999999999996,21.0,21.999999999999996,24.0,25.0,26.0,20.500000000000004,23.5,28.000000000000004,0.0,0.0,2.7530912671901873,0.4515038766724646,27.18000000000002
349.0,14.0,0.6,742.2,0.0,0.0,0.0,20.0,69.8,69.8,69.8,68.0,69.8,0.605466698617775,71.6,75.2,987.815555555556,3556136.0,0.0,0.0,5.15416666666667,4.12333333333333,3.865625,1564.7,1523.2,1169.9,1102.4,0.0,0.0,0.0,0.0,740.0,2378.0,3.86,22.0,3.86,2.0,0.0,987.815555555556,0.0,63.5,75.2,69.8,54.0,77.0,72.5,77.0,68.9,3.01999999999998,92.0,14.505,745.4,30.2,14.643,-0.1,3.0,0.0,0.0,0.0,14.0,63.0,0.0,77.0,1.0,0.0,825.6,0.0,0.0,0.6,9.0,0.0,29.0,0.0,77.0,77.0,350.0,825.6,-50.0,0.0,0.0,0.0,0.0,400.0,0.0,0.0,0.0,0.0,0.0,0.0,63.5,742.2,4.443,0.0,14.4307299,17.8581722574701,0.0,1.71105734443144,0.0,0.0,0.0,0.0,21.0,21.999999999999996,21.0,21.999999999999996,24.0,25.0,26.0,20.500000000000004,23.5,28.000000000000004,0.0,0.0,2.7530912671901873,0.4515038766724646,27.18000000000002
350.0,14.0,0.6,742.2,0.0,0.0,0.0,20.0,69.8,69.8,69.8,68.0,69.8,0.605466698617775,71.6,75.2,987.816111111111,3556138.0,0.0,0.0,5.15416666666667,4.12333333333333,3.865625,1564.7,1523.2,1169.9,1102.4,0.0,0.0,0.0,0.0,740.0,2378.0,3.86,22.0,3.86,61.0,0.0,987.816111111111,0.0,63.5,75.2,69.8,54.0,77.0,72.5,77.0,68.9,2.86000000000001,92.0,14.488,745.3,29.74,14.644,-0.1,3.0,0.0,0.0,0.0,14.0,63.0,0.0,77.0,1.0,0.0,825.6,0.0,0.0,0.6,9.0,0.0,29.0,0.0,77.0,77.0,350.0,825.6,-50.0,0.0,0.0,0.0,0.0,400.0,0.0,0.0,0.0,0.0,0.0,0.0,63.5,742.2,4.443,0.0,14.4307299,17.7603404683094,0.0,1.71105734443144,0.0,0.0,0.0,0.0,21.0,21.999999999999996,21.0,21.999999999999996,24.0,25.0,26.0,20.500000000000004,23.5,28.000000000000004,0.0,0.0,2.7530912671901873,0.4515038766724646,26.87999999999999
351.0,14.0,0.6,742.2,0.0,0.0,0.0,20.0,69.8,69.8,69.8,68.0,69.8,0.605466698617775,71.6,75.2,987.816111111111,3556138.0,0.0,0.0,5.15416666666667,4.12333333333333,3.865625,1564.7,1523.2,1169.9,1102.4,0.0,0.0,0.0,0.0,740.0,2378.0,3.86,22.0,3.86,61.0,0.0,987.816111111111,0.0,63.5,75.2,69.8,54.0,77.0,72.5,77.0,68.9,2.86000000000001,92.0,14.488,745.3,29.74,14.644,-0.2,3.0,0.0,0.0,0.0,14.0,63.0,0.0,77.0,1.0,0.0,825.6,0.0,0.0,0.6,9.0,0.0,29.0,0.0,77.0,77.0,350.0,825.6,-50.0,0.0,0.0,0.0,0.0,400.0,0.0,0.0,0.0,0.0,0.0,0.0,63.5,742.2,4.443,0.0,14.4507502,17.7603404683094,0.0,1.71105734443144,0.0,0.0,0.0,0.0,21.0,21.999999999999996,21.0,21.999999999999996,24.0,25.0,26.0,20.500000000000004,23.5,28.000000000000004,0.0,0.0,2.7530912671901873,0.4515038766724646,26.87999999999999
352.0,14.0,0.6,742.2,0.0,0.0,0.0,20.0,69.8,69.8,69.8,68.0,69.8,0.605466698617775,71.6,75.2,987.816388888889,3556139.0,0.0,0.0,5.15416666666667,4.12333333333333,3.865625,1564.7,1523.2,1169.9,1102.4,0.0,0.0,0.0,0.0,740.0,2375.0,3.86,22.0,3.86,61.0,0.0,987.816388888889,0.0,63.5,75.2,69.8,54.0,77.0,72.5,77.0,68.9,3.05000000000001,92.0,14.506,745.4,29.64,14.665,-0.1,3.0,0.0,0.0,0.0,14.0,63.0,0.0,77.0,1.0,0.0,825.6,0.0,0.0,0.6,9.0,0.0,29.0,0.0,77.0,77.0,350.0,825.6,-50.0,0.0,0.0,0.0,0.0,400.0,0.0,0.0,0.0,0.0,0.0,0.0,63.5,742.2,4.443,0.0,14.4507502,17.6630290057661,0.0,1.71105734443144,0.0,0.0,0.0,0.0,21.0,21.999999999999996,21.0,21.999999999999996,24.0,25.0,26.0,20.500000000000004,23.5,28.000000000000004,0.0,0.0,2.7530912671901873,0.4515038766724646,26.58999999999999
353.0,14.0,0.6,742.2,0.0,0.0,0.0,20.0,69.8,69.8,69.8,68.0,69.8,0.605466698617775,71.6,75.2,987.816388888889,3556139.0,0.0,0.0,5.15416666666667,4.12333333333333,3.865625,1564.7,1523.2,1169.9,1102.4,0.0,0.0,0.0,0.0,740.0,2375.0,3.86,22.0,3.86,61.0,0.0,987.816388888889,0.0,63.5,75.2,69.8,54.0,77.0,72.5,77.0,68.9,3.05000000000001,92.0,14.506,745.4,29.64,14.665,-0.1,3.0,0.0,0.0,0.0,14.0,63.0,0.0,77.0,1.0,0.0,825.6,0.0,0.0,0.6,9.0,0.0,29.0,0.0,77.0,77.0,350.0,825.6,-50.0,0.0,0.0,0.0,0.0,400.0,0.0,0.0,0.0,0.0,0.0,0.0,63.5,742.2,4.443,0.0,14.4507502,17.6630290057661,0.0,1.71105734443144,0.0,0.0,0.0,0.0,21.0,21.999999999999996,21.0,21.999999999999996,24.0,25.0,26.0,20.500000000000004,23.5,28.000000000000004,0.0,0.0,2.7530912671901873,0.4515038766724646,26.58999999999999
354.0,14.0,0.6,742.2,0.0,0.0,0.0,20.0,69.8,69.8,69.8,68.0,68.0,0.605466698617775,71.6,75.2,987.816944444444,3556141.0,0.0,0.0,5.15416666666667,4.12333333333333,3.865625,1564.7,1523.2,1169.9,1102.4,0.0,0.0,0.0,0.0,740.0,2375.0,3.86,22.0,3.86,61.0,0.0,987.816944444444,0.0,63.5,75.2,69.8,54.0,77.0,72.5,77.0,68.9,2.98000000000002,92.0,14.506,745.3,30.13,14.663,-0.2,3.0,0.0,0.0,0.0,14.0,63.0,0.0,77.0,1.0,0.0,825.6,0.0,0.0,0.6,9.0,0.0,29.0,0.0,77.0,77.0,350.0,825.6,-50.0,0.0,0.0,0.0,0.0,400.0,0.0,0.0,0.0,0.0,0.0,0.0,63.5,742.2,4.443,0.0,14.4507502,17.5628448485007,0.0,1.71105734443144,0.0,0.0,0.0,0.0,21.0,21.999999999999996,21.0,21.999999999999996,24.0,25.0,26.0,20.500000000000004,23.5,28.000000000000004,0.0,0.0,2.7530912671901873,0.4515038766724646,27.149999999999977
355.0,14.0,0.6,742.2,0.0,0.0,0.0,20.0,69.8,69.8,69.8,68.0,68.0,0.605466698617775,71.6,75.2,987.816944444444,3556141.0,0.0,0.0,5.15416666666667,4.12333333333333,3.865625,1564.7,1523.2,1169.9,1102.4,0.0,0.0,0.0,0.0,740.0,2375.0,3.86,22.0,3.86,61.0,0.0,987.816944444444,0.0,63.5,75.2,69.8,54.0,77.0,72.5,77.0,68.9,2.98000000000002,92.0,14.506,745.3,30.13,14.663,-0.2,3.0,0.0,0.0,0.0,14.0,63.0,0.0,77.0,1.0,0.0,825.6,0.0,0.0,0.6,9.0,0.0,29.0,0.0,77.0,77.0,350.0,825.6,-50.0,0.0,0.0,0.0,0.0,400.0,0.0,0.0,0.0,0.0,0.0,0.0,63.5,742.2,4.443,0.0,14.4307299,17.5628448485007,0.0,1.71105734443144,0.0,0.0,0.0,0.0,21.0,21.999999999999996,21.0,21.999999999999996,24.0,25.0,26.0,20.500000000000004,23.5,28.000000000000004,0.0,0.0,2.7530912671901873,0.4515038766724646,27.149999999999977
356.0,14.0,0.7,742.2,0.0,0.0,0.0,20.0,69.8,69.8,69.8,68.0,69.8,0.70637781505407,71.6,75.2,987.8175,3556143.0,0.0,0.0,5.15416666666667,4.12333333333333,3.865625,1564.7,1523.2,1169.9,1102.4,0.0,0.0,0.0,0.0,740.0,2375.0,3.86,24.0,3.86,55.0,0.0,987.8175,0.0,63.5,75.2,69.8,54.0,77.0,72.5,77.0,68.9,2.93000000000001,92.0,14.489,745.2,30.11,14.681,-0.1,3.0,0.0,0.0,0.0,14.0,63.0,0.0,77.0,1.0,0.0,825.6,0.0,0.0,0.6,9.0,0.0,29.0,0.0,77.0,77.0,350.0,825.6,-50.0,0.0,0.0,0.0,0.0,400.0,0.0,0.0,0.0,0.0,0.0,0.0,63.5,742.2,4.443,0.0,14.4307299,17.4617442052895,0.0,1.71105734443144,0.0,0.0,0.0,0.0,21.0,21.999999999999996,21.0,21.999999999999996,24.0,25.0,26.0,20.500000000000004,23.5,28.000000000000004,0.0,0.0,2.7530912671901873,0.4515038766724646,27.17999999999999
357.0,14.0,0.7,742.2,0.0,0.0,0.0,20.0,69.8,69.8,69.8,68.0,69.8,0.70637781505407,71.6,75.2,987.8175,3556143.0,0.0,0.0,5.15416666666667,4.12333333333333,3.865625,1564.7,1523.2,1169.9,1102.4,0.0,0.0,0.0,0.0,740.0,2375.0,3.86,24.0,3.86,55.0,0.0,987.8175,0.0,63.5,75.2,69.8,54.0,77.0,72.5,77.0,68.9,2.93000000000001,92.0,14.489,745.2,30.11,14.681,-0.1,3.0,0.0,0.0,0.0,14.0,63.0,0.0,77.0,1.0,0.0,825.6,0.0,0.0,0.6,9.0,0.0,29.0,0.0,77.0,77.0,350.0,825.6,-50.0,0.0,0.0,0.0,0.0,400.0,0.0,0.0,0.0,0.0,0.0,0.0,63.5,742.2,4.443,0.0,14.4507502,17.4617442052895,0.0,1.71105734443144,0.0,0.0,0.0,0.0,21.0,21.999999999999996,21.0,21.999999999999996,24.0,25.0,26.0,20.500000000000004,23.5,28.000000000000004,0.0,0.0,2.7530912671901873,0.4515038766724646,27.17999999999999
358.0,14.0,0.7,742.2,0.0,0.0,0.0,20.0,69.8,69.8,69.8,68.0,69.8,0.70637781505407,71.6,75.2,987.818055555556,3556145.0,0.0,0.0,5.15416666666667,4.12333333333333,3.865625,1564.7,1523.2,1169.9,1102.4,0.0,0.0,0.0,0.0,740.0,2375.0,3.86,10.0,3.86,61.0,0.0,987.818055555556,0.0,63.5,75.2,69.8,54.0,77.0,72.5,77.0,68.9,3.00999999999999,92.0,14.506,744.8,29.7,14.662,-0.2,3.0,0.0,0.0,0.0,14.0,63.0,0.0,77.0,1.0,0.0,825.6,0.0,0.0,0.6,9.0,0.0,29.0,0.0,77.0,77.0,350.0,825.6,-50.0,0.0,0.0,0.0,0.0,400.0,0.0,0.0,0.0,0.0,0.0,0.0,63.5,742.2,4.443,0.0,14.4507502,17.3672221282098,0.0,1.71105734443144,0.0,0.0,0.0,0.0,21.0,21.999999999999996,21.0,21.999999999999996,24.0,25.0,26.0,20.500000000000004,23.5,28.000000000000004,0.0,0.0,2.7530912671901873,0.5267545227845414,26.69000000000001
359.0,14.0,0.7,742.2,0.0,0.0,0.0,20.0,69.8,69.8,69.8,68.0,69.8,0.70637781505407,71.6,75.2,987.818055555556,3556145.0,0.0,0.0,5.15416666666667,4.12333333333333,3.865625,1564.7,1523.2,1169.9,1102.4,0.0,0.0,0.0,0.0,740.0,2375.0,3.86,10.0,3.86,61.0,0.0,987.818055555556,0.0,63.5,75.2,69.8,54.0,77.0,72.5,77.0,68.9,3.00999999999999,92.0,14.506,744.8,29.7,14.662,-0.2,3.0,0.0,0.0,0.0,14.0,63.0,0.0,77.0,1.0,0.0,825.6,0.0,0.0,0.6,9.0,0.0,29.0,0.0,77.0,77.0,350.0,825.6,-50.0,0.0,0.0,0.0,0.0,400.0,0.0,0.0,0.0,0.0,0.0,0.0,63.5,742.2,4.443,0.0,14.4507502,17.3672221282098,0.0,1.71105734443144,0.0,0.0,0.0,0.0,21.0,21.999999999999996,21.0,21.999999999999996,24.0,25.0,26.0,20.500000000000004,23.5,28.000000000000004,0.0,0.0,2.7530912671901873,0.5267545227845414,26.69000000000001
360.0,14.0,0.7,742.2,0.0,0.0,0.0,20.0,69.8,69.8,69.8,68.0,69.8,0.70637781505407,71.6,75.2,987.818611111111,3556147.0,0.0,0.0,5.15416666666667,4.12333333333333,3.865625,1564.7,1523.2,1169.9,1102.4,0.0,0.0,0.0,0.0,740.0,2378.0,3.86,19.0,3.86,2.0,0.0,987.818611111111,0.0,63.5,75.2,69.8,54.0,77.0,72.5,77.0,68.9,2.88999999999999,92.0,14.506,745.3,29.83,14.658,-0.2,3.0,0.0,0.0,0.0,14.0,63.0,0.0,77.0,1.0,0.0,825.6,0.0,0.0,0.6,9.0,0.0,29.0,0.0,77.0,77.0,350.0,825.6,-50.0,0.0,0.0,0.0,0.0,400.0,0.0,0.0,0.0,0.0,0.0,0.0,63.5,742.2,4.443,0.0,14.4507502,17.2707926301881,0.0,1.71105734443144,0.0,0.0,0.0,0.0,21.0,21.999999999999996,21.0,21.999999999999996,24.0,25.0,26.0,20.500000000000004,23.5,28.000000000000004,0.0,0.0,2.7530912671901873,0.5267545227845414,26.94000000000001
361.0,14.0,0.7,742.2,0.0,0.0,0.0,20.0,69.8,69.8,69.8,68.0,69.8,0.70637781505407,71.6,75.2,987.818611111111,3556147.0,0.0,0.0,5.15416666666667,4.12333333333333,3.865625,1564.7,1523.2,1169.9,1102.4,0.0,0.0,0.0,0.0,740.0,2378.0,3.86,19.0,3.86,2.0,0.0,987.818611111111,0.0,63.5,75.2,69.8,54.0,77.0,72.5,77.0,68.9,2.88999999999999,92.0,14.506,745.3,29.83,14.658,-0.2,3.0,0.0,0.0,0.0,14.0,63.0,0.0,77.0,1.0,0.0,825.6,0.0,0.0,0.6,9.0,0.0,29.0,0.0,77.0,75.2,350.0,825.6,-50.0,0.0,0.0,0.0,0.0,400.0,0.0,0.0,0.0,0.0,0.0,0.0,63.5,742.2,4.443,0.0,14.4507502,17.2707926301881,0.0,1.71105734443144,0.0,0.0,0.0,0.0,21.0,21.999999999999996,21.0,21.999999999999996,24.0,25.0,26.0,20.500000000000004,23.5,28.000000000000004,0.0,0.0,2.7530912671901873,0.5267545227845414,26.94000000000001
362.0,14.0,0.7,742.2,0.0,0.0,0.0,20.0,69.8,69.8,69.8,68.0,68.0,0.70637781505407,71.6,75.2,987.819166666667,3556149.0,0.0,0.0,5.15416666666667,4.12333333333333,3.865625,1564.7,1523.2,1169.9,1102.4,0.0,18.0,0.0,0.0,740.0,2378.0,3.86,9.0,3.86,61.0,0.0,987.819166666667,0.0,63.5,75.2,69.8,54.0,77.0,72.5,77.0,68.9,2.82999999999998,92.0,14.496,744.6,25.52,14.665,18.9,3.0,0.0,0.0,0.0,14.0,63.0,0.0,77.0,1.0,0.0,825.6,0.0,0.0,0.6,9.0,0.0,29.0,0.0,77.0,75.2,350.0,825.6,-50.0,0.0,0.0,0.0,0.0,400.0,0.0,0.0,0.0,0.0,0.0,0.0,63.5,742.2,4.443,0.0,14.4507502,17.1769125988597,0.0,1.71105734443144,0.0,0.0,0.0,0.0,21.0,21.999999999999996,21.0,21.999999999999996,24.0,25.0,26.0,20.500000000000004,23.5,28.000000000000004,0.0,0.0,2.7530912671901873,0.5267545227845414,22.69000000000002
363.0,14.0,0.7,742.2,0.0,0.0,0.0,20.0,69.8,69.8,69.8,68.0,68.0,0.70637781505407,71.6,75.2,987.819166666667,3556149.0,0.0,0.0,5.15416666666667,4.12333333333333,3.865625,1564.7,1523.2,1169.9,1102.4,0.0,18.0,0.0,0.0,740.0,2378.0,3.86,9.0,3.86,61.0,0.0,987.819166666667,0.0,63.5,75.2,69.8,54.0,77.0,72.5,77.0,68.9,2.82999999999998,92.0,14.496,744.6,25.52,14.665,18.9,3.0,0.0,0.0,0.0,14.0,63.0,0.0,77.0,1.0,0.0,825.6,0.0,0.0,0.6,9.0,0.0,29.0,0.0,77.0,77.0,350.0,825.6,-50.0,0.0,0.0,0.0,0.0,400.0,0.0,0.0,0.0,0.0,0.0,0.0,63.5,741.4,4.442,62.596855,14.4605162,17.1769125988597,0.0,1.71105734443144,0.0,0.0,0.0,0.0,21.0,21.999999999999996,21.0,21.999999999999996,24.0,25.0,26.0,20.500000000000004,23.5,28.000000000000004,0.0,0.0,2.7530912671901873,0.5267545227845414,22.69000000000002
364.0,14.0,12.0,741.1,0.0,0.0,0.0,20.0,69.8,69.8,69.8,68.0,69.8,12.0913869670071,71.6,75.2,987.819722222222,3556151.0,0.0,0.0,5.14652777777778,4.11722222222222,3.85989583333333,1564.7,1523.2,1169.9,1102.4,0.0,634.0,0.0,0.0,739.0,2378.0,3.86,12.0,3.84,61.0,0.0,987.819722222222,0.0,63.5,75.2,69.8,54.0,77.0,72.5,77.0,68.9,3.00999999999999,92.0,14.512,744.0,28.26,14.651,-0.1,3.0,0.0,0.0,0.0,14.0,63.0,0.0,77.0,1.0,0.0,825.6,0.0,0.0,0.6,9.0,0.0,29.0,0.0,77.0,77.0,350.0,825.6,-50.0,0.0,0.0,0.0,0.0,400.0,0.0,0.0,0.0,0.0,0.0,0.0,63.5,741.4,4.442,60.253135,14.4317065,17.1140274231436,0.0,1.71409785317289,1.01200917554986,0.628833153420591,0.0,0.0326767352579197,21.0,21.999999999999996,21.0,21.999999999999996,24.0,25.0,26.0,20.500000000000004,23.5,28.000000000000004,7.99828998647896,8.99807623478884,2.75798344575518,0.5259738302824355,25.25000000000001
365.0,14.0,12.0,741.1,0.0,0.0,0.0,20.0,69.8,69.8,69.8,68.0,69.8,12.0913869670071,71.6,75.2,987.819722222222,3556151.0,0.0,0.0,5.14652777777778,4.11722222222222,3.85989583333333,1564.7,1523.2,1169.9,1102.4,0.0,634.0,0.0,0.0,739.0,2378.0,3.86,12.0,3.84,61.0,0.0,987.819722222222,0.0,63.5,75.2,69.8,54.0,77.0,72.5,77.0,68.9,3.00999999999999,92.0,14.512,744.0,28.26,14.651,-0.1,3.0,0.0,0.0,0.0,14.0,63.0,0.0,77.0,1.0,0.0,825.6,0.0,0.0,0.6,9.0,0.0,29.0,0.0,77.0,77.0,350.0,825.6,-50.0,0.0,0.0,0.0,0.0,400.0,0.0,0.0,0.0,0.0,0.0,0.0,63.5,740.3,4.443,60.253135,14.4317065,17.1140274231436,0.0,1.71409785317289,1.01200917554986,0.628833153420591,0.0,0.0326767352579197,21.0,21.999999999999996,21.0,21.999999999999996,24.0,25.0,26.0,20.500000000000004,23.5,28.000000000000004,7.99828998647896,8.99807623478884,2.75798344575518,0.5259738302824355,25.25000000000001
366.0,14.0,15.9,740.5,0.0,0.0,0.0,20.0,69.8,69.8,69.8,68.0,69.8,16.0081169410553,71.6,75.2,987.820277777778,3556153.0,0.0,0.0,5.14236111111111,4.11388888888889,3.85677083333333,1564.7,1523.2,1169.9,1102.4,0.0,1252.0,0.0,0.0,738.0,2378.0,3.86,19.0,3.84,2.0,0.0,987.820277777778,0.0,63.5,75.2,69.8,54.0,77.0,72.5,77.0,68.9,2.79000000000002,92.0,14.494,744.0,26.37,14.653,34.4,3.0,0.0,0.0,0.0,14.0,63.0,0.0,77.0,1.0,0.0,825.6,0.0,0.0,0.6,9.0,0.0,29.0,0.0,77.0,77.0,350.0,825.6,-50.0,0.0,0.0,0.0,0.0,400.0,0.0,0.0,0.0,0.0,0.0,0.0,63.5,740.3,4.443,44.4818525,14.4595396,17.0749164233748,0.0,1.71955771977416,1.35893221900891,0.844401071857788,0.0,0.0576338628211462,21.0,21.999999999999996,21.0,21.999999999999996,24.0,25.0,26.0,20.500000000000004,23.5,28.000000000000004,17.886800848668848,15.99657997295792,2.7667683711166235,11.937447383337284,23.57999999999998
367.0,14.0,15.9,740.5,0.0,0.0,0.0,20.0,69.8,69.8,69.8,68.0,69.8,16.0081169410553,71.6,75.2,987.820277777778,3556153.0,0.0,0.0,5.14236111111111,4.11388888888889,3.85677083333333,1564.7,1523.2,1169.9,1102.4,0.0,1252.0,0.0,0.0,738.0,2378.0,3.86,19.0,3.84,2.0,0.0,987.820277777778,0.0,63.5,75.2,69.8,54.0,77.0,72.5,77.0,68.9,2.79000000000002,92.0,14.494,744.0,26.37,14.653,34.4,3.0,0.0,0.0,0.0,14.0,63.0,0.0,77.0,1.0,0.0,825.6,0.0,0.0,0.6,9.0,0.0,29.0,0.0,77.0,77.0,350.0,825.6,-50.0,0.0,0.0,0.0,0.0,400.0,0.0,0.0,0.0,0.0,0.0,0.0,63.5,740.7,4.443,44.4818525,14.4595396,17.0749164233748,0.0,1.71955771977416,1.35893221900891,0.844401071857788,0.0,0.0576338628211462,21.0,21.999999999999996,21.0,21.999999999999996,24.0,25.0,26.0,20.500000000000004,23.5,28.000000000000004,17.886800848668848,15.99657997295792,2.7667683711166235,11.937447383337284,23.57999999999998
368.0,14.0,5.6,741.3,0.0,0.0,0.0,20.0,69.8,69.8,69.8,68.0,69.8,5.64417002748135,71.6,75.2,987.820833333333,3556155.0,0.0,0.0,5.14791666666667,4.11833333333333,3.8609375,1564.7,1523.3,1169.9,1102.4,0.0,1484.0,0.0,0.0,739.0,2378.0,3.86,22.0,3.84,145.0,0.0,987.820833333333,0.0,63.5,75.2,69.8,54.0,77.0,72.5,77.0,68.9,3.13,92.0,14.498,744.5,26.88,14.652,112.4,3.0,0.0,0.0,0.0,14.0,63.0,0.0,77.0,1.0,0.0,825.6,0.0,0.0,0.6,9.0,0.0,29.0,0.0,77.0,77.0,350.0,825.6,-50.0,0.0,0.0,0.0,0.0,400.0,0.0,0.0,0.0,0.0,0.0,0.0,63.5,740.7,4.443,29.68712,14.4307299,17.0429635933636,0.0,1.72570095391179,4.33601202520668,2.6942721281147,0.0,0.0648613279591366,21.0,21.999999999999996,21.0,21.999999999999996,24.0,25.0,26.0,20.500000000000004,23.5,28.000000000000004,15.99657997295792,17.99615246957765,2.77665283484407,11.950344017917525,23.75
369.0,14.0,7.1,741.2,0.0,0.0,0.0,20.0,69.8,69.8,69.8,68.0,69.8,7.15503595349414,71.6,75.2,987.821388888889,3556157.0,0.0,0.0,5.14722222222222,4.11777777777778,3.86041666666667,1564.7,1523.3,1169.9,1102.4,0.0,1465.0,0.0,0.0,739.0,2351.0,3.86,10.0,3.84,61.0,0.0,987.821388888889,0.0,63.5,75.2,69.8,54.0,77.0,72.5,77.0,68.9,3.13,92.0,14.498,744.5,26.88,14.652,112.4,3.0,0.0,0.0,0.0,14.0,63.0,0.0,77.0,1.0,0.0,825.6,0.0,0.0,0.6,9.0,0.0,29.0,0.0,77.0,77.0,350.0,825.6,-50.0,0.0,0.0,0.0,0.0,400.0,0.0,0.0,0.0,0.0,0.0,0.0,63.5,741.3,4.442,29.68712,14.4307299,17.0429635933636,0.0,1.72570095391179,4.33601202520668,2.6942721281147,0.0,0.0648613279591366,21.0,21.999999999999996,21.0,21.999999999999996,24.0,25.0,26.0,20.500000000000004,23.5,28.000000000000004,15.99657997295792,17.99615246957765,2.77665283484407,5.335597280756257,23.75
370.0,14.0,7.1,741.2,0.0,0.0,0.0,20.0,69.8,69.8,69.8,68.0,69.8,7.15503595349414,71.6,75.2,987.821388888889,3556157.0,0.0,0.0,5.14722222222222,4.11777777777778,3.86041666666667,1564.7,1523.3,1169.9,1102.4,0.0,1465.0,0.0,0.0,739.0,2351.0,3.86,10.0,3.84,61.0,0.0,987.821388888889,0.0,63.5,75.2,69.8,54.0,77.0,72.5,77.0,68.9,2.63999999999999,92.0,14.5,744.0,28.23,14.656,40.0,3.0,0.0,0.0,0.0,14.0,63.0,0.0,77.0,1.0,0.0,825.6,0.0,0.0,0.6,9.0,0.0,29.0,0.0,77.0,77.0,350.0,825.6,-50.0,0.0,0.0,0.0,0.0,400.0,0.0,0.0,0.0,0.0,0.0,0.0,63.5,741.3,4.442,27.53871,14.4605162,17.0117805707187,0.0,1.73176180168579,3.42041455424397,2.12534641198513,0.0,0.0648476336941096,21.0,21.999999999999996,21.0,21.999999999999996,24.0,25.0,26.0,20.500000000000004,23.5,28.000000000000004,15.99657997295792,17.99615246957765,2.7864047389124362,5.335597280756257,25.59000000000001
371.0,14.0,12.9,740.7,0.0,0.0,0.0,20.0,69.8,69.8,69.8,68.0,69.8,12.9912253419873,71.6,75.2,987.821944444444,3556159.0,0.0,0.0,5.14375,4.115,3.8578125,1564.7,1523.3,1169.9,1102.4,0.0,1642.0,0.0,0.0,738.0,2351.0,3.86,12.0,3.84,64.0,0.0,987.821944444444,0.0,63.5,75.2,69.8,54.0,77.0,72.5,77.0,68.9,2.63999999999999,92.0,14.5,744.0,28.23,14.656,40.0,3.0,0.0,0.0,0.0,14.0,63.0,0.0,77.0,1.0,0.0,825.6,0.0,0.0,0.6,9.0,0.0,29.0,0.0,77.0,77.0,350.0,825.6,-50.0,0.0,0.0,0.0,0.0,400.0,0.0,0.0,0.0,0.0,0.0,0.0,63.5,741.5,4.443,27.53871,14.4605162,17.0117805707187,0.0,1.73176180168579,3.42041455424397,2.12534641198513,0.0,0.0648476336941096,21.0,21.999999999999996,21.0,21.999999999999996,24.0,25.0,26.0,20.500000000000004,23.5,28.000000000000004,15.99657997295792,17.99615246957765,2.7864047389124362,5.331997984155645,25.59000000000001
372.0,14.0,12.9,740.7,0.0,0.0,0.0,20.0,69.8,69.8,69.8,68.0,69.8,12.9912253419873,71.6,75.2,987.821944444444,3556159.0,0.0,0.0,5.14375,4.115,3.8578125,1564.7,1523.3,1169.9,1102.4,0.0,1642.0,0.0,0.0,738.0,2351.0,3.86,12.0,3.84,64.0,0.0,987.821944444444,0.0,63.5,75.2,69.8,54.0,77.0,72.5,77.0,68.9,3.06999999999999,92.0,14.507,743.9,25.38,14.659,-7.6,3.0,0.0,0.0,0.0,14.0,63.0,0.0,77.0,1.0,0.0,825.6,0.0,0.0,0.6,9.0,0.0,29.0,0.0,77.0,77.0,350.0,825.6,-50.0,0.0,0.0,0.0,0.0,400.0,0.0,0.0,0.0,0.0,0.0,0.0,63.5,741.5,4.443,48.63219,14.4614928,16.9908024173983,0.0,1.73883080262655,2.19779529734601,1.36564626170718,0.0,0.0432420405188622,21.0,21.999999999999996,21.0,21.999999999999996,24.0,25.0,26.0,20.500000000000004,23.5,28.000000000000004,21.65162093996069,20.995511214507257,2.7977787614261187,5.331997984155645,22.31000000000001
373.0,14.0,17.4,740.1,0.0,0.0,0.0,20.0,69.8,69.8,69.8,68.0,69.8,17.5088536860192,71.6,75.2,987.8225,3556161.0,0.0,0.0,5.13958333333333,4.11166666666667,3.8546875,1564.7,1523.3,1169.9,1102.4,0.0,1913.0,0.0,0.0,738.0,2351.0,3.84,12.0,3.84,150.0,0.0,987.8225,0.0,63.5,75.2,69.8,54.0,77.0,72.5,77.0,68.9,3.06999999999999,92.0,14.507,743.9,25.38,14.659,-7.6,3.0,0.0,0.0,0.0,14.0,63.0,0.0,77.0,1.0,0.0,825.6,0.0,0.0,0.6,9.0,0.0,29.0,0.0,77.0,77.0,350.0,825.6,-50.0,0.0,0.0,0.0,0.0,400.0,0.0,0.0,0.0,0.0,0.0,0.0,63.5,739.8,4.443,48.63219,14.4614928,16.9908024173983,0.0,1.73883080262655,2.19779529734601,1.36564626170718,0.0,0.0432420405188622,21.0,21.999999999999996,21.0,21.999999999999996,24.0,25.0,26.0,20.500000000000004,23.5,28.000000000000004,21.65162093996069,20.995511214507257,2.7977787614261187,13.056565015674273,22.31000000000001
374.0,14.0,17.4,740.1,0.0,0.0,0.0,20.0,69.8,69.8,69.8,68.0,69.8,17.5088536860192,71.6,75.2,987.8225,3556161.0,0.0,0.0,5.13958333333333,4.11166666666667,3.8546875,1564.7,1523.3,1169.9,1102.4,0.0,1913.0,0.0,0.0,738.0,2351.0,3.84,12.0,3.84,150.0,0.0,987.8225,0.0,63.5,75.2,69.8,53.0,77.0,72.5,77.0,68.9,2.85000000000002,92.0,14.512,744.0,25.54,14.645,-16.9,3.0,0.0,0.0,0.0,14.0,63.0,0.0,77.0,1.0,0.0,825.6,0.0,0.0,0.6,9.0,0.0,29.0,0.0,77.0,77.0,350.0,825.6,-50.0,0.0,0.0,0.0,0.0,400.0,0.0,0.0,0.0,0.0,0.0,0.0,63.5,739.8,4.443,28.5640875,14.4517268,16.9831386123788,0.0,1.74724001444412,1.94133442669288,1.20628891404858,0.0,0.0325680346822282,21.0,21.999999999999996,21.0,21.999999999999996,24.0,25.0,26.0,20.500000000000004,23.5,28.000000000000004,24.807196286188578,24.99465620774668,2.811309183240589,13.056565015674273,22.68999999999998
375.0,14.0,-8.4,742.4,0.0,0.0,0.0,20.0,69.8,69.8,69.8,68.0,68.0,-8.47881794496592,71.6,75.2,987.823055555556,3556163.0,0.0,0.0,5.15555555555556,4.12444444444444,3.86666666666667,1564.7,1523.3,1169.9,1102.5,0.0,1748.0,0.0,0.0,740.0,2351.0,3.86,19.0,3.86,145.0,0.0,987.823055555556,0.0,63.5,75.2,69.8,53.0,77.0,72.5,77.0,68.9,2.85000000000002,92.0,14.512,744.0,25.54,14.645,-16.9,3.0,0.0,0.0,0.0,14.0,63.0,0.0,77.0,1.0,0.0,825.6,0.0,0.0,0.6,9.0,0.0,29.0,0.0,77.0,77.0,350.0,825.6,-50.0,0.0,0.0,0.0,0.0,400.0,0.0,0.0,0.0,0.0,0.0,0.0,63.5,742.2,4.443,28.5640875,14.4517268,16.9831386123788,0.0,1.74724001444412,1.94133442669288,1.20628891404858,0.0,0.0325680346822282,21.0,21.999999999999996,21.0,21.999999999999996,24.0,25.0,26.0,20.500000000000004,23.5,28.000000000000004,24.807196286188578,24.99465620774668,2.811309183240589,13.09714074805645,22.68999999999998
376.0,14.0,-8.4,742.4,0.0,0.0,0.0,20.0,69.8,69.8,69.8,68.0,68.0,-8.47881794496592,71.6,75.2,987.823055555556,3556163.0,0.0,0.0,5.15555555555556,4.12444444444444,3.86666666666667,1564.7,1523.3,1169.9,1102.5,0.0,1748.0,0.0,0.0,740.0,2351.0,3.86,19.0,3.86,145.0,0.0,987.823055555556,0.0,63.5,75.2,69.8,53.0,76.1,72.5,77.0,68.9,2.78000000000003,92.0,14.512,746.6,30.34,14.653,-12.5,3.0,0.0,0.0,0.0,14.0,63.0,0.0,77.0,1.0,0.0,825.6,0.0,0.0,0.6,9.0,0.0,29.0,0.0,77.0,77.0,350.0,825.6,-50.0,0.0,0.0,0.0,0.0,400.0,0.0,0.0,0.0,0.0,0.0,0.0,63.5,742.2,4.443,11.425635,14.4307299,16.9625244586464,0.0,1.75431096509233,-3.36745689655172,-2.09244005926724,0.0,0.0325680346822282,21.0,21.999999999999996,21.0,21.999999999999996,24.0,25.0,26.0,20.500000000000004,23.5,26.999999999999996,15.99657997295792,20.995511214507257,2.822686342833559,13.09714074805645,27.55999999999997
377.0,14.0,-7.6,742.6,0.0,0.0,0.0,20.0,69.8,69.8,69.8,68.0,69.8,-7.67337809887508,71.6,75.2,987.823611111111,3556165.0,0.0,0.0,5.15694444444444,4.12555555555556,3.86770833333333,1564.7,1523.3,1169.9,1102.5,0.0,1186.0,0.0,0.0,741.0,2376.0,3.86,11.0,3.86,49.0,0.0,987.823611111111,0.0,63.5,75.2,69.8,53.0,76.1,72.5,77.0,68.9,2.78000000000003,92.0,14.512,746.6,30.34,14.653,-12.5,3.0,0.0,0.0,0.0,14.0,63.0,0.0,77.0,1.0,0.0,825.6,0.0,0.0,0.6,9.0,0.0,29.0,0.0,77.0,77.0,350.0,825.6,-50.0,0.0,0.0,0.0,0.0,400.0,0.0,0.0,0.0,0.0,0.0,0.0,63.5,742.6,4.443,11.425635,14.4307299,16.9625244586464,0.0,1.75431096509233,-3.36745689655172,-2.09244005926724,0.0,0.0325680346822282,21.0,21.999999999999996,21.0,21.999999999999996,24.0,25.0,26.0,20.500000000000004,23.5,26.999999999999996,15.99657997295792,20.995511214507257,2.822686342833559,-5.722131319071648,27.55999999999997
378.0,14.0,-7.6,742.6,0.0,0.0,0.0,20.0,69.8,69.8,69.8,68.0,69.8,-7.67337809887508,71.6,75.2,987.823611111111,3556165.0,0.0,0.0,5.15694444444444,4.12555555555556,3.86770833333333,1564.7,1523.3,1169.9,1102.5,0.0,1186.0,0.0,0.0,741.0,2376.0,3.86,11.0,3.86,49.0,0.0,987.823611111111,0.0,63.5,75.2,69.8,53.0,77.0,72.5,77.0,68.9,2.84000000000003,92.0,14.512,745.6,25.79,14.658,-27.7,3.0,0.0,0.0,0.0,14.0,63.0,0.0,77.0,1.0,0.0,825.6,0.0,0.0,0.6,9.0,0.0,29.0,0.0,77.0,77.0,350.0,825.6,-50.0,0.0,0.0,0.0,0.0,400.0,0.0,0.0,0.0,0.0,0.0,0.0,63.5,742.6,4.443,16.7478325,14.4605162,16.9194700689289,0.0,1.75902318099452,-2.48061575970629,-1.54138269522446,0.0,,21.0,21.999999999999996,21.0,21.999999999999996,24.0,25.0,26.0,20.500000000000004,23.5,28.000000000000004,13.106572848937208,13.997007476338178,2.8302682982201826,-5.722131319071648,22.949999999999967
379.0,14.0,-3.6,742.4,0.0,0.0,0.0,20.0,69.8,69.8,69.8,68.0,69.8,-3.63377911927111,71.6,75.2,987.824166666667,3556167.0,0.0,0.0,5.15555555555556,4.12444444444444,3.86666666666667,1564.7,1523.3,1169.9,1102.5,0.0,916.0,0.0,0.0,740.0,2376.0,3.86,11.0,3.86,99.0,0.0,987.824166666667,0.0,63.5,75.2,69.8,53.0,77.0,72.5,77.0,68.9,2.84000000000003,92.0,14.512,745.6,25.79,14.658,-27.7,3.0,0.0,0.0,0.0,14.0,63.0,0.0,77.0,1.0,0.0,825.6,0.0,0.0,0.6,9.0,0.0,29.0,0.0,77.0,77.0,350.0,825.6,-50.0,0.0,0.0,0.0,0.0,400.0,0.0,0.0,0.0,0.0,0.0,0.0,63.5,742.4,4.44,16.7478325,14.4605162,16.9194700689289,0.0,1.75902318099452,-2.48061575970629,-1.54138269522446,0.0,,21.0,21.999999999999996,21.0,21.999999999999996,24.0,25.0,26.0,20.500000000000004,23.5,28.000000000000004,13.106572848937208,13.997007476338178,2.8302682982201826,-2.709753258218576,22.949999999999967
380.0,14.0,-3.6,742.4,0.0,0.0,0.0,20.0,69.8,69.8,69.8,68.0,69.8,-3.63377911927111,71.6,75.2,987.824166666667,3556167.0,0.0,0.0,5.15555555555556,4.12444444444444,3.86666666666667,1564.7,1523.3,1169.9,1102.5,0.0,916.0,0.0,0.0,740.0,2376.0,3.86,11.0,3.86,99.0,0.0,987.824166666667,0.0,63.5,75.2,69.8,53.0,76.1,72.5,77.0,68.9,2.81999999999999,92.0,14.512,745.2,25.35,14.65,-8.6,3.0,0.0,0.0,0.0,14.0,63.0,0.0,77.0,1.0,0.0,825.6,0.0,0.0,0.6,9.0,0.0,29.0,0.0,77.0,77.0,350.0,825.6,-50.0,0.0,0.0,0.0,0.0,400.0,0.0,0.0,0.0,0.0,0.0,0.0,63.5,742.4,4.44,18.4079675,14.4697939,16.8671896162873,0.0,1.76272637453521,-4.115780651341,-2.55742673910441,0.0,-0.0363138600941304,21.0,21.999999999999996,21.0,21.999999999999996,24.0,25.0,26.0,20.500000000000004,23.5,26.999999999999996,7.99828998647896,10.99764873140857,2.836226736627153,-2.709753258218576,22.530000000000012
381.0,14.0,5.9,741.5,0.0,0.0,0.0,20.0,69.8,69.8,69.8,68.0,69.8,5.94814063246199,71.6,75.2,987.824722222222,3556169.0,0.0,0.0,5.14930555555556,4.11944444444444,3.86197916666667,1564.7,1523.3,1169.9,1102.5,0.0,881.0,0.0,0.0,739.0,2376.0,3.86,12.0,3.86,64.0,0.0,987.824722222222,0.0,63.5,75.2,69.8,53.0,76.1,72.5,77.0,68.9,2.81999999999999,92.0,14.512,745.2,25.35,14.65,-8.6,3.0,0.0,0.0,0.0,14.0,63.0,0.0,77.0,1.0,0.0,825.6,0.0,0.0,0.6,9.0,0.0,29.0,0.0,77.0,77.0,350.0,825.6,-50.0,0.0,0.0,0.0,0.0,400.0,0.0,0.0,0.0,0.0,0.0,0.0,63.5,742.0,4.443,18.4079675,14.4697939,16.8187803080653,0.0,1.76675558519496,2.74295118689784,1.7043903219539,0.0,-0.0363138600941304,21.0,21.999999999999996,21.0,21.999999999999996,24.0,25.0,26.0,20.500000000000004,23.5,26.999999999999996,7.99828998647896,11.997434979718449,2.8427097365786906,-2.7064682663915285,22.530000000000012
382.0,14.0,5.9,741.5,0.0,0.0,0.0,20.0,69.8,69.8,69.8,68.0,69.8,5.94814063246199,71.6,75.2,987.824722222222,3556169.0,0.0,0.0,5.14930555555556,4.11944444444444,3.86197916666667,1564.7,1523.3,1169.9,1102.5,0.0,881.0,0.0,0.0,739.0,2376.0,3.86,12.0,3.86,64.0,0.0,987.824722222222,0.0,63.5,75.2,69.8,53.0,76.1,72.5,77.0,68.9,2.74000000000001,92.0,14.497,744.0,25.32,14.634,-7.9,3.0,0.0,0.0,0.0,14.0,63.0,0.0,77.0,1.0,0.0,825.6,0.0,0.0,0.6,9.0,0.0,29.0,0.0,77.0,77.0,350.0,825.6,-50.0,0.0,0.0,0.0,0.0,400.0,0.0,0.0,0.0,0.0,0.0,0.0,63.5,742.0,4.443,39.84324,14.4414725,16.8187803080653,0.0,1.76675558519496,2.74295118689784,1.7043903219539,0.0,-0.0363138600941304,21.0,21.999999999999996,21.0,21.999999999999996,24.0,25.0,26.0,20.500000000000004,23.5,26.999999999999996,11.997434979718449,11.997434979718449,2.8427097365786906,-2.7064682663915285,22.57999999999999
383.0,14.0,-2.0,742.0,0.0,0.0,0.0,20.0,69.8,69.8,69.8,68.0,68.0,-2.01767848007899,71.6,75.2,987.825277777778,3556171.0,0.0,0.0,5.15277777777778,4.12222222222222,3.86458333333333,1564.7,1523.3,1169.9,1102.5,0.0,1260.0,0.0,0.0,740.0,2376.0,3.86,22.0,3.86,61.0,0.0,987.825277777778,0.0,63.5,75.2,69.8,53.0,76.1,72.5,77.0,68.9,2.74000000000001,92.0,14.497,744.0,25.32,14.634,-7.9,3.0,0.0,0.0,0.0,14.0,63.0,0.0,77.0,1.0,0.0,825.6,0.0,0.0,0.6,9.0,0.0,29.0,0.0,77.0,77.0,350.0,825.6,-50.0,0.0,0.0,0.0,0.0,400.0,0.0,0.0,0.0,0.0,0.0,0.0,63.5,741.7,4.443,39.84324,14.4414725,16.7802792836301,0.0,1.77180889366516,-10.1078167115903,-6.28070417789757,0.0,-0.0363138600941304,21.0,21.999999999999996,21.0,21.999999999999996,24.0,25.0,26.0,20.500000000000004,23.5,26.999999999999996,11.997434979718449,14.996793724648056,2.8508405099072425,-1.5046073676949963,22.57999999999999
384.0,14.0,-2.0,742.0,0.0,0.0,0.0,20.0,69.8,69.8,69.8,68.0,68.0,-2.01767848007899,71.6,75.2,987.825277777778,3556171.0,0.0,0.0,5.15277777777778,4.12222222222222,3.86458333333333,1564.7,1523.3,1169.9,1102.5,0.0,1260.0,0.0,0.0,740.0,2376.0,3.86,22.0,3.86,61.0,0.0,987.825277777778,0.0,63.5,75.2,69.8,53.0,76.1,72.5,77.0,68.9,2.72000000000003,92.0,14.487,745.3,27.64,14.652,-101.1,3.0,0.0,0.0,0.0,14.0,63.0,0.0,77.0,1.0,0.0,825.6,0.0,0.0,0.6,9.0,0.0,29.0,0.0,77.0,77.0,350.0,825.6,-50.0,0.0,0.0,0.0,0.0,400.0,0.0,0.0,0.0,0.0,0.0,0.0,63.5,741.7,4.443,22.9000975,14.4385427,16.7802792836301,0.0,1.77180889366516,-10.1078167115903,-6.28070417789757,0.0,,21.0,21.999999999999996,21.0,21.999999999999996,24.0,25.0,26.0,20.500000000000004,23.5,26.999999999999996,11.997434979718449,14.996793724648056,2.8508405099072425,-1.5046073676949963,24.91999999999997
385.0,14.0,2.8,741.8,0.0,0.0,0.0,20.0,69.8,69.8,69.8,68.0,69.8,2.8239884840049,71.6,75.2,987.825833333333,3556173.0,0.0,0.0,5.15138888888889,4.12111111111111,3.86354166666667,1564.7,1523.3,1169.9,1102.5,0.0,1206.0,0.0,0.0,739.0,2376.0,3.86,22.0,3.86,61.0,0.0,987.825833333333,0.0,63.5,75.2,69.8,53.0,77.0,72.5,77.0,68.9,2.72000000000003,92.0,14.487,745.3,27.64,14.652,-101.1,3.0,0.0,0.0,0.0,14.0,63.0,0.0,77.0,1.0,0.0,825.6,0.0,0.0,0.6,9.0,0.0,29.0,0.0,77.0,77.0,350.0,825.6,-50.0,0.0,0.0,0.0,0.0,400.0,0.0,0.0,0.0,0.0,0.0,0.0,63.5,742.2,4.443,22.9000975,14.4385427,16.7416066597456,0.0,1.77693749575396,7.22181566074799,4.48742681893464,0.0,,21.0,21.999999999999996,21.0,21.999999999999996,24.0,25.0,26.0,20.500000000000004,23.5,26.999999999999996,11.997434979718449,14.996793724648056,2.8590924306681216,-1.5042018131484491,24.91999999999997
386.0,14.0,2.8,741.8,0.0,0.0,0.0,20.0,69.8,69.8,69.8,68.0,69.8,2.8239884840049,71.6,75.2,987.825833333333,3556173.0,0.0,0.0,5.15138888888889,4.12111111111111,3.86354166666667,1564.7,1523.3,1169.9,1102.5,0.0,1206.0,0.0,0.0,739.0,2376.0,3.86,22.0,3.86,61.0,0.0,987.825833333333,0.0,63.5,75.2,69.8,53.0,77.0,72.5,77.0,68.9,2.88,92.0,14.513,744.0,30.75,14.649,-120.0,3.0,0.0,0.0,0.0,14.0,63.0,0.0,77.0,1.0,0.0,825.6,0.0,0.0,0.6,9.0,0.0,29.0,0.0,77.0,77.0,350.0,825.6,-50.0,0.0,0.0,0.0,0.0,400.0,0.0,0.0,0.0,0.0,0.0,0.0,63.5,742.2,4.443,33.886285,14.4507502,16.7416066597456,0.0,1.77693749575396,7.22181566074799,4.48742681893464,0.0,,21.0,21.999999999999996,21.0,21.999999999999996,24.0,25.0,26.0,20.500000000000004,23.5,28.000000000000004,16.137174914126472,14.996793724648056,2.8590924306681216,-1.5042018131484491,27.87
387.0,14.0,10.6,741.0,0.0,0.0,0.0,20.0,69.8,69.8,69.8,68.0,69.8,10.6792839552752,71.6,75.2,987.826388888889,3556175.0,0.0,0.0,5.14583333333333,4.11666666666667,3.859375,1564.7,1523.3,1169.9,1102.5,0.0,1321.0,0.0,0.0,739.0,2367.0,3.86,12.0,3.84,78.0,0.0,987.826388888889,0.0,63.5,75.2,69.8,53.0,76.1,72.5,77.0,68.9,2.88,92.0,14.513,744.0,30.75,14.649,-120.0,3.0,0.0,0.0,0.0,14.0,63.0,0.0,77.0,1.0,0.0,825.6,0.0,0.0,0.6,9.0,0.0,29.0,0.0,77.0,77.0,350.0,825.6,-50.0,0.0,0.0,0.0,0.0,400.0,0.0,0.0,0.0,0.0,0.0,0.0,63.5,741.1,4.443,33.886285,14.4507502,16.70916539094,0.0,1.78285568129347,2.16433682173503,1.34485613525832,0.0,0.0215294351360151,21.0,21.999999999999996,21.0,21.999999999999996,24.0,25.0,26.0,20.500000000000004,23.5,28.000000000000004,16.137174914126472,16.99636622126783,2.868614791201193,7.963671853299925,27.87
388.0,14.0,10.6,741.0,0.0,0.0,0.0,20.0,69.8,69.8,69.8,68.0,69.8,10.6792839552752,71.6,75.2,987.826388888889,3556175.0,0.0,0.0,5.14583333333333,4.11666666666667,3.859375,1564.7,1523.3,1169.9,1102.5,0.0,1321.0,0.0,0.0,739.0,2367.0,3.86,12.0,3.84,78.0,0.0,987.826388888889,0.0,63.5,75.2,69.8,53.0,76.1,72.5,77.0,68.9,2.70999999999998,92.0,14.499,744.0,25.87,14.662,29.1,3.0,0.0,0.0,0.0,14.0,63.0,0.0,77.0,1.0,0.0,825.6,0.0,0.0,0.6,9.0,0.0,29.0,0.0,77.0,77.0,350.0,825.6,-50.0,0.0,0.0,0.0,0.0,400.0,0.0,0.0,0.0,0.0,0.0,0.0,63.5,741.1,4.443,50.97591,14.4414725,16.70916539094,0.0,1.78285568129347,2.16433682173503,1.34485613525832,0.0,0.0215294351360151,21.0,21.999999999999996,21.0,21.999999999999996,24.0,25.0,26.0,20.500000000000004,23.5,28.000000000000004,17.824314208149374,16.99636622126783,2.868614791201193,7.963671853299925,23.16000000000002
389.0,14.0,19.6,739.9,0.0,0.0,0.0,20.0,69.8,69.8,69.8,68.0,68.0,19.7172870790059,71.6,75.2,987.826944444444,3556177.0,0.0,0.0,5.13819444444444,4.11055555555556,3.85364583333333,1564.7,1523.3,1169.9,1102.5,0.0,1523.0,0.0,0.0,738.0,2367.0,3.84,22.0,3.84,145.0,0.0,987.826944444444,0.0,63.5,75.2,69.8,53.0,76.1,72.5,77.0,68.9,2.70999999999998,92.0,14.499,744.0,25.87,14.662,29.1,3.0,0.0,0.0,0.0,14.0,63.0,0.0,77.0,1.0,0.0,825.6,0.0,0.0,0.6,9.0,0.0,29.0,0.0,77.0,77.0,350.0,825.6,-50.0,0.0,0.0,0.0,0.0,400.0,0.0,0.0,0.0,0.0,0.0,0.0,63.5,740.1,4.443,50.97591,14.4414725,16.6837000568053,0.0,1.78943234622651,1.31016050155702,0.814095741012989,0.0,0.0249248426307336,21.0,21.999999999999996,21.0,21.999999999999996,24.0,25.0,26.0,20.500000000000004,23.5,28.000000000000004,17.824314208149374,18.995938717887462,2.8791966450784545,14.70342064057114,23.16000000000002
390.0,14.0,19.6,739.9,0.0,0.0,0.0,20.0,69.8,69.8,69.8,68.0,68.0,19.7172870790059,71.6,75.2,987.826944444444,3556177.0,0.0,0.0,5.13819444444444,4.11055555555556,3.85364583333333,1564.7,1523.3,1169.9,1102.5,0.0,1523.0,0.0,0.0,738.0,2367.0,3.84,22.0,3.84,145.0,0.0,987.826944444444,0.0,63.5,75.2,69.8,53.0,76.1,72.5,77.0,68.9,2.78000000000003,92.0,14.514,742.8,25.31,14.634,24.6,3.0,0.0,0.0,0.0,14.0,63.0,0.0,77.0,1.0,0.0,825.6,0.0,0.0,0.6,9.0,0.0,29.0,0.0,77.0,77.0,350.0,825.6,-50.0,0.0,0.0,0.0,0.0,400.0,0.0,0.0,0.0,0.0,0.0,0.0,63.5,740.1,4.443,46.48378,14.4497736,16.6837000568053,0.0,1.78943234622651,1.31016050155702,0.814095741012989,0.0,0.0249248426307336,21.0,21.999999999999996,21.0,21.999999999999996,24.0,25.0,26.0,20.500000000000004,23.5,28.000000000000004,15.99657997295792,18.995938717887462,2.8791966450784545,14.70342064057114,22.52999999999997
391.0,14.0,12.5,740.4,0.0,0.0,0.0,20.0,69.8,69.8,69.8,68.0,69.8,12.5832980681476,71.6,75.2,987.8275,3556179.0,0.0,0.0,5.14166666666667,4.11333333333333,3.85625,1564.7,1523.3,1169.9,1102.5,0.0,1508.0,0.0,0.0,738.0,2367.0,3.84,24.0,3.84,61.0,0.0,987.8275,0.0,63.5,75.2,69.8,53.0,76.1,72.5,77.0,68.9,2.78000000000003,92.0,14.514,742.8,25.31,14.634,24.6,3.0,0.0,0.0,0.0,14.0,63.0,0.0,77.0,1.0,0.0,825.6,0.0,0.0,0.6,9.0,0.0,29.0,0.0,77.0,77.0,350.0,825.6,-50.0,0.0,0.0,0.0,0.0,400.0,0.0,0.0,0.0,0.0,0.0,0.0,63.5,740.2,4.442,46.48378,14.4497736,16.6585130909834,0.0,1.79600496135554,2.05294435440303,1.27564008643976,0.0,0.0141499453033996,21.0,21.999999999999996,21.0,21.999999999999996,24.0,25.0,26.0,20.500000000000004,23.5,28.000000000000004,15.99657997295792,18.995938717887462,2.8897719828210637,9.383518320766294,22.52999999999997
392.0,14.0,12.5,740.4,0.0,0.0,0.0,20.0,69.8,69.8,69.8,68.0,69.8,12.5832980681476,71.6,75.2,987.8275,3556179.0,0.0,0.0,5.14166666666667,4.11333333333333,3.85625,1564.7,1523.3,1169.9,1102.5,0.0,1508.0,0.0,0.0,738.0,2367.0,3.84,24.0,3.84,61.0,0.0,987.8275,0.0,63.5,75.2,69.8,53.0,76.1,72.5,77.0,68.9,2.74000000000001,92.0,14.496,744.0,25.35,14.652,-27.9,3.0,0.0,0.0,0.0,14.0,63.0,0.0,77.0,1.0,0.0,825.6,0.0,0.0,0.6,9.0,0.0,29.0,0.0,77.0,77.0,350.0,825.6,-50.0,0.0,0.0,0.0,0.0,400.0,0.0,0.0,0.0,0.0,0.0,0.0,63.5,740.2,4.442,25.5367825,14.4507502,16.6585130909834,0.0,1.79600496135554,2.05294435440303,1.27564008643976,0.0,0.0141499453033996,21.0,21.999999999999996,21.0,21.999999999999996,24.0,25.0,26.0,20.500000000000004,23.5,28.000000000000004,15.99657997295792,18.995938717887462,2.8897719828210637,9.383518320766294,22.609999999999992
393.0,14.0,0.8,741.6,0.0,0.0,0.0,20.0,69.8,69.8,69.8,68.0,69.8,0.80663631311406,71.6,75.2,987.828055555556,3556181.0,0.0,0.0,5.15,4.12,3.8625,1564.7,1523.3,1169.9,1102.5,0.0,1408.0,0.0,0.0,739.0,2367.0,3.86,24.0,3.86,77.0,0.0,987.828055555556,0.0,63.5,75.2,69.8,53.0,76.1,72.5,77.0,68.9,2.74000000000001,92.0,14.496,744.0,25.35,14.652,-27.9,3.0,0.0,0.0,0.0,14.0,63.0,0.0,77.0,1.0,0.0,825.6,0.0,0.0,0.6,9.0,0.0,29.0,0.0,77.0,77.0,350.0,825.6,-50.0,0.0,0.0,0.0,0.0,400.0,0.0,0.0,0.0,0.0,0.0,0.0,63.5,741.6,4.443,25.5367825,14.4507502,16.6274454960532,0.0,1.80183959140425,28.6542610571737,17.8049268473571,0.0,0.0141499453033996,21.0,21.999999999999996,21.0,21.999999999999996,24.0,25.0,26.0,20.500000000000004,23.5,28.000000000000004,15.99657997295792,16.99636622126783,2.8991599025694383,0.6015185034407614,22.609999999999992
394.0,14.0,0.8,741.6,0.0,0.0,0.0,20.0,69.8,69.8,69.8,68.0,69.8,0.80663631311406,71.6,75.2,987.828055555556,3556181.0,0.0,0.0,5.15,4.12,3.8625,1564.7,1523.3,1169.9,1102.5,0.0,1408.0,0.0,0.0,739.0,2367.0,3.86,24.0,3.86,77.0,0.0,987.828055555556,0.0,63.5,75.2,69.8,53.0,76.1,72.5,77.0,68.9,2.81999999999999,92.0,14.496,745.4,25.3,14.652,-22.7,3.0,0.0,0.0,0.0,14.0,63.0,0.0,77.0,1.0,0.0,825.6,0.0,0.0,0.6,9.0,0.0,29.0,0.0,77.0,77.0,350.0,825.6,-50.0,0.0,0.0,0.0,0.0,400.0,0.0,0.0,0.0,0.0,0.0,0.0,63.5,741.6,4.443,19.238035,14.4404959,16.6274454960532,0.0,1.80183959140425,28.6542610571737,17.8049268473571,0.0,0.0141499453033996,21.0,21.999999999999996,21.0,21.999999999999996,24.0,25.0,26.0,20.500000000000004,23.5,28.000000000000004,11.997434979718449,16.99636622126783,2.8991599025694383,0.6015185034407614,22.48000000000001
395.0,14.0,-0.6,741.8,0.0,0.0,0.0,20.0,69.8,69.8,69.8,68.0,68.0,-0.605140389429622,71.6,75.2,987.828611111111,3556183.0,0.0,0.0,5.15138888888889,4.12111111111111,3.86354166666667,1564.7,1523.3,1169.9,1102.5,0.0,1001.0,0.0,0.0,740.0,2364.0,3.86,22.0,3.86,61.0,0.0,987.828611111111,0.0,63.5,75.2,69.8,53.0,76.1,72.5,77.0,68.9,2.81999999999999,92.0,14.496,745.4,25.3,14.652,-22.7,3.0,0.0,0.0,0.0,14.0,63.0,0.0,77.0,1.0,0.0,825.6,0.0,0.0,0.6,9.0,0.0,29.0,0.0,77.0,77.0,350.0,825.6,-50.0,0.0,0.0,0.0,0.0,400.0,0.0,0.0,0.0,0.0,0.0,0.0,63.5,742.1,4.443,19.238035,14.4404959,16.5809941062386,0.0,1.80595269421716,-26.9614451334592,-16.7530601240226,0.0,-0.0177500387113874,21.0,21.999999999999996,21.0,21.999999999999996,24.0,25.0,26.0,20.500000000000004,23.5,28.000000000000004,11.997434979718449,11.997434979718449,2.9057778849954103,-0.4512605439445354,22.48000000000001
396.0,14.0,-0.6,741.8,0.0,0.0,0.0,20.0,69.8,69.8,69.8,68.0,68.0,-0.605140389429622,71.6,75.2,987.828611111111,3556183.0,0.0,0.0,5.15138888888889,4.12111111111111,3.86354166666667,1564.7,1523.3,1169.9,1102.5,0.0,1001.0,0.0,0.0,740.0,2364.0,3.86,22.0,3.86,61.0,0.0,987.828611111111,0.0,63.5,75.2,69.8,53.0,76.1,72.5,77.0,68.9,2.87,92.0,14.515,744.3,24.98,14.629,-14.5,3.0,0.0,0.0,0.0,14.0,63.0,0.0,77.0,1.0,0.0,825.6,0.0,0.0,0.6,9.0,0.0,29.0,0.0,77.0,77.0,350.0,825.6,-50.0,0.0,0.0,0.0,0.0,400.0,0.0,0.0,0.0,0.0,0.0,0.0,63.5,742.1,4.443,31.0054625,14.4497736,16.5809941062386,0.0,1.80595269421716,-26.9614451334592,-16.7530601240226,0.0,-0.0177500387113874,21.0,21.999999999999996,21.0,21.999999999999996,24.0,25.0,26.0,20.500000000000004,23.5,28.000000000000004,7.99828998647896,11.997434979718449,2.9057778849954103,-0.4512605439445354,22.11
397.0,14.0,6.0,741.2,0.0,0.0,0.0,20.0,69.8,69.8,69.8,68.0,69.8,6.04650925647392,71.6,75.2,987.829166666667,3556185.0,0.0,0.0,5.14722222222222,4.11777777777778,3.86041666666667,1564.7,1523.3,1169.9,1102.5,0.0,928.0,0.0,0.0,739.0,2364.0,3.86,22.0,3.84,61.0,0.0,987.829166666667,0.0,63.5,75.2,69.8,53.0,76.1,72.5,77.0,68.9,2.87,92.0,14.515,744.3,24.98,14.629,-14.5,3.0,0.0,0.0,0.0,14.0,63.0,0.0,77.0,1.0,0.0,825.6,0.0,0.0,0.6,9.0,0.0,29.0,0.0,77.0,77.0,350.0,825.6,-50.0,0.0,0.0,0.0,0.0,400.0,0.0,0.0,0.0,0.0,0.0,0.0,63.5,741.2,4.442,31.0054625,14.4497736,16.5321530669145,0.0,1.80970260858876,2.4734664508005,1.53694032200036,0.0,-0.0284919175943839,21.0,21.999999999999996,21.0,21.999999999999996,24.0,25.0,26.0,20.500000000000004,23.5,28.000000000000004,7.99828998647896,10.99764873140857,2.9118114972193148,-0.45089554485264133,22.11
398.0,14.0,6.0,741.2,0.0,0.0,0.0,20.0,69.8,69.8,69.8,68.0,69.8,6.04650925647392,71.6,75.2,987.829166666667,3556185.0,0.0,0.0,5.14722222222222,4.11777777777778,3.86041666666667,1564.7,1523.3,1169.9,1102.5,0.0,928.0,0.0,0.0,739.0,2364.0,3.86,22.0,3.84,61.0,0.0,987.829166666667,0.0,63.5,75.2,69.8,53.0,76.1,72.5,77.0,68.9,2.81,92.0,14.496,744.0,25.56,14.658,2.2,3.0,0.0,0.0,0.0,14.0,63.0,0.0,77.0,1.0,0.0,825.6,0.0,0.0,0.6,9.0,0.0,29.0,0.0,77.0,77.0,350.0,825.6,-50.0,0.0,0.0,0.0,0.0,400.0,0.0,0.0,0.0,0.0,0.0,0.0,63.5,741.2,4.442,31.542565,14.4414725,16.5321530669145,0.0,1.80970260858876,2.4734664508005,1.53694032200036,0.0,-0.0284919175943839,21.0,21.999999999999996,21.0,21.999999999999996,24.0,25.0,26.0,20.500000000000004,23.5,28.000000000000004,7.99828998647896,10.99764873140857,2.9118114972193148,-0.45089554485264133,22.75
399.0,14.0,0.3,741.7,0.0,0.0,0.0,20.0,69.8,69.8,69.8,68.0,69.8,0.302529406066292,71.6,75.2,987.829722222222,3556187.0,0.0,0.0,5.15069444444444,4.12055555555556,3.86302083333333,1564.7,1523.3,1169.9,1102.5,0.0,864.0,0.0,0.0,739.0,2364.0,3.86,12.0,3.86,61.0,0.0,987.829722222222,0.0,63.5,75.2,69.8,53.0,76.1,72.5,77.0,68.9,2.81,92.0,14.496,744.0,25.56,14.658,2.2,3.0,0.0,0.0,0.0,14.0,63.0,0.0,77.0,1.0,0.0,825.6,0.0,0.0,0.6,9.0,0.0,29.0,0.0,77.0,77.0,350.0,825.6,-50.0,0.0,0.0,0.0,0.0,400.0,0.0,0.0,0.0,0.0,0.0,0.0,63.5,741.4,4.443,31.542565,14.4414725,16.4796550767223,0.0,1.81318095891176,44.9418003685228,27.9255314367894,0.0,-0.0320338017795673,21.0,21.999999999999996,21.0,21.999999999999996,24.0,25.0,26.0,20.500000000000004,23.5,28.000000000000004,7.99828998647896,9.997862483098704,2.917408162889022,0.22559985538127664,22.75
400.0,14.0,0.3,741.7,0.0,0.0,0.0,20.0,69.8,69.8,69.8,68.0,69.8,0.302529406066292,71.6,75.2,987.829722222222,3556187.0,0.0,0.0,5.15069444444444,4.12055555555556,3.86302083333333,1564.7,1523.3,1169.9,1102.5,0.0,864.0,0.0,0.0,739.0,2364.0,3.86,12.0,3.86,61.0,0.0,987.829722222222,0.0,63.5,75.2,69.8,53.0,76.1,72.5,77.0,68.9,2.86000000000001,92.0,14.512,744.5,25.0,14.631,-9.2,3.0,0.0,0.0,0.0,14.0,63.0,0.0,77.0,1.0,0.0,825.6,0.0,0.0,0.6,9.0,0.0,29.0,0.0,77.0,77.0,350.0,825.6,-50.0,0.0,0.0,0.0,0.0,400.0,0.0,0.0,0.0,0.0,0.0,0.0,63.5,741.4,4.443,19.238035,14.4507502,16.4796550767223,0.0,1.81318095891176,44.9418003685228,27.9255314367894,0.0,-0.0320338017795673,21.0,21.999999999999996,21.0,21.999999999999996,24.0,25.0,26.0,20.500000000000004,23.5,28.000000000000004,9.497969358943765,9.997862483098704,2.917408162889022,0.22559985538127664,22.13999999999999
401.0,14.0,6.1,741.2,0.0,0.0,0.0,20.0,69.8,69.8,69.8,68.0,69.8,6.14728441074849,71.6,75.2,987.830277777778,3556189.0,0.0,0.0,5.14722222222222,4.11777777777778,3.86041666666667,1564.7,1523.3,1169.9,1102.5,0.0,652.0,0.0,0.0,739.0,2364.0,3.86,22.0,3.84,61.0,0.0,987.830277777778,0.0,63.5,75.2,69.8,53.0,76.1,72.5,77.0,68.9,2.86000000000001,92.0,14.512,744.5,25.0,14.631,-9.2,3.0,0.0,0.0,0.0,14.0,63.0,0.0,77.0,1.0,0.0,825.6,0.0,0.0,0.6,9.0,0.0,29.0,0.0,77.0,77.0,350.0,825.6,-50.0,0.0,0.0,0.0,0.0,400.0,0.0,0.0,0.0,0.0,0.0,0.0,63.5,741.7,4.443,19.238035,14.4507502,16.4208865954199,0.0,1.8159881767043,1.76939477851601,1.09945060292127,0.0,-0.0318269892328522,21.0,21.999999999999996,21.0,21.999999999999996,24.0,25.0,26.0,20.500000000000004,23.5,28.000000000000004,9.497969358943765,7.99828998647896,2.921924976317219,0.22544777242632066,22.13999999999999
402.0,14.0,6.1,741.2,0.0,0.0,0.0,20.0,69.8,69.8,69.8,68.0,69.8,6.14728441074849,71.6,75.2,987.830277777778,3556189.0,0.0,0.0,5.14722222222222,4.11777777777778,3.86041666666667,1564.7,1523.3,1169.9,1102.5,0.0,652.0,0.0,0.0,739.0,2364.0,3.86,22.0,3.84,61.0,0.0,987.830277777778,0.0,63.5,75.2,69.8,53.0,76.1,72.5,77.0,68.9,2.70999999999998,92.0,14.497,744.0,25.41,14.658,4.2,3.0,0.0,0.0,0.0,14.0,63.0,0.0,77.0,1.0,0.0,825.6,0.0,0.0,0.6,9.0,0.0,29.0,0.0,77.0,77.0,350.0,825.6,-50.0,0.0,0.0,0.0,0.0,400.0,0.0,0.0,0.0,0.0,0.0,0.0,63.5,741.7,4.443,40.81979,14.4507502,16.4208865954199,0.0,1.8159881767043,1.76939477851601,1.09945060292127,0.0,-0.0318269892328522,21.0,21.999999999999996,21.0,21.999999999999996,24.0,25.0,26.0,20.500000000000004,23.5,28.000000000000004,9.622942639982503,7.99828998647896,2.921924976317219,0.22544777242632066,22.70000000000002
403.0,14.0,7.5,741.0,0.0,0.0,0.0,20.0,69.8,69.8,69.8,68.0,69.8,7.55609713816645,71.6,75.2,987.830833333333,3556191.0,0.0,0.0,5.14583333333333,4.11666666666667,3.859375,1564.7,1523.3,1169.9,1102.5,0.0,878.0,0.0,0.0,739.0,2364.0,3.86,22.0,3.84,2.0,0.0,987.830833333333,0.0,63.5,75.2,69.8,53.0,76.1,72.5,77.0,68.9,2.70999999999998,92.0,14.497,744.0,25.41,14.658,4.2,3.0,0.0,0.0,0.0,14.0,63.0,0.0,77.0,1.0,0.0,825.6,0.0,0.0,0.6,9.0,0.0,29.0,0.0,77.0,77.0,350.0,825.6,-50.0,0.0,0.0,0.0,0.0,400.0,0.0,0.0,0.0,0.0,0.0,0.0,63.5,741.1,4.443,40.81979,14.4507502,16.3734604483776,0.0,1.81974658252748,1.97930724246514,1.2298841205578,0.0,-0.0318269892328522,21.0,21.999999999999996,21.0,21.999999999999996,24.0,25.0,26.0,20.500000000000004,23.5,28.000000000000004,9.622942639982503,10.99764873140857,2.927972251286715,4.5828677646348845,22.70000000000002
404.0,14.0,7.5,741.0,0.0,0.0,0.0,20.0,69.8,69.8,69.8,68.0,69.8,7.55609713816645,71.6,75.2,987.830833333333,3556191.0,0.0,0.0,5.14583333333333,4.11666666666667,3.859375,1564.7,1523.3,1169.9,1102.5,0.0,878.0,0.0,0.0,739.0,2364.0,3.86,22.0,3.84,2.0,0.0,987.830833333333,0.0,63.5,75.2,69.8,53.0,76.1,72.5,77.0,68.9,2.69,92.0,14.497,744.0,25.34,14.632,-9.4,3.0,0.0,0.0,0.0,14.0,63.0,0.0,77.0,1.0,0.0,825.6,0.0,0.0,0.6,9.0,0.0,29.0,0.0,77.0,77.0,350.0,825.6,-50.0,0.0,0.0,0.0,0.0,400.0,0.0,0.0,0.0,0.0,0.0,0.0,63.5,741.1,4.443,33.886285,14.4507502,16.3734604483776,0.0,1.81974658252748,1.97930724246514,1.2298841205578,0.0,-0.0318269892328522,21.0,21.999999999999996,21.0,21.999999999999996,24.0,25.0,26.0,20.500000000000004,23.5,28.000000000000004,7.99828998647896,10.99764873140857,2.927972251286715,4.5828677646348845,22.65
405.0,14.0,2.2,741.5,0.0,0.0,0.0,20.0,69.8,69.8,69.8,68.0,69.8,2.21795074430786,71.6,75.2,987.831388888889,3556193.0,0.0,0.0,5.14930555555556,4.11944444444444,3.86197916666667,1564.7,1523.3,1169.9,1102.5,0.0,953.0,0.0,0.0,739.0,2360.0,3.86,24.0,3.86,61.0,0.0,987.831388888889,0.0,63.5,75.2,69.8,53.0,76.1,72.5,77.0,68.9,2.69,92.0,14.497,744.0,25.34,14.632,-9.4,3.0,0.0,0.0,0.0,14.0,63.0,0.0,77.0,1.0,0.0,825.6,0.0,0.0,0.6,9.0,0.0,29.0,0.0,77.0,77.0,350.0,825.6,-50.0,0.0,0.0,0.0,0.0,400.0,0.0,0.0,0.0,0.0,0.0,0.0,63.5,741.4,4.443,33.886285,14.4507502,16.325095553354,0.0,1.823618063409,6.74308833445718,4.18995954146999,0.0,-0.0318269892328522,21.0,21.999999999999996,21.0,21.999999999999996,24.0,25.0,26.0,20.500000000000004,23.5,28.000000000000004,7.99828998647896,10.99764873140857,2.934201464025081,5.638475554982357,22.65
406.0,14.0,2.2,741.5,0.0,0.0,0.0,20.0,69.8,69.8,69.8,68.0,69.8,2.21795074430786,71.6,75.2,987.831388888889,3556193.0,0.0,0.0,5.14930555555556,4.11944444444444,3.86197916666667,1564.7,1523.3,1169.9,1102.5,0.0,953.0,0.0,0.0,739.0,2360.0,3.86,24.0,3.86,61.0,0.0,987.831388888889,0.0,63.5,75.2,69.8,53.0,76.1,72.5,77.0,68.9,2.67000000000002,92.0,14.497,744.4,24.92,14.627,-8.8,3.0,0.0,0.0,0.0,14.0,63.0,0.0,77.0,1.0,0.0,825.6,0.0,0.0,0.6,9.0,0.0,29.0,0.0,77.0,77.0,350.0,825.6,-50.0,0.0,0.0,0.0,0.0,400.0,0.0,0.0,0.0,0.0,0.0,0.0,63.5,741.4,4.443,17.5779,14.4507502,16.325095553354,0.0,1.823618063409,6.74308833445718,4.18995954146999,0.0,,21.0,21.999999999999996,21.0,21.999999999999996,24.0,25.0,26.0,20.500000000000004,23.5,28.000000000000004,7.99828998647896,10.99764873140857,2.934201464025081,5.638475554982357,22.249999999999982
407.0,14.0,-1.7,741.9,0.0,0.0,0.0,20.0,69.8,69.8,69.8,68.0,69.8,-1.7147955723922,71.6,75.2,987.831944444444,3556195.0,0.0,0.0,5.15208333333333,4.12166666666667,3.8640625,1564.7,1523.3,1169.9,1102.5,0.0,694.0,0.0,0.0,740.0,2360.0,3.86,24.0,3.86,61.0,0.0,987.831944444444,0.0,63.5,75.2,69.8,53.0,76.1,72.5,77.0,68.9,2.67000000000002,92.0,14.497,744.4,24.92,14.627,-8.8,3.0,0.0,0.0,0.0,14.0,63.0,0.0,77.0,1.0,0.0,825.6,0.0,0.0,0.6,9.0,0.0,29.0,0.0,77.0,77.0,350.0,825.6,-50.0,0.0,0.0,0.0,0.0,400.0,0.0,0.0,0.0,0.0,0.0,0.0,63.5,742.0,4.443,17.5779,14.4507502,16.2700857639121,0.0,1.82632149370938,-6.34301435899875,-3.94136517526542,0.0,,21.0,21.999999999999996,21.0,21.999999999999996,24.0,25.0,26.0,20.500000000000004,23.5,28.000000000000004,7.99828998647896,7.99828998647896,2.938551283378392,-1.2787439018584639,22.249999999999982
408.0,14.0,-1.7,741.9,0.0,0.0,0.0,20.0,69.8,69.8,69.8,68.0,69.8,-1.7147955723922,71.6,75.2,987.831944444444,3556195.0,0.0,0.0,5.15208333333333,4.12166666666667,3.8640625,1564.7,1523.3,1169.9,1102.5,0.0,694.0,0.0,0.0,740.0,2360.0,3.86,24.0,3.86,61.0,0.0,987.831944444444,0.0,63.5,75.2,69.8,53.0,76.1,72.5,77.0,68.9,2.92000000000002,92.0,14.514,744.5,25.5,14.629,-4.8,3.0,0.0,0.0,0.0,14.0,63.0,0.0,77.0,1.0,0.0,825.6,0.0,0.0,0.6,9.0,0.0,29.0,0.0,77.0,77.0,350.0,825.6,-50.0,0.0,0.0,0.0,0.0,400.0,0.0,0.0,0.0,0.0,0.0,0.0,63.5,742.0,4.443,23.04658,14.4507502,16.2700857639121,0.0,1.82632149370938,-6.34301435899875,-3.94136517526542,0.0,,21.0,21.999999999999996,21.0,21.999999999999996,24.0,25.0,26.0,20.500000000000004,23.5,28.000000000000004,3.999144993239488,7.99828998647896,2.938551283378392,-1.2787439018584639,22.57999999999998
409.0,14.0,2.1,741.5,0.0,0.0,0.0,20.0,69.8,69.8,69.8,68.0,69.8,2.11713480138477,71.6,75.2,987.8325,3556197.0,0.0,0.0,5.14930555555556,4.11944444444444,3.86197916666667,1564.7,1523.3,1169.9,1102.5,0.0,640.0,0.0,0.0,739.0,2360.0,3.86,11.0,3.86,61.0,0.0,987.8325,0.0,63.5,75.2,69.8,53.0,76.1,72.5,77.0,68.9,2.92000000000002,92.0,14.514,744.5,25.5,14.629,-4.8,3.0,0.0,0.0,0.0,14.0,63.0,0.0,77.0,1.0,0.0,825.6,0.0,0.0,0.6,9.0,0.0,29.0,0.0,77.0,77.0,350.0,825.6,-50.0,0.0,0.0,0.0,0.0,400.0,0.0,0.0,0.0,0.0,0.0,0.0,63.5,741.7,4.443,23.04658,14.4507502,16.2161360689241,0.0,1.82899850938229,5.13759111196738,3.19235012683428,0.0,0.0,21.0,21.999999999999996,21.0,21.999999999999996,24.0,25.0,26.0,20.500000000000004,23.5,28.000000000000004,3.999144993239488,7.99828998647896,2.9428586015961047,1.5787731553950561,22.57999999999998
410.0,14.0,2.1,741.5,0.0,0.0,0.0,20.0,69.8,69.8,69.8,68.0,69.8,2.11713480138477,71.6,75.2,987.8325,3556197.0,0.0,0.0,5.14930555555556,4.11944444444444,3.86197916666667,1564.7,1523.3,1169.9,1102.5,0.0,640.0,0.0,0.0,739.0,2360.0,3.86,11.0,3.86,61.0,0.0,987.8325,0.0,63.5,75.2,69.8,53.0,76.1,72.5,77.0,68.9,2.65000000000003,92.0,14.499,744.6,24.97,14.641,7.2,3.0,0.0,0.0,0.0,14.0,63.0,0.0,77.0,1.0,0.0,825.6,0.0,0.0,0.6,9.0,0.0,29.0,0.0,77.0,77.0,350.0,825.6,-50.0,0.0,0.0,0.0,0.0,400.0,0.0,0.0,0.0,0.0,0.0,0.0,63.5,741.7,4.443,18.261485,14.4507502,16.2161360689241,0.0,1.82899850938229,5.13759111196738,3.19235012683428,0.0,0.0,21.0,21.999999999999996,21.0,21.999999999999996,24.0,25.0,26.0,20.500000000000004,23.5,28.000000000000004,3.999144993239488,7.99828998647896,2.9428586015961047,1.5787731553950561,22.31999999999997
411.0,14.0,-1.3,742.0,0.0,0.0,0.0,20.0,69.8,69.8,69.8,68.0,69.8,-1.31149101205135,71.6,75.2,987.833055555556,3556199.0,0.0,0.0,5.15277777777778,4.12222222222222,3.86458333333333,1564.7,1523.3,1169.9,1102.5,0.0,492.0,0.0,0.0,740.0,2360.0,3.86,22.0,3.86,2.0,0.0,987.833055555556,0.0,63.5,75.2,69.8,53.0,76.1,72.5,77.0,68.9,2.65000000000003,92.0,14.499,744.6,24.97,14.641,7.2,3.0,0.0,0.0,0.0,14.0,63.0,0.0,77.0,1.0,0.0,825.6,0.0,0.0,0.6,9.0,0.0,29.0,0.0,77.0,77.0,350.0,825.6,-50.0,0.0,0.0,0.0,0.0,400.0,0.0,0.0,0.0,0.0,0.0,0.0,63.5,742.0,4.443,18.261485,14.4507502,16.1514445249909,0.0,1.83073632891897,-5.18349574953349,-3.22087393738337,0.0,-0.0213798083975669,21.0,21.999999999999996,21.0,21.999999999999996,24.0,25.0,26.0,20.500000000000004,23.5,28.000000000000004,3.999144993239488,4.998931241549352,2.9456547532306225,1.5798377360797464,22.31999999999997
412.0,14.0,-1.3,742.0,0.0,0.0,0.0,20.0,69.8,69.8,69.8,68.0,69.8,-1.31149101205135,71.6,75.2,987.833055555556,3556199.0,0.0,0.0,5.15277777777778,4.12222222222222,3.86458333333333,1564.7,1523.3,1169.9,1102.5,0.0,492.0,0.0,0.0,740.0,2360.0,3.86,22.0,3.86,2.0,0.0,987.833055555556,0.0,63.5,75.2,69.8,53.0,76.1,72.5,77.0,68.9,2.63999999999999,92.0,14.498,744.3,25.39,14.643,14.9,3.0,0.0,0.0,0.0,14.0,63.0,0.0,77.0,1.0,0.0,825.6,0.0,0.0,0.6,9.0,0.0,29.0,0.0,77.0,75.2,350.0,825.6,-50.0,0.0,0.0,0.0,0.0,400.0,0.0,0.0,0.0,0.0,0.0,0.0,63.5,742.0,4.443,37.69483,14.4507502,16.1514445249909,0.0,1.83073632891897,-5.18349574953349,-3.22087393738337,0.0,-0.0213798083975669,21.0,21.999999999999996,21.0,21.999999999999996,24.0,25.0,26.0,20.500000000000004,23.5,28.000000000000004,3.999144993239488,4.998931241549352,2.9456547532306225,1.5798377360797464,22.75000000000001
413.0,14.0,3.6,741.4,0.0,0.0,0.0,20.0,69.8,69.8,69.8,68.0,69.8,3.62888448144881,71.6,75.2,987.833611111111,3556201.0,0.0,0.0,5.14861111111111,4.11888888888889,3.86145833333333,1564.7,1523.3,1169.9,1102.5,0.0,675.0,0.0,0.0,739.0,2370.0,3.86,23.0,3.86,145.0,0.0,987.833611111111,0.0,63.5,75.2,69.8,53.0,76.1,72.5,77.0,68.9,2.63999999999999,92.0,14.498,744.3,25.39,14.643,14.9,3.0,0.0,0.0,0.0,14.0,63.0,0.0,77.0,1.0,0.0,825.6,0.0,0.0,0.6,9.0,0.0,29.0,0.0,77.0,75.2,350.0,825.6,-50.0,0.0,0.0,0.0,0.0,400.0,0.0,0.0,0.0,0.0,0.0,0.0,63.5,741.4,4.443,37.69483,14.4507502,16.0950734207471,0.0,1.83359159237484,2.99733237418697,1.86245541468093,0.0,-0.0213798083975669,21.0,21.999999999999996,21.0,21.999999999999996,24.0,25.0,26.0,20.500000000000004,23.5,28.000000000000004,3.999144993239488,7.99828998647896,2.9502488721311177,-0.9772039576359807,22.75000000000001
414.0,14.0,3.6,741.4,0.0,0.0,0.0,20.0,69.8,69.8,69.8,68.0,69.8,3.62888448144881,71.6,75.2,987.833611111111,3556201.0,0.0,0.0,5.14861111111111,4.11888888888889,3.86145833333333,1564.7,1523.3,1169.9,1102.5,0.0,675.0,0.0,0.0,739.0,2370.0,3.86,23.0,3.86,145.0,0.0,987.833611111111,0.0,63.5,75.2,69.8,53.0,76.1,72.5,77.0,68.9,2.38999999999999,92.0,14.499,744.4,25.12,14.627,3.4,3.0,0.0,0.0,0.0,14.0,63.0,0.0,77.0,1.0,0.0,825.6,0.0,0.0,0.6,9.0,0.0,29.0,0.0,77.0,77.0,350.0,825.6,-50.0,0.0,0.0,0.0,0.0,400.0,0.0,0.0,0.0,0.0,0.0,0.0,63.5,741.4,4.443,29.198845,14.4507502,16.0950734207471,0.0,1.83359159237484,2.99733237418697,1.86245541468093,0.0,-0.0213798083975669,21.0,21.999999999999996,21.0,21.999999999999996,24.0,25.0,26.0,20.500000000000004,23.5,28.000000000000004,9.216779476606613,7.99828998647896,2.9502488721311177,-0.9772039576359807,22.73000000000001
415.0,14.0,0.4,741.7,0.0,0.0,0.0,20.0,69.8,69.8,69.8,68.0,69.8,0.403372541421722,71.6,75.2,987.834166666667,3556203.0,0.0,0.0,5.15069444444444,4.12055555555556,3.86302083333333,1564.7,1523.3,1169.9,1102.5,0.0,720.0,0.0,0.0,739.0,2370.0,3.86,12.0,3.86,99.0,0.0,987.834166666667,0.0,63.5,75.2,69.8,53.0,76.1,72.5,77.0,68.9,2.38999999999999,92.0,14.499,744.4,25.12,14.627,3.4,3.0,0.0,0.0,0.0,14.0,63.0,0.0,77.0,1.0,0.0,825.6,0.0,0.0,0.6,9.0,0.0,29.0,0.0,77.0,77.0,350.0,825.6,-50.0,0.0,0.0,0.0,0.0,400.0,0.0,0.0,0.0,0.0,0.0,0.0,63.5,741.6,4.443,29.198845,14.4507502,16.0445809082369,0.0,1.83666926284181,30.3357152487529,18.8497337198328,0.0,-0.0213798083975669,21.0,21.999999999999996,21.0,21.999999999999996,24.0,25.0,26.0,20.500000000000004,23.5,28.000000000000004,9.216779476606613,8.99807623478884,2.9552008439124724,0.30079980717503507,22.73000000000001
416.0,14.0,0.4,741.7,0.0,0.0,0.0,20.0,69.8,69.8,69.8,68.0,69.8,0.403372541421722,71.6,75.2,987.834166666667,3556203.0,0.0,0.0,5.15069444444444,4.12055555555556,3.86302083333333,1564.7,1523.3,1169.9,1102.5,0.0,720.0,0.0,0.0,739.0,2370.0,3.86,12.0,3.86,99.0,0.0,987.834166666667,0.0,63.5,75.2,69.8,53.0,76.1,72.5,77.0,68.9,2.63,92.0,14.499,744.8,25.26,14.629,5.8,3.0,0.0,0.0,0.0,14.0,63.0,0.0,77.0,1.0,0.0,825.6,0.0,0.0,0.6,9.0,0.0,29.0,0.0,77.0,77.0,350.0,825.6,-50.0,0.0,0.0,0.0,0.0,400.0,0.0,0.0,0.0,0.0,0.0,0.0,63.5,741.6,4.443,0.0,14.4204756,16.0445809082369,0.0,1.83666926284181,30.3357152487529,18.8497337198328,0.0,,21.0,21.999999999999996,21.0,21.999999999999996,24.0,25.0,26.0,20.500000000000004,23.5,28.000000000000004,3.999144993239488,8.99807623478884,2.9552008439124724,0.30079980717503507,22.630000000000003
417.0,14.0,-0.8,742.0,0.0,0.0,0.0,20.0,69.8,69.8,69.8,68.0,69.8,-0.807071392031598,71.6,75.2,987.834722222222,3556205.0,0.0,0.0,5.15277777777778,4.12222222222222,3.86458333333333,1564.7,1523.3,1169.9,1102.5,0.0,199.0,0.0,0.0,740.0,2370.0,3.86,19.0,3.86,2.0,0.0,987.834722222222,0.0,63.5,75.2,69.8,53.0,76.1,72.5,77.0,68.9,2.63,92.0,14.499,744.8,25.26,14.629,5.8,3.0,0.0,0.0,0.0,14.0,63.0,0.0,77.0,1.0,0.0,825.6,0.0,0.0,0.6,9.0,0.0,29.0,0.0,77.0,77.0,350.0,825.6,-50.0,0.0,0.0,0.0,0.0,400.0,0.0,0.0,0.0,0.0,0.0,0.0,63.5,742.2,4.443,0.0,14.4204756,15.9707447316628,0.0,1.83701142511759,-1.68463611859838,-1.0467840296496,0.0,,21.0,21.999999999999996,21.0,21.999999999999996,24.0,25.0,26.0,20.500000000000004,23.5,28.000000000000004,3.999144993239488,0.9997862483098703,2.9557513830142024,-0.601842947078,22.630000000000003
418.0,14.0,-0.8,742.0,0.0,0.0,0.0,20.0,69.8,69.8,69.8,68.0,69.8,-0.807071392031598,71.6,75.2,987.834722222222,3556205.0,0.0,0.0,5.15277777777778,4.12222222222222,3.86458333333333,1564.7,1523.3,1169.9,1102.5,0.0,199.0,0.0,0.0,740.0,2370.0,3.86,19.0,3.86,2.0,0.0,987.834722222222,0.0,63.5,75.2,69.8,53.0,76.1,72.5,77.0,68.9,2.62,92.0,14.49,745.1,29.79,14.645,-6.8,3.0,0.0,0.0,0.0,14.0,63.0,0.0,77.0,1.0,0.0,825.6,0.0,0.0,0.6,9.0,0.0,29.0,0.0,77.0,77.0,350.0,825.6,-50.0,0.0,0.0,0.0,0.0,400.0,0.0,0.0,0.0,0.0,0.0,0.0,63.5,742.2,4.443,35.0093175,14.4400076,15.9707447316628,0.0,1.83701142511759,-1.68463611859838,-1.0467840296496,0.0,,21.0,21.999999999999996,21.0,21.999999999999996,24.0,25.0,26.0,20.500000000000004,23.5,28.000000000000004,0.6248664051936694,0.9997862483098703,2.9557513830142024,-0.601842947078,27.169999999999998
419.0,14.0,0.7,741.8,0.0,0.0,0.0,20.0,69.8,69.8,69.8,68.0,69.8,0.705997121001225,71.6,75.2,987.835277777778,3556207.0,0.0,0.0,5.15138888888889,4.12111111111111,3.86354166666667,1564.7,1523.3,1169.9,1102.5,0.0,100.0,0.0,0.0,740.0,2370.0,3.86,9.0,3.86,61.0,0.0,987.835277777778,0.0,63.5,75.2,69.8,53.0,76.1,72.5,77.0,68.9,2.62,92.0,14.49,745.1,29.79,14.645,-6.8,3.0,0.0,0.0,0.0,14.0,63.0,0.0,77.0,1.0,0.0,825.6,0.0,0.0,0.6,9.0,0.0,29.0,0.0,77.0,77.0,350.0,825.6,-50.0,0.0,0.0,0.0,0.0,400.0,0.0,0.0,0.0,0.0,0.0,0.0,63.5,741.7,4.443,35.0093175,14.4400076,15.8943968097961,0.0,1.8373687055616,1.9258175095328,1.1966471517159,0.0,,21.0,21.999999999999996,21.0,21.999999999999996,24.0,25.0,26.0,20.500000000000004,23.5,28.000000000000004,0.6248664051936694,0.9997862483098703,2.9563262472486143,-0.6016807252593803,27.169999999999998
420.0,14.0,0.7,741.8,0.0,0.0,0.0,20.0,69.8,69.8,69.8,68.0,69.8,0.705997121001225,71.6,75.2,987.835277777778,3556207.0,0.0,0.0,5.15138888888889,4.12111111111111,3.86354166666667,1564.7,1523.3,1169.9,1102.5,0.0,100.0,0.0,0.0,740.0,2370.0,3.86,9.0,3.86,61.0,0.0,987.835277777778,0.0,63.5,75.2,69.8,53.0,76.1,72.5,77.0,68.9,2.59000000000003,92.0,14.492,744.4,29.96,14.66,-5.7,3.0,0.0,0.0,0.0,14.0,63.0,0.0,77.0,1.0,0.0,825.6,0.0,0.0,0.6,9.0,0.0,29.0,0.0,77.0,77.0,350.0,825.6,-50.0,0.0,0.0,0.0,0.0,400.0,0.0,0.0,0.0,0.0,0.0,0.0,63.5,741.7,4.443,0.0,14.4404959,15.8943968097961,0.0,1.8373687055616,1.9258175095328,1.1966471517159,0.0,,21.0,21.999999999999996,21.0,21.999999999999996,24.0,25.0,26.0,20.500000000000004,23.5,28.000000000000004,0.9529212679203454,0.9997862483098703,2.9563262472486143,-0.6016807252593803,27.36999999999997
421.0,14.0,0.6,741.8,0.0,0.0,0.0,20.0,69.8,69.8,69.8,68.0,69.8,0.605140389429622,71.6,75.2,987.835833333333,3556209.0,0.0,0.0,5.15138888888889,4.12111111111111,3.86354166666667,1564.7,1523.3,1169.9,1102.5,0.0,-3.0,0.0,0.0,740.0,2370.0,3.86,22.0,3.86,61.0,0.0,987.835833333333,0.0,63.5,75.2,69.8,53.0,76.1,72.5,77.0,68.9,2.59000000000003,92.0,14.492,744.4,29.96,14.66,-5.7,3.0,0.0,0.0,0.0,14.0,63.0,0.0,77.0,1.0,0.0,825.6,0.0,0.0,0.6,9.0,0.0,29.0,0.0,77.0,77.0,350.0,825.6,-50.0,0.0,0.0,0.0,0.0,400.0,0.0,0.0,0.0,0.0,0.0,0.0,63.5,741.8,4.443,0.0,14.4404959,15.8190107190986,0.0,1.8373687055616,0.0,0.0,0.0,-0.028288117471067,21.0,21.999999999999996,21.0,21.999999999999996,24.0,25.0,26.0,20.500000000000004,23.5,28.000000000000004,0.9529212679203454,0.0,2.9563262472486143,0.5264706346019575,27.36999999999997
422.0,14.0,0.6,741.8,0.0,0.0,0.0,20.0,69.8,69.8,69.8,68.0,69.8,0.605140389429622,71.6,75.2,987.835833333333,3556209.0,0.0,0.0,5.15138888888889,4.12111111111111,3.86354166666667,1564.7,1523.3,1169.9,1102.5,0.0,-3.0,0.0,0.0,740.0,2370.0,3.86,22.0,3.86,61.0,0.0,987.835833333333,0.0,63.5,75.2,69.8,53.0,76.1,72.5,77.0,68.9,2.60000000000002,92.0,14.494,744.6,29.78,14.663,-11.8,3.0,0.0,0.0,0.0,14.0,63.0,0.0,77.0,1.0,0.0,825.6,0.0,0.0,0.6,9.0,0.0,29.0,0.0,77.0,77.0,350.0,825.6,-50.0,0.0,0.0,0.0,0.0,400.0,0.0,0.0,0.0,0.0,0.0,0.0,63.5,741.8,4.443,0.0,14.4404959,15.8190107190986,0.0,1.8373687055616,0.0,0.0,0.0,-0.028288117471067,21.0,21.999999999999996,21.0,21.999999999999996,24.0,25.0,26.0,20.500000000000004,23.5,28.000000000000004,0.10935162090889206,0.0,2.9563262472486143,0.5264706346019575,27.179999999999982
423.0,14.0,0.6,741.8,0.0,0.0,0.0,20.0,69.8,69.8,69.8,68.0,69.8,0.605140389429622,71.6,75.2,987.836388888889,3556211.0,0.0,0.0,5.15138888888889,4.12111111111111,3.86354166666667,1564.7,1523.3,1169.9,1102.5,0.0,0.0,0.0,0.0,740.0,2375.0,3.86,19.0,3.86,61.0,0.0,987.836388888889,0.0,63.5,75.2,69.8,53.0,76.1,72.5,77.0,68.9,2.60000000000002,92.0,14.494,744.6,29.78,14.663,-11.8,3.0,0.0,0.0,0.0,14.0,63.0,0.0,77.0,1.0,0.0,825.6,0.0,0.0,0.6,9.0,0.0,29.0,0.0,77.0,77.0,350.0,825.6,-50.0,0.0,0.0,0.0,0.0,400.0,0.0,0.0,0.0,0.0,0.0,0.0,63.5,741.8,4.443,0.0,14.4404959,15.7447419804607,0.0,1.8373687055616,0.0,0.0,0.0,-0.0318280366784598,21.0,21.999999999999996,21.0,21.999999999999996,24.0,25.0,26.0,20.500000000000004,23.5,28.000000000000004,0.10935162090889206,0.0,2.9563262472486143,0.4512605439445354,27.179999999999982
424.0,14.0,0.6,741.8,0.0,0.0,0.0,20.0,69.8,69.8,69.8,68.0,69.8,0.605140389429622,71.6,75.2,987.836388888889,3556211.0,0.0,0.0,5.15138888888889,4.12111111111111,3.86354166666667,1564.7,1523.3,1169.9,1102.5,0.0,0.0,0.0,0.0,740.0,2375.0,3.86,19.0,3.86,61.0,0.0,987.836388888889,0.0,63.5,75.2,69.8,53.0,76.1,72.5,77.0,68.9,2.60000000000002,92.0,14.492,745.1,29.91,14.651,-23.9,3.0,0.0,0.0,0.0,14.0,63.0,0.0,77.0,1.0,0.0,825.6,0.0,0.0,0.6,9.0,0.0,29.0,0.0,77.0,77.0,350.0,825.6,-50.0,0.0,0.0,0.0,0.0,400.0,0.0,0.0,0.0,0.0,0.0,0.0,63.5,741.8,4.443,58.593,14.4614928,15.7447419804607,0.0,1.8373687055616,0.0,0.0,0.0,-0.0318280366784598,21.0,21.999999999999996,21.0,21.999999999999996,24.0,25.0,26.0,20.500000000000004,23.5,28.000000000000004,0.0,0.0,2.9563262472486143,0.4512605439445354,27.30999999999998
425.0,14.0,4.3,741.5,0.0,0.0,0.0,20.0,69.8,69.8,69.8,68.0,69.8,4.33508554569263,71.6,75.2,987.836944444444,3556213.0,0.0,0.0,5.14930555555556,4.11944444444444,3.86197916666667,1564.7,1523.3,1169.9,1102.5,0.0,289.0,0.0,0.0,739.0,2375.0,3.86,24.0,3.86,61.0,0.0,987.836944444444,0.0,63.5,75.2,69.8,53.0,76.1,72.5,77.0,68.9,2.60000000000002,92.0,14.492,745.1,29.91,14.651,-23.9,3.0,0.0,0.0,0.0,14.0,63.0,0.0,77.0,1.0,0.0,825.6,0.0,0.0,0.6,9.0,0.0,29.0,0.0,77.0,77.0,350.0,825.6,-50.0,0.0,0.0,0.0,0.0,400.0,0.0,0.0,0.0,0.0,0.0,0.0,63.5,741.7,4.442,58.593,14.4614928,15.6821797031779,0.0,1.83874375934473,1.25452806222459,0.779527356552557,0.0,-0.0318280366784598,21.0,21.999999999999996,21.0,21.999999999999996,24.0,25.0,26.0,20.500000000000004,23.5,28.000000000000004,0.0,3.999144993239488,2.9585387087856705,0.4510780443985884,27.30999999999998
426.0,14.0,4.3,741.5,0.0,0.0,0.0,20.0,69.8,69.8,69.8,68.0,69.8,4.33508554569263,71.6,75.2,987.836944444444,3556213.0,0.0,0.0,5.14930555555556,4.11944444444444,3.86197916666667,1564.7,1523.3,1169.9,1102.5,0.0,289.0,0.0,0.0,739.0,2375.0,3.86,24.0,3.86,61.0,0.0,987.836944444444,0.0,63.5,75.2,69.8,53.0,76.1,72.5,77.0,68.9,2.57999999999998,92.0,14.515,744.4,25.55,14.651,-5.4,3.0,0.0,0.0,0.0,14.0,63.0,0.0,77.0,1.0,0.0,825.6,0.0,0.0,0.6,9.0,0.0,29.0,0.0,77.0,77.0,350.0,825.6,-50.0,0.0,0.0,0.0,0.0,400.0,0.0,0.0,0.0,0.0,0.0,0.0,63.5,741.7,4.442,41.0151,14.4614928,15.6821797031779,0.0,1.83874375934473,1.25452806222459,0.779527356552557,0.0,-0.0318280366784598,21.0,21.999999999999996,21.0,21.999999999999996,24.0,25.0,26.0,20.500000000000004,23.5,28.000000000000004,5.514446025834136,3.999144993239488,2.9585387087856705,0.4510780443985884,22.97000000000002
427.0,14.0,3.6,741.5,0.0,0.0,0.0,20.0,69.8,69.8,69.8,68.0,69.8,3.62937394523104,71.6,75.2,987.8375,3556215.0,0.0,0.0,5.14930555555556,4.11944444444444,3.86197916666667,1564.7,1523.3,1169.9,1102.5,0.0,592.0,0.0,0.0,739.0,2375.0,3.86,23.0,3.84,181.0,0.0,987.8375,0.0,63.5,75.2,69.8,53.0,76.1,72.5,77.0,68.9,2.57999999999998,92.0,14.515,744.4,25.55,14.651,-5.4,3.0,0.0,0.0,0.0,14.0,63.0,0.0,77.0,1.0,0.0,825.6,0.0,0.0,0.6,9.0,0.0,29.0,0.0,77.0,77.0,350.0,825.6,-50.0,0.0,0.0,0.0,0.0,400.0,0.0,0.0,0.0,0.0,0.0,0.0,63.5,741.4,4.44,41.0151,14.4614928,15.6295441983093,0.0,1.84112352850672,2.62231213006668,1.62942871057166,0.0,-0.0318280366784598,21.0,21.999999999999996,21.0,21.999999999999996,24.0,25.0,26.0,20.500000000000004,23.5,28.000000000000004,5.514446025834136,6.998503738169096,2.9623677573673124,3.2327259848565473,22.97000000000002
428.0,14.0,3.6,741.5,0.0,0.0,0.0,20.0,69.8,69.8,69.8,68.0,69.8,3.62937394523104,71.6,75.2,987.8375,3556215.0,0.0,0.0,5.14930555555556,4.11944444444444,3.86197916666667,1564.7,1523.3,1169.9,1102.5,0.0,592.0,0.0,0.0,739.0,2375.0,3.86,23.0,3.84,181.0,0.0,987.8375,0.0,63.5,75.2,69.8,53.0,76.1,72.5,77.0,68.9,2.50999999999999,92.0,14.515,744.2,25.01,14.627,21.0,3.0,0.0,0.0,0.0,14.0,63.0,0.0,77.0,1.0,0.0,825.6,0.0,0.0,0.6,9.0,0.0,29.0,0.0,77.0,75.2,350.0,825.6,-50.0,0.0,0.0,0.0,0.0,400.0,0.0,0.0,0.0,0.0,0.0,0.0,63.5,741.4,4.44,28.5640875,14.4497736,15.6295441983093,0.0,1.84112352850672,2.62231213006668,1.62942871057166,0.0,,21.0,21.999999999999996,21.0,21.999999999999996,24.0,25.0,26.0,20.500000000000004,23.5,28.000000000000004,8.263858208686266,6.998503738169096,2.9623677573673124,3.2327259848565473,22.50000000000001
429.0,14.0,2.2,741.7,0.0,0.0,0.0,20.0,69.8,69.8,69.8,68.0,69.8,2.21854897781947,71.6,75.2,987.838055555556,3556217.0,0.0,0.0,5.15069444444444,4.12055555555556,3.86302083333333,1564.7,1523.3,1169.9,1102.5,0.0,694.0,0.0,0.0,739.0,2375.0,3.86,22.0,3.86,64.0,0.0,987.838055555556,0.0,63.5,75.2,69.8,52.0,76.1,72.5,77.0,68.9,2.50999999999999,92.0,14.515,744.2,25.01,14.627,21.0,3.0,0.0,0.0,0.0,14.0,63.0,0.0,77.0,1.0,0.0,825.6,0.0,0.0,0.6,9.0,0.0,29.0,0.0,77.0,75.2,350.0,825.6,-50.0,0.0,0.0,0.0,0.0,400.0,0.0,0.0,0.0,0.0,0.0,0.0,63.5,741.7,4.443,28.5640875,14.4497736,15.5792171878477,0.0,1.84390146935991,4.9027418583843,3.04642161128611,0.0,0.0284981287155978,21.0,21.999999999999996,21.0,21.999999999999996,24.0,25.0,26.0,20.500000000000004,23.5,28.000000000000004,8.263858208686266,7.99828998647896,2.966837464200095,2.707198264575317,22.50000000000001
430.0,14.0,2.2,741.7,0.0,0.0,0.0,20.0,69.8,69.8,69.8,68.0,69.8,2.21854897781947,71.6,75.2,987.838055555556,3556217.0,0.0,0.0,5.15069444444444,4.12055555555556,3.86302083333333,1564.7,1523.3,1169.9,1102.5,0.0,694.0,0.0,0.0,739.0,2375.0,3.86,22.0,3.86,64.0,0.0,987.838055555556,0.0,63.5,75.2,69.8,52.0,76.1,72.5,77.0,68.9,2.56,92.0,14.5,744.2,24.74,14.631,-0.2,3.0,0.0,0.0,0.0,14.0,63.0,0.0,77.0,1.0,0.0,825.6,0.0,0.0,0.6,9.0,0.0,29.0,0.0,77.0,75.2,350.0,825.6,-50.0,0.0,0.0,0.0,0.0,400.0,0.0,0.0,0.0,0.0,0.0,0.0,63.5,741.7,4.443,29.0523625,14.4507502,15.5792171878477,0.0,1.84390146935991,4.9027418583843,3.04642161128611,0.0,0.0284981287155978,21.0,21.999999999999996,21.0,21.999999999999996,24.0,25.0,26.0,20.500000000000004,23.5,28.000000000000004,8.77937299297105,7.99828998647896,2.966837464200095,2.707198264575317,22.18
431.0,14.0,4.1,741.4,0.0,0.0,0.0,20.0,69.8,69.8,69.8,68.0,69.8,4.13289621498337,71.6,75.2,987.838611111111,3556219.0,0.0,0.0,5.14861111111111,4.11888888888889,3.86145833333333,1564.7,1523.3,1169.9,1102.5,0.0,768.0,0.0,0.0,739.0,2367.0,3.86,24.0,3.84,2.0,0.0,987.838611111111,0.0,63.5,75.2,69.8,52.0,76.1,72.5,77.0,68.9,2.56,92.0,14.5,744.2,24.74,14.631,-0.2,3.0,0.0,0.0,0.0,14.0,63.0,0.0,77.0,1.0,0.0,825.6,0.0,0.0,0.6,9.0,0.0,29.0,0.0,77.0,75.2,350.0,825.6,-50.0,0.0,0.0,0.0,0.0,400.0,0.0,0.0,0.0,0.0,0.0,0.0,63.5,741.5,4.443,29.0523625,14.4507502,15.5359301015492,0.0,1.84731651386804,3.28975504483936,2.04415838196688,0.0,0.0356217331151998,21.0,21.999999999999996,21.0,21.999999999999996,24.0,25.0,26.0,20.500000000000004,23.5,28.000000000000004,8.77937299297105,9.997862483098704,2.9723322708136766,3.0819509433134753,22.18
432.0,14.0,4.1,741.4,0.0,0.0,0.0,20.0,69.8,69.8,69.8,68.0,69.8,4.13289621498337,71.6,75.2,987.838611111111,3556219.0,0.0,0.0,5.14861111111111,4.11888888888889,3.86145833333333,1564.7,1523.3,1169.9,1102.5,0.0,768.0,0.0,0.0,739.0,2367.0,3.86,24.0,3.84,2.0,0.0,987.838611111111,0.0,63.5,75.2,69.8,52.0,76.1,72.5,77.0,68.9,2.54000000000002,92.0,14.497,744.5,26.38,14.622,59.9,3.0,0.0,0.0,0.0,14.0,63.0,0.0,77.0,1.0,0.0,825.6,0.0,0.0,0.6,9.0,0.0,29.0,0.0,77.0,77.0,350.0,825.6,-50.0,0.0,0.0,0.0,0.0,400.0,0.0,0.0,0.0,0.0,0.0,0.0,63.5,741.5,4.443,27.050435,14.4395193,15.5359301015492,0.0,1.84731651386804,3.28975504483936,2.04415838196688,0.0,0.0356217331151998,21.0,21.999999999999996,21.0,21.999999999999996,24.0,25.0,26.0,20.500000000000004,23.5,28.000000000000004,7.99828998647896,9.997862483098704,2.9723322708136766,3.0819509433134753,23.83999999999998
433.0,14.0,-1.2,741.9,0.0,0.0,0.0,20.0,69.8,69.8,69.8,68.0,69.8,-1.21044393345332,71.6,75.2,987.839166666667,3556221.0,0.0,0.0,5.15208333333333,4.12166666666667,3.8640625,1564.7,1523.3,1169.9,1102.5,0.0,792.0,0.0,0.0,740.0,2367.0,3.86,21.0,3.86,61.0,0.0,987.839166666667,0.0,63.5,75.2,69.8,52.0,76.1,72.5,77.0,68.9,2.54000000000002,92.0,14.497,744.5,26.38,14.622,59.9,3.0,0.0,0.0,0.0,14.0,63.0,0.0,77.0,1.0,0.0,825.6,0.0,0.0,0.6,9.0,0.0,29.0,0.0,77.0,77.0,350.0,825.6,-50.0,0.0,0.0,0.0,0.0,400.0,0.0,0.0,0.0,0.0,0.0,0.0,63.5,741.7,4.443,27.050435,14.4395193,15.4901000674186,0.0,1.85039552245787,-10.1091791346543,-6.28155074807926,0.0,0.0356217331151998,21.0,21.999999999999996,21.0,21.999999999999996,24.0,25.0,26.0,20.500000000000004,23.5,28.000000000000004,7.99828998647896,8.99807623478884,2.977286395634713,-0.902642754253035,23.83999999999998
434.0,14.0,-1.2,741.9,0.0,0.0,0.0,20.0,69.8,69.8,69.8,68.0,69.8,-1.21044393345332,71.6,75.2,987.839166666667,3556221.0,0.0,0.0,5.15208333333333,4.12166666666667,3.8640625,1564.7,1523.3,1169.9,1102.5,0.0,792.0,0.0,0.0,740.0,2367.0,3.86,21.0,3.86,61.0,0.0,987.839166666667,0.0,63.5,75.2,69.8,52.0,76.1,72.5,77.0,68.9,2.5,92.0,14.498,744.8,24.53,14.627,17.0,3.0,0.0,0.0,0.0,14.0,63.0,0.0,77.0,1.0,0.0,825.6,0.0,0.0,0.6,9.0,0.0,29.0,0.0,77.0,77.0,350.0,825.6,-50.0,0.0,0.0,0.0,0.0,400.0,0.0,0.0,0.0,0.0,0.0,0.0,63.5,741.7,4.443,15.23418,14.4507502,15.4901000674186,0.0,1.85039552245787,-10.1091791346543,-6.28155074807926,0.0,0.0356217331151998,21.0,21.999999999999996,21.0,21.999999999999996,24.0,25.0,26.0,20.500000000000004,23.5,28.000000000000004,8.654399711932312,8.99807623478884,2.977286395634713,-0.902642754253035,22.03
435.0,14.0,1.1,741.8,0.0,0.0,0.0,20.0,69.8,69.8,69.8,68.0,69.8,1.10942404728764,71.6,75.2,987.839722222222,3556223.0,0.0,0.0,5.15138888888889,4.12111111111111,3.86354166666667,1564.7,1523.3,1169.9,1102.5,0.0,588.0,0.0,0.0,739.0,2367.0,3.86,24.0,3.86,64.0,0.0,987.839722222222,0.0,63.5,75.2,69.8,52.0,76.1,72.5,77.0,68.9,2.5,92.0,14.498,744.8,24.53,14.627,17.0,3.0,0.0,0.0,0.0,14.0,63.0,0.0,77.0,1.0,0.0,825.6,0.0,0.0,0.6,9.0,0.0,29.0,0.0,77.0,77.0,350.0,825.6,-50.0,0.0,0.0,0.0,0.0,400.0,0.0,0.0,0.0,0.0,0.0,0.0,63.5,742.0,4.443,15.23418,14.4507502,15.4383204376081,0.0,1.85282178411411,8.57864163337337,5.33051913037084,0.0,0.0356217331151998,21.0,21.999999999999996,21.0,21.999999999999996,24.0,25.0,26.0,20.500000000000004,23.5,28.000000000000004,8.654399711932312,6.998503738169096,2.9811902506396026,-0.9025210878890679,22.03
436.0,14.0,1.1,741.8,0.0,0.0,0.0,20.0,69.8,69.8,69.8,68.0,69.8,1.10942404728764,71.6,75.2,987.839722222222,3556223.0,0.0,0.0,5.15138888888889,4.12111111111111,3.86354166666667,1564.7,1523.3,1169.9,1102.5,0.0,588.0,0.0,0.0,739.0,2367.0,3.86,24.0,3.86,64.0,0.0,987.839722222222,0.0,63.5,75.2,69.8,52.0,76.1,72.5,77.0,68.9,2.55000000000001,92.0,14.498,744.2,24.71,14.632,-26.0,3.0,0.0,0.0,0.0,14.0,63.0,0.0,77.0,1.0,0.0,825.6,0.0,0.0,0.6,9.0,0.0,29.0,0.0,77.0,77.0,350.0,825.6,-50.0,0.0,0.0,0.0,0.0,400.0,0.0,0.0,0.0,0.0,0.0,0.0,63.5,742.0,4.443,39.84324,14.4507502,15.4383204376081,0.0,1.85282178411411,8.57864163337337,5.33051913037084,0.0,,21.0,21.999999999999996,21.0,21.999999999999996,24.0,25.0,26.0,20.500000000000004,23.5,28.000000000000004,3.999144993239488,6.998503738169096,2.9811902506396026,-0.9025210878890679,22.15999999999999
437.0,14.0,4.8,741.4,0.0,0.0,0.0,20.0,69.8,69.8,69.8,68.0,69.8,4.83851264193175,71.6,75.2,987.840277777778,3556225.0,0.0,0.0,5.14861111111111,4.11888888888889,3.86145833333333,1564.7,1523.3,1169.9,1102.5,0.0,837.0,0.0,0.0,739.0,2367.0,3.86,24.0,3.84,2.0,0.0,987.840277777778,0.0,63.5,75.2,69.8,52.0,76.1,72.5,77.0,68.9,2.55000000000001,92.0,14.498,744.2,24.71,14.632,-26.0,3.0,0.0,0.0,0.0,14.0,63.0,0.0,77.0,1.0,0.0,825.6,0.0,0.0,0.6,9.0,0.0,29.0,0.0,77.0,77.0,350.0,825.6,-50.0,0.0,0.0,0.0,0.0,400.0,0.0,0.0,0.0,0.0,0.0,0.0,63.5,741.2,4.443,39.84324,14.4507502,15.3990504155954,0.0,1.85658330179875,3.09099901088032,1.92065714638971,0.0,,21.0,21.999999999999996,21.0,21.999999999999996,24.0,25.0,26.0,20.500000000000004,23.5,28.000000000000004,3.999144993239488,10.99764873140857,2.987242532594189,0.8268648872304475,22.15999999999999
438.0,14.0,4.8,741.4,0.0,0.0,0.0,20.0,69.8,69.8,69.8,68.0,69.8,4.83851264193175,71.6,75.2,987.840277777778,3556225.0,0.0,0.0,5.14861111111111,4.11888888888889,3.86145833333333,1564.7,1523.3,1169.9,1102.5,0.0,837.0,0.0,0.0,739.0,2367.0,3.86,24.0,3.84,2.0,0.0,987.840277777778,0.0,63.5,75.2,69.8,52.0,76.1,72.5,77.0,68.9,2.51999999999998,92.0,14.498,744.2,24.82,14.632,2.6,3.0,0.0,0.0,0.0,14.0,63.0,0.0,77.0,1.0,0.0,825.6,0.0,0.0,0.6,9.0,0.0,29.0,0.0,77.0,77.0,350.0,825.6,-50.0,0.0,0.0,0.0,0.0,400.0,0.0,0.0,0.0,0.0,0.0,0.0,63.5,741.2,4.443,27.53871,14.4707705,15.3990504155954,0.0,1.85658330179875,3.09099901088032,1.92065714638971,0.0,,21.0,21.999999999999996,21.0,21.999999999999996,24.0,25.0,26.0,20.500000000000004,23.5,28.000000000000004,7.99828998647896,10.99764873140857,2.987242532594189,0.8268648872304475,22.30000000000002
439.0,14.0,-2.2,742.0,0.0,0.0,0.0,20.0,69.8,69.8,69.8,68.0,69.8,-2.21944632808689,71.6,75.2,987.840833333333,3556227.0,0.0,0.0,5.15277777777778,4.12222222222222,3.86458333333333,1564.7,1523.3,1169.9,1102.5,0.0,811.0,0.0,0.0,740.0,2367.0,3.86,22.0,3.86,61.0,0.0,987.840833333333,0.0,63.5,75.2,69.8,52.0,76.1,72.5,77.0,68.9,2.51999999999998,92.0,14.498,744.2,24.82,14.632,2.6,3.0,0.0,0.0,0.0,14.0,63.0,0.0,77.0,1.0,0.0,825.6,0.0,0.0,0.6,9.0,0.0,29.0,0.0,77.0,77.0,350.0,825.6,-50.0,0.0,0.0,0.0,0.0,400.0,0.0,0.0,0.0,0.0,0.0,0.0,63.5,741.9,4.443,27.53871,14.4707705,15.3538891723303,0.0,1.8597026299225,-5.51335456995834,-3.42583864248959,0.0,,21.0,21.999999999999996,21.0,21.999999999999996,24.0,25.0,26.0,20.500000000000004,23.5,28.000000000000004,7.99828998647896,8.99807623478884,2.9922615315453025,3.611057682468002,22.30000000000002
440.0,14.0,-2.2,742.0,0.0,0.0,0.0,20.0,69.8,69.8,69.8,68.0,69.8,-2.21944632808689,71.6,75.2,987.840833333333,3556227.0,0.0,0.0,5.15277777777778,4.12222222222222,3.86458333333333,1564.7,1523.3,1169.9,1102.5,0.0,811.0,0.0,0.0,740.0,2367.0,3.86,22.0,3.86,61.0,0.0,987.840833333333,0.0,63.5,75.2,69.8,52.0,76.1,72.5,77.0,68.9,2.53000000000003,92.0,14.499,744.9,24.62,14.632,-16.5,3.0,0.0,0.0,0.0,14.0,63.0,0.0,77.0,1.0,0.0,825.6,0.0,0.0,0.6,9.0,0.0,29.0,0.0,77.0,77.0,350.0,825.6,-50.0,0.0,0.0,0.0,0.0,400.0,0.0,0.0,0.0,0.0,0.0,0.0,63.5,741.9,4.443,21.0446525,14.4326831,15.3538891723303,0.0,1.8597026299225,-5.51335456995834,-3.42583864248959,0.0,,21.0,21.999999999999996,21.0,21.999999999999996,24.0,25.0,26.0,20.500000000000004,23.5,28.000000000000004,9.451104378554247,8.99807623478884,2.9922615315453025,3.611057682468002,22.08999999999997
441.0,14.0,-3.4,742.2,0.0,0.0,0.0,20.0,69.8,69.8,69.8,68.0,69.8,-3.43097795883406,71.6,75.2,987.841388888889,3556229.0,0.0,0.0,5.15416666666667,4.12333333333333,3.865625,1564.7,1523.3,1169.9,1102.5,0.0,562.0,0.0,0.0,740.0,2372.0,3.86,22.0,3.86,2.0,0.0,987.841388888889,0.0,63.5,75.2,69.8,52.0,76.1,72.5,77.0,68.9,2.53000000000003,92.0,14.499,744.9,24.62,14.632,-16.5,3.0,0.0,0.0,0.0,14.0,63.0,0.0,77.0,1.0,0.0,825.6,0.0,0.0,0.6,9.0,0.0,29.0,0.0,77.0,77.0,350.0,825.6,-50.0,0.0,0.0,0.0,0.0,400.0,0.0,0.0,0.0,0.0,0.0,0.0,63.5,742.0,4.442,21.0446525,14.4326831,15.3013064581295,0.0,1.86175436497728,-2.37766893337772,-1.47741452280184,0.0,,21.0,21.999999999999996,21.0,21.999999999999996,24.0,25.0,26.0,20.500000000000004,23.5,28.000000000000004,9.451104378554247,5.998717489859216,2.9955627732484436,-2.558521967810634,22.08999999999997
442.0,14.0,-3.4,742.2,0.0,0.0,0.0,20.0,69.8,69.8,69.8,68.0,69.8,-3.43097795883406,71.6,75.2,987.841388888889,3556229.0,0.0,0.0,5.15416666666667,4.12333333333333,3.865625,1564.7,1523.3,1169.9,1102.5,0.0,562.0,0.0,0.0,740.0,2372.0,3.86,22.0,3.86,2.0,0.0,987.841388888889,0.0,63.5,75.2,69.8,52.0,76.1,72.5,77.0,68.9,2.53000000000003,92.0,14.474,744.6,30.06,14.663,9.7,3.0,0.0,0.0,0.0,14.0,63.0,0.0,77.0,1.0,0.0,825.6,0.0,0.0,0.6,9.0,0.0,29.0,0.0,77.0,77.0,350.0,825.6,-50.0,0.0,0.0,0.0,0.0,400.0,0.0,0.0,0.0,0.0,0.0,0.0,63.5,742.0,4.442,46.8255725,14.4605162,15.3013064581295,0.0,1.86175436497728,-2.37766893337772,-1.47741452280184,0.0,,21.0,21.999999999999996,21.0,21.999999999999996,24.0,25.0,26.0,20.500000000000004,23.5,28.000000000000004,4.9520662611598185,5.998717489859216,2.9955627732484436,-2.558521967810634,27.52999999999997
443.0,14.0,5.5,741.4,0.0,0.0,0.0,20.0,69.8,69.8,69.8,68.0,69.8,5.54412906888013,71.6,75.2,987.841944444444,3556231.0,0.0,0.0,5.14861111111111,4.11888888888889,3.86145833333333,1564.7,1523.3,1169.9,1102.5,0.0,651.0,0.0,0.0,739.0,2372.0,3.86,9.0,3.86,61.0,0.0,987.841944444444,0.0,63.5,75.2,69.8,52.0,76.1,72.5,77.0,68.9,2.53000000000003,92.0,14.474,744.6,30.06,14.663,9.7,3.0,0.0,0.0,0.0,14.0,63.0,0.0,77.0,1.0,0.0,825.6,0.0,0.0,0.6,9.0,0.0,29.0,0.0,77.0,77.0,350.0,825.6,-50.0,0.0,0.0,0.0,0.0,400.0,0.0,0.0,0.0,0.0,0.0,0.0,63.5,741.3,4.443,46.8255725,14.4605162,15.2550594307444,0.0,1.86501102607646,2.20712656644677,1.3714444417196,0.0,,21.0,21.999999999999996,21.0,21.999999999999996,24.0,25.0,26.0,20.500000000000004,23.5,28.000000000000004,4.9520662611598185,8.99807623478884,3.0008027409570244,4.134324436152222,27.52999999999997
444.0,14.0,5.5,741.4,0.0,0.0,0.0,20.0,69.8,69.8,69.8,68.0,69.8,5.54412906888013,71.6,75.2,987.841944444444,3556231.0,0.0,0.0,5.14861111111111,4.11888888888889,3.86145833333333,1564.7,1523.3,1169.9,1102.5,0.0,651.0,0.0,0.0,739.0,2372.0,3.86,9.0,3.86,61.0,0.0,987.841944444444,0.0,63.5,75.2,69.8,52.0,76.1,72.5,77.0,68.9,2.50999999999999,92.0,14.497,744.0,24.67,14.627,6.1,3.0,0.0,0.0,0.0,14.0,63.0,0.0,77.0,1.0,0.0,825.6,0.0,0.0,0.6,9.0,0.0,29.0,0.0,77.0,77.0,350.0,825.6,-50.0,0.0,0.0,0.0,0.0,400.0,0.0,0.0,0.0,0.0,0.0,0.0,63.5,741.3,4.443,54.49149,14.4507502,15.2550594307444,0.0,1.86501102607646,2.20712656644677,1.3714444417196,0.0,,21.0,21.999999999999996,21.0,21.999999999999996,24.0,25.0,26.0,20.500000000000004,23.5,28.000000000000004,7.99828998647896,8.99807623478884,3.0008027409570244,4.134324436152222,22.16000000000001
445.0,14.0,3.8,741.4,0.0,0.0,0.0,20.0,69.8,69.8,69.8,68.0,69.8,3.83048917486264,71.6,75.2,987.8425,3556233.0,0.0,0.0,5.14861111111111,4.11888888888889,3.86145833333333,1564.7,1523.3,1169.9,1102.5,0.0,1062.0,0.0,0.0,739.0,2372.0,3.86,24.0,3.84,2.0,0.0,987.8425,0.0,63.5,75.2,69.8,52.0,76.1,72.5,77.0,68.9,2.50999999999999,92.0,14.497,744.0,24.67,14.627,6.1,3.0,0.0,0.0,0.0,14.0,63.0,0.0,77.0,1.0,0.0,825.6,0.0,0.0,0.6,9.0,0.0,29.0,0.0,77.0,77.0,350.0,825.6,-50.0,0.0,0.0,0.0,0.0,400.0,0.0,0.0,0.0,0.0,0.0,0.0,63.5,741.0,4.443,54.49149,14.4507502,15.2218740989132,0.0,1.86959839423185,4.6143143128931,2.8672010989167,0.0,,21.0,21.999999999999996,21.0,21.999999999999996,24.0,25.0,26.0,20.500000000000004,23.5,28.000000000000004,7.99828998647896,12.997221228028314,3.0081838163190464,4.134324436152222,22.16000000000001
446.0,14.0,3.8,741.4,0.0,0.0,0.0,20.0,69.8,69.8,69.8,68.0,69.8,3.83048917486264,71.6,75.2,987.8425,3556233.0,0.0,0.0,5.14861111111111,4.11888888888889,3.86145833333333,1564.7,1523.3,1169.9,1102.5,0.0,1062.0,0.0,0.0,739.0,2372.0,3.86,24.0,3.84,2.0,0.0,987.8425,0.0,63.5,75.2,69.8,52.0,76.1,72.5,77.0,68.9,2.49000000000001,92.0,14.497,744.4,25.38,14.649,9.4,3.0,0.0,0.0,0.0,14.0,63.0,0.0,77.0,1.0,0.0,825.6,0.0,0.0,0.6,9.0,0.0,29.0,0.0,77.0,77.0,350.0,825.6,-50.0,0.0,0.0,0.0,0.0,400.0,0.0,0.0,0.0,0.0,0.0,0.0,63.5,741.0,4.443,62.9386475,14.4595396,15.2218740989132,0.0,1.86959839423185,4.6143143128931,2.8672010989167,0.0,,21.0,21.999999999999996,21.0,21.999999999999996,24.0,25.0,26.0,20.500000000000004,23.5,28.000000000000004,13.887655855429298,12.997221228028314,3.0081838163190464,4.134324436152222,22.88999999999999
447.0,14.0,31.7,738.6,0.0,0.0,0.0,20.0,69.8,69.8,69.8,68.0,69.8,31.833663891339,71.6,75.2,987.843055555556,3556235.0,0.0,0.0,5.12916666666667,4.10333333333333,3.846875,1564.7,1523.3,1169.9,1102.5,0.0,1556.0,0.0,0.0,736.0,2372.0,3.84,22.0,3.84,99.0,0.0,987.843055555556,0.0,63.5,75.2,69.8,52.0,76.1,72.5,77.0,68.9,2.49000000000001,92.0,14.497,744.4,25.38,14.649,9.4,3.0,0.0,0.0,0.0,14.0,63.0,0.0,77.0,1.0,0.0,825.6,0.0,0.0,0.6,9.0,0.0,29.0,0.0,77.0,77.0,350.0,825.6,-50.0,0.0,0.0,0.0,0.0,400.0,0.0,0.0,0.0,0.0,0.0,0.0,63.5,739.1,4.443,62.9386475,14.4595396,15.2121833078671,0.0,1.87677755744991,0.896913847581023,0.557316254385268,0.0,,21.0,21.999999999999996,21.0,21.999999999999996,24.0,25.0,26.0,20.500000000000004,23.5,28.000000000000004,13.887655855429298,20.995511214507257,3.019735089936905,23.73875010539821,22.88999999999999
448.0,14.0,31.7,738.6,0.0,0.0,0.0,20.0,69.8,69.8,69.8,68.0,69.8,31.833663891339,71.6,75.2,987.843055555556,3556235.0,0.0,0.0,5.12916666666667,4.10333333333333,3.846875,1564.7,1523.3,1169.9,1102.5,0.0,1556.0,0.0,0.0,736.0,2372.0,3.84,22.0,3.84,99.0,0.0,987.843055555556,0.0,63.5,75.2,69.8,52.0,76.1,72.5,77.0,68.9,2.49000000000001,92.0,14.496,744.0,25.49,14.644,-14.1,3.0,0.0,0.0,0.0,14.0,63.0,0.0,77.0,1.0,0.0,825.6,0.0,0.0,0.6,9.0,0.0,29.0,0.0,77.0,77.0,350.0,825.6,-50.0,0.0,0.0,0.0,0.0,400.0,0.0,0.0,0.0,0.0,0.0,0.0,63.5,739.1,4.443,16.2595575,14.4605162,15.2121833078671,0.0,1.87677755744991,0.896913847581023,0.557316254385268,0.0,,21.0,21.999999999999996,21.0,21.999999999999996,24.0,25.0,26.0,20.500000000000004,23.5,28.000000000000004,21.82345920138896,20.995511214507257,3.019735089936905,23.73875010539821,22.99999999999999
449.0,14.0,-19.2,743.5,0.0,0.0,0.0,20.0,69.8,69.8,69.8,68.0,69.8,-19.4088705113367,71.6,75.2,987.843611111111,3556237.0,0.0,0.0,5.16319444444444,4.13055555555556,3.87239583333333,1564.7,1523.4,1169.9,1102.5,0.0,1273.0,0.0,0.0,741.0,2358.0,3.86,20.0,3.86,61.0,0.0,987.843611111111,0.0,63.5,75.2,69.8,52.0,76.1,72.5,77.0,68.9,2.49000000000001,92.0,14.496,744.0,25.49,14.644,-14.1,3.0,0.0,0.0,0.0,14.0,63.0,0.0,77.0,1.0,0.0,825.6,0.0,0.0,0.6,9.0,0.0,29.0,0.0,77.0,77.0,350.0,825.6,-50.0,0.0,0.0,0.0,0.0,400.0,0.0,0.0,0.0,0.0,0.0,0.0,63.5,743.2,4.443,16.2595575,14.4605162,15.183291375965,0.0,1.88155973712477,-0.980721811253082,-0.609392092580139,0.0,,21.0,21.999999999999996,21.0,21.999999999999996,24.0,25.0,26.0,20.500000000000004,23.5,28.000000000000004,21.82345920138896,13.997007476338178,3.027429617033755,-14.473430657223492,22.99999999999999
450.0,14.0,-19.2,743.5,0.0,0.0,0.0,20.0,69.8,69.8,69.8,68.0,69.8,-19.4088705113367,71.6,75.2,987.843611111111,3556237.0,0.0,0.0,5.16319444444444,4.13055555555556,3.87239583333333,1564.7,1523.4,1169.9,1102.5,0.0,1273.0,0.0,0.0,741.0,2358.0,3.86,20.0,3.86,61.0,0.0,987.843611111111,0.0,63.5,75.2,69.8,52.0,76.1,72.5,77.0,68.9,2.48000000000002,92.0,14.488,745.6,30.29,14.666,-49.1,3.0,0.0,0.0,0.0,14.0,63.0,0.0,77.0,1.0,0.0,825.6,0.0,0.0,0.6,9.0,0.0,29.0,0.0,77.0,77.0,350.0,825.6,-50.0,0.0,0.0,0.0,0.0,400.0,0.0,0.0,0.0,0.0,0.0,0.0,63.5,743.2,4.443,3.808545,14.4307299,15.183291375965,0.0,1.88155973712477,-0.980721811253082,-0.609392092580139,0.0,,21.0,21.999999999999996,21.0,21.999999999999996,24.0,25.0,26.0,20.500000000000004,23.5,28.000000000000004,12.200516561406394,13.997007476338178,3.027429617033755,-14.473430657223492,27.80999999999998
451.0,14.0,-2.9,742.2,0.0,0.0,0.0,20.0,69.8,69.8,69.8,68.0,69.8,-2.92642237665258,71.6,75.2,987.844166666667,3556239.0,0.0,0.0,5.15416666666667,4.12333333333333,3.865625,1564.7,1523.4,1169.9,1102.5,0.0,666.0,0.0,0.0,740.0,2358.0,3.86,9.0,3.86,61.0,0.0,987.844166666666,0.0,63.5,75.2,69.8,53.0,76.1,72.5,77.0,68.9,2.48000000000002,92.0,14.488,745.6,30.29,14.666,-49.1,3.0,0.0,0.0,0.0,14.0,63.0,0.0,77.0,1.0,0.0,825.6,0.0,0.0,0.6,9.0,0.0,29.0,0.0,77.0,77.0,350.0,825.6,-50.0,0.0,0.0,0.0,0.0,400.0,0.0,0.0,0.0,0.0,0.0,0.0,63.5,742.4,4.443,3.808545,14.4307299,15.1361305101188,0.0,1.88391642248505,-3.2522138284132,-2.02083135877494,0.0,,21.0,21.999999999999996,21.0,21.999999999999996,24.0,25.0,26.0,20.500000000000004,23.5,28.000000000000004,12.200516561406394,6.998503738169096,3.0312215237784454,-14.448124053518868,27.80999999999998
452.0,14.0,-2.9,742.2,0.0,0.0,0.0,20.0,69.8,69.8,69.8,68.0,69.8,-2.92642237665258,71.6,75.2,987.844166666667,3556239.0,0.0,0.0,5.15416666666667,4.12333333333333,3.865625,1564.7,1523.4,1169.9,1102.5,0.0,666.0,0.0,0.0,740.0,2358.0,3.86,9.0,3.86,61.0,0.0,987.844166666666,0.0,63.5,75.2,69.8,53.0,76.1,72.5,77.0,68.9,2.15000000000003,92.0,14.5,745.3,32.34,14.654,-54.4,3.0,0.0,0.0,0.0,14.0,63.0,0.0,77.0,1.0,0.0,825.6,0.0,0.0,0.6,9.0,0.0,29.0,0.0,77.0,75.2,350.0,825.6,-50.0,0.0,0.0,0.0,0.0,400.0,0.0,0.0,0.0,0.0,0.0,0.0,63.5,742.4,4.443,12.4510125,14.4507502,15.1361305101188,0.0,1.88391642248505,-3.2522138284132,-2.02083135877494,0.0,,21.0,21.999999999999996,21.0,21.999999999999996,24.0,25.0,26.0,20.500000000000004,23.5,28.000000000000004,5.73314926765191,6.998503738169096,3.0312215237784454,-14.448124053518868,30.189999999999973
453.0,14.0,0.7,741.9,0.0,0.0,0.0,20.0,69.8,69.8,69.8,68.0,69.8,0.706092294514437,71.6,75.2,987.844722222222,3556241.0,0.0,0.0,5.15208333333333,4.12166666666667,3.8640625,1564.7,1523.4,1169.9,1102.5,0.0,319.0,0.0,0.0,740.0,2358.0,3.86,22.0,3.86,61.0,0.0,987.844722222222,0.0,63.5,75.2,69.8,52.0,76.1,72.5,77.0,68.9,2.15000000000003,92.0,14.5,745.3,32.34,14.654,-54.4,3.0,0.0,0.0,0.0,14.0,63.0,0.0,77.0,1.0,0.0,825.6,0.0,0.0,0.6,9.0,0.0,29.0,0.0,77.0,75.2,350.0,825.6,-50.0,0.0,0.0,0.0,0.0,400.0,0.0,0.0,0.0,0.0,0.0,0.0,63.5,741.9,4.443,12.4510125,14.4507502,15.0796209239686,0.0,1.88530449509931,7.70223172164135,4.785943427108,0.0,-0.0321852321396084,21.0,21.999999999999996,21.0,21.999999999999996,24.0,25.0,26.0,20.500000000000004,23.5,28.000000000000004,5.73314926765191,3.999144993239488,3.0334549326147897,0.5265416066476041,30.189999999999973
454.0,14.0,0.7,741.9,0.0,0.0,0.0,20.0,69.8,69.8,69.8,68.0,69.8,0.706092294514437,71.6,75.2,987.844722222222,3556241.0,0.0,0.0,5.15208333333333,4.12166666666667,3.8640625,1564.7,1523.4,1169.9,1102.5,0.0,319.0,0.0,0.0,740.0,2358.0,3.86,22.0,3.86,61.0,0.0,987.844722222222,0.0,63.5,75.2,69.8,52.0,76.1,72.5,77.0,68.9,2.88999999999999,92.0,14.51,744.6,25.33,14.652,-49.7,3.0,0.0,0.0,0.0,14.0,63.0,0.0,77.0,1.0,0.0,825.6,0.0,0.0,0.6,9.0,0.0,29.0,0.0,77.0,77.0,350.0,825.6,-50.0,0.0,0.0,0.0,0.0,400.0,0.0,0.0,0.0,0.0,0.0,0.0,63.5,741.9,4.443,0.0,14.4307299,15.0796209239686,0.0,1.88530449509931,7.70223172164135,4.785943427108,0.0,-0.0321852321396084,21.0,21.999999999999996,21.0,21.999999999999996,24.0,25.0,26.0,20.500000000000004,23.5,28.000000000000004,0.0,3.999144993239488,3.0334549326147897,0.5265416066476041,22.44000000000001
455.0,14.0,0.4,741.9,0.0,0.0,0.0,20.0,69.8,69.8,69.8,68.0,69.8,0.403481311151107,71.6,75.2,987.845277777778,3556243.0,0.0,0.0,5.15208333333333,4.12166666666667,3.8640625,1564.7,1523.4,1169.9,1102.5,0.0,128.0,0.0,0.0,740.0,2358.0,3.86,20.0,3.86,61.0,0.0,987.845277777778,0.0,63.5,75.2,69.8,52.0,76.1,72.5,77.0,68.9,2.88999999999999,92.0,14.51,744.6,25.33,14.652,-49.7,3.0,0.0,0.0,0.0,14.0,63.0,0.0,77.0,1.0,0.0,825.6,0.0,0.0,0.6,9.0,0.0,29.0,0.0,77.0,77.0,350.0,825.6,-50.0,0.0,0.0,0.0,0.0,400.0,0.0,0.0,0.0,0.0,0.0,0.0,63.5,741.9,4.443,0.0,14.4307299,15.0163809154965,0.0,1.88564578350282,3.36972637821809,2.09385024935975,0.0,-0.0715635944805021,21.0,21.999999999999996,21.0,21.999999999999996,24.0,25.0,26.0,20.500000000000004,23.5,28.000000000000004,0.0,0.9997862483098703,3.0340040656560374,0.3008809180843453,22.44000000000001
456.0,14.0,0.4,741.9,0.0,0.0,0.0,20.0,69.8,69.8,69.8,68.0,69.8,0.403481311151107,71.6,75.2,987.845277777778,3556243.0,0.0,0.0,5.15208333333333,4.12166666666667,3.8640625,1564.7,1523.4,1169.9,1102.5,0.0,128.0,0.0,0.0,740.0,2358.0,3.86,20.0,3.86,61.0,0.0,987.845277777778,0.0,63.5,75.2,69.8,52.0,76.1,72.5,77.0,68.9,2.24000000000001,92.0,14.503,744.6,28.28,14.656,-21.5,3.0,0.0,0.0,0.0,14.0,63.0,0.0,77.0,1.0,0.0,825.6,0.0,0.0,0.6,9.0,0.0,29.0,0.0,77.0,77.0,350.0,825.6,-50.0,0.0,0.0,0.0,0.0,400.0,0.0,0.0,0.0,0.0,0.0,0.0,63.5,741.9,4.443,27.3922275,14.4697939,15.0163809154965,0.0,1.88564578350282,3.36972637821809,2.09385024935975,0.0,-0.0715635944805021,21.0,21.999999999999996,21.0,21.999999999999996,24.0,25.0,26.0,20.500000000000004,23.5,28.000000000000004,1.5153010325946468,0.9997862483098703,3.0340040656560374,0.3008809180843453,26.039999999999992
457.0,14.0,1.8,741.7,0.0,0.0,0.0,20.0,69.8,69.8,69.8,68.0,69.8,1.81517643639775,71.6,75.2,987.845833333333,3556245.0,0.0,0.0,5.15069444444444,4.12055555555556,3.86302083333333,1564.7,1523.4,1169.9,1102.5,0.0,238.0,0.0,0.0,739.0,2358.0,3.86,11.0,3.86,61.0,0.0,987.845833333333,0.0,63.5,75.2,69.8,52.0,76.1,72.5,77.0,68.9,2.24000000000001,92.0,14.503,744.6,28.28,14.656,-21.5,3.0,0.0,0.0,0.0,14.0,63.0,0.0,77.0,1.0,0.0,825.6,0.0,0.0,0.6,9.0,0.0,29.0,0.0,77.0,77.0,350.0,825.6,-50.0,0.0,0.0,0.0,0.0,400.0,0.0,0.0,0.0,0.0,0.0,0.0,63.5,741.8,4.443,27.3922275,14.4697939,14.9573555606445,0.0,1.88670104100732,2.24709001842614,1.39627657183947,0.0,-0.0715635944805021,21.0,21.999999999999996,21.0,21.999999999999996,24.0,25.0,26.0,20.500000000000004,23.5,28.000000000000004,1.5153010325946468,2.999358744929608,3.035701974980778,0.30079980717503507,26.039999999999992
458.0,14.0,1.8,741.7,0.0,0.0,0.0,20.0,69.8,69.8,69.8,68.0,69.8,1.81517643639775,71.6,75.2,987.845833333333,3556245.0,0.0,0.0,5.15069444444444,4.12055555555556,3.86302083333333,1564.7,1523.4,1169.9,1102.5,0.0,238.0,0.0,0.0,739.0,2358.0,3.86,11.0,3.86,61.0,0.0,987.845833333333,0.0,63.5,75.2,69.8,52.0,76.1,72.5,77.0,68.9,2.80000000000001,92.0,14.504,744.3,25.22,14.661,20.5,3.0,0.0,0.0,0.0,14.0,63.0,0.0,77.0,1.0,0.0,825.6,0.0,0.0,0.6,9.0,0.0,29.0,0.0,77.0,77.0,350.0,825.6,-50.0,0.0,0.0,0.0,0.0,400.0,0.0,0.0,0.0,0.0,0.0,0.0,63.5,741.8,4.443,37.49952,14.4707705,14.9573555606445,0.0,1.88670104100732,2.24709001842614,1.39627657183947,0.0,-0.0715635944805021,21.0,21.999999999999996,21.0,21.999999999999996,24.0,25.0,26.0,20.500000000000004,23.5,28.000000000000004,5.170769502977608,2.999358744929608,3.035701974980778,0.30079980717503507,22.419999999999987
459.0,14.0,1.2,741.8,0.0,0.0,0.0,20.0,69.8,69.8,69.8,68.0,69.8,1.21028077885924,71.6,75.2,987.846388888889,3556247.0,0.0,0.0,5.15138888888889,4.12111111111111,3.86354166666667,1564.7,1523.4,1169.9,1102.5,0.0,546.0,0.0,0.0,740.0,2369.0,3.86,24.0,3.86,2.0,0.0,987.846388888889,0.0,63.5,75.2,69.8,52.0,76.1,72.5,77.0,68.9,2.80000000000001,92.0,14.504,744.3,25.22,14.661,20.5,3.0,0.0,0.0,0.0,14.0,63.0,0.0,77.0,1.0,0.0,825.6,0.0,0.0,0.6,9.0,0.0,29.0,0.0,77.0,77.0,350.0,825.6,-50.0,0.0,0.0,0.0,0.0,400.0,0.0,0.0,0.0,0.0,0.0,0.0,63.5,741.6,4.443,37.49952,14.4707705,14.9126657921631,0.0,1.88902225744707,7.86375483059225,4.88630920283994,0.0,-0.0715635944805021,21.0,21.999999999999996,21.0,21.999999999999996,24.0,25.0,26.0,20.500000000000004,23.5,28.000000000000004,5.170769502977608,6.998503738169096,3.039436812232336,1.3537816318336091,22.419999999999987
460.0,14.0,1.2,741.8,0.0,0.0,0.0,20.0,69.8,69.8,69.8,68.0,69.8,1.21028077885924,71.6,75.2,987.846388888889,3556247.0,0.0,0.0,5.15138888888889,4.12111111111111,3.86354166666667,1564.7,1523.4,1169.9,1102.5,0.0,546.0,0.0,0.0,740.0,2369.0,3.86,24.0,3.86,2.0,0.0,987.846388888889,0.0,63.5,75.2,69.8,52.0,76.1,72.5,77.0,68.9,2.49000000000001,92.0,14.515,744.9,24.77,14.656,-0.5,3.0,0.0,0.0,0.0,14.0,63.0,0.0,77.0,1.0,0.0,825.6,0.0,0.0,0.6,9.0,0.0,29.0,0.0,77.0,77.0,350.0,825.6,-50.0,0.0,0.0,0.0,0.0,400.0,0.0,0.0,0.0,0.0,0.0,0.0,63.5,741.6,4.443,14.1111475,14.4707705,14.9126657921631,0.0,1.88902225744707,7.86375483059225,4.88630920283994,0.0,,21.0,21.999999999999996,21.0,21.999999999999996,24.0,25.0,26.0,20.500000000000004,23.5,28.000000000000004,3.999144993239488,6.998503738169096,3.039436812232336,1.3537816318336091,22.27999999999999
461.0,14.0,2.3,741.7,0.0,0.0,0.0,20.0,69.8,69.8,69.8,68.0,69.8,2.3193921131749,71.6,75.2,987.846944444444,3556249.0,0.0,0.0,5.15069444444444,4.12055555555556,3.86302083333333,1564.7,1523.4,1169.9,1102.5,0.0,517.0,0.0,0.0,739.0,2369.0,3.86,22.0,3.86,64.0,0.0,987.846944444444,0.0,63.5,75.2,69.8,52.0,76.1,72.5,77.0,68.9,2.43000000000001,92.0,14.515,744.6,25.24,14.655,-0.5,3.0,0.0,0.0,0.0,14.0,63.0,0.0,77.0,1.0,0.0,825.6,0.0,0.0,0.6,9.0,0.0,29.0,0.0,77.0,77.0,350.0,825.6,-50.0,0.0,0.0,0.0,0.0,400.0,0.0,0.0,0.0,0.0,0.0,0.0,63.5,741.9,4.443,14.1111475,14.4707705,14.8683746584791,0.0,1.89134222518962,4.10338177277817,2.54972243553294,0.0,,21.0,21.999999999999996,21.0,21.999999999999996,24.0,25.0,26.0,20.500000000000004,23.5,28.000000000000004,3.999144993239488,6.998503738169096,3.0431696403300985,0.9023994215251082,22.809999999999988
462.0,14.0,2.3,741.7,0.0,0.0,0.0,20.0,69.8,69.8,69.8,68.0,69.8,2.3193921131749,71.6,75.2,987.846944444444,3556249.0,0.0,0.0,5.15069444444444,4.12055555555556,3.86302083333333,1564.7,1523.4,1169.9,1102.5,0.0,517.0,0.0,0.0,739.0,2369.0,3.86,22.0,3.86,64.0,0.0,987.846944444444,0.0,63.5,75.2,69.8,52.0,76.1,72.5,77.0,68.9,2.43000000000001,92.0,14.515,744.6,25.24,14.655,25.7,3.0,0.0,0.0,0.0,14.0,63.0,0.0,77.0,1.0,0.0,825.6,0.0,0.0,0.6,9.0,0.0,29.0,0.0,77.0,75.2,350.0,825.6,-50.0,0.0,0.0,0.0,0.0,400.0,0.0,0.0,0.0,0.0,0.0,0.0,63.5,741.9,4.443,19.5798275,14.4507502,14.8683746584791,0.0,1.89134222518962,4.10338177277817,2.54972243553294,0.0,,21.0,21.999999999999996,21.0,21.999999999999996,24.0,25.0,26.0,20.500000000000004,23.5,28.000000000000004,3.999144993239488,6.998503738169096,3.0431696403300985,0.9023994215251082,22.809999999999988
463.0,14.0,0.6,741.9,0.0,0.0,0.0,20.0,69.8,69.8,69.8,68.0,69.8,0.60522196672666,71.6,75.2,987.8475,3556251.0,0.0,0.0,5.15208333333333,4.12166666666667,3.8640625,1564.7,1523.4,1169.9,1102.5,0.0,579.0,0.0,0.0,739.0,2369.0,3.86,19.0,3.86,61.0,0.0,987.8475,0.0,63.5,75.2,69.8,52.0,76.1,72.5,77.0,68.9,2.44,92.0,14.493,744.0,24.76,14.659,25.7,3.0,0.0,0.0,0.0,14.0,63.0,0.0,77.0,1.0,0.0,825.6,0.0,0.0,0.6,9.0,0.0,29.0,0.0,77.0,75.2,350.0,825.6,-50.0,0.0,0.0,0.0,0.0,400.0,0.0,0.0,0.0,0.0,0.0,0.0,63.5,741.9,4.443,19.5798275,14.4507502,14.8244669166345,0.0,1.89366148080626,15.7253897650177,9.77130116367884,0.0,0.0217891222357999,21.0,21.999999999999996,21.0,21.999999999999996,24.0,25.0,26.0,20.500000000000004,23.5,28.000000000000004,3.999144993239488,6.998503738169096,3.046901322617272,1.7300652789849815,22.32
464.0,14.0,0.6,741.9,0.0,0.0,0.0,20.0,69.8,69.8,69.8,68.0,69.8,0.60522196672666,71.6,75.2,987.8475,3556251.0,0.0,0.0,5.15208333333333,4.12166666666667,3.8640625,1564.7,1523.4,1169.9,1102.5,0.0,579.0,0.0,0.0,739.0,2369.0,3.86,19.0,3.86,61.0,0.0,987.8475,0.0,63.5,75.2,69.8,52.0,76.1,72.5,77.0,68.9,2.44,92.0,14.493,744.0,24.76,14.659,15.0,3.0,0.0,0.0,0.0,14.0,63.0,0.0,77.0,1.0,0.0,825.6,0.0,0.0,0.6,9.0,0.0,29.0,0.0,77.0,77.0,350.0,825.6,-50.0,0.0,0.0,0.0,0.0,400.0,0.0,0.0,0.0,0.0,0.0,0.0,63.5,741.9,4.443,58.593,14.4605162,14.8244669166345,0.0,1.89366148080626,15.7253897650177,9.77130116367884,0.0,0.0217891222357999,21.0,21.999999999999996,21.0,21.999999999999996,24.0,25.0,26.0,20.500000000000004,23.5,28.000000000000004,9.169914496217096,6.998503738169096,3.046901322617272,1.7300652789849815,22.32
465.0,14.0,8.6,740.9,0.0,0.0,0.0,20.0,69.8,69.8,69.8,68.0,68.0,8.66315544383998,71.6,75.2,987.848055555556,3556253.0,0.0,0.0,5.14513888888889,4.11611111111111,3.85885416666667,1564.7,1523.4,1169.9,1102.5,0.0,1057.0,0.0,0.0,739.0,2369.0,3.86,21.0,3.84,61.0,0.0,987.848055555556,0.0,63.5,75.2,69.8,52.0,76.1,72.5,77.0,68.9,2.40000000000003,92.0,14.496,745.3,25.35,14.64,-10.0,3.0,0.0,0.0,0.0,14.0,63.0,0.0,77.0,1.0,0.0,825.6,0.0,0.0,0.6,9.0,0.0,29.0,0.0,77.0,77.0,350.0,825.6,-50.0,0.0,0.0,0.0,0.0,400.0,0.0,0.0,0.0,0.0,0.0,0.0,63.5,740.4,4.443,58.593,14.4605162,14.7954430667118,0.0,1.89811966097159,2.04025901872958,1.26775778672702,0.0,0.0365687200344573,21.0,21.999999999999996,21.0,21.999999999999996,24.0,25.0,26.0,20.500000000000004,23.5,28.000000000000004,9.169914496217096,12.997221228028314,3.0540745345032883,0.45071304530669504,22.94999999999997
466.0,14.0,8.6,740.9,0.0,0.0,0.0,20.0,69.8,69.8,69.8,68.0,68.0,8.66315544383998,71.6,75.2,987.848055555556,3556253.0,0.0,0.0,5.14513888888889,4.11611111111111,3.85885416666667,1564.7,1523.4,1169.9,1102.5,0.0,1057.0,0.0,0.0,739.0,2369.0,3.86,21.0,3.84,61.0,0.0,987.848055555556,0.0,63.5,75.2,69.8,52.0,76.1,72.5,77.0,68.9,2.40000000000003,92.0,14.496,745.3,25.35,14.64,-10.0,3.0,0.0,0.0,0.0,14.0,63.0,0.0,77.0,1.0,0.0,825.6,0.0,0.0,0.6,9.0,0.0,29.0,0.0,77.0,77.0,350.0,825.6,-50.0,0.0,0.0,0.0,0.0,400.0,0.0,0.0,0.0,0.0,0.0,0.0,63.5,742.2,4.443,18.8962425,14.4497736,14.7954430667118,0.0,1.89811966097159,2.04025901872958,1.26775778672702,0.0,0.0365687200344573,21.0,21.999999999999996,21.0,21.999999999999996,24.0,25.0,26.0,20.500000000000004,23.5,28.000000000000004,13.153437829326723,12.997221228028314,3.0540745345032883,0.45071304530669504,22.94999999999997
467.0,14.0,-3.7,742.2,0.0,0.0,0.0,20.0,69.8,69.8,69.8,68.0,69.8,-3.73371130814294,71.6,75.2,987.848611111111,3556255.0,0.0,0.0,5.15416666666667,4.12333333333333,3.865625,1564.7,1523.4,1169.9,1102.5,0.0,823.0,0.0,0.0,740.0,2369.0,3.86,22.0,3.86,64.0,0.0,987.848611111111,0.0,63.5,75.2,69.8,52.0,76.1,72.5,77.0,68.9,2.36000000000001,92.0,14.496,745.4,29.23,14.646,-64.1,3.0,0.0,0.0,0.0,14.0,63.0,0.0,77.0,1.0,0.0,825.6,0.0,0.0,0.6,9.0,0.0,29.0,0.0,77.0,77.0,350.0,825.6,-50.0,0.0,0.0,0.0,0.0,400.0,0.0,0.0,0.0,0.0,0.0,0.0,63.5,742.2,4.443,18.8962425,14.4497736,14.7562200569426,0.0,1.90119045798578,-3.27732744870983,-2.03643623413227,0.0,0.0365687200344573,21.0,21.999999999999996,21.0,21.999999999999996,24.0,25.0,26.0,20.500000000000004,23.5,28.000000000000004,13.153437829326723,8.99807623478884,3.05901544689912,6.471555565638658,26.86999999999999
468.0,14.0,-3.7,742.2,0.0,0.0,0.0,20.0,69.8,69.8,69.8,68.0,69.8,-3.73371130814294,71.6,75.2,987.848611111111,3556255.0,0.0,0.0,5.15416666666667,4.12333333333333,3.865625,1564.7,1523.4,1169.9,1102.5,0.0,823.0,0.0,0.0,740.0,2369.0,3.86,22.0,3.86,64.0,0.0,987.848611111111,0.0,63.5,75.2,69.8,52.0,76.1,72.5,77.0,68.9,2.36000000000001,92.0,14.496,745.4,29.23,14.646,-64.1,3.0,0.0,0.0,0.0,14.0,63.0,0.0,77.0,1.0,0.0,825.6,0.0,0.0,0.6,9.0,0.0,29.0,0.0,77.0,77.0,350.0,825.6,-50.0,0.0,0.0,0.0,0.0,400.0,0.0,0.0,0.0,0.0,0.0,0.0,63.5,741.9,4.443,18.74976,14.419499,14.7562200569426,0.0,1.90119045798578,-3.27732744870983,-2.03643623413227,0.0,0.0365687200344573,21.0,21.999999999999996,21.0,21.999999999999996,24.0,25.0,26.0,20.500000000000004,23.5,28.000000000000004,3.999144993239488,8.99807623478884,3.05901544689912,6.471555565638658,26.86999999999999
469.0,14.0,-0.8,742.0,0.0,0.0,0.0,20.0,69.8,69.8,69.8,68.0,69.8,-0.807071392031598,71.6,75.2,987.848888888889,3556256.0,0.0,0.0,5.15277777777778,4.12222222222222,3.86458333333333,1564.7,1523.4,1169.9,1102.5,0.0,497.0,0.0,0.0,740.0,2374.0,3.86,24.0,3.86,2.0,0.0,987.848888888889,0.0,63.5,75.2,69.8,52.0,76.1,72.5,77.0,68.9,2.76999999999998,92.0,14.51,744.5,28.07,14.647,-60.6,3.0,0.0,0.0,0.0,14.0,63.0,0.0,77.0,1.0,0.0,825.6,0.0,0.0,0.6,9.0,0.0,29.0,0.0,77.0,77.0,350.0,825.6,-50.0,0.0,0.0,0.0,0.0,400.0,0.0,0.0,0.0,0.0,0.0,0.0,63.5,741.9,4.443,18.74976,14.419499,14.7082579074363,0.0,1.90284530996964,-8.42318059299191,-5.23392014824798,0.0,,21.0,21.999999999999996,21.0,21.999999999999996,24.0,25.0,26.0,20.500000000000004,23.5,28.000000000000004,3.999144993239488,4.998931241549352,3.061678103741151,-0.601842947078,25.30000000000002
470.0,14.0,-0.8,742.0,0.0,0.0,0.0,20.0,69.8,69.8,69.8,68.0,69.8,-0.807071392031598,71.6,75.2,987.848888888889,3556256.0,0.0,0.0,5.15277777777778,4.12222222222222,3.86458333333333,1564.7,1523.4,1169.9,1102.5,0.0,497.0,0.0,0.0,740.0,2374.0,3.86,24.0,3.86,2.0,0.0,987.848888888889,0.0,63.5,75.2,69.8,52.0,76.1,72.5,77.0,68.9,2.76999999999998,92.0,14.51,744.5,28.07,14.647,-60.6,3.0,0.0,0.0,0.0,14.0,63.0,0.0,77.0,1.0,0.0,825.6,0.0,0.0,0.6,9.0,0.0,29.0,0.0,77.0,77.0,350.0,825.6,-50.0,0.0,0.0,0.0,0.0,400.0,0.0,0.0,0.0,0.0,0.0,0.0,63.5,741.9,4.443,11.91391,14.4307299,14.7082579074363,0.0,1.90284530996964,-8.42318059299191,-5.23392014824798,0.0,,21.0,21.999999999999996,21.0,21.999999999999996,24.0,25.0,26.0,20.500000000000004,23.5,28.000000000000004,4.998931241549352,4.998931241549352,3.061678103741151,-0.601842947078,25.30000000000002
471.0,14.0,0.9,741.9,0.0,0.0,0.0,20.0,69.8,69.8,69.8,68.0,69.8,0.90783295008999,71.6,75.2,987.849444444444,3556258.0,0.0,0.0,5.15208333333333,4.12166666666667,3.8640625,1564.7,1523.4,1169.9,1102.5,0.0,330.0,0.0,0.0,740.0,2374.0,3.86,22.0,3.86,61.0,0.0,987.849444444444,0.0,63.5,75.2,69.8,52.0,76.1,72.5,77.0,68.9,2.23000000000002,92.0,14.499,745.0,24.79,14.642,-5.8,3.0,0.0,0.0,0.0,14.0,63.0,0.0,77.0,1.0,0.0,825.6,0.0,0.0,0.6,9.0,0.0,29.0,0.0,77.0,77.0,350.0,825.6,-50.0,0.0,0.0,0.0,0.0,400.0,0.0,0.0,0.0,0.0,0.0,0.0,63.5,741.9,4.443,11.91391,14.4307299,14.6579343160761,0.0,1.90417468482327,5.99062467238771,3.72240044330623,0.0,-0.0108850802158405,21.0,21.999999999999996,21.0,21.999999999999996,24.0,25.0,26.0,20.500000000000004,23.5,28.000000000000004,4.998931241549352,3.999144993239488,3.0638170678806413,0.6769820656897763,22.55999999999998
472.0,14.0,0.9,741.9,0.0,0.0,0.0,20.0,69.8,69.8,69.8,68.0,69.8,0.90783295008999,71.6,75.2,987.849444444444,3556258.0,0.0,0.0,5.15208333333333,4.12166666666667,3.8640625,1564.7,1523.4,1169.9,1102.5,0.0,330.0,0.0,0.0,740.0,2374.0,3.86,22.0,3.86,61.0,0.0,987.849444444444,0.0,63.5,75.2,69.8,52.0,76.1,72.5,77.0,68.9,2.23000000000002,92.0,14.499,745.0,24.79,14.642,-5.8,3.0,0.0,0.0,0.0,14.0,63.0,0.0,77.0,1.0,0.0,825.6,0.0,0.0,0.6,9.0,0.0,29.0,0.0,77.0,77.0,350.0,825.6,-50.0,0.0,0.0,0.0,0.0,400.0,0.0,0.0,0.0,0.0,0.0,0.0,63.5,741.9,4.443,20.214585,14.4605162,14.6579343160761,0.0,1.90417468482327,5.99062467238771,3.72240044330623,0.0,-0.0108850802158405,21.0,21.999999999999996,21.0,21.999999999999996,24.0,25.0,26.0,20.500000000000004,23.5,28.000000000000004,4.389686496485517,3.999144993239488,3.0638170678806413,0.6769820656897763,22.55999999999998
473.0,14.0,0.1,741.9,0.0,0.0,0.0,20.0,69.8,69.8,69.8,68.0,69.8,0.100870327787777,71.6,75.2,987.85,3556260.0,0.0,0.0,5.15208333333333,4.12166666666667,3.8640625,1564.7,1523.4,1169.9,1102.5,0.0,312.0,0.0,0.0,740.0,2374.0,3.86,10.0,3.86,61.0,0.0,987.85,0.0,63.5,75.2,69.8,52.0,76.1,72.5,77.0,68.9,2.50999999999999,92.0,14.51,744.4,26.28,14.646,60.7,3.0,0.0,0.0,0.0,14.0,63.0,0.0,77.0,1.0,0.0,825.6,0.0,0.0,0.6,9.0,0.0,29.0,0.0,77.0,77.0,350.0,825.6,-50.0,0.0,0.0,0.0,0.0,400.0,0.0,0.0,0.0,0.0,0.0,0.0,63.5,741.9,4.443,27.050435,14.4307299,14.6047428523557,0.0,1.90518569935259,40.4367165386171,25.126202992317,0.0,-0.0364654022093061,21.0,21.999999999999996,21.0,21.999999999999996,24.0,25.0,26.0,20.500000000000004,23.5,28.000000000000004,4.217848235057261,2.999358744929608,3.065443790258317,0.6769820656897763,23.77000000000001
474.0,14.0,0.1,741.9,0.0,0.0,0.0,20.0,69.8,69.8,69.8,68.0,69.8,0.100870327787777,71.6,75.2,987.85,3556260.0,0.0,0.0,5.15208333333333,4.12166666666667,3.8640625,1564.7,1523.4,1169.9,1102.5,0.0,312.0,0.0,0.0,740.0,2374.0,3.86,10.0,3.86,61.0,0.0,987.85,0.0,63.5,75.2,69.8,52.0,76.1,72.5,77.0,68.9,2.50999999999999,92.0,14.51,744.4,26.28,14.646,60.7,3.0,0.0,0.0,0.0,14.0,63.0,0.0,77.0,1.0,0.0,825.6,0.0,0.0,0.6,9.0,0.0,29.0,0.0,77.0,77.0,350.0,825.6,-50.0,0.0,0.0,0.0,0.0,400.0,0.0,0.0,0.0,0.0,0.0,0.0,63.5,741.9,4.443,27.050435,14.4307299,14.6047428523557,0.0,1.90518569935259,40.4367165386171,25.126202992317,0.0,-0.0364654022093061,21.0,21.999999999999996,21.0,21.999999999999996,24.0,25.0,26.0,20.500000000000004,23.5,28.000000000000004,4.217848235057261,2.999358744929608,3.065443790258317,0.6769820656897763,23.77000000000001
475.0,14.0,0.0,742.0,0.0,0.0,0.0,20.0,69.8,69.8,69.8,68.0,69.8,0.0,71.6,75.2,987.850555555556,3556262.0,0.0,0.0,5.15277777777778,4.12222222222222,3.86458333333333,1564.7,1523.4,1169.9,1102.5,0.0,369.0,0.0,0.0,740.0,2374.0,3.86,24.0,3.86,2.0,0.0,987.850555555556,0.0,63.5,75.2,69.8,52.0,76.1,72.5,77.0,68.9,2.16000000000003,92.0,14.498,744.6,25.49,14.644,17.7,3.0,0.0,0.0,0.0,14.0,63.0,0.0,77.0,1.0,0.0,825.6,0.0,0.0,0.6,9.0,0.0,29.0,0.0,77.0,77.0,350.0,825.6,-50.0,0.0,0.0,0.0,0.0,400.0,0.0,0.0,0.0,0.0,0.0,0.0,63.5,741.9,4.443,27.050435,14.4307299,14.5525828503069,0.0,1.9065871865424,40.4367165386171,25.126202992317,0.0,-0.0364654022093061,21.0,21.999999999999996,21.0,21.999999999999996,24.0,25.0,26.0,20.500000000000004,23.5,28.000000000000004,4.217848235057261,3.999144993239488,3.0676987831467217,0.0752303683847502,23.32999999999997
476.0,14.0,0.0,742.0,0.0,0.0,0.0,20.0,69.8,69.8,69.8,68.0,69.8,0.0,71.6,75.2,987.850555555556,3556262.0,0.0,0.0,5.15277777777778,4.12222222222222,3.86458333333333,1564.7,1523.4,1169.9,1102.5,0.0,369.0,0.0,0.0,740.0,2374.0,3.86,24.0,3.86,2.0,0.0,987.850555555556,0.0,63.5,75.2,69.8,52.0,76.1,72.5,77.0,68.9,2.16000000000003,92.0,14.498,744.6,25.49,14.644,17.7,3.0,0.0,0.0,0.0,14.0,63.0,0.0,77.0,1.0,0.0,825.6,0.0,0.0,0.6,9.0,0.0,29.0,0.0,77.0,77.0,350.0,825.6,-50.0,0.0,0.0,0.0,0.0,400.0,0.0,0.0,0.0,0.0,0.0,0.0,63.5,741.7,4.443,29.88243,14.4707705,14.5525828503069,0.0,1.9065871865424,40.4367165386171,25.126202992317,0.0,-0.0364654022093061,21.0,21.999999999999996,21.0,21.999999999999996,24.0,25.0,26.0,20.500000000000004,23.5,28.000000000000004,4.280334875576639,3.999144993239488,3.0676987831467217,0.0752303683847502,23.32999999999997
477.0,14.0,3.5,741.6,0.0,0.0,0.0,20.0,69.8,69.8,69.8,68.0,69.8,3.52903386987401,71.6,75.2,987.851111111111,3556264.0,0.0,0.0,5.15,4.12,3.8625,1564.7,1523.4,1169.9,1102.5,0.0,505.0,0.0,0.0,739.0,2372.0,3.86,22.0,3.86,61.0,0.0,987.851111111111,0.0,63.5,75.2,69.8,52.0,76.1,72.5,77.0,68.9,2.40000000000003,92.0,14.5,744.4,24.78,14.642,-12.4,3.0,0.0,0.0,0.0,14.0,63.0,0.0,77.0,1.0,0.0,825.6,0.0,0.0,0.6,9.0,0.0,29.0,0.0,77.0,77.0,350.0,825.6,-50.0,0.0,0.0,0.0,0.0,400.0,0.0,0.0,0.0,0.0,0.0,0.0,63.5,741.7,4.443,29.88243,14.4707705,14.5092193728256,0.0,1.90901945741039,2.69687162891046,1.67575782092772,0.0,,21.0,21.999999999999996,21.0,21.999999999999996,24.0,25.0,26.0,20.500000000000004,23.5,29.0,4.280334875576639,6.998503738169096,3.0716123069733174,0.0,22.37999999999997
478.0,14.0,3.5,741.6,0.0,0.0,0.0,20.0,69.8,69.8,69.8,68.0,69.8,3.52903386987401,71.6,75.2,987.851111111111,3556264.0,0.0,0.0,5.15,4.12,3.8625,1564.7,1523.4,1169.9,1102.5,0.0,505.0,0.0,0.0,739.0,2372.0,3.86,22.0,3.86,61.0,0.0,987.851111111111,0.0,63.5,75.2,69.8,52.0,76.1,72.5,77.0,68.9,2.40000000000003,92.0,14.5,744.4,24.78,14.642,-12.4,3.0,0.0,0.0,0.0,14.0,63.0,0.0,77.0,1.0,0.0,825.6,0.0,0.0,0.6,9.0,0.0,29.0,0.0,77.0,77.0,350.0,825.6,-50.0,0.0,0.0,0.0,0.0,400.0,0.0,0.0,0.0,0.0,0.0,0.0,63.5,741.6,4.443,35.839385,14.4595396,14.5092193728256,0.0,1.90901945741039,2.69687162891046,1.67575782092772,0.0,,21.0,21.999999999999996,21.0,21.999999999999996,24.0,25.0,26.0,20.500000000000004,23.5,29.0,8.092019947258011,6.998503738169096,3.0716123069733174,0.0,22.37999999999997
479.0,14.0,0.9,741.8,0.0,0.0,0.0,20.0,69.8,69.8,69.8,68.0,69.8,0.907710584144433,71.6,75.2,987.851666666667,3556266.0,0.0,0.0,5.15138888888889,4.12111111111111,3.86354166666667,1564.7,1523.4,1169.9,1102.5,0.0,777.0,0.0,0.0,740.0,2372.0,3.86,15.0,3.86,61.0,0.0,987.851666666667,0.0,63.5,75.2,69.8,52.0,76.1,72.5,77.0,68.9,2.40000000000003,92.0,14.498,744.6,24.54,14.632,29.7,3.0,0.0,0.0,0.0,14.0,63.0,0.0,77.0,1.0,0.0,825.6,0.0,0.0,0.6,9.0,0.0,29.0,0.0,77.0,77.0,350.0,825.6,-50.0,0.0,0.0,0.0,0.0,400.0,0.0,0.0,0.0,0.0,0.0,0.0,63.5,741.6,4.443,19.238035,14.4507502,14.4751759553056,0.0,1.91238839565825,14.9785806296995,9.30725562445703,0.0,,21.0,21.999999999999996,21.0,21.999999999999996,24.0,25.0,26.0,20.500000000000004,23.5,28.000000000000004,9.841645881800293,9.997862483098704,3.0770329286141243,0.6768908159168031,22.13999999999997
480.0,14.0,0.9,741.8,0.0,0.0,0.0,20.0,69.8,69.8,69.8,68.0,69.8,0.907710584144433,71.6,75.2,987.851666666667,3556266.0,0.0,0.0,5.15138888888889,4.12111111111111,3.86354166666667,1564.7,1523.4,1169.9,1102.5,0.0,777.0,0.0,0.0,740.0,2372.0,3.86,15.0,3.86,61.0,0.0,987.851666666667,0.0,63.5,75.2,69.8,52.0,76.1,72.5,77.0,68.9,2.40000000000003,92.0,14.498,744.6,24.54,14.632,29.7,3.0,0.0,0.0,0.0,14.0,63.0,0.0,77.0,1.0,0.0,825.6,0.0,0.0,0.6,9.0,0.0,29.0,0.0,77.0,77.0,350.0,825.6,-50.0,0.0,0.0,0.0,0.0,400.0,0.0,0.0,0.0,0.0,0.0,0.0,63.5,742.3,4.443,19.238035,14.4507502,14.4751759553056,0.0,1.91238839565825,14.9785806296995,9.30725562445703,0.0,,21.0,21.999999999999996,21.0,21.999999999999996,24.0,25.0,26.0,20.500000000000004,23.5,28.000000000000004,9.841645881800293,9.997862483098704,3.0770329286141243,0.6768908159168031,22.13999999999997
481.0,14.0,-4.0,742.4,0.0,0.0,0.0,20.0,69.8,69.8,69.8,68.0,69.8,-4.03753235474567,71.6,75.2,987.852222222222,3556268.0,0.0,0.0,5.15555555555556,4.12444444444444,3.86666666666667,1564.7,1523.4,1169.9,1102.5,0.0,632.0,0.0,0.0,740.0,2372.0,3.86,24.0,3.86,2.0,0.0,987.852222222222,0.0,63.5,75.2,69.8,52.0,76.1,72.5,77.0,68.9,2.44999999999999,92.0,14.491,745.2,31.2,14.66,-9.4,3.0,0.0,0.0,0.0,14.0,63.0,0.0,77.0,1.0,0.0,825.6,0.0,0.0,0.6,9.0,0.0,29.0,0.0,77.0,77.0,350.0,825.6,-50.0,0.0,0.0,0.0,0.0,400.0,0.0,0.0,0.0,0.0,0.0,0.0,63.5,742.3,4.443,14.1111475,14.4395193,14.4345483161498,0.0,1.9147033837148,-2.35721982758621,-1.46470804148707,0.0,,21.0,21.999999999999996,21.0,21.999999999999996,24.0,25.0,26.0,20.500000000000004,23.5,29.0,3.999144993239488,6.998503738169096,3.080757744397113,-3.0108369535761894,28.75000000000001
482.0,14.0,-4.0,742.4,0.0,0.0,0.0,20.0,69.8,69.8,69.8,68.0,69.8,-4.03753235474567,71.6,75.2,987.852222222222,3556268.0,0.0,0.0,5.15555555555556,4.12444444444444,3.86666666666667,1564.7,1523.4,1169.9,1102.5,0.0,632.0,0.0,0.0,740.0,2372.0,3.86,24.0,3.86,2.0,0.0,987.852222222222,0.0,63.5,75.2,69.8,52.0,76.1,72.5,77.0,68.9,2.44999999999999,92.0,14.491,745.2,31.2,14.66,-9.4,3.0,0.0,0.0,0.0,14.0,63.0,0.0,77.0,1.0,0.0,825.6,0.0,0.0,0.6,9.0,0.0,29.0,0.0,77.0,75.2,350.0,825.6,-50.0,0.0,0.0,0.0,0.0,400.0,0.0,0.0,0.0,0.0,0.0,0.0,63.5,742.1,4.443,14.1111475,14.4395193,14.4345483161498,0.0,1.9147033837148,-2.35721982758621,-1.46470804148707,0.0,,21.0,21.999999999999996,21.0,21.999999999999996,24.0,25.0,26.0,20.500000000000004,23.5,29.0,3.999144993239488,6.998503738169096,3.080757744397113,-3.0108369535761894,28.75000000000001
483.0,14.0,-2.0,742.2,0.0,0.0,0.0,20.0,69.8,69.8,69.8,68.0,69.8,-2.01822232872592,71.6,75.2,987.852777777778,3556270.0,0.0,0.0,5.15416666666667,4.12333333333333,3.865625,1564.7,1523.4,1169.9,1102.5,0.0,413.0,0.0,0.0,740.0,2372.0,3.86,24.0,3.86,40.0,0.0,987.852777777778,0.0,63.5,75.2,69.8,52.0,76.1,72.5,77.0,68.9,2.19999999999999,92.0,14.475,745.4,35.11,14.662,-147.8,3.0,0.0,0.0,0.0,14.0,63.0,0.0,77.0,1.0,0.0,825.6,0.0,0.0,0.6,9.0,0.0,29.0,0.0,77.0,75.2,350.0,825.6,-50.0,0.0,0.0,0.0,0.0,400.0,0.0,0.0,0.0,0.0,0.0,0.0,63.5,742.1,4.443,16.0642475,14.3906893,14.385154653386,0.0,1.91607188672666,-2.69469145782808,-1.67440312584209,0.0,,21.0,21.999999999999996,21.0,21.999999999999996,24.0,25.0,26.0,20.500000000000004,23.5,29.0,4.046009973629006,3.999144993239488,3.082959665743196,-1.5050129222415511,32.91000000000001
484.0,14.0,0.0,742.0,0.0,0.0,0.0,20.0,69.8,69.8,69.8,68.0,69.8,0.0,71.6,75.2,987.853333333333,3556272.0,0.0,0.0,5.15277777777778,4.12222222222222,3.86458333333333,1564.7,1523.4,1169.9,1102.5,0.0,267.0,0.0,0.0,740.0,2372.0,3.86,12.0,3.86,2.0,0.0,987.853333333333,0.0,63.5,75.2,69.8,52.0,76.1,72.5,77.0,68.9,2.19999999999999,92.0,14.475,745.4,35.11,14.662,-147.8,3.0,0.0,0.0,0.0,14.0,63.0,0.0,77.0,1.0,0.0,825.6,0.0,0.0,0.6,9.0,0.0,29.0,0.0,77.0,77.0,350.0,825.6,-50.0,0.0,0.0,0.0,0.0,400.0,0.0,0.0,0.0,0.0,0.0,0.0,63.5,742.0,4.443,16.0642475,14.3906893,14.385154653386,0.0,1.91607188672666,-2.69469145782808,-1.67440312584209,0.0,,21.0,21.999999999999996,21.0,21.999999999999996,24.0,25.0,26.0,20.500000000000004,23.5,29.0,4.046009973629006,3.999144993239488,3.082959665743196,0.0,32.91000000000001
485.0,14.0,0.0,742.0,0.0,0.0,0.0,20.0,69.8,69.8,69.8,68.0,69.8,0.0,71.6,75.2,987.853333333333,3556272.0,0.0,0.0,5.15277777777778,4.12222222222222,3.86458333333333,1564.7,1523.4,1169.9,1102.5,0.0,267.0,0.0,0.0,740.0,2372.0,3.86,12.0,3.86,2.0,0.0,987.853333333333,0.0,63.5,75.2,69.8,52.0,76.1,72.5,77.0,68.9,2.68000000000001,92.0,14.5,745.1,28.13,14.67,-82.0,3.0,0.0,0.0,0.0,14.0,63.0,0.0,77.0,1.0,0.0,825.6,0.0,0.0,0.6,9.0,0.0,29.0,0.0,77.0,77.0,350.0,825.6,-50.0,0.0,0.0,0.0,0.0,400.0,0.0,0.0,0.0,0.0,0.0,0.0,63.5,742.0,4.443,25.3903,14.4497736,14.3352621804966,0.0,1.91706522785405,-2.69469145782808,-1.67440312584209,0.0,-0.0145849907438262,21.0,21.999999999999996,21.0,21.999999999999996,24.0,25.0,26.0,20.500000000000004,23.5,29.0,0.0,2.999358744929608,3.0845579516171666,0.0,25.44999999999999
486.0,14.0,0.3,742.0,0.0,0.0,0.0,20.0,69.8,69.8,69.8,68.0,69.8,0.302651772011849,71.6,75.2,987.853888888889,3556274.0,0.0,0.0,5.15277777777778,4.12222222222222,3.86458333333333,1564.7,1523.4,1169.9,1102.5,0.0,188.0,0.0,0.0,740.0,2368.0,3.86,11.0,3.86,61.0,0.0,987.853888888889,0.0,63.5,75.2,69.8,52.0,76.1,72.5,77.0,68.9,2.68000000000001,92.0,14.5,745.1,28.13,14.67,-82.0,3.0,0.0,0.0,0.0,14.0,63.0,0.0,77.0,1.0,0.0,825.6,0.0,0.0,0.6,9.0,0.0,29.0,0.0,77.0,77.0,350.0,825.6,-50.0,0.0,0.0,0.0,0.0,400.0,0.0,0.0,0.0,0.0,0.0,0.0,63.5,742.0,4.443,25.3903,14.4497736,14.3352621804966,0.0,1.91706522785405,-2.69469145782808,-1.67440312584209,0.0,-0.0145849907438262,21.0,21.999999999999996,21.0,21.999999999999996,24.0,25.0,26.0,20.500000000000004,23.5,29.0,0.0,2.999358744929608,3.0845579516171666,0.2256911051542498,25.44999999999999
487.0,14.0,0.3,742.0,0.0,0.0,0.0,20.0,69.8,69.8,69.8,68.0,69.8,0.302651772011849,71.6,75.2,987.853888888889,3556274.0,0.0,0.0,5.15277777777778,4.12222222222222,3.86458333333333,1564.7,1523.4,1169.9,1102.5,0.0,188.0,0.0,0.0,740.0,2368.0,3.86,11.0,3.86,61.0,0.0,987.853888888889,0.0,63.5,75.2,69.8,52.0,76.1,72.5,77.0,68.9,1.98000000000002,92.0,14.484,744.7,28.08,14.657,-7.4,3.0,0.0,0.0,0.0,14.0,63.0,0.0,77.0,1.0,0.0,825.6,0.0,0.0,0.6,9.0,0.0,29.0,0.0,77.0,77.0,350.0,825.6,-50.0,0.0,0.0,0.0,0.0,400.0,0.0,0.0,0.0,0.0,0.0,0.0,63.5,742.0,4.443,20.214585,14.4527034,14.2800740935691,0.0,1.91776873648172,8.98472596585804,5.58284815813118,0.0,-0.0288503478186408,21.0,21.999999999999996,21.0,21.999999999999996,24.0,25.0,26.0,20.500000000000004,23.5,29.0,1.968329176360055,1.999572496619744,3.0856898969990874,0.2256911051542498,26.09999999999998
488.0,14.0,0.5,742.0,0.0,0.0,0.0,20.0,69.8,69.8,69.8,68.0,69.8,0.504419620019748,71.6,75.2,987.854444444444,3556276.0,0.0,0.0,5.15277777777778,4.12222222222222,3.86458333333333,1564.7,1523.4,1169.9,1102.5,0.0,86.0,0.0,0.0,740.0,2368.0,3.86,24.0,3.86,2.0,0.0,987.854444444444,0.0,63.5,75.2,69.8,52.0,76.1,72.5,77.0,68.9,1.98000000000002,92.0,14.484,744.7,28.08,14.657,-7.4,3.0,0.0,0.0,0.0,14.0,63.0,0.0,77.0,1.0,0.0,825.6,0.0,0.0,0.6,9.0,0.0,29.0,0.0,77.0,77.0,350.0,825.6,-50.0,0.0,0.0,0.0,0.0,400.0,0.0,0.0,0.0,0.0,0.0,0.0,63.5,742.0,4.441,20.214585,14.4527034,14.2800740935691,0.0,1.91776873648172,8.98472596585804,5.58284815813118,0.0,-0.0288503478186408,21.0,21.999999999999996,21.0,21.999999999999996,24.0,25.0,26.0,20.500000000000004,23.5,29.0,1.968329176360055,1.999572496619744,3.0856898969990874,0.3761518419237495,26.09999999999998
489.0,14.0,0.5,742.0,0.0,0.0,0.0,20.0,69.8,69.8,69.8,68.0,69.8,0.504419620019748,71.6,75.2,987.854444444444,3556276.0,0.0,0.0,5.15277777777778,4.12222222222222,3.86458333333333,1564.7,1523.4,1169.9,1102.5,0.0,86.0,0.0,0.0,740.0,2368.0,3.86,24.0,3.86,2.0,0.0,987.854444444444,0.0,63.5,75.2,69.8,51.0,76.1,72.5,77.0,68.9,2.48000000000002,92.0,14.5,745.1,28.69,14.678,28.9,3.0,0.0,0.0,0.0,14.0,63.0,0.0,77.0,1.0,0.0,825.6,0.0,0.0,0.6,9.0,0.0,29.0,0.0,77.0,77.0,350.0,825.6,-50.0,0.0,0.0,0.0,0.0,400.0,0.0,0.0,0.0,0.0,0.0,0.0,63.5,742.0,4.441,20.214585,14.4507502,14.2251341063237,0.0,1.91810574862594,2.69541778975741,1.67485444743935,0.0,-0.0215377124815197,21.0,21.999999999999996,21.0,21.999999999999996,24.0,25.0,26.0,20.500000000000004,23.5,29.0,0.9060562875308202,0.9997862483098703,3.0862321495391374,0.3761518419237495,26.20999999999998
490.0,14.0,0.5,742.0,0.0,0.0,0.0,20.0,69.8,69.8,69.8,68.0,69.8,0.504419620019748,71.6,75.2,987.855,3556278.0,0.0,0.0,5.15277777777778,4.12222222222222,3.86458333333333,1564.7,1523.4,1169.9,1102.5,0.0,41.0,0.0,0.0,740.0,2368.0,3.86,22.0,3.86,2.0,0.0,987.855,0.0,63.5,75.2,69.8,51.0,76.1,72.5,77.0,68.9,2.48000000000002,92.0,14.5,745.1,28.69,14.678,28.9,3.0,0.0,0.0,0.0,14.0,63.0,0.0,77.0,1.0,0.0,825.6,0.0,0.0,0.6,9.0,0.0,29.0,0.0,77.0,75.2,350.0,825.6,-50.0,0.0,0.0,0.0,0.0,400.0,0.0,0.0,0.0,0.0,0.0,0.0,63.5,742.0,4.443,20.214585,14.4507502,14.2251341063237,0.0,1.91810574862594,2.69541778975741,1.67485444743935,0.0,-0.0215377124815197,21.0,21.999999999999996,21.0,21.999999999999996,24.0,25.0,26.0,20.500000000000004,23.5,29.0,0.9060562875308202,0.9997862483098703,3.0862321495391374,0.3761518419237495,26.20999999999998
491.0,14.0,0.5,742.0,0.0,0.0,0.0,20.0,69.8,69.8,69.8,68.0,69.8,0.504419620019748,71.6,75.2,987.855,3556278.0,0.0,0.0,5.15277777777778,4.12222222222222,3.86458333333333,1564.7,1523.4,1169.9,1102.5,0.0,41.0,0.0,0.0,740.0,2368.0,3.86,22.0,3.86,2.0,0.0,987.855,0.0,63.5,75.2,69.8,51.0,76.1,72.5,77.0,68.9,2.29000000000002,92.0,14.519,745.1,27.57,14.658,50.9,3.0,0.0,0.0,0.0,14.0,63.0,0.0,77.0,1.0,0.0,825.6,0.0,0.0,0.6,9.0,0.0,29.0,0.0,77.0,75.2,350.0,825.6,-50.0,0.0,0.0,0.0,0.0,400.0,0.0,0.0,0.0,0.0,0.0,0.0,63.5,742.0,4.443,22.9000975,14.4697939,14.1691792889962,0.0,1.91810574862594,0.0,0.0,0.0,-0.0144780966737354,21.0,21.999999999999996,21.0,21.999999999999996,24.0,25.0,26.0,20.500000000000004,23.5,29.0,0.28118988233715075,0.0,3.0862321495391374,0.3761518419237495,25.27999999999998
492.0,14.0,0.5,741.9,0.0,0.0,0.0,20.0,69.8,69.8,69.8,68.0,69.8,0.504351638938883,71.6,75.2,987.855555555556,3556280.0,0.0,0.0,5.15208333333333,4.12166666666667,3.8640625,1564.7,1523.4,1169.9,1102.5,0.0,10.0,0.0,0.0,740.0,2368.0,3.86,9.0,3.86,61.0,0.0,987.855555555556,0.0,63.5,75.2,69.8,51.0,76.1,72.5,77.0,68.9,2.29000000000002,92.0,14.519,745.1,27.57,14.658,50.9,3.0,0.0,0.0,0.0,14.0,63.0,0.0,77.0,1.0,0.0,825.6,0.0,0.0,0.6,9.0,0.0,29.0,0.0,77.0,77.0,350.0,825.6,-50.0,0.0,0.0,0.0,0.0,400.0,0.0,0.0,0.0,0.0,0.0,0.0,63.5,741.9,4.442,22.9000975,14.4697939,14.1691792889962,0.0,1.91810574862594,0.0,0.0,0.0,-0.0144780966737354,21.0,21.999999999999996,21.0,21.999999999999996,24.0,25.0,26.0,20.500000000000004,23.5,29.0,0.28118988233715075,0.0,3.0862321495391374,0.37610114760543106,25.27999999999998
493.0,14.0,0.5,741.9,0.0,0.0,0.0,20.0,69.8,69.8,69.8,68.0,69.8,0.504351638938883,71.6,75.2,987.855555555556,3556280.0,0.0,0.0,5.15208333333333,4.12166666666667,3.8640625,1564.7,1523.4,1169.9,1102.5,0.0,10.0,0.0,0.0,740.0,2368.0,3.86,9.0,3.86,61.0,0.0,987.855555555556,0.0,63.5,75.2,69.8,52.0,76.1,72.5,77.0,68.9,2.38999999999999,92.0,14.501,744.6,24.16,14.661,38.8,3.0,0.0,0.0,0.0,14.0,63.0,0.0,77.0,1.0,0.0,825.6,0.0,0.0,0.6,9.0,0.0,29.0,0.0,77.0,75.2,350.0,825.6,-50.0,0.0,0.0,0.0,0.0,400.0,0.0,0.0,0.0,0.0,0.0,0.0,63.5,741.9,4.442,27.3922275,14.4507502,14.1126677335489,0.0,1.91810574862594,0.0,0.0,0.0,-0.0108129073791443,21.0,21.999999999999996,21.0,21.999999999999996,24.0,25.0,26.0,20.500000000000004,23.5,29.0,0.10935162090889206,0.0,3.0862321495391374,0.37610114760543106,21.77000000000001
494.0,14.0,0.6,741.9,0.0,0.0,0.0,20.0,69.8,69.8,69.8,68.0,69.8,0.60522196672666,71.6,75.2,987.856111111111,3556282.0,0.0,0.0,5.15208333333333,4.12166666666667,3.8640625,1564.7,1523.4,1169.9,1102.5,0.0,26.0,0.0,0.0,740.0,2376.0,3.86,10.0,3.86,181.0,0.0,987.856111111111,0.0,63.5,75.2,69.8,52.0,76.1,72.5,77.0,68.9,2.38999999999999,92.0,14.501,744.6,24.16,14.661,38.8,3.0,0.0,0.0,0.0,14.0,63.0,0.0,77.0,1.0,0.0,825.6,0.0,0.0,0.6,9.0,0.0,29.0,0.0,77.0,75.2,350.0,825.6,-50.0,0.0,0.0,0.0,0.0,400.0,0.0,0.0,0.0,0.0,0.0,0.0,63.5,742.0,4.443,27.3922275,14.4507502,14.1126677335489,0.0,1.91810574862594,0.0,0.0,0.0,-0.0108129073791443,21.0,21.999999999999996,21.0,21.999999999999996,24.0,25.0,26.0,20.500000000000004,23.5,29.0,0.10935162090889206,0.0,3.0862321495391374,0.37610114760543106,21.77000000000001
495.0,14.0,0.6,741.9,0.0,0.0,0.0,20.0,69.8,69.8,69.8,68.0,69.8,0.60522196672666,71.6,75.2,987.856111111111,3556282.0,0.0,0.0,5.15208333333333,4.12166666666667,3.8640625,1564.7,1523.4,1169.9,1102.5,0.0,26.0,0.0,0.0,740.0,2376.0,3.86,10.0,3.86,181.0,0.0,987.856111111111,0.0,63.5,75.2,69.8,52.0,76.1,72.5,77.0,68.9,2.25999999999999,92.0,14.517,744.7,27.89,14.652,80.0,3.0,0.0,0.0,0.0,14.0,63.0,0.0,77.0,1.0,0.0,825.6,0.0,0.0,0.6,9.0,0.0,29.0,0.0,77.0,77.0,350.0,825.6,-50.0,0.0,0.0,0.0,0.0,400.0,0.0,0.0,0.0,0.0,0.0,0.0,63.5,742.0,4.443,20.5563775,14.4605162,14.0556887804981,0.0,1.91810574862594,0.0,0.0,0.0,-0.0072589367810214,21.0,21.999999999999996,21.0,21.999999999999996,24.0,25.0,26.0,20.500000000000004,23.5,29.0,0.3905415032460438,0.0,3.0862321495391374,0.37610114760543106,25.63000000000001
496.0,14.0,0.7,742.0,0.0,0.0,0.0,20.0,69.8,69.8,69.8,68.0,69.8,0.706187468027648,71.6,75.2,987.856666666667,3556284.0,0.0,0.0,5.15277777777778,4.12222222222222,3.86458333333333,1564.7,1523.4,1169.9,1102.5,0.0,35.0,0.0,0.0,740.0,2376.0,3.86,22.0,3.86,150.0,0.0,987.856666666667,0.0,63.5,75.2,69.8,52.0,76.1,72.5,77.0,68.9,2.25999999999999,92.0,14.517,744.7,27.89,14.652,80.0,3.0,0.0,0.0,0.0,14.0,63.0,0.0,77.0,1.0,0.0,825.6,0.0,0.0,0.6,9.0,0.0,29.0,0.0,77.0,77.0,350.0,825.6,-50.0,0.0,0.0,0.0,0.0,400.0,0.0,0.0,0.0,0.0,0.0,0.0,63.5,742.0,4.443,20.5563775,14.4605162,14.0556887804981,0.0,1.91810574862594,0.0,0.0,0.0,-0.0072589367810214,21.0,21.999999999999996,21.0,21.999999999999996,24.0,25.0,26.0,20.500000000000004,23.5,29.0,0.3905415032460438,0.0,3.0862321495391374,0.4513822103084996,25.63000000000001
497.0,14.0,0.7,742.0,0.0,0.0,0.0,20.0,69.8,69.8,69.8,68.0,69.8,0.706187468027648,71.6,75.2,987.856666666667,3556284.0,0.0,0.0,5.15277777777778,4.12222222222222,3.86458333333333,1564.7,1523.4,1169.9,1102.5,0.0,35.0,0.0,0.0,740.0,2376.0,3.86,22.0,3.86,150.0,0.0,987.856666666667,0.0,63.5,75.2,69.8,52.0,76.1,72.5,77.0,68.9,2.32999999999998,92.0,14.491,744.7,27.18,14.66,148.2,3.0,0.0,0.0,0.0,14.0,63.0,0.0,77.0,1.0,0.0,825.6,0.0,0.0,0.6,9.0,0.0,29.0,0.0,77.0,75.2,350.0,825.6,-50.0,0.0,0.0,0.0,0.0,400.0,0.0,0.0,0.0,0.0,0.0,0.0,63.5,742.0,4.443,28.3687775,14.4307299,13.9993480615485,0.0,1.91810574862594,0.0,0.0,0.0,-0.0036180232812677,21.0,21.999999999999996,21.0,21.999999999999996,24.0,25.0,26.0,20.500000000000004,23.5,29.0,0.5623797646743015,0.0,3.0862321495391374,0.4513822103084996,24.85000000000002
498.0,14.0,0.9,741.9,0.0,0.0,0.0,20.0,69.8,69.8,69.8,68.0,69.8,0.90783295008999,71.6,75.2,987.857222222222,3556286.0,0.0,0.0,5.15208333333333,4.12166666666667,3.8640625,1564.7,1523.4,1169.9,1102.5,0.0,91.0,0.0,0.0,740.0,2376.0,3.86,9.0,3.86,64.0,0.0,987.857222222222,0.0,63.5,75.2,69.8,52.0,76.1,72.5,77.0,68.9,2.32999999999998,92.0,14.491,744.7,27.18,14.66,148.2,3.0,0.0,0.0,0.0,14.0,63.0,0.0,77.0,1.0,0.0,825.6,0.0,0.0,0.6,9.0,0.0,29.0,0.0,77.0,75.2,350.0,825.6,-50.0,0.0,0.0,0.0,0.0,400.0,0.0,0.0,0.0,0.0,0.0,0.0,63.5,741.9,4.443,28.3687775,14.4307299,13.9472296639778,0.0,1.91843872366974,1.49765616809693,0.930600110826556,0.0,0.0036136622763459,21.0,21.999999999999996,21.0,21.999999999999996,24.0,25.0,26.0,20.500000000000004,23.5,29.0,0.5623797646743015,0.9997862483098703,3.086767906384612,0.5265416066476041,24.85000000000002
499.0,14.0,0.9,741.9,0.0,0.0,0.0,20.0,69.8,69.8,69.8,68.0,69.8,0.90783295008999,71.6,75.2,987.857222222222,3556286.0,0.0,0.0,5.15208333333333,4.12166666666667,3.8640625,1564.7,1523.4,1169.9,1102.5,0.0,91.0,0.0,0.0,740.0,2376.0,3.86,9.0,3.86,64.0,0.0,987.857222222222,0.0,63.5,75.2,69.8,52.0,76.1,72.5,77.0,68.9,2.35000000000002,92.0,14.513,744.6,24.73,14.659,25.8,3.0,0.0,0.0,0.0,14.0,63.0,0.0,77.0,1.0,0.0,825.6,0.0,0.0,0.6,9.0,0.0,29.0,0.0,77.0,75.2,350.0,825.6,-50.0,0.0,0.0,0.0,0.0,400.0,0.0,0.0,0.0,0.0,0.0,0.0,63.5,741.9,4.443,20.5563775,14.4614928,13.9472296639778,0.0,1.91843872366974,1.49765616809693,0.930600110826556,0.0,0.0036136622763459,21.0,21.999999999999996,21.0,21.999999999999996,24.0,25.0,26.0,20.500000000000004,23.5,29.0,1.5153010325946468,0.9997862483098703,3.086767906384612,0.5265416066476041,22.37999999999998
500.0,14.0,0.5,741.9,0.0,0.0,0.0,20.0,69.8,69.8,69.8,68.0,69.8,0.504351638938883,71.6,75.2,987.857777777778,3556288.0,0.0,0.0,5.15208333333333,4.12166666666667,3.8640625,1564.7,1523.4,1169.9,1102.5,0.0,145.0,0.0,0.0,740.0,2376.0,3.86,11.0,3.86,61.0,0.0,987.857777777778,0.0,63.5,75.2,69.8,52.0,76.1,72.5,77.0,68.9,2.35000000000002,92.0,14.513,744.6,24.73,14.659,25.8,3.0,0.0,0.0,0.0,14.0,63.0,0.0,77.0,1.0,0.0,825.6,0.0,0.0,0.6,9.0,0.0,29.0,0.0,77.0,75.2,350.0,825.6,-50.0,0.0,0.0,0.0,0.0,400.0,0.0,0.0,0.0,0.0,0.0,0.0,63.5,741.9,4.443,20.5563775,14.4614928,13.8950825675278,0.0,1.91877449918172,2.69578110257447,1.6750801994878,0.0,0.0036151471812457,21.0,21.999999999999996,21.0,21.999999999999996,24.0,25.0,26.0,20.500000000000004,23.5,29.0,1.5153010325946468,0.9997862483098703,3.0873081691833875,0.6769820656897763,22.37999999999998
501.0,14.0,0.5,741.9,0.0,0.0,0.0,20.0,69.8,69.8,69.8,68.0,69.8,0.504351638938883,71.6,75.2,987.857777777778,3556288.0,0.0,0.0,5.15208333333333,4.12166666666667,3.8640625,1564.7,1523.4,1169.9,1102.5,0.0,145.0,0.0,0.0,740.0,2376.0,3.86,11.0,3.86,61.0,0.0,987.857777777778,0.0,63.5,75.2,69.8,52.0,76.1,72.5,77.0,68.9,2.44,92.0,14.504,744.7,24.21,14.657,10.7,3.0,0.0,0.0,0.0,14.0,63.0,0.0,77.0,1.0,0.0,825.6,0.0,0.0,0.6,9.0,0.0,29.0,0.0,77.0,77.0,350.0,825.6,-50.0,0.0,0.0,0.0,0.0,400.0,0.0,0.0,0.0,0.0,0.0,0.0,63.5,741.9,4.443,18.6032775,14.4785833,13.8950825675278,0.0,1.91877449918172,2.69578110257447,1.6750801994878,0.0,0.0036151471812457,21.0,21.999999999999996,21.0,21.999999999999996,24.0,25.0,26.0,20.500000000000004,23.5,29.0,1.8589775554511605,0.9997862483098703,3.0873081691833875,0.6769820656897763,21.77
502.0,14.0,0.5,741.9,0.0,0.0,0.0,20.0,69.8,69.8,69.8,68.0,69.8,0.504351638938883,71.6,75.2,987.858333333333,3556290.0,0.0,0.0,5.15208333333333,4.12166666666667,3.8640625,1564.7,1523.4,1169.9,1102.5,0.0,157.0,0.0,0.0,740.0,2376.0,3.86,9.0,3.86,61.0,0.0,987.858333333333,0.0,63.5,75.2,69.8,52.0,76.1,72.5,77.0,68.9,2.44,92.0,14.504,744.7,24.21,14.657,10.7,3.0,0.0,0.0,0.0,14.0,63.0,0.0,77.0,1.0,0.0,825.6,0.0,0.0,0.6,9.0,0.0,29.0,0.0,77.0,77.0,350.0,825.6,-50.0,0.0,0.0,0.0,0.0,400.0,0.0,0.0,0.0,0.0,0.0,0.0,63.5,742.0,4.443,18.6032775,14.4785833,13.8440874516113,0.0,1.91910541802195,2.69578110257447,1.6750801994878,0.0,0.0036463396848361,21.0,21.999999999999996,21.0,21.999999999999996,24.0,25.0,26.0,20.500000000000004,23.5,29.0,1.8589775554511605,0.9997862483098703,3.0878406175973176,0.37610114760543106,21.77
503.0,14.0,0.5,741.9,0.0,0.0,0.0,20.0,69.8,69.8,69.8,68.0,69.8,0.504351638938883,71.6,75.2,987.858333333333,3556290.0,0.0,0.0,5.15208333333333,4.12166666666667,3.8640625,1564.7,1523.4,1169.9,1102.5,0.0,157.0,0.0,0.0,740.0,2376.0,3.86,9.0,3.86,61.0,0.0,987.858333333333,0.0,63.5,75.2,69.8,52.0,76.1,72.5,77.0,68.9,2.31,92.0,14.512,745.1,24.62,14.653,13.8,3.0,0.0,0.0,0.0,14.0,63.0,0.0,77.0,1.0,0.0,825.6,0.0,0.0,0.6,9.0,0.0,29.0,0.0,77.0,77.0,350.0,825.6,-50.0,0.0,0.0,0.0,0.0,400.0,0.0,0.0,0.0,0.0,0.0,0.0,63.5,742.0,4.443,14.941215,14.4624694,13.8440874516113,0.0,1.91910541802195,2.69578110257447,1.6750801994878,0.0,0.0036463396848361,21.0,21.999999999999996,21.0,21.999999999999996,24.0,25.0,26.0,20.500000000000004,23.5,29.0,1.7964909149317991,0.9997862483098703,3.0878406175973176,0.37610114760543106,22.310000000000002
504.0,14.0,0.4,742.0,0.0,0.0,0.0,20.0,69.8,69.8,69.8,68.0,69.8,0.403535696015799,71.6,75.2,987.858888888889,3556292.0,0.0,0.0,5.15277777777778,4.12222222222222,3.86458333333333,1564.7,1523.4,1169.9,1102.5,0.0,78.0,0.0,0.0,740.0,2376.0,3.86,23.0,3.86,2.0,0.0,987.858888888889,0.0,63.5,75.2,69.8,52.0,76.1,72.5,77.0,68.9,2.28000000000003,92.0,14.492,744.6,29.87,14.645,13.8,3.0,0.0,0.0,0.0,14.0,63.0,0.0,77.0,1.0,0.0,825.6,0.0,0.0,0.6,9.0,0.0,29.0,0.0,77.0,77.0,350.0,825.6,-50.0,0.0,0.0,0.0,0.0,400.0,0.0,0.0,0.0,0.0,0.0,0.0,63.5,742.0,4.443,14.941215,14.4624694,13.7919586326745,0.0,1.91910541802195,0.0,0.0,0.0,0.0,21.0,21.999999999999996,21.0,21.999999999999996,24.0,25.0,26.0,20.500000000000004,23.5,29.0,1.7964909149317991,0.0,3.0878406175973176,0.3761518419237495,27.58999999999997
505.0,14.0,0.4,742.0,0.0,0.0,0.0,20.0,69.8,69.8,69.8,68.0,69.8,0.403535696015799,71.6,75.2,987.858888888889,3556292.0,0.0,0.0,5.15277777777778,4.12222222222222,3.86458333333333,1564.7,1523.4,1169.9,1102.5,0.0,78.0,0.0,0.0,740.0,2376.0,3.86,23.0,3.86,2.0,0.0,987.858888888889,0.0,63.5,75.2,69.8,52.0,76.1,72.5,77.0,68.9,2.28000000000003,92.0,14.492,744.6,29.87,14.645,3.7,3.0,0.0,0.0,0.0,14.0,63.0,0.0,77.0,1.0,0.0,825.6,0.0,0.0,0.6,9.0,0.0,29.0,0.0,77.0,77.0,350.0,825.6,-50.0,0.0,0.0,0.0,0.0,400.0,0.0,0.0,0.0,0.0,0.0,0.0,63.5,742.0,4.443,0.0,14.4404959,13.7919586326745,0.0,1.91910541802195,0.0,0.0,0.0,0.0,21.0,21.999999999999996,21.0,21.999999999999996,24.0,25.0,26.0,20.500000000000004,23.5,29.0,0.3436765228565187,0.0,3.0878406175973176,0.3761518419237495,27.58999999999997
506.0,14.0,0.7,742.0,0.0,0.0,0.0,20.0,69.8,69.8,69.8,68.0,69.8,0.706187468027648,71.6,75.2,987.859444444444,3556294.0,0.0,0.0,5.15277777777778,4.12222222222222,3.86458333333333,1564.7,1523.4,1169.9,1102.5,0.0,-5.0,0.0,0.0,740.0,2376.0,3.86,23.0,3.86,2.0,0.0,987.859444444444,0.0,63.5,75.2,69.8,52.0,76.1,72.5,77.0,68.9,2.29000000000002,92.0,14.49,744.6,29.95,14.648,3.7,3.0,0.0,0.0,0.0,14.0,63.0,0.0,77.0,1.0,0.0,825.6,0.0,0.0,0.6,9.0,0.0,29.0,0.0,77.0,77.0,350.0,825.6,-50.0,0.0,0.0,0.0,0.0,400.0,0.0,0.0,0.0,0.0,0.0,0.0,63.5,742.0,4.443,0.0,14.4404959,13.7384771233799,0.0,1.91910541802195,0.0,0.0,0.0,-0.003677838369708,21.0,21.999999999999996,21.0,21.999999999999996,24.0,25.0,26.0,20.500000000000004,23.5,29.0,0.3436765228565187,0.0,3.0878406175973176,0.300921473539,27.65999999999998
507.0,14.0,0.7,742.0,0.0,0.0,0.0,20.0,69.8,69.8,69.8,68.0,69.8,0.706187468027648,71.6,75.2,987.859444444444,3556294.0,0.0,0.0,5.15277777777778,4.12222222222222,3.86458333333333,1564.7,1523.4,1169.9,1102.5,0.0,-5.0,0.0,0.0,740.0,2376.0,3.86,23.0,3.86,2.0,0.0,987.859444444444,0.0,63.5,75.2,69.8,52.0,76.1,72.5,77.0,68.9,2.29000000000002,92.0,14.49,744.6,29.95,14.648,-2.0,3.0,0.0,0.0,0.0,14.0,63.0,0.0,77.0,1.0,0.0,825.6,0.0,0.0,0.6,9.0,0.0,29.0,0.0,77.0,77.0,350.0,825.6,-50.0,0.0,0.0,0.0,0.0,400.0,0.0,0.0,0.0,0.0,0.0,0.0,63.5,742.0,4.443,0.0,14.448797,13.7384771233799,0.0,1.91910541802195,0.0,0.0,0.0,-0.003677838369708,21.0,21.999999999999996,21.0,21.999999999999996,24.0,25.0,26.0,20.500000000000004,23.5,29.0,0.10935162090889206,0.0,3.0878406175973176,0.300921473539,27.65999999999998
508.0,14.0,0.6,742.0,0.0,0.0,0.0,20.0,69.8,69.8,69.8,68.0,69.8,0.605303544023698,71.6,75.2,987.86,3556296.0,0.0,0.0,5.15277777777778,4.12222222222222,3.86458333333333,1564.7,1523.4,1169.9,1102.5,0.0,0.0,0.0,0.0,740.0,2376.0,3.86,22.0,3.86,2.0,0.0,987.86,0.0,63.5,75.2,69.8,52.0,76.1,72.5,77.0,68.9,2.40000000000003,92.0,14.493,744.7,29.15,14.65,-0.3,3.0,0.0,0.0,0.0,14.0,63.0,0.0,77.0,1.0,0.0,825.6,0.0,0.0,0.6,9.0,0.0,29.0,0.0,77.0,77.0,350.0,825.6,-50.0,0.0,0.0,0.0,0.0,400.0,0.0,0.0,0.0,0.0,0.0,0.0,63.5,742.0,4.443,0.0,14.448797,13.6862145058732,0.0,1.91910541802195,0.0,0.0,0.0,-0.0036912238453905,21.0,21.999999999999996,21.0,21.999999999999996,24.0,25.0,26.0,20.500000000000004,23.5,29.0,0.10935162090889206,0.0,3.0878406175973176,0.5266125786932498,26.749999999999968
509.0,14.0,0.6,742.0,0.0,0.0,0.0,20.0,69.8,69.8,69.8,68.0,69.8,0.605303544023698,71.6,75.2,987.86,3556296.0,0.0,0.0,5.15277777777778,4.12222222222222,3.86458333333333,1564.7,1523.4,1169.9,1102.5,0.0,0.0,0.0,0.0,740.0,2376.0,3.86,22.0,3.86,2.0,0.0,987.86,0.0,63.5,75.2,69.8,52.0,76.1,72.5,77.0,68.9,2.40000000000003,92.0,14.493,744.7,29.15,14.65,-0.3,3.0,0.0,0.0,0.0,14.0,63.0,0.0,75.2,1.0,0.0,825.6,0.0,0.0,0.6,9.0,0.0,29.0,0.0,75.2,75.2,350.0,825.6,-50.0,0.0,0.0,0.0,0.0,400.0,0.0,0.0,0.0,0.0,0.0,0.0,63.5,741.9,4.443,0.0,14.4414725,13.6862145058732,0.0,1.91910541802195,0.0,0.0,0.0,-0.0036912238453905,21.0,21.999999999999996,21.0,21.999999999999996,24.0,25.0,26.0,20.500000000000004,23.5,29.0,0.0,0.0,3.0878406175973176,0.5266125786932498,26.749999999999968
