time,[BMS] Auxillary Battery Voltage (V),[BMS] Battery Current (A),[BMS] Battery DC Voltage (V),[BMS] Battery Fan Duty Feedback (%),[BMS] Battery Fan Feedback (Hz),[BMS] Battery Fan Status (),[BMS] Battery Inlet Temperature (℃),[BMS] Battery management (),[BMS] Battery Max Temperature (℃),[BMS] Battery Min Temperature (℃),[BMS] Battery Pack B01 (℃),[BMS] Battery Pack B02 (℃),[BMS] Battery Pack B03 (℃),[BMS] Battery Pack B04 (℃),[BMS] Battery Pack B05 (℃),[BMS] Battery Power (kW),[BMS] Battery temperature at WCS input (℃),[BMS] Battery temperature PRA (℃),[BMS] Battery work time total (h) (h),[BMS] Battery work time total (sec.) (sec.),[BMS] BMS Ignition (),[BMS] BMS Main Relay (),[BMS] CALC Average Cell Voltage 58kWh (V),[BMS] CALC Average Cell Voltage 72kWh (V),[BMS] CALC Average Cell Voltage 77kWh (V),[BMS] Coolant temperature 2 (℃),[BMS] Cumulative Charge Current (Ah),[BMS] Cumulative Discharge Current (Ah),[BMS] Cumulative Energy Charged (kWh),[BMS] Cumulative Energy Discharged (kWh),[BMS] DATC A/C Compressor operation RPM var.1 (rpm),[BMS] Drive Motor Speed 1 (rpm),[BMS] Drive Motor Speed 2 (rpm),[BMS] HV_Charging (),[BMS] Inverter Capacitor Voltage (V),[BMS] Isolation Resistance (kOhm),[BMS] Maximum Cell Voltage (V),[BMS] Maximum Cell Voltage No (),[BMS] Minimum Cell Voltage (V),[BMS] Minimum Cell Voltage No (),[BMS] Normal Charge Port (),[BMS] Operating Time (Hours),[BMS] Rapid Charge Port (),[BMS] State of Charge BMS (%),[HVAC] Coolant temperature #1 (℃),[HVAC] Coolant temperature 1 (℃),[HVAC] Evaporator Temperature (℃),[HVAC] Humidity sensor for automatic defogger (%),[HVAC] Indoor Temperature (℃),[HVAC] Interior temperature: driver legs vent (℃),[HVAC] Interior temperature: driver vent (℃),[HVAC] Interior temperature: front (℃),[HVAC] Inverter temperature (℃),[HVAC] Outdoor Temperature (℃),[HVAC] Outside temperature (℃),[HVAC] Real Vehicle Speed (km/h),[ICCU] Aux. Battery Current (A),[ICCU] Aux. Battery State of Charge (%),[ICCU] Aux. Battery Temperature (℃),[ICCU] Aux. Battery Voltage (V),[ICCU] LDC Input Voltage (V),[ICCU] LDC Output Current (A),[ICCU] LDC Output Voltage (V),[ICCU] LDC Temperature (℃),[PS] Absolute wheels turn angle (°),[PS] MDPS motor current (A),[VCMS] 400V Relay On/Off request (),[VCMS] 400V Relay Status (),[VCMS] AC Charger current (A),[VCMS] AC Charging Counter (),[VCMS] AC Charging Time (Hours),[VCMS] AC Charging Time after plug-in (min),[VCMS] AC Inlet temperature 1 (℃),[VCMS] Battery main relay status (),[VCMS] BMS Target current (A),[VCMS] BMS Target voltage (V),[VCMS] Charging socket connected (),[VCMS] CP duty cycle (%),[VCMS] CP voltage (V),[VCMS] Cumulative DC Charging time (h),[VCMS] DC Charger current capability (A),[VCMS] DC Charging counter (),[VCMS] DC Charging time after plug-in (min),[VCMS] DC Inlet Temperature 1 (℃),[VCMS] DC Inlet Temperature 2 (℃),[VCMS] EV Max Current (A),[VCMS] EV Max Voltage (V),[VCMS] EVSE Current regulation tolerance Value (A),[VCMS] EVSE Delivered Power Value (Wh),[VCMS] EVSE Main Power (kW),[VCMS] EVSE Maximum Current Value (A),[VCMS] EVSE Maximum Power value (W),[VCMS] EVSE Maximum Voltage Value (V),[VCMS] EVSE Minimum Current Value (A),[VCMS] EVSE Minimum Voltage Value (V),[VCMS] EVSE Output Current (A),[VCMS] EVSE Output Voltage (V),[VCMS] EVSE Target Current (A),[VCMS] EVSE Target Voltage (V),[VCMS] HV Battery SoC (%),[VCMS] HV Battery Voltage (V),[VCMS] PD voltage (V),[VCS] Accelerator pedal position (%),[VCS] Aux. battery voltage (V),[VCS] Vehicle speed (high res.) (km/h),Average speed (km/h),DC Charger Power (kW),Distance travelled (km),Distance travelled (Today) (km),Distance travelled (total) (km),Distance travelled (Week) (km),Energy costs ($),Energy used (kWh),EV Instant Energy Consumption (distance/kWh) (km/kWh),EV Instant Energy Consumption (kWh) (kWh),EV Instant Energy Consumption (kWh/distance) (kWh/100km),HV EV Battery Power (kW),Hybrid/EV Charger Power (kW),Vehicle acceleration (g),12V device load (A)
0.0,,,,0.0,,,,20.0,,,,,,,,,25.0,38.0,,,,,,,,25.0,,,,,0.0,,,,,,,,,,,,,,,,,,,,,,,,,,,,,,,,,,,,,,,,,,,,,,,,,,,,,,,,,,,,,,,,,,,,,,,,,,,,,,,,,,,,,,,,,
1.0,13.3,0.5,717.6,0.0,0.0,0.0,24.0,20.0,26.0,24.0,25.0,25.0,24.0,24.0,24.0,0.3588,25.0,38.0,1233.6336111111111,4441081.0,0.0,0.0,4.98333333333333,3.98666666666667,3.7375,25.0,1821.3,1792.6,1358.8,1296.0,0.0,0.0,0.0,0.0,716.0,2435.0,3.72,9.0,3.72,77.0,0.0,1233.63361111111,0.0,49.0,26.0,26.0,20.5,53.0,28.5,29.0,26.5,28.5,27.0,22.0,22.0,0.0,0.7400000000000091,89.0,24.5,13.802,720.0,22.64,13.924,26.0,,,,,,,,,,,,,,,,,,,,,,,,,,,,,,,,,,,,,,,,,,,,,,,,,,,,,0.3588,,,21.89999999999999
2.0,13.3,0.5,717.6,0.0,0.0,0.0,24.0,20.0,26.0,24.0,25.0,25.0,24.0,24.0,24.0,0.3588,25.0,38.0,1233.6336111111111,4441081.0,0.0,0.0,4.98333333333333,3.98666666666667,3.7375,25.0,1821.3,1792.6,1358.8,1296.0,0.0,0.0,0.0,0.0,716.0,2435.0,3.72,9.0,3.72,77.0,0.0,1233.63361111111,0.0,49.0,26.0,26.0,20.5,53.0,28.5,29.0,26.5,28.5,27.0,22.0,22.0,0.0,0.7400000000000091,89.0,24.5,13.802,720.0,22.64,13.924,26.0,-1.1,3.0,0.0,0.0,,,,,28.0,1.0,,,0.0,,,,,,,28.0,28.0,,,,,,,,,,,,,,,,,,0.0,13.760294,0.0,,,,,,,,,,,,0.3588,,,21.89999999999999
3.0,13.3,0.5,717.6,0.0,0.0,0.0,24.0,20.0,26.0,24.0,25.0,25.0,24.0,24.0,24.0,0.3588,25.0,38.0,1233.6336111111111,4441081.0,0.0,0.0,4.98333333333333,3.98666666666667,3.7375,25.0,1821.3,1792.6,1358.8,1296.0,0.0,0.0,0.0,0.0,716.0,2435.0,3.72,9.0,3.72,77.0,0.0,1233.63361111111,0.0,49.0,26.0,26.0,20.5,53.0,28.5,29.0,26.5,28.5,27.0,22.0,22.0,0.0,0.7400000000000091,89.0,24.5,13.802,720.0,22.64,13.924,26.0,-1.1,3.0,0.0,0.0,0.0,22.0,179.0,0.0,28.0,1.0,0.0,825.6,0.0,0.0,0.6000000000000001,9.0,0.0,30.0,0.0,28.0,28.0,350.0,825.6,-50.0,0.0,0.0,0.0,0.0,400.0,0.0,0.0,0.0,0.0,0.0,0.0,48.0,717.5,4.443,0.0,13.760294,0.0,,0.0,,,,,,,,,,0.3588,0.0,,21.89999999999999
4.0,13.3,0.4,717.6,0.0,0.0,0.0,24.0,20.0,26.0,24.0,25.0,25.0,24.0,24.0,24.0,0.28704,25.0,38.0,1233.6344444444444,4441084.0,0.0,0.0,4.98333333333333,3.98666666666667,3.7375,25.0,1821.3,1792.6,1358.8,1296.0,0.0,0.0,0.0,0.0,716.0,2435.0,3.74,9.0,3.72,64.0,0.0,1233.63444444444,0.0,49.0,26.0,26.0,20.5,53.0,28.0,29.0,26.5,28.0,27.0,22.0,22.0,0.0,0.6899999999999977,89.0,24.5,13.803,720.1,22.05,13.928,26.0,-1.1,3.0,0.0,0.0,0.0,22.0,179.0,0.0,28.0,1.0,0.0,825.6,0.0,0.0,0.6000000000000001,9.0,0.0,30.0,0.0,28.0,28.0,350.0,825.6,-50.0,0.0,0.0,0.0,0.0,400.0,0.0,0.0,0.0,0.0,0.0,0.0,48.0,717.5,4.443,0.0,13.760294,0.0,0.0,0.0,0.0,0.0,404.422139,213.1121,0.0002293994154746,0.0002271281341333,,0.0002271281341333,,0.28704,0.0,,21.360000000000003
5.0,13.3,0.4,717.6,0.0,0.0,0.0,24.0,20.0,26.0,24.0,25.0,25.0,24.0,24.0,24.0,0.28704,25.0,38.0,1233.6344444444444,4441084.0,0.0,0.0,4.98333333333333,3.98666666666667,3.7375,25.0,1821.3,1792.6,1358.8,1296.0,0.0,0.0,0.0,0.0,716.0,2435.0,3.74,9.0,3.72,64.0,0.0,1233.63444444444,0.0,49.0,26.0,26.0,20.5,53.0,28.0,29.0,26.5,28.0,27.0,22.0,22.0,0.0,0.6899999999999977,89.0,24.5,13.803,720.1,22.05,13.928,26.0,-1.1,3.0,0.0,0.0,0.0,22.0,179.0,0.0,28.0,1.0,0.0,825.6,0.0,0.0,0.6000000000000001,9.0,0.0,30.0,0.0,28.0,28.0,350.0,825.6,-50.0,0.0,0.0,0.0,0.0,400.0,0.0,0.0,0.0,0.0,0.0,0.0,48.0,717.5,4.443,0.0,13.760294,0.0,0.0,0.0,0.0,0.0,404.422139,213.1121,0.0002293994154746,0.0002271281341333,,0.0002271281341333,,0.28704,0.0,,21.360000000000003
6.0,13.3,0.5,717.6,0.0,0.0,0.0,24.0,20.0,26.0,24.0,25.0,25.0,24.0,24.0,24.0,0.3588,25.0,38.0,1233.6352777777777,4441087.0,0.0,0.0,4.98333333333333,3.98666666666667,3.7375,25.0,1821.3,1792.6,1358.8,1296.0,0.0,0.0,0.0,0.0,716.0,2435.0,3.72,9.0,3.72,40.0,0.0,1233.63527777778,0.0,49.0,26.0,26.0,20.5,53.0,28.0,29.0,26.5,28.0,27.0,22.0,22.0,0.0,0.6899999999999977,89.0,24.5,13.803,720.1,22.05,13.928,26.0,-1.1,3.0,0.0,0.0,0.0,22.0,179.0,0.0,28.0,1.0,0.0,825.6,0.0,0.0,0.6000000000000001,9.0,0.0,30.0,0.0,28.0,28.0,350.0,825.6,-50.0,0.0,0.0,0.0,0.0,400.0,0.0,0.0,0.0,0.0,0.0,0.0,48.0,717.6,4.444,0.0,13.760294,0.0,0.0,0.0,0.0,0.0,404.422139,213.1121,0.0004977323481173,0.0004928043050666,0.0,0.0002656761709333,,0.3588,0.0,,21.360000000000003
7.0,13.3,0.5,717.6,0.0,0.0,0.0,24.0,20.0,26.0,24.0,25.0,25.0,24.0,24.0,24.0,0.3588,25.0,38.0,1233.6352777777777,4441087.0,0.0,0.0,4.98333333333333,3.98666666666667,3.7375,25.0,1821.3,1792.6,1358.8,1296.0,0.0,0.0,0.0,0.0,716.0,2435.0,3.72,9.0,3.72,40.0,0.0,1233.63527777778,0.0,49.0,26.0,26.0,20.5,53.0,28.0,29.0,26.5,28.0,27.0,22.0,22.0,0.0,0.6399999999999864,89.0,24.5,13.803,720.1,22.1,13.921,26.0,-1.1,3.0,0.0,0.0,0.0,22.0,179.0,0.0,28.0,1.0,0.0,825.6,0.0,0.0,0.6000000000000001,9.0,0.0,30.0,0.0,28.0,28.0,350.0,825.6,-50.0,0.0,0.0,0.0,0.0,400.0,0.0,0.0,0.0,0.0,0.0,0.0,48.0,717.6,4.444,0.0,13.760294,0.0,0.0,0.0,0.0,0.0,404.422139,213.1121,0.0004977323481173,0.0004928043050666,0.0,0.0002656761709333,,0.3588,0.0,,21.460000000000015
8.0,13.4,0.5,717.5,0.0,0.0,0.0,24.0,20.0,26.0,24.0,25.0,25.0,24.0,24.0,24.0,0.35875,25.0,38.0,1233.6358333333333,4441089.0,0.0,0.0,4.98263888888889,3.98611111111111,3.73697916666667,25.0,1821.3,1792.6,1358.8,1296.0,0.0,0.0,0.0,0.0,716.0,2435.0,3.74,9.0,3.72,49.0,0.0,1233.63583333333,0.0,49.0,26.0,26.0,20.5,53.0,28.0,29.0,26.5,28.0,27.0,22.0,22.0,0.0,0.6399999999999864,89.0,24.5,13.803,720.1,22.1,13.921,26.0,-1.1,3.0,0.0,0.0,0.0,22.0,179.0,0.0,28.0,1.0,0.0,825.6,0.0,0.0,0.6000000000000001,9.0,0.0,30.0,0.0,28.0,28.0,350.0,825.6,-50.0,0.0,0.0,0.0,0.0,400.0,0.0,0.0,0.0,0.0,0.0,0.0,48.0,717.6,4.444,0.0,13.760294,0.0,0.0,0.0,0.0,0.0,404.422139,213.1121,0.0007210899454492,0.0007139504410388,0.0,0.0002211461359722,,0.35875,0.0,,21.460000000000015
9.0,13.4,0.5,717.5,0.0,0.0,0.0,24.0,20.0,26.0,24.0,25.0,25.0,24.0,24.0,24.0,0.35875,25.0,38.0,1233.6358333333333,4441089.0,0.0,0.0,4.98263888888889,3.98611111111111,3.73697916666667,25.0,1821.3,1792.6,1358.8,1296.0,0.0,0.0,0.0,0.0,716.0,2435.0,3.74,9.0,3.72,49.0,0.0,1233.63583333333,0.0,49.0,26.0,26.0,20.5,53.0,28.0,29.0,26.5,28.0,27.0,22.0,22.0,0.0,0.5900000000000318,89.0,24.5,13.802,720.1,22.43,13.938,26.0,-1.2000000000000002,3.0,0.0,0.0,0.0,22.0,179.0,0.0,28.0,1.0,0.0,825.6,0.0,0.0,0.6000000000000001,9.0,0.0,30.0,0.0,28.0,28.0,350.0,825.6,-50.0,0.0,0.0,0.0,0.0,400.0,0.0,0.0,0.0,0.0,0.0,0.0,48.0,717.6,4.444,0.0,13.760294,0.0,0.0,0.0,0.0,0.0,404.422139,213.1121,0.0007210899454492,0.0007139504410388,0.0,0.0002211461359722,,0.35875,0.0,,21.839999999999968
10.0,13.4,0.5,717.5,0.0,0.0,0.0,24.0,20.0,26.0,24.0,25.0,25.0,24.0,24.0,24.0,0.35875,25.0,38.0,1233.6358333333333,4441089.0,0.0,0.0,4.98263888888889,3.98611111111111,3.73697916666667,25.0,1821.3,1792.6,1358.8,1296.0,0.0,0.0,0.0,0.0,716.0,2435.0,3.74,9.0,3.72,49.0,0.0,1233.63583333333,0.0,49.0,26.0,26.0,20.5,53.0,28.0,29.0,26.5,28.0,27.0,22.0,22.0,0.0,0.5900000000000318,89.0,24.5,13.802,720.1,22.43,13.938,26.0,-1.2000000000000002,3.0,0.0,0.0,0.0,22.0,179.0,0.0,28.0,1.0,0.0,825.6,0.0,0.0,0.6000000000000001,9.0,0.0,30.0,0.0,28.0,28.0,350.0,825.6,-50.0,0.0,0.0,0.0,0.0,400.0,0.0,0.0,0.0,0.0,0.0,0.0,48.0,717.6,4.444,0.0,13.760294,0.0,0.0,0.0,0.0,0.0,404.422139,213.1121,0.0007210899454492,0.0007139504410388,0.0,0.0002211461359722,,0.35875,0.0,,21.839999999999968
11.0,13.3,0.4,717.5,0.0,0.0,0.0,24.0,20.0,26.0,24.0,25.0,25.0,24.0,24.0,24.0,0.287,25.0,38.0,1233.6363888888889,4441091.0,0.0,0.0,4.98263888888889,3.98611111111111,3.73697916666667,25.0,1821.3,1792.6,1358.8,1296.0,0.0,0.0,0.0,0.0,716.0,2435.0,3.72,9.0,3.72,64.0,0.0,1233.63638888889,0.0,49.0,26.0,26.0,20.5,53.0,28.0,29.0,26.5,28.0,27.0,22.0,22.0,0.0,0.5900000000000318,89.0,24.5,13.802,720.1,22.43,13.938,26.0,-1.2000000000000002,3.0,0.0,0.0,0.0,22.0,179.0,0.0,28.0,1.0,0.0,825.6,0.0,0.0,0.6000000000000001,9.0,0.0,30.0,0.0,28.0,28.0,350.0,825.6,-50.0,0.0,0.0,0.0,0.0,400.0,0.0,0.0,0.0,0.0,0.0,0.0,48.0,717.6,4.443,0.0,13.760294,0.0,0.0,0.0,0.0,0.0,404.422139,213.1121,0.0009193858093342,0.0009102829795388,0.0,0.0001963325384999,,0.287,0.0,0.0,21.839999999999968
12.0,13.3,0.4,717.5,0.0,0.0,0.0,24.0,20.0,26.0,24.0,25.0,25.0,24.0,24.0,24.0,0.287,25.0,38.0,1233.6363888888889,4441091.0,0.0,0.0,4.98263888888889,3.98611111111111,3.73697916666667,25.0,1821.3,1792.6,1358.8,1296.0,0.0,0.0,0.0,0.0,716.0,2435.0,3.72,9.0,3.72,64.0,0.0,1233.63638888889,0.0,49.0,26.0,26.0,20.5,53.0,28.0,29.0,26.5,28.0,27.0,22.0,22.0,0.0,0.5699999999999932,89.0,24.5,13.804,720.2,22.38,13.927,26.0,-1.2000000000000002,3.0,0.0,0.0,0.0,22.0,179.0,0.0,28.0,1.0,0.0,825.6,0.0,0.0,0.6000000000000001,9.0,0.0,30.0,0.0,28.0,28.0,350.0,825.6,-50.0,0.0,0.0,0.0,0.0,400.0,0.0,0.0,0.0,0.0,0.0,0.0,48.0,717.6,4.443,0.0,13.760294,0.0,0.0,0.0,0.0,0.0,404.422139,213.1121,0.0009193858093342,0.0009102829795388,0.0,0.0001963325384999,,0.287,0.0,0.0,21.810000000000006
13.0,13.3,0.5,717.6,0.0,0.0,0.0,24.0,20.0,26.0,24.0,25.0,25.0,24.0,24.0,24.0,0.3588,25.0,38.0,1233.637222222222,4441094.0,0.0,0.0,4.98333333333333,3.98666666666667,3.7375,25.0,1821.3,1792.6,1358.8,1296.0,0.0,0.0,0.0,0.0,716.0,2435.0,3.72,95.0,3.72,78.0,0.0,1233.63722222222,0.0,49.0,26.0,26.0,20.5,53.0,28.0,29.0,26.5,28.0,27.0,22.0,22.0,0.0,0.5699999999999932,89.0,24.5,13.804,720.2,22.38,13.927,26.0,-1.2000000000000002,3.0,0.0,0.0,0.0,22.0,179.0,0.0,28.0,1.0,0.0,825.6,0.0,0.0,0.6000000000000001,9.0,0.0,30.0,0.0,28.0,28.0,350.0,825.6,-50.0,0.0,0.0,0.0,0.0,400.0,0.0,0.0,0.0,0.0,0.0,0.0,48.0,717.5,4.443,0.0,13.760294,0.0,0.0,0.0,0.0,0.0,404.422139,213.1121,0.0011458681222049,0.0011345228932722,0.0,0.0002242399137333,,0.3588,0.0,0.0,21.810000000000006
14.0,13.3,0.5,717.6,0.0,0.0,0.0,24.0,20.0,26.0,24.0,25.0,25.0,24.0,24.0,24.0,0.3588,25.0,38.0,1233.637222222222,4441094.0,0.0,0.0,4.98333333333333,3.98666666666667,3.7375,25.0,1821.3,1792.6,1358.8,1296.0,0.0,0.0,0.0,0.0,716.0,2435.0,3.72,95.0,3.72,78.0,0.0,1233.63722222222,0.0,49.0,26.0,26.0,20.5,53.0,28.0,29.0,26.5,28.0,27.0,22.0,22.0,0.0,0.5300000000000296,89.0,24.5,13.804,720.1,22.2,13.919,26.0,-1.2000000000000002,3.0,0.0,0.0,0.0,22.0,179.0,0.0,28.0,1.0,0.0,825.6,0.0,0.0,0.6000000000000001,9.0,0.0,30.0,0.0,28.0,28.0,350.0,825.6,-50.0,0.0,0.0,0.0,0.0,400.0,0.0,0.0,0.0,0.0,0.0,0.0,48.0,717.5,4.443,0.0,13.760294,0.0,0.0,0.0,0.0,0.0,404.422139,213.1121,0.0011458681222049,0.0011345228932722,0.0,0.0002242399137333,,0.3588,0.0,0.0,21.66999999999997
15.0,13.3,0.5,717.6,0.0,0.0,0.0,24.0,20.0,26.0,24.0,25.0,25.0,24.0,24.0,24.0,0.3588,25.0,38.0,1233.637222222222,4441094.0,0.0,0.0,4.98333333333333,3.98666666666667,3.7375,25.0,1821.3,1792.6,1358.8,1296.0,0.0,0.0,0.0,0.0,716.0,2435.0,3.72,95.0,3.72,78.0,0.0,1233.63722222222,0.0,49.0,26.0,26.0,20.5,53.0,28.0,29.0,26.5,28.0,27.0,22.0,22.0,0.0,0.5300000000000296,89.0,24.5,13.804,720.1,22.2,13.919,26.0,-1.2000000000000002,3.0,0.0,0.0,0.0,22.0,179.0,0.0,28.0,1.0,0.0,825.6,0.0,0.0,0.6000000000000001,9.0,0.0,30.0,0.0,28.0,28.0,350.0,825.6,-50.0,0.0,0.0,0.0,0.0,400.0,0.0,0.0,0.0,0.0,0.0,0.0,48.0,717.5,4.443,0.0,13.760294,0.0,0.0,0.0,0.0,0.0,404.422139,213.1121,0.0011458681222049,0.0011345228932722,0.0,0.0002242399137333,,0.3588,0.0,0.0,21.66999999999997
16.0,13.3,0.5,717.5,0.0,0.0,0.0,24.0,20.0,26.0,24.0,25.0,25.0,24.0,24.0,24.0,0.35875,25.0,38.0,1233.6377777777775,4441096.0,0.0,0.0,4.98263888888889,3.98611111111111,3.73697916666667,25.0,1821.3,1792.6,1358.8,1296.0,0.0,0.0,0.0,0.0,716.0,2435.0,3.74,163.0,3.72,64.0,0.0,1233.63777777778,0.0,49.0,26.0,26.0,20.5,53.0,28.0,29.0,26.5,28.0,27.0,22.0,22.0,0.0,0.5300000000000296,89.0,24.5,13.804,720.1,22.2,13.919,26.0,-1.2000000000000002,3.0,0.0,0.0,0.0,22.0,179.0,0.0,28.0,1.0,0.0,825.6,0.0,0.0,0.6000000000000001,9.0,0.0,30.0,0.0,28.0,28.0,350.0,825.6,-50.0,0.0,0.0,0.0,0.0,400.0,0.0,0.0,0.0,0.0,0.0,0.0,48.0,717.5,4.443,0.0,13.760294,0.0,0.0,0.0,0.0,0.0,404.422139,213.1121,0.0014483261094223,0.0014339862469527,0.0,0.0002994633536805,,0.35875,0.0,0.0,21.66999999999997
17.0,13.3,0.5,717.5,0.0,0.0,0.0,24.0,20.0,26.0,24.0,25.0,25.0,24.0,24.0,24.0,0.35875,25.0,38.0,1233.6377777777775,4441096.0,0.0,0.0,4.98263888888889,3.98611111111111,3.73697916666667,25.0,1821.3,1792.6,1358.8,1296.0,0.0,0.0,0.0,0.0,716.0,2435.0,3.74,163.0,3.72,64.0,0.0,1233.63777777778,0.0,49.0,26.0,26.0,20.5,53.0,28.0,29.0,26.5,28.0,27.0,22.0,22.0,0.0,0.5,89.0,24.5,13.804,720.3000000000001,22.43,13.924,26.0,-1.1,3.0,0.0,0.0,0.0,22.0,179.0,0.0,28.0,1.0,0.0,825.6,0.0,0.0,0.6000000000000001,9.0,0.0,30.0,0.0,28.0,28.0,350.0,825.6,-50.0,0.0,0.0,0.0,0.0,400.0,0.0,0.0,0.0,0.0,0.0,0.0,48.0,717.5,4.443,0.0,13.760294,0.0,0.0,0.0,0.0,0.0,404.422139,213.1121,0.0014483261094223,0.0014339862469527,0.0,0.0002994633536805,,0.35875,0.0,0.0,21.93
18.0,13.3,0.5,717.5,0.0,0.0,0.0,24.0,20.0,26.0,24.0,25.0,25.0,24.0,24.0,24.0,0.35875,25.0,38.0,1233.6377777777775,4441096.0,0.0,0.0,4.98263888888889,3.98611111111111,3.73697916666667,25.0,1821.3,1792.6,1358.8,1296.0,0.0,0.0,0.0,0.0,716.0,2435.0,3.74,163.0,3.72,64.0,0.0,1233.63777777778,0.0,49.0,26.0,26.0,20.5,53.0,28.0,29.0,26.5,28.0,27.0,22.0,22.0,0.0,0.5,89.0,24.5,13.804,720.3000000000001,22.43,13.924,26.0,-1.1,3.0,0.0,0.0,0.0,22.0,179.0,0.0,28.0,1.0,0.0,825.6,0.0,0.0,0.6000000000000001,9.0,0.0,30.0,0.0,28.0,28.0,350.0,825.6,-50.0,0.0,0.0,0.0,0.0,400.0,0.0,0.0,0.0,0.0,0.0,0.0,48.0,717.5,4.443,0.0,13.7612706,0.0,0.0,0.0,0.0,0.0,404.422139,213.1121,0.0014483261094223,0.0014339862469527,0.0,0.0002994633536805,,0.35875,0.0,0.0,21.93
19.0,13.3,0.5,717.5,0.0,0.0,0.0,24.0,20.0,26.0,24.0,25.0,25.0,24.0,24.0,24.0,0.35875,25.0,38.0,1233.6377777777775,4441096.0,0.0,0.0,4.98263888888889,3.98611111111111,3.73697916666667,25.0,1821.3,1792.6,1358.8,1296.0,0.0,0.0,0.0,0.0,716.0,2435.0,3.74,163.0,3.72,64.0,0.0,1233.63777777778,0.0,49.0,26.0,26.0,20.5,53.0,28.0,29.0,26.5,28.0,27.0,22.0,22.0,0.0,0.5,89.0,24.5,13.804,720.3000000000001,22.43,13.924,26.0,-1.1,3.0,0.0,0.0,0.0,22.0,179.0,0.0,28.0,1.0,0.0,825.6,0.0,0.0,0.6000000000000001,9.0,0.0,30.0,0.0,28.0,28.0,350.0,825.6,-50.0,0.0,0.0,0.0,0.0,400.0,0.0,0.0,0.0,0.0,0.0,0.0,48.0,717.5,4.443,0.0,13.7612706,0.0,0.0,0.0,0.0,0.0,404.422139,213.1121,0.0014483261094223,0.0014339862469527,0.0,0.0002994633536805,,0.35875,0.0,0.0,21.93
20.0,13.3,0.5,717.5,0.0,0.0,0.0,24.0,20.0,26.0,24.0,25.0,25.0,24.0,24.0,24.0,0.35875,25.0,38.0,1233.638888888889,4441100.0,0.0,0.0,4.98263888888889,3.98611111111111,3.73697916666667,25.0,1821.3,1792.6,1358.8,1296.0,0.0,0.0,0.0,0.0,716.0,2432.0,3.74,9.0,3.72,49.0,0.0,1233.63888888889,0.0,49.0,26.0,26.0,20.5,53.0,28.0,29.0,26.5,28.0,27.0,22.0,22.0,0.0,0.4800000000000182,89.0,24.5,13.804,720.1,22.48,13.923,26.0,-1.1,3.0,0.0,0.0,0.0,22.0,179.0,0.0,28.0,1.0,0.0,825.6,0.0,0.0,0.6000000000000001,9.0,0.0,30.0,0.0,28.0,28.0,350.0,825.6,-50.0,0.0,0.0,0.0,0.0,400.0,0.0,0.0,0.0,0.0,0.0,0.0,48.0,717.5,4.443,0.0,13.7612706,0.0,0.0,0.0,0.0,0.0,404.422139,213.1121,0.0017940529009552,0.0017762900009458,0.0,0.000342303753993,,0.35875,0.0,0.0,21.999999999999982
21.0,13.3,0.5,717.5,0.0,0.0,0.0,24.0,20.0,26.0,24.0,25.0,25.0,24.0,24.0,24.0,0.35875,25.0,38.0,1233.638888888889,4441100.0,0.0,0.0,4.98263888888889,3.98611111111111,3.73697916666667,25.0,1821.3,1792.6,1358.8,1296.0,0.0,0.0,0.0,0.0,716.0,2432.0,3.74,9.0,3.72,49.0,0.0,1233.63888888889,0.0,49.0,26.0,26.0,20.5,53.0,28.0,29.0,26.5,28.0,27.0,22.0,22.0,0.0,0.4800000000000182,89.0,24.5,13.804,720.1,22.48,13.923,26.0,-1.1,3.0,0.0,0.0,0.0,22.0,179.0,0.0,28.0,1.0,0.0,825.6,0.0,0.0,0.6000000000000001,9.0,0.0,30.0,0.0,28.0,28.0,350.0,825.6,-50.0,0.0,0.0,0.0,0.0,400.0,0.0,0.0,0.0,0.0,0.0,0.0,48.0,717.5,4.443,0.0,13.760294,0.0,0.0,0.0,0.0,0.0,404.422139,213.1121,0.0017940529009552,0.0017762900009458,0.0,0.000342303753993,,0.35875,0.0,0.0,21.999999999999982
22.0,13.3,0.5,717.5,0.0,0.0,0.0,24.0,20.0,26.0,24.0,25.0,25.0,24.0,24.0,24.0,0.35875,25.0,38.0,1233.638888888889,4441100.0,0.0,0.0,4.98263888888889,3.98611111111111,3.73697916666667,25.0,1821.3,1792.6,1358.8,1296.0,0.0,0.0,0.0,0.0,716.0,2432.0,3.74,9.0,3.72,49.0,0.0,1233.63888888889,0.0,49.0,26.0,26.0,20.5,53.0,28.0,29.0,26.5,28.0,27.0,22.0,22.0,0.0,0.4800000000000182,89.0,24.5,13.804,720.1,22.48,13.923,26.0,-1.1,3.0,0.0,0.0,0.0,22.0,179.0,0.0,28.0,1.0,0.0,825.6,0.0,0.0,0.6000000000000001,9.0,0.0,30.0,0.0,28.0,28.0,350.0,825.6,-50.0,0.0,0.0,0.0,0.0,400.0,0.0,0.0,0.0,0.0,0.0,0.0,48.0,717.5,4.443,0.0,13.760294,0.0,0.0,0.0,0.0,0.0,404.422139,213.1121,0.0017940529009552,0.0017762900009458,0.0,0.000342303753993,,0.35875,0.0,0.0,21.999999999999982
23.0,13.3,0.5,717.5,0.0,0.0,0.0,24.0,20.0,26.0,24.0,25.0,25.0,24.0,24.0,24.0,0.35875,25.0,38.0,1233.6397222222222,4441103.0,0.0,0.0,4.98263888888889,3.98611111111111,3.73697916666667,25.0,1821.3,1792.6,1358.8,1296.0,0.0,0.0,0.0,0.0,716.0,2432.0,3.72,9.0,3.72,78.0,0.0,1233.63972222222,0.0,49.0,26.0,26.0,20.5,53.0,28.0,29.0,26.5,28.0,27.0,22.0,22.0,0.0,0.4800000000000182,89.0,24.5,13.804,720.1,22.48,13.923,26.0,-1.1,3.0,0.0,0.0,0.0,22.0,179.0,0.0,28.0,1.0,0.0,825.6,0.0,0.0,0.6000000000000001,9.0,0.0,30.0,0.0,28.0,28.0,350.0,825.6,-50.0,0.0,0.0,0.0,0.0,400.0,0.0,0.0,0.0,0.0,0.0,0.0,48.0,717.5,4.443,0.0,13.760294,0.0,0.0,0.0,0.0,0.0,404.422139,213.1121,0.0021267318184639,0.0021056750677861,0.0,0.0003293850668402,,0.35875,0.0,0.0,21.999999999999982
24.0,13.3,0.5,717.5,0.0,0.0,0.0,24.0,20.0,26.0,24.0,25.0,25.0,24.0,24.0,24.0,0.35875,25.0,38.0,1233.6397222222222,4441103.0,0.0,0.0,4.98263888888889,3.98611111111111,3.73697916666667,25.0,1821.3,1792.6,1358.8,1296.0,0.0,0.0,0.0,0.0,716.0,2432.0,3.72,9.0,3.72,78.0,0.0,1233.63972222222,0.0,49.0,26.0,26.0,20.5,53.0,28.0,29.0,26.5,28.0,27.0,22.0,22.0,0.0,0.4399999999999977,89.0,24.5,13.804,720.4000000000001,22.55,13.926,26.0,-1.1,3.0,0.0,0.0,0.0,22.0,179.0,0.0,28.0,1.0,0.0,825.6,0.0,0.0,0.6000000000000001,9.0,0.0,30.0,0.0,28.0,28.0,350.0,825.6,-50.0,0.0,0.0,0.0,0.0,400.0,0.0,0.0,0.0,0.0,0.0,0.0,48.0,717.5,4.443,0.0,13.760294,0.0,0.0,0.0,0.0,0.0,404.422139,213.1121,0.0021267318184639,0.0021056750677861,0.0,0.0003293850668402,,0.35875,0.0,0.0,22.110000000000003
25.0,13.3,0.5,717.5,0.0,0.0,0.0,24.0,20.0,26.0,24.0,25.0,25.0,24.0,24.0,24.0,0.35875,25.0,38.0,1233.6397222222222,4441103.0,0.0,0.0,4.98263888888889,3.98611111111111,3.73697916666667,25.0,1821.3,1792.6,1358.8,1296.0,0.0,0.0,0.0,0.0,716.0,2432.0,3.72,9.0,3.72,78.0,0.0,1233.63972222222,0.0,49.0,26.0,26.0,20.5,53.0,28.0,29.0,26.5,28.0,27.0,22.0,22.0,0.0,0.4399999999999977,89.0,24.5,13.804,720.4000000000001,22.55,13.926,26.0,-1.1,3.0,0.0,0.0,0.0,22.0,179.0,0.0,28.0,1.0,0.0,825.6,0.0,0.0,0.6000000000000001,9.0,0.0,30.0,0.0,28.0,28.0,350.0,825.6,-50.0,0.0,0.0,0.0,0.0,400.0,0.0,0.0,0.0,0.0,0.0,0.0,48.0,717.5,4.443,0.0,13.760294,0.0,0.0,0.0,0.0,0.0,404.422139,213.1121,0.0021267318184639,0.0021056750677861,0.0,0.0003293850668402,,0.35875,0.0,0.0,22.110000000000003
26.0,13.3,0.4,717.5,0.0,0.0,0.0,24.0,20.0,26.0,24.0,25.0,25.0,24.0,24.0,24.0,0.287,25.0,38.0,1233.6408333333334,4441107.0,0.0,0.0,4.98263888888889,3.98611111111111,3.73697916666667,25.0,1821.3,1792.6,1358.8,1296.0,0.0,0.0,0.0,0.0,716.0,2435.0,3.72,9.0,3.72,181.0,0.0,1233.64083333333,0.0,49.0,26.0,26.0,20.5,53.0,28.0,29.0,26.5,28.0,27.0,22.0,22.0,0.0,0.4399999999999977,89.0,24.5,13.804,720.4000000000001,22.55,13.926,26.0,-1.1,3.0,0.0,0.0,0.0,22.0,179.0,0.0,28.0,1.0,0.0,825.6,0.0,0.0,0.6000000000000001,9.0,0.0,30.0,0.0,28.0,28.0,350.0,825.6,-50.0,0.0,0.0,0.0,0.0,400.0,0.0,0.0,0.0,0.0,0.0,0.0,48.0,717.5,4.443,0.0,13.760294,0.0,0.0,0.0,0.0,0.0,404.422139,213.1121,0.0024078479135548,0.0023840078352027,0.0,0.0002783327674166,,0.287,0.0,0.0,22.110000000000003
27.0,13.3,0.4,717.5,0.0,0.0,0.0,24.0,20.0,26.0,24.0,25.0,25.0,24.0,24.0,24.0,0.287,25.0,38.0,1233.6408333333334,4441107.0,0.0,0.0,4.98263888888889,3.98611111111111,3.73697916666667,25.0,1821.3,1792.6,1358.8,1296.0,0.0,0.0,0.0,0.0,716.0,2435.0,3.72,9.0,3.72,181.0,0.0,1233.64083333333,0.0,49.0,26.0,26.0,20.5,53.0,28.0,29.0,26.5,28.0,27.0,22.0,22.0,0.0,0.4200000000000159,89.0,24.5,13.803,720.1,22.15,13.921,26.0,-1.1,3.0,0.0,0.0,0.0,22.0,179.0,0.0,28.0,1.0,0.0,825.6,0.0,0.0,0.6000000000000001,9.0,0.0,30.0,0.0,28.0,28.0,350.0,825.6,-50.0,0.0,0.0,0.0,0.0,400.0,0.0,0.0,0.0,0.0,0.0,0.0,48.0,717.5,4.443,0.0,13.760294,0.0,0.0,0.0,0.0,0.0,404.422139,213.1121,0.0024078479135548,0.0023840078352027,0.0,0.0002783327674166,,0.287,0.0,0.0,21.729999999999983
28.0,13.3,0.4,717.5,0.0,0.0,0.0,24.0,20.0,26.0,24.0,25.0,25.0,24.0,24.0,24.0,0.287,25.0,38.0,1233.6408333333334,4441107.0,0.0,0.0,4.98263888888889,3.98611111111111,3.73697916666667,25.0,1821.3,1792.6,1358.8,1296.0,0.0,0.0,0.0,0.0,716.0,2435.0,3.72,9.0,3.72,181.0,0.0,1233.64083333333,0.0,49.0,26.0,26.0,20.5,53.0,28.0,29.0,26.5,28.0,27.0,22.0,22.0,0.0,0.4200000000000159,89.0,24.5,13.803,720.1,22.15,13.921,26.0,-1.1,3.0,0.0,0.0,0.0,22.0,179.0,0.0,28.0,1.0,0.0,825.6,0.0,0.0,0.6000000000000001,9.0,0.0,30.0,0.0,28.0,28.0,350.0,825.6,-50.0,0.0,0.0,0.0,0.0,400.0,0.0,0.0,0.0,0.0,0.0,0.0,48.0,717.5,4.443,0.0,13.760294,0.0,0.0,0.0,0.0,0.0,404.422139,213.1121,0.0024078479135548,0.0023840078352027,0.0,0.0002783327674166,,0.287,0.0,0.0,21.729999999999983
29.0,13.3,0.4,717.5,0.0,0.0,0.0,24.0,20.0,26.0,24.0,25.0,25.0,24.0,24.0,24.0,0.287,25.0,38.0,1233.6408333333334,4441107.0,0.0,0.0,4.98263888888889,3.98611111111111,3.73697916666667,25.0,1821.3,1792.6,1358.8,1296.0,0.0,0.0,0.0,0.0,716.0,2435.0,3.72,9.0,3.72,181.0,0.0,1233.64083333333,0.0,49.0,26.0,26.0,20.5,53.0,28.0,29.0,26.5,28.0,27.0,22.0,22.0,0.0,0.4200000000000159,89.0,24.5,13.803,720.1,22.15,13.921,26.0,-1.1,3.0,0.0,0.0,0.0,22.0,179.0,0.0,28.0,1.0,0.0,825.6,0.0,0.0,0.6000000000000001,9.0,0.0,30.0,0.0,28.0,28.0,350.0,825.6,-50.0,0.0,0.0,0.0,0.0,400.0,0.0,0.0,0.0,0.0,0.0,0.0,48.0,717.5,4.443,0.0,13.760294,0.0,0.0,0.0,0.0,0.0,404.422139,213.1121,0.0024078479135548,0.0023840078352027,0.0,0.0002783327674166,,0.287,0.0,0.0,21.729999999999983
30.0,13.3,0.5,717.5,0.0,0.0,0.0,24.0,20.0,26.0,24.0,25.0,25.0,24.0,24.0,24.0,0.35875,25.0,38.0,1233.6416666666669,4441110.0,0.0,0.0,4.98263888888889,3.98611111111111,3.73697916666667,25.0,1821.3,1792.6,1358.8,1296.0,0.0,0.0,0.0,0.0,716.0,2435.0,3.72,9.0,3.72,61.0,0.0,1233.64166666667,0.0,49.0,26.0,26.0,20.5,53.0,28.0,29.0,26.0,28.0,27.0,22.0,22.0,0.0,0.4200000000000159,89.0,24.5,13.803,720.1,22.15,13.921,26.0,-1.1,3.0,0.0,0.0,0.0,22.0,179.0,0.0,28.0,1.0,0.0,825.6,0.0,0.0,0.6000000000000001,9.0,0.0,30.0,0.0,28.0,28.0,350.0,825.6,-50.0,0.0,0.0,0.0,0.0,400.0,0.0,0.0,0.0,0.0,0.0,0.0,48.0,717.5,4.443,0.0,13.760294,0.0,0.0,0.0,0.0,0.0,404.422139,213.1121,0.0027358308867388,0.0027087434522166,0.0,0.0003247356170138,,0.35875,0.0,0.0,21.729999999999983
31.0,13.3,0.5,717.5,0.0,0.0,0.0,24.0,20.0,26.0,24.0,25.0,25.0,24.0,24.0,24.0,0.35875,25.0,38.0,1233.6416666666669,4441110.0,0.0,0.0,4.98263888888889,3.98611111111111,3.73697916666667,25.0,1821.3,1792.6,1358.8,1296.0,0.0,0.0,0.0,0.0,716.0,2435.0,3.72,9.0,3.72,61.0,0.0,1233.64166666667,0.0,49.0,26.0,26.0,20.5,53.0,28.0,29.0,26.0,28.0,27.0,22.0,22.0,0.0,0.3500000000000227,89.0,24.5,13.786,720.1,22.52,13.924,26.0,-1.1,3.0,0.0,0.0,0.0,22.0,179.0,0.0,28.0,1.0,0.0,825.6,0.0,0.0,0.6000000000000001,9.0,0.0,30.0,0.0,28.0,28.0,350.0,825.6,-50.0,0.0,0.0,0.0,0.0,400.0,0.0,0.0,0.0,0.0,0.0,0.0,48.0,717.5,4.443,0.0,13.760294,0.0,0.0,0.0,0.0,0.0,404.422139,213.1121,0.0027358308867388,0.0027087434522166,0.0,0.0003247356170138,,0.35875,0.0,0.0,22.169999999999977
32.0,13.3,0.5,717.5,0.0,0.0,0.0,24.0,20.0,26.0,24.0,25.0,25.0,24.0,24.0,24.0,0.35875,25.0,38.0,1233.6416666666669,4441110.0,0.0,0.0,4.98263888888889,3.98611111111111,3.73697916666667,25.0,1821.3,1792.6,1358.8,1296.0,0.0,0.0,0.0,0.0,716.0,2435.0,3.72,9.0,3.72,61.0,0.0,1233.64166666667,0.0,49.0,26.0,26.0,20.5,53.0,28.0,29.0,26.0,28.0,27.0,22.0,22.0,0.0,0.3500000000000227,89.0,24.5,13.786,720.1,22.52,13.924,26.0,-1.1,3.0,0.0,0.0,0.0,22.0,179.0,0.0,28.0,1.0,0.0,825.6,0.0,0.0,0.6000000000000001,9.0,0.0,30.0,0.0,28.0,28.0,350.0,825.6,-50.0,0.0,0.0,0.0,0.0,400.0,0.0,0.0,0.0,0.0,0.0,0.0,48.0,717.5,4.443,0.0,13.760294,0.0,0.0,0.0,0.0,0.0,404.422139,213.1121,0.0027358308867388,0.0027087434522166,0.0,0.0003247356170138,,0.35875,0.0,0.0,22.169999999999977
33.0,13.3,0.5,717.5,0.0,0.0,0.0,24.0,20.0,26.0,24.0,25.0,25.0,24.0,24.0,24.0,0.35875,25.0,38.0,1233.6425,4441113.0,0.0,0.0,4.98263888888889,3.98611111111111,3.73697916666667,25.0,1821.3,1792.6,1358.8,1296.0,0.0,0.0,0.0,0.0,716.0,2435.0,3.72,9.0,3.72,77.0,0.0,1233.6425,0.0,49.0,26.0,26.0,20.5,53.0,28.0,29.0,26.0,28.0,27.0,22.0,22.0,0.0,0.3500000000000227,89.0,24.5,13.786,720.1,22.52,13.924,26.0,-1.1,3.0,0.0,0.0,0.0,22.0,179.0,0.0,28.0,1.0,0.0,825.6,0.0,0.0,0.6000000000000001,9.0,0.0,30.0,0.0,28.0,28.0,350.0,825.6,-50.0,0.0,0.0,0.0,0.0,400.0,0.0,0.0,0.0,0.0,0.0,0.0,48.0,717.5,4.443,0.0,13.760294,0.0,0.0,0.0,0.0,0.0,404.422139,213.1121,0.0030885056306784,0.0030579263670083,0.0,0.0003491829147916,,0.35875,0.0,0.0,22.169999999999977
34.0,13.3,0.5,717.5,0.0,0.0,0.0,24.0,20.0,26.0,24.0,25.0,25.0,24.0,24.0,24.0,0.35875,25.0,38.0,1233.6425,4441113.0,0.0,0.0,4.98263888888889,3.98611111111111,3.73697916666667,25.0,1821.3,1792.6,1358.8,1296.0,0.0,0.0,0.0,0.0,716.0,2435.0,3.72,9.0,3.72,77.0,0.0,1233.6425,0.0,49.0,26.0,26.0,20.5,54.0,28.0,28.5,26.0,28.0,27.0,22.0,22.0,0.0,0.2599999999999909,89.0,24.5,13.788,720.2,22.09,13.932,26.0,-1.1,3.0,0.0,0.0,0.0,22.0,179.0,0.0,28.0,1.0,0.0,825.6,0.0,0.0,0.6000000000000001,9.0,0.0,30.0,0.0,28.0,28.0,350.0,825.6,-50.0,0.0,0.0,0.0,0.0,400.0,0.0,0.0,0.0,0.0,0.0,0.0,48.0,717.5,4.443,0.0,13.760294,0.0,0.0,0.0,0.0,0.0,404.422139,213.1121,0.0030885056306784,0.0030579263670083,0.0,0.0003491829147916,,0.35875,0.0,0.0,21.83000000000001
35.0,13.3,0.5,717.5,0.0,0.0,0.0,24.0,20.0,26.0,24.0,25.0,25.0,24.0,24.0,24.0,0.35875,25.0,38.0,1233.6425,4441113.0,0.0,0.0,4.98263888888889,3.98611111111111,3.73697916666667,25.0,1821.3,1792.6,1358.8,1296.0,0.0,0.0,0.0,0.0,716.0,2435.0,3.72,9.0,3.72,77.0,0.0,1233.6425,0.0,49.0,26.0,26.0,20.5,54.0,28.0,28.5,26.0,28.0,27.0,22.0,22.0,0.0,0.2599999999999909,89.0,24.5,13.788,720.2,22.09,13.932,26.0,-1.1,3.0,0.0,0.0,0.0,22.0,179.0,0.0,28.0,1.0,0.0,825.6,0.0,0.0,0.6000000000000001,9.0,0.0,30.0,0.0,28.0,28.0,350.0,825.6,-50.0,0.0,0.0,0.0,0.0,400.0,0.0,0.0,0.0,0.0,0.0,0.0,48.0,717.5,4.443,0.0,13.7524812,0.0,0.0,0.0,0.0,0.0,404.422139,213.1121,0.0030885056306784,0.0030579263670083,0.0,0.0003491829147916,,0.35875,0.0,0.0,21.83000000000001
36.0,13.4,0.4,717.5,0.0,0.0,0.0,24.0,20.0,26.0,24.0,25.0,25.0,24.0,24.0,24.0,0.287,25.0,38.0,1233.643611111111,4441117.0,0.0,0.0,4.98263888888889,3.98611111111111,3.73697916666667,25.0,1821.3,1792.6,1358.8,1296.0,0.0,0.0,0.0,0.0,716.0,2432.0,3.72,9.0,3.72,61.0,0.0,1233.64361111111,0.0,49.0,26.0,26.0,20.5,54.0,28.0,28.5,26.0,28.0,27.0,22.0,22.0,0.0,0.2599999999999909,89.0,24.5,13.788,720.2,22.09,13.932,26.0,-1.1,3.0,0.0,0.0,0.0,22.0,179.0,0.0,28.0,1.0,0.0,825.6,0.0,0.0,0.6000000000000001,9.0,0.0,30.0,0.0,28.0,28.0,350.0,825.6,-50.0,0.0,0.0,0.0,0.0,400.0,0.0,0.0,0.0,0.0,0.0,0.0,48.0,717.5,4.443,0.0,13.7524812,0.0,0.0,0.0,0.0,0.0,404.422139,213.1121,0.0033581865636198,0.0033249371917027,0.0,0.0002670108246944,,0.287,0.0,0.0,21.83000000000001
37.0,13.4,0.4,717.5,0.0,0.0,0.0,24.0,20.0,26.0,24.0,25.0,25.0,24.0,24.0,24.0,0.287,25.0,38.0,1233.643611111111,4441117.0,0.0,0.0,4.98263888888889,3.98611111111111,3.73697916666667,25.0,1821.3,1792.6,1358.8,1296.0,0.0,0.0,0.0,0.0,716.0,2432.0,3.72,9.0,3.72,61.0,0.0,1233.64361111111,0.0,49.0,26.0,26.0,20.5,53.0,28.0,28.5,26.0,28.0,27.0,22.0,22.0,0.0,0.3899999999999863,89.0,24.5,13.803,720.6,22.34,13.912,26.0,-1.1,3.0,0.0,0.0,0.0,22.0,179.0,0.0,28.0,1.0,0.0,825.6,0.0,0.0,0.6000000000000001,9.0,0.0,30.0,0.0,28.0,28.0,350.0,825.6,-50.0,0.0,0.0,0.0,0.0,400.0,0.0,0.0,0.0,0.0,0.0,0.0,48.0,717.5,4.443,0.0,13.7524812,0.0,0.0,0.0,0.0,0.0,404.422139,213.1121,0.0033581865636198,0.0033249371917027,0.0,0.0002670108246944,,0.287,0.0,0.0,21.950000000000014
38.0,13.4,0.4,717.5,0.0,0.0,0.0,24.0,20.0,26.0,24.0,25.0,25.0,24.0,24.0,24.0,0.287,25.0,38.0,1233.643611111111,4441117.0,0.0,0.0,4.98263888888889,3.98611111111111,3.73697916666667,25.0,1821.3,1792.6,1358.8,1296.0,0.0,0.0,0.0,0.0,716.0,2432.0,3.72,9.0,3.72,61.0,0.0,1233.64361111111,0.0,49.0,26.0,26.0,20.5,53.0,28.0,28.5,26.0,28.0,27.0,22.0,22.0,0.0,0.3899999999999863,89.0,24.5,13.803,720.6,22.34,13.912,26.0,-1.2000000000000002,3.0,0.0,0.0,0.0,22.0,179.0,0.0,28.0,1.0,0.0,825.6,0.0,0.0,0.6000000000000001,9.0,0.0,30.0,0.0,28.0,28.0,350.0,825.6,-50.0,0.0,0.0,0.0,0.0,400.0,0.0,0.0,0.0,0.0,0.0,0.0,48.0,717.5,4.443,0.0,13.760294,0.0,0.0,0.0,0.0,0.0,404.422139,213.1121,0.0033581865636198,0.0033249371917027,0.0,0.0002670108246944,,0.287,0.0,0.0,21.950000000000014
39.0,13.4,0.4,717.5,0.0,0.0,0.0,24.0,20.0,26.0,24.0,25.0,25.0,24.0,24.0,24.0,0.287,25.0,38.0,1233.643611111111,4441117.0,0.0,0.0,4.98263888888889,3.98611111111111,3.73697916666667,25.0,1821.3,1792.6,1358.8,1296.0,0.0,0.0,0.0,0.0,716.0,2432.0,3.72,9.0,3.72,61.0,0.0,1233.64361111111,0.0,49.0,26.0,26.0,20.5,53.0,28.0,28.5,26.0,28.0,27.0,22.0,22.0,0.0,0.3899999999999863,89.0,24.5,13.803,720.6,22.34,13.912,26.0,-1.2000000000000002,3.0,0.0,0.0,0.0,22.0,179.0,0.0,28.0,1.0,0.0,825.6,0.0,0.0,0.6000000000000001,9.0,0.0,30.0,0.0,28.0,28.0,350.0,825.6,-50.0,0.0,0.0,0.0,0.0,400.0,0.0,0.0,0.0,0.0,0.0,0.0,48.0,717.5,4.443,0.0,13.760294,0.0,0.0,0.0,0.0,0.0,404.422139,213.1121,0.0033581865636198,0.0033249371917027,0.0,0.0002670108246944,,0.287,0.0,0.0,21.950000000000014
40.0,13.4,0.4,717.5,0.0,0.0,0.0,24.0,20.0,26.0,24.0,25.0,25.0,24.0,24.0,24.0,0.287,25.0,38.0,1233.643611111111,4441117.0,0.0,0.0,4.98263888888889,3.98611111111111,3.73697916666667,25.0,1821.3,1792.6,1358.8,1296.0,0.0,0.0,0.0,0.0,716.0,2432.0,3.72,9.0,3.72,61.0,0.0,1233.64361111111,0.0,49.0,26.0,26.0,20.5,53.0,28.0,28.5,26.0,28.0,27.0,22.0,22.0,0.0,0.3899999999999863,89.0,24.5,13.803,720.6,22.34,13.912,26.0,-1.2000000000000002,3.0,0.0,0.0,0.0,22.0,179.0,0.0,28.0,1.0,0.0,825.6,0.0,0.0,0.6000000000000001,9.0,0.0,30.0,0.0,28.0,28.0,350.0,825.6,-50.0,0.0,0.0,0.0,0.0,400.0,0.0,0.0,0.0,0.0,0.0,0.0,48.0,717.5,4.443,0.0,13.760294,0.0,0.0,0.0,0.0,0.0,404.422139,213.1121,0.0033581865636198,0.0033249371917027,0.0,0.0002670108246944,,0.287,0.0,0.0,21.950000000000014
41.0,13.3,0.4,717.5,0.0,0.0,0.0,24.0,20.0,26.0,24.0,25.0,25.0,24.0,24.0,24.0,0.287,25.0,38.0,1233.6447222222223,4441121.0,0.0,0.0,4.98263888888889,3.98611111111111,3.73697916666667,25.0,1821.3,1792.6,1358.8,1296.0,0.0,0.0,0.0,0.0,716.0,2432.0,3.72,24.0,3.72,78.0,0.0,1233.64472222222,0.0,49.0,26.0,26.0,20.5,53.0,28.0,28.5,26.0,28.0,27.0,22.0,22.0,0.0,0.3899999999999863,89.0,24.5,13.803,720.6,22.34,13.912,26.0,-1.2000000000000002,3.0,0.0,0.0,0.0,22.0,179.0,0.0,28.0,1.0,0.0,825.6,0.0,0.0,0.6000000000000001,9.0,0.0,30.0,0.0,28.0,28.0,350.0,825.6,-50.0,0.0,0.0,0.0,0.0,400.0,0.0,0.0,0.0,0.0,0.0,0.0,48.0,717.5,4.443,0.0,13.760294,0.0,0.0,0.0,0.0,0.0,404.422139,213.1121,0.0037339374113764,0.0036969677340361,0.0,0.0003720305423333,,0.287,0.0,0.0,21.950000000000014
42.0,13.3,0.4,717.5,0.0,0.0,0.0,24.0,20.0,26.0,24.0,25.0,25.0,24.0,24.0,24.0,0.287,25.0,38.0,1233.6447222222223,4441121.0,0.0,0.0,4.98263888888889,3.98611111111111,3.73697916666667,25.0,1821.3,1792.6,1358.8,1296.0,0.0,0.0,0.0,0.0,716.0,2432.0,3.72,24.0,3.72,78.0,0.0,1233.64472222222,0.0,49.0,26.0,26.0,20.5,53.0,28.0,28.5,26.0,28.0,27.0,22.0,22.0,0.0,0.5900000000000318,89.0,24.5,13.803,720.2,21.93,13.933,26.0,-1.1,3.0,0.0,0.0,0.0,22.0,179.0,0.0,28.0,1.0,0.0,825.6,0.0,0.0,0.6000000000000001,9.0,0.0,30.0,0.0,28.0,28.0,350.0,825.6,-50.0,0.0,0.0,0.0,0.0,400.0,0.0,0.0,0.0,0.0,0.0,0.0,48.0,717.5,4.443,0.0,13.760294,0.0,0.0,0.0,0.0,0.0,404.422139,213.1121,0.0037339374113764,0.0036969677340361,0.0,0.0003720305423333,,0.287,0.0,0.0,21.339999999999968
43.0,13.3,0.4,717.5,0.0,0.0,0.0,24.0,20.0,26.0,24.0,25.0,25.0,24.0,24.0,24.0,0.287,25.0,38.0,1233.6447222222223,4441121.0,0.0,0.0,4.98263888888889,3.98611111111111,3.73697916666667,25.0,1821.3,1792.6,1358.8,1296.0,0.0,0.0,0.0,0.0,716.0,2432.0,3.72,24.0,3.72,78.0,0.0,1233.64472222222,0.0,49.0,26.0,26.0,20.5,53.0,28.0,28.5,26.0,28.0,27.0,22.0,22.0,0.0,0.5900000000000318,89.0,24.5,13.803,720.2,21.93,13.933,26.0,-1.1,3.0,0.0,0.0,0.0,22.0,179.0,0.0,28.0,1.0,0.0,825.6,0.0,0.0,0.6000000000000001,9.0,0.0,30.0,0.0,28.0,28.0,350.0,825.6,-50.0,0.0,0.0,0.0,0.0,400.0,0.0,0.0,0.0,0.0,0.0,0.0,48.0,717.5,4.443,0.0,13.760294,0.0,0.0,0.0,0.0,0.0,404.422139,213.1121,0.0037339374113764,0.0036969677340361,0.0,0.0003720305423333,,0.287,0.0,0.0,21.339999999999968
44.0,13.3,0.5,717.5,0.0,0.0,0.0,24.0,20.0,26.0,24.0,25.0,25.0,24.0,24.0,24.0,0.35875,25.0,38.0,1233.6455555555556,4441124.0,0.0,0.0,4.98263888888889,3.98611111111111,3.73697916666667,25.0,1821.3,1792.6,1358.8,1296.0,0.0,0.0,0.0,0.0,716.0,2432.0,3.72,9.0,3.72,61.0,0.0,1233.64555555556,0.0,49.0,26.0,26.0,20.5,53.0,28.0,28.5,26.0,28.0,27.0,22.0,22.0,0.0,0.5900000000000318,89.0,24.5,13.803,720.2,21.93,13.933,26.0,-1.1,3.0,0.0,0.0,0.0,22.0,179.0,0.0,28.0,1.0,0.0,825.6,0.0,0.0,0.6000000000000001,9.0,0.0,30.0,0.0,28.0,28.0,350.0,825.6,-50.0,0.0,0.0,0.0,0.0,400.0,0.0,0.0,0.0,0.0,0.0,0.0,48.0,717.5,4.443,0.0,13.760294,0.0,0.0,0.0,0.0,0.0,404.422139,213.1121,0.004029906054748,0.0039900059948,0.0,0.0002930382607638,,0.35875,0.0,0.0,21.339999999999968
45.0,13.3,0.5,717.5,0.0,0.0,0.0,24.0,20.0,26.0,24.0,25.0,25.0,24.0,24.0,24.0,0.35875,25.0,38.0,1233.6455555555556,4441124.0,0.0,0.0,4.98263888888889,3.98611111111111,3.73697916666667,25.0,1821.3,1792.6,1358.8,1296.0,0.0,0.0,0.0,0.0,716.0,2432.0,3.72,9.0,3.72,61.0,0.0,1233.64555555556,0.0,49.0,26.0,26.0,20.5,53.0,28.0,28.5,26.0,28.0,27.0,22.0,22.0,0.0,0.2099999999999795,89.0,24.5,13.788,720.1,22.34,13.941,26.0,-1.1,3.0,0.0,0.0,0.0,22.0,179.0,0.0,28.0,1.0,0.0,825.6,0.0,0.0,0.6000000000000001,9.0,0.0,30.0,0.0,28.0,28.0,350.0,825.6,-50.0,0.0,0.0,0.0,0.0,400.0,0.0,0.0,0.0,0.0,0.0,0.0,48.0,717.5,4.443,0.0,13.760294,0.0,0.0,0.0,0.0,0.0,404.422139,213.1121,0.004029906054748,0.0039900059948,0.0,0.0002930382607638,,0.35875,0.0,0.0,22.13000000000002
46.0,13.3,0.5,717.5,0.0,0.0,0.0,24.0,20.0,26.0,24.0,25.0,25.0,24.0,24.0,24.0,0.35875,25.0,38.0,1233.6455555555556,4441124.0,0.0,0.0,4.98263888888889,3.98611111111111,3.73697916666667,25.0,1821.3,1792.6,1358.8,1296.0,0.0,0.0,0.0,0.0,716.0,2432.0,3.72,9.0,3.72,61.0,0.0,1233.64555555556,0.0,49.0,26.0,26.0,20.5,53.0,28.0,28.5,26.0,28.0,27.0,22.0,22.0,0.0,0.2099999999999795,89.0,24.5,13.788,720.1,22.34,13.941,26.0,-1.1,3.0,0.0,0.0,0.0,22.0,179.0,0.0,28.0,1.0,0.0,825.6,0.0,0.0,0.6000000000000001,9.0,0.0,30.0,0.0,28.0,28.0,350.0,825.6,-50.0,0.0,0.0,0.0,0.0,400.0,0.0,0.0,0.0,0.0,0.0,0.0,48.0,717.5,4.443,0.0,13.7612706,0.0,0.0,0.0,0.0,0.0,404.422139,213.1121,0.004029906054748,0.0039900059948,0.0,0.0002930382607638,,0.35875,0.0,0.0,22.13000000000002
47.0,13.3,0.5,717.5,0.0,0.0,0.0,24.0,20.0,26.0,24.0,25.0,25.0,24.0,24.0,24.0,0.35875,25.0,38.0,1233.6463888888889,4441127.0,0.0,0.0,4.98263888888889,3.98611111111111,3.73697916666667,25.0,1821.3,1792.6,1358.8,1296.0,0.0,0.0,0.0,0.0,716.0,2432.0,3.72,9.0,3.72,49.0,0.0,1233.64638888889,0.0,49.0,26.0,26.0,20.5,53.0,28.0,28.5,26.0,28.0,27.0,22.0,22.0,0.0,0.2099999999999795,89.0,24.5,13.788,720.1,22.34,13.941,26.0,-1.1,3.0,0.0,0.0,0.0,22.0,179.0,0.0,28.0,1.0,0.0,825.6,0.0,0.0,0.6000000000000001,9.0,0.0,30.0,0.0,28.0,28.0,350.0,825.6,-50.0,0.0,0.0,0.0,0.0,400.0,0.0,0.0,0.0,0.0,0.0,0.0,48.0,717.5,4.443,0.0,13.7612706,0.0,0.0,0.0,0.0,0.0,404.422139,213.1121,0.0043294488153493,0.0042865829854944,0.0,0.0002965769906944,,0.35875,0.0,0.0,22.13000000000002
48.0,13.3,0.5,717.5,0.0,0.0,0.0,24.0,20.0,26.0,24.0,25.0,25.0,24.0,24.0,24.0,0.35875,25.0,38.0,1233.6463888888889,4441127.0,0.0,0.0,4.98263888888889,3.98611111111111,3.73697916666667,25.0,1821.3,1792.6,1358.8,1296.0,0.0,0.0,0.0,0.0,716.0,2432.0,3.72,9.0,3.72,49.0,0.0,1233.64638888889,0.0,49.0,26.0,26.0,20.5,53.0,28.0,28.5,26.0,28.0,27.0,22.0,22.0,0.0,0.2900000000000204,89.0,24.5,13.788,720.1,22.03,13.93,26.0,-1.1,3.0,0.0,0.0,0.0,22.0,179.0,0.0,28.0,1.0,0.0,825.6,0.0,0.0,0.6000000000000001,9.0,0.0,30.0,0.0,28.0,28.0,350.0,825.6,-50.0,0.0,0.0,0.0,0.0,400.0,0.0,0.0,0.0,0.0,0.0,0.0,48.0,717.5,4.443,0.0,13.7612706,0.0,0.0,0.0,0.0,0.0,404.422139,213.1121,0.0043294488153493,0.0042865829854944,0.0,0.0002965769906944,,0.35875,0.0,0.0,21.73999999999998
49.0,13.3,0.5,717.5,0.0,0.0,0.0,24.0,20.0,26.0,24.0,25.0,25.0,24.0,24.0,24.0,0.35875,25.0,38.0,1233.6463888888889,4441127.0,0.0,0.0,4.98263888888889,3.98611111111111,3.73697916666667,25.0,1821.3,1792.6,1358.8,1296.0,0.0,0.0,0.0,0.0,716.0,2432.0,3.72,9.0,3.72,49.0,0.0,1233.64638888889,0.0,49.0,26.0,26.0,20.5,53.0,28.0,28.5,26.0,28.0,27.0,22.0,22.0,0.0,0.2900000000000204,89.0,24.5,13.788,720.1,22.03,13.93,26.0,-1.1,3.0,0.0,0.0,0.0,22.0,179.0,0.0,28.0,1.0,0.0,825.6,0.0,0.0,0.6000000000000001,9.0,0.0,30.0,0.0,28.0,28.0,350.0,825.6,-50.0,0.0,0.0,0.0,0.0,400.0,0.0,0.0,0.0,0.0,0.0,0.0,48.0,717.5,4.443,0.0,13.7695717,0.0,0.0,0.0,0.0,0.0,404.422139,213.1121,0.0043294488153493,0.0042865829854944,0.0,0.0002965769906944,,0.35875,0.0,0.0,21.73999999999998
50.0,13.3,0.5,717.5,0.0,0.0,0.0,24.0,20.0,26.0,24.0,25.0,25.0,24.0,24.0,24.0,0.35875,25.0,38.0,1233.6475,4441131.0,0.0,0.0,4.98263888888889,3.98611111111111,3.73697916666667,25.0,1821.3,1792.6,1358.8,1296.0,0.0,0.0,0.0,0.0,716.0,2432.0,3.72,9.0,3.72,78.0,0.0,1233.6475,0.0,49.0,26.0,26.0,20.5,53.0,28.0,28.5,26.0,28.0,27.0,22.0,22.0,0.0,0.2900000000000204,89.0,24.5,13.788,720.1,22.03,13.93,26.0,-1.1,3.0,0.0,0.0,0.0,22.0,179.0,0.0,28.0,1.0,0.0,825.6,0.0,0.0,0.6000000000000001,9.0,0.0,30.0,0.0,28.0,28.0,350.0,825.6,-50.0,0.0,0.0,0.0,0.0,400.0,0.0,0.0,0.0,0.0,0.0,0.0,48.0,717.5,4.443,0.0,13.7695717,0.0,0.0,0.0,0.0,0.0,404.422139,213.1121,0.0046530426031622,0.004606972874418,0.0,0.0003203898889236,,0.35875,0.0,0.0,21.73999999999998
51.0,13.3,0.5,717.5,0.0,0.0,0.0,24.0,20.0,26.0,24.0,25.0,25.0,24.0,24.0,24.0,0.35875,25.0,38.0,1233.6475,4441131.0,0.0,0.0,4.98263888888889,3.98611111111111,3.73697916666667,25.0,1821.3,1792.6,1358.8,1296.0,0.0,0.0,0.0,0.0,716.0,2432.0,3.72,9.0,3.72,78.0,0.0,1233.6475,0.0,49.0,26.0,26.0,20.5,53.0,28.0,28.5,26.0,28.0,27.0,22.0,22.0,0.0,0.4900000000000091,89.0,24.5,13.788,720.0,22.57,13.923,26.0,-1.0,3.0,0.0,0.0,0.0,22.0,179.0,0.0,28.0,1.0,0.0,825.6,0.0,0.0,0.6000000000000001,9.0,0.0,30.0,0.0,28.0,28.0,350.0,825.6,-50.0,0.0,0.0,0.0,0.0,400.0,0.0,0.0,0.0,0.0,0.0,0.0,48.0,717.5,4.443,0.0,13.7695717,0.0,0.0,0.0,0.0,0.0,404.422139,213.1121,0.0046530426031622,0.004606972874418,0.0,0.0003203898889236,,0.35875,0.0,0.0,22.07999999999999
52.0,13.3,0.5,717.5,0.0,0.0,0.0,24.0,20.0,26.0,24.0,25.0,25.0,24.0,24.0,24.0,0.35875,25.0,38.0,1233.6475,4441131.0,0.0,0.0,4.98263888888889,3.98611111111111,3.73697916666667,25.0,1821.3,1792.6,1358.8,1296.0,0.0,0.0,0.0,0.0,716.0,2432.0,3.72,9.0,3.72,78.0,0.0,1233.6475,0.0,49.0,26.0,26.0,20.5,53.0,28.0,28.5,26.0,28.0,27.0,22.0,22.0,0.0,0.4900000000000091,89.0,24.5,13.788,720.0,22.57,13.923,26.0,-1.0,3.0,0.0,0.0,0.0,22.0,179.0,0.0,28.0,1.0,0.0,825.6,0.0,0.0,0.6000000000000001,9.0,0.0,30.0,0.0,28.0,28.0,350.0,825.6,-50.0,0.0,0.0,0.0,0.0,400.0,0.0,0.0,0.0,0.0,0.0,0.0,48.0,717.5,4.443,0.0,13.760294,0.0,0.0,0.0,0.0,0.0,404.422139,213.1121,0.0046530426031622,0.004606972874418,0.0,0.0003203898889236,,0.35875,0.0,0.0,22.07999999999999
53.0,13.4,0.5,717.5,0.0,0.0,0.0,24.0,20.0,26.0,24.0,25.0,25.0,24.0,24.0,24.0,0.35875,25.0,38.0,1233.6483333333333,4441134.0,0.0,0.0,4.98263888888889,3.98611111111111,3.73697916666667,25.0,1821.3,1792.6,1358.8,1296.0,0.0,0.0,0.0,0.0,716.0,2432.0,3.72,9.0,3.72,77.0,0.0,1233.64833333333,0.0,49.0,26.0,26.0,20.5,53.0,28.0,28.5,26.0,28.0,27.0,22.0,22.0,0.0,0.4900000000000091,89.0,24.5,13.788,720.0,22.57,13.923,26.0,-1.0,3.0,0.0,0.0,0.0,22.0,179.0,0.0,28.0,1.0,0.0,825.6,0.0,0.0,0.6000000000000001,9.0,0.0,30.0,0.0,28.0,28.0,350.0,825.6,-50.0,0.0,0.0,0.0,0.0,400.0,0.0,0.0,0.0,0.0,0.0,0.0,48.0,717.5,4.444,0.0,13.760294,0.0,0.0,0.0,0.0,0.0,404.422139,213.1121,0.0049748198622434,0.004925564220043,0.0,0.000318591345625,,0.35875,0.0,0.0,22.07999999999999
54.0,13.4,0.5,717.5,0.0,0.0,0.0,24.0,20.0,26.0,24.0,25.0,25.0,24.0,24.0,24.0,0.35875,25.0,38.0,1233.6483333333333,4441134.0,0.0,0.0,4.98263888888889,3.98611111111111,3.73697916666667,25.0,1821.3,1792.6,1358.8,1296.0,0.0,0.0,0.0,0.0,716.0,2432.0,3.72,9.0,3.72,77.0,0.0,1233.64833333333,0.0,49.0,26.0,26.0,20.5,53.0,28.0,28.5,26.0,28.0,27.0,22.0,22.0,0.0,0.3199999999999932,89.0,24.5,13.788,720.0,21.79,13.93,26.0,-1.0,3.0,0.0,0.0,0.0,22.0,179.0,0.0,28.0,1.0,0.0,825.6,0.0,0.0,0.6000000000000001,9.0,0.0,30.0,0.0,28.0,28.0,350.0,825.6,-50.0,0.0,0.0,0.0,0.0,400.0,0.0,0.0,0.0,0.0,0.0,0.0,48.0,717.5,4.444,0.0,13.760294,0.0,0.0,0.0,0.0,0.0,404.422139,213.1121,0.0049748198622434,0.004925564220043,0.0,0.000318591345625,,0.35875,0.0,0.0,21.470000000000006
55.0,13.4,0.5,717.5,0.0,0.0,0.0,24.0,20.0,26.0,24.0,25.0,25.0,24.0,24.0,24.0,0.35875,25.0,38.0,1233.6483333333333,4441134.0,0.0,0.0,4.98263888888889,3.98611111111111,3.73697916666667,25.0,1821.3,1792.6,1358.8,1296.0,0.0,0.0,0.0,0.0,716.0,2432.0,3.72,9.0,3.72,77.0,0.0,1233.64833333333,0.0,49.0,26.0,26.0,20.5,53.0,28.0,28.5,26.0,28.0,27.0,22.0,22.0,0.0,0.3199999999999932,89.0,24.5,13.788,720.0,21.79,13.93,26.0,-1.2000000000000002,3.0,0.0,0.0,0.0,22.0,179.0,0.0,28.0,1.0,0.0,825.6,0.0,0.0,0.6000000000000001,9.0,0.0,30.0,0.0,28.0,28.0,350.0,825.6,-50.0,0.0,0.0,0.0,0.0,400.0,0.0,0.0,0.0,0.0,0.0,0.0,48.0,717.5,4.444,0.0,13.760294,0.0,0.0,0.0,0.0,0.0,404.422139,213.1121,0.0049748198622434,0.004925564220043,0.0,0.000318591345625,,0.35875,0.0,0.0,21.470000000000006
56.0,13.4,0.5,717.5,0.0,0.0,0.0,24.0,20.0,26.0,24.0,25.0,25.0,24.0,24.0,24.0,0.35875,25.0,38.0,1233.6483333333333,4441134.0,0.0,0.0,4.98263888888889,3.98611111111111,3.73697916666667,25.0,1821.3,1792.6,1358.8,1296.0,0.0,0.0,0.0,0.0,716.0,2432.0,3.72,9.0,3.72,77.0,0.0,1233.64833333333,0.0,49.0,26.0,26.0,20.5,53.0,28.0,28.5,26.0,28.0,27.0,22.0,22.0,0.0,0.3199999999999932,89.0,24.5,13.788,720.0,21.79,13.93,26.0,-1.2000000000000002,3.0,0.0,0.0,0.0,22.0,179.0,0.0,28.0,1.0,0.0,825.6,0.0,0.0,0.6000000000000001,9.0,0.0,30.0,0.0,28.0,28.0,350.0,825.6,-50.0,0.0,0.0,0.0,0.0,400.0,0.0,0.0,0.0,0.0,0.0,0.0,48.0,717.5,4.443,0.0,13.760294,0.0,0.0,0.0,0.0,0.0,404.422139,213.1121,0.0049748198622434,0.004925564220043,0.0,0.000318591345625,,0.35875,0.0,0.0,21.470000000000006
57.0,13.4,0.5,717.5,0.0,0.0,0.0,24.0,20.0,26.0,24.0,25.0,25.0,24.0,24.0,24.0,0.35875,25.0,38.0,1233.6491666666666,4441137.0,0.0,0.0,4.98263888888889,3.98611111111111,3.73697916666667,25.0,1821.3,1792.6,1358.8,1296.0,0.0,0.0,0.0,0.0,716.0,2432.0,3.72,9.0,3.72,49.0,0.0,1233.64916666667,0.0,49.0,26.0,26.0,20.5,53.0,28.0,28.5,26.0,28.0,27.0,22.0,22.0,0.0,0.3199999999999932,89.0,24.5,13.788,720.0,21.79,13.93,26.0,-1.2000000000000002,3.0,0.0,0.0,0.0,22.0,179.0,0.0,28.0,1.0,0.0,825.6,0.0,0.0,0.6000000000000001,9.0,0.0,30.0,0.0,28.0,28.0,350.0,825.6,-50.0,0.0,0.0,0.0,0.0,400.0,0.0,0.0,0.0,0.0,0.0,0.0,48.0,717.5,4.443,0.0,13.760294,0.0,0.0,0.0,0.0,0.0,404.422139,213.1121,0.005304425302233,0.0052519062398347,0.0,0.0003263420197916,,0.35875,0.0,0.0,21.470000000000006
58.0,13.4,0.5,717.5,0.0,0.0,0.0,24.0,20.0,26.0,24.0,25.0,25.0,24.0,24.0,24.0,0.35875,25.0,38.0,1233.6491666666666,4441137.0,0.0,0.0,4.98263888888889,3.98611111111111,3.73697916666667,25.0,1821.3,1792.6,1358.8,1296.0,0.0,0.0,0.0,0.0,716.0,2432.0,3.72,9.0,3.72,49.0,0.0,1233.64916666667,0.0,49.0,26.0,26.0,20.5,53.0,28.0,28.5,26.0,28.0,27.0,22.0,22.0,0.0,0.2900000000000204,89.0,24.5,13.788,720.1,22.34,13.923,26.0,-1.1,3.0,0.0,0.0,0.0,22.0,179.0,0.0,28.0,1.0,0.0,825.6,0.0,0.0,0.6000000000000001,9.0,0.0,30.0,0.0,28.0,28.0,350.0,825.6,-50.0,0.0,0.0,0.0,0.0,400.0,0.0,0.0,0.0,0.0,0.0,0.0,48.0,717.5,4.443,0.0,13.7612706,0.0,0.0,0.0,0.0,0.0,404.422139,213.1121,0.005304425302233,0.0052519062398347,0.0,0.0003263420197916,,0.35875,0.0,0.0,22.04999999999998
59.0,13.4,0.5,717.5,0.0,0.0,0.0,24.0,20.0,26.0,24.0,25.0,25.0,24.0,24.0,24.0,0.35875,25.0,38.0,1233.6491666666666,4441137.0,0.0,0.0,4.98263888888889,3.98611111111111,3.73697916666667,25.0,1821.3,1792.6,1358.8,1296.0,0.0,0.0,0.0,0.0,716.0,2432.0,3.72,9.0,3.72,49.0,0.0,1233.64916666667,0.0,49.0,26.0,26.0,20.5,53.0,28.0,28.5,26.0,28.0,27.0,22.0,22.0,0.0,0.2900000000000204,89.0,24.5,13.788,720.1,22.34,13.923,26.0,-1.1,3.0,0.0,0.0,0.0,22.0,179.0,0.0,28.0,1.0,0.0,825.6,0.0,0.0,0.6000000000000001,9.0,0.0,30.0,0.0,28.0,28.0,350.0,825.6,-50.0,0.0,0.0,0.0,0.0,400.0,0.0,0.0,0.0,0.0,0.0,0.0,48.0,717.5,4.443,0.0,13.7612706,0.0,0.0,0.0,0.0,0.0,404.422139,213.1121,0.005304425302233,0.0052519062398347,0.0,0.0003263420197916,,0.35875,0.0,0.0,22.04999999999998
60.0,13.4,0.5,717.5,0.0,0.0,0.0,24.0,20.0,26.0,24.0,25.0,25.0,24.0,24.0,24.0,0.35875,25.0,38.0,1233.65,4441140.0,0.0,0.0,4.98263888888889,3.98611111111111,3.73697916666667,25.0,1821.3,1792.6,1358.8,1296.0,0.0,0.0,0.0,0.0,716.0,2432.0,3.72,9.0,3.72,61.0,0.0,1233.65,0.0,49.0,26.0,26.0,20.5,53.0,28.0,28.5,26.0,28.0,27.0,22.0,22.0,0.0,0.2900000000000204,89.0,24.5,13.788,720.1,22.34,13.923,26.0,-1.1,3.0,0.0,0.0,0.0,22.0,179.0,0.0,28.0,1.0,0.0,825.6,0.0,0.0,0.6000000000000001,9.0,0.0,30.0,0.0,28.0,28.0,350.0,825.6,-50.0,0.0,0.0,0.0,0.0,400.0,0.0,0.0,0.0,0.0,0.0,0.0,48.0,717.5,4.443,0.0,13.7612706,0.0,0.0,0.0,0.0,0.0,404.422139,213.1121,0.0056126230274632,0.0055570525024388,0.0,0.0003051462626041,,0.35875,0.0,0.0,22.04999999999998
61.0,13.4,0.5,717.5,0.0,0.0,0.0,24.0,20.0,26.0,24.0,25.0,25.0,24.0,24.0,24.0,0.35875,25.0,38.0,1233.65,4441140.0,0.0,0.0,4.98263888888889,3.98611111111111,3.73697916666667,25.0,1821.3,1792.6,1358.8,1296.0,0.0,0.0,0.0,0.0,716.0,2432.0,3.72,9.0,3.72,61.0,0.0,1233.65,0.0,49.0,26.0,26.0,20.5,53.0,28.0,28.5,26.0,28.0,27.0,22.0,22.0,0.0,0.4700000000000273,89.0,24.5,13.787,720.1,21.87,13.923,26.0,-1.1,3.0,0.0,0.0,0.0,22.0,179.0,0.0,28.0,1.0,0.0,825.6,0.0,0.0,0.6000000000000001,9.0,0.0,30.0,0.0,28.0,28.0,350.0,825.6,-50.0,0.0,0.0,0.0,0.0,400.0,0.0,0.0,0.0,0.0,0.0,0.0,48.0,717.5,4.443,0.0,13.760294,0.0,0.0,0.0,0.0,0.0,404.422139,213.1121,0.0056126230274632,0.0055570525024388,0.0,0.0003051462626041,,0.35875,0.0,0.0,21.399999999999974
62.0,13.4,0.5,717.5,0.0,0.0,0.0,24.0,20.0,26.0,24.0,25.0,25.0,24.0,24.0,24.0,0.35875,25.0,38.0,1233.65,4441140.0,0.0,0.0,4.98263888888889,3.98611111111111,3.73697916666667,25.0,1821.3,1792.6,1358.8,1296.0,0.0,0.0,0.0,0.0,716.0,2432.0,3.72,9.0,3.72,61.0,0.0,1233.65,0.0,49.0,26.0,26.0,20.5,53.0,28.0,28.5,26.0,28.0,27.0,22.0,22.0,0.0,0.4700000000000273,89.0,24.5,13.787,720.1,21.87,13.923,26.0,-1.1,3.0,0.0,0.0,0.0,22.0,179.0,0.0,28.0,1.0,0.0,825.6,0.0,0.0,0.6000000000000001,9.0,0.0,30.0,0.0,28.0,28.0,350.0,825.6,-50.0,0.0,0.0,0.0,0.0,400.0,0.0,0.0,0.0,0.0,0.0,0.0,48.0,717.5,4.443,0.0,13.760294,0.0,0.0,0.0,0.0,0.0,404.422139,213.1121,0.0056126230274632,0.0055570525024388,0.0,0.0003051462626041,,0.35875,0.0,0.0,21.399999999999974
63.0,13.3,0.5,717.5,0.0,0.0,0.0,24.0,20.0,26.0,24.0,25.0,25.0,24.0,24.0,24.0,0.35875,25.0,38.0,1233.6508333333334,4441143.0,0.0,0.0,4.98263888888889,3.98611111111111,3.73697916666667,25.0,1821.3,1792.6,1358.8,1296.0,0.0,0.0,0.0,0.0,716.0,2432.0,3.72,9.0,3.72,77.0,0.0,1233.65083333333,0.0,49.0,26.0,26.0,20.5,53.0,28.0,28.5,26.0,28.0,27.0,22.0,22.0,0.0,0.4700000000000273,89.0,24.5,13.787,720.1,21.87,13.923,26.0,-1.1,3.0,0.0,0.0,0.0,22.0,179.0,0.0,28.0,1.0,0.0,825.6,0.0,0.0,0.6000000000000001,9.0,0.0,30.0,0.0,28.0,28.0,350.0,825.6,-50.0,0.0,0.0,0.0,0.0,400.0,0.0,0.0,0.0,0.0,0.0,0.0,48.0,717.5,4.443,0.0,13.760294,0.0,0.0,0.0,0.0,0.0,404.422139,213.1121,0.0058998501075434,0.005841435750043,0.0,0.0002843832476041,,0.35875,0.0,0.0,21.399999999999974
64.0,13.3,0.5,717.5,0.0,0.0,0.0,24.0,20.0,26.0,24.0,25.0,25.0,24.0,24.0,24.0,0.35875,25.0,38.0,1233.6508333333334,4441143.0,0.0,0.0,4.98263888888889,3.98611111111111,3.73697916666667,25.0,1821.3,1792.6,1358.8,1296.0,0.0,0.0,0.0,0.0,716.0,2432.0,3.72,9.0,3.72,77.0,0.0,1233.65083333333,0.0,49.0,26.0,26.0,20.5,53.0,28.0,28.5,26.0,28.0,27.0,22.0,22.0,0.0,0.1299999999999954,89.0,24.5,13.802,720.3000000000001,21.74,13.906,26.0,-1.2000000000000002,3.0,0.0,0.0,0.0,22.0,179.0,0.0,28.0,1.0,0.0,825.6,0.0,0.0,0.6000000000000001,9.0,0.0,30.0,0.0,28.0,28.0,350.0,825.6,-50.0,0.0,0.0,0.0,0.0,400.0,0.0,0.0,0.0,0.0,0.0,0.0,48.0,717.5,4.443,0.0,13.760294,0.0,0.0,0.0,0.0,0.0,404.422139,213.1121,0.0058998501075434,0.005841435750043,0.0,0.0002843832476041,,0.35875,0.0,0.0,21.610000000000003
65.0,13.3,0.5,717.5,0.0,0.0,0.0,24.0,20.0,26.0,24.0,25.0,25.0,24.0,24.0,24.0,0.35875,25.0,38.0,1233.6508333333334,4441143.0,0.0,0.0,4.98263888888889,3.98611111111111,3.73697916666667,25.0,1821.3,1792.6,1358.8,1296.0,0.0,0.0,0.0,0.0,716.0,2432.0,3.72,9.0,3.72,77.0,0.0,1233.65083333333,0.0,49.0,26.0,26.0,20.5,53.0,28.0,28.5,26.0,28.0,27.0,22.0,22.0,0.0,0.1299999999999954,89.0,24.5,13.802,720.3000000000001,21.74,13.906,26.0,-1.2000000000000002,3.0,0.0,0.0,0.0,22.0,179.0,0.0,28.0,1.0,0.0,825.6,0.0,0.0,0.6000000000000001,9.0,0.0,30.0,0.0,28.0,28.0,350.0,825.6,-50.0,0.0,0.0,0.0,0.0,400.0,0.0,0.0,0.0,0.0,0.0,0.0,48.0,717.5,4.443,0.0,13.760294,0.0,0.0,0.0,0.0,0.0,404.422139,213.1121,0.0058998501075434,0.005841435750043,0.0,0.0002843832476041,,0.35875,0.0,0.0,21.610000000000003
66.0,13.3,0.5,717.5,0.0,0.0,0.0,24.0,20.0,26.0,24.0,25.0,25.0,24.0,24.0,24.0,0.35875,25.0,38.0,1233.6516666666666,4441146.0,0.0,0.0,4.98263888888889,3.98611111111111,3.73697916666667,25.0,1821.3,1792.6,1358.8,1296.0,0.0,0.0,0.0,0.0,716.0,2432.0,3.72,9.0,3.72,77.0,0.0,1233.65166666667,0.0,49.0,26.0,26.0,20.5,53.0,28.0,28.5,26.0,28.0,28.0,22.0,22.0,0.0,0.3199999999999932,89.0,24.5,13.805,720.1,22.64,13.933,26.0,-1.2000000000000002,3.0,0.0,0.0,0.0,22.0,179.0,0.0,28.0,1.0,0.0,825.6,0.0,0.0,0.6000000000000001,9.0,0.0,30.0,0.0,28.0,28.0,350.0,825.6,-50.0,0.0,0.0,0.0,0.0,400.0,0.0,0.0,0.0,0.0,0.0,0.0,48.0,717.5,4.443,0.0,13.760294,0.0,0.0,0.0,0.0,0.0,404.422139,213.1121,0.0061962766951903,0.0061349274209805,0.0,0.0002934916709375,,0.35875,0.0,0.0,22.320000000000007
67.0,13.3,0.5,717.5,0.0,0.0,0.0,24.0,20.0,26.0,24.0,25.0,25.0,24.0,24.0,24.0,0.35875,25.0,38.0,1233.6516666666666,4441146.0,0.0,0.0,4.98263888888889,3.98611111111111,3.73697916666667,25.0,1821.3,1792.6,1358.8,1296.0,0.0,0.0,0.0,0.0,716.0,2432.0,3.72,9.0,3.72,77.0,0.0,1233.65166666667,0.0,49.0,26.0,26.0,20.5,53.0,28.0,28.5,26.0,28.0,28.0,22.0,22.0,0.0,0.3199999999999932,89.0,24.5,13.805,720.1,22.64,13.933,26.0,-1.2000000000000002,3.0,0.0,0.0,0.0,22.0,179.0,0.0,28.0,1.0,0.0,825.6,0.0,0.0,0.6000000000000001,9.0,0.0,30.0,0.0,28.0,28.0,350.0,825.6,-50.0,0.0,0.0,0.0,0.0,400.0,0.0,0.0,0.0,0.0,0.0,0.0,48.0,717.5,4.443,0.0,13.7612706,0.0,0.0,0.0,0.0,0.0,404.422139,213.1121,0.0061962766951903,0.0061349274209805,0.0,0.0002934916709375,,0.35875,0.0,0.0,22.320000000000007
68.0,13.3,0.5,717.5,0.0,0.0,0.0,24.0,20.0,26.0,24.0,25.0,25.0,24.0,24.0,24.0,0.35875,25.0,38.0,1233.6516666666666,4441146.0,0.0,0.0,4.98263888888889,3.98611111111111,3.73697916666667,25.0,1821.3,1792.6,1358.8,1296.0,0.0,0.0,0.0,0.0,716.0,2432.0,3.72,9.0,3.72,77.0,0.0,1233.65166666667,0.0,49.0,26.0,26.0,20.5,53.0,28.0,28.5,26.0,28.0,28.0,22.0,22.0,0.0,0.3199999999999932,89.0,24.5,13.805,720.1,22.64,13.933,26.0,-1.2000000000000002,3.0,0.0,0.0,0.0,22.0,179.0,0.0,28.0,1.0,0.0,825.6,0.0,0.0,0.6000000000000001,9.0,0.0,30.0,0.0,28.0,28.0,350.0,825.6,-50.0,0.0,0.0,0.0,0.0,400.0,0.0,0.0,0.0,0.0,0.0,0.0,48.0,717.5,4.443,0.0,13.7612706,0.0,0.0,0.0,0.0,0.0,404.422139,213.1121,0.0061962766951903,0.0061349274209805,0.0,0.0002934916709375,,0.35875,0.0,0.0,22.320000000000007
69.0,13.3,0.5,717.5,0.0,0.0,0.0,24.0,20.0,26.0,24.0,25.0,25.0,24.0,24.0,24.0,0.35875,25.0,38.0,1233.6525,4441149.0,0.0,0.0,4.98263888888889,3.98611111111111,3.73697916666667,25.0,1821.3,1792.6,1358.8,1296.0,0.0,0.0,0.0,0.0,716.0,2432.0,3.72,9.0,3.72,77.0,0.0,1233.6525,0.0,49.0,26.0,26.0,20.5,53.0,28.0,28.5,26.0,28.0,27.0,22.0,22.0,0.0,0.3199999999999932,89.0,24.5,13.805,720.1,22.64,13.933,26.0,-1.2000000000000002,3.0,0.0,0.0,0.0,22.0,179.0,0.0,28.0,1.0,0.0,825.6,0.0,0.0,0.6000000000000001,9.0,0.0,30.0,0.0,28.0,28.0,350.0,825.6,-50.0,0.0,0.0,0.0,0.0,400.0,0.0,0.0,0.0,0.0,0.0,0.0,48.0,717.5,4.443,0.0,13.7612706,0.0,0.0,0.0,0.0,0.0,404.422139,213.1121,0.0065396088988351,0.0064748602958763,0.0,0.0003399328748958,,0.35875,0.0,0.0,22.320000000000007
70.0,13.3,0.5,717.5,0.0,0.0,0.0,24.0,20.0,26.0,24.0,25.0,25.0,24.0,24.0,24.0,0.35875,25.0,38.0,1233.6525,4441149.0,0.0,0.0,4.98263888888889,3.98611111111111,3.73697916666667,25.0,1821.3,1792.6,1358.8,1296.0,0.0,0.0,0.0,0.0,716.0,2432.0,3.72,9.0,3.72,77.0,0.0,1233.6525,0.0,49.0,26.0,26.0,20.5,53.0,28.0,28.5,26.0,28.0,27.0,22.0,22.0,0.0,0.5600000000000023,89.0,24.5,13.804,720.1,22.29,13.93,26.0,-1.2000000000000002,3.0,0.0,0.0,0.0,22.0,179.0,0.0,28.0,1.0,0.0,825.6,0.0,0.0,0.6000000000000001,9.0,0.0,30.0,0.0,28.0,28.0,350.0,825.6,-50.0,0.0,0.0,0.0,0.0,400.0,0.0,0.0,0.0,0.0,0.0,0.0,48.0,717.5,4.443,0.0,13.7612706,0.0,0.0,0.0,0.0,0.0,404.422139,213.1121,0.0065396088988351,0.0064748602958763,0.0,0.0003399328748958,,0.35875,0.0,0.0,21.729999999999997
71.0,13.3,0.5,717.5,0.0,0.0,0.0,24.0,20.0,26.0,24.0,25.0,25.0,24.0,24.0,24.0,0.35875,25.0,38.0,1233.6525,4441149.0,0.0,0.0,4.98263888888889,3.98611111111111,3.73697916666667,25.0,1821.3,1792.6,1358.8,1296.0,0.0,0.0,0.0,0.0,716.0,2432.0,3.72,9.0,3.72,77.0,0.0,1233.6525,0.0,49.0,26.0,26.0,20.5,53.0,28.0,28.5,26.0,28.0,27.0,22.0,22.0,0.0,0.5600000000000023,89.0,24.5,13.804,720.1,22.29,13.93,26.0,-1.1,3.0,0.0,0.0,0.0,22.0,179.0,0.0,28.0,1.0,0.0,825.6,0.0,0.0,0.6000000000000001,9.0,0.0,30.0,0.0,28.0,28.0,350.0,825.6,-50.0,0.0,0.0,0.0,0.0,400.0,0.0,0.0,0.0,0.0,0.0,0.0,48.0,717.5,4.443,0.0,13.760294,0.0,0.0,0.0,0.0,0.0,404.422139,213.1121,0.0065396088988351,0.0064748602958763,0.0,0.0003399328748958,,0.35875,0.0,0.0,21.729999999999997
72.0,13.3,0.5,717.5,0.0,0.0,0.0,24.0,20.0,26.0,24.0,25.0,25.0,24.0,24.0,24.0,0.35875,25.0,38.0,1233.6525,4441149.0,0.0,0.0,4.98263888888889,3.98611111111111,3.73697916666667,25.0,1821.3,1792.6,1358.8,1296.0,0.0,0.0,0.0,0.0,716.0,2432.0,3.72,9.0,3.72,77.0,0.0,1233.6525,0.0,49.0,26.0,26.0,20.5,53.0,28.0,28.5,26.0,28.0,27.0,22.0,22.0,0.0,0.5600000000000023,89.0,24.5,13.804,720.1,22.29,13.93,26.0,-1.1,3.0,0.0,0.0,0.0,22.0,179.0,0.0,28.0,1.0,0.0,825.6,0.0,0.0,0.6000000000000001,9.0,0.0,30.0,0.0,28.0,28.0,350.0,825.6,-50.0,0.0,0.0,0.0,0.0,400.0,0.0,0.0,0.0,0.0,0.0,0.0,48.0,717.5,4.443,0.0,13.760294,0.0,0.0,0.0,0.0,0.0,404.422139,213.1121,0.0065396088988351,0.0064748602958763,0.0,0.0003399328748958,,0.35875,0.0,0.0,21.729999999999997
73.0,13.3,0.5,717.5,0.0,0.0,0.0,24.0,20.0,26.0,24.0,25.0,25.0,24.0,24.0,24.0,0.35875,25.0,38.0,1233.6538888888888,4441154.0,0.0,0.0,4.98263888888889,3.98611111111111,3.73697916666667,25.0,1821.3,1792.6,1358.8,1296.0,0.0,0.0,0.0,0.0,716.0,2435.0,3.72,9.0,3.72,78.0,0.0,1233.65388888889,0.0,49.0,26.0,26.0,20.5,53.0,28.0,28.5,26.0,28.0,27.0,22.0,22.0,0.0,0.5600000000000023,89.0,24.5,13.804,720.1,22.29,13.93,26.0,-1.1,3.0,0.0,0.0,0.0,22.0,179.0,0.0,28.0,1.0,0.0,825.6,0.0,0.0,0.6000000000000001,9.0,0.0,30.0,0.0,28.0,28.0,350.0,825.6,-50.0,0.0,0.0,0.0,0.0,400.0,0.0,0.0,0.0,0.0,0.0,0.0,48.0,717.5,4.443,0.0,13.760294,0.0,0.0,0.0,0.0,0.0,404.422139,213.1121,0.0069853209017407,0.0069161593086541,0.0,0.0004412990127777,,0.35875,0.0,0.0,21.729999999999997
74.0,13.3,0.5,717.5,0.0,0.0,0.0,24.0,20.0,26.0,24.0,25.0,25.0,24.0,24.0,24.0,0.35875,25.0,38.0,1233.6538888888888,4441154.0,0.0,0.0,4.98263888888889,3.98611111111111,3.73697916666667,25.0,1821.3,1792.6,1358.8,1296.0,0.0,0.0,0.0,0.0,716.0,2435.0,3.72,9.0,3.72,78.0,0.0,1233.65388888889,0.0,49.0,26.0,26.0,20.5,53.0,28.0,28.5,26.0,28.0,27.0,22.0,22.0,0.0,0.5600000000000023,89.0,24.5,13.804,720.1,22.29,13.93,26.0,-1.1,3.0,0.0,0.0,0.0,22.0,179.0,0.0,28.0,1.0,0.0,825.6,0.0,0.0,0.6000000000000001,9.0,0.0,30.0,0.0,28.0,28.0,350.0,825.6,-50.0,0.0,0.0,0.0,0.0,400.0,0.0,0.0,0.0,0.0,0.0,0.0,48.0,717.5,4.443,0.0,13.760294,0.0,0.0,0.0,0.0,0.0,404.422139,213.1121,0.0069853209017407,0.0069161593086541,0.0,0.0004412990127777,,0.35875,0.0,0.0,21.729999999999997
75.0,13.3,0.5,717.5,0.0,0.0,0.0,24.0,20.0,26.0,24.0,25.0,25.0,24.0,24.0,24.0,0.35875,25.0,38.0,1233.6538888888888,4441154.0,0.0,0.0,4.98263888888889,3.98611111111111,3.73697916666667,25.0,1821.3,1792.6,1358.8,1296.0,0.0,0.0,0.0,0.0,716.0,2435.0,3.72,9.0,3.72,78.0,0.0,1233.65388888889,0.0,49.0,26.0,26.0,20.5,53.0,28.0,28.5,26.0,28.0,27.0,22.0,22.0,0.0,0.5600000000000023,89.0,24.5,13.804,720.1,22.29,13.93,26.0,-1.1,3.0,0.0,0.0,0.0,22.0,179.0,0.0,28.0,1.0,0.0,825.6,0.0,0.0,0.6000000000000001,9.0,0.0,30.0,0.0,28.0,28.0,350.0,825.6,-50.0,0.0,0.0,0.0,0.0,400.0,0.0,0.0,0.0,0.0,0.0,0.0,48.0,717.5,4.443,0.0,13.760294,0.0,0.0,0.0,0.0,0.0,404.422139,213.1121,0.0069853209017407,0.0069161593086541,0.0,0.0004412990127777,,0.35875,0.0,0.0,21.729999999999997
76.0,13.3,0.5,717.5,0.0,0.0,0.0,24.0,20.0,26.0,24.0,25.0,25.0,24.0,24.0,24.0,0.35875,25.0,38.0,1233.6538888888888,4441154.0,0.0,0.0,4.98263888888889,3.98611111111111,3.73697916666667,25.0,1821.3,1792.6,1358.8,1296.0,0.0,0.0,0.0,0.0,716.0,2435.0,3.72,9.0,3.72,78.0,0.0,1233.65388888889,0.0,49.0,26.0,26.0,20.5,53.0,28.0,28.5,26.0,28.0,27.0,22.0,22.0,0.0,0.1800000000000068,89.0,24.5,13.787,720.1,21.78,13.926,26.0,-1.2000000000000002,3.0,0.0,0.0,0.0,22.0,179.0,0.0,28.0,1.0,0.0,825.6,0.0,0.0,0.6000000000000001,9.0,0.0,30.0,0.0,28.0,28.0,350.0,825.6,-50.0,0.0,0.0,0.0,0.0,400.0,0.0,0.0,0.0,0.0,0.0,0.0,48.0,717.5,4.443,0.0,13.760294,0.0,0.0,0.0,0.0,0.0,404.422139,213.1121,0.0069853209017407,0.0069161593086541,0.0,0.0004412990127777,,0.35875,0.0,0.0,21.599999999999994
77.0,13.3,0.5,717.5,0.0,0.0,0.0,24.0,20.0,26.0,24.0,25.0,25.0,24.0,24.0,24.0,0.35875,25.0,38.0,1233.6538888888888,4441154.0,0.0,0.0,4.98263888888889,3.98611111111111,3.73697916666667,25.0,1821.3,1792.6,1358.8,1296.0,0.0,0.0,0.0,0.0,716.0,2435.0,3.72,9.0,3.72,78.0,0.0,1233.65388888889,0.0,49.0,26.0,26.0,20.5,53.0,28.0,28.5,26.0,28.0,27.0,22.0,22.0,0.0,0.1800000000000068,89.0,24.5,13.787,720.1,21.78,13.926,26.0,-1.2000000000000002,3.0,0.0,0.0,0.0,22.0,179.0,0.0,28.0,1.0,0.0,825.6,0.0,0.0,0.6000000000000001,9.0,0.0,30.0,0.0,28.0,28.0,350.0,825.6,-50.0,0.0,0.0,0.0,0.0,400.0,0.0,0.0,0.0,0.0,0.0,0.0,48.0,717.5,4.443,0.0,13.760294,0.0,0.0,0.0,0.0,0.0,404.422139,213.1121,0.0069853209017407,0.0069161593086541,0.0,0.0004412990127777,,0.35875,0.0,0.0,21.599999999999994
78.0,13.4,0.5,717.5,0.0,0.0,0.0,24.0,20.0,26.0,24.0,25.0,25.0,24.0,24.0,24.0,0.35875,25.0,38.0,1233.655,4441158.0,0.0,0.0,4.98263888888889,3.98611111111111,3.73697916666667,25.0,1821.3,1792.6,1358.8,1296.0,0.0,0.0,0.0,0.0,716.0,2435.0,3.74,9.0,3.72,77.0,0.0,1233.655,0.0,49.0,26.0,26.0,20.5,54.0,28.0,28.5,26.0,28.0,28.0,22.0,22.0,0.0,0.1800000000000068,89.0,24.5,13.787,720.1,21.78,13.926,26.0,-1.2000000000000002,3.0,0.0,0.0,0.0,22.0,179.0,0.0,28.0,1.0,0.0,825.6,0.0,0.0,0.6000000000000001,9.0,0.0,30.0,0.0,28.0,28.0,350.0,825.6,-50.0,0.0,0.0,0.0,0.0,400.0,0.0,0.0,0.0,0.0,0.0,0.0,48.0,717.5,4.443,0.0,13.760294,0.0,0.0,0.0,0.0,0.0,404.422139,213.1121,0.0074304363159525,0.0073568676395569,0.0,0.0004407083309027,,0.35875,0.0,0.0,21.599999999999994
79.0,13.4,0.5,717.5,0.0,0.0,0.0,24.0,20.0,26.0,24.0,25.0,25.0,24.0,24.0,24.0,0.35875,25.0,38.0,1233.655,4441158.0,0.0,0.0,4.98263888888889,3.98611111111111,3.73697916666667,25.0,1821.3,1792.6,1358.8,1296.0,0.0,0.0,0.0,0.0,716.0,2435.0,3.74,9.0,3.72,77.0,0.0,1233.655,0.0,49.0,26.0,26.0,20.5,54.0,28.0,28.5,26.0,28.0,28.0,22.0,22.0,0.0,0.3199999999999932,89.0,24.5,13.805,720.1,22.42,13.923,26.0,-1.5,3.0,0.0,0.0,0.0,22.0,179.0,0.0,28.0,1.0,0.0,825.6,0.0,0.0,0.6000000000000001,9.0,0.0,30.0,0.0,28.0,28.0,350.0,825.6,-50.0,0.0,0.0,0.0,0.0,400.0,0.0,0.0,0.0,0.0,0.0,0.0,48.0,717.5,4.443,0.0,13.7417386,0.0,0.0,0.0,0.0,0.0,404.422139,213.1121,0.0074304363159525,0.0073568676395569,0.0,0.0004407083309027,,0.35875,0.0,0.0,22.10000000000001
80.0,13.3,0.6,717.5,0.0,0.0,0.0,24.0,20.0,26.0,24.0,25.0,25.0,24.0,24.0,24.0,0.4305,25.0,38.0,1233.6558333333332,4441161.0,0.0,0.0,4.98263888888889,3.98611111111111,3.73697916666667,25.0,1821.3,1792.6,1358.8,1296.0,0.0,0.0,0.0,0.0,716.0,2435.0,3.72,9.0,3.72,77.0,0.0,1233.65583333333,0.0,49.0,26.0,26.0,20.5,54.0,28.0,28.5,26.0,28.0,28.0,22.0,22.0,0.0,0.3199999999999932,89.0,24.5,13.805,720.1,22.42,13.923,26.0,-1.5,3.0,0.0,0.0,0.0,22.0,179.0,0.0,28.0,1.0,0.0,825.6,0.0,0.0,0.6000000000000001,9.0,0.0,30.0,0.0,28.0,28.0,350.0,825.6,-50.0,0.0,0.0,0.0,0.0,400.0,0.0,0.0,0.0,0.0,0.0,0.0,48.0,717.4000000000001,4.443,0.0,13.7417386,0.0,0.0,0.0,0.0,0.0,404.422139,213.1121,0.0077195755053708,0.0076431440647236,0.0,0.0002862764251666,,0.4305,0.0,0.0,22.10000000000001
81.0,13.3,0.6,717.5,0.0,0.0,0.0,24.0,20.0,26.0,24.0,25.0,25.0,24.0,24.0,24.0,0.4305,25.0,38.0,1233.6558333333332,4441161.0,0.0,0.0,4.98263888888889,3.98611111111111,3.73697916666667,25.0,1821.3,1792.6,1358.8,1296.0,0.0,0.0,0.0,0.0,716.0,2435.0,3.72,9.0,3.72,77.0,0.0,1233.65583333333,0.0,49.0,26.0,26.0,20.5,53.0,28.0,28.5,26.0,28.0,28.0,22.0,22.0,0.0,0.3199999999999932,89.0,24.5,13.767,720.1,39.11,13.924,26.0,-132.4,3.0,0.0,0.0,0.0,22.0,179.0,0.0,28.0,1.0,0.0,825.6,0.0,0.0,0.6000000000000001,9.0,0.0,30.0,0.0,28.0,28.0,350.0,825.6,-50.0,0.0,0.0,0.0,0.0,400.0,0.0,0.0,0.0,0.0,0.0,0.0,48.0,717.4000000000001,4.443,0.0,13.710487400000002,0.0,0.0,0.0,0.0,0.0,404.422139,213.1121,0.0077195755053708,0.0076431440647236,0.0,0.0002862764251666,,0.4305,0.0,0.0,38.790000000000006
82.0,13.3,0.6,717.5,0.0,0.0,0.0,24.0,20.0,26.0,24.0,25.0,25.0,24.0,24.0,24.0,0.4305,25.0,38.0,1233.6558333333332,4441161.0,0.0,0.0,4.98263888888889,3.98611111111111,3.73697916666667,25.0,1821.3,1792.6,1358.8,1296.0,0.0,0.0,0.0,0.0,716.0,2435.0,3.72,9.0,3.72,77.0,0.0,1233.65583333333,0.0,49.0,26.0,26.0,20.5,53.0,28.0,28.5,26.0,28.0,28.0,22.0,22.0,0.0,0.3199999999999932,89.0,24.5,13.767,720.1,39.11,13.924,26.0,-132.4,3.0,0.0,0.0,0.0,22.0,179.0,0.0,28.0,1.0,0.0,825.6,0.0,0.0,0.6000000000000001,9.0,0.0,30.0,0.0,28.0,28.0,350.0,825.6,-50.0,0.0,0.0,0.0,0.0,400.0,0.0,0.0,0.0,0.0,0.0,0.0,48.0,717.4000000000001,4.443,0.0,13.710487400000002,0.0,0.0,0.0,0.0,0.0,404.422139,213.1121,0.0077195755053708,0.0076431440647236,0.0,0.0002862764251666,,0.4305,0.0,0.0,38.790000000000006
83.0,13.3,0.6,717.4,0.0,0.0,0.0,24.0,20.0,26.0,24.0,25.0,25.0,24.0,24.0,24.0,0.43044,25.0,38.0,1233.6563888888888,4441163.0,0.0,0.0,4.98194444444444,3.98555555555556,3.73645833333333,25.0,1821.3,1792.6,1358.8,1296.0,0.0,0.0,0.0,0.0,716.0,2435.0,3.72,9.0,3.72,13.0,0.0,1233.65638888889,0.0,49.0,26.0,26.0,20.5,54.0,28.0,28.5,26.0,28.0,28.0,22.0,22.0,0.0,0.2599999999999909,89.0,24.5,13.786,720.7,28.9,13.946,26.0,-112.8,3.0,0.0,0.0,0.0,22.0,179.0,0.0,28.0,1.0,0.0,825.6,0.0,0.0,0.6000000000000001,9.0,0.0,30.0,0.0,28.0,28.0,350.0,825.6,-50.0,0.0,0.0,0.0,0.0,400.0,0.0,0.0,0.0,0.0,0.0,0.0,48.0,717.4000000000001,4.443,0.0,13.710487400000002,0.0,0.0,0.0,0.0,0.0,404.422139,213.1121,0.0079985530035818,0.0079193594094869,0.0,0.0002762153447633,,0.43044,0.0,0.0,28.640000000000008
84.0,13.3,0.6,717.4,0.0,0.0,0.0,24.0,20.0,26.0,24.0,25.0,25.0,24.0,24.0,24.0,0.43044,25.0,38.0,1233.6563888888888,4441163.0,0.0,0.0,4.98194444444444,3.98555555555556,3.73645833333333,25.0,1821.3,1792.6,1358.8,1296.0,0.0,0.0,0.0,0.0,716.0,2435.0,3.72,9.0,3.72,13.0,0.0,1233.65638888889,0.0,49.0,26.0,26.0,20.5,54.0,28.0,28.5,26.0,28.0,28.0,22.0,22.0,0.0,0.2599999999999909,89.0,24.5,13.786,720.7,28.9,13.946,26.0,-112.8,3.0,0.0,0.0,0.0,22.0,179.0,0.0,28.0,1.0,0.0,825.6,0.0,0.0,0.6000000000000001,9.0,0.0,30.0,0.0,28.0,28.0,350.0,825.6,-50.0,0.0,0.0,0.0,0.0,400.0,0.0,0.0,0.0,0.0,0.0,0.0,48.0,717.4000000000001,4.443,0.0,13.710487400000002,0.0,0.0,0.0,0.0,0.0,404.422139,213.1121,0.0079985530035818,0.0079193594094869,0.0,0.0002762153447633,,0.43044,0.0,0.0,28.640000000000008
85.0,13.3,1.1,717.4,0.0,0.0,0.0,24.0,20.0,26.0,24.0,25.0,25.0,24.0,24.0,24.0,0.78914,25.0,38.0,1233.6569444444444,4441165.0,0.0,0.0,4.98194444444444,3.98555555555556,3.73645833333333,25.0,1821.3,1792.6,1358.8,1296.0,0.0,-75.0,0.0,0.0,716.0,2435.0,3.72,9.0,3.72,61.0,0.0,1233.65694444444,0.0,49.0,26.0,26.0,20.5,54.0,28.0,28.5,26.0,28.0,27.0,22.0,22.0,1.0,0.2599999999999909,89.0,24.5,13.786,720.7,28.9,13.946,26.0,-112.8,3.0,0.0,0.0,0.0,22.0,179.0,0.0,28.0,1.0,0.0,825.6,0.0,0.0,0.6000000000000001,9.0,0.0,30.0,0.0,28.0,28.0,350.0,825.6,-50.0,0.0,0.0,0.0,0.0,400.0,0.0,0.0,0.0,0.0,0.0,0.0,48.0,717.4000000000001,4.443,0.0,13.710487400000002,0.0,0.0273987178089364,0.0,0.0006402401388888,0.00064,404.422779,213.11274,0.008516622837948,0.0084322998395525,0.0,0.0005129404300655,,0.78914,0.0,0.003026474888671,28.640000000000008
86.0,13.3,1.1,717.4,0.0,0.0,0.0,24.0,20.0,26.0,24.0,25.0,25.0,24.0,24.0,24.0,0.78914,25.0,38.0,1233.6569444444444,4441165.0,0.0,0.0,4.98194444444444,3.98555555555556,3.73645833333333,25.0,1821.3,1792.6,1358.8,1296.0,0.0,-75.0,0.0,0.0,716.0,2435.0,3.72,9.0,3.72,61.0,0.0,1233.65694444444,0.0,49.0,26.0,26.0,20.5,54.0,28.0,28.5,26.0,28.0,27.0,22.0,22.0,1.0,0.2900000000000204,89.0,24.5,13.787,720.3000000000001,29.76,13.95,26.0,-17.400000000000002,3.0,0.0,0.0,0.0,22.0,179.0,0.0,28.0,1.0,0.0,825.6,0.0,0.0,0.6000000000000001,9.0,0.0,30.0,0.0,28.0,28.0,350.0,825.6,-50.0,0.0,0.0,0.0,0.0,400.0,0.0,0.0,0.0,0.0,0.0,0.0,48.0,717.4000000000001,4.443,0.0,13.740762,0.0,0.0273987178089364,0.0,0.0006402401388888,0.00064,404.422779,213.11274,0.008516622837948,0.0084322998395525,0.0,0.0005129404300655,,0.78914,0.0,0.003026474888671,29.46999999999998
87.0,13.3,0.9,717.4,0.0,0.0,0.0,24.0,20.0,26.0,24.0,25.0,25.0,24.0,24.0,24.0,0.64566,25.0,38.0,1233.6577777777777,4441168.0,0.0,0.0,4.98194444444444,3.98555555555556,3.73645833333333,25.0,1821.3,1792.6,1358.8,1296.0,0.0,-102.0,0.0,0.0,716.0,2435.0,3.72,9.0,3.72,13.0,0.0,1233.65777777778,0.0,49.0,26.0,26.0,20.5,54.0,28.0,28.5,26.0,28.0,27.0,22.0,22.0,1.0,0.2900000000000204,89.0,24.5,13.787,720.3000000000001,29.76,13.95,26.0,-17.400000000000002,3.0,0.0,0.0,0.0,22.0,179.0,0.0,28.0,1.0,0.0,825.6,0.0,0.0,0.6000000000000001,9.0,0.0,30.0,0.0,28.0,28.0,350.0,825.6,-50.0,0.0,0.0,0.0,0.0,400.0,0.0,0.0,0.0,0.0,0.0,0.0,48.0,717.4000000000001,4.442,0.0,13.740762,0.0,0.0273987178089364,0.0,0.0006402401388888,0.00064,404.422779,213.11274,0.0089629008257365,0.0088741592334025,1.5488027754545737,0.00044185939385,64.566,0.64566,0.0,0.003026474888671,29.46999999999998
88.0,13.3,0.9,717.4,0.0,0.0,0.0,24.0,20.0,26.0,24.0,25.0,25.0,24.0,24.0,24.0,0.64566,25.0,38.0,1233.6577777777777,4441168.0,0.0,0.0,4.98194444444444,3.98555555555556,3.73645833333333,25.0,1821.3,1792.6,1358.8,1296.0,0.0,-102.0,0.0,0.0,716.0,2435.0,3.72,9.0,3.72,13.0,0.0,1233.65777777778,0.0,49.0,26.0,26.0,20.5,54.0,28.0,28.5,26.0,28.0,28.0,22.0,22.0,1.0,0.2900000000000204,89.0,24.5,13.788,720.0,28.71,13.953,26.0,-4.0,3.0,0.0,0.0,0.0,22.0,179.0,0.0,28.0,1.0,0.0,825.6,0.0,0.0,0.6000000000000001,9.0,0.0,30.0,0.0,28.0,28.0,350.0,825.6,-50.0,0.0,0.0,0.0,0.0,400.0,0.0,0.0,0.0,0.0,0.0,0.0,48.0,717.4000000000001,4.442,0.0,13.740762,0.0,0.0552984310243985,0.0,0.00133034925,0.00133,404.423469,213.11343,0.0089629008257365,0.0088741592334025,1.5488027754545737,0.00044185939385,64.566,0.64566,0.0,0.0029695234513767,28.41999999999998
89.0,13.3,0.9,717.4,0.0,0.0,0.0,24.0,20.0,26.0,24.0,25.0,25.0,24.0,24.0,24.0,0.64566,25.0,38.0,1233.6577777777777,4441168.0,0.0,0.0,4.98194444444444,3.98555555555556,3.73645833333333,25.0,1821.3,1792.6,1358.8,1296.0,0.0,-102.0,0.0,0.0,716.0,2435.0,3.72,9.0,3.72,13.0,0.0,1233.65777777778,0.0,49.0,26.0,26.0,20.5,54.0,28.0,28.5,26.0,28.0,28.0,22.0,22.0,1.0,0.2900000000000204,89.0,24.5,13.788,720.0,28.71,13.953,26.0,-4.0,3.0,0.0,0.0,0.0,22.0,179.0,0.0,28.0,1.0,0.0,825.6,0.0,0.0,0.6000000000000001,9.0,0.0,30.0,0.0,28.0,28.0,350.0,825.6,-50.0,0.0,0.0,0.0,0.0,400.0,0.0,0.0,0.0,0.0,0.0,0.0,48.0,717.4000000000001,4.443,0.0,13.740762,0.0,0.0552984310243985,0.0,0.00133034925,0.00133,404.423469,213.11343,0.0089629008257365,0.0088741592334025,1.5488027754545737,0.00044185939385,64.566,0.64566,0.0,0.0029695234513767,28.41999999999998
90.0,13.3,0.7,717.4,0.0,0.0,0.0,24.0,20.0,26.0,24.0,25.0,25.0,24.0,24.0,24.0,0.50218,25.0,38.0,1233.6583333333333,4441170.0,0.0,0.0,4.98194444444444,3.98555555555556,3.73645833333333,25.0,1821.3,1792.6,1358.8,1296.0,0.0,-93.0,0.0,0.0,716.0,2366.0,3.72,9.0,3.72,49.0,0.0,1233.65833333333,0.0,49.0,26.0,26.0,20.5,54.0,28.0,28.5,26.0,28.0,28.0,22.0,22.0,1.0,0.2900000000000204,89.0,24.5,13.788,720.0,28.71,13.953,26.0,-4.0,3.0,0.0,0.0,0.0,22.0,179.0,0.0,28.0,1.0,0.0,825.6,0.0,0.0,0.6000000000000001,9.0,0.0,30.0,0.0,28.0,28.0,350.0,825.6,-50.0,0.0,0.0,0.0,0.0,400.0,0.0,0.0,0.0,0.0,0.0,0.0,48.0,717.4000000000001,4.443,0.0,13.740762,0.0,0.0812118427608902,0.0,0.0020088683333333,0.002009,404.424148,213.114109,0.0093040623394122,0.0092119429103091,1.9913178541558805,0.0003377836769066,50.218,0.50218,0.0,0.0029870558780421,28.41999999999998
91.0,13.3,0.7,717.4,0.0,0.0,0.0,24.0,20.0,26.0,24.0,25.0,25.0,24.0,24.0,24.0,0.50218,25.0,38.0,1233.6583333333333,4441170.0,0.0,0.0,4.98194444444444,3.98555555555556,3.73645833333333,25.0,1821.3,1792.6,1358.8,1296.0,0.0,-93.0,0.0,0.0,716.0,2366.0,3.72,9.0,3.72,49.0,0.0,1233.65833333333,0.0,49.0,26.0,26.0,20.5,54.0,28.0,28.5,26.0,28.0,28.0,22.0,22.0,1.0,0.4700000000000273,89.0,24.5,13.782,720.1,28.97,13.952,26.0,5.7,3.0,0.0,0.0,0.0,22.0,179.0,0.0,28.0,1.0,0.0,825.6,0.0,0.0,0.6000000000000001,9.0,0.0,30.0,0.0,28.0,28.0,350.0,825.6,-50.0,0.0,0.0,0.0,0.0,400.0,0.0,0.0,0.0,0.0,0.0,0.0,48.0,717.4000000000001,4.443,0.0,13.7217183,0.0,0.0812118427608902,0.0,0.0020088683333333,0.002009,404.424148,213.114109,0.0093040623394122,0.0092119429103091,1.9913178541558805,0.0003377836769066,50.218,0.50218,0.0,0.0029870558780421,28.49999999999997
92.0,13.3,0.6,717.4,0.0,0.0,0.0,24.0,20.0,26.0,24.0,25.0,25.0,24.0,24.0,24.0,0.43044,25.0,38.0,1233.6591666666666,4441173.0,0.0,0.0,4.98194444444444,3.98555555555556,3.73645833333333,25.0,1821.3,1792.6,1358.8,1296.0,0.0,-11.0,0.0,0.0,716.0,2366.0,3.72,9.0,3.72,85.0,0.0,1233.65916666667,0.0,49.0,26.0,26.0,20.5,54.0,28.0,28.5,26.0,28.0,28.0,22.0,22.0,1.0,0.4700000000000273,89.0,24.5,13.782,720.1,28.97,13.952,26.0,5.7,3.0,0.0,0.0,0.0,22.0,179.0,0.0,28.0,1.0,0.0,825.6,0.0,0.0,0.6000000000000001,9.0,0.0,30.0,0.0,28.0,28.0,350.0,825.6,-50.0,0.0,0.0,0.0,0.0,400.0,0.0,0.0,0.0,0.0,0.0,0.0,48.0,717.4000000000001,4.443,0.0,13.7217183,0.0,0.0812118427608902,0.0,0.0020088683333333,0.002009,404.424148,213.114109,0.0095911005663821,0.0094961391746358,2.3232041631818605,0.0002841962643266,43.044,0.43044,0.0,0.0029870558780421,28.49999999999997
93.0,13.3,0.6,717.4,0.0,0.0,0.0,24.0,20.0,26.0,24.0,25.0,25.0,24.0,24.0,24.0,0.43044,25.0,38.0,1233.6591666666666,4441173.0,0.0,0.0,4.98194444444444,3.98555555555556,3.73645833333333,25.0,1821.3,1792.6,1358.8,1296.0,0.0,-11.0,0.0,0.0,716.0,2366.0,3.72,9.0,3.72,85.0,0.0,1233.65916666667,0.0,49.0,26.0,26.0,20.5,54.0,28.0,28.0,26.0,28.0,28.0,22.0,22.0,0.0,0.0400000000000204,89.0,24.5,13.791,720.1,28.05,13.942,26.0,-44.2,3.0,0.0,0.0,0.0,22.0,179.0,0.0,28.0,1.0,0.0,825.6,0.0,0.0,0.6000000000000001,9.0,0.0,30.0,0.0,28.0,28.0,350.0,825.6,-50.0,0.0,0.0,0.0,0.0,400.0,0.0,0.0,0.0,0.0,0.0,0.0,48.0,717.4000000000001,4.443,0.0,13.760294,0.0,0.079107371897041,0.0,0.0020088683333333,0.002009,404.424148,213.114109,0.0095911005663821,0.0094961391746358,2.3232041631818605,0.0002841962643266,43.044,0.43044,0.0,0.0,28.00999999999998
94.0,13.3,0.6,717.4,0.0,0.0,0.0,24.0,20.0,26.0,24.0,25.0,25.0,24.0,24.0,24.0,0.43044,25.0,38.0,1233.6591666666666,4441173.0,0.0,0.0,4.98194444444444,3.98555555555556,3.73645833333333,25.0,1821.3,1792.6,1358.8,1296.0,0.0,-11.0,0.0,0.0,716.0,2366.0,3.72,9.0,3.72,85.0,0.0,1233.65916666667,0.0,49.0,26.0,26.0,20.5,54.0,28.0,28.0,26.0,28.0,28.0,22.0,22.0,0.0,0.0400000000000204,89.0,24.5,13.791,720.1,28.05,13.942,26.0,-44.2,3.0,0.0,0.0,0.0,22.0,179.0,0.0,28.0,1.0,0.0,825.6,0.0,0.0,0.6000000000000001,9.0,0.0,30.0,0.0,28.0,28.0,350.0,825.6,-50.0,0.0,0.0,0.0,0.0,400.0,0.0,0.0,0.0,0.0,0.0,0.0,48.0,717.4000000000001,4.443,0.0,13.760294,0.0,0.079107371897041,0.0,0.0020088683333333,0.002009,404.424148,213.114109,0.0095911005663821,0.0094961391746358,2.3232041631818605,0.0002841962643266,43.044,0.43044,0.0,0.0,28.00999999999998
95.0,13.3,0.6,717.4,0.0,0.0,0.0,24.0,20.0,26.0,24.0,25.0,25.0,24.0,24.0,24.0,0.43044,25.0,38.0,1233.6597222222222,4441175.0,0.0,0.0,4.98194444444444,3.98555555555556,3.73645833333333,25.0,1821.3,1792.6,1358.8,1296.0,0.0,-82.0,0.0,0.0,716.0,2366.0,3.72,20.0,3.72,13.0,0.0,1233.65972222222,0.0,49.0,26.0,26.0,20.5,54.0,28.0,28.0,26.0,28.0,28.0,22.0,22.0,0.0,0.2900000000000204,89.0,24.5,13.797,720.1,29.15,13.971,27.0,56.0,3.0,0.0,0.0,0.0,22.0,179.0,0.0,28.0,1.0,0.0,825.6,0.0,0.0,0.6000000000000001,9.0,0.0,30.0,0.0,28.0,28.0,350.0,825.6,-50.0,0.0,0.0,0.0,0.0,400.0,0.0,0.0,0.0,0.0,0.0,0.0,48.0,717.4000000000001,4.443,0.0,13.760294,0.0,0.0771592832944812,0.0,0.0020088683333333,0.002009,404.424148,213.114109,0.0098735940840806,0.0097758357268125,0.0,0.0002796965521766,43.044,0.43044,0.0,-0.0029490741319959,28.859999999999978
96.0,13.3,0.6,717.4,0.0,0.0,0.0,24.0,20.0,26.0,24.0,25.0,25.0,24.0,24.0,24.0,0.43044,25.0,38.0,1233.6597222222222,4441175.0,0.0,0.0,4.98194444444444,3.98555555555556,3.73645833333333,25.0,1821.3,1792.6,1358.8,1296.0,0.0,-82.0,0.0,0.0,716.0,2366.0,3.72,20.0,3.72,13.0,0.0,1233.65972222222,0.0,49.0,26.0,26.0,20.5,54.0,28.0,28.0,26.0,28.0,28.0,22.0,22.0,0.0,0.2900000000000204,89.0,24.5,13.797,720.1,29.15,13.971,27.0,56.0,3.0,0.0,0.0,0.0,22.0,179.0,0.0,28.0,1.0,0.0,825.6,0.0,0.0,0.6000000000000001,9.0,0.0,30.0,0.0,28.0,28.0,350.0,825.6,-50.0,0.0,0.0,0.0,0.0,400.0,0.0,0.0,0.0,0.0,0.0,0.0,48.0,717.4000000000001,4.443,0.0,13.760294,0.0,0.0771592832944812,0.0,0.0020088683333333,0.002009,404.424148,213.114109,0.0098735940840806,0.0097758357268125,0.0,0.0002796965521766,43.044,0.43044,0.0,-0.0029490741319959,28.859999999999978
97.0,13.3,0.7,717.4,0.0,0.0,0.0,24.0,20.0,26.0,24.0,25.0,25.0,24.0,24.0,24.0,0.50218,25.0,38.0,1233.6602777777778,4441177.0,0.0,0.0,4.98194444444444,3.98555555555556,3.73645833333333,25.0,1821.3,1792.6,1358.8,1296.0,0.0,-65.0,0.0,0.0,716.0,2366.0,3.72,9.0,3.72,13.0,0.0,1233.66027777778,0.0,49.0,26.0,26.0,20.5,54.0,28.0,28.0,26.0,28.0,28.0,22.0,22.0,0.0,0.2900000000000204,89.0,24.5,13.797,720.1,29.15,13.971,27.0,56.0,3.0,0.0,0.0,0.0,22.0,179.0,0.0,28.0,1.0,0.0,825.6,0.0,0.0,0.6000000000000001,9.0,0.0,30.0,0.0,28.0,28.0,350.0,825.6,-50.0,0.0,0.0,0.0,0.0,400.0,0.0,0.0,0.0,0.0,0.0,0.0,48.0,717.4000000000001,4.442,0.0,13.760294,0.0,0.0752114660853615,0.0,0.0020088683333333,0.002009,404.424148,213.114109,0.0102124080424029,0.010111295091488,0.0,0.0003354593646755,,0.50218,0.0,-0.0029657116581824,28.859999999999978
98.0,13.3,0.7,717.4,0.0,0.0,0.0,24.0,20.0,26.0,24.0,25.0,25.0,24.0,24.0,24.0,0.50218,25.0,38.0,1233.6602777777778,4441177.0,0.0,0.0,4.98194444444444,3.98555555555556,3.73645833333333,25.0,1821.3,1792.6,1358.8,1296.0,0.0,-65.0,0.0,0.0,716.0,2366.0,3.72,9.0,3.72,13.0,0.0,1233.66027777778,0.0,49.0,26.0,26.0,20.5,54.0,28.0,28.0,26.0,28.0,28.0,22.0,22.0,0.0,0.660000000000025,89.0,24.5,13.815,720.1,23.68,13.952,27.0,5.1000000000000005,3.0,0.0,0.0,0.0,22.0,179.0,0.0,28.0,1.0,0.0,825.6,0.0,0.0,0.6000000000000001,9.0,0.0,30.0,0.0,28.0,28.0,350.0,825.6,-50.0,0.0,0.0,0.0,0.0,400.0,0.0,0.0,0.0,0.0,0.0,0.0,48.0,717.4000000000001,4.442,0.0,13.770548300000002,0.0,0.0752114660853615,0.0,0.0020088683333333,0.002009,404.424148,213.114109,0.0102124080424029,0.010111295091488,0.0,0.0003354593646755,,0.50218,0.0,-0.0029657116581824,23.019999999999975
99.0,13.4,1.5,717.3,0.0,0.0,0.0,24.0,20.0,26.0,24.0,25.0,25.0,24.0,24.0,24.0,1.07595,25.0,38.0,1233.661111111111,4441180.0,0.0,0.0,4.98125,3.985,3.7359375,25.0,1821.3,1792.6,1358.8,1296.0,0.0,-93.0,0.0,0.0,715.0,2372.0,3.72,9.0,3.72,181.0,0.0,1233.66111111111,0.0,49.0,26.0,26.0,20.5,54.0,28.0,28.0,26.0,28.0,28.0,22.0,22.0,0.0,0.660000000000025,89.0,24.5,13.815,720.1,23.68,13.952,27.0,5.1000000000000005,3.0,0.0,0.0,0.0,22.0,179.0,0.0,28.0,1.0,0.0,825.6,0.0,0.0,0.6000000000000001,9.0,0.0,30.0,0.0,28.0,28.0,350.0,825.6,-50.0,0.0,0.0,0.0,0.0,400.0,0.0,0.0,0.0,0.0,0.0,0.0,48.0,717.3000000000001,4.443,0.0,13.770548300000002,0.0,0.0752114660853615,0.0,0.0020088683333333,0.002009,404.424148,213.114109,0.01093541479961,0.0108271433659505,0.0,0.0007158482744624,,1.0759499999999995,0.0,-0.0029657116581824,23.019999999999975
100.0,13.4,1.5,717.3,0.0,0.0,0.0,24.0,20.0,26.0,24.0,25.0,25.0,24.0,24.0,24.0,1.07595,25.0,38.0,1233.661111111111,4441180.0,0.0,0.0,4.98125,3.985,3.7359375,25.0,1821.3,1792.6,1358.8,1296.0,0.0,-93.0,0.0,0.0,715.0,2372.0,3.72,9.0,3.72,181.0,0.0,1233.66111111111,0.0,49.0,26.0,26.0,20.5,54.0,28.0,28.0,26.0,28.0,28.0,22.0,22.0,1.0,0.3899999999999863,89.0,24.5,13.813,720.1,28.74,13.95,26.0,-13.5,3.0,0.0,0.0,0.0,22.0,179.0,0.0,28.0,1.0,0.0,825.6,0.0,0.0,0.6000000000000001,9.0,0.0,30.0,0.0,28.0,28.0,350.0,825.6,-50.0,0.0,0.0,0.0,0.0,400.0,0.0,0.0,0.0,0.0,0.0,0.0,48.0,717.3000000000001,4.443,0.0,13.740762,1.40625,0.0976059428648721,0.0,0.0026717135277777,0.002672,404.424811,213.114772,0.01093541479961,0.0108271433659505,0.0,0.0007158482744624,,1.0759499999999995,0.0,-0.0029657116581824,28.350000000000012
101.0,13.4,1.5,717.3,0.0,0.0,0.0,24.0,20.0,26.0,24.0,25.0,25.0,24.0,24.0,24.0,1.07595,25.0,38.0,1233.661111111111,4441180.0,0.0,0.0,4.98125,3.985,3.7359375,25.0,1821.3,1792.6,1358.8,1296.0,0.0,-93.0,0.0,0.0,715.0,2372.0,3.72,9.0,3.72,181.0,0.0,1233.66111111111,0.0,49.0,26.0,26.0,20.5,54.0,28.0,28.0,26.0,28.0,28.0,22.0,22.0,1.0,0.3899999999999863,89.0,24.5,13.813,720.1,28.74,13.95,26.0,-13.5,3.0,0.0,0.0,0.0,22.0,179.0,0.0,28.0,1.0,0.0,825.6,0.0,0.0,0.6000000000000001,9.0,0.0,30.0,0.0,28.0,28.0,350.0,825.6,-50.0,0.0,0.0,0.0,0.0,400.0,0.0,0.0,0.0,0.0,0.0,0.0,48.0,717.4000000000001,4.444,0.0,13.740762,1.40625,0.0976059428648721,0.0,0.0026717135277777,0.002672,404.424811,213.114772,0.01093541479961,0.0108271433659505,0.0,0.0007158482744624,,1.0759499999999995,0.0,-0.0029657116581824,28.350000000000012
102.0,13.2,1.0,717.4,0.0,0.0,0.0,24.0,20.0,26.0,24.0,25.0,25.0,24.0,24.0,24.0,0.7174,25.0,38.0,1233.6616666666666,4441182.0,0.0,0.0,4.98194444444444,3.98555555555556,3.73645833333333,25.0,1821.3,1792.6,1358.8,1296.0,0.0,-93.0,0.0,0.0,716.0,2372.0,3.72,9.0,3.72,13.0,0.0,1233.66166666667,0.0,49.0,26.0,26.0,20.5,54.0,28.0,28.0,26.0,28.0,28.0,22.0,22.0,1.0,0.3899999999999863,89.0,24.5,13.813,720.1,28.74,13.95,26.0,-13.5,3.0,0.0,0.0,0.0,22.0,179.0,0.0,28.0,1.0,0.0,825.6,0.0,0.0,0.6000000000000001,9.0,0.0,30.0,0.0,28.0,28.0,350.0,825.6,-50.0,0.0,0.0,0.0,0.0,400.0,0.0,0.0,0.0,0.0,0.0,0.0,48.0,717.4000000000001,4.444,0.0,13.740762,1.40625,0.1200215903790207,0.0,0.0033689705555555,0.003369,404.425508,213.115469,0.0114311710475625,0.0113179911362005,1.3939224979091165,0.0004908477702499,71.74,0.7173999999999999,0.0,0.0029418683958828,28.350000000000012
103.0,13.2,1.0,717.4,0.0,0.0,0.0,24.0,20.0,26.0,24.0,25.0,25.0,24.0,24.0,24.0,0.7174,25.0,38.0,1233.6616666666666,4441182.0,0.0,0.0,4.98194444444444,3.98555555555556,3.73645833333333,25.0,1821.3,1792.6,1358.8,1296.0,0.0,-93.0,0.0,0.0,716.0,2372.0,3.72,9.0,3.72,13.0,0.0,1233.66166666667,0.0,49.0,26.0,26.0,20.5,54.0,28.0,28.0,26.0,28.0,28.0,22.0,22.0,1.0,-0.2400000000000091,89.0,24.5,13.713,720.1,50.97,13.957,27.0,-291.0,3.0,0.0,0.0,0.0,22.0,179.0,0.0,28.0,1.0,0.0,825.6,0.0,0.0,0.6000000000000001,9.0,0.0,30.0,0.0,28.0,28.0,350.0,825.6,-50.0,0.0,0.0,0.0,0.0,400.0,0.0,0.0,0.0,0.0,0.0,0.0,48.0,717.4000000000001,4.444,0.0,13.7217183,0.0,0.1200215903790207,0.0,0.0033689705555555,0.003369,404.425508,213.115469,0.0114311710475625,0.0113179911362005,1.3939224979091165,0.0004908477702499,71.74,0.7173999999999999,0.0,0.0029418683958828,51.21000000000001
104.0,13.4,0.8,717.4,0.0,0.0,0.0,24.0,20.0,26.0,24.0,25.0,25.0,24.0,24.0,24.0,0.57392,25.0,38.0,1233.6625,4441185.0,0.0,0.0,4.98194444444444,3.98555555555556,3.73645833333333,25.0,1821.3,1792.6,1358.8,1296.0,0.0,-127.0,0.0,0.0,716.0,2372.0,3.72,9.0,3.72,13.0,0.0,1233.6625,0.0,49.0,26.0,26.0,20.5,54.0,28.0,28.0,26.0,28.0,28.0,22.0,22.0,1.0,-0.2400000000000091,89.0,24.5,13.713,720.1,50.97,13.957,27.0,-291.0,3.0,0.0,0.0,0.0,22.0,179.0,0.0,28.0,1.0,0.0,825.6,0.0,0.0,0.6000000000000001,9.0,0.0,30.0,0.0,28.0,28.0,350.0,825.6,-50.0,0.0,0.0,0.0,0.0,400.0,0.0,0.0,0.0,0.0,0.0,0.0,48.0,717.3000000000001,4.443,0.0,13.7217183,0.0,0.1200215903790207,0.0,0.0033689705555555,0.003369,404.425508,213.115469,0.0118227806878537,0.0117057234533205,1.7424031223863954,0.00038773231712,57.392,0.57392,0.0,0.0029418683958828,51.21000000000001
105.0,13.4,0.8,717.4,0.0,0.0,0.0,24.0,20.0,26.0,24.0,25.0,25.0,24.0,24.0,24.0,0.57392,25.0,38.0,1233.6625,4441185.0,0.0,0.0,4.98194444444444,3.98555555555556,3.73645833333333,25.0,1821.3,1792.6,1358.8,1296.0,0.0,-127.0,0.0,0.0,716.0,2372.0,3.72,9.0,3.72,13.0,0.0,1233.6625,0.0,49.0,26.0,26.0,20.5,54.0,28.0,28.0,26.0,28.0,28.0,22.0,22.0,0.0,0.1299999999999954,89.0,24.5,13.83,720.1,24.13,13.95,27.0,-69.8,3.0,0.0,0.0,0.0,22.0,179.0,0.0,28.0,1.0,0.0,825.6,0.0,0.0,0.6000000000000001,9.0,0.0,30.0,0.0,28.0,28.0,350.0,825.6,-50.0,0.0,0.0,0.0,0.0,400.0,0.0,0.0,0.0,0.0,0.0,0.0,48.0,717.3000000000001,4.443,0.0,13.7217183,0.0,0.1172465240489243,0.0,0.0033689705555555,0.003369,404.425508,213.115469,0.0118227806878537,0.0117057234533205,1.7424031223863954,0.00038773231712,57.392,0.57392,0.0,0.0029418683958828,24.000000000000004
106.0,13.4,0.8,717.4,0.0,0.0,0.0,24.0,20.0,26.0,24.0,25.0,25.0,24.0,24.0,24.0,0.57392,25.0,38.0,1233.6625,4441185.0,0.0,0.0,4.98194444444444,3.98555555555556,3.73645833333333,25.0,1821.3,1792.6,1358.8,1296.0,0.0,-127.0,0.0,0.0,716.0,2372.0,3.72,9.0,3.72,13.0,0.0,1233.6625,0.0,49.0,26.0,26.0,20.5,54.0,28.0,28.0,26.0,28.0,28.0,22.0,22.0,0.0,0.1299999999999954,89.0,24.5,13.83,720.1,24.13,13.95,27.0,-69.8,3.0,0.0,0.0,0.0,22.0,179.0,0.0,28.0,1.0,0.0,825.6,0.0,0.0,0.6000000000000001,9.0,0.0,30.0,0.0,28.0,28.0,350.0,825.6,-50.0,0.0,0.0,0.0,0.0,400.0,0.0,0.0,0.0,0.0,0.0,0.0,48.0,717.2,4.443,21.874720000000003,13.7803143,0.0,0.1172465240489243,0.0,0.0033689705555555,0.003369,404.425508,213.115469,0.0118227806878537,0.0117057234533205,1.7424031223863954,0.00038773231712,57.392,0.57392,0.0,0.0029418683958828,24.000000000000004
107.0,13.4,2.7,717.2,0.0,0.0,0.0,24.0,20.0,26.0,24.0,25.0,25.0,24.0,24.0,24.0,1.93644,25.0,38.0,1233.6630555555555,4441187.0,0.0,0.0,4.98055555555556,3.98444444444444,3.73541666666667,25.0,1821.3,1792.6,1358.8,1296.0,0.0,-195.0,0.0,0.0,715.0,2312.0,3.72,9.0,3.72,64.0,0.0,1233.66305555556,0.0,49.0,26.0,26.0,20.5,54.0,28.0,28.0,26.0,28.0,28.0,22.0,22.0,2.0,0.3100000000000023,89.0,24.5,13.826,720.1,24.65,13.95,27.0,-69.8,3.0,0.0,0.0,0.0,22.0,179.0,0.0,28.0,1.0,0.0,825.6,0.0,0.0,0.6000000000000001,9.0,0.0,30.0,0.0,28.0,28.0,350.0,825.6,-50.0,0.0,0.0,0.0,0.0,400.0,0.0,0.0,0.0,0.0,0.0,0.0,48.0,717.2,4.443,21.874720000000003,13.7803143,0.0,0.1627415646136447,0.0,0.0047920234444444,0.004792,404.426931,213.116892,0.0132059337087187,0.0130751818898205,0.0,0.0013694584365,57.392,1.9364400000000004,0.0,,24.339999999999996
108.0,13.4,2.7,717.2,0.0,0.0,0.0,24.0,20.0,26.0,24.0,25.0,25.0,24.0,24.0,24.0,1.93644,25.0,38.0,1233.6630555555555,4441187.0,0.0,0.0,4.98055555555556,3.98444444444444,3.73541666666667,25.0,1821.3,1792.6,1358.8,1296.0,0.0,-195.0,0.0,0.0,715.0,2312.0,3.72,9.0,3.72,64.0,0.0,1233.66305555556,0.0,49.0,26.0,26.0,20.5,54.0,28.0,28.0,26.0,28.0,28.0,22.0,22.0,2.0,0.3100000000000023,89.0,24.5,13.826,720.1,24.65,13.95,27.0,-84.5,3.0,0.0,0.0,0.0,22.0,179.0,0.0,28.0,1.0,0.0,825.6,0.0,0.0,0.6000000000000001,9.0,0.0,30.0,0.0,28.0,28.0,350.0,825.6,-50.0,0.0,0.0,0.0,0.0,400.0,0.0,0.0,0.0,0.0,0.0,0.0,48.0,717.2,4.443,0.6347575000000001,13.7803143,1.75,0.1627415646136447,0.0,0.0047920234444444,0.004792,404.426931,213.116892,0.0132059337087187,0.0130751818898205,0.0,0.0013694584365,57.392,1.9364400000000004,0.0,,24.339999999999996
109.0,13.3,1.7,717.3,0.0,0.0,0.0,24.0,20.0,26.0,24.0,25.0,25.0,24.0,24.0,24.0,1.21941,25.0,38.0,1233.6638888888888,4441190.0,0.0,0.0,4.98125,3.985,3.7359375,25.0,1821.3,1792.6,1358.8,1296.0,0.0,-131.0,0.0,0.0,715.0,2312.0,3.72,9.0,3.72,13.0,0.0,1233.66388888889,0.0,49.0,26.0,26.0,20.5,54.0,28.0,28.0,26.0,28.0,28.0,22.0,22.0,2.0,0.3100000000000023,89.0,24.5,13.826,720.1,24.65,13.95,27.0,-84.5,3.0,0.0,0.0,0.0,22.0,179.0,0.0,28.0,1.0,0.0,825.6,0.0,0.0,0.6000000000000001,9.0,0.0,30.0,0.0,28.0,28.0,350.0,825.6,-50.0,0.0,0.0,0.0,0.0,400.0,0.0,0.0,0.0,0.0,0.0,0.0,48.0,717.3000000000001,4.443,0.6347575000000001,13.7803143,1.75,0.1627415646136447,0.0,0.0047920234444444,0.004792,404.426931,213.116892,0.0140273342733767,0.0138884497756205,1.640137443517767,0.0008132678858,60.970499999999994,1.21941,0.0,,24.339999999999996
110.0,13.3,1.7,717.3,0.0,0.0,0.0,24.0,20.0,26.0,24.0,25.0,25.0,24.0,24.0,24.0,1.21941,25.0,38.0,1233.6638888888888,4441190.0,0.0,0.0,4.98125,3.985,3.7359375,25.0,1821.3,1792.6,1358.8,1296.0,0.0,-131.0,0.0,0.0,715.0,2312.0,3.72,9.0,3.72,13.0,0.0,1233.66388888889,0.0,49.0,26.0,26.0,20.5,54.0,28.0,28.0,26.0,28.0,28.0,22.0,22.0,1.0,0.2599999999999909,89.0,24.5,13.781,720.1,29.88,13.943,26.0,14.2,3.0,0.0,0.0,0.0,22.0,179.0,0.0,28.0,1.0,0.0,825.6,0.0,0.0,0.6000000000000001,9.0,0.0,30.0,0.0,28.0,28.0,350.0,825.6,-50.0,0.0,0.0,0.0,0.0,400.0,0.0,0.0,0.0,0.0,0.0,0.0,48.0,717.3000000000001,4.443,0.0,13.740762,0.0,0.1812508145828321,0.0,0.0054576925277777,0.005458,404.427597,213.117558,0.0140273342733767,0.0138884497756205,1.640137443517767,0.0008132678858,60.970499999999994,1.21941,0.0,,29.620000000000008
111.0,13.3,1.7,717.3,0.0,0.0,0.0,24.0,20.0,26.0,24.0,25.0,25.0,24.0,24.0,24.0,1.21941,25.0,38.0,1233.6638888888888,4441190.0,0.0,0.0,4.98125,3.985,3.7359375,25.0,1821.3,1792.6,1358.8,1296.0,0.0,-131.0,0.0,0.0,715.0,2312.0,3.72,9.0,3.72,13.0,0.0,1233.66388888889,0.0,49.0,26.0,26.0,20.5,54.0,28.0,28.0,26.0,28.0,28.0,22.0,22.0,1.0,0.2599999999999909,89.0,24.5,13.781,720.1,29.88,13.943,26.0,14.2,3.0,0.0,0.0,0.0,22.0,179.0,0.0,28.0,1.0,0.0,825.6,0.0,0.0,0.6000000000000001,9.0,0.0,30.0,0.0,28.0,28.0,350.0,825.6,-50.0,0.0,0.0,0.0,0.0,400.0,0.0,0.0,0.0,0.0,0.0,0.0,48.0,717.4000000000001,4.441,0.0,13.740762,0.0,0.1812508145828321,0.0,0.0054576925277777,0.005458,404.427597,213.117558,0.0140273342733767,0.0138884497756205,1.640137443517767,0.0008132678858,60.970499999999994,1.21941,0.0,,29.620000000000008
112.0,13.4,0.9,717.4,0.0,0.0,0.0,24.0,20.0,26.0,24.0,25.0,25.0,24.0,24.0,24.0,0.64566,25.0,38.0,1233.6644444444444,4441192.0,0.0,0.0,4.98194444444444,3.98555555555556,3.73645833333333,25.0,1821.3,1792.6,1358.8,1296.0,0.0,0.0,0.0,0.0,716.0,2312.0,3.72,9.0,3.72,40.0,0.0,1233.66444444444,0.0,49.0,26.0,26.0,20.5,54.0,28.0,28.0,26.0,28.0,28.0,22.0,22.0,0.0,0.2900000000000204,89.0,24.5,13.804,720.1,29.8,13.95,26.0,14.2,3.0,0.0,0.0,0.0,22.0,179.0,0.0,28.0,1.0,0.0,825.6,0.0,0.0,0.6000000000000001,9.0,0.0,30.0,0.0,28.0,28.0,350.0,825.6,-50.0,0.0,0.0,0.0,0.0,400.0,0.0,0.0,0.0,0.0,0.0,0.0,48.0,717.4000000000001,4.441,0.0,13.740762,0.0,0.1772802868864286,0.0,0.0054576925277777,0.005458,404.427597,213.117558,0.014455517981865,0.0143123940414505,1.5488027754545732,0.00042394426583,64.56600000000002,0.64566,0.0,,29.50999999999998
113.0,13.4,0.9,717.4,0.0,0.0,0.0,24.0,20.0,26.0,24.0,25.0,25.0,24.0,24.0,24.0,0.64566,25.0,38.0,1233.6644444444444,4441192.0,0.0,0.0,4.98194444444444,3.98555555555556,3.73645833333333,25.0,1821.3,1792.6,1358.8,1296.0,0.0,0.0,0.0,0.0,716.0,2312.0,3.72,9.0,3.72,40.0,0.0,1233.66444444444,0.0,49.0,26.0,26.0,20.5,54.0,28.0,28.0,26.0,28.0,28.0,22.0,22.0,0.0,0.2900000000000204,89.0,24.5,13.804,720.1,29.8,13.95,26.0,6.300000000000001,3.0,0.0,0.0,0.0,22.0,179.0,0.0,28.0,1.0,0.0,825.6,0.0,0.0,0.6000000000000001,9.0,0.0,30.0,0.0,28.0,28.0,350.0,825.6,-50.0,0.0,0.0,0.0,0.0,400.0,0.0,0.0,0.0,0.0,0.0,0.0,48.0,717.4000000000001,4.441,0.0,13.740762,0.0,0.1772802868864286,0.0,0.0054576925277777,0.005458,404.427597,213.117558,0.014455517981865,0.0143123940414505,1.5488027754545732,0.00042394426583,64.56600000000002,0.64566,0.0,,29.50999999999998
114.0,13.3,0.9,717.4,0.0,0.0,0.0,24.0,20.0,26.0,24.0,25.0,25.0,24.0,24.0,24.0,0.64566,25.0,38.0,1233.665,4441194.0,0.0,0.0,4.98194444444444,3.98555555555556,3.73645833333333,25.0,1821.3,1792.6,1358.8,1296.0,0.0,0.0,0.0,0.0,716.0,2312.0,3.72,9.0,3.72,49.0,0.0,1233.665,0.0,49.0,26.0,26.0,20.5,55.0,28.0,28.0,26.0,28.0,28.0,22.0,22.0,0.0,0.2900000000000204,89.0,24.5,13.804,720.1,29.8,13.95,26.0,6.300000000000001,3.0,0.0,0.0,0.0,22.0,179.0,0.0,28.0,1.0,0.0,825.6,0.0,0.0,0.6000000000000001,9.0,0.0,30.0,0.0,28.0,28.0,350.0,825.6,-50.0,0.0,0.0,0.0,0.0,400.0,0.0,0.0,0.0,0.0,0.0,0.0,48.0,717.4000000000001,4.443,0.0,13.740762,0.0,0.1735280971473719,0.0,0.0054576925277777,0.005458,404.427597,213.117558,0.0148915503302644,0.0147441092378855,0.0,0.000431715196435,64.56600000000002,0.64566,0.0,0.0,29.50999999999998
115.0,13.3,0.9,717.4,0.0,0.0,0.0,24.0,20.0,26.0,24.0,25.0,25.0,24.0,24.0,24.0,0.64566,25.0,38.0,1233.665,4441194.0,0.0,0.0,4.98194444444444,3.98555555555556,3.73645833333333,25.0,1821.3,1792.6,1358.8,1296.0,0.0,0.0,0.0,0.0,716.0,2312.0,3.72,9.0,3.72,49.0,0.0,1233.665,0.0,49.0,26.0,26.0,20.5,55.0,28.0,28.0,26.0,28.0,28.0,22.0,22.0,0.0,0.3400000000000318,89.0,24.5,13.805,720.1,28.03,13.965,26.0,1.0,3.0,0.0,0.0,0.0,22.0,179.0,0.0,28.0,1.0,0.0,825.6,0.0,0.0,0.6000000000000001,9.0,0.0,30.0,0.0,28.0,28.0,350.0,825.6,-50.0,0.0,0.0,0.0,0.0,400.0,0.0,0.0,0.0,0.0,0.0,0.0,48.0,717.4000000000001,4.443,0.0,13.7422269,0.0,0.1735280971473719,0.0,0.0054576925277777,0.005458,404.427597,213.117558,0.0148915503302644,0.0147441092378855,0.0,0.000431715196435,64.56600000000002,0.64566,0.0,0.0,27.68999999999997
116.0,13.3,0.6,717.4,0.0,0.0,0.0,24.0,20.0,26.0,24.0,25.0,25.0,24.0,24.0,24.0,0.43044,25.0,38.0,1233.6658333333332,4441197.0,0.0,0.0,4.98194444444444,3.98555555555556,3.73645833333333,25.0,1821.3,1792.6,1358.8,1296.0,0.0,0.0,0.0,0.0,716.0,2334.0,3.72,9.0,3.72,49.0,0.0,1233.66583333333,0.0,49.0,26.0,26.0,20.5,55.0,28.0,28.0,26.0,28.0,28.0,22.0,22.0,0.0,0.3400000000000318,89.0,24.5,13.805,720.1,28.03,13.965,26.0,1.0,3.0,0.0,0.0,0.0,22.0,179.0,0.0,28.0,1.0,0.0,825.6,0.0,0.0,0.6000000000000001,9.0,0.0,30.0,0.0,28.0,28.0,350.0,825.6,-50.0,0.0,0.0,0.0,0.0,400.0,0.0,0.0,0.0,0.0,0.0,0.0,48.0,717.4000000000001,4.443,0.0,13.7422269,0.0,0.1735280971473719,0.0,0.0054576925277777,0.005458,404.427597,213.117558,0.0151818170657586,0.0150315020453055,0.0,0.00028739280742,64.56600000000002,0.43044,0.0,0.0,27.68999999999997
117.0,13.3,0.6,717.4,0.0,0.0,0.0,24.0,20.0,26.0,24.0,25.0,25.0,24.0,24.0,24.0,0.43044,25.0,38.0,1233.6658333333332,4441197.0,0.0,0.0,4.98194444444444,3.98555555555556,3.73645833333333,25.0,1821.3,1792.6,1358.8,1296.0,0.0,0.0,0.0,0.0,716.0,2334.0,3.72,9.0,3.72,49.0,0.0,1233.66583333333,0.0,49.0,26.0,26.0,20.5,55.0,28.0,28.0,26.0,28.0,28.0,22.0,22.0,0.0,0.0400000000000204,89.0,24.5,13.797,720.1,26.41,13.944,26.0,2.8000000000000003,3.0,0.0,0.0,0.0,22.0,179.0,0.0,28.0,1.0,0.0,825.6,0.0,0.0,0.6000000000000001,9.0,0.0,30.0,0.0,28.0,28.0,350.0,825.6,-50.0,0.0,0.0,0.0,0.0,400.0,0.0,0.0,0.0,0.0,0.0,0.0,48.0,717.4000000000001,4.443,0.0,13.7422269,0.0,0.1699392542699078,0.0,0.0054576925277777,0.005458,404.427597,213.117558,0.0151818170657586,0.0150315020453055,0.0,0.00028739280742,,0.43044,0.0,-0.0058869448272971,26.36999999999998
118.0,13.3,0.6,717.4,0.0,0.0,0.0,24.0,20.0,26.0,24.0,25.0,25.0,24.0,24.0,24.0,0.43044,25.0,38.0,1233.6658333333332,4441197.0,0.0,0.0,4.98194444444444,3.98555555555556,3.73645833333333,25.0,1821.3,1792.6,1358.8,1296.0,0.0,0.0,0.0,0.0,716.0,2334.0,3.72,9.0,3.72,49.0,0.0,1233.66583333333,0.0,49.0,26.0,26.0,20.5,55.0,28.0,28.0,26.0,28.0,28.0,22.0,22.0,0.0,0.0400000000000204,89.0,24.5,13.797,720.1,26.41,13.944,26.0,2.8000000000000003,3.0,0.0,0.0,0.0,22.0,179.0,0.0,28.0,1.0,0.0,825.6,0.0,0.0,0.6000000000000001,9.0,0.0,30.0,0.0,28.0,28.0,350.0,825.6,-50.0,0.0,0.0,0.0,0.0,400.0,0.0,0.0,0.0,0.0,0.0,0.0,48.0,717.3000000000001,4.443,0.0,13.760294,0.0,0.1699392542699078,0.0,0.0054576925277777,0.005458,404.427597,213.117558,0.0151818170657586,0.0150315020453055,0.0,0.00028739280742,,0.43044,0.0,-0.0058869448272971,26.36999999999998
119.0,13.3,0.7,717.4,0.0,0.0,0.0,24.0,20.0,26.0,24.0,25.0,25.0,24.0,24.0,24.0,0.50218,25.0,38.0,1233.6663888888888,4441199.0,0.0,0.0,4.98194444444444,3.98555555555556,3.73645833333333,25.0,1821.3,1792.6,1358.8,1296.0,0.0,85.0,0.0,0.0,716.0,2334.0,3.72,9.0,3.72,40.0,0.0,1233.66638888889,0.0,49.0,26.0,26.0,20.5,55.0,28.0,28.0,26.0,28.0,28.0,22.0,22.0,1.0,0.0400000000000204,89.0,24.5,13.797,720.1,26.41,13.944,26.0,2.8000000000000003,3.0,0.0,0.0,0.0,22.0,179.0,0.0,28.0,1.0,0.0,825.6,0.0,0.0,0.6000000000000001,9.0,0.0,30.0,0.0,28.0,28.0,350.0,825.6,-50.0,0.0,0.0,0.0,0.0,400.0,0.0,0.0,0.0,0.0,0.0,0.0,48.0,717.3000000000001,4.443,0.0,13.760294,0.0,0.1870909005473063,0.0,0.0061353015555555,0.006136,404.428275,213.118236,0.0155314310692534,0.0153776545240133,0.0,0.0003461524787077,,0.50218,0.0,-0.0058869448272971,26.36999999999998
120.0,13.3,0.7,717.4,0.0,0.0,0.0,24.0,20.0,26.0,24.0,25.0,25.0,24.0,24.0,24.0,0.50218,25.0,38.0,1233.6663888888888,4441199.0,0.0,0.0,4.98194444444444,3.98555555555556,3.73645833333333,25.0,1821.3,1792.6,1358.8,1296.0,0.0,85.0,0.0,0.0,716.0,2334.0,3.72,9.0,3.72,40.0,0.0,1233.66638888889,0.0,49.0,26.0,26.0,20.5,55.0,28.0,28.0,26.0,28.0,28.0,22.0,22.0,1.0,0.3799999999999954,89.0,24.5,13.746,720.1,44.88,13.95,26.0,196.7,3.0,0.0,0.0,0.0,22.0,179.0,0.0,28.0,1.0,0.0,825.6,0.0,0.0,0.6000000000000001,9.0,0.0,30.0,0.0,28.0,28.0,350.0,825.6,-50.0,0.0,0.0,0.0,0.0,400.0,0.0,0.0,0.0,0.0,0.0,0.0,48.0,717.3000000000001,4.443,24.902025,13.7593174,0.0,0.1870909005473063,0.0,0.0061353015555555,0.006136,404.428275,213.118236,0.0155314310692534,0.0153776545240133,0.0,0.0003461524787077,,0.50218,0.0,-0.0058869448272971,44.50000000000001
121.0,13.4,1.0,717.4,0.0,0.0,0.0,24.0,20.0,26.0,24.0,25.0,25.0,24.0,24.0,24.0,0.7174,25.0,38.0,1233.6672222222223,4441202.0,0.0,0.0,4.98194444444444,3.98555555555556,3.73645833333333,25.0,1821.3,1792.6,1358.8,1296.0,0.0,192.0,0.0,0.0,716.0,2334.0,3.72,24.0,3.72,77.0,0.0,1233.66722222222,0.0,49.0,26.0,26.0,20.5,55.0,28.0,28.0,26.0,28.0,28.0,22.0,22.0,1.0,0.3799999999999954,89.0,24.5,13.746,720.1,44.88,13.95,26.0,196.7,3.0,0.0,0.0,0.0,22.0,179.0,0.0,28.0,1.0,0.0,825.6,0.0,0.0,0.6000000000000001,9.0,0.0,30.0,0.0,28.0,28.0,350.0,825.6,-50.0,0.0,0.0,0.0,0.0,400.0,0.0,0.0,0.0,0.0,0.0,0.0,48.0,717.4000000000001,4.443,24.902025,13.7593174,0.0,0.1870909005473063,0.0,0.0061353015555555,0.006136,404.428275,213.118236,0.0160148338135553,0.01585627110253,1.3939224979091165,0.0004786165785166,71.74,0.7173999999999999,0.0,-0.0058869448272971,44.50000000000001
122.0,13.4,1.0,717.4,0.0,0.0,0.0,24.0,20.0,26.0,24.0,25.0,25.0,24.0,24.0,24.0,0.7174,25.0,38.0,1233.6672222222223,4441202.0,0.0,0.0,4.98194444444444,3.98555555555556,3.73645833333333,25.0,1821.3,1792.6,1358.8,1296.0,0.0,192.0,0.0,0.0,716.0,2334.0,3.72,24.0,3.72,77.0,0.0,1233.66722222222,0.0,49.0,26.0,26.0,20.5,55.0,28.0,28.0,26.0,28.0,28.0,22.0,22.0,2.0,0.2900000000000204,89.0,24.5,13.835,720.1,23.94,13.961,26.0,-62.5,3.0,0.0,0.0,0.0,22.0,179.0,0.0,28.0,1.0,0.0,825.6,0.0,0.0,0.6000000000000001,9.0,0.0,30.0,0.0,28.0,28.0,350.0,825.6,-50.0,0.0,0.0,0.0,0.0,400.0,0.0,0.0,0.0,0.0,0.0,0.0,48.0,717.4000000000001,4.443,59.61837750000001,13.7715249,4.5,0.2227079103982361,0.0,0.0074496541666666,0.00745,404.429589,213.11955,0.0160148338135553,0.01585627110253,1.3939224979091165,0.0004786165785166,71.74,0.7173999999999999,0.0,0.005905392418501,23.64999999999998
123.0,13.4,1.0,717.4,0.0,0.0,0.0,24.0,20.0,26.0,24.0,25.0,25.0,24.0,24.0,24.0,0.7174,25.0,38.0,1233.6672222222223,4441202.0,0.0,0.0,4.98194444444444,3.98555555555556,3.73645833333333,25.0,1821.3,1792.6,1358.8,1296.0,0.0,192.0,0.0,0.0,716.0,2334.0,3.72,24.0,3.72,77.0,0.0,1233.66722222222,0.0,49.0,26.0,26.0,20.5,55.0,28.0,28.0,26.0,28.0,28.0,22.0,22.0,2.0,0.2900000000000204,89.0,24.5,13.835,720.1,23.94,13.961,26.0,-62.5,3.0,0.0,0.0,0.0,22.0,179.0,0.0,28.0,1.0,0.0,825.6,0.0,0.0,0.6000000000000001,9.0,0.0,30.0,0.0,28.0,28.0,350.0,825.6,-50.0,0.0,0.0,0.0,0.0,400.0,0.0,0.0,0.0,0.0,0.0,0.0,48.0,716.6,4.444,59.61837750000001,13.7715249,4.5,0.2227079103982361,0.0,0.0074496541666666,0.00745,404.429589,213.11955,0.0160148338135553,0.01585627110253,1.3939224979091165,0.0004786165785166,71.74,0.7173999999999999,0.0,0.005905392418501,23.64999999999998
124.0,13.4,10.6,716.5,0.0,0.0,0.0,24.0,20.0,26.0,24.0,25.0,25.0,24.0,24.0,24.0,7.5949,25.0,38.0,1233.6677777777777,4441204.0,0.0,0.0,4.97569444444444,3.98055555555556,3.73177083333333,25.0,1821.3,1792.6,1358.8,1296.0,0.0,767.0,0.0,0.0,714.0,2334.0,3.72,9.0,3.72,40.0,0.0,1233.66777777778,0.0,49.0,26.0,26.0,20.5,55.0,28.0,28.0,26.0,28.0,28.0,22.0,22.0,11.0,0.2900000000000204,89.0,24.5,13.828,719.5,25.36,13.957,26.0,-62.5,3.0,0.0,0.0,0.0,22.0,179.0,0.0,28.0,1.0,0.0,825.6,0.0,0.0,0.6000000000000001,9.0,0.0,30.0,0.0,28.0,28.0,350.0,825.6,-50.0,0.0,0.0,0.0,0.0,400.0,0.0,0.0,0.0,0.0,0.0,0.0,48.0,716.6,4.444,59.61837750000001,13.7715249,4.5,0.432867529655575,0.0,0.0147675340277777,0.014768,404.436907,213.126868,0.0209344420479921,0.0207271703445466,0.2633346061172629,0.0048708992420166,379.745,7.5949,0.0,0.0324687267244356,25.06999999999998
125.0,13.4,10.6,716.5,0.0,0.0,0.0,24.0,20.0,26.0,24.0,25.0,25.0,24.0,24.0,24.0,7.5949,25.0,38.0,1233.6677777777777,4441204.0,0.0,0.0,4.97569444444444,3.98055555555556,3.73177083333333,25.0,1821.3,1792.6,1358.8,1296.0,0.0,767.0,0.0,0.0,714.0,2334.0,3.72,9.0,3.72,40.0,0.0,1233.66777777778,0.0,49.0,26.0,26.0,20.5,55.0,28.0,28.0,26.0,28.0,28.0,22.0,22.0,11.0,0.2900000000000204,89.0,24.5,13.828,719.5,25.36,13.957,26.0,-24.6,3.0,0.0,0.0,0.0,22.0,179.0,0.0,28.0,1.0,0.0,825.6,0.0,0.0,0.6000000000000001,9.0,0.0,30.0,0.0,28.0,28.0,350.0,825.6,-50.0,0.0,0.0,0.0,0.0,400.0,0.0,0.0,0.0,0.0,0.0,0.0,48.0,716.6,4.444,40.4779975,13.7803143,13.109375,0.432867529655575,0.0,0.0147675340277777,0.014768,404.436907,213.126868,0.0209344420479921,0.0207271703445466,0.2633346061172629,0.0048708992420166,379.745,7.5949,0.0,0.0324687267244356,25.06999999999998
126.0,13.3,5.2,716.9,0.0,0.0,0.0,24.0,20.0,26.0,24.0,25.0,25.0,24.0,24.0,24.0,3.72788,25.0,38.0,1233.6683333333333,4441206.0,0.0,0.0,4.97847222222222,3.98277777777778,3.73385416666667,25.0,1821.3,1792.6,1358.8,1296.0,0.0,1164.0,0.0,0.0,715.0,2321.0,3.72,9.0,3.72,77.0,0.0,1233.66833333333,0.0,49.0,26.0,26.0,20.5,55.0,28.0,28.0,26.0,28.0,28.0,22.0,22.0,15.0,0.2900000000000204,89.0,24.5,13.828,719.5,25.36,13.957,26.0,-24.6,3.0,0.0,0.0,0.0,22.0,179.0,0.0,28.0,1.0,0.0,825.6,0.0,0.0,0.6000000000000001,9.0,0.0,30.0,0.0,28.0,28.0,350.0,825.6,-50.0,0.0,0.0,0.0,0.0,400.0,0.0,0.0,0.0,0.0,0.0,0.0,48.0,717.0,4.443,40.4779975,13.7803143,13.109375,0.7107089951907135,0.0,0.0247177065277777,0.024718,404.446857,213.136818,0.0234750139062644,0.0232425880260044,2.950738757685333,0.0025154176814577,33.889818181818185,3.72788,0.0,0.0443660470082754,25.06999999999998
127.0,13.3,5.2,716.9,0.0,0.0,0.0,24.0,20.0,26.0,24.0,25.0,25.0,24.0,24.0,24.0,3.72788,25.0,38.0,1233.6683333333333,4441206.0,0.0,0.0,4.97847222222222,3.98277777777778,3.73385416666667,25.0,1821.3,1792.6,1358.8,1296.0,0.0,1164.0,0.0,0.0,715.0,2321.0,3.72,9.0,3.72,77.0,0.0,1233.66833333333,0.0,49.0,26.0,26.0,20.5,55.0,28.0,28.0,26.0,28.0,28.0,22.0,22.0,15.0,0.4599999999999795,89.0,24.5,13.825,719.5,24.19,13.949,26.0,-55.5,3.0,0.0,0.0,0.0,22.0,179.0,0.0,28.0,1.0,0.0,825.6,0.0,0.0,0.6000000000000001,9.0,0.0,30.0,0.0,28.0,28.0,350.0,825.6,-50.0,0.0,0.0,0.0,0.0,400.0,0.0,0.0,0.0,0.0,0.0,0.0,48.0,717.0,4.443,34.7163525,13.770548300000002,16.3125,0.7107089951907135,0.0,0.0247177065277777,0.024718,404.446857,213.136818,0.0234750139062644,0.0232425880260044,2.950738757685333,0.0025154176814577,33.889818181818185,3.72788,0.0,0.0443660470082754,23.73000000000002
128.0,13.4,10.3,716.3,0.0,0.0,0.0,24.0,20.0,26.0,24.0,25.0,25.0,24.0,24.0,24.0,7.37789,25.0,38.0,1233.6691666666666,4441209.0,0.0,0.0,4.97430555555556,3.97944444444444,3.73072916666667,25.0,1821.3,1792.6,1358.8,1296.0,0.0,1386.0,0.0,0.0,714.0,2321.0,3.72,9.0,3.72,77.0,0.0,1233.66916666667,0.0,49.0,26.0,26.0,20.5,55.0,28.0,28.0,26.0,28.0,28.0,22.0,22.0,15.0,0.4599999999999795,89.0,24.5,13.825,719.5,24.19,13.949,26.0,-55.5,3.0,0.0,0.0,0.0,22.0,179.0,0.0,28.0,1.0,0.0,825.6,0.0,0.0,0.6000000000000001,9.0,0.0,30.0,0.0,28.0,28.0,350.0,825.6,-50.0,0.0,0.0,0.0,0.0,400.0,0.0,0.0,0.0,0.0,0.0,0.0,48.0,716.5,4.443,34.7163525,13.770548300000002,16.3125,0.7107089951907135,0.0,0.0247177065277777,0.024718,404.446857,213.136818,0.0283914936073247,0.0281103897102225,2.033101604930407,0.004867801684218,49.18593333333334,7.377890000000001,0.0,0.0443660470082754,23.73000000000002
129.0,13.4,10.3,716.3,0.0,0.0,0.0,24.0,20.0,26.0,24.0,25.0,25.0,24.0,24.0,24.0,7.37789,25.0,38.0,1233.6691666666666,4441209.0,0.0,0.0,4.97430555555556,3.97944444444444,3.73072916666667,25.0,1821.3,1792.6,1358.8,1296.0,0.0,1386.0,0.0,0.0,714.0,2321.0,3.72,9.0,3.72,77.0,0.0,1233.66916666667,0.0,49.0,26.0,26.0,20.5,55.0,28.0,28.0,26.0,28.0,28.0,22.0,22.0,18.0,0.2599999999999909,89.0,24.5,13.814,719.5,24.62,13.952,26.0,-7.9,3.0,0.0,0.0,0.0,22.0,179.0,0.0,28.0,1.0,0.0,825.6,0.0,0.0,0.6000000000000001,9.0,0.0,30.0,0.0,28.0,28.0,350.0,825.6,-50.0,0.0,0.0,0.0,0.0,400.0,0.0,0.0,0.0,0.0,0.0,0.0,48.0,716.5,4.443,34.7163525,13.770548300000002,16.3125,1.0419525902370697,0.0,0.0369458495277777,0.036946,404.459085,213.149046,0.0283914936073247,0.0281103897102225,2.033101604930407,0.004867801684218,49.18593333333334,7.377890000000001,0.0,0.0503021708295322,24.36000000000001
130.0,13.4,10.3,716.3,0.0,0.0,0.0,24.0,20.0,26.0,24.0,25.0,25.0,24.0,24.0,24.0,7.37789,25.0,38.0,1233.6691666666666,4441209.0,0.0,0.0,4.97430555555556,3.97944444444444,3.73072916666667,25.0,1821.3,1792.6,1358.8,1296.0,0.0,1386.0,0.0,0.0,714.0,2321.0,3.72,9.0,3.72,77.0,0.0,1233.66916666667,0.0,49.0,26.0,26.0,20.5,55.0,28.0,28.0,26.0,28.0,28.0,22.0,22.0,18.0,0.2599999999999909,89.0,24.5,13.814,719.5,24.62,13.952,26.0,-7.9,3.0,0.0,0.0,0.0,22.0,179.0,0.0,28.0,1.0,0.0,825.6,0.0,0.0,0.6000000000000001,9.0,0.0,30.0,0.0,28.0,28.0,350.0,825.6,-50.0,0.0,0.0,0.0,0.0,400.0,0.0,0.0,0.0,0.0,0.0,0.0,48.0,716.5,4.441,38.183105,13.770548300000002,20.25,1.0419525902370697,0.0,0.0369458495277777,0.036946,404.459085,213.149046,0.0283914936073247,0.0281103897102225,2.033101604930407,0.004867801684218,49.18593333333334,7.377890000000001,0.0,0.0503021708295322,24.36000000000001
131.0,13.3,0.9,717.0,0.0,0.0,0.0,24.0,20.0,26.0,24.0,25.0,25.0,24.0,24.0,24.0,0.6453,25.0,38.0,1233.6697222222222,4441211.0,0.0,0.0,4.97916666666667,3.98333333333333,3.734375,25.0,1821.3,1792.6,1358.8,1296.0,0.0,1724.0,0.0,0.0,715.0,2321.0,3.72,9.0,3.72,61.0,0.0,1233.66972222222,0.0,49.0,26.0,26.0,20.5,56.0,28.0,28.0,26.0,28.0,28.0,22.0,22.0,21.0,0.2599999999999909,89.0,24.5,13.814,719.5,24.62,13.952,26.0,-7.9,3.0,0.0,0.0,0.0,22.0,179.0,0.0,28.0,1.0,0.0,825.6,0.0,0.0,0.6000000000000001,9.0,0.0,30.0,0.0,28.0,28.0,350.0,825.6,-50.0,0.0,0.0,0.0,0.0,400.0,0.0,0.0,0.0,0.0,0.0,0.0,48.0,716.5,4.441,38.183105,13.770548300000002,20.25,1.4211623175970705,0.0,0.0513679845277777,0.051368,404.473507,213.163468,0.0288534562423502,0.0285677784577725,27.89400278940028,0.00045738874755,3.585,0.6453000000000001,0.0,0.0554960936083192,24.36000000000001
132.0,13.3,0.9,717.0,0.0,0.0,0.0,24.0,20.0,26.0,24.0,25.0,25.0,24.0,24.0,24.0,0.6453,25.0,38.0,1233.6697222222222,4441211.0,0.0,0.0,4.97916666666667,3.98333333333333,3.734375,25.0,1821.3,1792.6,1358.8,1296.0,0.0,1724.0,0.0,0.0,715.0,2321.0,3.72,9.0,3.72,61.0,0.0,1233.66972222222,0.0,49.0,26.0,26.0,20.5,56.0,28.0,28.0,26.0,28.0,28.0,22.0,22.0,21.0,0.2900000000000204,89.0,24.5,13.806,720.8000000000001,25.38,13.952,26.0,6.4,3.0,0.0,0.0,0.0,22.0,179.0,0.0,28.0,1.0,0.0,825.6,0.0,0.0,0.6000000000000001,9.0,0.0,30.0,0.0,28.0,28.0,350.0,825.6,-50.0,0.0,0.0,0.0,0.0,400.0,0.0,0.0,0.0,0.0,0.0,0.0,48.0,716.5,4.441,20.214585000000003,13.760294,20.875,1.4211623175970705,0.0,0.0513679845277777,0.051368,404.473507,213.163468,0.0288534562423502,0.0285677784577725,27.89400278940028,0.00045738874755,3.585,0.6453000000000001,0.0,0.0554960936083192,25.08999999999998
133.0,13.3,-12.6,718.4,0.0,0.0,0.0,24.0,20.0,26.0,24.0,25.0,25.0,24.0,24.0,24.0,-9.05184,25.0,38.0,1233.6705555555557,4441214.0,0.0,0.0,4.98888888888889,3.99111111111111,3.74166666666667,25.0,1821.3,1792.6,1358.8,1296.0,0.0,1349.0,0.0,0.0,717.0,2337.0,3.74,9.0,3.72,77.0,0.0,1233.67055555556,0.0,49.0,26.0,26.0,20.5,56.0,28.0,28.0,26.0,28.0,28.0,22.0,22.0,21.0,0.2900000000000204,89.0,24.5,13.806,720.8000000000001,25.38,13.952,26.0,6.4,3.0,0.0,0.0,0.0,22.0,179.0,0.0,28.0,1.0,0.0,825.6,0.0,0.0,0.6000000000000001,9.0,0.0,30.0,0.0,28.0,28.0,350.0,825.6,-50.0,0.0,0.0,0.0,0.0,400.0,0.0,0.0,0.0,0.0,0.0,0.0,48.0,718.1,4.443,20.214585000000003,13.760294,20.875,1.4211623175970705,0.0,0.0513679845277777,0.051368,404.473507,213.163468,0.0225411684694486,0.0223179885836125,-2.319970304380103,-0.00624978987416,-43.104000000000006,-9.05184,0.0,0.0554960936083192,25.08999999999998
134.0,13.3,-12.6,718.4,0.0,0.0,0.0,24.0,20.0,26.0,24.0,25.0,25.0,24.0,24.0,24.0,-9.05184,25.0,38.0,1233.6705555555557,4441214.0,0.0,0.0,4.98888888888889,3.99111111111111,3.74166666666667,25.0,1821.3,1792.6,1358.8,1296.0,0.0,1349.0,0.0,0.0,717.0,2337.0,3.74,9.0,3.72,77.0,0.0,1233.67055555556,0.0,49.0,26.0,26.0,20.5,56.0,28.0,28.0,26.0,28.0,28.0,22.0,22.0,15.0,0.2599999999999909,89.0,24.5,13.781,721.5,29.79,13.942,26.0,5.2,3.0,0.0,0.0,0.0,22.0,179.0,0.0,28.0,1.0,0.0,825.6,0.0,0.0,0.6000000000000001,9.0,0.0,30.0,0.0,28.0,28.0,350.0,825.6,-50.0,0.0,0.0,0.0,0.0,400.0,0.0,0.0,0.0,0.0,0.0,0.0,48.0,718.1,4.443,3.808545000000001,13.740762,12.375,1.6695102147068552,0.0,0.0614687545277777,0.061469,404.483608,213.173569,0.0225411684694486,0.0223179885836125,-2.319970304380103,-0.00624978987416,-43.104000000000006,-9.05184,0.0,0.0554960936083192,29.53000000000001
135.0,13.3,-12.6,718.4,0.0,0.0,0.0,24.0,20.0,26.0,24.0,25.0,25.0,24.0,24.0,24.0,-9.05184,25.0,38.0,1233.6705555555557,4441214.0,0.0,0.0,4.98888888888889,3.99111111111111,3.74166666666667,25.0,1821.3,1792.6,1358.8,1296.0,0.0,1349.0,0.0,0.0,717.0,2337.0,3.74,9.0,3.72,77.0,0.0,1233.67055555556,0.0,49.0,26.0,26.0,20.5,56.0,28.0,28.0,26.0,28.0,28.0,22.0,22.0,15.0,0.2599999999999909,89.0,24.5,13.781,721.5,29.79,13.942,26.0,5.2,3.0,0.0,0.0,0.0,22.0,179.0,0.0,28.0,1.0,0.0,825.6,0.0,0.0,0.6000000000000001,9.0,0.0,30.0,0.0,28.0,28.0,350.0,825.6,-50.0,0.0,0.0,0.0,0.0,400.0,0.0,0.0,0.0,0.0,0.0,0.0,48.0,717.9000000000001,4.443,3.808545000000001,13.740762,12.375,1.6695102147068552,0.0,0.0614687545277777,0.061469,404.483608,213.173569,0.0225411684694486,0.0223179885836125,-2.319970304380103,-0.00624978987416,-43.104000000000006,-9.05184,0.0,0.0554960936083192,29.53000000000001
136.0,13.4,-1.4,717.6,0.0,0.0,0.0,24.0,20.0,26.0,24.0,25.0,25.0,24.0,24.0,24.0,-1.00464,25.0,38.0,1233.671111111111,4441216.0,0.0,0.0,4.98333333333333,3.98666666666667,3.7375,25.0,1821.3,1792.6,1358.8,1296.0,0.0,701.0,0.0,0.0,716.0,2337.0,3.74,9.0,3.72,49.0,0.0,1233.67111111111,0.0,49.0,26.0,26.0,20.5,56.0,28.0,28.0,26.0,28.0,28.0,22.0,22.0,8.0,0.3100000000000023,89.0,24.5,13.81,720.1,24.24,13.949,26.0,5.2,3.0,0.0,0.0,0.0,22.0,179.0,0.0,28.0,1.0,0.0,825.6,0.0,0.0,0.6000000000000001,9.0,0.0,30.0,0.0,28.0,28.0,350.0,825.6,-50.0,0.0,0.0,0.0,0.0,400.0,0.0,0.0,0.0,0.0,0.0,0.0,48.0,717.9000000000001,4.443,3.808545000000001,13.740762,12.375,1.7805155272736517,0.0,0.0667258358611111,0.066726,404.488865,213.178826,0.0218902663947044,0.0216735310838658,-14.930721452460585,-0.0006444574997466,-6.6976,-1.00464,0.0,,23.929999999999996
137.0,13.4,-1.4,717.6,0.0,0.0,0.0,24.0,20.0,26.0,24.0,25.0,25.0,24.0,24.0,24.0,-1.00464,25.0,38.0,1233.671111111111,4441216.0,0.0,0.0,4.98333333333333,3.98666666666667,3.7375,25.0,1821.3,1792.6,1358.8,1296.0,0.0,701.0,0.0,0.0,716.0,2337.0,3.74,9.0,3.72,49.0,0.0,1233.67111111111,0.0,49.0,26.0,26.0,20.5,56.0,28.0,28.0,26.0,28.0,28.0,22.0,22.0,8.0,0.3100000000000023,89.0,24.5,13.81,720.1,24.24,13.949,26.0,-8.9,3.0,0.0,0.0,0.0,22.0,179.0,0.0,28.0,1.0,0.0,825.6,0.0,0.0,0.6000000000000001,9.0,0.0,30.0,0.0,28.0,28.0,350.0,825.6,-50.0,0.0,0.0,0.0,0.0,400.0,0.0,0.0,0.0,0.0,0.0,0.0,48.0,717.9000000000001,4.443,38.3295875,13.770548300000002,8.328125,1.7805155272736517,0.0,0.0667258358611111,0.066726,404.488865,213.178826,0.0218902663947044,0.0216735310838658,-14.930721452460585,-0.0006444574997466,-6.6976,-1.00464,0.0,,23.929999999999996
138.0,13.4,16.3,716.0,0.0,0.0,0.0,24.0,20.0,26.0,24.0,25.0,25.0,24.0,24.0,24.0,11.6708,25.0,38.0,1233.6716666666666,4441218.0,0.0,0.0,4.97222222222222,3.97777777777778,3.72916666666667,25.0,1821.3,1792.6,1358.8,1296.0,0.0,1083.0,0.0,0.0,714.0,2337.0,3.72,9.0,3.72,49.0,0.0,1233.67166666667,0.0,49.0,26.0,26.0,20.5,56.0,28.0,28.0,26.0,28.0,28.0,22.0,22.0,15.0,0.3100000000000023,89.0,24.5,13.81,720.1,24.24,13.949,26.0,-8.9,3.0,0.0,0.0,0.0,22.0,179.0,0.0,28.0,1.0,0.0,825.6,0.0,0.0,0.6000000000000001,9.0,0.0,30.0,0.0,28.0,28.0,350.0,825.6,-50.0,0.0,0.0,0.0,0.0,400.0,0.0,0.0,0.0,0.0,0.0,0.0,48.0,716.5,4.443,38.3295875,13.770548300000002,8.328125,2.0115785189553175,0.0,0.0767261475277777,0.076726,404.498865,213.188826,0.0297366014490578,0.0294421796525325,0.6854714329780306,0.0077686485686666,145.88500000000002,11.670800000000002,0.0,,23.929999999999996
139.0,13.4,16.3,716.0,0.0,0.0,0.0,24.0,20.0,26.0,24.0,25.0,25.0,24.0,24.0,24.0,11.6708,25.0,38.0,1233.6716666666666,4441218.0,0.0,0.0,4.97222222222222,3.97777777777778,3.72916666666667,25.0,1821.3,1792.6,1358.8,1296.0,0.0,1083.0,0.0,0.0,714.0,2337.0,3.72,9.0,3.72,49.0,0.0,1233.67166666667,0.0,49.0,26.0,26.0,20.5,56.0,28.0,28.0,26.0,28.0,28.0,22.0,22.0,15.0,0.2800000000000295,89.0,24.5,13.808,719.0,24.7,13.941,26.0,-32.800000000000004,3.0,0.0,0.0,0.0,22.0,179.0,0.0,28.0,1.0,0.0,825.6,0.0,0.0,0.6000000000000001,9.0,0.0,30.0,0.0,28.0,28.0,350.0,825.6,-50.0,0.0,0.0,0.0,0.0,400.0,0.0,0.0,0.0,0.0,0.0,0.0,48.0,716.5,4.443,48.4857075,13.7612706,16.0,2.0115785189553175,0.0,0.0767261475277777,0.076726,404.498865,213.188826,0.0297366014490578,0.0294421796525325,0.6854714329780306,0.0077686485686666,145.88500000000002,11.670800000000002,0.0,,24.41999999999997
140.0,13.3,0.1,717.1,0.0,0.0,0.0,24.0,20.0,26.0,24.0,25.0,25.0,24.0,24.0,24.0,0.07171,25.0,38.0,1233.6725,4441221.0,0.0,0.0,4.97986111111111,3.98388888888889,3.73489583333333,25.0,1821.3,1792.6,1358.8,1296.0,0.0,1652.0,0.0,0.0,715.0,2337.0,3.72,9.0,3.72,77.0,0.0,1233.6725,0.0,49.0,26.0,26.0,20.5,56.0,28.0,28.0,26.0,28.0,28.0,22.0,22.0,15.0,0.2800000000000295,89.0,24.5,13.808,719.0,24.7,13.941,26.0,-32.800000000000004,3.0,0.0,0.0,0.0,22.0,179.0,0.0,28.0,1.0,0.0,825.6,0.0,0.0,0.6000000000000001,9.0,0.0,30.0,0.0,28.0,28.0,350.0,825.6,-50.0,0.0,0.0,0.0,0.0,400.0,0.0,0.0,0.0,0.0,0.0,0.0,48.0,716.1,4.443,48.4857075,13.7612706,16.0,2.0115785189553175,0.0,0.0767261475277777,0.076726,404.498865,213.188826,0.0297849581487743,0.0294900575730438,209.175847162181,4.787792051138889e-05,0.4780666666666666,0.07171,0.0,,24.41999999999997
141.0,13.3,0.1,717.1,0.0,0.0,0.0,24.0,20.0,26.0,24.0,25.0,25.0,24.0,24.0,24.0,0.07171,25.0,38.0,1233.6725,4441221.0,0.0,0.0,4.97986111111111,3.98388888888889,3.73489583333333,25.0,1821.3,1792.6,1358.8,1296.0,0.0,1652.0,0.0,0.0,715.0,2337.0,3.72,9.0,3.72,77.0,0.0,1233.6725,0.0,49.0,26.0,26.0,20.5,56.0,28.0,28.0,26.0,28.0,28.0,22.0,22.0,20.0,0.2599999999999909,89.0,24.5,13.808,720.8000000000001,25.03,13.937,26.0,-40.900000000000006,3.0,0.0,0.0,0.0,22.0,179.0,0.0,28.0,1.0,0.0,825.6,0.0,0.0,0.6000000000000001,9.0,0.0,30.0,0.0,28.0,28.0,350.0,825.6,-50.0,0.0,0.0,0.0,0.0,400.0,0.0,0.0,0.0,0.0,0.0,0.0,48.0,716.1,4.443,48.4857075,13.7612706,16.0,2.3102441372882203,0.0,0.0896056708611111,0.089606,404.511745,213.201706,0.0297849581487743,0.0294900575730438,209.175847162181,4.787792051138889e-05,0.4780666666666666,0.07171,0.0,,24.77000000000001
142.0,13.3,0.1,717.1,0.0,0.0,0.0,24.0,20.0,26.0,24.0,25.0,25.0,24.0,24.0,24.0,0.07171,25.0,38.0,1233.6725,4441221.0,0.0,0.0,4.97986111111111,3.98388888888889,3.73489583333333,25.0,1821.3,1792.6,1358.8,1296.0,0.0,1652.0,0.0,0.0,715.0,2337.0,3.72,9.0,3.72,77.0,0.0,1233.6725,0.0,49.0,26.0,26.0,20.5,56.0,28.0,28.0,26.0,28.0,28.0,22.0,22.0,20.0,0.2599999999999909,89.0,24.5,13.808,720.8000000000001,25.03,13.937,26.0,-40.900000000000006,3.0,0.0,0.0,0.0,22.0,179.0,0.0,28.0,1.0,0.0,825.6,0.0,0.0,0.6000000000000001,9.0,0.0,30.0,0.0,28.0,28.0,350.0,825.6,-50.0,0.0,0.0,0.0,0.0,400.0,0.0,0.0,0.0,0.0,0.0,0.0,48.0,717.9000000000001,4.441,22.070030000000003,13.7612706,20.140625,2.3102441372882203,0.0,0.0896056708611111,0.089606,404.511745,213.201706,0.0297849581487743,0.0294900575730438,209.175847162181,4.787792051138889e-05,0.4780666666666666,0.07171,0.0,,24.77000000000001
143.0,13.3,-17.0,718.8,0.0,0.0,0.0,24.0,20.0,26.0,24.0,25.0,25.0,24.0,24.0,24.0,-12.2196,25.0,38.0,1233.6730555555555,4441223.0,0.0,0.0,4.99166666666667,3.99333333333333,3.74375,25.0,1821.3,1792.6,1358.8,1296.0,0.0,1334.0,0.0,0.0,717.0,2330.0,3.74,9.0,3.74,64.0,0.0,1233.67305555556,0.0,49.0,26.0,26.0,20.5,56.0,28.0,28.0,26.0,28.0,28.0,22.0,22.0,15.0,0.2900000000000204,89.0,24.5,13.773,722.1,31.74,13.943,26.0,-40.900000000000006,3.0,0.0,0.0,0.0,22.0,179.0,0.0,28.0,1.0,0.0,825.6,0.0,0.0,0.6000000000000001,9.0,0.0,30.0,0.0,28.0,28.0,350.0,825.6,-50.0,0.0,0.0,0.0,0.0,400.0,0.0,0.0,0.0,0.0,0.0,0.0,48.0,717.9000000000001,4.441,22.070030000000003,13.7612706,20.140625,2.524373841872817,0.0,0.0995914841944444,0.099592,404.521731,213.211692,0.0217758062011393,0.0215602041595438,-1.6367147860813775,-0.0079298534134999,-61.098,-12.219599999999998,0.0,,31.449999999999978
144.0,13.3,-17.0,718.8,0.0,0.0,0.0,24.0,20.0,26.0,24.0,25.0,25.0,24.0,24.0,24.0,-12.2196,25.0,38.0,1233.6730555555555,4441223.0,0.0,0.0,4.99166666666667,3.99333333333333,3.74375,25.0,1821.3,1792.6,1358.8,1296.0,0.0,1334.0,0.0,0.0,717.0,2330.0,3.74,9.0,3.74,64.0,0.0,1233.67305555556,0.0,49.0,26.0,26.0,20.5,56.0,28.0,28.0,26.0,28.0,28.0,22.0,22.0,15.0,0.2900000000000204,89.0,24.5,13.773,722.1,31.74,13.943,26.0,-90.4,3.0,0.0,0.0,0.0,22.0,179.0,0.0,28.0,1.0,0.0,825.6,0.0,0.0,0.6000000000000001,9.0,0.0,30.0,0.0,28.0,28.0,350.0,825.6,-50.0,0.0,0.0,0.0,0.0,400.0,0.0,0.0,0.0,0.0,0.0,0.0,48.0,717.9000000000001,4.441,0.0,13.7305077,8.0,2.524373841872817,0.0,0.0995914841944444,0.099592,404.521731,213.211692,0.0217758062011393,0.0215602041595438,-1.6367147860813775,-0.0079298534134999,-61.098,-12.219599999999998,0.0,,31.449999999999978
145.0,13.3,-2.4,717.8,0.0,0.0,0.0,24.0,20.0,26.0,24.0,25.0,25.0,24.0,24.0,24.0,-1.72272,25.0,38.0,1233.673888888889,4441226.0,0.0,0.0,4.98472222222222,3.98777777777778,3.73854166666667,25.0,1821.3,1792.6,1358.8,1296.0,0.0,317.0,0.0,0.0,716.0,2330.0,3.74,9.0,3.72,64.0,0.0,1233.67388888889,0.0,49.0,26.0,26.0,20.5,56.0,28.0,28.0,26.0,28.0,28.0,22.0,22.0,15.0,0.2900000000000204,89.0,24.5,13.773,722.1,31.74,13.943,26.0,-90.4,3.0,0.0,0.0,0.0,22.0,179.0,0.0,28.0,1.0,0.0,825.6,0.0,0.0,0.6000000000000001,9.0,0.0,30.0,0.0,28.0,28.0,350.0,825.6,-50.0,0.0,0.0,0.0,0.0,400.0,0.0,0.0,0.0,0.0,0.0,0.0,48.0,718.2,4.443,0.0,13.7305077,8.0,2.524373841872817,0.0,0.0995914841944444,0.099592,404.521731,213.211692,0.0205841902149515,0.0203803863514372,-8.707160769016442,-0.0011798178081066,-11.484799999999996,-1.7227199999999998,0.0,,31.449999999999978
146.0,13.3,-2.4,717.8,0.0,0.0,0.0,24.0,20.0,26.0,24.0,25.0,25.0,24.0,24.0,24.0,-1.72272,25.0,38.0,1233.673888888889,4441226.0,0.0,0.0,4.98472222222222,3.98777777777778,3.73854166666667,25.0,1821.3,1792.6,1358.8,1296.0,0.0,317.0,0.0,0.0,716.0,2330.0,3.74,9.0,3.72,64.0,0.0,1233.67388888889,0.0,49.0,26.0,26.0,20.5,56.0,28.0,28.0,26.0,28.0,28.0,22.0,22.0,2.0,0.6399999999999864,89.0,24.5,13.805,719.8000000000001,25.58,13.939,26.0,-72.5,3.0,0.0,0.0,0.0,22.0,179.0,0.0,28.0,1.0,0.0,825.6,0.0,0.0,0.6000000000000001,9.0,0.0,30.0,0.0,28.0,28.0,350.0,825.6,-50.0,0.0,0.0,0.0,0.0,400.0,0.0,0.0,0.0,0.0,0.0,0.0,48.0,718.2,4.443,0.0,13.7305077,8.0,2.5148403516428623,0.0,0.10105257725,0.101053,404.523192,213.213153,0.0205841902149515,0.0203803863514372,-8.707160769016442,-0.0011798178081066,-11.484799999999996,-1.7227199999999998,0.0,,24.940000000000012
147.0,13.3,-2.4,717.8,0.0,0.0,0.0,24.0,20.0,26.0,24.0,25.0,25.0,24.0,24.0,24.0,-1.72272,25.0,38.0,1233.673888888889,4441226.0,0.0,0.0,4.98472222222222,3.98777777777778,3.73854166666667,25.0,1821.3,1792.6,1358.8,1296.0,0.0,317.0,0.0,0.0,716.0,2330.0,3.74,9.0,3.72,64.0,0.0,1233.67388888889,0.0,49.0,26.0,26.0,20.5,56.0,28.0,28.0,26.0,28.0,28.0,22.0,22.0,2.0,0.6399999999999864,89.0,24.5,13.805,719.8000000000001,25.58,13.939,26.0,-72.5,3.0,0.0,0.0,0.0,22.0,179.0,0.0,28.0,1.0,0.0,825.6,0.0,0.0,0.6000000000000001,9.0,0.0,30.0,0.0,28.0,28.0,350.0,825.6,-50.0,0.0,0.0,0.0,0.0,400.0,0.0,0.0,0.0,0.0,0.0,0.0,48.0,716.7,4.443,57.4699675,13.7612706,5.453125,2.5148403516428623,0.0,0.10105257725,0.101053,404.523192,213.213153,0.0205841902149515,0.0203803863514372,-8.707160769016442,-0.0011798178081066,-11.484799999999996,-1.7227199999999998,0.0,,24.940000000000012
148.0,13.4,9.1,716.6,0.0,0.0,0.0,25.0,20.0,26.0,24.0,25.0,25.0,24.0,24.0,24.0,6.52106,25.0,38.0,1233.6744444444444,4441228.0,0.0,0.0,4.97638888888889,3.98111111111111,3.73229166666667,25.0,1821.3,1792.6,1358.8,1296.0,0.0,717.0,0.0,0.0,715.0,2330.0,3.72,9.0,3.72,49.0,0.0,1233.67444444444,0.0,49.0,26.5,26.5,20.5,56.0,28.0,28.0,26.0,28.0,28.0,22.0,22.0,9.0,0.2800000000000295,89.0,24.5,13.812,720.1,24.32,13.953,26.0,-72.5,3.0,0.0,0.0,0.0,22.0,179.0,0.0,28.0,1.0,0.0,825.6,0.0,0.0,0.6000000000000001,9.0,0.0,30.0,0.0,28.0,28.0,350.0,825.6,-50.0,0.0,0.0,0.0,0.0,400.0,0.0,0.0,0.0,0.0,0.0,0.0,48.0,716.7,4.443,57.4699675,13.7612706,5.453125,2.618539965572988,0.0,0.1069293185,0.10693,404.529069,213.21903,0.0251963244478047,0.0249468558889155,0.3066986042146522,0.0045664695374783,326.053,6.52106,0.0,,24.03999999999997
149.0,13.4,9.1,716.6,0.0,0.0,0.0,25.0,20.0,26.0,24.0,25.0,25.0,24.0,24.0,24.0,6.52106,25.0,38.0,1233.6744444444444,4441228.0,0.0,0.0,4.97638888888889,3.98111111111111,3.73229166666667,25.0,1821.3,1792.6,1358.8,1296.0,0.0,717.0,0.0,0.0,715.0,2330.0,3.72,9.0,3.72,49.0,0.0,1233.67444444444,0.0,49.0,26.5,26.5,20.5,56.0,28.0,28.0,26.0,28.0,28.0,22.0,22.0,9.0,0.2800000000000295,89.0,24.5,13.812,720.1,24.32,13.953,26.0,-29.6,3.0,0.0,0.0,0.0,22.0,179.0,0.0,28.0,1.0,0.0,825.6,0.0,0.0,0.6000000000000001,9.0,0.0,30.0,0.0,28.0,28.0,350.0,825.6,-50.0,0.0,0.0,0.0,0.0,400.0,0.0,0.0,0.0,0.0,0.0,0.0,48.0,716.7,4.443,22.9000975,13.770548300000002,9.734375,2.618539965572988,0.0,0.1069293185,0.10693,404.529069,213.21903,0.0251963244478047,0.0249468558889155,0.3066986042146522,0.0045664695374783,326.053,6.52106,0.0,,24.03999999999997
150.0,13.4,1.8,717.2,0.0,0.0,0.0,25.0,20.0,26.0,24.0,25.0,25.0,24.0,24.0,24.0,1.29096,25.0,38.0,1233.675,4441230.0,0.0,0.0,4.98055555555556,3.98444444444444,3.73541666666667,25.0,1821.3,1792.6,1358.8,1296.0,0.0,673.0,0.0,0.0,715.0,2330.0,3.72,11.0,3.72,77.0,0.0,1233.675,0.0,49.0,26.0,26.0,20.5,56.0,28.0,28.0,26.0,28.0,28.0,22.0,22.0,9.0,0.2800000000000295,89.0,24.5,13.812,720.1,24.32,13.953,26.0,-29.6,3.0,0.0,0.0,0.0,22.0,179.0,0.0,28.0,1.0,0.0,825.6,0.0,0.0,0.6000000000000001,9.0,0.0,30.0,0.0,28.0,28.0,350.0,825.6,-50.0,0.0,0.0,0.0,0.0,400.0,0.0,0.0,0.0,0.0,0.0,0.0,48.0,717.3000000000001,4.443,22.9000975,13.770548300000002,9.734375,2.618539965572988,0.0,0.1069293185,0.10693,404.529069,213.21903,0.0260212508713567,0.0257636147241155,6.971556051310653,0.0008167588352,14.343999999999998,1.29096,0.0,,24.03999999999997
151.0,13.4,1.8,717.2,0.0,0.0,0.0,25.0,20.0,26.0,24.0,25.0,25.0,24.0,24.0,24.0,1.29096,25.0,38.0,1233.675,4441230.0,0.0,0.0,4.98055555555556,3.98444444444444,3.73541666666667,25.0,1821.3,1792.6,1358.8,1296.0,0.0,673.0,0.0,0.0,715.0,2330.0,3.72,11.0,3.72,77.0,0.0,1233.675,0.0,49.0,26.0,26.0,20.5,56.0,28.0,28.0,26.0,28.0,28.0,22.0,22.0,8.0,0.2900000000000204,89.0,24.5,13.815,719.5,24.31,13.94,26.0,7.800000000000001,3.0,0.0,0.0,0.0,22.0,179.0,0.0,28.0,1.0,0.0,825.6,0.0,0.0,0.6000000000000001,9.0,0.0,30.0,0.0,28.0,28.0,350.0,825.6,-50.0,0.0,0.0,0.0,0.0,400.0,0.0,0.0,0.0,0.0,0.0,0.0,48.0,717.3000000000001,4.443,46.28847,13.7695717,8.65625,2.702984347458137,0.0,0.1121372718333333,0.112138,404.534277,213.224238,0.0260212508713567,0.0257636147241155,6.971556051310653,0.0008167588352,14.343999999999998,1.29096,0.0,,24.01999999999998
152.0,13.4,20.6,715.5,0.0,0.0,0.0,25.0,20.0,26.0,24.0,25.0,25.0,24.0,24.0,24.0,14.7393,25.0,38.0,1233.6758333333332,4441233.0,0.0,0.0,4.96875,3.975,3.7265625,25.0,1821.3,1792.6,1358.8,1296.0,0.0,1062.0,0.0,0.0,714.0,2330.0,3.72,20.0,3.72,77.0,0.0,1233.67583333333,0.0,49.0,26.0,26.0,20.5,56.0,28.0,28.0,26.0,28.0,28.0,22.0,22.0,8.0,0.2900000000000204,89.0,24.5,13.815,719.5,24.31,13.94,26.0,7.800000000000001,3.0,0.0,0.0,0.0,22.0,179.0,0.0,28.0,1.0,0.0,825.6,0.0,0.0,0.6000000000000001,9.0,0.0,30.0,0.0,28.0,28.0,350.0,825.6,-50.0,0.0,0.0,0.0,0.0,400.0,0.0,0.0,0.0,0.0,0.0,0.0,48.0,716.3000000000001,4.443,46.28847,13.7695717,8.65625,2.702984347458137,0.0,0.1121372718333333,0.112138,404.534277,213.224238,0.0356929384782937,0.0353395430478155,0.5427666171392129,0.0095759283237,184.24125,14.739300000000002,0.0,,24.01999999999998
153.0,13.4,20.6,715.5,0.0,0.0,0.0,25.0,20.0,26.0,24.0,25.0,25.0,24.0,24.0,24.0,14.7393,25.0,38.0,1233.6758333333332,4441233.0,0.0,0.0,4.96875,3.975,3.7265625,25.0,1821.3,1792.6,1358.8,1296.0,0.0,1062.0,0.0,0.0,714.0,2330.0,3.72,20.0,3.72,77.0,0.0,1233.67583333333,0.0,49.0,26.0,26.0,20.5,56.0,28.0,28.0,26.0,28.0,28.0,22.0,22.0,15.0,0.2800000000000295,89.0,24.5,13.811,717.5,24.46,13.941,26.0,-9.8,3.0,0.0,0.0,0.0,22.0,179.0,0.0,28.0,1.0,0.0,825.6,0.0,0.0,0.6000000000000001,9.0,0.0,30.0,0.0,28.0,28.0,350.0,825.6,-50.0,0.0,0.0,0.0,0.0,400.0,0.0,0.0,0.0,0.0,0.0,0.0,48.0,716.3000000000001,4.443,46.28847,13.7695717,8.65625,2.887174062987393,0.0,0.1216000272499999,0.121601,404.54374,213.233701,0.0356929384782937,0.0353395430478155,0.5427666171392129,0.0095759283237,184.24125,14.739300000000002,0.0,,24.17999999999997
154.0,13.4,20.6,715.5,0.0,0.0,0.0,25.0,20.0,26.0,24.0,25.0,25.0,24.0,24.0,24.0,14.7393,25.0,38.0,1233.6758333333332,4441233.0,0.0,0.0,4.96875,3.975,3.7265625,25.0,1821.3,1792.6,1358.8,1296.0,0.0,1062.0,0.0,0.0,714.0,2330.0,3.72,20.0,3.72,77.0,0.0,1233.67583333333,0.0,49.0,26.0,26.0,20.5,56.0,28.0,28.0,26.0,28.0,28.0,22.0,22.0,15.0,0.2800000000000295,89.0,24.5,13.811,717.5,24.46,13.941,26.0,-9.8,3.0,0.0,0.0,0.0,22.0,179.0,0.0,28.0,1.0,0.0,825.6,0.0,0.0,0.6000000000000001,9.0,0.0,30.0,0.0,28.0,28.0,350.0,825.6,-50.0,0.0,0.0,0.0,0.0,400.0,0.0,0.0,0.0,0.0,0.0,0.0,48.0,715.6,4.443,58.4465175,13.770548300000002,16.0,2.887174062987393,0.0,0.1216000272499999,0.121601,404.54374,213.233701,0.0356929384782937,0.0353395430478155,0.5427666171392129,0.0095759283237,184.24125,14.739300000000002,0.0,,24.17999999999997
155.0,13.4,7.4,716.3,0.0,0.0,0.0,25.0,20.0,26.0,24.0,25.0,25.0,24.0,24.0,24.0,5.30062,25.0,38.0,1233.6763888888888,4441235.0,0.0,0.0,4.97430555555556,3.97944444444444,3.73072916666667,25.0,1821.3,1792.6,1358.8,1296.0,0.0,1609.0,0.0,0.0,714.0,2330.0,3.72,9.0,3.72,40.0,0.0,1233.67638888889,0.0,49.0,26.0,26.0,20.5,56.0,28.0,28.0,26.0,28.0,28.0,22.0,22.0,20.0,0.2599999999999909,89.0,24.5,13.81,720.2,24.14,13.946,26.0,-9.8,3.0,0.0,0.0,0.0,22.0,179.0,0.0,28.0,1.0,0.0,825.6,0.0,0.0,0.6000000000000001,9.0,0.0,30.0,0.0,28.0,28.0,350.0,825.6,-50.0,0.0,0.0,0.0,0.0,400.0,0.0,0.0,0.0,0.0,0.0,0.0,48.0,715.6,4.443,58.4465175,13.770548300000002,16.0,3.1412718420979524,0.0,0.1342960228055555,0.134297,404.556436,213.246397,0.0391398092891742,0.0387522864249249,2.829857639295026,0.0034127433771094,35.337466666666664,5.30062,0.0,,23.88000000000001
156.0,13.4,7.4,716.3,0.0,0.0,0.0,25.0,20.0,26.0,24.0,25.0,25.0,24.0,24.0,24.0,5.30062,25.0,38.0,1233.6763888888888,4441235.0,0.0,0.0,4.97430555555556,3.97944444444444,3.73072916666667,25.0,1821.3,1792.6,1358.8,1296.0,0.0,1609.0,0.0,0.0,714.0,2330.0,3.72,9.0,3.72,40.0,0.0,1233.67638888889,0.0,49.0,26.0,26.0,20.5,56.0,28.0,28.0,26.0,28.0,28.0,22.0,22.0,20.0,0.2599999999999909,89.0,24.5,13.81,720.2,24.14,13.946,26.0,-15.4,3.0,0.0,0.0,0.0,22.0,179.0,0.0,28.0,1.0,0.0,825.6,0.0,0.0,0.6000000000000001,9.0,0.0,30.0,0.0,28.0,28.0,350.0,825.6,-50.0,0.0,0.0,0.0,0.0,400.0,0.0,0.0,0.0,0.0,0.0,0.0,48.0,715.6,4.443,19.238035000000004,13.770548300000002,16.0,3.1412718420979524,0.0,0.1342960228055555,0.134297,404.556436,213.246397,0.0391398092891742,0.0387522864249249,2.829857639295026,0.0034127433771094,35.337466666666664,5.30062,0.0,,23.88000000000001
157.0,13.3,-9.5,718.0,0.0,0.0,0.0,25.0,20.0,26.0,24.0,25.0,25.0,24.0,24.0,24.0,-6.821,25.0,38.0,1233.6772222222223,4441238.0,0.0,0.0,4.98611111111111,3.98888888888889,3.73958333333333,25.0,1821.3,1792.6,1358.8,1296.0,0.0,1138.0,0.0,0.0,716.0,2330.0,3.74,9.0,3.72,77.0,0.0,1233.67722222222,0.0,49.0,26.0,26.0,20.5,57.0,28.0,28.0,26.0,28.0,28.0,22.0,22.0,13.0,0.2599999999999909,89.0,24.5,13.81,720.2,24.14,13.946,26.0,-15.4,3.0,0.0,0.0,0.0,22.0,179.0,0.0,28.0,1.0,0.0,825.6,0.0,0.0,0.6000000000000001,9.0,0.0,30.0,0.0,28.0,28.0,350.0,825.6,-50.0,0.0,0.0,0.0,0.0,400.0,0.0,0.0,0.0,0.0,0.0,0.0,48.0,717.7,4.443,19.238035000000004,13.770548300000002,16.0,3.2929160845727323,0.0,0.1429783895,0.142979,404.565118,213.255079,0.0345514415701509,0.0342093480892583,-2.9321213898255394,-0.0045429383356666,-34.10499999999999,-6.821,0.0,,23.88000000000001
158.0,13.3,-9.5,718.0,0.0,0.0,0.0,25.0,20.0,26.0,24.0,25.0,25.0,24.0,24.0,24.0,-6.821,25.0,38.0,1233.6772222222223,4441238.0,0.0,0.0,4.98611111111111,3.98888888888889,3.73958333333333,25.0,1821.3,1792.6,1358.8,1296.0,0.0,1138.0,0.0,0.0,716.0,2330.0,3.74,9.0,3.72,77.0,0.0,1233.67722222222,0.0,49.0,26.0,26.0,20.5,57.0,28.0,28.0,26.0,28.0,28.0,22.0,22.0,13.0,0.25,89.0,24.5,13.783,720.6,29.93,13.95,26.0,38.6,3.0,0.0,0.0,0.0,22.0,179.0,0.0,28.0,1.0,0.0,825.6,0.0,0.0,0.6000000000000001,9.0,0.0,30.0,0.0,28.0,28.0,350.0,825.6,-50.0,0.0,0.0,0.0,0.0,400.0,0.0,0.0,0.0,0.0,0.0,0.0,48.0,717.7,4.443,20.751687500000003,13.7612706,12.59375,3.2929160845727323,0.0,0.1429783895,0.142979,404.565118,213.255079,0.0345514415701509,0.0342093480892583,-2.9321213898255394,-0.0045429383356666,-34.10499999999999,-6.821,0.0,,29.68
159.0,13.3,9.5,716.5,0.0,0.0,0.0,25.0,20.0,26.0,24.0,25.0,25.0,24.0,24.0,24.0,6.80675,25.0,38.0,1233.6777777777777,4441240.0,0.0,0.0,4.97569444444444,3.98055555555556,3.73177083333333,25.0,1821.3,1792.6,1358.8,1296.0,0.0,1036.0,0.0,0.0,714.0,2330.0,3.72,9.0,3.72,64.0,0.0,1233.67777777778,0.0,49.0,26.0,26.0,20.5,57.0,28.0,28.0,26.0,28.0,28.0,22.0,22.0,13.0,0.25,89.0,24.5,13.783,720.6,29.93,13.95,26.0,38.6,3.0,0.0,0.0,0.0,22.0,179.0,0.0,28.0,1.0,0.0,825.6,0.0,0.0,0.6000000000000001,9.0,0.0,30.0,0.0,28.0,28.0,350.0,825.6,-50.0,0.0,0.0,0.0,0.0,400.0,0.0,0.0,0.0,0.0,0.0,0.0,48.0,717.0,4.443,20.751687500000003,13.7612706,12.59375,3.2929160845727323,0.0,0.1429783895,0.142979,404.565118,213.255079,0.0390102574244652,0.0386240172519458,1.909868880155728,0.0044146691626875,52.35961538461539,6.80675,0.0,,29.68
160.0,13.3,9.5,716.5,0.0,0.0,0.0,25.0,20.0,26.0,24.0,25.0,25.0,24.0,24.0,24.0,6.80675,25.0,38.0,1233.6777777777777,4441240.0,0.0,0.0,4.97569444444444,3.98055555555556,3.73177083333333,25.0,1821.3,1792.6,1358.8,1296.0,0.0,1036.0,0.0,0.0,714.0,2330.0,3.72,9.0,3.72,64.0,0.0,1233.67777777778,0.0,49.0,26.0,26.0,20.5,57.0,28.0,27.5,26.0,28.0,28.0,22.0,22.0,13.0,0.2800000000000295,89.0,24.5,13.811,718.3000000000001,24.22,13.944,26.0,-2.8000000000000003,3.0,0.0,0.0,0.0,22.0,179.0,0.0,28.0,1.0,0.0,825.6,0.0,0.0,0.6000000000000001,9.0,0.0,30.0,0.0,28.0,28.0,350.0,825.6,-50.0,0.0,0.0,0.0,0.0,400.0,0.0,0.0,0.0,0.0,0.0,0.0,48.0,717.0,4.443,20.751687500000003,13.7612706,12.59375,3.4376119963255,0.0,0.1515196700833333,0.15152,404.573659,213.26362,0.0390102574244652,0.0386240172519458,1.909868880155728,0.0044146691626875,52.35961538461539,6.80675,0.0,,23.93999999999997
161.0,13.3,9.5,716.5,0.0,0.0,0.0,25.0,20.0,26.0,24.0,25.0,25.0,24.0,24.0,24.0,6.80675,25.0,38.0,1233.6777777777777,4441240.0,0.0,0.0,4.97569444444444,3.98055555555556,3.73177083333333,25.0,1821.3,1792.6,1358.8,1296.0,0.0,1036.0,0.0,0.0,714.0,2330.0,3.72,9.0,3.72,64.0,0.0,1233.67777777778,0.0,49.0,26.0,26.0,20.5,57.0,28.0,27.5,26.0,28.0,28.0,22.0,22.0,13.0,0.2800000000000295,89.0,24.5,13.811,718.3000000000001,24.22,13.944,26.0,-2.8000000000000003,3.0,0.0,0.0,0.0,22.0,179.0,0.0,28.0,1.0,0.0,825.6,0.0,0.0,0.6000000000000001,9.0,0.0,30.0,0.0,28.0,28.0,350.0,825.6,-50.0,0.0,0.0,0.0,0.0,400.0,0.0,0.0,0.0,0.0,0.0,0.0,48.0,714.8000000000001,4.443,57.762932500000005,13.7495514,12.0,3.4376119963255,0.0,0.1515196700833333,0.15152,404.573659,213.26362,0.0390102574244652,0.0386240172519458,1.909868880155728,0.0044146691626875,52.35961538461539,6.80675,0.0,,23.93999999999997
162.0,13.3,26.4,714.7,0.0,0.0,0.0,25.0,20.0,26.0,24.0,25.0,25.0,24.0,24.0,24.0,18.86808,25.0,38.0,1233.6783333333333,4441242.0,0.0,0.0,4.96319444444444,3.97055555555556,3.72239583333333,25.0,1821.3,1792.6,1358.8,1296.0,0.0,1602.0,0.0,0.0,713.0,2319.0,3.72,20.0,3.72,49.0,0.0,1233.67833333333,0.0,49.0,26.5,26.5,20.5,57.0,28.0,27.5,26.0,28.0,28.0,22.0,22.0,21.0,0.2800000000000295,89.0,24.5,13.811,718.3000000000001,24.22,13.944,26.0,-2.8000000000000003,3.0,0.0,0.0,0.0,22.0,179.0,0.0,28.0,1.0,0.0,825.6,0.0,0.0,0.6000000000000001,9.0,0.0,30.0,0.0,28.0,28.0,350.0,825.6,-50.0,0.0,0.0,0.0,0.0,400.0,0.0,0.0,0.0,0.0,0.0,0.0,48.0,714.8000000000001,4.443,57.762932500000005,13.7495514,12.0,3.6986887206348342,0.0,0.1654872315,0.165488,404.587627,213.277588,0.0517121527895267,0.0512001512767591,0.688994322686781,0.0125761340248133,145.13907692307694,18.868080000000003,0.0,,23.93999999999997
163.0,13.3,26.4,714.7,0.0,0.0,0.0,25.0,20.0,26.0,24.0,25.0,25.0,24.0,24.0,24.0,18.86808,25.0,38.0,1233.6783333333333,4441242.0,0.0,0.0,4.96319444444444,3.97055555555556,3.72239583333333,25.0,1821.3,1792.6,1358.8,1296.0,0.0,1602.0,0.0,0.0,713.0,2319.0,3.72,20.0,3.72,49.0,0.0,1233.67833333333,0.0,49.0,26.5,26.5,20.5,57.0,28.0,27.5,26.0,28.0,28.0,22.0,22.0,21.0,0.2800000000000295,89.0,24.5,13.792,717.6,25.06,13.95,26.0,3.7,3.0,0.0,0.0,0.0,22.0,179.0,0.0,28.0,1.0,0.0,825.6,0.0,0.0,0.6000000000000001,9.0,0.0,30.0,0.0,28.0,28.0,350.0,825.6,-50.0,0.0,0.0,0.0,0.0,400.0,0.0,0.0,0.0,0.0,0.0,0.0,48.0,714.8000000000001,4.443,38.183105,13.7417386,20.0,3.6986887206348342,0.0,0.1654872315,0.165488,404.587627,213.277588,0.0517121527895267,0.0512001512767591,0.688994322686781,0.0125761340248133,145.13907692307694,18.868080000000003,0.0,,24.77999999999997
164.0,13.4,13.5,715.6,0.0,0.0,0.0,25.0,20.0,26.0,24.0,25.0,25.0,24.0,24.0,24.0,9.6606,25.0,38.0,1233.6791666666666,4441245.0,0.0,0.0,4.96944444444444,3.97555555555556,3.72708333333333,25.0,1821.3,1792.7,1358.8,1296.0,0.0,1846.0,0.0,0.0,714.0,2319.0,3.72,9.0,3.72,40.0,0.0,1233.67916666667,0.0,49.0,26.5,26.5,20.5,57.0,28.0,27.5,26.0,28.0,28.0,22.0,22.0,21.0,0.2800000000000295,89.0,24.5,13.792,717.6,25.06,13.95,26.0,3.7,3.0,0.0,0.0,0.0,22.0,179.0,0.0,28.0,1.0,0.0,825.6,0.0,0.0,0.6000000000000001,9.0,0.0,30.0,0.0,28.0,28.0,350.0,825.6,-50.0,0.0,0.0,0.0,0.0,400.0,0.0,0.0,0.0,0.0,0.0,0.0,48.0,715.8000000000001,4.443,38.183105,13.7417386,20.0,3.6986887206348342,0.0,0.1654872315,0.165488,404.587627,213.277588,0.0583857572664272,0.0578076804618091,2.1737780262095523,0.00660752918505,46.00285714285714,9.6606,0.0,,24.77999999999997
165.0,13.4,13.5,715.6,0.0,0.0,0.0,25.0,20.0,26.0,24.0,25.0,25.0,24.0,24.0,24.0,9.6606,25.0,38.0,1233.6791666666666,4441245.0,0.0,0.0,4.96944444444444,3.97555555555556,3.72708333333333,25.0,1821.3,1792.7,1358.8,1296.0,0.0,1846.0,0.0,0.0,714.0,2319.0,3.72,9.0,3.72,40.0,0.0,1233.67916666667,0.0,49.0,26.0,26.0,20.5,57.0,27.5,27.5,26.0,27.5,28.0,22.0,22.0,23.0,0.2599999999999909,89.0,24.5,13.792,718.2,25.4,13.923,26.0,-14.3,3.0,0.0,0.0,0.0,22.0,179.0,0.0,28.0,1.0,0.0,825.6,0.0,0.0,0.6000000000000001,9.0,0.0,30.0,0.0,28.0,28.0,350.0,825.6,-50.0,0.0,0.0,0.0,0.0,400.0,0.0,0.0,0.0,0.0,0.0,0.0,48.0,715.8000000000001,4.443,38.183105,13.7417386,20.0,3.992916099467792,0.0,0.1814170979444444,0.181418,404.603557,213.293518,0.0583857572664272,0.0578076804618091,2.1737780262095523,0.00660752918505,46.00285714285714,9.6606,0.0,,25.140000000000008
166.0,13.4,13.5,715.6,0.0,0.0,0.0,25.0,20.0,26.0,24.0,25.0,25.0,24.0,24.0,24.0,9.6606,25.0,38.0,1233.6791666666666,4441245.0,0.0,0.0,4.96944444444444,3.97555555555556,3.72708333333333,25.0,1821.3,1792.7,1358.8,1296.0,0.0,1846.0,0.0,0.0,714.0,2319.0,3.72,9.0,3.72,40.0,0.0,1233.67916666667,0.0,49.0,26.0,26.0,20.5,57.0,27.5,27.5,26.0,27.5,28.0,22.0,22.0,23.0,0.2599999999999909,89.0,24.5,13.792,718.2,25.4,13.923,26.0,-14.3,3.0,0.0,0.0,0.0,22.0,179.0,0.0,28.0,1.0,0.0,825.6,0.0,0.0,0.6000000000000001,9.0,0.0,30.0,0.0,28.0,28.0,350.0,825.6,-50.0,0.0,0.0,0.0,0.0,400.0,0.0,0.0,0.0,0.0,0.0,0.0,48.0,714.9000000000001,4.443,47.3138475,13.7612706,24.53125,3.992916099467792,0.0,0.1814170979444444,0.181418,404.603557,213.293518,0.0583857572664272,0.0578076804618091,2.1737780262095523,0.00660752918505,46.00285714285714,9.6606,0.0,,25.140000000000008
167.0,13.4,12.5,715.6,0.0,0.0,0.0,25.0,20.0,26.0,24.0,25.0,25.0,24.0,24.0,24.0,8.945,25.0,38.0,1233.6797222222222,4441247.0,0.0,0.0,4.96944444444444,3.97555555555556,3.72708333333333,25.0,1821.3,1792.7,1358.8,1296.0,0.0,2045.0,0.0,0.0,714.0,2319.0,3.72,9.0,3.72,41.0,0.0,1233.67972222222,0.0,49.0,26.5,26.5,20.5,57.0,27.5,27.5,26.0,27.5,28.0,22.0,22.0,26.0,0.2300000000000182,89.0,24.5,13.792,719.5,24.56,13.924,26.0,-14.3,3.0,0.0,0.0,0.0,22.0,179.0,0.0,28.0,1.0,0.0,825.6,0.0,0.0,0.6000000000000001,9.0,0.0,30.0,0.0,28.0,28.0,350.0,825.6,-50.0,0.0,0.0,0.0,0.0,400.0,0.0,0.0,0.0,0.0,0.0,0.0,48.0,714.9000000000001,4.443,47.3138475,13.7612706,24.53125,4.318653987105136,0.0,0.1991648525,0.199166,404.621305,213.311266,0.0644243407327897,0.0637864759730591,2.57126886528787,0.00597879551125,38.891304347826086,8.945,0.0,0.0379066965304756,24.32999999999998
168.0,13.4,12.5,715.6,0.0,0.0,0.0,25.0,20.0,26.0,24.0,25.0,25.0,24.0,24.0,24.0,8.945,25.0,38.0,1233.6797222222222,4441247.0,0.0,0.0,4.96944444444444,3.97555555555556,3.72708333333333,25.0,1821.3,1792.7,1358.8,1296.0,0.0,2045.0,0.0,0.0,714.0,2319.0,3.72,9.0,3.72,41.0,0.0,1233.67972222222,0.0,49.0,26.5,26.5,20.5,57.0,27.5,27.5,26.0,27.5,28.0,22.0,22.0,26.0,0.2300000000000182,89.0,24.5,13.792,719.5,24.56,13.924,26.0,8.9,3.0,0.0,0.0,0.0,22.0,179.0,0.0,28.0,1.0,0.0,825.6,0.0,0.0,0.6000000000000001,9.0,0.0,30.0,0.0,28.0,28.0,350.0,825.6,-50.0,0.0,0.0,0.0,0.0,400.0,0.0,0.0,0.0,0.0,0.0,0.0,48.0,714.9000000000001,4.443,32.1773225,13.7612706,25.421875,4.318653987105136,0.0,0.1991648525,0.199166,404.621305,213.311266,0.0644243407327897,0.0637864759730591,2.57126886528787,0.00597879551125,38.891304347826086,8.945,0.0,0.0379066965304756,24.32999999999998
169.0,13.4,1.0,716.6,0.0,0.0,0.0,25.0,20.0,26.0,24.0,25.0,25.0,24.0,24.0,24.0,0.7166,25.0,38.0,1233.6805555555557,4441250.0,0.0,0.0,4.97638888888889,3.98111111111111,3.73229166666667,25.0,1821.3,1792.7,1358.8,1296.0,0.0,1908.0,0.0,0.0,715.0,2319.0,3.72,9.0,3.72,77.0,0.0,1233.68055555556,0.0,49.0,26.5,26.5,20.5,57.0,27.5,27.5,26.0,27.5,28.0,22.0,22.0,26.0,0.2300000000000182,89.0,24.5,13.792,719.5,24.56,13.924,26.0,8.9,3.0,0.0,0.0,0.0,22.0,179.0,0.0,28.0,1.0,0.0,825.6,0.0,0.0,0.6000000000000001,9.0,0.0,30.0,0.0,28.0,28.0,350.0,825.6,-50.0,0.0,0.0,0.0,0.0,400.0,0.0,0.0,0.0,0.0,0.0,0.0,48.0,716.3000000000001,4.442,32.1773225,13.7612706,25.421875,4.318653987105136,0.0,0.1991648525,0.199166,404.621305,213.311266,0.0649066852147409,0.0642640447670702,36.28244487859336,0.0004775687940111,2.7561538461538464,0.7166,0.0,0.0379066965304756,24.32999999999998
170.0,13.4,1.0,716.6,0.0,0.0,0.0,25.0,20.0,26.0,24.0,25.0,25.0,24.0,24.0,24.0,0.7166,25.0,38.0,1233.6805555555557,4441250.0,0.0,0.0,4.97638888888889,3.98111111111111,3.73229166666667,25.0,1821.3,1792.7,1358.8,1296.0,0.0,1908.0,0.0,0.0,715.0,2319.0,3.72,9.0,3.72,77.0,0.0,1233.68055555556,0.0,49.0,26.5,26.5,20.5,57.0,27.5,27.5,26.0,27.5,28.0,22.0,22.0,23.0,0.2900000000000204,89.0,24.5,13.809,719.5,24.8,13.926,26.0,6.0,3.0,0.0,0.0,0.0,22.0,179.0,0.0,28.0,1.0,0.0,825.6,0.0,0.0,0.6000000000000001,9.0,0.0,30.0,0.0,28.0,28.0,350.0,825.6,-50.0,0.0,0.0,0.0,0.0,400.0,0.0,0.0,0.0,0.0,0.0,0.0,48.0,716.3000000000001,4.442,38.3295875,13.7583408,20.0,4.57800340467493,0.0,0.2140976338055555,0.214099,404.636238,213.326199,0.0649066852147409,0.0642640447670702,36.28244487859336,0.0004775687940111,2.7561538461538464,0.7166,0.0,0.0379066965304756,24.50999999999998
171.0,13.3,8.3,716.0,0.0,0.0,0.0,25.0,20.0,26.0,24.0,25.0,25.0,24.0,24.0,24.0,5.9428,25.0,38.0,1233.681111111111,4441252.0,0.0,0.0,4.97222222222222,3.97777777777778,3.72916666666667,25.0,1821.3,1792.7,1358.8,1296.0,0.0,1872.0,0.0,0.0,714.0,2325.0,3.72,9.0,3.72,40.0,0.0,1233.68111111111,0.0,49.0,26.5,26.5,20.5,57.0,27.5,27.5,26.0,27.5,28.0,22.0,22.0,23.0,0.2900000000000204,89.0,24.5,13.809,719.5,24.8,13.926,26.0,6.0,3.0,0.0,0.0,0.0,22.0,179.0,0.0,28.0,1.0,0.0,825.6,0.0,0.0,0.6000000000000001,9.0,0.0,30.0,0.0,28.0,28.0,350.0,825.6,-50.0,0.0,0.0,0.0,0.0,400.0,0.0,0.0,0.0,0.0,0.0,0.0,48.0,715.5,4.443,38.3295875,13.7583408,20.0,4.57800340467493,0.0,0.2140976338055555,0.214099,404.636238,213.326199,0.0687999382060497,0.0681187506990591,3.870229521437706,0.0038547059319888,25.838260869565215,5.9428,0.0,0.0379066965304756,24.50999999999998
172.0,13.3,8.3,716.0,0.0,0.0,0.0,25.0,20.0,26.0,24.0,25.0,25.0,24.0,24.0,24.0,5.9428,25.0,38.0,1233.681111111111,4441252.0,0.0,0.0,4.97222222222222,3.97777777777778,3.72916666666667,25.0,1821.3,1792.7,1358.8,1296.0,0.0,1872.0,0.0,0.0,714.0,2325.0,3.72,9.0,3.72,40.0,0.0,1233.68111111111,0.0,49.0,26.5,26.5,20.5,57.0,27.5,27.5,26.0,27.5,28.0,22.0,22.0,23.0,0.3100000000000023,89.0,24.5,13.81,719.4000000000001,23.99,13.932,26.0,-7.7,3.0,0.0,0.0,0.0,22.0,179.0,0.0,28.0,1.0,0.0,825.6,0.0,0.0,0.6000000000000001,9.0,0.0,30.0,0.0,28.0,28.0,350.0,825.6,-50.0,0.0,0.0,0.0,0.0,400.0,0.0,0.0,0.0,0.0,0.0,0.0,48.0,715.5,4.443,38.3295875,13.7583408,20.0,4.827262714732973,0.0,0.2288511192499999,0.228852,404.650991,213.340952,0.0687999382060497,0.0681187506990591,3.870229521437706,0.0038547059319888,25.838260869565215,5.9428,0.0,,23.679999999999996
173.0,13.3,8.3,716.0,0.0,0.0,0.0,25.0,20.0,26.0,24.0,25.0,25.0,24.0,24.0,24.0,5.9428,25.0,38.0,1233.681111111111,4441252.0,0.0,0.0,4.97222222222222,3.97777777777778,3.72916666666667,25.0,1821.3,1792.7,1358.8,1296.0,0.0,1872.0,0.0,0.0,714.0,2325.0,3.72,9.0,3.72,40.0,0.0,1233.68111111111,0.0,49.0,26.5,26.5,20.5,57.0,27.5,27.5,26.0,27.5,28.0,22.0,22.0,23.0,0.3100000000000023,89.0,24.5,13.81,719.4000000000001,23.99,13.932,26.0,-7.7,3.0,0.0,0.0,0.0,22.0,179.0,0.0,28.0,1.0,0.0,825.6,0.0,0.0,0.6000000000000001,9.0,0.0,30.0,0.0,28.0,28.0,350.0,825.6,-50.0,0.0,0.0,0.0,0.0,400.0,0.0,0.0,0.0,0.0,0.0,0.0,48.0,715.6,4.444,36.669452500000006,13.740762,20.0,4.827262714732973,0.0,0.2288511192499999,0.228852,404.650991,213.340952,0.0687999382060497,0.0681187506990591,3.870229521437706,0.0038547059319888,25.838260869565215,5.9428,0.0,,23.679999999999996
174.0,13.3,18.1,715.0,0.0,0.0,0.0,25.0,20.0,26.0,24.0,25.0,25.0,24.0,24.0,24.0,12.9415,25.0,38.0,1233.6816666666666,4441254.0,0.0,0.0,4.96527777777778,3.97222222222222,3.72395833333333,25.0,1821.3,1792.7,1358.8,1296.0,0.0,1936.0,0.0,0.0,713.0,2325.0,3.72,9.0,3.72,49.0,0.0,1233.68166666667,0.0,49.0,26.0,26.0,20.5,57.0,27.5,27.5,26.0,27.5,28.0,22.0,22.0,25.0,0.4300000000000068,89.0,24.5,13.81,717.3000000000001,24.62,13.951,26.0,-7.7,3.0,0.0,0.0,0.0,22.0,179.0,0.0,28.0,1.0,0.0,825.6,0.0,0.0,0.6000000000000001,9.0,0.0,30.0,0.0,28.0,28.0,350.0,825.6,-50.0,0.0,0.0,0.0,0.0,400.0,0.0,0.0,0.0,0.0,0.0,0.0,48.0,715.6,4.444,36.669452500000006,13.740762,20.0,5.100541698653394,0.0,0.2451274720277777,0.245128,404.667267,213.357228,0.0771730098671507,0.0764089206605452,1.7772282965653132,0.0082901699614861,56.267391304347825,12.9415,0.0,,24.189999999999994
175.0,13.3,18.1,715.0,0.0,0.0,0.0,25.0,20.0,26.0,24.0,25.0,25.0,24.0,24.0,24.0,12.9415,25.0,38.0,1233.6816666666666,4441254.0,0.0,0.0,4.96527777777778,3.97222222222222,3.72395833333333,25.0,1821.3,1792.7,1358.8,1296.0,0.0,1936.0,0.0,0.0,713.0,2325.0,3.72,9.0,3.72,49.0,0.0,1233.68166666667,0.0,49.0,26.0,26.0,20.5,57.0,27.5,27.5,26.0,27.5,28.0,22.0,22.0,25.0,0.4300000000000068,89.0,24.5,13.81,717.3000000000001,24.62,13.951,26.0,-13.2,3.0,0.0,0.0,0.0,22.0,179.0,0.0,28.0,1.0,0.0,825.6,0.0,0.0,0.6000000000000001,9.0,0.0,30.0,0.0,28.0,28.0,350.0,825.6,-50.0,0.0,0.0,0.0,0.0,400.0,0.0,0.0,0.0,0.0,0.0,0.0,48.0,715.6,4.444,48.2903975,13.750528,24.0,5.100541698653394,0.0,0.2451274720277777,0.245128,404.667267,213.357228,0.0771730098671507,0.0764089206605452,1.7772282965653132,0.0082901699614861,56.267391304347825,12.9415,0.0,,24.189999999999994
176.0,13.3,5.8,715.9,0.0,0.0,0.0,25.0,20.0,26.0,24.0,25.0,25.0,24.0,24.0,24.0,4.15222,25.0,38.0,1233.6825,4441257.0,0.0,0.0,4.97152777777778,3.97722222222222,3.72864583333333,25.0,1821.3,1792.7,1358.8,1296.0,0.0,2099.0,0.0,0.0,714.0,2325.0,3.72,9.0,3.72,40.0,0.0,1233.6825,0.0,49.0,26.5,26.5,20.5,57.0,27.5,27.5,26.0,27.5,28.0,22.0,22.0,25.0,0.4300000000000068,89.0,24.5,13.81,717.3000000000001,24.62,13.951,26.0,-13.2,3.0,0.0,0.0,0.0,22.0,179.0,0.0,28.0,1.0,0.0,825.6,0.0,0.0,0.6000000000000001,9.0,0.0,30.0,0.0,28.0,28.0,350.0,825.6,-50.0,0.0,0.0,0.0,0.0,400.0,0.0,0.0,0.0,0.0,0.0,0.0,48.0,715.2,4.444,48.2903975,13.750528,24.0,5.100541698653394,0.0,0.2451274720277777,0.245128,404.667267,213.357228,0.0799717164220401,0.0791799172495447,6.020875579810319,0.0027709965889994,16.60888,4.152219999999999,0.0,,24.189999999999994
177.0,13.3,5.8,715.9,0.0,0.0,0.0,25.0,20.0,26.0,24.0,25.0,25.0,24.0,24.0,24.0,4.15222,25.0,38.0,1233.6825,4441257.0,0.0,0.0,4.97152777777778,3.97722222222222,3.72864583333333,25.0,1821.3,1792.7,1358.8,1296.0,0.0,2099.0,0.0,0.0,714.0,2325.0,3.72,9.0,3.72,40.0,0.0,1233.6825,0.0,49.0,26.5,26.5,20.5,56.0,27.5,27.5,26.0,27.5,28.0,22.0,22.0,26.0,0.1399999999999863,89.0,24.5,13.791,719.5,28.07,13.938,26.0,-7.2,3.0,0.0,0.0,0.0,22.0,179.0,0.0,28.0,1.0,0.0,825.6,0.0,0.0,0.6000000000000001,9.0,0.0,30.0,0.0,28.0,28.0,350.0,825.6,-50.0,0.0,0.0,0.0,0.0,400.0,0.0,0.0,0.0,0.0,0.0,0.0,48.0,715.2,4.444,23.24189,13.760294,24.921875,5.393659590333796,0.0,0.2629016895277777,0.262902,404.685041,213.375002,0.0799717164220401,0.0791799172495447,6.020875579810319,0.0027709965889994,16.60888,4.152219999999999,0.0,,27.930000000000014
178.0,13.3,5.8,715.9,0.0,0.0,0.0,25.0,20.0,26.0,24.0,25.0,25.0,24.0,24.0,24.0,4.15222,25.0,38.0,1233.6825,4441257.0,0.0,0.0,4.97152777777778,3.97722222222222,3.72864583333333,25.0,1821.3,1792.7,1358.8,1296.0,0.0,2099.0,0.0,0.0,714.0,2325.0,3.72,9.0,3.72,40.0,0.0,1233.6825,0.0,49.0,26.5,26.5,20.5,56.0,27.5,27.5,26.0,27.5,28.0,22.0,22.0,26.0,0.1399999999999863,89.0,24.5,13.791,719.5,28.07,13.938,26.0,-7.2,3.0,0.0,0.0,0.0,22.0,179.0,0.0,28.0,1.0,0.0,825.6,0.0,0.0,0.6000000000000001,9.0,0.0,30.0,0.0,28.0,28.0,350.0,825.6,-50.0,0.0,0.0,0.0,0.0,400.0,0.0,0.0,0.0,0.0,0.0,0.0,48.0,717.3000000000001,4.443,23.24189,13.760294,24.921875,5.393659590333796,0.0,0.2629016895277777,0.262902,404.685041,213.375002,0.0799717164220401,0.0791799172495447,6.020875579810319,0.0027709965889994,16.60888,4.152219999999999,0.0,,27.930000000000014
179.0,13.3,-16.0,717.9,0.0,0.0,0.0,25.0,20.0,26.0,24.0,25.0,25.0,24.0,24.0,24.0,-11.4864,25.0,38.0,1233.6830555555557,4441259.0,0.0,0.0,4.98541666666667,3.98833333333333,3.7390625,25.0,1821.3,1792.7,1358.8,1296.0,0.0,1576.0,0.0,0.0,716.0,2330.0,3.74,9.0,3.72,13.0,0.0,1233.68305555556,0.0,49.0,26.5,26.5,20.5,56.0,27.5,27.5,26.0,27.5,28.0,22.0,22.0,17.0,0.0099999999999909,89.0,24.5,13.774,721.1,30.97,13.951,26.0,-16.400000000000002,3.0,0.0,0.0,0.0,22.0,179.0,0.0,28.0,1.0,0.0,825.6,0.0,0.0,0.6000000000000001,9.0,0.0,30.0,0.0,28.0,28.0,350.0,825.6,-50.0,0.0,0.0,0.0,0.0,400.0,0.0,0.0,0.0,0.0,0.0,0.0,48.0,717.3000000000001,4.443,23.24189,13.760294,24.921875,5.546420296552482,0.0,0.2739533918888889,0.273954,404.696093,213.386054,0.0722405454716734,0.0715252925462113,-2.2635464549380138,-0.0076546247033333,-44.178461538461534,-11.4864,0.0,,30.960000000000008
180.0,13.3,-16.0,717.9,0.0,0.0,0.0,25.0,20.0,26.0,24.0,25.0,25.0,24.0,24.0,24.0,-11.4864,25.0,38.0,1233.6830555555557,4441259.0,0.0,0.0,4.98541666666667,3.98833333333333,3.7390625,25.0,1821.3,1792.7,1358.8,1296.0,0.0,1576.0,0.0,0.0,716.0,2330.0,3.74,9.0,3.72,13.0,0.0,1233.68305555556,0.0,49.0,26.5,26.5,20.5,56.0,27.5,27.5,26.0,27.5,28.0,22.0,22.0,17.0,0.0099999999999909,89.0,24.5,13.774,721.1,30.97,13.951,26.0,-16.400000000000002,3.0,0.0,0.0,0.0,22.0,179.0,0.0,28.0,1.0,0.0,825.6,0.0,0.0,0.6000000000000001,9.0,0.0,30.0,0.0,28.0,28.0,350.0,825.6,-50.0,0.0,0.0,0.0,0.0,400.0,0.0,0.0,0.0,0.0,0.0,0.0,48.0,717.3000000000001,4.443,0.0,13.7417386,13.4375,5.546420296552482,0.0,0.2739533918888889,0.273954,404.696093,213.386054,0.0722405454716734,0.0715252925462113,-2.2635464549380138,-0.0076546247033333,-44.178461538461534,-11.4864,0.0,,30.960000000000008
181.0,13.3,-4.4,717.2,0.0,0.0,0.0,25.0,20.0,26.0,24.0,25.0,25.0,24.0,24.0,24.0,-3.15568,25.0,38.0,1233.683611111111,4441261.0,0.0,0.0,4.98055555555556,3.98444444444444,3.73541666666667,25.0,1821.3,1792.7,1358.8,1296.0,0.0,484.0,0.0,0.0,715.0,2330.0,3.72,9.0,3.72,61.0,0.0,1233.68361111111,0.0,49.0,26.5,26.5,20.5,56.0,27.5,27.5,26.0,27.5,28.0,22.0,22.0,4.0,0.0099999999999909,89.0,24.5,13.774,721.1,30.97,13.951,26.0,-16.400000000000002,3.0,0.0,0.0,0.0,22.0,179.0,0.0,28.0,1.0,0.0,825.6,0.0,0.0,0.6000000000000001,9.0,0.0,30.0,0.0,28.0,28.0,350.0,825.6,-50.0,0.0,0.0,0.0,0.0,400.0,0.0,0.0,0.0,0.0,0.0,0.0,48.0,717.7,4.443,0.0,13.7417386,13.4375,5.52530762290666,0.0,0.2766880918888889,0.276689,404.698828,213.388789,0.0700857554232901,0.0693918370527624,-5.387111494194595,-0.0021334554934488,-18.56282352941177,-3.1556800000000003,0.0,,30.960000000000008
182.0,13.3,-4.4,717.2,0.0,0.0,0.0,25.0,20.0,26.0,24.0,25.0,25.0,24.0,24.0,24.0,-3.15568,25.0,38.0,1233.683611111111,4441261.0,0.0,0.0,4.98055555555556,3.98444444444444,3.73541666666667,25.0,1821.3,1792.7,1358.8,1296.0,0.0,484.0,0.0,0.0,715.0,2330.0,3.72,9.0,3.72,61.0,0.0,1233.68361111111,0.0,49.0,26.5,26.5,20.5,56.0,27.5,27.5,26.0,27.5,28.0,22.0,22.0,4.0,0.2599999999999909,89.0,24.5,13.784,719.5,29.79,13.951,26.0,-81.5,3.0,0.0,0.0,0.0,22.0,179.0,0.0,28.0,1.0,0.0,825.6,0.0,0.0,0.6000000000000001,9.0,0.0,30.0,0.0,28.0,28.0,350.0,825.6,-50.0,0.0,0.0,0.0,0.0,400.0,0.0,0.0,0.0,0.0,0.0,0.0,48.0,717.7,4.443,72.752975,13.7305077,4.0,5.52530762290666,0.0,0.2766880918888889,0.276689,404.698828,213.388789,0.0700857554232901,0.0693918370527624,-5.387111494194595,-0.0021334554934488,-18.56282352941177,-3.1556800000000003,0.0,,29.53000000000001
183.0,13.3,21.7,714.8,0.0,0.0,0.0,25.0,20.0,26.0,24.0,25.0,25.0,24.0,24.0,24.0,15.51116,25.0,38.0,1233.6844444444444,4441264.0,0.0,0.0,4.96388888888889,3.97111111111111,3.72291666666667,25.0,1821.3,1792.7,1358.8,1296.1,0.0,1130.0,0.0,0.0,713.0,2330.0,3.72,9.0,3.72,49.0,0.0,1233.68444444444,0.0,49.0,26.5,26.5,20.5,56.0,27.5,27.5,26.0,27.5,28.0,22.0,22.0,4.0,0.2599999999999909,89.0,24.5,13.784,719.5,29.79,13.951,26.0,-81.5,3.0,0.0,0.0,0.0,22.0,179.0,0.0,28.0,1.0,0.0,825.6,0.0,0.0,0.6000000000000001,9.0,0.0,30.0,0.0,28.0,28.0,350.0,825.6,-50.0,0.0,0.0,0.0,0.0,400.0,0.0,0.0,0.0,0.0,0.0,0.0,48.0,714.9000000000001,4.442,72.752975,13.7305077,4.0,5.52530762290666,0.0,0.2766880918888889,0.276689,404.698828,213.388789,0.0804145204560343,0.0796183370851824,0.2578788433618118,0.0102265000324199,387.7789999999999,15.51116,0.0,,29.53000000000001
184.0,13.3,21.7,714.8,0.0,0.0,0.0,25.0,20.0,26.0,24.0,25.0,25.0,24.0,24.0,24.0,15.51116,25.0,38.0,1233.6844444444444,4441264.0,0.0,0.0,4.96388888888889,3.97111111111111,3.72291666666667,25.0,1821.3,1792.7,1358.8,1296.1,0.0,1130.0,0.0,0.0,713.0,2330.0,3.72,9.0,3.72,49.0,0.0,1233.68444444444,0.0,49.0,26.5,26.5,20.5,56.0,27.5,27.5,26.0,27.5,28.0,22.0,22.0,15.0,0.0400000000000204,89.0,24.5,13.793,716.8000000000001,26.5,13.95,26.0,-46.8,3.0,0.0,0.0,0.0,22.0,179.0,0.0,28.0,1.0,0.0,825.6,0.0,0.0,0.6000000000000001,9.0,0.0,30.0,0.0,28.0,28.0,350.0,825.6,-50.0,0.0,0.0,0.0,0.0,400.0,0.0,0.0,0.0,0.0,0.0,0.0,48.0,714.9000000000001,4.442,72.752975,13.7305077,4.0,5.650853808467959,0.0,0.2867749714722222,0.286776,404.708915,213.398876,0.0804145204560343,0.0796183370851824,0.2578788433618118,0.0102265000324199,387.7789999999999,15.51116,0.0,,26.45999999999998
185.0,13.3,21.7,714.8,0.0,0.0,0.0,25.0,20.0,26.0,24.0,25.0,25.0,24.0,24.0,24.0,15.51116,25.0,38.0,1233.6844444444444,4441264.0,0.0,0.0,4.96388888888889,3.97111111111111,3.72291666666667,25.0,1821.3,1792.7,1358.8,1296.1,0.0,1130.0,0.0,0.0,713.0,2330.0,3.72,9.0,3.72,49.0,0.0,1233.68444444444,0.0,49.0,26.5,26.5,20.5,56.0,27.5,27.5,26.0,27.5,28.0,22.0,22.0,15.0,0.0400000000000204,89.0,24.5,13.793,716.8000000000001,26.5,13.95,26.0,-46.8,3.0,0.0,0.0,0.0,22.0,179.0,0.0,28.0,1.0,0.0,825.6,0.0,0.0,0.6000000000000001,9.0,0.0,30.0,0.0,28.0,28.0,350.0,825.6,-50.0,0.0,0.0,0.0,0.0,400.0,0.0,0.0,0.0,0.0,0.0,0.0,48.0,713.3000000000001,4.442,60.5949275,13.760294,16.0,5.650853808467959,0.0,0.2867749714722222,0.286776,404.708915,213.398876,0.0804145204560343,0.0796183370851824,0.2578788433618118,0.0102265000324199,387.7789999999999,15.51116,0.0,,26.45999999999998
186.0,13.3,41.1,712.9,0.0,0.0,0.0,25.0,20.0,26.0,24.0,25.0,25.0,24.0,24.0,24.0,29.30019,25.0,38.0,1233.685,4441266.0,0.0,0.0,4.95069444444444,3.96055555555556,3.71302083333333,25.0,1821.3,1792.7,1358.8,1296.1,0.0,2007.0,0.0,0.0,711.0,2330.0,3.7,24.0,3.7,78.0,0.0,1233.685,0.0,49.0,26.5,26.5,20.5,57.0,27.5,27.5,26.0,27.5,28.0,22.0,22.0,27.0,0.0400000000000204,89.0,24.5,13.793,716.8000000000001,26.5,13.95,26.0,-46.8,3.0,0.0,0.0,0.0,22.0,179.0,0.0,28.0,1.0,0.0,825.6,0.0,0.0,0.6000000000000001,9.0,0.0,30.0,0.0,28.0,28.0,350.0,825.6,-50.0,0.0,0.0,0.0,0.0,400.0,0.0,0.0,0.0,0.0,0.0,0.0,48.0,713.3000000000001,4.442,60.5949275,13.760294,16.0,5.926016560979826,0.0,0.3046659439722222,0.304667,404.726806,213.416767,0.100867724334455,0.0998690339945099,0.5119420727305865,0.0202506969093274,195.33459999999997,29.300189999999997,0.0,,26.45999999999998
187.0,13.3,41.1,712.9,0.0,0.0,0.0,25.0,20.0,26.0,24.0,25.0,25.0,24.0,24.0,24.0,29.30019,25.0,38.0,1233.685,4441266.0,0.0,0.0,4.95069444444444,3.96055555555556,3.71302083333333,25.0,1821.3,1792.7,1358.8,1296.1,0.0,2007.0,0.0,0.0,711.0,2330.0,3.7,24.0,3.7,78.0,0.0,1233.685,0.0,49.0,26.5,26.5,20.5,57.0,27.5,27.5,26.0,27.5,28.0,22.0,22.0,27.0,0.2800000000000295,89.0,24.5,13.809,715.1,24.87,13.941,26.0,6.300000000000001,3.0,0.0,0.0,0.0,22.0,179.0,0.0,28.0,1.0,0.0,825.6,0.0,0.0,0.6000000000000001,9.0,0.0,30.0,0.0,28.0,28.0,350.0,825.6,-50.0,0.0,0.0,0.0,0.0,400.0,0.0,0.0,0.0,0.0,0.0,0.0,48.0,713.3000000000001,4.442,58.10472500000001,13.760294,28.0,5.926016560979826,0.0,0.3046659439722222,0.304667,404.726806,213.416767,0.100867724334455,0.0998690339945099,0.5119420727305865,0.0202506969093274,195.33459999999997,29.300189999999997,0.0,,24.58999999999997
188.0,13.3,23.8,713.9,0.0,0.0,0.0,25.0,20.0,26.0,24.0,25.0,25.0,24.0,24.0,24.0,16.99082,25.0,38.0,1233.6858333333332,4441269.0,0.0,0.0,4.95763888888889,3.96611111111111,3.71822916666667,25.0,1821.3,1792.7,1358.8,1296.1,0.0,2758.0,0.0,0.0,712.0,2322.0,3.72,9.0,3.7,40.0,0.0,1233.68583333333,0.0,49.0,26.5,26.5,20.5,57.0,27.5,27.5,26.0,27.5,28.0,22.0,22.0,27.0,0.2800000000000295,89.0,24.5,13.809,715.1,24.87,13.941,26.0,6.300000000000001,3.0,0.0,0.0,0.0,22.0,179.0,0.0,28.0,1.0,0.0,825.6,0.0,0.0,0.6000000000000001,9.0,0.0,30.0,0.0,28.0,28.0,350.0,825.6,-50.0,0.0,0.0,0.0,0.0,400.0,0.0,0.0,0.0,0.0,0.0,0.0,48.0,713.0,4.441,58.10472500000001,13.760294,28.0,5.926016560979826,0.0,0.3046659439722222,0.304667,404.726806,213.416767,0.1118893807784905,0.1107815651272183,1.5890934045561076,0.0109125311327083,62.92896296296296,16.99082,0.0,,24.58999999999997
189.0,13.3,23.8,713.9,0.0,0.0,0.0,25.0,20.0,26.0,24.0,25.0,25.0,24.0,24.0,24.0,16.99082,25.0,38.0,1233.6858333333332,4441269.0,0.0,0.0,4.95763888888889,3.96611111111111,3.71822916666667,25.0,1821.3,1792.7,1358.8,1296.1,0.0,2758.0,0.0,0.0,712.0,2322.0,3.72,9.0,3.7,40.0,0.0,1233.68583333333,0.0,49.0,26.5,26.5,20.5,57.0,27.5,27.5,26.0,27.5,28.0,22.0,22.0,35.0,0.2900000000000204,89.0,24.5,13.81,717.6,24.32,13.944,26.0,9.8,3.0,0.0,0.0,0.0,22.0,179.0,0.0,28.0,1.0,0.0,825.6,0.0,0.0,0.6000000000000001,9.0,0.0,30.0,0.0,28.0,28.0,350.0,825.6,-50.0,0.0,0.0,0.0,0.0,400.0,0.0,0.0,0.0,0.0,0.0,0.0,48.0,713.0,4.441,33.544492500000004,13.7695717,36.34375,6.288002616023371,0.0,0.3273519231388888,0.327353,404.749492,213.439453,0.1118893807784905,0.1107815651272183,1.5890934045561076,0.0109125311327083,62.92896296296296,16.99082,0.0,,24.02999999999998
190.0,13.3,23.8,713.9,0.0,0.0,0.0,25.0,20.0,26.0,24.0,25.0,25.0,24.0,24.0,24.0,16.99082,25.0,38.0,1233.6858333333332,4441269.0,0.0,0.0,4.95763888888889,3.96611111111111,3.71822916666667,25.0,1821.3,1792.7,1358.8,1296.1,0.0,2758.0,0.0,0.0,712.0,2322.0,3.72,9.0,3.7,40.0,0.0,1233.68583333333,0.0,49.0,26.5,26.5,20.5,57.0,27.5,27.5,26.0,27.5,28.0,22.0,22.0,35.0,0.2900000000000204,89.0,24.5,13.81,717.6,24.32,13.944,26.0,9.8,3.0,0.0,0.0,0.0,22.0,179.0,0.0,28.0,1.0,0.0,825.6,0.0,0.0,0.6000000000000001,9.0,0.0,30.0,0.0,28.0,28.0,350.0,825.6,-50.0,0.0,0.0,0.0,0.0,400.0,0.0,0.0,0.0,0.0,0.0,0.0,48.0,716.0,4.443,33.544492500000004,13.7695717,36.34375,6.288002616023371,0.0,0.3273519231388888,0.327353,404.749492,213.439453,0.1118893807784905,0.1107815651272183,1.5890934045561076,0.0109125311327083,62.92896296296296,16.99082,0.0,,24.02999999999998
191.0,13.4,-15.0,717.4,0.0,0.0,0.0,25.0,20.0,26.0,24.0,25.0,25.0,24.0,24.0,24.0,-10.761,25.0,38.0,1233.6863888888888,4441271.0,0.0,0.0,4.98194444444444,3.98555555555556,3.73645833333333,25.0,1821.3,1792.7,1358.8,1296.1,0.0,2786.0,0.0,0.0,716.0,2322.0,3.72,9.0,3.72,77.0,0.0,1233.68638888889,0.0,49.0,26.5,26.5,20.5,57.0,28.0,27.5,26.0,28.0,28.0,22.0,22.0,34.0,0.2800000000000295,89.0,24.5,13.81,721.0,29.32,13.938,26.0,9.8,3.0,0.0,0.0,0.0,22.0,179.0,0.0,28.0,1.0,0.0,825.6,0.0,0.0,0.6000000000000001,9.0,0.0,30.0,0.0,28.0,28.0,350.0,825.6,-50.0,0.0,0.0,0.0,0.0,400.0,0.0,0.0,0.0,0.0,0.0,0.0,48.0,716.0,4.443,33.544492500000004,13.7695717,36.34375,6.646727657597627,0.0,0.3505650425277777,0.350566,404.772705,213.462666,0.1043905380231155,0.1033569683397183,-3.2524858284546045,-0.0074245967874999,-30.74571428571429,-10.761,0.0,,29.03999999999997
192.0,13.4,-15.0,717.4,0.0,0.0,0.0,25.0,20.0,26.0,24.0,25.0,25.0,24.0,24.0,24.0,-10.761,25.0,38.0,1233.6863888888888,4441271.0,0.0,0.0,4.98194444444444,3.98555555555556,3.73645833333333,25.0,1821.3,1792.7,1358.8,1296.1,0.0,2786.0,0.0,0.0,716.0,2322.0,3.72,9.0,3.72,77.0,0.0,1233.68638888889,0.0,49.0,26.5,26.5,20.5,57.0,28.0,27.5,26.0,28.0,28.0,22.0,22.0,34.0,0.2800000000000295,89.0,24.5,13.81,721.0,29.32,13.938,26.0,24.4,3.0,0.0,0.0,0.0,22.0,179.0,0.0,28.0,1.0,0.0,825.6,0.0,0.0,0.6000000000000001,9.0,0.0,30.0,0.0,28.0,28.0,350.0,825.6,-50.0,0.0,0.0,0.0,0.0,400.0,0.0,0.0,0.0,0.0,0.0,0.0,48.0,716.0,4.443,17.577900000000003,13.740762,32.515625,6.646727657597627,0.0,0.3505650425277777,0.350566,404.772705,213.462666,0.1043905380231155,0.1033569683397183,-3.2524858284546045,-0.0074245967874999,-30.74571428571429,-10.761,0.0,,29.03999999999997
193.0,13.3,-34.5,719.5,0.0,0.0,0.0,25.0,20.0,26.0,24.0,25.0,25.0,24.0,24.0,24.0,-24.82275,25.0,38.0,1233.6869444444444,4441273.0,0.0,0.0,4.99652777777778,3.99722222222222,3.74739583333333,25.0,1821.3,1792.7,1358.8,1296.1,0.0,2077.0,0.0,0.0,718.0,2322.0,3.74,9.0,3.74,13.0,0.0,1233.68694444444,0.0,49.0,26.5,26.5,20.5,57.0,28.0,27.5,26.0,28.0,28.0,22.0,22.0,24.0,0.2800000000000295,89.0,24.5,13.81,721.0,29.32,13.938,26.0,24.4,3.0,0.0,0.0,0.0,22.0,179.0,0.0,28.0,1.0,0.0,825.6,0.0,0.0,0.6000000000000001,9.0,0.0,30.0,0.0,28.0,28.0,350.0,825.6,-50.0,0.0,0.0,0.0,0.0,400.0,0.0,0.0,0.0,0.0,0.0,0.0,48.0,719.1,4.443,17.577900000000003,13.740762,32.515625,6.857936217775585,0.0,0.3661612991944443,0.366162,404.788301,213.478262,0.0883273475463086,0.0874528193527808,-1.3697112527822255,-0.0159041489869375,-73.00808823529412,-24.82275,0.0,,29.03999999999997
194.0,13.3,-34.5,719.5,0.0,0.0,0.0,25.0,20.0,26.0,24.0,25.0,25.0,24.0,24.0,24.0,-24.82275,25.0,38.0,1233.6869444444444,4441273.0,0.0,0.0,4.99652777777778,3.99722222222222,3.74739583333333,25.0,1821.3,1792.7,1358.8,1296.1,0.0,2077.0,0.0,0.0,718.0,2322.0,3.74,9.0,3.74,13.0,0.0,1233.68694444444,0.0,49.0,26.5,26.5,20.5,57.0,28.0,27.5,26.0,28.0,28.0,22.0,22.0,24.0,0.1299999999999954,89.0,24.5,13.776,722.0,31.21,13.944,26.0,9.2,3.0,0.0,0.0,0.0,22.0,179.0,0.0,28.0,1.0,0.0,825.6,0.0,0.0,0.6000000000000001,9.0,0.0,30.0,0.0,28.0,28.0,350.0,825.6,-50.0,0.0,0.0,0.0,0.0,400.0,0.0,0.0,0.0,0.0,0.0,0.0,48.0,719.1,4.443,0.0,13.7495514,20.921875,6.857936217775585,0.0,0.3661612991944443,0.366162,404.788301,213.478262,0.0883273475463086,0.0874528193527808,-1.3697112527822255,-0.0159041489869375,-73.00808823529412,-24.82275,0.0,,31.080000000000005
195.0,13.3,-17.2,718.4,0.0,0.0,0.0,25.0,20.0,26.0,24.0,25.0,25.0,24.0,24.0,24.0,-12.35648,25.0,38.0,1233.6877777777777,4441276.0,0.0,0.0,4.98888888888889,3.99111111111111,3.74166666666667,25.0,1821.3,1792.7,1358.8,1296.1,0.0,1105.0,0.0,0.0,717.0,2322.0,3.74,9.0,3.74,61.0,0.0,1233.68777777778,0.0,49.0,26.5,26.5,20.5,57.0,28.0,27.5,26.0,28.0,28.0,22.0,22.0,24.0,0.1299999999999954,89.0,24.5,13.776,722.0,31.21,13.944,26.0,9.2,3.0,0.0,0.0,0.0,22.0,179.0,0.0,28.0,1.0,0.0,825.6,0.0,0.0,0.6000000000000001,9.0,0.0,30.0,0.0,28.0,28.0,350.0,825.6,-50.0,0.0,0.0,0.0,0.0,400.0,0.0,0.0,0.0,0.0,0.0,0.0,48.0,718.7,4.443,0.0,13.7495514,20.921875,6.857936217775585,0.0,0.3661612991944443,0.366162,404.788301,213.478262,0.0802151211722672,0.0794209120517497,-1.9423007199461335,-0.0080319073010311,-51.48533333333334,-12.35648,0.0,,31.080000000000005
196.0,13.3,-17.2,718.4,0.0,0.0,0.0,25.0,20.0,26.0,24.0,25.0,25.0,24.0,24.0,24.0,-12.35648,25.0,38.0,1233.6877777777777,4441276.0,0.0,0.0,4.98888888888889,3.99111111111111,3.74166666666667,25.0,1821.3,1792.7,1358.8,1296.1,0.0,1105.0,0.0,0.0,717.0,2322.0,3.74,9.0,3.74,61.0,0.0,1233.68777777778,0.0,49.0,26.5,26.5,20.5,57.0,28.0,27.5,26.0,28.0,28.0,22.0,22.0,12.0,0.0699999999999931,89.0,24.5,13.794,720.8000000000001,31.55,13.95,26.0,-3.8,3.0,0.0,0.0,0.0,22.0,179.0,0.0,28.0,1.0,0.0,825.6,0.0,0.0,0.6000000000000001,9.0,0.0,30.0,0.0,28.0,28.0,350.0,825.6,-50.0,0.0,0.0,0.0,0.0,400.0,0.0,0.0,0.0,0.0,0.0,0.0,48.0,718.7,4.443,0.0,13.7612706,8.65625,6.919041509899848,0.0,0.373866667861111,0.373867,404.796006,213.485967,0.0802151211722672,0.0794209120517497,-1.9423007199461335,-0.0080319073010311,-51.48533333333334,-12.35648,0.0,-0.044980343403036,31.480000000000008
197.0,13.3,-17.2,718.4,0.0,0.0,0.0,25.0,20.0,26.0,24.0,25.0,25.0,24.0,24.0,24.0,-12.35648,25.0,38.0,1233.6877777777777,4441276.0,0.0,0.0,4.98888888888889,3.99111111111111,3.74166666666667,25.0,1821.3,1792.7,1358.8,1296.1,0.0,1105.0,0.0,0.0,717.0,2322.0,3.74,9.0,3.74,61.0,0.0,1233.68777777778,0.0,49.0,26.5,26.5,20.5,57.0,28.0,27.5,26.0,28.0,28.0,22.0,22.0,12.0,0.0699999999999931,89.0,24.5,13.794,720.8000000000001,31.55,13.95,26.0,-3.8,3.0,0.0,0.0,0.0,22.0,179.0,0.0,28.0,1.0,0.0,825.6,0.0,0.0,0.6000000000000001,9.0,0.0,30.0,0.0,28.0,28.0,350.0,825.6,-50.0,0.0,0.0,0.0,0.0,400.0,0.0,0.0,0.0,0.0,0.0,0.0,48.0,717.2,4.443,0.0,13.7612706,8.65625,6.919041509899848,0.0,0.373866667861111,0.373867,404.796006,213.485967,0.0802151211722672,0.0794209120517497,-1.9423007199461335,-0.0080319073010311,-51.48533333333334,-12.35648,0.0,-0.044980343403036,31.480000000000008
198.0,13.4,4.8,716.6,0.0,0.0,0.0,25.0,20.0,26.0,24.0,25.0,25.0,24.0,24.0,24.0,3.43968,25.0,38.0,1233.6883333333333,4441278.0,0.0,0.0,4.97638888888889,3.98111111111111,3.73229166666667,25.0,1821.3,1792.7,1358.8,1296.1,0.0,530.0,0.0,0.0,715.0,2330.0,3.72,9.0,3.72,49.0,0.0,1233.68833333333,0.0,49.0,26.5,26.5,20.5,57.0,28.0,27.5,26.0,28.0,28.0,22.0,22.0,8.0,0.4000000000000341,89.0,24.5,13.826,718.2,27.65,13.94,26.0,-3.8,3.0,0.0,0.0,0.0,22.0,179.0,0.0,28.0,1.0,0.0,825.6,0.0,0.0,0.6000000000000001,9.0,0.0,30.0,0.0,28.0,28.0,350.0,825.6,-50.0,0.0,0.0,0.0,0.0,400.0,0.0,0.0,0.0,0.0,0.0,0.0,48.0,717.2,4.443,0.0,13.7612706,8.65625,6.931884890435136,0.0,0.3790644980833332,0.379065,404.801204,213.491165,0.082454279375925,0.081637900372203,3.4886966229416694,0.0022169883204533,28.664,3.4396799999999996,0.0,-0.0809254222608164,27.249999999999964
199.0,13.4,4.8,716.6,0.0,0.0,0.0,25.0,20.0,26.0,24.0,25.0,25.0,24.0,24.0,24.0,3.43968,25.0,38.0,1233.6883333333333,4441278.0,0.0,0.0,4.97638888888889,3.98111111111111,3.73229166666667,25.0,1821.3,1792.7,1358.8,1296.1,0.0,530.0,0.0,0.0,715.0,2330.0,3.72,9.0,3.72,49.0,0.0,1233.68833333333,0.0,49.0,26.5,26.5,20.5,57.0,28.0,27.5,26.0,28.0,28.0,22.0,22.0,8.0,0.4000000000000341,89.0,24.5,13.826,718.2,27.65,13.94,26.0,-71.8,3.0,0.0,0.0,0.0,22.0,179.0,0.0,28.0,1.0,0.0,825.6,0.0,0.0,0.6000000000000001,9.0,0.0,30.0,0.0,28.0,28.0,350.0,825.6,-50.0,0.0,0.0,0.0,0.0,400.0,0.0,0.0,0.0,0.0,0.0,0.0,48.0,717.2,4.443,62.792165,13.760294,12.875,6.931884890435136,0.0,0.3790644980833332,0.379065,404.801204,213.491165,0.082454279375925,0.081637900372203,3.4886966229416694,0.0022169883204533,28.664,3.4396799999999996,0.0,-0.0809254222608164,27.249999999999964
200.0,13.4,19.1,715.0,0.0,0.0,0.0,25.0,20.0,26.0,24.0,25.0,25.0,24.0,24.0,24.0,13.6565,25.0,38.0,1233.6888888888889,4441280.0,0.0,0.0,4.96527777777778,3.97222222222222,3.72395833333333,25.0,1821.3,1792.7,1358.8,1296.1,0.0,1505.0,0.0,0.0,713.0,2330.0,3.72,9.0,3.72,78.0,0.0,1233.68888888889,0.0,49.0,26.5,26.5,20.5,57.0,28.0,27.5,26.0,28.0,28.0,22.0,22.0,20.0,0.4000000000000341,89.0,24.5,13.826,718.2,27.65,13.94,26.0,-71.8,3.0,0.0,0.0,0.0,22.0,179.0,0.0,28.0,1.0,0.0,825.6,0.0,0.0,0.6000000000000001,9.0,0.0,30.0,0.0,28.0,28.0,350.0,825.6,-50.0,0.0,0.0,0.0,0.0,400.0,0.0,0.0,0.0,0.0,0.0,0.0,48.0,715.0,4.441,62.792165,13.760294,12.875,7.08356728900247,0.0,0.3919080269722221,0.391909,404.814048,213.504009,0.0913870675025287,0.0904822450520086,0.5858016329220518,0.0088443446798055,170.70625,13.6565,0.0,-0.0809254222608164,27.249999999999964
201.0,13.4,19.1,715.0,0.0,0.0,0.0,25.0,20.0,26.0,24.0,25.0,25.0,24.0,24.0,24.0,13.6565,25.0,38.0,1233.6888888888889,4441280.0,0.0,0.0,4.96527777777778,3.97222222222222,3.72395833333333,25.0,1821.3,1792.7,1358.8,1296.1,0.0,1505.0,0.0,0.0,713.0,2330.0,3.72,9.0,3.72,78.0,0.0,1233.68888888889,0.0,49.0,26.5,26.5,20.5,57.0,28.0,27.5,26.0,28.0,28.0,22.0,22.0,20.0,0.5,90.0,24.5,13.805,718.0,24.22,13.942,26.0,-64.10000000000001,3.0,0.0,0.0,0.0,22.0,179.0,0.0,28.0,1.0,0.0,825.6,0.0,0.0,0.6000000000000001,9.0,0.0,30.0,0.0,28.0,28.0,350.0,825.6,-50.0,0.0,0.0,0.0,0.0,400.0,0.0,0.0,0.0,0.0,0.0,0.0,48.0,715.0,4.441,44.6771625,13.7695717,20.0,7.08356728900247,0.0,0.3919080269722221,0.391909,404.814048,213.504009,0.0913870675025287,0.0904822450520086,0.5858016329220518,0.0088443446798055,170.70625,13.6565,0.0,-0.0809254222608164,23.72
202.0,13.4,26.9,714.2,0.0,0.0,0.0,25.0,20.0,26.0,24.0,25.0,25.0,24.0,24.0,24.0,19.21198,25.0,38.0,1233.689722222222,4441283.0,0.0,0.0,4.95972222222222,3.96777777777778,3.71979166666667,25.0,1821.3,1792.8,1358.8,1296.1,0.0,2128.0,0.0,0.0,712.0,2330.0,3.72,9.0,3.7,77.0,0.0,1233.68972222222,0.0,49.0,26.5,26.5,20.5,57.0,28.0,27.5,26.0,28.0,28.0,22.0,22.0,20.0,0.5,90.0,24.5,13.805,718.0,24.22,13.942,26.0,-64.10000000000001,3.0,0.0,0.0,0.0,22.0,179.0,0.0,28.0,1.0,0.0,825.6,0.0,0.0,0.6000000000000001,9.0,0.0,30.0,0.0,28.0,28.0,350.0,825.6,-50.0,0.0,0.0,0.0,0.0,400.0,0.0,0.0,0.0,0.0,0.0,0.0,48.0,714.4000000000001,4.443,44.6771625,13.7695717,20.0,7.08356728900247,0.0,0.3919080269722221,0.391909,404.814048,213.504009,0.103850286846894,0.1028220661850436,1.0410171153623935,0.012339821133035,96.0599,19.21198,0.0,-0.0809254222608164,23.72
203.0,13.4,26.9,714.2,0.0,0.0,0.0,25.0,20.0,26.0,24.0,25.0,25.0,24.0,24.0,24.0,19.21198,25.0,38.0,1233.689722222222,4441283.0,0.0,0.0,4.95972222222222,3.96777777777778,3.71979166666667,25.0,1821.3,1792.8,1358.8,1296.1,0.0,2128.0,0.0,0.0,712.0,2330.0,3.72,9.0,3.7,77.0,0.0,1233.68972222222,0.0,49.0,26.5,26.5,20.5,57.0,28.0,27.5,26.0,28.0,28.0,22.0,22.0,28.0,0.5300000000000296,90.0,24.5,13.806,716.4000000000001,24.65,13.94,26.0,16.2,3.0,0.0,0.0,0.0,22.0,179.0,0.0,28.0,1.0,0.0,825.6,0.0,0.0,0.6000000000000001,9.0,0.0,30.0,0.0,28.0,28.0,350.0,825.6,-50.0,0.0,0.0,0.0,0.0,400.0,0.0,0.0,0.0,0.0,0.0,0.0,48.0,714.4000000000001,4.443,54.491490000000006,13.7695717,28.0,7.332079839544934,0.0,0.4105349756388887,0.410536,404.832675,213.522636,0.103850286846894,0.1028220661850436,1.0410171153623935,0.012339821133035,96.0599,19.21198,0.0,,24.11999999999997
204.0,13.4,26.9,714.2,0.0,0.0,0.0,25.0,20.0,26.0,24.0,25.0,25.0,24.0,24.0,24.0,19.21198,25.0,38.0,1233.689722222222,4441283.0,0.0,0.0,4.95972222222222,3.96777777777778,3.71979166666667,25.0,1821.3,1792.8,1358.8,1296.1,0.0,2128.0,0.0,0.0,712.0,2330.0,3.72,9.0,3.7,77.0,0.0,1233.68972222222,0.0,49.0,26.5,26.5,20.5,57.0,28.0,27.5,26.0,28.0,28.0,22.0,22.0,28.0,0.5300000000000296,90.0,24.5,13.806,716.4000000000001,24.65,13.94,26.0,16.2,3.0,0.0,0.0,0.0,22.0,179.0,0.0,28.0,1.0,0.0,825.6,0.0,0.0,0.6000000000000001,9.0,0.0,30.0,0.0,28.0,28.0,350.0,825.6,-50.0,0.0,0.0,0.0,0.0,400.0,0.0,0.0,0.0,0.0,0.0,0.0,48.0,713.1,4.443,54.491490000000006,13.7695717,28.0,7.332079839544934,0.0,0.4105349756388887,0.410536,404.832675,213.522636,0.103850286846894,0.1028220661850436,1.0410171153623935,0.012339821133035,96.0599,19.21198,0.0,,24.11999999999997
205.0,13.4,40.5,712.7,0.0,0.0,0.0,25.0,20.0,26.0,24.0,25.0,25.0,24.0,24.0,24.0,28.86435,25.0,38.0,1233.6902777777775,4441285.0,0.0,0.0,4.94930555555556,3.95944444444444,3.71197916666667,25.0,1821.3,1792.8,1358.8,1296.1,0.0,2856.0,0.0,0.0,711.0,2330.0,3.7,9.0,3.7,78.0,0.0,1233.69027777778,0.0,49.0,26.5,26.5,20.5,57.0,28.0,27.5,26.0,28.0,28.0,22.0,22.0,37.0,0.5300000000000296,90.0,24.5,13.806,716.4000000000001,24.65,13.94,26.0,16.2,3.0,0.0,0.0,0.0,22.0,179.0,0.0,28.0,1.0,0.0,825.6,0.0,0.0,0.6000000000000001,9.0,0.0,30.0,0.0,28.0,28.0,350.0,825.6,-50.0,0.0,0.0,0.0,0.0,400.0,0.0,0.0,0.0,0.0,0.0,0.0,48.0,713.1,4.443,54.491490000000006,13.7695717,28.0,7.6948284469920365,0.0,0.4361790003888887,0.43618,404.858319,213.54828,0.1242333448439479,0.1230033117266811,0.970054756126502,0.0201812455416375,103.08696428571432,28.86435,0.0,,24.11999999999997
206.0,13.4,40.5,712.7,0.0,0.0,0.0,25.0,20.0,26.0,24.0,25.0,25.0,24.0,24.0,24.0,28.86435,25.0,38.0,1233.6902777777775,4441285.0,0.0,0.0,4.94930555555556,3.95944444444444,3.71197916666667,25.0,1821.3,1792.8,1358.8,1296.1,0.0,2856.0,0.0,0.0,711.0,2330.0,3.7,9.0,3.7,78.0,0.0,1233.69027777778,0.0,49.0,26.5,26.5,20.5,57.0,28.0,27.5,26.0,28.0,28.0,22.0,22.0,37.0,0.4599999999999795,90.0,24.5,13.811,716.3000000000001,27.28,13.948,26.0,8.3,3.0,0.0,0.0,0.0,22.0,179.0,0.0,28.0,1.0,0.0,825.6,0.0,0.0,0.6000000000000001,9.0,0.0,30.0,0.0,28.0,28.0,350.0,825.6,-50.0,0.0,0.0,0.0,0.0,400.0,0.0,0.0,0.0,0.0,0.0,0.0,48.0,713.1,4.443,46.141987500000006,13.7695717,36.0,7.6948284469920365,0.0,0.4361790003888887,0.43618,404.858319,213.54828,0.1242333448439479,0.1230033117266811,0.970054756126502,0.0201812455416375,103.08696428571432,28.86435,0.0,,26.82000000000002
207.0,13.4,23.4,713.9,0.0,0.0,0.0,25.0,20.0,26.0,24.0,25.0,25.0,24.0,24.0,24.0,16.70526,25.0,38.0,1233.691111111111,4441288.0,0.0,0.0,4.95763888888889,3.96611111111111,3.71822916666667,25.0,1821.3,1792.8,1358.8,1296.1,0.0,3272.0,0.0,0.0,712.0,2326.0,3.72,9.0,3.7,78.0,0.0,1233.69111111111,0.0,49.0,26.5,26.5,20.5,57.0,28.0,27.5,26.0,28.0,28.0,22.0,22.0,37.0,0.4599999999999795,90.0,24.5,13.811,716.3000000000001,27.28,13.948,26.0,8.3,3.0,0.0,0.0,0.0,22.0,179.0,0.0,28.0,1.0,0.0,825.6,0.0,0.0,0.6000000000000001,9.0,0.0,30.0,0.0,28.0,28.0,350.0,825.6,-50.0,0.0,0.0,0.0,0.0,400.0,0.0,0.0,0.0,0.0,0.0,0.0,48.0,713.7,4.443,46.141987500000006,13.7695717,36.0,7.6948284469920365,0.0,0.4361790003888887,0.43618,404.858319,213.54828,0.1356285584229042,0.1342857014088161,2.2148712441470533,0.0112823896821349,45.14935135135135,16.70526,0.0,,26.82000000000002
208.0,13.4,23.4,713.9,0.0,0.0,0.0,25.0,20.0,26.0,24.0,25.0,25.0,24.0,24.0,24.0,16.70526,25.0,38.0,1233.691111111111,4441288.0,0.0,0.0,4.95763888888889,3.96611111111111,3.71822916666667,25.0,1821.3,1792.8,1358.8,1296.1,0.0,3272.0,0.0,0.0,712.0,2326.0,3.72,9.0,3.7,78.0,0.0,1233.69111111111,0.0,49.0,26.5,26.5,20.5,57.0,28.0,27.5,26.0,28.0,28.0,22.0,22.0,41.0,0.2599999999999909,90.0,24.5,13.81,716.7,24.75,13.952,26.0,-29.5,3.0,0.0,0.0,0.0,22.0,179.0,0.0,28.0,1.0,0.0,825.6,0.0,0.0,0.6000000000000001,9.0,0.0,30.0,0.0,28.0,28.0,350.0,825.6,-50.0,0.0,0.0,0.0,0.0,400.0,0.0,0.0,0.0,0.0,0.0,0.0,48.0,713.7,4.443,42.479925,13.770548300000002,40.0,8.087457616469777,0.0,0.4639039520555554,0.463905,404.886044,213.576005,0.1356285584229042,0.1342857014088161,2.2148712441470533,0.0112823896821349,45.14935135135135,16.70526,0.0,0.0970356214229563,24.49000000000001
209.0,13.4,23.4,713.9,0.0,0.0,0.0,25.0,20.0,26.0,24.0,25.0,25.0,24.0,24.0,24.0,16.70526,25.0,38.0,1233.691111111111,4441288.0,0.0,0.0,4.95763888888889,3.96611111111111,3.71822916666667,25.0,1821.3,1792.8,1358.8,1296.1,0.0,3272.0,0.0,0.0,712.0,2326.0,3.72,9.0,3.7,78.0,0.0,1233.69111111111,0.0,49.0,26.5,26.5,20.5,57.0,28.0,27.5,26.0,28.0,28.0,22.0,22.0,41.0,0.2599999999999909,90.0,24.5,13.81,716.7,24.75,13.952,26.0,-29.5,3.0,0.0,0.0,0.0,22.0,179.0,0.0,28.0,1.0,0.0,825.6,0.0,0.0,0.6000000000000001,9.0,0.0,30.0,0.0,28.0,28.0,350.0,825.6,-50.0,0.0,0.0,0.0,0.0,400.0,0.0,0.0,0.0,0.0,0.0,0.0,48.0,714.3000000000001,4.443,42.479925,13.770548300000002,40.0,8.087457616469777,0.0,0.4639039520555554,0.463905,404.886044,213.576005,0.1356285584229042,0.1342857014088161,2.2148712441470533,0.0112823896821349,45.14935135135135,16.70526,0.0,0.0970356214229563,24.49000000000001
210.0,13.4,9.4,714.9,0.0,0.0,0.0,25.0,20.0,26.0,24.0,25.0,25.0,24.0,24.0,24.0,6.72006,25.0,38.0,1233.6916666666666,4441290.0,0.0,0.0,4.96458333333333,3.97166666666667,3.7234375,25.0,1821.3,1792.8,1358.8,1296.1,0.0,3415.0,0.0,0.0,713.0,2326.0,3.72,9.0,3.72,49.0,0.0,1233.69166666667,0.0,49.0,26.5,26.5,20.5,57.0,28.0,27.5,26.0,28.0,28.0,22.0,22.0,43.0,0.2800000000000295,90.0,24.5,13.811,719.2,24.18,13.949,26.0,-29.5,3.0,0.0,0.0,0.0,22.0,179.0,0.0,28.0,1.0,0.0,825.6,0.0,0.0,0.6000000000000001,9.0,0.0,30.0,0.0,28.0,28.0,350.0,825.6,-50.0,0.0,0.0,0.0,0.0,400.0,0.0,0.0,0.0,0.0,0.0,0.0,48.0,714.3000000000001,4.443,42.479925,13.770548300000002,40.0,8.507455011137242,0.0,0.4939374465833331,0.493938,404.916077,213.606038,0.1403783863309033,0.1389885013177261,6.101136001761889,0.00470279990891,16.390390243902438,6.72006,0.0,0.0661702293144476,23.89999999999997
211.0,13.4,9.4,714.9,0.0,0.0,0.0,25.0,20.0,26.0,24.0,25.0,25.0,24.0,24.0,24.0,6.72006,25.0,38.0,1233.6916666666666,4441290.0,0.0,0.0,4.96458333333333,3.97166666666667,3.7234375,25.0,1821.3,1792.8,1358.8,1296.1,0.0,3415.0,0.0,0.0,713.0,2326.0,3.72,9.0,3.72,49.0,0.0,1233.69166666667,0.0,49.0,26.5,26.5,20.5,57.0,28.0,27.5,26.0,28.0,28.0,22.0,22.0,43.0,0.2800000000000295,90.0,24.5,13.811,719.2,24.18,13.949,26.0,-1.9,3.0,0.0,0.0,0.0,22.0,179.0,0.0,28.0,1.0,0.0,825.6,0.0,0.0,0.6000000000000001,9.0,0.0,30.0,0.0,28.0,28.0,350.0,825.6,-50.0,0.0,0.0,0.0,0.0,400.0,0.0,0.0,0.0,0.0,0.0,0.0,48.0,714.3000000000001,4.443,31.200772500000003,13.7695717,40.0,8.507455011137242,0.0,0.4939374465833331,0.493938,404.916077,213.606038,0.1403783863309033,0.1389885013177261,6.101136001761889,0.00470279990891,16.390390243902438,6.72006,0.0,0.0661702293144476,23.89999999999997
212.0,13.3,-18.6,717.4,0.0,0.0,0.0,26.0,20.0,26.0,24.0,25.0,25.0,24.0,24.0,24.0,-13.34364,25.0,38.0,1233.6925,4441293.0,0.0,0.0,4.98194444444444,3.98555555555556,3.73645833333333,25.0,1821.3,1792.8,1358.8,1296.1,0.0,3169.0,0.0,0.0,716.0,2326.0,3.72,20.0,3.72,49.0,0.0,1233.6925,0.0,49.0,26.5,26.5,20.5,57.0,28.0,27.5,26.0,28.0,28.0,22.0,22.0,43.0,0.2800000000000295,90.0,24.5,13.811,719.2,24.18,13.949,26.0,-1.9,3.0,0.0,0.0,0.0,22.0,179.0,0.0,28.0,1.0,0.0,825.6,0.0,0.0,0.6000000000000001,9.0,0.0,30.0,0.0,28.0,28.0,350.0,825.6,-50.0,0.0,0.0,0.0,0.0,400.0,0.0,0.0,0.0,0.0,0.0,0.0,48.0,716.3000000000001,4.443,31.200772500000003,13.7695717,40.0,8.507455011137242,0.0,0.4939374465833331,0.493938,404.916077,213.606038,0.1312887100086266,0.1299888217907194,-3.2225090005425803,-0.0089996795270066,-31.03172093023256,-13.34364,0.0,0.0661702293144476,23.89999999999997
213.0,13.3,-18.6,717.4,0.0,0.0,0.0,26.0,20.0,26.0,24.0,25.0,25.0,24.0,24.0,24.0,-13.34364,25.0,38.0,1233.6925,4441293.0,0.0,0.0,4.98194444444444,3.98555555555556,3.73645833333333,25.0,1821.3,1792.8,1358.8,1296.1,0.0,3169.0,0.0,0.0,716.0,2326.0,3.72,20.0,3.72,49.0,0.0,1233.6925,0.0,49.0,26.5,26.5,20.5,57.0,28.0,27.5,26.0,28.0,28.0,22.0,22.0,38.0,0.1899999999999977,90.0,24.5,13.785,723.3000000000001,29.5,13.95,26.0,-1.3,3.0,0.0,0.0,0.0,22.0,179.0,0.0,28.0,1.0,0.0,825.6,0.0,0.0,0.6000000000000001,9.0,0.0,30.0,0.0,28.0,28.0,350.0,825.6,-50.0,0.0,0.0,0.0,0.0,400.0,0.0,0.0,0.0,0.0,0.0,0.0,48.0,716.3000000000001,4.443,0.0,13.740762,32.0,8.842174255121318,0.0,0.5192643114722221,0.519265,404.941404,213.631365,0.1312887100086266,0.1299888217907194,-3.2225090005425803,-0.0089996795270066,-31.03172093023256,-13.34364,0.0,0.0661702293144476,29.310000000000002
214.0,13.3,-18.6,717.4,0.0,0.0,0.0,26.0,20.0,26.0,24.0,25.0,25.0,24.0,24.0,24.0,-13.34364,25.0,38.0,1233.6925,4441293.0,0.0,0.0,4.98194444444444,3.98555555555556,3.73645833333333,25.0,1821.3,1792.8,1358.8,1296.1,0.0,3169.0,0.0,0.0,716.0,2326.0,3.72,20.0,3.72,49.0,0.0,1233.6925,0.0,49.0,26.5,26.5,20.5,57.0,28.0,27.5,26.0,28.0,28.0,22.0,22.0,38.0,0.1899999999999977,90.0,24.5,13.785,723.3000000000001,29.5,13.95,26.0,-1.3,3.0,0.0,0.0,0.0,22.0,179.0,0.0,28.0,1.0,0.0,825.6,0.0,0.0,0.6000000000000001,9.0,0.0,30.0,0.0,28.0,28.0,350.0,825.6,-50.0,0.0,0.0,0.0,0.0,400.0,0.0,0.0,0.0,0.0,0.0,0.0,48.0,719.9000000000001,4.443,0.0,13.740762,32.0,8.842174255121318,0.0,0.5192643114722221,0.519265,404.941404,213.631365,0.1312887100086266,0.1299888217907194,-3.2225090005425803,-0.0089996795270066,-31.03172093023256,-13.34364,0.0,0.0661702293144476,29.310000000000002
215.0,13.3,-33.3,719.6,0.0,0.0,0.0,26.0,20.0,26.0,24.0,25.0,25.0,24.0,24.0,24.0,-23.96268,25.0,38.0,1233.6930555555557,4441295.0,0.0,0.0,4.99722222222222,3.99777777777778,3.74791666666667,25.0,1821.4,1792.8,1358.8,1296.1,0.0,2025.0,0.0,0.0,718.0,2328.0,3.74,24.0,3.74,64.0,0.0,1233.69305555556,0.0,49.0,26.5,26.5,20.5,57.0,28.0,27.5,26.0,28.0,28.0,22.0,22.0,23.0,0.25,90.0,24.5,13.783,722.0,29.62,13.951,26.0,-1.3,3.0,0.0,0.0,0.0,22.0,179.0,0.0,28.0,1.0,0.0,825.6,0.0,0.0,0.6000000000000001,9.0,0.0,30.0,0.0,28.0,28.0,350.0,825.6,-50.0,0.0,0.0,0.0,0.0,400.0,0.0,0.0,0.0,0.0,0.0,0.0,48.0,719.9000000000001,4.443,0.0,13.740762,32.0,9.004982198896979,0.0,0.5349773211388887,0.534978,404.957117,213.647078,0.1145382302774344,0.1134041883934994,-1.5857992511689007,-0.01658463339722,-63.05968421052632,-23.96268,0.0,,29.37
216.0,13.3,-33.3,719.6,0.0,0.0,0.0,26.0,20.0,26.0,24.0,25.0,25.0,24.0,24.0,24.0,-23.96268,25.0,38.0,1233.6930555555557,4441295.0,0.0,0.0,4.99722222222222,3.99777777777778,3.74791666666667,25.0,1821.4,1792.8,1358.8,1296.1,0.0,2025.0,0.0,0.0,718.0,2328.0,3.74,24.0,3.74,64.0,0.0,1233.69305555556,0.0,49.0,26.5,26.5,20.5,57.0,28.0,27.5,26.0,28.0,28.0,22.0,22.0,23.0,0.25,90.0,24.5,13.783,722.0,29.62,13.951,26.0,5.7,3.0,0.0,0.0,0.0,22.0,179.0,0.0,28.0,1.0,0.0,825.6,0.0,0.0,0.6000000000000001,9.0,0.0,30.0,0.0,28.0,28.0,350.0,825.6,-50.0,0.0,0.0,0.0,0.0,400.0,0.0,0.0,0.0,0.0,0.0,0.0,48.0,719.9000000000001,4.443,0.0,13.740762,16.0,9.004982198896979,0.0,0.5349773211388887,0.534978,404.957117,213.647078,0.1145382302774344,0.1134041883934994,-1.5857992511689007,-0.01658463339722,-63.05968421052632,-23.96268,0.0,,29.37
217.0,13.3,-14.2,718.1,0.0,0.0,0.0,26.0,20.0,26.0,24.0,25.0,25.0,24.0,24.0,24.0,-10.19702,25.0,38.0,1233.693611111111,4441297.0,0.0,0.0,4.98680555555556,3.98944444444444,3.74010416666667,25.0,1821.4,1792.8,1358.8,1296.1,0.0,955.0,0.0,0.0,716.0,2328.0,3.74,9.0,3.72,13.0,0.0,1233.69361111111,0.0,49.0,26.5,26.5,20.5,57.0,28.0,27.5,26.0,28.0,28.0,22.0,22.0,10.0,0.25,90.0,24.5,13.783,722.0,29.62,13.951,26.0,5.7,3.0,0.0,0.0,0.0,22.0,179.0,0.0,28.0,1.0,0.0,825.6,0.0,0.0,0.6000000000000001,9.0,0.0,30.0,0.0,28.0,28.0,350.0,825.6,-50.0,0.0,0.0,0.0,0.0,400.0,0.0,0.0,0.0,0.0,0.0,0.0,48.0,718.5,4.443,0.0,13.740762,16.0,9.015753855407276,0.0,0.5414790864166665,0.54148,404.963619,213.65358,0.1079291122217547,0.1068605071502522,-2.2555609383918047,-0.0065436812432472,-44.33486956521739,-10.19702,0.0,-0.0903702036744649,29.37
218.0,13.3,-14.2,718.1,0.0,0.0,0.0,26.0,20.0,26.0,24.0,25.0,25.0,24.0,24.0,24.0,-10.19702,25.0,38.0,1233.693611111111,4441297.0,0.0,0.0,4.98680555555556,3.98944444444444,3.74010416666667,25.0,1821.4,1792.8,1358.8,1296.1,0.0,955.0,0.0,0.0,716.0,2328.0,3.74,9.0,3.72,13.0,0.0,1233.69361111111,0.0,49.0,26.5,26.5,20.5,57.0,28.0,27.5,26.0,28.0,28.0,22.0,22.0,10.0,0.410000000000025,90.0,24.5,13.8,720.5,29.75,13.95,26.0,4.1000000000000005,3.0,0.0,0.0,0.0,22.0,179.0,0.0,28.0,1.0,0.0,825.6,0.0,0.0,0.6000000000000001,9.0,0.0,30.0,0.0,28.0,28.0,350.0,825.6,-50.0,0.0,0.0,0.0,0.0,400.0,0.0,0.0,0.0,0.0,0.0,0.0,48.0,718.5,4.443,18.74976,13.7593174,4.0,9.015753855407276,0.0,0.5414790864166665,0.54148,404.963619,213.65358,0.1079291122217547,0.1068605071502522,-2.2555609383918047,-0.0065436812432472,-44.33486956521739,-10.19702,0.0,-0.0903702036744649,29.339999999999975
219.0,13.4,14.1,715.7,0.0,0.0,0.0,26.0,20.0,26.0,24.0,25.0,25.0,24.0,24.0,24.0,10.09137,25.0,38.0,1233.6944444444443,4441300.0,0.0,0.0,4.97013888888889,3.97611111111111,3.72760416666667,25.0,1821.4,1792.8,1358.9,1296.1,0.0,627.0,0.0,0.0,714.0,2328.0,3.72,9.0,3.72,49.0,0.0,1233.69444444444,0.0,49.0,26.5,26.5,20.5,57.0,28.0,27.5,26.0,28.0,28.0,22.0,22.0,10.0,0.410000000000025,90.0,24.5,13.8,720.5,29.75,13.95,26.0,4.1000000000000005,3.0,0.0,0.0,0.0,22.0,179.0,0.0,28.0,1.0,0.0,825.6,0.0,0.0,0.6000000000000001,9.0,0.0,30.0,0.0,28.0,28.0,350.0,825.6,-50.0,0.0,0.0,0.0,0.0,400.0,0.0,0.0,0.0,0.0,0.0,0.0,48.0,716.8000000000001,4.443,18.74976,13.7593174,4.0,9.015753855407276,0.0,0.5414790864166665,0.54148,404.963619,213.65358,0.1145574663089935,0.1134232339693005,0.9909457288752666,0.0065627268190483,100.91370000000002,10.09137,0.0,-0.0903702036744649,29.339999999999975
220.0,13.4,14.1,715.7,0.0,0.0,0.0,26.0,20.0,26.0,24.0,25.0,25.0,24.0,24.0,24.0,10.09137,25.0,38.0,1233.6944444444443,4441300.0,0.0,0.0,4.97013888888889,3.97611111111111,3.72760416666667,25.0,1821.4,1792.8,1358.9,1296.1,0.0,627.0,0.0,0.0,714.0,2328.0,3.72,9.0,3.72,49.0,0.0,1233.69444444444,0.0,49.0,26.5,26.5,20.5,57.0,28.0,27.5,26.0,28.0,28.0,22.0,22.0,10.0,0.2599999999999909,90.0,24.5,13.809,717.0,24.65,13.949,26.0,3.8,3.0,0.0,0.0,0.0,22.0,179.0,0.0,28.0,1.0,0.0,825.6,0.0,0.0,0.6000000000000001,9.0,0.0,30.0,0.0,28.0,28.0,350.0,825.6,-50.0,0.0,0.0,0.0,0.0,400.0,0.0,0.0,0.0,0.0,0.0,0.0,48.0,716.8000000000001,4.443,71.09284000000001,13.760294,12.0,9.026321815559456,0.0,0.5479977019722221,0.547999,404.970138,213.660099,0.1145574663089935,0.1134232339693005,0.9909457288752666,0.0065627268190483,100.91370000000002,10.09137,0.0,-0.0979825791213252,24.390000000000008
221.0,13.4,14.1,715.7,0.0,0.0,0.0,26.0,20.0,26.0,24.0,25.0,25.0,24.0,24.0,24.0,10.09137,25.0,38.0,1233.6944444444443,4441300.0,0.0,0.0,4.97013888888889,3.97611111111111,3.72760416666667,25.0,1821.4,1792.8,1358.9,1296.1,0.0,627.0,0.0,0.0,714.0,2328.0,3.72,9.0,3.72,49.0,0.0,1233.69444444444,0.0,49.0,26.5,26.5,20.5,57.0,28.0,27.5,26.0,28.0,28.0,22.0,22.0,10.0,0.2599999999999909,90.0,24.5,13.809,717.0,24.65,13.949,26.0,3.8,3.0,0.0,0.0,0.0,22.0,179.0,0.0,28.0,1.0,0.0,825.6,0.0,0.0,0.6000000000000001,9.0,0.0,30.0,0.0,28.0,28.0,350.0,825.6,-50.0,0.0,0.0,0.0,0.0,400.0,0.0,0.0,0.0,0.0,0.0,0.0,48.0,713.5,4.442,71.09284000000001,13.760294,12.0,9.026321815559456,0.0,0.5479977019722221,0.547999,404.970138,213.660099,0.1145574663089935,0.1134232339693005,0.9909457288752666,0.0065627268190483,100.91370000000002,10.09137,0.0,-0.0979825791213252,24.390000000000008
222.0,13.3,35.5,713.4,0.0,0.0,0.0,26.0,20.0,26.0,24.0,25.0,25.0,24.0,24.0,24.0,25.3257,25.0,38.0,1233.695,4441302.0,0.0,0.0,4.95416666666667,3.96333333333333,3.715625,25.0,1821.4,1792.8,1358.9,1296.1,0.0,1827.0,0.0,0.0,711.0,2328.0,3.7,9.0,3.7,61.0,0.0,1233.695,0.0,49.0,26.5,26.5,21.0,57.0,27.5,27.5,26.0,27.5,28.0,22.0,22.0,25.0,0.25,90.0,24.5,13.806,715.7,24.97,13.946,26.0,3.8,3.0,0.0,0.0,0.0,22.0,179.0,0.0,28.0,1.0,0.0,825.6,0.0,0.0,0.6000000000000001,9.0,0.0,30.0,0.0,28.0,28.0,350.0,825.6,-50.0,0.0,0.0,0.0,0.0,400.0,0.0,0.0,0.0,0.0,0.0,0.0,48.0,713.5,4.442,71.09284000000001,13.760294,12.0,9.196863865095876,0.0,0.5643770318333332,0.564378,404.986517,213.676478,0.1311897631770328,0.1298908546307255,0.3948558183979119,0.016467620661425,253.25700000000003,25.3257,0.0,-0.0979825791213252,24.72
223.0,13.3,35.5,713.4,0.0,0.0,0.0,26.0,20.0,26.0,24.0,25.0,25.0,24.0,24.0,24.0,25.3257,25.0,38.0,1233.695,4441302.0,0.0,0.0,4.95416666666667,3.96333333333333,3.715625,25.0,1821.4,1792.8,1358.9,1296.1,0.0,1827.0,0.0,0.0,711.0,2328.0,3.7,9.0,3.7,61.0,0.0,1233.695,0.0,49.0,26.5,26.5,21.0,57.0,27.5,27.5,26.0,27.5,28.0,22.0,22.0,25.0,0.25,90.0,24.5,13.806,715.7,24.97,13.946,26.0,13.5,3.0,0.0,0.0,0.0,22.0,179.0,0.0,28.0,1.0,0.0,825.6,0.0,0.0,0.6000000000000001,9.0,0.0,30.0,0.0,28.0,28.0,350.0,825.6,-50.0,0.0,0.0,0.0,0.0,400.0,0.0,0.0,0.0,0.0,0.0,0.0,48.0,713.5,4.442,60.1066525,13.7695717,29.421875,9.196863865095876,0.0,0.5643770318333332,0.564378,404.986517,213.676478,0.1311897631770328,0.1298908546307255,0.3948558183979119,0.016467620661425,253.25700000000003,25.3257,0.0,-0.0979825791213252,24.72
224.0,13.4,45.0,712.0,0.0,0.0,0.0,26.0,20.0,26.0,24.0,25.0,25.0,24.0,24.0,24.0,32.04,25.0,38.0,1233.6958333333334,4441305.0,0.0,0.0,4.94444444444444,3.95555555555556,3.70833333333333,25.0,1821.4,1792.8,1358.9,1296.2,0.0,2864.0,0.0,0.0,710.0,2330.0,3.7,11.0,3.7,78.0,0.0,1233.69583333333,0.0,49.0,26.5,26.5,21.0,57.0,27.5,27.5,26.0,27.5,28.0,22.0,22.0,25.0,0.25,90.0,24.5,13.806,715.7,24.97,13.946,26.0,13.5,3.0,0.0,0.0,0.0,22.0,179.0,0.0,28.0,1.0,0.0,825.6,0.0,0.0,0.6000000000000001,9.0,0.0,30.0,0.0,28.0,28.0,350.0,825.6,-50.0,0.0,0.0,0.0,0.0,400.0,0.0,0.0,0.0,0.0,0.0,0.0,48.0,712.1,4.443,60.1066525,13.7695717,29.421875,9.196863865095876,0.0,0.5643770318333332,0.564378,404.986517,213.676478,0.1538369527063328,0.1523138145607255,0.7802746566791511,0.02242295993,128.16,32.04,0.0,-0.0979825791213252,24.72
225.0,13.4,45.0,712.0,0.0,0.0,0.0,26.0,20.0,26.0,24.0,25.0,25.0,24.0,24.0,24.0,32.04,25.0,38.0,1233.6958333333334,4441305.0,0.0,0.0,4.94444444444444,3.95555555555556,3.70833333333333,25.0,1821.4,1792.8,1358.9,1296.2,0.0,2864.0,0.0,0.0,710.0,2330.0,3.7,11.0,3.7,78.0,0.0,1233.69583333333,0.0,49.0,26.5,26.5,21.0,57.0,27.5,27.5,26.0,27.5,28.0,22.0,22.0,38.0,0.2599999999999909,90.0,24.5,13.81,715.8000000000001,24.35,13.943,26.0,-14.7,3.0,0.0,0.0,0.0,22.0,179.0,0.0,28.0,1.0,0.0,825.6,0.0,0.0,0.6000000000000001,9.0,0.0,30.0,0.0,28.0,28.0,350.0,825.6,-50.0,0.0,0.0,0.0,0.0,400.0,0.0,0.0,0.0,0.0,0.0,0.0,48.0,712.1,4.443,49.80405,13.7612706,40.78125,9.527010480717522,0.0,0.5914158030555554,0.591417,405.013556,213.703517,0.1538369527063328,0.1523138145607255,0.7802746566791511,0.02242295993,128.16,32.04,0.0,,24.09000000000001
226.0,13.4,45.0,712.0,0.0,0.0,0.0,26.0,20.0,26.0,24.0,25.0,25.0,24.0,24.0,24.0,32.04,25.0,38.0,1233.6958333333334,4441305.0,0.0,0.0,4.94444444444444,3.95555555555556,3.70833333333333,25.0,1821.4,1792.8,1358.9,1296.2,0.0,2864.0,0.0,0.0,710.0,2330.0,3.7,11.0,3.7,78.0,0.0,1233.69583333333,0.0,49.0,26.5,26.5,21.0,57.0,27.5,27.5,26.0,27.5,28.0,22.0,22.0,38.0,0.2599999999999909,90.0,24.5,13.81,715.8000000000001,24.35,13.943,26.0,-14.7,3.0,0.0,0.0,0.0,22.0,179.0,0.0,28.0,1.0,0.0,825.6,0.0,0.0,0.6000000000000001,9.0,0.0,30.0,0.0,28.0,28.0,350.0,825.6,-50.0,0.0,0.0,0.0,0.0,400.0,0.0,0.0,0.0,0.0,0.0,0.0,48.0,712.8000000000001,4.443,49.80405,13.7612706,40.78125,9.527010480717522,0.0,0.5914158030555554,0.591417,405.013556,213.703517,0.1538369527063328,0.1523138145607255,0.7802746566791511,0.02242295993,128.16,32.04,0.0,,24.09000000000001
227.0,13.4,28.6,713.2,0.0,0.0,0.0,26.0,20.0,26.0,24.0,25.0,25.0,24.0,24.0,24.0,20.39752,25.0,38.0,1233.6963888888888,4441307.0,0.0,0.0,4.95277777777778,3.96222222222222,3.71458333333333,25.0,1821.4,1792.9,1358.9,1296.2,0.0,3509.0,0.0,0.0,711.0,2330.0,3.7,11.0,3.7,49.0,0.0,1233.69638888889,0.0,49.0,26.5,26.5,21.0,57.0,27.5,27.5,26.0,27.5,28.0,22.0,22.0,45.0,0.2599999999999909,90.0,24.5,13.81,716.9000000000001,23.99,13.943,26.0,-3.6,3.0,0.0,0.0,0.0,22.0,179.0,0.0,28.0,1.0,0.0,825.6,0.0,0.0,0.6000000000000001,9.0,0.0,30.0,0.0,28.0,28.0,350.0,825.6,-50.0,0.0,0.0,0.0,0.0,400.0,0.0,0.0,0.0,0.0,0.0,0.0,48.0,712.8000000000001,4.443,49.80405,13.7612706,40.78125,9.893666562116367,0.0,0.6205915655555554,0.620593,405.042732,213.732693,0.1676196671679346,0.1659600665029055,1.862971576936804,0.01364625194218,53.67768421052632,20.397520000000004,0.0,0.1032809695068305,23.730000000000008
228.0,13.4,28.6,713.2,0.0,0.0,0.0,26.0,20.0,26.0,24.0,25.0,25.0,24.0,24.0,24.0,20.39752,25.0,38.0,1233.6963888888888,4441307.0,0.0,0.0,4.95277777777778,3.96222222222222,3.71458333333333,25.0,1821.4,1792.9,1358.9,1296.2,0.0,3509.0,0.0,0.0,711.0,2330.0,3.7,11.0,3.7,49.0,0.0,1233.69638888889,0.0,49.0,26.5,26.5,21.0,57.0,27.5,27.5,26.0,27.5,28.0,22.0,22.0,45.0,0.2599999999999909,90.0,24.5,13.81,716.9000000000001,23.99,13.943,26.0,-3.6,3.0,0.0,0.0,0.0,22.0,179.0,0.0,28.0,1.0,0.0,825.6,0.0,0.0,0.6000000000000001,9.0,0.0,30.0,0.0,28.0,28.0,350.0,825.6,-50.0,0.0,0.0,0.0,0.0,400.0,0.0,0.0,0.0,0.0,0.0,0.0,48.0,712.8000000000001,4.443,36.52297,13.7612706,45.90625,9.893666562116367,0.0,0.6205915655555554,0.620593,405.042732,213.732693,0.1676196671679346,0.1659600665029055,1.862971576936804,0.01364625194218,53.67768421052632,20.397520000000004,0.0,0.1032809695068305,23.730000000000008
229.0,13.4,-2.1,715.9,0.0,0.0,0.0,26.0,20.0,26.0,24.0,25.0,25.0,24.0,24.0,24.0,-1.50339,25.0,38.0,1233.6969444444444,4441309.0,0.0,0.0,4.97152777777778,3.97722222222222,3.72864583333333,25.0,1821.4,1792.9,1358.9,1296.2,0.0,3569.0,0.0,0.0,714.0,2330.0,3.72,9.0,3.72,49.0,0.0,1233.69694444444,0.0,49.0,26.5,26.5,21.0,57.0,27.5,27.5,26.0,27.5,28.0,22.0,22.0,44.0,0.2599999999999909,90.0,24.5,13.81,716.9000000000001,23.99,13.943,26.0,-3.6,3.0,0.0,0.0,0.0,22.0,179.0,0.0,28.0,1.0,0.0,825.6,0.0,0.0,0.6000000000000001,9.0,0.0,30.0,0.0,28.0,28.0,350.0,825.6,-50.0,0.0,0.0,0.0,0.0,400.0,0.0,0.0,0.0,0.0,0.0,0.0,48.0,715.7,4.444,36.52297,13.7612706,45.90625,10.260225552655037,0.0,0.650576491222222,0.650578,405.072717,213.762678,0.166638140328386,0.1649882577508772,-29.932352882485585,-0.0009718087520283,-3.3408666666666664,-1.50339,0.0,0.1032809695068305,23.730000000000008
230.0,13.4,-2.1,715.9,0.0,0.0,0.0,26.0,20.0,26.0,24.0,25.0,25.0,24.0,24.0,24.0,-1.50339,25.0,38.0,1233.6969444444444,4441309.0,0.0,0.0,4.97152777777778,3.97722222222222,3.72864583333333,25.0,1821.4,1792.9,1358.9,1296.2,0.0,3569.0,0.0,0.0,714.0,2330.0,3.72,9.0,3.72,49.0,0.0,1233.69694444444,0.0,49.0,26.5,26.5,21.0,57.0,27.5,27.5,26.0,27.5,28.0,22.0,22.0,44.0,0.2599999999999909,90.0,24.5,13.811,720.0,24.71,13.943,26.0,-1.5,3.0,0.0,0.0,0.0,22.0,179.0,0.0,28.0,1.0,0.0,825.6,0.0,0.0,0.6000000000000001,9.0,0.0,30.0,0.0,28.0,28.0,350.0,825.6,-50.0,0.0,0.0,0.0,0.0,400.0,0.0,0.0,0.0,0.0,0.0,0.0,48.0,715.7,4.444,24.5602325,13.7612706,40.0,10.260225552655037,0.0,0.650576491222222,0.650578,405.072717,213.762678,0.166638140328386,0.1649882577508772,-29.932352882485585,-0.0009718087520283,-3.3408666666666664,-1.50339,0.0,0.1032809695068305,24.45000000000001
231.0,13.3,-17.0,717.6,0.0,0.0,0.0,26.0,20.0,26.0,24.0,25.0,25.0,24.0,24.0,24.0,-12.1992,25.0,38.0,1233.6977777777777,4441312.0,0.0,0.0,4.98333333333333,3.98666666666667,3.7375,25.0,1821.4,1792.9,1358.9,1296.2,0.0,3129.0,0.0,0.0,716.0,2330.0,3.72,9.0,3.72,49.0,0.0,1233.69777777778,0.0,49.0,26.5,26.5,21.0,57.0,27.5,27.5,26.0,27.5,28.0,22.0,22.0,44.0,0.2599999999999909,90.0,24.5,13.811,720.0,24.71,13.943,26.0,-1.5,3.0,0.0,0.0,0.0,22.0,179.0,0.0,28.0,1.0,0.0,825.6,0.0,0.0,0.6000000000000001,9.0,0.0,30.0,0.0,28.0,28.0,350.0,825.6,-50.0,0.0,0.0,0.0,0.0,400.0,0.0,0.0,0.0,0.0,0.0,0.0,48.0,717.5,4.443,24.5602325,13.7612706,40.0,10.260225552655037,0.0,0.650576491222222,0.650578,405.072717,213.762678,0.1581812957981566,0.1566151443546105,-3.60679388812381,-0.0083731133962666,-27.725454545454554,-12.1992,0.0,0.1032809695068305,24.45000000000001
232.0,13.3,-17.0,717.6,0.0,0.0,0.0,26.0,20.0,26.0,24.0,25.0,25.0,24.0,24.0,24.0,-12.1992,25.0,38.0,1233.6977777777777,4441312.0,0.0,0.0,4.98333333333333,3.98666666666667,3.7375,25.0,1821.4,1792.9,1358.9,1296.2,0.0,3129.0,0.0,0.0,716.0,2330.0,3.72,9.0,3.72,49.0,0.0,1233.69777777778,0.0,49.0,26.5,26.5,21.0,57.0,27.5,27.5,26.0,27.5,28.0,22.0,22.0,38.0,0.410000000000025,90.0,24.5,13.81,720.9000000000001,24.45,13.938,26.0,9.8,3.0,0.0,0.0,0.0,22.0,179.0,0.0,28.0,1.0,0.0,825.6,0.0,0.0,0.6000000000000001,9.0,0.0,30.0,0.0,28.0,28.0,350.0,825.6,-50.0,0.0,0.0,0.0,0.0,400.0,0.0,0.0,0.0,0.0,0.0,0.0,48.0,717.5,4.443,24.5602325,13.7612706,40.0,10.545293117216502,0.0,0.6755946905555554,0.675596,405.097735,213.787696,0.1581812957981566,0.1566151443546105,-3.60679388812381,-0.0083731133962666,-27.725454545454554,-12.1992,0.0,,24.039999999999974
233.0,13.3,-17.0,717.6,0.0,0.0,0.0,26.0,20.0,26.0,24.0,25.0,25.0,24.0,24.0,24.0,-12.1992,25.0,38.0,1233.6977777777777,4441312.0,0.0,0.0,4.98333333333333,3.98666666666667,3.7375,25.0,1821.4,1792.9,1358.9,1296.2,0.0,3129.0,0.0,0.0,716.0,2330.0,3.72,9.0,3.72,49.0,0.0,1233.69777777778,0.0,49.0,26.5,26.5,21.0,57.0,27.5,27.5,26.0,27.5,28.0,22.0,22.0,38.0,0.410000000000025,90.0,24.5,13.81,720.9000000000001,24.45,13.938,26.0,9.8,3.0,0.0,0.0,0.0,22.0,179.0,0.0,28.0,1.0,0.0,825.6,0.0,0.0,0.6000000000000001,9.0,0.0,30.0,0.0,28.0,28.0,350.0,825.6,-50.0,0.0,0.0,0.0,0.0,400.0,0.0,0.0,0.0,0.0,0.0,0.0,48.0,718.2,4.443,19.238035000000004,13.750528,36.390625,10.545293117216502,0.0,0.6755946905555554,0.675596,405.097735,213.787696,0.1581812957981566,0.1566151443546105,-3.60679388812381,-0.0083731133962666,-27.725454545454554,-12.1992,0.0,,24.039999999999974
234.0,13.3,-23.7,718.4,0.0,0.0,0.0,26.0,20.0,26.0,24.0,25.0,25.0,24.0,24.0,24.0,-17.02608,25.0,38.0,1233.6983333333333,4441314.0,0.0,0.0,4.98888888888889,3.99111111111111,3.74166666666667,25.0,1821.4,1792.9,1358.9,1296.2,0.0,2459.0,0.0,0.0,717.0,2320.0,3.74,9.0,3.72,40.0,0.0,1233.69833333333,0.0,49.0,26.5,26.5,21.0,57.0,27.5,27.5,26.0,27.5,28.0,22.0,22.0,29.0,0.410000000000025,90.0,24.5,13.81,720.9000000000001,24.45,13.938,26.0,9.8,3.0,0.0,0.0,0.0,22.0,179.0,0.0,28.0,1.0,0.0,825.6,0.0,0.0,0.6000000000000001,9.0,0.0,30.0,0.0,28.0,28.0,350.0,825.6,-50.0,0.0,0.0,0.0,0.0,400.0,0.0,0.0,0.0,0.0,0.0,0.0,48.0,718.2,4.443,19.238035000000004,13.750528,36.390625,10.74024805182199,0.0,0.6954311851666666,0.695432,405.117571,213.807532,0.146334418966408,0.1448855633330772,-2.231870166239088,-0.0117295810215333,-44.80547368421052,-17.026079999999997,0.0,-0.0264808598644874,24.039999999999974
235.0,13.3,-23.7,718.4,0.0,0.0,0.0,26.0,20.0,26.0,24.0,25.0,25.0,24.0,24.0,24.0,-17.02608,25.0,38.0,1233.6983333333333,4441314.0,0.0,0.0,4.98888888888889,3.99111111111111,3.74166666666667,25.0,1821.4,1792.9,1358.9,1296.2,0.0,2459.0,0.0,0.0,717.0,2320.0,3.74,9.0,3.72,40.0,0.0,1233.69833333333,0.0,49.0,26.5,26.5,21.0,57.0,27.5,27.5,26.0,27.5,28.0,22.0,22.0,29.0,0.2599999999999909,90.0,24.5,13.784,722.0,29.88,13.949,26.0,-2.4000000000000004,3.0,0.0,0.0,0.0,22.0,179.0,0.0,28.0,1.0,0.0,825.6,0.0,0.0,0.6000000000000001,9.0,0.0,30.0,0.0,28.0,28.0,350.0,825.6,-50.0,0.0,0.0,0.0,0.0,400.0,0.0,0.0,0.0,0.0,0.0,0.0,48.0,718.2,4.443,9.277225,13.740762,24.0,10.74024805182199,0.0,0.6954311851666666,0.695432,405.117571,213.807532,0.146334418966408,0.1448855633330772,-2.231870166239088,-0.0117295810215333,-44.80547368421052,-17.026079999999997,0.0,-0.0264808598644874,29.620000000000008
236.0,13.3,-23.2,718.7,0.0,0.0,0.0,26.0,20.0,26.0,24.0,25.0,25.0,24.0,24.0,24.0,-16.67384,25.0,38.0,1233.6991666666668,4441317.0,0.0,0.0,4.99097222222222,3.99277777777778,3.74322916666667,25.0,1821.4,1792.9,1358.9,1296.2,0.0,1458.0,0.0,0.0,717.0,2320.0,3.74,9.0,3.74,13.0,0.0,1233.69916666667,0.0,49.0,26.5,26.5,21.0,57.0,27.5,27.5,26.0,27.5,28.0,22.0,22.0,29.0,0.2599999999999909,90.0,24.5,13.784,722.0,29.88,13.949,26.0,-2.4000000000000004,3.0,0.0,0.0,0.0,22.0,179.0,0.0,28.0,1.0,0.0,825.6,0.0,0.0,0.6000000000000001,9.0,0.0,30.0,0.0,28.0,28.0,350.0,825.6,-50.0,0.0,0.0,0.0,0.0,400.0,0.0,0.0,0.0,0.0,0.0,0.0,48.0,719.0,4.443,9.277225,13.740762,24.0,10.74024805182199,0.0,0.6954311851666666,0.695432,405.117571,213.807532,0.1355297639583455,0.1341878851072727,-1.7392514261861691,-0.0106976782258044,-57.496,-16.67384,0.0,-0.0264808598644874,29.620000000000008
237.0,13.3,-23.2,718.7,0.0,0.0,0.0,26.0,20.0,26.0,24.0,25.0,25.0,24.0,24.0,24.0,-16.67384,25.0,38.0,1233.6991666666668,4441317.0,0.0,0.0,4.99097222222222,3.99277777777778,3.74322916666667,25.0,1821.4,1792.9,1358.9,1296.2,0.0,1458.0,0.0,0.0,717.0,2320.0,3.74,9.0,3.74,13.0,0.0,1233.69916666667,0.0,49.0,26.5,26.5,21.0,57.0,27.5,27.5,26.0,27.5,28.0,22.0,22.0,16.0,0.2900000000000204,90.0,24.5,13.79,721.0,31.2,13.947,26.0,0.7000000000000001,3.0,0.0,0.0,0.0,22.0,179.0,0.0,28.0,1.0,0.0,825.6,0.0,0.0,0.6000000000000001,9.0,0.0,30.0,0.0,28.0,28.0,350.0,825.6,-50.0,0.0,0.0,0.0,0.0,400.0,0.0,0.0,0.0,0.0,0.0,0.0,48.0,719.0,4.443,0.0,13.750528,8.0,10.791799054673229,0.0,0.7056855607222221,0.705686,405.127825,213.817786,0.1355297639583455,0.1341878851072727,-1.7392514261861691,-0.0106976782258044,-57.496,-16.67384,0.0,-0.0855457990824781,30.90999999999998
238.0,13.3,-23.2,718.7,0.0,0.0,0.0,26.0,20.0,26.0,24.0,25.0,25.0,24.0,24.0,24.0,-16.67384,25.0,38.0,1233.6991666666668,4441317.0,0.0,0.0,4.99097222222222,3.99277777777778,3.74322916666667,25.0,1821.4,1792.9,1358.9,1296.2,0.0,1458.0,0.0,0.0,717.0,2320.0,3.74,9.0,3.74,13.0,0.0,1233.69916666667,0.0,49.0,26.5,26.5,21.0,57.0,27.5,27.5,26.0,27.5,28.0,22.0,22.0,16.0,0.2900000000000204,90.0,24.5,13.79,721.0,31.2,13.947,26.0,0.7000000000000001,3.0,0.0,0.0,0.0,22.0,179.0,0.0,28.0,1.0,0.0,825.6,0.0,0.0,0.6000000000000001,9.0,0.0,30.0,0.0,28.0,28.0,350.0,825.6,-50.0,0.0,0.0,0.0,0.0,400.0,0.0,0.0,0.0,0.0,0.0,0.0,48.0,717.5,4.443,0.0,13.750528,8.0,10.791799054673229,0.0,0.7056855607222221,0.705686,405.127825,213.817786,0.1355297639583455,0.1341878851072727,-1.7392514261861691,-0.0106976782258044,-57.496,-16.67384,0.0,-0.0855457990824781,30.90999999999998
239.0,13.3,-3.0,717.1,0.0,0.0,0.0,26.0,20.0,26.0,24.0,25.0,25.0,24.0,24.0,24.0,-2.1513,25.0,38.0,1233.699722222222,4441319.0,0.0,0.0,4.97986111111111,3.98388888888889,3.73489583333333,25.0,1821.4,1792.9,1358.9,1296.2,0.0,371.0,0.0,0.0,715.0,2320.0,3.72,9.0,3.72,49.0,0.0,1233.69972222222,0.0,49.0,26.5,26.5,21.0,57.0,27.5,27.5,26.0,27.5,28.0,22.0,22.0,3.0,0.3100000000000023,90.0,24.5,13.792,719.9000000000001,31.16,13.95,26.0,-1.2000000000000002,3.0,0.0,0.0,0.0,22.0,179.0,0.0,28.0,1.0,0.0,825.6,0.0,0.0,0.6000000000000001,9.0,0.0,30.0,0.0,28.0,28.0,350.0,825.6,-50.0,0.0,0.0,0.0,0.0,400.0,0.0,0.0,0.0,0.0,0.0,0.0,48.0,717.5,4.443,0.0,13.750528,8.0,10.712939107859842,0.0,0.7076913033888887,0.707692,405.129831,213.819792,0.1340752716495891,0.1327477937124644,-7.437363454655325,-0.0014400913948083,-13.445625,-2.1513,0.0,-0.1216580030387087,30.849999999999998
240.0,13.3,-3.0,717.1,0.0,0.0,0.0,26.0,20.0,26.0,24.0,25.0,25.0,24.0,24.0,24.0,-2.1513,25.0,38.0,1233.699722222222,4441319.0,0.0,0.0,4.97986111111111,3.98388888888889,3.73489583333333,25.0,1821.4,1792.9,1358.9,1296.2,0.0,371.0,0.0,0.0,715.0,2320.0,3.72,9.0,3.72,49.0,0.0,1233.69972222222,0.0,49.0,26.5,26.5,21.0,57.0,27.5,27.5,26.0,27.5,28.0,22.0,22.0,3.0,0.3100000000000023,90.0,24.5,13.792,719.9000000000001,31.16,13.95,26.0,-1.2000000000000002,3.0,0.0,0.0,0.0,22.0,179.0,0.0,28.0,1.0,0.0,825.6,0.0,0.0,0.6000000000000001,9.0,0.0,30.0,0.0,28.0,28.0,350.0,825.6,-50.0,0.0,0.0,0.0,0.0,400.0,0.0,0.0,0.0,0.0,0.0,0.0,48.0,717.5,4.443,0.0,13.7612706,1.34375,10.712939107859842,0.0,0.7076913033888887,0.707692,405.129831,213.819792,0.1340752716495891,0.1327477937124644,-7.437363454655325,-0.0014400913948083,-13.445625,-2.1513,0.0,-0.1216580030387087,30.849999999999998
241.0,13.3,0.7,716.6,0.0,0.0,0.0,26.0,20.0,26.0,24.0,25.0,25.0,24.0,24.0,24.0,0.50162,25.0,38.0,1233.7002777777775,4441321.0,0.0,0.0,4.97638888888889,3.98111111111111,3.73229166666667,25.0,1821.4,1792.9,1358.9,1296.2,0.0,16.0,0.0,0.0,715.0,2320.0,3.72,9.0,3.72,49.0,0.0,1233.70027777778,0.0,49.0,26.5,26.5,21.0,57.0,27.5,27.5,26.0,27.5,28.0,22.0,22.0,0.0,0.3100000000000023,90.0,24.5,13.792,719.9000000000001,31.16,13.95,26.0,-1.2000000000000002,3.0,0.0,0.0,0.0,22.0,179.0,0.0,28.0,1.0,0.0,825.6,0.0,0.0,0.6000000000000001,9.0,0.0,30.0,0.0,28.0,28.0,350.0,825.6,-50.0,0.0,0.0,0.0,0.0,400.0,0.0,0.0,0.0,0.0,0.0,0.0,48.0,716.7,4.443,0.0,13.7612706,1.34375,10.603514596190104,0.0,0.7076913033888887,0.707692,405.129831,213.819792,0.1344122587899869,0.1330814443465216,5.98062278218572,0.0003336506340572,16.720666666666663,0.50162,0.0,-0.1117768347913269,30.849999999999998
242.0,13.3,0.7,716.6,0.0,0.0,0.0,26.0,20.0,26.0,24.0,25.0,25.0,24.0,24.0,24.0,0.50162,25.0,38.0,1233.7002777777775,4441321.0,0.0,0.0,4.97638888888889,3.98111111111111,3.73229166666667,25.0,1821.4,1792.9,1358.9,1296.2,0.0,16.0,0.0,0.0,715.0,2320.0,3.72,9.0,3.72,49.0,0.0,1233.70027777778,0.0,49.0,26.5,26.5,21.0,57.0,27.5,27.5,26.0,27.5,28.0,22.0,22.0,0.0,0.3700000000000045,90.0,24.5,13.811,719.5,30.68,13.965,26.0,-0.1,3.0,0.0,0.0,0.0,22.0,179.0,0.0,28.0,1.0,0.0,825.6,0.0,0.0,0.6000000000000001,9.0,0.0,30.0,0.0,28.0,28.0,350.0,825.6,-50.0,0.0,0.0,0.0,0.0,400.0,0.0,0.0,0.0,0.0,0.0,0.0,48.0,716.7,4.443,0.0,13.770548300000002,0.109375,10.603514596190104,0.0,0.7076913033888887,0.707692,405.129831,213.819792,0.1344122587899869,0.1330814443465216,5.98062278218572,0.0003336506340572,16.720666666666663,0.50162,0.0,-0.1117768347913269,30.309999999999995
243.0,13.3,0.7,716.6,0.0,0.0,0.0,26.0,20.0,26.0,24.0,25.0,25.0,24.0,24.0,24.0,0.50162,25.0,38.0,1233.701111111111,4441324.0,0.0,0.0,4.97638888888889,3.98111111111111,3.73229166666667,25.0,1821.4,1792.9,1358.9,1296.2,0.0,0.0,0.0,0.0,715.0,2326.0,3.72,9.0,3.72,49.0,0.0,1233.70111111111,0.0,49.0,26.5,26.5,21.0,57.0,27.5,27.5,26.0,27.5,28.0,22.0,22.0,0.0,0.3700000000000045,90.0,24.5,13.811,719.5,30.68,13.965,26.0,-0.1,3.0,0.0,0.0,0.0,22.0,179.0,0.0,28.0,1.0,0.0,825.6,0.0,0.0,0.6000000000000001,9.0,0.0,30.0,0.0,28.0,28.0,350.0,825.6,-50.0,0.0,0.0,0.0,0.0,400.0,0.0,0.0,0.0,0.0,0.0,0.0,48.0,716.6,4.443,0.0,13.770548300000002,0.109375,10.603514596190104,0.0,0.7076913033888887,0.707692,405.129831,213.819792,0.1347325097101538,0.1333985244654988,0.0,0.0003170801189772,16.720666666666663,0.50162,0.0,-0.1117768347913269,30.309999999999995
244.0,13.3,0.7,716.6,0.0,0.0,0.0,26.0,20.0,26.0,24.0,25.0,25.0,24.0,24.0,24.0,0.50162,25.0,38.0,1233.701111111111,4441324.0,0.0,0.0,4.97638888888889,3.98111111111111,3.73229166666667,25.0,1821.4,1792.9,1358.9,1296.2,0.0,0.0,0.0,0.0,715.0,2326.0,3.72,9.0,3.72,49.0,0.0,1233.70111111111,0.0,49.0,26.5,26.5,21.0,57.0,27.5,27.5,26.0,27.5,28.0,22.0,22.0,0.0,0.2099999999999795,90.0,24.5,13.793,719.5,27.75,13.95,26.0,-0.2,3.0,0.0,0.0,0.0,22.0,179.0,0.0,28.0,1.0,0.0,825.6,0.0,0.0,0.6000000000000001,9.0,0.0,30.0,0.0,28.0,28.0,350.0,825.6,-50.0,0.0,0.0,0.0,0.0,400.0,0.0,0.0,0.0,0.0,0.0,0.0,48.0,716.6,4.443,0.0,13.7515046,0.0625,10.510174406353242,0.0,0.7076913033888887,0.707692,405.129831,213.819792,0.1347325097101538,0.1333985244654988,0.0,0.0003170801189772,16.720666666666663,0.50162,0.0,-0.0883144886165697,27.54000000000002
245.0,13.3,0.6,716.7,0.0,0.0,0.0,26.0,20.0,26.0,24.0,25.0,25.0,24.0,24.0,24.0,0.43002,25.0,38.0,1233.7016666666666,4441326.0,0.0,0.0,4.97708333333333,3.98166666666667,3.7328125,25.0,1821.4,1792.9,1358.9,1296.2,0.0,0.0,0.0,0.0,715.0,2326.0,3.72,4.0,3.72,78.0,0.0,1233.70166666667,0.0,49.0,26.5,26.5,21.0,57.0,27.5,27.5,26.0,27.5,28.0,22.0,22.0,0.0,0.2099999999999795,90.0,24.5,13.793,719.5,27.75,13.95,26.0,-0.2,3.0,0.0,0.0,0.0,22.0,179.0,0.0,28.0,1.0,0.0,825.6,0.0,0.0,0.6000000000000001,9.0,0.0,30.0,0.0,28.0,28.0,350.0,825.6,-50.0,0.0,0.0,0.0,0.0,400.0,0.0,0.0,0.0,0.0,0.0,0.0,48.0,716.6,4.443,0.0,13.7515046,0.0625,10.510174406353242,0.0,0.7076913033888887,0.707692,405.129831,213.819792,0.1349753997712489,0.1336390096745038,0.0,0.000240485209005,,0.43002,0.0,-0.0883144886165697,27.54000000000002
246.0,13.3,0.6,716.7,0.0,0.0,0.0,26.0,20.0,26.0,24.0,25.0,25.0,24.0,24.0,24.0,0.43002,25.0,38.0,1233.7016666666666,4441326.0,0.0,0.0,4.97708333333333,3.98166666666667,3.7328125,25.0,1821.4,1792.9,1358.9,1296.2,0.0,0.0,0.0,0.0,715.0,2326.0,3.72,4.0,3.72,78.0,0.0,1233.70166666667,0.0,49.0,26.5,26.5,21.0,57.0,27.5,27.5,26.0,27.5,28.0,22.0,22.0,0.0,-0.0899999999999749,90.0,24.5,13.793,719.5,30.92,13.941,27.0,-2.8000000000000003,3.0,0.0,0.0,0.0,22.0,179.0,0.0,28.0,1.0,0.0,825.6,0.0,0.0,0.6000000000000001,9.0,0.0,30.0,0.0,28.0,28.0,350.0,825.6,-50.0,0.0,0.0,0.0,0.0,400.0,0.0,0.0,0.0,0.0,0.0,0.0,48.0,716.6,4.443,0.0,13.770548300000002,0.0,10.423808605452276,0.0,0.7076913033888887,0.707692,405.129831,213.819792,0.1349753997712489,0.1336390096745038,0.0,0.000240485209005,,0.43002,0.0,-0.0503604947099839,31.009999999999977
247.0,13.3,0.7,716.7,0.0,0.0,0.0,26.0,20.0,26.0,24.0,25.0,25.0,24.0,24.0,24.0,0.50169,25.0,38.0,1233.7022222222222,4441328.0,0.0,0.0,4.97708333333333,3.98166666666667,3.7328125,25.0,1821.4,1792.9,1358.9,1296.2,0.0,0.0,0.0,0.0,715.0,2326.0,3.72,11.0,3.72,64.0,0.0,1233.70222222222,0.0,49.0,26.5,26.5,21.0,57.0,27.5,27.5,26.0,27.5,28.0,22.0,22.0,0.0,-0.0899999999999749,90.0,24.5,13.793,719.5,30.92,13.941,27.0,-2.8000000000000003,3.0,0.0,0.0,0.0,22.0,179.0,0.0,28.0,1.0,0.0,825.6,0.0,0.0,0.6000000000000001,9.0,0.0,30.0,0.0,28.0,28.0,350.0,825.6,-50.0,0.0,0.0,0.0,0.0,400.0,0.0,0.0,0.0,0.0,0.0,0.0,48.0,716.6,4.444,0.0,13.770548300000002,0.0,10.423808605452276,0.0,0.7076913033888887,0.707692,405.129831,213.819792,0.1352623542929311,0.133923123062308,0.0,0.0002841133878041,,0.50169,0.0,-0.0503604947099839,31.009999999999977
248.0,13.3,0.7,716.7,0.0,0.0,0.0,26.0,20.0,26.0,24.0,25.0,25.0,24.0,24.0,24.0,0.50169,25.0,38.0,1233.7022222222222,4441328.0,0.0,0.0,4.97708333333333,3.98166666666667,3.7328125,25.0,1821.4,1792.9,1358.9,1296.2,0.0,0.0,0.0,0.0,715.0,2326.0,3.72,11.0,3.72,64.0,0.0,1233.70222222222,0.0,49.0,26.5,26.5,21.0,57.0,27.5,27.5,26.0,27.5,28.0,22.0,22.0,0.0,0.4800000000000182,90.0,24.5,13.81,719.5,27.56,13.976,27.0,0.6000000000000001,3.0,0.0,0.0,0.0,22.0,179.0,0.0,28.0,1.0,0.0,825.6,0.0,0.0,0.6000000000000001,9.0,0.0,30.0,0.0,28.0,28.0,350.0,825.6,-50.0,0.0,0.0,0.0,0.0,400.0,0.0,0.0,0.0,0.0,0.0,0.0,48.0,716.6,4.444,0.0,13.7397854,0.0,10.337251019542736,0.0,0.7076913033888887,0.707692,405.129831,213.819792,0.1352623542929311,0.133923123062308,0.0,0.0002841133878041,,0.50169,0.0,-0.0098366737688881,27.07999999999998
249.0,13.3,0.6,716.6,0.0,0.0,0.0,26.0,20.0,26.0,24.0,25.0,25.0,24.0,24.0,24.0,0.42996,25.0,38.0,1233.7027777777778,4441330.0,0.0,0.0,4.97638888888889,3.98111111111111,3.73229166666667,25.0,1821.4,1792.9,1358.9,1296.2,0.0,0.0,0.0,0.0,715.0,2326.0,3.72,11.0,3.72,49.0,0.0,1233.70277777778,0.0,49.0,26.5,26.5,21.0,57.0,27.5,27.5,26.0,27.5,28.0,22.0,22.0,0.0,0.4800000000000182,90.0,24.5,13.81,719.5,27.56,13.976,27.0,0.6000000000000001,3.0,0.0,0.0,0.0,22.0,179.0,0.0,28.0,1.0,0.0,825.6,0.0,0.0,0.6000000000000001,9.0,0.0,30.0,0.0,28.0,28.0,350.0,825.6,-50.0,0.0,0.0,0.0,0.0,400.0,0.0,0.0,0.0,0.0,0.0,0.0,48.0,716.6,4.443,0.0,13.7397854,0.0,10.337251019542736,0.0,0.7076913033888887,0.707692,405.129831,213.819792,0.1355015412236641,0.134159941805608,0.0,0.0002368187432999,,0.4299599999999999,0.0,-0.0098366737688881,27.07999999999998
250.0,13.3,0.6,716.6,0.0,0.0,0.0,26.0,20.0,26.0,24.0,25.0,25.0,24.0,24.0,24.0,0.42996,25.0,38.0,1233.7027777777778,4441330.0,0.0,0.0,4.97638888888889,3.98111111111111,3.73229166666667,25.0,1821.4,1792.9,1358.9,1296.2,0.0,0.0,0.0,0.0,715.0,2326.0,3.72,11.0,3.72,49.0,0.0,1233.70277777778,0.0,49.0,26.5,26.5,21.0,57.0,27.5,27.5,26.0,27.5,28.0,22.0,22.0,0.0,-0.0899999999999749,90.0,24.5,13.792,719.5,30.96,13.941,27.0,0.9,3.0,0.0,0.0,0.0,22.0,179.0,0.0,28.0,1.0,0.0,825.6,0.0,0.0,0.6000000000000001,9.0,0.0,30.0,0.0,28.0,28.0,350.0,825.6,-50.0,0.0,0.0,0.0,0.0,400.0,0.0,0.0,0.0,0.0,0.0,0.0,48.0,716.6,4.443,0.0,13.770548300000002,0.0,10.25353177098308,0.0,0.7076913033888887,0.707692,405.129831,213.819792,0.1355015412236641,0.134159941805608,0.0,0.0002368187432999,,0.4299599999999999,0.0,0.0,31.049999999999976
251.0,13.3,0.7,716.6,0.0,0.0,0.0,26.0,20.0,26.0,24.0,25.0,25.0,24.0,24.0,24.0,0.50162,25.0,38.0,1233.7033333333334,4441332.0,0.0,0.0,4.97638888888889,3.98111111111111,3.73229166666667,25.0,1821.4,1792.9,1358.9,1296.2,0.0,0.0,0.0,0.0,715.0,2326.0,3.72,9.0,3.72,78.0,0.0,1233.70333333333,0.0,49.0,26.5,26.5,21.0,57.0,27.5,27.5,26.0,27.5,28.0,22.0,22.0,0.0,-0.0899999999999749,90.0,24.5,13.792,719.5,30.96,13.941,27.0,0.9,3.0,0.0,0.0,0.0,22.0,179.0,0.0,28.0,1.0,0.0,825.6,0.0,0.0,0.6000000000000001,9.0,0.0,30.0,0.0,28.0,28.0,350.0,825.6,-50.0,0.0,0.0,0.0,0.0,400.0,0.0,0.0,0.0,0.0,0.0,0.0,48.0,716.7,4.443,0.0,13.770548300000002,0.0,10.25353177098308,0.0,0.7076913033888887,0.707692,405.129831,213.819792,0.1357882044999269,0.1344437668316108,0.0,0.0002838250260027,,0.50162,0.0,0.0,31.049999999999976
252.0,13.3,0.7,716.6,0.0,0.0,0.0,26.0,20.0,26.0,24.0,25.0,25.0,24.0,24.0,24.0,0.50162,25.0,38.0,1233.7033333333334,4441332.0,0.0,0.0,4.97638888888889,3.98111111111111,3.73229166666667,25.0,1821.4,1792.9,1358.9,1296.2,0.0,0.0,0.0,0.0,715.0,2326.0,3.72,9.0,3.72,78.0,0.0,1233.70333333333,0.0,49.0,26.5,26.5,21.0,57.0,27.5,27.5,26.0,27.5,28.0,22.0,22.0,0.0,0.4800000000000182,90.0,24.5,13.811,719.5,27.41,13.958,27.0,0.6000000000000001,3.0,0.0,0.0,0.0,22.0,179.0,0.0,28.0,1.0,0.0,825.6,0.0,0.0,0.6000000000000001,9.0,0.0,30.0,0.0,28.0,28.0,350.0,825.6,-50.0,0.0,0.0,0.0,0.0,400.0,0.0,0.0,0.0,0.0,0.0,0.0,48.0,716.7,4.443,0.0,13.7314843,0.0,10.171203851632614,0.0,0.7076913033888887,0.707692,405.129831,213.819792,0.1357882044999269,0.1344437668316108,0.0,0.0002838250260027,,0.50162,0.0,0.0,26.929999999999982
253.0,13.3,0.6,716.6,0.0,0.0,0.0,26.0,20.0,26.0,24.0,25.0,25.0,24.0,24.0,24.0,0.42996,25.0,38.0,1233.703888888889,4441334.0,0.0,0.0,4.97638888888889,3.98111111111111,3.73229166666667,25.0,1821.4,1792.9,1358.9,1296.2,0.0,0.0,0.0,0.0,715.0,2326.0,3.72,20.0,3.72,78.0,0.0,1233.70388888889,0.0,49.0,26.5,26.5,21.0,57.0,27.5,27.5,26.0,27.5,28.0,22.0,22.0,0.0,0.4800000000000182,90.0,24.5,13.811,719.5,27.41,13.958,27.0,0.6000000000000001,3.0,0.0,0.0,0.0,22.0,179.0,0.0,28.0,1.0,0.0,825.6,0.0,0.0,0.6000000000000001,9.0,0.0,30.0,0.0,28.0,28.0,350.0,825.6,-50.0,0.0,0.0,0.0,0.0,400.0,0.0,0.0,0.0,0.0,0.0,0.0,48.0,716.6,4.443,0.0,13.7314843,0.0,10.171203851632614,0.0,0.7076913033888887,0.707692,405.129831,213.819792,0.1360377657718763,0.1346908571998775,0.0,0.0002470903682666,,0.4299599999999999,0.0,0.0,26.929999999999982
254.0,13.3,0.6,716.6,0.0,0.0,0.0,26.0,20.0,26.0,24.0,25.0,25.0,24.0,24.0,24.0,0.42996,25.0,38.0,1233.703888888889,4441334.0,0.0,0.0,4.97638888888889,3.98111111111111,3.73229166666667,25.0,1821.4,1792.9,1358.9,1296.2,0.0,0.0,0.0,0.0,715.0,2326.0,3.72,20.0,3.72,78.0,0.0,1233.70388888889,0.0,49.0,26.5,26.5,21.0,57.0,27.5,27.5,26.0,27.5,28.0,22.0,22.0,0.0,0.0600000000000022,90.0,24.5,13.793,719.5,28.21,13.964,27.0,0.2,3.0,0.0,0.0,0.0,22.0,179.0,0.0,28.0,1.0,0.0,825.6,0.0,0.0,0.6000000000000001,9.0,0.0,30.0,0.0,28.0,28.0,350.0,825.6,-50.0,0.0,0.0,0.0,0.0,400.0,0.0,0.0,0.0,0.0,0.0,0.0,48.0,716.6,4.443,0.0,13.770548300000002,0.0,10.087853378306106,0.0,0.7076913033888887,0.707692,405.129831,213.819792,0.1360377657718763,0.1346908571998775,0.0,0.0002470903682666,,0.4299599999999999,0.0,0.0,28.15
255.0,13.3,0.7,716.6,0.0,0.0,0.0,26.0,20.0,26.0,24.0,25.0,25.0,24.0,24.0,24.0,0.50162,25.0,38.0,1233.7044444444443,4441336.0,0.0,0.0,4.97638888888889,3.98111111111111,3.73229166666667,25.0,1821.4,1792.9,1358.9,1296.2,0.0,0.0,0.0,0.0,715.0,2326.0,3.72,9.0,3.72,78.0,0.0,1233.70444444444,0.0,49.0,26.5,26.5,21.0,57.0,27.5,27.5,26.0,27.5,28.0,22.0,22.0,0.0,0.0600000000000022,90.0,24.5,13.793,719.5,28.21,13.964,27.0,0.2,3.0,0.0,0.0,0.0,22.0,179.0,0.0,28.0,1.0,0.0,825.6,0.0,0.0,0.6000000000000001,9.0,0.0,30.0,0.0,28.0,28.0,350.0,825.6,-50.0,0.0,0.0,0.0,0.0,400.0,0.0,0.0,0.0,0.0,0.0,0.0,48.0,716.6,4.443,0.0,13.770548300000002,0.0,10.087853378306106,0.0,0.7076913033888887,0.707692,405.129831,213.819792,0.1363204392036247,0.1349707318847769,0.0,0.0002798746848994,,0.50162,0.0,0.0,28.15
256.0,13.3,0.7,716.6,0.0,0.0,0.0,26.0,20.0,26.0,24.0,25.0,25.0,24.0,24.0,24.0,0.50162,25.0,38.0,1233.7044444444443,4441336.0,0.0,0.0,4.97638888888889,3.98111111111111,3.73229166666667,25.0,1821.4,1792.9,1358.9,1296.2,0.0,0.0,0.0,0.0,715.0,2326.0,3.72,9.0,3.72,78.0,0.0,1233.70444444444,0.0,49.0,26.5,26.5,21.0,57.0,27.5,27.5,26.0,27.5,28.0,22.0,22.0,0.0,0.4800000000000182,90.0,24.5,13.812,719.5,30.63,13.95,27.0,-0.8,3.0,0.0,0.0,0.0,22.0,179.0,0.0,28.0,1.0,0.0,825.6,0.0,0.0,0.6000000000000001,9.0,0.0,30.0,0.0,28.0,28.0,350.0,825.6,-50.0,0.0,0.0,0.0,0.0,400.0,0.0,0.0,0.0,0.0,0.0,0.0,48.0,716.6,4.443,0.0,13.7695717,0.0,10.008468576954852,0.0,0.7076913033888887,0.707692,405.129831,213.819792,0.1363204392036247,0.1349707318847769,0.0,0.0002798746848994,,0.50162,0.0,0.0,30.14999999999998
257.0,13.4,0.6,716.7,0.0,0.0,0.0,26.0,20.0,26.0,24.0,25.0,25.0,24.0,24.0,24.0,0.43002,25.0,38.0,1233.705,4441338.0,0.0,0.0,4.97708333333333,3.98166666666667,3.7328125,25.0,1821.4,1792.9,1358.9,1296.2,0.0,0.0,0.0,0.0,715.0,2326.0,3.72,20.0,3.72,77.0,0.0,1233.705,0.0,49.0,26.5,26.5,21.0,57.0,27.5,27.5,26.0,27.5,28.0,22.0,22.0,0.0,0.4800000000000182,90.0,24.5,13.812,719.5,30.63,13.95,27.0,-0.8,3.0,0.0,0.0,0.0,22.0,179.0,0.0,28.0,1.0,0.0,825.6,0.0,0.0,0.6000000000000001,9.0,0.0,30.0,0.0,28.0,28.0,350.0,825.6,-50.0,0.0,0.0,0.0,0.0,400.0,0.0,0.0,0.0,0.0,0.0,0.0,48.0,716.6,4.443,0.0,13.7695717,0.0,10.008468576954852,0.0,0.7076913033888887,0.707692,405.129831,213.819792,0.1365706662599872,0.1352184814455319,0.0,0.000247749560755,,0.43002,0.0,0.0,30.14999999999998
258.0,13.4,0.6,716.7,0.0,0.0,0.0,26.0,20.0,26.0,24.0,25.0,25.0,24.0,24.0,24.0,0.43002,25.0,38.0,1233.705,4441338.0,0.0,0.0,4.97708333333333,3.98166666666667,3.7328125,25.0,1821.4,1792.9,1358.9,1296.2,0.0,0.0,0.0,0.0,715.0,2326.0,3.72,20.0,3.72,77.0,0.0,1233.705,0.0,49.0,26.5,26.5,21.0,57.0,27.5,27.5,26.0,27.5,28.0,22.0,22.0,0.0,0.1399999999999863,90.0,24.5,13.777,719.5,27.42,13.957,27.0,-0.7000000000000001,3.0,0.0,0.0,0.0,22.0,179.0,0.0,28.0,1.0,0.0,825.6,0.0,0.0,0.6000000000000001,9.0,0.0,30.0,0.0,28.0,28.0,350.0,825.6,-50.0,0.0,0.0,0.0,0.0,400.0,0.0,0.0,0.0,0.0,0.0,0.0,48.0,716.6,4.443,0.0,13.7510163,0.0,9.92634413152532,0.0,0.7076913033888887,0.707692,405.129831,213.819792,0.1365706662599872,0.1352184814455319,0.0,0.000247749560755,,0.43002,0.0,0.0,27.280000000000015
259.0,13.4,0.6,716.7,0.0,0.0,0.0,26.0,20.0,26.0,24.0,25.0,25.0,24.0,24.0,24.0,0.43002,25.0,38.0,1233.705,4441338.0,0.0,0.0,4.97708333333333,3.98166666666667,3.7328125,25.0,1821.4,1792.9,1358.9,1296.2,0.0,0.0,0.0,0.0,715.0,2326.0,3.72,20.0,3.72,77.0,0.0,1233.705,0.0,49.0,26.5,26.5,21.0,57.0,27.5,27.5,26.0,27.5,28.0,22.0,22.0,0.0,0.1399999999999863,90.0,24.5,13.777,719.5,27.42,13.957,27.0,-0.7000000000000001,3.0,0.0,0.0,0.0,22.0,179.0,0.0,28.0,1.0,0.0,825.6,0.0,0.0,0.6000000000000001,9.0,0.0,30.0,0.0,28.0,28.0,350.0,825.6,-50.0,0.0,0.0,0.0,0.0,400.0,0.0,0.0,0.0,0.0,0.0,0.0,48.0,716.6,4.443,0.0,13.7510163,0.0,9.92634413152532,0.0,0.7076913033888887,0.707692,405.129831,213.819792,0.1365706662599872,0.1352184814455319,0.0,0.000247749560755,,0.43002,0.0,0.0,27.280000000000015
260.0,13.3,0.7,716.6,0.0,0.0,0.0,26.0,20.0,26.0,24.0,25.0,25.0,24.0,24.0,24.0,0.50162,25.0,38.0,1233.7055555555555,4441340.0,0.0,0.0,4.97638888888889,3.98111111111111,3.73229166666667,25.0,1821.4,1792.9,1358.9,1296.2,0.0,0.0,0.0,0.0,715.0,2323.0,3.72,9.0,3.72,49.0,0.0,1233.70555555556,0.0,49.0,26.5,26.5,21.0,57.0,27.5,27.5,26.0,27.5,28.0,22.0,22.0,0.0,0.3500000000000227,90.0,24.5,13.812,719.5,30.61,13.951,27.0,-0.3,3.0,0.0,0.0,0.0,22.0,179.0,0.0,28.0,1.0,0.0,825.6,0.0,0.0,0.6000000000000001,9.0,0.0,30.0,0.0,28.0,28.0,350.0,825.6,-50.0,0.0,0.0,0.0,0.0,400.0,0.0,0.0,0.0,0.0,0.0,0.0,48.0,716.6,4.443,0.0,13.7510163,0.0,9.848242395915038,0.0,0.7076913033888887,0.707692,405.129831,213.819792,0.1368617166398381,0.1355066501384536,0.0,0.0002881686929216,,0.50162,0.0,0.0,30.259999999999977
261.0,13.3,0.7,716.6,0.0,0.0,0.0,26.0,20.0,26.0,24.0,25.0,25.0,24.0,24.0,24.0,0.50162,25.0,38.0,1233.7055555555555,4441340.0,0.0,0.0,4.97638888888889,3.98111111111111,3.73229166666667,25.0,1821.4,1792.9,1358.9,1296.2,0.0,0.0,0.0,0.0,715.0,2323.0,3.72,9.0,3.72,49.0,0.0,1233.70555555556,0.0,49.0,26.5,26.5,21.0,57.0,27.5,27.5,26.0,27.5,28.0,22.0,22.0,0.0,0.3500000000000227,90.0,24.5,13.812,719.5,30.61,13.951,27.0,-0.3,3.0,0.0,0.0,0.0,22.0,179.0,0.0,28.0,1.0,0.0,825.6,0.0,0.0,0.6000000000000001,9.0,0.0,30.0,0.0,28.0,28.0,350.0,825.6,-50.0,0.0,0.0,0.0,0.0,400.0,0.0,0.0,0.0,0.0,0.0,0.0,48.0,716.7,4.443,0.0,13.7612706,0.0,9.848242395915038,0.0,0.7076913033888887,0.707692,405.129831,213.819792,0.1368617166398381,0.1355066501384536,0.0,0.0002881686929216,,0.50162,0.0,0.0,30.259999999999977
262.0,13.4,0.6,716.7,0.0,0.0,0.0,26.0,20.0,26.0,24.0,25.0,25.0,24.0,24.0,24.0,0.43002,25.0,38.0,1233.706111111111,4441342.0,0.0,0.0,4.97708333333333,3.98166666666667,3.7328125,25.0,1821.4,1792.9,1358.9,1296.2,0.0,0.0,0.0,0.0,715.0,2323.0,3.72,9.0,3.72,78.0,0.0,1233.70611111111,0.0,49.0,26.5,26.5,21.0,57.0,27.5,27.5,26.0,27.5,28.0,22.0,22.0,0.0,0.2200000000000272,90.0,24.5,13.794,719.5,27.51,13.951,27.0,0.0,3.0,0.0,0.0,0.0,22.0,179.0,0.0,28.0,1.0,0.0,825.6,0.0,0.0,0.6000000000000001,9.0,0.0,30.0,0.0,28.0,28.0,350.0,825.6,-50.0,0.0,0.0,0.0,0.0,400.0,0.0,0.0,0.0,0.0,0.0,0.0,48.0,716.7,4.443,0.0,13.7612706,0.0,9.769097954026153,0.0,0.7076913033888887,0.707692,405.129831,213.819792,0.1371157118944492,0.1357581305885636,0.0,0.00025148045011,,0.43002,0.0,0.0,27.289999999999974
263.0,13.4,0.6,716.7,0.0,0.0,0.0,26.0,20.0,26.0,24.0,25.0,25.0,24.0,24.0,24.0,0.43002,25.0,38.0,1233.706111111111,4441342.0,0.0,0.0,4.97708333333333,3.98166666666667,3.7328125,25.0,1821.4,1792.9,1358.9,1296.2,0.0,0.0,0.0,0.0,715.0,2323.0,3.72,9.0,3.72,78.0,0.0,1233.70611111111,0.0,49.0,26.5,26.5,21.0,57.0,27.5,27.5,26.0,27.5,28.0,22.0,22.0,0.0,0.2200000000000272,90.0,24.5,13.794,719.5,27.51,13.951,27.0,0.0,3.0,0.0,0.0,0.0,22.0,179.0,0.0,28.0,1.0,0.0,825.6,0.0,0.0,0.6000000000000001,9.0,0.0,30.0,0.0,28.0,28.0,350.0,825.6,-50.0,0.0,0.0,0.0,0.0,400.0,0.0,0.0,0.0,0.0,0.0,0.0,48.0,716.7,4.443,0.0,13.7305077,0.0,9.769097954026153,0.0,0.7076913033888887,0.707692,405.129831,213.819792,0.1371157118944492,0.1357581305885636,0.0,0.00025148045011,,0.43002,0.0,0.0,27.289999999999974
264.0,13.4,0.6,716.6,0.0,0.0,0.0,26.0,20.0,26.0,24.0,25.0,25.0,24.0,24.0,24.0,0.42996,25.0,38.0,1233.7066666666667,4441344.0,0.0,0.0,4.97638888888889,3.98111111111111,3.73229166666667,25.0,1821.4,1792.9,1358.9,1296.2,0.0,0.0,0.0,0.0,715.0,2323.0,3.72,9.0,3.72,49.0,0.0,1233.70666666667,0.0,49.0,26.5,26.5,21.0,57.0,27.5,27.5,26.0,27.5,28.0,22.0,22.0,0.0,0.0600000000000022,90.0,24.5,13.793,719.5,28.11,13.961,27.0,0.0,3.0,0.0,0.0,0.0,22.0,179.0,0.0,28.0,1.0,0.0,825.6,0.0,0.0,0.6000000000000001,9.0,0.0,30.0,0.0,28.0,28.0,350.0,825.6,-50.0,0.0,0.0,0.0,0.0,400.0,0.0,0.0,0.0,0.0,0.0,0.0,48.0,716.7,4.443,0.0,13.7305077,0.0,9.68940324380807,0.0,0.7076913033888887,0.707692,405.129831,213.819792,0.1373687674121444,0.1360086806060836,0.0,0.00025055001752,,0.4299599999999999,0.0,0.0,28.049999999999997
265.0,13.4,0.6,716.6,0.0,0.0,0.0,26.0,20.0,26.0,24.0,25.0,25.0,24.0,24.0,24.0,0.42996,25.0,38.0,1233.7066666666667,4441344.0,0.0,0.0,4.97638888888889,3.98111111111111,3.73229166666667,25.0,1821.4,1792.9,1358.9,1296.2,0.0,0.0,0.0,0.0,715.0,2323.0,3.72,9.0,3.72,49.0,0.0,1233.70666666667,0.0,49.0,26.5,26.5,21.0,57.0,27.5,27.5,26.0,27.5,28.0,22.0,22.0,0.0,0.0600000000000022,90.0,24.5,13.793,719.5,28.11,13.961,27.0,-0.2,3.0,0.0,0.0,0.0,22.0,179.0,0.0,28.0,1.0,0.0,825.6,0.0,0.0,0.6000000000000001,9.0,0.0,30.0,0.0,28.0,28.0,350.0,825.6,-50.0,0.0,0.0,0.0,0.0,400.0,0.0,0.0,0.0,0.0,0.0,0.0,48.0,716.7,4.443,14.404112500000002,13.7417386,0.0,9.68940324380807,0.0,0.7076913033888887,0.707692,405.129831,213.819792,0.1373687674121444,0.1360086806060836,0.0,0.00025055001752,,0.4299599999999999,0.0,0.0,28.049999999999997
266.0,13.3,8.4,716.0,0.0,0.0,0.0,26.0,20.0,26.0,24.0,25.0,25.0,24.0,24.0,24.0,6.0144,25.0,38.0,1233.7072222222223,4441346.0,0.0,0.0,4.97222222222222,3.97777777777778,3.72916666666667,25.0,1821.4,1792.9,1358.9,1296.2,0.0,274.0,0.0,0.0,714.0,2323.0,3.72,24.0,3.72,77.0,0.0,1233.70722222222,0.0,49.0,26.5,26.5,21.0,57.0,27.5,27.5,26.0,27.5,28.0,22.0,22.0,5.0,0.0600000000000022,90.0,24.5,13.793,719.5,28.11,13.961,27.0,-0.2,3.0,0.0,0.0,0.0,22.0,179.0,0.0,28.0,1.0,0.0,825.6,0.0,0.0,0.6000000000000001,9.0,0.0,30.0,0.0,28.0,28.0,350.0,825.6,-50.0,0.0,0.0,0.0,0.0,400.0,0.0,0.0,0.0,0.0,0.0,0.0,48.0,716.6,4.442,14.404112500000002,13.7417386,0.0,9.651554733045536,0.0,0.7106627469999999,0.710663,405.132802,213.822763,0.1410053026270351,0.1396092105218169,0.0,0.0036005299157333,,6.0144,0.0,0.0168160543946084,28.049999999999997
267.0,13.3,8.4,716.0,0.0,0.0,0.0,26.0,20.0,26.0,24.0,25.0,25.0,24.0,24.0,24.0,6.0144,25.0,38.0,1233.7072222222223,4441346.0,0.0,0.0,4.97222222222222,3.97777777777778,3.72916666666667,25.0,1821.4,1792.9,1358.9,1296.2,0.0,274.0,0.0,0.0,714.0,2323.0,3.72,24.0,3.72,77.0,0.0,1233.70722222222,0.0,49.0,26.5,26.5,21.0,57.0,27.5,27.5,26.0,27.5,28.0,22.0,22.0,5.0,0.2200000000000272,90.0,24.5,13.806,717.6,30.62,13.949,27.0,5.2,3.0,0.0,0.0,0.0,22.0,179.0,0.0,28.0,1.0,0.0,825.6,0.0,0.0,0.6000000000000001,9.0,0.0,30.0,0.0,28.0,28.0,350.0,825.6,-50.0,0.0,0.0,0.0,0.0,400.0,0.0,0.0,0.0,0.0,0.0,0.0,48.0,716.6,4.442,72.41118250000001,13.750528,9.625,9.651554733045536,0.0,0.7106627469999999,0.710663,405.132802,213.822763,0.1410053026270351,0.1396092105218169,0.0,0.0036005299157333,,6.0144,0.0,0.0168160543946084,30.399999999999974
268.0,13.4,27.9,714.1,0.0,0.0,0.0,26.0,20.0,26.0,24.0,25.0,25.0,24.0,24.0,24.0,19.92339,25.0,38.0,1233.7077777777777,4441348.0,0.0,0.0,4.95902777777778,3.96722222222222,3.71927083333333,25.0,1821.4,1792.9,1358.9,1296.2,0.0,1333.0,0.0,0.0,712.0,2323.0,3.72,9.0,3.7,49.0,0.0,1233.70777777778,0.0,49.0,26.5,26.5,21.0,57.0,27.5,27.5,26.0,27.5,28.0,22.0,22.0,18.0,0.2200000000000272,90.0,24.5,13.806,717.6,30.62,13.949,27.0,5.2,3.0,0.0,0.0,0.0,22.0,179.0,0.0,28.0,1.0,0.0,825.6,0.0,0.0,0.6000000000000001,9.0,0.0,30.0,0.0,28.0,28.0,350.0,825.6,-50.0,0.0,0.0,0.0,0.0,400.0,0.0,0.0,0.0,0.0,0.0,0.0,48.0,714.2,4.442,72.41118250000001,13.750528,9.625,9.715282588538154,0.0,0.7208578209999998,0.720858,405.142997,213.832958,0.1526140069045062,0.1511029771331744,0.250961307287565,0.0114937666113574,398.4677999999999,19.92339,0.0,0.0605541757950528,30.399999999999974
269.0,13.4,27.9,714.1,0.0,0.0,0.0,26.0,20.0,26.0,24.0,25.0,25.0,24.0,24.0,24.0,19.92339,25.0,38.0,1233.7077777777777,4441348.0,0.0,0.0,4.95902777777778,3.96722222222222,3.71927083333333,25.0,1821.4,1792.9,1358.9,1296.2,0.0,1333.0,0.0,0.0,712.0,2323.0,3.72,9.0,3.7,49.0,0.0,1233.70777777778,0.0,49.0,26.5,26.5,21.0,57.0,27.5,27.5,26.0,27.5,28.0,22.0,22.0,18.0,0.1800000000000068,90.0,24.5,13.787,716.7,25.81,13.932,27.0,62.8,3.0,0.0,0.0,0.0,22.0,179.0,0.0,28.0,1.0,0.0,825.6,0.0,0.0,0.6000000000000001,9.0,0.0,30.0,0.0,28.0,28.0,350.0,825.6,-50.0,0.0,0.0,0.0,0.0,400.0,0.0,0.0,0.0,0.0,0.0,0.0,48.0,714.2,4.442,60.5949275,13.740762,20.875,9.715282588538154,0.0,0.7208578209999998,0.720858,405.142997,213.832958,0.1526140069045062,0.1511029771331744,0.250961307287565,0.0114937666113574,398.4677999999999,19.92339,0.0,0.0605541757950528,25.629999999999992
270.0,13.3,30.5,713.6,0.0,0.0,0.0,26.0,20.0,26.0,24.0,25.0,25.0,24.0,24.0,24.0,21.7648,25.0,38.0,1233.7083333333333,4441350.0,0.0,0.0,4.95555555555556,3.96444444444444,3.71666666666667,25.0,1821.4,1792.9,1358.9,1296.2,0.0,1961.0,0.0,0.0,712.0,2321.0,3.72,11.0,3.7,77.0,0.0,1233.70833333333,0.0,49.0,26.5,26.5,21.0,57.0,27.5,27.5,26.0,27.5,28.0,22.0,22.0,25.0,0.1800000000000068,90.0,24.5,13.787,716.7,25.81,13.932,27.0,62.8,3.0,0.0,0.0,0.0,22.0,179.0,0.0,28.0,1.0,0.0,825.6,0.0,0.0,0.6000000000000001,9.0,0.0,30.0,0.0,28.0,28.0,350.0,825.6,-50.0,0.0,0.0,0.0,0.0,400.0,0.0,0.0,0.0,0.0,0.0,0.0,48.0,713.5,4.443,60.5949275,13.740762,20.875,9.831752900788745,0.0,0.7351012328055554,0.735101,405.15724,213.847201,0.1650484317399555,0.1634142888514411,0.8270234507094023,0.0123113117182666,120.91555555555556,21.7648,0.0,0.0846303547709554,25.629999999999992
271.0,13.3,30.5,713.6,0.0,0.0,0.0,26.0,20.0,26.0,24.0,25.0,25.0,24.0,24.0,24.0,21.7648,25.0,38.0,1233.7083333333333,4441350.0,0.0,0.0,4.95555555555556,3.96444444444444,3.71666666666667,25.0,1821.4,1792.9,1358.9,1296.2,0.0,1961.0,0.0,0.0,712.0,2321.0,3.72,11.0,3.7,77.0,0.0,1233.70833333333,0.0,49.0,26.5,26.5,21.0,57.0,27.5,27.5,26.0,27.5,28.0,22.0,22.0,25.0,0.3100000000000023,90.0,24.5,13.806,716.4000000000001,28.88,13.95,27.0,73.3,3.0,0.0,0.0,0.0,22.0,179.0,0.0,28.0,1.0,0.0,825.6,0.0,0.0,0.6000000000000001,9.0,0.0,30.0,0.0,28.0,28.0,350.0,825.6,-50.0,0.0,0.0,0.0,0.0,400.0,0.0,0.0,0.0,0.0,0.0,0.0,48.0,713.5,4.443,56.7863825,13.7803143,24.0,9.831752900788745,0.0,0.7351012328055554,0.735101,405.15724,213.847201,0.1650484317399555,0.1634142888514411,0.8270234507094023,0.0123113117182666,120.91555555555556,21.7648,0.0,0.0846303547709554,28.569999999999997
272.0,13.3,37.8,712.7,0.0,0.0,0.0,26.0,20.0,26.0,24.0,25.0,25.0,24.0,24.0,24.0,26.94006,25.0,38.0,1233.7088888888889,4441352.0,0.0,0.0,4.94930555555556,3.95944444444444,3.71197916666667,25.0,1821.4,1792.9,1358.9,1296.2,0.0,2448.0,0.0,0.0,711.0,2321.0,3.7,9.0,3.7,77.0,0.0,1233.70888888889,0.0,49.0,26.5,26.5,21.0,57.0,28.0,27.5,26.0,28.0,28.0,22.0,22.0,31.0,0.3100000000000023,90.0,24.5,13.806,716.4000000000001,28.88,13.95,27.0,73.3,3.0,0.0,0.0,0.0,22.0,179.0,0.0,28.0,1.0,0.0,825.6,0.0,0.0,0.6000000000000001,9.0,0.0,30.0,0.0,28.0,28.0,350.0,825.6,-50.0,0.0,0.0,0.0,0.0,400.0,0.0,0.0,0.0,0.0,0.0,0.0,48.0,712.9000000000001,4.443,56.7863825,13.7803143,24.0,9.99320067029582,0.0,0.7529147653888887,0.752915,405.175054,213.865015,0.1806725582633039,0.1788837210527761,0.9279860549679548,0.015469432201335,107.76024000000002,26.940060000000003,0.0,0.1057895732764634,28.569999999999997
273.0,13.3,37.8,712.7,0.0,0.0,0.0,26.0,20.0,26.0,24.0,25.0,25.0,24.0,24.0,24.0,26.94006,25.0,38.0,1233.7088888888889,4441352.0,0.0,0.0,4.94930555555556,3.95944444444444,3.71197916666667,25.0,1821.4,1792.9,1358.9,1296.2,0.0,2448.0,0.0,0.0,711.0,2321.0,3.7,9.0,3.7,77.0,0.0,1233.70888888889,0.0,49.0,26.5,26.5,21.0,57.0,28.0,27.5,26.0,28.0,28.0,22.0,22.0,31.0,0.4800000000000182,90.0,24.5,13.808,715.1,24.51,13.952,27.0,51.900000000000006,3.0,0.0,0.0,0.0,22.0,179.0,0.0,28.0,1.0,0.0,825.6,0.0,0.0,0.6000000000000001,9.0,0.0,30.0,0.0,28.0,28.0,350.0,825.6,-50.0,0.0,0.0,0.0,0.0,400.0,0.0,0.0,0.0,0.0,0.0,0.0,48.0,712.9000000000001,4.443,57.2746575,13.740762,33.296875,9.99320067029582,0.0,0.7529147653888887,0.752915,405.175054,213.865015,0.1806725582633039,0.1788837210527761,0.9279860549679548,0.015469432201335,107.76024000000002,26.940060000000003,0.0,0.1057895732764634,24.029999999999983
274.0,13.4,57.9,710.7,0.0,0.0,0.0,26.0,20.0,26.0,24.0,25.0,25.0,24.0,24.0,24.0,41.14953,25.0,38.0,1233.709722222222,4441355.0,0.0,0.0,4.93541666666667,3.94833333333333,3.7015625,25.0,1821.4,1792.9,1358.9,1296.2,0.0,2991.0,0.0,0.0,708.0,2321.0,3.7,9.0,3.68,77.0,0.0,1233.70972222222,0.0,49.0,26.5,26.5,21.0,57.0,28.0,27.5,26.0,28.0,28.0,22.0,22.0,39.0,0.4800000000000182,90.0,24.5,13.808,715.1,24.51,13.952,27.0,51.900000000000006,3.0,0.0,0.0,0.0,22.0,179.0,0.0,28.0,1.0,0.0,825.6,0.0,0.0,0.6000000000000001,9.0,0.0,30.0,0.0,28.0,28.0,350.0,825.6,-50.0,0.0,0.0,0.0,0.0,400.0,0.0,0.0,0.0,0.0,0.0,0.0,48.0,711.8000000000001,4.443,57.2746575,13.740762,33.296875,10.213476574998788,0.0,0.775399283722222,0.7754,405.197539,213.8875,0.2045869730992128,0.2025613595041711,0.7533500382628915,0.023677638451395,132.74041935483868,41.14953,0.0,0.1170464975794022,24.029999999999983
275.0,13.4,57.9,710.7,0.0,0.0,0.0,26.0,20.0,26.0,24.0,25.0,25.0,24.0,24.0,24.0,41.14953,25.0,38.0,1233.709722222222,4441355.0,0.0,0.0,4.93541666666667,3.94833333333333,3.7015625,25.0,1821.4,1792.9,1358.9,1296.2,0.0,2991.0,0.0,0.0,708.0,2321.0,3.7,9.0,3.68,77.0,0.0,1233.70972222222,0.0,49.0,26.5,26.5,21.0,57.0,28.0,27.5,26.0,28.0,28.0,22.0,22.0,39.0,0.0400000000000204,90.0,24.5,13.792,712.7,27.86,13.939,27.0,-2.7,3.0,0.0,0.0,0.0,22.0,179.0,0.0,28.0,1.0,0.0,825.6,0.0,0.0,0.6000000000000001,9.0,0.0,30.0,0.0,28.0,28.0,350.0,825.6,-50.0,0.0,0.0,0.0,0.0,400.0,0.0,0.0,0.0,0.0,0.0,0.0,48.0,711.8000000000001,4.443,65.23354,13.770548300000002,41.515625,10.213476574998788,0.0,0.775399283722222,0.7754,405.197539,213.8875,0.2045869730992128,0.2025613595041711,0.7533500382628915,0.023677638451395,132.74041935483868,41.14953,0.0,0.1170464975794022,27.81999999999998
276.0,13.3,71.9,709.0,0.0,0.0,0.0,26.0,20.0,26.0,24.0,25.0,25.0,24.0,24.0,24.0,50.9771,25.0,38.0,1233.7102777777775,4441357.0,0.0,0.0,4.92361111111111,3.93888888888889,3.69270833333333,25.0,1821.4,1793.0,1358.9,1296.3,0.0,3685.0,0.0,0.0,707.0,2321.0,3.68,9.0,3.68,77.0,0.0,1233.71027777778,0.0,48.5,26.5,26.5,21.0,57.0,28.0,27.5,26.0,28.0,28.0,22.0,22.0,39.0,0.0400000000000204,90.0,24.5,13.792,712.7,27.86,13.939,27.0,-2.7,3.0,0.0,0.0,0.0,22.0,179.0,0.0,28.0,1.0,0.0,825.6,0.0,0.0,0.6000000000000001,9.0,0.0,30.0,0.0,28.0,28.0,350.0,825.6,-50.0,0.0,0.0,0.0,0.0,400.0,0.0,0.0,0.0,0.0,0.0,0.0,47.5,709.4000000000001,4.443,65.23354,13.770548300000002,41.515625,10.213476574998788,0.0,0.775399283722222,0.7754,405.197539,213.8875,0.2337653866621768,0.2314508778833433,0.7650494045365467,0.0288895183791722,130.71051282051286,50.97710000000001,0.0,0.1170464975794022,27.81999999999998
277.0,13.3,71.9,709.0,0.0,0.0,0.0,26.0,20.0,26.0,24.0,25.0,25.0,24.0,24.0,24.0,50.9771,25.0,38.0,1233.7102777777775,4441357.0,0.0,0.0,4.92361111111111,3.93888888888889,3.69270833333333,25.0,1821.4,1793.0,1358.9,1296.3,0.0,3685.0,0.0,0.0,707.0,2321.0,3.68,9.0,3.68,77.0,0.0,1233.71027777778,0.0,48.5,26.5,26.5,21.0,57.0,28.0,27.5,26.0,28.0,28.0,22.0,22.0,48.0,0.2599999999999909,90.0,24.5,13.808,711.4000000000001,25.24,13.94,27.0,4.800000000000001,3.0,0.0,0.0,0.0,22.0,179.0,0.0,28.0,1.0,0.0,825.6,0.0,0.0,0.6000000000000001,9.0,0.0,30.0,0.0,28.0,28.0,350.0,825.6,-50.0,0.0,0.0,0.0,0.0,400.0,0.0,0.0,0.0,0.0,0.0,0.0,47.5,709.4000000000001,4.443,66.60071,13.770548300000002,49.953125,10.493098020517722,0.0,0.8025669490555554,0.802568,405.224707,213.914668,0.2337653866621768,0.2314508778833433,0.7650494045365467,0.0288895183791722,130.71051282051286,50.97710000000001,0.0,0.1032916028701931,24.980000000000008
278.0,13.3,82.2,707.5,0.0,0.0,0.0,26.0,20.0,26.0,24.0,25.0,25.0,24.0,24.0,24.0,58.1565,25.0,38.0,1233.7108333333333,4441359.0,0.0,0.0,4.91319444444444,3.93055555555556,3.68489583333333,25.0,1821.4,1793.0,1358.9,1296.3,0.0,4301.0,0.0,0.0,705.0,2315.0,3.68,11.0,3.68,78.0,0.0,1233.71083333333,0.0,48.5,26.5,26.5,21.0,57.0,28.0,27.5,26.0,28.0,28.0,22.0,22.0,48.0,0.2599999999999909,90.0,24.5,13.808,711.4000000000001,25.24,13.94,27.0,4.800000000000001,3.0,0.0,0.0,0.0,22.0,179.0,0.0,28.0,1.0,0.0,825.6,0.0,0.0,0.6000000000000001,9.0,0.0,30.0,0.0,28.0,28.0,350.0,825.6,-50.0,0.0,0.0,0.0,0.0,400.0,0.0,0.0,0.0,0.0,0.0,0.0,47.5,708.2,4.443,66.60071,13.770548300000002,49.953125,10.493098020517722,0.0,0.8025669490555554,0.802568,405.224707,213.914668,0.266528338821748,0.2638894443779683,0.8253591601970544,0.032438566494625,121.15937500000004,58.1565,0.0,0.1032916028701931,24.980000000000008
279.0,13.3,82.2,707.5,0.0,0.0,0.0,26.0,20.0,26.0,24.0,25.0,25.0,24.0,24.0,24.0,58.1565,25.0,38.0,1233.7108333333333,4441359.0,0.0,0.0,4.91319444444444,3.93055555555556,3.68489583333333,25.0,1821.4,1793.0,1358.9,1296.3,0.0,4301.0,0.0,0.0,705.0,2315.0,3.68,11.0,3.68,78.0,0.0,1233.71083333333,0.0,48.5,26.5,26.5,21.0,57.0,28.0,27.5,26.0,28.0,28.0,22.0,22.0,56.0,0.2599999999999909,90.0,24.5,13.808,709.5,24.84,13.939,27.0,4.6000000000000005,3.0,0.0,0.0,0.0,22.0,179.0,0.0,28.0,1.0,0.0,825.6,0.0,0.0,0.6000000000000001,9.0,0.0,30.0,0.0,28.0,28.0,350.0,825.6,-50.0,0.0,0.0,0.0,0.0,400.0,0.0,0.0,0.0,0.0,0.0,0.0,47.5,708.2,4.443,67.77257,13.770548300000002,57.4375,10.82341378965803,0.0,0.833884043722222,0.833885,405.256024,213.945985,0.266528338821748,0.2638894443779683,0.8253591601970544,0.032438566494625,121.15937500000004,58.1565,0.0,0.1071348473014506,24.58000000000001
280.0,13.4,76.5,707.5,0.0,0.0,0.0,26.0,20.0,26.0,24.0,25.0,25.0,24.0,24.0,24.0,54.12375,25.0,38.0,1233.711388888889,4441361.0,0.0,0.0,4.91319444444444,3.93055555555556,3.68489583333333,25.0,1821.4,1793.1,1358.9,1296.3,0.0,4851.0,0.0,0.0,705.0,2315.0,3.68,11.0,3.68,78.0,0.0,1233.71138888889,0.0,48.5,26.5,26.5,21.0,57.0,28.0,27.5,26.0,28.0,28.0,22.0,22.0,56.0,0.2599999999999909,90.0,24.5,13.808,709.5,24.84,13.939,27.0,4.6000000000000005,3.0,0.0,0.0,0.0,22.0,179.0,0.0,28.0,1.0,0.0,825.6,0.0,0.0,0.6000000000000001,9.0,0.0,30.0,0.0,28.0,28.0,350.0,825.6,-50.0,0.0,0.0,0.0,0.0,400.0,0.0,0.0,0.0,0.0,0.0,0.0,47.5,707.2,4.443,67.77257,13.770548300000002,57.4375,10.82341378965803,0.0,0.833884043722222,0.833885,405.256024,213.945985,0.2975204636758887,0.2945747165107809,1.0346659276195755,0.0306852721328125,96.64955357142856,54.12375,0.0,0.1071348473014506,24.58000000000001
281.0,13.4,76.5,707.5,0.0,0.0,0.0,26.0,20.0,26.0,24.0,25.0,25.0,24.0,24.0,24.0,54.12375,25.0,38.0,1233.711388888889,4441361.0,0.0,0.0,4.91319444444444,3.93055555555556,3.68489583333333,25.0,1821.4,1793.1,1358.9,1296.3,0.0,4851.0,0.0,0.0,705.0,2315.0,3.68,11.0,3.68,78.0,0.0,1233.71138888889,0.0,48.5,26.5,26.5,21.0,57.0,28.0,27.5,26.0,28.0,28.0,22.0,22.0,62.0,0.2599999999999909,90.0,24.5,13.809,711.4000000000001,25.02,13.944,26.0,7.1000000000000005,3.0,0.0,0.0,0.0,22.0,179.0,0.0,28.0,1.0,0.0,825.6,0.0,0.0,0.6000000000000001,9.0,0.0,30.0,0.0,28.0,28.0,350.0,825.6,-50.0,0.0,0.0,0.0,0.0,400.0,0.0,0.0,0.0,0.0,0.0,0.0,47.5,707.2,4.443,63.4269225,13.7695717,60.0,11.196878670082052,0.0,0.8689990267777776,0.869,405.291139,213.9811,0.2975204636758887,0.2945747165107809,1.0346659276195755,0.0306852721328125,96.64955357142856,54.12375,0.0,0.1074826886770182,24.76000000000001
282.0,13.3,65.1,708.1,0.0,0.0,0.0,26.0,20.0,26.0,24.0,25.0,25.0,24.0,24.0,24.0,46.09731,25.0,38.0,1233.7119444444445,4441363.0,0.0,0.0,4.91736111111111,3.93388888888889,3.68802083333333,25.0,1821.4,1793.1,1358.9,1296.3,0.0,5190.0,0.0,0.0,706.0,2315.0,3.68,9.0,3.68,77.0,0.0,1233.71194444444,0.0,48.5,26.5,26.5,21.0,57.0,28.0,27.5,26.0,28.0,28.0,22.0,22.0,62.0,0.2599999999999909,90.0,24.5,13.809,711.4000000000001,25.02,13.944,26.0,7.1000000000000005,3.0,0.0,0.0,0.0,22.0,179.0,0.0,28.0,1.0,0.0,825.6,0.0,0.0,0.6000000000000001,9.0,0.0,30.0,0.0,28.0,28.0,350.0,825.6,-50.0,0.0,0.0,0.0,0.0,400.0,0.0,0.0,0.0,0.0,0.0,0.0,47.5,708.1,4.443,63.4269225,13.7695717,60.0,11.196878670082052,0.0,0.8689990267777776,0.869,405.291139,213.9811,0.3243293503284049,0.321118168641985,1.3449808676471575,0.0265434521312041,74.35050000000001,46.09731,0.0,0.1074826886770182,24.76000000000001
283.0,13.3,65.1,708.1,0.0,0.0,0.0,26.0,20.0,26.0,24.0,25.0,25.0,24.0,24.0,24.0,46.09731,25.0,38.0,1233.7119444444445,4441363.0,0.0,0.0,4.91736111111111,3.93388888888889,3.68802083333333,25.0,1821.4,1793.1,1358.9,1296.3,0.0,5190.0,0.0,0.0,706.0,2315.0,3.68,9.0,3.68,77.0,0.0,1233.71194444444,0.0,48.5,26.5,26.5,21.0,58.0,28.0,27.5,26.0,28.0,28.0,22.0,22.0,66.0,0.2599999999999909,90.0,24.5,13.807,710.7,24.74,13.951,26.0,18.7,3.0,0.0,0.0,0.0,22.0,179.0,0.0,28.0,1.0,0.0,825.6,0.0,0.0,0.6000000000000001,9.0,0.0,30.0,0.0,28.0,28.0,350.0,825.6,-50.0,0.0,0.0,0.0,0.0,400.0,0.0,0.0,0.0,0.0,0.0,0.0,47.5,708.1,4.443,60.1066525,13.7612706,64.0,11.597437049775504,0.0,0.9067139054444444,0.906715,405.328854,214.018815,0.3243293503284049,0.321118168641985,1.3449808676471575,0.0265434521312041,74.35050000000001,46.09731,0.0,0.0938264220000358,24.480000000000008
284.0,13.3,49.6,709.3,0.0,0.0,0.0,26.0,20.0,26.0,24.0,25.0,25.0,24.0,24.0,24.0,35.18128,25.0,38.0,1233.7125,4441365.0,0.0,0.0,4.92569444444444,3.94055555555556,3.69427083333333,25.0,1821.4,1793.1,1358.9,1296.4,0.0,5378.0,0.0,0.0,707.0,2315.0,3.68,11.0,3.68,78.0,0.0,1233.7125,0.0,48.5,26.5,26.5,21.0,58.0,28.0,27.5,26.0,28.0,28.0,22.0,22.0,66.0,0.2599999999999909,90.0,24.5,13.807,710.7,24.74,13.951,26.0,18.7,3.0,0.0,0.0,0.0,22.0,179.0,0.0,28.0,1.0,0.0,825.6,0.0,0.0,0.6000000000000001,9.0,0.0,30.0,0.0,28.0,28.0,350.0,825.6,-50.0,0.0,0.0,0.0,0.0,400.0,0.0,0.0,0.0,0.0,0.0,0.0,47.5,709.4000000000001,4.441,60.1066525,13.7612706,64.0,11.597437049775504,0.0,0.9067139054444444,0.906715,405.328854,214.018815,0.3444449085569238,0.3410345629276473,1.875997689680421,0.0199163942856622,53.30496969696971,35.18128,0.0,0.0938264220000358,24.480000000000008
285.0,13.3,49.6,709.3,0.0,0.0,0.0,26.0,20.0,26.0,24.0,25.0,25.0,24.0,24.0,24.0,35.18128,25.0,38.0,1233.7125,4441365.0,0.0,0.0,4.92569444444444,3.94055555555556,3.69427083333333,25.0,1821.4,1793.1,1358.9,1296.4,0.0,5378.0,0.0,0.0,707.0,2315.0,3.68,11.0,3.68,78.0,0.0,1233.7125,0.0,48.5,26.5,26.5,21.0,58.0,28.0,27.5,26.0,28.0,28.0,22.0,22.0,68.0,0.2599999999999909,90.0,24.5,13.809,712.0,24.67,13.949,26.0,6.4,3.0,0.0,0.0,0.0,22.0,179.0,0.0,28.0,1.0,0.0,825.6,0.0,0.0,0.6000000000000001,9.0,0.0,30.0,0.0,28.0,28.0,350.0,825.6,-50.0,0.0,0.0,0.0,0.0,400.0,0.0,0.0,0.0,0.0,0.0,0.0,47.5,709.4000000000001,4.441,56.444590000000005,13.7612706,68.625,12.006318596785002,0.0,0.945535704222222,0.945537,405.367676,214.057637,0.3444449085569238,0.3410345629276473,1.875997689680421,0.0199163942856622,53.30496969696971,35.18128,0.0,0.0694114640050319,24.41000000000001
286.0,13.4,45.9,709.6,0.0,0.0,0.0,26.0,20.0,26.0,24.0,25.0,25.0,24.0,24.0,24.0,32.57064,25.0,38.0,1233.7130555555557,4441367.0,0.0,0.0,4.92777777777778,3.94222222222222,3.69583333333333,25.0,1821.4,1793.2,1358.9,1296.4,0.0,5498.0,0.0,0.0,707.0,2313.0,3.68,11.0,3.68,77.0,0.0,1233.71305555556,0.0,48.5,26.5,26.5,21.0,58.0,28.0,27.5,26.0,28.0,28.0,22.0,22.0,68.0,0.2599999999999909,90.0,24.5,13.809,712.0,24.67,13.949,26.0,6.4,3.0,0.0,0.0,0.0,22.0,179.0,0.0,28.0,1.0,0.0,825.6,0.0,0.0,0.6000000000000001,9.0,0.0,30.0,0.0,28.0,28.0,350.0,825.6,-50.0,0.0,0.0,0.0,0.0,400.0,0.0,0.0,0.0,0.0,0.0,0.0,47.5,709.6,4.443,56.444590000000005,13.7612706,68.625,12.006318596785002,0.0,0.945535704222222,0.945537,405.367676,214.057637,0.3633902954980295,0.3597923717802272,2.0877698442523696,0.01875780885258,47.898,32.57064,0.0,0.0694114640050319,24.41000000000001
287.0,13.4,45.9,709.6,0.0,0.0,0.0,26.0,20.0,26.0,24.0,25.0,25.0,24.0,24.0,24.0,32.57064,25.0,38.0,1233.7130555555557,4441367.0,0.0,0.0,4.92777777777778,3.94222222222222,3.69583333333333,25.0,1821.4,1793.2,1358.9,1296.4,0.0,5498.0,0.0,0.0,707.0,2313.0,3.68,11.0,3.68,77.0,0.0,1233.71305555556,0.0,48.5,26.5,26.5,21.0,58.0,28.0,27.5,26.0,28.0,28.0,22.0,22.0,70.0,0.2599999999999909,90.0,24.5,13.808,712.0,24.93,13.948,26.0,-1.2000000000000002,3.0,0.0,0.0,0.0,22.0,179.0,0.0,28.0,1.0,0.0,825.6,0.0,0.0,0.6000000000000001,9.0,0.0,30.0,0.0,28.0,28.0,350.0,825.6,-50.0,0.0,0.0,0.0,0.0,400.0,0.0,0.0,0.0,0.0,0.0,0.0,47.5,709.6,4.443,56.10279750000001,13.760294,69.96875,12.426384472179947,0.0,0.9857573658888888,0.985759,405.407898,214.097859,0.3633902954980295,0.3597923717802272,2.0877698442523696,0.01875780885258,47.898,32.57064,0.0,0.0482421875080903,24.67000000000001
288.0,13.3,1.2,713.2,0.0,0.0,0.0,26.0,20.0,26.0,24.0,25.0,25.0,24.0,24.0,24.0,0.85584,25.0,38.0,1233.713611111111,4441369.0,0.0,0.0,4.95277777777778,3.96222222222222,3.71458333333333,25.0,1821.4,1793.2,1358.9,1296.4,0.0,5429.0,0.0,0.0,712.0,2313.0,3.7,24.0,3.7,77.0,0.0,1233.71361111111,0.0,48.5,26.5,26.5,21.0,58.0,28.0,27.5,26.0,28.0,28.0,22.0,22.0,70.0,0.2599999999999909,90.0,24.5,13.808,712.0,24.93,13.948,26.0,-1.2000000000000002,3.0,0.0,0.0,0.0,22.0,179.0,0.0,28.0,1.0,0.0,825.6,0.0,0.0,0.6000000000000001,9.0,0.0,30.0,0.0,28.0,28.0,350.0,825.6,-50.0,0.0,0.0,0.0,0.0,400.0,0.0,0.0,0.0,0.0,0.0,0.0,47.5,710.2,4.443,56.10279750000001,13.760294,69.96875,12.426384472179947,0.0,0.9857573658888888,0.985759,405.407898,214.097859,0.3638725447340203,0.3602698462713072,81.79098896990091,0.00047747449108,1.2226285714285716,0.85584,0.0,0.0482421875080903,24.67000000000001
289.0,13.3,1.2,713.2,0.0,0.0,0.0,26.0,20.0,26.0,24.0,25.0,25.0,24.0,24.0,24.0,0.85584,25.0,38.0,1233.713611111111,4441369.0,0.0,0.0,4.95277777777778,3.96222222222222,3.71458333333333,25.0,1821.4,1793.2,1358.9,1296.4,0.0,5429.0,0.0,0.0,712.0,2313.0,3.7,24.0,3.7,77.0,0.0,1233.71361111111,0.0,48.5,26.5,26.5,21.0,58.0,28.0,27.5,26.0,28.0,28.0,22.0,22.0,68.0,0.2800000000000295,90.0,24.5,13.808,719.7,25.49,13.952,26.0,-1.7000000000000002,3.0,0.0,0.0,0.0,22.0,179.0,0.0,28.0,1.0,0.0,825.6,0.0,0.0,0.6000000000000001,9.0,0.0,30.0,0.0,28.0,28.0,350.0,825.6,-50.0,0.0,0.0,0.0,0.0,400.0,0.0,0.0,0.0,0.0,0.0,0.0,47.5,710.2,4.443,28.710570000000004,13.7495514,64.0,12.814858516051467,0.0,1.0237302866666664,1.023732,405.445871,214.135832,0.3638725447340203,0.3602698462713072,81.79098896990091,0.00047747449108,1.2226285714285716,0.85584,0.0,0.0482421875080903,25.20999999999997
290.0,13.3,1.2,713.2,0.0,0.0,0.0,26.0,20.0,26.0,24.0,25.0,25.0,24.0,24.0,24.0,0.85584,25.0,38.0,1233.713611111111,4441369.0,0.0,0.0,4.95277777777778,3.96222222222222,3.71458333333333,25.0,1821.4,1793.2,1358.9,1296.4,0.0,5429.0,0.0,0.0,712.0,2313.0,3.7,24.0,3.7,77.0,0.0,1233.71361111111,0.0,48.5,26.5,26.5,21.0,58.0,28.0,27.5,26.0,28.0,28.0,22.0,22.0,68.0,0.2800000000000295,90.0,24.5,13.808,719.7,25.49,13.952,26.0,-1.7000000000000002,3.0,0.0,0.0,0.0,22.0,179.0,0.0,28.0,1.0,0.0,825.6,0.0,0.0,0.6000000000000001,9.0,0.0,30.0,0.0,28.0,28.0,350.0,825.6,-50.0,0.0,0.0,0.0,0.0,400.0,0.0,0.0,0.0,0.0,0.0,0.0,47.5,714.6,4.443,28.710570000000004,13.7495514,64.0,12.814858516051467,0.0,1.0237302866666664,1.023732,405.445871,214.135832,0.3638725447340203,0.3602698462713072,81.79098896990091,0.00047747449108,1.2226285714285716,0.85584,0.0,0.0482421875080903,25.20999999999997
291.0,13.3,-4.7,714.5,0.0,0.0,0.0,26.0,20.0,26.0,24.0,25.0,25.0,24.0,24.0,24.0,-3.35815,25.0,38.0,1233.7141666666666,4441371.0,0.0,0.0,4.96180555555556,3.96944444444444,3.72135416666667,25.0,1821.5,1793.2,1358.9,1296.4,0.0,5012.0,0.0,0.0,712.0,2313.0,3.72,9.0,3.72,77.0,0.0,1233.71416666667,0.0,48.5,26.5,26.5,21.0,58.0,28.0,27.5,26.0,28.0,28.0,22.0,22.0,63.0,0.4200000000000159,90.0,24.5,13.79,717.0,24.3,13.943,26.0,-0.1,3.0,0.0,0.0,0.0,22.0,179.0,0.0,28.0,1.0,0.0,825.6,0.0,0.0,0.6000000000000001,9.0,0.0,30.0,0.0,28.0,28.0,350.0,825.6,-50.0,0.0,0.0,0.0,0.0,400.0,0.0,0.0,0.0,0.0,0.0,0.0,47.5,714.6,4.443,37.011245,13.760294,60.0,13.174039435867767,0.0,1.0600105026666664,1.060012,405.482151,214.172112,0.3619160737867816,0.3583327463235461,-20.249244375623487,-0.0019370999477611,-4.93845588235294,-3.35815,0.0,,23.879999999999985
292.0,13.3,-4.7,714.5,0.0,0.0,0.0,26.0,20.0,26.0,24.0,25.0,25.0,24.0,24.0,24.0,-3.35815,25.0,38.0,1233.7141666666666,4441371.0,0.0,0.0,4.96180555555556,3.96944444444444,3.72135416666667,25.0,1821.5,1793.2,1358.9,1296.4,0.0,5012.0,0.0,0.0,712.0,2313.0,3.72,9.0,3.72,77.0,0.0,1233.71416666667,0.0,48.5,26.5,26.5,21.0,58.0,28.0,27.5,26.0,28.0,28.0,22.0,22.0,63.0,0.4200000000000159,90.0,24.5,13.79,717.0,24.3,13.943,26.0,-0.1,3.0,0.0,0.0,0.0,22.0,179.0,0.0,28.0,1.0,0.0,825.6,0.0,0.0,0.6000000000000001,9.0,0.0,30.0,0.0,28.0,28.0,350.0,825.6,-50.0,0.0,0.0,0.0,0.0,400.0,0.0,0.0,0.0,0.0,0.0,0.0,47.5,715.2,4.443,37.011245,13.760294,60.0,13.174039435867767,0.0,1.0600105026666664,1.060012,405.482151,214.172112,0.3619160737867816,0.3583327463235461,-20.249244375623487,-0.0019370999477611,-4.93845588235294,-3.35815,0.0,,23.879999999999985
293.0,13.3,-27.2,716.4,0.0,0.0,0.0,26.0,20.0,26.0,24.0,25.0,25.0,24.0,24.0,24.0,-19.48608,25.0,38.0,1233.7147222222222,4441373.0,0.0,0.0,4.975,3.98,3.73125,25.0,1821.5,1793.2,1358.9,1296.4,0.0,4646.0,0.0,0.0,715.0,2313.0,3.72,9.0,3.72,49.0,0.0,1233.71472222222,0.0,48.5,26.5,26.5,21.0,57.0,28.0,27.5,26.0,28.0,28.0,22.0,22.0,58.0,0.1299999999999954,90.0,24.5,13.808,719.5,24.77,13.936,26.0,4.0,3.0,0.0,0.0,0.0,22.0,179.0,0.0,28.0,1.0,0.0,825.6,0.0,0.0,0.6000000000000001,9.0,0.0,30.0,0.0,28.0,28.0,350.0,825.6,-50.0,0.0,0.0,0.0,0.0,400.0,0.0,0.0,0.0,0.0,0.0,0.0,47.5,715.2,4.443,37.011245,13.760294,60.0,13.487179304220918,0.0,1.0928406212777777,1.092842,405.514981,214.204942,0.35079894066566,0.3473256838273861,-3.233077150458174,-0.01100706249616,-30.930285714285706,-19.48608,0.0,-0.0345861299143764,24.640000000000004
294.0,13.3,-27.2,716.4,0.0,0.0,0.0,26.0,20.0,26.0,24.0,25.0,25.0,24.0,24.0,24.0,-19.48608,25.0,38.0,1233.7147222222222,4441373.0,0.0,0.0,4.975,3.98,3.73125,25.0,1821.5,1793.2,1358.9,1296.4,0.0,4646.0,0.0,0.0,715.0,2313.0,3.72,9.0,3.72,49.0,0.0,1233.71472222222,0.0,48.5,26.5,26.5,21.0,57.0,28.0,27.5,26.0,28.0,28.0,22.0,22.0,58.0,0.1299999999999954,90.0,24.5,13.808,719.5,24.77,13.936,26.0,4.0,3.0,0.0,0.0,0.0,22.0,179.0,0.0,28.0,1.0,0.0,825.6,0.0,0.0,0.6000000000000001,9.0,0.0,30.0,0.0,28.0,28.0,350.0,825.6,-50.0,0.0,0.0,0.0,0.0,400.0,0.0,0.0,0.0,0.0,0.0,0.0,47.5,717.4000000000001,4.443,24.21844,13.7515046,56.1875,13.487179304220918,0.0,1.0928406212777777,1.092842,405.514981,214.204942,0.35079894066566,0.3473256838273861,-3.233077150458174,-0.01100706249616,-30.930285714285706,-19.48608,0.0,-0.0345861299143764,24.640000000000004
295.0,13.3,-48.1,718.9,0.0,0.0,0.0,26.0,20.0,26.0,24.0,25.0,25.0,24.0,24.0,24.0,-34.57909,25.0,38.0,1233.7152777777778,4441375.0,0.0,0.0,4.99236111111111,3.99388888888889,3.74427083333333,25.0,1821.5,1793.2,1358.9,1296.4,0.0,4025.0,0.0,0.0,717.0,2313.0,3.74,9.0,3.74,77.0,0.0,1233.71527777778,0.0,48.5,26.5,26.5,21.0,57.0,28.0,27.5,26.0,28.0,28.0,22.0,22.0,49.0,0.2800000000000295,90.0,24.5,13.782,722.3000000000001,29.79,13.948,27.0,7.800000000000001,3.0,0.0,0.0,0.0,22.0,179.0,0.0,28.0,1.0,0.0,825.6,0.0,0.0,0.6000000000000001,9.0,0.0,30.0,0.0,28.0,28.0,350.0,825.6,-50.0,0.0,0.0,0.0,0.0,400.0,0.0,0.0,0.0,0.0,0.0,0.0,47.5,717.4000000000001,4.443,24.21844,13.7515046,56.1875,13.729930631082391,0.0,1.120167314222222,1.120169,405.542308,214.232269,0.3313159949614946,0.3280356385757372,-1.677314238171103,-0.0192900452516488,-59.61912068965517,-34.579089999999994,0.0,-0.0731825889969188,29.50999999999997
296.0,13.3,-48.1,718.9,0.0,0.0,0.0,26.0,20.0,26.0,24.0,25.0,25.0,24.0,24.0,24.0,-34.57909,25.0,38.0,1233.7152777777778,4441375.0,0.0,0.0,4.99236111111111,3.99388888888889,3.74427083333333,25.0,1821.5,1793.2,1358.9,1296.4,0.0,4025.0,0.0,0.0,717.0,2313.0,3.74,9.0,3.74,77.0,0.0,1233.71527777778,0.0,48.5,26.5,26.5,21.0,57.0,28.0,27.5,26.0,28.0,28.0,22.0,22.0,49.0,0.2800000000000295,90.0,24.5,13.782,722.3000000000001,29.79,13.948,27.0,7.800000000000001,3.0,0.0,0.0,0.0,22.0,179.0,0.0,28.0,1.0,0.0,825.6,0.0,0.0,0.6000000000000001,9.0,0.0,30.0,0.0,28.0,28.0,350.0,825.6,-50.0,0.0,0.0,0.0,0.0,400.0,0.0,0.0,0.0,0.0,0.0,0.0,47.5,717.9000000000001,4.442,17.089625,13.740762,44.0,13.729930631082391,0.0,1.120167314222222,1.120169,405.542308,214.232269,0.3313159949614946,0.3280356385757372,-1.677314238171103,-0.0192900452516488,-59.61912068965517,-34.579089999999994,0.0,-0.0731825889969188,29.50999999999997
297.0,13.3,-31.2,717.9,0.0,0.0,0.0,26.0,20.0,26.0,24.0,25.0,25.0,24.0,24.0,24.0,-22.39848,25.0,38.0,1233.7158333333334,4441377.0,0.0,0.0,4.98541666666667,3.98833333333333,3.7390625,25.0,1821.5,1793.2,1358.9,1296.4,0.0,3227.0,0.0,0.0,716.0,2319.0,3.74,9.0,3.72,40.0,0.0,1233.71583333333,0.0,48.5,26.5,26.5,21.0,57.0,28.0,27.5,26.0,28.0,28.0,22.0,22.0,39.0,0.2599999999999909,90.0,24.5,13.783,721.0,29.74,13.945,26.0,-1.0,3.0,0.0,0.0,0.0,22.0,179.0,0.0,28.0,1.0,0.0,825.6,0.0,0.0,0.6000000000000001,9.0,0.0,30.0,0.0,28.0,28.0,350.0,825.6,-50.0,0.0,0.0,0.0,0.0,400.0,0.0,0.0,0.0,0.0,0.0,0.0,47.5,717.9000000000001,4.442,17.089625,13.740762,44.0,13.900823730638884,0.0,1.1418315921388886,1.141833,405.563972,214.253933,0.3186864019779702,0.3155310910672972,-2.187648447573229,-0.0125045475084399,-45.71118367346937,-22.39848,0.0,-0.1010662836088039,29.480000000000008
298.0,13.3,-31.2,717.9,0.0,0.0,0.0,26.0,20.0,26.0,24.0,25.0,25.0,24.0,24.0,24.0,-22.39848,25.0,38.0,1233.7158333333334,4441377.0,0.0,0.0,4.98541666666667,3.98833333333333,3.7390625,25.0,1821.5,1793.2,1358.9,1296.4,0.0,3227.0,0.0,0.0,716.0,2319.0,3.74,9.0,3.72,40.0,0.0,1233.71583333333,0.0,48.5,26.5,26.5,21.0,57.0,28.0,27.5,26.0,28.0,28.0,22.0,22.0,39.0,0.2599999999999909,90.0,24.5,13.783,721.0,29.74,13.945,26.0,-1.0,3.0,0.0,0.0,0.0,22.0,179.0,0.0,28.0,1.0,0.0,825.6,0.0,0.0,0.6000000000000001,9.0,0.0,30.0,0.0,28.0,28.0,350.0,825.6,-50.0,0.0,0.0,0.0,0.0,400.0,0.0,0.0,0.0,0.0,0.0,0.0,47.5,717.2,4.443,16.0642475,13.7314843,37.0625,13.900823730638884,0.0,1.1418315921388886,1.141833,405.563972,214.253933,0.3186864019779702,0.3155310910672972,-2.187648447573229,-0.0125045475084399,-45.71118367346937,-22.39848,0.0,-0.1010662836088039,29.480000000000008
299.0,13.3,-21.7,717.2,0.0,0.0,0.0,26.0,20.0,26.0,24.0,25.0,25.0,24.0,24.0,24.0,-15.56324,25.0,38.0,1233.7163888888888,4441379.0,0.0,0.0,4.98055555555556,3.98444444444444,3.73541666666667,25.0,1821.5,1793.2,1358.9,1296.4,0.0,2530.0,0.0,0.0,715.0,2319.0,3.72,9.0,3.72,49.0,0.0,1233.71638888889,0.0,48.5,26.5,26.5,21.0,57.0,28.0,27.5,26.5,28.0,28.0,22.0,22.0,30.0,0.2599999999999909,90.0,24.5,13.782,720.1,29.98,13.943,26.0,-3.1,3.0,0.0,0.0,0.0,22.0,179.0,0.0,28.0,1.0,0.0,825.6,0.0,0.0,0.6000000000000001,9.0,0.0,30.0,0.0,28.0,28.0,350.0,825.6,-50.0,0.0,0.0,0.0,0.0,400.0,0.0,0.0,0.0,0.0,0.0,0.0,47.5,717.2,4.443,16.0642475,13.7314843,37.0625,14.009973559814602,0.0,1.1586527796388886,1.158654,405.580793,214.270754,0.3099124522609865,0.3068440121395906,-2.5059049401024462,-0.0086870789277066,-39.905743589743594,-15.56324,0.0,-0.115868118759377,29.72000000000001
300.0,13.3,-21.7,717.2,0.0,0.0,0.0,26.0,20.0,26.0,24.0,25.0,25.0,24.0,24.0,24.0,-15.56324,25.0,38.0,1233.7163888888888,4441379.0,0.0,0.0,4.98055555555556,3.98444444444444,3.73541666666667,25.0,1821.5,1793.2,1358.9,1296.4,0.0,2530.0,0.0,0.0,715.0,2319.0,3.72,9.0,3.72,49.0,0.0,1233.71638888889,0.0,48.5,26.5,26.5,21.0,57.0,28.0,27.5,26.5,28.0,28.0,22.0,22.0,30.0,0.2599999999999909,90.0,24.5,13.782,720.1,29.98,13.943,26.0,-3.1,3.0,0.0,0.0,0.0,22.0,179.0,0.0,28.0,1.0,0.0,825.6,0.0,0.0,0.6000000000000001,9.0,0.0,30.0,0.0,28.0,28.0,350.0,825.6,-50.0,0.0,0.0,0.0,0.0,400.0,0.0,0.0,0.0,0.0,0.0,0.0,47.5,717.2,4.441,12.9392875,13.740762,28.40625,14.009973559814602,0.0,1.1586527796388886,1.158654,405.580793,214.270754,0.3099124522609865,0.3068440121395906,-2.5059049401024462,-0.0086870789277066,-39.905743589743594,-15.56324,0.0,-0.115868118759377,29.72000000000001
301.0,13.3,-14.2,716.8,0.0,0.0,0.0,26.0,20.0,26.0,24.0,25.0,25.0,24.0,24.0,24.0,-10.17856,25.0,38.0,1233.7169444444444,4441381.0,0.0,0.0,4.97777777777778,3.98222222222222,3.73333333333333,25.0,1821.5,1793.2,1359.0,1296.4,0.0,1820.0,0.0,0.0,715.0,2319.0,3.72,24.0,3.72,99.0,0.0,1233.71694444444,0.0,48.5,26.5,26.5,21.0,57.0,28.0,27.5,26.5,28.0,28.0,22.0,22.0,21.0,0.2800000000000295,90.0,24.5,13.798,719.5,29.79,13.969,27.0,9.2,3.0,0.0,0.0,0.0,22.0,179.0,0.0,28.0,1.0,0.0,825.6,0.0,0.0,0.6000000000000001,9.0,0.0,30.0,0.0,28.0,28.0,350.0,825.6,-50.0,0.0,0.0,0.0,0.0,400.0,0.0,0.0,0.0,0.0,0.0,0.0,47.5,717.2,4.441,12.9392875,13.740762,28.40625,14.056835609650426,0.0,1.1703747095555552,1.170376,405.592515,214.282476,0.3041775083529076,0.3011658498543639,-2.947371730382294,-0.0056781622852266,-33.92853333333333,-10.17856,0.0,-0.130323395011621,29.50999999999997
302.0,13.3,-14.2,716.8,0.0,0.0,0.0,26.0,20.0,26.0,24.0,25.0,25.0,24.0,24.0,24.0,-10.17856,25.0,38.0,1233.7169444444444,4441381.0,0.0,0.0,4.97777777777778,3.98222222222222,3.73333333333333,25.0,1821.5,1793.2,1359.0,1296.4,0.0,1820.0,0.0,0.0,715.0,2319.0,3.72,24.0,3.72,99.0,0.0,1233.71694444444,0.0,48.5,26.5,26.5,21.0,57.0,28.0,27.5,26.5,28.0,28.0,22.0,22.0,21.0,0.2800000000000295,90.0,24.5,13.798,719.5,29.79,13.969,27.0,9.2,3.0,0.0,0.0,0.0,22.0,179.0,0.0,28.0,1.0,0.0,825.6,0.0,0.0,0.6000000000000001,9.0,0.0,30.0,0.0,28.0,28.0,350.0,825.6,-50.0,0.0,0.0,0.0,0.0,400.0,0.0,0.0,0.0,0.0,0.0,0.0,47.5,716.5,4.443,19.92162,13.7803143,20.03125,14.056835609650426,0.0,1.1703747095555552,1.170376,405.592515,214.282476,0.3041775083529076,0.3011658498543639,-2.947371730382294,-0.0056781622852266,-33.92853333333333,-10.17856,0.0,-0.130323395011621,29.50999999999997
303.0,13.3,-12.0,716.7,0.0,0.0,0.0,26.0,20.0,26.0,24.0,25.0,25.0,24.0,24.0,24.0,-8.6004,25.0,38.0,1233.7175,4441383.0,0.0,0.0,4.97708333333333,3.98166666666667,3.7328125,25.0,1821.5,1793.2,1359.0,1296.4,0.0,1215.0,0.0,0.0,715.0,2319.0,3.72,9.0,3.72,78.0,0.0,1233.7175,0.0,48.5,26.5,26.5,21.0,57.0,28.0,27.5,26.5,28.0,28.0,22.0,22.0,13.0,0.2300000000000182,90.0,24.5,13.781,719.6,30.25,13.947,27.0,-3.8,3.0,0.0,0.0,0.0,22.0,179.0,0.0,28.0,1.0,0.0,825.6,0.0,0.0,0.6000000000000001,9.0,0.0,30.0,0.0,28.0,28.0,350.0,825.6,-50.0,0.0,0.0,0.0,0.0,400.0,0.0,0.0,0.0,0.0,0.0,0.0,47.5,716.5,4.443,19.92162,13.7803143,20.03125,14.049811497066443,0.0,1.177616748472222,1.177618,405.599757,214.289718,0.2993253827308646,0.2963617650800639,-2.441746895493232,-0.0048040847743,-40.95428571428573,-8.600400000000002,0.0,-0.126900689410346,30.019999999999982
304.0,13.3,-12.0,716.7,0.0,0.0,0.0,26.0,20.0,26.0,24.0,25.0,25.0,24.0,24.0,24.0,-8.6004,25.0,38.0,1233.7175,4441383.0,0.0,0.0,4.97708333333333,3.98166666666667,3.7328125,25.0,1821.5,1793.2,1359.0,1296.4,0.0,1215.0,0.0,0.0,715.0,2319.0,3.72,9.0,3.72,78.0,0.0,1233.7175,0.0,48.5,26.5,26.5,21.0,57.0,28.0,27.5,26.5,28.0,28.0,22.0,22.0,13.0,0.2300000000000182,90.0,24.5,13.781,719.6,30.25,13.947,27.0,-3.8,3.0,0.0,0.0,0.0,22.0,179.0,0.0,28.0,1.0,0.0,825.6,0.0,0.0,0.6000000000000001,9.0,0.0,30.0,0.0,28.0,28.0,350.0,825.6,-50.0,0.0,0.0,0.0,0.0,400.0,0.0,0.0,0.0,0.0,0.0,0.0,47.5,716.3000000000001,4.442,0.0,13.7515046,8.0,14.049811497066443,0.0,1.177616748472222,1.177618,405.599757,214.289718,0.2993253827308646,0.2963617650800639,-2.441746895493232,-0.0048040847743,-40.95428571428573,-8.600400000000002,0.0,-0.126900689410346,30.019999999999982
305.0,13.3,-1.9,715.9,0.0,0.0,0.0,26.0,20.0,26.0,24.0,25.0,25.0,24.0,24.0,24.0,-1.36021,25.0,38.0,1233.7180555555556,4441385.0,0.0,0.0,4.97152777777778,3.97722222222222,3.72864583333333,25.0,1821.5,1793.2,1359.0,1296.4,0.0,338.0,0.0,0.0,714.0,2328.0,3.72,9.0,3.72,78.0,0.0,1233.71805555556,0.0,48.5,26.5,26.5,21.0,57.0,28.0,27.5,26.5,28.0,28.0,22.0,22.0,3.0,0.2599999999999909,90.0,24.5,13.8,718.4000000000001,30.16,13.95,27.0,-6.5,3.0,0.0,0.0,0.0,22.0,179.0,0.0,28.0,1.0,0.0,825.6,0.0,0.0,0.6000000000000001,9.0,0.0,30.0,0.0,28.0,28.0,350.0,825.6,-50.0,0.0,0.0,0.0,0.0,400.0,0.0,0.0,0.0,0.0,0.0,0.0,47.5,716.3000000000001,4.442,0.0,13.7515046,8.0,13.976399109315482,0.0,1.1792985091388886,1.1793,405.601439,214.2914,0.29855834191578,0.2956023187284951,-9.557347762477852,-0.0007594463515688,-10.463153846153844,-1.36021,0.0,-0.1267976928008876,29.90000000000001
306.0,13.3,-1.9,715.9,0.0,0.0,0.0,26.0,20.0,26.0,24.0,25.0,25.0,24.0,24.0,24.0,-1.36021,25.0,38.0,1233.7180555555556,4441385.0,0.0,0.0,4.97152777777778,3.97722222222222,3.72864583333333,25.0,1821.5,1793.2,1359.0,1296.4,0.0,338.0,0.0,0.0,714.0,2328.0,3.72,9.0,3.72,78.0,0.0,1233.71805555556,0.0,48.5,26.5,26.5,21.0,57.0,28.0,27.5,26.5,28.0,28.0,22.0,22.0,3.0,0.2599999999999909,90.0,24.5,13.8,718.4000000000001,30.16,13.95,27.0,-6.5,3.0,0.0,0.0,0.0,22.0,179.0,0.0,28.0,1.0,0.0,825.6,0.0,0.0,0.6000000000000001,9.0,0.0,30.0,0.0,28.0,28.0,350.0,825.6,-50.0,0.0,0.0,0.0,0.0,400.0,0.0,0.0,0.0,0.0,0.0,0.0,47.5,715.6,4.443,0.0,13.760294,1.6875,13.976399109315482,0.0,1.1792985091388886,1.1793,405.601439,214.2914,0.29855834191578,0.2956023187284951,-9.557347762477852,-0.0007594463515688,-10.463153846153844,-1.36021,0.0,-0.1267976928008876,29.90000000000001
307.0,13.3,0.7,715.6,0.0,0.0,0.0,26.0,20.0,26.0,24.0,25.0,25.0,24.0,24.0,24.0,0.50092,25.0,38.0,1233.7186111111112,4441387.0,0.0,0.0,4.96944444444444,3.97555555555556,3.72708333333333,25.0,1821.5,1793.2,1359.0,1296.4,0.0,26.0,0.0,0.0,714.0,2328.0,3.72,24.0,3.72,77.0,0.0,1233.71861111111,0.0,48.5,26.5,26.5,21.0,57.0,27.5,27.5,26.5,27.5,28.0,22.0,22.0,0.0,0.2599999999999909,90.0,24.5,13.8,718.2,29.79,13.95,27.0,-1.5,3.0,0.0,0.0,0.0,22.0,179.0,0.0,28.0,1.0,0.0,825.6,0.0,0.0,0.6000000000000001,9.0,0.0,30.0,0.0,28.0,28.0,350.0,825.6,-50.0,0.0,0.0,0.0,0.0,400.0,0.0,0.0,0.0,0.0,0.0,0.0,47.5,715.6,4.443,0.0,13.760294,1.6875,13.884023468278109,0.0,1.1792985091388886,1.1793,405.601439,214.2914,0.2988406251691344,0.2958818070981528,5.988980276291624,0.0002794883696577,16.69733333333333,0.5009199999999999,0.0,-0.1056416940363014,29.53000000000001
308.0,13.3,0.7,715.6,0.0,0.0,0.0,26.0,20.0,26.0,24.0,25.0,25.0,24.0,24.0,24.0,0.50092,25.0,38.0,1233.7186111111112,4441387.0,0.0,0.0,4.96944444444444,3.97555555555556,3.72708333333333,25.0,1821.5,1793.2,1359.0,1296.4,0.0,26.0,0.0,0.0,714.0,2328.0,3.72,24.0,3.72,77.0,0.0,1233.71861111111,0.0,48.5,26.5,26.5,21.0,57.0,27.5,27.5,26.5,27.5,28.0,22.0,22.0,0.0,0.2599999999999909,90.0,24.5,13.8,718.2,29.79,13.95,27.0,-1.5,3.0,0.0,0.0,0.0,22.0,179.0,0.0,28.0,1.0,0.0,825.6,0.0,0.0,0.6000000000000001,9.0,0.0,30.0,0.0,28.0,28.0,350.0,825.6,-50.0,0.0,0.0,0.0,0.0,400.0,0.0,0.0,0.0,0.0,0.0,0.0,47.5,715.6,4.443,0.0,13.7515046,0.21875,13.884023468278109,0.0,1.1792985091388886,1.1793,405.601439,214.2914,0.2988406251691344,0.2958818070981528,5.988980276291624,0.0002794883696577,16.69733333333333,0.5009199999999999,0.0,-0.1056416940363014,29.53000000000001
309.0,13.3,0.7,715.6,0.0,0.0,0.0,26.0,20.0,26.0,24.0,25.0,25.0,24.0,24.0,24.0,0.50092,25.0,38.0,1233.7191666666668,4441389.0,0.0,0.0,4.96944444444444,3.97555555555556,3.72708333333333,25.0,1821.5,1793.2,1359.0,1296.4,0.0,0.0,0.0,0.0,714.0,2328.0,3.72,9.0,3.72,85.0,0.0,1233.71916666667,0.0,48.5,26.5,26.5,21.5,57.0,27.5,27.5,26.5,27.5,28.0,22.0,22.0,0.0,0.3899999999999863,90.0,24.5,13.798,719.2,29.88,13.952,27.0,-2.5,3.0,0.0,0.0,0.0,22.0,179.0,0.0,28.0,1.0,0.0,825.6,0.0,0.0,0.6000000000000001,9.0,0.0,30.0,0.0,28.0,28.0,350.0,825.6,-50.0,0.0,0.0,0.0,0.0,400.0,0.0,0.0,0.0,0.0,0.0,0.0,47.5,715.6,4.443,0.0,13.7515046,0.21875,13.79241740015254,0.0,1.1792985091388886,1.1793,405.601439,214.2914,0.299127626338761,0.2961659666720406,0.0,0.0002841595738877,16.69733333333333,0.5009199999999999,0.0,-0.073708236080007,29.490000000000013
310.0,13.3,0.7,715.6,0.0,0.0,0.0,26.0,20.0,26.0,24.0,25.0,25.0,24.0,24.0,24.0,0.50092,25.0,38.0,1233.7191666666668,4441389.0,0.0,0.0,4.96944444444444,3.97555555555556,3.72708333333333,25.0,1821.5,1793.2,1359.0,1296.4,0.0,0.0,0.0,0.0,714.0,2328.0,3.72,9.0,3.72,85.0,0.0,1233.71916666667,0.0,48.5,26.5,26.5,21.5,57.0,27.5,27.5,26.5,27.5,28.0,22.0,22.0,0.0,0.3899999999999863,90.0,24.5,13.798,719.2,29.88,13.952,27.0,-2.5,3.0,0.0,0.0,0.0,22.0,179.0,0.0,28.0,1.0,0.0,825.6,0.0,0.0,0.6000000000000001,9.0,0.0,30.0,0.0,28.0,28.0,350.0,825.6,-50.0,0.0,0.0,0.0,0.0,400.0,0.0,0.0,0.0,0.0,0.0,0.0,47.5,715.6,4.443,0.0,13.760294,0.0625,13.79241740015254,0.0,1.1792985091388886,1.1793,405.601439,214.2914,0.299127626338761,0.2961659666720406,0.0,0.0002841595738877,16.69733333333333,0.5009199999999999,0.0,-0.073708236080007,29.490000000000013
311.0,13.3,0.7,715.6,0.0,0.0,0.0,26.0,20.0,26.0,24.0,25.0,25.0,24.0,24.0,24.0,0.50092,25.0,38.0,1233.719722222222,4441391.0,0.0,0.0,4.96944444444444,3.97555555555556,3.72708333333333,25.0,1821.5,1793.2,1359.0,1296.4,0.0,0.0,0.0,0.0,714.0,2328.0,3.72,9.0,3.72,78.0,0.0,1233.71972222222,0.0,48.5,26.5,26.5,21.5,57.0,27.5,27.5,26.5,27.5,28.0,22.0,22.0,0.0,0.2599999999999909,90.0,24.5,13.799,718.2,29.8,13.957,27.0,-3.9,3.0,0.0,0.0,0.0,22.0,179.0,0.0,28.0,1.0,0.0,825.6,0.0,0.0,0.6000000000000001,9.0,0.0,30.0,0.0,28.0,28.0,350.0,825.6,-50.0,0.0,0.0,0.0,0.0,400.0,0.0,0.0,0.0,0.0,0.0,0.0,47.5,715.6,4.443,0.0,13.760294,0.0625,13.703343204621651,0.0,1.1792985091388886,1.1793,405.601439,214.2914,0.2994099979610823,0.2964455425357251,0.0,0.0002795758636844,,0.5009199999999999,0.0,-0.0455982610570819,29.54000000000001
312.0,13.3,0.7,715.6,0.0,0.0,0.0,26.0,20.0,26.0,24.0,25.0,25.0,24.0,24.0,24.0,0.50092,25.0,38.0,1233.719722222222,4441391.0,0.0,0.0,4.96944444444444,3.97555555555556,3.72708333333333,25.0,1821.5,1793.2,1359.0,1296.4,0.0,0.0,0.0,0.0,714.0,2328.0,3.72,9.0,3.72,78.0,0.0,1233.71972222222,0.0,48.5,26.5,26.5,21.5,57.0,27.5,27.5,26.5,27.5,28.0,22.0,22.0,0.0,0.2599999999999909,90.0,24.5,13.799,718.2,29.8,13.957,27.0,-3.9,3.0,0.0,0.0,0.0,22.0,179.0,0.0,28.0,1.0,0.0,825.6,0.0,0.0,0.6000000000000001,9.0,0.0,30.0,0.0,28.0,28.0,350.0,825.6,-50.0,0.0,0.0,0.0,0.0,400.0,0.0,0.0,0.0,0.0,0.0,0.0,47.5,715.6,4.444,0.0,13.7593174,0.0,13.703343204621651,0.0,1.1792985091388886,1.1793,405.601439,214.2914,0.2994099979610823,0.2964455425357251,0.0,0.0002795758636844,,0.5009199999999999,0.0,-0.0455982610570819,29.54000000000001
313.0,13.3,0.7,715.6,0.0,0.0,0.0,26.0,20.0,26.0,24.0,25.0,25.0,24.0,24.0,24.0,0.50092,25.0,38.0,1233.7202777777777,4441393.0,0.0,0.0,4.96944444444444,3.97555555555556,3.72708333333333,25.0,1821.5,1793.2,1359.0,1296.4,0.0,0.0,0.0,0.0,714.0,2328.0,3.72,95.0,3.72,40.0,0.0,1233.72027777778,0.0,48.5,26.5,26.5,21.5,57.0,27.5,27.5,26.5,27.5,28.0,22.0,22.0,0.0,0.2599999999999909,90.0,24.5,13.799,718.2,29.79,13.947,27.0,-4.1000000000000005,3.0,0.0,0.0,0.0,22.0,179.0,0.0,28.0,1.0,0.0,825.6,0.0,0.0,0.6000000000000001,9.0,0.0,30.0,0.0,28.0,28.0,350.0,825.6,-50.0,0.0,0.0,0.0,0.0,400.0,0.0,0.0,0.0,0.0,0.0,0.0,47.5,715.6,4.444,0.0,13.7593174,0.0,13.612230041128957,0.0,1.1792985091388886,1.1793,405.601439,214.2914,0.2996978351224976,0.2967305298242551,0.0,0.0002849872885299,,0.5009199999999999,0.0,-0.0104554233829151,29.53000000000001
314.0,13.3,0.7,715.6,0.0,0.0,0.0,26.0,20.0,26.0,24.0,25.0,25.0,24.0,24.0,24.0,0.50092,25.0,38.0,1233.7202777777777,4441393.0,0.0,0.0,4.96944444444444,3.97555555555556,3.72708333333333,25.0,1821.5,1793.2,1359.0,1296.4,0.0,0.0,0.0,0.0,714.0,2328.0,3.72,95.0,3.72,40.0,0.0,1233.72027777778,0.0,48.5,26.5,26.5,21.5,57.0,27.5,27.5,26.5,27.5,28.0,22.0,22.0,0.0,0.2599999999999909,90.0,24.5,13.799,718.2,29.79,13.947,27.0,-4.1000000000000005,3.0,0.0,0.0,0.0,22.0,179.0,0.0,28.0,1.0,0.0,825.6,0.0,0.0,0.6000000000000001,9.0,0.0,30.0,0.0,28.0,28.0,350.0,825.6,-50.0,0.0,0.0,0.0,0.0,400.0,0.0,0.0,0.0,0.0,0.0,0.0,47.5,715.6,4.443,0.0,13.7422269,0.0,13.612230041128957,0.0,1.1792985091388886,1.1793,405.601439,214.2914,0.2996978351224976,0.2967305298242551,0.0,0.0002849872885299,,0.5009199999999999,0.0,-0.0104554233829151,29.53000000000001
315.0,13.3,0.7,715.6,0.0,0.0,0.0,26.0,20.0,26.0,24.0,25.0,25.0,24.0,24.0,24.0,0.50092,25.0,38.0,1233.7208333333333,4441395.0,0.0,0.0,4.96944444444444,3.97555555555556,3.72708333333333,25.0,1821.5,1793.2,1359.0,1296.4,0.0,0.0,0.0,0.0,714.0,2326.0,3.72,9.0,3.72,85.0,0.0,1233.72083333333,0.0,48.5,26.5,26.5,21.5,57.0,27.5,27.5,26.5,27.5,28.0,22.0,22.0,0.0,0.2599999999999909,90.0,24.5,13.799,718.5,29.74,13.962,27.0,-4.1000000000000005,3.0,0.0,0.0,0.0,22.0,179.0,0.0,28.0,1.0,0.0,825.6,0.0,0.0,0.6000000000000001,9.0,0.0,30.0,0.0,28.0,28.0,350.0,825.6,-50.0,0.0,0.0,0.0,0.0,400.0,0.0,0.0,0.0,0.0,0.0,0.0,47.5,715.6,4.443,0.0,13.7422269,0.0,13.523631097501411,0.0,1.1792985091388886,1.1793,405.601439,214.2914,0.2999876498768342,0.2970174751255784,0.0,0.0002869453013233,,0.5009199999999999,0.0,0.0,29.480000000000008
316.0,13.3,0.7,715.6,0.0,0.0,0.0,26.0,20.0,26.0,24.0,25.0,25.0,24.0,24.0,24.0,0.50092,25.0,38.0,1233.7208333333333,4441395.0,0.0,0.0,4.96944444444444,3.97555555555556,3.72708333333333,25.0,1821.5,1793.2,1359.0,1296.4,0.0,0.0,0.0,0.0,714.0,2326.0,3.72,9.0,3.72,85.0,0.0,1233.72083333333,0.0,48.5,26.5,26.5,21.5,57.0,27.5,27.5,26.5,27.5,28.0,22.0,22.0,0.0,0.2599999999999909,90.0,24.5,13.799,718.5,29.74,13.962,27.0,-4.1000000000000005,3.0,0.0,0.0,0.0,22.0,179.0,0.0,28.0,1.0,0.0,825.6,0.0,0.0,0.6000000000000001,9.0,0.0,30.0,0.0,28.0,28.0,350.0,825.6,-50.0,0.0,0.0,0.0,0.0,400.0,0.0,0.0,0.0,0.0,0.0,0.0,47.5,715.6,4.443,0.0,13.750528,0.0,13.523631097501411,0.0,1.1792985091388886,1.1793,405.601439,214.2914,0.2999876498768342,0.2970174751255784,0.0,0.0002869453013233,,0.5009199999999999,0.0,0.0,29.480000000000008
317.0,13.3,0.8,715.6,0.0,0.0,0.0,26.0,20.0,26.0,24.0,25.0,25.0,24.0,24.0,24.0,0.57248,25.0,38.0,1233.721388888889,4441397.0,0.0,0.0,4.96944444444444,3.97555555555556,3.72708333333333,25.0,1821.5,1793.2,1359.0,1296.4,0.0,30.0,0.0,0.0,714.0,2326.0,3.72,24.0,3.72,77.0,0.0,1233.72138888889,0.0,48.5,26.5,26.5,21.0,57.0,27.5,27.5,26.5,27.5,28.0,22.0,22.0,0.0,0.2900000000000204,90.0,24.5,13.826,718.3000000000001,24.17,13.959,27.0,-2.2,3.0,0.0,0.0,0.0,22.0,179.0,0.0,28.0,1.0,0.0,825.6,0.0,0.0,0.6000000000000001,9.0,0.0,30.0,0.0,28.0,28.0,350.0,825.6,-50.0,0.0,0.0,0.0,0.0,400.0,0.0,0.0,0.0,0.0,0.0,0.0,47.5,715.6,4.443,0.0,13.750528,0.0,13.43893507515094,0.0,1.1792985091388886,1.1793,405.601439,214.2914,0.3003103797685725,0.2973370096718539,0.0,0.0003195345462755,,0.57248,0.0,0.0,23.87999999999998
318.0,13.3,0.8,715.6,0.0,0.0,0.0,26.0,20.0,26.0,24.0,25.0,25.0,24.0,24.0,24.0,0.57248,25.0,38.0,1233.721388888889,4441397.0,0.0,0.0,4.96944444444444,3.97555555555556,3.72708333333333,25.0,1821.5,1793.2,1359.0,1296.4,0.0,30.0,0.0,0.0,714.0,2326.0,3.72,24.0,3.72,77.0,0.0,1233.72138888889,0.0,48.5,26.5,26.5,21.0,57.0,27.5,27.5,26.5,27.5,28.0,22.0,22.0,0.0,0.2900000000000204,90.0,24.5,13.826,718.3000000000001,24.17,13.959,27.0,-2.2,3.0,0.0,0.0,0.0,22.0,179.0,0.0,28.0,1.0,0.0,825.6,0.0,0.0,0.6000000000000001,9.0,0.0,30.0,0.0,28.0,28.0,350.0,825.6,-50.0,0.0,0.0,0.0,0.0,400.0,0.0,0.0,0.0,0.0,0.0,0.0,47.5,714.1,4.442,67.57726000000001,13.7803143,0.0,13.43893507515094,0.0,1.1792985091388886,1.1793,405.601439,214.2914,0.3003103797685725,0.2973370096718539,0.0,0.0003195345462755,,0.57248,0.0,0.0,23.87999999999998
319.0,13.3,25.3,713.5,0.0,0.0,0.0,26.0,20.0,26.0,24.0,25.0,25.0,24.0,24.0,24.0,18.05155,25.0,38.0,1233.7219444444445,4441399.0,0.0,0.0,4.95486111111111,3.96388888888889,3.71614583333333,25.0,1821.5,1793.2,1359.0,1296.4,0.0,914.0,0.0,0.0,711.0,2326.0,3.7,9.0,3.7,63.0,0.0,1233.72194444444,0.0,48.5,26.5,26.5,21.0,57.0,27.5,27.5,26.5,27.5,28.0,22.0,22.0,13.0,0.25,90.0,24.5,13.795,715.5,27.58,13.946,27.0,-9.0,3.0,0.0,0.0,0.0,22.0,179.0,0.0,28.0,1.0,0.0,825.6,0.0,0.0,0.6000000000000001,9.0,0.0,30.0,0.0,28.0,28.0,350.0,825.6,-50.0,0.0,0.0,0.0,0.0,400.0,0.0,0.0,0.0,0.0,0.0,0.0,47.5,714.1,4.442,67.57726000000001,13.7803143,0.0,13.436202013718084,0.0,1.186446170583333,1.186448,405.608587,214.298548,0.310496981172667,0.3074227536363039,0.0,0.0100857439644499,,18.05155,0.0,0.0456431793870057,27.33
320.0,13.3,25.3,713.5,0.0,0.0,0.0,26.0,20.0,26.0,24.0,25.0,25.0,24.0,24.0,24.0,18.05155,25.0,38.0,1233.7219444444445,4441399.0,0.0,0.0,4.95486111111111,3.96388888888889,3.71614583333333,25.0,1821.5,1793.2,1359.0,1296.4,0.0,914.0,0.0,0.0,711.0,2326.0,3.7,9.0,3.7,63.0,0.0,1233.72194444444,0.0,48.5,26.5,26.5,21.0,57.0,27.5,27.5,26.5,27.5,28.0,22.0,22.0,13.0,0.25,90.0,24.5,13.795,715.5,27.58,13.946,27.0,-9.0,3.0,0.0,0.0,0.0,22.0,179.0,0.0,28.0,1.0,0.0,825.6,0.0,0.0,0.6000000000000001,9.0,0.0,30.0,0.0,28.0,28.0,350.0,825.6,-50.0,0.0,0.0,0.0,0.0,400.0,0.0,0.0,0.0,0.0,0.0,0.0,47.5,711.9000000000001,4.443,73.72952500000001,13.750528,16.59375,13.436202013718084,0.0,1.186446170583333,1.186448,405.608587,214.298548,0.310496981172667,0.3074227536363039,0.0,0.0100857439644499,,18.05155,0.0,0.0456431793870057,27.33
321.0,13.4,45.3,711.4,0.0,0.0,0.0,26.0,20.0,26.0,24.0,25.0,25.0,24.0,24.0,24.0,32.22642,25.0,38.0,1233.7225,4441401.0,0.0,0.0,4.94027777777778,3.95222222222222,3.70520833333333,25.0,1821.5,1793.2,1359.0,1296.4,0.0,1874.0,0.0,0.0,709.0,2326.0,3.7,9.0,3.7,78.0,0.0,1233.7225,0.0,48.5,26.5,26.5,21.5,57.0,27.5,27.5,26.5,27.5,28.0,22.0,22.0,25.0,0.1999999999999886,90.0,24.5,13.797,713.1,27.22,13.941,27.0,2.9000000000000004,3.0,0.0,0.0,0.0,22.0,179.0,0.0,28.0,1.0,0.0,825.6,0.0,0.0,0.6000000000000001,9.0,0.0,30.0,0.0,28.0,28.0,350.0,825.6,-50.0,0.0,0.0,0.0,0.0,400.0,0.0,0.0,0.0,0.0,0.0,0.0,47.5,711.9000000000001,4.443,73.72952500000001,13.750528,16.59375,13.50646196073799,0.0,1.199940944194444,1.199943,405.622082,214.312043,0.3278607638980456,0.3246146177208373,0.4033957231364825,0.0171918640845333,247.8955384615384,32.22642,0.0,0.0890965945872721,27.02000000000001
322.0,13.4,45.3,711.4,0.0,0.0,0.0,26.0,20.0,26.0,24.0,25.0,25.0,24.0,24.0,24.0,32.22642,25.0,38.0,1233.7225,4441401.0,0.0,0.0,4.94027777777778,3.95222222222222,3.70520833333333,25.0,1821.5,1793.2,1359.0,1296.4,0.0,1874.0,0.0,0.0,709.0,2326.0,3.7,9.0,3.7,78.0,0.0,1233.7225,0.0,48.5,26.5,26.5,21.5,57.0,27.5,27.5,26.5,27.5,28.0,22.0,22.0,25.0,0.1999999999999886,90.0,24.5,13.797,713.1,27.22,13.941,27.0,2.9000000000000004,3.0,0.0,0.0,0.0,22.0,179.0,0.0,28.0,1.0,0.0,825.6,0.0,0.0,0.6000000000000001,9.0,0.0,30.0,0.0,28.0,28.0,350.0,825.6,-50.0,0.0,0.0,0.0,0.0,400.0,0.0,0.0,0.0,0.0,0.0,0.0,47.5,709.7,4.444,69.432705,13.7510163,28.234375,13.50646196073799,0.0,1.199940944194444,1.199943,405.622082,214.312043,0.3278607638980456,0.3246146177208373,0.4033957231364825,0.0171918640845333,247.8955384615384,32.22642,0.0,0.0890965945872721,27.02000000000001
323.0,13.4,65.8,709.2,0.0,0.0,0.0,26.0,20.0,26.0,24.0,25.0,25.0,24.0,24.0,24.0,46.66536,25.0,38.0,1233.7230555555554,4441403.0,0.0,0.0,4.925,3.94,3.69375,25.0,1821.5,1793.2,1359.0,1296.4,0.0,2761.0,0.0,0.0,707.0,2320.0,3.68,11.0,3.68,77.0,0.0,1233.72305555556,0.0,48.5,26.5,26.5,21.0,57.0,27.5,27.5,26.5,27.5,28.0,22.0,22.0,36.0,0.1399999999999863,90.0,24.5,13.798,711.4000000000001,26.75,13.94,27.0,-2.7,3.0,0.0,0.0,0.0,22.0,179.0,0.0,28.0,1.0,0.0,825.6,0.0,0.0,0.6000000000000001,9.0,0.0,30.0,0.0,28.0,28.0,350.0,825.6,-50.0,0.0,0.0,0.0,0.0,400.0,0.0,0.0,0.0,0.0,0.0,0.0,47.5,709.7,4.444,69.432705,13.7510163,28.234375,13.643342742287556,0.0,1.219522914194444,1.219525,405.641664,214.331625,0.3533865525540987,0.3498876757961373,0.5357292861342975,0.0252730580753,186.66144,46.66536,0.0,0.1297808850594818,26.610000000000014
324.0,13.4,65.8,709.2,0.0,0.0,0.0,26.0,20.0,26.0,24.0,25.0,25.0,24.0,24.0,24.0,46.66536,25.0,38.0,1233.7230555555554,4441403.0,0.0,0.0,4.925,3.94,3.69375,25.0,1821.5,1793.2,1359.0,1296.4,0.0,2761.0,0.0,0.0,707.0,2320.0,3.68,11.0,3.68,77.0,0.0,1233.72305555556,0.0,48.5,26.5,26.5,21.0,57.0,27.5,27.5,26.5,27.5,28.0,22.0,22.0,36.0,0.1399999999999863,90.0,24.5,13.798,711.4000000000001,26.75,13.94,27.0,-2.7,3.0,0.0,0.0,0.0,22.0,179.0,0.0,28.0,1.0,0.0,825.6,0.0,0.0,0.6000000000000001,9.0,0.0,30.0,0.0,28.0,28.0,350.0,825.6,-50.0,0.0,0.0,0.0,0.0,400.0,0.0,0.0,0.0,0.0,0.0,0.0,47.5,709.2,4.443,67.4307775,13.7515046,36.0,13.643342742287556,0.0,1.219522914194444,1.219525,405.641664,214.331625,0.3533865525540987,0.3498876757961373,0.5357292861342975,0.0252730580753,186.66144,46.66536,0.0,0.1297808850594818,26.610000000000014
325.0,13.4,57.7,709.5,0.0,0.0,0.0,26.0,20.0,26.0,24.0,25.0,25.0,24.0,24.0,24.0,40.93815,25.0,38.0,1233.723611111111,4441405.0,0.0,0.0,4.92708333333333,3.94166666666667,3.6953125,25.0,1821.5,1793.3,1359.0,1296.4,0.0,3528.0,0.0,0.0,707.0,2320.0,3.68,11.0,3.68,150.0,0.0,1233.72361111111,0.0,48.5,26.5,26.5,21.0,57.0,27.5,27.5,26.5,27.5,28.0,22.0,22.0,45.0,0.2599999999999909,90.0,24.5,13.808,710.2,25.02,13.944,27.0,5.2,3.0,0.0,0.0,0.0,22.0,179.0,0.0,28.0,1.0,0.0,825.6,0.0,0.0,0.6000000000000001,9.0,0.0,30.0,0.0,28.0,28.0,350.0,825.6,-50.0,0.0,0.0,0.0,0.0,400.0,0.0,0.0,0.0,0.0,0.0,0.0,47.5,709.2,4.443,67.4307775,13.7515046,36.0,13.834127743083355,0.0,1.244146235444444,1.244148,405.666287,214.356248,0.3761314873665712,0.3724074132342289,0.8793753503761164,0.0225197374380916,113.71708333333332,40.93815,0.0,0.1623579190940615,24.76000000000001
326.0,13.4,57.7,709.5,0.0,0.0,0.0,26.0,20.0,26.0,24.0,25.0,25.0,24.0,24.0,24.0,40.93815,25.0,38.0,1233.723611111111,4441405.0,0.0,0.0,4.92708333333333,3.94166666666667,3.6953125,25.0,1821.5,1793.3,1359.0,1296.4,0.0,3528.0,0.0,0.0,707.0,2320.0,3.68,11.0,3.68,150.0,0.0,1233.72361111111,0.0,48.5,26.5,26.5,21.0,57.0,27.5,27.5,26.5,27.5,28.0,22.0,22.0,45.0,0.2599999999999909,90.0,24.5,13.808,710.2,25.02,13.944,27.0,5.2,3.0,0.0,0.0,0.0,22.0,179.0,0.0,28.0,1.0,0.0,825.6,0.0,0.0,0.6000000000000001,9.0,0.0,30.0,0.0,28.0,28.0,350.0,825.6,-50.0,0.0,0.0,0.0,0.0,400.0,0.0,0.0,0.0,0.0,0.0,0.0,47.5,706.7,4.443,67.57726000000001,13.7612706,44.0,13.834127743083355,0.0,1.244146235444444,1.244148,405.666287,214.356248,0.3761314873665712,0.3724074132342289,0.8793753503761164,0.0225197374380916,113.71708333333332,40.93815,0.0,0.1623579190940615,24.76000000000001
327.0,13.4,78.1,707.1,0.0,0.0,0.0,26.0,20.0,26.0,24.0,25.0,25.0,24.0,24.0,24.0,55.22451,25.0,38.0,1233.7241666666666,4441407.0,0.0,0.0,4.91041666666667,3.92833333333333,3.6828125,25.0,1821.5,1793.3,1359.0,1296.5,0.0,4215.0,0.0,0.0,705.0,2320.0,3.68,20.0,3.68,78.0,0.0,1233.72416666667,0.0,48.5,26.5,26.5,21.0,57.0,27.5,27.5,26.5,27.5,28.0,22.0,22.0,54.0,0.2599999999999909,90.0,24.5,13.809,709.6,25.34,13.94,27.0,-0.9,3.0,0.0,0.0,0.0,22.0,179.0,0.0,28.0,1.0,0.0,825.6,0.0,0.0,0.6000000000000001,9.0,0.0,30.0,0.0,28.0,28.0,350.0,825.6,-50.0,0.0,0.0,0.0,0.0,400.0,0.0,0.0,0.0,0.0,0.0,0.0,47.5,706.7,4.443,67.57726000000001,13.7612706,44.0,14.075660477463051,0.0,1.2735262269444438,1.273528,405.695667,214.385628,0.4067796538276443,0.4027521325026181,0.8148555777135914,0.0303447192683891,122.72113333333331,55.224509999999995,0.0,0.1483147114999761,25.08000000000001
328.0,13.4,78.1,707.1,0.0,0.0,0.0,26.0,20.0,26.0,24.0,25.0,25.0,24.0,24.0,24.0,55.22451,25.0,38.0,1233.7241666666666,4441407.0,0.0,0.0,4.91041666666667,3.92833333333333,3.6828125,25.0,1821.5,1793.3,1359.0,1296.5,0.0,4215.0,0.0,0.0,705.0,2320.0,3.68,20.0,3.68,78.0,0.0,1233.72416666667,0.0,48.5,26.5,26.5,21.0,57.0,27.5,27.5,26.5,27.5,28.0,22.0,22.0,54.0,0.2599999999999909,90.0,24.5,13.809,709.6,25.34,13.94,27.0,-0.9,3.0,0.0,0.0,0.0,22.0,179.0,0.0,28.0,1.0,0.0,825.6,0.0,0.0,0.6000000000000001,9.0,0.0,30.0,0.0,28.0,28.0,350.0,825.6,-50.0,0.0,0.0,0.0,0.0,400.0,0.0,0.0,0.0,0.0,0.0,0.0,47.5,708.2,4.443,64.1105075,13.7612706,56.1875,14.075660477463051,0.0,1.2735262269444438,1.273528,405.695667,214.385628,0.4067796538276443,0.4027521325026181,0.8148555777135914,0.0303447192683891,122.72113333333331,55.224509999999995,0.0,0.1483147114999761,25.08000000000001
329.0,13.3,53.7,708.8,0.0,0.0,0.0,26.0,20.0,26.0,24.0,25.0,25.0,24.0,24.0,24.0,38.06256,25.0,38.0,1233.7247222222222,4441409.0,0.0,0.0,4.92222222222222,3.93777777777778,3.69166666666667,25.0,1821.5,1793.3,1359.0,1296.5,0.0,4662.0,0.0,0.0,707.0,2320.0,3.68,11.0,3.68,78.0,0.0,1233.72472222222,0.0,48.5,26.5,26.5,21.0,57.0,28.0,27.5,26.5,28.0,28.0,22.0,22.0,59.0,0.2599999999999909,90.0,24.5,13.808,714.0,25.15,13.943,27.0,0.2,3.0,0.0,0.0,0.0,22.0,179.0,0.0,28.0,1.0,0.0,825.6,0.0,0.0,0.6000000000000001,9.0,0.0,30.0,0.0,28.0,28.0,350.0,825.6,-50.0,0.0,0.0,0.0,0.0,400.0,0.0,0.0,0.0,0.0,0.0,0.0,47.5,708.2,4.443,64.1105075,13.7612706,56.1875,14.351096948053474,0.0,1.306456988444444,1.306459,405.728598,214.418559,0.4276543847662805,0.4234201829369114,1.418716975421517,0.0206680504342933,70.48622222222221,38.06256,0.0,0.1220190351048183,24.890000000000008
330.0,13.3,53.7,708.8,0.0,0.0,0.0,26.0,20.0,26.0,24.0,25.0,25.0,24.0,24.0,24.0,38.06256,25.0,38.0,1233.7247222222222,4441409.0,0.0,0.0,4.92222222222222,3.93777777777778,3.69166666666667,25.0,1821.5,1793.3,1359.0,1296.5,0.0,4662.0,0.0,0.0,707.0,2320.0,3.68,11.0,3.68,78.0,0.0,1233.72472222222,0.0,48.5,26.5,26.5,21.0,57.0,28.0,27.5,26.5,28.0,28.0,22.0,22.0,59.0,0.2599999999999909,90.0,24.5,13.808,714.0,25.15,13.943,27.0,0.2,3.0,0.0,0.0,0.0,22.0,179.0,0.0,28.0,1.0,0.0,825.6,0.0,0.0,0.6000000000000001,9.0,0.0,30.0,0.0,28.0,28.0,350.0,825.6,-50.0,0.0,0.0,0.0,0.0,400.0,0.0,0.0,0.0,0.0,0.0,0.0,47.5,712.2,4.443,44.1888875,13.7612706,56.0,14.351096948053474,0.0,1.306456988444444,1.306459,405.728598,214.418559,0.4276543847662805,0.4234201829369114,1.418716975421517,0.0206680504342933,70.48622222222221,38.06256,0.0,0.1220190351048183,24.890000000000008
331.0,13.3,5.2,713.1,0.0,0.0,0.0,27.0,20.0,26.0,24.0,25.0,25.0,24.0,24.0,24.0,3.70812,25.0,38.0,1233.7252777777778,4441411.0,0.0,0.0,4.95208333333333,3.96166666666667,3.7140625,25.0,1821.5,1793.3,1359.0,1296.5,0.0,4649.0,0.0,0.0,711.0,2320.0,3.7,9.0,3.7,40.0,0.0,1233.72527777778,0.0,48.5,26.5,26.5,21.0,58.0,28.0,27.5,26.5,28.0,28.0,22.0,22.0,58.0,0.2599999999999909,90.0,24.5,13.808,717.6,25.63,13.952,27.0,-1.2000000000000002,3.0,0.0,0.0,0.0,22.0,179.0,0.0,28.0,1.0,0.0,825.6,0.0,0.0,0.6000000000000001,9.0,0.0,30.0,0.0,28.0,28.0,350.0,825.6,-50.0,0.0,0.0,0.0,0.0,400.0,0.0,0.0,0.0,0.0,0.0,0.0,47.5,712.2,4.443,44.1888875,13.7612706,56.0,14.614130021008464,0.0,1.3384680487777771,1.33847,405.760609,214.45057,0.4297105803307728,0.4254560201294781,15.911027690581747,0.0020358371925666,6.284949152542374,3.708120000000001,0.0,0.1220190351048183,25.370000000000008
332.0,13.3,5.2,713.1,0.0,0.0,0.0,27.0,20.0,26.0,24.0,25.0,25.0,24.0,24.0,24.0,3.70812,25.0,38.0,1233.7252777777778,4441411.0,0.0,0.0,4.95208333333333,3.96166666666667,3.7140625,25.0,1821.5,1793.3,1359.0,1296.5,0.0,4649.0,0.0,0.0,711.0,2320.0,3.7,9.0,3.7,40.0,0.0,1233.72527777778,0.0,48.5,26.5,26.5,21.0,58.0,28.0,27.5,26.5,28.0,28.0,22.0,22.0,58.0,0.2599999999999909,90.0,24.5,13.808,717.6,25.63,13.952,27.0,-1.2000000000000002,3.0,0.0,0.0,0.0,22.0,179.0,0.0,28.0,1.0,0.0,825.6,0.0,0.0,0.6000000000000001,9.0,0.0,30.0,0.0,28.0,28.0,350.0,825.6,-50.0,0.0,0.0,0.0,0.0,400.0,0.0,0.0,0.0,0.0,0.0,0.0,47.5,715.1,4.443,24.706715,13.760294,57.65625,14.614130021008464,0.0,1.3384680487777771,1.33847,405.760609,214.45057,0.4297105803307728,0.4254560201294781,15.911027690581747,0.0020358371925666,6.284949152542374,3.708120000000001,0.0,0.1220190351048183,25.370000000000008
333.0,13.4,-19.0,715.5,0.0,0.0,0.0,27.0,20.0,26.0,24.0,25.0,25.0,24.0,24.0,24.0,-13.5945,25.0,38.0,1233.7258333333334,4441413.0,0.0,0.0,4.96875,3.975,3.7265625,25.0,1821.5,1793.3,1359.0,1296.5,0.0,4289.0,0.0,0.0,714.0,2306.0,3.72,9.0,3.72,40.0,0.0,1233.72583333333,0.0,48.5,26.5,26.5,21.0,58.0,28.0,27.5,26.5,28.0,28.0,22.0,22.0,53.0,0.2599999999999909,90.0,24.5,13.809,720.3000000000001,28.42,13.942,27.0,3.2,3.0,0.0,0.0,0.0,22.0,179.0,0.0,28.0,1.0,0.0,825.6,0.0,0.0,0.6000000000000001,9.0,0.0,30.0,0.0,28.0,28.0,350.0,825.6,-50.0,0.0,0.0,0.0,0.0,400.0,0.0,0.0,0.0,0.0,0.0,0.0,47.5,715.1,4.443,24.706715,13.760294,57.65625,14.850148602533892,0.0,1.3684986658611105,1.368501,405.79064,214.480601,0.4219388303721303,0.4177612181902281,-4.266431277354813,-0.00769480193925,-23.438793103448276,-13.5945,0.0,,28.16000000000001
334.0,13.4,-19.0,715.5,0.0,0.0,0.0,27.0,20.0,26.0,24.0,25.0,25.0,24.0,24.0,24.0,-13.5945,25.0,38.0,1233.7258333333334,4441413.0,0.0,0.0,4.96875,3.975,3.7265625,25.0,1821.5,1793.3,1359.0,1296.5,0.0,4289.0,0.0,0.0,714.0,2306.0,3.72,9.0,3.72,40.0,0.0,1233.72583333333,0.0,48.5,26.5,26.5,21.0,58.0,28.0,27.5,26.5,28.0,28.0,22.0,22.0,53.0,0.2599999999999909,90.0,24.5,13.809,720.3000000000001,28.42,13.942,27.0,3.2,3.0,0.0,0.0,0.0,22.0,179.0,0.0,28.0,1.0,0.0,825.6,0.0,0.0,0.6000000000000001,9.0,0.0,30.0,0.0,28.0,28.0,350.0,825.6,-50.0,0.0,0.0,0.0,0.0,400.0,0.0,0.0,0.0,0.0,0.0,0.0,47.5,719.0,4.443,10.5955675,13.740762,48.0,14.850148602533892,0.0,1.3684986658611105,1.368501,405.79064,214.480601,0.4219388303721303,0.4177612181902281,-4.266431277354813,-0.00769480193925,-23.438793103448276,-13.5945,0.0,,28.16000000000001
335.0,13.3,-53.0,719.1,0.0,0.0,0.0,27.0,20.0,26.0,24.0,25.0,25.0,24.0,24.0,24.0,-38.1123,25.0,38.0,1233.7263888888888,4441415.0,0.0,0.0,4.99375,3.995,3.7453125,25.0,1821.6,1793.3,1359.0,1296.5,0.0,3416.0,0.0,0.0,717.0,2306.0,3.74,9.0,3.74,40.0,0.0,1233.72638888889,0.0,48.5,26.5,26.5,21.0,58.0,28.0,27.5,26.5,28.0,29.0,22.0,22.0,41.0,0.2599999999999909,90.0,24.5,13.781,722.0,29.7,13.936,27.0,1.5,3.0,0.0,0.0,0.0,22.0,179.0,0.0,28.0,1.0,0.0,825.6,0.0,0.0,0.6000000000000001,9.0,0.0,30.0,0.0,28.0,28.0,350.0,825.6,-50.0,0.0,0.0,0.0,0.0,400.0,0.0,0.0,0.0,0.0,0.0,0.0,47.5,719.0,4.443,10.5955675,13.740762,48.0,15.005298328445484,0.0,1.391049551916666,1.391052,405.813191,214.503152,0.4001022001087974,0.3961407921869281,-1.3906271728549575,-0.0216204260033,-71.91000000000001,-38.112300000000005,0.0,-0.0459483220630213,29.44000000000001
336.0,13.3,-53.0,719.1,0.0,0.0,0.0,27.0,20.0,26.0,24.0,25.0,25.0,24.0,24.0,24.0,-38.1123,25.0,38.0,1233.7263888888888,4441415.0,0.0,0.0,4.99375,3.995,3.7453125,25.0,1821.6,1793.3,1359.0,1296.5,0.0,3416.0,0.0,0.0,717.0,2306.0,3.74,9.0,3.74,40.0,0.0,1233.72638888889,0.0,48.5,26.5,26.5,21.0,58.0,28.0,27.5,26.5,28.0,29.0,22.0,22.0,41.0,0.2599999999999909,90.0,24.5,13.781,722.0,29.7,13.936,27.0,1.5,3.0,0.0,0.0,0.0,22.0,179.0,0.0,28.0,1.0,0.0,825.6,0.0,0.0,0.6000000000000001,9.0,0.0,30.0,0.0,28.0,28.0,350.0,825.6,-50.0,0.0,0.0,0.0,0.0,400.0,0.0,0.0,0.0,0.0,0.0,0.0,47.5,718.9000000000001,4.442,0.0,13.7217183,36.0,15.005298328445484,0.0,1.391049551916666,1.391052,405.813191,214.503152,0.4001022001087974,0.3961407921869281,-1.3906271728549575,-0.0216204260033,-71.91000000000001,-38.112300000000005,0.0,-0.0459483220630213,29.44000000000001
337.0,13.3,-39.3,718.5,0.0,0.0,0.0,27.0,20.0,26.0,24.0,25.0,25.0,24.0,24.0,24.0,-28.23705,25.0,38.0,1233.7269444444444,4441417.0,0.0,0.0,4.98958333333333,3.99166666666667,3.7421875,25.0,1821.6,1793.3,1359.0,1296.5,0.0,2357.0,0.0,0.0,717.0,2306.0,3.74,9.0,3.74,77.0,0.0,1233.72694444444,0.0,48.5,26.5,26.5,21.0,58.0,28.0,27.5,26.5,28.0,28.0,22.0,22.0,27.0,0.2599999999999909,90.0,24.5,13.789,721.3000000000001,31.34,13.946,27.0,3.4000000000000004,3.0,0.0,0.0,0.0,22.0,179.0,0.0,28.0,1.0,0.0,825.6,0.0,0.0,0.6000000000000001,9.0,0.0,30.0,0.0,28.0,28.0,350.0,825.6,-50.0,0.0,0.0,0.0,0.0,400.0,0.0,0.0,0.0,0.0,0.0,0.0,47.5,718.9000000000001,4.442,0.0,13.7217183,36.0,15.077656808033083,0.0,1.4062406631666662,1.406243,405.828382,214.518343,0.3844245644792028,0.3806183806724781,-1.451993037516313,-0.0155224115144499,-68.87085365853657,-28.23705,0.0,-0.1128566862073388,31.08000000000001
338.0,13.3,-39.3,718.5,0.0,0.0,0.0,27.0,20.0,26.0,24.0,25.0,25.0,24.0,24.0,24.0,-28.23705,25.0,38.0,1233.7269444444444,4441417.0,0.0,0.0,4.98958333333333,3.99166666666667,3.7421875,25.0,1821.6,1793.3,1359.0,1296.5,0.0,2357.0,0.0,0.0,717.0,2306.0,3.74,9.0,3.74,77.0,0.0,1233.72694444444,0.0,48.5,26.5,26.5,21.0,58.0,28.0,27.5,26.5,28.0,28.0,22.0,22.0,27.0,0.2599999999999909,90.0,24.5,13.789,721.3000000000001,31.34,13.946,27.0,3.4000000000000004,3.0,0.0,0.0,0.0,22.0,179.0,0.0,28.0,1.0,0.0,825.6,0.0,0.0,0.6000000000000001,9.0,0.0,30.0,0.0,28.0,28.0,350.0,825.6,-50.0,0.0,0.0,0.0,0.0,400.0,0.0,0.0,0.0,0.0,0.0,0.0,47.5,717.7,4.443,0.0,13.7612706,24.53125,15.077656808033083,0.0,1.4062406631666662,1.406243,405.828382,214.518343,0.3844245644792028,0.3806183806724781,-1.451993037516313,-0.0155224115144499,-68.87085365853657,-28.23705,0.0,-0.1128566862073388,31.08000000000001
339.0,13.3,-23.2,717.4,0.0,0.0,0.0,27.0,20.0,26.0,24.0,25.0,25.0,24.0,24.0,24.0,-16.64368,25.0,38.0,1233.7275,4441419.0,0.0,0.0,4.98194444444444,3.98555555555556,3.73645833333333,25.0,1821.6,1793.3,1359.0,1296.5,0.0,1183.0,0.0,0.0,716.0,2306.0,3.72,9.0,3.72,49.0,0.0,1233.7275,0.0,48.5,26.5,26.5,21.0,58.0,28.0,27.5,26.5,28.0,28.0,22.0,22.0,12.0,0.5099999999999909,90.0,24.5,13.806,719.7,29.79,13.946,27.0,0.1,3.0,0.0,0.0,0.0,22.0,179.0,0.0,28.0,1.0,0.0,825.6,0.0,0.0,0.6000000000000001,9.0,0.0,30.0,0.0,28.0,28.0,350.0,825.6,-50.0,0.0,0.0,0.0,0.0,400.0,0.0,0.0,0.0,0.0,0.0,0.0,47.5,717.7,4.443,0.0,13.7612706,24.53125,15.059493054314329,0.0,1.4128851764999997,1.412888,405.835027,214.524988,0.3749930229128291,0.3712802207057714,-1.6222373898080231,-0.0093381599667066,-61.64325925925927,-16.64368,0.0,-0.1620440842671691,29.28000000000001
340.0,13.3,-23.2,717.4,0.0,0.0,0.0,27.0,20.0,26.0,24.0,25.0,25.0,24.0,24.0,24.0,-16.64368,25.0,38.0,1233.7275,4441419.0,0.0,0.0,4.98194444444444,3.98555555555556,3.73645833333333,25.0,1821.6,1793.3,1359.0,1296.5,0.0,1183.0,0.0,0.0,716.0,2306.0,3.72,9.0,3.72,49.0,0.0,1233.7275,0.0,48.5,26.5,26.5,21.0,58.0,28.0,27.5,26.5,28.0,28.0,22.0,22.0,12.0,0.5099999999999909,90.0,24.5,13.806,719.7,29.79,13.946,27.0,0.1,3.0,0.0,0.0,0.0,22.0,179.0,0.0,28.0,1.0,0.0,825.6,0.0,0.0,0.6000000000000001,9.0,0.0,30.0,0.0,28.0,28.0,350.0,825.6,-50.0,0.0,0.0,0.0,0.0,400.0,0.0,0.0,0.0,0.0,0.0,0.0,47.5,715.8000000000001,4.443,0.0,13.740762,8.375,15.059493054314329,0.0,1.4128851764999997,1.412888,405.835027,214.524988,0.3749930229128291,0.3712802207057714,-1.6222373898080231,-0.0093381599667066,-61.64325925925927,-16.64368,0.0,-0.1620440842671691,29.28000000000001
341.0,13.3,0.1,715.4,0.0,0.0,0.0,27.0,20.0,26.0,24.0,25.0,25.0,24.0,24.0,24.0,0.07154,25.0,38.0,1233.7280555555556,4441421.0,0.0,0.0,4.96805555555556,3.97444444444444,3.72604166666667,25.0,1821.6,1793.3,1359.0,1296.5,0.0,70.0,0.0,0.0,714.0,2326.0,3.72,9.0,3.72,49.0,0.0,1233.72805555556,0.0,48.5,26.5,26.5,21.0,58.0,28.0,27.5,26.5,28.0,29.0,22.0,22.0,0.0,0.0099999999999909,90.0,24.5,13.79,718.4000000000001,30.58,13.949,27.0,1.6,3.0,0.0,0.0,0.0,22.0,179.0,0.0,28.0,1.0,0.0,825.6,0.0,0.0,0.6000000000000001,9.0,0.0,30.0,0.0,28.0,28.0,350.0,825.6,-50.0,0.0,0.0,0.0,0.0,400.0,0.0,0.0,0.0,0.0,0.0,0.0,47.5,715.8000000000001,4.443,0.0,13.740762,8.375,14.97196182944582,0.0,1.4128851764999997,1.412888,405.835027,214.524988,0.3750320240414912,0.3713188356846447,167.73832820799552,3.8614978873333336e-05,0.5961666666666666,0.07154,0.0,-0.1882177079297775,30.570000000000007
342.0,13.3,0.1,715.4,0.0,0.0,0.0,27.0,20.0,26.0,24.0,25.0,25.0,24.0,24.0,24.0,0.07154,25.0,38.0,1233.7280555555556,4441421.0,0.0,0.0,4.96805555555556,3.97444444444444,3.72604166666667,25.0,1821.6,1793.3,1359.0,1296.5,0.0,70.0,0.0,0.0,714.0,2326.0,3.72,9.0,3.72,49.0,0.0,1233.72805555556,0.0,48.5,26.5,26.5,21.0,58.0,28.0,27.5,26.5,28.0,29.0,22.0,22.0,0.0,0.0099999999999909,90.0,24.5,13.79,718.4000000000001,30.58,13.949,27.0,1.6,3.0,0.0,0.0,0.0,22.0,179.0,0.0,28.0,1.0,0.0,825.6,0.0,0.0,0.6000000000000001,9.0,0.0,30.0,0.0,28.0,28.0,350.0,825.6,-50.0,0.0,0.0,0.0,0.0,400.0,0.0,0.0,0.0,0.0,0.0,0.0,47.5,715.3000000000001,4.443,0.0,13.770548300000002,0.109375,14.97196182944582,0.0,1.4128851764999997,1.412888,405.835027,214.524988,0.3750320240414912,0.3713188356846447,167.73832820799552,3.8614978873333336e-05,0.5961666666666666,0.07154,0.0,-0.1882177079297775,30.570000000000007
343.0,13.3,0.7,715.3,0.0,0.0,0.0,27.0,20.0,26.0,24.0,25.0,25.0,24.0,24.0,24.0,0.50071,25.0,38.0,1233.7286111111111,4441423.0,0.0,0.0,4.96736111111111,3.97388888888889,3.72552083333333,25.0,1821.6,1793.3,1359.0,1296.5,0.0,0.0,0.0,0.0,713.0,2326.0,3.72,24.0,3.72,77.0,0.0,1233.72861111111,0.0,48.5,26.5,26.5,21.5,57.0,28.0,27.5,26.5,28.0,29.0,22.0,22.0,0.0,0.5099999999999909,90.0,24.5,13.808,718.4000000000001,28.09,13.963,27.0,20.6,3.0,0.0,0.0,0.0,22.0,179.0,0.0,28.0,1.0,0.0,825.6,0.0,0.0,0.6000000000000001,9.0,0.0,30.0,0.0,28.0,28.0,350.0,825.6,-50.0,0.0,0.0,0.0,0.0,400.0,0.0,0.0,0.0,0.0,0.0,0.0,47.5,715.3000000000001,4.443,0.0,13.770548300000002,0.109375,14.882436539648008,0.0,1.4128851764999997,1.412888,405.835027,214.524988,0.3753181641990823,0.3716021427713686,0.0,0.0002833070867238,0.5961666666666666,0.5007099999999999,0.0,-0.1444793481363183,27.58000000000001
344.0,13.3,0.7,715.3,0.0,0.0,0.0,27.0,20.0,26.0,24.0,25.0,25.0,24.0,24.0,24.0,0.50071,25.0,38.0,1233.7286111111111,4441423.0,0.0,0.0,4.96736111111111,3.97388888888889,3.72552083333333,25.0,1821.6,1793.3,1359.0,1296.5,0.0,0.0,0.0,0.0,713.0,2326.0,3.72,24.0,3.72,77.0,0.0,1233.72861111111,0.0,48.5,26.5,26.5,21.5,57.0,28.0,27.5,26.5,28.0,29.0,22.0,22.0,0.0,0.5099999999999909,90.0,24.5,13.808,718.4000000000001,28.09,13.963,27.0,20.6,3.0,0.0,0.0,0.0,22.0,179.0,0.0,28.0,1.0,0.0,825.6,0.0,0.0,0.6000000000000001,9.0,0.0,30.0,0.0,28.0,28.0,350.0,825.6,-50.0,0.0,0.0,0.0,0.0,400.0,0.0,0.0,0.0,0.0,0.0,0.0,47.5,715.3000000000001,4.443,0.0,13.7417386,0.0,14.882436539648008,0.0,1.4128851764999997,1.412888,405.835027,214.524988,0.3753181641990823,0.3716021427713686,0.0,0.0002833070867238,0.5961666666666666,0.5007099999999999,0.0,-0.1444793481363183,27.58000000000001
345.0,13.3,0.7,715.3,0.0,0.0,0.0,27.0,20.0,26.0,24.0,25.0,25.0,24.0,24.0,24.0,0.50071,25.0,38.0,1233.7291666666667,4441425.0,0.0,0.0,4.96736111111111,3.97388888888889,3.72552083333333,25.0,1821.6,1793.3,1359.0,1296.5,0.0,0.0,0.0,0.0,713.0,2326.0,3.72,9.0,3.72,49.0,0.0,1233.72916666667,0.0,48.5,26.5,26.5,21.5,57.0,28.0,27.5,26.5,28.0,28.0,22.0,22.0,0.0,0.0099999999999909,90.0,24.5,13.791,717.9000000000001,30.85,13.95,27.0,12.5,3.0,0.0,0.0,0.0,22.0,179.0,0.0,28.0,1.0,0.0,825.6,0.0,0.0,0.6000000000000001,9.0,0.0,30.0,0.0,28.0,28.0,350.0,825.6,-50.0,0.0,0.0,0.0,0.0,400.0,0.0,0.0,0.0,0.0,0.0,0.0,47.5,715.3000000000001,4.443,0.0,13.7417386,0.0,14.796846893373434,0.0,1.4128851764999997,1.412888,405.835027,214.524988,0.3756005174065517,0.3718817004025264,0.0,0.0002795576311577,,0.5007099999999999,0.0,-0.0957301136198896,30.84000000000001
346.0,13.3,0.7,715.3,0.0,0.0,0.0,27.0,20.0,26.0,24.0,25.0,25.0,24.0,24.0,24.0,0.50071,25.0,38.0,1233.7291666666667,4441425.0,0.0,0.0,4.96736111111111,3.97388888888889,3.72552083333333,25.0,1821.6,1793.3,1359.0,1296.5,0.0,0.0,0.0,0.0,713.0,2326.0,3.72,9.0,3.72,49.0,0.0,1233.72916666667,0.0,48.5,26.5,26.5,21.5,57.0,28.0,27.5,26.5,28.0,28.0,22.0,22.0,0.0,0.0099999999999909,90.0,24.5,13.791,717.9000000000001,30.85,13.95,27.0,12.5,3.0,0.0,0.0,0.0,22.0,179.0,0.0,28.0,1.0,0.0,825.6,0.0,0.0,0.6000000000000001,9.0,0.0,30.0,0.0,28.0,28.0,350.0,825.6,-50.0,0.0,0.0,0.0,0.0,400.0,0.0,0.0,0.0,0.0,0.0,0.0,47.5,715.3000000000001,4.444,0.0,13.7612706,0.0,14.796846893373434,0.0,1.4128851764999997,1.412888,405.835027,214.524988,0.3756005174065517,0.3718817004025264,0.0,0.0002795576311577,,0.5007099999999999,0.0,-0.0957301136198896,30.84000000000001
347.0,13.3,0.8,715.3,0.0,0.0,0.0,27.0,20.0,26.0,24.0,25.0,25.0,24.0,24.0,24.0,0.57224,25.0,38.0,1233.7297222222223,4441427.0,0.0,0.0,4.96736111111111,3.97388888888889,3.72552083333333,25.0,1821.6,1793.3,1359.0,1296.5,0.0,0.0,0.0,0.0,713.0,2326.0,3.72,20.0,3.72,77.0,0.0,1233.72972222222,0.0,48.5,26.5,26.5,21.5,57.0,28.0,27.5,26.5,28.0,29.0,22.0,22.0,0.0,0.5099999999999909,90.0,24.5,13.81,718.1,27.94,13.95,27.0,5.300000000000001,3.0,0.0,0.0,0.0,22.0,179.0,0.0,28.0,1.0,0.0,825.6,0.0,0.0,0.6000000000000001,9.0,0.0,30.0,0.0,28.0,28.0,350.0,825.6,-50.0,0.0,0.0,0.0,0.0,400.0,0.0,0.0,0.0,0.0,0.0,0.0,47.5,715.3000000000001,4.444,0.0,13.7612706,0.0,14.71070767089842,0.0,1.4128851764999997,1.412888,405.835027,214.524988,0.3759188282236468,0.3721968596273731,0.0,0.0003151592248466,,0.57224,0.0,-0.042435554922199,27.43000000000001
348.0,13.3,0.8,715.3,0.0,0.0,0.0,27.0,20.0,26.0,24.0,25.0,25.0,24.0,24.0,24.0,0.57224,25.0,38.0,1233.7297222222223,4441427.0,0.0,0.0,4.96736111111111,3.97388888888889,3.72552083333333,25.0,1821.6,1793.3,1359.0,1296.5,0.0,0.0,0.0,0.0,713.0,2326.0,3.72,20.0,3.72,77.0,0.0,1233.72972222222,0.0,48.5,26.5,26.5,21.5,57.0,28.0,27.5,26.5,28.0,29.0,22.0,22.0,0.0,0.5099999999999909,90.0,24.5,13.81,718.1,27.94,13.95,27.0,5.300000000000001,3.0,0.0,0.0,0.0,22.0,179.0,0.0,28.0,1.0,0.0,825.6,0.0,0.0,0.6000000000000001,9.0,0.0,30.0,0.0,28.0,28.0,350.0,825.6,-50.0,0.0,0.0,0.0,0.0,400.0,0.0,0.0,0.0,0.0,0.0,0.0,47.5,715.3000000000001,4.443,0.0,13.7422269,0.0,14.71070767089842,0.0,1.4128851764999997,1.412888,405.835027,214.524988,0.3759188282236468,0.3721968596273731,0.0,0.0003151592248466,,0.57224,0.0,-0.042435554922199,27.43000000000001
349.0,13.3,0.6,715.3,0.0,0.0,0.0,27.0,20.0,26.0,24.0,25.0,25.0,24.0,24.0,24.0,0.42918,25.0,38.0,1233.7302777777777,4441429.0,0.0,0.0,4.96736111111111,3.97388888888889,3.72552083333333,25.0,1821.6,1793.3,1359.0,1296.5,0.0,0.0,0.0,0.0,713.0,2326.0,3.72,9.0,3.72,77.0,0.0,1233.73027777778,0.0,48.5,26.5,26.5,21.5,57.0,28.0,27.5,26.5,28.0,29.0,22.0,22.0,0.0,0.0,90.0,24.5,13.793,718.2,31.08,13.947,27.0,-1.5,3.0,0.0,0.0,0.0,22.0,179.0,0.0,28.0,1.0,0.0,825.6,0.0,0.0,0.6000000000000001,9.0,0.0,30.0,0.0,28.0,28.0,350.0,825.6,-50.0,0.0,0.0,0.0,0.0,400.0,0.0,0.0,0.0,0.0,0.0,0.0,47.5,715.3000000000001,4.443,0.0,13.7422269,0.0,14.625773435555653,0.0,1.4128851764999997,1.412888,405.835027,214.524988,0.3761606623937254,0.3724362993997281,0.0,0.0002394397723549,,0.4291799999999999,0.0,0.0,31.08
350.0,13.3,0.6,715.3,0.0,0.0,0.0,27.0,20.0,26.0,24.0,25.0,25.0,24.0,24.0,24.0,0.42918,25.0,38.0,1233.7302777777777,4441429.0,0.0,0.0,4.96736111111111,3.97388888888889,3.72552083333333,25.0,1821.6,1793.3,1359.0,1296.5,0.0,0.0,0.0,0.0,713.0,2326.0,3.72,9.0,3.72,77.0,0.0,1233.73027777778,0.0,48.5,26.5,26.5,21.5,57.0,28.0,27.5,26.5,28.0,29.0,22.0,22.0,0.0,0.0,90.0,24.5,13.793,718.2,31.08,13.947,27.0,-1.5,3.0,0.0,0.0,0.0,22.0,179.0,0.0,28.0,1.0,0.0,825.6,0.0,0.0,0.6000000000000001,9.0,0.0,30.0,0.0,28.0,28.0,350.0,825.6,-50.0,0.0,0.0,0.0,0.0,400.0,0.0,0.0,0.0,0.0,0.0,0.0,47.5,715.3000000000001,4.443,0.0,13.750528,0.0,14.625773435555653,0.0,1.4128851764999997,1.412888,405.835027,214.524988,0.3761606623937254,0.3724362993997281,0.0,0.0002394397723549,,0.4291799999999999,0.0,0.0,31.08
351.0,13.3,0.8,715.3,0.0,0.0,0.0,27.0,20.0,26.0,24.0,25.0,25.0,24.0,24.0,24.0,0.57224,25.0,38.0,1233.7308333333333,4441431.0,0.0,0.0,4.96736111111111,3.97388888888889,3.72552083333333,25.0,1821.6,1793.3,1359.0,1296.5,0.0,0.0,0.0,0.0,713.0,2320.0,3.72,9.0,3.72,49.0,0.0,1233.73083333333,0.0,48.5,26.5,26.5,21.5,57.0,28.0,27.5,26.5,28.0,28.0,22.0,22.0,0.0,0.3199999999999932,90.0,24.5,13.81,717.7,31.06,13.95,27.0,-1.2000000000000002,3.0,0.0,0.0,0.0,22.0,179.0,0.0,28.0,1.0,0.0,825.6,0.0,0.0,0.6000000000000001,9.0,0.0,30.0,0.0,28.0,28.0,350.0,825.6,-50.0,0.0,0.0,0.0,0.0,400.0,0.0,0.0,0.0,0.0,0.0,0.0,47.5,715.3000000000001,4.443,0.0,13.750528,0.0,14.540171960728577,0.0,1.4128851764999997,1.412888,405.835027,214.524988,0.3764878259411738,0.3727602237041325,0.0,0.0003239243044044,,0.57224,0.0,0.0,30.740000000000006
352.0,13.3,0.8,715.3,0.0,0.0,0.0,27.0,20.0,26.0,24.0,25.0,25.0,24.0,24.0,24.0,0.57224,25.0,38.0,1233.7308333333333,4441431.0,0.0,0.0,4.96736111111111,3.97388888888889,3.72552083333333,25.0,1821.6,1793.3,1359.0,1296.5,0.0,0.0,0.0,0.0,713.0,2320.0,3.72,9.0,3.72,49.0,0.0,1233.73083333333,0.0,48.5,26.5,26.5,21.5,57.0,28.0,27.5,26.5,28.0,28.0,22.0,22.0,0.0,0.3199999999999932,90.0,24.5,13.81,717.7,31.06,13.95,27.0,-1.2000000000000002,3.0,0.0,0.0,0.0,22.0,179.0,0.0,28.0,1.0,0.0,825.6,0.0,0.0,0.6000000000000001,9.0,0.0,30.0,0.0,28.0,28.0,350.0,825.6,-50.0,0.0,0.0,0.0,0.0,400.0,0.0,0.0,0.0,0.0,0.0,0.0,47.5,715.3000000000001,4.443,0.0,13.760294,0.0,14.540171960728577,0.0,1.4128851764999997,1.412888,405.835027,214.524988,0.3764878259411738,0.3727602237041325,0.0,0.0003239243044044,,0.57224,0.0,0.0,30.740000000000006
353.0,13.4,0.7,715.3,0.0,0.0,0.0,27.0,20.0,26.0,24.0,25.0,25.0,24.0,24.0,24.0,0.50071,25.0,38.0,1233.731388888889,4441433.0,0.0,0.0,4.96736111111111,3.97388888888889,3.72552083333333,25.0,1821.6,1793.3,1359.0,1296.5,0.0,0.0,0.0,0.0,713.0,2320.0,3.72,9.0,3.72,78.0,0.0,1233.73138888889,0.0,48.5,26.5,26.5,21.5,57.0,28.0,27.5,26.5,28.0,29.0,22.0,22.0,0.0,0.1999999999999886,90.0,24.5,13.792,717.7,27.82,13.969,27.0,-0.2,3.0,0.0,0.0,0.0,22.0,179.0,0.0,28.0,1.0,0.0,825.6,0.0,0.0,0.6000000000000001,9.0,0.0,30.0,0.0,28.0,28.0,350.0,825.6,-50.0,0.0,0.0,0.0,0.0,400.0,0.0,0.0,0.0,0.0,0.0,0.0,47.5,715.3000000000001,4.443,0.0,13.760294,0.0,14.456467496149989,0.0,1.4128851764999997,1.412888,405.835027,214.524988,0.3767702709643922,0.3730398722419725,0.0,0.0002796485378399,,0.5007099999999999,0.0,0.0,27.62000000000001
354.0,13.4,0.7,715.3,0.0,0.0,0.0,27.0,20.0,26.0,24.0,25.0,25.0,24.0,24.0,24.0,0.50071,25.0,38.0,1233.731388888889,4441433.0,0.0,0.0,4.96736111111111,3.97388888888889,3.72552083333333,25.0,1821.6,1793.3,1359.0,1296.5,0.0,0.0,0.0,0.0,713.0,2320.0,3.72,9.0,3.72,78.0,0.0,1233.73138888889,0.0,48.5,26.5,26.5,21.5,57.0,28.0,27.5,26.5,28.0,29.0,22.0,22.0,0.0,0.1999999999999886,90.0,24.5,13.792,717.7,27.82,13.969,27.0,-0.2,3.0,0.0,0.0,0.0,22.0,179.0,0.0,28.0,1.0,0.0,825.6,0.0,0.0,0.6000000000000001,9.0,0.0,30.0,0.0,28.0,28.0,350.0,825.6,-50.0,0.0,0.0,0.0,0.0,400.0,0.0,0.0,0.0,0.0,0.0,0.0,47.5,715.3000000000001,4.443,0.0,13.7593174,0.0,14.456467496149989,0.0,1.4128851764999997,1.412888,405.835027,214.524988,0.3767702709643922,0.3730398722419725,0.0,0.0002796485378399,,0.5007099999999999,0.0,0.0,27.62000000000001
355.0,13.3,0.7,715.3,0.0,0.0,0.0,27.0,20.0,26.0,24.0,25.0,25.0,24.0,24.0,24.0,0.50071,25.0,38.0,1233.7319444444445,4441435.0,0.0,0.0,4.96736111111111,3.97388888888889,3.72552083333333,25.0,1821.6,1793.3,1359.0,1296.5,0.0,0.0,0.0,0.0,713.0,2320.0,3.72,9.0,3.72,78.0,0.0,1233.73194444444,0.0,48.5,26.5,26.5,21.5,57.0,28.0,27.5,26.5,28.0,28.0,22.0,22.0,0.0,0.3100000000000023,90.0,24.5,13.81,717.9000000000001,31.05,13.955,27.0,-3.2,3.0,0.0,0.0,0.0,22.0,179.0,0.0,28.0,1.0,0.0,825.6,0.0,0.0,0.6000000000000001,9.0,0.0,30.0,0.0,28.0,28.0,350.0,825.6,-50.0,0.0,0.0,0.0,0.0,400.0,0.0,0.0,0.0,0.0,0.0,0.0,47.5,715.3000000000001,4.443,0.0,13.7593174,0.0,14.37522224213733,0.0,1.4128851764999997,1.412888,405.835027,214.524988,0.3770528079016936,0.373319611783855,0.0,0.0002797395418824,,0.5007099999999999,0.0,0.0,30.74
356.0,13.3,0.7,715.3,0.0,0.0,0.0,27.0,20.0,26.0,24.0,25.0,25.0,24.0,24.0,24.0,0.50071,25.0,38.0,1233.7319444444445,4441435.0,0.0,0.0,4.96736111111111,3.97388888888889,3.72552083333333,25.0,1821.6,1793.3,1359.0,1296.5,0.0,0.0,0.0,0.0,713.0,2320.0,3.72,9.0,3.72,78.0,0.0,1233.73194444444,0.0,48.5,26.5,26.5,21.5,57.0,28.0,27.5,26.5,28.0,28.0,22.0,22.0,0.0,0.3100000000000023,90.0,24.5,13.81,717.9000000000001,31.05,13.955,27.0,-3.2,3.0,0.0,0.0,0.0,22.0,179.0,0.0,28.0,1.0,0.0,825.6,0.0,0.0,0.6000000000000001,9.0,0.0,30.0,0.0,28.0,28.0,350.0,825.6,-50.0,0.0,0.0,0.0,0.0,400.0,0.0,0.0,0.0,0.0,0.0,0.0,47.5,715.3000000000001,4.441,0.0,13.760294,0.0,14.37522224213733,0.0,1.4128851764999997,1.412888,405.835027,214.524988,0.3770528079016936,0.373319611783855,0.0,0.0002797395418824,,0.5007099999999999,0.0,0.0,30.74
357.0,13.4,0.7,715.3,0.0,0.0,0.0,27.0,20.0,26.0,24.0,25.0,25.0,24.0,24.0,24.0,0.50071,25.0,38.0,1233.7325,4441437.0,0.0,0.0,4.96736111111111,3.97388888888889,3.72552083333333,25.0,1821.6,1793.3,1359.0,1296.5,0.0,0.0,0.0,0.0,713.0,2320.0,3.72,9.0,3.72,49.0,0.0,1233.7325,0.0,48.5,26.5,26.5,21.5,57.0,28.0,27.5,26.5,28.0,28.0,22.0,22.0,0.0,0.1999999999999886,90.0,24.5,13.79,718.2,27.82,13.955,28.0,-3.4000000000000004,3.0,0.0,0.0,0.0,22.0,179.0,0.0,28.0,1.0,0.0,825.6,0.0,0.0,0.6000000000000001,9.0,0.0,30.0,0.0,28.0,28.0,350.0,825.6,-50.0,0.0,0.0,0.0,0.0,400.0,0.0,0.0,0.0,0.0,0.0,0.0,47.5,715.3000000000001,4.441,0.0,13.760294,0.0,14.29480221251451,0.0,1.4128851764999997,1.412888,405.835027,214.524988,0.3773314312629304,0.3735954764979509,0.0,0.0002758647140958,,0.5007099999999999,0.0,0.0,27.62000000000001
358.0,13.4,0.7,715.3,0.0,0.0,0.0,27.0,20.0,26.0,24.0,25.0,25.0,24.0,24.0,24.0,0.50071,25.0,38.0,1233.7325,4441437.0,0.0,0.0,4.96736111111111,3.97388888888889,3.72552083333333,25.0,1821.6,1793.3,1359.0,1296.5,0.0,0.0,0.0,0.0,713.0,2320.0,3.72,9.0,3.72,49.0,0.0,1233.7325,0.0,48.5,26.5,26.5,21.5,57.0,28.0,27.5,26.5,28.0,28.0,22.0,22.0,0.0,0.1999999999999886,90.0,24.5,13.79,718.2,27.82,13.955,28.0,-3.4000000000000004,3.0,0.0,0.0,0.0,22.0,179.0,0.0,28.0,1.0,0.0,825.6,0.0,0.0,0.6000000000000001,9.0,0.0,30.0,0.0,28.0,28.0,350.0,825.6,-50.0,0.0,0.0,0.0,0.0,400.0,0.0,0.0,0.0,0.0,0.0,0.0,47.5,715.4000000000001,4.442,0.0,13.7422269,0.0,14.29480221251451,0.0,1.4128851764999997,1.412888,405.835027,214.524988,0.3773314312629304,0.3735954764979509,0.0,0.0002758647140958,,0.5007099999999999,0.0,0.0,27.62000000000001
359.0,13.3,0.7,715.4,0.0,0.0,0.0,27.0,20.0,26.0,24.0,25.0,25.0,24.0,24.0,24.0,0.50078,25.0,38.0,1233.7330555555557,4441439.0,0.0,0.0,4.96805555555556,3.97444444444444,3.72604166666667,25.0,1821.6,1793.3,1359.0,1296.5,0.0,0.0,0.0,0.0,714.0,2317.0,3.72,9.0,3.72,40.0,0.0,1233.73305555556,0.0,48.5,26.5,26.5,21.5,58.0,28.0,27.5,26.5,28.0,29.0,22.0,22.0,0.0,0.3199999999999932,90.0,24.5,13.809,718.2,31.31,13.957,28.0,-3.3000000000000003,3.0,0.0,0.0,0.0,22.0,179.0,0.0,28.0,1.0,0.0,825.6,0.0,0.0,0.6000000000000001,9.0,0.0,30.0,0.0,28.0,28.0,350.0,825.6,-50.0,0.0,0.0,0.0,0.0,400.0,0.0,0.0,0.0,0.0,0.0,0.0,47.5,715.4000000000001,4.442,0.0,13.7422269,0.0,14.214360755431157,0.0,1.4128851764999997,1.412888,405.835027,214.524988,0.3776131289492104,0.3738743850982281,0.0,0.0002789086002772,,0.50078,0.0,0.0,30.990000000000006
360.0,13.3,0.7,715.4,0.0,0.0,0.0,27.0,20.0,26.0,24.0,25.0,25.0,24.0,24.0,24.0,0.50078,25.0,38.0,1233.7330555555557,4441439.0,0.0,0.0,4.96805555555556,3.97444444444444,3.72604166666667,25.0,1821.6,1793.3,1359.0,1296.5,0.0,0.0,0.0,0.0,714.0,2317.0,3.72,9.0,3.72,40.0,0.0,1233.73305555556,0.0,48.5,26.5,26.5,21.5,58.0,28.0,27.5,26.5,28.0,29.0,22.0,22.0,0.0,0.3199999999999932,90.0,24.5,13.809,718.2,31.31,13.957,28.0,-3.3000000000000003,3.0,0.0,0.0,0.0,22.0,179.0,0.0,28.0,1.0,0.0,825.6,0.0,0.0,0.6000000000000001,9.0,0.0,30.0,0.0,28.0,28.0,350.0,825.6,-50.0,0.0,0.0,0.0,0.0,400.0,0.0,0.0,0.0,0.0,0.0,0.0,47.5,715.4000000000001,4.443,0.0,13.7695717,0.0,14.214360755431157,0.0,1.4128851764999997,1.412888,405.835027,214.524988,0.3776131289492104,0.3738743850982281,0.0,0.0002789086002772,,0.50078,0.0,0.0,30.990000000000006
361.0,13.3,0.7,715.4,0.0,0.0,0.0,27.0,20.0,26.0,24.0,25.0,25.0,24.0,24.0,24.0,0.50078,25.0,38.0,1233.733611111111,4441441.0,0.0,0.0,4.96805555555556,3.97444444444444,3.72604166666667,25.0,1821.6,1793.3,1359.0,1296.5,0.0,0.0,0.0,0.0,713.0,2317.0,3.72,9.0,3.72,77.0,0.0,1233.73361111111,0.0,48.5,26.5,26.5,21.5,58.0,28.0,27.5,26.5,28.0,29.0,22.0,22.0,0.0,0.1899999999999977,90.0,24.5,13.791,718.2,28.18,13.97,28.0,-0.7000000000000001,3.0,0.0,0.0,0.0,22.0,179.0,0.0,28.0,1.0,0.0,825.6,0.0,0.0,0.6000000000000001,9.0,0.0,30.0,0.0,28.0,28.0,350.0,825.6,-50.0,0.0,0.0,0.0,0.0,400.0,0.0,0.0,0.0,0.0,0.0,0.0,47.5,715.4000000000001,4.443,0.0,13.7695717,0.0,14.135565051113344,0.0,1.4128851764999997,1.412888,405.835027,214.524988,0.3778957867612314,0.3741542443180509,0.0,0.0002798592198227,,0.50078,0.0,0.0,27.990000000000002
362.0,13.3,0.7,715.4,0.0,0.0,0.0,27.0,20.0,26.0,24.0,25.0,25.0,24.0,24.0,24.0,0.50078,25.0,38.0,1233.733611111111,4441441.0,0.0,0.0,4.96805555555556,3.97444444444444,3.72604166666667,25.0,1821.6,1793.3,1359.0,1296.5,0.0,0.0,0.0,0.0,713.0,2317.0,3.72,9.0,3.72,77.0,0.0,1233.73361111111,0.0,48.5,26.5,26.5,21.5,58.0,28.0,27.5,26.5,28.0,29.0,22.0,22.0,0.0,0.1899999999999977,90.0,24.5,13.791,718.2,28.18,13.97,28.0,-0.7000000000000001,3.0,0.0,0.0,0.0,22.0,179.0,0.0,28.0,1.0,0.0,825.6,0.0,0.0,0.6000000000000001,9.0,0.0,30.0,0.0,28.0,28.0,350.0,825.6,-50.0,0.0,0.0,0.0,0.0,400.0,0.0,0.0,0.0,0.0,0.0,0.0,47.5,715.4000000000001,4.443,0.0,13.7695717,0.0,14.135565051113344,0.0,1.4128851764999997,1.412888,405.835027,214.524988,0.3778957867612314,0.3741542443180509,0.0,0.0002798592198227,,0.50078,0.0,0.0,27.990000000000002
363.0,13.3,0.7,715.4,0.0,0.0,0.0,27.0,20.0,26.0,24.0,25.0,25.0,24.0,24.0,24.0,0.50078,25.0,38.0,1233.7341666666666,4441443.0,0.0,0.0,4.96805555555556,3.97444444444444,3.72604166666667,25.0,1821.6,1793.3,1359.0,1296.5,0.0,0.0,0.0,0.0,713.0,2317.0,3.72,9.0,3.72,49.0,0.0,1233.73416666667,0.0,48.5,26.5,26.5,21.5,58.0,28.0,27.5,26.5,28.0,29.0,22.0,22.0,0.0,0.5,90.0,24.5,13.809,718.2,27.82,13.958,28.0,-1.8,3.0,0.0,0.0,0.0,22.0,179.0,0.0,28.0,1.0,0.0,825.6,0.0,0.0,0.6000000000000001,9.0,0.0,30.0,0.0,28.0,28.0,350.0,825.6,-50.0,0.0,0.0,0.0,0.0,400.0,0.0,0.0,0.0,0.0,0.0,0.0,47.5,715.4000000000001,4.443,0.0,13.7695717,0.0,14.058268032388352,0.0,1.4128851764999997,1.412888,405.835027,214.524988,0.3781739318923518,0.374429635536982,0.0,0.0002753912189311,,0.50078,0.0,0.0,27.32
364.0,13.3,0.7,715.4,0.0,0.0,0.0,27.0,20.0,26.0,24.0,25.0,25.0,24.0,24.0,24.0,0.50078,25.0,38.0,1233.7341666666666,4441443.0,0.0,0.0,4.96805555555556,3.97444444444444,3.72604166666667,25.0,1821.6,1793.3,1359.0,1296.5,0.0,0.0,0.0,0.0,713.0,2317.0,3.72,9.0,3.72,49.0,0.0,1233.73416666667,0.0,48.5,26.5,26.5,21.5,58.0,28.0,27.5,26.5,28.0,29.0,22.0,22.0,0.0,0.5,90.0,24.5,13.809,718.2,27.82,13.958,28.0,-1.8,3.0,0.0,0.0,0.0,22.0,179.0,0.0,28.0,1.0,0.0,825.6,0.0,0.0,0.6000000000000001,9.0,0.0,30.0,0.0,28.0,28.0,350.0,825.6,-50.0,0.0,0.0,0.0,0.0,400.0,0.0,0.0,0.0,0.0,0.0,0.0,47.5,715.4000000000001,4.443,0.0,13.7422269,0.0,14.058268032388352,0.0,1.4128851764999997,1.412888,405.835027,214.524988,0.3781739318923518,0.374429635536982,0.0,0.0002753912189311,,0.50078,0.0,0.0,27.32
365.0,13.4,0.7,715.4,0.0,0.0,0.0,27.0,20.0,26.0,24.0,25.0,25.0,24.0,24.0,24.0,0.50078,25.0,38.0,1233.7347222222222,4441445.0,0.0,0.0,4.96805555555556,3.97444444444444,3.72604166666667,25.0,1821.6,1793.3,1359.0,1296.5,0.0,0.0,0.0,0.0,714.0,2317.0,3.72,9.0,3.72,40.0,0.0,1233.73472222222,0.0,48.5,26.5,26.5,21.5,58.0,28.0,27.5,26.5,28.0,29.0,22.0,22.0,0.0,0.0,90.0,24.5,13.791,718.2,31.74,13.957,28.0,-3.5,3.0,0.0,0.0,0.0,22.0,179.0,0.0,28.0,1.0,0.0,825.6,0.0,0.0,0.6000000000000001,9.0,0.0,30.0,0.0,28.0,28.0,350.0,825.6,-50.0,0.0,0.0,0.0,0.0,400.0,0.0,0.0,0.0,0.0,0.0,0.0,47.5,715.4000000000001,4.443,0.0,13.7422269,0.0,13.981666113347035,0.0,1.4128851764999997,1.412888,405.835027,214.524988,0.3784526983556852,0.374705641936322,0.0,0.00027600639934,,0.50078,0.0,0.0,31.74
366.0,13.4,0.7,715.4,0.0,0.0,0.0,27.0,20.0,26.0,24.0,25.0,25.0,24.0,24.0,24.0,0.50078,25.0,38.0,1233.7347222222222,4441445.0,0.0,0.0,4.96805555555556,3.97444444444444,3.72604166666667,25.0,1821.6,1793.3,1359.0,1296.5,0.0,0.0,0.0,0.0,714.0,2317.0,3.72,9.0,3.72,40.0,0.0,1233.73472222222,0.0,48.5,26.5,26.5,21.5,58.0,28.0,27.5,26.5,28.0,29.0,22.0,22.0,0.0,0.0,90.0,24.5,13.791,718.2,31.74,13.957,28.0,-3.5,3.0,0.0,0.0,0.0,22.0,179.0,0.0,28.0,1.0,0.0,825.6,0.0,0.0,0.6000000000000001,9.0,0.0,30.0,0.0,28.0,28.0,350.0,825.6,-50.0,0.0,0.0,0.0,0.0,400.0,0.0,0.0,0.0,0.0,0.0,0.0,47.5,715.4000000000001,4.443,0.0,13.7612706,0.0,13.981666113347035,0.0,1.4128851764999997,1.412888,405.835027,214.524988,0.3784526983556852,0.374705641936322,0.0,0.00027600639934,,0.50078,0.0,0.0,31.74
367.0,13.3,0.7,715.4,0.0,0.0,0.0,27.0,20.0,26.0,24.0,25.0,25.0,24.0,24.0,24.0,0.50078,25.0,38.0,1233.7352777777778,4441447.0,0.0,0.0,4.96805555555556,3.97444444444444,3.72604166666667,25.0,1821.6,1793.3,1359.0,1296.5,0.0,0.0,0.0,0.0,714.0,2317.0,3.72,24.0,3.72,40.0,0.0,1233.73527777778,0.0,48.5,26.5,26.5,21.5,58.0,28.0,27.5,26.5,28.0,29.0,22.0,22.0,0.0,0.5,90.0,24.5,13.807,718.2,28.15,13.979,27.0,-3.6,3.0,0.0,0.0,0.0,22.0,179.0,0.0,28.0,1.0,0.0,825.6,0.0,0.0,0.6000000000000001,9.0,0.0,30.0,0.0,28.0,28.0,350.0,825.6,-50.0,0.0,0.0,0.0,0.0,400.0,0.0,0.0,0.0,0.0,0.0,0.0,47.5,715.4000000000001,4.443,0.0,13.7612706,0.0,13.905884309954503,0.0,1.4128851764999997,1.412888,405.835027,214.524988,0.3787303171022024,0.3749805119823786,0.0,0.0002748700460566,,0.50078,0.0,0.0,27.65
368.0,13.3,0.7,715.4,0.0,0.0,0.0,27.0,20.0,26.0,24.0,25.0,25.0,24.0,24.0,24.0,0.50078,25.0,38.0,1233.7352777777778,4441447.0,0.0,0.0,4.96805555555556,3.97444444444444,3.72604166666667,25.0,1821.6,1793.3,1359.0,1296.5,0.0,0.0,0.0,0.0,714.0,2317.0,3.72,24.0,3.72,40.0,0.0,1233.73527777778,0.0,48.5,26.5,26.5,21.5,58.0,28.0,27.5,26.5,28.0,29.0,22.0,22.0,0.0,0.5,90.0,24.5,13.807,718.2,28.15,13.979,27.0,-3.6,3.0,0.0,0.0,0.0,22.0,179.0,0.0,28.0,1.0,0.0,825.6,0.0,0.0,0.6000000000000001,9.0,0.0,30.0,0.0,28.0,28.0,350.0,825.6,-50.0,0.0,0.0,0.0,0.0,400.0,0.0,0.0,0.0,0.0,0.0,0.0,47.5,715.4000000000001,4.443,0.0,13.7495514,0.0,13.905884309954503,0.0,1.4128851764999997,1.412888,405.835027,214.524988,0.3787303171022024,0.3749805119823786,0.0,0.0002748700460566,,0.50078,0.0,0.0,27.65
369.0,13.3,0.7,715.4,0.0,0.0,0.0,27.0,20.0,26.0,24.0,25.0,25.0,24.0,24.0,24.0,0.50078,25.0,38.0,1233.7358333333334,4441449.0,0.0,0.0,4.96805555555556,3.97444444444444,3.72604166666667,25.0,1821.6,1793.3,1359.0,1296.5,0.0,0.0,0.0,0.0,714.0,2318.0,3.72,9.0,3.72,85.0,0.0,1233.73583333333,0.0,48.5,26.5,26.5,21.5,58.0,28.0,27.5,26.5,28.0,29.0,22.0,22.0,0.0,0.0,90.0,24.5,13.793,718.2,31.59,13.968,28.0,-4.4,3.0,0.0,0.0,0.0,22.0,179.0,0.0,28.0,1.0,0.0,825.6,0.0,0.0,0.6000000000000001,9.0,0.0,30.0,0.0,28.0,28.0,350.0,825.6,-50.0,0.0,0.0,0.0,0.0,400.0,0.0,0.0,0.0,0.0,0.0,0.0,47.5,715.4000000000001,4.443,0.0,13.7495514,0.0,13.830060909427008,0.0,1.4128851764999997,1.412888,405.835027,214.524988,0.3790127494593115,0.3752601479795164,0.0,0.0002796359971377,,0.50078,0.0,0.0,31.59
370.0,13.3,0.7,715.4,0.0,0.0,0.0,27.0,20.0,26.0,24.0,25.0,25.0,24.0,24.0,24.0,0.50078,25.0,38.0,1233.7358333333334,4441449.0,0.0,0.0,4.96805555555556,3.97444444444444,3.72604166666667,25.0,1821.6,1793.3,1359.0,1296.5,0.0,0.0,0.0,0.0,714.0,2318.0,3.72,9.0,3.72,85.0,0.0,1233.73583333333,0.0,48.5,26.5,26.5,21.5,58.0,28.0,27.5,26.5,28.0,29.0,22.0,22.0,0.0,0.0,90.0,24.5,13.793,718.2,31.59,13.968,28.0,-4.4,3.0,0.0,0.0,0.0,22.0,179.0,0.0,28.0,1.0,0.0,825.6,0.0,0.0,0.6000000000000001,9.0,0.0,30.0,0.0,28.0,28.0,350.0,825.6,-50.0,0.0,0.0,0.0,0.0,400.0,0.0,0.0,0.0,0.0,0.0,0.0,47.5,715.4000000000001,4.44,0.0,13.7612706,0.0,13.830060909427008,0.0,1.4128851764999997,1.412888,405.835027,214.524988,0.3790127494593115,0.3752601479795164,0.0,0.0002796359971377,,0.50078,0.0,0.0,31.59
371.0,13.3,0.8,715.4,0.0,0.0,0.0,27.0,20.0,26.0,24.0,25.0,25.0,24.0,24.0,24.0,0.57232,25.0,38.0,1233.736388888889,4441451.0,0.0,0.0,4.96805555555556,3.97444444444444,3.72604166666667,25.0,1821.6,1793.3,1359.0,1296.5,0.0,0.0,0.0,0.0,714.0,2318.0,3.72,9.0,3.72,40.0,0.0,1233.73638888889,0.0,48.5,26.5,26.5,21.5,58.0,28.0,27.5,26.5,28.0,29.0,22.0,22.0,0.0,0.5099999999999909,90.0,24.5,13.808,718.2,28.0,13.95,28.0,-4.2,3.0,0.0,0.0,0.0,22.0,179.0,0.0,28.0,1.0,0.0,825.6,0.0,0.0,0.6000000000000001,9.0,0.0,30.0,0.0,28.0,28.0,350.0,825.6,-50.0,0.0,0.0,0.0,0.0,400.0,0.0,0.0,0.0,0.0,0.0,0.0,47.5,715.4000000000001,4.44,0.0,13.7612706,0.0,13.756345314248447,0.0,1.4128851764999997,1.412888,405.835027,214.524988,0.3793306697349956,0.3755749205296986,0.0,0.0003147725501822,,0.57232,0.0,0.0,27.49000000000001
372.0,13.3,0.8,715.4,0.0,0.0,0.0,27.0,20.0,26.0,24.0,25.0,25.0,24.0,24.0,24.0,0.57232,25.0,38.0,1233.736388888889,4441451.0,0.0,0.0,4.96805555555556,3.97444444444444,3.72604166666667,25.0,1821.6,1793.3,1359.0,1296.5,0.0,0.0,0.0,0.0,714.0,2318.0,3.72,9.0,3.72,40.0,0.0,1233.73638888889,0.0,48.5,26.5,26.5,21.5,58.0,28.0,27.5,26.5,28.0,29.0,22.0,22.0,0.0,0.5099999999999909,90.0,24.5,13.808,718.2,28.0,13.95,28.0,-4.2,3.0,0.0,0.0,0.0,22.0,179.0,0.0,28.0,1.0,0.0,825.6,0.0,0.0,0.6000000000000001,9.0,0.0,30.0,0.0,28.0,28.0,350.0,825.6,-50.0,0.0,0.0,0.0,0.0,400.0,0.0,0.0,0.0,0.0,0.0,0.0,47.5,715.5,4.443,0.0,13.7417386,0.0,13.756345314248447,0.0,1.4128851764999997,1.412888,405.835027,214.524988,0.3793306697349956,0.3755749205296986,0.0,0.0003147725501822,,0.57232,0.0,0.0,27.49000000000001
373.0,13.4,0.7,715.4,0.0,0.0,0.0,27.0,20.0,26.0,24.0,25.0,25.0,24.0,24.0,24.0,0.50078,25.0,38.0,1233.7369444444444,4441453.0,0.0,0.0,4.96805555555556,3.97444444444444,3.72604166666667,25.0,1821.6,1793.3,1359.0,1296.5,0.0,0.0,0.0,0.0,714.0,2318.0,3.72,24.0,3.72,40.0,0.0,1233.73694444444,0.0,48.5,26.5,26.5,21.5,58.0,28.0,27.5,26.5,28.0,29.0,22.0,22.0,0.0,0.0,90.0,24.5,13.792,718.3000000000001,31.12,13.956,28.0,-4.5,3.0,0.0,0.0,0.0,22.0,179.0,0.0,28.0,1.0,0.0,825.6,0.0,0.0,0.6000000000000001,9.0,0.0,30.0,0.0,28.0,28.0,350.0,825.6,-50.0,0.0,0.0,0.0,0.0,400.0,0.0,0.0,0.0,0.0,0.0,0.0,47.5,715.5,4.443,0.0,13.7417386,0.0,13.6827623006568,0.0,1.4128851764999997,1.412888,405.835027,214.524988,0.3796088742118845,0.3758503705068163,0.0,0.0002754499771177,,0.50078,0.0,0.0,31.12
374.0,13.4,0.7,715.4,0.0,0.0,0.0,27.0,20.0,26.0,24.0,25.0,25.0,24.0,24.0,24.0,0.50078,25.0,38.0,1233.7369444444444,4441453.0,0.0,0.0,4.96805555555556,3.97444444444444,3.72604166666667,25.0,1821.6,1793.3,1359.0,1296.5,0.0,0.0,0.0,0.0,714.0,2318.0,3.72,24.0,3.72,40.0,0.0,1233.73694444444,0.0,48.5,26.5,26.5,21.5,58.0,28.0,27.5,26.5,28.0,29.0,22.0,22.0,0.0,0.0,90.0,24.5,13.792,718.3000000000001,31.12,13.956,28.0,-4.5,3.0,0.0,0.0,0.0,22.0,179.0,0.0,28.0,1.0,0.0,825.6,0.0,0.0,0.6000000000000001,9.0,0.0,30.0,0.0,28.0,28.0,350.0,825.6,-50.0,0.0,0.0,0.0,0.0,400.0,0.0,0.0,0.0,0.0,0.0,0.0,47.5,715.4000000000001,4.443,0.0,13.7695717,0.0,13.6827623006568,0.0,1.4128851764999997,1.412888,405.835027,214.524988,0.3796088742118845,0.3758503705068163,0.0,0.0002754499771177,,0.50078,0.0,0.0,31.12
375.0,13.3,0.7,715.4,0.0,0.0,0.0,27.0,20.0,26.0,24.0,25.0,25.0,24.0,24.0,24.0,0.50078,25.0,38.0,1233.7375,4441455.0,0.0,0.0,4.96805555555556,3.97444444444444,3.72604166666667,25.0,1821.6,1793.3,1359.0,1296.5,0.0,0.0,0.0,0.0,714.0,2318.0,3.72,9.0,3.72,181.0,0.0,1233.7375,0.0,48.5,26.5,26.5,21.5,58.0,28.0,27.5,26.5,28.0,28.0,22.0,22.0,0.0,0.5300000000000296,90.0,24.5,13.809,718.2,27.88,13.951,28.0,-4.0,3.0,0.0,0.0,0.0,22.0,179.0,0.0,28.0,1.0,0.0,825.6,0.0,0.0,0.6000000000000001,9.0,0.0,30.0,0.0,28.0,28.0,350.0,825.6,-50.0,0.0,0.0,0.0,0.0,400.0,0.0,0.0,0.0,0.0,0.0,0.0,47.5,715.4000000000001,4.443,0.0,13.7695717,0.0,13.608261601285252,0.0,1.4128851764999997,1.412888,405.835027,214.524988,0.379895504425088,0.3761341627971169,0.0,0.0002837922903005,,0.50078,0.0,0.0,27.34999999999997
376.0,13.3,0.7,715.4,0.0,0.0,0.0,27.0,20.0,26.0,24.0,25.0,25.0,24.0,24.0,24.0,0.50078,25.0,38.0,1233.7375,4441455.0,0.0,0.0,4.96805555555556,3.97444444444444,3.72604166666667,25.0,1821.6,1793.3,1359.0,1296.5,0.0,0.0,0.0,0.0,714.0,2318.0,3.72,9.0,3.72,181.0,0.0,1233.7375,0.0,48.5,26.5,26.5,21.5,58.0,28.0,27.5,26.5,28.0,28.0,22.0,22.0,0.0,0.5300000000000296,90.0,24.5,13.809,718.2,27.88,13.951,28.0,-4.0,3.0,0.0,0.0,0.0,22.0,179.0,0.0,28.0,1.0,0.0,825.6,0.0,0.0,0.6000000000000001,9.0,0.0,30.0,0.0,28.0,28.0,350.0,825.6,-50.0,0.0,0.0,0.0,0.0,400.0,0.0,0.0,0.0,0.0,0.0,0.0,47.5,715.5,4.443,0.0,13.7588291,0.0,13.608261601285252,0.0,1.4128851764999997,1.412888,405.835027,214.524988,0.379895504425088,0.3761341627971169,0.0,0.0002837922903005,,0.50078,0.0,0.0,27.34999999999997
377.0,13.4,0.6,715.5,0.0,0.0,0.0,27.0,20.0,26.0,24.0,25.0,25.0,24.0,24.0,24.0,0.4293,25.0,38.0,1233.7380555555555,4441457.0,0.0,0.0,4.96875,3.975,3.7265625,25.0,1821.6,1793.3,1359.0,1296.5,0.0,0.0,0.0,0.0,714.0,2318.0,3.72,9.0,3.72,77.0,0.0,1233.73805555556,0.0,48.5,26.5,26.5,21.5,58.0,28.0,27.0,26.5,28.0,29.0,22.0,22.0,0.0,0.0,90.0,24.5,13.792,718.2,31.73,13.951,28.0,-2.5,3.0,0.0,0.0,0.0,22.0,179.0,0.0,28.0,1.0,0.0,825.6,0.0,0.0,0.6000000000000001,9.0,0.0,30.0,0.0,28.0,28.0,350.0,825.6,-50.0,0.0,0.0,0.0,0.0,400.0,0.0,0.0,0.0,0.0,0.0,0.0,47.5,715.5,4.443,0.0,13.7588291,0.0,13.535191844061965,0.0,1.4128851764999997,1.412888,405.835027,214.524988,0.3801375225601723,0.3763737847130419,0.0,0.000239621915925,,0.4293,0.0,0.0,31.73
378.0,13.4,0.6,715.5,0.0,0.0,0.0,27.0,20.0,26.0,24.0,25.0,25.0,24.0,24.0,24.0,0.4293,25.0,38.0,1233.7380555555555,4441457.0,0.0,0.0,4.96875,3.975,3.7265625,25.0,1821.6,1793.3,1359.0,1296.5,0.0,0.0,0.0,0.0,714.0,2318.0,3.72,9.0,3.72,77.0,0.0,1233.73805555556,0.0,48.5,26.5,26.5,21.5,58.0,28.0,27.0,26.5,28.0,29.0,22.0,22.0,0.0,0.0,90.0,24.5,13.792,718.2,31.73,13.951,28.0,-2.5,3.0,0.0,0.0,0.0,22.0,179.0,0.0,28.0,1.0,0.0,825.6,0.0,0.0,0.6000000000000001,9.0,0.0,30.0,0.0,28.0,28.0,350.0,825.6,-50.0,0.0,0.0,0.0,0.0,400.0,0.0,0.0,0.0,0.0,0.0,0.0,47.5,715.5,4.443,0.0,13.7593174,0.0,13.535191844061965,0.0,1.4128851764999997,1.412888,405.835027,214.524988,0.3801375225601723,0.3763737847130419,0.0,0.000239621915925,,0.4293,0.0,0.0,31.73
379.0,13.3,0.8,715.5,0.0,0.0,0.0,27.0,20.0,26.0,24.0,25.0,25.0,24.0,24.0,24.0,0.5724,25.0,38.0,1233.7386111111111,4441459.0,0.0,0.0,4.96875,3.975,3.7265625,25.0,1821.6,1793.3,1359.0,1296.5,0.0,0.0,0.0,0.0,714.0,2318.0,3.72,9.0,3.72,77.0,0.0,1233.73861111111,0.0,48.5,26.5,26.5,21.5,58.0,28.0,27.0,26.5,28.0,29.0,22.0,22.0,0.0,0.3199999999999932,90.0,24.5,13.81,718.2,31.1,13.969,28.0,-0.2,3.0,0.0,0.0,0.0,22.0,179.0,0.0,28.0,1.0,0.0,825.6,0.0,0.0,0.6000000000000001,9.0,0.0,30.0,0.0,28.0,28.0,350.0,825.6,-50.0,0.0,0.0,0.0,0.0,400.0,0.0,0.0,0.0,0.0,0.0,0.0,47.5,715.5,4.443,0.0,13.7593174,0.0,13.461146886757712,0.0,1.4128851764999997,1.412888,405.835027,214.524988,0.3804601117213634,0.3766931799221419,0.0,0.0003193952091,,0.5724,0.0,0.0,30.78000000000001
380.0,13.3,0.8,715.5,0.0,0.0,0.0,27.0,20.0,26.0,24.0,25.0,25.0,24.0,24.0,24.0,0.5724,25.0,38.0,1233.7386111111111,4441459.0,0.0,0.0,4.96875,3.975,3.7265625,25.0,1821.6,1793.3,1359.0,1296.5,0.0,0.0,0.0,0.0,714.0,2318.0,3.72,9.0,3.72,77.0,0.0,1233.73861111111,0.0,48.5,26.5,26.5,21.5,58.0,28.0,27.0,26.5,28.0,29.0,22.0,22.0,0.0,0.3199999999999932,90.0,24.5,13.81,718.2,31.1,13.969,28.0,-0.2,3.0,0.0,0.0,0.0,22.0,179.0,0.0,28.0,1.0,0.0,825.6,0.0,0.0,0.6000000000000001,9.0,0.0,30.0,0.0,28.0,28.0,350.0,825.6,-50.0,0.0,0.0,0.0,0.0,400.0,0.0,0.0,0.0,0.0,0.0,0.0,47.5,715.5,4.443,0.0,13.7612706,0.0,13.461146886757712,0.0,1.4128851764999997,1.412888,405.835027,214.524988,0.3804601117213634,0.3766931799221419,0.0,0.0003193952091,,0.5724,0.0,0.0,30.78000000000001
381.0,13.4,0.6,715.5,0.0,0.0,0.0,27.0,20.0,26.0,24.0,25.0,25.0,24.0,24.0,24.0,0.4293,25.0,38.0,1233.7391666666667,4441461.0,0.0,0.0,4.96875,3.975,3.7265625,25.0,1821.6,1793.3,1359.0,1296.5,0.0,0.0,0.0,0.0,714.0,2318.0,3.72,9.0,3.72,49.0,0.0,1233.73916666667,0.0,48.5,26.5,26.5,21.5,58.0,28.0,27.0,26.5,28.0,29.0,22.0,22.0,0.0,0.1899999999999977,90.0,24.5,13.792,718.2,27.89,13.952,28.0,-0.3,3.0,0.0,0.0,0.0,22.0,179.0,0.0,28.0,1.0,0.0,825.6,0.0,0.0,0.6000000000000001,9.0,0.0,30.0,0.0,28.0,28.0,350.0,825.6,-50.0,0.0,0.0,0.0,0.0,400.0,0.0,0.0,0.0,0.0,0.0,0.0,47.5,715.5,4.443,0.0,13.7612706,0.0,13.387922511642175,0.0,1.4128851764999997,1.412888,405.835027,214.524988,0.3807131150796336,0.376943678296667,0.0,0.000250498374525,,0.4293,0.0,0.0,27.700000000000003
382.0,13.4,0.6,715.5,0.0,0.0,0.0,27.0,20.0,26.0,24.0,25.0,25.0,24.0,24.0,24.0,0.4293,25.0,38.0,1233.7391666666667,4441461.0,0.0,0.0,4.96875,3.975,3.7265625,25.0,1821.6,1793.3,1359.0,1296.5,0.0,0.0,0.0,0.0,714.0,2318.0,3.72,9.0,3.72,49.0,0.0,1233.73916666667,0.0,48.5,26.5,26.5,21.5,58.0,28.0,27.0,26.5,28.0,29.0,22.0,22.0,0.0,0.1899999999999977,90.0,24.5,13.792,718.2,27.89,13.952,28.0,-0.3,3.0,0.0,0.0,0.0,22.0,179.0,0.0,28.0,1.0,0.0,825.6,0.0,0.0,0.6000000000000001,9.0,0.0,30.0,0.0,28.0,28.0,350.0,825.6,-50.0,0.0,0.0,0.0,0.0,400.0,0.0,0.0,0.0,0.0,0.0,0.0,47.5,715.5,4.443,0.0,13.7515046,0.0,13.387922511642175,0.0,1.4128851764999997,1.412888,405.835027,214.524988,0.3807131150796336,0.376943678296667,0.0,0.000250498374525,,0.4293,0.0,0.0,27.700000000000003
383.0,13.3,0.7,715.5,0.0,0.0,0.0,27.0,20.0,26.0,24.0,25.0,25.0,24.0,24.0,24.0,0.50085,25.0,38.0,1233.7397222222223,4441463.0,0.0,0.0,4.96875,3.975,3.7265625,25.0,1821.6,1793.3,1359.0,1296.5,0.0,0.0,0.0,0.0,714.0,2318.0,3.72,9.0,3.72,77.0,0.0,1233.73972222222,0.0,48.5,26.5,26.5,21.5,58.0,28.0,27.0,26.5,28.0,29.0,22.0,22.0,0.0,0.3199999999999932,90.0,24.5,13.81,718.2,31.29,13.952,28.0,-0.3,3.0,0.0,0.0,0.0,22.0,179.0,0.0,28.0,1.0,0.0,825.6,0.0,0.0,0.6000000000000001,9.0,0.0,30.0,0.0,28.0,28.0,350.0,825.6,-50.0,0.0,0.0,0.0,0.0,400.0,0.0,0.0,0.0,0.0,0.0,0.0,47.5,715.5,4.443,0.0,13.7515046,0.0,13.318248783390718,0.0,1.4128851764999997,1.412888,405.835027,214.524988,0.3809956072062321,0.3772233734715169,0.0,0.00027969517485,,0.50085,0.0,0.0,30.970000000000006
384.0,13.3,0.7,715.5,0.0,0.0,0.0,27.0,20.0,26.0,24.0,25.0,25.0,24.0,24.0,24.0,0.50085,25.0,38.0,1233.7397222222223,4441463.0,0.0,0.0,4.96875,3.975,3.7265625,25.0,1821.6,1793.3,1359.0,1296.5,0.0,0.0,0.0,0.0,714.0,2318.0,3.72,9.0,3.72,77.0,0.0,1233.73972222222,0.0,48.5,26.5,26.5,21.5,58.0,28.0,27.0,26.5,28.0,29.0,22.0,22.0,0.0,0.3199999999999932,90.0,24.5,13.81,718.2,31.29,13.952,28.0,-0.3,3.0,0.0,0.0,0.0,22.0,179.0,0.0,28.0,1.0,0.0,825.6,0.0,0.0,0.6000000000000001,9.0,0.0,30.0,0.0,28.0,28.0,350.0,825.6,-50.0,0.0,0.0,0.0,0.0,400.0,0.0,0.0,0.0,0.0,0.0,0.0,47.5,715.5,4.443,0.0,13.7695717,0.0,13.318248783390718,0.0,1.4128851764999997,1.412888,405.835027,214.524988,0.3809956072062321,0.3772233734715169,0.0,0.00027969517485,,0.50085,0.0,0.0,30.970000000000006
385.0,13.4,0.7,715.5,0.0,0.0,0.0,27.0,20.0,26.0,24.0,25.0,25.0,24.0,24.0,24.0,0.50085,25.0,38.0,1233.7402777777777,4441465.0,0.0,0.0,4.96875,3.975,3.7265625,25.0,1821.6,1793.3,1359.0,1296.5,0.0,0.0,0.0,0.0,714.0,2318.0,3.72,9.0,3.72,78.0,0.0,1233.74027777778,0.0,48.5,26.5,26.5,21.5,58.0,28.0,27.0,26.5,28.0,29.0,22.0,22.0,0.0,0.1899999999999977,90.0,24.5,13.791,718.3000000000001,27.86,13.95,28.0,-0.3,3.0,0.0,0.0,0.0,22.0,179.0,0.0,28.0,1.0,0.0,825.6,0.0,0.0,0.6000000000000001,9.0,0.0,30.0,0.0,28.0,28.0,350.0,825.6,-50.0,0.0,0.0,0.0,0.0,400.0,0.0,0.0,0.0,0.0,0.0,0.0,47.5,715.5,4.443,0.0,13.7695717,0.0,13.249645871454415,0.0,1.4128851764999997,1.412888,405.835027,214.524988,0.3812736086302034,0.3774986224061419,0.0,0.000275248934625,,0.50085,0.0,0.0,27.67
386.0,13.4,0.7,715.5,0.0,0.0,0.0,27.0,20.0,26.0,24.0,25.0,25.0,24.0,24.0,24.0,0.50085,25.0,38.0,1233.7402777777777,4441465.0,0.0,0.0,4.96875,3.975,3.7265625,25.0,1821.6,1793.3,1359.0,1296.5,0.0,0.0,0.0,0.0,714.0,2318.0,3.72,9.0,3.72,78.0,0.0,1233.74027777778,0.0,48.5,26.5,26.5,21.5,58.0,28.0,27.0,26.5,28.0,29.0,22.0,22.0,0.0,0.1899999999999977,90.0,24.5,13.791,718.3000000000001,27.86,13.95,28.0,-0.3,3.0,0.0,0.0,0.0,22.0,179.0,0.0,28.0,1.0,0.0,825.6,0.0,0.0,0.6000000000000001,9.0,0.0,30.0,0.0,28.0,28.0,350.0,825.6,-50.0,0.0,0.0,0.0,0.0,400.0,0.0,0.0,0.0,0.0,0.0,0.0,47.5,715.5,4.443,0.0,13.7515046,0.0,13.249645871454415,0.0,1.4128851764999997,1.412888,405.835027,214.524988,0.3812736086302034,0.3774986224061419,0.0,0.000275248934625,,0.50085,0.0,0.0,27.67
387.0,13.3,0.8,715.5,0.0,0.0,0.0,27.0,20.0,26.0,24.0,25.0,25.0,24.0,24.0,24.0,0.5724,25.0,38.0,1233.7408333333333,4441467.0,0.0,0.0,4.96875,3.975,3.7265625,25.0,1821.6,1793.3,1359.0,1296.5,0.0,0.0,0.0,0.0,714.0,2322.0,3.72,9.0,3.72,49.0,0.0,1233.74083333333,0.0,48.5,26.5,26.5,21.5,58.0,28.0,27.0,26.5,28.0,28.0,22.0,22.0,0.0,0.3199999999999932,90.0,24.5,13.81,718.2,31.38,13.961,28.0,-1.6,3.0,0.0,0.0,0.0,22.0,179.0,0.0,28.0,1.0,0.0,825.6,0.0,0.0,0.6000000000000001,9.0,0.0,30.0,0.0,28.0,28.0,350.0,825.6,-50.0,0.0,0.0,0.0,0.0,400.0,0.0,0.0,0.0,0.0,0.0,0.0,47.5,715.5,4.443,0.0,13.7515046,0.0,13.181853881721754,0.0,1.4128851764999997,1.412888,405.835027,214.524988,0.3815923071774644,0.3778141655222419,0.0,0.0003155431161,,0.5724,0.0,0.0,31.060000000000006
388.0,13.3,0.8,715.5,0.0,0.0,0.0,27.0,20.0,26.0,24.0,25.0,25.0,24.0,24.0,24.0,0.5724,25.0,38.0,1233.7408333333333,4441467.0,0.0,0.0,4.96875,3.975,3.7265625,25.0,1821.6,1793.3,1359.0,1296.5,0.0,0.0,0.0,0.0,714.0,2322.0,3.72,9.0,3.72,49.0,0.0,1233.74083333333,0.0,48.5,26.5,26.5,21.5,58.0,28.0,27.0,26.5,28.0,28.0,22.0,22.0,0.0,0.3199999999999932,90.0,24.5,13.81,718.2,31.38,13.961,28.0,-1.6,3.0,0.0,0.0,0.0,22.0,179.0,0.0,28.0,1.0,0.0,825.6,0.0,0.0,0.6000000000000001,9.0,0.0,30.0,0.0,28.0,28.0,350.0,825.6,-50.0,0.0,0.0,0.0,0.0,400.0,0.0,0.0,0.0,0.0,0.0,0.0,47.5,715.5,4.443,0.0,13.7612706,0.0,13.181853881721754,0.0,1.4128851764999997,1.412888,405.835027,214.524988,0.3815923071774644,0.3778141655222419,0.0,0.0003155431161,,0.5724,0.0,0.0,31.060000000000006
389.0,13.3,0.6,715.5,0.0,0.0,0.0,27.0,20.0,26.0,24.0,25.0,25.0,24.0,24.0,24.0,0.4293,25.0,38.0,1233.7413888888889,4441469.0,0.0,0.0,4.96875,3.975,3.7265625,25.0,1821.6,1793.3,1359.0,1296.5,0.0,0.0,0.0,0.0,714.0,2322.0,3.72,9.0,3.72,78.0,0.0,1233.74138888889,0.0,48.5,26.5,26.5,21.5,58.0,28.0,27.0,26.5,28.0,29.0,22.0,22.0,0.0,0.3500000000000227,90.0,24.5,13.808,718.4000000000001,27.97,13.972,28.0,-2.1,3.0,0.0,0.0,0.0,22.0,179.0,0.0,28.0,1.0,0.0,825.6,0.0,0.0,0.6000000000000001,9.0,0.0,30.0,0.0,28.0,28.0,350.0,825.6,-50.0,0.0,0.0,0.0,0.0,400.0,0.0,0.0,0.0,0.0,0.0,0.0,47.5,715.5,4.443,0.0,13.7612706,0.0,13.115284349310622,0.0,1.4128851764999997,1.412888,405.835027,214.524988,0.3818268202392673,0.3780463566725419,0.0,0.0002321911503,,0.4293,0.0,0.0,27.619999999999976
390.0,13.3,0.6,715.5,0.0,0.0,0.0,27.0,20.0,26.0,24.0,25.0,25.0,24.0,24.0,24.0,0.4293,25.0,38.0,1233.7413888888889,4441469.0,0.0,0.0,4.96875,3.975,3.7265625,25.0,1821.6,1793.3,1359.0,1296.5,0.0,0.0,0.0,0.0,714.0,2322.0,3.72,9.0,3.72,78.0,0.0,1233.74138888889,0.0,48.5,26.5,26.5,21.5,58.0,28.0,27.0,26.5,28.0,29.0,22.0,22.0,0.0,0.3500000000000227,90.0,24.5,13.808,718.4000000000001,27.97,13.972,28.0,-2.1,3.0,0.0,0.0,0.0,22.0,179.0,0.0,28.0,1.0,0.0,825.6,0.0,0.0,0.6000000000000001,9.0,0.0,30.0,0.0,28.0,28.0,350.0,825.6,-50.0,0.0,0.0,0.0,0.0,400.0,0.0,0.0,0.0,0.0,0.0,0.0,47.5,714.0,4.443,70.89753,13.770548300000002,0.0,13.115284349310622,0.0,1.4128851764999997,1.412888,405.835027,214.524988,0.3818268202392673,0.3780463566725419,0.0,0.0002321911503,,0.4293,0.0,0.0,27.619999999999976
391.0,13.3,27.0,713.3,0.0,0.0,0.0,27.0,20.0,26.0,24.0,25.0,25.0,24.0,24.0,24.0,19.2591,25.0,38.0,1233.7419444444445,4441471.0,0.0,0.0,4.95347222222222,3.96277777777778,3.71510416666667,25.0,1821.6,1793.4,1359.0,1296.5,0.0,909.0,0.0,0.0,711.0,2322.0,3.7,9.0,3.7,78.0,0.0,1233.74194444444,0.0,48.5,26.5,26.5,21.5,58.0,28.0,27.0,26.5,28.0,29.0,22.0,22.0,13.0,0.3100000000000023,90.0,24.5,13.816,715.1,30.03,13.963,28.0,-18.7,3.0,0.0,0.0,0.0,22.0,179.0,0.0,28.0,1.0,0.0,825.6,0.0,0.0,0.6000000000000001,9.0,0.0,30.0,0.0,28.0,28.0,350.0,825.6,-50.0,0.0,0.0,0.0,0.0,400.0,0.0,0.0,0.0,0.0,0.0,0.0,47.5,714.0,4.443,70.89753,13.770548300000002,0.0,13.114695295919256,0.0,1.420077704555555,1.420081,405.84222,214.532181,0.3926819196118288,0.3887939798136919,0.0,0.01074762314115,,19.2591,0.0,0.0465736391722761,29.72
392.0,13.3,27.0,713.3,0.0,0.0,0.0,27.0,20.0,26.0,24.0,25.0,25.0,24.0,24.0,24.0,19.2591,25.0,38.0,1233.7419444444445,4441471.0,0.0,0.0,4.95347222222222,3.96277777777778,3.71510416666667,25.0,1821.6,1793.4,1359.0,1296.5,0.0,909.0,0.0,0.0,711.0,2322.0,3.7,9.0,3.7,78.0,0.0,1233.74194444444,0.0,48.5,26.5,26.5,21.5,58.0,28.0,27.0,26.5,28.0,29.0,22.0,22.0,13.0,0.3100000000000023,90.0,24.5,13.816,715.1,30.03,13.963,28.0,-18.7,3.0,0.0,0.0,0.0,22.0,179.0,0.0,28.0,1.0,0.0,825.6,0.0,0.0,0.6000000000000001,9.0,0.0,30.0,0.0,28.0,28.0,350.0,825.6,-50.0,0.0,0.0,0.0,0.0,400.0,0.0,0.0,0.0,0.0,0.0,0.0,47.5,713.1,4.443,61.42499500000001,13.740762,16.875,13.114695295919256,0.0,1.420077704555555,1.420081,405.84222,214.532181,0.3926819196118288,0.3887939798136919,0.0,0.01074762314115,,19.2591,0.0,0.0465736391722761,29.72
393.0,13.4,25.7,713.0,0.0,0.0,0.0,27.0,20.0,26.0,24.0,25.0,25.0,24.0,24.0,24.0,18.3241,25.0,38.0,1233.7425,4441473.0,0.0,0.0,4.95138888888889,3.96111111111111,3.71354166666667,25.0,1821.6,1793.4,1359.0,1296.5,0.0,1670.0,0.0,0.0,711.0,2322.0,3.7,9.0,3.7,49.0,0.0,1233.7425,0.0,48.5,26.5,26.5,21.5,58.0,28.0,27.0,26.5,28.0,29.0,22.0,22.0,22.0,0.1700000000000159,90.0,24.5,13.795,715.8000000000001,26.66,13.95,28.0,-101.2,3.0,0.0,0.0,0.0,22.0,179.0,0.0,28.0,1.0,0.0,825.6,0.0,0.0,0.6000000000000001,9.0,0.0,30.0,0.0,28.0,28.0,350.0,825.6,-50.0,0.0,0.0,0.0,0.0,400.0,0.0,0.0,0.0,0.0,0.0,0.0,47.5,713.1,4.443,61.42499500000001,13.740762,16.875,13.16128893905022,0.0,1.4326355263888884,1.432639,405.854778,214.544739,0.4031701942662266,0.3991784101645808,0.7094482130090974,0.0103844303508888,140.95461538461538,18.3241,0.0,0.0780425992391028,26.489999999999984
394.0,13.4,25.7,713.0,0.0,0.0,0.0,27.0,20.0,26.0,24.0,25.0,25.0,24.0,24.0,24.0,18.3241,25.0,38.0,1233.7425,4441473.0,0.0,0.0,4.95138888888889,3.96111111111111,3.71354166666667,25.0,1821.6,1793.4,1359.0,1296.5,0.0,1670.0,0.0,0.0,711.0,2322.0,3.7,9.0,3.7,49.0,0.0,1233.7425,0.0,48.5,26.5,26.5,21.5,58.0,28.0,27.0,26.5,28.0,29.0,22.0,22.0,22.0,0.1700000000000159,90.0,24.5,13.795,715.8000000000001,26.66,13.95,28.0,-101.2,3.0,0.0,0.0,0.0,22.0,179.0,0.0,28.0,1.0,0.0,825.6,0.0,0.0,0.6000000000000001,9.0,0.0,30.0,0.0,28.0,28.0,350.0,825.6,-50.0,0.0,0.0,0.0,0.0,400.0,0.0,0.0,0.0,0.0,0.0,0.0,47.5,712.8000000000001,4.443,55.956315,13.760294,20.0,13.16128893905022,0.0,1.4326355263888884,1.432639,405.854778,214.544739,0.4031701942662266,0.3991784101645808,0.7094482130090974,0.0103844303508888,140.95461538461538,18.3241,0.0,0.0780425992391028,26.489999999999984
395.0,13.3,23.5,713.0,0.0,0.0,0.0,27.0,20.0,26.0,24.0,25.0,25.0,24.0,24.0,24.0,16.7555,25.0,38.0,1233.7430555555557,4441475.0,0.0,0.0,4.95138888888889,3.96111111111111,3.71354166666667,25.0,1821.6,1793.4,1359.0,1296.5,0.0,2126.0,0.0,0.0,711.0,2325.0,3.7,9.0,3.7,77.0,0.0,1233.74305555556,0.0,48.5,26.5,26.5,21.5,58.0,28.0,27.0,26.5,28.0,29.0,22.0,22.0,27.0,0.4900000000000091,90.0,24.5,13.829,715.2,27.6,13.976,28.0,-55.5,3.0,0.0,0.0,0.0,22.0,179.0,0.0,28.0,1.0,0.0,825.6,0.0,0.0,0.6000000000000001,9.0,0.0,30.0,0.0,28.0,28.0,350.0,825.6,-50.0,0.0,0.0,0.0,0.0,400.0,0.0,0.0,0.0,0.0,0.0,0.0,47.5,712.8000000000001,4.443,55.956315,13.760294,20.0,13.231730020294744,0.0,1.4476720588888885,1.447676,405.869815,214.559776,0.4126352161500042,0.4085497189604002,1.3130017009340218,0.0093713087958194,76.16136363636363,16.7555,0.0,0.0956053908911592,27.109999999999992
396.0,13.3,23.5,713.0,0.0,0.0,0.0,27.0,20.0,26.0,24.0,25.0,25.0,24.0,24.0,24.0,16.7555,25.0,38.0,1233.7430555555557,4441475.0,0.0,0.0,4.95138888888889,3.96111111111111,3.71354166666667,25.0,1821.6,1793.4,1359.0,1296.5,0.0,2126.0,0.0,0.0,711.0,2325.0,3.7,9.0,3.7,77.0,0.0,1233.74305555556,0.0,48.5,26.5,26.5,21.5,58.0,28.0,27.0,26.5,28.0,29.0,22.0,22.0,27.0,0.4900000000000091,90.0,24.5,13.829,715.2,27.6,13.976,28.0,-55.5,3.0,0.0,0.0,0.0,22.0,179.0,0.0,28.0,1.0,0.0,825.6,0.0,0.0,0.6000000000000001,9.0,0.0,30.0,0.0,28.0,28.0,350.0,825.6,-50.0,0.0,0.0,0.0,0.0,400.0,0.0,0.0,0.0,0.0,0.0,0.0,47.5,711.3000000000001,4.443,54.97976500000001,13.760294,29.75,13.231730020294744,0.0,1.4476720588888885,1.447676,405.869815,214.559776,0.4126352161500042,0.4085497189604002,1.3130017009340218,0.0093713087958194,76.16136363636363,16.7555,0.0,0.0956053908911592,27.109999999999992
397.0,13.4,55.0,710.1,0.0,0.0,0.0,27.0,20.0,26.0,24.0,25.0,25.0,24.0,24.0,24.0,39.0555,25.0,38.0,1233.743611111111,4441477.0,0.0,0.0,4.93125,3.945,3.6984375,25.0,1821.6,1793.4,1359.0,1296.6,0.0,2841.0,0.0,0.0,708.0,2325.0,3.7,9.0,3.68,78.0,0.0,1233.74361111111,0.0,48.5,26.5,26.5,21.5,58.0,28.0,27.0,26.5,28.0,29.0,22.0,22.0,37.0,0.2400000000000091,90.0,24.5,13.805,712.0,25.17,13.941,27.0,31.6,3.0,0.0,0.0,0.0,22.0,179.0,0.0,28.0,1.0,0.0,825.6,0.0,0.0,0.6000000000000001,9.0,0.0,30.0,0.0,28.0,28.0,350.0,825.6,-50.0,0.0,0.0,0.0,0.0,400.0,0.0,0.0,0.0,0.0,0.0,0.0,47.5,711.3000000000001,4.443,54.97976500000001,13.760294,29.75,13.350657278761448,0.0,1.4680292389444438,1.468033,405.890172,214.580133,0.4343154714326517,0.4300153182501502,0.691323885240235,0.02146559928975,144.64999999999998,39.0555,0.0,0.1304660195823984,24.929999999999993
398.0,13.4,55.0,710.1,0.0,0.0,0.0,27.0,20.0,26.0,24.0,25.0,25.0,24.0,24.0,24.0,39.0555,25.0,38.0,1233.743611111111,4441477.0,0.0,0.0,4.93125,3.945,3.6984375,25.0,1821.6,1793.4,1359.0,1296.6,0.0,2841.0,0.0,0.0,708.0,2325.0,3.7,9.0,3.68,78.0,0.0,1233.74361111111,0.0,48.5,26.5,26.5,21.5,58.0,28.0,27.0,26.5,28.0,29.0,22.0,22.0,37.0,0.2400000000000091,90.0,24.5,13.805,712.0,25.17,13.941,27.0,31.6,3.0,0.0,0.0,0.0,22.0,179.0,0.0,28.0,1.0,0.0,825.6,0.0,0.0,0.6000000000000001,9.0,0.0,30.0,0.0,28.0,28.0,350.0,825.6,-50.0,0.0,0.0,0.0,0.0,400.0,0.0,0.0,0.0,0.0,0.0,0.0,47.5,708.2,4.443,63.915197500000005,13.7695717,40.890625,13.350657278761448,0.0,1.4680292389444438,1.468033,405.890172,214.580133,0.4343154714326517,0.4300153182501502,0.691323885240235,0.02146559928975,144.64999999999998,39.0555,0.0,0.1304660195823984,24.929999999999993
399.0,13.4,76.4,707.7,0.0,0.0,0.0,27.0,20.0,26.0,24.0,25.0,25.0,24.0,24.0,24.0,54.06828,25.0,38.0,1233.7441666666666,4441479.0,0.0,0.0,4.91458333333333,3.93166666666667,3.6859375,25.0,1821.6,1793.4,1359.0,1296.6,0.0,3829.0,0.0,0.0,706.0,2325.0,3.68,20.0,3.68,73.0,0.0,1233.74416666667,0.0,48.5,26.5,26.5,21.5,58.0,28.0,27.0,26.5,28.0,29.0,22.0,22.0,50.0,0.25,90.0,24.5,13.81,709.9000000000001,24.43,13.95,27.0,-3.8,3.0,0.0,0.0,0.0,22.0,179.0,0.0,28.0,1.0,0.0,825.6,0.0,0.0,0.6000000000000001,9.0,0.0,30.0,0.0,28.0,28.0,350.0,825.6,-50.0,0.0,0.0,0.0,0.0,400.0,0.0,0.0,0.0,0.0,0.0,0.0,47.5,708.2,4.443,63.915197500000005,13.7695717,40.890625,13.536077231443366,0.0,1.4959865333888882,1.49599,405.918129,214.60809,0.4648098580319165,0.4602077802296203,0.6843199006885367,0.03019246197947,146.13048648648652,54.06828000000001,0.0,0.13027406589202,24.18
400.0,13.4,76.4,707.7,0.0,0.0,0.0,27.0,20.0,26.0,24.0,25.0,25.0,24.0,24.0,24.0,54.06828,25.0,38.0,1233.7441666666666,4441479.0,0.0,0.0,4.91458333333333,3.93166666666667,3.6859375,25.0,1821.6,1793.4,1359.0,1296.6,0.0,3829.0,0.0,0.0,706.0,2325.0,3.68,20.0,3.68,73.0,0.0,1233.74416666667,0.0,48.5,26.5,26.5,21.5,58.0,28.0,27.0,26.5,28.0,29.0,22.0,22.0,50.0,0.25,90.0,24.5,13.81,709.9000000000001,24.43,13.95,27.0,-3.8,3.0,0.0,0.0,0.0,22.0,179.0,0.0,28.0,1.0,0.0,825.6,0.0,0.0,0.6000000000000001,9.0,0.0,30.0,0.0,28.0,28.0,350.0,825.6,-50.0,0.0,0.0,0.0,0.0,400.0,0.0,0.0,0.0,0.0,0.0,0.0,47.5,706.7,4.443,67.57726000000001,13.7695717,53.65625,13.536077231443366,0.0,1.4959865333888882,1.49599,405.918129,214.60809,0.4648098580319165,0.4602077802296203,0.6843199006885367,0.03019246197947,146.13048648648652,54.06828000000001,0.0,0.13027406589202,24.18
401.0,13.4,79.8,706.9,0.0,0.0,0.0,27.0,20.0,26.0,24.0,25.0,25.0,24.0,24.0,24.0,56.41062,25.0,38.0,1233.7447222222222,4441481.0,0.0,0.0,4.90902777777778,3.92722222222222,3.68177083333333,25.0,1821.6,1793.5,1359.0,1296.6,0.0,4761.0,0.0,0.0,705.0,2325.0,3.68,12.0,3.66,77.0,0.0,1233.74472222222,0.0,48.5,26.5,26.5,21.0,58.0,28.0,27.0,26.5,28.0,29.0,22.0,22.0,62.0,0.25,90.0,24.5,13.809,709.9000000000001,24.62,13.942,27.0,-2.8000000000000003,3.0,0.0,0.0,0.0,22.0,179.0,0.0,28.0,1.0,0.0,825.6,0.0,0.0,0.6000000000000001,9.0,0.0,30.0,0.0,28.0,28.0,350.0,825.6,-50.0,0.0,0.0,0.0,0.0,400.0,0.0,0.0,0.0,0.0,0.0,0.0,47.5,706.7,4.443,67.57726000000001,13.7695717,53.65625,13.777525764965745,0.0,1.5302950256111103,1.530298,405.952437,214.642398,0.496142111647898,0.4912298135127703,0.8863579233839302,0.0310220332831499,112.82124,56.410619999999994,0.0,0.1419533719303284,24.37
402.0,13.4,79.8,706.9,0.0,0.0,0.0,27.0,20.0,26.0,24.0,25.0,25.0,24.0,24.0,24.0,56.41062,25.0,38.0,1233.7447222222222,4441481.0,0.0,0.0,4.90902777777778,3.92722222222222,3.68177083333333,25.0,1821.6,1793.5,1359.0,1296.6,0.0,4761.0,0.0,0.0,705.0,2325.0,3.68,12.0,3.66,77.0,0.0,1233.74472222222,0.0,48.5,26.5,26.5,21.0,58.0,28.0,27.0,26.5,28.0,29.0,22.0,22.0,62.0,0.25,90.0,24.5,13.809,709.9000000000001,24.62,13.942,27.0,-2.8000000000000003,3.0,0.0,0.0,0.0,22.0,179.0,0.0,28.0,1.0,0.0,825.6,0.0,0.0,0.6000000000000001,9.0,0.0,30.0,0.0,28.0,28.0,350.0,825.6,-50.0,0.0,0.0,0.0,0.0,400.0,0.0,0.0,0.0,0.0,0.0,0.0,47.5,708.0,4.443,62.4503725,13.760294,64.578125,13.777525764965745,0.0,1.5302950256111103,1.530298,405.952437,214.642398,0.496142111647898,0.4912298135127703,0.8863579233839302,0.0310220332831499,112.82124,56.410619999999994,0.0,0.1419533719303284,24.37
403.0,13.4,57.2,708.4,0.0,0.0,0.0,27.0,20.0,26.0,24.0,25.0,25.0,24.0,24.0,24.0,40.52048,25.0,38.0,1233.7452777777778,4441483.0,0.0,0.0,4.91944444444444,3.93555555555556,3.68958333333333,25.0,1821.6,1793.5,1359.0,1296.6,0.0,5465.0,0.0,0.0,706.0,2325.0,3.68,11.0,3.68,78.0,0.0,1233.74527777778,0.0,48.5,26.5,26.5,21.5,58.0,28.0,27.0,26.5,28.0,29.0,22.0,22.0,70.0,0.25,90.0,24.5,13.809,712.7,24.46,13.944,27.0,1.1,3.0,0.0,0.0,0.0,22.0,179.0,0.0,28.0,1.0,0.0,825.6,0.0,0.0,0.6000000000000001,9.0,0.0,30.0,0.0,28.0,28.0,350.0,825.6,-50.0,0.0,0.0,0.0,0.0,400.0,0.0,0.0,0.0,0.0,0.0,0.0,47.5,708.0,4.443,62.4503725,13.760294,64.578125,14.057319936745056,0.0,1.5691813925555549,1.569184,405.991323,214.681284,0.5189505209998929,0.5138123970295969,1.5300904628967866,0.0225825835168266,65.35561290322582,40.520480000000006,0.0,0.1524303944285374,24.21
404.0,13.4,57.2,708.4,0.0,0.0,0.0,27.0,20.0,26.0,24.0,25.0,25.0,24.0,24.0,24.0,40.52048,25.0,38.0,1233.7452777777778,4441483.0,0.0,0.0,4.91944444444444,3.93555555555556,3.68958333333333,25.0,1821.6,1793.5,1359.0,1296.6,0.0,5465.0,0.0,0.0,706.0,2325.0,3.68,11.0,3.68,78.0,0.0,1233.74527777778,0.0,48.5,26.5,26.5,21.5,58.0,28.0,27.0,26.5,28.0,29.0,22.0,22.0,70.0,0.25,90.0,24.5,13.809,712.7,24.46,13.944,27.0,1.1,3.0,0.0,0.0,0.0,22.0,179.0,0.0,28.0,1.0,0.0,825.6,0.0,0.0,0.6000000000000001,9.0,0.0,30.0,0.0,28.0,28.0,350.0,825.6,-50.0,0.0,0.0,0.0,0.0,400.0,0.0,0.0,0.0,0.0,0.0,0.0,47.5,711.4000000000001,4.442,50.1458425,13.770548300000002,68.0,14.057319936745056,0.0,1.5691813925555549,1.569184,405.991323,214.681284,0.5189505209998929,0.5138123970295969,1.5300904628967866,0.0225825835168266,65.35561290322582,40.520480000000006,0.0,0.1524303944285374,24.21
405.0,13.4,20.9,711.5,0.0,0.0,0.0,27.0,20.0,26.0,24.0,25.0,25.0,24.0,24.0,24.0,14.87035,25.0,38.0,1233.7458333333334,4441485.0,0.0,0.0,4.94097222222222,3.95277777777778,3.70572916666667,25.0,1821.6,1793.5,1359.0,1296.6,0.0,5855.0,0.0,0.0,710.0,2300.0,3.7,9.0,3.7,77.0,0.0,1233.74583333333,0.0,48.5,26.5,26.5,21.5,58.0,28.0,27.0,26.5,28.0,29.0,22.0,22.0,75.0,0.25,90.0,24.5,13.808,715.1,24.58,13.943,27.0,-1.7000000000000002,3.0,0.0,0.0,0.0,22.0,179.0,0.0,28.0,1.0,0.0,825.6,0.0,0.0,0.6000000000000001,9.0,0.0,30.0,0.0,28.0,28.0,350.0,825.6,-50.0,0.0,0.0,0.0,0.0,400.0,0.0,0.0,0.0,0.0,0.0,0.0,47.5,711.4000000000001,4.442,50.1458425,13.770548300000002,68.0,14.36271378029009,0.0,1.6113464217222215,1.611349,406.033488,214.723449,0.5273445840586812,0.5221233505531497,4.707353895503468,0.0083109535235527,21.243357142857143,14.870349999999998,0.0,0.1339508960758585,24.33
406.0,13.4,20.9,711.5,0.0,0.0,0.0,27.0,20.0,26.0,24.0,25.0,25.0,24.0,24.0,24.0,14.87035,25.0,38.0,1233.7458333333334,4441485.0,0.0,0.0,4.94097222222222,3.95277777777778,3.70572916666667,25.0,1821.6,1793.5,1359.0,1296.6,0.0,5855.0,0.0,0.0,710.0,2300.0,3.7,9.0,3.7,77.0,0.0,1233.74583333333,0.0,48.5,26.5,26.5,21.5,58.0,28.0,27.0,26.5,28.0,29.0,22.0,22.0,75.0,0.25,90.0,24.5,13.808,715.1,24.58,13.943,27.0,-1.7000000000000002,3.0,0.0,0.0,0.0,22.0,179.0,0.0,28.0,1.0,0.0,825.6,0.0,0.0,0.6000000000000001,9.0,0.0,30.0,0.0,28.0,28.0,350.0,825.6,-50.0,0.0,0.0,0.0,0.0,400.0,0.0,0.0,0.0,0.0,0.0,0.0,47.5,712.0,4.442,49.80405,13.760294,76.046875,14.36271378029009,0.0,1.6113464217222215,1.611349,406.033488,214.723449,0.5273445840586812,0.5221233505531497,4.707353895503468,0.0083109535235527,21.243357142857143,14.870349999999998,0.0,0.1339508960758585,24.33
407.0,13.4,33.1,710.7,0.0,0.0,0.0,27.0,20.0,26.0,24.0,25.0,25.0,24.0,24.0,24.0,23.52417,25.0,38.0,1233.746388888889,4441487.0,0.0,0.0,4.93541666666667,3.94833333333333,3.7015625,25.0,1821.6,1793.5,1359.0,1296.7,0.0,6198.0,0.0,0.0,709.0,2300.0,3.7,9.0,3.68,49.0,0.0,1233.74638888889,0.0,48.5,26.5,26.5,21.5,58.0,28.0,27.0,26.5,28.0,29.0,22.0,22.0,79.0,0.25,90.0,24.5,13.808,712.9000000000001,24.74,13.952,27.0,-10.7,3.0,0.0,0.0,0.0,22.0,179.0,0.0,28.0,1.0,0.0,825.6,0.0,0.0,0.6000000000000001,9.0,0.0,30.0,0.0,28.0,28.0,350.0,825.6,-50.0,0.0,0.0,0.0,0.0,400.0,0.0,0.0,0.0,0.0,0.0,0.0,47.5,712.0,4.442,49.80405,13.760294,76.046875,14.685090470872296,0.0,1.6557718347222214,1.655774,406.077913,214.767874,0.5406517038848919,0.5352987167177148,3.1882102535392325,0.013175366164565,31.36556,23.52417,0.0,0.102116427180443,24.49
408.0,13.4,33.1,710.7,0.0,0.0,0.0,27.0,20.0,26.0,24.0,25.0,25.0,24.0,24.0,24.0,23.52417,25.0,38.0,1233.746388888889,4441487.0,0.0,0.0,4.93541666666667,3.94833333333333,3.7015625,25.0,1821.6,1793.5,1359.0,1296.7,0.0,6198.0,0.0,0.0,709.0,2300.0,3.7,9.0,3.68,49.0,0.0,1233.74638888889,0.0,48.5,26.5,26.5,21.5,58.0,28.0,27.0,26.5,28.0,29.0,22.0,22.0,79.0,0.25,90.0,24.5,13.808,712.9000000000001,24.74,13.952,27.0,-10.7,3.0,0.0,0.0,0.0,22.0,179.0,0.0,28.0,1.0,0.0,825.6,0.0,0.0,0.6000000000000001,9.0,0.0,30.0,0.0,28.0,28.0,350.0,825.6,-50.0,0.0,0.0,0.0,0.0,400.0,0.0,0.0,0.0,0.0,0.0,0.0,47.5,711.9000000000001,4.443,54.1496975,13.760294,80.5,14.685090470872296,0.0,1.6557718347222214,1.655774,406.077913,214.767874,0.5406517038848919,0.5352987167177148,3.1882102535392325,0.013175366164565,31.36556,23.52417,0.0,0.102116427180443,24.49
409.0,13.4,16.1,712.1,0.0,0.0,0.0,27.0,20.0,26.0,24.0,25.0,25.0,24.0,24.0,24.0,11.46481,25.0,38.0,1233.7469444444444,4441489.0,0.0,0.0,4.94513888888889,3.95611111111111,3.70885416666667,25.0,1821.6,1793.5,1359.0,1296.7,0.0,6484.0,0.0,0.0,710.0,2300.0,3.7,9.0,3.7,78.0,0.0,1233.74694444444,0.0,48.5,26.5,26.5,21.5,58.0,28.0,27.0,26.5,28.0,29.0,22.0,22.0,83.0,0.1000000000000227,90.0,24.5,13.792,715.1,24.72,13.924,27.0,1.0,3.0,0.0,0.0,0.0,22.0,179.0,0.0,28.0,1.0,0.0,825.6,0.0,0.0,0.6000000000000001,9.0,0.0,30.0,0.0,28.0,28.0,350.0,825.6,-50.0,0.0,0.0,0.0,0.0,400.0,0.0,0.0,0.0,0.0,0.0,0.0,47.5,711.9000000000001,4.443,54.1496975,13.760294,80.5,15.01508069700168,0.0,1.7011963652222215,1.701199,406.123338,214.813299,0.5470976028705286,0.5416807949213154,6.890650608252557,0.0063820782036005,14.51241772151899,11.464810000000002,0.0,0.0740888948438633,24.619999999999976
410.0,13.4,16.1,712.1,0.0,0.0,0.0,27.0,20.0,26.0,24.0,25.0,25.0,24.0,24.0,24.0,11.46481,25.0,38.0,1233.7469444444444,4441489.0,0.0,0.0,4.94513888888889,3.95611111111111,3.70885416666667,25.0,1821.6,1793.5,1359.0,1296.7,0.0,6484.0,0.0,0.0,710.0,2300.0,3.7,9.0,3.7,78.0,0.0,1233.74694444444,0.0,48.5,26.5,26.5,21.5,58.0,28.0,27.0,26.5,28.0,29.0,22.0,22.0,83.0,0.1000000000000227,90.0,24.5,13.792,715.1,24.72,13.924,27.0,1.0,3.0,0.0,0.0,0.0,22.0,179.0,0.0,28.0,1.0,0.0,825.6,0.0,0.0,0.6000000000000001,9.0,0.0,30.0,0.0,28.0,28.0,350.0,825.6,-50.0,0.0,0.0,0.0,0.0,400.0,0.0,0.0,0.0,0.0,0.0,0.0,47.5,712.0,4.443,50.487635,13.7685951,80.0,15.01508069700168,0.0,1.7011963652222215,1.701199,406.123338,214.813299,0.5470976028705286,0.5416807949213154,6.890650608252557,0.0063820782036005,14.51241772151899,11.464810000000002,0.0,0.0740888948438633,24.619999999999976
411.0,13.3,14.0,712.2,0.0,0.0,0.0,27.0,20.0,26.0,24.0,25.0,25.0,24.0,24.0,24.0,9.9708,25.0,38.0,1233.7475,4441491.0,0.0,0.0,4.94583333333333,3.95666666666667,3.709375,25.0,1821.6,1793.6,1359.0,1296.7,0.0,6632.0,0.0,0.0,710.0,2300.0,3.7,9.0,3.7,49.0,0.0,1233.7475,0.0,48.5,26.5,26.5,21.5,58.0,28.0,27.0,26.5,28.0,29.0,22.0,22.0,84.0,0.3700000000000045,90.0,24.5,13.81,712.9000000000001,24.7,13.939,27.0,-0.4,3.0,0.0,0.0,0.0,22.0,179.0,0.0,28.0,1.0,0.0,825.6,0.0,0.0,0.6000000000000001,9.0,0.0,30.0,0.0,28.0,28.0,350.0,825.6,-50.0,0.0,0.0,0.0,0.0,400.0,0.0,0.0,0.0,0.0,0.0,0.0,47.5,712.0,4.443,50.487635,13.7685951,80.0,15.349287260558436,0.0,1.7475278252222215,1.74753,406.169669,214.85963,0.5526373744953029,0.5471657173220821,8.324306976371002,0.0054849224007666,12.013012048192772,9.9708,0.0,0.0495694489058634,24.329999999999995
412.0,13.3,14.0,712.2,0.0,0.0,0.0,27.0,20.0,26.0,24.0,25.0,25.0,24.0,24.0,24.0,9.9708,25.0,38.0,1233.7475,4441491.0,0.0,0.0,4.94583333333333,3.95666666666667,3.709375,25.0,1821.6,1793.6,1359.0,1296.7,0.0,6632.0,0.0,0.0,710.0,2300.0,3.7,9.0,3.7,49.0,0.0,1233.7475,0.0,48.5,26.5,26.5,21.5,58.0,28.0,27.0,26.5,28.0,29.0,22.0,22.0,84.0,0.3700000000000045,90.0,24.5,13.81,712.9000000000001,24.7,13.939,27.0,-0.4,3.0,0.0,0.0,0.0,22.0,179.0,0.0,28.0,1.0,0.0,825.6,0.0,0.0,0.6000000000000001,9.0,0.0,30.0,0.0,28.0,28.0,350.0,825.6,-50.0,0.0,0.0,0.0,0.0,400.0,0.0,0.0,0.0,0.0,0.0,0.0,47.5,713.2,4.443,57.4699675,13.740762,84.875,15.349287260558436,0.0,1.7475278252222215,1.74753,406.169669,214.85963,0.5526373744953029,0.5471657173220821,8.324306976371002,0.0054849224007666,12.013012048192772,9.9708,0.0,0.0495694489058634,24.329999999999995
413.0,13.3,-7.7,714.0,0.0,0.0,0.0,27.0,20.0,26.0,24.0,25.0,25.0,24.0,24.0,24.0,-5.4978,25.0,38.0,1233.7480555555555,4441493.0,0.0,0.0,4.95833333333333,3.96666666666667,3.71875,25.0,1821.6,1793.6,1359.0,1296.7,0.0,6692.0,0.0,0.0,712.0,2317.0,3.7,9.0,3.7,77.0,0.0,1233.74805555556,0.0,48.5,26.5,26.5,21.5,59.0,28.0,27.0,26.5,28.0,29.0,22.0,22.0,84.0,0.2200000000000272,90.0,24.5,13.791,718.4000000000001,24.76,13.938,27.0,-11.6,3.0,0.0,0.0,0.0,22.0,179.0,0.0,28.0,1.0,0.0,825.6,0.0,0.0,0.6000000000000001,9.0,0.0,30.0,0.0,28.0,28.0,350.0,825.6,-50.0,0.0,0.0,0.0,0.0,400.0,0.0,0.0,0.0,0.0,0.0,0.0,47.5,713.2,4.443,57.4699675,13.740762,84.875,15.683760828690874,0.0,1.7943501555555548,1.794352,406.216491,214.906452,0.5495381019431835,0.5440971306368154,-15.278838808250573,-0.0030685866852666,-6.545000000000001,-5.4978,0.0,0.0319420115009814,24.539999999999974
414.0,13.3,-7.7,714.0,0.0,0.0,0.0,27.0,20.0,26.0,24.0,25.0,25.0,24.0,24.0,24.0,-5.4978,25.0,38.0,1233.7480555555555,4441493.0,0.0,0.0,4.95833333333333,3.96666666666667,3.71875,25.0,1821.6,1793.6,1359.0,1296.7,0.0,6692.0,0.0,0.0,712.0,2317.0,3.7,9.0,3.7,77.0,0.0,1233.74805555556,0.0,48.5,26.5,26.5,21.5,59.0,28.0,27.0,26.5,28.0,29.0,22.0,22.0,84.0,0.2200000000000272,90.0,24.5,13.791,718.4000000000001,24.76,13.938,27.0,-11.6,3.0,0.0,0.0,0.0,22.0,179.0,0.0,28.0,1.0,0.0,825.6,0.0,0.0,0.6000000000000001,9.0,0.0,30.0,0.0,28.0,28.0,350.0,825.6,-50.0,0.0,0.0,0.0,0.0,400.0,0.0,0.0,0.0,0.0,0.0,0.0,47.5,716.1,4.443,36.864762500000005,13.7593174,80.0,15.683760828690874,0.0,1.7943501555555548,1.794352,406.216491,214.906452,0.5495381019431835,0.5440971306368154,-15.278838808250573,-0.0030685866852666,-6.545000000000001,-5.4978,0.0,0.0319420115009814,24.539999999999974
415.0,13.3,-7.0,714.5,0.0,0.0,0.0,27.0,20.0,26.0,24.0,25.0,25.0,24.0,24.0,24.0,-5.0015,25.0,38.0,1233.7486111111111,4441495.0,0.0,0.0,4.96180555555556,3.96944444444444,3.72135416666667,25.0,1821.6,1793.6,1359.0,1296.7,0.0,6467.0,0.0,0.0,713.0,2317.0,3.72,23.0,3.7,40.0,0.0,1233.74861111111,0.0,48.5,26.5,26.5,21.5,59.0,28.0,27.0,26.5,28.0,29.0,22.0,22.0,82.0,0.2599999999999909,90.0,24.5,13.809,715.1,24.48,13.948,27.0,-4.6000000000000005,3.0,0.0,0.0,0.0,22.0,179.0,0.0,28.0,1.0,0.0,825.6,0.0,0.0,0.6000000000000001,9.0,0.0,30.0,0.0,28.0,28.0,350.0,825.6,-50.0,0.0,0.0,0.0,0.0,400.0,0.0,0.0,0.0,0.0,0.0,0.0,47.5,716.1,4.443,36.864762500000005,13.7593174,80.0,16.004021364764842,0.0,1.8398758722222217,1.839878,406.262017,214.951978,0.5467575954191747,0.5413441538803709,-16.794961511546536,-0.0027529767564444,-5.954166666666667,-5.0015,0.0,0.0319420115009814,24.22000000000001
416.0,13.3,-7.0,714.5,0.0,0.0,0.0,27.0,20.0,26.0,24.0,25.0,25.0,24.0,24.0,24.0,-5.0015,25.0,38.0,1233.7486111111111,4441495.0,0.0,0.0,4.96180555555556,3.96944444444444,3.72135416666667,25.0,1821.6,1793.6,1359.0,1296.7,0.0,6467.0,0.0,0.0,713.0,2317.0,3.72,23.0,3.7,40.0,0.0,1233.74861111111,0.0,48.5,26.5,26.5,21.5,59.0,28.0,27.0,26.5,28.0,29.0,22.0,22.0,82.0,0.2599999999999909,90.0,24.5,13.809,715.1,24.48,13.948,27.0,-4.6000000000000005,3.0,0.0,0.0,0.0,22.0,179.0,0.0,28.0,1.0,0.0,825.6,0.0,0.0,0.6000000000000001,9.0,0.0,30.0,0.0,28.0,28.0,350.0,825.6,-50.0,0.0,0.0,0.0,0.0,400.0,0.0,0.0,0.0,0.0,0.0,0.0,47.5,710.3000000000001,4.441,56.5910725,13.740762,80.0,16.004021364764842,0.0,1.8398758722222217,1.839878,406.262017,214.951978,0.5467575954191747,0.5413441538803709,-16.794961511546536,-0.0027529767564444,-5.954166666666667,-5.0015,0.0,0.0319420115009814,24.22000000000001
417.0,13.3,40.0,710.3,0.0,0.0,0.0,27.0,20.0,26.0,24.0,25.0,25.0,24.0,24.0,24.0,28.412,25.0,38.0,1233.7491666666667,4441497.0,0.0,0.0,4.93263888888889,3.94611111111111,3.69947916666667,25.0,1821.6,1793.6,1359.0,1296.7,0.0,6655.0,0.0,0.0,708.0,2317.0,3.7,9.0,3.68,49.0,0.0,1233.74916666667,0.0,48.5,26.5,26.5,21.5,59.0,28.0,27.0,26.5,28.0,29.0,22.0,22.0,85.0,0.2300000000000182,90.0,24.5,13.791,712.9000000000001,24.96,13.952,27.0,-1.2000000000000002,3.0,0.0,0.0,0.0,22.0,179.0,0.0,28.0,1.0,0.0,825.6,0.0,0.0,0.6000000000000001,9.0,0.0,30.0,0.0,28.0,28.0,350.0,825.6,-50.0,0.0,0.0,0.0,0.0,400.0,0.0,0.0,0.0,0.0,0.0,0.0,47.5,710.3000000000001,4.441,56.5910725,13.740762,80.0,16.34049216247617,0.0,1.8877636869444436,1.887766,406.309905,214.999866,0.5630051528355091,0.5574308443915932,2.886104462902999,0.0160866905112222,34.64878048780487,28.412,0.0,,24.729999999999983
418.0,13.3,40.0,710.3,0.0,0.0,0.0,27.0,20.0,26.0,24.0,25.0,25.0,24.0,24.0,24.0,28.412,25.0,38.0,1233.7491666666667,4441497.0,0.0,0.0,4.93263888888889,3.94611111111111,3.69947916666667,25.0,1821.6,1793.6,1359.0,1296.7,0.0,6655.0,0.0,0.0,708.0,2317.0,3.7,9.0,3.68,49.0,0.0,1233.74916666667,0.0,48.5,26.5,26.5,21.5,59.0,28.0,27.0,26.5,28.0,29.0,22.0,22.0,85.0,0.2300000000000182,90.0,24.5,13.791,712.9000000000001,24.96,13.952,27.0,-1.2000000000000002,3.0,0.0,0.0,0.0,22.0,179.0,0.0,28.0,1.0,0.0,825.6,0.0,0.0,0.6000000000000001,9.0,0.0,30.0,0.0,28.0,28.0,350.0,825.6,-50.0,0.0,0.0,0.0,0.0,400.0,0.0,0.0,0.0,0.0,0.0,0.0,47.5,711.3000000000001,4.443,58.10472500000001,13.7695717,85.5625,16.34049216247617,0.0,1.8877636869444436,1.887766,406.309905,214.999866,0.5630051528355091,0.5574308443915932,2.886104462902999,0.0160866905112222,34.64878048780487,28.412,0.0,,24.729999999999983
419.0,13.4,9.0,712.5,0.0,0.0,0.0,27.0,20.0,26.0,24.0,25.0,25.0,24.0,24.0,24.0,6.4125,25.0,38.0,1233.7497222222223,4441499.0,0.0,0.0,4.94791666666667,3.95833333333333,3.7109375,25.0,1821.6,1793.6,1359.0,1296.7,0.0,6778.0,0.0,0.0,711.0,2317.0,3.7,9.0,3.7,78.0,0.0,1233.74972222222,0.0,48.5,26.5,26.5,21.5,59.0,28.0,27.0,26.5,28.0,29.0,22.0,22.0,86.0,0.2599999999999909,90.0,24.5,13.809,720.1,25.19,13.951,27.0,-0.6000000000000001,3.0,0.0,0.0,0.0,22.0,179.0,0.0,28.0,1.0,0.0,825.6,0.0,0.0,0.6000000000000001,9.0,0.0,30.0,0.0,28.0,28.0,350.0,825.6,-50.0,0.0,0.0,0.0,0.0,400.0,0.0,0.0,0.0,0.0,0.0,0.0,47.5,711.3000000000001,4.443,58.10472500000001,13.7695717,85.5625,16.671183487347918,0.0,1.935154041888888,1.935156,406.357295,215.047256,0.5665834314775404,0.5609736945322182,13.255360623781678,0.0035428501406249,7.544117647058823,6.4125,0.0,,24.93000000000001
420.0,13.4,9.0,712.5,0.0,0.0,0.0,27.0,20.0,26.0,24.0,25.0,25.0,24.0,24.0,24.0,6.4125,25.0,38.0,1233.7497222222223,4441499.0,0.0,0.0,4.94791666666667,3.95833333333333,3.7109375,25.0,1821.6,1793.6,1359.0,1296.7,0.0,6778.0,0.0,0.0,711.0,2317.0,3.7,9.0,3.7,78.0,0.0,1233.74972222222,0.0,48.5,26.5,26.5,21.5,59.0,28.0,27.0,26.5,28.0,29.0,22.0,22.0,86.0,0.2599999999999909,90.0,24.5,13.809,720.1,25.19,13.951,27.0,-0.6000000000000001,3.0,0.0,0.0,0.0,22.0,179.0,0.0,28.0,1.0,0.0,825.6,0.0,0.0,0.6000000000000001,9.0,0.0,30.0,0.0,28.0,28.0,350.0,825.6,-50.0,0.0,0.0,0.0,0.0,400.0,0.0,0.0,0.0,0.0,0.0,0.0,47.5,717.3000000000001,4.443,29.198845,13.7495514,84.9375,16.671183487347918,0.0,1.935154041888888,1.935156,406.357295,215.047256,0.5665834314775404,0.5609736945322182,13.255360623781678,0.0035428501406249,7.544117647058823,6.4125,0.0,,24.93000000000001
421.0,13.3,7.9,713.5,0.0,0.0,0.0,27.0,20.0,26.0,24.0,25.0,25.0,24.0,24.0,24.0,5.63665,25.0,38.0,1233.7502777777777,4441501.0,0.0,0.0,4.95486111111111,3.96388888888889,3.71614583333333,25.0,1821.7,1793.6,1359.0,1296.7,0.0,6470.0,0.0,0.0,712.0,2317.0,3.72,9.0,3.7,40.0,0.0,1233.75027777778,0.0,48.5,26.5,26.5,21.5,59.0,28.0,27.0,26.5,28.0,29.0,22.0,22.0,82.0,0.4900000000000091,90.0,24.5,13.803,715.7,24.46,13.942,27.0,3.3000000000000003,3.0,0.0,0.0,0.0,22.0,179.0,0.0,28.0,1.0,0.0,825.6,0.0,0.0,0.6000000000000001,9.0,0.0,30.0,0.0,28.0,28.0,350.0,825.6,-50.0,0.0,0.0,0.0,0.0,400.0,0.0,0.0,0.0,0.0,0.0,0.0,47.5,717.3000000000001,4.443,29.198845,13.7495514,84.9375,16.97813049522786,0.0,1.980087196944444,1.980089,406.402228,215.092189,0.5697074445517182,0.5640667767838794,15.25728934739606,0.0030930822516611,6.554244186046512,5.63665,0.0,,23.96999999999999
422.0,13.3,7.9,713.5,0.0,0.0,0.0,27.0,20.0,26.0,24.0,25.0,25.0,24.0,24.0,24.0,5.63665,25.0,38.0,1233.7502777777777,4441501.0,0.0,0.0,4.95486111111111,3.96388888888889,3.71614583333333,25.0,1821.7,1793.6,1359.0,1296.7,0.0,6470.0,0.0,0.0,712.0,2317.0,3.72,9.0,3.7,40.0,0.0,1233.75027777778,0.0,48.5,26.5,26.5,21.5,59.0,28.0,27.0,26.5,28.0,29.0,22.0,22.0,82.0,0.4900000000000091,90.0,24.5,13.803,715.7,24.46,13.942,27.0,3.3000000000000003,3.0,0.0,0.0,0.0,22.0,179.0,0.0,28.0,1.0,0.0,825.6,0.0,0.0,0.6000000000000001,9.0,0.0,30.0,0.0,28.0,28.0,350.0,825.6,-50.0,0.0,0.0,0.0,0.0,400.0,0.0,0.0,0.0,0.0,0.0,0.0,47.5,707.9000000000001,4.443,55.6145225,13.740762,80.0,16.97813049522786,0.0,1.980087196944444,1.980089,406.402228,215.092189,0.5697074445517182,0.5640667767838794,15.25728934739606,0.0030930822516611,6.554244186046512,5.63665,0.0,,23.96999999999999
423.0,13.3,19.7,712.1,0.0,0.0,0.0,27.0,20.0,26.0,24.0,25.0,25.0,24.0,24.0,24.0,14.02837,25.0,38.0,1233.7508333333333,4441503.0,0.0,0.0,4.94513888888889,3.95611111111111,3.70885416666667,25.0,1821.7,1793.6,1359.1,1296.7,0.0,6644.0,0.0,0.0,710.0,2331.0,3.7,9.0,3.7,49.0,0.0,1233.75083333333,0.0,48.5,26.5,26.5,21.5,59.0,28.0,27.0,26.5,28.0,29.0,22.0,22.0,84.0,0.0,90.0,24.5,13.794,713.6,28.16,13.946,27.0,17.1,3.0,0.0,0.0,0.0,22.0,179.0,0.0,28.0,1.0,0.0,825.6,0.0,0.0,0.6000000000000001,9.0,0.0,30.0,0.0,28.0,28.0,350.0,825.6,-50.0,0.0,0.0,0.0,0.0,400.0,0.0,0.0,0.0,0.0,0.0,0.0,47.5,707.9000000000001,4.443,55.6145225,13.740762,80.0,17.29910418402573,0.0,2.0272295766111106,2.027231,406.44937,215.139331,0.5776089146565263,0.5718900145114122,5.845297778715561,0.0078232377275327,17.107768292682923,14.02837,0.0,,28.16
424.0,13.3,19.7,712.1,0.0,0.0,0.0,27.0,20.0,26.0,24.0,25.0,25.0,24.0,24.0,24.0,14.02837,25.0,38.0,1233.7508333333333,4441503.0,0.0,0.0,4.94513888888889,3.95611111111111,3.70885416666667,25.0,1821.7,1793.6,1359.1,1296.7,0.0,6644.0,0.0,0.0,710.0,2331.0,3.7,9.0,3.7,49.0,0.0,1233.75083333333,0.0,48.5,26.5,26.5,21.5,59.0,28.0,27.0,26.5,28.0,29.0,22.0,22.0,84.0,0.0,90.0,24.5,13.794,713.6,28.16,13.946,27.0,17.1,3.0,0.0,0.0,0.0,22.0,179.0,0.0,28.0,1.0,0.0,825.6,0.0,0.0,0.6000000000000001,9.0,0.0,30.0,0.0,28.0,28.0,350.0,825.6,-50.0,0.0,0.0,0.0,0.0,400.0,0.0,0.0,0.0,0.0,0.0,0.0,47.5,715.9000000000001,4.443,50.78060000000001,13.7612706,85.0,17.29910418402573,0.0,2.0272295766111106,2.027231,406.44937,215.139331,0.5776089146565263,0.5718900145114122,5.845297778715561,0.0078232377275327,17.107768292682923,14.02837,0.0,,28.16
425.0,13.3,-3.2,714.1,0.0,0.0,0.0,27.0,20.0,26.0,24.0,25.0,25.0,24.0,24.0,24.0,-2.28512,25.0,38.0,1233.7513888888889,4441505.0,0.0,0.0,4.95902777777778,3.96722222222222,3.71927083333333,25.0,1821.7,1793.6,1359.1,1296.7,0.0,6578.0,0.0,0.0,712.0,2331.0,3.72,24.0,3.7,77.0,0.0,1233.75138888889,0.0,48.5,26.5,26.5,21.5,59.0,28.0,27.0,26.5,28.0,29.0,22.0,22.0,83.0,0.4900000000000091,90.0,24.5,13.804,718.0,24.73,13.934,27.0,17.1,3.0,0.0,0.0,0.0,22.0,179.0,0.0,28.0,1.0,0.0,825.6,0.0,0.0,0.6000000000000001,9.0,0.0,30.0,0.0,28.0,28.0,350.0,825.6,-50.0,0.0,0.0,0.0,0.0,400.0,0.0,0.0,0.0,0.0,0.0,0.0,47.5,715.9000000000001,4.443,50.78060000000001,13.7612706,85.0,17.61567233352697,0.0,2.0743219921111105,2.074323,406.496462,215.186423,0.5763024199223881,0.5705964553687011,-36.75955748494608,-0.0012935591427111,-2.720380952380953,-2.2851200000000005,0.0,,24.23999999999999
426.0,13.3,-3.2,714.1,0.0,0.0,0.0,27.0,20.0,26.0,24.0,25.0,25.0,24.0,24.0,24.0,-2.28512,25.0,38.0,1233.7513888888889,4441505.0,0.0,0.0,4.95902777777778,3.96722222222222,3.71927083333333,25.0,1821.7,1793.6,1359.1,1296.7,0.0,6578.0,0.0,0.0,712.0,2331.0,3.72,24.0,3.7,77.0,0.0,1233.75138888889,0.0,48.5,26.5,26.5,21.5,59.0,28.0,27.0,26.5,28.0,29.0,22.0,22.0,83.0,0.4900000000000091,90.0,24.5,13.804,718.0,24.73,13.934,27.0,-1.2000000000000002,3.0,0.0,0.0,0.0,22.0,179.0,0.0,28.0,1.0,0.0,825.6,0.0,0.0,0.6000000000000001,9.0,0.0,30.0,0.0,28.0,28.0,350.0,825.6,-50.0,0.0,0.0,0.0,0.0,400.0,0.0,0.0,0.0,0.0,0.0,0.0,47.5,715.9000000000001,4.443,43.651785,13.740762,80.0,17.61567233352697,0.0,2.0743219921111105,2.074323,406.496462,215.186423,0.5763024199223881,0.5705964553687011,-36.75955748494608,-0.0012935591427111,-2.720380952380953,-2.2851200000000005,0.0,,24.23999999999999
427.0,13.3,0.3,714.0,0.0,0.0,0.0,27.0,20.0,26.0,24.0,25.0,25.0,24.0,24.0,24.0,0.2142,25.0,38.0,1233.7519444444445,4441507.0,0.0,0.0,4.95833333333333,3.96666666666667,3.71875,25.0,1821.7,1793.6,1359.1,1296.7,0.0,6366.0,0.0,0.0,712.0,2331.0,3.72,9.0,3.7,49.0,0.0,1233.75194444444,0.0,48.5,26.5,26.5,21.5,58.0,28.0,27.0,26.5,28.0,29.0,22.0,22.0,80.0,0.25,90.0,24.5,13.808,718.6,25.02,13.948,27.0,-1.2000000000000002,3.0,0.0,0.0,0.0,22.0,179.0,0.0,28.0,1.0,0.0,825.6,0.0,0.0,0.6000000000000001,9.0,0.0,30.0,0.0,28.0,28.0,350.0,825.6,-50.0,0.0,0.0,0.0,0.0,400.0,0.0,0.0,0.0,0.0,0.0,0.0,47.5,715.1,4.443,43.651785,13.740762,80.0,17.9310596983532,0.0,2.122189067666666,2.12219,406.544329,215.23429,0.576432732600625,0.570725477822401,387.48832866479927,0.0001290224537,0.2580722891566265,0.2142,0.0,,24.77
428.0,13.3,0.3,714.0,0.0,0.0,0.0,27.0,20.0,26.0,24.0,25.0,25.0,24.0,24.0,24.0,0.2142,25.0,38.0,1233.7519444444445,4441507.0,0.0,0.0,4.95833333333333,3.96666666666667,3.71875,25.0,1821.7,1793.6,1359.1,1296.7,0.0,6366.0,0.0,0.0,712.0,2331.0,3.72,9.0,3.7,49.0,0.0,1233.75194444444,0.0,48.5,26.5,26.5,21.5,58.0,28.0,27.0,26.5,28.0,29.0,22.0,22.0,80.0,0.25,90.0,24.5,13.808,718.6,25.02,13.948,27.0,-6.7,3.0,0.0,0.0,0.0,22.0,179.0,0.0,28.0,1.0,0.0,825.6,0.0,0.0,0.6000000000000001,9.0,0.0,30.0,0.0,28.0,28.0,350.0,825.6,-50.0,0.0,0.0,0.0,0.0,400.0,0.0,0.0,0.0,0.0,0.0,0.0,47.5,715.1,4.443,41.6498575,13.760294,76.0,17.9310596983532,0.0,2.122189067666666,2.12219,406.544329,215.23429,0.576432732600625,0.570725477822401,387.48832866479927,0.0001290224537,0.2580722891566265,0.2142,0.0,,24.77
429.0,13.3,27.0,712.1,0.0,0.0,0.0,27.0,20.0,26.0,24.0,25.0,25.0,24.0,24.0,24.0,19.2267,25.0,38.0,1233.7525,4441509.0,0.0,0.0,4.94513888888889,3.95611111111111,3.70885416666667,25.0,1821.7,1793.6,1359.1,1296.7,0.0,6267.0,0.0,0.0,710.0,2331.0,3.7,24.0,3.7,78.0,0.0,1233.7525,0.0,48.5,26.5,26.5,21.5,58.0,28.0,27.0,26.5,28.0,29.0,22.0,22.0,80.0,0.25,90.0,24.5,13.808,718.6,25.02,13.948,27.0,-6.7,3.0,0.0,0.0,0.0,22.0,179.0,0.0,28.0,1.0,0.0,825.6,0.0,0.0,0.6000000000000001,9.0,0.0,30.0,0.0,28.0,28.0,350.0,825.6,-50.0,0.0,0.0,0.0,0.0,400.0,0.0,0.0,0.0,0.0,0.0,0.0,47.5,714.0,4.443,41.6498575,13.760294,76.0,18.23851897549177,0.0,2.1693234698888886,2.169324,406.591463,215.281424,0.5875549383980546,0.581737562770351,4.160880442301591,0.01101208494795,24.033375000000003,19.2267,0.0,-0.0067941315085241,24.77
430.0,13.3,27.0,712.1,0.0,0.0,0.0,27.0,20.0,26.0,24.0,25.0,25.0,24.0,24.0,24.0,19.2267,25.0,38.0,1233.7525,4441509.0,0.0,0.0,4.94513888888889,3.95611111111111,3.70885416666667,25.0,1821.7,1793.6,1359.1,1296.7,0.0,6267.0,0.0,0.0,710.0,2331.0,3.7,24.0,3.7,78.0,0.0,1233.7525,0.0,48.5,26.5,26.5,21.5,58.0,28.0,27.0,26.5,28.0,29.0,22.0,22.0,80.0,0.1000000000000227,90.0,24.5,13.789,715.3000000000001,25.05,13.923,27.0,2.1,3.0,0.0,0.0,0.0,22.0,179.0,0.0,28.0,1.0,0.0,825.6,0.0,0.0,0.6000000000000001,9.0,0.0,30.0,0.0,28.0,28.0,350.0,825.6,-50.0,0.0,0.0,0.0,0.0,400.0,0.0,0.0,0.0,0.0,0.0,0.0,47.5,714.0,4.443,51.8059775,13.7612706,76.0,18.23851897549177,0.0,2.1693234698888886,2.169324,406.591463,215.281424,0.5875549383980546,0.581737562770351,4.160880442301591,0.01101208494795,24.033375000000003,19.2267,0.0,-0.0067941315085241,24.949999999999978
431.0,13.3,8.6,713.3,0.0,0.0,0.0,27.0,20.0,26.0,24.0,25.0,25.0,24.0,24.0,24.0,6.13438,25.0,38.0,1233.7530555555556,4441511.0,0.0,0.0,4.95347222222222,3.96277777777778,3.71510416666667,25.0,1821.7,1793.6,1359.1,1296.7,0.0,6266.0,0.0,0.0,711.0,2308.0,3.7,9.0,3.7,25.0,0.0,1233.75305555556,0.0,48.5,26.5,26.5,21.5,58.0,28.0,27.0,26.5,28.0,29.0,22.0,22.0,79.0,0.1000000000000227,90.0,24.5,13.789,715.3000000000001,25.05,13.923,27.0,2.1,3.0,0.0,0.0,0.0,22.0,179.0,0.0,28.0,1.0,0.0,825.6,0.0,0.0,0.6000000000000001,9.0,0.0,30.0,0.0,28.0,28.0,350.0,825.6,-50.0,0.0,0.0,0.0,0.0,400.0,0.0,0.0,0.0,0.0,0.0,0.0,47.5,712.9000000000001,4.443,51.8059775,13.7612706,76.0,18.52688421922383,0.0,2.2141301127499995,2.214131,406.63627,215.326231,0.591167856496962,0.5853147094029327,13.041252742738468,0.0035771466325816,7.667975,6.134379999999999,0.0,-0.0169248977776316,24.949999999999978
432.0,13.3,8.6,713.3,0.0,0.0,0.0,27.0,20.0,26.0,24.0,25.0,25.0,24.0,24.0,24.0,6.13438,25.0,38.0,1233.7530555555556,4441511.0,0.0,0.0,4.95347222222222,3.96277777777778,3.71510416666667,25.0,1821.7,1793.6,1359.1,1296.7,0.0,6266.0,0.0,0.0,711.0,2308.0,3.7,9.0,3.7,25.0,0.0,1233.75305555556,0.0,48.5,26.5,26.5,21.5,58.0,28.0,27.0,26.5,28.0,29.0,22.0,22.0,79.0,0.2599999999999909,90.0,24.5,13.808,713.8000000000001,24.82,13.944,27.0,-1.0,3.0,0.0,0.0,0.0,22.0,179.0,0.0,28.0,1.0,0.0,825.6,0.0,0.0,0.6000000000000001,9.0,0.0,30.0,0.0,28.0,28.0,350.0,825.6,-50.0,0.0,0.0,0.0,0.0,400.0,0.0,0.0,0.0,0.0,0.0,0.0,47.5,712.9000000000001,4.443,58.10472500000001,13.740762,76.0,18.52688421922383,0.0,2.2141301127499995,2.214131,406.63627,215.326231,0.591167856496962,0.5853147094029327,13.041252742738468,0.0035771466325816,7.667975,6.134379999999999,0.0,-0.0169248977776316,24.56000000000001
433.0,13.3,34.8,710.8,0.0,0.0,0.0,27.0,20.0,26.0,24.0,25.0,25.0,24.0,24.0,24.0,24.73584,25.0,38.0,1233.753888888889,4441514.0,0.0,0.0,4.93611111111111,3.94888888888889,3.70208333333333,25.0,1821.7,1793.6,1359.1,1296.7,0.0,6388.0,0.0,0.0,709.0,2308.0,3.7,9.0,3.68,64.0,0.0,1233.75388888889,0.0,48.5,26.5,26.5,21.5,58.0,28.0,27.0,26.5,28.0,29.0,22.0,22.0,81.0,0.2599999999999909,90.0,24.5,13.808,713.8000000000001,24.82,13.944,27.0,-1.0,3.0,0.0,0.0,0.0,22.0,179.0,0.0,28.0,1.0,0.0,825.6,0.0,0.0,0.6000000000000001,9.0,0.0,30.0,0.0,28.0,28.0,350.0,825.6,-50.0,0.0,0.0,0.0,0.0,400.0,0.0,0.0,0.0,0.0,0.0,0.0,47.5,710.2,4.443,58.10472500000001,13.740762,76.0,18.82288833207742,0.0,2.2602144102499997,2.260215,406.682354,215.372315,0.605329533237583,0.5993361715223594,3.193746401981902,0.0140214621194266,31.311189873417717,24.735839999999996,0.0,-0.0169248977776316,24.56000000000001
434.0,13.3,34.8,710.8,0.0,0.0,0.0,27.0,20.0,26.0,24.0,25.0,25.0,24.0,24.0,24.0,24.73584,25.0,38.0,1233.753888888889,4441514.0,0.0,0.0,4.93611111111111,3.94888888888889,3.70208333333333,25.0,1821.7,1793.6,1359.1,1296.7,0.0,6388.0,0.0,0.0,709.0,2308.0,3.7,9.0,3.68,64.0,0.0,1233.75388888889,0.0,48.5,26.5,26.5,21.5,58.0,28.0,27.0,26.5,28.0,29.0,22.0,22.0,81.0,0.2400000000000091,90.0,24.5,13.789,715.1,25.48,13.941,27.0,3.8,3.0,0.0,0.0,0.0,22.0,179.0,0.0,28.0,1.0,0.0,825.6,0.0,0.0,0.6000000000000001,9.0,0.0,30.0,0.0,28.0,28.0,350.0,825.6,-50.0,0.0,0.0,0.0,0.0,400.0,0.0,0.0,0.0,0.0,0.0,0.0,47.5,710.2,4.443,51.95246,13.770548300000002,81.0625,18.82288833207742,0.0,2.2602144102499997,2.260215,406.682354,215.372315,0.605329533237583,0.5993361715223594,3.193746401981902,0.0140214621194266,31.311189873417717,24.735839999999996,0.0,-0.0169248977776316,25.23999999999999
435.0,13.4,25.3,711.4,0.0,0.0,0.0,27.0,20.0,26.0,24.0,25.0,25.0,24.0,24.0,24.0,17.99842,25.0,38.0,1233.7544444444443,4441516.0,0.0,0.0,4.94027777777778,3.95222222222222,3.70520833333333,25.0,1821.7,1793.6,1359.1,1296.7,0.0,6410.0,0.0,0.0,709.0,2308.0,3.7,9.0,3.7,77.0,0.0,1233.75444444444,0.0,48.5,26.5,26.5,21.5,58.0,28.0,27.0,26.5,28.0,29.0,22.0,22.0,81.0,0.2400000000000091,90.0,24.5,13.789,715.1,25.48,13.941,27.0,3.8,3.0,0.0,0.0,0.0,22.0,179.0,0.0,28.0,1.0,0.0,825.6,0.0,0.0,0.6000000000000001,9.0,0.0,30.0,0.0,28.0,28.0,350.0,825.6,-50.0,0.0,0.0,0.0,0.0,400.0,0.0,0.0,0.0,0.0,0.0,0.0,47.5,711.5,4.443,51.95246,13.770548300000002,81.0625,18.82288833207742,0.0,2.2602144102499997,2.260215,406.682354,215.372315,0.6157655980475889,0.6096689089580088,4.500395034675266,0.0103327374356494,22.220271604938272,17.99842,0.0,-0.0169248977776316,25.23999999999999
436.0,13.4,25.3,711.4,0.0,0.0,0.0,27.0,20.0,26.0,24.0,25.0,25.0,24.0,24.0,24.0,17.99842,25.0,38.0,1233.7544444444443,4441516.0,0.0,0.0,4.94027777777778,3.95222222222222,3.70520833333333,25.0,1821.7,1793.6,1359.1,1296.7,0.0,6410.0,0.0,0.0,709.0,2308.0,3.7,9.0,3.7,77.0,0.0,1233.75444444444,0.0,48.5,26.5,26.5,21.5,58.0,28.0,27.0,26.5,28.0,29.0,22.0,22.0,81.0,0.2800000000000295,90.0,24.5,13.807,712.9000000000001,25.24,13.944,27.0,1.4,3.0,0.0,0.0,0.0,22.0,179.0,0.0,28.0,1.0,0.0,825.6,0.0,0.0,0.6000000000000001,9.0,0.0,30.0,0.0,28.0,27.0,350.0,825.6,-50.0,0.0,0.0,0.0,0.0,400.0,0.0,0.0,0.0,0.0,0.0,0.0,47.5,711.5,4.443,61.91327,13.7495514,81.625,19.122906802920937,0.0,2.3073736159999996,2.307374,406.729513,215.419474,0.6157655980475889,0.6096689089580088,4.500395034675266,0.0103327374356494,22.220271604938272,17.99842,0.0,,24.95999999999997
437.0,13.3,32.2,710.4,0.0,0.0,0.0,27.0,20.0,26.0,24.0,25.0,25.0,24.0,24.0,24.0,22.87488,25.0,38.0,1233.755,4441518.0,0.0,0.0,4.93333333333333,3.94666666666667,3.7,25.0,1821.7,1793.7,1359.1,1296.7,0.0,6486.0,0.0,0.0,709.0,2308.0,3.7,24.0,3.68,77.0,0.0,1233.755,0.0,48.5,26.5,26.5,21.5,58.0,28.0,27.0,26.5,28.0,29.0,22.0,22.0,81.0,0.2800000000000295,90.0,24.5,13.807,712.9000000000001,25.24,13.944,27.0,1.4,3.0,0.0,0.0,0.0,22.0,179.0,0.0,28.0,1.0,0.0,825.6,0.0,0.0,0.6000000000000001,9.0,0.0,30.0,0.0,28.0,27.0,350.0,825.6,-50.0,0.0,0.0,0.0,0.0,400.0,0.0,0.0,0.0,0.0,0.0,0.0,47.5,710.1,4.442,61.91327,13.7495514,81.625,19.122906802920937,0.0,2.3073736159999996,2.307374,406.729513,215.419474,0.6289303614874225,0.6227033282053689,3.54100218230653,0.01303441924736,28.240592592592595,22.87488,0.0,,24.95999999999997
438.0,13.3,32.2,710.4,0.0,0.0,0.0,27.0,20.0,26.0,24.0,25.0,25.0,24.0,24.0,24.0,22.87488,25.0,38.0,1233.755,4441518.0,0.0,0.0,4.93333333333333,3.94666666666667,3.7,25.0,1821.7,1793.7,1359.1,1296.7,0.0,6486.0,0.0,0.0,709.0,2308.0,3.7,24.0,3.68,77.0,0.0,1233.755,0.0,48.5,26.5,26.5,21.5,58.0,28.0,27.0,26.5,28.0,29.0,22.0,22.0,82.0,0.1999999999999886,90.0,24.5,13.791,715.1,24.76,13.952,27.0,-0.5,3.0,0.0,0.0,0.0,22.0,179.0,0.0,28.0,1.0,0.0,825.6,0.0,0.0,0.6000000000000001,9.0,0.0,30.0,0.0,28.0,27.0,350.0,825.6,-50.0,0.0,0.0,0.0,0.0,400.0,0.0,0.0,0.0,0.0,0.0,0.0,47.5,710.1,4.442,51.1223925,13.760294,80.0,19.413371542667313,0.0,2.353292331333333,2.353293,406.775432,215.465393,0.6289303614874225,0.6227033282053689,3.54100218230653,0.01303441924736,28.240592592592595,22.87488,0.0,,24.560000000000013
439.0,13.3,11.1,712.5,0.0,0.0,0.0,27.0,20.0,26.0,24.0,25.0,25.0,24.0,24.0,24.0,7.90875,25.0,38.0,1233.7555555555557,4441520.0,0.0,0.0,4.94791666666667,3.95833333333333,3.7109375,25.0,1821.7,1793.7,1359.1,1296.7,0.0,6426.0,0.0,0.0,711.0,2312.0,3.7,9.0,3.7,40.0,0.0,1233.75555555556,0.0,48.5,26.5,26.5,21.5,58.0,28.0,27.0,26.5,28.0,29.0,22.0,22.0,82.0,0.1999999999999886,90.0,24.5,13.791,715.1,24.76,13.952,27.0,-0.5,3.0,0.0,0.0,0.0,22.0,179.0,0.0,28.0,1.0,0.0,825.6,0.0,0.0,0.6000000000000001,9.0,0.0,30.0,0.0,28.0,27.0,350.0,825.6,-50.0,0.0,0.0,0.0,0.0,400.0,0.0,0.0,0.0,0.0,0.0,0.0,47.5,712.1,4.444,51.1223925,13.760294,80.0,19.413371542667313,0.0,2.353292331333333,2.353293,406.775432,215.465393,0.6334387138356351,0.6271670434016189,10.368262999841948,0.00446371519625,9.644817073170731,7.90875,0.0,,24.560000000000013
440.0,13.3,11.1,712.5,0.0,0.0,0.0,27.0,20.0,26.0,24.0,25.0,25.0,24.0,24.0,24.0,7.90875,25.0,38.0,1233.7555555555557,4441520.0,0.0,0.0,4.94791666666667,3.95833333333333,3.7109375,25.0,1821.7,1793.7,1359.1,1296.7,0.0,6426.0,0.0,0.0,711.0,2312.0,3.7,9.0,3.7,40.0,0.0,1233.75555555556,0.0,48.5,26.5,26.5,21.5,58.0,28.0,27.0,26.5,28.0,29.0,22.0,22.0,81.0,0.2599999999999909,90.0,24.5,13.808,713.6,24.21,13.927,27.0,3.2,3.0,0.0,0.0,0.0,22.0,179.0,0.0,28.0,1.0,0.0,825.6,0.0,0.0,0.6000000000000001,9.0,0.0,30.0,0.0,28.0,27.0,350.0,825.6,-50.0,0.0,0.0,0.0,0.0,400.0,0.0,0.0,0.0,0.0,0.0,0.0,47.5,712.1,4.444,58.30003500000001,13.7495514,81.390625,19.698538434217145,0.0,2.398968346083333,2.398969,406.821108,215.511069,0.6334387138356351,0.6271670434016189,10.368262999841948,0.00446371519625,9.644817073170731,7.90875,0.0,,23.95000000000001
441.0,13.3,18.5,711.8,0.0,0.0,0.0,27.0,20.0,26.0,24.0,25.0,25.0,24.0,24.0,24.0,13.1683,25.0,38.0,1233.756111111111,4441522.0,0.0,0.0,4.94305555555556,3.95444444444444,3.70729166666667,25.0,1821.7,1793.7,1359.1,1296.8,0.0,6448.0,0.0,0.0,710.0,2312.0,3.7,9.0,3.7,85.0,0.0,1233.75611111111,0.0,48.5,26.5,26.5,21.5,58.0,28.0,27.0,26.5,28.0,29.0,22.0,22.0,81.0,0.2599999999999909,90.0,24.5,13.808,713.6,24.21,13.927,27.0,3.2,3.0,0.0,0.0,0.0,22.0,179.0,0.0,28.0,1.0,0.0,825.6,0.0,0.0,0.6000000000000001,9.0,0.0,30.0,0.0,28.0,27.0,350.0,825.6,-50.0,0.0,0.0,0.0,0.0,400.0,0.0,0.0,0.0,0.0,0.0,0.0,47.5,710.1,4.443,58.30003500000001,13.7495514,81.390625,19.698538434217145,0.0,2.398968346083333,2.398969,406.821108,215.511069,0.6412031046306575,0.634854559040255,6.151135681902752,0.0076875156386361,16.257160493827158,13.1683,0.0,,23.95000000000001
442.0,13.3,18.5,711.8,0.0,0.0,0.0,27.0,20.0,26.0,24.0,25.0,25.0,24.0,24.0,24.0,13.1683,25.0,38.0,1233.756111111111,4441522.0,0.0,0.0,4.94305555555556,3.95444444444444,3.70729166666667,25.0,1821.7,1793.7,1359.1,1296.8,0.0,6448.0,0.0,0.0,710.0,2312.0,3.7,9.0,3.7,85.0,0.0,1233.75611111111,0.0,48.5,26.5,26.5,21.5,58.0,28.0,27.0,26.5,28.0,29.0,22.0,22.0,82.0,0.4200000000000159,90.0,24.5,13.79,712.9000000000001,24.89,13.952,27.0,2.5,3.0,0.0,0.0,0.0,22.0,179.0,0.0,28.0,1.0,0.0,825.6,0.0,0.0,0.6000000000000001,9.0,0.0,30.0,0.0,28.0,27.0,350.0,825.6,-50.0,0.0,0.0,0.0,0.0,400.0,0.0,0.0,0.0,0.0,0.0,0.0,47.5,710.1,4.443,59.276585,13.760294,80.0,19.997150586757616,0.0,2.4470633755833333,2.447064,406.869203,215.559164,0.6412031046306575,0.634854559040255,6.151135681902752,0.0076875156386361,16.257160493827158,13.1683,0.0,,24.469999999999985
443.0,13.4,46.5,709.2,0.0,0.0,0.0,27.0,20.0,26.0,24.0,25.0,25.0,24.0,24.0,24.0,32.9778,25.0,38.0,1233.756666666667,4441524.0,0.0,0.0,4.925,3.94,3.69375,25.0,1821.7,1793.7,1359.1,1296.8,0.0,6563.0,0.0,0.0,707.0,2312.0,3.68,9.0,3.68,77.0,0.0,1233.75666666667,0.0,48.5,26.5,26.5,21.5,58.0,28.0,27.0,26.5,28.0,29.0,22.0,22.0,82.0,0.4200000000000159,90.0,24.5,13.79,712.9000000000001,24.89,13.952,27.0,2.5,3.0,0.0,0.0,0.0,22.0,179.0,0.0,28.0,1.0,0.0,825.6,0.0,0.0,0.6000000000000001,9.0,0.0,30.0,0.0,28.0,28.0,350.0,825.6,-50.0,0.0,0.0,0.0,0.0,400.0,0.0,0.0,0.0,0.0,0.0,0.0,47.0,708.6,4.443,59.276585,13.760294,80.0,19.997150586757616,0.0,2.4470633755833333,2.447064,406.869203,215.559164,0.6606182546839056,0.654077479885055,2.4865212354978197,0.0192229208448,40.216829268292685,32.9778,0.0,,24.469999999999985
444.0,13.4,46.5,709.2,0.0,0.0,0.0,27.0,20.0,26.0,24.0,25.0,25.0,24.0,24.0,24.0,32.9778,25.0,38.0,1233.756666666667,4441524.0,0.0,0.0,4.925,3.94,3.69375,25.0,1821.7,1793.7,1359.1,1296.8,0.0,6563.0,0.0,0.0,707.0,2312.0,3.68,9.0,3.68,77.0,0.0,1233.75666666667,0.0,48.5,26.5,26.5,21.5,58.0,28.0,27.0,26.5,28.0,29.0,22.0,22.0,83.0,0.0,90.0,24.5,13.792,711.4000000000001,24.77,13.934,27.0,0.0,3.0,0.0,0.0,0.0,22.0,179.0,0.0,28.0,1.0,0.0,825.6,0.0,0.0,0.6000000000000001,9.0,0.0,30.0,0.0,28.0,28.0,350.0,825.6,-50.0,0.0,0.0,0.0,0.0,400.0,0.0,0.0,0.0,0.0,0.0,0.0,47.0,708.6,4.443,62.10858,13.7495514,84.203125,20.296209337932535,0.0,2.4955049122777777,2.495506,406.917645,215.607606,0.6606182546839056,0.654077479885055,2.4865212354978197,0.0192229208448,40.216829268292685,32.9778,0.0,,24.77
445.0,13.4,46.5,709.2,0.0,0.0,0.0,27.0,20.0,26.0,24.0,25.0,25.0,24.0,24.0,24.0,32.9778,25.0,38.0,1233.756666666667,4441524.0,0.0,0.0,4.925,3.94,3.69375,25.0,1821.7,1793.7,1359.1,1296.8,0.0,6563.0,0.0,0.0,707.0,2312.0,3.68,9.0,3.68,77.0,0.0,1233.75666666667,0.0,48.5,26.5,26.5,21.5,58.0,28.0,27.0,26.5,28.0,29.0,22.0,22.0,83.0,0.0,90.0,24.5,13.792,711.4000000000001,24.77,13.934,27.0,0.0,3.0,0.0,0.0,0.0,22.0,179.0,0.0,28.0,1.0,0.0,825.6,0.0,0.0,0.6000000000000001,9.0,0.0,30.0,0.0,28.0,28.0,350.0,825.6,-50.0,0.0,0.0,0.0,0.0,400.0,0.0,0.0,0.0,0.0,0.0,0.0,47.0,709.6,4.443,62.10858,13.7495514,84.203125,20.296209337932535,0.0,2.4955049122777777,2.495506,406.917645,215.607606,0.6606182546839056,0.654077479885055,2.4865212354978197,0.0192229208448,40.216829268292685,32.9778,0.0,,24.77
446.0,13.3,53.0,708.5,0.0,0.0,0.0,27.0,20.0,26.0,24.0,25.0,25.0,24.0,24.0,24.0,37.5505,25.0,38.0,1233.7572222222225,4441526.0,0.0,0.0,4.92013888888889,3.93611111111111,3.69010416666667,25.0,1821.7,1793.7,1359.1,1296.8,0.0,6695.0,0.0,0.0,706.0,2312.0,3.68,20.0,3.68,78.0,0.0,1233.75722222222,0.0,48.5,26.5,26.5,21.5,58.0,28.0,27.0,26.5,28.0,29.0,22.0,22.0,85.0,0.4200000000000159,90.0,24.5,13.791,708.6,24.86,13.946,27.0,1.4,3.0,0.0,0.0,0.0,22.0,179.0,0.0,28.0,1.0,0.0,825.6,0.0,0.0,0.6000000000000001,9.0,0.0,30.0,0.0,28.0,28.0,350.0,825.6,-50.0,0.0,0.0,0.0,0.0,400.0,0.0,0.0,0.0,0.0,0.0,0.0,47.0,709.6,4.443,63.768715,13.7612706,84.0,20.59695395535915,0.0,2.5443087389444443,2.54431,406.966449,215.65641,0.6824385834376031,0.6756817657798051,2.2103567196175815,0.0216042858947499,45.24156626506024,37.5505,0.0,,24.439999999999984
447.0,13.3,53.0,708.5,0.0,0.0,0.0,27.0,20.0,26.0,24.0,25.0,25.0,24.0,24.0,24.0,37.5505,25.0,38.0,1233.7572222222225,4441526.0,0.0,0.0,4.92013888888889,3.93611111111111,3.69010416666667,25.0,1821.7,1793.7,1359.1,1296.8,0.0,6695.0,0.0,0.0,706.0,2312.0,3.68,20.0,3.68,78.0,0.0,1233.75722222222,0.0,48.5,26.5,26.5,21.5,58.0,28.0,27.0,26.5,28.0,29.0,22.0,22.0,85.0,0.4200000000000159,90.0,24.5,13.791,708.6,24.86,13.946,27.0,1.4,3.0,0.0,0.0,0.0,22.0,179.0,0.0,28.0,1.0,0.0,825.6,0.0,0.0,0.6000000000000001,9.0,0.0,30.0,0.0,28.0,28.0,350.0,825.6,-50.0,0.0,0.0,0.0,0.0,400.0,0.0,0.0,0.0,0.0,0.0,0.0,47.0,708.8000000000001,4.443,63.768715,13.7612706,84.0,20.59695395535915,0.0,2.5443087389444443,2.54431,406.966449,215.65641,0.6824385834376031,0.6756817657798051,2.2103567196175815,0.0216042858947499,45.24156626506024,37.5505,0.0,,24.439999999999984
448.0,13.4,38.1,709.4,0.0,0.0,0.0,27.0,20.0,26.0,24.0,25.0,25.0,24.0,24.0,24.0,27.02814,25.0,38.0,1233.7577777777778,4441528.0,0.0,0.0,4.92638888888889,3.94111111111111,3.69479166666667,25.0,1821.7,1793.7,1359.1,1296.8,0.0,6856.0,0.0,0.0,707.0,2312.0,3.68,9.0,3.68,78.0,0.0,1233.75777777778,0.0,48.5,26.5,26.5,21.5,58.0,28.0,27.0,26.5,28.0,29.0,22.5,22.5,87.0,0.2599999999999909,90.0,24.5,13.808,711.5,24.87,13.941,27.0,-5.6000000000000005,3.0,0.0,0.0,0.0,22.0,179.0,0.0,28.0,1.0,0.0,825.6,0.0,0.0,0.6000000000000001,9.0,0.0,30.0,0.0,28.0,28.0,350.0,825.6,-50.0,0.0,0.0,0.0,0.0,400.0,0.0,0.0,0.0,0.0,0.0,0.0,47.0,708.8000000000001,4.443,61.083202500000006,13.750528,84.0,20.89084258834198,0.0,2.592084457861111,2.592086,407.014225,215.704186,0.6974446371497373,0.6905392447027101,3.144870494233047,0.014857478922905,31.79781176470588,27.02814,0.0,0.0205955605987908,24.61000000000001
449.0,13.4,38.1,709.4,0.0,0.0,0.0,27.0,20.0,26.0,24.0,25.0,25.0,24.0,24.0,24.0,27.02814,25.0,38.0,1233.7577777777778,4441528.0,0.0,0.0,4.92638888888889,3.94111111111111,3.69479166666667,25.0,1821.7,1793.7,1359.1,1296.8,0.0,6856.0,0.0,0.0,707.0,2312.0,3.68,9.0,3.68,78.0,0.0,1233.75777777778,0.0,48.5,26.5,26.5,21.5,58.0,28.0,27.0,26.5,28.0,29.0,22.5,22.5,87.0,0.2599999999999909,90.0,24.5,13.808,711.5,24.87,13.941,27.0,-5.6000000000000005,3.0,0.0,0.0,0.0,22.0,179.0,0.0,28.0,1.0,0.0,825.6,0.0,0.0,0.6000000000000001,9.0,0.0,30.0,0.0,28.0,28.0,350.0,825.6,-50.0,0.0,0.0,0.0,0.0,400.0,0.0,0.0,0.0,0.0,0.0,0.0,47.0,708.9000000000001,4.442,61.083202500000006,13.750528,84.0,20.89084258834198,0.0,2.592084457861111,2.592086,407.014225,215.704186,0.6974446371497373,0.6905392447027101,3.144870494233047,0.014857478922905,31.79781176470588,27.02814,0.0,0.0205955605987908,24.61000000000001
450.0,13.3,42.4,708.8,0.0,0.0,0.0,27.0,20.0,26.0,24.0,25.0,25.0,24.0,24.0,24.0,30.05312,25.0,38.0,1233.7583333333334,4441530.0,0.0,0.0,4.92222222222222,3.93777777777778,3.69166666666667,25.0,1821.7,1793.8,1359.1,1296.8,0.0,6930.0,0.0,0.0,707.0,2320.0,3.68,11.0,3.68,78.0,0.0,1233.75833333333,0.0,48.5,26.5,26.5,21.5,58.0,28.0,27.0,26.5,28.0,29.0,22.5,22.5,88.0,0.2400000000000091,90.0,24.5,13.79,712.0,24.29,13.941,27.0,-3.7,3.0,0.0,0.0,0.0,22.0,179.0,0.0,28.0,1.0,0.0,825.6,0.0,0.0,0.6000000000000001,9.0,0.0,30.0,0.0,28.0,28.0,350.0,825.6,-50.0,0.0,0.0,0.0,0.0,400.0,0.0,0.0,0.0,0.0,0.0,0.0,47.0,708.9000000000001,4.442,55.761005,13.760294,88.3125,21.19535526588581,0.0,2.641855253416667,2.641857,407.063996,215.753957,0.7146764681727505,0.7076004635373768,2.8948741428510587,0.0170612188346666,34.543816091954014,30.053119999999996,0.0,0.0207403874973767,24.04999999999999
451.0,13.3,42.4,708.8,0.0,0.0,0.0,27.0,20.0,26.0,24.0,25.0,25.0,24.0,24.0,24.0,30.05312,25.0,38.0,1233.7583333333334,4441530.0,0.0,0.0,4.92222222222222,3.93777777777778,3.69166666666667,25.0,1821.7,1793.8,1359.1,1296.8,0.0,6930.0,0.0,0.0,707.0,2320.0,3.68,11.0,3.68,78.0,0.0,1233.75833333333,0.0,48.5,26.5,26.5,21.5,58.0,28.0,27.0,26.5,28.0,29.0,22.5,22.5,88.0,0.2400000000000091,90.0,24.5,13.79,712.0,24.29,13.941,27.0,-3.7,3.0,0.0,0.0,0.0,22.0,179.0,0.0,28.0,1.0,0.0,825.6,0.0,0.0,0.6000000000000001,9.0,0.0,30.0,0.0,28.0,28.0,350.0,825.6,-50.0,0.0,0.0,0.0,0.0,400.0,0.0,0.0,0.0,0.0,0.0,0.0,47.0,710.9000000000001,4.442,55.761005,13.760294,88.3125,21.19535526588581,0.0,2.641855253416667,2.641857,407.063996,215.753957,0.7146764681727505,0.7076004635373768,2.8948741428510587,0.0170612188346666,34.543816091954014,30.053119999999996,0.0,0.0207403874973767,24.04999999999999
452.0,13.3,17.2,711.1,0.0,0.0,0.0,27.0,20.0,26.0,24.0,25.0,25.0,24.0,24.0,24.0,12.23092,25.0,38.0,1233.7588888888888,4441532.0,0.0,0.0,4.93819444444444,3.95055555555556,3.70364583333333,25.0,1821.7,1793.8,1359.1,1296.8,0.0,6891.0,0.0,0.0,709.0,2320.0,3.7,9.0,3.7,49.0,0.0,1233.75888888889,0.0,48.5,26.5,26.5,21.5,58.0,28.0,27.0,26.5,28.0,29.0,23.0,23.0,87.0,0.2599999999999909,90.0,24.5,13.807,713.9000000000001,24.19,13.951,27.0,-4.800000000000001,3.0,0.0,0.0,0.0,22.0,179.0,0.0,28.0,1.0,0.0,825.6,0.0,0.0,0.6000000000000001,9.0,0.0,30.0,0.0,28.0,28.0,350.0,825.6,-50.0,0.0,0.0,0.0,0.0,400.0,0.0,0.0,0.0,0.0,0.0,0.0,47.0,710.9000000000001,4.442,55.761005,13.760294,88.3125,21.483972649708814,0.0,2.6896260520000004,2.689628,407.111767,215.801728,0.7214700569128037,0.714326789022578,7.194879861858307,0.0067263254852011,13.898772727272728,12.23092,0.0,0.0207403874973767,23.93000000000001
453.0,13.3,17.2,711.1,0.0,0.0,0.0,27.0,20.0,26.0,24.0,25.0,25.0,24.0,24.0,24.0,12.23092,25.0,38.0,1233.7588888888888,4441532.0,0.0,0.0,4.93819444444444,3.95055555555556,3.70364583333333,25.0,1821.7,1793.8,1359.1,1296.8,0.0,6891.0,0.0,0.0,709.0,2320.0,3.7,9.0,3.7,49.0,0.0,1233.75888888889,0.0,48.5,26.5,26.5,21.5,58.0,28.0,27.0,26.5,28.0,29.0,23.0,23.0,87.0,0.2599999999999909,90.0,24.5,13.807,713.9000000000001,24.19,13.951,27.0,-4.800000000000001,3.0,0.0,0.0,0.0,22.0,179.0,0.0,28.0,1.0,0.0,825.6,0.0,0.0,0.6000000000000001,9.0,0.0,30.0,0.0,28.0,28.0,350.0,825.6,-50.0,0.0,0.0,0.0,0.0,400.0,0.0,0.0,0.0,0.0,0.0,0.0,47.0,711.8000000000001,4.442,58.9347925,13.740762,84.0,21.483972649708814,0.0,2.6896260520000004,2.689628,407.111767,215.801728,0.7214700569128037,0.714326789022578,7.194879861858307,0.0067263254852011,13.898772727272728,12.23092,0.0,0.0207403874973767,23.93000000000001
454.0,13.3,-40.6,716.0,0.0,0.0,0.0,27.0,20.0,26.0,24.0,25.0,25.0,24.0,24.0,24.0,-29.0696,25.0,38.0,1233.7594444444444,4441534.0,0.0,0.0,4.97222222222222,3.97777777777778,3.72916666666667,25.0,1821.7,1793.8,1359.1,1296.8,0.0,6700.0,0.0,0.0,714.0,2320.0,3.72,9.0,3.72,40.0,0.0,1233.75944444444,0.0,48.5,26.5,26.5,21.5,58.0,28.0,27.0,26.5,28.0,29.0,23.0,23.0,84.0,0.3700000000000045,90.0,24.5,13.79,719.5,24.89,13.94,27.0,-4.2,3.0,0.0,0.0,0.0,22.0,179.0,0.0,28.0,1.0,0.0,825.6,0.0,0.0,0.6000000000000001,9.0,0.0,30.0,0.0,28.0,28.0,350.0,825.6,-50.0,0.0,0.0,0.0,0.0,400.0,0.0,0.0,0.0,0.0,0.0,0.0,47.0,711.8000000000001,4.442,58.9347925,13.740762,84.0,21.778923978236765,0.0,2.739476542666667,2.739478,407.161617,215.851578,0.7041282977660591,0.6971567304614447,-2.992817238627295,-0.0171700585611333,-33.41333333333333,-29.0696,0.0,,24.519999999999996
455.0,13.3,-40.6,716.0,0.0,0.0,0.0,27.0,20.0,26.0,24.0,25.0,25.0,24.0,24.0,24.0,-29.0696,25.0,38.0,1233.7594444444444,4441534.0,0.0,0.0,4.97222222222222,3.97777777777778,3.72916666666667,25.0,1821.7,1793.8,1359.1,1296.8,0.0,6700.0,0.0,0.0,714.0,2320.0,3.72,9.0,3.72,40.0,0.0,1233.75944444444,0.0,48.5,26.5,26.5,21.5,58.0,28.0,27.0,26.5,28.0,29.0,23.0,23.0,84.0,0.3700000000000045,90.0,24.5,13.79,719.5,24.89,13.94,27.0,-4.2,3.0,0.0,0.0,0.0,22.0,179.0,0.0,28.0,1.0,0.0,825.6,0.0,0.0,0.6000000000000001,9.0,0.0,30.0,0.0,28.0,28.0,350.0,825.6,-50.0,0.0,0.0,0.0,0.0,400.0,0.0,0.0,0.0,0.0,0.0,0.0,47.0,714.7,4.443,37.987795,13.770548300000002,80.0,21.778923978236765,0.0,2.739476542666667,2.739478,407.161617,215.851578,0.7041282977660591,0.6971567304614447,-2.992817238627295,-0.0171700585611333,-33.41333333333333,-29.0696,0.0,,24.519999999999996
456.0,13.4,-2.2,713.6,0.0,0.0,0.0,27.0,20.0,26.0,24.0,25.0,25.0,24.0,24.0,24.0,-1.56992,25.0,38.0,1233.76,4441536.0,0.0,0.0,4.95555555555556,3.96444444444444,3.71666666666667,25.0,1821.7,1793.8,1359.1,1296.8,0.0,6274.0,0.0,0.0,711.0,2320.0,3.72,9.0,3.72,181.0,0.0,1233.76,0.0,48.5,26.5,26.5,21.5,58.0,28.0,27.0,26.5,28.0,29.0,23.0,23.0,79.0,0.2599999999999909,90.0,24.5,13.808,713.9000000000001,24.51,13.941,27.0,0.0,3.0,0.0,0.0,0.0,22.0,179.0,0.0,28.0,1.0,0.0,825.6,0.0,0.0,0.6000000000000001,9.0,0.0,30.0,0.0,28.0,28.0,350.0,825.6,-50.0,0.0,0.0,0.0,0.0,400.0,0.0,0.0,0.0,0.0,0.0,0.0,47.0,714.7,4.443,37.987795,13.770548300000002,80.0,22.035667213751964,0.0,2.7842637778611112,2.784265,407.206404,215.896365,0.7032302503114403,0.6962675745657825,-53.50591112922953,-0.0008891558956622,-1.8689523809523805,-1.56992,0.0,-0.027669872904011,24.25000000000001
457.0,13.4,-2.2,713.6,0.0,0.0,0.0,27.0,20.0,26.0,24.0,25.0,25.0,24.0,24.0,24.0,-1.56992,25.0,38.0,1233.76,4441536.0,0.0,0.0,4.95555555555556,3.96444444444444,3.71666666666667,25.0,1821.7,1793.8,1359.1,1296.8,0.0,6274.0,0.0,0.0,711.0,2320.0,3.72,9.0,3.72,181.0,0.0,1233.76,0.0,48.5,26.5,26.5,21.5,58.0,28.0,27.0,26.5,28.0,29.0,23.0,23.0,79.0,0.2599999999999909,90.0,24.5,13.808,713.9000000000001,24.51,13.941,27.0,0.0,3.0,0.0,0.0,0.0,22.0,179.0,0.0,28.0,1.0,0.0,825.6,0.0,0.0,0.6000000000000001,9.0,0.0,30.0,0.0,28.0,27.0,350.0,825.6,-50.0,0.0,0.0,0.0,0.0,400.0,0.0,0.0,0.0,0.0,0.0,0.0,47.0,709.2,4.444,57.61645000000001,13.7417386,76.0,22.035667213751964,0.0,2.7842637778611112,2.784265,407.206404,215.896365,0.7032302503114403,0.6962675745657825,-53.50591112922953,-0.0008891558956622,-1.8689523809523805,-1.56992,0.0,-0.027669872904011,24.25000000000001
458.0,13.4,48.8,709.2,0.0,0.0,0.0,27.0,20.0,26.0,24.0,25.0,25.0,24.0,24.0,24.0,34.60896,25.0,38.0,1233.7605555555556,4441538.0,0.0,0.0,4.925,3.94,3.69375,25.0,1821.7,1793.8,1359.1,1296.8,0.0,6347.0,0.0,0.0,706.0,2335.0,3.7,14.0,3.68,77.0,0.0,1233.76055555556,0.0,48.5,26.5,26.5,21.5,58.0,28.0,27.0,26.5,28.0,29.0,23.0,23.0,81.0,0.1899999999999977,90.0,24.5,13.79,711.4000000000001,24.33,13.925,27.0,-4.7,3.0,0.0,0.0,0.0,22.0,179.0,0.0,28.0,1.0,0.0,825.6,0.0,0.0,0.6000000000000001,9.0,0.0,30.0,0.0,28.0,27.0,350.0,825.6,-50.0,0.0,0.0,0.0,0.0,400.0,0.0,0.0,0.0,0.0,0.0,0.0,47.0,709.2,4.444,57.61645000000001,13.7417386,76.0,22.298132855571627,0.0,2.8300241698611113,2.830025,407.252164,215.942125,0.7230549377529547,0.7158959779732225,2.2826458812977912,0.0196284034074399,43.80881012658227,34.608959999999996,0.0,-0.027669872904011,24.14
459.0,13.4,48.8,709.2,0.0,0.0,0.0,27.0,20.0,26.0,24.0,25.0,25.0,24.0,24.0,24.0,34.60896,25.0,38.0,1233.7605555555556,4441538.0,0.0,0.0,4.925,3.94,3.69375,25.0,1821.7,1793.8,1359.1,1296.8,0.0,6347.0,0.0,0.0,706.0,2335.0,3.7,14.0,3.68,77.0,0.0,1233.76055555556,0.0,48.5,26.5,26.5,21.5,58.0,28.0,27.0,26.5,28.0,29.0,23.0,23.0,81.0,0.1899999999999977,90.0,24.5,13.79,711.4000000000001,24.33,13.925,27.0,-4.7,3.0,0.0,0.0,0.0,22.0,179.0,0.0,28.0,1.0,0.0,825.6,0.0,0.0,0.6000000000000001,9.0,0.0,30.0,0.0,28.0,27.0,350.0,825.6,-50.0,0.0,0.0,0.0,0.0,400.0,0.0,0.0,0.0,0.0,0.0,0.0,47.0,709.4000000000001,4.443,58.78831,13.7695717,81.390625,22.298132855571627,0.0,2.8300241698611113,2.830025,407.252164,215.942125,0.7230549377529547,0.7158959779732225,2.2826458812977912,0.0196284034074399,43.80881012658227,34.608959999999996,0.0,-0.027669872904011,24.14
460.0,13.3,16.7,711.1,0.0,0.0,0.0,27.0,20.0,26.0,24.0,25.0,25.0,24.0,24.0,24.0,11.87537,25.0,38.0,1233.7611111111112,4441540.0,0.0,0.0,4.93819444444444,3.95055555555556,3.70364583333333,25.0,1821.7,1793.8,1359.1,1296.8,0.0,6461.0,0.0,0.0,709.0,2335.0,3.7,9.0,3.7,77.0,0.0,1233.76111111111,0.0,48.5,26.5,26.5,21.5,58.0,28.0,27.0,26.5,28.0,29.0,23.5,23.5,81.0,0.2599999999999909,90.0,24.5,13.807,715.4000000000001,24.66,13.941,27.0,-4.3,3.0,0.0,0.0,0.0,22.0,179.0,0.0,28.0,1.0,0.0,825.6,0.0,0.0,0.6000000000000001,9.0,0.0,30.0,0.0,28.0,27.0,350.0,825.6,-50.0,0.0,0.0,0.0,0.0,400.0,0.0,0.0,0.0,0.0,0.0,0.0,47.0,709.4000000000001,4.443,58.78831,13.7695717,81.390625,22.55484925819035,0.0,2.8751797888611113,2.875181,407.29732,215.987281,0.7296548938926682,0.7224305880125428,6.820840108560829,0.0065346100393202,14.660950617283946,11.875369999999998,0.0,,24.40000000000001
461.0,13.3,16.7,711.1,0.0,0.0,0.0,27.0,20.0,26.0,24.0,25.0,25.0,24.0,24.0,24.0,11.87537,25.0,38.0,1233.7611111111112,4441540.0,0.0,0.0,4.93819444444444,3.95055555555556,3.70364583333333,25.0,1821.7,1793.8,1359.1,1296.8,0.0,6461.0,0.0,0.0,709.0,2335.0,3.7,9.0,3.7,77.0,0.0,1233.76111111111,0.0,48.5,26.5,26.5,21.5,58.0,28.0,27.0,26.5,28.0,29.0,23.5,23.5,81.0,0.2599999999999909,90.0,24.5,13.807,715.4000000000001,24.66,13.941,27.0,-4.3,3.0,0.0,0.0,0.0,22.0,179.0,0.0,28.0,1.0,0.0,825.6,0.0,0.0,0.6000000000000001,9.0,0.0,30.0,0.0,28.0,28.0,350.0,825.6,-50.0,0.0,0.0,0.0,0.0,400.0,0.0,0.0,0.0,0.0,0.0,0.0,47.0,711.8000000000001,4.443,48.973982500000005,13.750528,81.0625,22.55484925819035,0.0,2.8751797888611113,2.875181,407.29732,215.987281,0.7296548938926682,0.7224305880125428,6.820840108560829,0.0065346100393202,14.660950617283946,11.875369999999998,0.0,,24.40000000000001
462.0,13.4,-10.0,713.5,0.0,0.0,0.0,27.0,20.0,26.0,24.0,25.0,25.0,24.0,24.0,24.0,-7.135,25.0,38.0,1233.7616666666668,4441542.0,0.0,0.0,4.95486111111111,3.96388888888889,3.71614583333333,25.0,1821.7,1793.8,1359.1,1296.8,0.0,6325.0,0.0,0.0,712.0,2335.0,3.7,95.0,3.7,85.0,0.0,1233.76166666667,0.0,48.5,26.5,26.5,21.5,58.0,28.0,27.0,26.5,28.0,29.0,23.5,23.5,80.0,0.25,90.0,24.5,13.807,715.6,25.12,13.921,27.0,-4.3,3.0,0.0,0.0,0.0,22.0,179.0,0.0,28.0,1.0,0.0,825.6,0.0,0.0,0.6000000000000001,9.0,0.0,30.0,0.0,28.0,28.0,350.0,825.6,-50.0,0.0,0.0,0.0,0.0,400.0,0.0,0.0,0.0,0.0,0.0,0.0,47.0,711.8000000000001,4.443,48.973982500000005,13.750528,81.0625,22.80538259986577,0.0,2.9198507644166667,2.919852,407.341991,216.031952,0.7255740561919141,0.7183901546454594,-11.352487736510165,-0.0040404333670833,-8.80864197530864,-7.135,0.0,,24.87
463.0,13.4,-10.0,713.5,0.0,0.0,0.0,27.0,20.0,26.0,24.0,25.0,25.0,24.0,24.0,24.0,-7.135,25.0,38.0,1233.7616666666668,4441542.0,0.0,0.0,4.95486111111111,3.96388888888889,3.71614583333333,25.0,1821.7,1793.8,1359.1,1296.8,0.0,6325.0,0.0,0.0,712.0,2335.0,3.7,95.0,3.7,85.0,0.0,1233.76166666667,0.0,48.5,26.5,26.5,21.5,58.0,28.0,27.0,26.5,28.0,29.0,23.5,23.5,80.0,0.25,90.0,24.5,13.807,715.6,25.12,13.921,27.0,15.6,3.0,0.0,0.0,0.0,22.0,179.0,0.0,28.0,1.0,0.0,825.6,0.0,0.0,0.6000000000000001,9.0,0.0,30.0,0.0,28.0,27.0,350.0,825.6,-50.0,0.0,0.0,0.0,0.0,400.0,0.0,0.0,0.0,0.0,0.0,0.0,47.0,713.3000000000001,4.443,44.335370000000005,13.740762,76.0,22.80538259986577,0.0,2.9198507644166667,2.919852,407.341991,216.031952,0.7255740561919141,0.7183901546454594,-11.352487736510165,-0.0040404333670833,-8.80864197530864,-7.135,0.0,,24.87
464.0,13.3,0.9,713.2,0.0,0.0,0.0,28.0,20.0,26.0,24.0,25.0,25.0,24.0,24.0,24.0,0.64188,25.0,38.0,1233.762222222222,4441544.0,0.0,0.0,4.95277777777778,3.96222222222222,3.71458333333333,25.0,1821.7,1793.8,1359.1,1296.8,0.0,6151.0,0.0,0.0,711.0,2335.0,3.72,9.0,3.7,77.0,0.0,1233.76222222222,0.0,48.5,26.5,26.5,21.5,58.0,28.0,27.0,26.5,28.0,29.0,24.0,24.0,78.0,0.1899999999999977,90.0,24.5,13.79,715.1,25.35,13.944,27.0,15.6,3.0,0.0,0.0,0.0,22.0,179.0,0.0,28.0,1.0,0.0,825.6,0.0,0.0,0.6000000000000001,9.0,0.0,30.0,0.0,28.0,27.0,350.0,825.6,-50.0,0.0,0.0,0.0,0.0,400.0,0.0,0.0,0.0,0.0,0.0,0.0,47.0,713.3000000000001,4.443,44.335370000000005,13.740762,76.0,23.048640659517165,0.0,2.9640593574166667,2.964061,407.3862,216.076161,0.7259416690381548,0.7187541277605494,124.63388795413468,0.00036397311509,0.8023500000000003,0.6418800000000001,0.0,-0.0035005867125474,25.160000000000004
465.0,13.3,0.9,713.2,0.0,0.0,0.0,28.0,20.0,26.0,24.0,25.0,25.0,24.0,24.0,24.0,0.64188,25.0,38.0,1233.762222222222,4441544.0,0.0,0.0,4.95277777777778,3.96222222222222,3.71458333333333,25.0,1821.7,1793.8,1359.1,1296.8,0.0,6151.0,0.0,0.0,711.0,2335.0,3.72,9.0,3.7,77.0,0.0,1233.76222222222,0.0,48.5,26.5,26.5,21.5,58.0,28.0,27.0,26.5,28.0,29.0,24.0,24.0,78.0,0.1899999999999977,90.0,24.5,13.79,715.1,25.35,13.944,27.0,-2.6,3.0,0.0,0.0,0.0,22.0,179.0,0.0,28.0,1.0,0.0,825.6,0.0,0.0,0.6000000000000001,9.0,0.0,30.0,0.0,28.0,28.0,350.0,825.6,-50.0,0.0,0.0,0.0,0.0,400.0,0.0,0.0,0.0,0.0,0.0,0.0,47.0,713.3000000000001,4.443,52.14777,13.7695717,76.0,23.048640659517165,0.0,2.9640593574166667,2.964061,407.3862,216.076161,0.7259416690381548,0.7187541277605494,124.63388795413468,0.00036397311509,0.8023500000000003,0.6418800000000001,0.0,-0.0035005867125474,25.160000000000004
466.0,13.4,5.6,712.7,0.0,0.0,0.0,28.0,20.0,26.0,24.0,25.0,25.0,24.0,24.0,24.0,3.99112,25.0,38.0,1233.7627777777775,4441546.0,0.0,0.0,4.94930555555556,3.95944444444444,3.71197916666667,25.0,1821.7,1793.8,1359.1,1296.9,0.0,6171.0,0.0,0.0,710.0,2335.0,3.7,9.0,3.7,49.0,0.0,1233.76277777778,0.0,48.5,26.5,26.5,21.5,58.0,28.0,27.0,26.5,28.0,29.0,24.0,24.0,78.0,0.2599999999999909,90.0,24.5,13.807,713.0,28.44,13.947,27.0,-2.6,3.0,0.0,0.0,0.0,22.0,179.0,0.0,28.0,1.0,0.0,825.6,0.0,0.0,0.6000000000000001,9.0,0.0,30.0,0.0,28.0,28.0,350.0,825.6,-50.0,0.0,0.0,0.0,0.0,400.0,0.0,0.0,0.0,0.0,0.0,0.0,47.0,710.4000000000001,4.444,52.14777,13.7695717,76.0,23.29085629603528,0.0,3.0084691189166666,3.008471,407.43061,216.120571,0.7282256510921287,0.7210154961308205,19.543386317625135,0.0022613683702711,5.116820512820511,3.99112,0.0,-0.0104838411731142,28.18000000000001
467.0,13.4,5.6,712.7,0.0,0.0,0.0,28.0,20.0,26.0,24.0,25.0,25.0,24.0,24.0,24.0,3.99112,25.0,38.0,1233.7627777777775,4441546.0,0.0,0.0,4.94930555555556,3.95944444444444,3.71197916666667,25.0,1821.7,1793.8,1359.1,1296.9,0.0,6171.0,0.0,0.0,710.0,2335.0,3.7,9.0,3.7,49.0,0.0,1233.76277777778,0.0,48.5,26.5,26.5,21.5,58.0,28.0,27.0,26.5,28.0,29.0,24.0,24.0,78.0,0.2599999999999909,90.0,24.5,13.807,713.0,28.44,13.947,27.0,-14.5,3.0,0.0,0.0,0.0,22.0,179.0,0.0,28.0,1.0,0.0,825.6,0.0,0.0,0.6000000000000001,9.0,0.0,30.0,0.0,28.0,28.0,350.0,825.6,-50.0,0.0,0.0,0.0,0.0,400.0,0.0,0.0,0.0,0.0,0.0,0.0,47.0,710.4000000000001,4.444,55.761005,13.760294,76.0,23.29085629603528,0.0,3.0084691189166666,3.008471,407.43061,216.120571,0.7282256510921287,0.7210154961308205,19.543386317625135,0.0022613683702711,5.116820512820511,3.99112,0.0,-0.0104838411731142,28.18000000000001
468.0,13.4,-14.7,714.1,0.0,0.0,0.0,28.0,20.0,26.0,24.0,25.0,25.0,24.0,24.0,24.0,-10.49727,25.0,38.0,1233.763333333333,4441548.0,0.0,0.0,4.95902777777778,3.96722222222222,3.71927083333333,25.0,1821.7,1793.8,1359.1,1296.9,0.0,6157.0,0.0,0.0,712.0,2319.0,3.72,9.0,3.7,40.0,0.0,1233.76333333333,0.0,48.5,26.5,26.5,21.5,58.0,28.0,27.0,26.5,28.0,29.0,24.0,24.0,77.0,0.1399999999999863,90.0,24.5,13.789,720.0,24.94,13.942,27.0,-14.5,3.0,0.0,0.0,0.0,22.0,179.0,0.0,28.0,1.0,0.0,825.6,0.0,0.0,0.6000000000000001,9.0,0.0,30.0,0.0,28.0,28.0,350.0,825.6,-50.0,0.0,0.0,0.0,0.0,400.0,0.0,0.0,0.0,0.0,0.0,0.0,47.0,712.7,4.443,55.761005,13.760294,76.0,23.518396371129302,0.0,3.050785089194444,3.050787,407.472926,216.162887,0.7223969836443689,0.7152445382617514,-7.430503359444884,-0.0057709578690691,-13.45803846153846,-10.49727,0.0,-0.0139876209722624,24.800000000000015
469.0,13.4,-14.7,714.1,0.0,0.0,0.0,28.0,20.0,26.0,24.0,25.0,25.0,24.0,24.0,24.0,-10.49727,25.0,38.0,1233.763333333333,4441548.0,0.0,0.0,4.95902777777778,3.96722222222222,3.71927083333333,25.0,1821.7,1793.8,1359.1,1296.9,0.0,6157.0,0.0,0.0,712.0,2319.0,3.72,9.0,3.7,40.0,0.0,1233.76333333333,0.0,48.5,26.5,26.5,21.5,58.0,28.0,27.0,26.5,28.0,29.0,24.0,24.0,77.0,0.1399999999999863,90.0,24.5,13.789,720.0,24.94,13.942,27.0,23.0,3.0,0.0,0.0,0.0,22.0,179.0,0.0,28.0,1.0,0.0,825.6,0.0,0.0,0.6000000000000001,9.0,0.0,30.0,0.0,28.0,28.0,350.0,825.6,-50.0,0.0,0.0,0.0,0.0,400.0,0.0,0.0,0.0,0.0,0.0,0.0,47.0,712.7,4.443,23.5836825,13.740762,76.0,23.518396371129302,0.0,3.050785089194444,3.050787,407.472926,216.162887,0.7223969836443689,0.7152445382617514,-7.430503359444884,-0.0057709578690691,-13.45803846153846,-10.49727,0.0,-0.0139876209722624,24.800000000000015
470.0,13.3,-32.1,716.3,0.0,0.0,0.0,28.0,20.0,26.0,24.0,25.0,25.0,24.0,24.0,24.0,-22.99323,25.0,38.0,1233.763888888889,4441550.0,0.0,0.0,4.97430555555556,3.97944444444444,3.73072916666667,25.0,1821.7,1793.8,1359.1,1296.9,0.0,5725.0,0.0,0.0,714.0,2319.0,3.72,9.0,3.72,77.0,0.0,1233.76388888889,0.0,48.5,26.5,26.5,21.5,58.0,28.0,27.0,26.5,28.0,29.0,24.5,24.5,71.0,0.2599999999999909,90.0,24.5,13.808,719.9000000000001,24.26,13.949,27.0,23.0,3.0,0.0,0.0,0.0,22.0,179.0,0.0,28.0,1.0,0.0,825.6,0.0,0.0,0.6000000000000001,9.0,0.0,30.0,0.0,28.0,28.0,350.0,825.6,-50.0,0.0,0.0,0.0,0.0,400.0,0.0,0.0,0.0,0.0,0.0,0.0,47.0,717.4000000000001,4.443,23.5836825,13.740762,76.0,23.725182118422847,0.0,3.09107098225,3.091073,407.513212,216.203173,0.709245184957815,0.7022229554037772,-3.3488118024305416,-0.0130215828579741,-29.86133766233766,-22.99323,0.0,-0.031457018191891,24.00000000000001
471.0,13.3,-32.1,716.3,0.0,0.0,0.0,28.0,20.0,26.0,24.0,25.0,25.0,24.0,24.0,24.0,-22.99323,25.0,38.0,1233.763888888889,4441550.0,0.0,0.0,4.97430555555556,3.97944444444444,3.73072916666667,25.0,1821.7,1793.8,1359.1,1296.9,0.0,5725.0,0.0,0.0,714.0,2319.0,3.72,9.0,3.72,77.0,0.0,1233.76388888889,0.0,48.5,26.5,26.5,21.5,58.0,28.0,27.0,26.5,28.0,29.0,24.5,24.5,71.0,0.2599999999999909,90.0,24.5,13.808,719.9000000000001,24.26,13.949,27.0,1.8,3.0,0.0,0.0,0.0,22.0,179.0,0.0,28.0,1.0,0.0,825.6,0.0,0.0,0.6000000000000001,9.0,0.0,30.0,0.0,28.0,27.0,350.0,825.6,-50.0,0.0,0.0,0.0,0.0,400.0,0.0,0.0,0.0,0.0,0.0,0.0,47.0,717.4000000000001,4.443,35.351110000000006,13.760294,68.0,23.725182118422847,0.0,3.09107098225,3.091073,407.513212,216.203173,0.709245184957815,0.7022229554037772,-3.3488118024305416,-0.0130215828579741,-29.86133766233766,-22.99323,0.0,-0.031457018191891,24.00000000000001
472.0,13.4,-2.4,713.9,0.0,0.0,0.0,28.0,20.0,26.0,24.0,25.0,25.0,24.0,24.0,24.0,-1.71336,25.0,38.0,1233.7644444444445,4441552.0,0.0,0.0,4.95763888888889,3.96611111111111,3.71822916666667,25.0,1821.7,1793.8,1359.1,1296.9,0.0,5508.0,0.0,0.0,712.0,2319.0,3.72,9.0,3.7,49.0,0.0,1233.76444444444,0.0,48.5,26.5,26.5,21.5,58.0,28.0,27.0,26.5,28.0,29.0,24.5,24.5,70.0,0.25,90.0,24.5,13.808,715.1,24.96,13.948,27.0,1.8,3.0,0.0,0.0,0.0,22.0,179.0,0.0,28.0,1.0,0.0,825.6,0.0,0.0,0.6000000000000001,9.0,0.0,30.0,0.0,28.0,27.0,350.0,825.6,-50.0,0.0,0.0,0.0,0.0,400.0,0.0,0.0,0.0,0.0,0.0,0.0,47.0,714.0,4.443,35.351110000000006,13.760294,68.0,23.91854774395544,0.0,3.1293402875277776,3.129342,407.551481,216.241442,0.7082923365820338,0.7012795411703305,-41.43904375029182,-0.0009434142334466,-2.4131830985915497,-1.71336,0.0,-0.0281883257832469,24.71
473.0,13.4,-2.4,713.9,0.0,0.0,0.0,28.0,20.0,26.0,24.0,25.0,25.0,24.0,24.0,24.0,-1.71336,25.0,38.0,1233.7644444444445,4441552.0,0.0,0.0,4.95763888888889,3.96611111111111,3.71822916666667,25.0,1821.7,1793.8,1359.1,1296.9,0.0,5508.0,0.0,0.0,712.0,2319.0,3.72,9.0,3.7,49.0,0.0,1233.76444444444,0.0,48.5,26.5,26.5,21.5,58.0,28.0,27.0,26.5,28.0,29.0,24.5,24.5,70.0,0.25,90.0,24.5,13.808,715.1,24.96,13.948,27.0,0.9,3.0,0.0,0.0,0.0,22.0,179.0,0.0,28.0,1.0,0.0,825.6,0.0,0.0,0.6000000000000001,9.0,0.0,30.0,0.0,28.0,28.0,350.0,825.6,-50.0,0.0,0.0,0.0,0.0,400.0,0.0,0.0,0.0,0.0,0.0,0.0,47.0,714.0,4.443,47.655640000000005,13.760294,68.0,23.91854774395544,0.0,3.1293402875277776,3.129342,407.551481,216.241442,0.7082923365820338,0.7012795411703305,-41.43904375029182,-0.0009434142334466,-2.4131830985915497,-1.71336,0.0,-0.0281883257832469,24.71
474.0,13.3,49.8,709.2,0.0,0.0,0.0,28.0,20.0,26.0,24.0,25.0,25.0,24.0,24.0,24.0,35.31816,25.0,38.0,1233.765,4441554.0,0.0,0.0,4.925,3.94,3.69375,25.0,1821.7,1793.8,1359.1,1296.9,0.0,5741.0,0.0,0.0,707.0,2319.0,3.68,11.0,3.68,78.0,0.0,1233.765,0.0,48.5,26.5,26.5,21.5,58.0,28.0,27.0,26.5,28.0,29.0,24.5,24.5,73.0,0.0400000000000204,90.0,24.5,13.787,711.4000000000001,28.08,13.942,27.0,0.9,3.0,0.0,0.0,0.0,22.0,179.0,0.0,28.0,1.0,0.0,825.6,0.0,0.0,0.6000000000000001,9.0,0.0,30.0,0.0,28.0,28.0,350.0,825.6,-50.0,0.0,0.0,0.0,0.0,400.0,0.0,0.0,0.0,0.0,0.0,0.0,47.0,709.3000000000001,4.443,47.655640000000005,13.760294,68.0,24.12723787853129,0.0,3.1701229785277776,3.170125,407.592264,216.282225,0.7281923247652261,0.7209824997675506,1.9819832063731515,0.01970295859722,50.45451428571429,35.318160000000006,0.0,-0.0281883257832469,28.039999999999978
475.0,13.3,49.8,709.2,0.0,0.0,0.0,28.0,20.0,26.0,24.0,25.0,25.0,24.0,24.0,24.0,35.31816,25.0,38.0,1233.765,4441554.0,0.0,0.0,4.925,3.94,3.69375,25.0,1821.7,1793.8,1359.1,1296.9,0.0,5741.0,0.0,0.0,707.0,2319.0,3.68,11.0,3.68,78.0,0.0,1233.765,0.0,48.5,26.5,26.5,21.5,58.0,28.0,27.0,26.5,28.0,29.0,24.5,24.5,73.0,0.0400000000000204,90.0,24.5,13.787,711.4000000000001,28.08,13.942,27.0,15.5,3.0,0.0,0.0,0.0,22.0,179.0,0.0,28.0,1.0,0.0,825.6,0.0,0.0,0.6000000000000001,9.0,0.0,30.0,0.0,28.0,28.0,350.0,825.6,-50.0,0.0,0.0,0.0,0.0,400.0,0.0,0.0,0.0,0.0,0.0,0.0,47.0,709.3000000000001,4.443,62.596855000000005,13.760294,72.0,24.12723787853129,0.0,3.1701229785277776,3.170125,407.592264,216.282225,0.7281923247652261,0.7209824997675506,1.9819832063731515,0.01970295859722,50.45451428571429,35.318160000000006,0.0,-0.0281883257832469,28.039999999999978
476.0,13.3,48.6,709.1,0.0,0.0,0.0,28.0,20.0,26.0,24.0,25.0,25.0,24.0,24.0,24.0,34.46226,25.0,38.0,1233.7655555555557,4441556.0,0.0,0.0,4.92430555555556,3.93944444444444,3.69322916666667,25.0,1821.7,1793.9,1359.1,1296.9,0.0,6132.0,0.0,0.0,706.0,2312.0,3.68,24.0,3.68,77.0,0.0,1233.76555555556,0.0,48.5,26.5,26.5,21.5,58.0,28.0,27.0,26.5,28.0,29.0,24.5,24.5,78.0,0.3899999999999863,90.0,24.5,13.79,712.1,24.86,13.954,27.0,15.5,3.0,0.0,0.0,0.0,22.0,179.0,0.0,28.0,1.0,0.0,825.6,0.0,0.0,0.6000000000000001,9.0,0.0,30.0,0.0,28.0,28.0,350.0,825.6,-50.0,0.0,0.0,0.0,0.0,400.0,0.0,0.0,0.0,0.0,0.0,0.0,47.0,708.1,4.443,62.596855000000005,13.760294,72.0,24.351927010586454,0.0,3.2130460751944443,3.213048,407.635187,216.325148,0.7473467959081842,0.7399473226813705,2.118259220376145,0.01896482291382,47.20857534246576,34.46226,0.0,,24.470000000000013
477.0,13.3,48.6,709.1,0.0,0.0,0.0,28.0,20.0,26.0,24.0,25.0,25.0,24.0,24.0,24.0,34.46226,25.0,38.0,1233.7655555555557,4441556.0,0.0,0.0,4.92430555555556,3.93944444444444,3.69322916666667,25.0,1821.7,1793.9,1359.1,1296.9,0.0,6132.0,0.0,0.0,706.0,2312.0,3.68,24.0,3.68,77.0,0.0,1233.76555555556,0.0,48.5,26.5,26.5,21.5,58.0,28.0,27.0,26.5,28.0,29.0,24.5,24.5,78.0,0.3899999999999863,90.0,24.5,13.79,712.1,24.86,13.954,27.0,-3.1,3.0,0.0,0.0,0.0,22.0,179.0,0.0,28.0,1.0,0.0,825.6,0.0,0.0,0.6000000000000001,9.0,0.0,30.0,0.0,28.0,27.0,350.0,825.6,-50.0,0.0,0.0,0.0,0.0,400.0,0.0,0.0,0.0,0.0,0.0,0.0,47.0,708.1,4.443,57.9582425,13.760294,76.0,24.351927010586454,0.0,3.2130460751944443,3.213048,407.635187,216.325148,0.7473467959081842,0.7399473226813705,2.118259220376145,0.01896482291382,47.20857534246576,34.46226,0.0,,24.470000000000013
478.0,13.4,53.1,708.1,0.0,0.0,0.0,28.0,20.0,26.0,24.0,25.0,25.0,24.0,24.0,24.0,37.60011,25.0,38.0,1233.766111111111,4441558.0,0.0,0.0,4.91736111111111,3.93388888888889,3.68802083333333,25.0,1821.7,1793.9,1359.1,1296.9,0.0,6458.0,0.0,0.0,706.0,2312.0,3.68,11.0,3.68,78.0,0.0,1233.76611111111,0.0,48.0,26.5,26.5,21.5,58.0,28.0,27.0,26.5,28.0,29.0,24.5,24.5,82.0,0.2599999999999909,90.0,24.5,13.807,712.8000000000001,24.74,13.95,27.0,-3.1,3.0,0.0,0.0,0.0,22.0,179.0,0.0,28.0,1.0,0.0,825.6,0.0,0.0,0.6000000000000001,9.0,0.0,30.0,0.0,28.0,27.0,350.0,825.6,-50.0,0.0,0.0,0.0,0.0,400.0,0.0,0.0,0.0,0.0,0.0,0.0,47.0,708.8000000000001,4.443,57.9582425,13.760294,76.0,24.595806586984377,0.0,3.259011289083334,3.259013,407.681152,216.371113,0.768536332948003,0.7609270623247555,2.074462016201548,0.020979739643385,48.20526923076923,37.60011,0.0,,24.480000000000008
479.0,13.4,53.1,708.1,0.0,0.0,0.0,28.0,20.0,26.0,24.0,25.0,25.0,24.0,24.0,24.0,37.60011,25.0,38.0,1233.766111111111,4441558.0,0.0,0.0,4.91736111111111,3.93388888888889,3.68802083333333,25.0,1821.7,1793.9,1359.1,1296.9,0.0,6458.0,0.0,0.0,706.0,2312.0,3.68,11.0,3.68,78.0,0.0,1233.76611111111,0.0,48.0,26.5,26.5,21.5,58.0,28.0,27.0,26.5,28.0,29.0,24.5,24.5,82.0,0.2599999999999909,90.0,24.5,13.807,712.8000000000001,24.74,13.95,27.0,-5.2,3.0,0.0,0.0,0.0,22.0,179.0,0.0,28.0,1.0,0.0,825.6,0.0,0.0,0.6000000000000001,9.0,0.0,30.0,0.0,28.0,28.0,350.0,825.6,-50.0,0.0,0.0,0.0,0.0,400.0,0.0,0.0,0.0,0.0,0.0,0.0,47.0,708.8000000000001,4.443,51.8059775,13.740762,80.0,24.595806586984377,0.0,3.259011289083334,3.259013,407.681152,216.371113,0.768536332948003,0.7609270623247555,2.074462016201548,0.020979739643385,48.20526923076923,37.60011,0.0,,24.480000000000008
480.0,13.3,-23.9,714.9,0.0,0.0,0.0,28.0,20.0,26.0,24.0,25.0,25.0,24.0,24.0,24.0,-17.08611,25.0,38.0,1233.7666666666669,4441560.0,0.0,0.0,4.96458333333333,3.97166666666667,3.7234375,25.0,1821.7,1793.9,1359.1,1296.9,0.0,6443.0,0.0,0.0,713.0,2312.0,3.72,9.0,3.72,77.0,0.0,1233.76666666667,0.0,48.0,26.5,26.5,21.5,58.0,28.0,27.0,26.5,28.0,29.0,25.0,25.0,81.0,0.2200000000000272,90.0,24.5,13.79,718.0,24.65,13.942,27.0,-5.2,3.0,0.0,0.0,0.0,22.0,179.0,0.0,28.0,1.0,0.0,825.6,0.0,0.0,0.6000000000000001,9.0,0.0,30.0,0.0,28.0,28.0,350.0,825.6,-50.0,0.0,0.0,0.0,0.0,400.0,0.0,0.0,0.0,0.0,0.0,0.0,47.0,714.2,4.444,51.8059775,13.740762,80.0,24.836115528500613,0.0,3.3049334808333333,3.304935,407.727074,216.417035,0.7587493639187652,0.7512369939789755,-4.799219951176718,-0.0096900683457799,-20.836719512195113,-17.086109999999998,0.0,,24.42999999999997
481.0,13.3,-23.9,714.9,0.0,0.0,0.0,28.0,20.0,26.0,24.0,25.0,25.0,24.0,24.0,24.0,-17.08611,25.0,38.0,1233.7666666666669,4441560.0,0.0,0.0,4.96458333333333,3.97166666666667,3.7234375,25.0,1821.7,1793.9,1359.1,1296.9,0.0,6443.0,0.0,0.0,713.0,2312.0,3.72,9.0,3.72,77.0,0.0,1233.76666666667,0.0,48.0,26.5,26.5,21.5,58.0,28.0,27.0,26.5,28.0,29.0,25.0,25.0,81.0,0.2200000000000272,90.0,24.5,13.79,718.0,24.65,13.942,27.0,-1.0,3.0,0.0,0.0,0.0,22.0,179.0,0.0,28.0,1.0,0.0,825.6,0.0,0.0,0.6000000000000001,9.0,0.0,30.0,0.0,28.0,28.0,350.0,825.6,-50.0,0.0,0.0,0.0,0.0,400.0,0.0,0.0,0.0,0.0,0.0,0.0,47.0,714.2,4.444,34.17925,13.760294,80.828125,24.836115528500613,0.0,3.3049334808333333,3.304935,407.727074,216.417035,0.7587493639187652,0.7512369939789755,-4.799219951176718,-0.0096900683457799,-20.836719512195113,-17.086109999999998,0.0,,24.42999999999997
482.0,13.3,-23.4,715.3,0.0,0.0,0.0,28.0,20.0,26.0,24.0,25.0,25.0,24.0,24.0,24.0,-16.73802,25.0,38.0,1233.7672222222222,4441562.0,0.0,0.0,4.96736111111111,3.97388888888889,3.72552083333333,25.0,1821.8,1793.9,1359.1,1296.9,0.0,6243.0,0.0,0.0,713.0,2312.0,3.72,9.0,3.72,77.0,0.0,1233.76722222222,0.0,48.0,26.5,26.5,21.5,58.0,28.0,27.0,26.5,28.0,29.0,25.0,25.0,79.0,0.25,90.0,24.5,13.808,713.0,24.67,13.939,27.0,-1.0,3.0,0.0,0.0,0.0,22.0,179.0,0.0,28.0,1.0,0.0,825.6,0.0,0.0,0.6000000000000001,9.0,0.0,30.0,0.0,28.0,28.0,350.0,825.6,-50.0,0.0,0.0,0.0,0.0,400.0,0.0,0.0,0.0,0.0,0.0,0.0,47.0,715.3000000000001,4.443,34.17925,13.760294,80.828125,25.061992190625777,0.0,3.348956781638889,3.348958,407.771097,216.461058,0.749453847909361,0.7420335127815455,-4.839282065620665,-0.0092034811974299,-20.66422222222222,-16.738019999999995,0.0,,24.42
483.0,13.3,-23.4,715.3,0.0,0.0,0.0,28.0,20.0,26.0,24.0,25.0,25.0,24.0,24.0,24.0,-16.73802,25.0,38.0,1233.7672222222222,4441562.0,0.0,0.0,4.96736111111111,3.97388888888889,3.72552083333333,25.0,1821.8,1793.9,1359.1,1296.9,0.0,6243.0,0.0,0.0,713.0,2312.0,3.72,9.0,3.72,77.0,0.0,1233.76722222222,0.0,48.0,26.5,26.5,21.5,58.0,28.0,27.0,26.5,28.0,29.0,25.0,25.0,79.0,0.25,90.0,24.5,13.808,713.0,24.67,13.939,27.0,0.0,3.0,0.0,0.0,0.0,22.0,179.0,0.0,28.0,1.0,0.0,825.6,0.0,0.0,0.6000000000000001,9.0,0.0,30.0,0.0,28.0,27.0,350.0,825.6,-50.0,0.0,0.0,0.0,0.0,400.0,0.0,0.0,0.0,0.0,0.0,0.0,47.0,715.3000000000001,4.443,56.29810750000001,13.7495514,80.046875,25.061992190625777,0.0,3.348956781638889,3.348958,407.771097,216.461058,0.749453847909361,0.7420335127815455,-4.839282065620665,-0.0092034811974299,-20.66422222222222,-16.738019999999995,0.0,,24.42
484.0,13.3,30.4,710.4,0.0,0.0,0.0,28.0,20.0,26.0,24.0,25.0,25.0,24.0,24.0,24.0,21.59616,25.0,38.0,1233.7677777777778,4441564.0,0.0,0.0,4.93333333333333,3.94666666666667,3.7,25.0,1821.8,1793.9,1359.1,1296.9,0.0,6481.0,0.0,0.0,708.0,2312.0,3.7,11.0,3.68,49.0,0.0,1233.76777777778,0.0,48.0,26.5,26.5,21.5,58.0,28.0,27.0,26.5,28.0,29.0,25.0,25.0,83.0,0.4000000000000341,90.0,24.5,13.79,712.0,24.36,13.935,27.0,0.0,3.0,0.0,0.0,0.0,22.0,179.0,0.0,28.0,1.0,0.0,825.6,0.0,0.0,0.6000000000000001,9.0,0.0,30.0,0.0,28.0,27.0,350.0,825.6,-50.0,0.0,0.0,0.0,0.0,400.0,0.0,0.0,0.0,0.0,0.0,0.0,47.0,709.7,4.443,56.29810750000001,13.7495514,80.046875,25.299315208748876,0.0,3.394574224888889,3.394575,407.816714,216.506675,0.7618206986052031,0.7542779194110921,3.658057728781413,0.0122444066295466,27.336911392405067,21.59616,0.0,,23.959999999999965
485.0,13.3,30.4,710.4,0.0,0.0,0.0,28.0,20.0,26.0,24.0,25.0,25.0,24.0,24.0,24.0,21.59616,25.0,38.0,1233.7677777777778,4441564.0,0.0,0.0,4.93333333333333,3.94666666666667,3.7,25.0,1821.8,1793.9,1359.1,1296.9,0.0,6481.0,0.0,0.0,708.0,2312.0,3.7,11.0,3.68,49.0,0.0,1233.76777777778,0.0,48.0,26.5,26.5,21.5,58.0,28.0,27.0,26.5,28.0,29.0,25.0,25.0,83.0,0.4000000000000341,90.0,24.5,13.79,712.0,24.36,13.935,27.0,-0.7000000000000001,3.0,0.0,0.0,0.0,22.0,179.0,0.0,28.0,1.0,0.0,825.6,0.0,0.0,0.6000000000000001,9.0,0.0,30.0,0.0,28.0,28.0,350.0,825.6,-50.0,0.0,0.0,0.0,0.0,400.0,0.0,0.0,0.0,0.0,0.0,0.0,47.0,709.7,4.443,55.1262475,13.7695717,80.0,25.299315208748876,0.0,3.394574224888889,3.394575,407.816714,216.506675,0.7618206986052031,0.7542779194110921,3.658057728781413,0.0122444066295466,27.336911392405067,21.59616,0.0,,23.959999999999965
486.0,13.4,29.4,710.3,0.0,0.0,0.0,28.0,20.0,26.0,24.0,25.0,25.0,24.0,24.0,24.0,20.88282,25.0,38.0,1233.7683333333334,4441566.0,0.0,0.0,4.93263888888889,3.94611111111111,3.69947916666667,25.0,1821.8,1793.9,1359.1,1296.9,0.0,6727.0,0.0,0.0,708.0,2313.0,3.7,9.0,3.68,77.0,0.0,1233.76833333333,0.0,48.0,26.5,26.5,21.5,58.0,28.0,27.0,26.5,28.0,29.0,25.0,25.0,86.0,0.2900000000000204,90.0,24.5,13.808,713.1,24.55,13.947,27.0,-0.7000000000000001,3.0,0.0,0.0,0.0,22.0,179.0,0.0,28.0,1.0,0.0,825.6,0.0,0.0,0.6000000000000001,9.0,0.0,30.0,0.0,28.0,28.0,350.0,825.6,-50.0,0.0,0.0,0.0,0.0,400.0,0.0,0.0,0.0,0.0,0.0,0.0,47.0,710.5,4.441,55.1262475,13.7695717,80.0,25.547595764472906,0.0,3.4419661254444445,3.441967,407.864106,216.554067,0.7734254980368198,0.7657678198384354,3.974558991553823,0.0114899004273433,25.16002409638554,20.882819999999995,0.0,,24.25999999999998
487.0,13.4,29.4,710.3,0.0,0.0,0.0,28.0,20.0,26.0,24.0,25.0,25.0,24.0,24.0,24.0,20.88282,25.0,38.0,1233.7683333333334,4441566.0,0.0,0.0,4.93263888888889,3.94611111111111,3.69947916666667,25.0,1821.8,1793.9,1359.1,1296.9,0.0,6727.0,0.0,0.0,708.0,2313.0,3.7,9.0,3.68,77.0,0.0,1233.76833333333,0.0,48.0,26.5,26.5,21.5,58.0,28.0,27.0,26.5,28.0,29.0,25.0,25.0,86.0,0.2900000000000204,90.0,24.5,13.808,713.1,24.55,13.947,27.0,0.2,3.0,0.0,0.0,0.0,22.0,179.0,0.0,28.0,1.0,0.0,825.6,0.0,0.0,0.6000000000000001,9.0,0.0,30.0,0.0,28.0,27.0,350.0,825.6,-50.0,0.0,0.0,0.0,0.0,400.0,0.0,0.0,0.0,0.0,0.0,0.0,47.0,710.5,4.441,51.1223925,13.740762,84.0,25.547595764472906,0.0,3.4419661254444445,3.441967,407.864106,216.554067,0.7734254980368198,0.7657678198384354,3.974558991553823,0.0114899004273433,25.16002409638554,20.882819999999995,0.0,,24.25999999999998
488.0,13.3,-47.7,716.9,0.0,0.0,0.0,28.0,20.0,26.0,24.0,25.0,25.0,24.0,24.0,24.0,-34.19613,25.0,38.0,1233.7688888888888,4441568.0,0.0,0.0,4.97847222222222,3.98277777777778,3.73385416666667,25.0,1821.8,1793.9,1359.1,1296.9,0.0,6659.0,0.0,0.0,715.0,2313.0,3.72,9.0,3.72,49.0,0.0,1233.76888888889,0.0,48.0,26.5,26.5,21.5,58.0,28.0,27.0,26.5,28.0,29.0,25.5,25.5,84.0,0.2900000000000204,90.0,24.5,13.765,721.0,29.74,13.949,27.0,0.2,3.0,0.0,0.0,0.0,22.0,179.0,0.0,28.0,1.0,0.0,825.6,0.0,0.0,0.6000000000000001,9.0,0.0,30.0,0.0,28.0,27.0,350.0,825.6,-50.0,0.0,0.0,0.0,0.0,400.0,0.0,0.0,0.0,0.0,0.0,0.0,47.0,715.3000000000001,4.443,51.1223925,13.740762,84.0,25.788258459999547,0.0,3.4887540764444447,3.488755,407.910894,216.600855,0.7544206686541814,0.7469511570833479,-2.514904464335584,-0.0188166627550874,-39.76294186046512,-34.19613,0.0,,29.449999999999978
489.0,13.3,-47.7,716.9,0.0,0.0,0.0,28.0,20.0,26.0,24.0,25.0,25.0,24.0,24.0,24.0,-34.19613,25.0,38.0,1233.7688888888888,4441568.0,0.0,0.0,4.97847222222222,3.98277777777778,3.73385416666667,25.0,1821.8,1793.9,1359.1,1296.9,0.0,6659.0,0.0,0.0,715.0,2313.0,3.72,9.0,3.72,49.0,0.0,1233.76888888889,0.0,48.0,26.5,26.5,21.5,58.0,28.0,27.0,26.5,28.0,29.0,25.5,25.5,84.0,0.2900000000000204,90.0,24.5,13.765,721.0,29.74,13.949,27.0,1.7000000000000002,3.0,0.0,0.0,0.0,22.0,179.0,0.0,28.0,1.0,0.0,825.6,0.0,0.0,0.6000000000000001,9.0,0.0,30.0,0.0,28.0,28.0,350.0,825.6,-50.0,0.0,0.0,0.0,0.0,400.0,0.0,0.0,0.0,0.0,0.0,0.0,47.0,715.3000000000001,4.443,26.36685,13.740762,80.0,25.788258459999547,0.0,3.4887540764444447,3.488755,407.910894,216.600855,0.7544206686541814,0.7469511570833479,-2.514904464335584,-0.0188166627550874,-39.76294186046512,-34.19613,0.0,,29.449999999999978
490.0,13.4,-11.2,714.8,0.0,0.0,0.0,28.0,20.0,26.0,24.0,25.0,25.0,24.0,24.0,24.0,-8.00576,25.0,38.0,1233.7694444444444,4441570.0,0.0,0.0,4.96388888888889,3.97111111111111,3.72291666666667,25.0,1821.8,1793.9,1359.1,1296.9,0.0,6401.0,0.0,0.0,712.0,2313.0,3.72,9.0,3.72,133.0,0.0,1233.76944444444,0.0,48.0,26.5,26.5,21.5,58.0,28.0,27.0,26.5,28.0,29.0,26.0,26.0,81.0,0.2400000000000091,90.0,24.5,13.808,716.7,24.79,13.941,27.0,1.7000000000000002,3.0,0.0,0.0,0.0,22.0,179.0,0.0,28.0,1.0,0.0,825.6,0.0,0.0,0.6000000000000001,9.0,0.0,30.0,0.0,28.0,28.0,350.0,825.6,-50.0,0.0,0.0,0.0,0.0,400.0,0.0,0.0,0.0,0.0,0.0,0.0,47.0,716.1,4.444,26.36685,13.740762,80.0,26.015640039700656,0.0,3.534069857194445,3.534071,407.95621,216.646171,0.7498485412954131,0.7424242983122902,-10.492445439283715,-0.0045268587710577,-9.530666666666663,-8.005759999999999,0.0,,24.54999999999999
491.0,13.4,-11.2,714.8,0.0,0.0,0.0,28.0,20.0,26.0,24.0,25.0,25.0,24.0,24.0,24.0,-8.00576,25.0,38.0,1233.7694444444444,4441570.0,0.0,0.0,4.96388888888889,3.97111111111111,3.72291666666667,25.0,1821.8,1793.9,1359.1,1296.9,0.0,6401.0,0.0,0.0,712.0,2313.0,3.72,9.0,3.72,133.0,0.0,1233.76944444444,0.0,48.0,26.5,26.5,21.5,58.0,28.0,27.0,26.5,28.0,29.0,26.0,26.0,81.0,0.2400000000000091,90.0,24.5,13.808,716.7,24.79,13.941,27.0,-0.5,3.0,0.0,0.0,0.0,22.0,179.0,0.0,28.0,1.0,0.0,825.6,0.0,0.0,0.6000000000000001,9.0,0.0,30.0,0.0,28.0,28.0,350.0,825.6,-50.0,0.0,0.0,0.0,0.0,400.0,0.0,0.0,0.0,0.0,0.0,0.0,47.0,716.1,4.444,49.657567500000006,13.7612706,81.0625,26.015640039700656,0.0,3.534069857194445,3.534071,407.95621,216.646171,0.7498485412954131,0.7424242983122902,-10.492445439283715,-0.0045268587710577,-9.530666666666663,-8.005759999999999,0.0,,24.54999999999999
492.0,13.3,0.5,713.4,0.0,0.0,0.0,28.0,20.0,26.0,24.0,25.0,25.0,24.0,24.0,24.0,0.3567,25.0,38.0,1233.77,4441572.0,0.0,0.0,4.95416666666667,3.96333333333333,3.715625,25.0,1821.8,1793.9,1359.1,1296.9,0.0,6435.0,0.0,0.0,712.0,2313.0,3.7,9.0,3.7,77.0,0.0,1233.77,0.0,48.0,26.5,26.5,21.5,58.0,28.0,27.0,26.5,28.0,29.0,26.0,26.0,81.0,0.25,90.0,24.5,13.807,716.6,24.72,13.936,28.0,-0.5,3.0,0.0,0.0,0.0,22.0,179.0,0.0,28.0,1.0,0.0,825.6,0.0,0.0,0.6000000000000001,9.0,0.0,30.0,0.0,28.0,28.0,350.0,825.6,-50.0,0.0,0.0,0.0,0.0,400.0,0.0,0.0,0.0,0.0,0.0,0.0,47.0,712.5,4.443,49.657567500000006,13.7612706,81.0625,26.236308305065837,0.0,3.5784075201944447,3.578409,408.000548,216.690509,0.7500445928325411,0.7426184087450902,227.08158116063925,0.0001941104327999,0.4403703703703703,0.3566999999999999,0.0,-0.0071036683752102,24.47
493.0,13.3,0.5,713.4,0.0,0.0,0.0,28.0,20.0,26.0,24.0,25.0,25.0,24.0,24.0,24.0,0.3567,25.0,38.0,1233.77,4441572.0,0.0,0.0,4.95416666666667,3.96333333333333,3.715625,25.0,1821.8,1793.9,1359.1,1296.9,0.0,6435.0,0.0,0.0,712.0,2313.0,3.7,9.0,3.7,77.0,0.0,1233.77,0.0,48.0,26.5,26.5,21.5,58.0,28.0,27.0,26.5,28.0,29.0,26.0,26.0,81.0,0.25,90.0,24.5,13.807,716.6,24.72,13.936,28.0,-0.7000000000000001,3.0,0.0,0.0,0.0,22.0,179.0,0.0,28.0,1.0,0.0,825.6,0.0,0.0,0.6000000000000001,9.0,0.0,30.0,0.0,28.0,28.0,350.0,825.6,-50.0,0.0,0.0,0.0,0.0,400.0,0.0,0.0,0.0,0.0,0.0,0.0,47.0,712.5,4.443,43.9935775,13.7695717,81.734375,26.236308305065837,0.0,3.5784075201944447,3.578409,408.000548,216.690509,0.7500445928325411,0.7426184087450902,227.08158116063925,0.0001941104327999,0.4403703703703703,0.3566999999999999,0.0,-0.0071036683752102,24.47
494.0,13.4,-0.5,713.6,0.0,0.0,0.0,28.0,20.0,26.0,24.0,25.0,25.0,24.0,24.0,24.0,-0.3568,25.0,38.0,1233.7705555555556,4441574.0,0.0,0.0,4.95555555555556,3.96444444444444,3.71666666666667,25.0,1821.8,1793.9,1359.1,1296.9,0.0,6448.0,0.0,0.0,712.0,2308.0,3.7,9.0,3.7,49.0,0.0,1233.77055555556,0.0,48.0,26.5,26.5,21.5,58.0,28.0,27.0,26.5,28.0,29.0,26.0,26.0,82.0,0.25,90.0,24.5,13.807,716.8000000000001,24.89,13.952,27.0,-0.7000000000000001,3.0,0.0,0.0,0.0,22.0,179.0,0.0,28.0,1.0,0.0,825.6,0.0,0.0,0.6000000000000001,9.0,0.0,30.0,0.0,28.0,28.0,350.0,825.6,-50.0,0.0,0.0,0.0,0.0,400.0,0.0,0.0,0.0,0.0,0.0,0.0,47.0,713.6,4.443,43.9935775,13.7695717,81.734375,26.457521025348317,0.0,3.62295116613889,3.622953,408.045092,216.735053,0.7498471430210683,0.7424229138822458,-227.0179372197309,-0.0001954948628444,-0.4404938271604939,-0.3568,0.0,-0.0071036683752102,24.64
495.0,13.4,-0.5,713.6,0.0,0.0,0.0,28.0,20.0,26.0,24.0,25.0,25.0,24.0,24.0,24.0,-0.3568,25.0,38.0,1233.7705555555556,4441574.0,0.0,0.0,4.95555555555556,3.96444444444444,3.71666666666667,25.0,1821.8,1793.9,1359.1,1296.9,0.0,6448.0,0.0,0.0,712.0,2308.0,3.7,9.0,3.7,49.0,0.0,1233.77055555556,0.0,48.0,26.5,26.5,21.5,58.0,28.0,27.0,26.5,28.0,29.0,26.0,26.0,82.0,0.25,90.0,24.5,13.807,716.8000000000001,24.89,13.952,27.0,-2.0,3.0,0.0,0.0,0.0,22.0,179.0,0.0,28.0,1.0,0.0,825.6,0.0,0.0,0.6000000000000001,9.0,0.0,30.0,0.0,28.0,28.0,350.0,825.6,-50.0,0.0,0.0,0.0,0.0,400.0,0.0,0.0,0.0,0.0,0.0,0.0,47.0,713.6,4.443,35.839385,13.740762,81.671875,26.457521025348317,0.0,3.62295116613889,3.622953,408.045092,216.735053,0.7498471430210683,0.7424229138822458,-227.0179372197309,-0.0001954948628444,-0.4404938271604939,-0.3568,0.0,-0.0071036683752102,24.64
496.0,13.3,-27.0,716.1,0.0,0.0,0.0,28.0,20.0,26.0,24.0,25.0,25.0,24.0,24.0,24.0,-19.3347,25.0,38.0,1233.7711111111112,4441576.0,0.0,0.0,4.97291666666667,3.97833333333333,3.7296875,25.0,1821.8,1793.9,1359.2,1296.9,0.0,6314.0,0.0,0.0,714.0,2308.0,3.72,9.0,3.72,13.0,0.0,1233.77111111111,0.0,48.0,26.5,26.5,21.5,58.0,28.0,27.0,26.5,28.0,29.0,26.0,26.0,80.0,0.1000000000000227,90.0,24.5,13.791,717.4000000000001,24.67,13.948,27.0,-2.0,3.0,0.0,0.0,0.0,22.0,179.0,0.0,28.0,1.0,0.0,825.6,0.0,0.0,0.6000000000000001,9.0,0.0,30.0,0.0,28.0,28.0,350.0,825.6,-50.0,0.0,0.0,0.0,0.0,400.0,0.0,0.0,0.0,0.0,0.0,0.0,47.0,716.3000000000001,4.444,35.839385,13.740762,81.671875,26.674894916164963,0.0,3.667607079472223,3.667609,408.089748,216.779709,0.7389482535790122,0.7316319342366457,-4.241079509896713,-0.0107909796456,-23.578902439024397,-19.3347,0.0,,24.56999999999998
497.0,13.3,-27.0,716.1,0.0,0.0,0.0,28.0,20.0,26.0,24.0,25.0,25.0,24.0,24.0,24.0,-19.3347,25.0,38.0,1233.7711111111112,4441576.0,0.0,0.0,4.97291666666667,3.97833333333333,3.7296875,25.0,1821.8,1793.9,1359.2,1296.9,0.0,6314.0,0.0,0.0,714.0,2308.0,3.72,9.0,3.72,13.0,0.0,1233.77111111111,0.0,48.0,26.5,26.5,21.5,58.0,28.0,27.0,26.5,28.0,29.0,26.0,26.0,80.0,0.1000000000000227,90.0,24.5,13.791,717.4000000000001,24.67,13.948,27.0,-0.3,3.0,0.0,0.0,0.0,22.0,179.0,0.0,28.0,1.0,0.0,825.6,0.0,0.0,0.6000000000000001,9.0,0.0,30.0,0.0,28.0,28.0,350.0,825.6,-50.0,0.0,0.0,0.0,0.0,400.0,0.0,0.0,0.0,0.0,0.0,0.0,47.0,716.3000000000001,4.444,43.3099925,13.7612706,76.0,26.674894916164963,0.0,3.667607079472223,3.667609,408.089748,216.779709,0.7389482535790122,0.7316319342366457,-4.241079509896713,-0.0107909796456,-23.578902439024397,-19.3347,0.0,,24.56999999999998
498.0,13.4,45.2,710.1,0.0,0.0,0.0,28.0,20.0,26.0,24.0,25.0,25.0,24.0,24.0,24.0,32.09652,25.0,38.0,1233.7716666666668,4441578.0,0.0,0.0,4.93125,3.945,3.6984375,25.0,1821.8,1793.9,1359.2,1296.9,0.0,6407.0,0.0,0.0,708.0,2308.0,3.7,24.0,3.68,61.0,0.0,1233.77166666667,0.0,48.0,26.5,26.5,21.5,58.0,28.0,27.0,26.5,28.0,29.0,26.0,26.0,82.0,0.2599999999999909,90.0,24.5,13.808,711.6,24.94,13.934,27.0,-0.3,3.0,0.0,0.0,0.0,22.0,179.0,0.0,28.0,1.0,0.0,825.6,0.0,0.0,0.6000000000000001,9.0,0.0,30.0,0.0,28.0,28.0,350.0,825.6,-50.0,0.0,0.0,0.0,0.0,400.0,0.0,0.0,0.0,0.0,0.0,0.0,47.0,712.1,4.443,43.3099925,13.7612706,76.0,26.898471935017284,0.0,3.713353535583334,3.713355,408.135494,216.825455,0.7570371436846705,0.7495417264204658,2.4924820510136296,0.01790979218382,40.12065000000001,32.096520000000005,0.0,,24.68000000000001
499.0,13.4,45.2,710.1,0.0,0.0,0.0,28.0,20.0,26.0,24.0,25.0,25.0,24.0,24.0,24.0,32.09652,25.0,38.0,1233.7716666666668,4441578.0,0.0,0.0,4.93125,3.945,3.6984375,25.0,1821.8,1793.9,1359.2,1296.9,0.0,6407.0,0.0,0.0,708.0,2308.0,3.7,24.0,3.68,61.0,0.0,1233.77166666667,0.0,48.0,26.5,26.5,21.5,58.0,28.0,27.0,26.5,28.0,29.0,26.0,26.0,82.0,0.2599999999999909,90.0,24.5,13.808,711.6,24.94,13.934,27.0,7.4,3.0,0.0,0.0,0.0,22.0,179.0,0.0,28.0,1.0,0.0,825.6,0.0,0.0,0.6000000000000001,9.0,0.0,30.0,0.0,28.0,28.0,350.0,825.6,-50.0,0.0,0.0,0.0,0.0,400.0,0.0,0.0,0.0,0.0,0.0,0.0,47.0,710.0,4.443,62.10858,13.740762,80.0,26.898471935017284,0.0,3.713353535583334,3.713355,408.135494,216.825455,0.7570371436846705,0.7495417264204658,2.4924820510136296,0.01790979218382,40.12065000000001,32.096520000000005,0.0,,24.68000000000001
500.0,13.4,35.9,710.2,0.0,0.0,0.0,28.0,20.0,26.0,24.0,25.0,25.0,24.0,24.0,24.0,25.49618,25.0,38.0,1233.772222222222,4441580.0,0.0,0.0,4.93194444444444,3.94555555555556,3.69895833333333,25.0,1821.8,1794.0,1359.2,1297.0,0.0,6747.0,0.0,0.0,708.0,2308.0,3.7,11.0,3.68,78.0,0.0,1233.77222222222,0.0,48.0,26.5,26.5,21.5,58.0,28.0,27.0,26.5,28.0,29.0,26.5,26.5,86.0,0.1000000000000227,90.0,24.5,13.792,713.0,24.91,13.926,27.0,7.4,3.0,0.0,0.0,0.0,22.0,179.0,0.0,28.0,1.0,0.0,825.6,0.0,0.0,0.6000000000000001,9.0,0.0,30.0,0.0,28.0,28.0,350.0,825.6,-50.0,0.0,0.0,0.0,0.0,400.0,0.0,0.0,0.0,0.0,0.0,0.0,47.0,710.0,4.443,62.10858,13.740762,80.0,27.131606476868377,0.0,3.760371257305556,3.760373,408.182512,216.872473,0.7710127497141543,0.7633789601130241,3.216168069098979,0.0138372336925583,31.09290243902439,25.49618,0.0,,24.809999999999977
501.0,13.4,35.9,710.2,0.0,0.0,0.0,28.0,20.0,26.0,24.0,25.0,25.0,24.0,24.0,24.0,25.49618,25.0,38.0,1233.772222222222,4441580.0,0.0,0.0,4.93194444444444,3.94555555555556,3.69895833333333,25.0,1821.8,1794.0,1359.2,1297.0,0.0,6747.0,0.0,0.0,708.0,2308.0,3.7,11.0,3.68,78.0,0.0,1233.77222222222,0.0,48.0,26.5,26.5,21.5,58.0,28.0,27.0,26.5,28.0,29.0,26.5,26.5,86.0,0.1000000000000227,90.0,24.5,13.792,713.0,24.91,13.926,27.0,0.1,3.0,0.0,0.0,0.0,22.0,179.0,0.0,28.0,1.0,0.0,825.6,0.0,0.0,0.6000000000000001,9.0,0.0,30.0,0.0,28.0,28.0,350.0,825.6,-50.0,0.0,0.0,0.0,0.0,400.0,0.0,0.0,0.0,0.0,0.0,0.0,47.0,711.7,4.444,55.1262475,13.760294,84.0,27.131606476868377,0.0,3.760371257305556,3.760373,408.182512,216.872473,0.7710127497141543,0.7633789601130241,3.216168069098979,0.0138372336925583,31.09290243902439,25.49618,0.0,,24.809999999999977
502.0,13.3,17.4,711.8,0.0,0.0,0.0,28.0,20.0,26.0,24.0,25.0,25.0,24.0,24.0,24.0,12.38532,25.0,38.0,1233.7727777777775,4441582.0,0.0,0.0,4.94305555555556,3.95444444444444,3.70729166666667,25.0,1821.8,1794.0,1359.2,1297.0,0.0,6927.0,0.0,0.0,709.0,2308.0,3.7,11.0,3.7,133.0,0.0,1233.77277777778,0.0,48.0,26.5,26.5,21.5,58.0,28.0,27.0,26.5,28.0,29.0,26.5,26.5,88.0,0.3199999999999932,90.0,24.5,13.809,713.8000000000001,24.59,13.948,27.0,-12.5,3.0,0.0,0.0,0.0,22.0,179.0,0.0,28.0,1.0,0.0,825.6,0.0,0.0,0.6000000000000001,9.0,0.0,30.0,0.0,28.0,28.0,350.0,825.6,-50.0,0.0,0.0,0.0,0.0,400.0,0.0,0.0,0.0,0.0,0.0,0.0,47.0,711.7,4.444,55.1262475,13.760294,84.0,27.36674164886056,0.0,3.807669453305556,3.807671,408.22981,216.919771,0.7779151064744647,0.7702129767073908,6.943704320921866,0.0068340165943666,14.40153488372093,12.385319999999998,0.0,,24.270000000000007
503.0,13.3,17.4,711.8,0.0,0.0,0.0,28.0,20.0,26.0,24.0,25.0,25.0,24.0,24.0,24.0,12.38532,25.0,38.0,1233.7727777777775,4441582.0,0.0,0.0,4.94305555555556,3.95444444444444,3.70729166666667,25.0,1821.8,1794.0,1359.2,1297.0,0.0,6927.0,0.0,0.0,709.0,2308.0,3.7,11.0,3.7,133.0,0.0,1233.77277777778,0.0,48.0,26.5,26.5,21.5,58.0,28.0,27.0,26.5,28.0,29.0,26.5,26.5,88.0,0.3199999999999932,90.0,24.5,13.809,713.8000000000001,24.59,13.948,27.0,-12.5,3.0,0.0,0.0,0.0,22.0,179.0,0.0,28.0,1.0,0.0,825.6,0.0,0.0,0.6000000000000001,9.0,0.0,30.0,0.0,28.0,28.0,350.0,825.6,-50.0,0.0,0.0,0.0,0.0,400.0,0.0,0.0,0.0,0.0,0.0,0.0,47.0,710.3000000000001,4.443,57.61645000000001,13.7417386,88.9375,27.36674164886056,0.0,3.807669453305556,3.807671,408.22981,216.919771,0.7779151064744647,0.7702129767073908,6.943704320921866,0.0068340165943666,14.40153488372093,12.385319999999998,0.0,,24.270000000000007
504.0,13.4,43.9,709.3,0.0,0.0,0.0,28.0,20.0,26.0,24.0,25.0,25.0,24.0,24.0,24.0,31.13827,25.0,38.0,1233.7733333333333,4441584.0,0.0,0.0,4.92569444444444,3.94055555555556,3.69427083333333,25.0,1821.8,1794.0,1359.2,1297.0,0.0,7168.0,0.0,0.0,707.0,2326.0,3.68,14.0,3.68,181.0,0.0,1233.77333333333,0.0,48.0,26.5,26.5,21.5,58.0,28.0,27.0,26.5,28.0,29.0,27.0,27.0,91.0,0.1000000000000227,90.0,24.5,13.791,712.0,24.64,13.931,27.0,-23.5,3.0,0.0,0.0,0.0,22.0,179.0,0.0,28.0,1.0,0.0,825.6,0.0,0.0,0.6000000000000001,9.0,0.0,30.0,0.0,28.0,28.0,350.0,825.6,-50.0,0.0,0.0,0.0,0.0,400.0,0.0,0.0,0.0,0.0,0.0,0.0,47.0,710.3000000000001,4.443,57.61645000000001,13.7417386,88.9375,27.61379424716629,0.0,3.8570177548333335,3.857019,408.279158,216.969119,0.7946769781334355,0.7868088892410252,2.826104340414545,0.0165959125336344,35.38439772727273,31.13827,0.0,0.0396508482519357,24.539999999999978
505.0,13.4,43.9,709.3,0.0,0.0,0.0,28.0,20.0,26.0,24.0,25.0,25.0,24.0,24.0,24.0,31.13827,25.0,38.0,1233.7733333333333,4441584.0,0.0,0.0,4.92569444444444,3.94055555555556,3.69427083333333,25.0,1821.8,1794.0,1359.2,1297.0,0.0,7168.0,0.0,0.0,707.0,2326.0,3.68,14.0,3.68,181.0,0.0,1233.77333333333,0.0,48.0,26.5,26.5,21.5,58.0,28.0,27.0,26.5,28.0,29.0,27.0,27.0,91.0,0.1000000000000227,90.0,24.5,13.791,712.0,24.64,13.931,27.0,-23.5,3.0,0.0,0.0,0.0,22.0,179.0,0.0,28.0,1.0,0.0,825.6,0.0,0.0,0.6000000000000001,9.0,0.0,30.0,0.0,28.0,28.0,350.0,825.6,-50.0,0.0,0.0,0.0,0.0,400.0,0.0,0.0,0.0,0.0,0.0,0.0,47.0,710.2,4.443,59.764860000000006,13.7695717,92.53125,27.61379424716629,0.0,3.8570177548333335,3.857019,408.279158,216.969119,0.7946769781334355,0.7868088892410252,2.826104340414545,0.0165959125336344,35.38439772727273,31.13827,0.0,0.0396508482519357,24.539999999999978
506.0,13.3,1.2,712.7,0.0,0.0,0.0,28.0,20.0,26.0,24.0,25.0,25.0,24.0,24.0,24.0,0.85524,25.0,38.0,1233.773888888889,4441586.0,0.0,0.0,4.94930555555556,3.95944444444444,3.71197916666667,25.0,1821.8,1794.0,1359.2,1297.0,0.0,7355.0,0.0,0.0,711.0,2326.0,3.7,9.0,3.7,40.0,0.0,1233.77388888889,0.0,48.0,26.5,26.5,21.5,58.0,28.0,27.0,27.0,28.0,29.0,27.0,27.0,93.0,0.5,90.0,24.5,13.807,717.6,25.35,13.945,28.0,-10.0,3.0,0.0,0.0,0.0,22.0,179.0,0.0,28.0,1.0,0.0,825.6,0.0,0.0,0.6000000000000001,9.0,0.0,30.0,0.0,28.0,28.0,350.0,825.6,-50.0,0.0,0.0,0.0,0.0,400.0,0.0,0.0,0.0,0.0,0.0,0.0,47.0,710.2,4.443,59.764860000000006,13.7695717,92.53125,27.86172805410899,0.0,3.9064611195833336,3.906462,408.328601,217.018562,0.7951431315242155,0.7872704272516985,106.40288106262572,0.0004615380106733,0.9398241758241758,0.85524,0.0,0.0401045676706858,24.85
507.0,13.3,1.2,712.7,0.0,0.0,0.0,28.0,20.0,26.0,24.0,25.0,25.0,24.0,24.0,24.0,0.85524,25.0,38.0,1233.773888888889,4441586.0,0.0,0.0,4.94930555555556,3.95944444444444,3.71197916666667,25.0,1821.8,1794.0,1359.2,1297.0,0.0,7355.0,0.0,0.0,711.0,2326.0,3.7,9.0,3.7,40.0,0.0,1233.77388888889,0.0,48.0,26.5,26.5,21.5,58.0,28.0,27.0,27.0,28.0,29.0,27.0,27.0,93.0,0.5,90.0,24.5,13.807,717.6,25.35,13.945,28.0,-10.0,3.0,0.0,0.0,0.0,22.0,179.0,0.0,28.0,1.0,0.0,825.6,0.0,0.0,0.6000000000000001,9.0,0.0,30.0,0.0,28.0,28.0,350.0,825.6,-50.0,0.0,0.0,0.0,0.0,400.0,0.0,0.0,0.0,0.0,0.0,0.0,47.0,713.6,4.443,41.6498575,13.760294,92.75,27.86172805410899,0.0,3.9064611195833336,3.906462,408.328601,217.018562,0.7951431315242155,0.7872704272516985,106.40288106262572,0.0004615380106733,0.9398241758241758,0.85524,0.0,0.0401045676706858,24.85
508.0,13.3,0.4,713.3,0.0,0.0,0.0,28.0,20.0,26.0,24.0,25.0,25.0,24.0,24.0,24.0,0.28532,25.0,38.0,1233.7744444444445,4441588.0,0.0,0.0,4.95347222222222,3.96277777777778,3.71510416666667,25.0,1821.8,1794.0,1359.2,1297.0,0.0,7292.0,0.0,0.0,711.0,2326.0,3.7,9.0,3.7,40.0,0.0,1233.77444444444,0.0,48.0,26.5,26.5,21.5,58.0,28.0,27.0,26.5,28.0,29.0,27.5,27.5,92.0,0.25,90.0,24.5,13.808,716.7,24.93,13.925,27.0,-13.9,3.0,0.0,0.0,0.0,22.0,179.0,0.0,28.0,1.0,0.0,825.6,0.0,0.0,0.6000000000000001,9.0,0.0,30.0,0.0,28.0,28.0,350.0,825.6,-50.0,0.0,0.0,0.0,0.0,400.0,0.0,0.0,0.0,0.0,0.0,0.0,47.0,713.6,4.443,41.6498575,13.760294,92.75,28.117012058596487,0.0,3.958007914583334,3.958009,408.380148,217.070109,0.7953017023896564,0.7874274281085707,325.94981073881956,0.0001570008568722,0.3067956989247312,0.28532,0.0,0.0401045676706858,24.68
509.0,13.3,0.4,713.3,0.0,0.0,0.0,28.0,20.0,26.0,24.0,25.0,25.0,24.0,24.0,24.0,0.28532,25.0,38.0,1233.7744444444445,4441588.0,0.0,0.0,4.95347222222222,3.96277777777778,3.71510416666667,25.0,1821.8,1794.0,1359.2,1297.0,0.0,7292.0,0.0,0.0,711.0,2326.0,3.7,9.0,3.7,40.0,0.0,1233.77444444444,0.0,48.0,26.5,26.5,21.5,58.0,28.0,27.0,26.5,28.0,29.0,27.5,27.5,92.0,0.25,90.0,24.5,13.808,716.7,24.93,13.925,27.0,-13.9,3.0,0.0,0.0,0.0,22.0,179.0,0.0,28.0,1.0,0.0,825.6,0.0,0.0,0.6000000000000001,9.0,0.0,30.0,0.0,28.0,27.0,350.0,825.6,-50.0,0.0,0.0,0.0,0.0,400.0,0.0,0.0,0.0,0.0,0.0,0.0,47.0,716.5,4.443,40.819790000000005,13.760294,92.640625,28.117012058596487,0.0,3.958007914583334,3.958009,408.380148,217.070109,0.7953017023896564,0.7874274281085707,325.94981073881956,0.0001570008568722,0.3067956989247312,0.28532,0.0,0.0401045676706858,24.68
510.0,13.3,-53.8,718.2,0.0,0.0,0.0,28.0,20.0,26.0,24.0,25.0,25.0,24.0,24.0,24.0,-38.63916,25.0,38.0,1233.775,4441590.0,0.0,0.0,4.9875,3.99,3.740625,25.0,1821.8,1794.0,1359.2,1297.0,0.0,7137.0,0.0,0.0,716.0,2326.0,3.74,9.0,3.72,85.0,0.0,1233.775,0.0,48.0,26.5,26.5,21.5,58.0,28.0,27.0,27.0,28.0,29.0,27.5,27.5,90.0,0.3500000000000227,90.0,24.5,13.782,721.0,29.62,13.927,27.0,7.2,3.0,0.0,0.0,0.0,22.0,179.0,0.0,28.0,1.0,0.0,825.6,0.0,0.0,0.6000000000000001,9.0,0.0,30.0,0.0,28.0,27.0,350.0,825.6,-50.0,0.0,0.0,0.0,0.0,400.0,0.0,0.0,0.0,0.0,0.0,0.0,47.0,716.5,4.443,40.819790000000005,13.760294,92.640625,28.357980601569928,0.0,4.007533942083334,4.007535,408.429674,217.119635,0.7738566349405097,0.7661946880599106,-2.3810041419119874,-0.02123274004866,-41.99908695652175,-38.63916,0.0,,29.26999999999998
511.0,13.3,-53.8,718.2,0.0,0.0,0.0,28.0,20.0,26.0,24.0,25.0,25.0,24.0,24.0,24.0,-38.63916,25.0,38.0,1233.775,4441590.0,0.0,0.0,4.9875,3.99,3.740625,25.0,1821.8,1794.0,1359.2,1297.0,0.0,7137.0,0.0,0.0,716.0,2326.0,3.74,9.0,3.72,85.0,0.0,1233.775,0.0,48.0,26.5,26.5,21.5,58.0,28.0,27.0,27.0,28.0,29.0,27.5,27.5,90.0,0.3500000000000227,90.0,24.5,13.782,721.0,29.62,13.927,27.0,7.2,3.0,0.0,0.0,0.0,22.0,179.0,0.0,28.0,1.0,0.0,825.6,0.0,0.0,0.6000000000000001,9.0,0.0,30.0,0.0,28.0,28.0,350.0,825.6,-50.0,0.0,0.0,0.0,0.0,400.0,0.0,0.0,0.0,0.0,0.0,0.0,47.0,716.8000000000001,4.443,29.68712,13.740762,89.5,28.357980601569928,0.0,4.007533942083334,4.007535,408.429674,217.119635,0.7738566349405097,0.7661946880599106,-2.3810041419119874,-0.02123274004866,-41.99908695652175,-38.63916,0.0,,29.26999999999998
512.0,13.4,-32.3,716.7,0.0,0.0,0.0,28.0,20.0,26.0,24.0,25.0,25.0,24.0,24.0,24.0,-23.14941,25.0,38.0,1233.7755555555557,4441592.0,0.0,0.0,4.97708333333333,3.98166666666667,3.7328125,25.0,1821.9,1794.0,1359.2,1297.0,0.0,6929.0,0.0,0.0,715.0,2303.0,3.72,9.0,3.72,49.0,0.0,1233.77555555556,0.0,48.0,26.5,26.5,21.5,58.0,28.0,27.0,27.0,28.0,29.0,27.5,27.5,88.0,0.25,90.0,24.5,13.809,719.4000000000001,24.57,13.927,28.0,1.3,3.0,0.0,0.0,0.0,22.0,179.0,0.0,28.0,1.0,0.0,825.6,0.0,0.0,0.6000000000000001,9.0,0.0,30.0,0.0,28.0,28.0,350.0,825.6,-50.0,0.0,0.0,0.0,0.0,400.0,0.0,0.0,0.0,0.0,0.0,0.0,47.0,716.8000000000001,4.443,32.519115,13.7612706,84.0,28.58461627150799,0.0,4.054970584083334,4.054972,408.477111,217.167072,0.7609719648948983,0.7534375890048498,-3.887788068896788,-0.0127570990550608,-25.721566666666668,-23.14941,0.0,-0.0108143112546249,24.32
513.0,13.4,-32.3,716.7,0.0,0.0,0.0,28.0,20.0,26.0,24.0,25.0,25.0,24.0,24.0,24.0,-23.14941,25.0,38.0,1233.7755555555557,4441592.0,0.0,0.0,4.97708333333333,3.98166666666667,3.7328125,25.0,1821.9,1794.0,1359.2,1297.0,0.0,6929.0,0.0,0.0,715.0,2303.0,3.72,9.0,3.72,49.0,0.0,1233.77555555556,0.0,48.0,26.5,26.5,21.5,58.0,28.0,27.0,27.0,28.0,29.0,27.5,27.5,88.0,0.25,90.0,24.5,13.809,719.4000000000001,24.57,13.927,28.0,1.3,3.0,0.0,0.0,0.0,22.0,179.0,0.0,28.0,1.0,0.0,825.6,0.0,0.0,0.6000000000000001,9.0,0.0,30.0,0.0,28.0,28.0,350.0,825.6,-50.0,0.0,0.0,0.0,0.0,400.0,0.0,0.0,0.0,0.0,0.0,0.0,47.0,719.6,4.443,32.519115,13.7612706,84.0,28.58461627150799,0.0,4.054970584083334,4.054972,408.477111,217.167072,0.7609719648948983,0.7534375890048498,-3.887788068896788,-0.0127570990550608,-25.721566666666668,-23.14941,0.0,-0.0108143112546249,24.32
514.0,13.3,-37.8,717.5,0.0,0.0,0.0,28.0,20.0,26.0,24.0,25.0,25.0,24.0,24.0,24.0,-27.1215,25.0,38.0,1233.776111111111,4441594.0,0.0,0.0,4.98263888888889,3.98611111111111,3.73697916666667,25.0,1821.9,1794.0,1359.2,1297.0,0.0,6758.0,0.0,0.0,716.0,2303.0,3.74,9.0,3.72,64.0,0.0,1233.77611111111,0.0,48.0,26.5,26.5,21.5,58.0,28.0,27.0,27.0,28.0,29.0,27.5,27.5,85.0,0.3199999999999932,90.0,24.5,13.782,720.3000000000001,24.92,13.947,28.0,45.7,3.0,0.0,0.0,0.0,22.0,179.0,0.0,28.0,1.0,0.0,825.6,0.0,0.0,0.6000000000000001,9.0,0.0,30.0,0.0,28.0,28.0,350.0,825.6,-50.0,0.0,0.0,0.0,0.0,400.0,0.0,0.0,0.0,0.0,0.0,0.0,47.0,719.6,4.443,29.052362500000005,13.770548300000002,85.15625,28.800105083611665,0.0,4.101204799361112,4.101206,408.523345,217.213306,0.7461607558525658,0.7387730255965999,-3.2446582969231055,-0.01466456340825,-30.81988636363636,-27.121499999999997,0.0,-0.0287152290854014,24.60000000000001
515.0,13.4,-28.2,717.0,0.0,0.0,0.0,28.0,20.0,26.0,24.0,25.0,25.0,24.0,24.0,24.0,-20.2194,25.0,38.0,1233.7766666666666,4441596.0,0.0,0.0,4.97916666666667,3.98333333333333,3.734375,25.0,1821.9,1794.0,1359.2,1297.0,0.0,6593.0,0.0,0.0,715.0,2303.0,3.72,9.0,3.72,77.0,0.0,1233.77666666667,0.0,48.5,26.5,26.5,21.5,58.0,28.0,27.0,27.0,28.0,29.0,27.5,27.5,85.0,0.3199999999999932,90.0,24.5,13.782,720.3000000000001,24.92,13.947,28.0,45.7,3.0,0.0,0.0,0.0,22.0,179.0,0.0,28.0,1.0,0.0,825.6,0.0,0.0,0.6000000000000001,9.0,0.0,30.0,0.0,28.0,28.0,350.0,825.6,-50.0,0.0,0.0,0.0,0.0,400.0,0.0,0.0,0.0,0.0,0.0,0.0,47.0,718.1,4.442,29.052362500000005,13.770548300000002,85.15625,28.800105083611665,0.0,4.101204799361112,4.101206,408.523345,217.213306,0.7352467355905109,0.7279670649410999,-4.203883399111745,-0.0108059606554999,-23.7875294117647,-20.219399999999997,0.0,-0.0287152290854014,24.60000000000001
516.0,13.4,-28.2,717.0,0.0,0.0,0.0,28.0,20.0,26.0,24.0,25.0,25.0,24.0,24.0,24.0,-20.2194,25.0,38.0,1233.7766666666666,4441596.0,0.0,0.0,4.97916666666667,3.98333333333333,3.734375,25.0,1821.9,1794.0,1359.2,1297.0,0.0,6593.0,0.0,0.0,715.0,2303.0,3.72,9.0,3.72,77.0,0.0,1233.77666666667,0.0,48.5,26.5,26.5,21.5,58.0,28.0,27.0,27.0,28.0,29.0,27.5,27.5,84.0,0.2599999999999909,90.0,24.5,13.807,719.2,24.95,13.947,28.0,42.5,3.0,0.0,0.0,0.0,22.0,179.0,0.0,28.0,1.0,0.0,825.6,0.0,0.0,0.6000000000000001,9.0,0.0,30.0,0.0,28.0,28.0,350.0,825.6,-50.0,0.0,0.0,0.0,0.0,400.0,0.0,0.0,0.0,0.0,0.0,0.0,47.0,718.1,4.442,43.3099925,13.760294,80.0,29.008345431370735,0.0,4.146501311694445,4.146503,408.568642,217.258603,0.7352467355905109,0.7279670649410999,-4.203883399111745,-0.0108059606554999,-23.7875294117647,-20.219399999999997,0.0,-0.0289698232418849,24.69000000000001
517.0,13.3,0.1,714.5,0.0,0.0,0.0,28.0,20.0,26.0,24.0,25.0,25.0,24.0,24.0,24.0,0.07145,25.0,38.0,1233.7772222222222,4441598.0,0.0,0.0,4.96180555555556,3.96944444444444,3.72135416666667,25.0,1821.9,1794.0,1359.2,1297.0,0.0,6702.0,0.0,0.0,713.0,2303.0,3.72,9.0,3.7,49.0,0.0,1233.77722222222,0.0,48.5,26.5,26.5,21.5,58.0,28.0,27.0,27.0,28.0,29.0,27.5,27.5,84.0,0.2599999999999909,90.0,24.5,13.807,719.2,24.95,13.947,28.0,42.5,3.0,0.0,0.0,0.0,22.0,179.0,0.0,28.0,1.0,0.0,825.6,0.0,0.0,0.6000000000000001,9.0,0.0,30.0,0.0,28.0,28.0,350.0,825.6,-50.0,0.0,0.0,0.0,0.0,400.0,0.0,0.0,0.0,0.0,0.0,0.0,47.0,714.3000000000001,4.443,43.3099925,13.760294,80.0,29.008345431370735,0.0,4.146501311694445,4.146503,408.568642,217.258603,0.7352857514938151,0.7280056945483319,1175.6473058082574,3.862960723194444e-05,0.0850595238095238,0.07145,0.0,-0.0289698232418849,24.69000000000001
518.0,13.3,0.1,714.5,0.0,0.0,0.0,28.0,20.0,26.0,24.0,25.0,25.0,24.0,24.0,24.0,0.07145,25.0,38.0,1233.7772222222222,4441598.0,0.0,0.0,4.96180555555556,3.96944444444444,3.72135416666667,25.0,1821.9,1794.0,1359.2,1297.0,0.0,6702.0,0.0,0.0,713.0,2303.0,3.72,9.0,3.7,49.0,0.0,1233.77722222222,0.0,48.5,26.5,26.5,22.0,58.0,28.0,27.0,27.0,28.0,29.0,27.5,27.5,85.0,0.2400000000000091,90.0,24.5,13.808,718.2,24.88,13.946,28.0,47.2,3.0,0.0,0.0,0.0,22.0,179.0,0.0,28.0,1.0,0.0,825.6,0.0,0.0,0.6000000000000001,9.0,0.0,30.0,0.0,28.0,28.0,350.0,825.6,-50.0,0.0,0.0,0.0,0.0,400.0,0.0,0.0,0.0,0.0,0.0,0.0,47.0,714.3000000000001,4.443,38.183105,13.760294,85.328125,29.222805829102963,0.0,4.193217587944445,4.193219,408.615358,217.305319,0.7352857514938151,0.7280056945483319,1175.6473058082574,3.862960723194444e-05,0.0850595238095238,0.07145,0.0,-0.0289698232418849,24.63999999999999
519.0,13.4,-27.6,717.0,0.0,0.0,0.0,28.0,20.0,26.0,24.0,25.0,25.0,24.0,24.0,24.0,-19.7892,25.0,38.0,1233.7777777777778,4441600.0,0.0,0.0,4.97916666666667,3.98333333333333,3.734375,25.0,1821.9,1794.0,1359.2,1297.0,0.0,6655.0,0.0,0.0,715.0,2303.0,3.72,24.0,3.72,77.0,0.0,1233.77777777778,0.0,48.5,26.5,26.5,22.0,58.0,28.0,27.0,27.0,28.0,29.0,27.5,27.5,85.0,0.2400000000000091,90.0,24.5,13.808,718.2,24.88,13.946,28.0,47.2,3.0,0.0,0.0,0.0,22.0,179.0,0.0,28.0,1.0,0.0,825.6,0.0,0.0,0.6000000000000001,9.0,0.0,30.0,0.0,28.0,27.0,350.0,825.6,-50.0,0.0,0.0,0.0,0.0,400.0,0.0,0.0,0.0,0.0,0.0,0.0,47.0,716.9000000000001,4.443,38.183105,13.760294,85.328125,29.222805829102963,0.0,4.193217587944445,4.193219,408.615358,217.305319,0.7240756639345822,0.7169065979550319,-4.295272168657652,-0.0110990965933,-23.28141176470588,-19.7892,0.0,-0.0289698232418849,24.63999999999999
520.0,13.4,-27.6,717.0,0.0,0.0,0.0,28.0,20.0,26.0,24.0,25.0,25.0,24.0,24.0,24.0,-19.7892,25.0,38.0,1233.7777777777778,4441600.0,0.0,0.0,4.97916666666667,3.98333333333333,3.734375,25.0,1821.9,1794.0,1359.2,1297.0,0.0,6655.0,0.0,0.0,715.0,2303.0,3.72,24.0,3.72,77.0,0.0,1233.77777777778,0.0,48.5,26.5,26.5,22.0,58.0,28.0,27.0,27.0,28.0,29.0,27.5,27.5,84.0,0.2400000000000091,90.0,24.5,13.807,720.0,24.91,13.934,28.0,29.1,3.0,0.0,0.0,0.0,22.0,179.0,0.0,28.0,1.0,0.0,825.6,0.0,0.0,0.6000000000000001,9.0,0.0,30.0,0.0,28.0,27.0,350.0,825.6,-50.0,0.0,0.0,0.0,0.0,400.0,0.0,0.0,0.0,0.0,0.0,0.0,47.0,716.9000000000001,4.443,32.1773225,13.760294,80.0,29.43282026670803,0.0,4.239607378944445,4.239609,408.661748,217.351709,0.7240756639345822,0.7169065979550319,-4.295272168657652,-0.0110990965933,-23.28141176470588,-19.7892,0.0,,24.66999999999999
521.0,13.3,-28.0,717.2,0.0,0.0,0.0,28.0,20.0,26.0,24.0,25.0,25.0,24.0,24.0,24.0,-20.0816,25.0,38.0,1233.7783333333334,4441602.0,0.0,0.0,4.98055555555556,3.98444444444444,3.73541666666667,25.0,1821.9,1794.0,1359.2,1297.0,0.0,6564.0,0.0,0.0,716.0,2284.0,3.72,11.0,3.72,77.0,0.0,1233.77833333333,0.0,48.5,26.5,26.5,22.0,58.0,28.0,27.0,27.0,28.0,29.0,27.5,27.5,84.0,0.2400000000000091,90.0,24.5,13.807,720.0,24.91,13.934,28.0,29.1,3.0,0.0,0.0,0.0,22.0,179.0,0.0,28.0,1.0,0.0,825.6,0.0,0.0,0.6000000000000001,9.0,0.0,30.0,0.0,28.0,28.0,350.0,825.6,-50.0,0.0,0.0,0.0,0.0,400.0,0.0,0.0,0.0,0.0,0.0,0.0,47.0,717.5,4.443,32.1773225,13.760294,80.0,29.43282026670803,0.0,4.239607378944445,4.239609,408.661748,217.351709,0.7128015415874706,0.705744100581654,-4.182933630786391,-0.0111624973733777,-23.906666666666663,-20.0816,0.0,,24.66999999999999
522.0,13.3,-28.0,717.2,0.0,0.0,0.0,28.0,20.0,26.0,24.0,25.0,25.0,24.0,24.0,24.0,-20.0816,25.0,38.0,1233.7783333333334,4441602.0,0.0,0.0,4.98055555555556,3.98444444444444,3.73541666666667,25.0,1821.9,1794.0,1359.2,1297.0,0.0,6564.0,0.0,0.0,716.0,2284.0,3.72,11.0,3.72,77.0,0.0,1233.77833333333,0.0,48.5,26.5,26.5,22.0,58.0,28.0,27.0,27.0,28.0,29.0,27.5,27.5,83.0,0.2599999999999909,90.0,24.5,13.809,719.5,24.61,13.926,27.0,21.4,3.0,0.0,0.0,0.0,22.0,179.0,0.0,28.0,1.0,0.0,825.6,0.0,0.0,0.6000000000000001,9.0,0.0,30.0,0.0,28.0,28.0,350.0,825.6,-50.0,0.0,0.0,0.0,0.0,400.0,0.0,0.0,0.0,0.0,0.0,0.0,47.0,717.5,4.443,44.9701275,13.7417386,80.0,29.641748050736684,0.0,4.286420377250001,4.286422,408.708561,217.398522,0.7128015415874706,0.705744100581654,-4.182933630786391,-0.0111624973733777,-23.906666666666663,-20.0816,0.0,,24.35000000000001
523.0,13.3,6.8,714.3,0.0,0.0,0.0,28.0,20.0,26.0,24.0,25.0,25.0,24.0,24.0,24.0,4.85724,25.0,38.0,1233.7788888888888,4441604.0,0.0,0.0,4.96041666666667,3.96833333333333,3.7203125,25.0,1822.0,1794.0,1359.3,1297.0,0.0,6630.0,0.0,0.0,712.0,2284.0,3.72,9.0,3.72,49.0,0.0,1233.77888888889,0.0,48.5,26.5,26.5,22.0,58.0,28.0,27.0,27.0,28.0,29.0,27.5,27.5,83.0,0.2599999999999909,90.0,24.5,13.809,719.5,24.61,13.926,27.0,21.4,3.0,0.0,0.0,0.0,22.0,179.0,0.0,28.0,1.0,0.0,825.6,0.0,0.0,0.6000000000000001,9.0,0.0,30.0,0.0,28.0,27.0,350.0,825.6,-50.0,0.0,0.0,0.0,0.0,400.0,0.0,0.0,0.0,0.0,0.0,0.0,47.0,714.9000000000001,4.443,44.9701275,13.7417386,80.0,29.641748050736684,0.0,4.286420377250001,4.286422,408.708561,217.398522,0.7154988399624386,0.7084146930321173,17.087893536246924,0.0026705924504633,5.852096385542168,4.85724,0.0,,24.35000000000001
524.0,13.3,6.8,714.3,0.0,0.0,0.0,28.0,20.0,26.0,24.0,25.0,25.0,24.0,24.0,24.0,4.85724,25.0,38.0,1233.7788888888888,4441604.0,0.0,0.0,4.96041666666667,3.96833333333333,3.7203125,25.0,1822.0,1794.0,1359.3,1297.0,0.0,6630.0,0.0,0.0,712.0,2284.0,3.72,9.0,3.72,49.0,0.0,1233.77888888889,0.0,48.5,27.0,27.0,22.0,58.0,28.0,27.0,27.0,28.0,29.0,27.5,27.5,84.0,0.2200000000000272,90.0,24.5,13.79,716.7,25.04,13.949,28.0,26.5,3.0,0.0,0.0,0.0,22.0,179.0,0.0,28.0,1.0,0.0,825.6,0.0,0.0,0.6000000000000001,9.0,0.0,30.0,0.0,28.0,27.0,350.0,825.6,-50.0,0.0,0.0,0.0,0.0,400.0,0.0,0.0,0.0,0.0,0.0,0.0,47.0,714.9000000000001,4.443,48.2903975,13.760294,85.046875,29.848956679131263,0.0,4.332900925583334,4.332903,408.755042,217.445003,0.7154988399624386,0.7084146930321173,17.087893536246924,0.0026705924504633,5.852096385542168,4.85724,0.0,,24.819999999999972
525.0,13.3,17.1,713.1,0.0,0.0,0.0,28.0,20.0,26.0,24.0,25.0,25.0,24.0,24.0,24.0,12.19401,25.0,38.0,1233.7794444444444,4441606.0,0.0,0.0,4.95208333333333,3.96166666666667,3.7140625,25.0,1822.0,1794.0,1359.3,1297.0,0.0,6767.0,0.0,0.0,711.0,2284.0,3.7,24.0,3.7,77.0,0.0,1233.77944444444,0.0,48.5,27.0,27.0,22.0,58.0,28.0,27.0,27.0,28.0,29.0,27.5,27.5,84.0,0.2200000000000272,90.0,24.5,13.79,716.7,25.04,13.949,28.0,26.5,3.0,0.0,0.0,0.0,22.0,179.0,0.0,28.0,1.0,0.0,825.6,0.0,0.0,0.6000000000000001,9.0,0.0,30.0,0.0,28.0,28.0,350.0,825.6,-50.0,0.0,0.0,0.0,0.0,400.0,0.0,0.0,0.0,0.0,0.0,0.0,47.0,714.1,4.443,48.2903975,13.760294,85.046875,29.848956679131263,0.0,4.332900925583334,4.332903,408.755042,217.445003,0.7223050287823212,0.7151534938438824,6.888628105110623,0.006738800811765,14.516678571428573,12.194010000000002,0.0,,24.819999999999972
526.0,13.3,17.1,713.1,0.0,0.0,0.0,28.0,20.0,26.0,24.0,25.0,25.0,24.0,24.0,24.0,12.19401,25.0,38.0,1233.7794444444444,4441606.0,0.0,0.0,4.95208333333333,3.96166666666667,3.7140625,25.0,1822.0,1794.0,1359.3,1297.0,0.0,6767.0,0.0,0.0,711.0,2284.0,3.7,24.0,3.7,77.0,0.0,1233.77944444444,0.0,48.5,26.5,26.5,22.0,58.0,28.0,27.0,27.0,28.0,29.0,27.5,27.5,86.0,0.2800000000000295,90.0,24.5,13.808,716.7,24.4,13.929,28.0,33.1,3.0,0.0,0.0,0.0,22.0,179.0,0.0,28.0,1.0,0.0,825.6,0.0,0.0,0.6000000000000001,9.0,0.0,30.0,0.0,28.0,28.0,350.0,825.6,-50.0,0.0,0.0,0.0,0.0,400.0,0.0,0.0,0.0,0.0,0.0,0.0,47.0,714.1,4.443,50.1458425,13.740762,84.0,30.059756136580607,0.0,4.379943728250001,4.379946,408.802085,217.492046,0.7223050287823212,0.7151534938438824,6.888628105110623,0.006738800811765,14.516678571428573,12.194010000000002,0.0,,24.11999999999997
527.0,13.3,20.2,712.7,0.0,0.0,0.0,28.0,20.0,26.0,24.0,25.0,25.0,24.0,24.0,24.0,14.39654,25.0,38.0,1233.78,4441608.0,0.0,0.0,4.94930555555556,3.95944444444444,3.71197916666667,25.0,1822.0,1794.0,1359.3,1297.0,0.0,6888.0,0.0,0.0,711.0,2284.0,3.7,9.0,3.7,78.0,0.0,1233.78,0.0,48.5,26.5,26.5,22.0,58.0,28.0,27.0,27.0,28.0,29.0,27.5,27.5,86.0,0.2800000000000295,90.0,24.5,13.808,716.7,24.4,13.929,28.0,33.1,3.0,0.0,0.0,0.0,22.0,179.0,0.0,28.0,1.0,0.0,825.6,0.0,0.0,0.6000000000000001,9.0,0.0,30.0,0.0,28.0,28.0,350.0,825.6,-50.0,0.0,0.0,0.0,0.0,400.0,0.0,0.0,0.0,0.0,0.0,0.0,47.0,713.5,4.443,50.1458425,13.740762,84.0,30.059756136580607,0.0,4.379943728250001,4.379946,408.802085,217.492046,0.7302659247921987,0.7230355691011868,5.973657559385797,0.0078820752573044,16.740162790697678,14.396540000000002,0.0,,24.11999999999997
528.0,13.3,20.2,712.7,0.0,0.0,0.0,28.0,20.0,26.0,24.0,25.0,25.0,24.0,24.0,24.0,14.39654,25.0,38.0,1233.78,4441608.0,0.0,0.0,4.94930555555556,3.95944444444444,3.71197916666667,25.0,1822.0,1794.0,1359.3,1297.0,0.0,6888.0,0.0,0.0,711.0,2284.0,3.7,9.0,3.7,78.0,0.0,1233.78,0.0,48.5,26.5,26.5,22.0,58.0,28.0,27.5,27.0,28.0,29.0,27.5,27.5,87.0,0.2300000000000182,90.0,24.5,13.79,715.4000000000001,24.77,13.943,28.0,-11.4,3.0,0.0,0.0,0.0,22.0,179.0,0.0,28.0,1.0,0.0,825.6,0.0,0.0,0.6000000000000001,9.0,0.0,30.0,0.0,28.0,28.0,350.0,825.6,-50.0,0.0,0.0,0.0,0.0,400.0,0.0,0.0,0.0,0.0,0.0,0.0,47.0,713.5,4.443,53.612595,13.7695717,88.25,30.27482060140219,0.0,4.428004983583334,4.428007,408.850146,217.540107,0.7302659247921987,0.7230355691011868,5.973657559385797,0.0078820752573044,16.740162790697678,14.396540000000002,0.0,,24.53999999999998
529.0,13.3,-17.0,715.4,0.0,0.0,0.0,27.0,20.0,26.0,24.0,25.0,25.0,24.0,24.0,24.0,-12.1618,25.0,38.0,1233.7805555555556,4441610.0,0.0,0.0,4.96805555555556,3.97444444444444,3.72604166666667,25.0,1822.0,1794.0,1359.3,1297.0,0.0,6926.0,0.0,0.0,714.0,2302.0,3.72,9.0,3.72,64.0,0.0,1233.78055555556,0.0,48.5,26.5,26.5,22.0,58.0,28.0,27.5,27.0,28.0,29.0,27.5,27.5,87.0,0.2300000000000182,90.0,24.5,13.79,715.4000000000001,24.77,13.943,28.0,-11.4,3.0,0.0,0.0,0.0,22.0,179.0,0.0,28.0,1.0,0.0,825.6,0.0,0.0,0.6000000000000001,9.0,0.0,30.0,0.0,28.0,27.0,350.0,825.6,-50.0,0.0,0.0,0.0,0.0,400.0,0.0,0.0,0.0,0.0,0.0,0.0,47.0,713.4000000000001,4.443,53.612595,13.7695717,88.25,30.27482060140219,0.0,4.428004983583334,4.428007,408.850146,217.540107,0.723513067977851,0.7163495722552979,-7.153546350046868,-0.0066859968458888,-13.979080459770111,-12.1618,0.0,,24.53999999999998
530.0,13.3,-17.0,715.4,0.0,0.0,0.0,27.0,20.0,26.0,24.0,25.0,25.0,24.0,24.0,24.0,-12.1618,25.0,38.0,1233.7805555555556,4441610.0,0.0,0.0,4.96805555555556,3.97444444444444,3.72604166666667,25.0,1822.0,1794.0,1359.3,1297.0,0.0,6926.0,0.0,0.0,714.0,2302.0,3.72,9.0,3.72,64.0,0.0,1233.78055555556,0.0,48.5,26.5,26.5,22.0,58.0,28.0,27.0,27.0,28.0,29.0,27.5,27.5,87.0,0.2599999999999909,90.0,24.5,13.809,722.0,29.43,13.929,27.0,4.0,3.0,0.0,0.0,0.0,22.0,179.0,0.0,28.0,1.0,0.0,825.6,0.0,0.0,0.6000000000000001,9.0,0.0,30.0,0.0,28.0,27.0,350.0,825.6,-50.0,0.0,0.0,0.0,0.0,400.0,0.0,0.0,0.0,0.0,0.0,0.0,47.0,713.4000000000001,4.443,26.2203675,13.7305077,84.0,30.490834209249673,0.0,4.476646599000001,4.476649,408.898788,217.588749,0.723513067977851,0.7163495722552979,-7.153546350046868,-0.0066859968458888,-13.979080459770111,-12.1618,0.0,0.0142380693055206,29.17000000000001
531.0,13.3,-40.9,718.5,0.0,0.0,0.0,27.0,20.0,26.0,24.0,25.0,25.0,24.0,24.0,24.0,-29.38665,25.0,38.0,1233.7811111111112,4441612.0,0.0,0.0,4.98958333333333,3.99166666666667,3.7421875,25.0,1822.0,1794.0,1359.3,1297.0,0.0,6532.0,0.0,0.0,717.0,2302.0,3.74,167.0,3.74,40.0,0.0,1233.78111111111,0.0,48.5,26.5,26.5,22.0,58.0,28.0,27.0,27.0,28.0,29.0,27.5,27.5,87.0,0.2599999999999909,90.0,24.5,13.809,722.0,29.43,13.929,27.0,4.0,3.0,0.0,0.0,0.0,22.0,179.0,0.0,28.0,1.0,0.0,825.6,0.0,0.0,0.6000000000000001,9.0,0.0,30.0,0.0,28.0,28.0,350.0,825.6,-50.0,0.0,0.0,0.0,0.0,400.0,0.0,0.0,0.0,0.0,0.0,0.0,47.0,718.8000000000001,4.443,26.2203675,13.7305077,84.0,30.490834209249673,0.0,4.476646599000001,4.476649,408.898788,217.588749,0.7067009161840937,0.6997038774099937,-2.960527994854807,-0.0166456948453041,-33.77775862068965,-29.38665,0.0,0.0142380693055206,29.17000000000001
532.0,13.3,-40.9,718.5,0.0,0.0,0.0,27.0,20.0,26.0,24.0,25.0,25.0,24.0,24.0,24.0,-29.38665,25.0,38.0,1233.7811111111112,4441612.0,0.0,0.0,4.98958333333333,3.99166666666667,3.7421875,25.0,1822.0,1794.0,1359.3,1297.0,0.0,6532.0,0.0,0.0,717.0,2302.0,3.74,167.0,3.74,40.0,0.0,1233.78111111111,0.0,48.5,26.5,26.5,22.0,58.0,28.0,27.5,27.0,28.0,29.0,27.5,27.5,82.0,0.4900000000000091,90.0,24.5,13.806,717.9000000000001,24.14,13.948,28.0,-1.1,3.0,0.0,0.0,0.0,22.0,179.0,0.0,28.0,1.0,0.0,825.6,0.0,0.0,0.6000000000000001,9.0,0.0,30.0,0.0,28.0,28.0,350.0,825.6,-50.0,0.0,0.0,0.0,0.0,400.0,0.0,0.0,0.0,0.0,0.0,0.0,47.0,718.8000000000001,4.443,44.9701275,13.7612706,80.0,30.685533124641022,0.0,4.522326070222223,4.522328,408.944467,217.634428,0.7067009161840937,0.6997038774099937,-2.960527994854807,-0.0166456948453041,-33.77775862068965,-29.38665,0.0,0.0142380693055206,23.64999999999999
533.0,13.4,29.7,712.4,0.0,0.0,0.0,27.0,20.0,26.0,24.0,25.0,25.0,24.0,24.0,24.0,21.15828,25.0,38.0,1233.7816666666668,4441614.0,0.0,0.0,4.94722222222222,3.95777777777778,3.71041666666667,25.0,1822.0,1794.0,1359.3,1297.0,0.0,6481.0,0.0,0.0,710.0,2302.0,3.7,20.0,3.7,77.0,0.0,1233.78166666667,0.0,48.5,26.5,26.5,22.0,58.0,28.0,27.5,27.0,28.0,29.0,27.5,27.5,82.0,0.4900000000000091,90.0,24.5,13.806,717.9000000000001,24.14,13.948,28.0,-1.1,3.0,0.0,0.0,0.0,22.0,179.0,0.0,28.0,1.0,0.0,825.6,0.0,0.0,0.6000000000000001,9.0,0.0,30.0,0.0,28.0,27.0,350.0,825.6,-50.0,0.0,0.0,0.0,0.0,400.0,0.0,0.0,0.0,0.0,0.0,0.0,47.0,713.9000000000001,4.443,44.9701275,13.7612706,80.0,30.685533124641022,0.0,4.522326070222223,4.522328,408.944467,217.634428,0.7190538419509753,0.7119344969811637,3.875551320806795,0.01223061957117,25.80278048780488,21.15828,0.0,0.0142380693055206,23.64999999999999
534.0,13.4,29.7,712.4,0.0,0.0,0.0,27.0,20.0,26.0,24.0,25.0,25.0,24.0,24.0,24.0,21.15828,25.0,38.0,1233.7816666666668,4441614.0,0.0,0.0,4.94722222222222,3.95777777777778,3.71041666666667,25.0,1822.0,1794.0,1359.3,1297.0,0.0,6481.0,0.0,0.0,710.0,2302.0,3.7,20.0,3.7,77.0,0.0,1233.78166666667,0.0,48.5,26.5,26.5,22.0,58.0,28.0,27.5,27.0,28.0,29.0,27.5,27.5,82.0,0.2599999999999909,90.0,24.5,13.809,715.1,24.74,13.937,27.0,-0.9,3.0,0.0,0.0,0.0,22.0,179.0,0.0,28.0,1.0,0.0,825.6,0.0,0.0,0.6000000000000001,9.0,0.0,30.0,0.0,28.0,27.0,350.0,825.6,-50.0,0.0,0.0,0.0,0.0,400.0,0.0,0.0,0.0,0.0,0.0,0.0,47.0,713.9000000000001,4.443,47.8021225,13.760294,80.0,30.88551129583061,0.0,4.5696064137777785,4.569608,408.991747,217.681708,0.7190538419509753,0.7119344969811637,3.875551320806795,0.01223061957117,25.80278048780488,21.15828,0.0,-0.0140176807332815,24.480000000000008
535.0,13.3,1.0,714.7,0.0,0.0,0.0,27.0,20.0,26.0,24.0,25.0,25.0,24.0,24.0,24.0,0.7147,25.0,38.0,1233.782222222222,4441616.0,0.0,0.0,4.96319444444444,3.97055555555556,3.72239583333333,25.0,1822.0,1794.0,1359.3,1297.0,0.0,6389.0,0.0,0.0,713.0,2302.0,3.72,9.0,3.72,13.0,0.0,1233.78222222222,0.0,48.5,26.5,26.5,22.0,58.0,28.0,27.5,27.0,28.0,29.0,27.5,27.5,82.0,0.2599999999999909,90.0,24.5,13.809,715.1,24.74,13.937,27.0,-0.9,3.0,0.0,0.0,0.0,22.0,179.0,0.0,28.0,1.0,0.0,825.6,0.0,0.0,0.6000000000000001,9.0,0.0,30.0,0.0,28.0,28.0,350.0,825.6,-50.0,0.0,0.0,0.0,0.0,400.0,0.0,0.0,0.0,0.0,0.0,0.0,47.0,715.6,4.443,47.8021225,13.760294,80.0,30.88551129583061,0.0,4.5696064137777785,4.569608,408.991747,217.681708,0.7194561842698858,0.7123328557127582,114.73345459633414,0.0003983587315944,0.8715853658536584,0.7147,0.0,-0.0140176807332815,24.480000000000008
536.0,13.3,1.0,714.7,0.0,0.0,0.0,27.0,20.0,26.0,24.0,25.0,25.0,24.0,24.0,24.0,0.7147,25.0,38.0,1233.782222222222,4441616.0,0.0,0.0,4.96319444444444,3.97055555555556,3.72239583333333,25.0,1822.0,1794.0,1359.3,1297.0,0.0,6389.0,0.0,0.0,713.0,2302.0,3.72,9.0,3.72,13.0,0.0,1233.78222222222,0.0,48.5,26.5,26.5,22.0,58.0,28.0,27.0,27.0,28.0,29.0,27.5,27.5,80.0,0.2599999999999909,90.0,24.5,13.809,716.7,24.78,13.941,28.0,6.5,3.0,0.0,0.0,0.0,22.0,179.0,0.0,28.0,1.0,0.0,825.6,0.0,0.0,0.6000000000000001,9.0,0.0,30.0,0.0,28.0,28.0,350.0,825.6,-50.0,0.0,0.0,0.0,0.0,400.0,0.0,0.0,0.0,0.0,0.0,0.0,47.0,715.6,4.443,31.200772500000003,13.7612706,80.046875,31.06900029106796,0.0,4.613991791555557,4.613993,409.036132,217.726093,0.7194561842698858,0.7123328557127582,114.73345459633414,0.0003983587315944,0.8715853658536584,0.7147,0.0,-0.0245119186264324,24.52000000000001
537.0,13.3,-67.2,720.6,0.0,0.0,0.0,27.0,20.0,26.0,24.0,25.0,25.0,24.0,24.0,24.0,-48.42432,25.0,38.0,1233.7827777777777,4441618.0,0.0,0.0,5.00416666666667,4.00333333333333,3.753125,25.0,1822.0,1794.0,1359.3,1297.0,0.0,5949.0,0.0,0.0,719.0,2302.0,3.74,33.0,3.74,13.0,0.0,1233.78277777778,0.0,48.5,26.5,26.5,22.0,58.0,28.0,27.0,27.0,28.0,29.0,27.5,27.5,80.0,0.2599999999999909,90.0,24.5,13.809,716.7,24.78,13.941,28.0,6.5,3.0,0.0,0.0,0.0,22.0,179.0,0.0,28.0,1.0,0.0,825.6,0.0,0.0,0.6000000000000001,9.0,0.0,30.0,0.0,28.0,28.0,350.0,825.6,-50.0,0.0,0.0,0.0,0.0,400.0,0.0,0.0,0.0,0.0,0.0,0.0,47.0,718.8000000000001,4.444,31.200772500000003,13.7612706,80.046875,31.06900029106796,0.0,4.613991791555557,4.613993,409.036132,217.726093,0.6926048804017417,0.6857474063383582,-1.6520624347435335,-0.0265854493744,-60.53040000000001,-48.42432000000001,0.0,-0.0245119186264324,24.52000000000001
538.0,13.3,-67.2,720.6,0.0,0.0,0.0,27.0,20.0,26.0,24.0,25.0,25.0,24.0,24.0,24.0,-48.42432,25.0,38.0,1233.7827777777777,4441618.0,0.0,0.0,5.00416666666667,4.00333333333333,3.753125,25.0,1822.0,1794.0,1359.3,1297.0,0.0,5949.0,0.0,0.0,719.0,2302.0,3.74,33.0,3.74,13.0,0.0,1233.78277777778,0.0,48.5,26.5,26.5,22.0,58.0,28.0,27.0,27.0,28.0,29.0,27.5,27.5,74.0,0.2400000000000091,90.0,24.5,13.781,724.5,29.79,13.94,28.0,-0.6000000000000001,3.0,0.0,0.0,0.0,22.0,179.0,0.0,28.0,1.0,0.0,825.6,0.0,0.0,0.6000000000000001,9.0,0.0,30.0,0.0,28.0,28.0,350.0,825.6,-50.0,0.0,0.0,0.0,0.0,400.0,0.0,0.0,0.0,0.0,0.0,0.0,47.0,718.8000000000001,4.444,18.74976,13.7314843,68.0,31.22846395862048,0.0,4.654963885444445,4.654965,409.077104,217.767065,0.6926048804017417,0.6857474063383582,-1.6520624347435335,-0.0265854493744,-60.53040000000001,-48.42432000000001,0.0,-0.0456199080052245,29.54999999999999
539.0,13.4,-1.7,715.4,0.0,0.0,0.0,27.0,20.0,26.0,24.0,25.0,25.0,24.0,24.0,24.0,-1.21618,25.0,38.0,1233.7833333333333,4441620.0,0.0,0.0,4.96805555555556,3.97444444444444,3.72604166666667,25.0,1822.0,1794.0,1359.3,1297.0,0.0,5379.0,0.0,0.0,714.0,2316.0,3.72,24.0,3.72,64.0,0.0,1233.78333333333,0.0,48.5,26.5,26.5,22.0,58.0,28.0,27.0,27.0,28.0,29.0,27.5,27.5,74.0,0.2400000000000091,90.0,24.5,13.781,724.5,29.79,13.94,28.0,-0.6000000000000001,3.0,0.0,0.0,0.0,22.0,179.0,0.0,28.0,1.0,0.0,825.6,0.0,0.0,0.6000000000000001,9.0,0.0,30.0,0.0,28.0,28.0,350.0,825.6,-50.0,0.0,0.0,0.0,0.0,400.0,0.0,0.0,0.0,0.0,0.0,0.0,47.0,716.7,4.443,18.74976,13.7314843,68.0,31.22846395862048,0.0,4.654963885444445,4.654965,409.077104,217.767065,0.6919171057256585,0.6850664413125331,-60.846256310743485,-0.0006809650258249,-1.643486486486486,-1.2161799999999998,0.0,-0.0456199080052245,29.54999999999999
540.0,13.4,-1.7,715.4,0.0,0.0,0.0,27.0,20.0,26.0,24.0,25.0,25.0,24.0,24.0,24.0,-1.21618,25.0,38.0,1233.7833333333333,4441620.0,0.0,0.0,4.96805555555556,3.97444444444444,3.72604166666667,25.0,1822.0,1794.0,1359.3,1297.0,0.0,5379.0,0.0,0.0,714.0,2316.0,3.72,24.0,3.72,64.0,0.0,1233.78333333333,0.0,48.5,26.5,26.5,22.0,58.0,28.0,27.0,27.0,28.0,29.0,27.5,27.5,68.0,0.2300000000000182,90.0,24.5,13.805,716.5,25.26,13.946,28.0,-1.7000000000000002,3.0,0.0,0.0,0.0,22.0,179.0,0.0,28.0,1.0,0.0,825.6,0.0,0.0,0.6000000000000001,9.0,0.0,30.0,0.0,28.0,28.0,350.0,825.6,-50.0,0.0,0.0,0.0,0.0,400.0,0.0,0.0,0.0,0.0,0.0,0.0,47.0,716.7,4.443,42.3334425,13.760294,64.0,31.36547804787285,0.0,4.692873494444445,4.692875,409.115014,217.804975,0.6919171057256585,0.6850664413125331,-60.846256310743485,-0.0006809650258249,-1.643486486486486,-1.2161799999999998,0.0,-0.0491267075328351,25.029999999999983
541.0,13.4,71.3,709.0,0.0,0.0,0.0,27.0,20.0,26.0,24.0,25.0,25.0,24.0,24.0,24.0,50.5517,25.0,38.0,1233.783888888889,4441622.0,0.0,0.0,4.92361111111111,3.93888888888889,3.69270833333333,25.0,1822.0,1794.0,1359.3,1297.0,0.0,5415.0,0.0,0.0,707.0,2316.0,3.68,24.0,3.68,78.0,0.0,1233.78388888889,0.0,48.5,26.5,26.5,22.0,58.0,28.0,27.0,27.0,28.0,29.0,27.5,27.5,68.0,0.2300000000000182,90.0,24.5,13.805,716.5,25.26,13.946,28.0,-1.7000000000000002,3.0,0.0,0.0,0.0,22.0,179.0,0.0,28.0,1.0,0.0,825.6,0.0,0.0,0.6000000000000001,9.0,0.0,30.0,0.0,28.0,27.0,350.0,825.6,-50.0,0.0,0.0,0.0,0.0,400.0,0.0,0.0,0.0,0.0,0.0,0.0,47.0,711.7,4.443,42.3334425,13.760294,64.0,31.36547804787285,0.0,4.692873494444445,4.692875,409.115014,217.804975,0.7203298186987381,0.7131978402957804,1.345157531794183,0.0281313989832472,74.34073529411765,50.5517,0.0,-0.0491267075328351,25.029999999999983
542.0,13.4,71.3,709.0,0.0,0.0,0.0,27.0,20.0,26.0,24.0,25.0,25.0,24.0,24.0,24.0,50.5517,25.0,38.0,1233.783888888889,4441622.0,0.0,0.0,4.92361111111111,3.93888888888889,3.69270833333333,25.0,1822.0,1794.0,1359.3,1297.0,0.0,5415.0,0.0,0.0,707.0,2316.0,3.68,24.0,3.68,78.0,0.0,1233.78388888889,0.0,48.5,26.5,26.5,22.0,58.0,28.0,27.0,27.0,28.0,29.0,27.5,27.5,69.0,0.25,90.0,24.5,13.807,712.3000000000001,24.84,13.944,28.0,1.0,3.0,0.0,0.0,0.0,22.0,179.0,0.0,28.0,1.0,0.0,825.6,0.0,0.0,0.6000000000000001,9.0,0.0,30.0,0.0,28.0,27.0,350.0,825.6,-50.0,0.0,0.0,0.0,0.0,400.0,0.0,0.0,0.0,0.0,0.0,0.0,47.0,711.7,4.443,59.61837750000001,13.760294,69.6875,31.505271930365904,0.0,4.731364032777778,4.731366,409.153505,217.843466,0.7203298186987381,0.7131978402957804,1.345157531794183,0.0281313989832472,74.34073529411765,50.5517,0.0,-0.0491267075328351,24.59
543.0,13.4,71.3,709.0,0.0,0.0,0.0,27.0,20.0,26.0,24.0,25.0,25.0,24.0,24.0,24.0,50.5517,25.0,38.0,1233.783888888889,4441622.0,0.0,0.0,4.92361111111111,3.93888888888889,3.69270833333333,25.0,1822.0,1794.0,1359.3,1297.0,0.0,5415.0,0.0,0.0,707.0,2316.0,3.68,24.0,3.68,78.0,0.0,1233.78388888889,0.0,48.5,26.5,26.5,22.0,58.0,28.0,27.0,27.0,28.0,29.0,27.5,27.5,69.0,0.25,90.0,24.5,13.807,712.3000000000001,24.84,13.944,28.0,1.0,3.0,0.0,0.0,0.0,22.0,179.0,0.0,28.0,1.0,0.0,825.6,0.0,0.0,0.6000000000000001,9.0,0.0,30.0,0.0,28.0,28.0,350.0,825.6,-50.0,0.0,0.0,0.0,0.0,400.0,0.0,0.0,0.0,0.0,0.0,0.0,47.0,709.6,4.443,59.61837750000001,13.760294,69.6875,31.505271930365904,0.0,4.731364032777778,4.731366,409.153505,217.843466,0.7203298186987381,0.7131978402957804,1.345157531794183,0.0281313989832472,74.34073529411765,50.5517,0.0,-0.0491267075328351,24.59
544.0,13.3,67.5,708.4,0.0,0.0,0.0,27.0,20.0,26.0,24.0,25.0,25.0,24.0,24.0,24.0,47.817,25.0,38.0,1233.7844444444445,4441624.0,0.0,0.0,4.91944444444444,3.93555555555556,3.68958333333333,25.0,1822.0,1794.1,1359.3,1297.0,0.0,5644.0,0.0,0.0,706.0,2316.0,3.68,9.0,3.68,78.0,0.0,1233.78444444444,0.0,48.5,26.5,26.5,22.0,58.0,28.0,27.5,27.0,28.0,29.0,27.5,27.5,72.0,0.2599999999999909,90.0,24.5,13.808,711.8000000000001,25.37,13.948,28.0,-3.1,3.0,0.0,0.0,0.0,22.0,179.0,0.0,28.0,1.0,0.0,825.6,0.0,0.0,0.6000000000000001,9.0,0.0,30.0,0.0,28.0,28.0,350.0,825.6,-50.0,0.0,0.0,0.0,0.0,400.0,0.0,0.0,0.0,0.0,0.0,0.0,47.0,709.6,4.443,64.94057500000001,13.7612706,72.671875,31.65545154789768,0.0,4.771613650777778,4.771616,409.193755,217.883716,0.7473876853997957,0.7399878073265304,1.4430014430014428,0.02678996703075,69.30000000000001,47.817,0.0,,25.11000000000001
545.0,13.3,79.5,706.8,0.0,0.0,0.0,27.0,20.0,26.0,24.0,25.0,25.0,24.0,24.0,24.0,56.1906,25.0,38.0,1233.785,4441626.0,0.0,0.0,4.90833333333333,3.92666666666667,3.68125,25.0,1822.0,1794.1,1359.3,1297.1,0.0,5939.0,0.0,0.0,704.0,2316.0,3.68,9.0,3.66,77.0,0.0,1233.785,0.0,48.5,26.5,26.5,22.0,58.0,28.0,27.5,27.0,28.0,29.0,27.5,27.5,72.0,0.2599999999999909,90.0,24.5,13.808,711.8000000000001,25.37,13.948,28.0,-3.1,3.0,0.0,0.0,0.0,22.0,179.0,0.0,28.0,1.0,0.0,825.6,0.0,0.0,0.6000000000000001,9.0,0.0,30.0,0.0,28.0,28.0,350.0,825.6,-50.0,0.0,0.0,0.0,0.0,400.0,0.0,0.0,0.0,0.0,0.0,0.0,47.0,707.0,4.443,64.94057500000001,13.7612706,72.671875,31.65545154789768,0.0,4.771613650777778,4.771616,409.193755,217.883716,0.7785836661664451,0.7708749169964804,1.2813531088829806,0.0308871096699499,78.04249999999999,56.1906,0.0,,25.11000000000001
546.0,13.3,79.5,706.8,0.0,0.0,0.0,27.0,20.0,26.0,24.0,25.0,25.0,24.0,24.0,24.0,56.1906,25.0,38.0,1233.785,4441626.0,0.0,0.0,4.90833333333333,3.92666666666667,3.68125,25.0,1822.0,1794.1,1359.3,1297.1,0.0,5939.0,0.0,0.0,704.0,2316.0,3.68,9.0,3.66,77.0,0.0,1233.785,0.0,48.5,26.5,26.5,22.0,58.0,28.0,27.0,27.0,28.0,29.0,27.5,27.5,76.0,0.25,90.0,24.5,13.808,709.7,24.89,13.939,28.0,-2.1,3.0,0.0,0.0,0.0,22.0,179.0,0.0,28.0,1.0,0.0,825.6,0.0,0.0,0.6000000000000001,9.0,0.0,30.0,0.0,28.0,28.0,350.0,825.6,-50.0,0.0,0.0,0.0,0.0,400.0,0.0,0.0,0.0,0.0,0.0,0.0,47.0,707.0,4.443,67.4307775,13.750528,76.953125,31.816495125998827,0.0,4.813369142222222,4.813371,409.23551,217.925471,0.7785836661664451,0.7708749169964804,1.2813531088829806,0.0308871096699499,78.04249999999999,56.1906,0.0,,24.64
547.0,13.4,63.3,707.6,0.0,0.0,0.0,27.0,20.0,26.0,24.0,25.0,25.0,24.0,24.0,24.0,44.79108,25.0,38.0,1233.7855555555554,4441628.0,0.0,0.0,4.91388888888889,3.93111111111111,3.68541666666667,25.0,1822.0,1794.1,1359.3,1297.1,0.0,6195.0,0.0,0.0,705.0,2308.0,3.68,9.0,3.68,73.0,0.0,1233.78555555556,0.0,48.5,26.5,26.5,22.0,58.0,28.0,27.0,27.0,28.0,29.0,27.5,27.5,76.0,0.25,90.0,24.5,13.808,709.7,24.89,13.939,28.0,-2.1,3.0,0.0,0.0,0.0,22.0,179.0,0.0,28.0,1.0,0.0,825.6,0.0,0.0,0.6000000000000001,9.0,0.0,30.0,0.0,28.0,27.0,350.0,825.6,-50.0,0.0,0.0,0.0,0.0,400.0,0.0,0.0,0.0,0.0,0.0,0.0,47.0,706.9000000000001,4.443,67.4307775,13.750528,76.953125,31.816495125998827,0.0,4.813369142222222,4.813371,409.23551,217.925471,0.8034020517231858,0.7954475759635503,1.6967664097405109,0.02457265896707,58.935631578947365,44.79108,0.0,,24.64
548.0,13.4,63.3,707.6,0.0,0.0,0.0,27.0,20.0,26.0,24.0,25.0,25.0,24.0,24.0,24.0,44.79108,25.0,38.0,1233.7855555555554,4441628.0,0.0,0.0,4.91388888888889,3.93111111111111,3.68541666666667,25.0,1822.0,1794.1,1359.3,1297.1,0.0,6195.0,0.0,0.0,705.0,2308.0,3.68,9.0,3.68,73.0,0.0,1233.78555555556,0.0,48.5,26.5,26.5,22.0,58.0,28.0,27.5,27.0,28.0,29.0,27.5,27.5,79.0,0.0,90.0,24.5,13.79,709.9000000000001,24.62,13.921,28.0,-12.0,3.0,0.0,0.0,0.0,22.0,179.0,0.0,28.0,1.0,0.0,825.6,0.0,0.0,0.6000000000000001,9.0,0.0,30.0,0.0,28.0,27.0,350.0,825.6,-50.0,0.0,0.0,0.0,0.0,400.0,0.0,0.0,0.0,0.0,0.0,0.0,47.0,706.9000000000001,4.443,65.23354,13.760294,76.0,31.987589188264053,0.0,4.856864843722223,4.856867,409.279006,217.968967,0.8034020517231858,0.7954475759635503,1.6967664097405109,0.02457265896707,58.935631578947365,44.79108,0.0,0.0390476627267819,24.62
549.0,13.4,63.3,707.6,0.0,0.0,0.0,27.0,20.0,26.0,24.0,25.0,25.0,24.0,24.0,24.0,44.79108,25.0,38.0,1233.7855555555554,4441628.0,0.0,0.0,4.91388888888889,3.93111111111111,3.68541666666667,25.0,1822.0,1794.1,1359.3,1297.1,0.0,6195.0,0.0,0.0,705.0,2308.0,3.68,9.0,3.68,73.0,0.0,1233.78555555556,0.0,48.5,26.5,26.5,22.0,58.0,28.0,27.5,27.0,28.0,29.0,27.5,27.5,79.0,0.0,90.0,24.5,13.79,709.9000000000001,24.62,13.921,28.0,-12.0,3.0,0.0,0.0,0.0,22.0,179.0,0.0,28.0,1.0,0.0,825.6,0.0,0.0,0.6000000000000001,9.0,0.0,30.0,0.0,28.0,27.0,350.0,825.6,-50.0,0.0,0.0,0.0,0.0,400.0,0.0,0.0,0.0,0.0,0.0,0.0,47.0,707.3000000000001,4.444,65.23354,13.760294,76.0,31.987589188264053,0.0,4.856864843722223,4.856867,409.279006,217.968967,0.8034020517231858,0.7954475759635503,1.6967664097405109,0.02457265896707,58.935631578947365,44.79108,0.0,0.0390476627267819,24.62
550.0,13.3,79.8,706.1,0.0,0.0,0.0,27.0,20.0,26.0,24.0,25.0,25.0,24.0,24.0,24.0,56.34678,25.0,38.0,1233.786111111111,4441630.0,0.0,0.0,4.90347222222222,3.92277777777778,3.67760416666667,25.0,1822.0,1794.2,1359.3,1297.1,0.0,6383.0,0.0,0.0,704.0,2308.0,3.68,12.0,3.66,77.0,0.0,1233.78611111111,0.0,48.0,26.5,26.5,22.0,58.0,28.0,27.5,27.0,28.0,29.0,27.5,27.5,81.0,0.4900000000000091,90.0,24.5,13.807,708.6,24.58,13.938,28.0,-1.4,3.0,0.0,0.0,0.0,22.0,179.0,0.0,28.0,1.0,0.0,825.6,0.0,0.0,0.6000000000000001,9.0,0.0,30.0,0.0,28.0,27.0,350.0,825.6,-50.0,0.0,0.0,0.0,0.0,400.0,0.0,0.0,0.0,0.0,0.0,0.0,47.0,707.3000000000001,4.444,65.23354,13.760294,76.0,32.172134106141364,0.0,4.903347814222222,4.90335,409.325489,218.01545,0.8362258180769028,0.8279463545315869,1.4020322013076878,0.0324987785680366,71.32503797468355,56.346779999999995,0.0,0.0422799767795909,24.08999999999999
551.0,13.3,79.8,706.1,0.0,0.0,0.0,27.0,20.0,26.0,24.0,25.0,25.0,24.0,24.0,24.0,56.34678,25.0,38.0,1233.786111111111,4441630.0,0.0,0.0,4.90347222222222,3.92277777777778,3.67760416666667,25.0,1822.0,1794.2,1359.3,1297.1,0.0,6383.0,0.0,0.0,704.0,2308.0,3.68,12.0,3.66,77.0,0.0,1233.78611111111,0.0,48.0,26.5,26.5,22.0,58.0,28.0,27.5,27.0,28.0,29.0,27.5,27.5,81.0,0.4900000000000091,90.0,24.5,13.807,708.6,24.58,13.938,28.0,-1.4,3.0,0.0,0.0,0.0,22.0,179.0,0.0,28.0,1.0,0.0,825.6,0.0,0.0,0.6000000000000001,9.0,0.0,30.0,0.0,28.0,28.0,350.0,825.6,-50.0,0.0,0.0,0.0,0.0,400.0,0.0,0.0,0.0,0.0,0.0,0.0,47.0,705.8000000000001,4.443,68.89560250000001,13.7695717,80.0,32.172134106141364,0.0,4.903347814222222,4.90335,409.325489,218.01545,0.8362258180769028,0.8279463545315869,1.4020322013076878,0.0324987785680366,71.32503797468355,56.346779999999995,0.0,0.0422799767795909,24.08999999999999
552.0,13.3,74.5,705.8,0.0,0.0,0.0,27.0,20.0,26.0,24.0,25.0,25.0,24.0,24.0,24.0,52.5821,25.0,38.0,1233.7866666666666,4441632.0,0.0,0.0,4.90138888888889,3.92111111111111,3.67604166666667,25.0,1822.0,1794.2,1359.3,1297.1,0.0,6606.0,0.0,0.0,703.0,2308.0,3.68,11.0,3.66,78.0,0.0,1233.78666666667,0.0,48.0,26.5,26.5,22.0,58.0,28.0,27.5,27.0,28.0,29.0,27.5,27.5,84.0,0.25,90.0,24.5,13.805,709.3000000000001,24.94,13.941,28.0,-2.9000000000000004,3.0,0.0,0.0,0.0,22.0,179.0,0.0,28.0,1.0,0.0,825.6,0.0,0.0,0.6000000000000001,9.0,0.0,30.0,0.0,28.0,28.0,350.0,825.6,-50.0,0.0,0.0,0.0,0.0,400.0,0.0,0.0,0.0,0.0,0.0,0.0,47.0,705.8000000000001,4.443,68.89560250000001,13.7695717,80.0,32.36747090016394,0.0,4.951782085888889,4.951784,409.373923,218.063884,0.8662088552456909,0.8576325299462286,1.5404481753296275,0.0296861754146416,64.91617283950617,52.5821,0.0,0.0419685078369449,24.69
553.0,13.3,74.5,705.8,0.0,0.0,0.0,27.0,20.0,26.0,24.0,25.0,25.0,24.0,24.0,24.0,52.5821,25.0,38.0,1233.7866666666666,4441632.0,0.0,0.0,4.90138888888889,3.92111111111111,3.67604166666667,25.0,1822.0,1794.2,1359.3,1297.1,0.0,6606.0,0.0,0.0,703.0,2308.0,3.68,11.0,3.66,78.0,0.0,1233.78666666667,0.0,48.0,26.5,26.5,22.0,58.0,28.0,27.5,27.0,28.0,29.0,27.5,27.5,84.0,0.25,90.0,24.5,13.805,709.3000000000001,24.94,13.941,28.0,-2.9000000000000004,3.0,0.0,0.0,0.0,22.0,179.0,0.0,28.0,1.0,0.0,825.6,0.0,0.0,0.6000000000000001,9.0,0.0,30.0,0.0,28.0,27.0,350.0,825.6,-50.0,0.0,0.0,0.0,0.0,400.0,0.0,0.0,0.0,0.0,0.0,0.0,47.0,708.4000000000001,4.443,61.083202500000006,13.7417386,84.3125,32.36747090016394,0.0,4.951782085888889,4.951784,409.373923,218.063884,0.8662088552456909,0.8576325299462286,1.5404481753296275,0.0296861754146416,64.91617283950617,52.5821,0.0,0.0419685078369449,24.69
554.0,13.3,39.6,708.7,0.0,0.0,0.0,27.0,20.0,26.0,24.0,25.0,25.0,24.0,24.0,24.0,28.06452,25.0,38.0,1233.7872222222222,4441634.0,0.0,0.0,4.92152777777778,3.93722222222222,3.69114583333333,25.0,1822.0,1794.2,1359.3,1297.2,0.0,6629.0,0.0,0.0,707.0,2308.0,3.68,11.0,3.68,77.0,0.0,1233.78722222222,0.0,48.0,26.5,26.5,22.0,58.0,28.0,27.5,27.0,28.0,29.0,27.5,27.5,84.0,0.1999999999999886,90.0,24.5,13.79,711.4000000000001,24.65,13.92,28.0,-0.6000000000000001,3.0,0.0,0.0,0.0,22.0,179.0,0.0,28.0,1.0,0.0,825.6,0.0,0.0,0.6000000000000001,9.0,0.0,30.0,0.0,28.0,27.0,350.0,825.6,-50.0,0.0,0.0,0.0,0.0,400.0,0.0,0.0,0.0,0.0,0.0,0.0,47.0,708.4000000000001,4.443,61.083202500000006,13.7417386,84.3125,32.56546534882905,0.0,5.001250756888888,5.001253,409.423392,218.113353,0.8825087960348185,0.8737710851829886,2.993103035434064,0.01613855523676,33.41014285714286,28.064520000000005,0.0,0.0274907707675682,24.45000000000001
555.0,13.3,39.6,708.7,0.0,0.0,0.0,27.0,20.0,26.0,24.0,25.0,25.0,24.0,24.0,24.0,28.06452,25.0,38.0,1233.7872222222222,4441634.0,0.0,0.0,4.92152777777778,3.93722222222222,3.69114583333333,25.0,1822.0,1794.2,1359.3,1297.2,0.0,6629.0,0.0,0.0,707.0,2308.0,3.68,11.0,3.68,77.0,0.0,1233.78722222222,0.0,48.0,26.5,26.5,22.0,58.0,28.0,27.5,27.0,28.0,29.0,27.5,27.5,84.0,0.1999999999999886,90.0,24.5,13.79,711.4000000000001,24.65,13.92,28.0,-0.6000000000000001,3.0,0.0,0.0,0.0,22.0,179.0,0.0,28.0,1.0,0.0,825.6,0.0,0.0,0.6000000000000001,9.0,0.0,30.0,0.0,28.0,27.0,350.0,825.6,-50.0,0.0,0.0,0.0,0.0,400.0,0.0,0.0,0.0,0.0,0.0,0.0,47.0,707.1,4.443,61.91327,13.7612706,80.0,32.56546534882905,0.0,5.001250756888888,5.001253,409.423392,218.113353,0.8825087960348185,0.8737710851829886,2.993103035434064,0.01613855523676,33.41014285714286,28.064520000000005,0.0,0.0274907707675682,24.45000000000001
556.0,13.3,59.6,706.9,0.0,0.0,0.0,27.0,20.0,26.0,24.0,25.0,25.0,24.0,24.0,24.0,42.13124,25.0,38.0,1233.7877777777778,4441636.0,0.0,0.0,4.90902777777778,3.92722222222222,3.68177083333333,25.0,1822.0,1794.3,1359.3,1297.2,0.0,6649.0,0.0,0.0,705.0,2308.0,3.68,190.0,3.66,78.0,0.0,1233.78777777778,0.0,48.0,26.5,26.5,22.0,58.0,28.0,27.5,27.0,28.0,29.0,27.5,27.5,84.0,0.2900000000000204,90.0,24.5,13.808,709.5,24.63,13.939,28.0,-0.5,3.0,0.0,0.0,0.0,22.0,179.0,0.0,28.0,1.0,0.0,825.6,0.0,0.0,0.6000000000000001,9.0,0.0,30.0,0.0,28.0,27.0,350.0,825.6,-50.0,0.0,0.0,0.0,0.0,400.0,0.0,0.0,0.0,0.0,0.0,0.0,47.0,707.1,4.443,61.91327,13.7612706,80.0,32.75255509956071,0.0,5.048346147888888,5.048348,409.470487,218.160448,0.9074157340185992,0.8984314198203953,1.9937699436332756,0.0246603346374066,50.156238095238095,42.13124,0.0,0.0171042596534834,24.33999999999998
557.0,13.3,59.6,706.9,0.0,0.0,0.0,27.0,20.0,26.0,24.0,25.0,25.0,24.0,24.0,24.0,42.13124,25.0,38.0,1233.7877777777778,4441636.0,0.0,0.0,4.90902777777778,3.92722222222222,3.68177083333333,25.0,1822.0,1794.3,1359.3,1297.2,0.0,6649.0,0.0,0.0,705.0,2308.0,3.68,190.0,3.66,78.0,0.0,1233.78777777778,0.0,48.0,26.5,26.5,22.0,58.0,28.0,27.5,27.0,28.0,29.0,27.5,27.5,84.0,0.2900000000000204,90.0,24.5,13.808,709.5,24.63,13.939,28.0,-0.5,3.0,0.0,0.0,0.0,22.0,179.0,0.0,28.0,1.0,0.0,825.6,0.0,0.0,0.6000000000000001,9.0,0.0,30.0,0.0,28.0,28.0,350.0,825.6,-50.0,0.0,0.0,0.0,0.0,400.0,0.0,0.0,0.0,0.0,0.0,0.0,47.0,706.7,4.443,64.59878250000001,13.7417386,84.71875,32.75255509956071,0.0,5.048346147888888,5.048348,409.470487,218.160448,0.9074157340185992,0.8984314198203953,1.9937699436332756,0.0246603346374066,50.156238095238095,42.13124,0.0,0.0171042596534834,24.33999999999998
558.0,13.4,67.5,705.8,0.0,0.0,0.0,27.0,20.0,26.0,24.0,25.0,25.0,24.0,24.0,24.0,47.6415,25.0,38.0,1233.7883333333334,4441638.0,0.0,0.0,4.90138888888889,3.92111111111111,3.67604166666667,25.0,1822.0,1794.3,1359.3,1297.2,0.0,6747.0,0.0,0.0,704.0,2317.0,3.68,11.0,3.66,78.0,0.0,1233.78833333333,0.0,48.0,26.5,26.5,22.0,58.0,28.0,27.5,27.0,28.0,29.0,27.5,27.5,86.0,0.1800000000000068,90.0,24.5,13.79,708.7,25.37,13.923,28.0,-5.800000000000001,3.0,0.0,0.0,0.0,22.0,179.0,0.0,28.0,1.0,0.0,825.6,0.0,0.0,0.6000000000000001,9.0,0.0,30.0,0.0,28.0,28.0,350.0,825.6,-50.0,0.0,0.0,0.0,0.0,400.0,0.0,0.0,0.0,0.0,0.0,0.0,47.0,706.7,4.443,64.59878250000001,13.7417386,84.71875,32.94198370056528,0.0,5.09567183561111,5.095674,409.517813,218.207774,0.9338897403653192,0.9246433072923952,1.7631686659739931,0.026211887472,56.71607142857143,47.6415,0.0,0.0172902919081646,25.189999999999994
559.0,13.4,67.5,705.8,0.0,0.0,0.0,27.0,20.0,26.0,24.0,25.0,25.0,24.0,24.0,24.0,47.6415,25.0,38.0,1233.7883333333334,4441638.0,0.0,0.0,4.90138888888889,3.92111111111111,3.67604166666667,25.0,1822.0,1794.3,1359.3,1297.2,0.0,6747.0,0.0,0.0,704.0,2317.0,3.68,11.0,3.66,78.0,0.0,1233.78833333333,0.0,48.0,26.5,26.5,22.0,58.0,28.0,27.5,27.0,28.0,29.0,27.5,27.5,86.0,0.1800000000000068,90.0,24.5,13.79,708.7,25.37,13.923,28.0,-5.800000000000001,3.0,0.0,0.0,0.0,22.0,179.0,0.0,28.0,1.0,0.0,825.6,0.0,0.0,0.6000000000000001,9.0,0.0,30.0,0.0,28.0,27.0,350.0,825.6,-50.0,0.0,0.0,0.0,0.0,400.0,0.0,0.0,0.0,0.0,0.0,0.0,47.0,705.9000000000001,4.443,66.7471925,13.760294,84.0,32.94198370056528,0.0,5.09567183561111,5.095674,409.517813,218.207774,0.9338897403653192,0.9246433072923952,1.7631686659739931,0.026211887472,56.71607142857143,47.6415,0.0,0.0172902919081646,25.189999999999994
560.0,13.3,66.3,705.8,0.0,0.0,0.0,27.0,20.0,26.0,24.0,25.0,25.0,24.0,24.0,24.0,46.79454,25.0,38.0,1233.7888888888888,4441640.0,0.0,0.0,4.90138888888889,3.92111111111111,3.67604166666667,25.0,1822.0,1794.3,1359.3,1297.2,0.0,6855.0,0.0,0.0,703.0,2317.0,3.66,9.0,3.66,78.0,0.0,1233.78888888889,0.0,48.0,26.5,26.5,22.0,58.0,28.0,27.5,27.0,28.0,29.0,27.5,27.5,87.0,0.3799999999999954,90.0,24.5,13.807,708.2,25.45,13.933,28.0,-15.0,3.0,0.0,0.0,0.0,22.0,179.0,0.0,28.0,1.0,0.0,825.6,0.0,0.0,0.6000000000000001,9.0,0.0,30.0,0.0,28.0,27.0,350.0,825.6,-50.0,0.0,0.0,0.0,0.0,400.0,0.0,0.0,0.0,0.0,0.0,0.0,47.0,705.9000000000001,4.443,66.7471925,13.760294,84.0,33.13350454251902,0.0,5.143520330027777,5.143522,409.565661,218.255622,0.9598020557221244,0.9502990650714104,1.837821250086015,0.0256557577790149,54.41225581395347,46.79453999999999,0.0,0.0104893661220986,25.070000000000004
561.0,13.3,66.3,705.8,0.0,0.0,0.0,27.0,20.0,26.0,24.0,25.0,25.0,24.0,24.0,24.0,46.79454,25.0,38.0,1233.7888888888888,4441640.0,0.0,0.0,4.90138888888889,3.92111111111111,3.67604166666667,25.0,1822.0,1794.3,1359.3,1297.2,0.0,6855.0,0.0,0.0,703.0,2317.0,3.66,9.0,3.66,78.0,0.0,1233.78888888889,0.0,48.0,26.5,26.5,22.0,58.0,28.0,27.5,27.0,28.0,29.0,27.5,27.5,87.0,0.3799999999999954,90.0,24.5,13.807,708.2,25.45,13.933,28.0,-15.0,3.0,0.0,0.0,0.0,22.0,179.0,0.0,28.0,1.0,0.0,825.6,0.0,0.0,0.6000000000000001,9.0,0.0,30.0,0.0,28.0,27.0,350.0,825.6,-50.0,0.0,0.0,0.0,0.0,400.0,0.0,0.0,0.0,0.0,0.0,0.0,47.0,705.7,4.443,66.4054,13.760294,84.0,33.13350454251902,0.0,5.143520330027777,5.143522,409.565661,218.255622,0.9598020557221244,0.9502990650714104,1.837821250086015,0.0256557577790149,54.41225581395347,46.79453999999999,0.0,0.0104893661220986,25.070000000000004
562.0,13.3,65.5,705.7,0.0,0.0,0.0,27.0,20.0,26.0,24.0,25.0,25.0,24.0,24.0,24.0,46.22335,25.0,38.0,1233.7894444444444,4441642.0,0.0,0.0,4.90069444444444,3.92055555555556,3.67552083333333,25.0,1822.0,1794.4,1359.3,1297.2,0.0,6947.0,0.0,0.0,703.0,2317.0,3.66,11.0,3.66,78.0,0.0,1233.78944444444,0.0,48.0,27.0,27.0,22.0,58.0,28.0,27.5,27.0,28.0,29.0,27.5,27.5,88.0,0.25,90.0,24.5,13.807,708.3000000000001,24.62,13.921,28.0,-1.1,3.0,0.0,0.0,0.0,22.0,179.0,0.0,28.0,1.0,0.0,825.6,0.0,0.0,0.6000000000000001,9.0,0.0,30.0,0.0,28.0,27.0,350.0,825.6,-50.0,0.0,0.0,0.0,0.0,400.0,0.0,0.0,0.0,0.0,0.0,0.0,47.0,705.7,4.443,66.4054,13.760294,84.0,33.32607252248957,0.0,5.191635227138888,5.191637,409.613776,218.303737,0.985556094315633,0.975798113183795,1.8821656154302964,0.0254990481123847,53.13028735632185,46.22335,0.0,0.0142558212169262,24.37
563.0,13.3,65.5,705.7,0.0,0.0,0.0,27.0,20.0,26.0,24.0,25.0,25.0,24.0,24.0,24.0,46.22335,25.0,38.0,1233.7894444444444,4441642.0,0.0,0.0,4.90069444444444,3.92055555555556,3.67552083333333,25.0,1822.0,1794.4,1359.3,1297.2,0.0,6947.0,0.0,0.0,703.0,2317.0,3.66,11.0,3.66,78.0,0.0,1233.78944444444,0.0,48.0,27.0,27.0,22.0,58.0,28.0,27.5,27.0,28.0,29.0,27.5,27.5,88.0,0.25,90.0,24.5,13.807,708.3000000000001,24.62,13.921,28.0,-1.1,3.0,0.0,0.0,0.0,22.0,179.0,0.0,28.0,1.0,0.0,825.6,0.0,0.0,0.6000000000000001,9.0,0.0,30.0,0.0,28.0,27.0,350.0,825.6,-50.0,0.0,0.0,0.0,0.0,400.0,0.0,0.0,0.0,0.0,0.0,0.0,47.0,708.9000000000001,4.443,66.4054,13.7417386,88.421875,33.32607252248957,0.0,5.191635227138888,5.191637,409.613776,218.303737,0.985556094315633,0.975798113183795,1.8821656154302964,0.0254990481123847,53.13028735632185,46.22335,0.0,0.0142558212169262,24.37
564.0,13.4,3.1,710.8,0.0,0.0,0.0,27.0,20.0,26.0,24.0,25.0,25.0,24.0,24.0,24.0,2.20348,25.0,38.0,1233.79,4441644.0,0.0,0.0,4.93611111111111,3.94888888888889,3.70208333333333,25.0,1822.0,1794.4,1359.3,1297.3,0.0,6866.0,0.0,0.0,709.0,2317.0,3.7,9.0,3.7,49.0,0.0,1233.79,0.0,48.0,27.0,27.0,22.0,58.0,28.0,27.0,27.0,28.0,29.0,27.5,27.5,86.0,0.2300000000000182,90.0,24.5,13.789,713.9000000000001,24.85,13.937,28.0,2.4000000000000004,3.0,0.0,0.0,0.0,22.0,179.0,0.0,28.0,1.0,0.0,825.6,0.0,0.0,0.6000000000000001,9.0,0.0,30.0,0.0,28.0,27.0,350.0,825.6,-50.0,0.0,0.0,0.0,0.0,400.0,0.0,0.0,0.0,0.0,0.0,0.0,47.0,708.9000000000001,4.443,66.4054,13.7417386,88.421875,33.51281484584459,0.0,5.239301145194443,5.239303,409.661442,218.351403,0.9867751832272252,0.977005131908144,39.93682720060994,0.0012070187243488,2.5039545454545458,2.20348,0.0,0.0142558212169262,24.619999999999983
565.0,13.4,3.1,710.8,0.0,0.0,0.0,27.0,20.0,26.0,24.0,25.0,25.0,24.0,24.0,24.0,2.20348,25.0,38.0,1233.79,4441644.0,0.0,0.0,4.93611111111111,3.94888888888889,3.70208333333333,25.0,1822.0,1794.4,1359.3,1297.3,0.0,6866.0,0.0,0.0,709.0,2317.0,3.7,9.0,3.7,49.0,0.0,1233.79,0.0,48.0,27.0,27.0,22.0,58.0,28.0,27.0,27.0,28.0,29.0,27.5,27.5,86.0,0.2300000000000182,90.0,24.5,13.789,713.9000000000001,24.85,13.937,28.0,2.4000000000000004,3.0,0.0,0.0,0.0,22.0,179.0,0.0,28.0,1.0,0.0,825.6,0.0,0.0,0.6000000000000001,9.0,0.0,30.0,0.0,28.0,28.0,350.0,825.6,-50.0,0.0,0.0,0.0,0.0,400.0,0.0,0.0,0.0,0.0,0.0,0.0,47.0,711.6,4.443,45.800195,13.760294,85.28125,33.51281484584459,0.0,5.239301145194443,5.239303,409.661442,218.351403,0.9867751832272252,0.977005131908144,39.93682720060994,0.0012070187243488,2.5039545454545458,2.20348,0.0,0.0142558212169262,24.619999999999983
566.0,13.3,0.6,711.6,0.0,0.0,0.0,27.0,20.0,26.0,24.0,25.0,25.0,24.0,24.0,24.0,0.42696,25.0,38.0,1233.7905555555556,4441646.0,0.0,0.0,4.94166666666667,3.95333333333333,3.70625,25.0,1822.0,1794.4,1359.3,1297.3,0.0,6527.0,0.0,0.0,710.0,2308.0,3.7,9.0,3.7,77.0,0.0,1233.79055555556,0.0,48.0,27.0,27.0,22.0,58.0,28.0,27.5,27.0,28.0,29.0,27.5,27.5,82.0,0.2599999999999909,90.0,24.5,13.808,715.1,24.86,13.945,28.0,-0.5,3.0,0.0,0.0,0.0,22.0,179.0,0.0,28.0,1.0,0.0,825.6,0.0,0.0,0.6000000000000001,9.0,0.0,30.0,0.0,28.0,28.0,350.0,825.6,-50.0,0.0,0.0,0.0,0.0,400.0,0.0,0.0,0.0,0.0,0.0,0.0,47.0,711.6,4.443,45.800195,13.760294,85.28125,33.68508721218791,0.0,5.285011093083332,5.285013,409.707152,218.397113,0.9870159308070292,0.977243495848544,201.42402098557247,0.0002383639403999,0.4964651162790696,0.42696,0.0,,24.60000000000001
567.0,13.3,0.6,711.6,0.0,0.0,0.0,27.0,20.0,26.0,24.0,25.0,25.0,24.0,24.0,24.0,0.42696,25.0,38.0,1233.7905555555556,4441646.0,0.0,0.0,4.94166666666667,3.95333333333333,3.70625,25.0,1822.0,1794.4,1359.3,1297.3,0.0,6527.0,0.0,0.0,710.0,2308.0,3.7,9.0,3.7,77.0,0.0,1233.79055555556,0.0,48.0,27.0,27.0,22.0,58.0,28.0,27.5,27.0,28.0,29.0,27.5,27.5,82.0,0.2599999999999909,90.0,24.5,13.808,715.1,24.86,13.945,28.0,-0.5,3.0,0.0,0.0,0.0,22.0,179.0,0.0,28.0,1.0,0.0,825.6,0.0,0.0,0.6000000000000001,9.0,0.0,30.0,0.0,28.0,27.0,350.0,825.6,-50.0,0.0,0.0,0.0,0.0,400.0,0.0,0.0,0.0,0.0,0.0,0.0,47.0,711.5,4.443,45.1654375,13.7515046,81.109375,33.68508721218791,0.0,5.285011093083332,5.285013,409.707152,218.397113,0.9870159308070292,0.977243495848544,201.42402098557247,0.0002383639403999,0.4964651162790696,0.42696,0.0,,24.60000000000001
568.0,13.4,-15.1,713.0,0.0,0.0,0.0,27.0,20.0,26.0,24.0,25.0,25.0,24.0,24.0,24.0,-10.7663,25.0,38.0,1233.7911111111111,4441648.0,0.0,0.0,4.95138888888889,3.96111111111111,3.71354166666667,25.0,1822.0,1794.4,1359.3,1297.3,0.0,6180.0,0.0,0.0,711.0,2308.0,3.7,9.0,3.7,77.0,0.0,1233.79111111111,0.0,48.0,27.0,27.0,22.0,58.0,28.0,27.5,27.0,28.0,29.0,27.5,27.5,77.0,0.1500000000000341,90.0,24.5,13.808,716.5,24.64,13.935,28.0,5.0,3.0,0.0,0.0,0.0,22.0,179.0,0.0,28.0,1.0,0.0,825.6,0.0,0.0,0.6000000000000001,9.0,0.0,30.0,0.0,28.0,27.0,350.0,825.6,-50.0,0.0,0.0,0.0,0.0,400.0,0.0,0.0,0.0,0.0,0.0,0.0,47.0,711.5,4.443,45.1654375,13.7515046,81.109375,33.84067835469157,0.0,5.328563204249999,5.328565,409.750704,218.440665,0.980838090501004,0.9711268222782216,-7.616358451835822,-0.0061166735703222,-13.129634146341465,-10.7663,0.0,-0.0353736819600986,24.489999999999966
569.0,13.4,-15.1,713.0,0.0,0.0,0.0,27.0,20.0,26.0,24.0,25.0,25.0,24.0,24.0,24.0,-10.7663,25.0,38.0,1233.7911111111111,4441648.0,0.0,0.0,4.95138888888889,3.96111111111111,3.71354166666667,25.0,1822.0,1794.4,1359.3,1297.3,0.0,6180.0,0.0,0.0,711.0,2308.0,3.7,9.0,3.7,77.0,0.0,1233.79111111111,0.0,48.0,27.0,27.0,22.0,58.0,28.0,27.5,27.0,28.0,29.0,27.5,27.5,77.0,0.1500000000000341,90.0,24.5,13.808,716.5,24.64,13.935,28.0,5.0,3.0,0.0,0.0,0.0,22.0,179.0,0.0,28.0,1.0,0.0,825.6,0.0,0.0,0.6000000000000001,9.0,0.0,30.0,0.0,28.0,27.0,350.0,825.6,-50.0,0.0,0.0,0.0,0.0,400.0,0.0,0.0,0.0,0.0,0.0,0.0,47.0,714.3000000000001,4.443,36.669452500000006,13.740762,72.0,33.84067835469157,0.0,5.328563204249999,5.328565,409.750704,218.440665,0.980838090501004,0.9711268222782216,-7.616358451835822,-0.0061166735703222,-13.129634146341465,-10.7663,0.0,-0.0353736819600986,24.489999999999966
570.0,13.3,-24.9,714.2,0.0,0.0,0.0,27.0,20.0,26.0,24.0,25.0,25.0,24.0,24.0,24.0,-17.78358,25.0,38.0,1233.7916666666667,4441650.0,0.0,0.0,4.95972222222222,3.96777777777778,3.71979166666667,25.0,1822.0,1794.4,1359.3,1297.3,0.0,5644.0,0.0,0.0,713.0,2308.0,3.72,11.0,3.7,49.0,0.0,1233.79166666667,0.0,48.0,27.0,27.0,22.0,58.0,28.0,27.5,27.0,28.0,29.0,27.5,27.5,70.0,0.2200000000000272,90.0,24.5,13.791,718.2,24.17,13.921,28.0,0.0,3.0,0.0,0.0,0.0,22.0,179.0,0.0,28.0,1.0,0.0,825.6,0.0,0.0,0.6000000000000001,9.0,0.0,30.0,0.0,28.0,27.0,350.0,825.6,-50.0,0.0,0.0,0.0,0.0,400.0,0.0,0.0,0.0,0.0,0.0,0.0,47.0,714.3000000000001,4.443,36.669452500000006,13.740762,72.0,33.97022517266334,0.0,5.36819413786111,5.368196,409.790335,218.480296,0.9708265629782518,0.9612144187903484,-4.329836849498244,-0.0099124034878733,-23.095558441558445,-17.78358,0.0,-0.0631511707093318,23.949999999999974
571.0,13.3,-24.9,714.2,0.0,0.0,0.0,27.0,20.0,26.0,24.0,25.0,25.0,24.0,24.0,24.0,-17.78358,25.0,38.0,1233.7916666666667,4441650.0,0.0,0.0,4.95972222222222,3.96777777777778,3.71979166666667,25.0,1822.0,1794.4,1359.3,1297.3,0.0,5644.0,0.0,0.0,713.0,2308.0,3.72,11.0,3.7,49.0,0.0,1233.79166666667,0.0,48.0,27.0,27.0,22.0,58.0,28.0,27.5,27.0,28.0,29.0,27.5,27.5,70.0,0.2200000000000272,90.0,24.5,13.791,718.2,24.17,13.921,28.0,0.0,3.0,0.0,0.0,0.0,22.0,179.0,0.0,28.0,1.0,0.0,825.6,0.0,0.0,0.6000000000000001,9.0,0.0,30.0,0.0,28.0,27.0,350.0,825.6,-50.0,0.0,0.0,0.0,0.0,400.0,0.0,0.0,0.0,0.0,0.0,0.0,47.0,715.3000000000001,4.443,26.2203675,13.760294,68.734375,33.97022517266334,0.0,5.36819413786111,5.368196,409.790335,218.480296,0.9708265629782518,0.9612144187903484,-4.329836849498244,-0.0099124034878733,-23.095558441558445,-17.78358,0.0,-0.0631511707093318,23.949999999999974
572.0,13.3,-18.8,714.7,0.0,0.0,0.0,27.0,20.0,26.0,24.0,25.0,25.0,24.0,24.0,24.0,-13.43636,25.0,38.0,1233.7922222222223,4441652.0,0.0,0.0,4.96319444444444,3.97055555555556,3.72239583333333,25.0,1822.1,1794.4,1359.3,1297.3,0.0,5129.0,0.0,0.0,712.0,2308.0,3.72,9.0,3.72,64.0,0.0,1233.79222222222,0.0,48.0,27.0,27.0,22.0,58.0,28.0,27.5,27.0,28.0,29.0,27.0,27.0,64.0,0.3100000000000023,90.0,24.5,13.808,715.1,24.93,13.95,28.0,4.0,3.0,0.0,0.0,0.0,22.0,179.0,0.0,28.0,1.0,0.0,825.6,0.0,0.0,0.6000000000000001,9.0,0.0,30.0,0.0,28.0,27.0,350.0,825.6,-50.0,0.0,0.0,0.0,0.0,400.0,0.0,0.0,0.0,0.0,0.0,0.0,47.0,715.3000000000001,4.443,26.2203675,13.760294,68.734375,34.0748218598194,0.0,5.403544262305554,5.403546,409.825685,218.515646,0.9632629235724728,0.9537256669034384,-5.209744305749473,-0.00748875188691,-19.194800000000004,-13.43636,0.0,-0.0772213557169086,24.619999999999997
573.0,13.3,-18.8,714.7,0.0,0.0,0.0,27.0,20.0,26.0,24.0,25.0,25.0,24.0,24.0,24.0,-13.43636,25.0,38.0,1233.7922222222223,4441652.0,0.0,0.0,4.96319444444444,3.97055555555556,3.72239583333333,25.0,1822.1,1794.4,1359.3,1297.3,0.0,5129.0,0.0,0.0,712.0,2308.0,3.72,9.0,3.72,64.0,0.0,1233.79222222222,0.0,48.0,27.0,27.0,22.0,58.0,28.0,27.5,27.0,28.0,29.0,27.0,27.0,64.0,0.3100000000000023,90.0,24.5,13.808,715.1,24.93,13.95,28.0,4.0,3.0,0.0,0.0,0.0,22.0,179.0,0.0,28.0,1.0,0.0,825.6,0.0,0.0,0.6000000000000001,9.0,0.0,30.0,0.0,28.0,27.0,350.0,825.6,-50.0,0.0,0.0,0.0,0.0,400.0,0.0,0.0,0.0,0.0,0.0,0.0,47.0,712.2,4.442,43.651785,13.770548300000002,60.0,34.0748218598194,0.0,5.403544262305554,5.403546,409.825685,218.515646,0.9632629235724728,0.9537256669034384,-5.209744305749473,-0.00748875188691,-19.194800000000004,-13.43636,0.0,-0.0772213557169086,24.619999999999997
574.0,13.3,10.6,711.8,0.0,0.0,0.0,27.0,20.0,26.0,24.0,25.0,25.0,24.0,24.0,24.0,7.54508,25.0,38.0,1233.7927777777777,4441654.0,0.0,0.0,4.94305555555556,3.95444444444444,3.70729166666667,25.0,1822.1,1794.4,1359.3,1297.3,0.0,4901.0,0.0,0.0,710.0,2308.0,3.7,20.0,3.7,78.0,0.0,1233.79277777778,0.0,48.0,27.0,27.0,22.0,58.0,28.0,27.5,27.0,28.0,29.0,27.0,27.0,62.0,0.1399999999999863,90.0,24.5,13.806,711.9000000000001,24.97,13.938,28.0,0.4,3.0,0.0,0.0,0.0,22.0,179.0,0.0,28.0,1.0,0.0,825.6,0.0,0.0,0.6000000000000001,9.0,0.0,30.0,0.0,28.0,27.0,350.0,825.6,-50.0,0.0,0.0,0.0,0.0,400.0,0.0,0.0,0.0,0.0,0.0,0.0,47.0,712.2,4.442,43.651785,13.770548300000002,60.0,34.172811087143224,0.0,5.438165756361109,5.438167,409.860306,218.550267,0.9675203869099046,0.9579409771385194,8.482348762372302,0.0042153102350811,11.789187499999995,7.545079999999999,0.0,-0.0702027696640327,24.830000000000013
575.0,13.3,10.6,711.8,0.0,0.0,0.0,27.0,20.0,26.0,24.0,25.0,25.0,24.0,24.0,24.0,7.54508,25.0,38.0,1233.7927777777777,4441654.0,0.0,0.0,4.94305555555556,3.95444444444444,3.70729166666667,25.0,1822.1,1794.4,1359.3,1297.3,0.0,4901.0,0.0,0.0,710.0,2308.0,3.7,20.0,3.7,78.0,0.0,1233.79277777778,0.0,48.0,27.0,27.0,22.0,58.0,28.0,27.5,27.0,28.0,29.0,27.0,27.0,62.0,0.1399999999999863,90.0,24.5,13.806,711.9000000000001,24.97,13.938,28.0,0.4,3.0,0.0,0.0,0.0,22.0,179.0,0.0,28.0,1.0,0.0,825.6,0.0,0.0,0.6000000000000001,9.0,0.0,30.0,0.0,28.0,28.0,350.0,825.6,-50.0,0.0,0.0,0.0,0.0,400.0,0.0,0.0,0.0,0.0,0.0,0.0,47.0,713.0,4.442,45.653712500000005,13.7612706,60.0,34.172811087143224,0.0,5.438165756361109,5.438167,409.860306,218.550267,0.9675203869099046,0.9579409771385194,8.482348762372302,0.0042153102350811,11.789187499999995,7.545079999999999,0.0,-0.0702027696640327,24.830000000000013
576.0,13.3,-16.6,713.8,0.0,0.0,0.0,27.0,20.0,26.0,24.0,25.0,25.0,24.0,24.0,24.0,-11.84908,25.0,38.0,1233.7933333333333,4441656.0,0.0,0.0,4.95694444444444,3.96555555555556,3.71770833333333,25.0,1822.1,1794.4,1359.3,1297.3,0.0,4761.0,0.0,0.0,712.0,2319.0,3.72,9.0,3.7,49.0,0.0,1233.79333333333,0.0,48.0,27.0,27.0,22.0,58.0,28.0,27.5,27.0,28.0,29.0,27.0,27.0,59.0,0.4900000000000091,90.0,24.5,13.806,719.5,28.92,13.946,28.0,0.4,3.0,0.0,0.0,0.0,22.0,179.0,0.0,28.0,1.0,0.0,825.6,0.0,0.0,0.6000000000000001,9.0,0.0,30.0,0.0,28.0,28.0,350.0,825.6,-50.0,0.0,0.0,0.0,0.0,400.0,0.0,0.0,0.0,0.0,0.0,0.0,47.0,713.0,4.442,45.653712500000005,13.7612706,60.0,34.25910998483654,0.0,5.470915935249998,5.470917,409.893056,218.583017,0.9608452056907268,0.9513318868225016,-5.232473744797064,-0.0066090903160177,-19.11141935483871,-11.84908,0.0,-0.0633965650275296,28.429999999999993
577.0,13.3,-16.6,713.8,0.0,0.0,0.0,27.0,20.0,26.0,24.0,25.0,25.0,24.0,24.0,24.0,-11.84908,25.0,38.0,1233.7933333333333,4441656.0,0.0,0.0,4.95694444444444,3.96555555555556,3.71770833333333,25.0,1822.1,1794.4,1359.3,1297.3,0.0,4761.0,0.0,0.0,712.0,2319.0,3.72,9.0,3.7,49.0,0.0,1233.79333333333,0.0,48.0,27.0,27.0,22.0,58.0,28.0,27.5,27.0,28.0,29.0,27.0,27.0,59.0,0.4900000000000091,90.0,24.5,13.806,719.5,28.92,13.946,28.0,-0.2,3.0,0.0,0.0,0.0,22.0,179.0,0.0,28.0,1.0,0.0,825.6,0.0,0.0,0.6000000000000001,9.0,0.0,30.0,0.0,28.0,28.0,350.0,825.6,-50.0,0.0,0.0,0.0,0.0,400.0,0.0,0.0,0.0,0.0,0.0,0.0,47.0,714.3000000000001,4.443,28.5640875,13.740762,56.921875,34.25910998483654,0.0,5.470915935249998,5.470917,409.893056,218.583017,0.9608452056907268,0.9513318868225016,-5.232473744797064,-0.0066090903160177,-19.11141935483871,-11.84908,0.0,-0.0633965650275296,28.429999999999993
578.0,13.3,1.4,712.9,0.0,0.0,0.0,27.0,20.0,26.0,24.0,25.0,25.0,24.0,24.0,24.0,0.99806,25.0,38.0,1233.793888888889,4441658.0,0.0,0.0,4.95069444444444,3.96055555555556,3.71302083333333,25.0,1822.1,1794.4,1359.3,1297.3,0.0,4282.0,0.0,0.0,711.0,2319.0,3.7,9.0,3.7,78.0,0.0,1233.79388888889,0.0,48.0,27.0,27.0,22.5,58.0,28.0,27.5,27.0,28.0,29.0,27.0,27.0,54.0,0.25,90.0,24.5,13.807,711.4000000000001,25.48,13.941,28.0,1.4,3.0,0.0,0.0,0.0,22.0,179.0,0.0,28.0,1.0,0.0,825.6,0.0,0.0,0.6000000000000001,9.0,0.0,30.0,0.0,28.0,28.0,350.0,825.6,-50.0,0.0,0.0,0.0,0.0,400.0,0.0,0.0,0.0,0.0,0.0,0.0,47.0,714.3000000000001,4.443,28.5640875,13.740762,56.921875,34.32915393076827,0.0,5.501622079749998,5.501623,409.923762,218.613723,0.9614190389625248,0.9519000385767572,59.114682484019,0.0005681517542555,1.6916271186440677,0.99806,0.0,-0.0563258687748638,25.23
579.0,13.3,1.4,712.9,0.0,0.0,0.0,27.0,20.0,26.0,24.0,25.0,25.0,24.0,24.0,24.0,0.99806,25.0,38.0,1233.793888888889,4441658.0,0.0,0.0,4.95069444444444,3.96055555555556,3.71302083333333,25.0,1822.1,1794.4,1359.3,1297.3,0.0,4282.0,0.0,0.0,711.0,2319.0,3.7,9.0,3.7,78.0,0.0,1233.79388888889,0.0,48.0,27.0,27.0,22.5,58.0,28.0,27.5,27.0,28.0,29.0,27.0,27.0,54.0,0.25,90.0,24.5,13.807,711.4000000000001,25.48,13.941,28.0,1.4,3.0,0.0,0.0,0.0,22.0,179.0,0.0,28.0,1.0,0.0,825.6,0.0,0.0,0.6000000000000001,9.0,0.0,30.0,0.0,28.0,28.0,350.0,825.6,-50.0,0.0,0.0,0.0,0.0,400.0,0.0,0.0,0.0,0.0,0.0,0.0,47.0,708.1,4.443,62.93864750000001,13.7612706,52.0,34.32915393076827,0.0,5.501622079749998,5.501623,409.923762,218.613723,0.9614190389625248,0.9519000385767572,59.114682484019,0.0005681517542555,1.6916271186440677,0.99806,0.0,-0.0563258687748638,25.23
580.0,13.3,15.8,711.0,0.0,0.0,0.0,27.0,20.0,26.0,24.0,25.0,25.0,24.0,24.0,24.0,11.2338,25.0,38.0,1233.7944444444445,4441660.0,0.0,0.0,4.9375,3.95,3.703125,25.0,1822.1,1794.4,1359.3,1297.3,0.0,4479.0,0.0,0.0,709.0,2319.0,3.7,9.0,3.68,49.0,0.0,1233.79444444444,0.0,48.0,27.0,27.0,22.5,58.0,28.0,27.5,27.0,28.0,29.0,27.0,27.0,56.0,0.2800000000000295,90.0,24.5,13.807,711.5,24.62,13.943,28.0,-1.1,3.0,0.0,0.0,0.0,22.0,179.0,0.0,28.0,1.0,0.0,825.6,0.0,0.0,0.6000000000000001,9.0,0.0,30.0,0.0,28.0,28.0,350.0,825.6,-50.0,0.0,0.0,0.0,0.0,400.0,0.0,0.0,0.0,0.0,0.0,0.0,47.0,708.1,4.443,62.93864750000001,13.7612706,52.0,34.40409912887228,0.0,5.532767067749998,5.532768,409.954907,218.644868,0.9677292780769188,0.9581478000761572,4.806921967633391,0.0062477614994,20.803333333333335,11.2338,0.0,-0.0563258687748638,24.33999999999997
581.0,13.3,15.8,711.0,0.0,0.0,0.0,27.0,20.0,26.0,24.0,25.0,25.0,24.0,24.0,24.0,11.2338,25.0,38.0,1233.7944444444445,4441660.0,0.0,0.0,4.9375,3.95,3.703125,25.0,1822.1,1794.4,1359.3,1297.3,0.0,4479.0,0.0,0.0,709.0,2319.0,3.7,9.0,3.68,49.0,0.0,1233.79444444444,0.0,48.0,27.0,27.0,22.5,58.0,28.0,27.5,27.0,28.0,29.0,27.0,27.0,56.0,0.2800000000000295,90.0,24.5,13.807,711.5,24.62,13.943,28.0,-1.1,3.0,0.0,0.0,0.0,22.0,179.0,0.0,28.0,1.0,0.0,825.6,0.0,0.0,0.6000000000000001,9.0,0.0,30.0,0.0,28.0,28.0,350.0,825.6,-50.0,0.0,0.0,0.0,0.0,400.0,0.0,0.0,0.0,0.0,0.0,0.0,47.0,711.0,4.443,52.2942525,13.7417386,57.09375,34.40409912887228,0.0,5.532767067749998,5.532768,409.954907,218.644868,0.9677292780769188,0.9581478000761572,4.806921967633391,0.0062477614994,20.803333333333335,11.2338,0.0,-0.0563258687748638,24.33999999999997
582.0,13.4,16.3,710.9,0.0,0.0,0.0,27.0,20.0,26.0,24.0,25.0,25.0,24.0,24.0,24.0,11.58767,25.0,38.0,1233.795,4441662.0,0.0,0.0,4.93680555555556,3.94944444444444,3.70260416666667,25.0,1822.1,1794.4,1359.3,1297.3,0.0,4513.0,0.0,0.0,709.0,2319.0,3.7,11.0,3.7,77.0,0.0,1233.795,0.0,48.0,27.0,27.0,22.5,58.0,28.0,27.5,27.0,28.0,29.0,27.0,27.0,57.0,0.1200000000000045,90.0,24.5,13.79,714.3000000000001,25.09,13.921,28.0,-1.1,3.0,0.0,0.0,0.0,22.0,179.0,0.0,28.0,1.0,0.0,825.6,0.0,0.0,0.6000000000000001,9.0,0.0,30.0,0.0,28.0,28.0,350.0,825.6,-50.0,0.0,0.0,0.0,0.0,400.0,0.0,0.0,0.0,0.0,0.0,0.0,47.0,711.0,4.443,52.2942525,13.7417386,57.09375,34.4821542780931,0.0,5.564541790583331,5.564543,409.986682,218.676643,0.9742612264504829,0.9646150756935472,4.83272305821619,0.00646727561739,20.69226785714286,11.58767,0.0,,24.969999999999995
583.0,13.4,16.3,710.9,0.0,0.0,0.0,27.0,20.0,26.0,24.0,25.0,25.0,24.0,24.0,24.0,11.58767,25.0,38.0,1233.795,4441662.0,0.0,0.0,4.93680555555556,3.94944444444444,3.70260416666667,25.0,1822.1,1794.4,1359.3,1297.3,0.0,4513.0,0.0,0.0,709.0,2319.0,3.7,11.0,3.7,77.0,0.0,1233.795,0.0,48.0,27.0,27.0,22.5,58.0,28.0,27.5,27.0,28.0,29.0,27.0,27.0,57.0,0.1200000000000045,90.0,24.5,13.79,714.3000000000001,25.09,13.921,28.0,-1.8,3.0,0.0,0.0,0.0,22.0,179.0,0.0,28.0,1.0,0.0,825.6,0.0,0.0,0.6000000000000001,9.0,0.0,30.0,0.0,28.0,28.0,350.0,825.6,-50.0,0.0,0.0,0.0,0.0,400.0,0.0,0.0,0.0,0.0,0.0,0.0,47.0,711.0,4.443,42.675235,13.760294,56.59375,34.4821542780931,0.0,5.564541790583331,5.564543,409.986682,218.676643,0.9742612264504829,0.9646150756935472,4.83272305821619,0.00646727561739,20.69226785714286,11.58767,0.0,,24.969999999999995
584.0,13.3,43.3,708.6,0.0,0.0,0.0,27.0,20.0,26.0,24.0,25.0,25.0,24.0,24.0,24.0,30.68238,25.0,38.0,1233.7955555555557,4441664.0,0.0,0.0,4.92083333333333,3.93666666666667,3.690625,25.0,1822.1,1794.4,1359.3,1297.3,0.0,4542.0,0.0,0.0,706.0,2325.0,3.68,19.0,3.68,77.0,0.0,1233.79555555556,0.0,48.0,27.0,27.0,22.5,58.0,28.0,27.5,27.0,28.0,29.0,27.0,27.0,58.0,0.2599999999999909,90.0,24.5,13.807,709.9000000000001,24.66,13.947,28.0,-1.8,3.0,0.0,0.0,0.0,22.0,179.0,0.0,28.0,1.0,0.0,825.6,0.0,0.0,0.6000000000000001,9.0,0.0,30.0,0.0,28.0,28.0,350.0,825.6,-50.0,0.0,0.0,0.0,0.0,400.0,0.0,0.0,0.0,0.0,0.0,0.0,47.0,709.3000000000001,4.443,42.675235,13.760294,56.59375,34.566585062276296,0.0,5.5982649496944425,5.598266,410.020405,218.710366,0.9920995883176824,0.9822768201165172,1.8577437604253644,0.01766174442297,53.82873684210527,30.68238,0.0,,24.40000000000001
585.0,13.3,43.3,708.6,0.0,0.0,0.0,27.0,20.0,26.0,24.0,25.0,25.0,24.0,24.0,24.0,30.68238,25.0,38.0,1233.7955555555557,4441664.0,0.0,0.0,4.92083333333333,3.93666666666667,3.690625,25.0,1822.1,1794.4,1359.3,1297.3,0.0,4542.0,0.0,0.0,706.0,2325.0,3.68,19.0,3.68,77.0,0.0,1233.79555555556,0.0,48.0,27.0,27.0,22.5,58.0,28.0,27.5,27.0,28.0,29.0,27.0,27.0,58.0,0.2599999999999909,90.0,24.5,13.807,709.9000000000001,24.66,13.947,28.0,3.2,3.0,0.0,0.0,0.0,22.0,179.0,0.0,28.0,1.0,0.0,825.6,0.0,0.0,0.6000000000000001,9.0,0.0,30.0,0.0,28.0,27.0,350.0,825.6,-50.0,0.0,0.0,0.0,0.0,400.0,0.0,0.0,0.0,0.0,0.0,0.0,47.0,709.3000000000001,4.443,55.46804,13.7495514,56.0,34.566585062276296,0.0,5.5982649496944425,5.598266,410.020405,218.710366,0.9920995883176824,0.9822768201165172,1.8577437604253644,0.01766174442297,53.82873684210527,30.68238,0.0,,24.40000000000001
586.0,13.4,66.4,706.3,0.0,0.0,0.0,27.0,20.0,26.0,24.0,25.0,25.0,24.0,24.0,24.0,46.89832,25.0,38.0,1233.796111111111,4441666.0,0.0,0.0,4.90486111111111,3.92388888888889,3.67864583333333,25.0,1822.1,1794.5,1359.3,1297.3,0.0,4809.0,0.0,0.0,704.0,2325.0,3.68,11.0,3.66,49.0,0.0,1233.79611111111,0.0,48.0,27.0,27.0,22.5,58.0,28.0,27.5,27.0,28.0,29.0,27.0,27.0,62.0,0.1800000000000068,90.0,24.5,13.79,708.6,24.48,13.921,28.0,3.2,3.0,0.0,0.0,0.0,22.0,179.0,0.0,28.0,1.0,0.0,825.6,0.0,0.0,0.6000000000000001,9.0,0.0,30.0,0.0,28.0,27.0,350.0,825.6,-50.0,0.0,0.0,0.0,0.0,400.0,0.0,0.0,0.0,0.0,0.0,0.0,47.0,708.6,4.442,55.46804,13.7495514,56.0,34.661252545617764,0.0,5.633035445249998,5.633036,410.055175,218.745136,1.0189480244403444,1.0088594301389548,1.2367180743361386,0.0265826100224377,80.85917241379309,46.89832,0.0,0.0278942488579184,24.299999999999994
587.0,13.4,66.4,706.3,0.0,0.0,0.0,27.0,20.0,26.0,24.0,25.0,25.0,24.0,24.0,24.0,46.89832,25.0,38.0,1233.796111111111,4441666.0,0.0,0.0,4.90486111111111,3.92388888888889,3.67864583333333,25.0,1822.1,1794.5,1359.3,1297.3,0.0,4809.0,0.0,0.0,704.0,2325.0,3.68,11.0,3.66,49.0,0.0,1233.79611111111,0.0,48.0,27.0,27.0,22.5,58.0,28.0,27.5,27.0,28.0,29.0,27.0,27.0,62.0,0.1800000000000068,90.0,24.5,13.79,708.6,24.48,13.921,28.0,0.9,3.0,0.0,0.0,0.0,22.0,179.0,0.0,28.0,1.0,0.0,825.6,0.0,0.0,0.6000000000000001,9.0,0.0,30.0,0.0,28.0,27.0,350.0,825.6,-50.0,0.0,0.0,0.0,0.0,400.0,0.0,0.0,0.0,0.0,0.0,0.0,47.0,708.6,4.442,60.448445,13.7612706,60.0,34.661252545617764,0.0,5.633035445249998,5.633036,410.055175,218.745136,1.0189480244403444,1.0088594301389548,1.2367180743361386,0.0265826100224377,80.85917241379309,46.89832,0.0,0.0278942488579184,24.299999999999994
588.0,13.4,84.0,704.4,0.0,0.0,0.0,27.0,20.0,26.0,24.0,25.0,25.0,24.0,24.0,24.0,59.1696,25.0,38.0,1233.7966666666666,4441668.0,0.0,0.0,4.89166666666667,3.91333333333333,3.66875,25.0,1822.1,1794.5,1359.3,1297.3,0.0,5247.0,0.0,0.0,702.0,2325.0,3.66,11.0,3.66,78.0,0.0,1233.79666666667,0.0,48.0,27.0,27.0,22.5,58.0,28.0,27.5,27.0,28.0,29.0,27.0,27.0,68.0,0.3799999999999954,90.0,24.5,13.807,705.7,25.1,13.945,28.0,0.9,3.0,0.0,0.0,0.0,22.0,179.0,0.0,28.0,1.0,0.0,825.6,0.0,0.0,0.6000000000000001,9.0,0.0,30.0,0.0,28.0,27.0,350.0,825.6,-50.0,0.0,0.0,0.0,0.0,400.0,0.0,0.0,0.0,0.0,0.0,0.0,47.0,705.7,4.443,60.448445,13.7612706,60.0,34.7755519947104,0.0,5.67105381647222,5.671054,410.093193,218.783154,1.0522835028427524,1.0418648542997548,1.047835374922257,0.0330054241608,95.43483870967742,59.1696,0.0,0.0417612515297903,24.720000000000006
589.0,13.4,84.0,704.4,0.0,0.0,0.0,27.0,20.0,26.0,24.0,25.0,25.0,24.0,24.0,24.0,59.1696,25.0,38.0,1233.7966666666666,4441668.0,0.0,0.0,4.89166666666667,3.91333333333333,3.66875,25.0,1822.1,1794.5,1359.3,1297.3,0.0,5247.0,0.0,0.0,702.0,2325.0,3.66,11.0,3.66,78.0,0.0,1233.79666666667,0.0,48.0,27.0,27.0,22.5,58.0,28.0,27.5,27.0,28.0,29.0,27.0,27.0,68.0,0.3799999999999954,90.0,24.5,13.807,705.7,25.1,13.945,28.0,-0.4,3.0,0.0,0.0,0.0,22.0,179.0,0.0,28.0,1.0,0.0,825.6,0.0,0.0,0.6000000000000001,9.0,0.0,30.0,0.0,28.0,27.0,350.0,825.6,-50.0,0.0,0.0,0.0,0.0,400.0,0.0,0.0,0.0,0.0,0.0,0.0,47.0,705.7,4.443,71.23932250000001,13.760294,69.359375,34.7755519947104,0.0,5.67105381647222,5.671054,410.093193,218.783154,1.0522835028427524,1.0418648542997548,1.047835374922257,0.0330054241608,95.43483870967742,59.1696,0.0,0.0417612515297903,24.720000000000006
590.0,13.3,44.2,707.1,0.0,0.0,0.0,27.0,20.0,26.0,24.0,25.0,25.0,24.0,24.0,24.0,31.25382,25.0,38.0,1233.7972222222222,4441670.0,0.0,0.0,4.91041666666667,3.92833333333333,3.6828125,25.0,1822.1,1794.5,1359.3,1297.4,0.0,5670.0,0.0,0.0,705.0,2325.0,3.68,11.0,3.68,78.0,0.0,1233.79722222222,0.0,48.0,27.0,27.0,22.5,58.0,28.0,27.5,27.0,28.0,29.0,27.0,27.0,72.0,0.0,90.0,24.5,13.79,711.6,24.25,13.93,28.0,-0.4,3.0,0.0,0.0,0.0,22.0,179.0,0.0,28.0,1.0,0.0,825.6,0.0,0.0,0.6000000000000001,9.0,0.0,30.0,0.0,28.0,27.0,350.0,825.6,-50.0,0.0,0.0,0.0,0.0,400.0,0.0,0.0,0.0,0.0,0.0,0.0,47.0,705.4000000000001,4.443,71.23932250000001,13.760294,69.359375,34.89966490256717,0.0,5.7103329004722205,5.710333,410.132472,218.822433,1.069375960658657,1.0587880798600564,2.1757340382711616,0.0169232255603016,45.96150000000001,31.253820000000005,0.0,0.0525949525923189,24.25
591.0,13.3,44.2,707.1,0.0,0.0,0.0,27.0,20.0,26.0,24.0,25.0,25.0,24.0,24.0,24.0,31.25382,25.0,38.0,1233.7972222222222,4441670.0,0.0,0.0,4.91041666666667,3.92833333333333,3.6828125,25.0,1822.1,1794.5,1359.3,1297.4,0.0,5670.0,0.0,0.0,705.0,2325.0,3.68,11.0,3.68,78.0,0.0,1233.79722222222,0.0,48.0,27.0,27.0,22.5,58.0,28.0,27.5,27.0,28.0,29.0,27.0,27.0,72.0,0.0,90.0,24.5,13.79,711.6,24.25,13.93,28.0,-0.5,3.0,0.0,0.0,0.0,22.0,179.0,0.0,28.0,1.0,0.0,825.6,0.0,0.0,0.6000000000000001,9.0,0.0,30.0,0.0,28.0,27.0,350.0,825.6,-50.0,0.0,0.0,0.0,0.0,400.0,0.0,0.0,0.0,0.0,0.0,0.0,47.0,705.4000000000001,4.443,53.12432,13.7510163,72.34375,34.89966490256717,0.0,5.7103329004722205,5.710333,410.132472,218.822433,1.069375960658657,1.0587880798600564,2.1757340382711616,0.0169232255603016,45.96150000000001,31.253820000000005,0.0,0.0525949525923189,24.25
592.0,13.3,97.1,702.9,0.0,0.0,0.0,27.0,20.0,26.0,24.0,25.0,25.0,24.0,24.0,24.0,68.25159,25.0,38.0,1233.7977777777778,4441672.0,0.0,0.0,4.88125,3.905,3.6609375,25.0,1822.1,1794.6,1359.3,1297.4,0.0,5894.0,0.0,0.0,700.0,2325.0,3.66,11.0,3.66,73.0,0.0,1233.79777777778,0.0,48.0,27.0,27.0,22.5,58.0,28.5,27.5,27.0,28.5,29.0,27.0,27.0,76.0,0.4000000000000341,90.0,24.5,13.789,705.0,25.37,13.946,28.0,-0.5,3.0,0.0,0.0,0.0,22.0,179.0,0.0,28.0,1.0,0.0,825.6,0.0,0.0,0.6000000000000001,9.0,0.0,30.0,0.0,28.0,27.0,350.0,825.6,-50.0,0.0,0.0,0.0,0.0,400.0,0.0,0.0,0.0,0.0,0.0,0.0,47.0,706.7,4.443,53.12432,13.7510163,72.34375,35.03913255852513,0.0,5.752673608805554,5.752674,410.174813,218.864774,1.107863392362629,1.0968944478837914,1.0549204787756594,0.0381063680237349,94.793875,68.25159,0.0,0.0637367121336274,24.969999999999967
593.0,13.3,97.1,702.9,0.0,0.0,0.0,27.0,20.0,26.0,24.0,25.0,25.0,24.0,24.0,24.0,68.25159,25.0,38.0,1233.7977777777778,4441672.0,0.0,0.0,4.88125,3.905,3.6609375,25.0,1822.1,1794.6,1359.3,1297.4,0.0,5894.0,0.0,0.0,700.0,2325.0,3.66,11.0,3.66,73.0,0.0,1233.79777777778,0.0,48.0,27.0,27.0,22.5,58.0,28.5,27.5,27.0,28.5,29.0,27.0,27.0,76.0,0.4000000000000341,90.0,24.5,13.789,705.0,25.37,13.946,28.0,-3.4000000000000004,3.0,0.0,0.0,0.0,22.0,179.0,0.0,28.0,1.0,0.0,825.6,0.0,0.0,0.6000000000000001,9.0,0.0,30.0,0.0,28.0,28.0,350.0,825.6,-50.0,0.0,0.0,0.0,0.0,400.0,0.0,0.0,0.0,0.0,0.0,0.0,47.0,706.7,4.443,71.09284000000001,13.7695717,77.515625,35.03913255852513,0.0,5.752673608805554,5.752674,410.174813,218.864774,1.107863392362629,1.0968944478837914,1.0549204787756594,0.0381063680237349,94.793875,68.25159,0.0,0.0637367121336274,24.969999999999967
594.0,13.3,43.6,706.8,0.0,0.0,0.0,27.0,20.0,26.0,24.0,25.0,25.0,24.0,24.0,24.0,30.81648,25.0,38.0,1233.7983333333334,4441674.0,0.0,0.0,4.90833333333333,3.92666666666667,3.68125,25.0,1822.1,1794.6,1359.3,1297.4,0.0,6259.0,0.0,0.0,705.0,2318.0,3.68,9.0,3.66,78.0,0.0,1233.79833333333,0.0,48.0,27.0,27.0,22.5,58.0,28.5,27.5,27.0,28.5,29.0,27.0,27.0,79.0,0.2599999999999909,90.0,24.5,13.806,709.7,24.76,13.94,28.0,-3.4000000000000004,3.0,0.0,0.0,0.0,22.0,179.0,0.0,28.0,1.0,0.0,825.6,0.0,0.0,0.6000000000000001,9.0,0.0,30.0,0.0,28.0,28.0,350.0,825.6,-50.0,0.0,0.0,0.0,0.0,400.0,0.0,0.0,0.0,0.0,0.0,0.0,47.0,705.4000000000001,4.443,71.09284000000001,13.7695717,77.515625,35.18572729309678,0.0,5.796069263388888,5.79607,410.218209,218.90817,1.1249939766778445,1.1138554224533117,2.466212883496104,0.0169609745695199,40.54799999999999,30.81648,0.0,0.0605354133267495,24.50000000000001
595.0,13.3,43.6,706.8,0.0,0.0,0.0,27.0,20.0,26.0,24.0,25.0,25.0,24.0,24.0,24.0,30.81648,25.0,38.0,1233.7983333333334,4441674.0,0.0,0.0,4.90833333333333,3.92666666666667,3.68125,25.0,1822.1,1794.6,1359.3,1297.4,0.0,6259.0,0.0,0.0,705.0,2318.0,3.68,9.0,3.66,78.0,0.0,1233.79833333333,0.0,48.0,27.0,27.0,22.5,58.0,28.5,27.5,27.0,28.5,29.0,27.0,27.0,79.0,0.2599999999999909,90.0,24.5,13.806,709.7,24.76,13.94,28.0,1.4,3.0,0.0,0.0,0.0,22.0,179.0,0.0,28.0,1.0,0.0,825.6,0.0,0.0,0.6000000000000001,9.0,0.0,30.0,0.0,28.0,27.0,350.0,825.6,-50.0,0.0,0.0,0.0,0.0,400.0,0.0,0.0,0.0,0.0,0.0,0.0,47.0,705.4000000000001,4.443,58.10472500000001,13.7515046,76.0,35.18572729309678,0.0,5.796069263388888,5.79607,410.218209,218.90817,1.1249939766778445,1.1138554224533117,2.466212883496104,0.0169609745695199,40.54799999999999,30.81648,0.0,0.0605354133267495,24.50000000000001
596.0,13.4,33.3,707.6,0.0,0.0,0.0,27.0,20.0,26.0,24.0,25.0,25.0,24.0,24.0,24.0,23.56308,25.0,38.0,1233.798888888889,4441676.0,0.0,0.0,4.91388888888889,3.93111111111111,3.68541666666667,25.0,1822.1,1794.6,1359.3,1297.4,0.0,6348.0,0.0,0.0,706.0,2318.0,3.68,9.0,3.68,78.0,0.0,1233.79888888889,0.0,48.0,27.0,27.0,22.5,58.0,28.5,27.5,27.0,28.5,29.0,27.0,27.0,80.0,0.0699999999999931,90.0,24.5,13.806,712.2,24.95,13.929,28.0,1.4,3.0,0.0,0.0,0.0,22.0,179.0,0.0,28.0,1.0,0.0,825.6,0.0,0.0,0.6000000000000001,9.0,0.0,30.0,0.0,28.0,27.0,350.0,825.6,-50.0,0.0,0.0,0.0,0.0,400.0,0.0,0.0,0.0,0.0,0.0,0.0,47.0,707.3000000000001,4.443,58.10472500000001,13.7515046,76.0,35.34019668894353,0.0,5.841650138944443,5.841651,410.26379,218.953751,1.1385342016236313,1.1272615857659716,3.3527026178241557,0.0134061633126599,29.82668354430379,23.56308,0.0,0.0425434245590506,24.880000000000006
597.0,13.4,33.3,707.6,0.0,0.0,0.0,27.0,20.0,26.0,24.0,25.0,25.0,24.0,24.0,24.0,23.56308,25.0,38.0,1233.798888888889,4441676.0,0.0,0.0,4.91388888888889,3.93111111111111,3.68541666666667,25.0,1822.1,1794.6,1359.3,1297.4,0.0,6348.0,0.0,0.0,706.0,2318.0,3.68,9.0,3.68,78.0,0.0,1233.79888888889,0.0,48.0,27.0,27.0,22.5,58.0,28.5,27.5,27.0,28.5,29.0,27.0,27.0,80.0,0.0699999999999931,90.0,24.5,13.806,712.2,24.95,13.929,28.0,3.8,3.0,0.0,0.0,0.0,22.0,179.0,0.0,28.0,1.0,0.0,825.6,0.0,0.0,0.6000000000000001,9.0,0.0,30.0,0.0,28.0,27.0,350.0,825.6,-50.0,0.0,0.0,0.0,0.0,400.0,0.0,0.0,0.0,0.0,0.0,0.0,47.0,707.3000000000001,4.443,49.46225750000001,13.760294,80.21875,35.34019668894353,0.0,5.841650138944443,5.841651,410.26379,218.953751,1.1385342016236313,1.1272615857659716,3.3527026178241557,0.0134061633126599,29.82668354430379,23.56308,0.0,0.0425434245590506,24.880000000000006
598.0,13.3,42.4,707.2,0.0,0.0,0.0,27.0,20.0,26.0,24.0,25.0,25.0,24.0,24.0,24.0,29.98528,25.0,38.0,1233.7994444444444,4441678.0,0.0,0.0,4.91111111111111,3.92888888888889,3.68333333333333,25.0,1822.1,1794.6,1359.3,1297.4,0.0,6356.0,0.0,0.0,705.0,2318.0,3.68,9.0,3.68,49.0,0.0,1233.79944444444,0.0,48.0,27.0,27.0,22.5,58.0,28.5,27.5,27.0,28.5,29.0,27.0,27.0,81.0,0.3799999999999954,90.0,24.5,13.79,710.1,24.85,13.948,28.0,3.8,3.0,0.0,0.0,0.0,22.0,179.0,0.0,28.0,1.0,0.0,825.6,0.0,0.0,0.6000000000000001,9.0,0.0,30.0,0.0,28.0,27.0,350.0,825.6,-50.0,0.0,0.0,0.0,0.0,400.0,0.0,0.0,0.0,0.0,0.0,0.0,47.0,708.9000000000001,4.442,49.46225750000001,13.760294,80.21875,35.49135201348861,0.0,5.886121571194443,5.886122,410.308261,218.998222,1.1551051663121432,1.1436684814971716,2.6679757534363526,0.0164068957312,37.4816,29.985280000000003,0.0,0.0317696222940755,24.470000000000006
599.0,13.3,42.4,707.2,0.0,0.0,0.0,27.0,20.0,26.0,24.0,25.0,25.0,24.0,24.0,24.0,29.98528,25.0,38.0,1233.7994444444444,4441678.0,0.0,0.0,4.91111111111111,3.92888888888889,3.68333333333333,25.0,1822.1,1794.6,1359.3,1297.4,0.0,6356.0,0.0,0.0,705.0,2318.0,3.68,9.0,3.68,49.0,0.0,1233.79944444444,0.0,48.0,27.0,27.0,22.5,58.0,28.5,27.5,27.0,28.5,29.0,27.0,27.0,81.0,0.3799999999999954,90.0,24.5,13.79,710.1,24.85,13.948,28.0,0.2,3.0,0.0,0.0,0.0,22.0,179.0,0.0,28.0,1.0,0.0,825.6,0.0,0.0,0.6000000000000001,9.0,0.0,30.0,0.0,28.0,27.0,350.0,825.6,-50.0,0.0,0.0,0.0,0.0,400.0,0.0,0.0,0.0,0.0,0.0,0.0,47.0,708.9000000000001,4.442,59.61837750000001,13.760294,81.5625,35.49135201348861,0.0,5.886121571194443,5.886122,410.308261,218.998222,1.1551051663121432,1.1436684814971716,2.6679757534363526,0.0164068957312,37.4816,29.985280000000003,0.0,0.0317696222940755,24.470000000000006
600.0,13.4,30.5,708.1,0.0,0.0,0.0,27.0,20.0,26.0,24.0,25.0,25.0,24.0,24.0,24.0,21.59705,25.0,38.0,1233.8,4441680.0,0.0,0.0,4.91736111111111,3.93388888888889,3.68802083333333,25.0,1822.1,1794.7,1359.3,1297.4,0.0,6462.0,0.0,0.0,706.0,2318.0,3.68,9.0,3.68,78.0,0.0,1233.8,0.0,48.0,27.0,27.0,22.5,58.0,28.5,27.5,27.0,28.5,29.0,27.0,27.0,82.0,0.2599999999999909,90.0,24.5,13.807,712.0,24.86,13.931,28.0,0.2,3.0,0.0,0.0,0.0,22.0,179.0,0.0,28.0,1.0,0.0,825.6,0.0,0.0,0.6000000000000001,9.0,0.0,30.0,0.0,28.0,27.0,350.0,825.6,-50.0,0.0,0.0,0.0,0.0,400.0,0.0,0.0,0.0,0.0,0.0,0.0,47.0,707.8000000000001,4.443,59.61837750000001,13.760294,81.5625,35.65106643989285,0.0,5.9329840154166655,5.932984,410.355123,219.045084,1.1676506384538656,1.1560897410434312,3.750512222734123,0.0124212595462597,26.66302469135802,21.59705,0.0,0.0210598245720327,24.60000000000001
601.0,13.4,30.5,708.1,0.0,0.0,0.0,27.0,20.0,26.0,24.0,25.0,25.0,24.0,24.0,24.0,21.59705,25.0,38.0,1233.8,4441680.0,0.0,0.0,4.91736111111111,3.93388888888889,3.68802083333333,25.0,1822.1,1794.7,1359.3,1297.4,0.0,6462.0,0.0,0.0,706.0,2318.0,3.68,9.0,3.68,78.0,0.0,1233.8,0.0,48.0,27.0,27.0,22.5,58.0,28.5,27.5,27.0,28.5,29.0,27.0,27.0,82.0,0.2599999999999909,90.0,24.5,13.807,712.0,24.86,13.931,28.0,1.5,3.0,0.0,0.0,0.0,22.0,179.0,0.0,28.0,1.0,0.0,825.6,0.0,0.0,0.6000000000000001,9.0,0.0,30.0,0.0,28.0,27.0,350.0,825.6,-50.0,0.0,0.0,0.0,0.0,400.0,0.0,0.0,0.0,0.0,0.0,0.0,47.0,707.8000000000001,4.443,50.292325,13.740762,81.90625,35.65106643989285,0.0,5.9329840154166655,5.932984,410.355123,219.045084,1.1676506384538656,1.1560897410434312,3.750512222734123,0.0124212595462597,26.66302469135802,21.59705,0.0,0.0210598245720327,24.60000000000001
602.0,13.4,30.2,708.3,0.0,0.0,0.0,27.0,20.0,26.0,24.0,25.0,25.0,24.0,24.0,24.0,21.39066,25.0,38.0,1233.8005555555555,4441682.0,0.0,0.0,4.91875,3.935,3.6890625,25.0,1822.1,1794.7,1359.3,1297.5,0.0,6470.0,0.0,0.0,706.0,2303.0,3.68,9.0,3.68,78.0,0.0,1233.80055555556,0.0,48.0,27.0,27.0,22.5,58.0,28.5,27.5,27.0,28.5,29.0,27.0,27.0,82.0,0.1800000000000068,90.0,24.5,13.79,711.4000000000001,25.06,13.928,28.0,1.5,3.0,0.0,0.0,0.0,22.0,179.0,0.0,28.0,1.0,0.0,825.6,0.0,0.0,0.6000000000000001,9.0,0.0,30.0,0.0,28.0,27.0,350.0,825.6,-50.0,0.0,0.0,0.0,0.0,400.0,0.0,0.0,0.0,0.0,0.0,0.0,47.0,708.8000000000001,4.444,50.292325,13.740762,81.90625,35.806211585113864,0.0,5.978816047638888,5.978816,410.400955,219.090916,1.179713894488168,1.168033558899176,3.833448804291218,0.011943817855745,26.086170731707327,21.39066,0.0,0.0104904045195529,24.879999999999992
603.0,13.4,30.2,708.3,0.0,0.0,0.0,27.0,20.0,26.0,24.0,25.0,25.0,24.0,24.0,24.0,21.39066,25.0,38.0,1233.8005555555555,4441682.0,0.0,0.0,4.91875,3.935,3.6890625,25.0,1822.1,1794.7,1359.3,1297.5,0.0,6470.0,0.0,0.0,706.0,2303.0,3.68,9.0,3.68,78.0,0.0,1233.80055555556,0.0,48.0,27.0,27.0,22.5,58.0,28.5,27.5,27.0,28.5,29.0,27.0,27.0,82.0,0.1800000000000068,90.0,24.5,13.79,711.4000000000001,25.06,13.928,28.0,-0.1,3.0,0.0,0.0,0.0,22.0,179.0,0.0,28.0,1.0,0.0,825.6,0.0,0.0,0.6000000000000001,9.0,0.0,30.0,0.0,28.0,27.0,350.0,825.6,-50.0,0.0,0.0,0.0,0.0,400.0,0.0,0.0,0.0,0.0,0.0,0.0,47.0,708.8000000000001,4.444,55.46804,13.760294,80.0,35.806211585113864,0.0,5.978816047638888,5.978816,410.400955,219.090916,1.179713894488168,1.168033558899176,3.833448804291218,0.011943817855745,26.086170731707327,21.39066,0.0,0.0104904045195529,24.879999999999992
604.0,13.3,36.1,707.8,0.0,0.0,0.0,27.0,20.0,26.0,24.0,25.0,25.0,24.0,24.0,24.0,25.55158,25.0,38.0,1233.8011111111111,4441684.0,0.0,0.0,4.91527777777778,3.93222222222222,3.68645833333333,25.0,1822.1,1794.7,1359.3,1297.5,0.0,6561.0,0.0,0.0,706.0,2303.0,3.68,9.0,3.68,49.0,0.0,1233.80111111111,0.0,48.0,27.0,27.0,22.5,58.0,28.5,27.5,27.0,28.5,29.0,27.0,27.0,84.0,0.2900000000000204,90.0,24.5,13.807,708.6,25.53,13.949,28.0,-0.1,3.0,0.0,0.0,0.0,22.0,179.0,0.0,28.0,1.0,0.0,825.6,0.0,0.0,0.6000000000000001,9.0,0.0,30.0,0.0,28.0,27.0,350.0,825.6,-50.0,0.0,0.0,0.0,0.0,400.0,0.0,0.0,0.0,0.0,0.0,0.0,47.0,707.8000000000001,4.443,55.46804,13.760294,80.0,35.96676272871069,0.0,6.025698211638888,6.025698,410.447837,219.137798,1.1941463529536969,1.1823231217363337,3.2091948912748256,0.0142895628371572,31.160463414634144,25.55158,0.0,0.0140579551067758,25.23999999999998
605.0,13.3,36.1,707.8,0.0,0.0,0.0,27.0,20.0,26.0,24.0,25.0,25.0,24.0,24.0,24.0,25.55158,25.0,38.0,1233.8011111111111,4441684.0,0.0,0.0,4.91527777777778,3.93222222222222,3.68645833333333,25.0,1822.1,1794.7,1359.3,1297.5,0.0,6561.0,0.0,0.0,706.0,2303.0,3.68,9.0,3.68,49.0,0.0,1233.80111111111,0.0,48.0,27.0,27.0,22.5,58.0,28.5,27.5,27.0,28.5,29.0,27.0,27.0,84.0,0.2900000000000204,90.0,24.5,13.807,708.6,25.53,13.949,28.0,3.8,3.0,0.0,0.0,0.0,22.0,179.0,0.0,28.0,1.0,0.0,825.6,0.0,0.0,0.6000000000000001,9.0,0.0,30.0,0.0,28.0,27.0,350.0,825.6,-50.0,0.0,0.0,0.0,0.0,400.0,0.0,0.0,0.0,0.0,0.0,0.0,47.0,707.8000000000001,4.443,63.4269225,13.760294,84.4375,35.96676272871069,0.0,6.025698211638888,6.025698,410.447837,219.137798,1.1941463529536969,1.1823231217363337,3.2091948912748256,0.0142895628371572,31.160463414634144,25.55158,0.0,0.0140579551067758,25.23999999999998
606.0,13.4,61.6,705.3,0.0,0.0,0.0,27.0,20.0,26.0,24.0,25.0,25.0,24.0,24.0,24.0,43.44648,25.0,38.0,1233.8016666666667,4441686.0,0.0,0.0,4.89791666666667,3.91833333333333,3.6734375,25.0,1822.1,1794.7,1359.3,1297.5,0.0,6814.0,0.0,0.0,703.0,2303.0,3.66,11.0,3.66,77.0,0.0,1233.80166666667,0.0,48.0,27.0,27.0,22.5,58.0,28.5,27.5,27.0,28.5,29.0,27.0,27.0,87.0,0.2900000000000204,90.0,24.5,13.807,708.6,25.53,13.949,28.0,3.8,3.0,0.0,0.0,0.0,22.0,179.0,0.0,28.0,1.0,0.0,825.6,0.0,0.0,0.6000000000000001,9.0,0.0,30.0,0.0,28.0,27.0,350.0,825.6,-50.0,0.0,0.0,0.0,0.0,400.0,0.0,0.0,0.0,0.0,0.0,0.0,46.5,705.7,4.443,63.4269225,13.760294,84.4375,36.13351680776032,0.0,6.073480839805555,6.073481,410.49562,219.185581,1.218343413910273,1.2062806078319537,1.9334132477475736,0.0239574860956199,51.722,43.446479999999994,0.0,0.0210995283083305,25.23999999999998
607.0,13.4,61.6,705.3,0.0,0.0,0.0,27.0,20.0,26.0,24.0,25.0,25.0,24.0,24.0,24.0,43.44648,25.0,38.0,1233.8016666666667,4441686.0,0.0,0.0,4.89791666666667,3.91833333333333,3.6734375,25.0,1822.1,1794.7,1359.3,1297.5,0.0,6814.0,0.0,0.0,703.0,2303.0,3.66,11.0,3.66,77.0,0.0,1233.80166666667,0.0,48.0,27.0,27.0,22.5,58.0,28.5,27.5,27.0,28.5,29.0,27.0,27.0,87.0,0.2599999999999909,90.0,24.5,13.807,708.6,25.02,13.949,28.0,-0.4,3.0,0.0,0.0,0.0,22.0,179.0,0.0,28.0,1.0,0.0,825.6,0.0,0.0,0.6000000000000001,9.0,0.0,30.0,0.0,28.0,27.0,350.0,825.6,-50.0,0.0,0.0,0.0,0.0,400.0,0.0,0.0,0.0,0.0,0.0,0.0,46.5,705.7,4.443,62.4503725,13.740762,84.0,36.13351680776032,0.0,6.073480839805555,6.073481,410.49562,219.185581,1.218343413910273,1.2062806078319537,1.9334132477475736,0.0239574860956199,51.722,43.446479999999994,0.0,0.0210995283083305,24.76000000000001
608.0,13.4,47.4,706.3,0.0,0.0,0.0,27.0,20.0,26.0,24.0,25.0,25.0,24.0,24.0,24.0,33.47862,25.0,38.0,1233.8022222222223,4441688.0,0.0,0.0,4.90486111111111,3.92388888888889,3.67864583333333,25.0,1822.1,1794.7,1359.3,1297.5,0.0,7024.0,0.0,0.0,704.0,2303.0,3.68,11.0,3.66,85.0,0.0,1233.80222222222,0.0,48.0,27.0,27.0,22.5,58.0,28.5,27.5,27.0,28.5,29.0,27.0,27.0,89.0,0.2599999999999909,90.0,24.5,13.807,708.6,25.02,13.949,28.0,-0.4,3.0,0.0,0.0,0.0,22.0,179.0,0.0,28.0,1.0,0.0,825.6,0.0,0.0,0.6000000000000001,9.0,0.0,30.0,0.0,28.0,27.0,350.0,825.6,-50.0,0.0,0.0,0.0,0.0,400.0,0.0,0.0,0.0,0.0,0.0,0.0,46.5,706.3000000000001,4.443,62.4503725,13.740762,84.0,36.311309992262686,0.0,6.123960351777777,6.123961,410.5461,219.236061,1.2374327930442313,1.22518098321211,2.598673422022772,0.0189003753801566,38.48117241379309,33.47861999999999,0.0,0.0246552458134604,24.76000000000001
609.0,13.4,47.4,706.3,0.0,0.0,0.0,27.0,20.0,26.0,24.0,25.0,25.0,24.0,24.0,24.0,33.47862,25.0,38.0,1233.8022222222223,4441688.0,0.0,0.0,4.90486111111111,3.92388888888889,3.67864583333333,25.0,1822.1,1794.7,1359.3,1297.5,0.0,7024.0,0.0,0.0,704.0,2303.0,3.68,11.0,3.66,85.0,0.0,1233.80222222222,0.0,48.0,27.0,27.0,22.5,58.0,28.5,27.5,27.0,28.5,29.0,27.0,27.0,89.0,0.1000000000000227,90.0,24.5,13.789,710.0,24.9,13.923,28.0,5.300000000000001,3.0,0.0,0.0,0.0,22.0,179.0,0.0,28.0,1.0,0.0,825.6,0.0,0.0,0.6000000000000001,9.0,0.0,30.0,0.0,28.0,27.0,350.0,825.6,-50.0,0.0,0.0,0.0,0.0,400.0,0.0,0.0,0.0,0.0,0.0,0.0,46.5,706.3000000000001,4.443,55.761005,13.7695717,89.5,36.311309992262686,0.0,6.123960351777777,6.123961,410.5461,219.236061,1.2374327930442313,1.22518098321211,2.598673422022772,0.0189003753801566,38.48117241379309,33.47861999999999,0.0,0.0246552458134604,24.799999999999976
610.0,13.3,18.4,709.0,0.0,0.0,0.0,27.0,20.0,26.0,24.0,25.0,25.0,24.0,24.0,24.0,13.0456,25.0,38.0,1233.8027777777777,4441690.0,0.0,0.0,4.92361111111111,3.93888888888889,3.69270833333333,25.0,1822.1,1794.8,1359.3,1297.5,0.0,7038.0,0.0,0.0,707.0,2303.0,3.68,9.0,3.68,49.0,0.0,1233.80277777778,0.0,48.0,27.0,27.0,22.5,58.0,28.5,27.5,27.0,28.5,29.0,27.0,27.0,89.0,0.3100000000000023,90.0,24.5,13.806,712.0,25.06,13.948,28.0,5.300000000000001,3.0,0.0,0.0,0.0,22.0,179.0,0.0,28.0,1.0,0.0,825.6,0.0,0.0,0.6000000000000001,9.0,0.0,30.0,0.0,28.0,27.0,350.0,825.6,-50.0,0.0,0.0,0.0,0.0,400.0,0.0,0.0,0.0,0.0,0.0,0.0,46.5,708.9000000000001,4.443,55.761005,13.7695717,89.5,36.48233823755012,0.0,6.172841670972222,6.172842,410.594981,219.284942,1.2446858403806524,1.2323622181986658,6.822223584963513,0.0071812349865555,14.657977528089884,13.0456,0.0,0.0247676422408262,24.749999999999996
611.0,13.3,18.4,709.0,0.0,0.0,0.0,27.0,20.0,26.0,24.0,25.0,25.0,24.0,24.0,24.0,13.0456,25.0,38.0,1233.8027777777777,4441690.0,0.0,0.0,4.92361111111111,3.93888888888889,3.69270833333333,25.0,1822.1,1794.8,1359.3,1297.5,0.0,7038.0,0.0,0.0,707.0,2303.0,3.68,9.0,3.68,49.0,0.0,1233.80277777778,0.0,48.0,27.0,27.0,22.5,58.0,28.5,27.5,27.0,28.5,29.0,27.0,27.0,89.0,0.3100000000000023,90.0,24.5,13.806,712.0,25.06,13.948,28.0,-2.2,3.0,0.0,0.0,0.0,22.0,179.0,0.0,28.0,1.0,0.0,825.6,0.0,0.0,0.6000000000000001,9.0,0.0,30.0,0.0,28.0,27.0,350.0,825.6,-50.0,0.0,0.0,0.0,0.0,400.0,0.0,0.0,0.0,0.0,0.0,0.0,46.5,708.9000000000001,4.443,53.12432,13.740762,89.15625,36.48233823755012,0.0,6.172841670972222,6.172842,410.594981,219.284942,1.2446858403806524,1.2323622181986658,6.822223584963513,0.0071812349865555,14.657977528089884,13.0456,0.0,0.0247676422408262,24.749999999999996
612.0,13.3,30.9,708.1,0.0,0.0,0.0,27.0,20.0,26.0,24.0,25.0,25.0,24.0,24.0,24.0,21.88029,25.0,38.0,1233.8033333333333,4441692.0,0.0,0.0,4.91736111111111,3.93388888888889,3.68802083333333,25.0,1822.1,1794.8,1359.3,1297.5,0.0,7047.0,0.0,0.0,706.0,2308.0,3.68,9.0,3.68,40.0,0.0,1233.80333333333,0.0,48.0,27.0,27.0,22.5,58.0,28.5,27.5,27.0,28.5,29.0,27.0,27.0,89.0,0.3100000000000023,90.0,24.5,13.806,712.0,25.06,13.948,28.0,-2.2,3.0,0.0,0.0,0.0,22.0,179.0,0.0,28.0,1.0,0.0,825.6,0.0,0.0,0.6000000000000001,9.0,0.0,30.0,0.0,28.0,27.0,350.0,825.6,-50.0,0.0,0.0,0.0,0.0,400.0,0.0,0.0,0.0,0.0,0.0,0.0,46.5,708.3000000000001,4.443,53.12432,13.740762,89.15625,36.6534389356722,0.0,6.222063313805555,6.222064,410.644203,219.334164,1.2568242226428366,1.244380418458254,4.067587769631938,0.0120182002595883,24.584595505617976,21.88029,0.0,0.0177421186693653,24.749999999999996
613.0,13.3,30.9,708.1,0.0,0.0,0.0,27.0,20.0,26.0,24.0,25.0,25.0,24.0,24.0,24.0,21.88029,25.0,38.0,1233.8033333333333,4441692.0,0.0,0.0,4.91736111111111,3.93388888888889,3.68802083333333,25.0,1822.1,1794.8,1359.3,1297.5,0.0,7047.0,0.0,0.0,706.0,2308.0,3.68,9.0,3.68,40.0,0.0,1233.80333333333,0.0,48.0,27.0,27.0,22.5,58.0,28.5,27.5,27.0,28.5,29.0,27.0,27.0,89.0,0.2400000000000091,90.0,24.5,13.807,709.5,24.81,13.923,28.0,6.4,3.0,0.0,0.0,0.0,22.0,179.0,0.0,28.0,1.0,0.0,825.6,0.0,0.0,0.6000000000000001,9.0,0.0,30.0,0.0,28.0,27.0,350.0,825.6,-50.0,0.0,0.0,0.0,0.0,400.0,0.0,0.0,0.0,0.0,0.0,0.0,46.5,708.3000000000001,4.443,63.280440000000006,13.760294,88.0,36.6534389356722,0.0,6.222063313805555,6.222064,410.644203,219.334164,1.2568242226428366,1.244380418458254,4.067587769631938,0.0120182002595883,24.584595505617976,21.88029,0.0,0.0177421186693653,24.56999999999999
614.0,13.3,44.8,706.6,0.0,0.0,0.0,27.0,20.0,26.0,24.0,25.0,25.0,24.0,24.0,24.0,31.65568,25.0,38.0,1233.8038888888889,4441694.0,0.0,0.0,4.90694444444444,3.92555555555556,3.68020833333333,25.0,1822.1,1794.8,1359.3,1297.5,0.0,7219.0,0.0,0.0,704.0,2308.0,3.68,9.0,3.66,78.0,0.0,1233.80388888889,0.0,48.0,27.0,27.0,22.5,58.0,28.5,27.5,27.0,28.5,29.0,27.0,27.0,92.0,0.2400000000000091,90.0,24.5,13.807,709.5,24.81,13.923,28.0,6.4,3.0,0.0,0.0,0.0,22.0,179.0,0.0,28.0,1.0,0.0,825.6,0.0,0.0,0.6000000000000001,9.0,0.0,30.0,0.0,28.0,27.0,350.0,825.6,-50.0,0.0,0.0,0.0,0.0,400.0,0.0,0.0,0.0,0.0,0.0,0.0,46.5,706.3000000000001,4.443,63.280440000000006,13.760294,88.0,36.84232256346037,0.0,6.275543864472222,6.275545,410.697684,219.387645,1.2749463582250895,1.2623231269555342,2.8115017589260445,0.01794270849728,35.568179775280896,31.65568,0.0,0.0175309175858196,24.56999999999999
615.0,13.3,44.8,706.6,0.0,0.0,0.0,27.0,20.0,26.0,24.0,25.0,25.0,24.0,24.0,24.0,31.65568,25.0,38.0,1233.8038888888889,4441694.0,0.0,0.0,4.90694444444444,3.92555555555556,3.68020833333333,25.0,1822.1,1794.8,1359.3,1297.5,0.0,7219.0,0.0,0.0,704.0,2308.0,3.68,9.0,3.66,78.0,0.0,1233.80388888889,0.0,48.0,27.0,27.0,22.5,58.0,28.5,27.5,27.0,28.5,29.0,27.0,27.0,92.0,0.4900000000000091,90.0,24.5,13.806,711.4000000000001,25.43,13.951,28.0,1.9,3.0,0.0,0.0,0.0,22.0,179.0,0.0,28.0,1.0,0.0,825.6,0.0,0.0,0.6000000000000001,9.0,0.0,30.0,0.0,28.0,27.0,350.0,825.6,-50.0,0.0,0.0,0.0,0.0,400.0,0.0,0.0,0.0,0.0,0.0,0.0,46.5,706.3000000000001,4.443,54.491490000000006,13.7612706,92.03125,36.84232256346037,0.0,6.275543864472222,6.275545,410.697684,219.387645,1.2749463582250895,1.2623231269555342,2.8115017589260445,0.01794270849728,35.568179775280896,31.65568,0.0,0.0175309175858196,24.93999999999999
616.0,13.3,-10.3,711.4,0.0,0.0,0.0,27.0,20.0,26.0,24.0,25.0,25.0,24.0,24.0,24.0,-7.32742,25.0,38.0,1233.8044444444445,4441696.0,0.0,0.0,4.94027777777778,3.95222222222222,3.70520833333333,25.0,1822.1,1794.8,1359.3,1297.5,0.0,7200.0,0.0,0.0,709.0,2308.0,3.7,9.0,3.7,77.0,0.0,1233.80444444444,0.0,48.0,27.0,27.0,22.5,58.0,28.5,27.5,27.0,28.5,29.0,27.0,27.0,91.0,0.4900000000000091,90.0,24.5,13.806,711.4000000000001,25.43,13.951,28.0,1.9,3.0,0.0,0.0,0.0,22.0,179.0,0.0,28.0,1.0,0.0,825.6,0.0,0.0,0.6000000000000001,9.0,0.0,30.0,0.0,28.0,27.0,350.0,825.6,-50.0,0.0,0.0,0.0,0.0,400.0,0.0,0.0,0.0,0.0,0.0,0.0,46.5,710.0,4.443,54.491490000000006,13.7612706,92.03125,37.01633906186565,0.0,6.325509780472221,6.325511,410.74765,219.437611,1.2707331740588304,1.2581516574839904,-12.555578907719225,-0.0041714694715438,-7.96458695652174,-7.32742,0.0,0.0175309175858196,24.93999999999999
617.0,13.3,-10.3,711.4,0.0,0.0,0.0,27.0,20.0,26.0,24.0,25.0,25.0,24.0,24.0,24.0,-7.32742,25.0,38.0,1233.8044444444445,4441696.0,0.0,0.0,4.94027777777778,3.95222222222222,3.70520833333333,25.0,1822.1,1794.8,1359.3,1297.5,0.0,7200.0,0.0,0.0,709.0,2308.0,3.7,9.0,3.7,77.0,0.0,1233.80444444444,0.0,48.0,27.0,27.0,22.5,58.0,28.5,27.5,27.0,28.5,29.0,27.0,27.0,91.0,0.25,90.0,24.5,13.807,715.1,24.95,13.942,28.0,10.9,3.0,0.0,0.0,0.0,22.0,179.0,0.0,28.0,1.0,0.0,825.6,0.0,0.0,0.6000000000000001,9.0,0.0,30.0,0.0,28.0,27.0,350.0,825.6,-50.0,0.0,0.0,0.0,0.0,400.0,0.0,0.0,0.0,0.0,0.0,0.0,46.5,710.0,4.443,44.335370000000005,13.740762,88.0,37.01633906186565,0.0,6.325509780472221,6.325511,410.74765,219.437611,1.2707331740588304,1.2581516574839904,-12.555578907719225,-0.0041714694715438,-7.96458695652174,-7.32742,0.0,0.0175309175858196,24.7
618.0,13.4,12.0,709.9,0.0,0.0,0.0,27.0,20.0,26.0,24.0,25.0,25.0,24.0,24.0,24.0,8.5188,25.0,38.0,1233.805,4441698.0,0.0,0.0,4.92986111111111,3.94388888888889,3.69739583333333,25.0,1822.1,1794.8,1359.3,1297.5,0.0,7115.0,0.0,0.0,708.0,2308.0,3.7,11.0,3.68,61.0,0.0,1233.805,0.0,48.0,27.0,27.0,22.5,58.0,28.5,27.5,27.0,28.5,29.0,27.0,27.0,90.0,0.25,90.0,24.5,13.807,715.1,24.95,13.942,28.0,10.9,3.0,0.0,0.0,0.0,22.0,179.0,0.0,28.0,1.0,0.0,825.6,0.0,0.0,0.6000000000000001,9.0,0.0,30.0,0.0,28.0,27.0,350.0,825.6,-50.0,0.0,0.0,0.0,0.0,400.0,0.0,0.0,0.0,0.0,0.0,0.0,46.5,710.2,4.442,44.335370000000005,13.740762,88.0,37.18921756413739,0.0,6.375855547972221,6.375857,410.797996,219.487957,1.275514327974545,1.2628854732421235,10.682255716767624,0.0047338157581333,9.36131868131868,8.518799999999999,0.0,0.0175309175858196,24.7
619.0,13.4,12.0,709.9,0.0,0.0,0.0,27.0,20.0,26.0,24.0,25.0,25.0,24.0,24.0,24.0,8.5188,25.0,38.0,1233.805,4441698.0,0.0,0.0,4.92986111111111,3.94388888888889,3.69739583333333,25.0,1822.1,1794.8,1359.3,1297.5,0.0,7115.0,0.0,0.0,708.0,2308.0,3.7,11.0,3.68,61.0,0.0,1233.805,0.0,48.0,27.0,27.0,22.5,58.0,28.5,27.5,27.0,28.5,29.0,27.0,27.0,90.0,0.1000000000000227,90.0,24.5,13.789,712.0,25.41,13.948,28.0,1.1,3.0,0.0,0.0,0.0,22.0,179.0,0.0,28.0,1.0,0.0,825.6,0.0,0.0,0.6000000000000001,9.0,0.0,30.0,0.0,28.0,27.0,350.0,825.6,-50.0,0.0,0.0,0.0,0.0,400.0,0.0,0.0,0.0,0.0,0.0,0.0,46.5,710.2,4.442,57.9582425,13.7612706,88.0,37.18921756413739,0.0,6.375855547972221,6.375857,410.797996,219.487957,1.275514327974545,1.2628854732421235,10.682255716767624,0.0047338157581333,9.36131868131868,8.518799999999999,0.0,,25.309999999999977
620.0,13.3,51.8,706.3,0.0,0.0,0.0,27.0,20.0,26.0,24.0,25.0,25.0,24.0,24.0,24.0,36.58634,25.0,38.0,1233.8055555555557,4441700.0,0.0,0.0,4.90486111111111,3.92388888888889,3.67864583333333,25.0,1822.1,1794.8,1359.3,1297.5,0.0,7253.0,0.0,0.0,704.0,2307.0,3.68,11.0,3.66,78.0,0.0,1233.80555555556,0.0,48.0,27.0,27.0,22.5,58.0,28.5,27.5,27.0,28.5,29.0,27.0,27.0,92.0,0.1000000000000227,90.0,24.5,13.789,712.0,25.41,13.948,28.0,1.1,3.0,0.0,0.0,0.0,22.0,179.0,0.0,28.0,1.0,0.0,825.6,0.0,0.0,0.6000000000000001,9.0,0.0,30.0,0.0,28.0,27.0,350.0,825.6,-50.0,0.0,0.0,0.0,0.0,400.0,0.0,0.0,0.0,0.0,0.0,0.0,46.5,707.5,4.444,57.9582425,13.7612706,88.0,37.366641103648874,0.0,6.4270782627499985,6.42708,410.849219,219.53918,1.296174923844892,1.2833415087573188,2.459934500144043,0.020456035515195,40.651488888888885,36.58634,0.0,,25.309999999999977
621.0,13.3,51.8,706.3,0.0,0.0,0.0,27.0,20.0,26.0,24.0,25.0,25.0,24.0,24.0,24.0,36.58634,25.0,38.0,1233.8055555555557,4441700.0,0.0,0.0,4.90486111111111,3.92388888888889,3.67864583333333,25.0,1822.1,1794.8,1359.3,1297.5,0.0,7253.0,0.0,0.0,704.0,2307.0,3.68,11.0,3.66,78.0,0.0,1233.80555555556,0.0,48.0,27.0,27.0,22.5,58.0,28.5,27.5,27.0,28.5,29.0,27.0,27.0,92.0,0.2800000000000295,90.0,24.5,13.808,708.6,24.82,13.929,28.0,0.7000000000000001,3.0,0.0,0.0,0.0,22.0,179.0,0.0,28.0,1.0,0.0,825.6,0.0,0.0,0.6000000000000001,9.0,0.0,30.0,0.0,28.0,27.0,350.0,825.6,-50.0,0.0,0.0,0.0,0.0,400.0,0.0,0.0,0.0,0.0,0.0,0.0,46.5,707.5,4.444,64.59878250000001,13.7495514,93.15625,37.366641103648874,0.0,6.4270782627499985,6.42708,410.849219,219.53918,1.296174923844892,1.2833415087573188,2.459934500144043,0.020456035515195,40.651488888888885,36.58634,0.0,,24.53999999999997
622.0,13.4,34.6,707.5,0.0,0.0,0.0,27.0,20.0,26.0,24.0,25.0,25.0,24.0,24.0,24.0,24.4795,25.0,38.0,1233.806111111111,4441702.0,0.0,0.0,4.91319444444444,3.93055555555556,3.68489583333333,25.0,1822.1,1794.8,1359.3,1297.6,0.0,7456.0,0.0,0.0,705.0,2307.0,3.68,11.0,3.68,78.0,0.0,1233.80611111111,0.0,47.5,27.0,27.0,22.5,58.0,28.5,27.5,27.0,28.5,29.0,27.0,27.0,95.0,0.2800000000000295,90.0,24.5,13.808,708.6,24.82,13.929,28.0,0.7000000000000001,3.0,0.0,0.0,0.0,22.0,179.0,0.0,28.0,1.0,0.0,825.6,0.0,0.0,0.6000000000000001,9.0,0.0,30.0,0.0,28.0,27.0,350.0,825.6,-50.0,0.0,0.0,0.0,0.0,400.0,0.0,0.0,0.0,0.0,0.0,0.0,46.5,706.3000000000001,4.443,64.59878250000001,13.7495514,93.15625,37.55399192354366,0.0,6.48036864997222,6.48037,410.902509,219.59247,1.309969074353067,1.2969990835178882,3.7582466962152,0.0136575747605694,26.608152173913048,24.4795,0.0,,24.53999999999997
623.0,13.4,34.6,707.5,0.0,0.0,0.0,27.0,20.0,26.0,24.0,25.0,25.0,24.0,24.0,24.0,24.4795,25.0,38.0,1233.806111111111,4441702.0,0.0,0.0,4.91319444444444,3.93055555555556,3.68489583333333,25.0,1822.1,1794.8,1359.3,1297.6,0.0,7456.0,0.0,0.0,705.0,2307.0,3.68,11.0,3.68,78.0,0.0,1233.80611111111,0.0,47.5,27.0,27.0,22.5,58.0,28.5,27.5,27.0,28.5,29.0,27.0,27.0,95.0,0.1000000000000227,90.0,24.5,13.806,710.3000000000001,25.47,13.926,28.0,9.9,3.0,0.0,0.0,0.0,22.0,179.0,0.0,28.0,1.0,0.0,825.6,0.0,0.0,0.6000000000000001,9.0,0.0,30.0,0.0,28.0,27.0,350.0,825.6,-50.0,0.0,0.0,0.0,0.0,400.0,0.0,0.0,0.0,0.0,0.0,0.0,46.5,706.3000000000001,4.443,57.4699675,13.7612706,92.0,37.55399192354366,0.0,6.48036864997222,6.48037,410.902509,219.59247,1.309969074353067,1.2969990835178882,3.7582466962152,0.0136575747605694,26.608152173913048,24.4795,0.0,,25.369999999999976
624.0,13.3,26.8,708.2,0.0,0.0,0.0,27.0,20.0,26.0,24.0,25.0,25.0,24.0,24.0,24.0,18.97976,25.0,38.0,1233.8069444444443,4441705.0,0.0,0.0,4.91805555555556,3.93444444444444,3.68854166666667,25.0,1822.1,1794.9,1359.3,1297.6,0.0,7524.0,0.0,0.0,706.0,2307.0,3.68,9.0,3.68,77.0,0.0,1233.80694444444,0.0,47.5,27.0,27.0,22.5,58.0,28.5,27.5,27.0,28.5,29.0,27.0,27.0,95.0,0.1000000000000227,90.0,24.5,13.806,710.3000000000001,25.47,13.926,28.0,9.9,3.0,0.0,0.0,0.0,22.0,179.0,0.0,28.0,1.0,0.0,825.6,0.0,0.0,0.6000000000000001,9.0,0.0,30.0,0.0,28.0,27.0,350.0,825.6,-50.0,0.0,0.0,0.0,0.0,400.0,0.0,0.0,0.0,0.0,0.0,0.0,46.5,708.0,4.443,57.4699675,13.7612706,92.0,37.74116382006811,0.0,6.533956376638887,6.533958,410.956097,219.646058,1.3208332587141152,1.3077557016971435,5.005331995768122,0.0107566181792555,19.978694736842108,18.97976,0.0,,25.369999999999976
625.0,13.3,26.8,708.2,0.0,0.0,0.0,27.0,20.0,26.0,24.0,25.0,25.0,24.0,24.0,24.0,18.97976,25.0,38.0,1233.8069444444443,4441705.0,0.0,0.0,4.91805555555556,3.93444444444444,3.68854166666667,25.0,1822.1,1794.9,1359.3,1297.6,0.0,7524.0,0.0,0.0,706.0,2307.0,3.68,9.0,3.68,77.0,0.0,1233.80694444444,0.0,47.5,27.0,27.0,22.5,58.0,28.5,27.5,27.0,28.5,29.0,27.0,27.0,95.0,0.3100000000000023,90.0,24.5,13.808,711.4000000000001,24.39,13.941,28.0,14.3,3.0,0.0,0.0,0.0,22.0,179.0,0.0,28.0,1.0,0.0,825.6,0.0,0.0,0.6000000000000001,9.0,0.0,30.0,0.0,28.0,27.0,350.0,825.6,-50.0,0.0,0.0,0.0,0.0,400.0,0.0,0.0,0.0,0.0,0.0,0.0,46.5,708.0,4.443,52.489562500000005,13.7495514,92.0,37.74116382006811,0.0,6.533956376638887,6.533958,410.956097,219.646058,1.3208332587141152,1.3077557016971435,5.005331995768122,0.0107566181792555,19.978694736842108,18.97976,0.0,,24.08
626.0,13.3,6.0,710.1,0.0,0.0,0.0,27.0,20.0,26.0,24.0,25.0,25.0,24.0,24.0,24.0,4.2606,25.0,38.0,1233.8075,4441707.0,0.0,0.0,4.93125,3.945,3.6984375,25.0,1822.1,1794.9,1359.3,1297.6,0.0,7500.0,0.0,0.0,708.0,2307.0,3.7,9.0,3.68,77.0,0.0,1233.8075,0.0,47.5,27.0,27.0,22.5,58.0,28.5,27.5,27.0,28.5,29.0,27.0,27.0,95.0,0.3100000000000023,90.0,24.5,13.808,711.4000000000001,24.39,13.941,28.0,14.3,3.0,0.0,0.0,0.0,22.0,179.0,0.0,28.0,1.0,0.0,825.6,0.0,0.0,0.6000000000000001,9.0,0.0,30.0,0.0,28.0,27.0,350.0,825.6,-50.0,0.0,0.0,0.0,0.0,400.0,0.0,0.0,0.0,0.0,0.0,0.0,46.5,710.3000000000001,4.443,52.489562500000005,13.7495514,92.0,37.74116382006811,0.0,6.533956376638887,6.533958,410.956097,219.646058,1.3233450958784598,1.3102426691865938,22.297329014692764,0.00248696748945,4.484842105263159,4.2606,0.0,,24.08
627.0,13.3,6.0,710.1,0.0,0.0,0.0,27.0,20.0,26.0,24.0,25.0,25.0,24.0,24.0,24.0,4.2606,25.0,38.0,1233.8075,4441707.0,0.0,0.0,4.93125,3.945,3.6984375,25.0,1822.1,1794.9,1359.3,1297.6,0.0,7500.0,0.0,0.0,708.0,2307.0,3.7,9.0,3.68,77.0,0.0,1233.8075,0.0,47.5,27.0,27.0,22.5,58.0,28.5,27.5,27.0,28.5,29.0,27.0,27.0,95.0,0.1399999999999863,90.0,24.5,13.806,714.5,25.04,13.925,28.0,14.5,3.0,0.0,0.0,0.0,22.0,179.0,0.0,28.0,1.0,0.0,825.6,0.0,0.0,0.6000000000000001,9.0,0.0,30.0,0.0,28.0,27.0,350.0,825.6,-50.0,0.0,0.0,0.0,0.0,400.0,0.0,0.0,0.0,0.0,0.0,0.0,46.5,710.3000000000001,4.443,41.1615825,13.760294,92.0,37.93437858186552,0.0,6.589642925111109,6.589645,411.011784,219.701745,1.3233450958784598,1.3102426691865938,22.297329014692764,0.00248696748945,4.484842105263159,4.2606,0.0,0.0173502716255909,24.900000000000013
628.0,13.3,1.5,710.9,0.0,0.0,0.0,27.0,20.0,26.0,24.0,25.0,25.0,24.0,24.0,24.0,1.06635,25.0,38.0,1233.8080555555557,4441709.0,0.0,0.0,4.93680555555556,3.94944444444444,3.70260416666667,25.0,1822.1,1794.9,1359.3,1297.6,0.0,7326.0,0.0,0.0,709.0,2298.0,3.7,9.0,3.7,77.0,0.0,1233.80805555556,0.0,47.5,27.0,27.0,22.5,58.0,28.5,27.5,27.0,28.5,29.0,27.0,27.0,95.0,0.1399999999999863,90.0,24.5,13.806,714.5,25.04,13.925,28.0,14.5,3.0,0.0,0.0,0.0,22.0,179.0,0.0,28.0,1.0,0.0,825.6,0.0,0.0,0.6000000000000001,9.0,0.0,30.0,0.0,28.0,27.0,350.0,825.6,-50.0,0.0,0.0,0.0,0.0,400.0,0.0,0.0,0.0,0.0,0.0,0.0,46.5,712.5,4.442,41.1615825,13.760294,92.0,37.93437858186552,0.0,6.589642925111109,6.589645,411.011784,219.701745,1.3239470565242497,1.3108386698259895,89.08894828152111,0.0005960006393958,1.1224736842105258,1.06635,0.0,0.0173502716255909,24.900000000000013
629.0,13.3,1.5,710.9,0.0,0.0,0.0,27.0,20.0,26.0,24.0,25.0,25.0,24.0,24.0,24.0,1.06635,25.0,38.0,1233.8080555555557,4441709.0,0.0,0.0,4.93680555555556,3.94944444444444,3.70260416666667,25.0,1822.1,1794.9,1359.3,1297.6,0.0,7326.0,0.0,0.0,709.0,2298.0,3.7,9.0,3.7,77.0,0.0,1233.80805555556,0.0,47.5,27.0,27.0,22.5,58.0,28.5,27.5,27.0,28.5,29.0,27.0,27.0,93.0,0.3799999999999954,90.0,24.5,13.79,712.7,24.6,13.943,28.0,0.6000000000000001,3.0,0.0,0.0,0.0,22.0,179.0,0.0,28.0,1.0,0.0,825.6,0.0,0.0,0.6000000000000001,9.0,0.0,30.0,0.0,28.0,27.0,350.0,825.6,-50.0,0.0,0.0,0.0,0.0,400.0,0.0,0.0,0.0,0.0,0.0,0.0,46.5,712.5,4.442,53.31963,13.760294,92.984375,38.1104682171718,0.0,6.641469931527776,6.641472,411.063611,219.753572,1.3239470565242497,1.3108386698259895,89.08894828152111,0.0005960006393958,1.1224736842105258,1.06635,0.0,0.0034706054756349,24.220000000000006
630.0,13.4,15.6,709.7,0.0,0.0,0.0,27.0,20.0,26.0,24.0,25.0,25.0,24.0,24.0,24.0,11.07132,25.0,38.0,1233.808611111111,4441711.0,0.0,0.0,4.92847222222222,3.94277777777778,3.69635416666667,25.0,1822.1,1794.9,1359.3,1297.6,0.0,7319.0,0.0,0.0,708.0,2298.0,3.68,9.0,3.68,49.0,0.0,1233.80861111111,0.0,47.5,27.0,27.0,22.5,58.0,28.5,27.5,27.0,28.5,29.0,27.0,27.0,93.0,0.3799999999999954,90.0,24.5,13.79,712.7,24.6,13.943,28.0,0.6000000000000001,3.0,0.0,0.0,0.0,22.0,179.0,0.0,28.0,1.0,0.0,825.6,0.0,0.0,0.6000000000000001,9.0,0.0,30.0,0.0,28.0,27.0,350.0,825.6,-50.0,0.0,0.0,0.0,0.0,400.0,0.0,0.0,0.0,0.0,0.0,0.0,46.5,709.6,4.443,53.31963,13.760294,92.984375,38.1104682171718,0.0,6.641469931527776,6.641472,411.063611,219.753572,1.330182152956165,1.3170120326298664,8.400082375001354,0.0061733628038766,11.904645161290322,11.07132,0.0,0.0034706054756349,24.220000000000006
631.0,13.4,15.6,709.7,0.0,0.0,0.0,27.0,20.0,26.0,24.0,25.0,25.0,24.0,24.0,24.0,11.07132,25.0,38.0,1233.808611111111,4441711.0,0.0,0.0,4.92847222222222,3.94277777777778,3.69635416666667,25.0,1822.1,1794.9,1359.3,1297.6,0.0,7319.0,0.0,0.0,708.0,2298.0,3.68,9.0,3.68,49.0,0.0,1233.80861111111,0.0,47.5,27.0,27.0,22.5,58.0,28.5,27.5,27.0,28.5,29.0,27.0,27.0,93.0,0.25,90.0,24.5,13.807,715.1,24.65,13.923,28.0,-11.2,3.0,0.0,0.0,0.0,22.0,179.0,0.0,28.0,1.0,0.0,825.6,0.0,0.0,0.6000000000000001,9.0,0.0,30.0,0.0,28.0,27.0,350.0,825.6,-50.0,0.0,0.0,0.0,0.0,400.0,0.0,0.0,0.0,0.0,0.0,0.0,46.5,709.6,4.443,39.84324,13.740762,92.59375,38.28504558496008,0.0,6.693181150361109,6.693183,411.115322,219.805283,1.330182152956165,1.3170120326298664,8.400082375001354,0.0061733628038766,11.904645161290322,11.07132,0.0,-0.0069501477960696,24.4
632.0,13.3,-29.3,714.0,0.0,0.0,0.0,27.0,20.0,26.0,24.0,25.0,25.0,24.0,24.0,24.0,-20.9202,25.0,38.0,1233.809166666667,4441713.0,0.0,0.0,4.95833333333333,3.96666666666667,3.71875,25.0,1822.1,1794.9,1359.4,1297.6,0.0,7131.0,0.0,0.0,712.0,2298.0,3.72,9.0,3.7,40.0,0.0,1233.80916666667,0.0,47.5,27.0,27.0,22.5,58.0,28.5,27.5,27.0,28.5,29.0,27.0,27.0,93.0,0.25,90.0,24.5,13.807,715.1,24.65,13.923,28.0,-11.2,3.0,0.0,0.0,0.0,22.0,179.0,0.0,28.0,1.0,0.0,825.6,0.0,0.0,0.6000000000000001,9.0,0.0,30.0,0.0,28.0,27.0,350.0,825.6,-50.0,0.0,0.0,0.0,0.0,400.0,0.0,0.0,0.0,0.0,0.0,0.0,46.5,713.4000000000001,4.443,39.84324,13.740762,92.59375,38.28504558496008,0.0,6.693181150361109,6.693183,411.115322,219.805283,1.318551925559697,1.3054969559996998,-4.44546419250294,-0.0115150766301666,-22.494838709677417,-20.9202,0.0,-0.0069501477960696,24.4
633.0,13.3,-29.3,714.0,0.0,0.0,0.0,27.0,20.0,26.0,24.0,25.0,25.0,24.0,24.0,24.0,-20.9202,25.0,38.0,1233.809166666667,4441713.0,0.0,0.0,4.95833333333333,3.96666666666667,3.71875,25.0,1822.1,1794.9,1359.4,1297.6,0.0,7131.0,0.0,0.0,712.0,2298.0,3.72,9.0,3.7,40.0,0.0,1233.80916666667,0.0,47.5,27.0,27.0,22.5,58.0,28.5,27.5,27.5,28.5,29.0,27.0,27.0,89.0,0.1999999999999886,90.0,24.5,13.79,715.6,24.73,13.941,28.0,0.8,3.0,0.0,0.0,0.0,22.0,179.0,0.0,28.0,1.0,0.0,825.6,0.0,0.0,0.6000000000000001,9.0,0.0,30.0,0.0,28.0,27.0,350.0,825.6,-50.0,0.0,0.0,0.0,0.0,400.0,0.0,0.0,0.0,0.0,0.0,0.0,46.5,713.4000000000001,4.443,46.972055,13.760294,89.375,38.44499553823929,0.0,6.742409285249998,6.742411,411.16455,219.854511,1.318551925559697,1.3054969559996998,-4.44546419250294,-0.0115150766301666,-22.494838709677417,-20.9202,0.0,-0.0209595769706844,24.530000000000012
634.0,13.3,6.9,710.8,0.0,0.0,0.0,27.0,20.0,26.0,24.0,25.0,25.0,24.0,24.0,24.0,4.90452,25.0,38.0,1233.8097222222225,4441715.0,0.0,0.0,4.93611111111111,3.94888888888889,3.70208333333333,25.0,1822.1,1794.9,1359.4,1297.6,0.0,7017.0,0.0,0.0,709.0,2298.0,3.7,9.0,3.7,78.0,0.0,1233.80972222222,0.0,47.5,27.0,27.0,22.5,58.0,28.5,27.5,27.5,28.5,29.0,27.0,27.0,89.0,0.1999999999999886,90.0,24.5,13.79,715.6,24.73,13.941,28.0,0.8,3.0,0.0,0.0,0.0,22.0,179.0,0.0,28.0,1.0,0.0,825.6,0.0,0.0,0.6000000000000001,9.0,0.0,30.0,0.0,28.0,27.0,350.0,825.6,-50.0,0.0,0.0,0.0,0.0,400.0,0.0,0.0,0.0,0.0,0.0,0.0,46.5,711.4000000000001,4.443,46.972055,13.760294,89.375,38.44499553823929,0.0,6.742409285249998,6.742411,411.16455,219.854511,1.3212723580703971,1.3081904535350466,18.146526061673725,0.0026934975353466,5.5106966292134825,4.90452,0.0,-0.0209595769706844,24.530000000000012
635.0,13.3,6.9,710.8,0.0,0.0,0.0,27.0,20.0,26.0,24.0,25.0,25.0,24.0,24.0,24.0,4.90452,25.0,38.0,1233.8097222222225,4441715.0,0.0,0.0,4.93611111111111,3.94888888888889,3.70208333333333,25.0,1822.1,1794.9,1359.4,1297.6,0.0,7017.0,0.0,0.0,709.0,2298.0,3.7,9.0,3.7,78.0,0.0,1233.80972222222,0.0,47.5,27.0,27.0,22.5,58.0,28.5,27.5,27.5,28.5,29.0,27.0,27.0,89.0,0.2599999999999909,90.0,24.5,13.806,715.1,24.87,13.941,28.0,17.900000000000002,3.0,0.0,0.0,0.0,22.0,179.0,0.0,27.0,1.0,0.0,825.6,0.0,0.0,0.6000000000000001,9.0,0.0,30.0,0.0,27.0,27.0,350.0,825.6,-50.0,0.0,0.0,0.0,0.0,400.0,0.0,0.0,0.0,0.0,0.0,0.0,46.5,711.4000000000001,4.443,44.4818525,13.740762,88.53125,38.60483247840667,0.0,6.791914798527776,6.791917,411.214056,219.904017,1.3212723580703971,1.3081904535350466,18.146526061673725,0.0026934975353466,5.5106966292134825,4.90452,0.0,-0.0212225445001695,24.61000000000001
636.0,13.3,-19.9,713.3,0.0,0.0,0.0,27.0,20.0,26.0,24.0,25.0,25.0,24.0,24.0,24.0,-14.19467,25.0,38.0,1233.810277777778,4441717.0,0.0,0.0,4.95347222222222,3.96277777777778,3.71510416666667,25.0,1822.1,1794.9,1359.4,1297.6,0.0,6835.0,0.0,0.0,711.0,2298.0,3.7,9.0,3.7,13.0,0.0,1233.81027777778,0.0,47.5,27.0,27.0,22.5,58.0,28.5,27.5,27.5,28.5,29.0,27.0,27.0,89.0,0.2599999999999909,90.0,24.5,13.806,715.1,24.87,13.941,28.0,17.900000000000002,3.0,0.0,0.0,0.0,22.0,179.0,0.0,27.0,1.0,0.0,825.6,0.0,0.0,0.6000000000000001,9.0,0.0,30.0,0.0,27.0,27.0,350.0,825.6,-50.0,0.0,0.0,0.0,0.0,400.0,0.0,0.0,0.0,0.0,0.0,0.0,46.5,713.4000000000001,4.443,44.4818525,13.740762,88.53125,38.60483247840667,0.0,6.791914798527776,6.791917,411.214056,219.904017,1.313264291954939,1.30026167520291,-6.269959076188457,-0.0079287783321366,-15.949067415730337,-14.19467,0.0,-0.0212225445001695,24.61000000000001
637.0,13.3,-19.9,713.3,0.0,0.0,0.0,27.0,20.0,26.0,24.0,25.0,25.0,24.0,24.0,24.0,-14.19467,25.0,38.0,1233.810277777778,4441717.0,0.0,0.0,4.95347222222222,3.96277777777778,3.71510416666667,25.0,1822.1,1794.9,1359.4,1297.6,0.0,6835.0,0.0,0.0,711.0,2298.0,3.7,9.0,3.7,13.0,0.0,1233.81027777778,0.0,47.5,27.0,27.0,22.5,58.0,28.5,27.5,27.5,28.5,29.0,27.0,27.0,86.0,0.0,90.0,24.5,13.791,716.4000000000001,24.51,13.923,28.0,2.3000000000000003,3.0,0.0,0.0,0.0,22.0,179.0,0.0,28.0,1.0,0.0,825.6,0.0,0.0,0.6000000000000001,9.0,0.0,30.0,0.0,28.0,27.0,350.0,825.6,-50.0,0.0,0.0,0.0,0.0,400.0,0.0,0.0,0.0,0.0,0.0,0.0,46.5,713.4000000000001,4.443,39.6967575,13.7612706,85.78125,38.753229744530934,0.0,6.839437681861109,6.83944,411.261579,219.95154,1.313264291954939,1.30026167520291,-6.269959076188457,-0.0079287783321366,-15.949067415730337,-14.19467,0.0,-0.0248425581347006,24.51
638.0,13.3,-14.5,713.1,0.0,0.0,0.0,27.0,20.0,26.0,24.0,25.0,25.0,24.0,24.0,24.0,-10.33995,25.0,38.0,1233.8108333333332,4441719.0,0.0,0.0,4.95208333333333,3.96166666666667,3.7140625,25.0,1822.1,1794.9,1359.4,1297.6,0.0,6654.0,0.0,0.0,711.0,2298.0,3.7,9.0,3.7,85.0,0.0,1233.81083333333,0.0,47.5,27.0,27.0,22.5,58.0,28.5,27.5,27.5,28.5,29.0,27.0,27.0,84.0,0.0,90.0,24.5,13.791,716.4000000000001,24.51,13.923,28.0,2.3000000000000003,3.0,0.0,0.0,0.0,22.0,179.0,0.0,28.0,1.0,0.0,825.6,0.0,0.0,0.6000000000000001,9.0,0.0,30.0,0.0,28.0,27.0,350.0,825.6,-50.0,0.0,0.0,0.0,0.0,400.0,0.0,0.0,0.0,0.0,0.0,0.0,46.5,713.1,4.443,39.6967575,13.7612706,85.78125,38.89144230942403,0.0,6.884861157861109,6.884863,411.307002,219.996963,1.3076092356062716,1.29466260951116,-8.317254919027656,-0.00559906569175,-12.023197674418604,-10.33995,0.0,-0.0321577867020545,24.51
639.0,13.3,-14.5,713.1,0.0,0.0,0.0,27.0,20.0,26.0,24.0,25.0,25.0,24.0,24.0,24.0,-10.33995,25.0,38.0,1233.8108333333332,4441719.0,0.0,0.0,4.95208333333333,3.96166666666667,3.7140625,25.0,1822.1,1794.9,1359.4,1297.6,0.0,6654.0,0.0,0.0,711.0,2298.0,3.7,9.0,3.7,85.0,0.0,1233.81083333333,0.0,47.5,27.0,27.0,22.5,58.0,28.5,27.5,27.5,28.5,29.0,27.0,27.0,84.0,0.3700000000000045,90.0,24.5,13.807,715.4000000000001,24.96,13.952,28.0,-7.300000000000001,3.0,0.0,0.0,0.0,22.0,179.0,0.0,28.0,1.0,0.0,825.6,0.0,0.0,0.6000000000000001,9.0,0.0,30.0,0.0,28.0,27.0,350.0,825.6,-50.0,0.0,0.0,0.0,0.0,400.0,0.0,0.0,0.0,0.0,0.0,0.0,46.5,713.1,4.443,37.206555,13.7612706,80.0,38.89144230942403,0.0,6.884861157861109,6.884863,411.307002,219.996963,1.3076092356062716,1.29466260951116,-8.317254919027656,-0.00559906569175,-12.023197674418604,-10.33995,0.0,-0.0321577867020545,24.589999999999996
640.0,13.3,-20.7,713.7,0.0,0.0,0.0,27.0,20.0,26.0,24.0,25.0,25.0,24.0,24.0,24.0,-14.77359,25.0,38.0,1233.8113888888888,4441721.0,0.0,0.0,4.95625,3.965,3.7171875,25.0,1822.1,1794.9,1359.4,1297.6,0.0,6443.0,0.0,0.0,712.0,2298.0,3.72,9.0,3.7,77.0,0.0,1233.81138888889,0.0,47.5,27.0,27.0,22.5,58.0,28.5,27.5,27.5,28.5,29.0,27.0,27.0,81.0,0.3700000000000045,90.0,24.5,13.807,715.4000000000001,24.96,13.952,28.0,-7.300000000000001,3.0,0.0,0.0,0.0,22.0,179.0,0.0,28.0,1.0,0.0,825.6,0.0,0.0,0.6000000000000001,9.0,0.0,30.0,0.0,28.0,27.0,350.0,825.6,-50.0,0.0,0.0,0.0,0.0,400.0,0.0,0.0,0.0,0.0,0.0,0.0,46.5,713.9000000000001,4.443,37.206555,13.7612706,80.0,39.02187664338885,0.0,6.929416015611109,6.929418,411.351557,220.041518,1.2994009823136234,1.2865356260530925,-5.6858217941610665,-0.0081269834580675,-17.587607142857145,-14.77359,0.0,-0.0286086166601617,24.589999999999996
641.0,13.3,-20.7,713.7,0.0,0.0,0.0,27.0,20.0,26.0,24.0,25.0,25.0,24.0,24.0,24.0,-14.77359,25.0,38.0,1233.8113888888888,4441721.0,0.0,0.0,4.95625,3.965,3.7171875,25.0,1822.1,1794.9,1359.4,1297.6,0.0,6443.0,0.0,0.0,712.0,2298.0,3.72,9.0,3.7,77.0,0.0,1233.81138888889,0.0,47.5,27.0,27.0,22.5,58.0,28.5,27.5,27.5,28.5,29.0,27.0,27.0,81.0,0.2400000000000091,90.0,24.5,13.807,717.3000000000001,24.58,13.923,28.0,5.2,3.0,0.0,0.0,0.0,22.0,179.0,0.0,28.0,1.0,0.0,825.6,0.0,0.0,0.6000000000000001,9.0,0.0,30.0,0.0,28.0,27.0,350.0,825.6,-50.0,0.0,0.0,0.0,0.0,400.0,0.0,0.0,0.0,0.0,0.0,0.0,46.5,713.9000000000001,4.443,31.200772500000003,13.7495514,80.4375,39.02187664338885,0.0,6.929416015611109,6.929418,411.351557,220.041518,1.2994009823136234,1.2865356260530925,-5.6858217941610665,-0.0081269834580675,-17.587607142857145,-14.77359,0.0,-0.0286086166601617,24.33999999999999
642.0,13.4,-42.6,715.7,0.0,0.0,0.0,27.0,20.0,26.0,24.0,25.0,25.0,24.0,24.0,24.0,-30.48882,25.0,38.0,1233.8116666666667,4441722.0,0.0,0.0,4.97013888888889,3.97611111111111,3.72760416666667,25.0,1822.1,1794.9,1359.4,1297.6,0.0,6069.0,0.0,0.0,714.0,2298.0,3.72,20.0,3.72,40.0,0.0,1233.81166666667,0.0,48.0,27.0,27.0,22.5,58.0,28.5,27.5,27.5,28.5,29.0,27.0,27.0,76.0,0.2400000000000091,90.0,24.5,13.807,717.3000000000001,24.58,13.923,28.0,5.2,3.0,0.0,0.0,0.0,22.0,179.0,0.0,28.0,1.0,0.0,825.6,0.0,0.0,0.6000000000000001,9.0,0.0,30.0,0.0,28.0,27.0,350.0,825.6,-50.0,0.0,0.0,0.0,0.0,400.0,0.0,0.0,0.0,0.0,0.0,0.0,46.5,715.4000000000001,4.444,31.200772500000003,13.7495514,80.4375,39.13444952419265,0.0,6.970627203499998,6.970629,411.392768,220.082729,1.2827277358517797,1.2700274612393858,-2.6567115421324923,-0.0165081648137066,-37.640518518518526,-30.488820000000004,0.0,-0.0468464104358739,24.33999999999999
643.0,13.4,-42.6,715.7,0.0,0.0,0.0,27.0,20.0,26.0,24.0,25.0,25.0,24.0,24.0,24.0,-30.48882,25.0,38.0,1233.8116666666667,4441722.0,0.0,0.0,4.97013888888889,3.97611111111111,3.72760416666667,25.0,1822.1,1794.9,1359.4,1297.6,0.0,6069.0,0.0,0.0,714.0,2298.0,3.72,20.0,3.72,40.0,0.0,1233.81166666667,0.0,48.0,27.0,27.0,22.5,58.0,28.5,27.5,27.5,28.5,29.0,27.0,27.0,76.0,0.2900000000000204,90.0,24.5,13.763,719.5,29.79,13.952,28.0,18.6,3.0,0.0,0.0,0.0,22.0,179.0,0.0,28.0,1.0,0.0,825.6,0.0,0.0,0.6000000000000001,9.0,0.0,30.0,0.0,28.0,27.0,350.0,825.6,-50.0,0.0,0.0,0.0,0.0,400.0,0.0,0.0,0.0,0.0,0.0,0.0,46.5,715.4000000000001,4.444,25.0485075,13.7397854,72.0,39.13444952419265,0.0,6.970627203499998,6.970629,411.392768,220.082729,1.2827277358517797,1.2700274612393858,-2.6567115421324923,-0.0165081648137066,-37.640518518518526,-30.488820000000004,0.0,-0.0468464104358739,29.49999999999998
644.0,13.4,-16.4,714.1,0.0,0.0,0.0,27.0,20.0,26.0,24.0,25.0,25.0,24.0,24.0,24.0,-11.71124,25.0,38.0,1233.8122222222223,4441724.0,0.0,0.0,4.95902777777778,3.96722222222222,3.71927083333333,25.0,1822.2,1794.9,1359.4,1297.6,0.0,5655.0,0.0,0.0,712.0,2298.0,3.72,9.0,3.7,181.0,0.0,1233.81222222222,0.0,48.0,27.0,27.0,22.5,58.0,28.5,27.5,27.5,28.5,29.0,27.0,27.0,71.0,0.2900000000000204,90.0,24.5,13.763,719.5,29.79,13.952,28.0,18.6,3.0,0.0,0.0,0.0,22.0,179.0,0.0,28.0,1.0,0.0,825.6,0.0,0.0,0.6000000000000001,9.0,0.0,30.0,0.0,28.0,27.0,350.0,825.6,-50.0,0.0,0.0,0.0,0.0,400.0,0.0,0.0,0.0,0.0,0.0,0.0,46.5,714.3000000000001,4.444,25.0485075,13.7397854,72.0,39.23556681225853,0.0,7.010885489388887,7.010887,411.433026,220.122987,1.2760151990923654,1.2633813852399658,-6.489492146006743,-0.0066460759994199,-15.40952631578947,-11.71124,0.0,-0.0536476671199077,29.49999999999998
645.0,13.4,-16.4,714.1,0.0,0.0,0.0,27.0,20.0,26.0,24.0,25.0,25.0,24.0,24.0,24.0,-11.71124,25.0,38.0,1233.8122222222223,4441724.0,0.0,0.0,4.95902777777778,3.96722222222222,3.71927083333333,25.0,1822.2,1794.9,1359.4,1297.6,0.0,5655.0,0.0,0.0,712.0,2298.0,3.72,9.0,3.7,181.0,0.0,1233.81222222222,0.0,48.0,27.0,27.0,22.5,58.0,28.5,27.5,27.5,28.5,29.0,27.0,27.0,71.0,0.2400000000000091,90.0,24.5,13.807,715.8000000000001,24.7,13.949,28.0,-8.9,3.0,0.0,0.0,0.0,22.0,179.0,0.0,28.0,1.0,0.0,825.6,0.0,0.0,0.6000000000000001,9.0,0.0,30.0,0.0,28.0,27.0,350.0,825.6,-50.0,0.0,0.0,0.0,0.0,400.0,0.0,0.0,0.0,0.0,0.0,0.0,46.5,714.3000000000001,4.444,33.2027,13.740762,68.0,39.23556681225853,0.0,7.010885489388887,7.010887,411.433026,220.122987,1.2760151990923654,1.2633813852399658,-6.489492146006743,-0.0066460759994199,-15.40952631578947,-11.71124,0.0,-0.0536476671199077,24.45999999999999
646.0,13.4,-37.2,715.9,0.0,0.0,0.0,27.0,20.0,26.0,24.0,25.0,25.0,24.0,24.0,24.0,-26.63148,25.0,38.0,1233.8130555555556,4441727.0,0.0,0.0,4.97152777777778,3.97722222222222,3.72864583333333,25.0,1822.2,1794.9,1359.4,1297.6,0.0,5328.0,0.0,0.0,714.0,2298.0,3.72,9.0,3.72,77.0,0.0,1233.81305555556,0.0,48.0,27.0,27.0,22.5,58.0,28.5,27.5,27.5,28.5,29.0,27.0,27.0,66.0,0.2400000000000091,90.0,24.5,13.807,715.8000000000001,24.7,13.949,28.0,-8.9,3.0,0.0,0.0,0.0,22.0,179.0,0.0,28.0,1.0,0.0,825.6,0.0,0.0,0.6000000000000001,9.0,0.0,30.0,0.0,28.0,27.0,350.0,825.6,-50.0,0.0,0.0,0.0,0.0,400.0,0.0,0.0,0.0,0.0,0.0,0.0,46.5,715.2,4.443,33.2027,13.740762,68.0,39.31969841640544,0.0,7.0480737027222204,7.048075,411.470214,220.160175,1.2610305780755473,1.2485451268074723,-2.666017810500956,-0.0148362584324933,-37.50912676056338,-26.63148,0.0,-0.0637038983540796,24.45999999999999
647.0,13.4,-37.2,715.9,0.0,0.0,0.0,27.0,20.0,26.0,24.0,25.0,25.0,24.0,24.0,24.0,-26.63148,25.0,38.0,1233.8130555555556,4441727.0,0.0,0.0,4.97152777777778,3.97722222222222,3.72864583333333,25.0,1822.2,1794.9,1359.4,1297.6,0.0,5328.0,0.0,0.0,714.0,2298.0,3.72,9.0,3.72,77.0,0.0,1233.81305555556,0.0,48.0,27.0,27.0,22.5,58.0,28.5,27.5,27.5,28.5,29.0,27.0,27.0,66.0,-0.2099999999999795,90.0,24.5,13.772,720.1,31.73,13.951,28.0,-28.3,3.0,0.0,0.0,0.0,22.0,179.0,0.0,28.0,1.0,0.0,825.6,0.0,0.0,0.6000000000000001,9.0,0.0,30.0,0.0,28.0,27.0,350.0,825.6,-50.0,0.0,0.0,0.0,0.0,400.0,0.0,0.0,0.0,0.0,0.0,0.0,46.5,715.2,4.443,15.5759725,13.740762,64.6875,39.31969841640544,0.0,7.0480737027222204,7.048075,411.470214,220.160175,1.2610305780755473,1.2485451268074723,-2.666017810500956,-0.0148362584324933,-37.50912676056338,-26.63148,0.0,-0.0637038983540796,31.93999999999998
648.0,13.3,-79.1,719.9,0.0,0.0,0.0,27.0,20.0,26.0,24.0,25.0,25.0,24.0,24.0,24.0,-56.94409,25.0,38.0,1233.8136111111112,4441729.0,0.0,0.0,4.99930555555556,3.99944444444444,3.74947916666667,25.0,1822.2,1794.9,1359.4,1297.6,0.0,4507.0,0.0,0.0,718.0,2302.0,3.74,24.0,3.74,40.0,0.0,1233.81361111111,0.0,48.0,27.0,27.0,22.5,58.0,28.5,27.5,27.5,28.5,29.0,27.0,27.0,55.0,-0.2099999999999795,90.0,24.5,13.772,720.1,31.73,13.951,28.0,-28.3,3.0,0.0,0.0,0.0,22.0,179.0,0.0,28.0,1.0,0.0,825.6,0.0,0.0,0.6000000000000001,9.0,0.0,30.0,0.0,28.0,27.0,350.0,825.6,-50.0,0.0,0.0,0.0,0.0,400.0,0.0,0.0,0.0,0.0,0.0,0.0,46.5,718.9000000000001,4.443,15.5759725,13.740762,64.6875,39.36792165050257,0.0,7.078486933555554,7.078488,411.500627,220.190588,1.2288910872065444,1.2167238487193508,-1.159031604508914,-0.0318212780881216,-86.27892424242424,-56.94409,0.0,-0.0919423272002612,31.93999999999998
649.0,13.3,-79.1,719.9,0.0,0.0,0.0,27.0,20.0,26.0,24.0,25.0,25.0,24.0,24.0,24.0,-56.94409,25.0,38.0,1233.8136111111112,4441729.0,0.0,0.0,4.99930555555556,3.99944444444444,3.74947916666667,25.0,1822.2,1794.9,1359.4,1297.6,0.0,4507.0,0.0,0.0,718.0,2302.0,3.74,24.0,3.74,40.0,0.0,1233.81361111111,0.0,48.0,27.0,27.0,22.5,58.0,28.5,27.5,27.5,28.5,29.0,27.0,27.0,55.0,0.4800000000000182,90.0,24.5,13.788,722.8000000000001,28.01,13.941,28.0,21.6,3.0,0.0,0.0,0.0,22.0,179.0,0.0,28.0,1.0,0.0,825.6,0.0,0.0,0.6000000000000001,9.0,0.0,30.0,0.0,28.0,28.0,350.0,825.6,-50.0,0.0,0.0,0.0,0.0,400.0,0.0,0.0,0.0,0.0,0.0,0.0,46.5,718.9000000000001,4.443,0.0,13.7295311,52.375,39.36792165050257,0.0,7.078486933555554,7.078488,411.500627,220.190588,1.2288910872065444,1.2167238487193508,-1.159031604508914,-0.0318212780881216,-86.27892424242424,-56.94409,0.0,-0.0919423272002612,27.529999999999983
650.0,13.3,-68.7,719.6,0.0,0.0,0.0,27.0,20.0,26.0,24.0,25.0,25.0,24.0,24.0,24.0,-49.43652,25.0,38.0,1233.8138888888889,4441730.0,0.0,0.0,4.99722222222222,3.99777777777778,3.74791666666667,25.0,1822.2,1794.9,1359.5,1297.6,0.0,3418.0,0.0,0.0,718.0,2302.0,3.74,33.0,3.74,13.0,0.0,1233.81388888889,0.0,48.0,27.0,27.0,22.5,58.0,28.5,27.5,27.5,28.5,29.0,27.0,27.0,40.0,0.4800000000000182,90.0,24.5,13.788,722.8000000000001,28.01,13.941,28.0,21.6,3.0,0.0,0.0,0.0,22.0,179.0,0.0,28.0,1.0,0.0,825.6,0.0,0.0,0.6000000000000001,9.0,0.0,30.0,0.0,28.0,28.0,350.0,825.6,-50.0,0.0,0.0,0.0,0.0,400.0,0.0,0.0,0.0,0.0,0.0,0.0,46.5,719.8000000000001,4.443,0.0,13.7295311,52.375,39.36978158539194,0.0,7.099712759111109,7.099714,411.521853,220.211814,1.202282993379792,1.1903792013661307,-1.112537856629067,-0.02634464735322,-89.88458181818181,-49.43652,0.0,-0.1278013871159185,27.529999999999983
651.0,13.3,-68.7,719.6,0.0,0.0,0.0,27.0,20.0,26.0,24.0,25.0,25.0,24.0,24.0,24.0,-49.43652,25.0,38.0,1233.8138888888889,4441730.0,0.0,0.0,4.99722222222222,3.99777777777778,3.74791666666667,25.0,1822.2,1794.9,1359.5,1297.6,0.0,3418.0,0.0,0.0,718.0,2302.0,3.74,33.0,3.74,13.0,0.0,1233.81388888889,0.0,48.0,27.0,27.0,22.5,58.0,28.5,27.5,27.5,28.5,29.0,27.0,27.0,40.0,0.2900000000000204,90.0,24.5,13.787,722.6,32.25,13.95,28.0,-2.7,3.0,0.0,0.0,0.0,22.0,179.0,0.0,28.0,1.0,0.0,825.6,0.0,0.0,0.6000000000000001,9.0,0.0,30.0,0.0,28.0,28.0,350.0,825.6,-50.0,0.0,0.0,0.0,0.0,400.0,0.0,0.0,0.0,0.0,0.0,0.0,46.5,719.8000000000001,4.443,0.0,13.760294,32.0,39.36978158539194,0.0,7.099712759111109,7.099714,411.521853,220.211814,1.202282993379792,1.1903792013661307,-1.112537856629067,-0.02634464735322,-89.88458181818181,-49.43652,0.0,-0.1278013871159185,31.95999999999998
652.0,13.3,-34.4,717.1,0.0,0.0,0.0,27.0,20.0,26.0,24.0,25.0,25.0,24.0,24.0,24.0,-24.66824,25.0,38.0,1233.8144444444445,4441732.0,0.0,0.0,4.97986111111111,3.98388888888889,3.73489583333333,25.0,1822.3,1794.9,1359.5,1297.6,0.0,1501.0,0.0,0.0,715.0,2302.0,3.72,9.0,3.72,77.0,0.0,1233.81444444444,0.0,48.0,27.0,27.0,22.5,58.0,28.5,27.5,27.5,28.5,29.0,27.0,27.0,15.0,0.2900000000000204,90.0,24.5,13.787,722.6,32.25,13.95,28.0,-2.7,3.0,0.0,0.0,0.0,22.0,179.0,0.0,28.0,1.0,0.0,825.6,0.0,0.0,0.6000000000000001,9.0,0.0,30.0,0.0,28.0,28.0,350.0,825.6,-50.0,0.0,0.0,0.0,0.0,400.0,0.0,0.0,0.0,0.0,0.0,0.0,47.0,718.1,4.443,0.0,13.760294,32.0,39.29540788420147,0.0,7.10799340536111,7.107995,411.530134,220.220095,1.1885139608348112,1.1767464958760507,-1.6215181950556663,-0.01363270549008,-61.67060000000001,-24.668239999999997,0.0,-0.2002735631494079,31.95999999999998
653.0,13.3,-34.4,717.1,0.0,0.0,0.0,27.0,20.0,26.0,24.0,25.0,25.0,24.0,24.0,24.0,-24.66824,25.0,38.0,1233.8144444444445,4441732.0,0.0,0.0,4.97986111111111,3.98388888888889,3.73489583333333,25.0,1822.3,1794.9,1359.5,1297.6,0.0,1501.0,0.0,0.0,715.0,2302.0,3.72,9.0,3.72,77.0,0.0,1233.81444444444,0.0,48.0,27.0,27.0,22.5,58.0,28.5,27.5,27.5,28.5,29.0,27.0,27.0,15.0,0.1800000000000068,90.0,24.5,13.779,719.3000000000001,29.42,13.949,28.0,-45.900000000000006,3.0,0.0,0.0,0.0,22.0,179.0,0.0,28.0,1.0,0.0,825.6,0.0,0.0,0.6000000000000001,9.0,0.0,30.0,0.0,28.0,27.0,350.0,825.6,-50.0,0.0,0.0,0.0,0.0,400.0,0.0,0.0,0.0,0.0,0.0,0.0,47.0,718.1,4.443,0.0,13.740762,8.0,39.29540788420147,0.0,7.10799340536111,7.107995,411.530134,220.220095,1.1885139608348112,1.1767464958760507,-1.6215181950556663,-0.01363270549008,-61.67060000000001,-24.668239999999997,0.0,-0.2002735631494079,29.239999999999995
654.0,13.3,-0.7,714.0,0.0,0.0,0.0,27.0,20.0,26.0,24.0,25.0,25.0,24.0,24.0,24.0,-0.4998,25.0,38.0,1233.815,4441734.0,0.0,0.0,4.95833333333333,3.96666666666667,3.71875,25.0,1822.3,1794.9,1359.5,1297.6,0.0,139.0,0.0,0.0,712.0,2302.0,3.72,9.0,3.7,77.0,0.0,1233.815,0.0,48.0,27.0,27.0,22.5,58.0,28.5,27.5,27.5,28.5,29.0,27.0,27.0,0.0,0.1800000000000068,90.0,24.5,13.779,719.3000000000001,29.42,13.949,28.0,-45.900000000000006,3.0,0.0,0.0,0.0,22.0,179.0,0.0,28.0,1.0,0.0,825.6,0.0,0.0,0.6000000000000001,9.0,0.0,30.0,0.0,28.0,27.0,350.0,825.6,-50.0,0.0,0.0,0.0,0.0,400.0,0.0,0.0,0.0,0.0,0.0,0.0,47.0,714.7,4.443,0.0,13.740762,8.0,39.17676519500076,0.0,7.10799340536111,7.107995,411.530134,220.220095,1.1882375450182987,1.1764728168498009,-30.012004801920767,-0.00027367902625,-3.3320000000000003,-0.4997999999999999,0.0,-0.2375639421871829,29.239999999999995
655.0,13.3,-0.7,714.0,0.0,0.0,0.0,27.0,20.0,26.0,24.0,25.0,25.0,24.0,24.0,24.0,-0.4998,25.0,38.0,1233.815,4441734.0,0.0,0.0,4.95833333333333,3.96666666666667,3.71875,25.0,1822.3,1794.9,1359.5,1297.6,0.0,139.0,0.0,0.0,712.0,2302.0,3.72,9.0,3.7,77.0,0.0,1233.815,0.0,48.0,27.0,27.0,22.5,58.0,28.5,27.5,27.5,28.5,29.0,27.0,27.0,0.0,0.2900000000000204,90.0,24.5,13.807,716.7,32.74,13.965,28.0,-8.3,3.0,0.0,0.0,0.0,22.0,179.0,0.0,28.0,1.0,0.0,825.6,0.0,0.0,0.6000000000000001,9.0,0.0,30.0,0.0,28.0,27.0,350.0,825.6,-50.0,0.0,0.0,0.0,0.0,400.0,0.0,0.0,0.0,0.0,0.0,0.0,47.0,714.7,4.443,0.0,13.760294,0.171875,39.17676519500076,0.0,7.10799340536111,7.107995,411.530134,220.220095,1.1882375450182987,1.1764728168498009,-30.012004801920767,-0.00027367902625,-3.3320000000000003,-0.4997999999999999,0.0,-0.2375639421871829,32.44999999999998
656.0,13.3,3.1,713.5,0.0,0.0,0.0,27.0,20.0,26.0,24.0,25.0,25.0,24.0,24.0,24.0,2.21185,25.0,38.0,1233.8155555555556,4441736.0,0.0,0.0,4.95486111111111,3.96388888888889,3.71614583333333,25.0,1822.3,1794.9,1359.5,1297.6,0.0,107.0,0.0,0.0,711.0,2304.0,3.7,20.0,3.7,85.0,0.0,1233.81555555556,0.0,48.0,27.0,27.0,22.5,58.0,28.5,27.5,27.5,28.5,29.0,27.0,27.0,2.0,0.2900000000000204,90.0,24.5,13.807,716.7,32.74,13.965,28.0,-8.3,3.0,0.0,0.0,0.0,22.0,179.0,0.0,28.0,1.0,0.0,825.6,0.0,0.0,0.6000000000000001,9.0,0.0,30.0,0.0,28.0,27.0,350.0,825.6,-50.0,0.0,0.0,0.0,0.0,400.0,0.0,0.0,0.0,0.0,0.0,0.0,47.0,713.6,4.443,0.0,13.760294,0.171875,39.060666032568264,0.0,7.109130153638888,7.109132,411.531271,220.221232,1.1895040363070128,1.1777267686208048,0.0,0.0012539517710041,-3.3320000000000003,2.21185,0.0,-0.2375639421871829,32.44999999999998
657.0,13.3,3.1,713.5,0.0,0.0,0.0,27.0,20.0,26.0,24.0,25.0,25.0,24.0,24.0,24.0,2.21185,25.0,38.0,1233.8155555555556,4441736.0,0.0,0.0,4.95486111111111,3.96388888888889,3.71614583333333,25.0,1822.3,1794.9,1359.5,1297.6,0.0,107.0,0.0,0.0,711.0,2304.0,3.7,20.0,3.7,85.0,0.0,1233.81555555556,0.0,48.0,27.0,27.0,22.5,58.0,28.5,27.5,27.5,28.5,29.0,27.0,27.0,2.0,0.3500000000000227,90.0,24.5,13.791,715.8000000000001,24.48,13.957,28.0,-18.1,3.0,0.0,0.0,0.0,22.0,179.0,0.0,28.0,1.0,0.0,825.6,0.0,0.0,0.6000000000000001,9.0,0.0,30.0,0.0,28.0,27.0,350.0,825.6,-50.0,0.0,0.0,0.0,0.0,400.0,0.0,0.0,0.0,0.0,0.0,0.0,47.0,713.6,4.443,62.596855000000005,13.770548300000002,5.234375,39.060666032568264,0.0,7.109130153638888,7.109132,411.531271,220.221232,1.1895040363070128,1.1777267686208048,0.0,0.0012539517710041,-3.3320000000000003,2.21185,0.0,-0.2375639421871829,24.129999999999978
658.0,13.3,0.1,713.5,0.0,0.0,0.0,27.0,20.0,26.0,24.0,25.0,25.0,24.0,24.0,24.0,0.07135,25.0,38.0,1233.816111111111,4441738.0,0.0,0.0,4.95486111111111,3.96388888888889,3.71614583333333,25.0,1822.3,1794.9,1359.5,1297.6,0.0,676.0,0.0,0.0,712.0,2304.0,3.7,9.0,3.7,40.0,0.0,1233.81611111111,0.0,48.0,27.0,27.0,22.5,58.0,28.5,27.5,27.5,28.5,29.0,27.0,27.0,8.0,0.3500000000000227,90.0,24.5,13.791,715.8000000000001,24.48,13.957,28.0,-18.1,3.0,0.0,0.0,0.0,22.0,179.0,0.0,28.0,1.0,0.0,825.6,0.0,0.0,0.6000000000000001,9.0,0.0,30.0,0.0,28.0,27.0,350.0,825.6,-50.0,0.0,0.0,0.0,0.0,400.0,0.0,0.0,0.0,0.0,0.0,0.0,47.0,712.6,4.443,62.596855000000005,13.770548300000002,5.234375,38.96560366925868,0.0,7.113600033638888,7.113602,411.535741,220.225702,1.1895438374624898,1.1777661757054354,28.030833917309035,3.9407084630555565e-05,3.5675000000000003,0.07135,0.0,-0.2375639421871829,24.129999999999978
659.0,13.3,0.1,713.5,0.0,0.0,0.0,27.0,20.0,26.0,24.0,25.0,25.0,24.0,24.0,24.0,0.07135,25.0,38.0,1233.816111111111,4441738.0,0.0,0.0,4.95486111111111,3.96388888888889,3.71614583333333,25.0,1822.3,1794.9,1359.5,1297.6,0.0,676.0,0.0,0.0,712.0,2304.0,3.7,9.0,3.7,40.0,0.0,1233.81611111111,0.0,48.0,27.0,27.0,22.5,58.0,28.5,27.5,27.5,28.5,29.0,27.0,27.0,8.0,0.3100000000000023,90.0,24.5,13.824,716.7,31.05,13.951,28.0,2.5,3.0,0.0,0.0,0.0,22.0,179.0,0.0,28.0,1.0,0.0,825.6,0.0,0.0,0.6000000000000001,9.0,0.0,30.0,0.0,28.0,27.0,350.0,825.6,-50.0,0.0,0.0,0.0,0.0,400.0,0.0,0.0,0.0,0.0,0.0,0.0,47.0,712.6,4.443,0.0,13.7695717,4.0,38.96560366925868,0.0,7.113600033638888,7.113602,411.535741,220.225702,1.1895438374624898,1.1777661757054354,28.030833917309035,3.9407084630555565e-05,3.5675000000000003,0.07135,0.0,,30.74
660.0,13.3,-0.3,713.6,0.0,0.0,0.0,27.0,20.0,26.0,24.0,25.0,25.0,24.0,24.0,24.0,-0.21408,25.0,38.0,1233.8166666666666,4441740.0,0.0,0.0,4.95555555555556,3.96444444444444,3.71666666666667,25.0,1822.3,1794.9,1359.5,1297.6,0.0,151.0,0.0,0.0,712.0,2304.0,3.7,24.0,3.7,78.0,0.0,1233.81666666667,0.0,48.0,27.0,27.0,22.5,58.0,28.5,27.5,27.5,28.5,29.0,27.0,27.0,1.0,0.3100000000000023,90.0,24.5,13.824,716.7,31.05,13.951,28.0,2.5,3.0,0.0,0.0,0.0,22.0,179.0,0.0,28.0,1.0,0.0,825.6,0.0,0.0,0.6000000000000001,9.0,0.0,30.0,0.0,28.0,27.0,350.0,825.6,-50.0,0.0,0.0,0.0,0.0,400.0,0.0,0.0,0.0,0.0,0.0,0.0,47.0,713.7,4.443,0.0,13.7695717,4.0,38.85151653203492,0.0,7.114150285388888,7.114152,411.536291,220.226252,1.18942306958695,1.1776466035514357,-37.36920777279522,-0.000119572154,-2.6759999999999997,-0.21408,0.0,,30.74
661.0,13.3,-0.3,713.6,0.0,0.0,0.0,27.0,20.0,26.0,24.0,25.0,25.0,24.0,24.0,24.0,-0.21408,25.0,38.0,1233.8166666666666,4441740.0,0.0,0.0,4.95555555555556,3.96444444444444,3.71666666666667,25.0,1822.3,1794.9,1359.5,1297.6,0.0,151.0,0.0,0.0,712.0,2304.0,3.7,24.0,3.7,78.0,0.0,1233.81666666667,0.0,48.0,27.0,27.0,22.5,58.0,28.5,27.5,27.5,28.5,29.0,27.0,27.0,1.0,0.1399999999999863,90.0,24.5,13.789,716.6,27.58,13.957,28.0,-21.3,3.0,0.0,0.0,0.0,22.0,179.0,0.0,28.0,1.0,0.0,825.6,0.0,0.0,0.6000000000000001,9.0,0.0,30.0,0.0,28.0,27.0,350.0,825.6,-50.0,0.0,0.0,0.0,0.0,400.0,0.0,0.0,0.0,0.0,0.0,0.0,47.0,713.7,4.443,0.0,13.740762,0.5,38.85151653203492,0.0,7.114150285388888,7.114152,411.536291,220.226252,1.18942306958695,1.1776466035514357,-37.36920777279522,-0.000119572154,-2.6759999999999997,-0.21408,0.0,,27.440000000000012
662.0,13.3,0.6,713.4,0.0,0.0,0.0,27.0,20.0,26.0,24.0,25.0,25.0,24.0,24.0,24.0,0.42804,25.0,38.0,1233.8172222222222,4441742.0,0.0,0.0,4.95416666666667,3.96333333333333,3.715625,25.0,1822.3,1794.9,1359.5,1297.6,0.0,10.0,0.0,0.0,711.0,2304.0,3.7,9.0,3.7,49.0,0.0,1233.81722222222,0.0,48.0,27.0,27.0,22.5,58.0,28.5,27.5,27.5,28.5,29.0,27.0,27.0,0.0,0.1399999999999863,90.0,24.5,13.789,716.6,27.58,13.957,28.0,-21.3,3.0,0.0,0.0,0.0,22.0,179.0,0.0,28.0,1.0,0.0,825.6,0.0,0.0,0.6000000000000001,9.0,0.0,30.0,0.0,28.0,27.0,350.0,825.6,-50.0,0.0,0.0,0.0,0.0,400.0,0.0,0.0,0.0,0.0,0.0,0.0,47.0,713.4000000000001,4.443,0.0,13.740762,0.5,38.73514087630131,0.0,7.114150285388888,7.114152,411.536291,220.226252,1.1896597312849586,1.1778809220643154,2.3362302588543127,0.00023431851288,42.803999999999995,0.42804,0.0,,27.440000000000012
663.0,13.3,0.6,713.4,0.0,0.0,0.0,27.0,20.0,26.0,24.0,25.0,25.0,24.0,24.0,24.0,0.42804,25.0,38.0,1233.8172222222222,4441742.0,0.0,0.0,4.95416666666667,3.96333333333333,3.715625,25.0,1822.3,1794.9,1359.5,1297.6,0.0,10.0,0.0,0.0,711.0,2304.0,3.7,9.0,3.7,49.0,0.0,1233.81722222222,0.0,48.0,27.0,27.0,22.5,58.0,28.5,27.5,27.5,28.5,29.0,27.0,27.0,0.0,0.2900000000000204,90.0,24.5,13.81,716.4000000000001,31.07,13.972,28.0,-26.3,3.0,0.0,0.0,0.0,22.0,179.0,0.0,28.0,1.0,0.0,825.6,0.0,0.0,0.6000000000000001,9.0,0.0,30.0,0.0,28.0,27.0,350.0,825.6,-50.0,0.0,0.0,0.0,0.0,400.0,0.0,0.0,0.0,0.0,0.0,0.0,47.0,713.4000000000001,4.443,0.0,13.7622472,0.109375,38.73514087630131,0.0,7.114150285388888,7.114152,411.536291,220.226252,1.1896597312849586,1.1778809220643154,2.3362302588543127,0.00023431851288,42.803999999999995,0.42804,0.0,,30.77999999999998
664.0,13.4,0.6,713.4,0.0,0.0,0.0,27.0,20.0,26.0,24.0,25.0,25.0,24.0,24.0,24.0,0.42804,25.0,38.0,1233.8177777777778,4441744.0,0.0,0.0,4.95416666666667,3.96333333333333,3.715625,25.0,1822.3,1794.9,1359.5,1297.6,0.0,23.0,0.0,0.0,711.0,2304.0,3.7,9.0,3.7,77.0,0.0,1233.81777777778,0.0,48.0,27.0,27.0,22.5,58.0,28.5,27.5,27.5,28.5,29.0,27.0,27.0,0.0,0.2900000000000204,90.0,24.5,13.81,716.4000000000001,31.07,13.972,28.0,-26.3,3.0,0.0,0.0,0.0,22.0,179.0,0.0,28.0,1.0,0.0,825.6,0.0,0.0,0.6000000000000001,9.0,0.0,30.0,0.0,28.0,27.0,350.0,825.6,-50.0,0.0,0.0,0.0,0.0,400.0,0.0,0.0,0.0,0.0,0.0,0.0,47.0,713.4000000000001,4.443,0.0,13.7622472,0.109375,38.61773767871168,0.0,7.114150285388888,7.114152,411.536291,220.226252,1.1898986573811514,1.1781174825555951,0.0,0.00023656049128,42.803999999999995,0.42804,0.0,-0.0070966693074453,30.77999999999998
665.0,13.4,0.6,713.4,0.0,0.0,0.0,27.0,20.0,26.0,24.0,25.0,25.0,24.0,24.0,24.0,0.42804,25.0,38.0,1233.8177777777778,4441744.0,0.0,0.0,4.95416666666667,3.96333333333333,3.715625,25.0,1822.3,1794.9,1359.5,1297.6,0.0,23.0,0.0,0.0,711.0,2304.0,3.7,9.0,3.7,77.0,0.0,1233.81777777778,0.0,48.0,27.0,27.0,22.5,58.0,28.5,27.5,27.5,28.5,29.0,27.0,27.0,0.0,0.2300000000000182,90.0,24.5,13.809,716.4000000000001,24.78,13.978,28.0,-108.0,3.0,0.0,0.0,0.0,22.0,179.0,0.0,28.0,1.0,0.0,825.6,0.0,0.0,0.6000000000000001,9.0,0.0,30.0,0.0,28.0,27.0,350.0,825.6,-50.0,0.0,0.0,0.0,0.0,400.0,0.0,0.0,0.0,0.0,0.0,0.0,47.0,713.4000000000001,4.443,69.432705,13.7515046,0.34375,38.61773767871168,0.0,7.114150285388888,7.114152,411.536291,220.226252,1.1898986573811514,1.1781174825555951,0.0,0.00023656049128,42.803999999999995,0.42804,0.0,-0.0070966693074453,24.549999999999983
666.0,13.3,26.8,711.1,0.0,0.0,0.0,27.0,20.0,26.0,24.0,25.0,25.0,24.0,24.0,24.0,19.05748,25.0,38.0,1233.8183333333334,4441746.0,0.0,0.0,4.93819444444444,3.95055555555556,3.70364583333333,25.0,1822.3,1794.9,1359.5,1297.6,0.0,783.0,0.0,0.0,709.0,2298.0,3.7,9.0,3.7,40.0,0.0,1233.81833333333,0.0,48.0,27.0,27.0,22.5,58.0,28.5,27.5,27.5,28.5,29.0,27.0,27.0,12.0,0.2300000000000182,90.0,24.5,13.809,716.4000000000001,24.78,13.978,28.0,-108.0,3.0,0.0,0.0,0.0,22.0,179.0,0.0,28.0,1.0,0.0,825.6,0.0,0.0,0.6000000000000001,9.0,0.0,30.0,0.0,28.0,27.0,350.0,825.6,-50.0,0.0,0.0,0.0,0.0,400.0,0.0,0.0,0.0,0.0,0.0,0.0,47.0,712.6,4.442,69.432705,13.7515046,0.34375,38.536304178205086,0.0,7.120934196055555,7.120936,411.543075,220.233036,1.2006055942455722,1.1887184101441308,0.0,0.0106009275885355,,19.05748,0.0,-0.0070966693074453,24.549999999999983
667.0,13.3,26.8,711.1,0.0,0.0,0.0,27.0,20.0,26.0,24.0,25.0,25.0,24.0,24.0,24.0,19.05748,25.0,38.0,1233.8183333333334,4441746.0,0.0,0.0,4.93819444444444,3.95055555555556,3.70364583333333,25.0,1822.3,1794.9,1359.5,1297.6,0.0,783.0,0.0,0.0,709.0,2298.0,3.7,9.0,3.7,40.0,0.0,1233.81833333333,0.0,48.0,27.0,27.0,22.5,58.0,28.5,27.5,27.5,28.5,29.0,27.0,27.0,12.0,0.0,90.0,24.5,13.796,713.2,29.88,13.959,29.0,-34.6,3.0,0.0,0.0,0.0,22.0,179.0,0.0,28.0,1.0,0.0,825.6,0.0,0.0,0.6000000000000001,9.0,0.0,30.0,0.0,28.0,28.0,350.0,825.6,-50.0,0.0,0.0,0.0,0.0,400.0,0.0,0.0,0.0,0.0,0.0,0.0,47.0,712.6,4.442,69.432705,13.770548300000002,17.09375,38.536304178205086,0.0,7.120934196055555,7.120936,411.543075,220.233036,1.2006055942455722,1.1887184101441308,0.0,0.0106009275885355,,19.05748,0.0,-0.0070966693074453,29.88
668.0,13.4,32.6,710.2,0.0,0.0,0.0,27.0,20.0,26.0,24.0,25.0,25.0,24.0,24.0,24.0,23.15252,25.0,38.0,1233.818888888889,4441748.0,0.0,0.0,4.93194444444444,3.94555555555556,3.69895833333333,25.0,1822.3,1794.9,1359.5,1297.6,0.0,1909.0,0.0,0.0,708.0,2298.0,3.7,9.0,3.68,49.0,0.0,1233.81888888889,0.0,48.0,27.0,27.0,22.5,58.0,28.5,27.5,27.5,28.5,29.0,27.0,27.0,26.0,0.0,90.0,24.5,13.796,713.2,29.88,13.959,29.0,-34.6,3.0,0.0,0.0,0.0,22.0,179.0,0.0,28.0,1.0,0.0,825.6,0.0,0.0,0.6000000000000001,9.0,0.0,30.0,0.0,28.0,28.0,350.0,825.6,-50.0,0.0,0.0,0.0,0.0,400.0,0.0,0.0,0.0,0.0,0.0,0.0,47.0,709.8000000000001,4.443,69.432705,13.770548300000002,17.09375,38.498288499345456,0.0,7.135547636166666,7.135549,411.557688,220.247649,1.2138379427400436,1.201819745287172,0.5183021113900343,0.0131013351430411,192.9376666666667,23.152520000000003,0.0,-0.0070966693074453,29.88
669.0,13.4,32.6,710.2,0.0,0.0,0.0,27.0,20.0,26.0,24.0,25.0,25.0,24.0,24.0,24.0,23.15252,25.0,38.0,1233.818888888889,4441748.0,0.0,0.0,4.93194444444444,3.94555555555556,3.69895833333333,25.0,1822.3,1794.9,1359.5,1297.6,0.0,1909.0,0.0,0.0,708.0,2298.0,3.7,9.0,3.68,49.0,0.0,1233.81888888889,0.0,48.0,27.0,27.0,22.5,58.0,28.5,27.5,27.5,28.5,29.0,27.0,27.0,26.0,0.4900000000000091,90.0,24.5,13.809,712.1,24.06,13.947,28.0,-26.1,3.0,0.0,0.0,0.0,22.0,179.0,0.0,28.0,1.0,0.0,825.6,0.0,0.0,0.6000000000000001,9.0,0.0,30.0,0.0,28.0,27.0,350.0,825.6,-50.0,0.0,0.0,0.0,0.0,400.0,0.0,0.0,0.0,0.0,0.0,0.0,47.0,709.8000000000001,4.443,58.4465175,13.7417386,29.703125,38.498288499345456,0.0,7.135547636166666,7.135549,411.557688,220.247649,1.2138379427400436,1.201819745287172,0.5183021113900343,0.0131013351430411,192.9376666666667,23.152520000000003,0.0,,23.56999999999999
670.0,13.4,30.3,710.0,0.0,0.0,0.0,27.0,20.0,26.0,24.0,25.0,25.0,24.0,24.0,24.0,21.513,25.0,38.0,1233.8194444444443,4441750.0,0.0,0.0,4.93055555555556,3.94444444444444,3.69791666666667,25.0,1822.3,1794.9,1359.5,1297.6,0.0,2702.0,0.0,0.0,708.0,2298.0,3.7,20.0,3.68,77.0,0.0,1233.81944444444,0.0,48.0,27.0,27.0,22.5,58.0,28.5,27.5,27.5,28.5,29.0,27.0,27.0,35.0,0.4900000000000091,90.0,24.5,13.809,712.1,24.06,13.947,28.0,-26.1,3.0,0.0,0.0,0.0,22.0,179.0,0.0,28.0,1.0,0.0,825.6,0.0,0.0,0.6000000000000001,9.0,0.0,30.0,0.0,28.0,27.0,350.0,825.6,-50.0,0.0,0.0,0.0,0.0,400.0,0.0,0.0,0.0,0.0,0.0,0.0,47.0,710.1,4.444,58.4465175,13.7417386,29.703125,38.48815861453319,0.0,7.154386825611111,7.154388,411.576527,220.266488,1.225798057908409,1.213661443473672,1.2085715613814902,0.0118416981865,82.7423076923077,21.513,0.0,0.1237872213709516,23.56999999999999
671.0,13.4,30.3,710.0,0.0,0.0,0.0,27.0,20.0,26.0,24.0,25.0,25.0,24.0,24.0,24.0,21.513,25.0,38.0,1233.8194444444443,4441750.0,0.0,0.0,4.93055555555556,3.94444444444444,3.69791666666667,25.0,1822.3,1794.9,1359.5,1297.6,0.0,2702.0,0.0,0.0,708.0,2298.0,3.7,20.0,3.68,77.0,0.0,1233.81944444444,0.0,48.0,27.0,27.0,22.5,58.0,28.5,27.5,27.5,28.5,29.0,27.0,27.0,35.0,0.2900000000000204,90.0,24.5,13.808,713.0,24.73,13.936,28.0,16.2,3.0,0.0,0.0,0.0,22.0,179.0,0.0,28.0,1.0,0.0,825.6,0.0,0.0,0.6000000000000001,9.0,0.0,30.0,0.0,28.0,27.0,350.0,825.6,-50.0,0.0,0.0,0.0,0.0,400.0,0.0,0.0,0.0,0.0,0.0,0.0,47.0,710.1,4.444,45.50723,13.7695717,37.40625,38.48815861453319,0.0,7.154386825611111,7.154388,411.576527,220.266488,1.225798057908409,1.213661443473672,1.2085715613814902,0.0118416981865,82.7423076923077,21.513,0.0,0.1237872213709516,24.43999999999998
672.0,13.4,23.2,710.7,0.0,0.0,0.0,27.0,20.0,26.0,24.0,25.0,25.0,24.0,24.0,24.0,16.48824,25.0,38.0,1233.82,4441752.0,0.0,0.0,4.93541666666667,3.94833333333333,3.7015625,25.0,1822.3,1794.9,1359.5,1297.6,0.0,3199.0,0.0,0.0,709.0,2298.0,3.7,11.0,3.68,49.0,0.0,1233.82,0.0,48.0,27.0,27.0,22.5,58.0,28.5,27.5,27.5,28.5,29.0,27.0,27.0,41.0,0.2900000000000204,90.0,24.5,13.808,713.0,24.73,13.936,28.0,16.2,3.0,0.0,0.0,0.0,22.0,179.0,0.0,28.0,1.0,0.0,825.6,0.0,0.0,0.6000000000000001,9.0,0.0,30.0,0.0,28.0,27.0,350.0,825.6,-50.0,0.0,0.0,0.0,0.0,400.0,0.0,0.0,0.0,0.0,0.0,0.0,46.5,710.4000000000001,4.443,45.50723,13.7695717,37.40625,38.49542780946648,0.0,7.176506661583333,7.176508,411.598647,220.288608,1.2348256147175407,1.2225996185322183,2.122725045244368,0.0089381750585466,47.109257142857146,16.48824,0.0,0.1461814474453206,24.43999999999998
673.0,13.4,23.2,710.7,0.0,0.0,0.0,27.0,20.0,26.0,24.0,25.0,25.0,24.0,24.0,24.0,16.48824,25.0,38.0,1233.82,4441752.0,0.0,0.0,4.93541666666667,3.94833333333333,3.7015625,25.0,1822.3,1794.9,1359.5,1297.6,0.0,3199.0,0.0,0.0,709.0,2298.0,3.7,11.0,3.68,49.0,0.0,1233.82,0.0,48.0,27.0,27.0,22.5,58.0,28.5,27.5,27.5,28.5,29.0,27.0,27.0,41.0,0.2400000000000091,90.0,24.5,13.809,715.1,24.68,13.949,28.0,1.7000000000000002,3.0,0.0,0.0,0.0,22.0,179.0,0.0,28.0,1.0,0.0,825.6,0.0,0.0,0.6000000000000001,9.0,0.0,30.0,0.0,28.0,27.0,350.0,825.6,-50.0,0.0,0.0,0.0,0.0,400.0,0.0,0.0,0.0,0.0,0.0,0.0,46.5,710.4000000000001,4.443,27.1969175,13.7612706,41.515625,38.49542780946648,0.0,7.176506661583333,7.176508,411.598647,220.288608,1.2348256147175407,1.2225996185322183,2.122725045244368,0.0089381750585466,47.109257142857146,16.48824,0.0,0.1461814474453206,24.43999999999999
674.0,13.3,-36.9,715.8,0.0,0.0,0.0,27.0,20.0,26.0,24.0,25.0,25.0,24.0,24.0,24.0,-26.41302,25.0,38.0,1233.8205555555555,4441754.0,0.0,0.0,4.97083333333333,3.97666666666667,3.728125,25.0,1822.3,1794.9,1359.5,1297.6,0.0,3068.0,0.0,0.0,714.0,2296.0,3.72,9.0,3.72,40.0,0.0,1233.82055555556,0.0,48.0,27.0,27.0,22.5,58.0,28.5,27.5,27.5,28.5,29.0,27.0,27.0,37.0,0.2200000000000272,90.0,24.5,13.783,719.5,29.79,13.952,28.0,1.7000000000000002,3.0,0.0,0.0,0.0,22.0,179.0,0.0,28.0,1.0,0.0,825.6,0.0,0.0,0.6000000000000001,9.0,0.0,30.0,0.0,28.0,27.0,350.0,825.6,-50.0,0.0,0.0,0.0,0.0,400.0,0.0,0.0,0.0,0.0,0.0,0.0,46.5,713.9000000000001,4.443,27.1969175,13.7612706,41.515625,38.49103755808388,0.0,7.196816500138889,7.196818,411.618957,220.308918,1.2201704785342855,1.2080895827072136,-1.5522647542764898,-0.0145100358250049,-64.42199999999998,-26.413019999999996,0.0,0.1461814474453206,29.569999999999972
675.0,13.3,-36.9,715.8,0.0,0.0,0.0,27.0,20.0,26.0,24.0,25.0,25.0,24.0,24.0,24.0,-26.41302,25.0,38.0,1233.8205555555555,4441754.0,0.0,0.0,4.97083333333333,3.97666666666667,3.728125,25.0,1822.3,1794.9,1359.5,1297.6,0.0,3068.0,0.0,0.0,714.0,2296.0,3.72,9.0,3.72,40.0,0.0,1233.82055555556,0.0,48.0,27.0,27.0,22.5,58.0,28.5,27.5,27.5,28.5,29.0,27.0,27.0,37.0,0.2200000000000272,90.0,24.5,13.783,719.5,29.79,13.952,28.0,3.1,3.0,0.0,0.0,0.0,22.0,179.0,0.0,28.0,1.0,0.0,825.6,0.0,0.0,0.6000000000000001,9.0,0.0,30.0,0.0,28.0,27.0,350.0,825.6,-50.0,0.0,0.0,0.0,0.0,400.0,0.0,0.0,0.0,0.0,0.0,0.0,46.5,713.9000000000001,4.443,13.08577,13.7397854,32.0,38.49103755808388,0.0,7.196816500138889,7.196818,411.618957,220.308918,1.2201704785342855,1.2080895827072136,-1.5522647542764898,-0.0145100358250049,-64.42199999999998,-26.413019999999996,0.0,0.1461814474453206,29.569999999999972
676.0,13.3,-25.9,715.3,0.0,0.0,0.0,27.0,20.0,26.0,24.0,25.0,25.0,24.0,24.0,24.0,-18.52627,25.0,38.0,1233.8211111111111,4441756.0,0.0,0.0,4.96736111111111,3.97388888888889,3.72552083333333,25.0,1822.3,1794.9,1359.5,1297.6,0.0,2468.0,0.0,0.0,714.0,2296.0,3.72,9.0,3.72,49.0,0.0,1233.82111111111,0.0,48.0,27.0,27.0,22.5,58.0,28.5,27.5,27.5,28.5,29.0,27.0,27.0,30.0,0.3500000000000227,90.0,24.5,13.807,718.2,30.14,13.969,28.0,3.1,3.0,0.0,0.0,0.0,22.0,179.0,0.0,28.0,1.0,0.0,825.6,0.0,0.0,0.6000000000000001,9.0,0.0,30.0,0.0,28.0,27.0,350.0,825.6,-50.0,0.0,0.0,0.0,0.0,400.0,0.0,0.0,0.0,0.0,0.0,0.0,47.0,715.4000000000001,4.443,13.08577,13.7397854,32.0,38.46643987432258,0.0,7.213113041805555,7.213115,411.635254,220.325215,1.210029216594954,1.1980487293019346,-1.9971640270815447,-0.0100408534052788,-50.07099999999999,-18.526269999999997,0.0,,29.789999999999978
677.0,13.3,-25.9,715.3,0.0,0.0,0.0,27.0,20.0,26.0,24.0,25.0,25.0,24.0,24.0,24.0,-18.52627,25.0,38.0,1233.8211111111111,4441756.0,0.0,0.0,4.96736111111111,3.97388888888889,3.72552083333333,25.0,1822.3,1794.9,1359.5,1297.6,0.0,2468.0,0.0,0.0,714.0,2296.0,3.72,9.0,3.72,49.0,0.0,1233.82111111111,0.0,48.0,27.0,27.0,22.5,58.0,28.5,27.5,27.5,28.5,29.0,27.0,27.0,30.0,0.3500000000000227,90.0,24.5,13.807,718.2,30.14,13.969,28.0,-27.8,3.0,0.0,0.0,0.0,22.0,179.0,0.0,28.0,1.0,0.0,825.6,0.0,0.0,0.6000000000000001,9.0,0.0,30.0,0.0,28.0,27.0,350.0,825.6,-50.0,0.0,0.0,0.0,0.0,400.0,0.0,0.0,0.0,0.0,0.0,0.0,47.0,715.4000000000001,4.443,21.581755,13.740762,28.625,38.46643987432258,0.0,7.213113041805555,7.213115,411.635254,220.325215,1.210029216594954,1.1980487293019346,-1.9971640270815447,-0.0100408534052788,-50.07099999999999,-18.526269999999997,0.0,,29.789999999999978
678.0,13.3,-24.6,715.5,0.0,0.0,0.0,27.0,20.0,26.0,24.0,25.0,25.0,24.0,24.0,24.0,-17.6013,25.0,38.0,1233.8216666666667,4441758.0,0.0,0.0,4.96875,3.975,3.7265625,25.0,1822.3,1794.9,1359.5,1297.6,0.0,1901.0,0.0,0.0,714.0,2296.0,3.72,9.0,3.72,64.0,0.0,1233.82166666667,0.0,48.0,27.0,27.0,22.5,58.0,28.5,27.5,27.5,28.5,29.0,27.0,27.0,23.0,0.3500000000000227,90.0,24.5,13.807,718.2,30.14,13.969,28.0,-27.8,3.0,0.0,0.0,0.0,22.0,179.0,0.0,28.0,1.0,0.0,825.6,0.0,0.0,0.6000000000000001,9.0,0.0,30.0,0.0,28.0,27.0,350.0,825.6,-50.0,0.0,0.0,0.0,0.0,400.0,0.0,0.0,0.0,0.0,0.0,0.0,47.0,715.1,4.444,21.581755,13.740762,28.625,38.41893127435566,0.0,7.2264018655277775,7.226404,411.648543,220.338504,1.1999520430199115,1.1880713297226846,-1.70441955991887,-0.0099773995792499,-58.670999999999985,-17.6013,0.0,-0.0428521212850787,29.789999999999978
679.0,13.3,-24.6,715.5,0.0,0.0,0.0,27.0,20.0,26.0,24.0,25.0,25.0,24.0,24.0,24.0,-17.6013,25.0,38.0,1233.8216666666667,4441758.0,0.0,0.0,4.96875,3.975,3.7265625,25.0,1822.3,1794.9,1359.5,1297.6,0.0,1901.0,0.0,0.0,714.0,2296.0,3.72,9.0,3.72,64.0,0.0,1233.82166666667,0.0,48.0,27.0,27.0,22.5,58.0,28.5,27.5,27.5,28.5,29.0,27.0,27.0,23.0,0.1800000000000068,90.0,24.5,13.769,716.4000000000001,32.96,13.947,28.0,-153.0,3.0,0.0,0.0,0.0,22.0,179.0,0.0,28.0,1.0,0.0,825.6,0.0,0.0,0.6000000000000001,9.0,0.0,30.0,0.0,28.0,27.0,350.0,825.6,-50.0,0.0,0.0,0.0,0.0,400.0,0.0,0.0,0.0,0.0,0.0,0.0,47.0,715.1,4.444,21.2399625,13.740762,20.0,38.41893127435566,0.0,7.2264018655277775,7.226404,411.648543,220.338504,1.1999520430199115,1.1880713297226846,-1.70441955991887,-0.0099773995792499,-58.670999999999985,-17.6013,0.0,-0.0428521212850787,32.779999999999994
680.0,13.4,14.7,712.3,0.0,0.0,0.0,27.0,20.0,26.0,24.0,25.0,25.0,24.0,24.0,24.0,10.47081,25.0,38.0,1233.8222222222223,4441760.0,0.0,0.0,4.94652777777778,3.95722222222222,3.70989583333333,25.0,1822.3,1794.9,1359.5,1297.6,0.0,1922.0,0.0,0.0,710.0,2296.0,3.7,9.0,3.7,78.0,0.0,1233.82222222222,0.0,48.0,27.0,27.0,22.5,58.0,28.5,27.5,27.5,28.5,29.0,27.0,27.0,25.0,0.3100000000000023,90.0,24.5,13.827,712.0,27.43,13.951,28.0,-153.0,3.0,0.0,0.0,0.0,22.0,179.0,0.0,28.0,1.0,0.0,825.6,0.0,0.0,0.6000000000000001,9.0,0.0,30.0,0.0,28.0,27.0,350.0,825.6,-50.0,0.0,0.0,0.0,0.0,400.0,0.0,0.0,0.0,0.0,0.0,0.0,47.0,713.3000000000001,4.443,21.2399625,13.740762,20.0,38.37982046742702,0.0,7.240147453722222,7.24015,411.662289,220.35225,1.205851793495432,1.1939126668271605,2.1965826903553785,0.0058413371044758,45.52526086956522,10.47081,0.0,-0.0428521212850787,27.119999999999997
681.0,13.4,14.7,712.3,0.0,0.0,0.0,27.0,20.0,26.0,24.0,25.0,25.0,24.0,24.0,24.0,10.47081,25.0,38.0,1233.8222222222223,4441760.0,0.0,0.0,4.94652777777778,3.95722222222222,3.70989583333333,25.0,1822.3,1794.9,1359.5,1297.6,0.0,1922.0,0.0,0.0,710.0,2296.0,3.7,9.0,3.7,78.0,0.0,1233.82222222222,0.0,48.0,27.0,27.0,22.5,58.0,28.5,27.5,27.5,28.5,29.0,27.0,27.0,25.0,0.3100000000000023,90.0,24.5,13.827,712.0,27.43,13.951,28.0,-3.0,3.0,0.0,0.0,0.0,22.0,179.0,0.0,28.0,1.0,0.0,825.6,0.0,0.0,0.6000000000000001,9.0,0.0,30.0,0.0,28.0,28.0,350.0,825.6,-50.0,0.0,0.0,0.0,0.0,400.0,0.0,0.0,0.0,0.0,0.0,0.0,47.0,713.3000000000001,4.443,70.0674625,13.760294,28.96875,38.37982046742702,0.0,7.240147453722222,7.24015,411.662289,220.35225,1.205851793495432,1.1939126668271605,2.1965826903553785,0.0058413371044758,45.52526086956522,10.47081,0.0,-0.0428521212850787,27.119999999999997
682.0,13.4,59.6,707.8,0.0,0.0,0.0,27.0,20.0,26.0,24.0,25.0,25.0,24.0,24.0,24.0,42.18488,25.0,38.0,1233.8227777777777,4441762.0,0.0,0.0,4.91527777777778,3.93222222222222,3.68645833333333,25.0,1822.3,1794.9,1359.5,1297.6,0.0,2957.0,0.0,0.0,705.0,2296.0,3.68,11.0,3.68,49.0,0.0,1233.82277777778,0.0,48.0,27.0,27.0,23.0,58.0,28.5,27.5,27.5,28.5,29.0,27.0,27.0,39.0,0.1800000000000068,90.0,24.5,13.802,709.6,25.82,13.945,28.0,-3.0,3.0,0.0,0.0,0.0,22.0,179.0,0.0,28.0,1.0,0.0,825.6,0.0,0.0,0.6000000000000001,9.0,0.0,30.0,0.0,28.0,28.0,350.0,825.6,-50.0,0.0,0.0,0.0,0.0,400.0,0.0,0.0,0.0,0.0,0.0,0.0,47.0,708.6,4.443,70.0674625,13.760294,28.96875,38.38156173422694,0.0,7.260862124972222,7.260865,411.683004,220.372965,1.2285704788643927,1.2164064147172204,0.5926293970730746,0.02249374789006,168.73952,42.18488,0.0,,25.639999999999993
683.0,13.4,59.6,707.8,0.0,0.0,0.0,27.0,20.0,26.0,24.0,25.0,25.0,24.0,24.0,24.0,42.18488,25.0,38.0,1233.8227777777777,4441762.0,0.0,0.0,4.91527777777778,3.93222222222222,3.68645833333333,25.0,1822.3,1794.9,1359.5,1297.6,0.0,2957.0,0.0,0.0,705.0,2296.0,3.68,11.0,3.68,49.0,0.0,1233.82277777778,0.0,48.0,27.0,27.0,23.0,58.0,28.5,27.5,27.5,28.5,29.0,27.0,27.0,39.0,0.1800000000000068,90.0,24.5,13.802,709.6,25.82,13.945,28.0,-8.1,3.0,0.0,0.0,0.0,22.0,179.0,0.0,28.0,1.0,0.0,825.6,0.0,0.0,0.6000000000000001,9.0,0.0,30.0,0.0,28.0,27.0,350.0,825.6,-50.0,0.0,0.0,0.0,0.0,400.0,0.0,0.0,0.0,0.0,0.0,0.0,47.0,708.6,4.443,63.768715,13.760294,40.0,38.38156173422694,0.0,7.260862124972222,7.260865,411.683004,220.372965,1.2285704788643927,1.2164064147172204,0.5926293970730746,0.02249374789006,168.73952,42.18488,0.0,,25.639999999999993
684.0,13.3,56.7,707.5,0.0,0.0,0.0,27.0,20.0,26.0,24.0,25.0,25.0,24.0,24.0,24.0,40.11525,25.0,38.0,1233.8233333333333,4441764.0,0.0,0.0,4.91319444444444,3.93055555555556,3.68489583333333,25.0,1822.3,1795.0,1359.5,1297.7,0.0,3886.0,0.0,0.0,705.0,2299.0,3.68,9.0,3.68,78.0,0.0,1233.82333333333,0.0,48.0,27.0,27.0,22.5,58.0,28.5,27.5,27.5,28.5,29.0,27.0,27.0,50.0,0.2300000000000182,90.0,24.5,13.804,711.2,25.81,13.947,28.0,-8.1,3.0,0.0,0.0,0.0,22.0,179.0,0.0,28.0,1.0,0.0,825.6,0.0,0.0,0.6000000000000001,9.0,0.0,30.0,0.0,28.0,27.0,350.0,825.6,-50.0,0.0,0.0,0.0,0.0,400.0,0.0,0.0,0.0,0.0,0.0,0.0,46.5,707.6,4.443,63.768715,13.760294,40.0,38.416615824637304,0.0,7.289486683305555,7.28949,411.711629,220.40159,1.2519023860863507,1.2395073129567828,0.9721988520575092,0.0231008982395625,102.85961538461538,40.11525,0.0,,25.57999999999998
685.0,13.3,56.7,707.5,0.0,0.0,0.0,27.0,20.0,26.0,24.0,25.0,25.0,24.0,24.0,24.0,40.11525,25.0,38.0,1233.8233333333333,4441764.0,0.0,0.0,4.91319444444444,3.93055555555556,3.68489583333333,25.0,1822.3,1795.0,1359.5,1297.7,0.0,3886.0,0.0,0.0,705.0,2299.0,3.68,9.0,3.68,78.0,0.0,1233.82333333333,0.0,48.0,27.0,27.0,22.5,58.0,28.5,27.5,27.5,28.5,29.0,27.0,27.0,50.0,0.2300000000000182,90.0,24.5,13.804,711.2,25.81,13.947,28.0,31.200000000000003,3.0,0.0,0.0,0.0,22.0,179.0,0.0,28.0,1.0,0.0,825.6,0.0,0.0,0.6000000000000001,9.0,0.0,30.0,0.0,28.0,27.0,350.0,825.6,-50.0,0.0,0.0,0.0,0.0,400.0,0.0,0.0,0.0,0.0,0.0,0.0,46.5,707.6,4.443,54.1496975,13.7612706,52.140625,38.416615824637304,0.0,7.289486683305555,7.28949,411.711629,220.40159,1.2519023860863507,1.2395073129567828,0.9721988520575092,0.0231008982395625,102.85961538461538,40.11525,0.0,,25.57999999999998
686.0,13.3,38.2,708.7,0.0,0.0,0.0,27.0,20.0,26.0,24.0,25.0,25.0,24.0,24.0,24.0,27.07234,25.0,38.0,1233.8238888888889,4441766.0,0.0,0.0,4.92152777777778,3.93722222222222,3.69114583333333,25.0,1822.3,1795.0,1359.5,1297.7,0.0,4352.0,0.0,0.0,707.0,2299.0,3.68,9.0,3.68,78.0,0.0,1233.82388888889,0.0,48.0,27.0,27.0,23.0,58.0,28.5,27.5,27.5,28.5,29.0,27.0,27.0,55.0,0.2300000000000182,90.0,24.5,13.804,711.2,25.81,13.947,28.0,31.200000000000003,3.0,0.0,0.0,0.0,22.0,179.0,0.0,28.0,1.0,0.0,825.6,0.0,0.0,0.6000000000000001,9.0,0.0,30.0,0.0,28.0,27.0,350.0,825.6,-50.0,0.0,0.0,0.0,0.0,400.0,0.0,0.0,0.0,0.0,0.0,0.0,46.5,708.3000000000001,4.443,54.1496975,13.7612706,52.140625,38.466054131829935,0.0,7.320691929416666,7.320695,411.742834,220.432795,1.267376819888577,1.2548285345431456,1.8469035184989544,0.0153212215863627,54.14468000000001,27.072340000000004,0.0,0.1130202637267887,25.57999999999998
687.0,13.3,38.2,708.7,0.0,0.0,0.0,27.0,20.0,26.0,24.0,25.0,25.0,24.0,24.0,24.0,27.07234,25.0,38.0,1233.8238888888889,4441766.0,0.0,0.0,4.92152777777778,3.93722222222222,3.69114583333333,25.0,1822.3,1795.0,1359.5,1297.7,0.0,4352.0,0.0,0.0,707.0,2299.0,3.68,9.0,3.68,78.0,0.0,1233.82388888889,0.0,48.0,27.0,27.0,23.0,58.0,28.5,27.5,27.5,28.5,29.0,27.0,27.0,55.0,0.2300000000000182,90.0,24.5,13.804,712.0,26.0,13.941,28.0,-3.2,3.0,0.0,0.0,0.0,22.0,179.0,0.0,28.0,1.0,0.0,825.6,0.0,0.0,0.6000000000000001,9.0,0.0,30.0,0.0,28.0,27.0,350.0,825.6,-50.0,0.0,0.0,0.0,0.0,400.0,0.0,0.0,0.0,0.0,0.0,0.0,46.5,708.3000000000001,4.443,47.167365,13.760294,52.0,38.466054131829935,0.0,7.320691929416666,7.320695,411.742834,220.432795,1.267376819888577,1.2548285345431456,1.8469035184989544,0.0153212215863627,54.14468000000001,27.072340000000004,0.0,0.1130202637267887,25.769999999999982
688.0,13.3,29.6,709.5,0.0,0.0,0.0,27.0,20.0,26.0,24.0,25.0,25.0,24.0,24.0,24.0,21.0012,25.0,38.0,1233.8244444444445,4441768.0,0.0,0.0,4.92708333333333,3.94166666666667,3.6953125,25.0,1822.3,1795.0,1359.5,1297.7,0.0,4526.0,0.0,0.0,707.0,2299.0,3.68,11.0,3.68,73.0,0.0,1233.82444444444,0.0,48.0,27.0,27.0,23.0,58.0,28.5,27.5,27.5,28.5,29.0,27.0,27.0,58.0,0.2400000000000091,90.0,24.5,13.804,711.4000000000001,25.57,13.939,28.0,-3.2,3.0,0.0,0.0,0.0,22.0,179.0,0.0,28.0,1.0,0.0,825.6,0.0,0.0,0.6000000000000001,9.0,0.0,30.0,0.0,28.0,27.0,350.0,825.6,-50.0,0.0,0.0,0.0,0.0,400.0,0.0,0.0,0.0,0.0,0.0,0.0,46.5,709.5,4.443,47.167365,13.760294,52.0,38.52261274352225,0.0,7.3527450655277775,7.352748,411.774887,220.464848,1.2790367987066764,1.2663730680264125,2.618897967735177,0.0115445334832666,38.184000000000005,21.0012,0.0,0.1169248051076503,25.32999999999999
689.0,13.3,29.6,709.5,0.0,0.0,0.0,27.0,20.0,26.0,24.0,25.0,25.0,24.0,24.0,24.0,21.0012,25.0,38.0,1233.8244444444445,4441768.0,0.0,0.0,4.92708333333333,3.94166666666667,3.6953125,25.0,1822.3,1795.0,1359.5,1297.7,0.0,4526.0,0.0,0.0,707.0,2299.0,3.68,11.0,3.68,73.0,0.0,1233.82444444444,0.0,48.0,27.0,27.0,23.0,58.0,28.5,27.5,27.5,28.5,29.0,27.0,27.0,58.0,0.2400000000000091,90.0,24.5,13.804,711.4000000000001,25.57,13.939,28.0,0.8,3.0,0.0,0.0,0.0,22.0,179.0,0.0,28.0,1.0,0.0,825.6,0.0,0.0,0.6000000000000001,9.0,0.0,30.0,0.0,28.0,27.0,350.0,825.6,-50.0,0.0,0.0,0.0,0.0,400.0,0.0,0.0,0.0,0.0,0.0,0.0,46.5,709.5,4.443,50.975910000000006,13.7515046,56.0,38.52261274352225,0.0,7.3527450655277775,7.352748,411.774887,220.464848,1.2790367987066764,1.2663730680264125,2.618897967735177,0.0115445334832666,38.184000000000005,21.0012,0.0,0.1169248051076503,25.32999999999999
690.0,13.4,23.0,709.9,0.0,0.0,0.0,27.0,20.0,26.0,24.0,25.0,25.0,24.0,24.0,24.0,16.3277,25.0,38.0,1233.825,4441770.0,0.0,0.0,4.92986111111111,3.94388888888889,3.69739583333333,25.0,1822.3,1795.0,1359.5,1297.7,0.0,4688.0,0.0,0.0,708.0,2299.0,3.7,20.0,3.68,64.0,0.0,1233.825,0.0,48.0,27.0,27.0,23.0,58.0,28.5,27.5,27.5,28.5,29.0,27.0,27.0,60.0,0.2400000000000091,90.0,24.5,13.804,711.4000000000001,25.57,13.939,28.0,0.8,3.0,0.0,0.0,0.0,22.0,179.0,0.0,28.0,1.0,0.0,825.6,0.0,0.0,0.6000000000000001,9.0,0.0,30.0,0.0,28.0,27.0,350.0,825.6,-50.0,0.0,0.0,0.0,0.0,400.0,0.0,0.0,0.0,0.0,0.0,0.0,46.5,709.6,4.443,50.975910000000006,13.7515046,56.0,38.586117816103325,0.0,7.3867074388611105,7.38671,411.808849,220.49881,1.2881057581880964,1.2753522358297984,3.5522455704110194,0.0089791678033861,28.151206896551724,16.3277,0.0,0.0732095342842995,25.32999999999999
691.0,13.4,23.0,709.9,0.0,0.0,0.0,27.0,20.0,26.0,24.0,25.0,25.0,24.0,24.0,24.0,16.3277,25.0,38.0,1233.825,4441770.0,0.0,0.0,4.92986111111111,3.94388888888889,3.69739583333333,25.0,1822.3,1795.0,1359.5,1297.7,0.0,4688.0,0.0,0.0,708.0,2299.0,3.7,20.0,3.68,64.0,0.0,1233.825,0.0,48.0,27.0,27.0,23.0,58.0,28.5,27.5,27.5,28.5,29.0,27.0,27.0,60.0,0.2599999999999909,90.0,24.5,13.802,712.0,25.47,13.946,28.0,-1.5,3.0,0.0,0.0,0.0,22.0,179.0,0.0,28.0,1.0,0.0,825.6,0.0,0.0,0.6000000000000001,9.0,0.0,30.0,0.0,28.0,27.0,350.0,825.6,-50.0,0.0,0.0,0.0,0.0,400.0,0.0,0.0,0.0,0.0,0.0,0.0,46.5,709.6,4.443,48.2903975,13.760294,60.296875,38.586117816103325,0.0,7.3867074388611105,7.38671,411.808849,220.49881,1.2881057581880964,1.2753522358297984,3.5522455704110194,0.0089791678033861,28.151206896551724,16.3277,0.0,0.0732095342842995,25.210000000000008
692.0,13.4,19.7,709.9,0.0,0.0,0.0,27.0,20.0,26.0,24.0,25.0,25.0,24.0,24.0,24.0,13.98503,25.0,38.0,1233.8255555555556,4441772.0,0.0,0.0,4.92986111111111,3.94388888888889,3.69739583333333,25.0,1822.3,1795.0,1359.5,1297.7,0.0,4816.0,0.0,0.0,708.0,2291.0,3.7,9.0,3.68,49.0,0.0,1233.82555555556,0.0,48.0,27.0,27.0,23.0,58.0,28.5,27.5,27.5,28.5,29.0,27.0,27.0,61.0,0.2599999999999909,90.0,24.5,13.802,712.0,25.47,13.946,28.0,-1.5,3.0,0.0,0.0,0.0,22.0,179.0,0.0,28.0,1.0,0.0,825.6,0.0,0.0,0.6000000000000001,9.0,0.0,30.0,0.0,28.0,27.0,350.0,825.6,-50.0,0.0,0.0,0.0,0.0,400.0,0.0,0.0,0.0,0.0,0.0,0.0,46.5,709.4000000000001,4.443,48.2903975,13.760294,60.296875,38.652331245645264,0.0,7.421306435527777,7.421309,411.843448,220.533409,1.2963484584263685,1.2835133251746222,4.2903018441862475,0.0081610893448238,23.30838333333333,13.985029999999998,0.0,0.0384451483124385,25.210000000000008
693.0,13.4,19.7,709.9,0.0,0.0,0.0,27.0,20.0,26.0,24.0,25.0,25.0,24.0,24.0,24.0,13.98503,25.0,38.0,1233.8255555555556,4441772.0,0.0,0.0,4.92986111111111,3.94388888888889,3.69739583333333,25.0,1822.3,1795.0,1359.5,1297.7,0.0,4816.0,0.0,0.0,708.0,2291.0,3.7,9.0,3.68,49.0,0.0,1233.82555555556,0.0,48.0,27.0,27.0,23.0,58.0,28.5,27.5,27.5,28.5,29.0,27.0,27.0,61.0,0.2400000000000091,90.0,24.5,13.803,713.0,25.49,13.946,28.0,4.4,3.0,0.0,0.0,0.0,22.0,179.0,0.0,28.0,1.0,0.0,825.6,0.0,0.0,0.6000000000000001,9.0,0.0,30.0,0.0,28.0,27.0,350.0,825.6,-50.0,0.0,0.0,0.0,0.0,400.0,0.0,0.0,0.0,0.0,0.0,0.0,46.5,709.4000000000001,4.443,42.18696,13.7695717,61.09375,38.652331245645264,0.0,7.421306435527777,7.421309,411.843448,220.533409,1.2963484584263685,1.2835133251746222,4.2903018441862475,0.0081610893448238,23.30838333333333,13.985029999999998,0.0,0.0384451483124385,25.24999999999999
694.0,13.3,12.4,710.8,0.0,0.0,0.0,27.0,20.0,26.0,24.0,25.0,25.0,24.0,24.0,24.0,8.81392,25.0,38.0,1233.826111111111,4441774.0,0.0,0.0,4.93611111111111,3.94888888888889,3.70208333333333,25.0,1822.3,1795.1,1359.5,1297.7,0.0,4789.0,0.0,0.0,709.0,2291.0,3.7,11.0,3.68,77.0,0.0,1233.82611111111,0.0,48.0,27.0,27.0,23.0,58.0,28.5,27.5,27.5,28.5,29.0,27.0,27.0,61.0,0.2400000000000091,90.0,24.5,13.803,713.0,25.49,13.946,28.0,4.4,3.0,0.0,0.0,0.0,22.0,179.0,0.0,28.0,1.0,0.0,825.6,0.0,0.0,0.6000000000000001,9.0,0.0,30.0,0.0,28.0,27.0,350.0,825.6,-50.0,0.0,0.0,0.0,0.0,400.0,0.0,0.0,0.0,0.0,0.0,0.0,46.5,710.8000000000001,4.443,42.18696,13.7695717,61.09375,38.71685104709107,0.0,7.455218245166666,7.455221,411.87736,220.567321,1.3013242040800297,1.2884398060198312,6.9208706228329735,0.0049264808452088,14.449049180327869,8.81392,0.0,0.021062532165766,25.24999999999999
695.0,13.3,12.4,710.8,0.0,0.0,0.0,27.0,20.0,26.0,24.0,25.0,25.0,24.0,24.0,24.0,8.81392,25.0,38.0,1233.826111111111,4441774.0,0.0,0.0,4.93611111111111,3.94888888888889,3.70208333333333,25.0,1822.3,1795.1,1359.5,1297.7,0.0,4789.0,0.0,0.0,709.0,2291.0,3.7,11.0,3.68,77.0,0.0,1233.82611111111,0.0,48.0,27.0,27.0,23.0,58.0,28.5,27.5,27.5,28.5,29.0,27.0,27.0,61.0,0.2400000000000091,90.0,24.5,13.803,713.0,26.11,13.951,28.0,8.0,3.0,0.0,0.0,0.0,22.0,179.0,0.0,28.0,1.0,0.0,825.6,0.0,0.0,0.6000000000000001,9.0,0.0,30.0,0.0,28.0,27.0,350.0,825.6,-50.0,0.0,0.0,0.0,0.0,400.0,0.0,0.0,0.0,0.0,0.0,0.0,46.5,710.8000000000001,4.443,45.653712500000005,13.760294,60.8125,38.71685104709107,0.0,7.455218245166666,7.455221,411.87736,220.567321,1.3013242040800297,1.2884398060198312,6.9208706228329735,0.0049264808452088,14.449049180327869,8.81392,0.0,0.021062532165766,25.86999999999999
696.0,13.3,33.4,708.9,0.0,0.0,0.0,27.0,20.0,26.0,24.0,25.0,25.0,24.0,24.0,24.0,23.67726,25.0,38.0,1233.8266666666666,4441776.0,0.0,0.0,4.92291666666667,3.93833333333333,3.6921875,25.0,1822.3,1795.1,1359.5,1297.7,0.0,4889.0,0.0,0.0,707.0,2291.0,3.68,9.0,3.68,78.0,0.0,1233.82666666667,0.0,48.0,27.0,27.0,23.0,58.0,28.5,27.5,27.5,28.5,29.0,27.0,27.0,62.0,0.2400000000000091,90.0,24.5,13.803,713.0,26.11,13.951,28.0,8.0,3.0,0.0,0.0,0.0,22.0,179.0,0.0,28.0,1.0,0.0,825.6,0.0,0.0,0.6000000000000001,9.0,0.0,30.0,0.0,28.0,27.0,350.0,825.6,-50.0,0.0,0.0,0.0,0.0,400.0,0.0,0.0,0.0,0.0,0.0,0.0,46.5,709.2,4.443,45.653712500000005,13.760294,60.8125,38.782464031191914,0.0,7.488956738666666,7.488959,411.911098,220.601059,1.3143250320319706,1.3013119129029411,2.5763116171381317,0.01287210688311,38.815180327868845,23.677259999999997,0.0,0.0140778685399706,25.86999999999999
697.0,13.3,33.4,708.9,0.0,0.0,0.0,27.0,20.0,26.0,24.0,25.0,25.0,24.0,24.0,24.0,23.67726,25.0,38.0,1233.8266666666666,4441776.0,0.0,0.0,4.92291666666667,3.93833333333333,3.6921875,25.0,1822.3,1795.1,1359.5,1297.7,0.0,4889.0,0.0,0.0,707.0,2291.0,3.68,9.0,3.68,78.0,0.0,1233.82666666667,0.0,48.0,27.0,27.0,23.0,58.0,28.5,27.5,27.5,28.5,29.0,27.0,27.0,62.0,0.25,90.0,24.5,13.803,711.4000000000001,25.38,13.947,28.0,0.9,3.0,0.0,0.0,0.0,22.0,179.0,0.0,28.0,1.0,0.0,825.6,0.0,0.0,0.6000000000000001,9.0,0.0,30.0,0.0,28.0,27.0,350.0,825.6,-50.0,0.0,0.0,0.0,0.0,400.0,0.0,0.0,0.0,0.0,0.0,0.0,46.5,709.2,4.443,51.6106675,13.760294,60.0,38.782464031191914,0.0,7.488956738666666,7.488959,411.911098,220.601059,1.3143250320319706,1.3013119129029411,2.5763116171381317,0.01287210688311,38.815180327868845,23.677259999999997,0.0,0.0140778685399706,25.13
698.0,13.3,24.9,709.3,0.0,0.0,0.0,27.0,20.0,26.0,24.0,25.0,25.0,24.0,24.0,24.0,17.66157,25.0,38.0,1233.8272222222222,4441778.0,0.0,0.0,4.92569444444444,3.94055555555556,3.69427083333333,25.0,1822.3,1795.1,1359.5,1297.7,0.0,5044.0,0.0,0.0,707.0,2291.0,3.68,9.0,3.68,78.0,0.0,1233.82722222222,0.0,47.5,27.0,27.0,23.0,58.0,28.5,27.5,27.5,28.5,29.0,27.0,27.0,64.0,0.25,90.0,24.5,13.803,711.4000000000001,25.38,13.947,28.0,0.9,3.0,0.0,0.0,0.0,22.0,179.0,0.0,28.0,1.0,0.0,825.6,0.0,0.0,0.6000000000000001,9.0,0.0,30.0,0.0,28.0,27.0,350.0,825.6,-50.0,0.0,0.0,0.0,0.0,400.0,0.0,0.0,0.0,0.0,0.0,0.0,46.5,708.7,4.443,51.6106675,13.760294,60.0,38.85378306388418,0.0,7.52400759911111,7.52401,411.946149,220.63611,1.323939487090866,1.310831175337491,3.510446693017665,0.0095192624345499,28.486403225806452,17.661569999999998,0.0,0.0142465818073429,25.13
699.0,13.3,24.9,709.3,0.0,0.0,0.0,27.0,20.0,26.0,24.0,25.0,25.0,24.0,24.0,24.0,17.66157,25.0,38.0,1233.8272222222222,4441778.0,0.0,0.0,4.92569444444444,3.94055555555556,3.69427083333333,25.0,1822.3,1795.1,1359.5,1297.7,0.0,5044.0,0.0,0.0,707.0,2291.0,3.68,9.0,3.68,78.0,0.0,1233.82722222222,0.0,47.5,27.0,27.0,23.0,58.0,28.5,27.5,27.5,28.5,29.0,27.0,27.0,64.0,0.25,90.0,24.5,13.804,714.0,25.83,13.946,28.0,4.6000000000000005,3.0,0.0,0.0,0.0,22.0,179.0,0.0,28.0,1.0,0.0,825.6,0.0,0.0,0.6000000000000001,9.0,0.0,30.0,0.0,28.0,27.0,350.0,825.6,-50.0,0.0,0.0,0.0,0.0,400.0,0.0,0.0,0.0,0.0,0.0,0.0,46.5,708.7,4.443,36.1811775,13.7612706,60.0,38.85378306388418,0.0,7.52400759911111,7.52401,411.946149,220.63611,1.323939487090866,1.310831175337491,3.510446693017665,0.0095192624345499,28.486403225806452,17.661569999999998,0.0,0.0142465818073429,25.58
700.0,13.3,-2.9,711.9,0.0,0.0,0.0,27.0,20.0,26.0,24.0,25.0,25.0,24.0,24.0,24.0,-2.06451,25.0,38.0,1233.8277777777778,4441780.0,0.0,0.0,4.94375,3.955,3.7078125,25.0,1822.3,1795.1,1359.5,1297.8,0.0,4879.0,0.0,0.0,710.0,2291.0,3.7,9.0,3.7,49.0,0.0,1233.82777777778,0.0,47.5,27.0,27.0,23.0,58.0,28.5,27.5,27.5,28.5,29.0,27.0,27.0,61.0,0.2400000000000091,90.0,24.5,13.804,715.1,25.58,13.952,28.0,4.6000000000000005,3.0,0.0,0.0,0.0,22.0,179.0,0.0,28.0,1.0,0.0,825.6,0.0,0.0,0.6000000000000001,9.0,0.0,30.0,0.0,28.0,27.0,350.0,825.6,-50.0,0.0,0.0,0.0,0.0,400.0,0.0,0.0,0.0,0.0,0.0,0.0,46.5,712.0,4.443,36.1811775,13.7612706,60.0,38.91695660545178,0.0,7.557800233388888,7.557803,411.979942,220.669903,1.322774334798811,1.3096775592067436,-31.000092031523224,-0.0011536161307475,-3.225796875,-2.06451,0.0,0.0142465818073429,25.33999999999999
701.0,13.3,-2.9,711.9,0.0,0.0,0.0,27.0,20.0,26.0,24.0,25.0,25.0,24.0,24.0,24.0,-2.06451,25.0,38.0,1233.8277777777778,4441780.0,0.0,0.0,4.94375,3.955,3.7078125,25.0,1822.3,1795.1,1359.5,1297.8,0.0,4879.0,0.0,0.0,710.0,2291.0,3.7,9.0,3.7,49.0,0.0,1233.82777777778,0.0,47.5,27.0,27.0,23.0,58.0,28.5,27.5,27.5,28.5,29.0,27.0,27.0,61.0,0.2400000000000091,90.0,24.5,13.804,715.1,25.58,13.952,28.0,1.6,3.0,0.0,0.0,0.0,22.0,179.0,0.0,28.0,1.0,0.0,825.6,0.0,0.0,0.6000000000000001,9.0,0.0,30.0,0.0,28.0,27.0,350.0,825.6,-50.0,0.0,0.0,0.0,0.0,400.0,0.0,0.0,0.0,0.0,0.0,0.0,46.5,712.0,4.443,36.1811775,13.760294,60.921875,38.91695660545178,0.0,7.557800233388888,7.557803,411.979942,220.669903,1.322774334798811,1.3096775592067436,-31.000092031523224,-0.0011536161307475,-3.225796875,-2.06451,0.0,0.0142465818073429,25.33999999999999
702.0,13.3,-2.9,712.2,0.0,0.0,0.0,27.0,20.0,26.0,24.0,25.0,25.0,24.0,24.0,24.0,-2.06538,25.0,38.0,1233.8283333333334,4441782.0,0.0,0.0,4.94583333333333,3.95666666666667,3.709375,25.0,1822.3,1795.1,1359.5,1297.8,0.0,4689.0,0.0,0.0,710.0,2303.0,3.7,9.0,3.7,40.0,0.0,1233.82833333333,0.0,47.5,27.0,27.0,23.0,58.0,28.5,27.5,27.5,28.5,29.0,27.0,27.0,59.0,0.2400000000000091,90.0,24.5,13.803,715.1,25.42,13.937,28.0,1.6,3.0,0.0,0.0,0.0,22.0,179.0,0.0,28.0,1.0,0.0,825.6,0.0,0.0,0.6000000000000001,9.0,0.0,30.0,0.0,28.0,27.0,350.0,825.6,-50.0,0.0,0.0,0.0,0.0,400.0,0.0,0.0,0.0,0.0,0.0,0.0,46.5,712.1,4.443,36.1811775,13.760294,60.921875,38.97285252369746,0.0,7.589779577277777,7.589782,412.011921,220.701882,1.3216452363233648,1.3085596399241235,-29.534516650688975,-0.00111791928262,-3.3858688524590166,-2.06538,0.0,,25.179999999999993
703.0,13.3,-2.9,712.2,0.0,0.0,0.0,27.0,20.0,26.0,24.0,25.0,25.0,24.0,24.0,24.0,-2.06538,25.0,38.0,1233.8283333333334,4441782.0,0.0,0.0,4.94583333333333,3.95666666666667,3.709375,25.0,1822.3,1795.1,1359.5,1297.8,0.0,4689.0,0.0,0.0,710.0,2303.0,3.7,9.0,3.7,40.0,0.0,1233.82833333333,0.0,47.5,27.0,27.0,23.0,58.0,28.5,27.5,27.5,28.5,29.0,27.0,27.0,59.0,0.2400000000000091,90.0,24.5,13.803,715.1,25.42,13.937,28.0,6.9,3.0,0.0,0.0,0.0,22.0,179.0,0.0,27.0,1.0,0.0,825.6,0.0,0.0,0.6000000000000001,9.0,0.0,30.0,0.0,27.0,27.0,350.0,825.6,-50.0,0.0,0.0,0.0,0.0,400.0,0.0,0.0,0.0,0.0,0.0,0.0,46.5,712.1,4.443,34.5210425,13.760294,56.0,38.97285252369746,0.0,7.589779577277777,7.589782,412.011921,220.701882,1.3216452363233648,1.3085596399241235,-29.534516650688975,-0.00111791928262,-3.3858688524590166,-2.06538,0.0,,25.179999999999993
704.0,13.4,-4.9,712.4,0.0,0.0,0.0,27.0,20.0,26.0,24.0,25.0,25.0,24.0,24.0,24.0,-3.49076,25.0,38.0,1233.828888888889,4441784.0,0.0,0.0,4.94722222222222,3.95777777777778,3.71041666666667,25.0,1822.3,1795.1,1359.5,1297.8,0.0,4490.0,0.0,0.0,710.0,2303.0,3.7,9.0,3.7,78.0,0.0,1233.82888888889,0.0,47.5,27.0,27.0,23.0,58.0,28.5,27.5,27.5,28.5,29.0,27.0,27.0,56.0,0.2400000000000091,90.0,24.5,13.805,715.1,25.37,13.936,28.0,6.9,3.0,0.0,0.0,0.0,22.0,179.0,0.0,27.0,1.0,0.0,825.6,0.0,0.0,0.6000000000000001,9.0,0.0,30.0,0.0,27.0,27.0,350.0,825.6,-50.0,0.0,0.0,0.0,0.0,400.0,0.0,0.0,0.0,0.0,0.0,0.0,46.5,712.5,4.443,34.5210425,13.760294,56.0,39.02042296241625,0.0,7.620333381055555,7.620336,412.042475,220.732436,1.3197069813649631,1.3066405756088746,-16.901763512816693,-0.0019190643152488,-5.916542372881357,-3.4907600000000003,0.0,-0.0215645529307827,25.129999999999992
705.0,13.4,-4.9,712.4,0.0,0.0,0.0,27.0,20.0,26.0,24.0,25.0,25.0,24.0,24.0,24.0,-3.49076,25.0,38.0,1233.828888888889,4441784.0,0.0,0.0,4.94722222222222,3.95777777777778,3.71041666666667,25.0,1822.3,1795.1,1359.5,1297.8,0.0,4490.0,0.0,0.0,710.0,2303.0,3.7,9.0,3.7,78.0,0.0,1233.82888888889,0.0,47.5,27.0,27.0,23.0,58.0,28.5,27.5,27.5,28.5,29.0,27.0,27.0,56.0,0.2400000000000091,90.0,24.5,13.805,715.1,25.37,13.936,28.0,3.0,3.0,0.0,0.0,0.0,22.0,179.0,0.0,28.0,1.0,0.0,825.6,0.0,0.0,0.6000000000000001,9.0,0.0,30.0,0.0,28.0,27.0,350.0,825.6,-50.0,0.0,0.0,0.0,0.0,400.0,0.0,0.0,0.0,0.0,0.0,0.0,46.5,712.5,4.443,36.32766,13.760294,52.0,39.02042296241625,0.0,7.620333381055555,7.620336,412.042475,220.732436,1.3197069813649631,1.3066405756088746,-16.901763512816693,-0.0019190643152488,-5.916542372881357,-3.4907600000000003,0.0,-0.0215645529307827,25.129999999999992
706.0,13.4,11.8,710.9,0.0,0.0,0.0,27.0,20.0,26.0,24.0,25.0,25.0,24.0,24.0,24.0,8.38862,25.0,38.0,1233.8294444444443,4441786.0,0.0,0.0,4.93680555555556,3.94944444444444,3.70260416666667,25.0,1822.3,1795.1,1359.5,1297.8,0.0,4383.0,0.0,0.0,709.0,2303.0,3.7,9.0,3.68,49.0,0.0,1233.82944444444,0.0,47.5,27.0,27.0,23.0,58.0,28.5,27.5,27.5,28.5,29.0,27.0,27.0,55.0,0.2400000000000091,90.0,24.5,13.803,715.1,25.25,13.948,28.0,3.0,3.0,0.0,0.0,0.0,22.0,179.0,0.0,28.0,1.0,0.0,825.6,0.0,0.0,0.6000000000000001,9.0,0.0,30.0,0.0,28.0,27.0,350.0,825.6,-50.0,0.0,0.0,0.0,0.0,400.0,0.0,0.0,0.0,0.0,0.0,0.0,46.5,711.3000000000001,4.443,36.32766,13.760294,52.0,39.066261197423984,0.0,7.6512331250833325,7.651236,412.073375,220.763336,1.3244356544071807,1.3113224301061197,6.675710665163042,0.004681854497245,14.979678571428574,8.388620000000001,0.0,-0.0320226833493514,25.00999999999999
707.0,13.4,11.8,710.9,0.0,0.0,0.0,27.0,20.0,26.0,24.0,25.0,25.0,24.0,24.0,24.0,8.38862,25.0,38.0,1233.8294444444443,4441786.0,0.0,0.0,4.93680555555556,3.94944444444444,3.70260416666667,25.0,1822.3,1795.1,1359.5,1297.8,0.0,4383.0,0.0,0.0,709.0,2303.0,3.7,9.0,3.68,49.0,0.0,1233.82944444444,0.0,47.5,27.0,27.0,23.0,58.0,28.5,27.5,27.5,28.5,29.0,27.0,27.0,55.0,0.2400000000000091,90.0,24.5,13.803,715.1,25.25,13.948,28.0,3.3000000000000003,3.0,0.0,0.0,0.0,22.0,179.0,0.0,28.0,1.0,0.0,825.6,0.0,0.0,0.6000000000000001,9.0,0.0,30.0,0.0,28.0,27.0,350.0,825.6,-50.0,0.0,0.0,0.0,0.0,400.0,0.0,0.0,0.0,0.0,0.0,0.0,46.5,711.3000000000001,4.443,36.669452500000006,13.7427152,52.0,39.066261197423984,0.0,7.6512331250833325,7.651236,412.073375,220.763336,1.3244356544071807,1.3113224301061197,6.675710665163042,0.004681854497245,14.979678571428574,8.388620000000001,0.0,-0.0320226833493514,25.00999999999999
708.0,13.3,4.5,711.7,0.0,0.0,0.0,27.0,20.0,26.0,24.0,25.0,25.0,24.0,24.0,24.0,3.20265,25.0,38.0,1233.83,4441788.0,0.0,0.0,4.94236111111111,3.95388888888889,3.70677083333333,25.0,1822.3,1795.1,1359.5,1297.8,0.0,4223.0,0.0,0.0,710.0,2303.0,3.7,9.0,3.7,77.0,0.0,1233.83,0.0,47.5,27.0,27.0,23.0,58.0,28.5,27.5,27.5,28.5,29.0,27.0,27.0,53.0,0.25,90.0,24.5,13.804,715.1,25.48,13.941,28.0,3.3000000000000003,3.0,0.0,0.0,0.0,22.0,179.0,0.0,28.0,1.0,0.0,825.6,0.0,0.0,0.6000000000000001,9.0,0.0,30.0,0.0,28.0,27.0,350.0,825.6,-50.0,0.0,0.0,0.0,0.0,400.0,0.0,0.0,0.0,0.0,0.0,0.0,46.5,711.3000000000001,4.443,36.669452500000006,13.7427152,52.0,39.10571326449646,0.0,7.680707117027777,7.68071,412.102849,220.79281,1.3262457392126807,1.313114593279882,17.173278378842518,0.0017921631737625,5.823,3.20265,0.0,-0.0285212354507963,25.23
709.0,13.3,4.5,711.7,0.0,0.0,0.0,27.0,20.0,26.0,24.0,25.0,25.0,24.0,24.0,24.0,3.20265,25.0,38.0,1233.83,4441788.0,0.0,0.0,4.94236111111111,3.95388888888889,3.70677083333333,25.0,1822.3,1795.1,1359.5,1297.8,0.0,4223.0,0.0,0.0,710.0,2303.0,3.7,9.0,3.7,77.0,0.0,1233.83,0.0,47.5,27.0,27.0,23.0,58.0,28.5,27.5,27.5,28.5,29.0,27.0,27.0,53.0,0.25,90.0,24.5,13.804,715.1,25.48,13.941,28.0,0.6000000000000001,3.0,0.0,0.0,0.0,22.0,179.0,0.0,28.0,1.0,0.0,825.6,0.0,0.0,0.6000000000000001,9.0,0.0,30.0,0.0,28.0,27.0,350.0,825.6,-50.0,0.0,0.0,0.0,0.0,400.0,0.0,0.0,0.0,0.0,0.0,0.0,46.5,711.3000000000001,4.443,36.52297,13.760294,52.65625,39.10571326449646,0.0,7.680707117027777,7.68071,412.102849,220.79281,1.3262457392126807,1.313114593279882,17.173278378842518,0.0017921631737625,5.823,3.20265,0.0,-0.0285212354507963,25.23
710.0,13.3,-0.9,712.1,0.0,0.0,0.0,27.0,20.0,26.0,24.0,25.0,25.0,24.0,24.0,24.0,-0.64089,25.0,38.0,1233.8305555555555,4441790.0,0.0,0.0,4.94513888888889,3.95611111111111,3.70885416666667,25.0,1822.3,1795.1,1359.5,1297.8,0.0,4041.0,0.0,0.0,710.0,2304.0,3.7,9.0,3.7,40.0,0.0,1233.83055555556,0.0,47.5,27.0,27.0,23.0,58.0,28.5,27.5,27.5,28.5,29.0,27.0,27.0,51.0,0.2400000000000091,90.0,24.5,13.804,715.1,25.91,13.94,28.0,0.6000000000000001,3.0,0.0,0.0,0.0,22.0,179.0,0.0,28.0,1.0,0.0,825.6,0.0,0.0,0.6000000000000001,9.0,0.0,30.0,0.0,28.0,27.0,350.0,825.6,-50.0,0.0,0.0,0.0,0.0,400.0,0.0,0.0,0.0,0.0,0.0,0.0,46.5,711.8000000000001,4.443,36.52297,13.760294,52.65625,39.13888718628446,0.0,7.70872288611111,7.708726,412.130865,220.820826,1.3258899170115126,1.3127622940708046,-82.69749879074413,-0.0003522992090775,-1.2092264150943393,-0.64089,0.0,-0.0284319243632478,25.66999999999999
711.0,13.3,-0.9,712.1,0.0,0.0,0.0,27.0,20.0,26.0,24.0,25.0,25.0,24.0,24.0,24.0,-0.64089,25.0,38.0,1233.8305555555555,4441790.0,0.0,0.0,4.94513888888889,3.95611111111111,3.70885416666667,25.0,1822.3,1795.1,1359.5,1297.8,0.0,4041.0,0.0,0.0,710.0,2304.0,3.7,9.0,3.7,40.0,0.0,1233.83055555556,0.0,47.5,27.0,27.0,23.0,58.0,28.5,27.5,27.5,28.5,29.0,27.0,27.0,51.0,0.2400000000000091,90.0,24.5,13.804,715.1,25.91,13.94,28.0,-5.5,3.0,0.0,0.0,0.0,22.0,179.0,0.0,28.0,1.0,0.0,825.6,0.0,0.0,0.6000000000000001,9.0,0.0,30.0,0.0,28.0,27.0,350.0,825.6,-50.0,0.0,0.0,0.0,0.0,400.0,0.0,0.0,0.0,0.0,0.0,0.0,46.5,711.8000000000001,4.443,30.712497500000005,13.7612706,49.78125,39.13888718628446,0.0,7.70872288611111,7.708726,412.130865,220.820826,1.3258899170115126,1.3127622940708046,-82.69749879074413,-0.0003522992090775,-1.2092264150943393,-0.64089,0.0,-0.0284319243632478,25.66999999999999
712.0,13.3,0.7,712.1,0.0,0.0,0.0,27.0,20.0,26.0,24.0,25.0,25.0,24.0,24.0,24.0,0.49847,25.0,38.0,1233.831111111111,4441792.0,0.0,0.0,4.94513888888889,3.95611111111111,3.70885416666667,25.0,1822.3,1795.1,1359.5,1297.8,0.0,3820.0,0.0,0.0,710.0,2304.0,3.7,9.0,3.7,78.0,0.0,1233.83111111111,0.0,47.5,27.0,27.0,23.0,58.0,28.5,27.5,27.5,28.5,29.0,27.0,27.0,48.0,0.2300000000000182,90.0,24.5,13.803,715.1,25.93,13.945,28.0,-5.5,3.0,0.0,0.0,0.0,22.0,179.0,0.0,28.0,1.0,0.0,825.6,0.0,0.0,0.6000000000000001,9.0,0.0,30.0,0.0,28.0,27.0,350.0,825.6,-50.0,0.0,0.0,0.0,0.0,400.0,0.0,0.0,0.0,0.0,0.0,0.0,46.5,712.1,4.443,30.712497500000005,13.7612706,49.78125,39.16404091010842,0.0,7.73563599011111,7.735639,412.157778,220.847739,1.3261712400019914,1.31304083168514,102.31307801873734,0.0002785376143355,0.977392156862745,0.4984699999999999,0.0,-0.0282678108807216,25.69999999999998
713.0,13.3,0.7,712.1,0.0,0.0,0.0,27.0,20.0,26.0,24.0,25.0,25.0,24.0,24.0,24.0,0.49847,25.0,38.0,1233.831111111111,4441792.0,0.0,0.0,4.94513888888889,3.95611111111111,3.70885416666667,25.0,1822.3,1795.1,1359.5,1297.8,0.0,3820.0,0.0,0.0,710.0,2304.0,3.7,9.0,3.7,78.0,0.0,1233.83111111111,0.0,47.5,27.0,27.0,23.0,58.0,28.5,27.5,27.5,28.5,29.0,27.0,27.0,48.0,0.2300000000000182,90.0,24.5,13.803,715.1,25.93,13.945,28.0,18.7,3.0,0.0,0.0,0.0,22.0,179.0,0.0,28.0,1.0,0.0,825.6,0.0,0.0,0.6000000000000001,9.0,0.0,30.0,0.0,28.0,27.0,350.0,825.6,-50.0,0.0,0.0,0.0,0.0,400.0,0.0,0.0,0.0,0.0,0.0,0.0,46.5,712.1,4.443,34.37456,13.760294,44.0,39.16404091010842,0.0,7.73563599011111,7.735639,412.157778,220.847739,1.3261712400019914,1.31304083168514,102.31307801873734,0.0002785376143355,0.977392156862745,0.4984699999999999,0.0,-0.0282678108807216,25.69999999999998
714.0,13.4,-3.4,712.6,0.0,0.0,0.0,27.0,20.0,26.0,24.0,25.0,25.0,24.0,24.0,24.0,-2.42284,25.0,38.0,1233.8316666666667,4441794.0,0.0,0.0,4.94861111111111,3.95888888888889,3.71145833333333,25.0,1822.3,1795.1,1359.5,1297.8,0.0,3557.0,0.0,0.0,710.0,2304.0,3.7,9.0,3.7,77.0,0.0,1233.83166666667,0.0,47.5,27.0,27.0,23.0,58.0,28.5,27.5,27.5,28.5,29.0,27.0,27.0,44.0,0.25,90.0,24.5,13.803,715.2,25.9,13.952,28.0,18.7,3.0,0.0,0.0,0.0,22.0,179.0,0.0,28.0,1.0,0.0,825.6,0.0,0.0,0.6000000000000001,9.0,0.0,30.0,0.0,28.0,27.0,350.0,825.6,-50.0,0.0,0.0,0.0,0.0,400.0,0.0,0.0,0.0,0.0,0.0,0.0,46.5,712.1,4.443,34.37456,13.760294,44.0,39.17727830185071,0.0,7.759490550999999,7.759494,412.181633,220.871594,1.3248462571435398,1.3117289674688513,-19.811460930148087,-0.0013118642162888,-5.047583333333335,-2.4228400000000003,0.0,-0.0391918855358132,25.65
715.0,13.4,-3.4,712.6,0.0,0.0,0.0,27.0,20.0,26.0,24.0,25.0,25.0,24.0,24.0,24.0,-2.42284,25.0,38.0,1233.8316666666667,4441794.0,0.0,0.0,4.94861111111111,3.95888888888889,3.71145833333333,25.0,1822.3,1795.1,1359.5,1297.8,0.0,3557.0,0.0,0.0,710.0,2304.0,3.7,9.0,3.7,77.0,0.0,1233.83166666667,0.0,47.5,27.0,27.0,23.0,58.0,28.5,27.5,27.5,28.5,29.0,27.0,27.0,44.0,0.25,90.0,24.5,13.803,715.2,25.9,13.952,28.0,11.4,3.0,0.0,0.0,0.0,22.0,179.0,0.0,28.0,1.0,0.0,825.6,0.0,0.0,0.6000000000000001,9.0,0.0,30.0,0.0,28.0,27.0,350.0,825.6,-50.0,0.0,0.0,0.0,0.0,400.0,0.0,0.0,0.0,0.0,0.0,0.0,46.5,712.1,4.443,33.00739,13.760294,40.0,39.17727830185071,0.0,7.759490550999999,7.759494,412.181633,220.871594,1.3248462571435398,1.3117289674688513,-19.811460930148087,-0.0013118642162888,-5.047583333333335,-2.4228400000000003,0.0,-0.0391918855358132,25.65
716.0,13.3,3.0,712.0,0.0,0.0,0.0,27.0,20.0,26.0,24.0,25.0,25.0,24.0,24.0,24.0,2.136,25.0,38.0,1233.8322222222223,4441796.0,0.0,0.0,4.94444444444444,3.95555555555556,3.70833333333333,25.0,1822.3,1795.1,1359.5,1297.8,0.0,3307.0,0.0,0.0,710.0,2304.0,3.7,9.0,3.7,61.0,0.0,1233.83222222222,0.0,47.5,27.0,27.0,23.0,58.0,28.5,27.5,27.5,28.5,29.0,27.0,27.0,41.0,0.2400000000000091,90.0,24.5,13.803,715.1,25.34,13.945,28.0,11.4,3.0,0.0,0.0,0.0,22.0,179.0,0.0,28.0,1.0,0.0,825.6,0.0,0.0,0.6000000000000001,9.0,0.0,30.0,0.0,28.0,27.0,350.0,825.6,-50.0,0.0,0.0,0.0,0.0,400.0,0.0,0.0,0.0,0.0,0.0,0.0,46.5,712.0,4.442,33.00739,13.760294,40.0,39.18230035038564,0.0,7.781926352333333,7.78193,412.204069,220.89403,1.326031115331393,1.3129020943875178,20.59925093632959,0.0011731269186666,4.8545454545454545,2.136,0.0,-0.0429148353704353,25.09999999999999
717.0,13.3,3.0,712.0,0.0,0.0,0.0,27.0,20.0,26.0,24.0,25.0,25.0,24.0,24.0,24.0,2.136,25.0,38.0,1233.8322222222223,4441796.0,0.0,0.0,4.94444444444444,3.95555555555556,3.70833333333333,25.0,1822.3,1795.1,1359.5,1297.8,0.0,3307.0,0.0,0.0,710.0,2304.0,3.7,9.0,3.7,61.0,0.0,1233.83222222222,0.0,47.5,27.0,27.0,23.0,58.0,28.5,27.5,27.5,28.5,29.0,27.0,27.0,41.0,0.2400000000000091,90.0,24.5,13.803,715.1,25.34,13.945,28.0,-16.5,3.0,0.0,0.0,0.0,22.0,179.0,0.0,28.0,1.0,0.0,825.6,0.0,0.0,0.6000000000000001,9.0,0.0,30.0,0.0,28.0,27.0,350.0,825.6,-50.0,0.0,0.0,0.0,0.0,400.0,0.0,0.0,0.0,0.0,0.0,0.0,46.5,712.0,4.442,31.200772500000003,13.760294,40.5,39.18230035038564,0.0,7.781926352333333,7.78193,412.204069,220.89403,1.326031115331393,1.3129020943875178,20.59925093632959,0.0011731269186666,4.8545454545454545,2.136,0.0,-0.0429148353704353,25.09999999999999
718.0,13.3,-11.9,713.3,0.0,0.0,0.0,27.0,20.0,26.0,24.0,25.0,25.0,24.0,24.0,24.0,-8.48827,25.0,38.0,1233.8327777777777,4441798.0,0.0,0.0,4.95347222222222,3.96277777777778,3.71510416666667,25.0,1822.3,1795.1,1359.5,1297.8,0.0,2998.0,0.0,0.0,711.0,2304.0,3.7,9.0,3.7,49.0,0.0,1233.83277777778,0.0,47.5,27.0,27.0,23.0,58.0,28.5,27.5,27.5,28.5,29.0,27.0,27.0,37.0,0.25,90.0,24.5,13.804,716.6,25.76,13.949,28.0,-16.5,3.0,0.0,0.0,0.0,22.0,179.0,0.0,28.0,1.0,0.0,825.6,0.0,0.0,0.6000000000000001,9.0,0.0,30.0,0.0,28.0,27.0,350.0,825.6,-50.0,0.0,0.0,0.0,0.0,400.0,0.0,0.0,0.0,0.0,0.0,0.0,46.5,712.5,4.443,31.200772500000003,13.760294,40.5,39.17624063837472,0.0,7.802388159138888,7.802392,412.224531,220.914492,1.3213164857536583,1.3082341443105527,-4.830195080976454,-0.0046679500769649,-20.703097560975607,-8.48827,0.0,-0.0500295119653566,25.51
719.0,13.3,-11.9,713.3,0.0,0.0,0.0,27.0,20.0,26.0,24.0,25.0,25.0,24.0,24.0,24.0,-8.48827,25.0,38.0,1233.8327777777777,4441798.0,0.0,0.0,4.95347222222222,3.96277777777778,3.71510416666667,25.0,1822.3,1795.1,1359.5,1297.8,0.0,2998.0,0.0,0.0,711.0,2304.0,3.7,9.0,3.7,49.0,0.0,1233.83277777778,0.0,47.5,27.0,27.0,23.0,58.0,28.5,27.5,27.5,28.5,29.0,27.0,27.0,37.0,0.25,90.0,24.5,13.804,716.6,25.76,13.949,28.0,5.2,3.0,0.0,0.0,0.0,22.0,179.0,0.0,28.0,1.0,0.0,825.6,0.0,0.0,0.6000000000000001,9.0,0.0,30.0,0.0,28.0,27.0,350.0,825.6,-50.0,0.0,0.0,0.0,0.0,400.0,0.0,0.0,0.0,0.0,0.0,0.0,46.5,713.9000000000001,4.443,20.556377500000004,13.740762,32.0,39.17624063837472,0.0,7.802388159138888,7.802392,412.224531,220.914492,1.3213164857536583,1.3082341443105527,-4.830195080976454,-0.0046679500769649,-20.703097560975607,-8.48827,0.0,-0.0500295119653566,25.51
720.0,13.3,-19.8,714.1,0.0,0.0,0.0,27.0,20.0,26.0,24.0,25.0,25.0,24.0,24.0,24.0,-14.13918,25.0,38.0,1233.8333333333333,4441800.0,0.0,0.0,4.95902777777778,3.96722222222222,3.71927083333333,25.0,1822.4,1795.1,1359.5,1297.8,0.0,2426.0,0.0,0.0,712.0,2298.0,3.72,9.0,3.7,49.0,0.0,1233.83333333333,0.0,47.5,27.0,27.0,23.0,58.0,28.5,27.5,27.5,28.5,29.0,27.0,27.0,29.0,0.3100000000000023,90.0,24.5,13.785,717.4000000000001,32.0,13.944,28.0,5.2,3.0,0.0,0.0,0.0,22.0,179.0,0.0,28.0,1.0,0.0,825.6,0.0,0.0,0.6000000000000001,9.0,0.0,30.0,0.0,28.0,27.0,350.0,825.6,-50.0,0.0,0.0,0.0,0.0,400.0,0.0,0.0,0.0,0.0,0.0,0.0,46.5,713.9000000000001,4.443,20.556377500000004,13.740762,32.0,39.14876165144208,0.0,7.818026492111111,7.81803,412.240169,220.93013,1.3135757014127858,1.3005700013987975,-2.6168419950803368,-0.007664142911755,-38.214000000000006,-14.13918,0.0,-0.0685465628789384,31.689999999999998
721.0,13.3,-19.8,714.1,0.0,0.0,0.0,27.0,20.0,26.0,24.0,25.0,25.0,24.0,24.0,24.0,-14.13918,25.0,38.0,1233.8333333333333,4441800.0,0.0,0.0,4.95902777777778,3.96722222222222,3.71927083333333,25.0,1822.4,1795.1,1359.5,1297.8,0.0,2426.0,0.0,0.0,712.0,2298.0,3.72,9.0,3.7,49.0,0.0,1233.83333333333,0.0,47.5,27.0,27.0,23.0,58.0,28.5,27.5,27.5,28.5,29.0,27.0,27.0,29.0,0.3100000000000023,90.0,24.5,13.785,717.4000000000001,32.0,13.944,28.0,0.8,3.0,0.0,0.0,0.0,22.0,179.0,0.0,27.0,1.0,0.0,825.6,0.0,0.0,0.6000000000000001,9.0,0.0,30.0,0.0,27.0,27.0,350.0,825.6,-50.0,0.0,0.0,0.0,0.0,400.0,0.0,0.0,0.0,0.0,0.0,0.0,46.5,715.2,4.443,0.0,13.7305077,25.9375,39.14876165144208,0.0,7.818026492111111,7.81803,412.240169,220.93013,1.3135757014127858,1.3005700013987975,-2.6168419950803368,-0.007664142911755,-38.214000000000006,-14.13918,0.0,-0.0685465628789384,31.689999999999998
722.0,13.3,-22.1,714.8,0.0,0.0,0.0,27.0,20.0,26.0,24.0,25.0,25.0,24.0,24.0,24.0,-15.79708,25.0,38.0,1233.8338888888889,4441802.0,0.0,0.0,4.96388888888889,3.97111111111111,3.72291666666667,25.0,1822.4,1795.1,1359.6,1297.8,0.0,1417.0,0.0,0.0,713.0,2298.0,3.72,9.0,3.72,77.0,0.0,1233.83388888889,0.0,48.0,27.0,27.0,23.0,58.0,28.5,27.5,27.5,28.5,29.0,27.0,27.0,16.0,0.0699999999999931,90.0,24.5,13.766,716.8000000000001,31.85,13.934,29.0,3.9,3.0,0.0,0.0,0.0,22.0,179.0,0.0,27.0,1.0,0.0,825.6,0.0,0.0,0.6000000000000001,9.0,0.0,30.0,0.0,27.0,27.0,350.0,825.6,-50.0,0.0,0.0,0.0,0.0,400.0,0.0,0.0,0.0,0.0,0.0,0.0,46.5,715.2,4.443,0.0,13.7305077,25.9375,39.08521328105227,0.0,7.8268221761111105,7.826826,412.248965,220.938926,1.3048022029041455,1.2918833692120255,-1.8357823091356125,-0.0086866321867722,-54.47268965517241,-15.79708,0.0,-0.1006577436783816,31.78000000000001
723.0,13.3,-22.1,714.8,0.0,0.0,0.0,27.0,20.0,26.0,24.0,25.0,25.0,24.0,24.0,24.0,-15.79708,25.0,38.0,1233.8338888888889,4441802.0,0.0,0.0,4.96388888888889,3.97111111111111,3.72291666666667,25.0,1822.4,1795.1,1359.6,1297.8,0.0,1417.0,0.0,0.0,713.0,2298.0,3.72,9.0,3.72,77.0,0.0,1233.83388888889,0.0,48.0,27.0,27.0,23.0,58.0,28.5,27.5,27.5,28.5,29.0,27.0,27.0,16.0,0.0699999999999931,90.0,24.5,13.766,716.8000000000001,31.85,13.934,29.0,3.9,3.0,0.0,0.0,0.0,22.0,179.0,0.0,28.0,1.0,0.0,825.6,0.0,0.0,0.6000000000000001,9.0,0.0,30.0,0.0,28.0,27.0,350.0,825.6,-50.0,0.0,0.0,0.0,0.0,400.0,0.0,0.0,0.0,0.0,0.0,0.0,46.5,713.9000000000001,4.443,0.0,13.740762,12.875,39.08521328105227,0.0,7.8268221761111105,7.826826,412.248965,220.938926,1.3048022029041455,1.2918833692120255,-1.8357823091356125,-0.0086866321867722,-54.47268965517241,-15.79708,0.0,-0.1006577436783816,31.78000000000001
724.0,13.3,-4.0,713.3,0.0,0.0,0.0,27.0,20.0,26.0,24.0,25.0,25.0,24.0,24.0,24.0,-2.8532,25.0,38.0,1233.8344444444444,4441804.0,0.0,0.0,4.95347222222222,3.96277777777778,3.71510416666667,25.0,1822.4,1795.1,1359.6,1297.8,0.0,319.0,0.0,0.0,711.0,2298.0,3.7,9.0,3.7,40.0,0.0,1233.83444444444,0.0,48.0,27.0,27.0,23.0,58.0,28.5,27.5,27.5,28.5,29.0,27.0,27.0,2.0,0.4399999999999977,90.0,24.5,13.785,715.7,28.53,13.95,29.0,7.9,3.0,0.0,0.0,0.0,22.0,179.0,0.0,28.0,1.0,0.0,825.6,0.0,0.0,0.6000000000000001,9.0,0.0,30.0,0.0,28.0,27.0,350.0,825.6,-50.0,0.0,0.0,0.0,0.0,400.0,0.0,0.0,0.0,0.0,0.0,0.0,46.5,713.9000000000001,4.443,0.0,13.740762,12.875,38.98506591832354,0.0,7.8279066425,7.82791,412.250049,220.94001,1.3032359408176573,1.2903326146709475,-5.607738679377541,-0.0015507545410777,-17.8325,-2.8531999999999997,0.0,-0.1405431613166615,28.090000000000003
725.0,13.3,-4.0,713.3,0.0,0.0,0.0,27.0,20.0,26.0,24.0,25.0,25.0,24.0,24.0,24.0,-2.8532,25.0,38.0,1233.8344444444444,4441804.0,0.0,0.0,4.95347222222222,3.96277777777778,3.71510416666667,25.0,1822.4,1795.1,1359.6,1297.8,0.0,319.0,0.0,0.0,711.0,2298.0,3.7,9.0,3.7,40.0,0.0,1233.83444444444,0.0,48.0,27.0,27.0,23.0,58.0,28.5,27.5,27.5,28.5,29.0,27.0,27.0,2.0,0.4399999999999977,90.0,24.5,13.785,715.7,28.53,13.95,29.0,7.9,3.0,0.0,0.0,0.0,22.0,179.0,0.0,28.0,1.0,0.0,825.6,0.0,0.0,0.6000000000000001,9.0,0.0,30.0,0.0,28.0,27.0,350.0,825.6,-50.0,0.0,0.0,0.0,0.0,400.0,0.0,0.0,0.0,0.0,0.0,0.0,46.5,712.3000000000001,4.443,61.62030500000001,13.7495514,0.78125,38.98506591832354,0.0,7.8279066425,7.82791,412.250049,220.94001,1.3032359408176573,1.2903326146709475,-5.607738679377541,-0.0015507545410777,-17.8325,-2.8531999999999997,0.0,-0.1405431613166615,28.090000000000003
726.0,13.4,11.5,711.8,0.0,0.0,0.0,27.0,20.0,26.0,24.0,25.0,25.0,24.0,24.0,24.0,8.1857,25.0,38.0,1233.835,4441806.0,0.0,0.0,4.94305555555556,3.95444444444444,3.70729166666667,25.0,1822.4,1795.1,1359.6,1297.8,0.0,428.0,0.0,0.0,710.0,2298.0,3.7,9.0,3.7,49.0,0.0,1233.835,0.0,48.0,27.0,27.0,23.0,58.0,28.5,27.5,27.5,28.5,29.0,27.0,27.0,7.0,-0.1599999999999681,90.0,24.5,13.775,713.9000000000001,31.26,13.936,29.0,50.0,3.0,0.0,0.0,0.0,22.0,179.0,0.0,28.0,1.0,0.0,825.6,0.0,0.0,0.6000000000000001,9.0,0.0,30.0,0.0,28.0,27.0,350.0,825.6,-50.0,0.0,0.0,0.0,0.0,400.0,0.0,0.0,0.0,0.0,0.0,0.0,46.5,712.3000000000001,4.443,61.62030500000001,13.7495514,0.78125,38.89785578375106,0.0,7.8317494698333325,7.831753,412.253892,220.943853,1.3077621265093269,1.2948139866428978,0.2443285241335498,0.00448137197195,409.28500000000014,8.1857,0.0,-0.1405431613166615,31.41999999999997
727.0,13.4,11.5,711.8,0.0,0.0,0.0,27.0,20.0,26.0,24.0,25.0,25.0,24.0,24.0,24.0,8.1857,25.0,38.0,1233.835,4441806.0,0.0,0.0,4.94305555555556,3.95444444444444,3.70729166666667,25.0,1822.4,1795.1,1359.6,1297.8,0.0,428.0,0.0,0.0,710.0,2298.0,3.7,9.0,3.7,49.0,0.0,1233.835,0.0,48.0,27.0,27.0,23.0,58.0,28.5,27.5,27.5,28.5,29.0,27.0,27.0,7.0,-0.1599999999999681,90.0,24.5,13.775,713.9000000000001,31.26,13.936,29.0,50.0,3.0,0.0,0.0,0.0,22.0,179.0,0.0,28.0,1.0,0.0,825.6,0.0,0.0,0.6000000000000001,9.0,0.0,30.0,0.0,28.0,27.0,350.0,825.6,-50.0,0.0,0.0,0.0,0.0,400.0,0.0,0.0,0.0,0.0,0.0,0.0,46.5,710.9000000000001,4.443,64.1105075,13.760294,8.0,38.89785578375106,0.0,7.8317494698333325,7.831753,412.253892,220.943853,1.3077621265093269,1.2948139866428978,0.2443285241335498,0.00448137197195,409.28500000000014,8.1857,0.0,-0.1405431613166615,31.41999999999997
728.0,13.3,23.0,710.7,0.0,0.0,0.0,27.0,20.0,26.0,24.0,25.0,25.0,24.0,24.0,24.0,16.3461,25.0,38.0,1233.8355555555556,4441808.0,0.0,0.0,4.93541666666667,3.94833333333333,3.7015625,25.0,1822.4,1795.1,1359.6,1297.8,0.0,1181.0,0.0,0.0,708.0,2301.0,3.7,11.0,3.68,49.0,0.0,1233.83555555556,0.0,48.0,27.0,27.0,23.0,58.0,28.5,27.5,27.5,28.5,29.0,27.0,27.0,16.0,0.1899999999999977,90.0,24.5,13.8,713.2,27.33,13.951,29.0,98.6,3.0,0.0,0.0,0.0,22.0,179.0,0.0,28.0,1.0,0.0,825.6,0.0,0.0,0.6000000000000001,9.0,0.0,30.0,0.0,28.0,27.0,350.0,825.6,-50.0,0.0,0.0,0.0,0.0,400.0,0.0,0.0,0.0,0.0,0.0,0.0,46.5,710.9000000000001,4.443,64.1105075,13.760294,8.0,38.83508351955544,0.0,7.840605076055555,7.840609,412.262748,220.952709,1.316859076225498,1.3038208675499978,0.4282367047797334,0.0090068809071,233.51571428571427,16.3461,0.0,,27.14
729.0,13.3,23.0,710.7,0.0,0.0,0.0,27.0,20.0,26.0,24.0,25.0,25.0,24.0,24.0,24.0,16.3461,25.0,38.0,1233.8355555555556,4441808.0,0.0,0.0,4.93541666666667,3.94833333333333,3.7015625,25.0,1822.4,1795.1,1359.6,1297.8,0.0,1181.0,0.0,0.0,708.0,2301.0,3.7,11.0,3.68,49.0,0.0,1233.83555555556,0.0,48.0,27.0,27.0,23.0,58.0,28.5,27.5,27.5,28.5,29.0,27.0,27.0,16.0,0.1899999999999977,90.0,24.5,13.8,713.2,27.33,13.951,29.0,98.6,3.0,0.0,0.0,0.0,22.0,179.0,0.0,28.0,1.0,0.0,825.6,0.0,0.0,0.6000000000000001,9.0,0.0,30.0,0.0,28.0,28.0,350.0,825.6,-50.0,0.0,0.0,0.0,0.0,400.0,0.0,0.0,0.0,0.0,0.0,0.0,46.5,710.8000000000001,4.443,51.8059775,13.7305077,17.328125,38.83508351955544,0.0,7.840605076055555,7.840609,412.262748,220.952709,1.316859076225498,1.3038208675499978,0.4282367047797334,0.0090068809071,233.51571428571427,16.3461,0.0,,27.14
730.0,13.3,20.0,710.7,0.0,0.0,0.0,27.0,20.0,26.0,24.0,25.0,25.0,24.0,24.0,24.0,14.214,25.0,38.0,1233.8361111111112,4441810.0,0.0,0.0,4.93541666666667,3.94833333333333,3.7015625,25.0,1822.4,1795.1,1359.6,1297.8,0.0,1565.0,0.0,0.0,709.0,2301.0,3.7,9.0,3.68,77.0,0.0,1233.83611111111,0.0,48.0,27.0,27.0,23.0,58.0,28.5,27.5,27.5,28.5,29.0,27.0,27.0,20.0,0.5099999999999909,90.0,24.5,13.819,713.0,28.2,13.95,29.0,41.900000000000006,3.0,0.0,0.0,0.0,22.0,179.0,0.0,28.0,1.0,0.0,825.6,0.0,0.0,0.6000000000000001,9.0,0.0,30.0,0.0,28.0,28.0,350.0,825.6,-50.0,0.0,0.0,0.0,0.0,400.0,0.0,0.0,0.0,0.0,0.0,0.0,46.5,710.8000000000001,4.443,51.8059775,13.7305077,17.328125,38.785001682521774,0.0,7.85137033161111,7.851374,412.273513,220.963474,1.324632665232288,1.311517490328998,1.125650766849585,0.007696622779,88.8375,14.214,0.0,,27.69000000000001
731.0,13.3,20.0,710.7,0.0,0.0,0.0,27.0,20.0,26.0,24.0,25.0,25.0,24.0,24.0,24.0,14.214,25.0,38.0,1233.8361111111112,4441810.0,0.0,0.0,4.93541666666667,3.94833333333333,3.7015625,25.0,1822.4,1795.1,1359.6,1297.8,0.0,1565.0,0.0,0.0,709.0,2301.0,3.7,9.0,3.68,77.0,0.0,1233.83611111111,0.0,48.0,27.0,27.0,23.0,58.0,28.5,27.5,27.5,28.5,29.0,27.0,27.0,20.0,0.5099999999999909,90.0,24.5,13.819,713.0,28.2,13.95,29.0,41.900000000000006,3.0,0.0,0.0,0.0,22.0,179.0,0.0,28.0,1.0,0.0,825.6,0.0,0.0,0.6000000000000001,9.0,0.0,30.0,0.0,28.0,27.0,350.0,825.6,-50.0,0.0,0.0,0.0,0.0,400.0,0.0,0.0,0.0,0.0,0.0,0.0,46.5,710.4000000000001,4.443,50.78060000000001,13.7695717,20.0,38.785001682521774,0.0,7.85137033161111,7.851374,412.273513,220.963474,1.324632665232288,1.311517490328998,1.125650766849585,0.007696622779,88.8375,14.214,0.0,,27.69000000000001
732.0,13.4,15.0,710.9,0.0,0.0,0.0,27.0,20.0,26.0,24.0,25.0,25.0,24.0,24.0,24.0,10.6635,25.0,38.0,1233.8366666666666,4441812.0,0.0,0.0,4.93680555555556,3.94944444444444,3.70260416666667,25.0,1822.4,1795.1,1359.6,1297.8,0.0,2086.0,0.0,0.0,709.0,2301.0,3.7,24.0,3.68,49.0,0.0,1233.83666666667,0.0,47.5,27.0,27.0,23.0,58.0,28.5,27.5,27.5,28.5,29.0,27.0,27.0,27.0,0.1200000000000045,90.0,24.5,13.792,713.6,24.18,13.946,29.0,9.8,3.0,0.0,0.0,0.0,22.0,179.0,0.0,28.0,1.0,0.0,825.6,0.0,0.0,0.6000000000000001,9.0,0.0,30.0,0.0,28.0,27.0,350.0,825.6,-50.0,0.0,0.0,0.0,0.0,400.0,0.0,0.0,0.0,0.0,0.0,0.0,46.5,710.4000000000001,4.443,50.78060000000001,13.7695717,20.0,38.75291365700264,0.0,7.86629287536111,7.866297,412.288436,220.978397,1.3305532663266872,1.317379471610581,1.875556805926759,0.0058619812815833,53.31750000000001,10.6635,0.0,0.0896550814809078,24.059999999999995
733.0,13.4,15.0,710.9,0.0,0.0,0.0,27.0,20.0,26.0,24.0,25.0,25.0,24.0,24.0,24.0,10.6635,25.0,38.0,1233.8366666666666,4441812.0,0.0,0.0,4.93680555555556,3.94944444444444,3.70260416666667,25.0,1822.4,1795.1,1359.6,1297.8,0.0,2086.0,0.0,0.0,709.0,2301.0,3.7,24.0,3.68,49.0,0.0,1233.83666666667,0.0,47.5,27.0,27.0,23.0,58.0,28.5,27.5,27.5,28.5,29.0,27.0,27.0,27.0,0.1200000000000045,90.0,24.5,13.792,713.6,24.18,13.946,29.0,9.8,3.0,0.0,0.0,0.0,22.0,179.0,0.0,28.0,1.0,0.0,825.6,0.0,0.0,0.6000000000000001,9.0,0.0,30.0,0.0,28.0,27.0,350.0,825.6,-50.0,0.0,0.0,0.0,0.0,400.0,0.0,0.0,0.0,0.0,0.0,0.0,46.5,710.3000000000001,4.442,44.6771625,13.7417386,29.640625,38.75291365700264,0.0,7.86629287536111,7.866297,412.288436,220.978397,1.3305532663266872,1.317379471610581,1.875556805926759,0.0058619812815833,53.31750000000001,10.6635,0.0,0.0896550814809078,24.059999999999995
734.0,13.3,24.4,710.1,0.0,0.0,0.0,27.0,20.0,26.0,24.0,25.0,25.0,24.0,24.0,24.0,17.32644,25.0,38.0,1233.8372222222222,4441814.0,0.0,0.0,4.93125,3.945,3.6984375,25.0,1822.4,1795.1,1359.6,1297.8,0.0,2640.0,0.0,0.0,708.0,2301.0,3.7,11.0,3.68,49.0,0.0,1233.83722222222,0.0,47.5,27.0,27.0,23.0,58.0,28.5,27.5,27.5,28.5,29.0,27.0,27.0,34.0,0.2400000000000091,90.0,24.5,13.808,713.8000000000001,24.12,13.946,29.0,18.9,3.0,0.0,0.0,0.0,22.0,179.0,0.0,28.0,1.0,0.0,825.6,0.0,0.0,0.6000000000000001,9.0,0.0,30.0,0.0,28.0,27.0,350.0,825.6,-50.0,0.0,0.0,0.0,0.0,400.0,0.0,0.0,0.0,0.0,0.0,0.0,46.5,710.3000000000001,4.442,44.6771625,13.7417386,29.640625,38.74013186664092,0.0,7.884902856583333,7.884907,412.307046,220.997007,1.3401878554569642,1.3269186687692711,1.5583120364021692,0.00953919715869,64.172,17.326439999999998,0.0,0.0969354596895901,23.879999999999992
735.0,13.3,24.4,710.1,0.0,0.0,0.0,27.0,20.0,26.0,24.0,25.0,25.0,24.0,24.0,24.0,17.32644,25.0,38.0,1233.8372222222222,4441814.0,0.0,0.0,4.93125,3.945,3.6984375,25.0,1822.4,1795.1,1359.6,1297.8,0.0,2640.0,0.0,0.0,708.0,2301.0,3.7,11.0,3.68,49.0,0.0,1233.83722222222,0.0,47.5,27.0,27.0,23.0,58.0,28.5,27.5,27.5,28.5,29.0,27.0,27.0,34.0,0.2400000000000091,90.0,24.5,13.808,713.8000000000001,24.12,13.946,29.0,18.9,3.0,0.0,0.0,0.0,22.0,179.0,0.0,27.0,1.0,0.0,825.6,0.0,0.0,0.6000000000000001,9.0,0.0,30.0,0.0,27.0,27.0,350.0,825.6,-50.0,0.0,0.0,0.0,0.0,400.0,0.0,0.0,0.0,0.0,0.0,0.0,46.5,710.7,4.444,40.185032500000005,13.760294,32.0,38.74013186664092,0.0,7.884902856583333,7.884907,412.307046,220.997007,1.3401878554569642,1.3269186687692711,1.5583120364021692,0.00953919715869,64.172,17.326439999999998,0.0,0.0969354596895901,23.879999999999992
736.0,13.4,5.5,711.5,0.0,0.0,0.0,27.0,20.0,26.0,24.0,25.0,25.0,24.0,24.0,24.0,3.91325,25.0,38.0,1233.8377777777778,4441816.0,0.0,0.0,4.94097222222222,3.95277777777778,3.70572916666667,25.0,1822.4,1795.1,1359.6,1297.8,0.0,2998.0,0.0,0.0,710.0,2301.0,3.7,9.0,3.7,49.0,0.0,1233.83777777778,0.0,47.5,27.0,27.0,23.0,59.0,28.5,27.5,27.5,28.5,29.0,27.0,27.0,38.0,0.25,90.0,24.5,13.81,715.4000000000001,23.96,13.937,29.0,4.800000000000001,3.0,0.0,0.0,0.0,22.0,179.0,0.0,27.0,1.0,0.0,825.6,0.0,0.0,0.6000000000000001,9.0,0.0,30.0,0.0,27.0,27.0,350.0,825.6,-50.0,0.0,0.0,0.0,0.0,400.0,0.0,0.0,0.0,0.0,0.0,0.0,46.5,710.7,4.444,29.540637500000003,13.770548300000002,36.0,38.73812319616304,0.0,7.905950268083332,7.905954,412.328093,221.018054,1.3423603501277452,1.329069653591827,8.688430332843545,0.0021509848225555,11.509558823529412,3.91325,0.0,0.0790056859773984,23.71
737.0,13.4,5.5,711.5,0.0,0.0,0.0,27.0,20.0,26.0,24.0,25.0,25.0,24.0,24.0,24.0,3.91325,25.0,38.0,1233.8377777777778,4441816.0,0.0,0.0,4.94097222222222,3.95277777777778,3.70572916666667,25.0,1822.4,1795.1,1359.6,1297.8,0.0,2998.0,0.0,0.0,710.0,2301.0,3.7,9.0,3.7,49.0,0.0,1233.83777777778,0.0,47.5,27.0,27.0,23.0,59.0,28.5,27.5,27.5,28.5,29.0,27.0,27.0,38.0,0.25,90.0,24.5,13.81,715.4000000000001,23.96,13.937,29.0,4.800000000000001,3.0,0.0,0.0,0.0,22.0,179.0,0.0,28.0,1.0,0.0,825.6,0.0,0.0,0.6000000000000001,9.0,0.0,30.0,0.0,28.0,28.0,350.0,825.6,-50.0,0.0,0.0,0.0,0.0,400.0,0.0,0.0,0.0,0.0,0.0,0.0,46.5,713.0,4.443,29.540637500000003,13.770548300000002,36.0,38.73812319616304,0.0,7.905950268083332,7.905954,412.328093,221.018054,1.3423603501277452,1.329069653591827,8.688430332843545,0.0021509848225555,11.509558823529412,3.91325,0.0,0.0790056859773984,23.71
738.0,13.3,-21.8,714.1,0.0,0.0,0.0,27.0,20.0,26.0,24.0,25.0,25.0,24.0,24.0,24.0,-15.56738,25.0,38.0,1233.8383333333334,4441818.0,0.0,0.0,4.95902777777778,3.96722222222222,3.71927083333333,25.0,1822.4,1795.1,1359.6,1297.8,0.0,2879.0,0.0,0.0,712.0,2292.0,3.72,9.0,3.7,77.0,0.0,1233.83833333333,0.0,47.5,27.0,27.0,23.0,59.0,28.5,27.5,27.5,28.5,29.0,27.0,27.0,35.0,0.2400000000000091,90.0,24.5,13.81,717.0,24.16,13.947,29.0,0.7000000000000001,3.0,0.0,0.0,0.0,22.0,179.0,0.0,28.0,1.0,0.0,825.6,0.0,0.0,0.6000000000000001,9.0,0.0,30.0,0.0,28.0,28.0,350.0,825.6,-50.0,0.0,0.0,0.0,0.0,400.0,0.0,0.0,0.0,0.0,0.0,0.0,46.5,713.0,4.443,29.540637500000003,13.770548300000002,36.0,38.728132276628706,0.0,7.925092725722221,7.925096,412.347235,221.037196,1.3336825303171136,1.3204777527892213,-2.441001632901618,-0.0085919008026055,-40.96678947368421,-15.567380000000002,0.0,0.0790056859773984,23.91999999999999
739.0,13.3,-21.8,714.1,0.0,0.0,0.0,27.0,20.0,26.0,24.0,25.0,25.0,24.0,24.0,24.0,-15.56738,25.0,38.0,1233.8383333333334,4441818.0,0.0,0.0,4.95902777777778,3.96722222222222,3.71927083333333,25.0,1822.4,1795.1,1359.6,1297.8,0.0,2879.0,0.0,0.0,712.0,2292.0,3.72,9.0,3.7,77.0,0.0,1233.83833333333,0.0,47.5,27.0,27.0,23.0,59.0,28.5,27.5,27.5,28.5,29.0,27.0,27.0,35.0,0.2400000000000091,90.0,24.5,13.81,717.0,24.16,13.947,29.0,0.7000000000000001,3.0,0.0,0.0,0.0,22.0,179.0,0.0,28.0,1.0,0.0,825.6,0.0,0.0,0.6000000000000001,9.0,0.0,30.0,0.0,28.0,27.0,350.0,825.6,-50.0,0.0,0.0,0.0,0.0,400.0,0.0,0.0,0.0,0.0,0.0,0.0,46.5,714.5,4.443,19.5798275,13.770548300000002,32.0,38.728132276628706,0.0,7.925092725722221,7.925096,412.347235,221.037196,1.3336825303171136,1.3204777527892213,-2.441001632901618,-0.0085919008026055,-40.96678947368421,-15.567380000000002,0.0,0.0790056859773984,23.91999999999999
740.0,13.3,-28.1,715.0,0.0,0.0,0.0,27.0,20.0,26.0,24.0,25.0,25.0,24.0,24.0,24.0,-20.0915,25.0,38.0,1233.838888888889,4441820.0,0.0,0.0,4.96527777777778,3.97222222222222,3.72395833333333,25.0,1822.4,1795.1,1359.6,1297.8,0.0,2384.0,0.0,0.0,713.0,2292.0,3.72,9.0,3.72,77.0,0.0,1233.83888888889,0.0,47.5,27.0,27.0,23.0,59.0,28.5,27.5,27.5,28.5,29.0,27.0,27.0,29.0,0.2400000000000091,90.0,24.5,13.781,717.7,28.93,13.947,29.0,-2.6,3.0,0.0,0.0,0.0,22.0,179.0,0.0,28.0,1.0,0.0,825.6,0.0,0.0,0.6000000000000001,9.0,0.0,30.0,0.0,28.0,27.0,350.0,825.6,-50.0,0.0,0.0,0.0,0.0,400.0,0.0,0.0,0.0,0.0,0.0,0.0,46.5,714.5,4.443,19.5798275,13.770548300000002,32.0,38.70046523606315,0.0,7.942018398499999,7.942022,412.364161,221.054122,1.3220515640143244,1.308961944568638,-1.7420302117811015,-0.0115158082205833,-57.40428571428572,-20.0915,0.0,,28.68999999999999
741.0,13.3,-28.1,715.0,0.0,0.0,0.0,27.0,20.0,26.0,24.0,25.0,25.0,24.0,24.0,24.0,-20.0915,25.0,38.0,1233.838888888889,4441820.0,0.0,0.0,4.96527777777778,3.97222222222222,3.72395833333333,25.0,1822.4,1795.1,1359.6,1297.8,0.0,2384.0,0.0,0.0,713.0,2292.0,3.72,9.0,3.72,77.0,0.0,1233.83888888889,0.0,47.5,27.0,27.0,23.0,59.0,28.5,27.5,27.5,28.5,29.0,27.0,27.0,29.0,0.2400000000000091,90.0,24.5,13.781,717.7,28.93,13.947,29.0,-2.6,3.0,0.0,0.0,0.0,22.0,179.0,0.0,28.0,1.0,0.0,825.6,0.0,0.0,0.6000000000000001,9.0,0.0,30.0,0.0,28.0,28.0,350.0,825.6,-50.0,0.0,0.0,0.0,0.0,400.0,0.0,0.0,0.0,0.0,0.0,0.0,46.5,715.3000000000001,4.442,6.298747500000001,13.740762,24.0,38.70046523606315,0.0,7.942018398499999,7.942022,412.364161,221.054122,1.3220515640143244,1.308961944568638,-1.7420302117811015,-0.0115158082205833,-57.40428571428572,-20.0915,0.0,,28.68999999999999
742.0,13.4,-20.3,714.7,0.0,0.0,0.0,27.0,20.0,26.0,24.0,25.0,25.0,24.0,24.0,24.0,-14.50841,25.0,38.0,1233.8394444444446,4441822.0,0.0,0.0,4.96319444444444,3.97055555555556,3.72239583333333,25.0,1822.4,1795.1,1359.6,1297.8,0.0,1589.0,0.0,0.0,713.0,2292.0,3.72,9.0,3.72,77.0,0.0,1233.83944444444,0.0,48.0,27.0,27.0,23.0,59.0,28.5,27.5,27.5,28.5,29.0,27.0,27.0,18.0,0.2300000000000182,90.0,24.5,13.781,716.7,29.84,13.95,29.0,-4.1000000000000005,3.0,0.0,0.0,0.0,22.0,179.0,0.0,28.0,1.0,0.0,825.6,0.0,0.0,0.6000000000000001,9.0,0.0,30.0,0.0,28.0,28.0,350.0,825.6,-50.0,0.0,0.0,0.0,0.0,400.0,0.0,0.0,0.0,0.0,0.0,0.0,46.5,715.3000000000001,4.442,6.298747500000001,13.740762,24.0,38.64409757614082,0.0,7.952104453,7.952108,412.374247,221.064208,1.3137557427305486,1.3007482601292562,-1.998840672410002,-0.0082136844393819,-50.029,-14.50841,0.0,-0.0560758783370223,29.60999999999998
743.0,13.4,-20.3,714.7,0.0,0.0,0.0,27.0,20.0,26.0,24.0,25.0,25.0,24.0,24.0,24.0,-14.50841,25.0,38.0,1233.8394444444446,4441822.0,0.0,0.0,4.96319444444444,3.97055555555556,3.72239583333333,25.0,1822.4,1795.1,1359.6,1297.8,0.0,1589.0,0.0,0.0,713.0,2292.0,3.72,9.0,3.72,77.0,0.0,1233.83944444444,0.0,48.0,27.0,27.0,23.0,59.0,28.5,27.5,27.5,28.5,29.0,27.0,27.0,18.0,0.2300000000000182,90.0,24.5,13.781,716.7,29.84,13.95,29.0,-4.1000000000000005,3.0,0.0,0.0,0.0,22.0,179.0,0.0,28.0,1.0,0.0,825.6,0.0,0.0,0.6000000000000001,9.0,0.0,30.0,0.0,28.0,27.0,350.0,825.6,-50.0,0.0,0.0,0.0,0.0,400.0,0.0,0.0,0.0,0.0,0.0,0.0,46.5,713.8000000000001,4.443,12.10922,13.7314843,17.4375,38.64409757614082,0.0,7.952104453,7.952108,412.374247,221.064208,1.3137557427305486,1.3007482601292562,-1.998840672410002,-0.0082136844393819,-50.029,-14.50841,0.0,-0.0560758783370223,29.60999999999998
744.0,13.3,-14.7,714.1,0.0,0.0,0.0,27.0,20.0,26.0,24.0,25.0,25.0,24.0,24.0,24.0,-10.49727,25.0,38.0,1233.84,4441824.0,0.0,0.0,4.95902777777778,3.96722222222222,3.71927083333333,25.0,1822.4,1795.1,1359.6,1297.8,0.0,997.0,0.0,0.0,712.0,2292.0,3.72,9.0,3.7,13.0,0.0,1233.84,0.0,48.0,27.0,27.0,23.0,59.0,28.5,27.5,27.5,28.5,29.0,27.0,27.0,11.0,0.2400000000000091,90.0,24.5,13.799,716.7,29.79,13.972,29.0,-4.0,3.0,0.0,0.0,0.0,22.0,179.0,0.0,28.0,1.0,0.0,825.6,0.0,0.0,0.6000000000000001,9.0,0.0,30.0,0.0,28.0,27.0,350.0,825.6,-50.0,0.0,0.0,0.0,0.0,400.0,0.0,0.0,0.0,0.0,0.0,0.0,46.5,713.8000000000001,4.443,12.10922,13.7314843,17.4375,38.57154700815674,0.0,7.958060680444444,7.958064,412.380203,221.070164,1.3080092376570993,1.2950586511456428,-1.714731544487281,-0.0056896089836133,-58.31816666666667,-10.49727,0.0,-0.0951155787772495,29.54999999999999
745.0,13.3,-14.7,714.1,0.0,0.0,0.0,27.0,20.0,26.0,24.0,25.0,25.0,24.0,24.0,24.0,-10.49727,25.0,38.0,1233.84,4441824.0,0.0,0.0,4.95902777777778,3.96722222222222,3.71927083333333,25.0,1822.4,1795.1,1359.6,1297.8,0.0,997.0,0.0,0.0,712.0,2292.0,3.72,9.0,3.7,13.0,0.0,1233.84,0.0,48.0,27.0,27.0,23.0,59.0,28.5,27.5,27.5,28.5,29.0,27.0,27.0,11.0,0.2400000000000091,90.0,24.5,13.799,716.7,29.79,13.972,29.0,-4.0,3.0,0.0,0.0,0.0,22.0,179.0,0.0,28.0,1.0,0.0,825.6,0.0,0.0,0.6000000000000001,9.0,0.0,30.0,0.0,28.0,27.0,350.0,825.6,-50.0,0.0,0.0,0.0,0.0,400.0,0.0,0.0,0.0,0.0,0.0,0.0,46.5,713.3000000000001,4.443,0.0,13.760294,4.0,38.57154700815674,0.0,7.958060680444444,7.958064,412.380203,221.070164,1.3080092376570993,1.2950586511456428,-1.714731544487281,-0.0056896089836133,-58.31816666666667,-10.49727,0.0,-0.0951155787772495,29.54999999999999
746.0,13.3,-1.2,713.1,0.0,0.0,0.0,27.0,20.0,26.0,24.0,25.0,25.0,24.0,24.0,24.0,-0.85572,25.0,38.0,1233.8405555555555,4441826.0,0.0,0.0,4.95208333333333,3.96166666666667,3.7140625,25.0,1822.4,1795.1,1359.6,1297.8,0.0,216.0,0.0,0.0,711.0,2306.0,3.7,9.0,3.7,77.0,0.0,1233.84055555556,0.0,48.0,27.0,27.0,23.0,59.0,28.5,27.5,27.5,28.5,29.0,27.0,27.0,1.0,0.2400000000000091,90.0,24.5,13.8,715.7,29.76,13.949,29.0,-4.5,3.0,0.0,0.0,0.0,22.0,179.0,0.0,28.0,1.0,0.0,825.6,0.0,0.0,0.6000000000000001,9.0,0.0,30.0,0.0,28.0,27.0,350.0,825.6,-50.0,0.0,0.0,0.0,0.0,400.0,0.0,0.0,0.0,0.0,0.0,0.0,46.5,713.3000000000001,4.443,0.0,13.760294,4.0,38.46869881411982,0.0,7.958627008722221,7.95863,412.380769,221.07073,1.3075270264132786,1.2945812142705728,-12.854672089001074,-0.00047743687507,-7.779272727272728,-0.85572,0.0,-0.118769661845122,29.519999999999992
747.0,13.3,-1.2,713.1,0.0,0.0,0.0,27.0,20.0,26.0,24.0,25.0,25.0,24.0,24.0,24.0,-0.85572,25.0,38.0,1233.8405555555555,4441826.0,0.0,0.0,4.95208333333333,3.96166666666667,3.7140625,25.0,1822.4,1795.1,1359.6,1297.8,0.0,216.0,0.0,0.0,711.0,2306.0,3.7,9.0,3.7,77.0,0.0,1233.84055555556,0.0,48.0,27.0,27.0,23.0,59.0,28.5,27.5,27.5,28.5,29.0,27.0,27.0,1.0,0.2400000000000091,90.0,24.5,13.8,715.7,29.76,13.949,29.0,-4.5,3.0,0.0,0.0,0.0,22.0,179.0,0.0,28.0,1.0,0.0,825.6,0.0,0.0,0.6000000000000001,9.0,0.0,30.0,0.0,28.0,27.0,350.0,825.6,-50.0,0.0,0.0,0.0,0.0,400.0,0.0,0.0,0.0,0.0,0.0,0.0,46.5,712.9000000000001,4.443,0.0,13.760294,0.78125,38.46869881411982,0.0,7.958627008722221,7.95863,412.380769,221.07073,1.3075270264132786,1.2945812142705728,-12.854672089001074,-0.00047743687507,-7.779272727272728,-0.85572,0.0,-0.118769661845122,29.519999999999992
748.0,13.3,0.7,712.8,0.0,0.0,0.0,27.0,20.0,26.0,24.0,25.0,25.0,24.0,24.0,24.0,0.49896,25.0,38.0,1233.841111111111,4441828.0,0.0,0.0,4.95,3.96,3.7125,25.0,1822.4,1795.1,1359.6,1297.8,0.0,0.0,0.0,0.0,711.0,2306.0,3.7,9.0,3.7,40.0,0.0,1233.84111111111,0.0,48.0,27.0,27.0,23.0,59.0,28.5,27.5,27.5,28.5,29.0,27.0,27.0,0.0,-0.0999999999999659,90.0,24.5,13.786,715.4000000000001,28.45,13.965,29.0,-0.2,3.0,0.0,0.0,0.0,22.0,179.0,0.0,28.0,1.0,0.0,825.6,0.0,0.0,0.6000000000000001,9.0,0.0,30.0,0.0,28.0,27.0,350.0,825.6,-50.0,0.0,0.0,0.0,0.0,400.0,0.0,0.0,0.0,0.0,0.0,0.0,46.5,712.9000000000001,4.443,0.0,13.760294,0.78125,38.36725368175252,0.0,7.958627008722221,7.95863,412.380769,221.07073,1.307808533555749,1.294859934213613,2.004168670835338,0.0002787199430399,49.895999999999994,0.4989599999999999,0.0,-0.1029811163466262,28.549999999999965
749.0,13.3,0.7,712.8,0.0,0.0,0.0,27.0,20.0,26.0,24.0,25.0,25.0,24.0,24.0,24.0,0.49896,25.0,38.0,1233.841111111111,4441828.0,0.0,0.0,4.95,3.96,3.7125,25.0,1822.4,1795.1,1359.6,1297.8,0.0,0.0,0.0,0.0,711.0,2306.0,3.7,9.0,3.7,40.0,0.0,1233.84111111111,0.0,48.0,27.0,27.0,23.0,59.0,28.5,27.5,27.5,28.5,29.0,27.0,27.0,0.0,-0.0999999999999659,90.0,24.5,13.786,715.4000000000001,28.45,13.965,29.0,-0.2,3.0,0.0,0.0,0.0,22.0,179.0,0.0,28.0,1.0,0.0,825.6,0.0,0.0,0.6000000000000001,9.0,0.0,30.0,0.0,28.0,28.0,350.0,825.6,-50.0,0.0,0.0,0.0,0.0,400.0,0.0,0.0,0.0,0.0,0.0,0.0,46.5,712.8000000000001,4.44,0.0,13.7515046,0.0625,38.36725368175252,0.0,7.958627008722221,7.95863,412.380769,221.07073,1.307808533555749,1.294859934213613,2.004168670835338,0.0002787199430399,49.895999999999994,0.4989599999999999,0.0,-0.1029811163466262,28.549999999999965
750.0,13.4,0.7,712.8,0.0,0.0,0.0,27.0,20.0,26.0,24.0,25.0,25.0,24.0,24.0,24.0,0.49896,25.0,38.0,1233.8416666666667,4441830.0,0.0,0.0,4.95,3.96,3.7125,25.0,1822.4,1795.1,1359.6,1297.8,0.0,19.0,0.0,0.0,711.0,2306.0,3.7,9.0,3.7,49.0,0.0,1233.84166666667,0.0,48.0,27.0,27.0,23.5,58.0,28.5,27.5,27.5,28.5,29.0,26.5,26.5,0.0,0.160000000000025,90.0,24.5,13.802,715.5,29.52,13.956,29.0,-1.7000000000000002,3.0,0.0,0.0,0.0,22.0,179.0,0.0,28.0,1.0,0.0,825.6,0.0,0.0,0.6000000000000001,9.0,0.0,30.0,0.0,28.0,28.0,350.0,825.6,-50.0,0.0,0.0,0.0,0.0,400.0,0.0,0.0,0.0,0.0,0.0,0.0,46.5,712.8000000000001,4.44,0.0,13.7515046,0.0625,38.26535863268288,0.0,7.958627008722221,7.95863,412.380769,221.07073,1.3080862431720102,1.295134894229713,0.0,0.0002749600160999,49.895999999999994,0.4989599999999999,0.0,-0.0641765907393115,29.359999999999975
751.0,13.4,0.7,712.8,0.0,0.0,0.0,27.0,20.0,26.0,24.0,25.0,25.0,24.0,24.0,24.0,0.49896,25.0,38.0,1233.8416666666667,4441830.0,0.0,0.0,4.95,3.96,3.7125,25.0,1822.4,1795.1,1359.6,1297.8,0.0,19.0,0.0,0.0,711.0,2306.0,3.7,9.0,3.7,49.0,0.0,1233.84166666667,0.0,48.0,27.0,27.0,23.5,58.0,28.5,27.5,27.5,28.5,29.0,26.5,26.5,0.0,0.160000000000025,90.0,24.5,13.802,715.5,29.52,13.956,29.0,-1.7000000000000002,3.0,0.0,0.0,0.0,22.0,179.0,0.0,27.0,1.0,0.0,825.6,0.0,0.0,0.6000000000000001,9.0,0.0,30.0,0.0,27.0,27.0,350.0,825.6,-50.0,0.0,0.0,0.0,0.0,400.0,0.0,0.0,0.0,0.0,0.0,0.0,46.5,712.8000000000001,4.443,0.0,13.760294,0.109375,38.26535863268288,0.0,7.958627008722221,7.95863,412.380769,221.07073,1.3080862431720102,1.295134894229713,0.0,0.0002749600160999,49.895999999999994,0.4989599999999999,0.0,-0.0641765907393115,29.359999999999975
752.0,13.4,0.7,712.8,0.0,0.0,0.0,27.0,20.0,26.0,24.0,25.0,25.0,24.0,24.0,24.0,0.49896,25.0,38.0,1233.8422222222223,4441832.0,0.0,0.0,4.95,3.96,3.7125,25.0,1822.4,1795.1,1359.6,1297.8,0.0,64.0,0.0,0.0,711.0,2306.0,3.7,9.0,3.7,49.0,0.0,1233.84222222222,0.0,48.0,27.0,27.0,23.5,58.0,28.5,27.5,27.5,28.5,29.0,26.5,26.5,0.0,0.2300000000000182,90.0,24.5,13.8,715.1,23.96,13.943,29.0,4.1000000000000005,3.0,0.0,0.0,0.0,22.0,179.0,0.0,27.0,1.0,0.0,825.6,0.0,0.0,0.6000000000000001,9.0,0.0,30.0,0.0,27.0,27.0,350.0,825.6,-50.0,0.0,0.0,0.0,0.0,400.0,0.0,0.0,0.0,0.0,0.0,0.0,46.5,712.8000000000001,4.443,0.0,13.760294,0.109375,38.16454584551568,0.0,7.958627008722221,7.95863,412.380769,221.07073,1.3083629473948204,1.295408858806753,0.0,0.0002739645770399,,0.4989599999999999,0.0,-0.0390775330408539,23.729999999999983
753.0,13.4,0.7,712.8,0.0,0.0,0.0,27.0,20.0,26.0,24.0,25.0,25.0,24.0,24.0,24.0,0.49896,25.0,38.0,1233.8422222222223,4441832.0,0.0,0.0,4.95,3.96,3.7125,25.0,1822.4,1795.1,1359.6,1297.8,0.0,64.0,0.0,0.0,711.0,2306.0,3.7,9.0,3.7,49.0,0.0,1233.84222222222,0.0,48.0,27.0,27.0,23.5,58.0,28.5,27.5,27.5,28.5,29.0,26.5,26.5,0.0,0.2300000000000182,90.0,24.5,13.8,715.1,23.96,13.943,29.0,4.1000000000000005,3.0,0.0,0.0,0.0,22.0,179.0,0.0,28.0,1.0,0.0,825.6,0.0,0.0,0.6000000000000001,9.0,0.0,30.0,0.0,28.0,27.0,350.0,825.6,-50.0,0.0,0.0,0.0,0.0,400.0,0.0,0.0,0.0,0.0,0.0,0.0,46.5,711.6,4.443,66.4054,13.770548300000002,4.0,38.16454584551568,0.0,7.958627008722221,7.95863,412.380769,221.07073,1.3083629473948204,1.295408858806753,0.0,0.0002739645770399,,0.4989599999999999,0.0,-0.0390775330408539,23.729999999999983
754.0,13.3,27.3,710.6,0.0,0.0,0.0,27.0,20.0,26.0,24.0,25.0,25.0,24.0,24.0,24.0,19.39938,25.0,38.0,1233.842777777778,4441834.0,0.0,0.0,4.93472222222222,3.94777777777778,3.70104166666667,25.0,1822.4,1795.1,1359.6,1297.8,0.0,909.0,0.0,0.0,708.0,2306.0,3.7,9.0,3.68,77.0,0.0,1233.84277777778,0.0,48.0,27.0,27.0,23.5,58.0,28.5,27.5,27.5,28.5,29.0,26.5,26.5,13.0,0.2200000000000272,90.0,24.5,13.798,712.1,26.47,13.943,29.0,4.2,3.0,0.0,0.0,0.0,22.0,179.0,0.0,28.0,1.0,0.0,825.6,0.0,0.0,0.6000000000000001,9.0,0.0,30.0,0.0,28.0,27.0,350.0,825.6,-50.0,0.0,0.0,0.0,0.0,400.0,0.0,0.0,0.0,0.0,0.0,0.0,46.5,711.6,4.443,69.0909125,13.760294,16.8125,38.09850870687745,0.0,7.965759836444443,7.965763,412.387902,221.077863,1.3191384637353092,1.3060776868666428,0.0,0.01066882805989,,19.39938,0.0,-0.0390775330408539,26.24999999999997
755.0,13.3,27.3,710.6,0.0,0.0,0.0,27.0,20.0,26.0,24.0,25.0,25.0,24.0,24.0,24.0,19.39938,25.0,38.0,1233.842777777778,4441834.0,0.0,0.0,4.93472222222222,3.94777777777778,3.70104166666667,25.0,1822.4,1795.1,1359.6,1297.8,0.0,909.0,0.0,0.0,708.0,2306.0,3.7,9.0,3.68,77.0,0.0,1233.84277777778,0.0,48.0,27.0,27.0,23.5,58.0,28.5,27.5,27.5,28.5,29.0,26.5,26.5,13.0,0.2200000000000272,90.0,24.5,13.798,712.1,26.47,13.943,29.0,4.2,3.0,0.0,0.0,0.0,22.0,179.0,0.0,28.0,1.0,0.0,825.6,0.0,0.0,0.6000000000000001,9.0,0.0,30.0,0.0,28.0,27.0,350.0,825.6,-50.0,0.0,0.0,0.0,0.0,400.0,0.0,0.0,0.0,0.0,0.0,0.0,46.5,710.2,4.443,69.0909125,13.760294,16.8125,38.09850870687745,0.0,7.965759836444443,7.965763,412.387902,221.077863,1.3191384637353092,1.3060776868666428,0.0,0.01066882805989,,19.39938,0.0,-0.0390775330408539,26.24999999999997
756.0,13.4,12.3,711.4,0.0,0.0,0.0,27.0,20.0,26.0,24.0,25.0,25.0,24.0,24.0,24.0,8.75022,25.0,38.0,1233.8433333333332,4441836.0,0.0,0.0,4.94027777777778,3.95222222222222,3.70520833333333,25.0,1822.4,1795.2,1359.6,1297.8,0.0,1681.0,0.0,0.0,709.0,2305.0,3.7,24.0,3.7,77.0,0.0,1233.84333333333,0.0,48.0,27.0,27.0,23.5,58.0,28.5,27.5,27.5,28.5,29.0,26.5,26.5,21.0,0.2400000000000091,90.0,24.5,13.808,715.1,24.14,13.95,29.0,10.5,3.0,0.0,0.0,0.0,22.0,179.0,0.0,28.0,1.0,0.0,825.6,0.0,0.0,0.6000000000000001,9.0,0.0,30.0,0.0,28.0,27.0,350.0,825.6,-50.0,0.0,0.0,0.0,0.0,400.0,0.0,0.0,0.0,0.0,0.0,0.0,46.5,710.2,4.443,27.1969175,13.770548300000002,21.546875,38.0543219325173,0.0,7.977136014194443,7.977139,412.399278,221.089239,1.3239437917988237,1.310835437424578,1.485676931551435,0.004757750557935,67.30938461538462,8.750219999999999,0.0,0.0753740913288789,23.89999999999999
757.0,13.4,12.3,711.4,0.0,0.0,0.0,27.0,20.0,26.0,24.0,25.0,25.0,24.0,24.0,24.0,8.75022,25.0,38.0,1233.8433333333332,4441836.0,0.0,0.0,4.94027777777778,3.95222222222222,3.70520833333333,25.0,1822.4,1795.2,1359.6,1297.8,0.0,1681.0,0.0,0.0,709.0,2305.0,3.7,24.0,3.7,77.0,0.0,1233.84333333333,0.0,48.0,27.0,27.0,23.5,58.0,28.5,27.5,27.5,28.5,29.0,26.5,26.5,21.0,0.2400000000000091,90.0,24.5,13.808,715.1,24.14,13.95,29.0,10.5,3.0,0.0,0.0,0.0,22.0,179.0,0.0,28.0,1.0,0.0,825.6,0.0,0.0,0.6000000000000001,9.0,0.0,30.0,0.0,28.0,27.0,350.0,825.6,-50.0,0.0,0.0,0.0,0.0,400.0,0.0,0.0,0.0,0.0,0.0,0.0,46.5,712.5,4.443,27.1969175,13.770548300000002,21.546875,38.0543219325173,0.0,7.977136014194443,7.977139,412.399278,221.089239,1.3239437917988237,1.310835437424578,1.485676931551435,0.004757750557935,67.30938461538462,8.750219999999999,0.0,0.0753740913288789,23.89999999999999
758.0,13.3,18.0,711.1,0.0,0.0,0.0,27.0,20.0,26.0,24.0,25.0,25.0,24.0,24.0,24.0,12.7998,25.0,38.0,1233.8438888888888,4441838.0,0.0,0.0,4.93819444444444,3.95055555555556,3.70364583333333,25.0,1822.4,1795.2,1359.6,1297.8,0.0,1824.0,0.0,0.0,709.0,2305.0,3.7,9.0,3.7,85.0,0.0,1233.84388888889,0.0,48.0,27.0,27.0,23.5,58.0,28.5,27.5,27.5,28.5,29.0,26.5,26.5,23.0,0.2400000000000091,90.0,24.5,13.808,713.0,24.29,13.938,29.0,-5.2,3.0,0.0,0.0,0.0,22.0,179.0,0.0,28.0,1.0,0.0,825.6,0.0,0.0,0.6000000000000001,9.0,0.0,30.0,0.0,28.0,27.0,350.0,825.6,-50.0,0.0,0.0,0.0,0.0,400.0,0.0,0.0,0.0,0.0,0.0,0.0,46.5,712.5,4.443,27.1969175,13.770548300000002,21.546875,38.0136303545237,0.0,7.990203428416665,7.990206,412.412345,221.102306,1.3312454422740858,1.318064794330778,1.6406506351661745,0.0072293569062,60.95142857142858,12.7998,0.0,0.0819821082065902,24.04999999999999
759.0,13.3,18.0,711.1,0.0,0.0,0.0,27.0,20.0,26.0,24.0,25.0,25.0,24.0,24.0,24.0,12.7998,25.0,38.0,1233.8438888888888,4441838.0,0.0,0.0,4.93819444444444,3.95055555555556,3.70364583333333,25.0,1822.4,1795.2,1359.6,1297.8,0.0,1824.0,0.0,0.0,709.0,2305.0,3.7,9.0,3.7,85.0,0.0,1233.84388888889,0.0,48.0,27.0,27.0,23.5,58.0,28.5,27.5,27.5,28.5,29.0,26.5,26.5,23.0,0.2400000000000091,90.0,24.5,13.808,713.0,24.29,13.938,29.0,-5.2,3.0,0.0,0.0,0.0,22.0,179.0,0.0,28.0,1.0,0.0,825.6,0.0,0.0,0.6000000000000001,9.0,0.0,30.0,0.0,28.0,27.0,350.0,825.6,-50.0,0.0,0.0,0.0,0.0,400.0,0.0,0.0,0.0,0.0,0.0,0.0,46.5,709.5,4.443,56.932865,13.7612706,25.09375,38.0136303545237,0.0,7.990203428416665,7.990206,412.412345,221.102306,1.3312454422740858,1.318064794330778,1.6406506351661745,0.0072293569062,60.95142857142858,12.7998,0.0,0.0819821082065902,24.04999999999999
760.0,13.4,36.6,709.2,0.0,0.0,0.0,27.0,20.0,26.0,24.0,25.0,25.0,24.0,24.0,24.0,25.95672,25.0,38.0,1233.8444444444444,4441840.0,0.0,0.0,4.925,3.94,3.69375,25.0,1822.4,1795.2,1359.6,1297.8,0.0,2273.0,0.0,0.0,707.0,2305.0,3.68,9.0,3.68,77.0,0.0,1233.84444444444,0.0,47.5,27.0,27.0,23.5,58.0,28.5,27.5,27.5,28.5,29.0,26.5,26.5,30.0,0.25,90.0,24.5,13.809,712.4000000000001,24.18,13.94,29.0,1.3,3.0,0.0,0.0,0.0,22.0,179.0,0.0,28.0,1.0,0.0,825.6,0.0,0.0,0.6000000000000001,9.0,0.0,30.0,0.0,28.0,27.0,350.0,825.6,-50.0,0.0,0.0,0.0,0.0,400.0,0.0,0.0,0.0,0.0,0.0,0.0,46.5,709.5,4.443,56.932865,13.7612706,25.09375,37.99176639426224,0.0,8.007454885916665,8.007457,412.429596,221.119557,1.3460896539005267,1.332762033564878,0.8860903843012522,0.0146972392341,112.85530434782608,25.95672,0.0,0.1057000681675228,23.93
761.0,13.4,36.6,709.2,0.0,0.0,0.0,27.0,20.0,26.0,24.0,25.0,25.0,24.0,24.0,24.0,25.95672,25.0,38.0,1233.8444444444444,4441840.0,0.0,0.0,4.925,3.94,3.69375,25.0,1822.4,1795.2,1359.6,1297.8,0.0,2273.0,0.0,0.0,707.0,2305.0,3.68,9.0,3.68,77.0,0.0,1233.84444444444,0.0,47.5,27.0,27.0,23.5,58.0,28.5,27.5,27.5,28.5,29.0,26.5,26.5,30.0,0.25,90.0,24.5,13.809,712.4000000000001,24.18,13.94,29.0,1.3,3.0,0.0,0.0,0.0,22.0,179.0,0.0,28.0,1.0,0.0,825.6,0.0,0.0,0.6000000000000001,9.0,0.0,30.0,0.0,28.0,27.0,350.0,825.6,-50.0,0.0,0.0,0.0,0.0,400.0,0.0,0.0,0.0,0.0,0.0,0.0,46.5,709.7,4.443,49.46225750000001,13.770548300000002,28.0,37.99176639426224,0.0,8.007454885916665,8.007457,412.429596,221.119557,1.3460896539005267,1.332762033564878,0.8860903843012522,0.0146972392341,112.85530434782608,25.95672,0.0,0.1057000681675228,23.93
762.0,13.4,26.3,709.8,0.0,0.0,0.0,27.0,20.0,26.0,24.0,25.0,25.0,24.0,24.0,24.0,18.66774,25.0,38.0,1233.845,4441842.0,0.0,0.0,4.92916666666667,3.94333333333333,3.696875,25.0,1822.4,1795.2,1359.6,1297.8,0.0,2683.0,0.0,0.0,708.0,2305.0,3.7,9.0,3.68,78.0,0.0,1233.845,0.0,47.5,27.0,27.0,23.5,58.0,28.5,27.5,27.5,28.5,29.0,26.5,26.5,34.0,0.2400000000000091,90.0,24.5,13.808,712.5,23.99,13.949,29.0,5.5,3.0,0.0,0.0,0.0,22.0,179.0,0.0,28.0,1.0,0.0,825.6,0.0,0.0,0.6000000000000001,9.0,0.0,30.0,0.0,28.0,27.0,350.0,825.6,-50.0,0.0,0.0,0.0,0.0,400.0,0.0,0.0,0.0,0.0,0.0,0.0,46.5,709.7,4.443,49.46225750000001,13.770548300000002,28.0,37.98134167706221,0.0,8.026218598138888,8.026221,412.44836,221.138321,1.3566250341256147,1.343193103094668,1.6070504517418822,0.01043106952979,62.2258,18.66774,0.0,0.0738856688700815,23.74999999999999
763.0,13.4,26.3,709.8,0.0,0.0,0.0,27.0,20.0,26.0,24.0,25.0,25.0,24.0,24.0,24.0,18.66774,25.0,38.0,1233.845,4441842.0,0.0,0.0,4.92916666666667,3.94333333333333,3.696875,25.0,1822.4,1795.2,1359.6,1297.8,0.0,2683.0,0.0,0.0,708.0,2305.0,3.7,9.0,3.68,78.0,0.0,1233.845,0.0,47.5,27.0,27.0,23.5,58.0,28.5,27.5,27.5,28.5,29.0,26.5,26.5,34.0,0.2400000000000091,90.0,24.5,13.808,712.5,23.99,13.949,29.0,5.5,3.0,0.0,0.0,0.0,22.0,179.0,0.0,28.0,1.0,0.0,825.6,0.0,0.0,0.6000000000000001,9.0,0.0,30.0,0.0,28.0,27.0,350.0,825.6,-50.0,0.0,0.0,0.0,0.0,400.0,0.0,0.0,0.0,0.0,0.0,0.0,46.5,710.7,4.441,40.185032500000005,13.760294,32.0,37.98134167706221,0.0,8.026218598138888,8.026221,412.44836,221.138321,1.3566250341256147,1.343193103094668,1.6070504517418822,0.01043106952979,62.2258,18.66774,0.0,0.0738856688700815,23.74999999999999
764.0,13.4,12.6,711.0,0.0,0.0,0.0,27.0,20.0,26.0,24.0,25.0,25.0,24.0,24.0,24.0,8.9586,25.0,38.0,1233.8455555555556,4441844.0,0.0,0.0,4.9375,3.95,3.703125,25.0,1822.4,1795.2,1359.6,1297.8,0.0,2865.0,0.0,0.0,709.0,2295.0,3.7,24.0,3.7,77.0,0.0,1233.84555555556,0.0,47.5,27.0,27.0,23.5,58.0,28.5,27.5,27.5,28.5,29.0,26.5,26.5,36.0,0.2400000000000091,90.0,24.5,13.81,713.9000000000001,24.09,13.944,29.0,4.1000000000000005,3.0,0.0,0.0,0.0,22.0,179.0,0.0,28.0,1.0,0.0,825.6,0.0,0.0,0.6000000000000001,9.0,0.0,30.0,0.0,28.0,27.0,350.0,825.6,-50.0,0.0,0.0,0.0,0.0,400.0,0.0,0.0,0.0,0.0,0.0,0.0,46.5,710.7,4.441,40.185032500000005,13.760294,32.0,37.97605949358634,0.0,8.046554182138888,8.046557,412.468696,221.158657,1.3617548989055603,1.348272177134218,3.7952358627464102,0.00507907403955,26.348823529411767,8.9586,0.0,0.0522538583743127,23.84999999999999
765.0,13.4,12.6,711.0,0.0,0.0,0.0,27.0,20.0,26.0,24.0,25.0,25.0,24.0,24.0,24.0,8.9586,25.0,38.0,1233.8455555555556,4441844.0,0.0,0.0,4.9375,3.95,3.703125,25.0,1822.4,1795.2,1359.6,1297.8,0.0,2865.0,0.0,0.0,709.0,2295.0,3.7,24.0,3.7,77.0,0.0,1233.84555555556,0.0,47.5,27.0,27.0,23.5,58.0,28.5,27.5,27.5,28.5,29.0,26.5,26.5,36.0,0.2400000000000091,90.0,24.5,13.81,713.9000000000001,24.09,13.944,29.0,4.1000000000000005,3.0,0.0,0.0,0.0,22.0,179.0,0.0,27.0,1.0,0.0,825.6,0.0,0.0,0.6000000000000001,9.0,0.0,30.0,0.0,27.0,27.0,350.0,825.6,-50.0,0.0,0.0,0.0,0.0,400.0,0.0,0.0,0.0,0.0,0.0,0.0,46.5,710.8000000000001,4.443,37.206555,13.7695717,36.5,37.97605949358634,0.0,8.046554182138888,8.046557,412.468696,221.158657,1.3617548989055603,1.348272177134218,3.7952358627464102,0.00507907403955,26.348823529411767,8.9586,0.0,0.0522538583743127,23.84999999999999
766.0,13.4,11.4,711.1,0.0,0.0,0.0,27.0,20.0,26.0,24.0,25.0,25.0,24.0,24.0,24.0,8.10654,25.0,38.0,1233.8461111111112,4441846.0,0.0,0.0,4.93819444444444,3.95055555555556,3.70364583333333,25.0,1822.4,1795.2,1359.6,1297.8,0.0,2923.0,0.0,0.0,709.0,2295.0,3.7,9.0,3.7,40.0,0.0,1233.84611111111,0.0,47.5,27.0,27.0,23.5,58.0,28.5,27.5,27.5,28.5,29.0,26.5,26.5,37.0,-0.0299999999999727,90.0,24.5,13.792,715.1,27.68,13.928,29.0,8.200000000000001,3.0,0.0,0.0,0.0,22.0,179.0,0.0,27.0,1.0,0.0,825.6,0.0,0.0,0.6000000000000001,9.0,0.0,30.0,0.0,27.0,27.0,350.0,825.6,-50.0,0.0,0.0,0.0,0.0,400.0,0.0,0.0,0.0,0.0,0.0,0.0,46.5,710.8000000000001,4.443,37.206555,13.7695717,36.5,37.97349572041779,0.0,8.067200723777777,8.067204,412.489343,221.179304,1.3663287106615092,1.3528007036252565,4.440858862103929,0.0045285264910383,22.518166666666673,8.10654,0.0,0.0489610429449946,27.709999999999972
767.0,13.4,11.4,711.1,0.0,0.0,0.0,27.0,20.0,26.0,24.0,25.0,25.0,24.0,24.0,24.0,8.10654,25.0,38.0,1233.8461111111112,4441846.0,0.0,0.0,4.93819444444444,3.95055555555556,3.70364583333333,25.0,1822.4,1795.2,1359.6,1297.8,0.0,2923.0,0.0,0.0,709.0,2295.0,3.7,9.0,3.7,40.0,0.0,1233.84611111111,0.0,47.5,27.0,27.0,23.5,58.0,28.5,27.5,27.5,28.5,29.0,26.5,26.5,37.0,-0.0299999999999727,90.0,24.5,13.792,715.1,27.68,13.928,29.0,8.200000000000001,3.0,0.0,0.0,0.0,22.0,179.0,0.0,28.0,1.0,0.0,825.6,0.0,0.0,0.6000000000000001,9.0,0.0,30.0,0.0,28.0,27.0,350.0,825.6,-50.0,0.0,0.0,0.0,0.0,400.0,0.0,0.0,0.0,0.0,0.0,0.0,46.5,712.7,4.443,29.540637500000003,13.770548300000002,36.5625,37.97349572041779,0.0,8.067200723777777,8.067204,412.489343,221.179304,1.3663287106615092,1.3528007036252565,4.440858862103929,0.0045285264910383,22.518166666666673,8.10654,0.0,0.0489610429449946,27.709999999999972
768.0,13.3,-10.2,713.0,0.0,0.0,0.0,27.0,20.0,26.0,24.0,25.0,25.0,24.0,24.0,24.0,-7.2726,25.0,38.0,1233.8466666666666,4441848.0,0.0,0.0,4.95138888888889,3.96111111111111,3.71354166666667,25.0,1822.4,1795.2,1359.6,1297.8,0.0,2705.0,0.0,0.0,711.0,2295.0,3.7,9.0,3.7,61.0,0.0,1233.84666666667,0.0,47.5,27.0,27.0,23.5,58.0,28.5,27.5,27.5,28.5,29.0,26.5,26.5,33.0,0.3199999999999932,90.0,24.5,13.809,716.6,27.15,13.949,29.0,-9.5,3.0,0.0,0.0,0.0,22.0,179.0,0.0,28.0,1.0,0.0,825.6,0.0,0.0,0.6000000000000001,9.0,0.0,30.0,0.0,28.0,27.0,350.0,825.6,-50.0,0.0,0.0,0.0,0.0,400.0,0.0,0.0,0.0,0.0,0.0,0.0,46.5,712.7,4.443,29.540637500000003,13.770548300000002,36.5625,37.96029960412193,0.0,8.085851394277777,8.085855,412.507994,221.197955,1.3621554714480086,1.3486687836118898,-5.087589032808075,-0.0041319200133666,-19.65567567567567,-7.2726,0.0,0.0489610429449946,26.830000000000005
769.0,13.3,-10.2,713.0,0.0,0.0,0.0,27.0,20.0,26.0,24.0,25.0,25.0,24.0,24.0,24.0,-7.2726,25.0,38.0,1233.8466666666666,4441848.0,0.0,0.0,4.95138888888889,3.96111111111111,3.71354166666667,25.0,1822.4,1795.2,1359.6,1297.8,0.0,2705.0,0.0,0.0,711.0,2295.0,3.7,9.0,3.7,61.0,0.0,1233.84666666667,0.0,47.5,27.0,27.0,23.5,58.0,28.5,27.5,27.5,28.5,29.0,26.5,26.5,33.0,0.3199999999999932,90.0,24.5,13.809,716.6,27.15,13.949,29.0,-9.5,3.0,0.0,0.0,0.0,22.0,179.0,0.0,28.0,1.0,0.0,825.6,0.0,0.0,0.6000000000000001,9.0,0.0,30.0,0.0,28.0,27.0,350.0,825.6,-50.0,0.0,0.0,0.0,0.0,400.0,0.0,0.0,0.0,0.0,0.0,0.0,46.5,714.3000000000001,4.443,16.894315000000002,13.740762,32.234375,37.96029960412193,0.0,8.085851394277777,8.085855,412.507994,221.197955,1.3621554714480086,1.3486687836118898,-5.087589032808075,-0.0041319200133666,-19.65567567567567,-7.2726,0.0,0.0489610429449946,26.830000000000005
770.0,13.3,-22.2,714.3,0.0,0.0,0.0,27.0,20.0,26.0,24.0,25.0,25.0,24.0,24.0,24.0,-15.85746,25.0,38.0,1233.8472222222222,4441850.0,0.0,0.0,4.96041666666667,3.96833333333333,3.7203125,25.0,1822.4,1795.2,1359.6,1297.8,0.0,2122.0,0.0,0.0,712.0,2295.0,3.72,11.0,3.7,40.0,0.0,1233.84722222222,0.0,47.5,27.0,27.0,23.5,58.0,28.5,27.5,27.5,28.5,29.0,26.5,26.5,25.0,0.1399999999999863,90.0,24.5,13.774,716.7,27.9,13.942,29.0,-11.7,3.0,0.0,0.0,0.0,22.0,179.0,0.0,28.0,1.0,0.0,825.6,0.0,0.0,0.6000000000000001,9.0,0.0,30.0,0.0,28.0,27.0,350.0,825.6,-50.0,0.0,0.0,0.0,0.0,400.0,0.0,0.0,0.0,0.0,0.0,0.0,46.5,714.3000000000001,4.443,16.894315000000002,13.740762,32.234375,37.92691094312619,0.0,8.099605753999999,8.099609,412.521748,221.211709,1.3533737390916365,1.33997399910063,-2.0810394602918754,-0.00869478451126,-48.05290909090909,-15.85746,0.0,,27.760000000000012
771.0,13.3,-22.2,714.3,0.0,0.0,0.0,27.0,20.0,26.0,24.0,25.0,25.0,24.0,24.0,24.0,-15.85746,25.0,38.0,1233.8472222222222,4441850.0,0.0,0.0,4.96041666666667,3.96833333333333,3.7203125,25.0,1822.4,1795.2,1359.6,1297.8,0.0,2122.0,0.0,0.0,712.0,2295.0,3.72,11.0,3.7,40.0,0.0,1233.84722222222,0.0,47.5,27.0,27.0,23.5,58.0,28.5,27.5,27.5,28.5,29.0,26.5,26.5,25.0,0.1399999999999863,90.0,24.5,13.774,716.7,27.9,13.942,29.0,-11.7,3.0,0.0,0.0,0.0,22.0,179.0,0.0,28.0,1.0,0.0,825.6,0.0,0.0,0.6000000000000001,9.0,0.0,30.0,0.0,28.0,27.0,350.0,825.6,-50.0,0.0,0.0,0.0,0.0,400.0,0.0,0.0,0.0,0.0,0.0,0.0,46.5,713.9000000000001,4.443,12.4510125,13.7495514,20.0,37.92691094312619,0.0,8.099605753999999,8.099609,412.521748,221.211709,1.3533737390916365,1.33997399910063,-2.0810394602918754,-0.00869478451126,-48.05290909090909,-15.85746,0.0,,27.760000000000012
772.0,13.3,-12.8,713.7,0.0,0.0,0.0,27.0,20.0,26.0,24.0,25.0,25.0,24.0,24.0,24.0,-9.13536,25.0,38.0,1233.8477777777778,4441852.0,0.0,0.0,4.95625,3.965,3.7171875,25.0,1822.5,1795.2,1359.6,1297.8,0.0,1468.0,0.0,0.0,712.0,2295.0,3.72,9.0,3.7,77.0,0.0,1233.84777777778,0.0,47.5,27.0,27.0,23.5,58.0,28.5,27.5,27.5,28.5,29.0,26.5,26.5,17.0,0.3899999999999863,90.0,24.5,13.792,716.4000000000001,27.58,13.938,29.0,42.0,3.0,0.0,0.0,0.0,22.0,179.0,0.0,28.0,1.0,0.0,825.6,0.0,0.0,0.6000000000000001,9.0,0.0,30.0,0.0,28.0,27.0,350.0,825.6,-50.0,0.0,0.0,0.0,0.0,400.0,0.0,0.0,0.0,0.0,0.0,0.0,46.5,713.9000000000001,4.443,12.4510125,13.7495514,20.0,37.872226888804626,0.0,8.109117434388887,8.109121,412.53126,221.221221,1.3482199098579817,1.3348711978791898,-2.736619027602634,-0.00510280122144,-36.54144,-9.13536,0.0,-0.0669347700673713,27.190000000000012
773.0,13.3,-12.8,713.7,0.0,0.0,0.0,27.0,20.0,26.0,24.0,25.0,25.0,24.0,24.0,24.0,-9.13536,25.0,38.0,1233.8477777777778,4441852.0,0.0,0.0,4.95625,3.965,3.7171875,25.0,1822.5,1795.2,1359.6,1297.8,0.0,1468.0,0.0,0.0,712.0,2295.0,3.72,9.0,3.7,77.0,0.0,1233.84777777778,0.0,47.5,27.0,27.0,23.5,58.0,28.5,27.5,27.5,28.5,29.0,26.5,26.5,17.0,0.3899999999999863,90.0,24.5,13.792,716.4000000000001,27.58,13.938,29.0,42.0,3.0,0.0,0.0,0.0,22.0,179.0,0.0,28.0,1.0,0.0,825.6,0.0,0.0,0.6000000000000001,9.0,0.0,30.0,0.0,28.0,27.0,350.0,825.6,-50.0,0.0,0.0,0.0,0.0,400.0,0.0,0.0,0.0,0.0,0.0,0.0,46.5,711.8000000000001,4.443,33.690975,13.740762,12.0,37.872226888804626,0.0,8.109117434388887,8.109121,412.53126,221.221221,1.3482199098579817,1.3348711978791898,-2.736619027602634,-0.00510280122144,-36.54144,-9.13536,0.0,-0.0669347700673713,27.190000000000012
774.0,13.3,11.2,711.6,0.0,0.0,0.0,27.0,20.0,26.0,24.0,25.0,25.0,24.0,24.0,24.0,7.96992,25.0,38.0,1233.8483333333334,4441854.0,0.0,0.0,4.94166666666667,3.95333333333333,3.70625,25.0,1822.5,1795.2,1359.6,1297.8,0.0,1276.0,0.0,0.0,710.0,2302.0,3.7,9.0,3.7,49.0,0.0,1233.84833333333,0.0,47.5,27.0,27.0,23.5,58.0,28.5,27.5,27.5,28.5,29.0,26.5,26.5,16.0,0.1800000000000068,90.0,24.5,13.79,715.9000000000001,24.4,13.95,29.0,83.10000000000001,3.0,0.0,0.0,0.0,22.0,179.0,0.0,28.0,1.0,0.0,825.6,0.0,0.0,0.6000000000000001,9.0,0.0,30.0,0.0,28.0,27.0,350.0,825.6,-50.0,0.0,0.0,0.0,0.0,400.0,0.0,0.0,0.0,0.0,0.0,0.0,46.5,711.8000000000001,4.443,33.690975,13.740762,12.0,37.81423331085353,0.0,8.118225217499997,8.118229,412.540368,221.230329,1.3527964137494863,1.3394023898509766,2.1330201557857538,0.0045311919717866,46.88188235294119,7.96992,0.0,-0.0736295667687544,24.21999999999999
775.0,13.3,11.2,711.6,0.0,0.0,0.0,27.0,20.0,26.0,24.0,25.0,25.0,24.0,24.0,24.0,7.96992,25.0,38.0,1233.8483333333334,4441854.0,0.0,0.0,4.94166666666667,3.95333333333333,3.70625,25.0,1822.5,1795.2,1359.6,1297.8,0.0,1276.0,0.0,0.0,710.0,2302.0,3.7,9.0,3.7,49.0,0.0,1233.84833333333,0.0,47.5,27.0,27.0,23.5,58.0,28.5,27.5,27.5,28.5,29.0,26.5,26.5,16.0,0.1800000000000068,90.0,24.5,13.79,715.9000000000001,24.4,13.95,29.0,83.10000000000001,3.0,0.0,0.0,0.0,22.0,179.0,0.0,27.0,1.0,0.0,825.6,0.0,0.0,0.6000000000000001,9.0,0.0,30.0,0.0,27.0,27.0,350.0,825.6,-50.0,0.0,0.0,0.0,0.0,400.0,0.0,0.0,0.0,0.0,0.0,0.0,46.5,713.6,4.443,4.980405,13.760294,12.0,37.81423331085353,0.0,8.118225217499997,8.118229,412.540368,221.230329,1.3527964137494863,1.3394023898509766,2.1330201557857538,0.0045311919717866,46.88188235294119,7.96992,0.0,-0.0736295667687544,24.21999999999999
776.0,13.3,-8.4,713.4,0.0,0.0,0.0,27.0,20.0,26.0,24.0,25.0,25.0,24.0,24.0,24.0,-5.99256,25.0,38.0,1233.848888888889,4441856.0,0.0,0.0,4.95416666666667,3.96333333333333,3.715625,25.0,1822.5,1795.2,1359.6,1297.8,0.0,799.0,0.0,0.0,711.0,2302.0,3.7,9.0,3.7,77.0,0.0,1233.84888888889,0.0,47.5,27.0,27.0,23.5,58.0,28.5,27.5,27.5,28.5,29.0,26.5,26.5,9.0,0.5699999999999932,90.0,24.5,13.821,715.3000000000001,28.13,13.952,29.0,83.10000000000001,3.0,0.0,0.0,0.0,22.0,179.0,0.0,27.0,1.0,0.0,825.6,0.0,0.0,0.6000000000000001,9.0,0.0,30.0,0.0,27.0,27.0,350.0,825.6,-50.0,0.0,0.0,0.0,0.0,400.0,0.0,0.0,0.0,0.0,0.0,0.0,46.5,713.6,4.443,4.980405,13.760294,12.0,37.736507265781206,0.0,8.123451355749998,8.123455,412.545594,221.235555,1.3493818782751827,1.3360216616585967,-2.6699774386906427,-0.00338072819238,-37.4535,-5.99256,0.0,-0.0835917735163697,27.560000000000006
777.0,13.3,-8.4,713.4,0.0,0.0,0.0,27.0,20.0,26.0,24.0,25.0,25.0,24.0,24.0,24.0,-5.99256,25.0,38.0,1233.848888888889,4441856.0,0.0,0.0,4.95416666666667,3.96333333333333,3.715625,25.0,1822.5,1795.2,1359.6,1297.8,0.0,799.0,0.0,0.0,711.0,2302.0,3.7,9.0,3.7,77.0,0.0,1233.84888888889,0.0,47.5,27.0,27.0,23.5,58.0,28.5,27.5,27.5,28.5,29.0,26.5,26.5,9.0,0.5699999999999932,90.0,24.5,13.821,715.3000000000001,28.13,13.952,29.0,-10.0,3.0,0.0,0.0,0.0,22.0,179.0,0.0,27.0,1.0,0.0,825.6,0.0,0.0,0.6000000000000001,9.0,0.0,30.0,0.0,27.0,27.0,350.0,825.6,-50.0,0.0,0.0,0.0,0.0,400.0,0.0,0.0,0.0,0.0,0.0,0.0,46.5,711.9000000000001,4.443,37.987795,13.7715249,9.0,37.736507265781206,0.0,8.123451355749998,8.123455,412.545594,221.235555,1.3493818782751827,1.3360216616585967,-2.6699774386906427,-0.00338072819238,-37.4535,-5.99256,0.0,-0.0835917735163697,27.560000000000006
778.0,13.3,11.6,711.6,0.0,0.0,0.0,26.0,20.0,26.0,24.0,25.0,25.0,24.0,24.0,24.0,8.25456,25.0,38.0,1233.8494444444443,4441858.0,0.0,0.0,4.94166666666667,3.95333333333333,3.70625,25.0,1822.5,1795.2,1359.6,1297.8,0.0,855.0,0.0,0.0,709.0,2302.0,3.7,11.0,3.7,49.0,0.0,1233.84944444444,0.0,47.5,27.0,27.0,23.5,58.0,28.5,27.5,27.5,28.5,29.0,26.5,26.5,11.0,0.2099999999999795,90.0,24.5,13.798,715.1,24.93,13.94,29.0,-10.0,3.0,0.0,0.0,0.0,22.0,179.0,0.0,27.0,1.0,0.0,825.6,0.0,0.0,0.6000000000000001,9.0,0.0,30.0,0.0,27.0,27.0,350.0,825.6,-50.0,0.0,0.0,0.0,0.0,400.0,0.0,0.0,0.0,0.0,0.0,0.0,46.5,711.9000000000001,4.443,37.987795,13.7715249,9.0,37.66863551349621,0.0,8.12947778183333,8.129481,412.55162,221.241581,1.3541053423395033,1.3406983587519834,1.0903064487992091,0.0046766970933866,91.71733333333331,8.25456,0.0,-0.0835917735163697,24.72000000000002
779.0,13.3,11.6,711.6,0.0,0.0,0.0,26.0,20.0,26.0,24.0,25.0,25.0,24.0,24.0,24.0,8.25456,25.0,38.0,1233.8494444444443,4441858.0,0.0,0.0,4.94166666666667,3.95333333333333,3.70625,25.0,1822.5,1795.2,1359.6,1297.8,0.0,855.0,0.0,0.0,709.0,2302.0,3.7,11.0,3.7,49.0,0.0,1233.84944444444,0.0,47.5,27.0,27.0,23.5,58.0,28.5,27.5,27.5,28.5,29.0,26.5,26.5,11.0,0.2099999999999795,90.0,24.5,13.798,715.1,24.93,13.94,29.0,-12.1,3.0,0.0,0.0,0.0,22.0,179.0,0.0,28.0,1.0,0.0,825.6,0.0,0.0,0.6000000000000001,9.0,0.0,30.0,0.0,28.0,27.0,350.0,825.6,-50.0,0.0,0.0,0.0,0.0,400.0,0.0,0.0,0.0,0.0,0.0,0.0,46.5,711.8000000000001,4.443,40.331515,13.760294,13.4375,37.66863551349621,0.0,8.12947778183333,8.129481,412.55162,221.241581,1.3541053423395033,1.3406983587519834,1.0903064487992091,0.0046766970933866,91.71733333333331,8.25456,0.0,-0.0835917735163697,24.72000000000002
780.0,13.3,4.5,712.1,0.0,0.0,0.0,26.0,20.0,26.0,24.0,25.0,25.0,24.0,24.0,24.0,3.20445,25.0,38.0,1233.85,4441860.0,0.0,0.0,4.94513888888889,3.95611111111111,3.70885416666667,25.0,1822.5,1795.2,1359.6,1297.8,0.0,1192.0,0.0,0.0,710.0,2302.0,3.7,9.0,3.7,49.0,0.0,1233.85,0.0,47.5,27.0,27.0,23.5,58.0,28.5,27.5,27.5,28.5,29.0,26.5,26.5,15.0,0.25,90.0,24.5,13.807,715.7,25.34,13.944,29.0,12.4,3.0,0.0,0.0,0.0,22.0,179.0,0.0,28.0,1.0,0.0,825.6,0.0,0.0,0.6000000000000001,9.0,0.0,30.0,0.0,28.0,27.0,350.0,825.6,-50.0,0.0,0.0,0.0,0.0,400.0,0.0,0.0,0.0,0.0,0.0,0.0,46.5,711.8000000000001,4.443,40.331515,13.760294,13.4375,37.61052625408154,0.0,8.137797501416664,8.137801,412.55994,221.249901,1.355884582715222,1.3424599828863584,3.4327263648988113,0.001761624134375,29.13136363636365,3.2044500000000005,0.0,,25.09
781.0,13.3,4.5,712.1,0.0,0.0,0.0,26.0,20.0,26.0,24.0,25.0,25.0,24.0,24.0,24.0,3.20445,25.0,38.0,1233.85,4441860.0,0.0,0.0,4.94513888888889,3.95611111111111,3.70885416666667,25.0,1822.5,1795.2,1359.6,1297.8,0.0,1192.0,0.0,0.0,710.0,2302.0,3.7,9.0,3.7,49.0,0.0,1233.85,0.0,47.5,27.0,27.0,23.5,58.0,28.5,27.5,27.5,28.5,29.0,26.5,26.5,15.0,0.25,90.0,24.5,13.807,715.7,25.34,13.944,29.0,12.4,3.0,0.0,0.0,0.0,22.0,179.0,0.0,28.0,1.0,0.0,825.6,0.0,0.0,0.6000000000000001,9.0,0.0,30.0,0.0,28.0,27.0,350.0,825.6,-50.0,0.0,0.0,0.0,0.0,400.0,0.0,0.0,0.0,0.0,0.0,0.0,46.5,712.9000000000001,4.443,17.9196925,13.760294,13.84375,37.61052625408154,0.0,8.137797501416664,8.137801,412.55994,221.249901,1.355884582715222,1.3424599828863584,3.4327263648988113,0.001761624134375,29.13136363636365,3.2044500000000005,0.0,,25.09
782.0,13.3,-2.7,712.8,0.0,0.0,0.0,26.0,20.0,26.0,24.0,25.0,25.0,24.0,24.0,24.0,-1.92456,25.0,38.0,1233.8505555555555,4441862.0,0.0,0.0,4.95,3.96,3.7125,25.0,1822.5,1795.2,1359.6,1297.8,0.0,923.0,0.0,0.0,711.0,2300.0,3.7,9.0,3.7,77.0,0.0,1233.85055555556,0.0,47.5,27.0,27.0,23.5,58.0,28.5,27.5,27.5,28.5,29.0,26.5,26.5,11.0,0.2200000000000272,90.0,24.5,13.804,715.1,24.64,13.944,29.0,-20.0,3.0,0.0,0.0,0.0,22.0,179.0,0.0,28.0,1.0,0.0,825.6,0.0,0.0,0.6000000000000001,9.0,0.0,30.0,0.0,28.0,27.0,350.0,825.6,-50.0,0.0,0.0,0.0,0.0,400.0,0.0,0.0,0.0,0.0,0.0,0.0,46.5,712.9000000000001,4.443,17.9196925,13.760294,13.84375,37.54331433785632,0.0,8.143824225111109,8.143828,412.565967,221.255928,1.3548100678214576,1.3413961067539184,-7.793989275470757,-0.00106387613244,-12.8304,-1.92456,0.0,,24.419999999999973
783.0,13.3,-2.7,712.8,0.0,0.0,0.0,26.0,20.0,26.0,24.0,25.0,25.0,24.0,24.0,24.0,-1.92456,25.0,38.0,1233.8505555555555,4441862.0,0.0,0.0,4.95,3.96,3.7125,25.0,1822.5,1795.2,1359.6,1297.8,0.0,923.0,0.0,0.0,711.0,2300.0,3.7,9.0,3.7,77.0,0.0,1233.85055555556,0.0,47.5,27.0,27.0,23.5,58.0,28.5,27.5,27.5,28.5,29.0,26.5,26.5,11.0,0.2200000000000272,90.0,24.5,13.804,715.1,24.64,13.944,29.0,-20.0,3.0,0.0,0.0,0.0,22.0,179.0,0.0,28.0,1.0,0.0,825.6,0.0,0.0,0.6000000000000001,9.0,0.0,30.0,0.0,28.0,27.0,350.0,825.6,-50.0,0.0,0.0,0.0,0.0,400.0,0.0,0.0,0.0,0.0,0.0,0.0,46.5,711.8000000000001,4.443,42.675235,13.7612706,8.0,37.54331433785632,0.0,8.143824225111109,8.143828,412.565967,221.255928,1.3548100678214576,1.3413961067539184,-7.793989275470757,-0.00106387613244,-12.8304,-1.92456,0.0,,24.419999999999973
784.0,13.3,4.7,712.2,0.0,0.0,0.0,26.0,20.0,26.0,24.0,25.0,25.0,24.0,24.0,24.0,3.34734,25.0,38.0,1233.851111111111,4441864.0,0.0,0.0,4.94583333333333,3.95666666666667,3.709375,25.0,1822.5,1795.2,1359.6,1297.8,0.0,1045.0,0.0,0.0,710.0,2300.0,3.7,9.0,3.7,64.0,0.0,1233.85111111111,0.0,47.5,27.0,27.0,23.5,58.0,28.5,27.5,27.5,28.5,29.0,26.5,26.5,13.0,0.2599999999999909,90.0,24.5,13.81,715.2,24.79,13.955,29.0,-29.0,3.0,0.0,0.0,0.0,22.0,179.0,0.0,28.0,1.0,0.0,825.6,0.0,0.0,0.6000000000000001,9.0,0.0,30.0,0.0,28.0,27.0,350.0,825.6,-50.0,0.0,0.0,0.0,0.0,400.0,0.0,0.0,0.0,0.0,0.0,0.0,46.5,711.8000000000001,4.443,42.675235,13.7612706,8.0,37.48108828225729,0.0,8.150991939416665,8.150996,412.573135,221.263096,1.3566688353662295,1.3432364706596334,3.286191423637874,0.0018403639057149,30.430363636363627,3.34734,0.0,,24.53000000000001
785.0,13.3,4.7,712.2,0.0,0.0,0.0,26.0,20.0,26.0,24.0,25.0,25.0,24.0,24.0,24.0,3.34734,25.0,38.0,1233.851111111111,4441864.0,0.0,0.0,4.94583333333333,3.95666666666667,3.709375,25.0,1822.5,1795.2,1359.6,1297.8,0.0,1045.0,0.0,0.0,710.0,2300.0,3.7,9.0,3.7,64.0,0.0,1233.85111111111,0.0,47.5,27.0,27.0,23.5,58.0,28.5,27.5,27.5,28.5,29.0,26.5,26.5,13.0,0.2599999999999909,90.0,24.5,13.81,715.2,24.79,13.955,29.0,-29.0,3.0,0.0,0.0,0.0,22.0,179.0,0.0,28.0,1.0,0.0,825.6,0.0,0.0,0.6000000000000001,9.0,0.0,30.0,0.0,28.0,27.0,350.0,825.6,-50.0,0.0,0.0,0.0,0.0,400.0,0.0,0.0,0.0,0.0,0.0,0.0,46.5,712.4000000000001,4.443,26.36685,13.770548300000002,13.28125,37.48108828225729,0.0,8.150991939416665,8.150996,412.573135,221.263096,1.3566688353662295,1.3432364706596334,3.286191423637874,0.0018403639057149,30.430363636363627,3.34734,0.0,,24.53000000000001
786.0,13.4,4.1,712.2,0.0,0.0,0.0,26.0,20.0,26.0,24.0,25.0,25.0,24.0,24.0,24.0,2.92002,25.0,38.0,1233.8516666666667,4441866.0,0.0,0.0,4.94583333333333,3.95666666666667,3.709375,25.0,1822.5,1795.2,1359.6,1297.8,0.0,1050.0,0.0,0.0,710.0,2300.0,3.7,11.0,3.7,49.0,0.0,1233.85166666667,0.0,47.5,27.0,27.0,23.5,58.0,28.5,27.5,27.5,28.5,29.0,26.5,26.5,13.0,0.25,90.0,24.5,13.808,715.1,24.14,13.944,29.0,-8.3,3.0,0.0,0.0,0.0,22.0,179.0,0.0,28.0,1.0,0.0,825.6,0.0,0.0,0.6000000000000001,9.0,0.0,30.0,0.0,28.0,27.0,350.0,825.6,-50.0,0.0,0.0,0.0,0.0,400.0,0.0,0.0,0.0,0.0,0.0,0.0,46.5,712.4000000000001,4.443,26.36685,13.770548300000002,13.28125,37.419600711429105,0.0,8.158110470749998,8.158115,412.580254,221.270215,1.358286633465774,1.3448382509562118,4.452024301203416,0.0016017802965783,22.46169230769231,2.92002,0.0,,23.89
787.0,13.4,4.1,712.2,0.0,0.0,0.0,26.0,20.0,26.0,24.0,25.0,25.0,24.0,24.0,24.0,2.92002,25.0,38.0,1233.8516666666667,4441866.0,0.0,0.0,4.94583333333333,3.95666666666667,3.709375,25.0,1822.5,1795.2,1359.6,1297.8,0.0,1050.0,0.0,0.0,710.0,2300.0,3.7,11.0,3.7,49.0,0.0,1233.85166666667,0.0,47.5,27.0,27.0,23.5,58.0,28.5,27.5,27.5,28.5,29.0,26.5,26.5,13.0,0.25,90.0,24.5,13.808,715.1,24.14,13.944,29.0,-8.3,3.0,0.0,0.0,0.0,22.0,179.0,0.0,28.0,1.0,0.0,825.6,0.0,0.0,0.6000000000000001,9.0,0.0,30.0,0.0,28.0,27.0,350.0,825.6,-50.0,0.0,0.0,0.0,0.0,400.0,0.0,0.0,0.0,0.0,0.0,0.0,46.5,712.1,4.443,30.175395,13.760294,13.390625,37.419600711429105,0.0,8.158110470749998,8.158115,412.580254,221.270215,1.358286633465774,1.3448382509562118,4.452024301203416,0.0016017802965783,22.46169230769231,2.92002,0.0,,23.89
788.0,13.4,6.8,712.0,0.0,0.0,0.0,26.0,20.0,26.0,24.0,25.0,25.0,24.0,24.0,24.0,4.8416,25.0,38.0,1233.8522222222225,4441868.0,0.0,0.0,4.94444444444444,3.95555555555556,3.70833333333333,25.0,1822.5,1795.2,1359.6,1297.8,0.0,1145.0,0.0,0.0,710.0,2300.0,3.7,9.0,3.7,49.0,0.0,1233.85222222222,0.0,47.5,27.0,27.0,23.5,58.0,28.5,27.5,27.5,28.5,29.0,26.5,26.5,14.0,0.2400000000000091,90.0,24.5,13.807,715.1,24.44,13.934,29.0,-2.0,3.0,0.0,0.0,0.0,22.0,179.0,0.0,28.0,1.0,0.0,825.6,0.0,0.0,0.6000000000000001,9.0,0.0,30.0,0.0,28.0,27.0,350.0,825.6,-50.0,0.0,0.0,0.0,0.0,400.0,0.0,0.0,0.0,0.0,0.0,0.0,46.5,712.1,4.443,30.175395,13.760294,13.390625,37.35953414615279,0.0,8.16595897847222,8.165964,412.588103,221.278064,1.361022161663015,1.3475466947158563,2.685062789160608,0.0027084437596444,37.24307692307692,4.8416,0.0,,24.199999999999992
789.0,13.4,6.8,712.0,0.0,0.0,0.0,26.0,20.0,26.0,24.0,25.0,25.0,24.0,24.0,24.0,4.8416,25.0,38.0,1233.8522222222225,4441868.0,0.0,0.0,4.94444444444444,3.95555555555556,3.70833333333333,25.0,1822.5,1795.2,1359.6,1297.8,0.0,1145.0,0.0,0.0,710.0,2300.0,3.7,9.0,3.7,49.0,0.0,1233.85222222222,0.0,47.5,27.0,27.0,23.5,58.0,28.5,27.5,27.5,28.5,29.0,26.5,26.5,14.0,0.2400000000000091,90.0,24.5,13.807,715.1,24.44,13.934,29.0,-2.0,3.0,0.0,0.0,0.0,22.0,179.0,0.0,28.0,1.0,0.0,825.6,0.0,0.0,0.6000000000000001,9.0,0.0,30.0,0.0,28.0,27.0,350.0,825.6,-50.0,0.0,0.0,0.0,0.0,400.0,0.0,0.0,0.0,0.0,0.0,0.0,46.5,712.8000000000001,4.443,26.2203675,13.7715249,12.0,37.35953414615279,0.0,8.16595897847222,8.165964,412.588103,221.278064,1.361022161663015,1.3475466947158563,2.685062789160608,0.0027084437596444,37.24307692307692,4.8416,0.0,,24.199999999999992
790.0,13.4,-5.2,713.0,0.0,0.0,0.0,26.0,20.0,26.0,24.0,25.0,25.0,24.0,24.0,24.0,-3.7076,25.0,38.0,1233.852777777778,4441870.0,0.0,0.0,4.95138888888889,3.96111111111111,3.71354166666667,25.0,1822.5,1795.2,1359.6,1297.8,0.0,1030.0,0.0,0.0,711.0,2300.0,3.7,9.0,3.7,78.0,0.0,1233.85277777778,0.0,47.5,27.0,27.0,23.5,58.0,28.5,27.5,27.5,28.5,29.0,26.5,26.5,12.0,0.2400000000000091,90.0,24.5,13.809,715.8000000000001,24.81,13.945,29.0,-2.0,3.0,0.0,0.0,0.0,22.0,179.0,0.0,28.0,1.0,0.0,825.6,0.0,0.0,0.6000000000000001,9.0,0.0,30.0,0.0,28.0,27.0,350.0,825.6,-50.0,0.0,0.0,0.0,0.0,400.0,0.0,0.0,0.0,0.0,0.0,0.0,46.5,712.8000000000001,4.443,26.2203675,13.7715249,12.0,37.29380148270783,0.0,8.172775363472221,8.17278,412.594919,221.28488,1.3589061044420996,1.345451588556534,-3.77602761894487,-0.0020951061593222,-26.482857142857146,-3.7076,0.0,,24.56999999999999
791.0,13.4,-5.2,713.0,0.0,0.0,0.0,26.0,20.0,26.0,24.0,25.0,25.0,24.0,24.0,24.0,-3.7076,25.0,38.0,1233.852777777778,4441870.0,0.0,0.0,4.95138888888889,3.96111111111111,3.71354166666667,25.0,1822.5,1795.2,1359.6,1297.8,0.0,1030.0,0.0,0.0,711.0,2300.0,3.7,9.0,3.7,78.0,0.0,1233.85277777778,0.0,47.5,27.0,27.0,23.5,58.0,28.5,27.5,27.5,28.5,29.0,26.5,26.5,12.0,0.2400000000000091,90.0,24.5,13.809,715.8000000000001,24.81,13.945,29.0,-25.3,3.0,0.0,0.0,0.0,22.0,179.0,0.0,28.0,1.0,0.0,825.6,0.0,0.0,0.6000000000000001,9.0,0.0,30.0,0.0,28.0,27.0,350.0,825.6,-50.0,0.0,0.0,0.0,0.0,400.0,0.0,0.0,0.0,0.0,0.0,0.0,46.5,712.8000000000001,4.443,17.089625,13.740762,8.0,37.29380148270783,0.0,8.172775363472221,8.17278,412.594919,221.28488,1.3589061044420996,1.345451588556534,-3.77602761894487,-0.0020951061593222,-26.482857142857146,-3.7076,0.0,,24.56999999999999
792.0,13.3,-3.8,713.0,0.0,0.0,0.0,26.0,20.0,26.0,24.0,25.0,25.0,24.0,24.0,24.0,-2.7094,25.0,38.0,1233.8533333333332,4441872.0,0.0,0.0,4.95138888888889,3.96111111111111,3.71354166666667,25.0,1822.5,1795.2,1359.6,1297.8,0.0,656.0,0.0,0.0,711.0,2298.0,3.7,9.0,3.7,49.0,0.0,1233.85333333333,0.0,47.5,27.0,27.0,23.5,58.0,28.5,27.5,27.5,28.5,29.0,26.5,26.5,7.0,0.1800000000000068,90.0,24.5,13.776,715.2,36.24,13.945,29.0,-25.3,3.0,0.0,0.0,0.0,22.0,179.0,0.0,28.0,1.0,0.0,825.6,0.0,0.0,0.6000000000000001,9.0,0.0,30.0,0.0,28.0,27.0,350.0,825.6,-50.0,0.0,0.0,0.0,0.0,400.0,0.0,0.0,0.0,0.0,0.0,0.0,46.5,712.8000000000001,4.443,17.089625,13.740762,8.0,37.217041520712826,0.0,8.176672214083332,8.176677,412.598816,221.288777,1.3573784107543114,1.343939020548823,-4.429024876356388,-0.0015125680077111,-22.578333333333333,-2.7094,0.0,,36.059999999999995
793.0,13.3,-3.8,713.0,0.0,0.0,0.0,26.0,20.0,26.0,24.0,25.0,25.0,24.0,24.0,24.0,-2.7094,25.0,38.0,1233.8533333333332,4441872.0,0.0,0.0,4.95138888888889,3.96111111111111,3.71354166666667,25.0,1822.5,1795.2,1359.6,1297.8,0.0,656.0,0.0,0.0,711.0,2298.0,3.7,9.0,3.7,49.0,0.0,1233.85333333333,0.0,47.5,27.0,27.0,23.5,58.0,28.5,27.5,27.5,28.5,29.0,26.5,26.5,7.0,0.1800000000000068,90.0,24.5,13.776,715.2,36.24,13.945,29.0,-129.20000000000002,3.0,0.0,0.0,0.0,22.0,179.0,0.0,28.0,1.0,0.0,825.6,0.0,0.0,0.6000000000000001,9.0,0.0,30.0,0.0,28.0,27.0,350.0,825.6,-50.0,0.0,0.0,0.0,0.0,400.0,0.0,0.0,0.0,0.0,0.0,0.0,46.5,712.3000000000001,4.443,32.3726325,13.7295311,4.0,37.217041520712826,0.0,8.176672214083332,8.176677,412.598816,221.288777,1.3573784107543114,1.343939020548823,-4.429024876356388,-0.0015125680077111,-22.578333333333333,-2.7094,0.0,,36.059999999999995
794.0,13.3,3.9,712.3,0.0,0.0,0.0,26.0,20.0,26.0,24.0,25.0,25.0,24.0,24.0,24.0,2.77797,25.0,38.0,1233.8538888888888,4441874.0,0.0,0.0,4.94652777777778,3.95722222222222,3.70989583333333,25.0,1822.5,1795.2,1359.6,1297.8,0.0,585.0,0.0,0.0,710.0,2298.0,3.7,9.0,3.7,40.0,0.0,1233.85388888889,0.0,47.5,27.0,27.0,23.5,58.0,28.5,27.5,27.5,28.5,29.0,26.5,26.5,7.0,0.3199999999999932,90.0,24.5,13.787,715.1,24.17,13.943,29.0,-129.20000000000002,3.0,0.0,0.0,0.0,22.0,179.0,0.0,28.0,1.0,0.0,825.6,0.0,0.0,0.6000000000000001,9.0,0.0,30.0,0.0,28.0,27.0,350.0,825.6,-50.0,0.0,0.0,0.0,0.0,400.0,0.0,0.0,0.0,0.0,0.0,0.0,46.5,712.3000000000001,4.443,32.3726325,13.7295311,4.0,37.13942452562889,0.0,8.180632756333333,8.180638,412.602777,221.292738,1.3589734916949474,1.345518308608859,2.519825628066538,0.0015792880600358,39.68528571428571,2.77797,0.0,-0.0209707588317774,23.85000000000001
795.0,13.3,3.9,712.3,0.0,0.0,0.0,26.0,20.0,26.0,24.0,25.0,25.0,24.0,24.0,24.0,2.77797,25.0,38.0,1233.8538888888888,4441874.0,0.0,0.0,4.94652777777778,3.95722222222222,3.70989583333333,25.0,1822.5,1795.2,1359.6,1297.8,0.0,585.0,0.0,0.0,710.0,2298.0,3.7,9.0,3.7,40.0,0.0,1233.85388888889,0.0,47.5,27.0,27.0,23.5,58.0,28.5,27.5,27.5,28.5,29.0,26.5,26.5,7.0,0.3199999999999932,90.0,24.5,13.787,715.1,24.17,13.943,29.0,-5.0,3.0,0.0,0.0,0.0,22.0,179.0,0.0,28.0,1.0,0.0,825.6,0.0,0.0,0.6000000000000001,9.0,0.0,30.0,0.0,28.0,27.0,350.0,825.6,-50.0,0.0,0.0,0.0,0.0,400.0,0.0,0.0,0.0,0.0,0.0,0.0,46.5,712.3000000000001,4.443,31.8843575,13.750528,4.0,37.13942452562889,0.0,8.180632756333333,8.180638,412.602777,221.292738,1.3589734916949474,1.345518308608859,2.519825628066538,0.0015792880600358,39.68528571428571,2.77797,0.0,-0.0209707588317774,23.85000000000001
796.0,13.3,4.8,712.2,0.0,0.0,0.0,26.0,20.0,26.0,24.0,25.0,25.0,24.0,24.0,24.0,3.41856,25.0,38.0,1233.8544444444444,4441876.0,0.0,0.0,4.94583333333333,3.95666666666667,3.709375,25.0,1822.5,1795.2,1359.6,1297.9,0.0,558.0,0.0,0.0,710.0,2298.0,3.7,9.0,3.7,49.0,0.0,1233.85444444444,0.0,47.5,27.0,27.0,23.5,58.0,28.5,27.5,27.5,28.5,29.0,26.5,26.5,7.0,0.0699999999999931,90.0,24.5,13.797,715.1,29.79,13.938,29.0,-5.0,3.0,0.0,0.0,0.0,22.0,179.0,0.0,28.0,1.0,0.0,825.6,0.0,0.0,0.6000000000000001,9.0,0.0,30.0,0.0,28.0,27.0,350.0,825.6,-50.0,0.0,0.0,0.0,0.0,400.0,0.0,0.0,0.0,0.0,0.0,0.0,46.5,712.4000000000001,4.442,31.8843575,13.750528,4.0,37.063015251925485,0.0,8.184551648388888,8.184557,412.606696,221.296657,1.3608919950175091,1.347417816849019,2.0476457923804174,0.00189950824016,48.83657142857143,3.41856,0.0,-0.0244743960935851,29.720000000000006
797.0,13.3,4.8,712.2,0.0,0.0,0.0,26.0,20.0,26.0,24.0,25.0,25.0,24.0,24.0,24.0,3.41856,25.0,38.0,1233.8544444444444,4441876.0,0.0,0.0,4.94583333333333,3.95666666666667,3.709375,25.0,1822.5,1795.2,1359.6,1297.9,0.0,558.0,0.0,0.0,710.0,2298.0,3.7,9.0,3.7,49.0,0.0,1233.85444444444,0.0,47.5,27.0,27.0,23.5,58.0,28.5,27.5,27.5,28.5,29.0,26.5,26.5,7.0,0.0699999999999931,90.0,24.5,13.797,715.1,29.79,13.938,29.0,13.8,3.0,0.0,0.0,0.0,22.0,179.0,0.0,27.0,1.0,0.0,825.6,0.0,0.0,0.6000000000000001,9.0,0.0,30.0,0.0,27.0,27.0,350.0,825.6,-50.0,0.0,0.0,0.0,0.0,400.0,0.0,0.0,0.0,0.0,0.0,0.0,46.5,712.4000000000001,4.442,51.3177025,13.7612706,8.5,37.063015251925485,0.0,8.184551648388888,8.184557,412.606696,221.296657,1.3608919950175091,1.347417816849019,2.0476457923804174,0.00189950824016,48.83657142857143,3.41856,0.0,-0.0244743960935851,29.720000000000006
798.0,13.3,9.6,711.8,0.0,0.0,0.0,26.0,20.0,26.0,24.0,25.0,25.0,24.0,24.0,24.0,6.83328,25.0,38.0,1233.855,4441878.0,0.0,0.0,4.94305555555556,3.95444444444444,3.70729166666667,25.0,1822.5,1795.2,1359.6,1297.9,0.0,892.0,0.0,0.0,710.0,2298.0,3.7,9.0,3.7,40.0,0.0,1233.855,0.0,47.5,27.0,27.0,23.5,58.0,28.5,27.5,27.5,28.5,29.0,26.5,26.5,11.0,0.2400000000000091,90.0,24.5,13.81,715.1,24.78,13.952,29.0,13.8,3.0,0.0,0.0,0.0,22.0,179.0,0.0,27.0,1.0,0.0,825.6,0.0,0.0,0.6000000000000001,9.0,0.0,30.0,0.0,27.0,27.0,350.0,825.6,-50.0,0.0,0.0,0.0,0.0,400.0,0.0,0.0,0.0,0.0,0.0,0.0,46.5,711.7,4.445,51.3177025,13.7612706,8.5,36.99629473313319,0.0,8.190786050249999,8.190791,412.61293,221.302891,1.3648055396022547,1.351292613467579,1.0243982392057696,0.0038747966185599,97.6182857142857,6.833279999999999,0.0,-0.0244743960935851,24.539999999999992
799.0,13.3,9.6,711.8,0.0,0.0,0.0,26.0,20.0,26.0,24.0,25.0,25.0,24.0,24.0,24.0,6.83328,25.0,38.0,1233.855,4441878.0,0.0,0.0,4.94305555555556,3.95444444444444,3.70729166666667,25.0,1822.5,1795.2,1359.6,1297.9,0.0,892.0,0.0,0.0,710.0,2298.0,3.7,9.0,3.7,40.0,0.0,1233.855,0.0,47.5,27.0,27.0,23.5,58.0,28.5,27.5,27.5,28.5,29.0,26.5,26.5,11.0,0.2400000000000091,90.0,24.5,13.81,715.1,24.78,13.952,29.0,0.4,3.0,0.0,0.0,0.0,22.0,179.0,0.0,28.0,1.0,0.0,825.6,0.0,0.0,0.6000000000000001,9.0,0.0,30.0,0.0,28.0,27.0,350.0,825.6,-50.0,0.0,0.0,0.0,0.0,400.0,0.0,0.0,0.0,0.0,0.0,0.0,46.5,711.7,4.445,27.53871,13.770548300000002,8.0,36.99629473313319,0.0,8.190786050249999,8.190791,412.61293,221.302891,1.3648055396022547,1.351292613467579,1.0243982392057696,0.0038747966185599,97.6182857142857,6.833279999999999,0.0,-0.0244743960935851,24.539999999999992
800.0,13.3,-0.4,712.6,0.0,0.0,0.0,26.0,20.0,26.0,24.0,25.0,25.0,24.0,24.0,24.0,-0.28504,25.0,38.0,1233.8555555555556,4441880.0,0.0,0.0,4.94861111111111,3.95888888888889,3.71145833333333,25.0,1822.5,1795.2,1359.6,1297.9,0.0,852.0,0.0,0.0,711.0,2296.0,3.7,9.0,3.7,78.0,0.0,1233.85555555556,0.0,47.5,27.0,27.0,23.5,58.0,28.5,27.5,27.5,28.5,29.0,26.5,26.5,10.0,0.1899999999999977,90.0,24.5,13.805,715.8000000000001,25.32,13.951,29.0,0.4,3.0,0.0,0.0,0.0,22.0,179.0,0.0,28.0,1.0,0.0,825.6,0.0,0.0,0.6000000000000001,9.0,0.0,30.0,0.0,28.0,27.0,350.0,825.6,-50.0,0.0,0.0,0.0,0.0,400.0,0.0,0.0,0.0,0.0,0.0,0.0,46.5,712.5,4.443,27.53871,13.770548300000002,8.0,36.926430026039995,0.0,8.196530473305554,8.196535,412.618674,221.308635,1.3646395890117162,1.3511283059521944,-38.59107493685096,-0.0001643075153844,-2.591272727272728,-0.28504,0.0,,25.130000000000003
801.0,13.3,-0.4,712.6,0.0,0.0,0.0,26.0,20.0,26.0,24.0,25.0,25.0,24.0,24.0,24.0,-0.28504,25.0,38.0,1233.8555555555556,4441880.0,0.0,0.0,4.94861111111111,3.95888888888889,3.71145833333333,25.0,1822.5,1795.2,1359.6,1297.9,0.0,852.0,0.0,0.0,711.0,2296.0,3.7,9.0,3.7,78.0,0.0,1233.85555555556,0.0,47.5,27.0,27.0,23.5,58.0,28.5,27.5,27.5,28.5,29.0,26.5,26.5,10.0,0.1899999999999977,90.0,24.5,13.805,715.8000000000001,25.32,13.951,29.0,33.800000000000004,3.0,0.0,0.0,0.0,22.0,179.0,0.0,28.0,1.0,0.0,825.6,0.0,0.0,0.6000000000000001,9.0,0.0,30.0,0.0,28.0,28.0,350.0,825.6,-50.0,0.0,0.0,0.0,0.0,400.0,0.0,0.0,0.0,0.0,0.0,0.0,46.5,712.5,4.443,12.9392875,13.770548300000002,8.828125,36.926430026039995,0.0,8.196530473305554,8.196535,412.618674,221.308635,1.3646395890117162,1.3511283059521944,-38.59107493685096,-0.0001643075153844,-2.591272727272728,-0.28504,0.0,,25.130000000000003
802.0,13.4,0.0,712.6,0.0,0.0,0.0,26.0,20.0,26.0,24.0,25.0,25.0,24.0,24.0,24.0,0.0,25.0,38.0,1233.8561111111112,4441882.0,0.0,0.0,4.94861111111111,3.95888888888889,3.71145833333333,25.0,1822.5,1795.2,1359.6,1297.9,0.0,518.0,0.0,0.0,711.0,2296.0,3.7,9.0,3.7,49.0,0.0,1233.85611111111,0.0,47.5,27.0,27.0,23.5,58.0,28.5,27.5,27.5,28.5,29.0,26.5,26.5,6.0,0.1899999999999977,90.0,24.5,13.805,715.8000000000001,25.32,13.951,29.0,33.800000000000004,3.0,0.0,0.0,0.0,22.0,179.0,0.0,28.0,1.0,0.0,825.6,0.0,0.0,0.6000000000000001,9.0,0.0,30.0,0.0,28.0,28.0,350.0,825.6,-50.0,0.0,0.0,0.0,0.0,400.0,0.0,0.0,0.0,0.0,0.0,0.0,46.5,712.8000000000001,4.444,12.9392875,13.770548300000002,8.828125,36.84767714963455,0.0,8.19993054397222,8.199935,412.622074,221.312035,1.3646395890117162,1.3511283059521944,-38.59107493685096,0.0,0.0,0.0,0.0,,25.130000000000003
803.0,13.4,0.0,712.6,0.0,0.0,0.0,26.0,20.0,26.0,24.0,25.0,25.0,24.0,24.0,24.0,0.0,25.0,38.0,1233.8561111111112,4441882.0,0.0,0.0,4.94861111111111,3.95888888888889,3.71145833333333,25.0,1822.5,1795.2,1359.6,1297.9,0.0,518.0,0.0,0.0,711.0,2296.0,3.7,9.0,3.7,49.0,0.0,1233.85611111111,0.0,47.5,27.0,27.0,23.5,58.0,28.5,27.5,27.5,28.5,29.0,26.5,26.5,6.0,-0.0500000000000113,90.0,24.5,13.786,715.2,30.99,13.931,29.0,109.8,3.0,0.0,0.0,0.0,22.0,179.0,0.0,28.0,1.0,0.0,825.6,0.0,0.0,0.6000000000000001,9.0,0.0,30.0,0.0,28.0,27.0,350.0,825.6,-50.0,0.0,0.0,0.0,0.0,400.0,0.0,0.0,0.0,0.0,0.0,0.0,46.5,712.8000000000001,4.444,17.9196925,13.7305077,5.515625,36.84767714963455,0.0,8.19993054397222,8.199935,412.622074,221.312035,1.3646395890117162,1.3511283059521944,-38.59107493685096,0.0,0.0,0.0,0.0,,31.04000000000001
804.0,13.4,2.2,712.5,0.0,0.0,0.0,26.0,20.0,26.0,24.0,25.0,25.0,24.0,24.0,24.0,1.5675,25.0,38.0,1233.8566666666666,4441884.0,0.0,0.0,4.94791666666667,3.95833333333333,3.7109375,25.0,1822.5,1795.2,1359.6,1297.9,0.0,412.0,0.0,0.0,710.0,2296.0,3.7,9.0,3.7,77.0,0.0,1233.85666666667,0.0,47.5,27.0,27.0,23.5,58.0,28.5,27.5,27.5,28.5,29.0,26.5,26.5,5.0,-0.0500000000000113,90.0,24.5,13.786,715.2,30.99,13.931,29.0,109.8,3.0,0.0,0.0,0.0,22.0,179.0,0.0,28.0,1.0,0.0,825.6,0.0,0.0,0.6000000000000001,9.0,0.0,30.0,0.0,28.0,27.0,350.0,825.6,-50.0,0.0,0.0,0.0,0.0,400.0,0.0,0.0,0.0,0.0,0.0,0.0,46.5,712.6,4.443,17.9196925,13.7305077,5.515625,36.76672303259861,0.0,8.202766089249998,8.202771,412.62491,221.314871,1.3655495691527495,1.352029276388861,3.827751196172248,0.0009009704366666,26.125000000000004,1.5675000000000003,0.0,-0.0069170818106578,31.04000000000001
805.0,13.4,2.2,712.5,0.0,0.0,0.0,26.0,20.0,26.0,24.0,25.0,25.0,24.0,24.0,24.0,1.5675,25.0,38.0,1233.8566666666666,4441884.0,0.0,0.0,4.94791666666667,3.95833333333333,3.7109375,25.0,1822.5,1795.2,1359.6,1297.9,0.0,412.0,0.0,0.0,710.0,2296.0,3.7,9.0,3.7,77.0,0.0,1233.85666666667,0.0,47.5,27.0,27.0,23.5,58.0,28.5,27.5,27.5,28.5,29.0,26.5,26.5,5.0,0.2599999999999909,90.0,24.5,13.81,715.4000000000001,24.21,13.939,29.0,14.9,3.0,0.0,0.0,0.0,22.0,179.0,0.0,28.0,1.0,0.0,825.6,0.0,0.0,0.6000000000000001,9.0,0.0,30.0,0.0,28.0,27.0,350.0,825.6,-50.0,0.0,0.0,0.0,0.0,400.0,0.0,0.0,0.0,0.0,0.0,0.0,46.5,712.6,4.443,7.275297500000001,13.7612706,5.125,36.76672303259861,0.0,8.202766089249998,8.202771,412.62491,221.314871,1.3655495691527495,1.352029276388861,3.827751196172248,0.0009009704366666,26.125000000000004,1.5675000000000003,0.0,-0.0069170818106578,23.95000000000001
806.0,13.4,0.5,712.6,0.0,0.0,0.0,26.0,20.0,26.0,24.0,25.0,25.0,24.0,24.0,24.0,0.3563,25.0,38.0,1233.8575,4441887.0,0.0,0.0,4.94861111111111,3.95888888888889,3.71145833333333,25.0,1822.5,1795.2,1359.6,1297.9,0.0,241.0,0.0,0.0,710.0,2296.0,3.7,9.0,3.7,49.0,0.0,1233.8575,0.0,47.5,27.0,27.0,23.5,58.0,28.5,27.5,27.5,28.5,29.0,26.5,26.5,2.0,0.2599999999999909,90.0,24.5,13.81,715.4000000000001,24.21,13.939,29.0,14.9,3.0,0.0,0.0,0.0,22.0,179.0,0.0,28.0,1.0,0.0,825.6,0.0,0.0,0.6000000000000001,9.0,0.0,30.0,0.0,28.0,27.0,350.0,825.6,-50.0,0.0,0.0,0.0,0.0,400.0,0.0,0.0,0.0,0.0,0.0,0.0,46.5,712.7,4.442,7.275297500000001,13.7612706,5.125,36.676192815669346,0.0,8.203931013138886,8.203936,412.626075,221.316036,1.3657597528557228,1.352237379065072,14.0331181588549,0.0002081026762111,7.1259999999999994,0.3563,0.0,-0.0309197683724977,23.95000000000001
807.0,13.4,0.5,712.6,0.0,0.0,0.0,26.0,20.0,26.0,24.0,25.0,25.0,24.0,24.0,24.0,0.3563,25.0,38.0,1233.8575,4441887.0,0.0,0.0,4.94861111111111,3.95888888888889,3.71145833333333,25.0,1822.5,1795.2,1359.6,1297.9,0.0,241.0,0.0,0.0,710.0,2296.0,3.7,9.0,3.7,49.0,0.0,1233.8575,0.0,47.5,27.0,27.0,23.5,58.0,28.5,27.5,27.5,28.5,29.0,26.5,26.5,2.0,0.2300000000000182,90.0,24.5,13.81,715.3000000000001,24.18,13.942,29.0,-43.6,3.0,0.0,0.0,0.0,22.0,179.0,0.0,28.0,1.0,0.0,825.6,0.0,0.0,0.6000000000000001,9.0,0.0,30.0,0.0,28.0,27.0,350.0,825.6,-50.0,0.0,0.0,0.0,0.0,400.0,0.0,0.0,0.0,0.0,0.0,0.0,46.5,712.7,4.442,10.5955675,13.770548300000002,0.0,36.676192815669346,0.0,8.203931013138886,8.203936,412.626075,221.316036,1.3657597528557228,1.352237379065072,14.0331181588549,0.0002081026762111,7.1259999999999994,0.3563,0.0,-0.0309197683724977,23.94999999999998
808.0,13.4,0.4,712.7,0.0,0.0,0.0,26.0,20.0,26.0,24.0,25.0,25.0,24.0,24.0,24.0,0.28508,25.0,38.0,1233.8580555555557,4441889.0,0.0,0.0,4.94930555555556,3.95944444444444,3.71197916666667,25.0,1822.5,1795.2,1359.6,1297.9,0.0,88.0,0.0,0.0,711.0,2296.0,3.7,9.0,3.7,77.0,0.0,1233.85805555556,0.0,47.5,27.5,27.5,23.5,58.0,28.5,27.5,27.5,28.5,29.0,26.5,26.5,1.0,0.2300000000000182,90.0,24.5,13.81,715.3000000000001,24.18,13.942,29.0,-43.6,3.0,0.0,0.0,0.0,22.0,179.0,0.0,28.0,1.0,0.0,825.6,0.0,0.0,0.6000000000000001,9.0,0.0,30.0,0.0,28.0,27.0,350.0,825.6,-50.0,0.0,0.0,0.0,0.0,400.0,0.0,0.0,0.0,0.0,0.0,0.0,46.5,712.7,4.443,10.5955675,13.770548300000002,0.0,36.58705867373588,0.0,8.204491273305553,8.204496,412.626635,221.316596,1.3659203644390538,1.3523964004347069,7.0155745755577374,0.0001590213696344,14.254000000000003,0.28508,0.0,-0.0311158685555864,23.94999999999998
809.0,13.4,0.4,712.7,0.0,0.0,0.0,26.0,20.0,26.0,24.0,25.0,25.0,24.0,24.0,24.0,0.28508,25.0,38.0,1233.8580555555557,4441889.0,0.0,0.0,4.94930555555556,3.95944444444444,3.71197916666667,25.0,1822.5,1795.2,1359.6,1297.9,0.0,88.0,0.0,0.0,711.0,2296.0,3.7,9.0,3.7,77.0,0.0,1233.85805555556,0.0,47.5,27.5,27.5,23.5,58.0,28.5,27.5,27.5,28.5,29.0,26.5,26.5,1.0,0.25,90.0,24.5,13.808,715.3000000000001,24.88,13.948,30.0,-53.2,3.0,0.0,0.0,0.0,22.0,179.0,0.0,28.0,1.0,0.0,825.6,0.0,0.0,0.6000000000000001,9.0,0.0,30.0,0.0,28.0,27.0,350.0,825.6,-50.0,0.0,0.0,0.0,0.0,400.0,0.0,0.0,0.0,0.0,0.0,0.0,46.5,712.7,4.443,22.9000975,13.7612706,1.015625,36.58705867373588,0.0,8.204491273305553,8.204496,412.626635,221.316596,1.3659203644390538,1.3523964004347069,7.0155745755577374,0.0001590213696344,14.254000000000003,0.28508,0.0,-0.0311158685555864,24.63
810.0,13.4,0.7,712.6,0.0,0.0,0.0,26.0,20.0,26.0,24.0,25.0,25.0,24.0,24.0,24.0,0.49882,25.0,38.0,1233.858611111111,4441891.0,0.0,0.0,4.94861111111111,3.95888888888889,3.71145833333333,25.0,1822.5,1795.2,1359.6,1297.9,0.0,84.0,0.0,0.0,711.0,2298.0,3.7,9.0,3.7,77.0,0.0,1233.85861111111,0.0,47.5,27.0,27.0,23.5,58.0,28.5,27.5,27.5,28.5,29.0,26.5,26.5,1.0,0.25,90.0,24.5,13.808,715.3000000000001,24.88,13.948,30.0,-53.2,3.0,0.0,0.0,0.0,22.0,179.0,0.0,28.0,1.0,0.0,825.6,0.0,0.0,0.6000000000000001,9.0,0.0,30.0,0.0,28.0,27.0,350.0,825.6,-50.0,0.0,0.0,0.0,0.0,400.0,0.0,0.0,0.0,0.0,0.0,0.0,46.5,712.6,4.443,22.9000975,13.7612706,1.015625,36.49748303795396,0.0,8.205057143083332,8.205062,412.627201,221.317162,1.36620599737847,1.3526792053252177,2.0047311655507,0.0002828048905111,49.88199999999999,0.49882,0.0,-0.0172849919169144,24.63
811.0,13.4,0.7,712.6,0.0,0.0,0.0,26.0,20.0,26.0,24.0,25.0,25.0,24.0,24.0,24.0,0.49882,25.0,38.0,1233.858611111111,4441891.0,0.0,0.0,4.94861111111111,3.95888888888889,3.71145833333333,25.0,1822.5,1795.2,1359.6,1297.9,0.0,84.0,0.0,0.0,711.0,2298.0,3.7,9.0,3.7,77.0,0.0,1233.85861111111,0.0,47.5,27.0,27.0,23.5,58.0,28.5,27.5,27.5,28.5,29.0,26.5,26.5,1.0,0.2200000000000272,90.0,24.5,13.807,715.9000000000001,24.41,13.944,30.0,-84.5,3.0,0.0,0.0,0.0,22.0,179.0,0.0,28.0,1.0,0.0,825.6,0.0,0.0,0.6000000000000001,9.0,0.0,30.0,0.0,28.0,27.0,350.0,825.6,-50.0,0.0,0.0,0.0,0.0,400.0,0.0,0.0,0.0,0.0,0.0,0.0,46.5,712.6,4.443,19.92162,13.7612706,1.1875,36.49748303795396,0.0,8.205057143083332,8.205062,412.627201,221.317162,1.36620599737847,1.3526792053252177,2.0047311655507,0.0002828048905111,49.88199999999999,0.49882,0.0,-0.0172849919169144,24.189999999999973
812.0,13.3,0.6,712.6,0.0,0.0,0.0,26.0,20.0,26.0,24.0,25.0,25.0,24.0,24.0,24.0,0.42756,25.0,38.0,1233.8591666666666,4441893.0,0.0,0.0,4.94861111111111,3.95888888888889,3.71145833333333,25.0,1822.5,1795.2,1359.6,1297.9,0.0,67.0,0.0,0.0,711.0,2298.0,3.7,9.0,3.7,49.0,0.0,1233.85916666667,0.0,47.5,27.0,27.0,23.5,58.0,28.5,27.5,27.5,28.5,29.0,26.5,26.5,0.0,0.2200000000000272,90.0,24.5,13.807,715.9000000000001,24.41,13.944,30.0,-84.5,3.0,0.0,0.0,0.0,22.0,179.0,0.0,28.0,1.0,0.0,825.6,0.0,0.0,0.6000000000000001,9.0,0.0,30.0,0.0,28.0,27.0,350.0,825.6,-50.0,0.0,0.0,0.0,0.0,400.0,0.0,0.0,0.0,0.0,0.0,0.0,46.5,712.7,4.443,19.92162,13.7612706,1.1875,36.407138487445074,0.0,8.205057143083332,8.205062,412.627201,221.317162,1.366448086215145,1.3529188972427175,2.338853026475816,0.0002396919175,42.75600000000001,0.42756,0.0,-0.0173570463974863,24.189999999999973
813.0,13.3,0.6,712.6,0.0,0.0,0.0,26.0,20.0,26.0,24.0,25.0,25.0,24.0,24.0,24.0,0.42756,25.0,38.0,1233.8591666666666,4441893.0,0.0,0.0,4.94861111111111,3.95888888888889,3.71145833333333,25.0,1822.5,1795.2,1359.6,1297.9,0.0,67.0,0.0,0.0,711.0,2298.0,3.7,9.0,3.7,49.0,0.0,1233.85916666667,0.0,47.5,27.0,27.0,23.5,58.0,28.5,27.5,27.5,28.5,29.0,26.5,26.5,0.0,0.3100000000000023,90.0,24.5,13.808,715.5,24.77,13.941,29.0,-54.6,3.0,0.0,0.0,0.0,22.0,179.0,0.0,27.0,1.0,0.0,825.6,0.0,0.0,0.6000000000000001,9.0,0.0,30.0,0.0,27.0,27.0,350.0,825.6,-50.0,0.0,0.0,0.0,0.0,400.0,0.0,0.0,0.0,0.0,0.0,0.0,46.5,712.7,4.443,8.300675,13.770548300000002,0.734375,36.407138487445074,0.0,8.205057143083332,8.205062,412.627201,221.317162,1.366448086215145,1.3529188972427175,2.338853026475816,0.0002396919175,42.75600000000001,0.42756,0.0,-0.0173570463974863,24.459999999999997
814.0,13.3,0.7,712.7,0.0,0.0,0.0,26.0,20.0,26.0,24.0,25.0,25.0,24.0,24.0,24.0,0.49889,25.0,38.0,1233.8597222222222,4441895.0,0.0,0.0,4.94930555555556,3.95944444444444,3.71197916666667,25.0,1822.5,1795.2,1359.6,1297.9,0.0,38.0,0.0,0.0,711.0,2298.0,3.7,9.0,3.7,77.0,0.0,1233.85972222222,0.0,47.5,27.5,27.5,23.5,58.0,28.5,27.5,27.5,28.5,29.0,26.5,26.5,0.0,0.3100000000000023,90.0,24.5,13.808,715.5,24.77,13.941,29.0,-54.6,3.0,0.0,0.0,0.0,22.0,179.0,0.0,27.0,1.0,0.0,825.6,0.0,0.0,0.6000000000000001,9.0,0.0,30.0,0.0,27.0,27.0,350.0,825.6,-50.0,0.0,0.0,0.0,0.0,400.0,0.0,0.0,0.0,0.0,0.0,0.0,46.5,712.7,4.443,8.300675,13.770548300000002,0.734375,36.31770461624116,0.0,8.205057143083332,8.205062,412.627201,221.317162,1.3667283155960694,1.3531963520753163,0.0,0.0002774548325986,42.75600000000001,0.49889,0.0,-0.0070192583854483,24.459999999999997
815.0,13.3,0.7,712.7,0.0,0.0,0.0,26.0,20.0,26.0,24.0,25.0,25.0,24.0,24.0,24.0,0.49889,25.0,38.0,1233.8597222222222,4441895.0,0.0,0.0,4.94930555555556,3.95944444444444,3.71197916666667,25.0,1822.5,1795.2,1359.6,1297.9,0.0,38.0,0.0,0.0,711.0,2298.0,3.7,9.0,3.7,77.0,0.0,1233.85972222222,0.0,47.5,27.5,27.5,23.5,58.0,28.5,27.5,27.5,28.5,29.0,26.5,26.5,0.0,0.5300000000000296,90.0,24.5,13.812,715.4000000000001,27.65,13.933,30.0,-137.4,3.0,0.0,0.0,0.0,22.0,179.0,0.0,28.0,1.0,0.0,825.6,0.0,0.0,0.6000000000000001,9.0,0.0,30.0,0.0,28.0,27.0,350.0,825.6,-50.0,0.0,0.0,0.0,0.0,400.0,0.0,0.0,0.0,0.0,0.0,0.0,46.5,712.7,4.443,19.72631,13.760294,0.390625,36.31770461624116,0.0,8.205057143083332,8.205062,412.627201,221.317162,1.3667283155960694,1.3531963520753163,0.0,0.0002774548325986,42.75600000000001,0.49889,0.0,-0.0070192583854483,27.11999999999997
816.0,13.3,0.9,712.6,0.0,0.0,0.0,26.0,20.0,26.0,24.0,25.0,25.0,24.0,24.0,24.0,0.64134,25.0,38.0,1233.8602777777778,4441897.0,0.0,0.0,4.94861111111111,3.95888888888889,3.71145833333333,25.0,1822.5,1795.2,1359.6,1297.9,0.0,57.0,0.0,0.0,711.0,2298.0,3.7,9.0,3.7,49.0,0.0,1233.86027777778,0.0,47.5,27.5,27.5,23.5,58.0,28.5,27.5,27.5,28.5,29.0,26.5,26.5,0.0,0.5300000000000296,90.0,24.5,13.812,715.4000000000001,27.65,13.933,30.0,-137.4,3.0,0.0,0.0,0.0,22.0,179.0,0.0,28.0,1.0,0.0,825.6,0.0,0.0,0.6000000000000001,9.0,0.0,30.0,0.0,28.0,27.0,350.0,825.6,-50.0,0.0,0.0,0.0,0.0,400.0,0.0,0.0,0.0,0.0,0.0,0.0,46.5,712.6,4.443,19.72631,13.760294,0.390625,36.31770461624116,0.0,8.205057143083332,8.205062,412.627201,221.317162,1.367090395568067,1.3535548470970964,0.0,0.00035849502178,,0.64134,0.0,-0.0070192583854483,27.11999999999997
817.0,13.3,0.9,712.6,0.0,0.0,0.0,26.0,20.0,26.0,24.0,25.0,25.0,24.0,24.0,24.0,0.64134,25.0,38.0,1233.8602777777778,4441897.0,0.0,0.0,4.94861111111111,3.95888888888889,3.71145833333333,25.0,1822.5,1795.2,1359.6,1297.9,0.0,57.0,0.0,0.0,711.0,2298.0,3.7,9.0,3.7,49.0,0.0,1233.86027777778,0.0,47.5,27.5,27.5,23.5,58.0,28.5,27.5,27.5,28.5,29.0,26.5,26.5,0.0,0.8799999999999955,90.0,24.5,13.809,715.3000000000001,25.32,13.951,30.0,68.9,3.0,0.0,0.0,0.0,22.0,179.0,0.0,28.0,1.0,0.0,825.6,0.0,0.0,0.6000000000000001,9.0,0.0,30.0,0.0,28.0,27.0,350.0,825.6,-50.0,0.0,0.0,0.0,0.0,400.0,0.0,0.0,0.0,0.0,0.0,0.0,46.5,712.6,4.443,0.0,13.7305077,0.90625,36.22772303351412,0.0,8.205057143083332,8.205062,412.627201,221.317162,1.367090395568067,1.3535548470970964,0.0,0.00035849502178,,0.64134,0.0,-0.0035116109505497,24.440000000000005
818.0,13.3,0.6,712.6,0.0,0.0,0.0,26.0,20.0,26.0,24.0,25.0,25.0,24.0,24.0,24.0,0.42756,25.0,38.0,1233.8608333333334,4441899.0,0.0,0.0,4.94861111111111,3.95888888888889,3.71145833333333,25.0,1822.5,1795.2,1359.6,1297.9,0.0,11.0,0.0,0.0,711.0,2305.0,3.7,34.0,3.7,49.0,0.0,1233.86083333333,0.0,47.5,27.5,27.5,23.5,58.0,28.5,27.5,27.5,28.5,29.0,26.5,26.5,0.0,0.8799999999999955,90.0,24.5,13.809,715.3000000000001,25.32,13.951,30.0,68.9,3.0,0.0,0.0,0.0,22.0,179.0,0.0,28.0,1.0,0.0,825.6,0.0,0.0,0.6000000000000001,9.0,0.0,30.0,0.0,28.0,27.0,350.0,825.6,-50.0,0.0,0.0,0.0,0.0,400.0,0.0,0.0,0.0,0.0,0.0,0.0,46.5,712.7,4.442,0.0,13.7305077,0.90625,36.13985876456318,0.0,8.205057143083332,8.205062,412.627201,221.317162,1.3673278325996867,1.3537899332670165,0.0,0.00023508616992,,0.42756,0.0,-0.0035365516195292,24.440000000000005
819.0,13.3,0.6,712.6,0.0,0.0,0.0,26.0,20.0,26.0,24.0,25.0,25.0,24.0,24.0,24.0,0.42756,25.0,38.0,1233.8608333333334,4441899.0,0.0,0.0,4.94861111111111,3.95888888888889,3.71145833333333,25.0,1822.5,1795.2,1359.6,1297.9,0.0,11.0,0.0,0.0,711.0,2305.0,3.7,34.0,3.7,49.0,0.0,1233.86083333333,0.0,47.5,27.5,27.5,23.5,58.0,28.5,27.5,27.5,28.5,29.0,26.5,26.5,0.0,0.2400000000000091,90.0,24.5,13.784,715.4000000000001,50.42,13.94,30.0,-1.1,3.0,0.0,0.0,0.0,22.0,179.0,0.0,28.0,1.0,0.0,825.6,0.0,0.0,0.6000000000000001,9.0,0.0,30.0,0.0,28.0,27.0,350.0,825.6,-50.0,0.0,0.0,0.0,0.0,400.0,0.0,0.0,0.0,0.0,0.0,0.0,46.5,712.7,4.442,0.0,13.7305077,0.109375,36.13985876456318,0.0,8.205057143083332,8.205062,412.627201,221.317162,1.3673278325996867,1.3537899332670165,0.0,0.00023508616992,,0.42756,0.0,-0.0035365516195292,50.17999999999999
820.0,13.4,0.5,712.7,0.0,0.0,0.0,26.0,20.0,26.0,24.0,25.0,25.0,24.0,24.0,24.0,0.35635,25.0,38.0,1233.861388888889,4441901.0,0.0,0.0,4.94930555555556,3.95944444444444,3.71197916666667,25.0,1822.5,1795.2,1359.6,1297.9,0.0,0.0,0.0,0.0,711.0,2305.0,3.7,9.0,3.7,77.0,0.0,1233.86138888889,0.0,47.5,27.5,27.5,23.5,58.0,28.5,27.5,27.5,28.5,29.0,26.5,26.5,0.0,0.2400000000000091,90.0,24.5,13.784,715.4000000000001,50.42,13.94,30.0,-1.1,3.0,0.0,0.0,0.0,22.0,179.0,0.0,28.0,1.0,0.0,825.6,0.0,0.0,0.6000000000000001,9.0,0.0,30.0,0.0,28.0,27.0,350.0,825.6,-50.0,0.0,0.0,0.0,0.0,400.0,0.0,0.0,0.0,0.0,0.0,0.0,46.5,712.7,4.443,0.0,13.7305077,0.109375,36.05288960774846,0.0,8.205057143083332,8.205062,412.627201,221.317162,1.3675255496712504,1.3539856927438123,0.0,0.0001957594767958,,0.35635,0.0,0.0,50.17999999999999
821.0,13.4,0.5,712.7,0.0,0.0,0.0,26.0,20.0,26.0,24.0,25.0,25.0,24.0,24.0,24.0,0.35635,25.0,38.0,1233.861388888889,4441901.0,0.0,0.0,4.94930555555556,3.95944444444444,3.71197916666667,25.0,1822.5,1795.2,1359.6,1297.9,0.0,0.0,0.0,0.0,711.0,2305.0,3.7,9.0,3.7,77.0,0.0,1233.86138888889,0.0,47.5,27.5,27.5,23.5,58.0,28.5,27.5,27.5,28.5,29.0,26.5,26.5,0.0,0.0600000000000022,90.0,24.5,13.818,715.1,25.84,13.943,30.0,-1.2000000000000002,3.0,0.0,0.0,0.0,22.0,179.0,0.0,28.0,1.0,0.0,825.6,0.0,0.0,0.6000000000000001,9.0,0.0,30.0,0.0,28.0,27.0,350.0,825.6,-50.0,0.0,0.0,0.0,0.0,400.0,0.0,0.0,0.0,0.0,0.0,0.0,46.5,712.7,4.443,0.0,13.770548300000002,0.0625,36.05288960774846,0.0,8.205057143083332,8.205062,412.627201,221.317162,1.3675255496712504,1.3539856927438123,0.0,0.0001957594767958,,0.35635,0.0,0.0,25.779999999999998
822.0,13.3,0.7,712.7,0.0,0.0,0.0,26.0,20.0,26.0,24.0,25.0,25.0,24.0,24.0,24.0,0.49889,25.0,38.0,1233.8619444444444,4441903.0,0.0,0.0,4.94930555555556,3.95944444444444,3.71197916666667,25.0,1822.5,1795.2,1359.6,1297.9,0.0,0.0,0.0,0.0,711.0,2305.0,3.7,9.0,3.7,78.0,0.0,1233.86194444444,0.0,47.5,27.0,27.0,23.5,58.0,28.5,27.5,27.5,28.5,29.0,26.5,26.5,0.0,0.0600000000000022,90.0,24.5,13.818,715.1,25.84,13.943,30.0,-1.2000000000000002,3.0,0.0,0.0,0.0,22.0,179.0,0.0,28.0,1.0,0.0,825.6,0.0,0.0,0.6000000000000001,9.0,0.0,30.0,0.0,28.0,27.0,350.0,825.6,-50.0,0.0,0.0,0.0,0.0,400.0,0.0,0.0,0.0,0.0,0.0,0.0,46.5,712.7,4.443,0.0,13.770548300000002,0.0625,35.96450152252558,0.0,8.205057143083332,8.205062,412.627201,221.317162,1.3678028291071516,1.354260226838764,0.0,0.0002745340949516,,0.49889,0.0,0.0,25.779999999999998
823.0,13.3,0.7,712.7,0.0,0.0,0.0,26.0,20.0,26.0,24.0,25.0,25.0,24.0,24.0,24.0,0.49889,25.0,38.0,1233.8619444444444,4441903.0,0.0,0.0,4.94930555555556,3.95944444444444,3.71197916666667,25.0,1822.5,1795.2,1359.6,1297.9,0.0,0.0,0.0,0.0,711.0,2305.0,3.7,9.0,3.7,78.0,0.0,1233.86194444444,0.0,47.5,27.0,27.0,23.5,58.0,28.5,27.5,27.5,28.5,29.0,26.5,26.5,0.0,0.6399999999999864,90.0,24.5,13.744,715.2,24.02,13.959,30.0,-10.3,3.0,0.0,0.0,0.0,22.0,179.0,0.0,28.0,1.0,0.0,825.6,0.0,0.0,0.6000000000000001,9.0,0.0,30.0,0.0,28.0,27.0,350.0,825.6,-50.0,0.0,0.0,0.0,0.0,400.0,0.0,0.0,0.0,0.0,0.0,0.0,46.5,712.7,4.443,0.0,13.7803143,0.0,35.96450152252558,0.0,8.205057143083332,8.205062,412.627201,221.317162,1.3678028291071516,1.354260226838764,0.0,0.0002745340949516,,0.49889,0.0,0.0,23.380000000000013
824.0,13.4,0.5,712.7,0.0,0.0,0.0,26.0,20.0,26.0,24.0,25.0,25.0,24.0,24.0,24.0,0.35635,25.0,38.0,1233.8625,4441905.0,0.0,0.0,4.94930555555556,3.95944444444444,3.71197916666667,25.0,1822.5,1795.2,1359.6,1297.9,0.0,0.0,0.0,0.0,711.0,2305.0,3.7,9.0,3.7,49.0,0.0,1233.8625,0.0,47.5,27.5,27.5,23.5,58.0,28.5,27.5,27.5,28.5,29.0,26.5,26.5,0.0,0.6399999999999864,90.0,24.5,13.744,715.2,24.02,13.959,30.0,-10.3,3.0,0.0,0.0,0.0,22.0,179.0,0.0,28.0,1.0,0.0,825.6,0.0,0.0,0.6000000000000001,9.0,0.0,30.0,0.0,28.0,27.0,350.0,825.6,-50.0,0.0,0.0,0.0,0.0,400.0,0.0,0.0,0.0,0.0,0.0,0.0,46.5,712.7,4.442,0.0,13.7803143,0.0,35.877839836762426,0.0,8.205057143083332,8.205062,412.627201,221.317162,1.3680036682083807,1.3544590774340404,0.0,0.0001988505952763,,0.35635,0.0,0.0,23.380000000000013
825.0,13.4,0.5,712.7,0.0,0.0,0.0,26.0,20.0,26.0,24.0,25.0,25.0,24.0,24.0,24.0,0.35635,25.0,38.0,1233.8625,4441905.0,0.0,0.0,4.94930555555556,3.95944444444444,3.71197916666667,25.0,1822.5,1795.2,1359.6,1297.9,0.0,0.0,0.0,0.0,711.0,2305.0,3.7,9.0,3.7,49.0,0.0,1233.8625,0.0,47.5,27.5,27.5,23.5,58.0,28.5,27.5,27.5,28.5,29.0,26.5,26.5,0.0,0.3199999999999932,90.0,24.5,13.812,715.1,0.19,12.933,30.0,-1.1,0.0,0.0,0.0,0.0,22.0,179.0,0.0,28.0,0.0,0.0,825.6,0.0,0.0,0.6000000000000001,9.0,0.0,30.0,0.0,28.0,27.0,350.0,825.6,-50.0,0.0,0.0,0.0,0.0,400.0,0.0,0.0,0.0,0.0,0.0,0.0,46.5,712.7,4.442,0.0,12.8002962,0.0,35.877839836762426,0.0,8.205057143083332,8.205062,412.627201,221.317162,1.3680036682083807,1.3544590774340404,0.0,0.0001988505952763,,0.35635,0.0,0.0,-0.12999999999999318
826.0,12.6,0.0,712.8,0.0,0.0,0.0,26.0,20.0,26.0,24.0,25.0,25.0,24.0,24.0,24.0,0.0,25.0,38.0,1233.862777777778,4441906.0,0.0,0.0,4.95,3.96,3.7125,25.0,1822.5,1795.2,1359.6,1297.9,0.0,0.0,0.0,0.0,2.0,2305.0,3.7,34.0,3.7,77.0,0.0,1233.86277777778,0.0,47.5,27.5,27.5,23.5,58.0,28.5,27.5,27.5,28.5,29.0,26.5,26.5,0.0,0.3199999999999932,90.0,24.5,13.812,715.1,0.19,12.933,30.0,-1.1,0.0,0.0,0.0,0.0,22.0,179.0,0.0,28.0,0.0,0.0,825.6,0.0,0.0,0.6000000000000001,9.0,0.0,30.0,0.0,28.0,27.0,350.0,825.6,-50.0,0.0,0.0,0.0,0.0,400.0,0.0,0.0,0.0,0.0,0.0,0.0,46.5,712.7,4.442,0.0,12.8002962,0.0,35.79770559937804,0.0,8.205057143083332,8.205062,412.627201,221.317162,1.3680036682083807,1.3544590774340404,0.0,0.0,,0.0,0.0,0.0,-0.12999999999999318
827.0,12.6,0.0,712.8,0.0,0.0,0.0,26.0,20.0,26.0,24.0,25.0,25.0,24.0,24.0,24.0,0.0,25.0,38.0,1233.862777777778,4441906.0,0.0,0.0,4.95,3.96,3.7125,25.0,1822.5,1795.2,1359.6,1297.9,0.0,0.0,0.0,0.0,2.0,2305.0,3.7,34.0,3.7,77.0,0.0,1233.86277777778,0.0,47.5,27.5,27.5,23.5,58.0,28.5,27.5,27.5,28.5,29.0,26.5,26.5,0.0,0.3199999999999932,90.0,24.5,13.812,3.7,0.41,12.768,29.0,0.0,0.0,0.0,0.0,0.0,22.0,179.0,0.0,28.0,0.0,0.0,825.6,0.0,0.0,0.6000000000000001,9.0,0.0,30.0,0.0,28.0,27.0,350.0,825.6,-50.0,0.0,0.0,0.0,0.0,400.0,0.0,0.0,0.0,0.0,0.0,0.0,46.5,712.7,4.442,0.0,12.7304693,0.0,35.79770559937804,0.0,8.205057143083332,8.205062,412.627201,221.317162,1.3680036682083807,1.3544590774340404,0.0,0.0,,0.0,0.0,0.0,0.0900000000000068
